id,user_id,account_number,account_type,account_type_label,currency,balance,available_balance,daily_limit,monthly_limit,status,is_primary,opened_date,last_activity,created_at,updated_at
1576,1430,NW987515062,WALLET,,MRU,0,13000,500000,15000000,ACTIVE,true,2022-11-08,2024-10-23T11:01:11.768Z,2022-11-08T23:46:31.168Z,2024-10-23T11:01:11.768Z
1577,1431,NW281973600,WALLET,,MRU,4250,42000,500000,15000000,ACTIVE,true,2024-06-19,2024-12-18T22:37:06.176Z,2024-06-19T04:15:01.090Z,2024-12-18T22:37:06.176Z
1578,1432,NW388299703,WALLET,,MRU,9500,9500,500000,15000000,ACTIVE,true,2023-08-18,2024-11-02T15:26:21.100Z,2023-08-18T19:31:19.166Z,2024-11-02T15:26:21.100Z
1579,1433,NW294693619,WALLET,,MRU,3800,3800,500000,15000000,ACTIVE,true,2023-11-21,2024-04-28T14:16:03.774Z,2023-11-21T20:39:07.115Z,2024-04-28T14:16:03.774Z
1580,1434,NM351721286,MERCHANT,,MRU,19000,19000,500000,15000000,DORMANT,true,2024-03-13,2024-07-16T03:47:53.204Z,2024-03-13T14:37:59.860Z,2024-07-16T03:47:53.204Z
1581,1435,NW716639072,WALLET,,MRU,30300,7100,500000,15000000,ACTIVE,true,2022-09-12,2023-08-27T20:49:55.800Z,2022-09-12T07:34:03.821Z,2023-08-27T20:49:55.800Z
1582,1436,NS623267889,SAVINGS,,MRU,20000,20000,500000,15000000,ACTIVE,true,2024-09-15,2024-10-21T01:18:53.335Z,2024-09-15T02:10:12.719Z,2024-10-21T01:18:53.335Z
1583,1437,NS006079435,SAVINGS,,MRU,40000,40000,500000,15000000,ACTIVE,true,2024-12-06,2024-12-18T03:54:36.306Z,2024-12-06T13:53:13.054Z,2024-12-18T03:54:36.306Z
1584,1438,NM567095518,MERCHANT,,MRU,23750,46000,500000,15000000,ACTIVE,true,2023-01-07,2024-04-16T17:02:26.758Z,2023-01-07T20:03:52.160Z,2024-04-16T17:02:26.758Z
1585,1439,NW897924185,WALLET,,MRU,29674,32000,500000,15000000,ACTIVE,true,2022-03-10,2022-06-03T10:06:11.090Z,2022-03-10T21:01:34.595Z,2022-06-03T10:06:11.090Z
1586,1440,NC827417850,CORPORATE,,MRU,216100,345000,500000,15000000,ACTIVE,true,2022-06-19,2024-09-08T18:54:50.051Z,2022-06-19T13:36:30.735Z,2024-09-08T18:54:50.051Z
1587,1440,NW061564952,WALLET,,MRU,311000,311000,500000,15000000,ACTIVE,false,2022-06-19,2024-06-05T21:44:35.897Z,2022-06-19T13:36:30.735Z,2024-06-05T21:44:35.897Z
1588,1441,NA558348536,AGENT,,MRU,47000,47000,500000,15000000,ACTIVE,true,2024-02-25,2024-09-28T15:17:23.747Z,2024-02-25T01:16:08.352Z,2024-09-28T15:17:23.747Z
1589,1442,NW075801637,WALLET,,MRU,25700,17000,500000,15000000,ACTIVE,true,2022-08-23,2024-02-09T22:47:34.196Z,2022-08-23T01:02:46.479Z,2024-02-09T22:47:34.196Z
1590,1443,NW208805829,WALLET,,MRU,101000,11000,500000,15000000,ACTIVE,true,2023-07-03,2024-12-24T05:27:02.415Z,2023-07-03T03:11:27.783Z,2024-12-24T05:27:02.415Z
1591,1444,NW490010738,WALLET,,MRU,14000,14000,500000,15000000,ACTIVE,true,2023-12-26,2024-01-01T09:26:31.971Z,2023-12-26T20:18:23.795Z,2024-01-01T09:26:31.971Z
1592,1445,NM855742931,MERCHANT,,MRU,5370,48000,500000,15000000,ACTIVE,true,2023-09-28,2024-05-24T16:16:09.313Z,2023-09-28T21:42:20.061Z,2024-05-24T16:16:09.313Z
1593,1446,NW721007854,WALLET,,MRU,200825,236000,500000,15000000,ACTIVE,true,2024-08-12,2024-10-26T03:02:18.159Z,2024-08-12T21:46:33.580Z,2024-10-26T03:02:18.159Z
1594,1446,NS297387004,SAVINGS,,MRU,257650,325000,500000,15000000,ACTIVE,false,2024-08-12,2024-09-02T07:55:49.870Z,2024-08-12T21:46:33.580Z,2024-09-02T07:55:49.870Z
1595,1446,NS698500395,SAVINGS,,MRU,389000,371000,500000,15000000,ACTIVE,false,2024-08-12,2024-10-12T06:58:11.547Z,2024-08-12T21:46:33.580Z,2024-10-12T06:58:11.547Z
1596,1447,NW718309164,WALLET,,MRU,6800,6800,500000,15000000,ACTIVE,true,2022-05-10,2024-03-14T02:38:53.341Z,2022-05-10T12:37:53.855Z,2024-03-14T02:38:53.341Z
1597,1448,NW567177325,WALLET,,MRU,41000,41000,500000,15000000,ACTIVE,true,2024-10-17,2024-11-19T13:42:24.862Z,2024-10-17T13:57:37.651Z,2024-11-19T13:42:24.862Z
1598,1449,NW071927934,WALLET,,MRU,225,5900,500000,15000000,ACTIVE,true,2023-05-29,2023-11-16T06:25:55.604Z,2023-05-29T21:04:23.733Z,2023-11-16T06:25:55.604Z
1599,1450,NW045100718,WALLET,,MRU,785675,40000,500000,15000000,ACTIVE,true,2023-09-11,2024-01-28T10:45:15.177Z,2023-09-11T08:43:13.210Z,2024-01-28T10:45:15.177Z
1600,1451,NM013276338,MERCHANT,,MRU,1650,30000,500000,15000000,ACTIVE,true,2024-11-10,2024-11-30T21:32:31.352Z,2024-11-10T14:36:22.064Z,2024-11-30T21:32:31.352Z
1601,1452,NM365260243,MERCHANT,,MRU,205925,19000,500000,15000000,ACTIVE,true,2022-04-23,2024-09-26T04:49:39.318Z,2022-04-23T10:08:42.913Z,2024-09-26T04:49:39.318Z
1602,1453,NW339628964,WALLET,,MRU,410,17000,500000,15000000,ACTIVE,true,2024-08-12,2024-10-25T11:31:17.492Z,2024-08-12T23:09:38.523Z,2024-10-25T11:31:17.492Z
1603,1454,NW838712241,WALLET,,MRU,1992,11000,500000,15000000,ACTIVE,true,2023-05-22,2023-09-14T22:50:44.661Z,2023-05-22T04:24:21.758Z,2023-09-14T22:50:44.661Z
1604,1455,NW753342837,WALLET,,MRU,5800,24000,500000,15000000,ACTIVE,true,2024-04-05,2024-07-27T07:46:10.359Z,2024-04-05T05:06:22.185Z,2024-07-27T07:46:10.359Z
1605,1456,NS274079203,SAVINGS,,MRU,6100,6100,500000,15000000,ACTIVE,true,2022-02-23,2024-01-21T12:33:19.764Z,2022-02-23T11:18:23.431Z,2024-01-21T12:33:19.764Z
1606,1457,NW280032515,WALLET,,MRU,19000,19000,500000,15000000,DORMANT,true,2024-08-05,2024-09-25T14:46:47.779Z,2024-08-05T02:21:40.664Z,2024-09-25T14:46:47.779Z
1607,1458,NW513201266,WALLET,,MRU,22000,22000,500000,15000000,ACTIVE,true,2023-10-13,2023-10-30T18:09:31.014Z,2023-10-13T11:31:43.678Z,2023-10-30T18:09:31.014Z
1608,1459,NW404986679,WALLET,,MRU,31000,31000,500000,15000000,FROZEN,true,2024-12-16,2024-12-30T05:46:54.261Z,2024-12-16T17:14:17.382Z,2024-12-30T05:46:54.261Z
1609,1460,NA188168287,AGENT,,MRU,2000,23000,500000,15000000,ACTIVE,true,2022-09-03,2024-01-28T11:43:26.619Z,2022-09-03T21:37:31.293Z,2024-01-28T11:43:26.619Z
1610,1461,NW788752228,WALLET,,MRU,48000,48000,500000,15000000,ACTIVE,true,2022-06-05,2024-12-25T11:55:41.214Z,2022-06-05T09:10:39.019Z,2024-12-25T11:55:41.214Z
1611,1462,NC516677379,CORPORATE,,MRU,2600,2600,500000,15000000,ACTIVE,true,2024-12-21,2024-12-26T05:29:24.493Z,2024-12-21T15:36:53.651Z,2024-12-26T05:29:24.493Z
1612,1463,NW149962663,WALLET,,MRU,27000,27000,500000,15000000,ACTIVE,true,2023-06-19,2024-03-02T06:06:37.307Z,2023-06-19T06:57:19.713Z,2024-03-02T06:06:37.307Z
1613,1464,NW408404469,WALLET,,MRU,41000,41000,500000,15000000,ACTIVE,true,2024-01-17,2024-04-14T20:14:01.162Z,2024-01-17T06:40:29.815Z,2024-04-14T20:14:01.162Z
1614,1465,NW925795585,WALLET,,MRU,450,22000,500000,15000000,ACTIVE,true,2024-05-07,2024-10-24T03:08:26.670Z,2024-05-07T15:51:00.214Z,2024-10-24T03:08:26.670Z
1615,1466,NW405649572,WALLET,,MRU,1160,38000,500000,15000000,ACTIVE,true,2023-05-03,2024-09-29T09:13:53.576Z,2023-05-03T14:27:19.310Z,2024-09-29T09:13:53.576Z
1616,1467,NW806381464,WALLET,,MRU,82700,7000,500000,15000000,ACTIVE,true,2023-10-19,2024-09-23T21:48:54.647Z,2023-10-19T10:06:03.939Z,2024-09-23T21:48:54.647Z
1617,1468,NW856671572,WALLET,,MRU,45000,45000,500000,15000000,ACTIVE,true,2022-05-15,2024-06-25T10:23:01.030Z,2022-05-15T14:22:00.304Z,2024-06-25T10:23:01.030Z
1618,1469,NS584734559,SAVINGS,,MRU,10260,459000,500000,15000000,ACTIVE,true,2023-06-14,2024-07-02T01:18:09.577Z,2023-06-14T22:06:22.506Z,2024-07-02T01:18:09.577Z
1619,1469,NS766891956,SAVINGS,,MRU,1163340,452000,500000,15000000,ACTIVE,false,2023-06-14,2024-11-14T18:05:09.666Z,2023-06-14T22:06:22.506Z,2024-11-14T18:05:09.666Z
1620,1470,NW020827174,WALLET,,MRU,1542050,1900,500000,15000000,ACTIVE,true,2024-03-12,2024-07-07T17:54:15.186Z,2024-03-12T12:32:46.684Z,2024-07-07T17:54:15.186Z
1621,1471,NW762301802,WALLET,,MRU,28000,28000,500000,15000000,ACTIVE,true,2023-08-04,2024-08-22T07:33:42.567Z,2023-08-04T09:37:49.630Z,2024-08-22T07:33:42.567Z
1622,1472,NS136806368,SAVINGS,,MRU,50,6200,500000,15000000,ACTIVE,true,2022-01-17,2023-08-05T11:33:01.531Z,2022-01-17T23:18:03.880Z,2023-08-05T11:33:01.531Z
1623,1473,NW148106843,WALLET,,MRU,250,4900,500000,15000000,ACTIVE,true,2023-03-30,2024-09-01T06:54:16.429Z,2023-03-30T04:59:18.915Z,2024-09-01T06:54:16.429Z
1624,1474,NW728652358,WALLET,,MRU,47000,47000,500000,15000000,ACTIVE,true,2023-11-01,2024-11-29T03:06:33.328Z,2023-11-01T21:48:52.614Z,2024-11-29T03:06:33.328Z
1625,1475,NW607627749,WALLET,,MRU,250,1300,500000,15000000,ACTIVE,true,2024-05-25,2024-11-06T20:41:39.304Z,2024-05-25T09:51:05.854Z,2024-11-06T20:41:39.304Z
1626,1476,NS738250136,SAVINGS,,MRU,1250,17000,500000,15000000,ACTIVE,true,2022-05-17,2023-08-12T02:19:35.569Z,2022-05-17T00:22:38.747Z,2023-08-12T02:19:35.569Z
1627,1477,NW027338296,WALLET,,MRU,161600,18000,500000,15000000,ACTIVE,true,2022-08-25,2023-01-17T09:51:24.871Z,2022-08-25T01:10:12.999Z,2023-01-17T09:51:24.871Z
1628,1478,NW382148623,WALLET,,MRU,70,3100,500000,15000000,ACTIVE,true,2022-03-14,2022-06-06T18:37:33.015Z,2022-03-14T13:34:42.852Z,2022-06-06T18:37:33.015Z
1629,1479,NW450215399,WALLET,,MRU,3800,3800,500000,15000000,ACTIVE,true,2022-11-20,2024-02-05T08:30:17.891Z,2022-11-20T02:19:47.132Z,2024-02-05T08:30:17.891Z
1630,1480,NS642524123,SAVINGS,,MRU,75850,19000,500000,15000000,ACTIVE,true,2024-11-07,2024-12-06T09:03:28.141Z,2024-11-07T01:38:49.847Z,2024-12-06T09:03:28.141Z
1631,1481,NW266176462,WALLET,,MRU,1750,42000,500000,15000000,ACTIVE,true,2024-05-01,2024-10-03T17:56:11.779Z,2024-05-01T06:26:54.200Z,2024-10-03T17:56:11.779Z
1632,1482,NM970572710,MERCHANT,,MRU,27000,27000,500000,15000000,FROZEN,true,2022-12-14,2023-09-23T17:53:17.415Z,2022-12-14T17:03:49.396Z,2023-09-23T17:53:17.415Z
1633,1483,NC682884455,CORPORATE,,MRU,275,32000,500000,15000000,ACTIVE,true,2022-04-08,2022-12-23T11:01:51.223Z,2022-04-08T21:15:06.087Z,2022-12-23T11:01:51.223Z
1634,1484,NW526479035,WALLET,,MRU,7400,7400,500000,15000000,DORMANT,true,2022-04-04,2023-05-19T23:10:45.309Z,2022-04-04T17:23:40.616Z,2023-05-19T23:10:45.309Z
1635,1485,NS183274149,SAVINGS,,MRU,15000,15000,500000,15000000,ACTIVE,true,2023-02-16,2023-11-15T20:23:29.818Z,2023-02-16T19:33:31.654Z,2023-11-15T20:23:29.818Z
1636,1486,NW789282083,WALLET,,MRU,11450,9300,500000,15000000,ACTIVE,true,2022-09-26,2024-02-02T01:01:17.272Z,2022-09-26T00:58:47.456Z,2024-02-02T01:01:17.272Z
1637,1487,NW443095326,WALLET,,MRU,1550,6500,500000,15000000,ACTIVE,true,2022-11-10,2024-06-16T09:54:56.854Z,2022-11-10T05:14:56.026Z,2024-06-16T09:54:56.854Z
1638,1488,NC466084003,CORPORATE,,MRU,15000,15000,500000,15000000,ACTIVE,true,2023-05-31,2024-04-13T20:29:33.955Z,2023-05-31T09:18:49.401Z,2024-04-13T20:29:33.955Z
1639,1489,NW501358509,WALLET,,MRU,32000,32000,500000,15000000,DORMANT,true,2024-02-05,2024-06-08T01:57:51.854Z,2024-02-05T05:55:34.278Z,2024-06-08T01:57:51.854Z
1640,1490,NW582790851,WALLET,,MRU,76875,1400,500000,15000000,ACTIVE,true,2024-04-23,2024-05-03T16:12:24.291Z,2024-04-23T11:16:29.702Z,2024-05-03T16:12:24.291Z
1641,1491,NS466002702,SAVINGS,,MRU,20000,20000,500000,15000000,ACTIVE,true,2022-02-09,2023-11-11T07:26:07.648Z,2022-02-09T05:46:10.526Z,2023-11-11T07:26:07.648Z
1642,1492,NM169739008,MERCHANT,,MRU,8000,8000,500000,15000000,DORMANT,true,2022-07-22,2024-02-19T01:38:36.639Z,2022-07-22T00:43:47.781Z,2024-02-19T01:38:36.639Z
1643,1493,NC194839596,CORPORATE,,MRU,1196700,6700,500000,15000000,ACTIVE,true,2022-10-13,2023-05-07T08:55:36.176Z,2022-10-13T20:46:21.732Z,2023-05-07T08:55:36.176Z
1644,1494,NW122215747,WALLET,,MRU,7700,7700,500000,15000000,FROZEN,true,2023-11-29,2024-03-26T16:33:06.060Z,2023-11-29T00:50:34.201Z,2024-03-26T16:33:06.060Z
1645,1495,NW362815290,WALLET,,MRU,2350,10000,500000,15000000,ACTIVE,true,2022-12-14,2023-03-20T14:43:56.568Z,2022-12-14T09:37:29.423Z,2023-03-20T14:43:56.568Z
1646,1496,NA689407348,AGENT,,MRU,47000,47000,500000,15000000,ACTIVE,true,2023-10-10,2024-10-06T00:03:50.862Z,2023-10-10T02:32:57.535Z,2024-10-06T00:03:50.862Z
1647,1497,NS066727042,SAVINGS,,MRU,35000,35000,500000,15000000,ACTIVE,true,2024-05-11,2024-07-01T10:17:23.355Z,2024-05-11T14:51:55.300Z,2024-07-01T10:17:23.355Z
1648,1498,NW339686572,WALLET,,MRU,5900,5900,500000,15000000,ACTIVE,true,2022-06-15,2024-02-20T23:26:37.611Z,2022-06-15T19:07:12.579Z,2024-02-20T23:26:37.611Z
1649,1499,NW531539112,WALLET,,MRU,573547,7600,500000,15000000,ACTIVE,true,2024-01-20,2024-07-30T00:48:32.871Z,2024-01-20T06:20:48.567Z,2024-07-30T00:48:32.871Z
1650,1500,NW108781695,WALLET,,MRU,1900,14000,500000,15000000,ACTIVE,true,2023-01-18,2023-09-09T22:33:17.965Z,2023-01-18T04:27:08.937Z,2023-09-09T22:33:17.965Z
1651,1501,NW753981173,WALLET,,MRU,6725,8300,500000,15000000,ACTIVE,true,2024-07-20,2024-10-18T21:58:56.907Z,2024-07-20T21:26:16.352Z,2024-10-18T21:58:56.907Z
1652,1502,NS242512822,SAVINGS,,MRU,2350,22000,500000,15000000,ACTIVE,true,2023-02-11,2023-10-18T18:14:38.195Z,2023-02-11T04:20:46.593Z,2023-10-18T18:14:38.195Z
1653,1503,NW055673152,WALLET,,MRU,49000,23000,500000,15000000,ACTIVE,true,2023-10-23,2024-06-06T19:22:27.555Z,2023-10-23T11:21:31.363Z,2024-06-06T19:22:27.555Z
1654,1504,NW476292491,WALLET,,MRU,887000,5000,500000,15000000,ACTIVE,true,2022-05-16,2024-01-21T10:39:43.609Z,2022-05-16T08:22:27.124Z,2024-01-21T10:39:43.609Z
1655,1505,NW490622759,WALLET,,MRU,30000,30000,500000,15000000,DORMANT,true,2024-06-19,2024-09-19T23:46:31.205Z,2024-06-19T02:50:37.199Z,2024-09-19T23:46:31.205Z
1656,1506,NS968437433,SAVINGS,,MRU,3550,13000,500000,15000000,ACTIVE,true,2022-03-07,2022-04-15T11:50:39.329Z,2022-03-07T04:40:11.221Z,2022-04-15T11:50:39.329Z
1657,1507,NA145027756,AGENT,,MRU,1021800,19000,500000,15000000,ACTIVE,true,2022-07-12,2023-04-09T03:04:52.508Z,2022-07-12T06:13:49.873Z,2023-04-09T03:04:52.508Z
1658,1508,NW483107567,WALLET,,MRU,50000,50000,500000,15000000,DORMANT,true,2022-03-13,2024-12-02T08:46:42.093Z,2022-03-13T14:41:41.588Z,2024-12-02T08:46:42.093Z
1659,1509,NW974366218,WALLET,,MRU,1069,9900,500000,15000000,ACTIVE,true,2023-08-17,2023-08-21T17:55:10.544Z,2023-08-17T16:38:12.881Z,2023-08-21T17:55:10.544Z
1660,1510,NS892103910,SAVINGS,,MRU,34000,34000,500000,15000000,ACTIVE,true,2022-10-08,2023-04-08T16:00:51.400Z,2022-10-08T21:58:51.108Z,2023-04-08T16:00:51.400Z
1661,1511,NW915440679,WALLET,,MRU,14000,14000,500000,15000000,ACTIVE,true,2023-07-25,2024-02-22T05:38:02.354Z,2023-07-25T07:59:11.895Z,2024-02-22T05:38:02.354Z
1662,1512,NM743414521,MERCHANT,,MRU,18000,18000,500000,15000000,ACTIVE,true,2023-10-06,2024-08-22T13:11:18.948Z,2023-10-06T15:02:35.561Z,2024-08-22T13:11:18.948Z
1663,1513,NW557436108,WALLET,,MRU,39000,39000,500000,15000000,DORMANT,true,2024-11-26,2024-11-30T12:40:43.581Z,2024-11-26T05:32:00.336Z,2024-11-30T12:40:43.581Z
1664,1514,NW864718497,WALLET,,MRU,243200,3200,500000,15000000,ACTIVE,true,2023-03-28,2023-10-18T20:32:41.669Z,2023-03-28T12:28:35.486Z,2023-10-18T20:32:41.669Z
1665,1515,NW389091134,WALLET,,MRU,8850,48000,500000,15000000,ACTIVE,true,2023-04-25,2023-12-28T21:40:47.920Z,2023-04-25T03:29:21.646Z,2023-12-28T21:40:47.920Z
1666,1516,NW045533657,WALLET,,MRU,17000,17000,500000,15000000,ACTIVE,true,2024-10-07,2024-10-21T22:33:52.184Z,2024-10-07T00:35:03.235Z,2024-10-21T22:33:52.184Z
1667,1517,NW730727970,WALLET,,MRU,775750,32000,500000,15000000,ACTIVE,true,2022-04-23,2024-12-09T23:02:32.841Z,2022-04-23T03:11:00.039Z,2024-12-09T23:02:32.841Z
1668,1518,NM368897915,MERCHANT,,MRU,36000,36000,500000,15000000,FROZEN,true,2022-02-10,2022-07-17T10:17:57.822Z,2022-02-10T00:49:27.069Z,2022-07-17T10:17:57.822Z
1669,1519,NA938839793,AGENT,,MRU,58600,6600,500000,15000000,ACTIVE,true,2023-11-19,2024-04-05T19:10:58.824Z,2023-11-19T23:52:40.112Z,2024-04-05T19:10:58.824Z
1670,1520,NS877883196,SAVINGS,,MRU,31000,31000,500000,15000000,DORMANT,true,2023-09-20,2023-11-25T12:15:20.999Z,2023-09-20T14:29:25.165Z,2023-11-25T12:15:20.999Z
1671,1521,NA963016152,AGENT,,MRU,2800,2800,500000,15000000,ACTIVE,true,2024-02-16,2024-02-19T08:04:16.197Z,2024-02-16T13:38:39.457Z,2024-02-19T08:04:16.197Z
1672,1522,NS556887984,SAVINGS,,MRU,700,15000,500000,15000000,ACTIVE,true,2023-05-01,2024-01-06T06:01:53.545Z,2023-05-01T08:47:13.280Z,2024-01-06T06:01:53.545Z
1673,1523,NM419063449,MERCHANT,,MRU,2950,15000,500000,15000000,ACTIVE,true,2022-09-01,2024-03-08T13:53:46.965Z,2022-09-01T14:36:46.936Z,2024-03-08T13:53:46.965Z
1674,1524,NS161180853,SAVINGS,,MRU,42000,31000,500000,15000000,ACTIVE,true,2024-09-22,2024-12-12T06:30:22.886Z,2024-09-22T10:23:06.240Z,2024-12-12T06:30:22.886Z
1675,1525,NW311708212,WALLET,,MRU,30000,30000,500000,15000000,ACTIVE,true,2023-08-28,2024-02-04T02:55:04.429Z,2023-08-28T20:10:21.726Z,2024-02-04T02:55:04.429Z
1676,1526,NS957970381,SAVINGS,,MRU,29000,29000,500000,15000000,ACTIVE,true,2022-06-12,2023-03-11T06:14:44.108Z,2022-06-12T07:30:10.231Z,2023-03-11T06:14:44.108Z
1677,1527,NW721759558,WALLET,,MRU,860,15000,500000,15000000,ACTIVE,true,2023-05-14,2023-05-19T06:47:30.817Z,2023-05-14T16:00:54.460Z,2023-05-19T06:47:30.817Z
1678,1528,NW866907239,WALLET,,MRU,1500,43000,500000,15000000,ACTIVE,true,2023-06-09,2024-08-11T10:13:36.476Z,2023-06-09T16:31:15.208Z,2024-08-11T10:13:36.476Z
1679,1529,NW455011368,WALLET,,MRU,1271160,38000,500000,15000000,ACTIVE,true,2024-01-12,2024-05-28T03:46:27.188Z,2024-01-12T11:10:15.611Z,2024-05-28T03:46:27.188Z
1680,1530,NW117230441,WALLET,,MRU,97500,7500,500000,15000000,ACTIVE,true,2023-05-07,2024-01-28T15:58:55.258Z,2023-05-07T07:22:38.389Z,2024-01-28T15:58:55.258Z
1681,1531,NW742717862,WALLET,,MRU,29600,1700,500000,15000000,ACTIVE,true,2023-02-16,2023-03-05T07:06:34.126Z,2023-02-16T07:33:16.593Z,2023-03-05T07:06:34.126Z
1682,1532,NS947158337,SAVINGS,,MRU,26000,26000,500000,15000000,FROZEN,true,2023-03-12,2024-06-20T19:54:33.431Z,2023-03-12T22:05:36.793Z,2024-06-20T19:54:33.431Z
1683,1533,NW696502209,WALLET,,MRU,90290,17000,500000,15000000,ACTIVE,true,2022-03-05,2024-04-27T11:50:11.420Z,2022-03-05T14:47:12.982Z,2024-04-27T11:50:11.420Z
1684,1534,NM312728405,MERCHANT,,MRU,1307,7600,500000,15000000,ACTIVE,true,2023-07-23,2023-08-09T03:51:19.545Z,2023-07-23T15:57:11.205Z,2023-08-09T03:51:19.545Z
1685,1535,NA388677835,AGENT,,MRU,450,14000,500000,15000000,ACTIVE,true,2024-06-18,2024-11-23T03:33:40.881Z,2024-06-18T03:05:37.525Z,2024-11-23T03:33:40.881Z
1686,1536,NW638469010,WALLET,,MRU,57585,37000,500000,15000000,ACTIVE,true,2024-01-23,2024-12-16T12:06:33.079Z,2024-01-23T09:58:06.251Z,2024-12-16T12:06:33.079Z
1687,1537,NW140935570,WALLET,,MRU,200,11000,500000,15000000,ACTIVE,true,2023-11-13,2024-01-31T11:31:22.925Z,2023-11-13T01:14:40.821Z,2024-01-31T11:31:22.925Z
1688,1538,NW129314303,WALLET,,MRU,3100,3100,500000,15000000,ACTIVE,true,2023-11-10,2024-04-10T02:40:02.696Z,2023-11-10T10:41:18.673Z,2024-04-10T02:40:02.696Z
1689,1539,NM293402910,MERCHANT,,MRU,2207,35000,500000,15000000,ACTIVE,true,2022-02-12,2024-12-12T23:44:39.907Z,2022-02-12T09:32:04.185Z,2024-12-12T23:44:39.907Z
1690,1540,NW781776667,WALLET,,MRU,15000,15000,500000,15000000,ACTIVE,true,2022-09-02,2024-03-02T15:45:39.113Z,2022-09-02T20:26:31.865Z,2024-03-02T15:45:39.113Z
1691,1541,NC340153932,CORPORATE,,MRU,24000,24000,500000,15000000,ACTIVE,true,2022-08-03,2024-05-16T09:38:44.198Z,2022-08-03T14:37:43.861Z,2024-05-16T09:38:44.198Z
1692,1542,NM151428818,MERCHANT,,MRU,21000,21000,500000,15000000,DORMANT,true,2022-08-08,2022-09-03T02:52:31.050Z,2022-08-08T18:38:06.970Z,2022-09-03T02:52:31.050Z
1693,1543,NW134349823,WALLET,,MRU,2525,24000,500000,15000000,ACTIVE,true,2023-09-26,2024-10-12T03:05:06.816Z,2023-09-26T11:22:57.516Z,2024-10-12T03:05:06.816Z
1694,1544,NW977017313,WALLET,,MRU,2061,34000,500000,15000000,ACTIVE,true,2023-04-26,2024-04-18T20:15:14.728Z,2023-04-26T18:51:28.549Z,2024-04-18T20:15:14.728Z
1695,1545,NW266258955,WALLET,,MRU,45000,45000,500000,15000000,DORMANT,true,2023-03-04,2023-11-29T08:08:25.652Z,2023-03-04T10:34:56.730Z,2023-11-29T08:08:25.652Z
1696,1546,NA902362585,AGENT,,MRU,39750,41000,500000,15000000,ACTIVE,true,2024-04-09,2024-10-28T04:34:05.961Z,2024-04-09T19:15:44.582Z,2024-10-28T04:34:05.961Z
1697,1547,NW982289433,WALLET,,MRU,13000,13000,500000,15000000,ACTIVE,true,2023-10-04,2024-05-31T16:02:27.321Z,2023-10-04T01:30:52.646Z,2024-05-31T16:02:27.321Z
1698,1548,NW926685810,WALLET,,MRU,17940,45000,500000,15000000,ACTIVE,true,2024-11-27,2024-12-23T01:52:59.189Z,2024-11-27T16:46:28.274Z,2024-12-23T01:52:59.189Z
1699,1549,NW410568714,WALLET,,MRU,4450,40000,500000,15000000,ACTIVE,true,2024-11-22,2024-12-03T17:00:41.916Z,2024-11-22T02:06:00.236Z,2024-12-03T17:00:41.916Z
1700,1550,NW535109400,WALLET,,MRU,882300,6300,500000,15000000,ACTIVE,true,2023-12-11,2024-02-07T22:20:42.828Z,2023-12-11T06:45:39.187Z,2024-02-07T22:20:42.828Z
1701,1551,NS273785352,SAVINGS,,MRU,105950,46000,500000,15000000,ACTIVE,true,2022-08-31,2023-03-29T20:11:05.279Z,2022-08-31T03:20:37.496Z,2023-03-29T20:11:05.279Z
1702,1552,NW338035375,WALLET,,MRU,27900,23000,500000,15000000,ACTIVE,true,2023-06-07,2024-12-11T04:46:39.506Z,2023-06-07T05:10:47.264Z,2024-12-11T04:46:39.506Z
1703,1553,NW002960354,WALLET,,MRU,13000,13000,500000,15000000,ACTIVE,true,2023-05-27,2024-02-15T06:21:12.766Z,2023-05-27T05:05:52.582Z,2024-02-15T06:21:12.766Z
1704,1554,NW214376717,WALLET,,MRU,19000,19000,500000,15000000,ACTIVE,true,2023-05-21,2023-06-23T14:33:55.985Z,2023-05-21T17:38:30.026Z,2023-06-23T14:33:55.985Z
1705,1555,NW637527108,WALLET,,MRU,19000,19000,500000,15000000,CLOSED,true,2024-10-30,2024-11-09T08:37:45.257Z,2024-10-30T13:59:01.900Z,2024-11-09T08:37:45.257Z
1706,1556,NM155352830,MERCHANT,,MRU,13190,68000,500000,15000000,ACTIVE,true,2023-02-14,2024-10-07T08:43:30.362Z,2023-02-14T15:24:01.693Z,2024-10-07T08:43:30.362Z
1707,1556,NS034829258,SAVINGS,,MRU,200,216000,500000,15000000,ACTIVE,false,2023-02-14,2023-11-16T22:55:04.580Z,2023-02-14T15:24:01.693Z,2023-11-16T22:55:04.580Z
1708,1557,NW104698956,WALLET,,MRU,6600,6600,500000,15000000,ACTIVE,true,2022-12-22,2023-07-28T21:07:07.579Z,2022-12-22T07:12:38.098Z,2023-07-28T21:07:07.579Z
1709,1558,NW552469134,WALLET,,MRU,453000,453000,500000,15000000,ACTIVE,true,2023-04-01,2024-04-24T08:49:32.700Z,2023-04-01T05:48:32.004Z,2024-04-24T08:49:32.700Z
1710,1558,NS035517454,SAVINGS,,MRU,51000,51000,500000,15000000,ACTIVE,false,2023-04-01,2023-11-06T16:57:14.112Z,2023-04-01T05:48:32.004Z,2023-11-06T16:57:14.112Z
1711,1559,NW387957215,WALLET,,MRU,25000,25000,500000,15000000,ACTIVE,true,2022-06-15,2024-03-03T02:15:47.670Z,2022-06-15T20:08:06.701Z,2024-03-03T02:15:47.670Z
1712,1560,NW835477948,WALLET,,MRU,49000,49000,500000,15000000,ACTIVE,true,2024-07-07,2024-11-25T05:09:08.630Z,2024-07-07T20:39:03.053Z,2024-11-25T05:09:08.630Z
1713,1561,NW284803867,WALLET,,MRU,2692440,9900,500000,15000000,ACTIVE,true,2024-10-11,2024-10-28T11:13:24.269Z,2024-10-11T08:08:28.204Z,2024-10-28T11:13:24.269Z
1714,1562,NW917702883,WALLET,,MRU,2125,24000,500000,15000000,ACTIVE,true,2023-07-12,2024-12-24T22:37:18.507Z,2023-07-12T00:03:01.853Z,2024-12-24T22:37:18.507Z
1715,1563,NW833685428,WALLET,,MRU,13100,18000,500000,15000000,ACTIVE,true,2024-02-24,2024-07-11T16:10:43.610Z,2024-02-24T04:53:35.249Z,2024-07-11T16:10:43.610Z
1716,1564,NW409261971,WALLET,,MRU,16000,16000,500000,15000000,CLOSED,true,2023-04-04,2024-04-09T10:39:18.452Z,2023-04-04T01:19:33.107Z,2024-04-09T10:39:18.452Z
1717,1565,NW120344191,WALLET,,MRU,1650,21000,500000,15000000,ACTIVE,true,2024-09-23,2024-12-29T13:29:32.001Z,2024-09-23T18:53:50.906Z,2024-12-29T13:29:32.001Z
1718,1566,NS930546999,SAVINGS,,MRU,376440,2400,500000,15000000,ACTIVE,true,2022-09-17,2023-01-21T21:26:16.469Z,2022-09-17T02:41:07.992Z,2023-01-21T21:26:16.469Z
1719,1567,NW567311257,WALLET,,MRU,40000,40000,500000,15000000,ACTIVE,true,2024-03-03,2024-10-06T05:55:52.614Z,2024-03-03T11:31:23.950Z,2024-10-06T05:55:52.614Z
1720,1568,NS726445794,SAVINGS,,MRU,4250,20000,500000,15000000,ACTIVE,true,2022-09-30,2023-02-05T21:34:49.265Z,2022-09-30T08:35:54.816Z,2023-02-05T21:34:49.265Z
1721,1569,NW486875415,WALLET,,MRU,200650,283000,500000,15000000,ACTIVE,true,2023-10-18,2024-01-15T23:52:02.882Z,2023-10-18T08:01:55.612Z,2024-01-15T23:52:02.882Z
1722,1569,NW220184087,WALLET,,MRU,201000,201000,500000,15000000,ACTIVE,false,2023-10-18,2024-08-17T06:43:43.100Z,2023-10-18T08:01:55.612Z,2024-08-17T06:43:43.100Z
1723,1569,NS044450402,SAVINGS,,MRU,397000,397000,500000,15000000,ACTIVE,false,2023-10-18,2024-10-13T08:38:16.181Z,2023-10-18T08:01:55.612Z,2024-10-13T08:38:16.181Z
1724,1570,NC068592071,CORPORATE,,MRU,6800,6800,500000,15000000,ACTIVE,true,2023-01-01,2024-04-09T04:11:26.678Z,2023-01-01T06:17:10.567Z,2024-04-09T04:11:26.678Z
1725,1571,NW849186689,WALLET,,MRU,2600,20000,500000,15000000,ACTIVE,true,2022-08-14,2024-05-16T02:47:06.327Z,2022-08-14T13:15:22.661Z,2024-05-16T02:47:06.327Z
1726,1572,NW536706120,WALLET,,MRU,23600,32000,500000,15000000,ACTIVE,true,2023-04-16,2023-10-16T01:18:44.950Z,2023-04-16T05:23:43.984Z,2023-10-16T01:18:44.950Z
1727,1573,NW856983215,WALLET,,MRU,220850,49000,500000,15000000,ACTIVE,true,2024-04-15,2024-07-30T06:32:00.587Z,2024-04-15T17:38:56.612Z,2024-07-30T06:32:00.587Z
1728,1574,NC098981618,CORPORATE,,MRU,41700,6200,500000,15000000,ACTIVE,true,2024-02-07,2024-11-27T01:32:53.404Z,2024-02-07T22:24:32.490Z,2024-11-27T01:32:53.404Z
1729,1575,NW952460796,WALLET,,MRU,46000,28000,500000,15000000,ACTIVE,true,2022-05-09,2023-02-13T15:51:11.635Z,2022-05-09T09:12:02.352Z,2023-02-13T15:51:11.635Z
1730,1576,NS056641459,SAVINGS,,MRU,300,5000,500000,15000000,ACTIVE,true,2022-06-16,2023-11-21T13:42:10.557Z,2022-06-16T16:26:09.129Z,2023-11-21T13:42:10.557Z
1731,1577,NS357342004,SAVINGS,,MRU,39000,39000,500000,15000000,DORMANT,true,2023-07-09,2024-10-26T14:59:36.616Z,2023-07-09T05:27:02.429Z,2024-10-26T14:59:36.616Z
1732,1578,NW519952088,WALLET,,MRU,13000,13000,500000,15000000,ACTIVE,true,2022-03-28,2024-09-19T21:13:04.092Z,2022-03-28T21:55:20.981Z,2024-09-19T21:13:04.092Z
1733,1579,NW282497048,WALLET,,MRU,7300,18000,500000,15000000,ACTIVE,true,2024-01-13,2024-05-01T23:18:02.934Z,2024-01-13T02:53:54.404Z,2024-05-01T23:18:02.934Z
1734,1580,NW123110920,WALLET,,MRU,12075,33000,500000,15000000,ACTIVE,true,2023-02-19,2024-05-28T19:59:12.248Z,2023-02-19T13:50:15.067Z,2024-05-28T19:59:12.248Z
1735,1581,NM256165027,MERCHANT,,MRU,2352,19000,500000,15000000,ACTIVE,true,2024-06-02,2024-07-16T22:12:54.925Z,2024-06-02T06:08:45.463Z,2024-07-16T22:12:54.925Z
1736,1582,NA035051584,AGENT,,MRU,12000,12000,500000,15000000,ACTIVE,true,2022-08-27,2024-03-11T16:41:34.917Z,2022-08-27T08:16:10.325Z,2024-03-11T16:41:34.917Z
1737,1583,NW545313000,WALLET,,MRU,8900,28000,500000,15000000,ACTIVE,true,2022-07-11,2024-12-02T10:50:39.644Z,2022-07-11T23:15:35.984Z,2024-12-02T10:50:39.644Z
1738,1584,NM284766793,MERCHANT,,MRU,12400,2400,500000,15000000,ACTIVE,true,2022-12-04,2024-05-25T16:52:02.520Z,2022-12-04T18:05:37.565Z,2024-05-25T16:52:02.520Z
1739,1585,NW277770042,WALLET,,MRU,11000,11000,500000,15000000,ACTIVE,true,2022-09-06,2023-06-05T14:02:57.760Z,2022-09-06T08:07:42.332Z,2023-06-05T14:02:57.760Z
1740,1586,NW097794413,WALLET,,MRU,151500,17000,500000,15000000,ACTIVE,true,2024-10-20,2024-12-27T23:34:56.703Z,2024-10-20T19:53:21.694Z,2024-12-27T23:34:56.703Z
1741,1587,NA012518167,AGENT,,MRU,627875,13000,500000,15000000,ACTIVE,true,2023-03-27,2024-04-28T05:18:42.148Z,2023-03-27T23:38:57.091Z,2024-04-28T05:18:42.148Z
1742,1588,NW607319146,WALLET,,MRU,65728,27000,500000,15000000,ACTIVE,true,2023-09-18,2024-04-17T15:53:29.728Z,2023-09-18T22:05:10.832Z,2024-04-17T15:53:29.728Z
1743,1589,NW648996949,WALLET,,MRU,2150,7600,500000,15000000,ACTIVE,true,2022-04-11,2024-04-18T22:01:46.872Z,2022-04-11T11:40:11.997Z,2024-04-18T22:01:46.872Z
1744,1590,NW173543930,WALLET,,MRU,500,500,500000,15000000,ACTIVE,true,2022-07-31,2023-07-02T10:28:01.736Z,2022-07-31T17:59:22.360Z,2023-07-02T10:28:01.736Z
1745,1591,NS126098513,SAVINGS,,MRU,27000,27000,500000,15000000,ACTIVE,true,2024-12-02,2024-12-09T20:53:12.397Z,2024-12-02T08:22:58.094Z,2024-12-09T20:53:12.397Z
1746,1592,NW233732253,WALLET,,MRU,2300,10000,500000,15000000,ACTIVE,true,2022-03-17,2023-05-23T20:05:20.035Z,2022-03-17T20:53:21.265Z,2023-05-23T20:05:20.035Z
1747,1593,NS532495260,SAVINGS,,MRU,244300,4900,500000,15000000,ACTIVE,true,2023-09-11,2024-10-09T06:57:46.644Z,2023-09-11T08:27:14.567Z,2024-10-09T06:57:46.644Z
1748,1594,NA725702405,AGENT,,MRU,62125,102000,500000,15000000,ACTIVE,true,2023-11-01,2024-03-02T22:22:15.041Z,2023-11-01T16:19:13.554Z,2024-03-02T22:22:15.041Z
1749,1594,NS789185047,SAVINGS,,MRU,44575,79000,500000,15000000,ACTIVE,false,2023-11-01,2024-12-25T19:07:37.698Z,2023-11-01T16:19:13.554Z,2024-12-25T19:07:37.698Z
1750,1594,NS338495254,SAVINGS,,MRU,498750,497000,500000,15000000,ACTIVE,false,2023-11-01,2024-10-21T02:37:45.183Z,2023-11-01T16:19:13.554Z,2024-10-21T02:37:45.183Z
1751,1595,NW346374541,WALLET,,MRU,32000,32000,500000,15000000,ACTIVE,true,2024-11-01,2024-11-11T05:46:42.382Z,2024-11-01T13:46:04.740Z,2024-11-11T05:46:42.382Z
1752,1596,NA050107121,AGENT,,MRU,51000,41000,500000,15000000,ACTIVE,true,2022-05-10,2024-10-29T13:16:52.477Z,2022-05-10T07:27:11.069Z,2024-10-29T13:16:52.477Z
1753,1597,NW397050380,WALLET,,MRU,28000,28000,500000,15000000,ACTIVE,true,2023-07-27,2023-08-24T19:47:51.319Z,2023-07-27T15:01:06.741Z,2023-08-24T19:47:51.319Z
1754,1598,NW490386307,WALLET,,MRU,5900,5900,500000,15000000,DORMANT,true,2022-09-25,2023-08-28T00:02:06.056Z,2022-09-25T02:37:49.116Z,2023-08-28T00:02:06.056Z
1755,1599,NW129534602,WALLET,,MRU,15000,15000,500000,15000000,ACTIVE,true,2023-07-23,2024-11-18T12:52:37.817Z,2023-07-23T07:45:47.294Z,2024-11-18T12:52:37.817Z
1756,1600,NW108825951,WALLET,,MRU,18000,18000,500000,15000000,ACTIVE,true,2023-11-08,2024-11-20T15:05:51.435Z,2023-11-08T19:16:19.426Z,2024-11-20T15:05:51.435Z
1757,1601,NW486279487,WALLET,,MRU,307000,307000,500000,15000000,FROZEN,true,2022-10-14,2024-01-25T18:45:49.842Z,2022-10-14T05:25:09.433Z,2024-01-25T18:45:49.842Z
1758,1601,NW937964320,WALLET,,MRU,1058000,1543000,500000,15000000,ACTIVE,false,2022-10-14,2023-03-01T00:06:45.586Z,2022-10-14T05:25:09.433Z,2023-03-01T00:06:45.586Z
1759,1602,NW769810498,WALLET,,MRU,3200,3200,500000,15000000,ACTIVE,true,2023-09-23,2024-12-15T07:18:00.551Z,2023-09-23T10:03:40.816Z,2024-12-15T07:18:00.551Z
1760,1603,NW772371560,WALLET,,MRU,33000,33000,500000,15000000,ACTIVE,true,2023-01-05,2023-09-11T23:26:19.088Z,2023-01-05T22:44:25.489Z,2023-09-11T23:26:19.088Z
1761,1604,NW838287949,WALLET,,MRU,19000,19000,500000,15000000,ACTIVE,true,2024-02-07,2024-12-19T02:53:18.509Z,2024-02-07T04:54:46.828Z,2024-12-19T02:53:18.509Z
1762,1605,NM604742527,MERCHANT,,MRU,2250,2700,500000,15000000,ACTIVE,true,2022-01-16,2023-11-26T15:16:13.709Z,2022-01-16T16:10:57.992Z,2023-11-26T15:16:13.709Z
1763,1606,NW268701911,WALLET,,MRU,47000,47000,500000,15000000,ACTIVE,true,2024-05-06,2024-05-07T03:28:45.158Z,2024-05-06T06:18:13.757Z,2024-05-07T03:28:45.158Z
1764,1607,NW649772703,WALLET,,MRU,1900,1900,500000,15000000,ACTIVE,true,2023-03-11,2024-03-17T20:57:46.672Z,2023-03-11T13:44:30.132Z,2024-03-17T20:57:46.672Z
1765,1608,NW709038377,WALLET,,MRU,5500,5500,500000,15000000,ACTIVE,true,2024-08-03,2024-10-23T22:24:59.778Z,2024-08-03T00:37:08.979Z,2024-10-23T22:24:59.778Z
1766,1609,NW892393589,WALLET,,MRU,2850,30000,500000,15000000,ACTIVE,true,2024-09-23,2024-09-27T13:27:05.903Z,2024-09-23T13:29:24.815Z,2024-09-27T13:27:05.903Z
1767,1610,NW795214534,WALLET,,MRU,821534,26000,500000,15000000,ACTIVE,true,2022-01-13,2024-02-19T04:00:00.241Z,2022-01-13T11:32:54.646Z,2024-02-19T04:00:00.241Z
1768,1611,NW688689947,WALLET,,MRU,97450,1300,500000,15000000,ACTIVE,true,2022-10-06,2023-06-17T04:53:12.514Z,2022-10-06T15:17:56.595Z,2023-06-17T04:53:12.514Z
1769,1612,NS786467194,SAVINGS,,MRU,157500,35000,500000,15000000,ACTIVE,true,2022-06-19,2022-07-29T05:25:19.553Z,2022-06-19T19:46:51.515Z,2022-07-29T05:25:19.553Z
1770,1613,NC117841243,CORPORATE,,MRU,1800,1800,500000,15000000,DORMANT,true,2022-01-17,2022-02-21T21:23:07.860Z,2022-01-17T14:08:09.645Z,2022-02-21T21:23:07.860Z
1771,1614,NS982512474,SAVINGS,,MRU,3100,20000,500000,15000000,ACTIVE,true,2023-10-26,2024-09-02T19:00:05.010Z,2023-10-26T13:56:30.338Z,2024-09-02T19:00:05.010Z
1772,1615,NW469315529,WALLET,,MRU,925600,3600,500000,15000000,ACTIVE,true,2024-02-28,2024-06-05T02:36:14.684Z,2024-02-28T22:48:53.985Z,2024-06-05T02:36:14.684Z
1773,1616,NW473475367,WALLET,,MRU,46000,46000,500000,15000000,ACTIVE,true,2023-09-19,2024-03-01T09:08:39.257Z,2023-09-19T07:25:16.907Z,2024-03-01T09:08:39.257Z
1774,1617,NW140044000,WALLET,,MRU,11000,11000,500000,15000000,DORMANT,true,2023-03-16,2024-12-29T19:02:38.063Z,2023-03-16T21:58:24.649Z,2024-12-29T19:02:38.063Z
1775,1618,NS634311914,SAVINGS,,MRU,6000,6000,500000,15000000,ACTIVE,true,2023-01-15,2024-01-21T06:01:21.217Z,2023-01-15T01:10:40.309Z,2024-01-21T06:01:21.217Z
1776,1619,NW454758763,WALLET,,MRU,46000,46000,500000,15000000,ACTIVE,true,2024-07-20,2024-12-24T05:17:16.467Z,2024-07-20T10:27:15.149Z,2024-12-24T05:17:16.467Z
1777,1620,NW030751258,WALLET,,MRU,225,38000,500000,15000000,ACTIVE,true,2023-07-13,2024-02-21T07:58:58.275Z,2023-07-13T16:23:53.178Z,2024-02-21T07:58:58.275Z
1778,1621,NW314455419,WALLET,,MRU,2352,19000,500000,15000000,ACTIVE,true,2024-04-29,2024-11-23T23:48:49.069Z,2024-04-29T14:29:10.087Z,2024-11-23T23:48:49.069Z
1779,1622,NW852913171,WALLET,,MRU,2700,2700,500000,15000000,FROZEN,true,2023-12-06,2024-01-16T01:19:51.239Z,2023-12-06T19:31:05.472Z,2024-01-16T01:19:51.239Z
1780,1623,NS874196291,SAVINGS,,MRU,32000,32000,500000,15000000,ACTIVE,true,2023-03-02,2024-08-14T05:19:13.860Z,2023-03-02T17:57:55.483Z,2024-08-14T05:19:13.860Z
1781,1624,NS196762681,SAVINGS,,MRU,560,8300,500000,15000000,ACTIVE,true,2024-08-17,2024-12-08T23:45:46.834Z,2024-08-17T20:24:12.101Z,2024-12-08T23:45:46.834Z
1782,1625,NM433589458,MERCHANT,,MRU,5225,8400,500000,15000000,ACTIVE,true,2024-06-22,2024-09-18T06:22:25.265Z,2024-06-22T14:49:19.354Z,2024-09-18T06:22:25.265Z
1783,1626,NA447505355,AGENT,,MRU,709,49000,500000,15000000,ACTIVE,true,2024-11-28,2024-12-22T16:20:49.804Z,2024-11-28T10:43:51.824Z,2024-12-22T16:20:49.804Z
1784,1627,NW376435309,WALLET,,MRU,700,700,500000,15000000,DORMANT,true,2022-01-21,2022-12-02T19:08:02.965Z,2022-01-21T09:31:18.992Z,2022-12-02T19:08:02.965Z
1785,1628,NA012115359,AGENT,,MRU,10450,396000,500000,15000000,ACTIVE,true,2024-04-17,2024-07-17T01:19:31.946Z,2024-04-17T00:36:30.135Z,2024-07-17T01:19:31.946Z
1786,1628,NS009749770,SAVINGS,,MRU,116500,122000,500000,15000000,ACTIVE,false,2024-04-17,2024-07-26T10:16:48.388Z,2024-04-17T00:36:30.135Z,2024-07-26T10:16:48.388Z
1787,1629,NW281243085,WALLET,,MRU,489680,11000,500000,15000000,ACTIVE,true,2023-11-23,2024-03-12T17:52:20.478Z,2023-11-23T19:09:06.265Z,2024-03-12T17:52:20.478Z
1788,1630,NW434161812,WALLET,,MRU,30,24000,500000,15000000,ACTIVE,true,2024-06-14,2024-09-24T09:09:23.638Z,2024-06-14T09:40:25.219Z,2024-09-24T09:09:23.638Z
1789,1631,NW161350727,WALLET,,MRU,186060,42000,500000,15000000,ACTIVE,true,2024-09-03,2024-10-20T12:18:47.683Z,2024-09-03T22:29:44.816Z,2024-10-20T12:18:47.683Z
1790,1632,NW962315828,WALLET,,MRU,17000,17000,500000,15000000,ACTIVE,true,2024-07-24,2024-11-28T22:47:28.100Z,2024-07-24T21:14:10.976Z,2024-11-28T22:47:28.100Z
1791,1633,NW665122628,WALLET,,MRU,6150,10000,500000,15000000,ACTIVE,true,2022-08-24,2022-11-15T18:57:55.934Z,2022-08-24T13:36:11.240Z,2022-11-15T18:57:55.934Z
1792,1634,NM693648815,MERCHANT,,MRU,15000,28000,500000,15000000,ACTIVE,true,2023-10-13,2024-10-04T07:40:09.853Z,2023-10-13T11:31:43.678Z,2024-10-04T07:40:09.853Z
1793,1635,NW472917437,WALLET,,MRU,15000,15000,500000,15000000,DORMANT,true,2023-08-24,2023-11-10T10:44:02.780Z,2023-08-24T06:43:50.748Z,2023-11-10T10:44:02.780Z
1794,1636,NS345309972,SAVINGS,,MRU,250,1900,500000,15000000,ACTIVE,true,2022-11-05,2023-01-27T05:20:08.997Z,2022-11-05T21:13:24.973Z,2023-01-27T05:20:08.997Z
1795,1637,NS930815816,SAVINGS,,MRU,50076,36000,500000,15000000,ACTIVE,true,2024-12-22,2024-12-24T01:12:16.774Z,2024-12-22T14:08:26.387Z,2024-12-24T01:12:16.774Z
1796,1638,NW516142308,WALLET,,MRU,1600,18000,500000,15000000,ACTIVE,true,2024-01-31,2024-02-29T20:22:17.022Z,2024-01-31T09:40:47.152Z,2024-02-29T20:22:17.022Z
1797,1639,NC138385057,CORPORATE,,MRU,34200,19000,500000,15000000,ACTIVE,true,2024-10-10,2024-11-12T20:31:34.460Z,2024-10-10T23:43:06.891Z,2024-11-12T20:31:34.460Z
1798,1640,NW553733021,WALLET,,MRU,4800,23000,500000,15000000,ACTIVE,true,2024-06-04,2024-07-20T23:19:27.177Z,2024-06-04T22:25:41.874Z,2024-07-20T23:19:27.177Z
1799,1641,NW497784972,WALLET,,MRU,8475,37000,500000,15000000,ACTIVE,true,2023-04-22,2023-11-10T20:24:56.447Z,2023-04-22T04:56:51.486Z,2023-11-10T20:24:56.447Z
1800,1642,NC052060961,CORPORATE,,MRU,33000,33000,500000,15000000,FROZEN,true,2023-06-15,2023-09-26T20:31:27.797Z,2023-06-15T17:11:17.733Z,2023-09-26T20:31:27.797Z
1801,1643,NW963610351,WALLET,,MRU,45000,45000,500000,15000000,ACTIVE,true,2023-10-19,2023-10-30T04:19:38.630Z,2023-10-19T07:21:15.818Z,2023-10-30T04:19:38.630Z
1802,1644,NW819602966,WALLET,,MRU,851950,23000,500000,15000000,ACTIVE,true,2023-05-05,2024-11-17T10:09:29.736Z,2023-05-05T00:08:55.840Z,2024-11-17T10:09:29.736Z
1803,1645,NM274284720,MERCHANT,,MRU,6830,18000,500000,15000000,ACTIVE,true,2024-03-08,2024-05-04T00:47:12.085Z,2024-03-08T00:34:25.159Z,2024-05-04T00:47:12.085Z
1804,1646,NM436722040,MERCHANT,,MRU,4500,4500,500000,15000000,ACTIVE,true,2024-07-03,2024-11-22T11:01:30.048Z,2024-07-03T10:26:53.684Z,2024-11-22T11:01:30.048Z
1805,1647,NA082745552,AGENT,,MRU,27600,36000,500000,15000000,ACTIVE,true,2022-02-14,2023-06-16T01:42:47.476Z,2022-02-14T04:02:45.895Z,2023-06-16T01:42:47.476Z
1806,1648,NW848064184,WALLET,,MRU,23000,23000,500000,15000000,CLOSED,true,2022-11-04,2023-06-05T11:46:59.051Z,2022-11-04T07:53:57.065Z,2023-06-05T11:46:59.051Z
1807,1649,NW413965940,WALLET,,MRU,17000,17000,500000,15000000,ACTIVE,true,2022-04-23,2023-08-21T04:44:50.631Z,2022-04-23T09:30:56.004Z,2023-08-21T04:44:50.631Z
1808,1650,NM500640988,MERCHANT,,MRU,24000,24000,500000,15000000,FROZEN,true,2024-01-24,2024-10-17T21:08:44.423Z,2024-01-24T05:07:15.236Z,2024-10-17T21:08:44.423Z
1809,1651,NA540242791,AGENT,,MRU,54613,12000,500000,15000000,ACTIVE,true,2023-11-23,2024-09-26T05:42:36.796Z,2023-11-23T10:44:01.869Z,2024-09-26T05:42:36.796Z
1810,1652,NW328208476,WALLET,,MRU,239211,252000,500000,15000000,ACTIVE,true,2022-03-14,2022-09-06T05:32:48.029Z,2022-03-14T08:35:28.034Z,2022-09-06T05:32:48.029Z
1811,1652,NS573813081,SAVINGS,,MRU,1456000,356000,500000,15000000,ACTIVE,false,2022-03-14,2023-06-02T05:07:39.544Z,2022-03-14T08:35:28.034Z,2023-06-02T05:07:39.544Z
1812,1652,NS117998242,SAVINGS,,MRU,55160,78000,500000,15000000,ACTIVE,false,2022-03-14,2024-04-19T08:01:11.225Z,2022-03-14T08:35:28.034Z,2024-04-19T08:01:11.225Z
1813,1653,NW650316596,WALLET,,MRU,35129,39000,500000,15000000,ACTIVE,true,2022-09-28,2022-10-31T17:14:27.247Z,2022-09-28T13:51:16.056Z,2022-10-31T17:14:27.247Z
1814,1654,NW019197702,WALLET,,MRU,40000,40000,500000,15000000,ACTIVE,true,2023-01-30,2023-03-05T01:04:38.099Z,2023-01-30T01:48:19.455Z,2023-03-05T01:04:38.099Z
1815,1655,NM769275308,MERCHANT,,MRU,38000,38000,500000,15000000,ACTIVE,true,2022-06-27,2023-12-13T14:33:20.182Z,2022-06-27T07:10:18.262Z,2023-12-13T14:33:20.182Z
1816,1656,NS613459706,SAVINGS,,MRU,1200,9100,500000,15000000,ACTIVE,true,2024-08-30,2024-12-02T11:49:11.804Z,2024-08-30T10:29:07.953Z,2024-12-02T11:49:11.804Z
1817,1657,NW512290001,WALLET,,MRU,11000,11000,500000,15000000,ACTIVE,true,2024-02-27,2024-05-13T06:17:00.754Z,2024-02-27T13:29:05.721Z,2024-05-13T06:17:00.754Z
1818,1658,NW145119667,WALLET,,MRU,41000,41000,500000,15000000,DORMANT,true,2024-07-06,2024-11-02T07:48:47.227Z,2024-07-06T06:52:31.090Z,2024-11-02T07:48:47.227Z
1819,1659,NW956243396,WALLET,,MRU,1600,10000,500000,15000000,ACTIVE,true,2022-04-04,2023-01-18T15:23:09.638Z,2022-04-04T00:53:32.948Z,2023-01-18T15:23:09.638Z
1820,1660,NW231851816,WALLET,,MRU,4042000,454000,500000,15000000,ACTIVE,true,2024-12-12,2024-12-19T16:03:05.880Z,2024-12-12T18:10:58.499Z,2024-12-19T16:03:05.880Z
1821,1660,NW472002178,WALLET,,MRU,60000,60000,500000,15000000,ACTIVE,false,2024-12-12,2024-12-27T18:15:25.563Z,2024-12-12T18:10:58.499Z,2024-12-27T18:15:25.563Z
1822,1660,NS279763102,SAVINGS,,MRU,524706,490000,500000,15000000,ACTIVE,false,2024-12-12,2024-12-26T11:44:30.328Z,2024-12-12T18:10:58.499Z,2024-12-26T11:44:30.328Z
1823,1661,NM162712574,MERCHANT,,MRU,9400,9400,500000,15000000,DORMANT,true,2022-04-02,2024-01-24T00:24:21.555Z,2022-04-02T03:34:31.653Z,2024-01-24T00:24:21.555Z
1824,1662,NW700888872,WALLET,,MRU,200,11000,500000,15000000,ACTIVE,true,2023-05-25,2023-10-02T21:55:59.246Z,2023-05-25T21:19:07.003Z,2023-10-02T21:55:59.246Z
1825,1663,NW624571740,WALLET,,MRU,4400,4400,500000,15000000,ACTIVE,true,2023-06-17,2023-08-19T06:53:25.366Z,2023-06-17T11:07:15.804Z,2023-08-19T06:53:25.366Z
1826,1664,NW672703713,WALLET,,MRU,43000,43000,500000,15000000,ACTIVE,true,2023-05-08,2023-07-20T07:15:02.057Z,2023-05-08T14:13:56.913Z,2023-07-20T07:15:02.057Z
1827,1665,NC636452675,CORPORATE,,MRU,35900,41000,500000,15000000,ACTIVE,true,2022-11-24,2022-12-29T22:31:23.724Z,2022-11-24T18:22:02.059Z,2022-12-29T22:31:23.724Z
1828,1666,NW297766149,WALLET,,MRU,19000,19000,500000,15000000,FROZEN,true,2024-04-23,2024-06-11T03:48:37.354Z,2024-04-23T11:16:29.702Z,2024-06-11T03:48:37.354Z
1829,1667,NW673848510,WALLET,,MRU,468000,18000,500000,15000000,ACTIVE,true,2024-11-21,2024-12-02T18:11:21.870Z,2024-11-21T17:23:26.972Z,2024-12-02T18:11:21.870Z
1830,1668,NW495061785,WALLET,,MRU,12000,12000,500000,15000000,DORMANT,true,2023-03-24,2023-05-31T17:36:33.068Z,2023-03-24T04:02:07.259Z,2023-05-31T17:36:33.068Z
1831,1669,NA022110581,AGENT,,MRU,249950,250000,500000,15000000,ACTIVE,true,2024-04-01,2024-04-20T21:47:33.196Z,2024-04-01T08:44:28.416Z,2024-04-20T21:47:33.196Z
1832,1669,NW285584029,WALLET,,MRU,356050,355000,500000,15000000,ACTIVE,false,2024-04-01,2024-06-14T20:02:37.200Z,2024-04-01T08:44:28.416Z,2024-06-14T20:02:37.200Z
1833,1670,NS273584962,SAVINGS,,MRU,24000,24000,500000,15000000,ACTIVE,true,2023-12-09,2024-12-17T08:54:54.335Z,2023-12-09T17:02:41.510Z,2024-12-17T08:54:54.335Z
1834,1671,NA249395489,AGENT,,MRU,15000,15000,500000,15000000,FROZEN,true,2024-08-10,2024-09-13T21:11:09.286Z,2024-08-10T20:41:50.043Z,2024-09-13T21:11:09.286Z
1835,1672,NW519553184,WALLET,,MRU,33000,33000,500000,15000000,ACTIVE,true,2022-12-22,2023-03-24T02:51:15.549Z,2022-12-22T22:42:08.562Z,2023-03-24T02:51:15.549Z
1836,1673,NS350490927,SAVINGS,,MRU,11000,11000,500000,15000000,DORMANT,true,2023-06-04,2024-10-26T22:50:22.029Z,2023-06-04T09:56:10.180Z,2024-10-26T22:50:22.029Z
1837,1674,NW511063367,WALLET,,MRU,37,4300,500000,15000000,ACTIVE,true,2023-07-27,2023-09-10T17:03:01.057Z,2023-07-27T02:38:49.317Z,2023-09-10T17:03:01.057Z
1838,1675,NM577022314,MERCHANT,,MRU,9000,9000,500000,15000000,ACTIVE,true,2022-08-14,2023-10-31T03:01:20.843Z,2022-08-14T17:53:11.770Z,2023-10-31T03:01:20.843Z
1839,1676,NM036661863,MERCHANT,,MRU,679250,15000,500000,15000000,ACTIVE,true,2022-08-08,2024-02-09T10:42:11.746Z,2022-08-08T03:13:52.295Z,2024-02-09T10:42:11.746Z
1840,1677,NS121248960,SAVINGS,,MRU,58000,19000,500000,15000000,ACTIVE,true,2022-09-01,2024-03-26T12:31:37.762Z,2022-09-01T14:02:23.034Z,2024-03-26T12:31:37.762Z
1841,1678,NW624642014,WALLET,,MRU,1288,8800,500000,15000000,ACTIVE,true,2022-07-05,2023-11-22T09:40:11.300Z,2022-07-05T20:44:28.071Z,2023-11-22T09:40:11.300Z
1842,1679,NW652736664,WALLET,,MRU,18000,18000,500000,15000000,ACTIVE,true,2023-06-06,2023-08-29T14:09:53.256Z,2023-06-06T12:58:00.005Z,2023-08-29T14:09:53.256Z
1843,1680,NM625073790,MERCHANT,,MRU,589600,6600,500000,15000000,ACTIVE,true,2022-02-19,2023-04-24T16:59:30.215Z,2022-02-19T20:37:28.230Z,2023-04-24T16:59:30.215Z
1844,1681,NC932174921,CORPORATE,,MRU,17000,17000,500000,15000000,ACTIVE,true,2024-08-07,2024-11-22T00:13:43.936Z,2024-08-07T06:19:20.101Z,2024-11-22T00:13:43.936Z
1845,1682,NW155072450,WALLET,,MRU,14000,14000,500000,15000000,ACTIVE,true,2024-05-06,2024-10-16T00:12:27.016Z,2024-05-06T01:05:26.912Z,2024-10-16T00:12:27.016Z
1846,1683,NS778695226,SAVINGS,,MRU,5250,40000,500000,15000000,ACTIVE,true,2023-01-06,2024-03-28T23:00:27.179Z,2023-01-06T03:34:10.761Z,2024-03-28T23:00:27.179Z
1847,1684,NW159754425,WALLET,,MRU,4400,4400,500000,15000000,ACTIVE,true,2022-08-21,2024-04-27T01:05:45.483Z,2022-08-21T12:35:36.717Z,2024-04-27T01:05:45.483Z
1848,1685,NS947529912,SAVINGS,,MRU,8700,8700,500000,15000000,DORMANT,true,2023-03-02,2023-04-06T23:47:53.429Z,2023-03-02T05:38:27.231Z,2023-04-06T23:47:53.429Z
1849,1686,NW392187804,WALLET,,MRU,4000,4000,500000,15000000,ACTIVE,true,2023-09-04,2024-02-20T06:06:38.671Z,2023-09-04T03:17:25.967Z,2024-02-20T06:06:38.671Z
1850,1687,NS208069086,SAVINGS,,MRU,200,11000,500000,15000000,ACTIVE,true,2024-05-14,2024-07-30T05:54:46.727Z,2024-05-14T03:46:58.975Z,2024-07-30T05:54:46.727Z
1851,1688,NM032974362,MERCHANT,,MRU,833,48000,500000,15000000,ACTIVE,true,2023-09-24,2024-08-16T22:58:34.577Z,2023-09-24T16:16:16.040Z,2024-08-16T22:58:34.577Z
1852,1689,NW748436481,WALLET,,MRU,6242,16000,500000,15000000,ACTIVE,true,2022-12-14,2024-10-11T03:43:18.918Z,2022-12-14T14:48:03.750Z,2024-10-11T03:43:18.918Z
1853,1690,NW097486376,WALLET,,MRU,5600,5600,500000,15000000,FROZEN,true,2022-11-18,2024-03-26T20:16:16.917Z,2022-11-18T09:17:20.162Z,2024-03-26T20:16:16.917Z
1854,1691,NM128493547,MERCHANT,,MRU,18000,18000,500000,15000000,ACTIVE,true,2023-07-20,2023-12-29T16:46:42.980Z,2023-07-20T04:13:11.565Z,2023-12-29T16:46:42.980Z
1855,1692,NA380038380,AGENT,,MRU,27000,27000,500000,15000000,ACTIVE,true,2023-05-28,2023-06-14T15:47:48.135Z,2023-05-28T14:44:17.383Z,2023-06-14T15:47:48.135Z
1856,1693,NA200120568,AGENT,,MRU,5500,5500,500000,15000000,FROZEN,true,2022-09-11,2022-11-27T13:50:31.515Z,2022-09-11T21:03:56.635Z,2022-11-27T13:50:31.515Z
1857,1694,NM764289260,MERCHANT,,MRU,32000,32000,500000,15000000,FROZEN,true,2022-11-09,2022-11-16T01:34:19.627Z,2022-11-09T17:08:53.854Z,2022-11-16T01:34:19.627Z
1858,1695,NM917256236,MERCHANT,,MRU,2950,19000,500000,15000000,ACTIVE,true,2024-10-17,2024-10-21T03:15:32.655Z,2024-10-17T17:33:24.970Z,2024-10-21T03:15:32.655Z
1859,1696,NW618207156,WALLET,,MRU,39000,39000,500000,15000000,DORMANT,true,2022-08-08,2024-12-07T10:54:15.792Z,2022-08-08T03:10:06.732Z,2024-12-07T10:54:15.792Z
1860,1697,NW158175945,WALLET,,MRU,4700,12000,500000,15000000,ACTIVE,true,2024-08-16,2024-08-29T22:41:51.757Z,2024-08-16T04:32:28.889Z,2024-08-29T22:41:51.757Z
1861,1698,NW233517140,WALLET,,MRU,4000,4000,500000,15000000,ACTIVE,true,2022-02-17,2024-10-26T16:10:53.684Z,2022-02-17T23:21:41.483Z,2024-10-26T16:10:53.684Z
1862,1699,NS129121065,SAVINGS,,MRU,47000,47000,500000,15000000,ACTIVE,true,2024-10-16,2024-11-03T21:45:19.827Z,2024-10-16T05:29:19.601Z,2024-11-03T21:45:19.827Z
1863,1700,NW109723240,WALLET,,MRU,36000,36000,500000,15000000,ACTIVE,true,2023-05-25,2024-12-01T05:58:05.656Z,2023-05-25T12:02:21.115Z,2024-12-01T05:58:05.656Z
1864,1701,NW501131087,WALLET,,MRU,5728234,13000,500000,15000000,ACTIVE,true,2024-09-22,2024-09-25T18:49:02.888Z,2024-09-22T08:42:15.511Z,2024-09-25T18:49:02.888Z
1865,1702,NW159916639,WALLET,,MRU,14000,14000,500000,15000000,ACTIVE,true,2023-05-11,2023-11-03T08:13:08.488Z,2023-05-11T05:16:18.717Z,2023-11-03T08:13:08.488Z
1866,1703,NW831026703,WALLET,,MRU,200,1800,500000,15000000,ACTIVE,true,2023-11-25,2024-10-29T12:07:54.522Z,2023-11-25T06:01:43.117Z,2024-10-29T12:07:54.522Z
1867,1704,NW028740406,WALLET,,MRU,218,15000,500000,15000000,ACTIVE,true,2022-09-15,2024-09-17T10:07:33.450Z,2022-09-15T23:34:55.056Z,2024-09-17T10:07:33.450Z
1868,1705,NS245801448,SAVINGS,,MRU,35400,17000,500000,15000000,ACTIVE,true,2023-09-29,2023-10-03T07:53:30.253Z,2023-09-29T11:15:29.348Z,2023-10-03T07:53:30.253Z
1869,1706,NA193351268,AGENT,,MRU,726477,3500,500000,15000000,ACTIVE,true,2022-12-12,2024-12-09T16:15:10.234Z,2022-12-12T22:24:34.178Z,2024-12-09T16:15:10.234Z
1870,1707,NS239771127,SAVINGS,,MRU,19000,19000,500000,15000000,ACTIVE,true,2022-12-01,2024-11-25T03:58:56.052Z,2022-12-01T14:33:21.572Z,2024-11-25T03:58:56.052Z
1871,1708,NM923830151,MERCHANT,,MRU,1200,48000,500000,15000000,ACTIVE,true,2023-07-22,2023-10-04T20:20:30.160Z,2023-07-22T14:55:07.488Z,2023-10-04T20:20:30.160Z
1872,1709,NC517751217,CORPORATE,,MRU,4900,4900,500000,15000000,DORMANT,true,2024-02-09,2024-06-03T15:25:31.216Z,2024-02-09T16:35:44.091Z,2024-06-03T15:25:31.216Z
1873,1710,NW475903868,WALLET,,MRU,72000,40000,500000,15000000,ACTIVE,true,2024-09-15,2024-10-02T18:17:04.233Z,2024-09-15T16:36:22.446Z,2024-10-02T18:17:04.233Z
1874,1711,NS220126748,SAVINGS,,MRU,1250,18000,500000,15000000,ACTIVE,true,2024-08-06,2024-09-03T18:07:46.890Z,2024-08-06T03:53:26.329Z,2024-09-03T18:07:46.890Z
1875,1712,NW863572478,WALLET,,MRU,8900,8900,500000,15000000,DORMANT,true,2024-05-12,2024-08-14T17:57:41.809Z,2024-05-12T04:59:28.490Z,2024-08-14T17:57:41.809Z
1876,1713,NW810411364,WALLET,,MRU,11000,11000,500000,15000000,ACTIVE,true,2022-12-07,2023-02-04T19:48:18.928Z,2022-12-07T11:42:15.912Z,2023-02-04T19:48:18.928Z
1877,1714,NW009976029,WALLET,,MRU,614950,658000,500000,15000000,ACTIVE,true,2023-04-25,2024-05-06T21:49:07.016Z,2023-04-25T05:18:22.974Z,2024-05-06T21:49:07.016Z
1878,1714,NS743996739,SAVINGS,,MRU,442000,445000,500000,15000000,ACTIVE,false,2023-04-25,2023-09-29T19:42:58.304Z,2023-04-25T05:18:22.974Z,2023-09-29T19:42:58.304Z
1879,1714,NS043811321,SAVINGS,,MRU,1039000,1039000,500000,15000000,FROZEN,false,2023-04-25,2024-04-26T08:30:34.520Z,2023-04-25T05:18:22.974Z,2024-04-26T08:30:34.520Z
1880,1715,NA117254614,AGENT,,MRU,46000,38000,500000,15000000,ACTIVE,true,2024-07-24,2024-11-11T23:13:06.633Z,2024-07-24T07:38:01.238Z,2024-11-11T23:13:06.633Z
1881,1716,NW200139194,WALLET,,MRU,38000,38000,500000,15000000,ACTIVE,true,2023-06-18,2024-07-10T22:34:34.245Z,2023-06-18T20:59:23.910Z,2024-07-10T22:34:34.245Z
1882,1717,NW009053945,WALLET,,MRU,5100,5100,500000,15000000,FROZEN,true,2023-05-15,2023-12-14T15:29:05.706Z,2023-05-15T22:17:43.443Z,2023-12-14T15:29:05.706Z
1883,1718,NW512212544,WALLET,,MRU,1123,13000,500000,15000000,ACTIVE,true,2024-04-06,2024-10-02T03:31:21.318Z,2024-04-06T12:28:44.424Z,2024-10-02T03:31:21.318Z
1884,1719,NW936361462,WALLET,,MRU,100,4900,500000,15000000,ACTIVE,true,2023-11-28,2024-07-17T06:48:39.853Z,2023-11-28T16:11:35.222Z,2024-07-17T06:48:39.853Z
1885,1720,NW534097701,WALLET,,MRU,20000,20000,500000,15000000,ACTIVE,true,2023-07-16,2023-09-17T07:39:51.929Z,2023-07-16T01:20:47.434Z,2023-09-17T07:39:51.929Z
1886,1721,NS311505079,SAVINGS,,MRU,47000,47000,500000,15000000,ACTIVE,true,2023-03-27,2024-01-10T23:07:04.898Z,2023-03-27T06:31:19.432Z,2024-01-10T23:07:04.898Z
1887,1722,NW888938695,WALLET,,MRU,1611,6500,500000,15000000,ACTIVE,true,2022-02-02,2023-01-19T14:35:59.015Z,2022-02-02T16:36:33.549Z,2023-01-19T14:35:59.015Z
1888,1723,NS111569404,SAVINGS,,MRU,2200,2200,500000,15000000,ACTIVE,true,2023-06-21,2023-09-07T20:52:59.105Z,2023-06-21T13:46:58.660Z,2023-09-07T20:52:59.105Z
1889,1724,NW966141283,WALLET,,MRU,1925,18000,500000,15000000,ACTIVE,true,2023-12-09,2024-04-06T13:42:35.756Z,2023-12-09T15:30:46.493Z,2024-04-06T13:42:35.756Z
1890,1725,NW342164635,WALLET,,MRU,5000,5000,500000,15000000,ACTIVE,true,2024-10-09,2024-12-03T13:03:43.024Z,2024-10-09T08:37:04.270Z,2024-12-03T13:03:43.024Z
1891,1726,NW930802464,WALLET,,MRU,23000,23000,500000,15000000,ACTIVE,true,2024-12-13,2024-12-18T07:03:12.135Z,2024-12-13T16:19:07.105Z,2024-12-18T07:03:12.135Z
1892,1727,NC578920841,CORPORATE,,MRU,17000,17000,500000,15000000,FROZEN,true,2024-11-01,2024-12-28T13:59:17.651Z,2024-11-01T16:39:57.031Z,2024-12-28T13:59:17.651Z
1893,1728,NW067999392,WALLET,,MRU,158,17000,500000,15000000,ACTIVE,true,2023-04-27,2024-01-23T06:56:45.126Z,2023-04-27T12:58:47.022Z,2024-01-23T06:56:45.126Z
1894,1729,NM165954828,MERCHANT,,MRU,41000,41000,500000,15000000,DORMANT,true,2022-08-03,2024-08-08T20:58:22.394Z,2022-08-03T18:16:11.894Z,2024-08-08T20:58:22.394Z
1895,1730,NM214004635,MERCHANT,,MRU,45000,45000,500000,15000000,ACTIVE,true,2022-05-21,2024-08-31T07:12:07.662Z,2022-05-21T13:43:08.824Z,2024-08-31T07:12:07.662Z
1896,1731,NS397275209,SAVINGS,,MRU,21000,21000,500000,15000000,ACTIVE,true,2023-06-30,2024-07-25T22:08:52.200Z,2023-06-30T21:56:55.582Z,2024-07-25T22:08:52.200Z
1897,1732,NM995201707,MERCHANT,,MRU,49300,24000,500000,15000000,ACTIVE,true,2022-09-19,2024-03-16T14:31:47.575Z,2022-09-19T11:20:55.936Z,2024-03-16T14:31:47.575Z
1898,1733,NS932107925,SAVINGS,,MRU,45000,45000,500000,15000000,ACTIVE,true,2023-08-03,2024-07-12T15:12:28.669Z,2023-08-03T01:55:57.283Z,2024-07-12T15:12:28.669Z
1899,1734,NM025497436,MERCHANT,,MRU,2000,2000,500000,15000000,FROZEN,true,2023-08-19,2024-09-24T06:50:20.690Z,2023-08-19T23:00:33.676Z,2024-09-24T06:50:20.690Z
1900,1735,NS449775696,SAVINGS,,MRU,28000,28000,500000,15000000,ACTIVE,true,2023-12-09,2024-12-08T16:24:45.318Z,2023-12-09T00:45:26.395Z,2024-12-08T16:24:45.318Z
1901,1736,NS058571219,SAVINGS,,MRU,11650,6300,500000,15000000,ACTIVE,true,2022-07-31,2024-04-25T19:12:07.575Z,2022-07-31T02:19:06.222Z,2024-04-25T19:12:07.575Z
1902,1737,NM126739263,MERCHANT,,MRU,70000,30000,500000,15000000,ACTIVE,true,2024-01-07,2024-06-22T09:36:04.721Z,2024-01-07T16:04:02.192Z,2024-06-22T09:36:04.721Z
1903,1738,NW969316151,WALLET,,MRU,7152,12000,500000,15000000,ACTIVE,true,2023-10-11,2024-09-18T05:58:13.136Z,2023-10-11T21:02:51.312Z,2024-09-18T05:58:13.136Z
1904,1739,NW314352154,WALLET,,MRU,622051,21000,500000,15000000,ACTIVE,true,2023-05-03,2023-07-14T12:06:39.298Z,2023-05-03T17:27:01.223Z,2023-07-14T12:06:39.298Z
1905,1740,NM691155791,MERCHANT,,MRU,49000,49000,500000,15000000,ACTIVE,true,2024-10-01,2024-11-27T12:12:21.565Z,2024-10-01T21:02:18.014Z,2024-11-27T12:12:21.565Z
1906,1741,NW078955680,WALLET,,MRU,9700,9700,500000,15000000,ACTIVE,true,2024-02-16,2024-09-05T20:52:02.120Z,2024-02-16T22:26:00.313Z,2024-09-05T20:52:02.120Z
1907,1742,NW811827421,WALLET,,MRU,15950,22000,500000,15000000,ACTIVE,true,2022-08-18,2022-12-23T08:42:53.511Z,2022-08-18T17:48:26.243Z,2022-12-23T08:42:53.511Z
1908,1743,NC362324834,CORPORATE,,MRU,458,30000,500000,15000000,ACTIVE,true,2023-09-26,2024-11-28T22:43:30.598Z,2023-09-26T13:34:29.403Z,2024-11-28T22:43:30.598Z
1909,1744,NW972097993,WALLET,,MRU,88000,25000,500000,15000000,ACTIVE,true,2024-04-14,2024-05-31T19:06:12.979Z,2024-04-14T17:35:42.958Z,2024-05-31T19:06:12.979Z
1910,1745,NW488194942,WALLET,,MRU,5100,18000,500000,15000000,ACTIVE,true,2022-01-22,2023-08-02T19:09:44.749Z,2022-01-22T03:30:26.865Z,2023-08-02T19:09:44.749Z
1911,1746,NW461453944,WALLET,,MRU,722,6000,500000,15000000,ACTIVE,true,2024-09-26,2024-10-07T08:27:36.133Z,2024-09-26T08:31:12.165Z,2024-10-07T08:27:36.133Z
1912,1747,NC129259347,CORPORATE,,MRU,27000,27000,500000,15000000,CLOSED,true,2024-12-18,2024-12-22T04:55:42.756Z,2024-12-18T15:18:45.170Z,2024-12-22T04:55:42.756Z
1913,1748,NW711807996,WALLET,,MRU,1488,9000,500000,15000000,ACTIVE,true,2023-09-28,2024-09-05T13:40:21.579Z,2023-09-28T03:49:46.923Z,2024-09-05T13:40:21.579Z
1914,1749,NW670539379,WALLET,,MRU,3100,3100,500000,15000000,ACTIVE,true,2022-03-25,2024-09-29T23:37:09.061Z,2022-03-25T18:12:30.592Z,2024-09-29T23:37:09.061Z
1915,1750,NW019919633,WALLET,,MRU,1448,19000,500000,15000000,ACTIVE,true,2024-05-07,2024-12-27T20:24:48.067Z,2024-05-07T06:59:05.862Z,2024-12-27T20:24:48.067Z
1916,1751,NW545136720,WALLET,,MRU,1372250,3300,500000,15000000,ACTIVE,true,2022-09-15,2024-11-02T15:58:25.207Z,2022-09-15T03:34:49.692Z,2024-11-02T15:58:25.207Z
1917,1752,NS310415029,SAVINGS,,MRU,20000,20000,500000,15000000,ACTIVE,true,2024-04-30,2024-05-25T22:33:13.380Z,2024-04-30T21:24:02.896Z,2024-05-25T22:33:13.380Z
1918,1753,NW180465877,WALLET,,MRU,24600,16000,500000,15000000,ACTIVE,true,2023-07-14,2023-09-25T14:11:15.061Z,2023-07-14T06:18:19.717Z,2023-09-25T14:11:15.061Z
1919,1754,NW316401481,WALLET,,MRU,0,39000,500000,15000000,ACTIVE,true,2023-03-04,2023-10-02T15:54:28.504Z,2023-03-04T14:16:36.139Z,2023-10-02T15:54:28.504Z
1920,1755,NM828732490,MERCHANT,,MRU,19000,19000,500000,15000000,ACTIVE,true,2023-04-02,2023-07-02T05:25:05.691Z,2023-04-02T23:17:26.021Z,2023-07-02T05:25:05.691Z
1921,1756,NW378397405,WALLET,,MRU,2556000,36000,500000,15000000,ACTIVE,true,2024-12-07,2024-12-28T07:51:47.305Z,2024-12-07T21:43:10.361Z,2024-12-28T07:51:47.305Z
1922,1757,NW294358521,WALLET,,MRU,1376,3000,500000,15000000,ACTIVE,true,2024-01-29,2024-02-27T12:42:49.550Z,2024-01-29T10:52:20.276Z,2024-02-27T12:42:49.550Z
1923,1758,NW331146240,WALLET,,MRU,65000,13000,500000,15000000,ACTIVE,true,2022-04-25,2024-02-26T01:05:34.623Z,2022-04-25T20:02:09.073Z,2024-02-26T01:05:34.623Z
1924,1759,NW816053390,WALLET,,MRU,58500,45000,500000,15000000,ACTIVE,true,2023-05-15,2023-11-25T18:22:58.604Z,2023-05-15T03:18:23.741Z,2023-11-25T18:22:58.604Z
1925,1760,NW006979346,WALLET,,MRU,125,29000,500000,15000000,ACTIVE,true,2023-10-29,2024-02-09T08:14:46.770Z,2023-10-29T08:11:43.526Z,2024-02-09T08:14:46.770Z
1926,1761,NA372611165,AGENT,,MRU,196100,23000,500000,15000000,ACTIVE,true,2022-12-27,2023-09-21T17:46:50.854Z,2022-12-27T11:20:21.055Z,2023-09-21T17:46:50.854Z
1927,1762,NW250216484,WALLET,,MRU,28000,28000,500000,15000000,ACTIVE,true,2024-11-13,2024-12-06T15:22:56.167Z,2024-11-13T13:03:13.878Z,2024-12-06T15:22:56.167Z
1928,1763,NA369572639,AGENT,,MRU,1675,41000,500000,15000000,ACTIVE,true,2024-03-19,2024-04-14T04:26:40.682Z,2024-03-19T22:50:31.717Z,2024-04-14T04:26:40.682Z
1929,1764,NS509765386,SAVINGS,,MRU,671400,732000,500000,15000000,ACTIVE,true,2024-06-25,2024-10-25T01:21:30.790Z,2024-06-25T22:50:37.203Z,2024-10-25T01:21:30.790Z
1930,1764,NS504301786,SAVINGS,,MRU,545000,545000,500000,15000000,ACTIVE,false,2024-06-25,2024-12-10T09:34:49.803Z,2024-06-25T22:50:37.203Z,2024-12-10T09:34:49.803Z
1931,1765,NW403444051,WALLET,,MRU,44708,41000,500000,15000000,ACTIVE,true,2023-03-30,2024-12-25T15:20:15.878Z,2023-03-30T09:15:56.413Z,2024-12-25T15:20:15.878Z
1932,1766,NM428856611,MERCHANT,,MRU,3750,12000,500000,15000000,ACTIVE,true,2023-12-11,2024-04-18T08:40:56.693Z,2023-12-11T09:04:39.381Z,2024-04-18T08:40:56.693Z
1933,1767,NW929688573,WALLET,,MRU,309000,219000,500000,15000000,ACTIVE,true,2022-10-27,2023-10-24T20:48:52.815Z,2022-10-27T16:07:06.806Z,2023-10-24T20:48:52.815Z
1934,1767,NS979723573,SAVINGS,,MRU,446000,446000,500000,15000000,ACTIVE,false,2022-10-27,2022-12-02T03:54:08.825Z,2022-10-27T16:07:06.806Z,2022-12-02T03:54:08.825Z
1935,1767,NS207290053,SAVINGS,,MRU,448000,448000,500000,15000000,ACTIVE,false,2022-10-27,2023-12-21T03:45:41.645Z,2022-10-27T16:07:06.806Z,2023-12-21T03:45:41.645Z
1936,1768,NW788004041,WALLET,,MRU,18000,18000,500000,15000000,ACTIVE,true,2023-11-21,2023-11-28T01:02:08.640Z,2023-11-21T01:53:39.529Z,2023-11-28T01:02:08.640Z
1937,1769,NS074568748,SAVINGS,,MRU,36000,38000,500000,15000000,ACTIVE,true,2022-01-01,2022-11-26T12:10:54.863Z,2022-01-01T15:21:48.059Z,2022-11-26T12:10:54.863Z
1938,1770,NS633106112,SAVINGS,,MRU,33000,33000,500000,15000000,ACTIVE,true,2024-03-24,2024-06-27T05:37:01.093Z,2024-03-24T00:06:10.419Z,2024-06-27T05:37:01.093Z
1939,1771,NW952158332,WALLET,,MRU,14000,14000,500000,15000000,ACTIVE,true,2022-12-04,2023-05-14T19:01:30.013Z,2022-12-04T19:11:58.752Z,2023-05-14T19:01:30.013Z
1940,1772,NW478418648,WALLET,,MRU,3900,3900,500000,15000000,ACTIVE,true,2023-07-26,2023-08-26T18:18:37.549Z,2023-07-26T17:16:33.544Z,2023-08-26T18:18:37.549Z
1941,1773,NW807966679,WALLET,,MRU,37720,43000,500000,15000000,ACTIVE,true,2023-02-18,2024-05-03T07:58:13.464Z,2023-02-18T11:36:37.194Z,2024-05-03T07:58:13.464Z
1942,1774,NA688914776,AGENT,,MRU,722000,18000,500000,15000000,ACTIVE,true,2022-09-19,2024-12-04T22:31:37.046Z,2022-09-19T13:22:34.311Z,2024-12-04T22:31:37.046Z
1943,1775,NW748332500,WALLET,,MRU,958000,13000,500000,15000000,ACTIVE,true,2024-03-31,2024-07-13T16:09:41.230Z,2024-03-31T11:05:02.548Z,2024-07-13T16:09:41.230Z
1944,1776,NW560313701,WALLET,,MRU,150,22000,500000,15000000,ACTIVE,true,2023-07-08,2024-01-29T21:08:04.097Z,2023-07-08T08:45:04.856Z,2024-01-29T21:08:04.097Z
1945,1777,NW528666973,WALLET,,MRU,24000,24000,500000,15000000,ACTIVE,true,2024-03-01,2024-08-18T08:08:32.306Z,2024-03-01T14:15:03.368Z,2024-08-18T08:08:32.306Z
1946,1778,NM285716533,MERCHANT,,MRU,65000,45000,500000,15000000,ACTIVE,true,2023-09-15,2024-10-28T03:11:54.958Z,2023-09-15T10:38:00.587Z,2024-10-28T03:11:54.958Z
1947,1779,NA403239727,AGENT,,MRU,24000,24000,500000,15000000,ACTIVE,true,2024-11-25,2024-12-02T03:48:36.082Z,2024-11-25T19:44:55.847Z,2024-12-02T03:48:36.082Z
1948,1780,NW574967682,WALLET,,MRU,41750,39000,500000,15000000,ACTIVE,true,2022-09-05,2022-11-06T15:32:13.185Z,2022-09-05T06:32:30.841Z,2022-11-06T15:32:13.185Z
1949,1781,NS874954581,SAVINGS,,MRU,2189964,12000,500000,15000000,ACTIVE,true,2024-11-30,2024-12-10T12:24:07.512Z,2024-11-30T00:20:37.323Z,2024-12-10T12:24:07.512Z
1950,1782,NW800306171,WALLET,,MRU,36000,36000,500000,15000000,ACTIVE,true,2022-06-29,2024-07-04T08:12:41.290Z,2022-06-29T09:53:42.829Z,2024-07-04T08:12:41.290Z
1951,1783,NW806078941,WALLET,,MRU,38300,33000,500000,15000000,ACTIVE,true,2023-12-18,2024-07-22T11:16:08.866Z,2023-12-18T23:56:53.336Z,2024-07-22T11:16:08.866Z
1952,1784,NW735746741,WALLET,,MRU,211,13000,500000,15000000,ACTIVE,true,2024-07-06,2024-12-01T15:49:30.390Z,2024-07-06T02:01:46.608Z,2024-12-01T15:49:30.390Z
1953,1785,NC741557121,CORPORATE,,MRU,38000,38000,500000,15000000,ACTIVE,true,2022-12-21,2023-04-20T12:17:06.623Z,2022-12-21T23:05:05.037Z,2023-04-20T12:17:06.623Z
1954,1786,NS119293570,SAVINGS,,MRU,29808,30000,500000,15000000,ACTIVE,true,2022-07-15,2024-02-23T23:31:50.664Z,2022-07-15T18:28:30.671Z,2024-02-23T23:31:50.664Z
1955,1787,NW565177709,WALLET,,MRU,9000,9000,500000,15000000,ACTIVE,true,2023-02-18,2024-12-20T09:23:51.570Z,2023-02-18T02:22:23.562Z,2024-12-20T09:23:51.570Z
1956,1788,NS976409912,SAVINGS,,MRU,44000,44000,500000,15000000,ACTIVE,true,2024-06-11,2024-11-05T17:21:35.251Z,2024-06-11T03:16:20.995Z,2024-11-05T17:21:35.251Z
1957,1789,NW677137404,WALLET,,MRU,27500,5900,500000,15000000,ACTIVE,true,2024-05-24,2024-07-18T10:47:08.108Z,2024-05-24T06:58:39.395Z,2024-07-18T10:47:08.108Z
1958,1790,NW160929024,WALLET,,MRU,0,2000,500000,15000000,ACTIVE,true,2022-06-11,2023-07-20T12:18:46.064Z,2022-06-11T19:09:08.934Z,2023-07-20T12:18:46.064Z
1959,1791,NW724336862,WALLET,,MRU,6760,23000,500000,15000000,ACTIVE,true,2022-06-11,2024-10-06T19:02:27.456Z,2022-06-11T19:34:42.763Z,2024-10-06T19:02:27.456Z
1960,1792,NW730857134,WALLET,,MRU,41000,41000,500000,15000000,ACTIVE,true,2024-05-13,2024-11-25T09:31:00.277Z,2024-05-13T08:43:25.515Z,2024-11-25T09:31:00.277Z
1961,1793,NS550730347,SAVINGS,,MRU,638500,15000,500000,15000000,ACTIVE,true,2024-07-10,2024-10-19T12:52:41.901Z,2024-07-10T22:52:13.763Z,2024-10-19T12:52:41.901Z
1962,1794,NW499014050,WALLET,,MRU,1247000,17000,500000,15000000,ACTIVE,true,2023-09-21,2024-12-25T20:03:06.656Z,2023-09-21T18:14:24.220Z,2024-12-25T20:03:06.656Z
1963,1795,NS038298606,SAVINGS,,MRU,10600,36000,500000,15000000,ACTIVE,true,2022-05-09,2022-09-08T14:36:40.794Z,2022-05-09T14:40:14.007Z,2022-09-08T14:36:40.794Z
1964,1795,NS094278812,SAVINGS,,MRU,190000,170000,500000,15000000,ACTIVE,false,2022-05-09,2023-03-12T16:06:55.610Z,2022-05-09T14:40:14.007Z,2023-03-12T16:06:55.610Z
1965,1795,NW850068480,WALLET,,MRU,225000,55000,500000,15000000,ACTIVE,false,2022-05-09,2024-11-30T01:59:02.676Z,2022-05-09T14:40:14.007Z,2024-11-30T01:59:02.676Z
1966,1796,NW312998891,WALLET,,MRU,27000,27000,500000,15000000,ACTIVE,true,2023-02-11,2024-11-04T22:48:19.163Z,2023-02-11T19:13:26.539Z,2024-11-04T22:48:19.163Z
1967,1797,NW162434250,WALLET,,MRU,13000,13000,500000,15000000,ACTIVE,true,2022-01-23,2022-04-10T03:14:14.247Z,2022-01-23T02:24:32.979Z,2022-04-10T03:14:14.247Z
1968,1798,NW078741073,WALLET,,MRU,453174,11000,500000,15000000,ACTIVE,true,2023-04-13,2023-11-02T18:34:47.673Z,2023-04-13T21:51:02.341Z,2023-11-02T18:34:47.673Z
1969,1799,NW355744123,WALLET,,MRU,8800,8800,500000,15000000,ACTIVE,true,2023-12-13,2024-10-31T20:47:38.281Z,2023-12-13T05:27:56.704Z,2024-10-31T20:47:38.281Z
1970,1800,NS681850076,SAVINGS,,MRU,42575,46000,500000,15000000,ACTIVE,true,2024-06-05,2024-10-20T09:51:34.148Z,2024-06-05T11:18:03.802Z,2024-10-20T09:51:34.148Z
1971,1801,NM358645558,MERCHANT,,MRU,1425,45000,500000,15000000,ACTIVE,true,2023-01-28,2023-12-10T23:29:30.618Z,2023-01-28T04:59:02.928Z,2023-12-10T23:29:30.618Z
1972,1802,NW734251976,WALLET,,MRU,40400,25000,500000,15000000,ACTIVE,true,2023-03-12,2023-11-27T18:20:57.374Z,2023-03-12T13:01:03.985Z,2023-11-27T18:20:57.374Z
1973,1803,NW291712641,WALLET,,MRU,558000,300000,500000,15000000,ACTIVE,true,2024-09-09,2024-11-21T11:09:59.434Z,2024-09-09T16:17:45.630Z,2024-11-21T11:09:59.434Z
1974,1803,NS000203490,SAVINGS,,MRU,78000,78000,500000,15000000,ACTIVE,false,2024-09-09,2024-10-22T10:01:50.262Z,2024-09-09T16:17:45.630Z,2024-10-22T10:01:50.262Z
1975,1804,NW938891888,WALLET,,MRU,35100,13000,500000,15000000,ACTIVE,true,2024-04-27,2024-09-26T08:42:52.937Z,2024-04-27T20:38:39.083Z,2024-09-26T08:42:52.937Z
1976,1805,NW075061347,WALLET,,MRU,3100,3100,500000,15000000,ACTIVE,true,2024-01-22,2024-06-10T06:36:13.556Z,2024-01-22T15:19:46.883Z,2024-06-10T06:36:13.556Z
1977,1806,NW353305846,WALLET,,MRU,6500,6500,500000,15000000,ACTIVE,true,2023-05-22,2023-12-25T21:47:52.144Z,2023-05-22T04:24:21.758Z,2023-12-25T21:47:52.144Z
1978,1807,NW095683336,WALLET,,MRU,22000,22000,500000,15000000,ACTIVE,true,2023-04-26,2023-05-14T02:13:33.345Z,2023-04-26T17:38:38.265Z,2023-05-14T02:13:33.345Z
1979,1808,NW147205472,WALLET,,MRU,45000,45000,500000,15000000,ACTIVE,true,2022-01-29,2023-02-03T11:50:12.380Z,2022-01-29T07:00:26.766Z,2023-02-03T11:50:12.380Z
1980,1809,NW144951343,WALLET,,MRU,24586,66000,500000,15000000,ACTIVE,true,2024-07-28,2024-11-03T22:51:38.850Z,2024-07-28T23:02:47.584Z,2024-11-03T22:51:38.850Z
1981,1809,NS242453813,SAVINGS,,MRU,273800,315000,500000,15000000,ACTIVE,false,2024-07-28,2024-08-15T12:25:35.064Z,2024-07-28T23:02:47.584Z,2024-08-15T12:25:35.064Z
1982,1810,NA234556675,AGENT,,MRU,28375,43000,500000,15000000,ACTIVE,true,2024-09-27,2024-10-21T07:33:04.237Z,2024-09-27T15:02:35.204Z,2024-10-21T07:33:04.237Z
1983,1811,NM258580565,MERCHANT,,MRU,5100,11000,500000,15000000,ACTIVE,true,2023-09-04,2024-12-25T17:46:05.221Z,2023-09-04T19:04:14.021Z,2024-12-25T17:46:05.221Z
1984,1812,NW733497649,WALLET,,MRU,936000,12000,500000,15000000,ACTIVE,true,2022-05-30,2023-03-15T15:17:19.032Z,2022-05-30T19:24:16.269Z,2023-03-15T15:17:19.032Z
1985,1813,NW232695847,WALLET,,MRU,1113780,4300,500000,15000000,ACTIVE,true,2023-12-06,2024-04-20T03:31:47.421Z,2023-12-06T15:22:13.198Z,2024-04-20T03:31:47.421Z
1986,1814,NS658112883,SAVINGS,,MRU,42000,42000,500000,15000000,DORMANT,true,2022-08-10,2024-08-29T12:02:21.065Z,2022-08-10T21:19:04.921Z,2024-08-29T12:02:21.065Z
1987,1815,NM246126055,MERCHANT,,MRU,24000,24000,500000,15000000,ACTIVE,true,2024-12-22,2024-12-23T06:19:05.797Z,2024-12-22T11:14:53.833Z,2024-12-23T06:19:05.797Z
1988,1816,NW292285680,WALLET,,MRU,2000,2000,500000,15000000,ACTIVE,true,2022-09-06,2024-03-24T04:20:51.757Z,2022-09-06T22:44:43.372Z,2024-03-24T04:20:51.757Z
1989,1817,NW332369446,WALLET,,MRU,1283,9200,500000,15000000,ACTIVE,true,2024-09-26,2024-10-23T12:04:03.909Z,2024-09-26T06:26:00.915Z,2024-10-23T12:04:03.909Z
1990,1818,NW281141307,WALLET,,MRU,150,3300,500000,15000000,ACTIVE,true,2024-11-15,2024-12-03T19:13:02.548Z,2024-11-15T00:12:48.583Z,2024-12-03T19:13:02.548Z
1991,1819,NW850670725,WALLET,,MRU,295000,16000,500000,15000000,ACTIVE,true,2023-10-19,2024-08-01T23:09:53.093Z,2023-10-19T10:06:03.939Z,2024-08-01T23:09:53.093Z
1992,1820,NW488804608,WALLET,,MRU,17000,17000,500000,15000000,ACTIVE,true,2024-10-19,2024-10-22T12:38:26.874Z,2024-10-19T17:15:40.217Z,2024-10-22T12:38:26.874Z
1993,1821,NW878216267,WALLET,,MRU,60,47000,500000,15000000,ACTIVE,true,2022-03-28,2024-04-19T16:19:54.891Z,2022-03-28T00:52:34.353Z,2024-04-19T16:19:54.891Z
1994,1822,NS563301563,SAVINGS,,MRU,9200,9200,500000,15000000,ACTIVE,true,2023-05-30,2023-11-10T11:38:07.062Z,2023-05-30T10:56:09.558Z,2023-11-10T11:38:07.062Z
1995,1823,NW025959402,WALLET,,MRU,45000,45000,500000,15000000,ACTIVE,true,2022-06-04,2023-10-29T23:17:29.635Z,2022-06-04T00:14:54.358Z,2023-10-29T23:17:29.635Z
1996,1824,NS805756092,SAVINGS,,MRU,2150,8400,500000,15000000,ACTIVE,true,2024-11-03,2024-12-03T11:33:59.146Z,2024-11-03T20:44:11.204Z,2024-12-03T11:33:59.146Z
1997,1825,NW237560656,WALLET,,MRU,8700,45000,500000,15000000,ACTIVE,true,2023-11-29,2024-04-27T02:37:17.098Z,2023-11-29T23:49:19.449Z,2024-04-27T02:37:17.098Z
1998,1826,NW131856828,WALLET,,MRU,4500,4500,500000,15000000,ACTIVE,true,2023-08-07,2024-11-08T22:40:51.607Z,2023-08-07T21:37:16.898Z,2024-11-08T22:40:51.607Z
1999,1827,NW240405440,WALLET,,MRU,21000,21000,500000,15000000,ACTIVE,true,2023-08-29,2024-11-04T15:16:40.558Z,2023-08-29T02:45:28.403Z,2024-11-04T15:16:40.558Z
2000,1828,NM474486112,MERCHANT,,MRU,34000,34000,500000,15000000,ACTIVE,true,2022-02-26,2023-08-25T23:04:21.369Z,2022-02-26T21:18:17.793Z,2023-08-25T23:04:21.369Z
2001,1829,NW022187948,WALLET,,MRU,455200,46000,500000,15000000,ACTIVE,true,2022-06-26,2023-12-27T20:45:55.072Z,2022-06-26T18:08:21.148Z,2023-12-27T20:45:55.072Z
2002,1830,NA149324178,AGENT,,MRU,31000,31000,500000,15000000,ACTIVE,true,2024-12-23,2024-12-24T11:15:36.826Z,2024-12-23T08:41:10.230Z,2024-12-24T11:15:36.826Z
2003,1831,NW644469261,WALLET,,MRU,24000,24000,500000,15000000,ACTIVE,true,2024-11-05,2024-11-15T22:52:00.371Z,2024-11-05T02:27:27.036Z,2024-11-15T22:52:00.371Z
2004,1832,NA956582785,AGENT,,MRU,425000,425000,500000,15000000,DORMANT,true,2024-07-09,2024-07-22T06:21:39.067Z,2024-07-09T23:04:58.751Z,2024-07-22T06:21:39.067Z
2005,1832,NS010761380,SAVINGS,,MRU,151770,161000,500000,15000000,ACTIVE,false,2024-07-09,2024-10-20T16:35:35.574Z,2024-07-09T23:04:58.751Z,2024-10-20T16:35:35.574Z
2006,1833,NW425602913,WALLET,,MRU,33000,33000,500000,15000000,ACTIVE,true,2022-08-09,2024-08-25T23:53:19.249Z,2022-08-09T22:53:47.184Z,2024-08-25T23:53:19.249Z
2007,1834,NM915801048,MERCHANT,,MRU,47000,47000,500000,15000000,ACTIVE,true,2024-07-15,2024-12-05T10:39:30.503Z,2024-07-15T01:19:20.983Z,2024-12-05T10:39:30.503Z
2008,1835,NS702914595,SAVINGS,,MRU,1100,1100,500000,15000000,ACTIVE,true,2022-04-23,2024-03-07T23:23:54.564Z,2022-04-23T03:21:54.171Z,2024-03-07T23:23:54.564Z
2009,1836,NW677717238,WALLET,,MRU,1900,1900,500000,15000000,ACTIVE,true,2023-06-22,2024-03-18T14:59:42.614Z,2023-06-22T07:13:01.578Z,2024-03-18T14:59:42.614Z
2010,1837,NS337751746,SAVINGS,,MRU,45000,45000,500000,15000000,FROZEN,true,2022-09-17,2022-12-05T21:14:30.796Z,2022-09-17T15:16:01.053Z,2022-12-05T21:14:30.796Z
2011,1838,NS507429361,SAVINGS,,MRU,16000,16000,500000,15000000,ACTIVE,true,2024-11-27,2024-12-09T11:36:23.359Z,2024-11-27T03:26:36.915Z,2024-12-09T11:36:23.359Z
2012,1839,NW508636504,WALLET,,MRU,1112750,34000,500000,15000000,ACTIVE,true,2022-11-10,2024-12-22T00:38:23.657Z,2022-11-10T05:14:56.026Z,2024-12-22T00:38:23.657Z
2013,1840,NS494542122,SAVINGS,,MRU,37000,37000,500000,15000000,ACTIVE,true,2024-07-21,2024-08-29T14:21:14.118Z,2024-07-21T20:31:25.057Z,2024-08-29T14:21:14.118Z
2014,1841,NW695909858,WALLET,,MRU,750,750,500000,15000000,ACTIVE,true,2023-06-29,2024-03-26T11:05:42.756Z,2023-06-29T07:10:28.708Z,2024-03-26T11:05:42.756Z
2015,1842,NM076600074,MERCHANT,,MRU,113500,6100,500000,15000000,ACTIVE,true,2022-11-24,2023-01-06T19:25:28.224Z,2022-11-24T03:43:05.418Z,2023-01-06T19:25:28.224Z
2016,1843,NW210740327,WALLET,,MRU,2550,14000,500000,15000000,ACTIVE,true,2023-05-16,2023-09-07T15:03:25.004Z,2023-05-16T20:58:20.350Z,2023-09-07T15:03:25.004Z
2017,1844,NW382065355,WALLET,,MRU,2000,36000,500000,15000000,ACTIVE,true,2023-07-16,2023-10-07T21:41:25.495Z,2023-07-16T13:21:50.427Z,2023-10-07T21:41:25.495Z
2018,1845,NW519569754,WALLET,,MRU,28000,12000,500000,15000000,ACTIVE,true,2023-12-15,2024-07-13T09:24:51.150Z,2023-12-15T00:36:02.766Z,2024-07-13T09:24:51.150Z
2019,1846,NA394072532,AGENT,,MRU,1,27000,500000,15000000,ACTIVE,true,2023-12-09,2024-10-06T05:40:08.477Z,2023-12-09T17:02:41.510Z,2024-10-06T05:40:08.477Z
2020,1847,NA449479103,AGENT,,MRU,510,47000,500000,15000000,ACTIVE,true,2022-03-20,2022-04-29T15:07:34.914Z,2022-03-20T09:48:35.513Z,2022-04-29T15:07:34.914Z
2021,1848,NC095503330,CORPORATE,,MRU,11000,11000,500000,15000000,ACTIVE,true,2023-03-05,2024-06-29T10:40:49.015Z,2023-03-05T19:19:47.258Z,2024-06-29T10:40:49.015Z
2022,1849,NW175343751,WALLET,,MRU,11000,11000,500000,15000000,ACTIVE,true,2022-10-07,2023-10-24T14:53:00.134Z,2022-10-07T22:50:25.034Z,2023-10-24T14:53:00.134Z
2023,1850,NW155869633,WALLET,,MRU,17000,17000,500000,15000000,ACTIVE,true,2023-05-27,2024-03-05T14:15:43.266Z,2023-05-27T08:58:12.378Z,2024-03-05T14:15:43.266Z
2024,1851,NS136373519,SAVINGS,,MRU,10344,14000,500000,15000000,ACTIVE,true,2023-01-11,2023-12-29T15:38:04.727Z,2023-01-11T15:04:30.948Z,2023-12-29T15:38:04.727Z
2025,1852,NW152573376,WALLET,,MRU,2256,12000,500000,15000000,ACTIVE,true,2024-05-30,2024-08-30T07:58:25.524Z,2024-05-30T00:07:34.354Z,2024-08-30T07:58:25.524Z
2026,1853,NC047009468,CORPORATE,,MRU,501950,2400,500000,15000000,ACTIVE,true,2022-07-25,2023-04-30T16:05:57.437Z,2022-07-25T00:04:08.230Z,2023-04-30T16:05:57.437Z
2027,1854,NW284600973,WALLET,,MRU,4200,4200,500000,15000000,ACTIVE,true,2023-10-26,2024-03-04T18:54:38.366Z,2023-10-26T20:37:37.916Z,2024-03-04T18:54:38.366Z
2028,1855,NM594071030,MERCHANT,,MRU,100,36000,500000,15000000,ACTIVE,true,2023-07-27,2023-11-09T23:36:03.876Z,2023-07-27T21:04:02.034Z,2023-11-09T23:36:03.876Z
2029,1856,NW260581493,WALLET,,MRU,41000,41000,500000,15000000,ACTIVE,true,2022-06-05,2023-05-15T13:58:08.456Z,2022-06-05T13:50:54.744Z,2023-05-15T13:58:08.456Z
2030,1857,NM330939769,MERCHANT,,MRU,465100,500,500000,15000000,ACTIVE,true,2024-08-07,2024-09-04T04:02:58.503Z,2024-08-07T06:19:20.101Z,2024-09-04T04:02:58.503Z
2031,1858,NW419584393,WALLET,,MRU,2700,2700,500000,15000000,ACTIVE,true,2022-12-11,2023-10-03T23:04:34.746Z,2022-12-11T09:30:48.909Z,2023-10-03T23:04:34.746Z
2032,1859,NW865901470,WALLET,,MRU,550,550,500000,15000000,ACTIVE,true,2022-09-18,2024-07-13T03:03:04.572Z,2022-09-18T01:11:52.796Z,2024-07-13T03:03:04.572Z
2033,1860,NS796527743,SAVINGS,,MRU,27000,27000,500000,15000000,ACTIVE,true,2022-11-08,2023-01-05T05:40:38.980Z,2022-11-08T20:38:44.293Z,2023-01-05T05:40:38.980Z
2034,1861,NW995694935,WALLET,,MRU,14000,14000,500000,15000000,ACTIVE,true,2022-02-13,2023-12-21T03:03:18.631Z,2022-02-13T01:01:20.552Z,2023-12-21T03:03:18.631Z
2035,1862,NW277976542,WALLET,,MRU,8225,43000,500000,15000000,ACTIVE,true,2023-08-21,2024-06-29T20:58:55.221Z,2023-08-21T02:49:32.392Z,2024-06-29T20:58:55.221Z
2036,1863,NW819352031,WALLET,,MRU,20000,20000,500000,15000000,DORMANT,true,2022-07-07,2023-02-22T22:57:06.998Z,2022-07-07T02:41:18.750Z,2023-02-22T22:57:06.998Z
2037,1864,NW010424971,WALLET,,MRU,20000,20000,500000,15000000,ACTIVE,true,2024-04-25,2024-08-23T05:19:19.562Z,2024-04-25T17:55:28.614Z,2024-08-23T05:19:19.562Z
2038,1865,NW432157606,WALLET,,MRU,879500,36000,500000,15000000,ACTIVE,true,2023-05-29,2024-10-15T05:09:55.112Z,2023-05-29T21:36:43.575Z,2024-10-15T05:09:55.112Z
2039,1866,NS150285959,SAVINGS,,MRU,23830,35000,500000,15000000,ACTIVE,true,2022-08-17,2023-04-24T19:22:04.683Z,2022-08-17T22:41:26.956Z,2023-04-24T19:22:04.683Z
2040,1867,NS255891800,SAVINGS,,MRU,390950,386000,500000,15000000,ACTIVE,true,2022-04-23,2024-07-29T17:04:04.473Z,2022-04-23T00:56:16.423Z,2024-07-29T17:04:04.473Z
2041,1867,NW260688811,WALLET,,MRU,293150,290000,500000,15000000,ACTIVE,false,2022-04-23,2023-05-04T22:23:19.077Z,2022-04-23T00:56:16.423Z,2023-05-04T22:23:19.077Z
2042,1868,NW148589521,WALLET,,MRU,462,17000,500000,15000000,ACTIVE,true,2024-08-08,2024-09-11T03:02:52.426Z,2024-08-08T18:52:47.682Z,2024-09-11T03:02:52.426Z
2043,1869,NW584883868,WALLET,,MRU,65475,39000,500000,15000000,ACTIVE,true,2022-08-09,2024-06-24T16:21:44.344Z,2022-08-09T22:59:48.085Z,2024-06-24T16:21:44.344Z
2044,1870,NW035611629,WALLET,,MRU,27450,32000,500000,15000000,ACTIVE,true,2022-01-25,2023-03-04T19:52:31.775Z,2022-01-25T05:03:57.885Z,2023-03-04T19:52:31.775Z
2045,1871,NW231683969,WALLET,,MRU,14000,14000,500000,15000000,ACTIVE,true,2022-06-10,2023-02-18T03:12:29.827Z,2022-06-10T11:45:53.125Z,2023-02-18T03:12:29.827Z
2046,1872,NS368013501,SAVINGS,,MRU,1800,1800,500000,15000000,FROZEN,true,2023-06-14,2023-12-05T03:25:27.188Z,2023-06-14T15:50:17.743Z,2023-12-05T03:25:27.188Z
2047,1873,NW415389538,WALLET,,MRU,12000,12000,500000,15000000,ACTIVE,true,2024-09-06,2024-11-01T16:40:54.357Z,2024-09-06T04:02:53.554Z,2024-11-01T16:40:54.357Z
2048,1874,NW126372695,WALLET,,MRU,500,6300,500000,15000000,ACTIVE,true,2022-06-08,2024-07-21T23:16:07.144Z,2022-06-08T03:17:21.870Z,2024-07-21T23:16:07.144Z
2049,1875,NC416926145,CORPORATE,,MRU,124100,18000,500000,15000000,ACTIVE,true,2023-01-10,2024-03-25T12:20:16.343Z,2023-01-10T16:05:11.865Z,2024-03-25T12:20:16.343Z
2050,1876,NS315717458,SAVINGS,,MRU,9200,12000,500000,15000000,ACTIVE,true,2023-05-09,2024-08-07T04:07:06.520Z,2023-05-09T05:49:08.541Z,2024-08-07T04:07:06.520Z
2051,1877,NS850971937,SAVINGS,,MRU,27000,27000,500000,15000000,ACTIVE,true,2022-09-11,2022-10-26T20:36:10.182Z,2022-09-11T14:58:54.463Z,2022-10-26T20:36:10.182Z
2052,1878,NW636859059,WALLET,,MRU,6600,8200,500000,15000000,ACTIVE,true,2023-05-11,2024-08-20T17:00:36.682Z,2023-05-11T05:16:18.717Z,2024-08-20T17:00:36.682Z
2053,1879,NW808529526,WALLET,,MRU,49000,49000,500000,15000000,DORMANT,true,2024-01-29,2024-03-20T17:44:25.773Z,2024-01-29T02:03:00.999Z,2024-03-20T17:44:25.773Z
2054,1880,NS793301463,SAVINGS,,MRU,200,7300,500000,15000000,ACTIVE,true,2022-09-22,2023-12-04T10:10:43.369Z,2022-09-22T08:07:16.759Z,2023-12-04T10:10:43.369Z
2055,1881,NW437545061,WALLET,,MRU,9800,9800,500000,15000000,ACTIVE,true,2023-08-27,2024-10-16T06:24:56.243Z,2023-08-27T01:11:36.753Z,2024-10-16T06:24:56.243Z
2056,1882,NW902572900,WALLET,,MRU,6900,6900,500000,15000000,FROZEN,true,2023-03-09,2024-04-19T18:26:06.061Z,2023-03-09T02:05:42.567Z,2024-04-19T18:26:06.061Z
2057,1883,NC621229052,CORPORATE,,MRU,854000,854000,500000,15000000,ACTIVE,true,2022-09-01,2024-01-09T09:58:50.022Z,2022-09-01T16:53:48.709Z,2024-01-09T09:58:50.022Z
2058,1883,NW862684995,WALLET,,MRU,465000,465000,500000,15000000,ACTIVE,false,2022-09-01,2024-11-19T15:34:24.614Z,2022-09-01T16:53:48.709Z,2024-11-19T15:34:24.614Z
2059,1884,NC216151237,CORPORATE,,MRU,6650,44000,500000,15000000,ACTIVE,true,2022-06-25,2024-05-23T06:58:07.558Z,2022-06-25T03:30:18.972Z,2024-05-23T06:58:07.558Z
2060,1885,NS668075442,SAVINGS,,MRU,655000,23000,500000,15000000,ACTIVE,true,2023-12-02,2024-05-16T19:43:44.754Z,2023-12-02T20:57:36.996Z,2024-05-16T19:43:44.754Z
2061,1886,NW389974951,WALLET,,MRU,100,12000,500000,15000000,ACTIVE,true,2024-09-15,2024-11-02T01:46:33.676Z,2024-09-15T16:36:22.446Z,2024-11-02T01:46:33.676Z
2062,1887,NW314120054,WALLET,,MRU,3500,3500,500000,15000000,ACTIVE,true,2023-01-05,2024-04-21T21:41:03.247Z,2023-01-05T11:37:22.145Z,2024-04-21T21:41:03.247Z
2063,1888,NW052938103,WALLET,,MRU,102000,16000,500000,15000000,ACTIVE,true,2024-05-07,2024-06-01T08:54:08.608Z,2024-05-07T19:43:42.567Z,2024-06-01T08:54:08.608Z
2064,1889,NW168971419,WALLET,,MRU,3626,35000,500000,15000000,ACTIVE,true,2022-05-06,2023-01-07T04:08:50.193Z,2022-05-06T10:11:43.027Z,2023-01-07T04:08:50.193Z
2065,1890,NW801127937,WALLET,,MRU,221,15000,500000,15000000,ACTIVE,true,2023-05-24,2024-11-09T02:20:16.053Z,2023-05-24T23:42:44.052Z,2024-11-09T02:20:16.053Z
2066,1891,NC376892566,CORPORATE,,MRU,31000,31000,500000,15000000,ACTIVE,true,2022-10-29,2023-10-12T00:03:59.943Z,2022-10-29T21:53:02.459Z,2023-10-12T00:03:59.943Z
2067,1892,NW762114435,WALLET,,MRU,600,600,500000,15000000,FROZEN,true,2022-07-06,2023-09-01T23:24:14.794Z,2022-07-06T19:58:26.850Z,2023-09-01T23:24:14.794Z
2068,1893,NW899799108,WALLET,,MRU,174900,9900,500000,15000000,ACTIVE,true,2023-04-10,2023-05-01T07:36:38.187Z,2023-04-10T10:59:01.110Z,2023-05-01T07:36:38.187Z
2069,1894,NW535238385,WALLET,,MRU,41000,41000,500000,15000000,ACTIVE,true,2024-04-06,2024-04-12T21:45:07.013Z,2024-04-06T12:28:44.424Z,2024-04-12T21:45:07.013Z
2070,1895,NW501305222,WALLET,,MRU,39000,39000,500000,15000000,ACTIVE,true,2024-01-07,2024-04-16T01:14:42.322Z,2024-01-07T09:43:38.031Z,2024-04-16T01:14:42.322Z
2071,1896,NS355175137,SAVINGS,,MRU,197900,17000,500000,15000000,ACTIVE,true,2022-12-20,2023-06-04T09:34:53.108Z,2022-12-20T20:42:00.790Z,2023-06-04T09:34:53.108Z
2072,1897,NW077580452,WALLET,,MRU,28000,28000,500000,15000000,ACTIVE,true,2023-01-22,2024-05-09T14:00:38.092Z,2023-01-22T03:19:47.785Z,2024-05-09T14:00:38.092Z
2073,1898,NS533516794,SAVINGS,,MRU,126000,126000,500000,15000000,ACTIVE,true,2024-11-02,2024-11-11T20:37:30.398Z,2024-11-02T22:25:16.924Z,2024-11-11T20:37:30.398Z
2074,1898,NS811646581,SAVINGS,,MRU,539630,700000,500000,15000000,ACTIVE,false,2024-11-02,2024-12-28T22:57:02.464Z,2024-11-02T22:25:16.924Z,2024-12-28T22:57:02.464Z
2075,1898,NS029162049,SAVINGS,,MRU,959000,959000,500000,15000000,DORMANT,false,2024-11-02,2024-11-23T00:18:01.144Z,2024-11-02T22:25:16.924Z,2024-11-23T00:18:01.144Z
2076,1899,NW926062733,WALLET,,MRU,1175400,5400,500000,15000000,ACTIVE,true,2022-11-11,2023-01-25T12:05:55.981Z,2022-11-11T08:40:13.695Z,2023-01-25T12:05:55.981Z
2077,1900,NM991147399,MERCHANT,,MRU,20000,20000,500000,15000000,ACTIVE,true,2024-08-15,2024-10-15T10:09:07.601Z,2024-08-15T10:42:25.187Z,2024-10-15T10:09:07.601Z
2078,1901,NW854171753,WALLET,,MRU,12505,46000,500000,15000000,ACTIVE,true,2022-01-25,2023-04-11T01:41:44.203Z,2022-01-25T09:55:52.856Z,2023-04-11T01:41:44.203Z
2079,1902,NW978606135,WALLET,,MRU,386066,368000,500000,15000000,ACTIVE,true,2023-03-14,2024-12-06T05:57:04.686Z,2023-03-14T23:32:42.429Z,2024-12-06T05:57:04.686Z
2080,1902,NS773333311,SAVINGS,,MRU,665000,165000,500000,15000000,ACTIVE,false,2023-03-14,2024-08-11T07:54:40.075Z,2023-03-14T23:32:42.429Z,2024-08-11T07:54:40.075Z
2081,1903,NW853429556,WALLET,,MRU,403700,40000,500000,15000000,ACTIVE,true,2022-10-21,2024-02-07T08:47:50.977Z,2022-10-21T05:24:40.622Z,2024-02-07T08:47:50.977Z
2082,1904,NM260784864,MERCHANT,,MRU,550,550,500000,15000000,ACTIVE,true,2022-04-16,2022-11-07T02:06:08.070Z,2022-04-16T20:47:54.886Z,2022-11-07T02:06:08.070Z
2083,1905,NW627465039,WALLET,,MRU,9100,9100,500000,15000000,ACTIVE,true,2022-05-07,2024-07-24T18:10:25.005Z,2022-05-07T09:08:52.411Z,2024-07-24T18:10:25.005Z
2084,1906,NW488247990,WALLET,,MRU,11000,11000,500000,15000000,DORMANT,true,2023-02-15,2023-04-26T18:56:29.121Z,2023-02-15T05:24:57.328Z,2023-04-26T18:56:29.121Z
2085,1907,NW391615569,WALLET,,MRU,0,5000,500000,15000000,ACTIVE,true,2023-01-18,2024-01-31T16:23:57.349Z,2023-01-18T02:47:11.780Z,2024-01-31T16:23:57.349Z
2086,1908,NW431494623,WALLET,,MRU,187000,48000,500000,15000000,ACTIVE,true,2022-09-19,2024-11-10T16:40:30.641Z,2022-09-19T11:20:55.936Z,2024-11-10T16:40:30.641Z
2087,1909,NW468152165,WALLET,,MRU,1400,42000,500000,15000000,ACTIVE,true,2023-12-06,2024-10-30T17:17:56.367Z,2023-12-06T10:46:50.705Z,2024-10-30T17:17:56.367Z
2088,1910,NA536940217,AGENT,,MRU,850,8100,500000,15000000,ACTIVE,true,2024-03-25,2024-08-21T10:21:29.869Z,2024-03-25T09:10:11.318Z,2024-08-21T10:21:29.869Z
2089,1911,NW556927919,WALLET,,MRU,1627500,683000,500000,15000000,ACTIVE,true,2023-06-10,2024-03-13T22:12:47.984Z,2023-06-10T00:51:15.094Z,2024-03-13T22:12:47.984Z
2090,1911,NS524770975,SAVINGS,,MRU,670000,670000,500000,15000000,ACTIVE,false,2023-06-10,2023-10-12T00:47:25.467Z,2023-06-10T00:51:15.094Z,2023-10-12T00:47:25.467Z
2091,1912,NW224213600,WALLET,,MRU,6400,6400,500000,15000000,FROZEN,true,2022-04-01,2022-07-29T08:09:31.083Z,2022-04-01T02:35:53.763Z,2022-07-29T08:09:31.083Z
2092,1913,NW681157198,WALLET,,MRU,176650,28000,500000,15000000,ACTIVE,true,2022-09-19,2022-12-06T03:02:21.612Z,2022-09-19T08:57:44.804Z,2022-12-06T03:02:21.612Z
2093,1913,NW988555074,WALLET,,MRU,284000,284000,500000,15000000,ACTIVE,false,2022-09-19,2023-07-01T08:29:52.350Z,2022-09-19T08:57:44.804Z,2023-07-01T08:29:52.350Z
2094,1914,NA422171116,AGENT,,MRU,19764,9400,500000,15000000,ACTIVE,true,2023-07-26,2024-09-10T10:41:17.919Z,2023-07-26T20:33:33.047Z,2024-09-10T10:41:17.919Z
2095,1915,NS975595832,SAVINGS,,MRU,15000,15000,500000,15000000,ACTIVE,true,2022-01-26,2024-03-12T00:50:05.579Z,2022-01-26T11:43:59.720Z,2024-03-12T00:50:05.579Z
2096,1916,NW071541786,WALLET,,MRU,18000,18000,500000,15000000,ACTIVE,true,2024-12-16,2024-12-19T07:57:01.234Z,2024-12-16T11:41:01.217Z,2024-12-19T07:57:01.234Z
2097,1917,NC167809724,CORPORATE,,MRU,13000,13000,500000,15000000,ACTIVE,true,2022-07-13,2024-05-25T18:51:06.507Z,2022-07-13T00:34:29.095Z,2024-05-25T18:51:06.507Z
2098,1918,NW079106450,WALLET,,MRU,7500,7500,500000,15000000,ACTIVE,true,2022-09-07,2023-07-12T01:18:42.375Z,2022-09-07T07:20:41.901Z,2023-07-12T01:18:42.375Z
2099,1919,NW611901641,WALLET,,MRU,10550,7800,500000,15000000,ACTIVE,true,2024-03-24,2024-11-12T07:31:57.055Z,2024-03-24T15:51:50.804Z,2024-11-12T07:31:57.055Z
2100,1920,NM950145721,MERCHANT,,MRU,2550,9200,500000,15000000,ACTIVE,true,2024-12-13,2024-12-25T13:11:47.907Z,2024-12-13T22:18:13.663Z,2024-12-25T13:11:47.907Z
2101,1921,NW153726488,WALLET,,MRU,11000,11000,500000,15000000,ACTIVE,true,2024-08-28,2024-10-20T09:19:12.958Z,2024-08-28T15:20:25.237Z,2024-10-20T09:19:12.958Z
2102,1922,NA191812038,AGENT,,MRU,25344,29000,500000,15000000,ACTIVE,true,2023-09-17,2024-01-07T10:45:11.453Z,2023-09-17T13:10:08.465Z,2024-01-07T10:45:11.453Z
2103,1923,NW356834173,WALLET,,MRU,14700,2700,500000,15000000,ACTIVE,true,2022-12-18,2023-02-14T06:03:28.248Z,2022-12-18T18:31:06.991Z,2023-02-14T06:03:28.248Z
2104,1924,NW297854542,WALLET,,MRU,53000,45000,500000,15000000,ACTIVE,true,2023-12-26,2024-10-21T15:03:03.412Z,2023-12-26T03:29:19.853Z,2024-10-21T15:03:03.412Z
2105,1925,NW598003983,WALLET,,MRU,35000,35000,500000,15000000,ACTIVE,true,2024-07-22,2024-12-22T15:33:23.127Z,2024-07-22T09:03:06.389Z,2024-12-22T15:33:23.127Z
2106,1926,NS855362058,SAVINGS,,MRU,1982146,12000,500000,15000000,ACTIVE,true,2022-06-17,2022-06-20T20:31:36.164Z,2022-06-17T19:30:37.389Z,2022-06-20T20:31:36.164Z
2107,1927,NW004829168,WALLET,,MRU,2000,25000,500000,15000000,ACTIVE,true,2023-12-15,2024-11-18T03:52:55.916Z,2023-12-15T12:50:03.951Z,2024-11-18T03:52:55.916Z
2108,1928,NW508407354,WALLET,,MRU,52900,34000,500000,15000000,ACTIVE,true,2023-09-14,2024-11-26T00:41:24.438Z,2023-09-14T11:18:34.742Z,2024-11-26T00:41:24.438Z
2109,1929,NM318207860,MERCHANT,,MRU,10940,10000,500000,15000000,ACTIVE,true,2022-04-16,2023-06-19T19:58:45.676Z,2022-04-16T22:12:18.776Z,2023-06-19T19:58:45.676Z
2110,1930,NM297167301,MERCHANT,,MRU,648400,20000,500000,15000000,ACTIVE,true,2023-09-07,2024-06-28T18:45:13.972Z,2023-09-07T04:05:27.674Z,2024-06-28T18:45:13.972Z
2111,1931,NW527779460,WALLET,,MRU,689000,41000,500000,15000000,ACTIVE,true,2023-04-13,2023-05-22T08:11:17.082Z,2023-04-13T06:11:59.510Z,2023-05-22T08:11:17.082Z
2112,1932,NW274186253,WALLET,,MRU,803700,3700,500000,15000000,ACTIVE,true,2022-11-08,2024-07-22T10:25:36.111Z,2022-11-08T05:41:22.393Z,2024-07-22T10:25:36.111Z
2113,1933,NM205599308,MERCHANT,,MRU,56540,14000,500000,15000000,ACTIVE,true,2022-06-12,2023-12-23T14:49:03.931Z,2022-06-12T13:32:45.787Z,2023-12-23T14:49:03.931Z
2114,1934,NW999993682,WALLET,,MRU,27675,30000,500000,15000000,ACTIVE,true,2024-07-02,2024-10-09T22:41:33.201Z,2024-07-02T07:28:42.889Z,2024-10-09T22:41:33.201Z
2115,1935,NM198482513,MERCHANT,,MRU,114,11000,500000,15000000,ACTIVE,true,2023-01-12,2023-01-21T11:41:42.216Z,2023-01-12T01:58:16.362Z,2023-01-21T11:41:42.216Z
2116,1936,NW759263873,WALLET,,MRU,15000,15000,500000,15000000,DORMANT,true,2022-06-18,2023-02-21T23:48:44.426Z,2022-06-18T19:32:18.352Z,2023-02-21T23:48:44.426Z
2117,1937,NW862625480,WALLET,,MRU,44000,44000,500000,15000000,ACTIVE,true,2023-06-06,2024-10-03T04:30:20.841Z,2023-06-06T19:04:43.681Z,2024-10-03T04:30:20.841Z
2118,1938,NC235066413,CORPORATE,,MRU,41000,41000,500000,15000000,ACTIVE,true,2024-07-06,2024-10-31T05:57:11.918Z,2024-07-06T18:17:28.678Z,2024-10-31T05:57:11.918Z
2119,1939,NM091432452,MERCHANT,,MRU,400,24000,500000,15000000,ACTIVE,true,2022-12-15,2023-11-01T14:45:42.757Z,2022-12-15T13:31:55.205Z,2023-11-01T14:45:42.757Z
2120,1940,NW423266649,WALLET,,MRU,12000,12000,500000,15000000,ACTIVE,true,2023-07-18,2023-11-05T22:39:43.155Z,2023-07-18T15:35:10.489Z,2023-11-05T22:39:43.155Z
2121,1941,NW917215347,WALLET,,MRU,526,11000,500000,15000000,ACTIVE,true,2022-04-09,2022-11-17T02:33:26.324Z,2022-04-09T15:02:00.881Z,2022-11-17T02:33:26.324Z
2122,1942,NW821951598,WALLET,,MRU,4200,4200,500000,15000000,DORMANT,true,2023-07-11,2024-09-19T00:43:12.129Z,2023-07-11T21:54:05.040Z,2024-09-19T00:43:12.129Z
2123,1943,NW829910517,WALLET,,MRU,22000,22000,500000,15000000,ACTIVE,true,2024-01-07,2024-05-04T02:49:21.799Z,2024-01-07T04:28:55.584Z,2024-05-04T02:49:21.799Z
2124,1944,NW907439858,WALLET,,MRU,9800,9800,500000,15000000,FROZEN,true,2023-03-14,2024-09-23T08:49:20.616Z,2023-03-14T07:42:42.647Z,2024-09-23T08:49:20.616Z
2125,1945,NW672516256,WALLET,,MRU,1248800,9800,500000,15000000,ACTIVE,true,2024-08-01,2024-11-28T12:38:11.760Z,2024-08-01T20:24:48.953Z,2024-11-28T12:38:11.760Z
2126,1946,NS346967935,SAVINGS,,MRU,273400,47000,500000,15000000,ACTIVE,true,2024-11-05,2024-11-24T06:27:16.524Z,2024-11-05T01:49:17.571Z,2024-11-24T06:27:16.524Z
2127,1947,NM411827326,MERCHANT,,MRU,8198,86000,500000,15000000,ACTIVE,true,2023-10-22,2024-09-17T18:38:29.231Z,2023-10-22T20:41:41.150Z,2024-09-17T18:38:29.231Z
2128,1947,NS574453592,SAVINGS,,MRU,485908,483000,500000,15000000,ACTIVE,false,2023-10-22,2024-05-04T17:05:48.417Z,2023-10-22T20:41:41.150Z,2024-05-04T17:05:48.417Z
2129,1948,NW619807392,WALLET,,MRU,16000,16000,500000,15000000,ACTIVE,true,2022-12-11,2023-11-19T14:02:39.335Z,2022-12-11T16:22:28.063Z,2023-11-19T14:02:39.335Z
2130,1949,NW773817092,WALLET,,MRU,38000,38000,500000,15000000,ACTIVE,true,2024-04-12,2024-11-24T05:01:52.630Z,2024-04-12T11:40:23.397Z,2024-11-24T05:01:52.630Z
2131,1950,NW732879400,WALLET,,MRU,16000,16000,500000,15000000,FROZEN,true,2022-03-26,2022-05-24T20:29:59.024Z,2022-03-26T07:55:03.787Z,2022-05-24T20:29:59.024Z
2132,1951,NW439073741,WALLET,,MRU,613000,13000,500000,15000000,ACTIVE,true,2024-02-01,2024-09-03T11:58:41.730Z,2024-02-01T20:35:53.440Z,2024-09-03T11:58:41.730Z
2133,1952,NS366220474,SAVINGS,,MRU,519,47000,500000,15000000,ACTIVE,true,2023-01-21,2023-06-20T13:41:15.293Z,2023-01-21T23:53:58.208Z,2023-06-20T13:41:15.293Z
2134,1953,NW956180032,WALLET,,MRU,26000,26000,500000,15000000,ACTIVE,true,2023-03-14,2024-08-03T19:04:14.483Z,2023-03-14T09:05:25.034Z,2024-08-03T19:04:14.483Z
2135,1954,NM694938898,MERCHANT,,MRU,578600,85000,500000,15000000,ACTIVE,true,2022-04-05,2023-11-24T08:26:54.684Z,2022-04-05T19:32:56.272Z,2023-11-24T08:26:54.684Z
2136,1954,NW879567295,WALLET,,MRU,68000,68000,500000,15000000,ACTIVE,false,2022-04-05,2023-02-23T00:52:40.734Z,2022-04-05T19:32:56.272Z,2023-02-23T00:52:40.734Z
2137,1955,NW568969607,WALLET,,MRU,1775,18000,500000,15000000,ACTIVE,true,2022-10-21,2024-05-18T07:15:06.801Z,2022-10-21T04:10:11.655Z,2024-05-18T07:15:06.801Z
2138,1956,NW625769019,WALLET,,MRU,1561800,47000,500000,15000000,ACTIVE,true,2023-09-17,2024-04-02T12:53:52.733Z,2023-09-17T04:13:57.535Z,2024-04-02T12:53:52.733Z
2139,1957,NW423540950,WALLET,,MRU,31000,31000,500000,15000000,ACTIVE,true,2024-06-17,2024-09-07T19:55:57.189Z,2024-06-17T18:41:40.799Z,2024-09-07T19:55:57.189Z
2140,1958,NS439478278,SAVINGS,,MRU,20000,11000,500000,15000000,ACTIVE,true,2023-05-05,2023-08-05T16:49:53.896Z,2023-05-05T18:22:20.852Z,2023-08-05T16:49:53.896Z
2141,1959,NW486185372,WALLET,,MRU,859100,4100,500000,15000000,ACTIVE,true,2022-05-21,2023-01-26T11:54:46.391Z,2022-05-21T10:03:24.664Z,2023-01-26T11:54:46.391Z
2142,1960,NS663352608,SAVINGS,,MRU,61650,4700,500000,15000000,ACTIVE,true,2022-04-10,2024-06-27T11:54:30.739Z,2022-04-10T23:57:45.541Z,2024-06-27T11:54:30.739Z
2143,1961,NW465254783,WALLET,,MRU,747925,15000,500000,15000000,ACTIVE,true,2022-01-26,2023-08-07T12:33:29.412Z,2022-01-26T03:39:02.087Z,2023-08-07T12:33:29.412Z
2144,1962,NW822846413,WALLET,,MRU,54,39000,500000,15000000,ACTIVE,true,2023-06-16,2023-07-09T06:15:28.892Z,2023-06-16T04:30:25.698Z,2023-07-09T06:15:28.892Z
2145,1963,NW777159154,WALLET,,MRU,108000,32000,500000,15000000,ACTIVE,true,2022-07-07,2023-11-19T05:12:22.007Z,2022-07-07T04:44:23.120Z,2023-11-19T05:12:22.007Z
2146,1964,NS235595464,SAVINGS,,MRU,12000,12000,500000,15000000,DORMANT,true,2024-01-16,2024-03-26T02:46:04.926Z,2024-01-16T08:29:15.119Z,2024-03-26T02:46:04.926Z
2147,1965,NW934361514,WALLET,,MRU,25000,25000,500000,15000000,ACTIVE,true,2023-11-24,2024-05-18T08:43:40.690Z,2023-11-24T00:18:27.284Z,2024-05-18T08:43:40.690Z
2148,1966,NW660947203,WALLET,,MRU,19000,19000,500000,15000000,ACTIVE,true,2022-01-01,2023-08-06T06:12:49.009Z,2022-01-01T01:11:51.073Z,2023-08-06T06:12:49.009Z
2149,1967,NW507673621,WALLET,,MRU,31412,37000,500000,15000000,ACTIVE,true,2024-12-26,2024-12-30T08:24:07.744Z,2024-12-26T15:30:28.546Z,2024-12-30T08:24:07.744Z
2150,1968,NC985346794,CORPORATE,,MRU,26000,26000,500000,15000000,FROZEN,true,2022-12-11,2023-10-05T10:43:59.191Z,2022-12-11T16:22:56.259Z,2023-10-05T10:43:59.191Z
2151,1969,NC634396553,CORPORATE,,MRU,450800,3000,500000,15000000,ACTIVE,true,2023-02-12,2024-12-08T01:38:43.987Z,2023-02-12T07:14:18.254Z,2024-12-08T01:38:43.987Z
2152,1970,NW066855311,WALLET,,MRU,652600,12000,500000,15000000,ACTIVE,true,2023-06-25,2023-10-11T14:34:14.075Z,2023-06-25T02:50:31.777Z,2023-10-11T14:34:14.075Z
2153,1971,NS118018746,SAVINGS,,MRU,31000,31000,500000,15000000,ACTIVE,true,2024-03-10,2024-10-06T01:46:25.000Z,2024-03-10T10:40:18.497Z,2024-10-06T01:46:25.000Z
2154,1972,NW942979813,WALLET,,MRU,13000,13000,500000,15000000,DORMANT,true,2023-12-26,2024-05-14T16:56:19.105Z,2023-12-26T20:18:23.795Z,2024-05-14T16:56:19.105Z
2155,1973,NW757810593,WALLET,,MRU,31000,31000,500000,15000000,ACTIVE,true,2022-10-17,2024-07-13T06:05:23.625Z,2022-10-17T14:44:50.271Z,2024-07-13T06:05:23.625Z
2156,1974,NC561807632,CORPORATE,,MRU,162500,168000,500000,15000000,ACTIVE,true,2024-09-23,2024-12-03T04:20:19.380Z,2024-09-23T05:49:38.454Z,2024-12-03T04:20:19.380Z
2157,1974,NS990175605,SAVINGS,,MRU,165367,314000,500000,15000000,ACTIVE,false,2024-09-23,2024-11-06T08:36:17.608Z,2024-09-23T05:49:38.454Z,2024-11-06T08:36:17.608Z
2158,1974,NW123279005,WALLET,,MRU,421000,421000,500000,15000000,ACTIVE,false,2024-09-23,2024-12-29T02:32:13.643Z,2024-09-23T05:49:38.454Z,2024-12-29T02:32:13.643Z
2159,1975,NW024195671,WALLET,,MRU,19000,19000,500000,15000000,FROZEN,true,2022-08-13,2024-08-26T11:28:40.800Z,2022-08-13T04:35:47.921Z,2024-08-26T11:28:40.800Z
2160,1976,NS356267929,SAVINGS,,MRU,1484,2000,500000,15000000,ACTIVE,true,2024-06-05,2024-06-16T01:25:26.866Z,2024-06-05T11:18:03.802Z,2024-06-16T01:25:26.866Z
2161,1977,NA163143515,AGENT,,MRU,53857,23000,500000,15000000,ACTIVE,true,2023-09-12,2024-09-03T13:40:20.579Z,2023-09-12T03:22:45.886Z,2024-09-03T13:40:20.579Z
2162,1978,NC232211828,CORPORATE,,MRU,150,16000,500000,15000000,ACTIVE,true,2022-09-25,2024-12-22T06:00:00.518Z,2022-09-25T11:29:57.566Z,2024-12-22T06:00:00.518Z
2163,1979,NW174186706,WALLET,,MRU,3850,34000,500000,15000000,ACTIVE,true,2024-11-07,2024-12-22T01:25:03.004Z,2024-11-07T21:53:40.546Z,2024-12-22T01:25:03.004Z
2164,1980,NA587121725,AGENT,,MRU,528650,21000,500000,15000000,ACTIVE,true,2023-06-29,2024-08-29T19:26:07.448Z,2023-06-29T03:26:58.985Z,2024-08-29T19:26:07.448Z
2165,1981,NS680069685,SAVINGS,,MRU,533975,22000,500000,15000000,ACTIVE,true,2024-05-18,2024-09-25T10:47:21.673Z,2024-05-18T06:15:58.976Z,2024-09-25T10:47:21.673Z
2166,1982,NW932188183,WALLET,,MRU,3500,14000,500000,15000000,ACTIVE,true,2022-10-13,2024-01-30T12:59:00.621Z,2022-10-13T19:05:59.199Z,2024-01-30T12:59:00.621Z
2167,1983,NW747275740,WALLET,,MRU,27000,27000,500000,15000000,ACTIVE,true,2023-03-18,2024-11-06T01:05:40.220Z,2023-03-18T21:58:08.412Z,2024-11-06T01:05:40.220Z
2168,1984,NW239589333,WALLET,,MRU,58900,34000,500000,15000000,ACTIVE,true,2022-11-25,2024-05-05T11:47:11.815Z,2022-11-25T19:30:40.511Z,2024-05-05T11:47:11.815Z
2169,1985,NW253840237,WALLET,,MRU,35000,35000,500000,15000000,ACTIVE,true,2022-11-04,2022-11-20T06:43:29.313Z,2022-11-04T11:39:42.126Z,2022-11-20T06:43:29.313Z
2170,1986,NW946193814,WALLET,,MRU,1038,12000,500000,15000000,ACTIVE,true,2024-04-22,2024-10-27T14:13:11.629Z,2024-04-22T19:21:47.966Z,2024-10-27T14:13:11.629Z
2171,1987,NS328919887,SAVINGS,,MRU,750,22000,500000,15000000,ACTIVE,true,2022-09-18,2024-08-28T07:56:05.026Z,2022-09-18T03:13:41.039Z,2024-08-28T07:56:05.026Z
2172,1988,NW737863064,WALLET,,MRU,350,11000,500000,15000000,ACTIVE,true,2024-07-08,2024-12-28T15:35:57.703Z,2024-07-08T23:14:34.831Z,2024-12-28T15:35:57.703Z
2173,1989,NW824021843,WALLET,,MRU,11000,11000,500000,15000000,ACTIVE,true,2024-07-13,2024-07-17T20:41:43.825Z,2024-07-13T02:04:04.150Z,2024-07-17T20:41:43.825Z
2174,1990,NW052666902,WALLET,,MRU,77722,16000,500000,15000000,ACTIVE,true,2023-03-10,2023-10-10T01:51:30.170Z,2023-03-10T23:53:04.044Z,2023-10-10T01:51:30.170Z
2175,1991,NW742894322,WALLET,,MRU,6103,28000,500000,15000000,ACTIVE,true,2022-02-05,2024-05-20T23:58:28.619Z,2022-02-05T23:58:54.001Z,2024-05-20T23:58:28.619Z
2176,1992,NM715902328,MERCHANT,,MRU,56400,1400,500000,15000000,ACTIVE,true,2022-03-13,2024-04-10T11:34:11.607Z,2022-03-13T01:57:41.537Z,2024-04-10T11:34:11.607Z
2177,1993,NW192853003,WALLET,,MRU,9700,9700,500000,15000000,ACTIVE,true,2022-03-22,2024-05-17T11:17:56.859Z,2022-03-22T15:28:33.085Z,2024-05-17T11:17:56.859Z
2178,1994,NW490032911,WALLET,,MRU,1919,19000,500000,15000000,ACTIVE,true,2022-01-15,2024-07-08T14:20:30.731Z,2022-01-15T09:59:30.437Z,2024-07-08T14:20:30.731Z
2179,1995,NC332132339,CORPORATE,,MRU,9500,9500,500000,15000000,DORMANT,true,2022-05-31,2023-07-28T04:17:06.990Z,2022-05-31T22:24:39.582Z,2023-07-28T04:17:06.990Z
2180,1996,NW676986724,WALLET,,MRU,200,20000,500000,15000000,ACTIVE,true,2024-04-12,2024-11-13T12:31:32.292Z,2024-04-12T06:34:25.385Z,2024-11-13T12:31:32.292Z
2181,1997,NC245887160,CORPORATE,,MRU,36000,36000,500000,15000000,DORMANT,true,2022-05-14,2023-09-27T16:26:40.605Z,2022-05-14T19:56:56.046Z,2023-09-27T16:26:40.605Z
2182,1998,NS330825686,SAVINGS,,MRU,2600,16000,500000,15000000,ACTIVE,true,2022-04-02,2022-11-12T02:23:51.657Z,2022-04-02T18:51:54.676Z,2022-11-12T02:23:51.657Z
2183,1999,NA517556905,AGENT,,MRU,30000,30000,500000,15000000,ACTIVE,true,2023-11-24,2024-01-31T19:58:11.857Z,2023-11-24T15:01:46.142Z,2024-01-31T19:58:11.857Z
2184,2000,NM801292091,MERCHANT,,MRU,14000,14000,500000,15000000,ACTIVE,true,2022-11-18,2023-11-07T06:01:23.345Z,2022-11-18T03:09:37.629Z,2023-11-07T06:01:23.345Z
2185,2001,NW751610279,WALLET,,MRU,725,17000,500000,15000000,ACTIVE,true,2024-09-11,2024-10-13T13:50:58.091Z,2024-09-11T19:25:47.635Z,2024-10-13T13:50:58.091Z
2186,2002,NM988773823,MERCHANT,,MRU,16950,8800,500000,15000000,ACTIVE,true,2022-01-28,2022-07-31T09:28:24.568Z,2022-01-28T22:27:06.132Z,2022-07-31T09:28:24.568Z
2187,2003,NA809088945,AGENT,,MRU,381300,13000,500000,15000000,ACTIVE,true,2023-11-27,2024-03-10T04:25:00.630Z,2023-11-27T11:38:48.696Z,2024-03-10T04:25:00.630Z
2188,2004,NW363624841,WALLET,,MRU,731900,1100,500000,15000000,ACTIVE,true,2022-03-31,2022-06-13T01:53:21.134Z,2022-03-31T11:26:01.866Z,2022-06-13T01:53:21.134Z
2189,2005,NW465108156,WALLET,,MRU,39000,39000,500000,15000000,DORMANT,true,2022-06-26,2023-02-26T13:48:31.885Z,2022-06-26T18:08:21.148Z,2023-02-26T13:48:31.885Z
2190,2006,NC001890420,CORPORATE,,MRU,162265,33000,500000,15000000,ACTIVE,true,2024-10-03,2024-12-29T16:11:13.698Z,2024-10-03T13:28:13.850Z,2024-12-29T16:11:13.698Z
2191,2007,NW865712881,WALLET,,MRU,7000,7000,500000,15000000,ACTIVE,true,2022-01-04,2024-08-15T05:43:26.421Z,2022-01-04T01:17:43.655Z,2024-08-15T05:43:26.421Z
2192,2008,NW958853364,WALLET,,MRU,660000,480000,500000,15000000,ACTIVE,true,2024-07-09,2024-09-08T04:29:41.148Z,2024-07-09T23:04:58.751Z,2024-09-08T04:29:41.148Z
2193,2008,NS667955518,SAVINGS,,MRU,347000,257000,500000,15000000,ACTIVE,false,2024-07-09,2024-08-14T18:27:36.763Z,2024-07-09T23:04:58.751Z,2024-08-14T18:27:36.763Z
2194,2008,NW700152457,WALLET,,MRU,477500,464000,500000,15000000,ACTIVE,false,2024-07-09,2024-08-30T14:27:32.096Z,2024-07-09T23:04:58.751Z,2024-08-30T14:27:32.096Z
2195,2009,NS022295713,SAVINGS,,MRU,559010,659000,500000,15000000,ACTIVE,true,2023-11-08,2024-07-23T13:00:22.252Z,2023-11-08T13:33:17.150Z,2024-07-23T13:00:22.252Z
2196,2009,NS204725980,SAVINGS,,MRU,458000,458000,500000,15000000,ACTIVE,false,2023-11-08,2023-12-25T21:33:47.694Z,2023-11-08T13:33:17.150Z,2023-12-25T21:33:47.694Z
2197,2010,NW320079147,WALLET,,MRU,856000,16000,500000,15000000,ACTIVE,true,2022-01-27,2022-12-25T22:15:38.394Z,2022-01-27T21:55:52.032Z,2022-12-25T22:15:38.394Z
2198,2011,NM547509193,MERCHANT,,MRU,49000,49000,500000,15000000,ACTIVE,true,2022-11-25,2023-06-24T11:52:32.596Z,2022-11-25T13:48:56.830Z,2023-06-24T11:52:32.596Z
2199,2012,NM578646660,MERCHANT,,MRU,458500,3700,500000,15000000,ACTIVE,true,2023-04-01,2024-05-02T04:04:09.353Z,2023-04-01T20:43:32.927Z,2024-05-02T04:04:09.353Z
2200,2013,NW459080577,WALLET,,MRU,50,14000,500000,15000000,ACTIVE,true,2023-06-20,2023-09-12T17:03:52.261Z,2023-06-20T10:35:01.740Z,2023-09-12T17:03:52.261Z
2201,2014,NS824640036,SAVINGS,,MRU,154000,154000,500000,15000000,DORMANT,true,2024-05-26,2024-06-05T18:27:43.745Z,2024-05-26T04:06:43.738Z,2024-06-05T18:27:43.745Z
2202,2014,NS993503690,SAVINGS,,MRU,399000,399000,500000,15000000,ACTIVE,false,2024-05-26,2024-09-05T08:59:48.302Z,2024-05-26T04:06:43.738Z,2024-09-05T08:59:48.302Z
2203,2014,NS249427318,SAVINGS,,MRU,639000,459000,500000,15000000,ACTIVE,false,2024-05-26,2024-09-16T18:39:58.099Z,2024-05-26T04:06:43.738Z,2024-09-16T18:39:58.099Z
2204,2015,NA056785106,AGENT,,MRU,2100,17000,500000,15000000,ACTIVE,true,2023-05-07,2024-05-01T20:51:27.740Z,2023-05-07T23:36:19.219Z,2024-05-01T20:51:27.740Z
2205,2016,NW291468024,WALLET,,MRU,43000,43000,500000,15000000,ACTIVE,true,2022-12-28,2024-08-15T00:49:35.922Z,2022-12-28T16:16:23.252Z,2024-08-15T00:49:35.922Z
2206,2017,NC373238802,CORPORATE,,MRU,16000,16000,500000,15000000,CLOSED,true,2022-11-27,2023-09-29T06:56:05.782Z,2022-11-27T12:05:15.142Z,2023-09-29T06:56:05.782Z
2207,2018,NW311922341,WALLET,,MRU,3525,28000,500000,15000000,ACTIVE,true,2024-02-02,2024-06-10T17:33:54.860Z,2024-02-02T01:28:56.079Z,2024-06-10T17:33:54.860Z
2208,2019,NW678881675,WALLET,,MRU,34000,34000,500000,15000000,FROZEN,true,2024-04-12,2024-11-08T11:11:25.746Z,2024-04-12T08:57:25.239Z,2024-11-08T11:11:25.746Z
2209,2020,NS476713538,SAVINGS,,MRU,5450,46000,500000,15000000,ACTIVE,true,2024-01-04,2024-03-16T12:50:33.243Z,2024-01-04T03:13:04.710Z,2024-03-16T12:50:33.243Z
2210,2021,NA327848673,AGENT,,MRU,9200,9200,500000,15000000,ACTIVE,true,2022-07-31,2024-04-19T13:25:14.257Z,2022-07-31T22:14:35.272Z,2024-04-19T13:25:14.257Z
2211,2022,NW655032277,WALLET,,MRU,48000,39000,500000,15000000,ACTIVE,true,2022-07-20,2024-04-14T23:16:22.524Z,2022-07-20T03:51:02.608Z,2024-04-14T23:16:22.524Z
2212,2023,NW885845810,WALLET,,MRU,11000,11000,500000,15000000,ACTIVE,true,2023-01-02,2023-06-15T19:13:43.482Z,2023-01-02T08:32:41.221Z,2023-06-15T19:13:43.482Z
2213,2024,NW920929193,WALLET,,MRU,2950,16000,500000,15000000,ACTIVE,true,2023-06-29,2024-03-10T06:26:33.014Z,2023-06-29T16:35:50.571Z,2024-03-10T06:26:33.014Z
2214,2025,NW187833070,WALLET,,MRU,13000,13000,500000,15000000,ACTIVE,true,2024-01-15,2024-02-15T20:15:01.907Z,2024-01-15T12:05:45.625Z,2024-02-15T20:15:01.907Z
2215,2026,NW999320865,WALLET,,MRU,97600,40000,500000,15000000,ACTIVE,true,2022-11-22,2023-07-31T20:03:09.897Z,2022-11-22T15:19:49.677Z,2023-07-31T20:03:09.897Z
2216,2027,NW662323475,WALLET,,MRU,8227,21000,500000,15000000,ACTIVE,true,2024-10-28,2024-11-24T23:21:54.715Z,2024-10-28T13:33:43.956Z,2024-11-24T23:21:54.715Z
2217,2028,NW307903766,WALLET,,MRU,3200,3200,500000,15000000,ACTIVE,true,2024-01-20,2024-07-18T02:44:37.044Z,2024-01-20T03:02:10.380Z,2024-07-18T02:44:37.044Z
2218,2029,NM204506278,MERCHANT,,MRU,49000,49000,500000,15000000,ACTIVE,true,2023-12-05,2024-09-02T12:56:40.772Z,2023-12-05T13:32:02.275Z,2024-09-02T12:56:40.772Z
2219,2030,NA903777838,AGENT,,MRU,112942,14000,500000,15000000,ACTIVE,true,2024-06-09,2024-12-06T05:03:31.325Z,2024-06-09T10:01:30.020Z,2024-12-06T05:03:31.325Z
2220,2031,NM904557347,MERCHANT,,MRU,11100,650,500000,15000000,ACTIVE,true,2022-04-09,2023-05-04T06:44:01.264Z,2022-04-09T16:48:35.593Z,2023-05-04T06:44:01.264Z
2221,2032,NW219437837,WALLET,,MRU,6300,3800,500000,15000000,ACTIVE,true,2023-01-07,2023-04-14T20:46:33.048Z,2023-01-07T21:36:06.913Z,2023-04-14T20:46:33.048Z
2222,2033,NW033858418,WALLET,,MRU,39000,39000,500000,15000000,DORMANT,true,2024-07-27,2024-10-29T12:49:40.217Z,2024-07-27T03:40:56.808Z,2024-10-29T12:49:40.217Z
2223,2034,NW705958873,WALLET,,MRU,52500,206000,500000,15000000,ACTIVE,true,2024-03-27,2024-06-13T08:17:06.203Z,2024-03-27T20:41:36.215Z,2024-06-13T08:17:06.203Z
2224,2034,NS176853895,SAVINGS,,MRU,17655,447000,500000,15000000,ACTIVE,false,2024-03-27,2024-08-18T06:04:23.625Z,2024-03-27T20:41:36.215Z,2024-08-18T06:04:23.625Z
2225,2035,NC481966495,CORPORATE,,MRU,63900,6700,500000,15000000,ACTIVE,true,2023-05-23,2023-09-12T19:02:28.972Z,2023-05-23T01:13:02.525Z,2023-09-12T19:02:28.972Z
2226,2036,NW978601336,WALLET,,MRU,1200700,700,500000,15000000,ACTIVE,true,2022-11-28,2022-12-07T14:45:57.776Z,2022-11-28T14:20:14.781Z,2022-12-07T14:45:57.776Z
2227,2037,NC715075254,CORPORATE,,MRU,197000,21000,500000,15000000,ACTIVE,true,2024-03-17,2024-07-09T20:47:03.572Z,2024-03-17T17:44:01.657Z,2024-07-09T20:47:03.572Z
2228,2038,NW487188130,WALLET,,MRU,4100,4100,500000,15000000,ACTIVE,true,2023-08-21,2024-09-03T03:19:38.593Z,2023-08-21T20:45:28.537Z,2024-09-03T03:19:38.593Z
2229,2039,NW590139419,WALLET,,MRU,2152900,8700,500000,15000000,ACTIVE,true,2022-11-11,2023-04-07T06:52:08.717Z,2022-11-11T17:48:26.426Z,2023-04-07T06:52:08.717Z
2230,2040,NW758571714,WALLET,,MRU,265700,5700,500000,15000000,ACTIVE,true,2023-01-12,2024-07-10T07:52:08.892Z,2023-01-12T02:13:18.614Z,2024-07-10T07:52:08.892Z
2231,2041,NW439763307,WALLET,,MRU,46000,46000,500000,15000000,ACTIVE,true,2022-01-19,2024-04-27T00:55:14.265Z,2022-01-19T14:00:25.454Z,2024-04-27T00:55:14.265Z
2232,2042,NC227600693,CORPORATE,,MRU,39000,21000,500000,15000000,ACTIVE,true,2023-01-22,2024-08-22T15:52:41.455Z,2023-01-22T09:15:26.049Z,2024-08-22T15:52:41.455Z
2233,2043,NW600739505,WALLET,,MRU,1665000,1665000,500000,15000000,ACTIVE,true,2023-03-21,2023-07-31T04:39:05.514Z,2023-03-21T05:58:02.920Z,2023-07-31T04:39:05.514Z
2234,2043,NW752691090,WALLET,,MRU,1131422,1157000,500000,15000000,ACTIVE,false,2023-03-21,2024-10-07T08:37:07.759Z,2023-03-21T05:58:02.920Z,2024-10-07T08:37:07.759Z
2235,2044,NW907866955,WALLET,,MRU,1450,19000,500000,15000000,ACTIVE,true,2023-09-22,2024-04-27T01:38:06.541Z,2023-09-22T23:00:23.035Z,2024-04-27T01:38:06.541Z
2236,2045,NS008973956,SAVINGS,,MRU,114200,43000,500000,15000000,ACTIVE,true,2023-02-19,2023-07-19T08:30:17.304Z,2023-02-19T20:16:51.407Z,2023-07-19T08:30:17.304Z
2237,2046,NW928097546,WALLET,,MRU,4700,4700,500000,15000000,DORMANT,true,2024-02-04,2024-05-02T21:34:11.924Z,2024-02-04T07:09:44.402Z,2024-05-02T21:34:11.924Z
2238,2047,NW243260741,WALLET,,MRU,480525,327000,500000,15000000,ACTIVE,true,2024-03-13,2024-03-17T20:24:25.463Z,2024-03-13T01:01:50.122Z,2024-03-17T20:24:25.463Z
2239,2047,NS411860346,SAVINGS,,MRU,428400,453000,500000,15000000,ACTIVE,false,2024-03-13,2024-11-21T00:18:22.312Z,2024-03-13T01:01:50.122Z,2024-11-21T00:18:22.312Z
2240,2047,NS891713619,SAVINGS,,MRU,308000,308000,500000,15000000,CLOSED,false,2024-03-13,2024-04-12T05:36:37.789Z,2024-03-13T01:01:50.122Z,2024-04-12T05:36:37.789Z
2241,2048,NW521770715,WALLET,,MRU,1670,24000,500000,15000000,ACTIVE,true,2024-10-15,2024-10-27T02:33:59.178Z,2024-10-15T09:11:19.992Z,2024-10-27T02:33:59.178Z
2242,2049,NW115416586,WALLET,,MRU,22650,3600,500000,15000000,ACTIVE,true,2023-01-05,2024-10-06T04:12:53.793Z,2023-01-05T22:54:05.961Z,2024-10-06T04:12:53.793Z
2243,2050,NC582507133,CORPORATE,,MRU,78000,33000,500000,15000000,ACTIVE,true,2024-08-12,2024-08-12T16:15:25.950Z,2024-08-12T06:06:54.095Z,2024-08-12T16:15:25.950Z
2244,2051,NW638815105,WALLET,,MRU,299,26000,500000,15000000,ACTIVE,true,2022-10-19,2024-05-21T22:20:38.407Z,2022-10-19T16:48:57.704Z,2024-05-21T22:20:38.407Z
2245,2052,NM751459956,MERCHANT,,MRU,52600,47000,500000,15000000,ACTIVE,true,2024-07-14,2024-10-21T04:14:42.540Z,2024-07-14T22:58:33.646Z,2024-10-21T04:14:42.540Z
2246,2053,NM107289671,MERCHANT,,MRU,35151,15000,500000,15000000,ACTIVE,true,2022-01-22,2024-06-21T03:15:23.515Z,2022-01-22T19:29:16.721Z,2024-06-21T03:15:23.515Z
2247,2054,NW889580488,WALLET,,MRU,543,9700,500000,15000000,ACTIVE,true,2022-10-16,2023-10-09T15:28:11.028Z,2022-10-16T05:41:34.484Z,2023-10-09T15:28:11.028Z
2248,2055,NM417743325,MERCHANT,,MRU,950,950,500000,15000000,ACTIVE,true,2023-12-14,2024-05-24T14:54:27.233Z,2023-12-14T14:33:47.565Z,2024-05-24T14:54:27.233Z
2249,2056,NW162775993,WALLET,,MRU,916,20000,500000,15000000,ACTIVE,true,2024-05-26,2024-06-01T15:54:42.352Z,2024-05-26T08:02:46.278Z,2024-06-01T15:54:42.352Z
2250,2057,NA502417326,AGENT,,MRU,4925,38000,500000,15000000,ACTIVE,true,2022-07-21,2023-06-03T01:55:35.767Z,2022-07-21T20:48:33.173Z,2023-06-03T01:55:35.767Z
2251,2058,NW054116994,WALLET,,MRU,32530,24000,500000,15000000,ACTIVE,true,2023-10-01,2024-02-15T12:26:07.546Z,2023-10-01T16:30:35.384Z,2024-02-15T12:26:07.546Z
2252,2059,NC213886261,CORPORATE,,MRU,27300,9300,500000,15000000,ACTIVE,true,2023-04-27,2024-06-01T01:17:09.190Z,2023-04-27T19:27:24.602Z,2024-06-01T01:17:09.190Z
2253,2060,NW344365000,WALLET,,MRU,116900,6900,500000,15000000,ACTIVE,true,2022-01-08,2022-09-30T05:52:38.954Z,2022-01-08T22:10:17.689Z,2022-09-30T05:52:38.954Z
2254,2061,NW775760412,WALLET,,MRU,287602,19000,500000,15000000,ACTIVE,true,2024-02-02,2024-11-10T10:23:28.835Z,2024-02-02T23:18:59.163Z,2024-11-10T10:23:28.835Z
2255,2062,NS800310850,SAVINGS,,MRU,2000,35000,500000,15000000,ACTIVE,true,2023-09-13,2023-10-03T21:09:11.027Z,2023-09-13T19:40:02.927Z,2023-10-03T21:09:11.027Z
2256,2063,NM452873826,MERCHANT,,MRU,314850,17000,500000,15000000,ACTIVE,true,2023-12-06,2024-06-15T20:54:53.876Z,2023-12-06T07:37:44.883Z,2024-06-15T20:54:53.876Z
2257,2064,NS641355991,SAVINGS,,MRU,17000,17000,500000,15000000,DORMANT,true,2022-02-10,2024-09-04T21:09:04.416Z,2022-02-10T17:22:40.827Z,2024-09-04T21:09:04.416Z
2258,2065,NW431231022,WALLET,,MRU,11565,41000,500000,15000000,ACTIVE,true,2022-05-22,2022-12-10T13:25:03.553Z,2022-05-22T16:26:28.645Z,2022-12-10T13:25:03.553Z
2259,2066,NA727487445,AGENT,,MRU,10000,10000,500000,15000000,DORMANT,true,2024-01-07,2024-09-07T13:52:43.353Z,2024-01-07T21:18:53.097Z,2024-09-07T13:52:43.353Z
2260,2067,NW151405572,WALLET,,MRU,35000,35000,500000,15000000,ACTIVE,true,2023-04-28,2024-02-13T23:34:40.662Z,2023-04-28T00:50:48.663Z,2024-02-13T23:34:40.662Z
2261,2068,NW654625058,WALLET,,MRU,2800,16000,500000,15000000,ACTIVE,true,2022-08-27,2022-11-20T12:45:14.123Z,2022-08-27T05:17:13.524Z,2022-11-20T12:45:14.123Z
2262,2069,NM554963112,MERCHANT,,MRU,9200,13000,500000,15000000,ACTIVE,true,2023-09-20,2024-10-29T13:44:12.794Z,2023-09-20T05:12:50.555Z,2024-10-29T13:44:12.794Z
2263,2070,NW923960686,WALLET,,MRU,20000,20000,500000,15000000,ACTIVE,true,2022-11-23,2024-10-11T12:52:44.894Z,2022-11-23T04:27:47.693Z,2024-10-11T12:52:44.894Z
2264,2071,NW421093970,WALLET,,MRU,545,42000,500000,15000000,ACTIVE,true,2024-01-16,2024-05-16T06:34:11.768Z,2024-01-16T05:28:36.815Z,2024-05-16T06:34:11.768Z
2265,2072,NW761690855,WALLET,,MRU,1800,1800,500000,15000000,ACTIVE,true,2023-12-20,2024-04-29T17:21:43.808Z,2023-12-20T06:02:19.991Z,2024-04-29T17:21:43.808Z
2266,2073,NW979756951,WALLET,,MRU,29400,29000,500000,15000000,ACTIVE,true,2023-07-10,2024-12-21T06:10:52.833Z,2023-07-10T21:39:45.974Z,2024-12-21T06:10:52.833Z
2267,2074,NW602007866,WALLET,,MRU,1075,26000,500000,15000000,ACTIVE,true,2022-02-02,2022-08-09T06:16:48.940Z,2022-02-02T16:36:33.549Z,2022-08-09T06:16:48.940Z
2268,2075,NW934913993,WALLET,,MRU,19000,19000,500000,15000000,FROZEN,true,2023-08-16,2024-05-09T10:10:32.356Z,2023-08-16T20:57:20.708Z,2024-05-09T10:10:32.356Z
2269,2076,NW566540599,WALLET,,MRU,650,26000,500000,15000000,ACTIVE,true,2022-04-26,2024-10-30T01:51:17.933Z,2022-04-26T04:12:11.216Z,2024-10-30T01:51:17.933Z
2270,2077,NW518615126,WALLET,,MRU,62800,19000,500000,15000000,ACTIVE,true,2022-01-25,2022-10-05T12:20:24.693Z,2022-01-25T09:55:52.856Z,2022-10-05T12:20:24.693Z
2271,2078,NW276423692,WALLET,,MRU,1700,1700,500000,15000000,DORMANT,true,2022-02-20,2024-12-14T03:41:58.672Z,2022-02-20T15:09:52.336Z,2024-12-14T03:41:58.672Z
2272,2079,NW742566347,WALLET,,MRU,253,22000,500000,15000000,ACTIVE,true,2024-01-31,2024-07-15T00:38:39.860Z,2024-01-31T19:43:24.909Z,2024-07-15T00:38:39.860Z
2273,2080,NW536215067,WALLET,,MRU,35000,35000,500000,15000000,FROZEN,true,2024-04-10,2024-05-28T23:30:11.361Z,2024-04-10T15:15:52.766Z,2024-05-28T23:30:11.361Z
2274,2081,NW876739621,WALLET,,MRU,30000,14000,500000,15000000,ACTIVE,true,2023-07-26,2024-08-12T15:45:07.255Z,2023-07-26T08:08:03.895Z,2024-08-12T15:45:07.255Z
2275,2082,NW732259419,WALLET,,MRU,450,450,500000,15000000,ACTIVE,true,2023-04-13,2023-10-20T19:17:26.171Z,2023-04-13T05:08:58.510Z,2023-10-20T19:17:26.171Z
2276,2083,NM529038310,MERCHANT,,MRU,14,29000,500000,15000000,ACTIVE,true,2024-07-11,2024-10-03T20:19:02.343Z,2024-07-11T13:53:35.324Z,2024-10-03T20:19:02.343Z
2277,2084,NA238788008,AGENT,,MRU,24000,24000,500000,15000000,FROZEN,true,2022-12-28,2024-06-29T12:30:10.009Z,2022-12-28T15:48:03.070Z,2024-06-29T12:30:10.009Z
2278,2085,NW563322812,WALLET,,MRU,15000,15000,500000,15000000,ACTIVE,true,2023-11-30,2023-12-25T07:27:35.183Z,2023-11-30T00:05:51.927Z,2023-12-25T07:27:35.183Z
2279,2086,NW568358004,WALLET,,MRU,33000,33000,500000,15000000,ACTIVE,true,2022-01-23,2022-07-24T01:04:52.294Z,2022-01-23T02:40:51.359Z,2022-07-24T01:04:52.294Z
2280,2087,NW898295458,WALLET,,MRU,4100,12000,500000,15000000,ACTIVE,true,2024-12-07,2024-12-30T22:36:30.157Z,2024-12-07T09:26:56.658Z,2024-12-30T22:36:30.157Z
2281,2088,NW615654945,WALLET,,MRU,3650,14000,500000,15000000,ACTIVE,true,2022-12-27,2023-08-25T10:35:31.325Z,2022-12-27T04:14:36.040Z,2023-08-25T10:35:31.325Z
2282,2089,NW798037529,WALLET,,MRU,11875,19000,500000,15000000,ACTIVE,true,2023-04-16,2023-08-02T22:37:38.188Z,2023-04-16T13:32:52.556Z,2023-08-02T22:37:38.188Z
2283,2090,NC111473560,CORPORATE,,MRU,3,38000,500000,15000000,ACTIVE,true,2023-07-26,2023-10-02T01:19:31.669Z,2023-07-26T20:33:33.047Z,2023-10-02T01:19:31.669Z
2284,2091,NW721188247,WALLET,,MRU,92600,23000,500000,15000000,ACTIVE,true,2023-04-24,2024-12-18T21:20:09.258Z,2023-04-24T00:28:10.048Z,2024-12-18T21:20:09.258Z
2285,2092,NW373099327,WALLET,,MRU,216458,252000,500000,15000000,ACTIVE,true,2024-02-01,2024-02-29T11:01:01.727Z,2024-02-01T10:51:18.386Z,2024-02-29T11:01:01.727Z
2286,2092,NS979305625,SAVINGS,,MRU,4470,108000,500000,15000000,ACTIVE,false,2024-02-01,2024-08-08T10:03:00.280Z,2024-02-01T10:51:18.386Z,2024-08-08T10:03:00.280Z
2287,2093,NM232012629,MERCHANT,,MRU,136000,12000,500000,15000000,ACTIVE,true,2023-08-14,2024-05-07T22:43:16.463Z,2023-08-14T04:54:04.783Z,2024-05-07T22:43:16.463Z
2288,2094,NS234985590,SAVINGS,,MRU,0,11000,500000,15000000,ACTIVE,true,2024-02-13,2024-09-07T11:04:09.911Z,2024-02-13T20:44:01.776Z,2024-09-07T11:04:09.911Z
2289,2095,NW799881101,WALLET,,MRU,3375,7000,500000,15000000,ACTIVE,true,2023-02-27,2024-07-31T19:44:41.826Z,2023-02-27T11:00:09.650Z,2024-07-31T19:44:41.826Z
2290,2096,NM817906856,MERCHANT,,MRU,1950,1900,500000,15000000,ACTIVE,true,2023-08-19,2024-04-05T03:01:15.240Z,2023-08-19T17:16:34.657Z,2024-04-05T03:01:15.240Z
2291,2097,NW373035133,WALLET,,MRU,48300,215000,500000,15000000,ACTIVE,true,2022-07-21,2024-12-23T03:40:37.779Z,2022-07-21T08:23:26.577Z,2024-12-23T03:40:37.779Z
2292,2097,NS685246944,SAVINGS,,MRU,106000,106000,500000,15000000,ACTIVE,false,2022-07-21,2024-10-06T14:56:46.287Z,2022-07-21T08:23:26.577Z,2024-10-06T14:56:46.287Z
2293,2098,NM974393249,MERCHANT,,MRU,6800,6800,500000,15000000,ACTIVE,true,2022-11-29,2023-01-19T16:28:40.791Z,2022-11-29T13:41:55.964Z,2023-01-19T16:28:40.791Z
2294,2099,NW224569976,WALLET,,MRU,22373,20000,500000,15000000,ACTIVE,true,2022-12-18,2024-01-26T09:15:41.766Z,2022-12-18T18:31:06.991Z,2024-01-26T09:15:41.766Z
2295,2100,NW182105094,WALLET,,MRU,372,18000,500000,15000000,ACTIVE,true,2024-09-28,2024-12-01T03:28:11.398Z,2024-09-28T17:20:35.294Z,2024-12-01T03:28:11.398Z
2296,2101,NS353941679,SAVINGS,,MRU,7150,34000,500000,15000000,ACTIVE,true,2022-10-29,2023-02-20T10:34:39.998Z,2022-10-29T02:29:41.973Z,2023-02-20T10:34:39.998Z
2297,2102,NW681294560,WALLET,,MRU,7800,7800,500000,15000000,ACTIVE,true,2024-12-25,2024-12-25T20:04:16.606Z,2024-12-25T15:02:03.619Z,2024-12-25T20:04:16.606Z
2298,2103,NW884152740,WALLET,,MRU,64560,700,500000,15000000,ACTIVE,true,2022-03-31,2023-06-18T07:54:58.892Z,2022-03-31T10:38:48.230Z,2023-06-18T07:54:58.892Z
2299,2104,NW779697806,WALLET,,MRU,1346,38000,500000,15000000,ACTIVE,true,2024-07-01,2024-10-27T05:04:31.551Z,2024-07-01T11:46:09.212Z,2024-10-27T05:04:31.551Z
2300,2105,NW743727922,WALLET,,MRU,1200,30000,500000,15000000,ACTIVE,true,2023-10-31,2024-02-08T07:05:03.194Z,2023-10-31T13:05:54.868Z,2024-02-08T07:05:03.194Z
2301,2106,NA029544472,AGENT,,MRU,36000,36000,500000,15000000,ACTIVE,true,2024-08-06,2024-12-09T18:28:40.405Z,2024-08-06T23:33:41.848Z,2024-12-09T18:28:40.405Z
2302,2107,NA110301971,AGENT,,MRU,15,18000,500000,15000000,ACTIVE,true,2022-01-24,2024-08-17T21:11:52.956Z,2022-01-24T09:07:38.084Z,2024-08-17T21:11:52.956Z
2303,2108,NW386427641,WALLET,,MRU,10768,40000,500000,15000000,ACTIVE,true,2023-10-15,2024-05-27T12:14:09.490Z,2023-10-15T15:05:08.233Z,2024-05-27T12:14:09.490Z
2304,2109,NW556871205,WALLET,,MRU,4200,4200,500000,15000000,ACTIVE,true,2022-04-14,2024-07-15T22:49:19.423Z,2022-04-14T02:53:13.836Z,2024-07-15T22:49:19.423Z
2305,2110,NW989244461,WALLET,,MRU,23000,23000,500000,15000000,ACTIVE,true,2023-02-18,2023-11-02T13:17:59.289Z,2023-02-18T23:41:25.398Z,2023-11-02T13:17:59.289Z
2306,2111,NW151451110,WALLET,,MRU,48000,48000,500000,15000000,ACTIVE,true,2024-05-31,2024-11-01T19:00:39.968Z,2024-05-31T05:03:42.190Z,2024-11-01T19:00:39.968Z
2307,2112,NC981133461,CORPORATE,,MRU,75,36000,500000,15000000,ACTIVE,true,2024-06-03,2024-07-22T06:07:40.883Z,2024-06-03T22:59:30.015Z,2024-07-22T06:07:40.883Z
2308,2113,NW479544103,WALLET,,MRU,2050,22000,500000,15000000,ACTIVE,true,2024-12-01,2024-12-28T22:55:56.425Z,2024-12-01T17:48:49.046Z,2024-12-28T22:55:56.425Z
2309,2114,NC689710140,CORPORATE,,MRU,17200,30000,500000,15000000,ACTIVE,true,2024-11-11,2024-11-12T04:08:11.059Z,2024-11-11T07:53:03.894Z,2024-11-12T04:08:11.059Z
2310,2115,NW358408451,WALLET,,MRU,219000,11000,500000,15000000,ACTIVE,true,2022-11-29,2024-06-05T03:13:42.243Z,2022-11-29T04:42:05.111Z,2024-06-05T03:13:42.243Z
2311,2116,NC062635898,CORPORATE,,MRU,50000,50000,500000,15000000,DORMANT,true,2024-01-13,2024-06-30T08:01:02.825Z,2024-01-13T03:30:17.079Z,2024-06-30T08:01:02.825Z
2312,2117,NS909984589,SAVINGS,,MRU,13000,13000,500000,15000000,ACTIVE,true,2022-11-13,2024-01-05T05:06:13.170Z,2022-11-13T11:48:10.060Z,2024-01-05T05:06:13.170Z
2313,2118,NA023630142,AGENT,,MRU,66500,24000,500000,15000000,ACTIVE,true,2022-04-23,2024-04-01T22:17:31.860Z,2022-04-23T11:16:20.228Z,2024-04-01T22:17:31.860Z
2314,2119,NA835442543,AGENT,,MRU,14000,14000,500000,15000000,ACTIVE,true,2022-10-30,2022-12-06T22:09:05.764Z,2022-10-30T08:43:47.423Z,2022-12-06T22:09:05.764Z
2315,2120,NC217398166,CORPORATE,,MRU,580000,30000,500000,15000000,ACTIVE,true,2022-01-31,2023-11-17T07:58:38.216Z,2022-01-31T05:07:23.990Z,2023-11-17T07:58:38.216Z
2316,2121,NW572615888,WALLET,,MRU,21000,21000,500000,15000000,FROZEN,true,2024-10-30,2024-10-31T14:00:24.927Z,2024-10-30T08:48:05.017Z,2024-10-31T14:00:24.927Z
2317,2122,NW009677197,WALLET,,MRU,370000,370000,500000,15000000,ACTIVE,true,2023-11-20,2024-03-05T04:40:04.603Z,2023-11-20T19:28:19.317Z,2024-03-05T04:40:04.603Z
2318,2122,NS000110268,SAVINGS,,MRU,364000,364000,500000,15000000,ACTIVE,false,2023-11-20,2024-12-22T19:17:02.882Z,2023-11-20T19:28:19.317Z,2024-12-22T19:17:02.882Z
2319,2123,NW301630765,WALLET,,MRU,5150,40000,500000,15000000,ACTIVE,true,2022-02-13,2024-03-24T23:13:48.359Z,2022-02-13T20:34:38.779Z,2024-03-24T23:13:48.359Z
2320,2124,NW960013539,WALLET,,MRU,16000,16000,500000,15000000,ACTIVE,true,2024-12-19,2024-12-22T05:03:57.363Z,2024-12-19T15:34:14.724Z,2024-12-22T05:03:57.363Z
2321,2125,NW843396604,WALLET,,MRU,76485,41000,500000,15000000,ACTIVE,true,2024-11-01,2024-11-30T10:30:22.938Z,2024-11-01T00:09:23.987Z,2024-11-30T10:30:22.938Z
2322,2126,NW030247807,WALLET,,MRU,5280,35000,500000,15000000,ACTIVE,true,2022-04-22,2023-03-11T16:19:50.460Z,2022-04-22T00:31:34.239Z,2023-03-11T16:19:50.460Z
2323,2127,NW161239266,WALLET,,MRU,4600,4600,500000,15000000,ACTIVE,true,2023-02-22,2023-06-03T18:07:01.611Z,2023-02-22T13:31:21.752Z,2023-06-03T18:07:01.611Z
2324,2128,NW924957961,WALLET,,MRU,10000,10000,500000,15000000,ACTIVE,true,2024-05-13,2024-05-29T16:32:47.704Z,2024-05-13T23:23:04.449Z,2024-05-29T16:32:47.704Z
2325,2129,NM126214027,MERCHANT,,MRU,25000,25000,500000,15000000,ACTIVE,true,2024-11-06,2024-11-25T18:58:11.621Z,2024-11-06T05:12:19.902Z,2024-11-25T18:58:11.621Z
2326,2130,NW334249377,WALLET,,MRU,872605,20000,500000,15000000,ACTIVE,true,2024-07-28,2024-10-12T20:55:02.549Z,2024-07-28T00:39:32.497Z,2024-10-12T20:55:02.549Z
2327,2131,NW319553733,WALLET,,MRU,2475,6100,500000,15000000,ACTIVE,true,2024-07-24,2024-12-05T20:11:13.815Z,2024-07-24T17:21:51.180Z,2024-12-05T20:11:13.815Z
2328,2132,NA459252238,AGENT,,MRU,800,800,500000,15000000,ACTIVE,true,2022-08-14,2024-01-01T13:29:44.860Z,2022-08-14T19:51:25.728Z,2024-01-01T13:29:44.860Z
2329,2133,NW783587932,WALLET,,MRU,1170,140000,500000,15000000,ACTIVE,true,2022-01-07,2022-02-13T10:04:23.352Z,2022-01-07T02:45:58.886Z,2022-02-13T10:04:23.352Z
2330,2133,NW926337182,WALLET,,MRU,291000,291000,500000,15000000,FROZEN,false,2022-01-07,2023-10-20T17:12:06.151Z,2022-01-07T02:45:58.886Z,2023-10-20T17:12:06.151Z
2331,2133,NW516119241,WALLET,,MRU,131350,175000,500000,15000000,ACTIVE,false,2022-01-07,2023-02-17T23:22:12.172Z,2022-01-07T02:45:58.886Z,2023-02-17T23:22:12.172Z
2332,2134,NS412394762,SAVINGS,,MRU,202,41000,500000,15000000,ACTIVE,true,2023-01-21,2024-03-29T08:03:03.243Z,2023-01-21T03:12:14.733Z,2024-03-29T08:03:03.243Z
2333,2135,NW548092127,WALLET,,MRU,612000,47000,500000,15000000,ACTIVE,true,2023-01-19,2024-08-29T18:32:23.578Z,2023-01-19T17:02:57.495Z,2024-08-29T18:32:23.578Z
2334,2136,NC061959505,CORPORATE,,MRU,1575,5700,500000,15000000,ACTIVE,true,2022-08-16,2023-03-11T10:16:06.122Z,2022-08-16T07:31:27.494Z,2023-03-11T10:16:06.122Z
2335,2137,NW795894444,WALLET,,MRU,5600,5600,500000,15000000,ACTIVE,true,2022-01-31,2024-07-30T11:37:28.166Z,2022-01-31T17:17:02.958Z,2024-07-30T11:37:28.166Z
2336,2138,NC672757506,CORPORATE,,MRU,11000,11000,500000,15000000,ACTIVE,true,2022-01-11,2022-04-03T13:22:13.953Z,2022-01-11T12:45:12.882Z,2022-04-03T13:22:13.953Z
2337,2139,NW024036884,WALLET,,MRU,166574,43000,500000,15000000,ACTIVE,true,2022-01-12,2023-03-24T19:29:51.290Z,2022-01-12T14:37:58.880Z,2023-03-24T19:29:51.290Z
2338,2140,NW013574153,WALLET,,MRU,11000,11000,500000,15000000,DORMANT,true,2024-03-21,2024-07-07T03:54:39.267Z,2024-03-21T18:05:46.349Z,2024-07-07T03:54:39.267Z
2339,2141,NW837927490,WALLET,,MRU,16000,16000,500000,15000000,DORMANT,true,2022-07-13,2023-09-05T12:05:48.354Z,2022-07-13T20:17:50.704Z,2023-09-05T12:05:48.354Z
2340,2142,NS187541484,SAVINGS,,MRU,27703,1300,500000,15000000,ACTIVE,true,2024-09-05,2024-11-09T04:33:52.092Z,2024-09-05T03:09:39.911Z,2024-11-09T04:33:52.092Z
2341,2143,NW326629072,WALLET,,MRU,3300,16000,500000,15000000,ACTIVE,true,2022-02-08,2023-07-30T23:13:53.296Z,2022-02-08T14:26:26.526Z,2023-07-30T23:13:53.296Z
2342,2144,NA792771578,AGENT,,MRU,25000,25000,500000,15000000,DORMANT,true,2023-11-28,2024-01-10T13:25:35.713Z,2023-11-28T03:25:36.750Z,2024-01-10T13:25:35.713Z
2343,2145,NW118863757,WALLET,,MRU,7100,7100,500000,15000000,ACTIVE,true,2023-10-03,2024-03-14T14:37:26.245Z,2023-10-03T03:44:09.750Z,2024-03-14T14:37:26.245Z
2344,2146,NW091830402,WALLET,,MRU,483,9100,500000,15000000,ACTIVE,true,2023-06-19,2024-02-20T12:17:16.842Z,2023-06-19T07:36:31.208Z,2024-02-20T12:17:16.842Z
2345,2147,NW983886719,WALLET,,MRU,8350,21000,500000,15000000,ACTIVE,true,2023-11-18,2024-11-30T04:58:00.964Z,2023-11-18T18:23:16.044Z,2024-11-30T04:58:00.964Z
2346,2148,NW945722580,WALLET,,MRU,25500,29000,500000,15000000,ACTIVE,true,2023-10-19,2024-07-21T02:23:56.395Z,2023-10-19T20:58:30.406Z,2024-07-21T02:23:56.395Z
2347,2149,NW051303893,WALLET,,MRU,1300,1300,500000,15000000,ACTIVE,true,2024-12-28,2024-12-29T19:50:55.346Z,2024-12-28T02:54:11.580Z,2024-12-29T19:50:55.346Z
2348,2150,NW973574784,WALLET,,MRU,4033900,11000,500000,15000000,ACTIVE,true,2024-11-05,2024-12-16T20:42:09.723Z,2024-11-05T04:49:33.319Z,2024-12-16T20:42:09.723Z
2349,2151,NS791390777,SAVINGS,,MRU,189100,9100,500000,15000000,ACTIVE,true,2022-05-14,2024-09-06T22:10:16.826Z,2022-05-14T17:01:02.515Z,2024-09-06T22:10:16.826Z
2350,2152,NW042694211,WALLET,,MRU,13919,3600,500000,15000000,ACTIVE,true,2023-08-22,2023-12-30T14:11:56.013Z,2023-08-22T03:30:10.399Z,2023-12-30T14:11:56.013Z
2351,2153,NW927864462,WALLET,,MRU,3010,3000,500000,15000000,ACTIVE,true,2022-05-28,2024-09-28T17:59:34.616Z,2022-05-28T03:34:52.108Z,2024-09-28T17:59:34.616Z
2352,2154,NM431600690,MERCHANT,,MRU,6600,6600,500000,15000000,ACTIVE,true,2023-04-13,2023-10-04T21:33:49.283Z,2023-04-13T17:05:49.154Z,2023-10-04T21:33:49.283Z
2353,2155,NW716167927,WALLET,,MRU,16404,17000,500000,15000000,ACTIVE,true,2022-08-15,2023-03-13T01:55:58.251Z,2022-08-15T20:09:19.079Z,2023-03-13T01:55:58.251Z
2354,2156,NM618665933,MERCHANT,,MRU,55200,45000,500000,15000000,ACTIVE,true,2023-06-27,2024-09-12T11:54:59.073Z,2023-06-27T13:12:01.202Z,2024-09-12T11:54:59.073Z
2355,2157,NW322441339,WALLET,,MRU,1444000,34000,500000,15000000,ACTIVE,true,2024-12-01,2024-12-19T11:06:32.359Z,2024-12-01T04:45:44.263Z,2024-12-19T11:06:32.359Z
2356,2158,NW851948976,WALLET,,MRU,1875,4300,500000,15000000,ACTIVE,true,2022-05-08,2022-10-10T12:09:04.609Z,2022-05-08T23:15:59.331Z,2022-10-10T12:09:04.609Z
2357,2159,NW054081857,WALLET,,MRU,2800,2800,500000,15000000,FROZEN,true,2024-01-30,2024-10-11T19:20:43.833Z,2024-01-30T23:22:13.572Z,2024-10-11T19:20:43.833Z
2358,2160,NW436547544,WALLET,,MRU,7250,1300,500000,15000000,ACTIVE,true,2023-09-15,2024-10-06T10:41:28.441Z,2023-09-15T00:57:44.930Z,2024-10-06T10:41:28.441Z
2359,2161,NW445412874,WALLET,,MRU,44730,37000,500000,15000000,ACTIVE,true,2023-05-15,2024-09-22T20:38:36.263Z,2023-05-15T01:21:03.355Z,2024-09-22T20:38:36.263Z
2360,2162,NW065413713,WALLET,,MRU,59500,20000,500000,15000000,ACTIVE,true,2024-02-18,2024-09-10T01:49:46.810Z,2024-02-18T03:25:39.614Z,2024-09-10T01:49:46.810Z
2361,2163,NW811037570,WALLET,,MRU,49000,31000,500000,15000000,ACTIVE,true,2022-02-25,2024-12-19T20:14:37.183Z,2022-02-25T21:18:38.424Z,2024-12-19T20:14:37.183Z
2362,2164,NW992075473,WALLET,,MRU,885000,21000,500000,15000000,ACTIVE,true,2024-02-24,2024-10-12T05:09:11.277Z,2024-02-24T06:05:34.781Z,2024-10-12T05:09:11.277Z
2363,2165,NW889123917,WALLET,,MRU,110800,40000,500000,15000000,ACTIVE,true,2024-04-07,2024-05-18T09:56:08.205Z,2024-04-07T08:52:11.099Z,2024-05-18T09:56:08.205Z
2364,2166,NW299444105,WALLET,,MRU,217760,14000,500000,15000000,ACTIVE,true,2024-06-14,2024-07-08T23:30:08.612Z,2024-06-14T16:17:27.145Z,2024-07-08T23:30:08.612Z
2365,2167,NS023556470,SAVINGS,,MRU,270,20000,500000,15000000,ACTIVE,true,2022-08-29,2024-03-04T15:44:01.872Z,2022-08-29T05:16:32.263Z,2024-03-04T15:44:01.872Z
2366,2168,NW144913435,WALLET,,MRU,1900,2700,500000,15000000,ACTIVE,true,2024-06-03,2024-07-26T19:37:57.228Z,2024-06-03T08:14:43.751Z,2024-07-26T19:37:57.228Z
2367,2169,NW047731876,WALLET,,MRU,18000,18000,500000,15000000,ACTIVE,true,2022-05-22,2022-11-12T04:37:39.275Z,2022-05-22T21:58:14.585Z,2022-11-12T04:37:39.275Z
2368,2170,NW444897469,WALLET,,MRU,47000,47000,500000,15000000,ACTIVE,true,2023-10-24,2024-05-13T13:33:32.329Z,2023-10-24T15:18:12.483Z,2024-05-13T13:33:32.329Z
2369,2171,NW986745954,WALLET,,MRU,18000,18000,500000,15000000,ACTIVE,true,2023-10-27,2024-07-25T15:57:42.996Z,2023-10-27T01:47:46.867Z,2024-07-25T15:57:42.996Z
2370,2172,NS403611660,SAVINGS,,MRU,1177535,18000,500000,15000000,ACTIVE,true,2022-01-27,2022-06-21T11:09:23.047Z,2022-01-27T16:52:20.636Z,2022-06-21T11:09:23.047Z
2371,2173,NW900128305,WALLET,,MRU,16000,16000,500000,15000000,DORMANT,true,2023-11-17,2024-04-08T13:15:46.923Z,2023-11-17T20:53:33.820Z,2024-04-08T13:15:46.923Z
2372,2174,NW210346490,WALLET,,MRU,36600,7800,500000,15000000,ACTIVE,true,2024-06-09,2024-09-21T09:31:18.412Z,2024-06-09T01:01:16.610Z,2024-09-21T09:31:18.412Z
2373,2175,NW950201988,WALLET,,MRU,99000,39000,500000,15000000,ACTIVE,true,2023-08-10,2024-01-28T17:08:35.035Z,2023-08-10T17:10:50.256Z,2024-01-28T17:08:35.035Z
2374,2176,NW451500922,WALLET,,MRU,1257,6000,500000,15000000,ACTIVE,true,2022-05-24,2022-06-17T22:42:26.705Z,2022-05-24T16:16:46.034Z,2022-06-17T22:42:26.705Z
2375,2177,NA603854894,AGENT,,MRU,6100,6100,500000,15000000,ACTIVE,true,2024-04-07,2024-09-02T21:05:47.718Z,2024-04-07T17:17:15.494Z,2024-09-02T21:05:47.718Z
2376,2178,NS910308123,SAVINGS,,MRU,17000,17000,500000,15000000,DORMANT,true,2023-12-30,2024-07-21T11:03:56.336Z,2023-12-30T06:20:41.954Z,2024-07-21T11:03:56.336Z
2377,2179,NS146180391,SAVINGS,,MRU,2825,14000,500000,15000000,ACTIVE,true,2022-06-07,2023-05-16T02:09:14.388Z,2022-06-07T09:50:11.283Z,2023-05-16T02:09:14.388Z
2378,2180,NC587841987,CORPORATE,,MRU,40000,40000,500000,15000000,DORMANT,true,2024-02-23,2024-12-19T04:58:49.829Z,2024-02-23T09:55:26.035Z,2024-12-19T04:58:49.829Z
2379,2181,NW703009605,WALLET,,MRU,10000,10000,500000,15000000,DORMANT,true,2024-10-24,2024-12-12T00:46:14.779Z,2024-10-24T08:29:28.201Z,2024-12-12T00:46:14.779Z
2380,2182,NW122765541,WALLET,,MRU,27925,9200,500000,15000000,ACTIVE,true,2024-01-10,2024-07-19T23:26:24.439Z,2024-01-10T04:50:15.793Z,2024-07-19T23:26:24.439Z
2381,2183,NM257453799,MERCHANT,,MRU,687420,50000,500000,15000000,ACTIVE,true,2022-08-10,2023-02-01T06:09:51.707Z,2022-08-10T11:05:55.588Z,2023-02-01T06:09:51.707Z
2382,2184,NS220301985,SAVINGS,,MRU,699000,15000,500000,15000000,ACTIVE,true,2022-05-14,2022-11-29T23:15:55.610Z,2022-05-14T20:41:28.968Z,2022-11-29T23:15:55.610Z
2383,2185,NA088617444,AGENT,,MRU,63700,15000,500000,15000000,ACTIVE,true,2023-11-30,2024-11-18T14:50:02.801Z,2023-11-30T21:05:15.548Z,2024-11-18T14:50:02.801Z
2384,2186,NM380945682,MERCHANT,,MRU,775,4400,500000,15000000,ACTIVE,true,2022-02-09,2023-03-01T01:04:44.834Z,2022-02-09T00:18:21.429Z,2023-03-01T01:04:44.834Z
2385,2187,NW976554334,WALLET,,MRU,13000,13000,500000,15000000,ACTIVE,true,2023-03-24,2024-01-06T17:43:53.774Z,2023-03-24T15:14:54.586Z,2024-01-06T17:43:53.774Z
2386,2188,NW213154584,WALLET,,MRU,23000,23000,500000,15000000,ACTIVE,true,2022-08-10,2023-01-18T12:21:16.803Z,2022-08-10T12:54:17.443Z,2023-01-18T12:21:16.803Z
2387,2189,NW870855808,WALLET,,MRU,32000,12000,500000,15000000,ACTIVE,true,2022-02-08,2022-12-17T21:05:44.382Z,2022-02-08T15:53:50.867Z,2022-12-17T21:05:44.382Z
2388,2190,NA501612067,AGENT,,MRU,32000,32000,500000,15000000,ACTIVE,true,2023-12-15,2024-10-05T12:52:57.639Z,2023-12-15T21:48:07.310Z,2024-10-05T12:52:57.639Z
2389,2191,NW639029383,WALLET,,MRU,1180400,3400,500000,15000000,ACTIVE,true,2023-10-12,2024-11-26T10:49:45.985Z,2023-10-12T04:05:49.975Z,2024-11-26T10:49:45.985Z
2390,2192,NA449445992,AGENT,,MRU,28600,4600,500000,15000000,ACTIVE,true,2023-11-23,2024-11-13T12:22:44.225Z,2023-11-23T20:23:40.872Z,2024-11-13T12:22:44.225Z
2391,2193,NW156033039,WALLET,,MRU,32000,32000,500000,15000000,ACTIVE,true,2022-07-04,2023-01-27T22:46:23.813Z,2022-07-04T16:38:11.765Z,2023-01-27T22:46:23.813Z
2392,2194,NS883299589,SAVINGS,,MRU,313,33000,500000,15000000,ACTIVE,true,2024-05-04,2024-12-05T20:30:51.542Z,2024-05-04T19:57:42.650Z,2024-12-05T20:30:51.542Z
2393,2195,NA209810018,AGENT,,MRU,28000,28000,500000,15000000,ACTIVE,true,2023-07-13,2024-09-25T00:52:52.436Z,2023-07-13T22:21:49.600Z,2024-09-25T00:52:52.436Z
2394,2196,NW288157493,WALLET,,MRU,32050,37000,500000,15000000,ACTIVE,true,2024-04-23,2024-11-12T03:26:05.681Z,2024-04-23T20:49:25.511Z,2024-11-12T03:26:05.681Z
2395,2197,NM314413428,MERCHANT,,MRU,128075,18000,500000,15000000,ACTIVE,true,2024-09-29,2024-10-12T20:46:12.452Z,2024-09-29T13:05:35.587Z,2024-10-12T20:46:12.452Z
2396,2198,NW411916971,WALLET,,MRU,6300,6300,500000,15000000,ACTIVE,true,2023-05-05,2024-02-11T22:44:38.849Z,2023-05-05T20:24:54.208Z,2024-02-11T22:44:38.849Z
2397,2199,NW399806291,WALLET,,MRU,32000,32000,500000,15000000,ACTIVE,true,2023-01-02,2023-05-11T03:40:58.531Z,2023-01-02T08:32:41.221Z,2023-05-11T03:40:58.531Z
2398,2200,NW476949691,WALLET,,MRU,23000,23000,500000,15000000,DORMANT,true,2024-12-21,2024-12-23T00:39:45.728Z,2024-12-21T07:01:17.679Z,2024-12-23T00:39:45.728Z
2399,2201,NW421599745,WALLET,,MRU,1053100,9100,500000,15000000,ACTIVE,true,2022-01-07,2023-07-28T00:11:11.853Z,2022-01-07T15:46:03.219Z,2023-07-28T00:11:11.853Z
2400,2202,NW283668398,WALLET,,MRU,12000,12000,500000,15000000,ACTIVE,true,2023-11-27,2024-07-24T16:00:48.486Z,2023-11-27T11:27:43.285Z,2024-07-24T16:00:48.486Z
2401,2203,NM480787515,MERCHANT,,MRU,35000,35000,500000,15000000,ACTIVE,true,2023-01-17,2024-11-04T08:20:41.233Z,2023-01-17T09:54:44.831Z,2024-11-04T08:20:41.233Z
2402,2204,NM450780511,MERCHANT,,MRU,4500,4500,500000,15000000,FROZEN,true,2024-09-29,2024-10-03T06:13:03.131Z,2024-09-29T08:38:29.333Z,2024-10-03T06:13:03.131Z
2403,2205,NA019084692,AGENT,,MRU,26000,26000,500000,15000000,ACTIVE,true,2023-12-05,2024-10-16T18:19:49.398Z,2023-12-05T13:32:02.275Z,2024-10-16T18:19:49.398Z
2404,2206,NS385806799,SAVINGS,,MRU,3350,45000,500000,15000000,ACTIVE,true,2023-12-09,2024-07-20T17:52:56.118Z,2023-12-09T14:10:08.166Z,2024-07-20T17:52:56.118Z
2405,2207,NM388140440,MERCHANT,,MRU,1100,1100,500000,15000000,ACTIVE,true,2023-12-03,2024-06-18T04:42:48.425Z,2023-12-03T20:21:25.058Z,2024-06-18T04:42:48.425Z
2406,2208,NW189123898,WALLET,,MRU,40000,40000,500000,15000000,ACTIVE,true,2023-01-07,2023-01-24T23:08:18.646Z,2023-01-07T21:36:06.913Z,2023-01-24T23:08:18.646Z
2407,2209,NW557479635,WALLET,,MRU,1694,8800,500000,15000000,ACTIVE,true,2023-05-14,2024-08-15T18:58:36.510Z,2023-05-14T05:41:55.504Z,2024-08-15T18:58:36.510Z
2408,2210,NW310154438,WALLET,,MRU,550,550,500000,15000000,ACTIVE,true,2023-12-06,2024-09-23T13:38:54.357Z,2023-12-06T06:58:27.750Z,2024-09-23T13:38:54.357Z
2409,2211,NC603364467,CORPORATE,,MRU,47000,47000,500000,15000000,ACTIVE,true,2024-08-09,2024-12-30T02:54:23.651Z,2024-08-09T03:33:30.675Z,2024-12-30T02:54:23.651Z
2410,2212,NA041482448,AGENT,,MRU,2340,4100,500000,15000000,ACTIVE,true,2024-07-01,2024-12-24T18:04:53.617Z,2024-07-01T21:15:10.999Z,2024-12-24T18:04:53.617Z
2411,2213,NW854679346,WALLET,,MRU,1300,1300,500000,15000000,CLOSED,true,2022-08-01,2023-03-08T20:31:34.142Z,2022-08-01T07:16:07.629Z,2023-03-08T20:31:34.142Z
2412,2214,NC118876695,CORPORATE,,MRU,133000,133000,500000,15000000,FROZEN,true,2022-05-06,2023-08-11T05:06:44.663Z,2022-05-06T11:13:56.095Z,2023-08-11T05:06:44.663Z
2413,2214,NW715865135,WALLET,,MRU,343000,343000,500000,15000000,ACTIVE,false,2022-05-06,2022-09-23T18:23:15.982Z,2022-05-06T11:13:56.095Z,2022-09-23T18:23:15.982Z
2414,2214,NS175390958,SAVINGS,,MRU,11925,320000,500000,15000000,ACTIVE,false,2022-05-06,2023-08-02T18:24:34.600Z,2022-05-06T11:13:56.095Z,2023-08-02T18:24:34.600Z
2415,2215,NW122616410,WALLET,,MRU,36700,49000,500000,15000000,ACTIVE,true,2023-01-06,2024-02-04T17:22:17.062Z,2023-01-06T15:39:19.054Z,2024-02-04T17:22:17.062Z
2416,2216,NW516784191,WALLET,,MRU,523200,14000,500000,15000000,ACTIVE,true,2023-10-25,2024-09-19T03:03:42.664Z,2023-10-25T04:38:01.021Z,2024-09-19T03:03:42.664Z
2417,2217,NM787429333,MERCHANT,,MRU,6050,30000,500000,15000000,ACTIVE,true,2024-11-28,2024-12-06T15:43:44.921Z,2024-11-28T17:20:06.169Z,2024-12-06T15:43:44.921Z
2418,2218,NW756029036,WALLET,,MRU,6000,6800,500000,15000000,ACTIVE,true,2023-01-22,2023-02-14T23:55:10.329Z,2023-01-22T09:15:26.049Z,2023-02-14T23:55:10.329Z
2419,2219,NW716259092,WALLET,,MRU,7050,14000,500000,15000000,ACTIVE,true,2023-02-22,2024-10-25T07:39:20.227Z,2023-02-22T14:56:05.379Z,2024-10-25T07:39:20.227Z
2420,2220,NW914070368,WALLET,,MRU,282246,9600,500000,15000000,ACTIVE,true,2022-03-11,2023-12-07T01:49:32.802Z,2022-03-11T23:16:11.678Z,2023-12-07T01:49:32.802Z
2421,2221,NW277836918,WALLET,,MRU,27175,17000,500000,15000000,ACTIVE,true,2022-07-08,2023-07-09T11:26:20.553Z,2022-07-08T07:29:49.821Z,2023-07-09T11:26:20.553Z
2422,2222,NW537085205,WALLET,,MRU,16000,16000,500000,15000000,FROZEN,true,2022-02-07,2022-04-27T16:31:32.834Z,2022-02-07T19:01:52.733Z,2022-04-27T16:31:32.834Z
2423,2223,NW598479152,WALLET,,MRU,15700,13000,500000,15000000,ACTIVE,true,2024-11-21,2024-12-10T09:34:26.091Z,2024-11-21T06:42:05.916Z,2024-12-10T09:34:26.091Z
2424,2224,NC283273220,CORPORATE,,MRU,250,1300,500000,15000000,ACTIVE,true,2023-08-18,2023-11-29T06:44:06.793Z,2023-08-18T05:06:05.830Z,2023-11-29T06:44:06.793Z
2425,2225,NW298942804,WALLET,,MRU,40000,40000,500000,15000000,DORMANT,true,2022-08-17,2023-08-18T06:06:50.869Z,2022-08-17T10:59:59.358Z,2023-08-18T06:06:50.869Z
2426,2226,NA293538332,AGENT,,MRU,40000,40000,500000,15000000,ACTIVE,true,2022-10-08,2024-10-10T12:11:18.791Z,2022-10-08T06:00:57.643Z,2024-10-10T12:11:18.791Z
2427,2227,NC161131143,CORPORATE,,MRU,84200,18000,500000,15000000,ACTIVE,true,2024-01-02,2024-03-09T02:28:17.774Z,2024-01-02T05:00:31.961Z,2024-03-09T02:28:17.774Z
2428,2228,NW771920740,WALLET,,MRU,13000,13000,500000,15000000,ACTIVE,true,2022-01-31,2022-02-21T11:34:36.351Z,2022-01-31T22:24:22.738Z,2022-02-21T11:34:36.351Z
2429,2229,NM960567117,MERCHANT,,MRU,17000,17000,500000,15000000,ACTIVE,true,2022-02-28,2022-05-28T05:57:41.033Z,2022-02-28T14:05:53.436Z,2022-05-28T05:57:41.033Z
2430,2230,NW382611632,WALLET,,MRU,2039,40000,500000,15000000,ACTIVE,true,2023-02-04,2023-09-05T13:32:41.505Z,2023-02-04T22:08:01.739Z,2023-09-05T13:32:41.505Z
2431,2230,NS714651823,SAVINGS,,MRU,107000,107000,500000,15000000,ACTIVE,false,2023-02-04,2023-06-17T05:50:04.998Z,2023-02-04T22:08:01.739Z,2023-06-17T05:50:04.998Z
2432,2230,NS111572742,SAVINGS,,MRU,327600,343000,500000,15000000,ACTIVE,false,2023-02-04,2023-11-23T17:51:57.789Z,2023-02-04T22:08:01.739Z,2023-11-23T17:51:57.789Z
2433,2231,NW168046236,WALLET,,MRU,106260,12000,500000,15000000,ACTIVE,true,2023-12-14,2024-08-31T14:55:31.135Z,2023-12-14T14:33:47.565Z,2024-08-31T14:55:31.135Z
2434,2232,NW952908635,WALLET,,MRU,16000,16000,500000,15000000,DORMANT,true,2024-05-30,2024-12-18T20:05:12.538Z,2024-05-30T03:18:10.401Z,2024-12-18T20:05:12.538Z
2435,2233,NW138334870,WALLET,,MRU,11000,11000,500000,15000000,ACTIVE,true,2024-12-18,2024-12-29T03:52:13.491Z,2024-12-18T20:53:54.116Z,2024-12-29T03:52:13.491Z
2436,2234,NM086560249,MERCHANT,,MRU,5650,26000,500000,15000000,ACTIVE,true,2023-10-21,2024-12-19T04:11:03.452Z,2023-10-21T05:01:48.154Z,2024-12-19T04:11:03.452Z
2437,2235,NW266931440,WALLET,,MRU,1950,12000,500000,15000000,ACTIVE,true,2024-11-04,2024-12-08T12:01:27.202Z,2024-11-04T01:17:07.081Z,2024-12-08T12:01:27.202Z
2438,2236,NA057525396,AGENT,,MRU,21950,32000,500000,15000000,ACTIVE,true,2022-08-31,2024-07-24T06:07:25.860Z,2022-08-31T15:01:22.448Z,2024-07-24T06:07:25.860Z
2439,2237,NW997270226,WALLET,,MRU,18000,18000,500000,15000000,ACTIVE,true,2024-10-18,2024-12-23T02:45:59.473Z,2024-10-18T00:29:23.521Z,2024-12-23T02:45:59.473Z
2440,2238,NW747740745,WALLET,,MRU,15775,14000,500000,15000000,ACTIVE,true,2023-02-13,2024-11-01T01:03:40.072Z,2023-02-13T14:11:03.844Z,2024-11-01T01:03:40.072Z
2441,2239,NW874113113,WALLET,,MRU,250,18000,500000,15000000,ACTIVE,true,2022-03-22,2022-09-13T18:31:21.318Z,2022-03-22T05:23:25.892Z,2022-09-13T18:31:21.318Z
2442,2240,NW466507673,WALLET,,MRU,82800,27000,500000,15000000,ACTIVE,true,2022-10-22,2024-05-20T14:39:11.109Z,2022-10-22T15:32:33.274Z,2024-05-20T14:39:11.109Z
2443,2241,NS941260099,SAVINGS,,MRU,931400,394000,500000,15000000,ACTIVE,true,2024-11-13,2024-11-27T20:11:50.666Z,2024-11-13T20:08:16.601Z,2024-11-27T20:11:50.666Z
2444,2241,NS501522183,SAVINGS,,MRU,404000,404000,500000,15000000,ACTIVE,false,2024-11-13,2024-12-30T12:48:30.576Z,2024-11-13T20:08:16.601Z,2024-12-30T12:48:30.576Z
2445,2241,NW514179229,WALLET,,MRU,386350,431000,500000,15000000,ACTIVE,false,2024-11-13,2024-11-17T09:34:28.750Z,2024-11-13T20:08:16.601Z,2024-11-17T09:34:28.750Z
2446,2242,NS782445311,SAVINGS,,MRU,50,3800,500000,15000000,ACTIVE,true,2023-05-24,2024-03-03T00:20:20.776Z,2023-05-24T00:37:46.978Z,2024-03-03T00:20:20.776Z
2447,2243,NW205983877,WALLET,,MRU,152272,40000,500000,15000000,ACTIVE,true,2022-09-25,2024-01-08T17:30:40.986Z,2022-09-25T08:03:34.154Z,2024-01-08T17:30:40.986Z
2448,2244,NW814956333,WALLET,,MRU,34000,34000,500000,15000000,ACTIVE,true,2022-01-31,2024-11-08T04:59:59.657Z,2022-01-31T07:02:51.595Z,2024-11-08T04:59:59.657Z
2449,2245,NW651620060,WALLET,,MRU,4200,4200,500000,15000000,ACTIVE,true,2022-11-23,2024-04-21T10:03:33.256Z,2022-11-23T03:37:02.591Z,2024-04-21T10:03:33.256Z
2450,2246,NW390750795,WALLET,,MRU,450,450,500000,15000000,DORMANT,true,2023-01-28,2023-09-10T23:28:13.104Z,2023-01-28T04:51:22.990Z,2023-09-10T23:28:13.104Z
2451,2247,NW584507733,WALLET,,MRU,45000,45000,500000,15000000,ACTIVE,true,2023-01-20,2023-10-03T22:49:14.248Z,2023-01-20T07:39:19.061Z,2023-10-03T22:49:14.248Z
2452,2248,NW828789830,WALLET,,MRU,1107000,49000,500000,15000000,ACTIVE,true,2024-10-21,2024-12-05T08:44:37.864Z,2024-10-21T04:11:28.798Z,2024-12-05T08:44:37.864Z
2453,2249,NW288938075,WALLET,,MRU,46000,46000,500000,15000000,DORMANT,true,2024-12-29,2024-12-29T06:35:28.816Z,2024-12-29T04:36:03.797Z,2024-12-29T06:35:28.816Z
2454,2250,NW793291390,WALLET,,MRU,651500,1500,500000,15000000,ACTIVE,true,2023-05-07,2024-10-23T06:33:29.781Z,2023-05-07T18:31:48.612Z,2024-10-23T06:33:29.781Z
2455,2251,NS217921257,SAVINGS,,MRU,4500,42000,500000,15000000,ACTIVE,true,2022-01-03,2022-10-22T06:52:50.750Z,2022-01-03T20:24:29.737Z,2022-10-22T06:52:50.750Z
2456,2252,NW401046633,WALLET,,MRU,1056,4000,500000,15000000,ACTIVE,true,2024-05-27,2024-09-18T22:31:34.672Z,2024-05-27T09:57:22.238Z,2024-09-18T22:31:34.672Z
2457,2253,NC656484842,CORPORATE,,MRU,631400,17000,500000,15000000,ACTIVE,true,2023-12-27,2024-04-14T11:08:40.158Z,2023-12-27T05:05:27.382Z,2024-04-14T11:08:40.158Z
2458,2254,NS193446397,SAVINGS,,MRU,100000,45000,500000,15000000,ACTIVE,true,2023-08-30,2024-07-07T07:22:24.471Z,2023-08-30T01:06:40.840Z,2024-07-07T07:22:24.471Z
2459,2255,NW022128105,WALLET,,MRU,58450,125000,500000,15000000,ACTIVE,true,2024-08-20,2024-10-22T00:47:08.548Z,2024-08-20T07:39:15.799Z,2024-10-22T00:47:08.548Z
2460,2255,NW051038622,WALLET,,MRU,136000,136000,500000,15000000,ACTIVE,false,2024-08-20,2024-12-03T17:58:05.465Z,2024-08-20T07:39:15.799Z,2024-12-03T17:58:05.465Z
2461,2255,NS600447774,SAVINGS,,MRU,966725,311000,500000,15000000,ACTIVE,false,2024-08-20,2024-10-30T12:31:31.103Z,2024-08-20T07:39:15.799Z,2024-10-30T12:31:31.103Z
2462,2256,NW204628616,WALLET,,MRU,33000,33000,500000,15000000,DORMANT,true,2023-04-27,2024-11-08T17:49:20.223Z,2023-04-27T12:58:47.022Z,2024-11-08T17:49:20.223Z
2463,2257,NS250682115,SAVINGS,,MRU,33400,24000,500000,15000000,ACTIVE,true,2023-09-30,2024-02-24T17:53:52.641Z,2023-09-30T20:17:14.910Z,2024-02-24T17:53:52.641Z
2464,2258,NW924116731,WALLET,,MRU,43000,43000,500000,15000000,ACTIVE,true,2022-02-16,2024-04-17T01:22:46.567Z,2022-02-16T07:52:09.093Z,2024-04-17T01:22:46.567Z
2465,2259,NW783395886,WALLET,,MRU,1825,37000,500000,15000000,ACTIVE,true,2022-07-13,2023-10-20T06:10:31.728Z,2022-07-13T08:12:28.314Z,2023-10-20T06:10:31.728Z
2466,2260,NW151572823,WALLET,,MRU,20000,20000,500000,15000000,ACTIVE,true,2023-09-15,2024-07-29T12:45:40.053Z,2023-09-15T08:26:54.076Z,2024-07-29T12:45:40.053Z
2467,2261,NM458528518,MERCHANT,,MRU,990000,40000,500000,15000000,ACTIVE,true,2023-05-19,2023-05-31T03:04:55.263Z,2023-05-19T02:57:53.668Z,2023-05-31T03:04:55.263Z
2468,2262,NS397931099,SAVINGS,,MRU,216050,41000,500000,15000000,ACTIVE,true,2024-08-20,2024-10-18T06:39:48.118Z,2024-08-20T07:44:14.670Z,2024-10-18T06:39:48.118Z
2469,2263,NW608941465,WALLET,,MRU,5950,28000,500000,15000000,ACTIVE,true,2024-02-04,2024-11-15T17:56:32.575Z,2024-02-04T11:55:30.014Z,2024-11-15T17:56:32.575Z
2470,2264,NW220858842,WALLET,,MRU,16000,16000,500000,15000000,ACTIVE,true,2023-03-27,2024-07-31T10:43:48.348Z,2023-03-27T16:41:05.758Z,2024-07-31T10:43:48.348Z
2471,2265,NW436635285,WALLET,,MRU,83520,35000,500000,15000000,ACTIVE,true,2022-01-27,2023-10-14T01:18:42.819Z,2022-01-27T07:41:21.551Z,2023-10-14T01:18:42.819Z
2472,2266,NC182855606,CORPORATE,,MRU,30000,30000,500000,15000000,DORMANT,true,2024-03-28,2024-08-05T08:30:38.396Z,2024-03-28T13:37:03.615Z,2024-08-05T08:30:38.396Z
2473,2267,NW869463801,WALLET,,MRU,18590,10000,500000,15000000,ACTIVE,true,2024-07-01,2024-11-11T14:18:47.075Z,2024-07-01T20:07:05.489Z,2024-11-11T14:18:47.075Z
2474,2268,NW852399230,WALLET,,MRU,52010,14000,500000,15000000,ACTIVE,true,2024-12-06,2024-12-13T04:11:25.198Z,2024-12-06T09:56:00.026Z,2024-12-13T04:11:25.198Z
2475,2269,NS861526728,SAVINGS,,MRU,3800,3800,500000,15000000,DORMANT,true,2024-08-31,2024-12-05T10:28:11.873Z,2024-08-31T21:50:24.723Z,2024-12-05T10:28:11.873Z
2476,2270,NW088299900,WALLET,,MRU,517000,17000,500000,15000000,ACTIVE,true,2024-05-31,2024-06-02T21:39:08.197Z,2024-05-31T23:19:19.721Z,2024-06-02T21:39:08.197Z
2477,2271,NW095709800,WALLET,,MRU,8900,8900,500000,15000000,ACTIVE,true,2022-03-15,2024-08-28T14:27:08.698Z,2022-03-15T08:23:19.347Z,2024-08-28T14:27:08.698Z
2478,2272,NW360380198,WALLET,,MRU,450,15000,500000,15000000,ACTIVE,true,2022-02-06,2023-02-22T18:34:59.463Z,2022-02-06T11:38:45.382Z,2023-02-22T18:34:59.463Z
2479,2273,NM785225868,MERCHANT,,MRU,211435,34000,500000,15000000,ACTIVE,true,2022-02-15,2022-07-02T09:12:42.878Z,2022-02-15T23:09:49.927Z,2022-07-02T09:12:42.878Z
2480,2274,NW560430884,WALLET,,MRU,60600,9600,500000,15000000,ACTIVE,true,2023-01-25,2023-01-26T13:39:33.855Z,2023-01-25T14:44:06.038Z,2023-01-26T13:39:33.855Z
2481,2275,NW733265847,WALLET,,MRU,852600,41000,500000,15000000,ACTIVE,true,2022-02-20,2024-06-22T14:46:11.508Z,2022-02-20T05:12:19.090Z,2024-06-22T14:46:11.508Z
2482,2276,NW724675800,WALLET,,MRU,149,37000,500000,15000000,ACTIVE,true,2024-05-07,2024-10-17T16:53:19.552Z,2024-05-07T19:38:38.057Z,2024-10-17T16:53:19.552Z
2483,2277,NM430353284,MERCHANT,,MRU,6850,16000,500000,15000000,ACTIVE,true,2022-01-10,2023-02-26T15:08:31.071Z,2022-01-10T22:08:40.038Z,2023-02-26T15:08:31.071Z
2484,2278,NW334724068,WALLET,,MRU,678790,44000,500000,15000000,ACTIVE,true,2024-08-23,2024-09-05T01:22:05.703Z,2024-08-23T13:52:51.266Z,2024-09-05T01:22:05.703Z
2485,2279,NW594713688,WALLET,,MRU,2202,2400,500000,15000000,ACTIVE,true,2022-01-28,2024-01-16T02:09:54.687Z,2022-01-28T07:21:16.715Z,2024-01-16T02:09:54.687Z
2486,2280,NW153253819,WALLET,,MRU,5250,41000,500000,15000000,ACTIVE,true,2023-01-16,2024-12-27T11:50:52.077Z,2023-01-16T11:52:14.570Z,2024-12-27T11:50:52.077Z
2487,2281,NM662723779,MERCHANT,,MRU,11000,11000,500000,15000000,ACTIVE,true,2024-06-10,2024-12-21T18:17:09.271Z,2024-06-10T13:39:23.325Z,2024-12-21T18:17:09.271Z
2488,2282,NW782914191,WALLET,,MRU,53750,37000,500000,15000000,ACTIVE,true,2022-10-16,2024-09-26T15:28:23.007Z,2022-10-16T05:25:02.007Z,2024-09-26T15:28:23.007Z
2489,2283,NW225040823,WALLET,,MRU,370,25000,500000,15000000,ACTIVE,true,2022-11-23,2023-11-17T11:56:00.371Z,2022-11-23T19:11:03.731Z,2023-11-17T11:56:00.371Z
2490,2284,NA022320032,AGENT,,MRU,6540,23000,500000,15000000,ACTIVE,true,2024-08-10,2024-08-12T03:55:01.974Z,2024-08-10T17:27:50.990Z,2024-08-12T03:55:01.974Z
2491,2285,NW024604082,WALLET,,MRU,2500,2500,500000,15000000,ACTIVE,true,2022-07-21,2023-04-04T12:49:10.021Z,2022-07-21T09:17:37.504Z,2023-04-04T12:49:10.021Z
2492,2286,NW604905247,WALLET,,MRU,150,1200,500000,15000000,ACTIVE,true,2024-01-19,2024-07-09T17:54:10.688Z,2024-01-19T01:19:27.763Z,2024-07-09T17:54:10.688Z
2493,2287,NM191957950,MERCHANT,,MRU,6750,24000,500000,15000000,ACTIVE,true,2024-05-31,2024-10-06T07:39:18.602Z,2024-05-31T05:03:42.190Z,2024-10-06T07:39:18.602Z
2494,2288,NW730370879,WALLET,,MRU,2400,2400,500000,15000000,ACTIVE,true,2023-05-31,2023-07-11T10:33:40.554Z,2023-05-31T20:43:46.989Z,2023-07-11T10:33:40.554Z
2495,2289,NW218140214,WALLET,,MRU,150,2700,500000,15000000,ACTIVE,true,2023-04-11,2024-01-09T03:39:56.329Z,2023-04-11T16:23:09.390Z,2024-01-09T03:39:56.329Z
2496,2290,NS913187623,SAVINGS,,MRU,17000,17000,500000,15000000,ACTIVE,true,2023-08-18,2024-05-09T13:38:26.345Z,2023-08-18T07:54:42.333Z,2024-05-09T13:38:26.345Z
2497,2291,NW421407818,WALLET,,MRU,4300,4300,500000,15000000,ACTIVE,true,2024-12-04,2024-12-30T13:08:47.597Z,2024-12-04T11:15:38.110Z,2024-12-30T13:08:47.597Z
2498,2292,NS086505413,SAVINGS,,MRU,248500,8500,500000,15000000,ACTIVE,true,2022-01-25,2024-08-24T05:45:54.315Z,2022-01-25T10:59:02.315Z,2024-08-24T05:45:54.315Z
2499,2293,NW355156332,WALLET,,MRU,11000,11000,500000,15000000,ACTIVE,true,2024-03-14,2024-05-22T06:55:43.019Z,2024-03-14T22:26:41.039Z,2024-05-22T06:55:43.019Z
2500,2294,NW095404028,WALLET,,MRU,600,600,500000,15000000,ACTIVE,true,2023-12-30,2024-06-12T01:43:49.588Z,2023-12-30T08:25:56.023Z,2024-06-12T01:43:49.588Z
2501,2295,NC858343840,CORPORATE,,MRU,1467,3700,500000,15000000,ACTIVE,true,2022-10-30,2024-07-31T19:30:09.445Z,2022-10-30T08:43:47.423Z,2024-07-31T19:30:09.445Z
2502,2296,NC362290859,CORPORATE,,MRU,1610,28000,500000,15000000,ACTIVE,true,2022-02-18,2024-11-28T11:38:59.944Z,2022-02-18T02:17:37.834Z,2024-11-28T11:38:59.944Z
2503,2297,NW867242362,WALLET,,MRU,24000,24000,500000,15000000,DORMANT,true,2023-07-16,2023-11-04T16:38:04.580Z,2023-07-16T15:15:56.265Z,2023-11-04T16:38:04.580Z
2504,2298,NM952814460,MERCHANT,,MRU,123000,123000,500000,15000000,ACTIVE,true,2023-11-20,2024-10-09T11:15:57.792Z,2023-11-20T19:28:19.317Z,2024-10-09T11:15:57.792Z
2505,2298,NS513405800,SAVINGS,,MRU,444781,456000,500000,15000000,ACTIVE,false,2023-11-20,2024-07-01T12:35:33.058Z,2023-11-20T19:28:19.317Z,2024-07-01T12:35:33.058Z
2506,2298,NW942962676,WALLET,,MRU,34570,99000,500000,15000000,ACTIVE,false,2023-11-20,2024-10-31T16:55:10.102Z,2023-11-20T19:28:19.317Z,2024-10-31T16:55:10.102Z
2507,2299,NM369437456,MERCHANT,,MRU,14000,14000,500000,15000000,FROZEN,true,2024-08-15,2024-09-03T04:37:51.314Z,2024-08-15T12:41:35.535Z,2024-09-03T04:37:51.314Z
2508,2300,NS775951028,SAVINGS,,MRU,304960,32000,500000,15000000,ACTIVE,true,2023-07-13,2024-05-19T13:45:09.357Z,2023-07-13T18:57:49.985Z,2024-05-19T13:45:09.357Z
2509,2301,NM567553639,MERCHANT,,MRU,89592,17000,500000,15000000,ACTIVE,true,2024-06-02,2024-10-29T10:11:28.824Z,2024-06-02T15:59:12.959Z,2024-10-29T10:11:28.824Z
2510,2302,NS143398881,SAVINGS,,MRU,14500,25000,500000,15000000,ACTIVE,true,2023-05-28,2024-10-10T20:14:40.431Z,2023-05-28T10:09:28.724Z,2024-10-10T20:14:40.431Z
2511,2303,NM610308647,MERCHANT,,MRU,234000,32000,500000,15000000,ACTIVE,true,2024-01-10,2024-03-13T19:02:29.498Z,2024-01-10T01:55:49.668Z,2024-03-13T19:02:29.498Z
2512,2304,NW441261649,WALLET,,MRU,40000,40000,500000,15000000,ACTIVE,true,2023-09-16,2024-08-02T02:21:00.589Z,2023-09-16T18:29:39.398Z,2024-08-02T02:21:00.589Z
2513,2305,NW219300627,WALLET,,MRU,456000,456000,500000,15000000,FROZEN,true,2022-06-22,2024-04-05T03:55:57.146Z,2022-06-22T07:36:38.851Z,2024-04-05T03:55:57.146Z
2514,2305,NS058186292,SAVINGS,,MRU,208000,208000,500000,15000000,CLOSED,false,2022-06-22,2023-05-12T17:29:31.397Z,2022-06-22T07:36:38.851Z,2023-05-12T17:29:31.397Z
2515,2306,NW514046937,WALLET,,MRU,11000,11000,500000,15000000,ACTIVE,true,2024-04-18,2024-09-26T02:55:34.251Z,2024-04-18T03:06:06.650Z,2024-09-26T02:55:34.251Z
2516,2307,NW508800059,WALLET,,MRU,30000,30000,500000,15000000,ACTIVE,true,2024-12-06,2024-12-24T08:57:06.704Z,2024-12-06T03:17:30.342Z,2024-12-24T08:57:06.704Z
2517,2308,NW688649058,WALLET,,MRU,347520,17000,500000,15000000,ACTIVE,true,2024-11-26,2024-12-09T08:40:36.993Z,2024-11-26T09:55:06.930Z,2024-12-09T08:40:36.993Z
2518,2309,NW170356154,WALLET,,MRU,47000,47000,500000,15000000,ACTIVE,true,2024-06-17,2024-07-12T02:37:06.794Z,2024-06-17T18:41:40.799Z,2024-07-12T02:37:06.794Z
2519,2310,NS190359234,SAVINGS,,MRU,8025,49000,500000,15000000,ACTIVE,true,2024-12-17,2024-12-26T20:48:31.688Z,2024-12-17T18:54:53.119Z,2024-12-26T20:48:31.688Z
2520,2311,NA641882419,AGENT,,MRU,3832000,3000,500000,15000000,ACTIVE,true,2023-04-30,2024-09-12T02:40:43.039Z,2023-04-30T01:28:39.424Z,2024-09-12T02:40:43.039Z
2521,2312,NS096735358,SAVINGS,,MRU,69300,3100,500000,15000000,ACTIVE,true,2023-11-29,2023-12-05T14:30:51.123Z,2023-11-29T20:47:22.198Z,2023-12-05T14:30:51.123Z
2522,2313,NA115144729,AGENT,,MRU,21530,3400,500000,15000000,ACTIVE,true,2023-10-08,2024-11-26T09:39:59.120Z,2023-10-08T04:38:47.225Z,2024-11-26T09:39:59.120Z
2523,2314,NS622492552,SAVINGS,,MRU,36000,36000,500000,15000000,ACTIVE,true,2024-08-12,2024-09-26T00:46:10.194Z,2024-08-12T06:09:54.546Z,2024-09-26T00:46:10.194Z
2524,2315,NW855268240,WALLET,,MRU,9700,9700,500000,15000000,ACTIVE,true,2022-05-29,2024-10-12T18:57:22.067Z,2022-05-29T00:45:43.697Z,2024-10-12T18:57:22.067Z
2525,2316,NS763569593,SAVINGS,,MRU,12000,12000,500000,15000000,DORMANT,true,2022-01-24,2024-03-20T19:37:50.278Z,2022-01-24T03:17:09.969Z,2024-03-20T19:37:50.278Z
2526,2317,NW417999029,WALLET,,MRU,3200,46000,500000,15000000,ACTIVE,true,2022-03-05,2023-04-12T01:30:11.731Z,2022-03-05T08:04:43.638Z,2023-04-12T01:30:11.731Z
2527,2318,NA397050023,AGENT,,MRU,15000,15000,500000,15000000,ACTIVE,true,2023-03-14,2023-08-06T01:42:17.545Z,2023-03-14T15:36:34.869Z,2023-08-06T01:42:17.545Z
2528,2319,NM272037506,MERCHANT,,MRU,326500,509000,500000,15000000,ACTIVE,true,2024-01-21,2024-05-16T17:42:01.913Z,2024-01-21T01:12:11.767Z,2024-05-16T17:42:01.913Z
2529,2319,NW531397760,WALLET,,MRU,622440,1032000,500000,15000000,ACTIVE,false,2024-01-21,2024-08-17T11:46:30.102Z,2024-01-21T01:12:11.767Z,2024-08-17T11:46:30.102Z
2530,2319,NW079373002,WALLET,,MRU,1251000,1251000,500000,15000000,ACTIVE,false,2024-01-21,2024-11-03T21:56:26.471Z,2024-01-21T01:12:11.767Z,2024-11-03T21:56:26.471Z
2531,2320,NW579730063,WALLET,,MRU,1149025,16000,500000,15000000,ACTIVE,true,2023-07-30,2024-11-01T04:23:29.540Z,2023-07-30T20:39:55.750Z,2024-11-01T04:23:29.540Z
2532,2321,NW865965247,WALLET,,MRU,6120,13000,500000,15000000,ACTIVE,true,2023-02-18,2024-03-06T19:21:25.527Z,2023-02-18T15:25:08.608Z,2024-03-06T19:21:25.527Z
2533,2322,NM872385859,MERCHANT,,MRU,10600,1200,500000,15000000,ACTIVE,true,2024-12-07,2024-12-16T14:57:02.816Z,2024-12-07T09:53:01.501Z,2024-12-16T14:57:02.816Z
2534,2323,NW868332207,WALLET,,MRU,48000,48000,500000,15000000,ACTIVE,true,2024-08-02,2024-10-03T04:06:26.527Z,2024-08-02T23:22:51.289Z,2024-10-03T04:06:26.527Z
2535,2323,NS545562744,SAVINGS,,MRU,459000,459000,500000,15000000,ACTIVE,false,2024-08-02,2024-12-20T18:00:29.345Z,2024-08-02T23:22:51.289Z,2024-12-20T18:00:29.345Z
2536,2324,NW020460158,WALLET,,MRU,49000,49000,500000,15000000,FROZEN,true,2023-12-14,2024-02-25T15:09:44.241Z,2023-12-14T23:44:37.883Z,2024-02-25T15:09:44.241Z
2537,2325,NW919125255,WALLET,,MRU,22000,22000,500000,15000000,ACTIVE,true,2022-11-16,2024-09-03T04:46:02.975Z,2022-11-16T09:36:35.493Z,2024-09-03T04:46:02.975Z
2538,2326,NA551377177,AGENT,,MRU,42750,31000,500000,15000000,ACTIVE,true,2022-12-24,2024-04-22T02:03:31.245Z,2022-12-24T11:56:09.404Z,2024-04-22T02:03:31.245Z
2539,2327,NW351458907,WALLET,,MRU,3140,7200,500000,15000000,ACTIVE,true,2024-08-18,2024-09-02T15:50:14.376Z,2024-08-18T10:55:29.157Z,2024-09-02T15:50:14.376Z
2540,2328,NW344829857,WALLET,,MRU,41000,41000,500000,15000000,ACTIVE,true,2022-06-30,2022-11-08T13:24:59.204Z,2022-06-30T09:06:59.315Z,2022-11-08T13:24:59.204Z
2541,2329,NW157872319,WALLET,,MRU,34000,34000,500000,15000000,ACTIVE,true,2022-08-21,2022-12-10T06:32:13.597Z,2022-08-21T22:25:36.018Z,2022-12-10T06:32:13.597Z
2542,2330,NA652538538,AGENT,,MRU,44000,30000,500000,15000000,ACTIVE,true,2022-01-16,2023-08-09T18:34:37.899Z,2022-01-16T03:31:56.812Z,2023-08-09T18:34:37.899Z
2543,2331,NW589440584,WALLET,,MRU,450,450,500000,15000000,ACTIVE,true,2022-09-07,2024-09-30T14:13:16.992Z,2022-09-07T13:43:24.219Z,2024-09-30T14:13:16.992Z
2544,2332,NS238940477,SAVINGS,,MRU,4800,4800,500000,15000000,ACTIVE,true,2022-12-19,2023-03-31T09:15:10.490Z,2022-12-19T06:27:48.119Z,2023-03-31T09:15:10.490Z
2545,2333,NW330015029,WALLET,,MRU,4800,4800,500000,15000000,ACTIVE,true,2023-05-02,2024-12-21T12:19:47.361Z,2023-05-02T06:40:56.287Z,2024-12-21T12:19:47.361Z
2546,2334,NA560337305,AGENT,,MRU,19000,19000,500000,15000000,ACTIVE,true,2022-10-10,2024-09-23T17:24:51.968Z,2022-10-10T08:20:38.343Z,2024-09-23T17:24:51.968Z
2547,2335,NW203398015,WALLET,,MRU,981000,972000,500000,15000000,ACTIVE,true,2022-05-01,2024-02-04T16:58:29.607Z,2022-05-01T13:58:37.404Z,2024-02-04T16:58:29.607Z
2548,2335,NW229332208,WALLET,,MRU,150550,160000,500000,15000000,ACTIVE,false,2022-05-01,2022-06-03T20:12:52.805Z,2022-05-01T13:58:37.404Z,2022-06-03T20:12:52.805Z
2549,2336,NW956801236,WALLET,,MRU,48000,48000,500000,15000000,ACTIVE,true,2022-06-22,2024-07-26T23:23:53.721Z,2022-06-22T19:51:47.706Z,2024-07-26T23:23:53.721Z
2550,2337,NW377488374,WALLET,,MRU,38000,38000,500000,15000000,ACTIVE,true,2024-07-23,2024-08-23T15:41:44.916Z,2024-07-23T19:13:05.920Z,2024-08-23T15:41:44.916Z
2551,2338,NW286588311,WALLET,,MRU,43000,43000,500000,15000000,ACTIVE,true,2022-02-27,2023-10-23T05:50:36.778Z,2022-02-27T02:49:07.342Z,2023-10-23T05:50:36.778Z
2552,2339,NW907834202,WALLET,,MRU,23000,23000,500000,15000000,ACTIVE,true,2024-12-02,2024-12-12T23:46:04.247Z,2024-12-02T10:49:51.971Z,2024-12-12T23:46:04.247Z
2553,2340,NW378608733,WALLET,,MRU,14000,16000,500000,15000000,ACTIVE,true,2023-09-07,2024-10-26T16:59:26.213Z,2023-09-07T00:39:26.819Z,2024-10-26T16:59:26.213Z
2554,2341,NW769700765,WALLET,,MRU,29000,29000,500000,15000000,FROZEN,true,2022-01-01,2023-06-18T15:30:28.878Z,2022-01-01T05:48:18.416Z,2023-06-18T15:30:28.878Z
2555,2342,NS614266157,SAVINGS,,MRU,15000,15000,500000,15000000,FROZEN,true,2022-02-01,2022-11-30T17:53:18.363Z,2022-02-01T10:42:54.599Z,2022-11-30T17:53:18.363Z
2556,2343,NW599551946,WALLET,,MRU,25,9100,500000,15000000,ACTIVE,true,2023-12-01,2024-04-05T20:40:23.752Z,2023-12-01T12:30:49.171Z,2024-04-05T20:40:23.752Z
2557,2344,NW978908658,WALLET,,MRU,60100,43000,500000,15000000,ACTIVE,true,2023-05-29,2024-10-31T07:50:10.224Z,2023-05-29T12:03:36.489Z,2024-10-31T07:50:10.224Z
2558,2345,NC843505382,CORPORATE,,MRU,4600,4600,500000,15000000,ACTIVE,true,2024-07-03,2024-09-02T02:34:43.861Z,2024-07-03T08:15:18.977Z,2024-09-02T02:34:43.861Z
2559,2346,NW272689223,WALLET,,MRU,8900,8900,500000,15000000,ACTIVE,true,2024-04-12,2024-10-10T06:54:36.617Z,2024-04-12T00:50:12.268Z,2024-10-10T06:54:36.617Z
2560,2347,NM269906997,MERCHANT,,MRU,39000,39000,500000,15000000,ACTIVE,true,2023-12-26,2024-05-23T17:53:16.682Z,2023-12-26T05:59:14.180Z,2024-05-23T17:53:16.682Z
2561,2348,NW943740874,WALLET,,MRU,54000,46000,500000,15000000,ACTIVE,true,2023-08-08,2024-03-22T22:32:51.864Z,2023-08-08T11:40:12.363Z,2024-03-22T22:32:51.864Z
2562,2349,NW330390364,WALLET,,MRU,10,24000,500000,15000000,ACTIVE,true,2022-01-25,2024-02-27T14:11:31.043Z,2022-01-25T05:30:05.549Z,2024-02-27T14:11:31.043Z
2563,2350,NW850335359,WALLET,,MRU,46000,46000,500000,15000000,ACTIVE,true,2022-12-14,2023-11-21T18:29:18.782Z,2022-12-14T21:59:35.569Z,2023-11-21T18:29:18.782Z
2564,2351,NW856338739,WALLET,,MRU,271000,265000,500000,15000000,ACTIVE,true,2024-03-18,2024-05-04T02:48:01.176Z,2024-03-18T10:13:29.851Z,2024-05-04T02:48:01.176Z
2565,2351,NW921466768,WALLET,,MRU,1190310,1350000,500000,15000000,ACTIVE,false,2024-03-18,2024-09-22T01:16:49.596Z,2024-03-18T10:13:29.851Z,2024-09-22T01:16:49.596Z
2566,2351,NS298412561,SAVINGS,,MRU,725000,725000,500000,15000000,ACTIVE,false,2024-03-18,2024-04-03T17:03:42.802Z,2024-03-18T10:13:29.851Z,2024-04-03T17:03:42.802Z
2567,2352,NW625073135,WALLET,,MRU,100,2400,500000,15000000,ACTIVE,true,2023-11-06,2024-09-19T02:48:33.597Z,2023-11-06T08:46:02.748Z,2024-09-19T02:48:33.597Z
2568,2353,NS529728770,SAVINGS,,MRU,19000,19000,500000,15000000,ACTIVE,true,2023-11-25,2024-01-02T09:16:08.254Z,2023-11-25T13:59:54.737Z,2024-01-02T09:16:08.254Z
2569,2354,NM144785642,MERCHANT,,MRU,410,17000,500000,15000000,ACTIVE,true,2024-08-27,2024-09-22T03:49:02.083Z,2024-08-27T08:41:53.628Z,2024-09-22T03:49:02.083Z
2570,2355,NW275821745,WALLET,,MRU,23000,23000,500000,15000000,DORMANT,true,2022-08-15,2024-12-11T09:34:27.235Z,2022-08-15T22:50:18.816Z,2024-12-11T09:34:27.235Z
2571,2356,NW024977236,WALLET,,MRU,1211000,1211000,500000,15000000,ACTIVE,true,2023-02-11,2023-09-14T02:49:50.833Z,2023-02-11T06:28:01.903Z,2023-09-14T02:49:50.833Z
2572,2356,NW597389012,WALLET,,MRU,753273,933000,500000,15000000,ACTIVE,false,2023-02-11,2023-04-07T14:01:00.540Z,2023-02-11T06:28:01.903Z,2023-04-07T14:01:00.540Z
2573,2356,NS117099285,SAVINGS,,MRU,1043950,1039000,500000,15000000,ACTIVE,false,2023-02-11,2023-03-27T15:54:01.593Z,2023-02-11T06:28:01.903Z,2023-03-27T15:54:01.593Z
2574,2357,NW960034132,WALLET,,MRU,331000,331000,500000,15000000,ACTIVE,true,2022-04-13,2022-12-06T17:14:58.872Z,2022-04-13T01:57:33.576Z,2022-12-06T17:14:58.872Z
2575,2357,NW024028003,WALLET,,MRU,619000,124000,500000,15000000,ACTIVE,false,2022-04-13,2023-06-28T23:31:41.494Z,2022-04-13T01:57:33.576Z,2023-06-28T23:31:41.494Z
2576,2357,NS081411361,SAVINGS,,MRU,67000,74000,500000,15000000,ACTIVE,false,2022-04-13,2023-10-09T00:22:23.432Z,2022-04-13T01:57:33.576Z,2023-10-09T00:22:23.432Z
2577,2358,NM041319608,MERCHANT,,MRU,18000,18000,500000,15000000,ACTIVE,true,2022-03-29,2024-09-10T12:29:53.282Z,2022-03-29T17:15:18.460Z,2024-09-10T12:29:53.282Z
2578,2359,NW099710941,WALLET,,MRU,4175,38000,500000,15000000,ACTIVE,true,2022-12-14,2024-06-18T09:04:21.187Z,2022-12-14T01:14:29.087Z,2024-06-18T09:04:21.187Z
2579,2359,NS736695528,SAVINGS,,MRU,398750,432000,500000,15000000,ACTIVE,false,2022-12-14,2022-12-27T17:22:31.390Z,2022-12-14T01:14:29.087Z,2022-12-27T17:22:31.390Z
2580,2360,NW921556115,WALLET,,MRU,121000,1000,500000,15000000,ACTIVE,true,2024-10-28,2024-11-21T12:48:07.660Z,2024-10-28T13:00:05.167Z,2024-11-21T12:48:07.660Z
2581,2361,NW683155417,WALLET,,MRU,10225,6100,500000,15000000,ACTIVE,true,2022-11-16,2023-01-14T00:28:32.587Z,2022-11-16T04:42:36.462Z,2023-01-14T00:28:32.587Z
2582,2362,NW750106394,WALLET,,MRU,150,6300,500000,15000000,ACTIVE,true,2023-12-21,2024-02-26T07:48:07.597Z,2023-12-21T14:27:37.591Z,2024-02-26T07:48:07.597Z
2583,2363,NA423363685,AGENT,,MRU,48000,32000,500000,15000000,ACTIVE,true,2022-11-28,2024-11-07T10:12:07.314Z,2022-11-28T03:35:33.538Z,2024-11-07T10:12:07.314Z
2584,2364,NW755770683,WALLET,,MRU,6920,30000,500000,15000000,ACTIVE,true,2023-07-17,2023-12-26T23:26:09.303Z,2023-07-17T23:09:27.857Z,2023-12-26T23:26:09.303Z
2585,2365,NW583378821,WALLET,,MRU,40000,40000,500000,15000000,ACTIVE,true,2022-03-22,2024-05-19T09:27:50.087Z,2022-03-22T11:29:15.996Z,2024-05-19T09:27:50.087Z
2586,2366,NM467445731,MERCHANT,,MRU,52950,16000,500000,15000000,ACTIVE,true,2024-03-18,2024-09-08T17:24:16.203Z,2024-03-18T01:41:39.442Z,2024-09-08T17:24:16.203Z
2587,2367,NW675976664,WALLET,,MRU,42000,42000,500000,15000000,ACTIVE,true,2024-04-07,2024-09-17T12:58:08.217Z,2024-04-07T00:04:33.325Z,2024-09-17T12:58:08.217Z
2588,2368,NA121529340,AGENT,,MRU,39000,39000,500000,15000000,ACTIVE,true,2023-04-15,2024-10-08T08:29:09.865Z,2023-04-15T12:01:49.185Z,2024-10-08T08:29:09.865Z
2589,2369,NW311043262,WALLET,,MRU,357,33000,500000,15000000,ACTIVE,true,2024-03-22,2024-05-25T13:46:00.171Z,2024-03-22T07:10:21.357Z,2024-05-25T13:46:00.171Z
2590,2370,NM768452287,MERCHANT,,MRU,18000,18000,500000,15000000,ACTIVE,true,2022-11-14,2024-03-22T16:02:32.063Z,2022-11-14T21:15:01.255Z,2024-03-22T16:02:32.063Z
2591,2371,NW455833584,WALLET,,MRU,2280,14000,500000,15000000,ACTIVE,true,2022-05-24,2023-09-08T10:30:23.398Z,2022-05-24T06:08:29.932Z,2023-09-08T10:30:23.398Z
2592,2372,NW146676421,WALLET,,MRU,7700,7700,500000,15000000,ACTIVE,true,2023-01-05,2024-08-11T06:47:10.260Z,2023-01-05T03:25:27.220Z,2024-08-11T06:47:10.260Z
2593,2373,NW949001938,WALLET,,MRU,45225,36000,500000,15000000,ACTIVE,true,2022-02-18,2022-06-26T03:40:25.611Z,2022-02-18T00:21:27.936Z,2022-06-26T03:40:25.611Z
2594,2374,NW477614641,WALLET,,MRU,4375,20000,500000,15000000,ACTIVE,true,2022-06-13,2023-11-24T02:35:41.376Z,2022-06-13T16:09:02.325Z,2023-11-24T02:35:41.376Z
2595,2375,NW909317255,WALLET,,MRU,6000,6000,500000,15000000,ACTIVE,true,2024-05-30,2024-09-14T19:59:29.097Z,2024-05-30T00:47:47.879Z,2024-09-14T19:59:29.097Z
2596,2376,NM448254823,MERCHANT,,MRU,12000,12000,500000,15000000,ACTIVE,true,2023-04-26,2024-04-28T16:38:35.331Z,2023-04-26T19:19:48.730Z,2024-04-28T16:38:35.331Z
2597,2377,NS833212137,SAVINGS,,MRU,35000,35000,500000,15000000,ACTIVE,true,2024-12-17,2024-12-28T09:54:30.203Z,2024-12-17T01:34:11.628Z,2024-12-28T09:54:30.203Z
2598,2378,NW411311388,WALLET,,MRU,20000,20000,500000,15000000,ACTIVE,true,2023-05-01,2023-08-07T11:15:18.626Z,2023-05-01T09:51:07.852Z,2023-08-07T11:15:18.626Z
2599,2379,NW598906696,WALLET,,MRU,5200,5200,500000,15000000,ACTIVE,true,2023-11-28,2024-01-07T00:40:11.111Z,2023-11-28T09:00:48.516Z,2024-01-07T00:40:11.111Z
2600,2380,NS810235858,SAVINGS,,MRU,2700,8500,500000,15000000,ACTIVE,true,2023-03-14,2023-07-06T12:30:22.733Z,2023-03-14T08:59:15.322Z,2023-07-06T12:30:22.733Z
2601,2381,NW192442953,WALLET,,MRU,1962,42000,500000,15000000,ACTIVE,true,2024-09-20,2024-12-25T17:57:57.074Z,2024-09-20T05:24:32.681Z,2024-12-25T17:57:57.074Z
2602,2382,NS600848198,SAVINGS,,MRU,5050,13000,500000,15000000,ACTIVE,true,2023-03-20,2023-06-28T13:29:04.400Z,2023-03-20T01:15:18.653Z,2023-06-28T13:29:04.400Z
2603,2383,NS489174247,SAVINGS,,MRU,37000,37000,500000,15000000,ACTIVE,true,2023-06-06,2023-11-19T17:36:37.217Z,2023-06-06T19:55:06.225Z,2023-11-19T17:36:37.217Z
2604,2384,NC501416206,CORPORATE,,MRU,78800,24000,500000,15000000,ACTIVE,true,2024-05-05,2024-11-17T15:39:24.847Z,2024-05-05T09:28:59.156Z,2024-11-17T15:39:24.847Z
2605,2385,NA431036949,AGENT,,MRU,189775,35000,500000,15000000,ACTIVE,true,2024-04-11,2024-12-29T00:52:08.080Z,2024-04-11T08:57:25.780Z,2024-12-29T00:52:08.080Z
2606,2386,NW532433510,WALLET,,MRU,3790,3200,500000,15000000,ACTIVE,true,2022-09-19,2024-09-14T19:20:38.611Z,2022-09-19T23:45:06.142Z,2024-09-14T19:20:38.611Z
2607,2387,NW987962514,WALLET,,MRU,100,131000,500000,15000000,ACTIVE,true,2022-10-09,2024-04-23T13:26:47.957Z,2022-10-09T10:32:30.860Z,2024-04-23T13:26:47.957Z
2608,2387,NW211567074,WALLET,,MRU,197000,197000,500000,15000000,ACTIVE,false,2022-10-09,2024-11-19T02:35:44.135Z,2022-10-09T10:32:30.860Z,2024-11-19T02:35:44.135Z
2609,2387,NS282326460,SAVINGS,,MRU,121250,40000,500000,15000000,ACTIVE,false,2022-10-09,2024-02-17T05:20:52.829Z,2022-10-09T10:32:30.860Z,2024-02-17T05:20:52.829Z
2610,2388,NW468997597,WALLET,,MRU,4200,4200,500000,15000000,FROZEN,true,2022-09-06,2023-10-06T00:42:01.574Z,2022-09-06T02:00:33.281Z,2023-10-06T00:42:01.574Z
2611,2389,NM008036613,MERCHANT,,MRU,1549,4000,500000,15000000,ACTIVE,true,2022-11-17,2023-05-12T02:23:40.407Z,2022-11-17T10:23:48.235Z,2023-05-12T02:23:40.407Z
2612,2390,NC731716871,CORPORATE,,MRU,25000,25000,500000,15000000,ACTIVE,true,2024-02-17,2024-07-13T00:12:35.066Z,2024-02-17T21:21:22.555Z,2024-07-13T00:12:35.066Z
2613,2391,NW865607977,WALLET,,MRU,440782,9100,500000,15000000,ACTIVE,true,2024-02-27,2024-08-12T17:10:42.491Z,2024-02-27T13:22:53.542Z,2024-08-12T17:10:42.491Z
2614,2392,NM601324796,MERCHANT,,MRU,53900,24000,500000,15000000,ACTIVE,true,2024-06-23,2024-09-21T21:32:29.633Z,2024-06-23T07:26:18.675Z,2024-09-21T21:32:29.633Z
2615,2393,NW149972677,WALLET,,MRU,732,12000,500000,15000000,ACTIVE,true,2022-06-03,2024-12-05T20:09:02.206Z,2022-06-03T08:21:22.758Z,2024-12-05T20:09:02.206Z
2616,2394,NW680102825,WALLET,,MRU,25740,30000,500000,15000000,ACTIVE,true,2023-10-03,2024-09-18T08:45:15.679Z,2023-10-03T01:12:59.296Z,2024-09-18T08:45:15.679Z
2617,2395,NM288928508,MERCHANT,,MRU,43000,43000,500000,15000000,ACTIVE,true,2023-05-05,2024-01-14T14:08:54.959Z,2023-05-05T16:08:08.252Z,2024-01-14T14:08:54.959Z
2618,2396,NM230291247,MERCHANT,,MRU,46000,46000,500000,15000000,ACTIVE,true,2022-07-04,2024-07-10T14:35:58.219Z,2022-07-04T02:25:00.231Z,2024-07-10T14:35:58.219Z
2619,2397,NM588965654,MERCHANT,,MRU,50000,50000,500000,15000000,ACTIVE,true,2023-09-18,2024-02-17T10:59:01.642Z,2023-09-18T14:42:16.685Z,2024-02-17T10:59:01.642Z
2620,2398,NS623604059,SAVINGS,,MRU,17000,17000,500000,15000000,ACTIVE,true,2022-10-27,2023-08-17T21:25:40.576Z,2022-10-27T13:48:46.086Z,2023-08-17T21:25:40.576Z
2621,2399,NW688393175,WALLET,,MRU,416500,394000,500000,15000000,ACTIVE,true,2022-11-30,2023-04-21T03:14:16.722Z,2022-11-30T03:51:55.770Z,2023-04-21T03:14:16.722Z
2622,2399,NS405726075,SAVINGS,,MRU,450150,447000,500000,15000000,ACTIVE,false,2022-11-30,2024-02-07T07:06:57.650Z,2022-11-30T03:51:55.770Z,2024-02-07T07:06:57.650Z
2623,2400,NA860139489,AGENT,,MRU,5994050,151000,500000,15000000,ACTIVE,true,2024-04-16,2024-07-29T17:28:26.258Z,2024-04-16T21:31:18.335Z,2024-07-29T17:28:26.258Z
2624,2400,NW767764594,WALLET,,MRU,2013,248000,500000,15000000,ACTIVE,false,2024-04-16,2024-10-04T16:35:01.772Z,2024-04-16T21:31:18.335Z,2024-10-04T16:35:01.772Z
2625,2401,NS888603687,SAVINGS,,MRU,313775,950,500000,15000000,ACTIVE,true,2024-10-23,2024-11-13T12:13:19.669Z,2024-10-23T21:04:55.637Z,2024-11-13T12:13:19.669Z
2626,2402,NC838138938,CORPORATE,,MRU,183000,23000,500000,15000000,ACTIVE,true,2022-01-13,2022-07-21T17:38:05.704Z,2022-01-13T15:04:45.124Z,2022-07-21T17:38:05.704Z
2627,2403,NC542766809,CORPORATE,,MRU,22000,22000,500000,15000000,ACTIVE,true,2024-10-16,2024-11-28T07:41:34.050Z,2024-10-16T16:51:05.460Z,2024-11-28T07:41:34.050Z
2628,2404,NS580865145,SAVINGS,,MRU,62300,2500,500000,15000000,ACTIVE,true,2022-02-19,2023-11-30T16:23:10.478Z,2022-02-19T08:59:55.006Z,2023-11-30T16:23:10.478Z
2629,2405,NM376146435,MERCHANT,,MRU,45000,29000,500000,15000000,ACTIVE,true,2022-08-24,2022-11-08T13:28:25.391Z,2022-08-24T20:32:09.792Z,2022-11-08T13:28:25.391Z
2630,2406,NW202794432,WALLET,,MRU,26500,47000,500000,15000000,ACTIVE,true,2023-08-23,2023-12-12T01:39:54.019Z,2023-08-23T06:40:37.093Z,2023-12-12T01:39:54.019Z
2631,2407,NW912806988,WALLET,,MRU,1425,7900,500000,15000000,ACTIVE,true,2022-10-06,2024-12-12T16:58:47.805Z,2022-10-06T12:31:57.987Z,2024-12-12T16:58:47.805Z
2632,2408,NW166543006,WALLET,,MRU,1366734,33000,500000,15000000,ACTIVE,true,2022-04-08,2023-04-27T01:24:33.813Z,2022-04-08T09:03:31.518Z,2023-04-27T01:24:33.813Z
2633,2409,NS264396429,SAVINGS,,MRU,64600,8400,500000,15000000,ACTIVE,true,2022-02-11,2023-07-25T22:49:48.337Z,2022-02-11T22:29:14.600Z,2023-07-25T22:49:48.337Z
2634,2410,NW733969241,WALLET,,MRU,34000,34000,500000,15000000,ACTIVE,true,2023-02-21,2023-08-14T12:01:24.015Z,2023-02-21T15:43:39.645Z,2023-08-14T12:01:24.015Z
2635,2411,NW357824564,WALLET,,MRU,155100,5100,500000,15000000,ACTIVE,true,2024-06-28,2024-08-26T09:16:08.223Z,2024-06-28T21:01:07.818Z,2024-08-26T09:16:08.223Z
2636,2412,NW499186635,WALLET,,MRU,16400,18000,500000,15000000,ACTIVE,true,2024-08-20,2024-10-20T23:50:46.742Z,2024-08-20T22:44:03.186Z,2024-10-20T23:50:46.742Z
2637,2413,NS332386613,SAVINGS,,MRU,5600,5600,500000,15000000,ACTIVE,true,2023-06-15,2024-08-05T14:28:23.873Z,2023-06-15T18:15:26.050Z,2024-08-05T14:28:23.873Z
2638,2414,NS610105514,SAVINGS,,MRU,413750,488000,500000,15000000,ACTIVE,true,2024-07-28,2024-09-13T13:55:29.872Z,2024-07-28T08:44:21.672Z,2024-09-13T13:55:29.872Z
2639,2414,NS484912872,SAVINGS,,MRU,437500,493000,500000,15000000,ACTIVE,false,2024-07-28,2024-08-18T06:32:00.805Z,2024-07-28T08:44:21.672Z,2024-08-18T06:32:00.805Z
2640,2415,NS758030772,SAVINGS,,MRU,13625,46000,500000,15000000,ACTIVE,true,2022-08-04,2022-12-01T13:03:46.986Z,2022-08-04T06:20:37.894Z,2022-12-01T13:03:46.986Z
2641,2416,NW133707761,WALLET,,MRU,25,8700,500000,15000000,ACTIVE,true,2022-10-24,2022-11-28T04:04:34.519Z,2022-10-24T00:45:46.803Z,2022-11-28T04:04:34.519Z
2642,2417,NM412570953,MERCHANT,,MRU,7700,7700,500000,15000000,ACTIVE,true,2023-11-12,2024-05-29T20:24:46.426Z,2023-11-12T05:53:58.230Z,2024-05-29T20:24:46.426Z
2643,2418,NW853273392,WALLET,,MRU,33000,33000,500000,15000000,FROZEN,true,2022-02-06,2024-04-10T16:21:43.487Z,2022-02-06T05:23:20.092Z,2024-04-10T16:21:43.487Z
2644,2419,NW638465881,WALLET,,MRU,50,14000,500000,15000000,ACTIVE,true,2024-04-26,2024-08-26T06:04:35.307Z,2024-04-26T19:11:57.928Z,2024-08-26T06:04:35.307Z
2645,2420,NW578176528,WALLET,,MRU,1070,5800,500000,15000000,ACTIVE,true,2022-09-20,2023-01-31T13:07:01.959Z,2022-09-20T11:12:33.165Z,2023-01-31T13:07:01.959Z
2646,2421,NW139247059,WALLET,,MRU,3912,3900,500000,15000000,ACTIVE,true,2022-05-25,2023-11-19T16:24:48.474Z,2022-05-25T04:16:55.455Z,2023-11-19T16:24:48.474Z
2647,2422,NW167197614,WALLET,,MRU,20000,20000,500000,15000000,DORMANT,true,2022-08-06,2024-09-29T18:50:09.128Z,2022-08-06T08:07:13.639Z,2024-09-29T18:50:09.128Z
2648,2423,NS461043358,SAVINGS,,MRU,41000,41000,500000,15000000,CLOSED,true,2023-01-11,2023-03-04T16:34:46.459Z,2023-01-11T19:14:42.169Z,2023-03-04T16:34:46.459Z
2649,2424,NW828266501,WALLET,,MRU,428,11000,500000,15000000,ACTIVE,true,2023-11-17,2024-02-26T12:09:46.296Z,2023-11-17T05:12:35.389Z,2024-02-26T12:09:46.296Z
2650,2425,NS514748335,SAVINGS,,MRU,31400,23000,500000,15000000,ACTIVE,true,2024-03-23,2024-10-01T01:57:17.117Z,2024-03-23T20:31:53.325Z,2024-10-01T01:57:17.117Z
2651,2426,NW216464784,WALLET,,MRU,34000,34000,500000,15000000,ACTIVE,true,2022-02-25,2024-04-25T03:48:51.948Z,2022-02-25T14:25:00.497Z,2024-04-25T03:48:51.948Z
2652,2427,NW144830849,WALLET,,MRU,33555,45000,500000,15000000,ACTIVE,true,2024-12-16,2024-12-16T10:03:38.592Z,2024-12-16T07:09:24.287Z,2024-12-16T10:03:38.592Z
2653,2428,NW223235130,WALLET,,MRU,35560,7800,500000,15000000,ACTIVE,true,2023-05-17,2023-09-27T13:19:10.512Z,2023-05-17T01:37:50.962Z,2023-09-27T13:19:10.512Z
2654,2429,NS807822466,SAVINGS,,MRU,9700,9700,500000,15000000,ACTIVE,true,2024-06-16,2024-07-01T11:53:54.683Z,2024-06-16T05:26:43.566Z,2024-07-01T11:53:54.683Z
2655,2430,NM147521019,MERCHANT,,MRU,185000,25000,500000,15000000,ACTIVE,true,2023-08-30,2024-05-25T19:48:12.021Z,2023-08-30T01:06:40.840Z,2024-05-25T19:48:12.021Z
2656,2431,NS782635093,SAVINGS,,MRU,773000,233000,500000,15000000,ACTIVE,true,2022-03-01,2022-10-21T22:57:50.475Z,2022-03-01T00:36:17.540Z,2022-10-21T22:57:50.475Z
2657,2431,NS538153290,SAVINGS,,MRU,155000,70000,500000,15000000,ACTIVE,false,2022-03-01,2024-04-12T01:54:05.024Z,2022-03-01T00:36:17.540Z,2024-04-12T01:54:05.024Z
2658,2431,NW091768264,WALLET,,MRU,25000,25000,500000,15000000,ACTIVE,false,2022-03-01,2023-04-23T15:21:40.015Z,2022-03-01T00:36:17.540Z,2023-04-23T15:21:40.015Z
2659,2432,NW263241082,WALLET,,MRU,251000,251000,500000,15000000,ACTIVE,true,2024-06-12,2024-12-07T16:16:40.802Z,2024-06-12T14:12:32.132Z,2024-12-07T16:16:40.802Z
2660,2432,NS113360047,SAVINGS,,MRU,423000,423000,500000,15000000,ACTIVE,false,2024-06-12,2024-10-09T08:36:07.540Z,2024-06-12T14:12:32.132Z,2024-10-09T08:36:07.540Z
2661,2432,NS477158546,SAVINGS,,MRU,16,63000,500000,15000000,ACTIVE,false,2024-06-12,2024-07-24T00:58:33.192Z,2024-06-12T14:12:32.132Z,2024-07-24T00:58:33.192Z
2662,2433,NW289033591,WALLET,,MRU,17775,33000,500000,15000000,ACTIVE,true,2023-04-08,2023-08-27T13:10:42.807Z,2023-04-08T10:22:34.627Z,2023-08-27T13:10:42.807Z
2663,2434,NS385791421,SAVINGS,,MRU,31300,1300,500000,15000000,ACTIVE,true,2024-07-03,2024-12-05T14:39:58.073Z,2024-07-03T18:10:17.150Z,2024-12-05T14:39:58.073Z
2664,2435,NW991055489,WALLET,,MRU,873000,873000,500000,15000000,ACTIVE,true,2023-07-12,2024-09-16T03:17:49.573Z,2023-07-12T03:45:12.629Z,2024-09-16T03:17:49.573Z
2665,2435,NW330283165,WALLET,,MRU,1500,56000,500000,15000000,ACTIVE,false,2023-07-12,2024-07-10T19:25:39.662Z,2023-07-12T03:45:12.629Z,2024-07-10T19:25:39.662Z
2666,2436,NW509537488,WALLET,,MRU,62000,18000,500000,15000000,ACTIVE,true,2022-07-05,2023-02-27T20:52:46.760Z,2022-07-05T16:23:22.717Z,2023-02-27T20:52:46.760Z
2667,2437,NS082038402,SAVINGS,,MRU,4700,4700,500000,15000000,ACTIVE,true,2023-03-22,2024-03-18T23:29:39.262Z,2023-03-22T05:15:10.608Z,2024-03-18T23:29:39.262Z
2668,2438,NS730936289,SAVINGS,,MRU,7736,17000,500000,15000000,ACTIVE,true,2024-06-02,2024-07-19T02:44:44.134Z,2024-06-02T12:08:54.403Z,2024-07-19T02:44:44.134Z
2669,2439,NC161364197,CORPORATE,,MRU,419000,20000,500000,15000000,ACTIVE,true,2022-06-03,2023-06-12T07:27:01.273Z,2022-06-03T20:16:47.758Z,2023-06-12T07:27:01.273Z
2670,2440,NW709072441,WALLET,,MRU,8300,8300,500000,15000000,ACTIVE,true,2022-12-16,2024-05-02T15:51:10.200Z,2022-12-16T21:52:19.573Z,2024-05-02T15:51:10.200Z
2671,2441,NS957221389,SAVINGS,,MRU,900,900,500000,15000000,ACTIVE,true,2023-02-18,2023-10-26T07:52:50.611Z,2023-02-18T18:30:28.866Z,2023-10-26T07:52:50.611Z
2672,2442,NW464980840,WALLET,,MRU,17800,1300,500000,15000000,ACTIVE,true,2022-02-16,2022-07-21T05:49:44.162Z,2022-02-16T18:00:13.916Z,2022-07-21T05:49:44.162Z
2673,2443,NS508595943,SAVINGS,,MRU,13,17000,500000,15000000,ACTIVE,true,2022-06-08,2024-11-22T04:51:39.372Z,2022-06-08T11:15:22.212Z,2024-11-22T04:51:39.372Z
2674,2444,NW665161043,WALLET,,MRU,28960,34000,500000,15000000,ACTIVE,true,2024-04-27,2024-09-12T05:42:36.282Z,2024-04-27T20:04:03.903Z,2024-09-12T05:42:36.282Z
2675,2445,NW295760899,WALLET,,MRU,2197,20000,500000,15000000,ACTIVE,true,2023-02-04,2023-07-12T18:08:55.821Z,2023-02-04T06:10:02.635Z,2023-07-12T18:08:55.821Z
2676,2446,NC608409405,CORPORATE,,MRU,12000,12000,500000,15000000,ACTIVE,true,2022-12-08,2024-08-28T12:43:25.632Z,2022-12-08T17:46:46.176Z,2024-08-28T12:43:25.632Z
2677,2447,NM962504864,MERCHANT,,MRU,37200,33000,500000,15000000,ACTIVE,true,2023-12-22,2024-10-29T05:19:32.371Z,2023-12-22T16:23:15.581Z,2024-10-29T05:19:32.371Z
2678,2448,NW249827891,WALLET,,MRU,34000,34000,500000,15000000,CLOSED,true,2024-09-27,2024-11-23T00:16:10.654Z,2024-09-27T21:46:09.398Z,2024-11-23T00:16:10.654Z
2679,2449,NW498668194,WALLET,,MRU,228110,33000,500000,15000000,ACTIVE,true,2024-06-17,2024-08-02T04:31:49.759Z,2024-06-17T03:21:39.881Z,2024-08-02T04:31:49.759Z
2680,2450,NW333604097,WALLET,,MRU,3300,3300,500000,15000000,ACTIVE,true,2022-08-19,2022-10-22T13:07:19.532Z,2022-08-19T05:56:15.249Z,2022-10-22T13:07:19.532Z
2681,2451,NC297811985,CORPORATE,,MRU,700,20000,500000,15000000,ACTIVE,true,2022-12-28,2023-03-27T13:46:50.996Z,2022-12-28T10:34:45.210Z,2023-03-27T13:46:50.996Z
2682,2452,NS238432288,SAVINGS,,MRU,185850,399000,500000,15000000,ACTIVE,true,2023-11-18,2024-06-10T09:51:36.660Z,2023-11-18T15:32:10.105Z,2024-06-10T09:51:36.660Z
2683,2452,NS672483206,SAVINGS,,MRU,1118,103000,500000,15000000,ACTIVE,false,2023-11-18,2024-09-21T14:26:10.476Z,2023-11-18T15:32:10.105Z,2024-09-21T14:26:10.476Z
2684,2453,NS950199723,SAVINGS,,MRU,13000,13000,500000,15000000,ACTIVE,true,2023-01-24,2024-05-13T11:31:19.505Z,2023-01-24T11:08:50.627Z,2024-05-13T11:31:19.505Z
2685,2454,NW511177182,WALLET,,MRU,25750,48000,500000,15000000,ACTIVE,true,2022-07-09,2023-03-16T10:46:09.070Z,2022-07-09T09:04:38.403Z,2023-03-16T10:46:09.070Z
2686,2455,NA349520802,AGENT,,MRU,22890,122000,500000,15000000,ACTIVE,true,2023-08-23,2023-09-15T12:06:14.399Z,2023-08-23T19:10:14.365Z,2023-09-15T12:06:14.399Z
2687,2455,NW882830977,WALLET,,MRU,340725,482000,500000,15000000,ACTIVE,false,2023-08-23,2024-03-03T21:40:02.586Z,2023-08-23T19:10:14.365Z,2024-03-03T21:40:02.586Z
2688,2455,NW082836031,WALLET,,MRU,458000,458000,500000,15000000,ACTIVE,false,2023-08-23,2023-09-15T05:17:54.554Z,2023-08-23T19:10:14.365Z,2023-09-15T05:17:54.554Z
2689,2456,NW817975402,WALLET,,MRU,27000,27000,500000,15000000,ACTIVE,true,2024-02-14,2024-04-13T11:38:56.160Z,2024-02-14T18:29:03.170Z,2024-04-13T11:38:56.160Z
2690,2457,NW259367287,WALLET,,MRU,41000,41000,500000,15000000,ACTIVE,true,2024-03-14,2024-12-11T02:49:38.126Z,2024-03-14T15:53:24.325Z,2024-12-11T02:49:38.126Z
2691,2458,NW792236835,WALLET,,MRU,3800,3800,500000,15000000,ACTIVE,true,2023-04-17,2023-11-17T13:11:12.700Z,2023-04-17T15:55:12.044Z,2023-11-17T13:11:12.700Z
2692,2459,NW027700211,WALLET,,MRU,1000,24000,500000,15000000,ACTIVE,true,2024-11-20,2024-12-09T05:19:14.149Z,2024-11-20T07:58:36.709Z,2024-12-09T05:19:14.149Z
2693,2460,NW455959469,WALLET,,MRU,1500,9500,500000,15000000,ACTIVE,true,2024-10-12,2024-12-17T05:05:52.792Z,2024-10-12T01:42:30.444Z,2024-12-17T05:05:52.792Z
2694,2461,NA134470701,AGENT,,MRU,33000,30000,500000,15000000,ACTIVE,true,2022-05-09,2024-09-26T02:47:38.059Z,2022-05-09T05:22:09.172Z,2024-09-26T02:47:38.059Z
2695,2462,NS634293198,SAVINGS,,MRU,45,34000,500000,15000000,ACTIVE,true,2022-03-31,2023-01-21T09:11:18.163Z,2022-03-31T20:27:28.584Z,2023-01-21T09:11:18.163Z
2696,2463,NS201816678,SAVINGS,,MRU,32000,32000,500000,15000000,FROZEN,true,2023-10-18,2024-06-20T16:48:45.241Z,2023-10-18T21:05:56.786Z,2024-06-20T16:48:45.241Z
2697,2464,NM399380207,MERCHANT,,MRU,1900,1900,500000,15000000,ACTIVE,true,2022-08-20,2023-12-02T12:16:45.499Z,2022-08-20T15:58:57.752Z,2023-12-02T12:16:45.499Z
2698,2465,NS513774633,SAVINGS,,MRU,1008225,17000,500000,15000000,ACTIVE,true,2022-12-21,2023-02-16T01:20:38.745Z,2022-12-21T05:28:39.354Z,2023-02-16T01:20:38.745Z
2699,2466,NW284620404,WALLET,,MRU,12000,2900,500000,15000000,ACTIVE,true,2022-06-14,2023-03-26T21:37:54.834Z,2022-06-14T00:54:53.309Z,2023-03-26T21:37:54.834Z
2700,2467,NW109745562,WALLET,,MRU,114000,29000,500000,15000000,ACTIVE,true,2024-07-23,2024-12-13T03:27:58.207Z,2024-07-23T08:01:29.081Z,2024-12-13T03:27:58.207Z
2701,2468,NS621737003,SAVINGS,,MRU,16000,16000,500000,15000000,ACTIVE,true,2024-04-07,2024-07-14T02:14:31.871Z,2024-04-07T08:07:55.094Z,2024-07-14T02:14:31.871Z
2702,2469,NA867285252,AGENT,,MRU,5300,5300,500000,15000000,FROZEN,true,2024-01-13,2024-10-23T10:26:21.686Z,2024-01-13T09:36:06.875Z,2024-10-23T10:26:21.686Z
2703,2470,NS471308112,SAVINGS,,MRU,2000000,38000,500000,15000000,ACTIVE,true,2023-12-21,2024-10-24T04:18:59.064Z,2023-12-21T13:47:46.622Z,2024-10-24T04:18:59.064Z
2704,2471,NW227988123,WALLET,,MRU,10700,700,500000,15000000,ACTIVE,true,2024-06-14,2024-08-25T13:09:04.164Z,2024-06-14T16:23:36.856Z,2024-08-25T13:09:04.164Z
2705,2472,NW767262724,WALLET,,MRU,224500,43000,500000,15000000,ACTIVE,true,2023-11-12,2024-04-05T03:58:55.496Z,2023-11-12T19:14:54.438Z,2024-04-05T03:58:55.496Z
2706,2473,NW364251136,WALLET,,MRU,619000,19000,500000,15000000,ACTIVE,true,2022-01-27,2022-11-03T01:32:35.917Z,2022-01-27T08:33:59.434Z,2022-11-03T01:32:35.917Z
2707,2474,NW587405205,WALLET,,MRU,14000,14000,500000,15000000,ACTIVE,true,2022-05-13,2024-04-21T11:27:19.174Z,2022-05-13T10:59:07.325Z,2024-04-21T11:27:19.174Z
2708,2475,NW000584602,WALLET,,MRU,57800,7800,500000,15000000,ACTIVE,true,2023-01-07,2024-09-22T04:37:46.211Z,2023-01-07T22:46:16.484Z,2024-09-22T04:37:46.211Z
2709,2476,NS783093214,SAVINGS,,MRU,18000,18000,500000,15000000,DORMANT,true,2023-09-29,2024-03-31T06:31:16.684Z,2023-09-29T17:13:48.326Z,2024-03-31T06:31:16.684Z
2710,2477,NW968314886,WALLET,,MRU,4300,18000,500000,15000000,ACTIVE,true,2023-05-26,2023-09-27T10:18:23.695Z,2023-05-26T16:21:46.892Z,2023-09-27T10:18:23.695Z
2711,2478,NS847513318,SAVINGS,,MRU,3068,12000,500000,15000000,ACTIVE,true,2023-11-17,2024-12-16T01:10:58.300Z,2023-11-17T04:20:08.784Z,2024-12-16T01:10:58.300Z
2712,2479,NA305503368,AGENT,,MRU,27000,27000,500000,15000000,ACTIVE,true,2024-06-22,2024-09-25T17:33:25.938Z,2024-06-22T14:14:44.174Z,2024-09-25T17:33:25.938Z
2713,2480,NW071174170,WALLET,,MRU,18000,18000,500000,15000000,ACTIVE,true,2024-11-02,2024-11-21T03:29:03.884Z,2024-11-02T20:11:26.879Z,2024-11-21T03:29:03.884Z
2714,2481,NA966614962,AGENT,,MRU,67700,6900,500000,15000000,ACTIVE,true,2023-03-20,2023-07-26T01:18:37.408Z,2023-03-20T04:00:09.593Z,2023-07-26T01:18:37.408Z
2715,2482,NW932556152,WALLET,,MRU,7600,7600,500000,15000000,FROZEN,true,2022-06-16,2022-12-15T09:06:41.377Z,2022-06-16T02:14:16.542Z,2022-12-15T09:06:41.377Z
2716,2483,NS576875090,SAVINGS,,MRU,29000,29000,500000,15000000,FROZEN,true,2023-07-02,2024-01-05T22:17:09.376Z,2023-07-02T18:25:54.069Z,2024-01-05T22:17:09.376Z
2717,2484,NW915620714,WALLET,,MRU,1000,18000,500000,15000000,ACTIVE,true,2024-01-16,2024-06-09T04:40:52.902Z,2024-01-16T18:19:39.796Z,2024-06-09T04:40:52.902Z
2718,2485,NA209830045,AGENT,,MRU,19000,19000,500000,15000000,ACTIVE,true,2022-03-27,2022-09-30T06:10:29.091Z,2022-03-27T00:16:38.300Z,2022-09-30T06:10:29.091Z
2719,2486,NW891967773,WALLET,,MRU,8000,48000,500000,15000000,ACTIVE,true,2024-01-21,2024-05-03T13:20:08.506Z,2024-01-21T07:07:52.851Z,2024-05-03T13:20:08.506Z
2720,2487,NS016662955,SAVINGS,,MRU,251000,31000,500000,15000000,ACTIVE,true,2023-08-01,2024-12-04T13:07:54.356Z,2023-08-01T01:12:39.456Z,2024-12-04T13:07:54.356Z
2721,2488,NS139692187,SAVINGS,,MRU,32000,32000,500000,15000000,ACTIVE,true,2022-02-23,2023-09-29T04:03:48.219Z,2022-02-23T00:27:18.730Z,2023-09-29T04:03:48.219Z
2722,2489,NS640547991,SAVINGS,,MRU,50000,50000,500000,15000000,ACTIVE,true,2023-11-26,2023-11-28T05:44:11.022Z,2023-11-26T07:03:46.833Z,2023-11-28T05:44:11.022Z
2723,2490,NM110353469,MERCHANT,,MRU,7960,13000,500000,15000000,ACTIVE,true,2024-09-18,2024-11-05T08:52:18.579Z,2024-09-18T13:48:48.112Z,2024-11-05T08:52:18.579Z
2724,2491,NM587458491,MERCHANT,,MRU,2500,2500,500000,15000000,CLOSED,true,2024-04-04,2024-07-17T05:07:45.156Z,2024-04-04T10:42:36.874Z,2024-07-17T05:07:45.156Z
2725,2492,NW640788942,WALLET,,MRU,39000,39000,500000,15000000,DORMANT,true,2022-12-19,2024-10-28T04:13:33.016Z,2022-12-19T01:02:25.637Z,2024-10-28T04:13:33.016Z
2726,2493,NA332500219,AGENT,,MRU,725000,15000,500000,15000000,ACTIVE,true,2024-11-18,2024-12-16T23:51:54.705Z,2024-11-18T21:13:36.930Z,2024-12-16T23:51:54.705Z
2727,2494,NW127937078,WALLET,,MRU,47000,47000,500000,15000000,ACTIVE,true,2022-01-01,2024-06-28T10:48:07.236Z,2022-01-01T01:11:51.073Z,2024-06-28T10:48:07.236Z
2728,2495,NC620507717,CORPORATE,,MRU,5640,30000,500000,15000000,ACTIVE,true,2024-02-09,2024-09-13T17:34:36.998Z,2024-02-09T17:51:29.187Z,2024-09-13T17:34:36.998Z
2729,2496,NW571595669,WALLET,,MRU,3700,8300,500000,15000000,ACTIVE,true,2023-08-29,2024-01-10T20:48:53.344Z,2023-08-29T04:04:53.422Z,2024-01-10T20:48:53.344Z
2730,2497,NW971352935,WALLET,,MRU,12100,45000,500000,15000000,ACTIVE,true,2024-11-10,2024-12-14T13:07:50.835Z,2024-11-10T19:25:50.418Z,2024-12-14T13:07:50.835Z
2731,2498,NW042463064,WALLET,,MRU,50000,50000,500000,15000000,ACTIVE,true,2023-08-25,2024-05-18T15:34:59.510Z,2023-08-25T10:45:13.822Z,2024-05-18T15:34:59.510Z
2732,2499,NW054224491,WALLET,,MRU,8750,750,500000,15000000,ACTIVE,true,2022-06-01,2023-04-12T08:09:28.829Z,2022-06-01T17:27:58.945Z,2023-04-12T08:09:28.829Z
2733,2500,NW832964328,WALLET,,MRU,830,18000,500000,15000000,ACTIVE,true,2022-11-03,2024-06-19T18:40:20.832Z,2022-11-03T10:34:26.681Z,2024-06-19T18:40:20.832Z
2734,2501,NW382320434,WALLET,,MRU,2400,2400,500000,15000000,ACTIVE,true,2022-02-24,2023-05-10T04:17:29.628Z,2022-02-24T02:24:46.682Z,2023-05-10T04:17:29.628Z
2735,2502,NW295345604,WALLET,,MRU,543,37000,500000,15000000,ACTIVE,true,2022-12-08,2023-04-07T22:24:23.626Z,2022-12-08T15:08:07.415Z,2023-04-07T22:24:23.626Z
2736,2503,NW939947963,WALLET,,MRU,52500,9300,500000,15000000,ACTIVE,true,2022-05-31,2024-12-29T05:56:07.564Z,2022-05-31T09:20:04.574Z,2024-12-29T05:56:07.564Z
2737,2504,NW996262789,WALLET,,MRU,6600,15000,500000,15000000,ACTIVE,true,2023-04-18,2024-04-04T21:09:02.363Z,2023-04-18T22:45:10.210Z,2024-04-04T21:09:02.363Z
2738,2505,NW394510507,WALLET,,MRU,94100,38000,500000,15000000,ACTIVE,true,2022-12-17,2024-08-24T11:13:05.300Z,2022-12-17T16:53:51.793Z,2024-08-24T11:13:05.300Z
2739,2506,NW752074480,WALLET,,MRU,3670,26000,500000,15000000,ACTIVE,true,2023-03-12,2023-10-19T12:12:50.353Z,2023-03-12T13:01:03.985Z,2023-10-19T12:12:50.353Z
2740,2507,NA423113465,AGENT,,MRU,10000,10000,500000,15000000,ACTIVE,true,2024-04-04,2024-04-14T16:39:37.852Z,2024-04-04T14:43:35.465Z,2024-04-14T16:39:37.852Z
2741,2508,NM184910535,MERCHANT,,MRU,4750,34000,500000,15000000,ACTIVE,true,2023-10-19,2024-05-24T19:54:03.232Z,2023-10-19T00:59:12.974Z,2024-05-24T19:54:03.232Z
2742,2509,NW169483661,WALLET,,MRU,57000,17000,500000,15000000,ACTIVE,true,2023-05-15,2024-03-16T09:22:05.485Z,2023-05-15T08:06:52.886Z,2024-03-16T09:22:05.485Z
2743,2510,NW238345533,WALLET,,MRU,6100,6100,500000,15000000,FROZEN,true,2024-02-04,2024-10-02T16:17:17.299Z,2024-02-04T12:06:01.590Z,2024-10-02T16:17:17.299Z
2744,2511,NW949503899,WALLET,,MRU,3485600,34000,500000,15000000,ACTIVE,true,2024-11-15,2024-12-24T18:45:25.141Z,2024-11-15T19:17:12.795Z,2024-12-24T18:45:25.141Z
2745,2512,NW791729953,WALLET,,MRU,31948,49000,500000,15000000,ACTIVE,true,2023-09-15,2024-05-13T09:31:04.139Z,2023-09-15T00:57:44.930Z,2024-05-13T09:31:04.139Z
2746,2513,NM872066021,MERCHANT,,MRU,35000,35000,500000,15000000,ACTIVE,true,2022-07-01,2024-07-21T14:29:34.448Z,2022-07-01T11:27:45.757Z,2024-07-21T14:29:34.448Z
2747,2514,NW764308482,WALLET,,MRU,12000,12000,500000,15000000,ACTIVE,true,2023-03-18,2024-12-16T01:47:18.339Z,2023-03-18T02:49:53.350Z,2024-12-16T01:47:18.339Z
2748,2515,NW733908921,WALLET,,MRU,44000,44000,500000,15000000,ACTIVE,true,2023-07-27,2024-01-07T12:48:46.628Z,2023-07-27T04:38:08.124Z,2024-01-07T12:48:46.628Z
2749,2516,NW861207604,WALLET,,MRU,25000,25000,500000,15000000,ACTIVE,true,2024-07-14,2024-08-02T12:29:12.911Z,2024-07-14T01:16:41.162Z,2024-08-02T12:29:12.911Z
2750,2517,NW479740619,WALLET,,MRU,30000,30000,500000,15000000,ACTIVE,true,2023-10-09,2024-02-14T21:15:34.884Z,2023-10-09T01:59:25.278Z,2024-02-14T21:15:34.884Z
2751,2518,NS053162097,SAVINGS,,MRU,38000,38000,500000,15000000,ACTIVE,true,2022-01-01,2024-08-27T13:31:34.238Z,2022-01-01T15:08:39.998Z,2024-08-27T13:31:34.238Z
2752,2519,NA853667617,AGENT,,MRU,33000,33000,500000,15000000,ACTIVE,true,2024-10-15,2024-11-06T17:16:10.870Z,2024-10-15T20:28:09.800Z,2024-11-06T17:16:10.870Z
2753,2520,NW151416540,WALLET,,MRU,11000,11000,500000,15000000,ACTIVE,true,2022-03-14,2024-07-30T12:51:24.715Z,2022-03-14T21:34:13.419Z,2024-07-30T12:51:24.715Z
2754,2521,NW576192498,WALLET,,MRU,2050,13000,500000,15000000,ACTIVE,true,2024-03-17,2024-08-28T22:15:30.474Z,2024-03-17T14:31:21.551Z,2024-08-28T22:15:30.474Z
2755,2522,NW058064579,WALLET,,MRU,1108000,19000,500000,15000000,ACTIVE,true,2023-06-17,2024-06-04T01:13:44.045Z,2023-06-17T09:20:07.257Z,2024-06-04T01:13:44.045Z
2756,2523,NM770856857,MERCHANT,,MRU,3769336,16000,500000,15000000,ACTIVE,true,2023-02-13,2023-03-13T08:42:08.592Z,2023-02-13T22:10:48.509Z,2023-03-13T08:42:08.592Z
2757,2524,NA146811842,AGENT,,MRU,5100,5100,500000,15000000,ACTIVE,true,2022-07-22,2024-04-26T18:04:24.436Z,2022-07-22T12:18:06.457Z,2024-04-26T18:04:24.436Z
2758,2525,NA967530966,AGENT,,MRU,315000,315000,500000,15000000,ACTIVE,true,2022-03-28,2023-07-11T16:14:59.503Z,2022-03-28T04:39:38.361Z,2023-07-11T16:14:59.503Z
2759,2525,NS088158369,SAVINGS,,MRU,250,336000,500000,15000000,ACTIVE,false,2022-03-28,2024-04-20T18:46:50.296Z,2022-03-28T04:39:38.361Z,2024-04-20T18:46:50.296Z
2760,2525,NS181663990,SAVINGS,,MRU,147100,169000,500000,15000000,ACTIVE,false,2022-03-28,2022-09-29T02:14:19.773Z,2022-03-28T04:39:38.361Z,2022-09-29T02:14:19.773Z
2761,2526,NC626475096,CORPORATE,,MRU,536830,7600,500000,15000000,ACTIVE,true,2022-08-15,2024-04-23T20:58:31.573Z,2022-08-15T12:05:40.393Z,2024-04-23T20:58:31.573Z
2762,2527,NW934720661,WALLET,,MRU,60,30000,500000,15000000,ACTIVE,true,2022-04-14,2022-12-12T04:44:45.449Z,2022-04-14T06:46:41.301Z,2022-12-12T04:44:45.449Z
2763,2528,NW289964795,WALLET,,MRU,18000,18000,500000,15000000,FROZEN,true,2023-02-08,2024-09-19T14:38:57.351Z,2023-02-08T12:50:49.721Z,2024-09-19T14:38:57.351Z
2764,2529,NW630401253,WALLET,,MRU,14000,14000,500000,15000000,FROZEN,true,2023-02-03,2023-12-24T12:07:37.628Z,2023-02-03T00:42:51.084Z,2023-12-24T12:07:37.628Z
2765,2530,NS165579915,SAVINGS,,MRU,43240,30000,500000,15000000,ACTIVE,true,2022-03-30,2023-06-11T17:20:35.205Z,2022-03-30T06:33:36.774Z,2023-06-11T17:20:35.205Z
2766,2531,NW460422069,WALLET,,MRU,400,13000,500000,15000000,ACTIVE,true,2023-09-12,2023-09-25T19:52:48.589Z,2023-09-12T07:24:46.507Z,2023-09-25T19:52:48.589Z
2767,2532,NW238865152,WALLET,,MRU,174,30000,500000,15000000,ACTIVE,true,2022-04-16,2023-10-11T20:30:22.391Z,2022-04-16T17:58:55.826Z,2023-10-11T20:30:22.391Z
2768,2533,NW686664730,WALLET,,MRU,483023,15000,500000,15000000,ACTIVE,true,2022-09-01,2023-10-04T17:06:30.799Z,2022-09-01T00:14:45.329Z,2023-10-04T17:06:30.799Z
2769,2534,NM657063842,MERCHANT,,MRU,32396,43000,500000,15000000,ACTIVE,true,2023-10-09,2024-04-19T06:09:54.570Z,2023-10-09T00:22:59.586Z,2024-04-19T06:09:54.570Z
2770,2535,NW096197038,WALLET,,MRU,13000,13000,500000,15000000,FROZEN,true,2024-06-30,2024-08-07T17:42:00.204Z,2024-06-30T06:34:05.553Z,2024-08-07T17:42:00.204Z
2771,2536,NW240958094,WALLET,,MRU,3509,14000,500000,15000000,ACTIVE,true,2024-06-12,2024-12-16T05:59:28.005Z,2024-06-12T07:08:42.365Z,2024-12-16T05:59:28.005Z
2772,2537,NW247582078,WALLET,,MRU,19000,19000,500000,15000000,ACTIVE,true,2022-06-04,2022-11-08T09:46:21.887Z,2022-06-04T21:15:59.483Z,2022-11-08T09:46:21.887Z
2773,2538,NW140380382,WALLET,,MRU,800,5800,500000,15000000,ACTIVE,true,2022-10-31,2023-06-06T15:59:06.863Z,2022-10-31T12:16:58.774Z,2023-06-06T15:59:06.863Z
2774,2539,NW210065543,WALLET,,MRU,18100,10000,500000,15000000,ACTIVE,true,2023-02-05,2024-02-12T21:33:53.584Z,2023-02-05T22:32:41.103Z,2024-02-12T21:33:53.584Z
2775,2540,NW659468770,WALLET,,MRU,22500,33000,500000,15000000,ACTIVE,true,2024-08-15,2024-12-01T02:56:24.149Z,2024-08-15T23:31:21.289Z,2024-12-01T02:56:24.149Z
2776,2541,NW679909374,WALLET,,MRU,16850,11000,500000,15000000,ACTIVE,true,2024-01-13,2024-05-29T23:42:50.823Z,2024-01-13T08:27:16.560Z,2024-05-29T23:42:50.823Z
2777,2542,NW680331737,WALLET,,MRU,63700,1400,500000,15000000,ACTIVE,true,2024-01-30,2024-09-02T13:56:23.196Z,2024-01-30T00:20:36.332Z,2024-09-02T13:56:23.196Z
2778,2543,NW112486839,WALLET,,MRU,31000,31000,500000,15000000,ACTIVE,true,2023-04-19,2024-07-28T03:41:28.923Z,2023-04-19T09:43:02.334Z,2024-07-28T03:41:28.923Z
2779,2544,NW818728685,WALLET,,MRU,40000,40000,500000,15000000,ACTIVE,true,2024-07-12,2024-11-08T22:53:04.382Z,2024-07-12T22:17:45.255Z,2024-11-08T22:53:04.382Z
2780,2545,NW381336480,WALLET,,MRU,4450,34000,500000,15000000,ACTIVE,true,2023-08-04,2024-03-25T06:51:10.839Z,2023-08-04T03:06:56.712Z,2024-03-25T06:51:10.839Z
2781,2546,NW551554322,WALLET,,MRU,22170,17000,500000,15000000,ACTIVE,true,2022-11-14,2023-06-15T18:44:58.521Z,2022-11-14T21:15:01.255Z,2023-06-15T18:44:58.521Z
2782,2547,NW825199604,WALLET,,MRU,250,4900,500000,15000000,ACTIVE,true,2022-08-21,2024-11-19T21:00:06.586Z,2022-08-21T14:49:46.498Z,2024-11-19T21:00:06.586Z
2783,2548,NW963958979,WALLET,,MRU,107700,12000,500000,15000000,ACTIVE,true,2022-11-10,2023-04-07T00:42:44.739Z,2022-11-10T18:26:39.604Z,2023-04-07T00:42:44.739Z
2784,2549,NW142551392,WALLET,,MRU,315200,18000,500000,15000000,ACTIVE,true,2024-12-02,2024-12-08T00:20:48.510Z,2024-12-02T23:28:27.774Z,2024-12-08T00:20:48.510Z
2785,2550,NW467082977,WALLET,,MRU,66500,9800,500000,15000000,ACTIVE,true,2024-05-13,2024-07-19T12:02:16.143Z,2024-05-13T07:56:59.811Z,2024-07-19T12:02:16.143Z
2786,2551,NA007296562,AGENT,,MRU,7000,47000,500000,15000000,ACTIVE,true,2024-01-09,2024-12-22T07:35:39.424Z,2024-01-09T06:57:17.898Z,2024-12-22T07:35:39.424Z
2787,2552,NW341047313,WALLET,,MRU,1700,1700,500000,15000000,ACTIVE,true,2023-03-27,2023-10-03T21:51:59.194Z,2023-03-27T18:20:20.623Z,2023-10-03T21:51:59.194Z
2788,2553,NW825334519,WALLET,,MRU,42000,42000,500000,15000000,ACTIVE,true,2022-03-09,2022-03-21T20:50:14.485Z,2022-03-09T09:55:36.994Z,2022-03-21T20:50:14.485Z
2789,2554,NW867528915,WALLET,,MRU,1340,33000,500000,15000000,ACTIVE,true,2022-11-17,2024-04-19T15:05:04.300Z,2022-11-17T02:15:50.151Z,2024-04-19T15:05:04.300Z
2790,2555,NW515865326,WALLET,,MRU,2550,26000,500000,15000000,ACTIVE,true,2022-06-13,2022-07-10T21:27:01.948Z,2022-06-13T19:00:00.157Z,2022-07-10T21:27:01.948Z
2791,2556,NW352507591,WALLET,,MRU,26000,26000,500000,15000000,FROZEN,true,2023-11-04,2024-10-15T02:36:22.357Z,2023-11-04T23:37:39.984Z,2024-10-15T02:36:22.357Z
2792,2557,NM789017677,MERCHANT,,MRU,37400,29000,500000,15000000,ACTIVE,true,2022-05-28,2024-07-02T14:13:59.163Z,2022-05-28T11:20:28.092Z,2024-07-02T14:13:59.163Z
2793,2558,NM295039177,MERCHANT,,MRU,1027500,18000,500000,15000000,ACTIVE,true,2024-10-15,2024-11-09T11:28:02.929Z,2024-10-15T12:54:41.257Z,2024-11-09T11:28:02.929Z
2794,2559,NA775631904,AGENT,,MRU,7375,19000,500000,15000000,ACTIVE,true,2022-10-15,2024-07-16T13:10:10.575Z,2022-10-15T17:33:45.478Z,2024-07-16T13:10:10.575Z
2795,2560,NW429940581,WALLET,,MRU,8200,8200,500000,15000000,FROZEN,true,2022-05-15,2023-11-26T02:36:33.671Z,2022-05-15T01:55:46.039Z,2023-11-26T02:36:33.671Z
2796,2561,NW155740618,WALLET,,MRU,426000,26000,500000,15000000,ACTIVE,true,2022-01-28,2022-10-29T17:03:52.851Z,2022-01-28T05:57:37.937Z,2022-10-29T17:03:52.851Z
2797,2562,NW140558838,WALLET,,MRU,49000,49000,500000,15000000,ACTIVE,true,2023-05-26,2023-06-16T18:08:25.166Z,2023-05-26T15:52:38.778Z,2023-06-16T18:08:25.166Z
2798,2563,NS851726890,SAVINGS,,MRU,12000,12000,500000,15000000,ACTIVE,true,2022-06-24,2022-09-19T20:12:38.557Z,2022-06-24T07:27:18.796Z,2022-09-19T20:12:38.557Z
2799,2564,NC324756860,CORPORATE,,MRU,36000,36000,500000,15000000,ACTIVE,true,2022-11-11,2023-05-04T17:20:19.331Z,2022-11-11T08:01:02.200Z,2023-05-04T17:20:19.331Z
2800,2565,NW310200393,WALLET,,MRU,15000,15000,500000,15000000,FROZEN,true,2022-09-17,2023-03-10T02:01:09.221Z,2022-09-17T16:08:38.935Z,2023-03-10T02:01:09.221Z
2801,2566,NW010950684,WALLET,,MRU,12000,12000,500000,15000000,ACTIVE,true,2024-09-15,2024-09-23T15:17:01.492Z,2024-09-15T21:28:28.695Z,2024-09-23T15:17:01.492Z
2802,2567,NS530611515,SAVINGS,,MRU,58000,11000,500000,15000000,ACTIVE,true,2024-10-21,2024-12-28T04:42:54.372Z,2024-10-21T04:35:43.679Z,2024-12-28T04:42:54.372Z
2803,2568,NW722003460,WALLET,,MRU,44000,44000,500000,15000000,DORMANT,true,2022-04-07,2024-11-11T01:15:35.501Z,2022-04-07T15:41:02.884Z,2024-11-11T01:15:35.501Z
2804,2569,NM157367229,MERCHANT,,MRU,13000,13000,500000,15000000,ACTIVE,true,2023-05-13,2023-12-20T00:24:37.505Z,2023-05-13T23:03:37.099Z,2023-12-20T00:24:37.505Z
2805,2570,NS404141336,SAVINGS,,MRU,5350,9200,500000,15000000,ACTIVE,true,2022-08-27,2023-08-08T21:07:21.375Z,2022-08-27T01:27:54.178Z,2023-08-08T21:07:21.375Z
2806,2571,NM998820424,MERCHANT,,MRU,42000,42000,500000,15000000,CLOSED,true,2022-02-27,2022-02-27T16:45:24.782Z,2022-02-27T00:09:43.469Z,2022-02-27T16:45:24.782Z
2807,2572,NW299561798,WALLET,,MRU,250,2100,500000,15000000,ACTIVE,true,2022-05-10,2023-04-14T11:09:37.656Z,2022-05-10T04:59:37.720Z,2023-04-14T11:09:37.656Z
2808,2573,NS871111512,SAVINGS,,MRU,5900,5900,500000,15000000,ACTIVE,true,2022-07-17,2023-06-18T18:39:15.201Z,2022-07-17T03:30:27.511Z,2023-06-18T18:39:15.201Z
2809,2574,NM238157272,MERCHANT,,MRU,8240,2500,500000,15000000,ACTIVE,true,2023-02-15,2023-08-30T13:35:42.181Z,2023-02-15T21:49:15.373Z,2023-08-30T13:35:42.181Z
2810,2575,NW179692983,WALLET,,MRU,3640,28000,500000,15000000,ACTIVE,true,2023-11-08,2024-05-28T00:38:21.120Z,2023-11-08T11:40:04.882Z,2024-05-28T00:38:21.120Z
2811,2576,NM617461800,MERCHANT,,MRU,4550,11000,500000,15000000,ACTIVE,true,2024-11-01,2024-11-17T07:22:40.256Z,2024-11-01T21:21:23.245Z,2024-11-17T07:22:40.256Z
2812,2577,NC439437866,CORPORATE,,MRU,150,18000,500000,15000000,ACTIVE,true,2024-03-08,2024-04-20T23:24:50.372Z,2024-03-08T21:53:01.972Z,2024-04-20T23:24:50.372Z
2813,2578,NC340409636,CORPORATE,,MRU,6900,6900,500000,15000000,ACTIVE,true,2024-01-28,2024-12-08T04:01:12.348Z,2024-01-28T06:51:42.315Z,2024-12-08T04:01:12.348Z
2814,2579,NC568441152,CORPORATE,,MRU,197575,257000,500000,15000000,ACTIVE,true,2022-12-27,2023-02-28T23:34:17.385Z,2022-12-27T08:55:14.321Z,2023-02-28T23:34:17.385Z
2815,2579,NW857559323,WALLET,,MRU,475,65000,500000,15000000,ACTIVE,false,2022-12-27,2023-04-17T06:58:22.266Z,2022-12-27T08:55:14.321Z,2023-04-17T06:58:22.266Z
2816,2580,NC235912561,CORPORATE,,MRU,34000,34000,500000,15000000,ACTIVE,true,2023-11-20,2024-10-26T03:00:59.428Z,2023-11-20T01:53:48.882Z,2024-10-26T03:00:59.428Z
2817,2581,NW658732921,WALLET,,MRU,800,5800,500000,15000000,ACTIVE,true,2022-06-02,2024-08-02T05:57:09.467Z,2022-06-02T11:22:44.601Z,2024-08-02T05:57:09.467Z
2818,2582,NW397053599,WALLET,,MRU,43000,43000,500000,15000000,DORMANT,true,2023-09-02,2023-12-27T16:05:23.029Z,2023-09-02T22:14:01.103Z,2023-12-27T16:05:23.029Z
2819,2583,NW565171599,WALLET,,MRU,48000,48000,500000,15000000,DORMANT,true,2024-10-28,2024-12-28T08:20:01.116Z,2024-10-28T18:05:54.721Z,2024-12-28T08:20:01.116Z
2820,2584,NW482957720,WALLET,,MRU,9700,9700,500000,15000000,ACTIVE,true,2022-05-11,2022-11-14T18:09:58.074Z,2022-05-11T15:02:06.124Z,2022-11-14T18:09:58.074Z
2821,2585,NW337851613,WALLET,,MRU,50,1100,500000,15000000,ACTIVE,true,2024-04-01,2024-07-07T02:19:02.721Z,2024-04-01T22:06:21.014Z,2024-07-07T02:19:02.721Z
2822,2586,NW419533044,WALLET,,MRU,1000,1000,500000,15000000,DORMANT,true,2022-10-05,2024-11-14T00:58:49.753Z,2022-10-05T03:24:36.900Z,2024-11-14T00:58:49.753Z
2823,2587,NW600874454,WALLET,,MRU,2645,29000,500000,15000000,ACTIVE,true,2022-01-11,2022-04-08T19:12:04.103Z,2022-01-11T20:51:04.087Z,2022-04-08T19:12:04.103Z
2824,2588,NC423234582,CORPORATE,,MRU,88000,43000,500000,15000000,ACTIVE,true,2023-10-17,2023-11-20T04:16:42.906Z,2023-10-17T19:25:21.049Z,2023-11-20T04:16:42.906Z
2825,2589,NW044636249,WALLET,,MRU,500,4900,500000,15000000,ACTIVE,true,2022-02-05,2022-11-08T05:44:05.308Z,2022-02-05T14:52:08.675Z,2022-11-08T05:44:05.308Z
2826,2590,NM267738580,MERCHANT,,MRU,226000,181000,500000,15000000,ACTIVE,true,2022-12-11,2024-12-13T22:47:53.386Z,2022-12-11T02:05:11.229Z,2024-12-13T22:47:53.386Z
2827,2590,NS233830690,SAVINGS,,MRU,261000,261000,500000,15000000,ACTIVE,false,2022-12-11,2024-10-27T06:17:38.739Z,2022-12-11T02:05:11.229Z,2024-10-27T06:17:38.739Z
2828,2590,NS754822850,SAVINGS,,MRU,91000,91000,500000,15000000,ACTIVE,false,2022-12-11,2024-09-22T06:50:12.555Z,2022-12-11T02:05:11.229Z,2024-09-22T06:50:12.555Z
2829,2591,NW618181705,WALLET,,MRU,16000,16000,500000,15000000,ACTIVE,true,2024-08-08,2024-10-19T14:30:23.550Z,2024-08-08T07:26:17.050Z,2024-10-19T14:30:23.550Z
2830,2592,NS047158122,SAVINGS,,MRU,12000,12000,500000,15000000,ACTIVE,true,2024-06-12,2024-08-05T10:58:13.238Z,2024-06-12T03:55:37.236Z,2024-08-05T10:58:13.238Z
2831,2593,NS525846600,SAVINGS,,MRU,11000,11000,500000,15000000,ACTIVE,true,2023-05-04,2024-07-03T23:09:27.064Z,2023-05-04T01:08:09.351Z,2024-07-03T23:09:27.064Z
2832,2594,NW470624923,WALLET,,MRU,23000,23000,500000,15000000,CLOSED,true,2022-06-15,2022-10-19T10:39:42.691Z,2022-06-15T11:34:23.510Z,2022-10-19T10:39:42.691Z
2833,2595,NS957663894,SAVINGS,,MRU,444450,27000,500000,15000000,ACTIVE,true,2022-04-23,2024-04-22T21:08:08.319Z,2022-04-23T20:03:38.265Z,2024-04-22T21:08:08.319Z
2834,2596,NW217956453,WALLET,,MRU,45000,45000,500000,15000000,ACTIVE,true,2022-03-20,2022-09-23T23:09:08.604Z,2022-03-20T08:07:05.311Z,2022-09-23T23:09:08.604Z
2835,2597,NM418805718,MERCHANT,,MRU,15000,15000,500000,15000000,DORMANT,true,2023-07-30,2024-10-25T08:37:13.948Z,2023-07-30T00:40:04.484Z,2024-10-25T08:37:13.948Z
2836,2598,NA004346013,AGENT,,MRU,41000,41000,500000,15000000,ACTIVE,true,2023-04-16,2024-03-18T09:52:44.229Z,2023-04-16T23:20:47.798Z,2024-03-18T09:52:44.229Z
2837,2599,NM659354806,MERCHANT,,MRU,38,11000,500000,15000000,ACTIVE,true,2024-03-13,2024-08-27T05:35:57.738Z,2024-03-13T12:04:14.331Z,2024-08-27T05:35:57.738Z
2838,2600,NS892152071,SAVINGS,,MRU,18000,18000,500000,15000000,ACTIVE,true,2023-06-21,2024-12-13T08:24:49.601Z,2023-06-21T05:27:10.052Z,2024-12-13T08:24:49.601Z
2839,2601,NW003002792,WALLET,,MRU,615900,10000,500000,15000000,ACTIVE,true,2022-12-08,2023-09-23T18:35:09.762Z,2022-12-08T06:44:44.523Z,2023-09-23T18:35:09.762Z
2840,2602,NW924449921,WALLET,,MRU,225,9000,500000,15000000,ACTIVE,true,2024-01-15,2024-05-14T14:08:01.872Z,2024-01-15T16:13:52.786Z,2024-05-14T14:08:01.872Z
2841,2603,NW531015396,WALLET,,MRU,2500,2500,500000,15000000,DORMANT,true,2024-04-29,2024-07-09T07:51:05.004Z,2024-04-29T09:09:14.672Z,2024-07-09T07:51:05.004Z
2842,2604,NW051620364,WALLET,,MRU,25045,25000,500000,15000000,ACTIVE,true,2024-05-05,2024-09-07T20:00:07.954Z,2024-05-05T16:20:38.310Z,2024-09-07T20:00:07.954Z
2843,2605,NW053323030,WALLET,,MRU,97600,36000,500000,15000000,ACTIVE,true,2024-06-21,2024-11-21T10:06:07.177Z,2024-06-21T23:32:24.527Z,2024-11-21T10:06:07.177Z
2844,2606,NM002997398,MERCHANT,,MRU,12855,1200,500000,15000000,ACTIVE,true,2022-07-25,2022-09-05T05:34:54.060Z,2022-07-25T16:15:11.166Z,2022-09-05T05:34:54.060Z
2845,2607,NS810433864,SAVINGS,,MRU,86315,112000,500000,15000000,ACTIVE,true,2022-07-29,2024-07-15T07:17:23.349Z,2022-07-29T23:20:30.051Z,2024-07-15T07:17:23.349Z
2846,2607,NS306107878,SAVINGS,,MRU,270,224000,500000,15000000,ACTIVE,false,2022-07-29,2024-08-19T03:50:11.387Z,2022-07-29T23:20:30.051Z,2024-08-19T03:50:11.387Z
2847,2607,NW617570758,WALLET,,MRU,191300,166000,500000,15000000,ACTIVE,false,2022-07-29,2022-10-28T18:00:08.203Z,2022-07-29T23:20:30.051Z,2022-10-28T18:00:08.203Z
2848,2608,NW347158551,WALLET,,MRU,2067,4300,500000,15000000,ACTIVE,true,2022-04-03,2022-06-18T00:26:37.651Z,2022-04-03T18:19:11.384Z,2022-06-18T00:26:37.651Z
2849,2609,NW769434273,WALLET,,MRU,49000,49000,500000,15000000,ACTIVE,true,2023-04-09,2024-10-11T14:43:30.147Z,2023-04-09T22:26:51.583Z,2024-10-11T14:43:30.147Z
2850,2610,NM005584716,MERCHANT,,MRU,452000,452000,500000,15000000,ACTIVE,true,2022-06-15,2024-08-04T21:35:38.141Z,2022-06-15T18:56:18.446Z,2024-08-04T21:35:38.141Z
2851,2610,NW496390372,WALLET,,MRU,100150,252000,500000,15000000,ACTIVE,false,2022-06-15,2022-08-26T22:18:23.070Z,2022-06-15T18:56:18.446Z,2022-08-26T22:18:23.070Z
2852,2610,NS802373648,SAVINGS,,MRU,314000,314000,500000,15000000,ACTIVE,false,2022-06-15,2022-10-15T23:25:18.621Z,2022-06-15T18:56:18.446Z,2022-10-15T23:25:18.621Z
2853,2611,NW971191585,WALLET,,MRU,14000,14000,500000,15000000,FROZEN,true,2023-06-03,2024-07-31T09:06:51.246Z,2023-06-03T06:30:18.677Z,2024-07-31T09:06:51.246Z
2854,2612,NA086710453,AGENT,,MRU,2900,2900,500000,15000000,ACTIVE,true,2023-05-09,2024-07-02T06:23:14.389Z,2023-05-09T11:56:23.232Z,2024-07-02T06:23:14.389Z
2855,2613,NM318665743,MERCHANT,,MRU,12432,28000,500000,15000000,ACTIVE,true,2024-01-15,2024-07-19T07:12:24.373Z,2024-01-15T12:31:19.454Z,2024-07-19T07:12:24.373Z
2856,2614,NW268145799,WALLET,,MRU,400,407000,500000,15000000,ACTIVE,true,2023-10-10,2024-06-29T07:44:47.632Z,2023-10-10T16:40:39.183Z,2024-06-29T07:44:47.632Z
2857,2614,NW452030450,WALLET,,MRU,86000,86000,500000,15000000,ACTIVE,false,2023-10-10,2024-07-09T10:44:58.864Z,2023-10-10T16:40:39.183Z,2024-07-09T10:44:58.864Z
2858,2614,NS325403690,SAVINGS,,MRU,289000,289000,500000,15000000,ACTIVE,false,2023-10-10,2024-01-02T03:00:14.723Z,2023-10-10T16:40:39.183Z,2024-01-02T03:00:14.723Z
2859,2615,NA090641260,AGENT,,MRU,12000,12000,500000,15000000,ACTIVE,true,2022-11-27,2024-07-02T20:11:22.232Z,2022-11-27T06:51:23.447Z,2024-07-02T20:11:22.232Z
2860,2616,NW120456695,WALLET,,MRU,5800,5800,500000,15000000,FROZEN,true,2024-10-07,2024-10-21T15:59:17.607Z,2024-10-07T21:13:01.148Z,2024-10-21T15:59:17.607Z
2861,2617,NW438728571,WALLET,,MRU,14425,20000,500000,15000000,ACTIVE,true,2023-06-20,2023-12-23T12:21:38.307Z,2023-06-20T06:38:56.380Z,2023-12-23T12:21:38.307Z
2862,2618,NC351720094,CORPORATE,,MRU,33000,33000,500000,15000000,ACTIVE,true,2024-07-05,2024-10-20T23:48:38.298Z,2024-07-05T06:00:05.379Z,2024-10-20T23:48:38.298Z
2863,2619,NW116468668,WALLET,,MRU,8500,8500,500000,15000000,ACTIVE,true,2024-03-04,2024-08-27T14:51:15.242Z,2024-03-04T08:25:22.972Z,2024-08-27T14:51:15.242Z
2864,2620,NW941442609,WALLET,,MRU,33000,33000,500000,15000000,ACTIVE,true,2023-09-02,2023-12-23T18:28:46.557Z,2023-09-02T16:34:55.316Z,2023-12-23T18:28:46.557Z
2865,2621,NW474923491,WALLET,,MRU,27000,27000,500000,15000000,ACTIVE,true,2024-08-28,2024-11-04T17:17:19.712Z,2024-08-28T01:33:43.923Z,2024-11-04T17:17:19.712Z
2866,2622,NW952694207,WALLET,,MRU,2562,44000,500000,15000000,ACTIVE,true,2023-06-06,2024-06-27T17:44:54.901Z,2023-06-06T11:58:36.109Z,2024-06-27T17:44:54.901Z
2867,2623,NW170000702,WALLET,,MRU,5700,5700,500000,15000000,ACTIVE,true,2024-03-07,2024-12-23T09:20:38.607Z,2024-03-07T04:13:44.837Z,2024-12-23T09:20:38.607Z
2868,2624,NW197722673,WALLET,,MRU,215,8800,500000,15000000,ACTIVE,true,2024-03-25,2024-10-06T23:16:28.327Z,2024-03-25T17:53:40.973Z,2024-10-06T23:16:28.327Z
2869,2625,NM634265065,MERCHANT,,MRU,9200,44000,500000,15000000,ACTIVE,true,2024-07-18,2024-10-03T09:16:04.074Z,2024-07-18T00:04:49.334Z,2024-10-03T09:16:04.074Z
2870,2626,NS837795854,SAVINGS,,MRU,22000,22000,500000,15000000,ACTIVE,true,2022-08-14,2022-09-30T07:26:38.598Z,2022-08-14T13:15:22.661Z,2022-09-30T07:26:38.598Z
2871,2627,NA213733196,AGENT,,MRU,7000,7000,500000,15000000,ACTIVE,true,2024-01-01,2024-05-08T16:29:02.850Z,2024-01-01T06:43:30.463Z,2024-05-08T16:29:02.850Z
2872,2628,NW482488990,WALLET,,MRU,1955000,11000,500000,15000000,ACTIVE,true,2024-05-30,2024-10-28T23:47:42.030Z,2024-05-30T09:56:34.445Z,2024-10-28T23:47:42.030Z
2873,2629,NS176226377,SAVINGS,,MRU,7800,7800,500000,15000000,ACTIVE,true,2024-03-04,2024-06-18T03:57:15.023Z,2024-03-04T12:28:48.179Z,2024-06-18T03:57:15.023Z
2874,2630,NW018076539,WALLET,,MRU,5400,5400,500000,15000000,ACTIVE,true,2023-09-04,2024-02-04T00:23:31.061Z,2023-09-04T04:44:16.474Z,2024-02-04T00:23:31.061Z
2875,2631,NW421721577,WALLET,,MRU,37000,37000,500000,15000000,ACTIVE,true,2022-06-16,2023-04-28T10:47:03.952Z,2022-06-16T16:26:09.129Z,2023-04-28T10:47:03.952Z
2876,2632,NM949076652,MERCHANT,,MRU,100,40000,500000,15000000,ACTIVE,true,2022-12-31,2023-06-12T02:32:54.601Z,2022-12-31T12:20:03.934Z,2023-06-12T02:32:54.601Z
2877,2633,NW777985036,WALLET,,MRU,20200,11000,500000,15000000,ACTIVE,true,2022-12-01,2024-09-07T17:12:58.767Z,2022-12-01T10:54:14.065Z,2024-09-07T17:12:58.767Z
2878,2634,NA672003507,AGENT,,MRU,52000,17000,500000,15000000,ACTIVE,true,2023-05-03,2024-10-26T21:44:07.688Z,2023-05-03T05:15:29.474Z,2024-10-26T21:44:07.688Z
2879,2635,NS211374044,SAVINGS,,MRU,58600,19000,500000,15000000,ACTIVE,true,2024-09-07,2024-10-02T03:29:44.339Z,2024-09-07T23:34:09.648Z,2024-10-02T03:29:44.339Z
2880,2636,NM632636070,MERCHANT,,MRU,76000,36000,500000,15000000,ACTIVE,true,2024-12-30,2024-12-30T23:15:12.870Z,2024-12-30T13:03:14.179Z,2024-12-30T23:15:12.870Z
2881,2637,NW632975936,WALLET,,MRU,2955,8900,500000,15000000,ACTIVE,true,2023-05-03,2024-01-13T00:53:04.961Z,2023-05-03T07:55:27.181Z,2024-01-13T00:53:04.961Z
2882,2638,NW051926493,WALLET,,MRU,36000,36000,500000,15000000,ACTIVE,true,2024-01-11,2024-02-24T06:47:01.101Z,2024-01-11T04:40:00.241Z,2024-02-24T06:47:01.101Z
2883,2639,NS109847188,SAVINGS,,MRU,1057500,1108000,500000,15000000,ACTIVE,true,2022-08-02,2023-11-24T09:00:14.498Z,2022-08-02T13:55:58.185Z,2023-11-24T09:00:14.498Z
2884,2639,NW295100689,WALLET,,MRU,2038340,1683000,500000,15000000,ACTIVE,false,2022-08-02,2022-10-22T01:46:51.762Z,2022-08-02T13:55:58.185Z,2022-10-22T01:46:51.762Z
2885,2639,NS759736299,SAVINGS,,MRU,1293000,1293000,500000,15000000,ACTIVE,false,2022-08-02,2023-02-01T13:21:11.552Z,2022-08-02T13:55:58.185Z,2023-02-01T13:21:11.552Z
2886,2640,NW197461724,WALLET,,MRU,1075,34000,500000,15000000,ACTIVE,true,2023-05-26,2023-09-02T19:36:45.949Z,2023-05-26T15:14:43.411Z,2023-09-02T19:36:45.949Z
2887,2641,NS200279355,SAVINGS,,MRU,25750,18000,500000,15000000,ACTIVE,true,2023-03-21,2024-03-08T18:57:36.992Z,2023-03-21T06:28:52.537Z,2024-03-08T18:57:36.992Z
2888,2642,NW219666004,WALLET,,MRU,10076,25000,500000,15000000,ACTIVE,true,2022-06-25,2023-10-18T22:02:27.598Z,2022-06-25T06:56:45.203Z,2023-10-18T22:02:27.598Z
2889,2643,NW010405927,WALLET,,MRU,12600,9400,500000,15000000,ACTIVE,true,2022-07-24,2023-11-29T10:39:19.503Z,2022-07-24T15:14:37.675Z,2023-11-29T10:39:19.503Z
2890,2644,NA962020159,AGENT,,MRU,960800,24000,500000,15000000,ACTIVE,true,2024-09-12,2024-11-17T10:28:32.482Z,2024-09-12T20:31:05.900Z,2024-11-17T10:28:32.482Z
2891,2645,NW948549896,WALLET,,MRU,62152,12000,500000,15000000,ACTIVE,true,2024-03-29,2024-06-12T20:00:18.679Z,2024-03-29T12:34:04.540Z,2024-06-12T20:00:18.679Z
2892,2646,NS677695751,SAVINGS,,MRU,47000,47000,500000,15000000,FROZEN,true,2023-12-21,2024-09-24T01:02:04.832Z,2023-12-21T21:00:54.305Z,2024-09-24T01:02:04.832Z
2893,2647,NW024909526,WALLET,,MRU,250,2700,500000,15000000,ACTIVE,true,2024-06-09,2024-08-20T17:02:40.813Z,2024-06-09T09:44:23.708Z,2024-08-20T17:02:40.813Z
2894,2648,NW337978989,WALLET,,MRU,5850,30000,500000,15000000,ACTIVE,true,2024-03-20,2024-06-21T23:25:19.616Z,2024-03-20T11:56:34.131Z,2024-06-21T23:25:19.616Z
2895,2649,NW014901667,WALLET,,MRU,14000,14000,500000,15000000,ACTIVE,true,2023-01-12,2024-01-13T02:55:07.425Z,2023-01-12T15:08:43.813Z,2024-01-13T02:55:07.425Z
2896,2650,NC022969961,CORPORATE,,MRU,183000,183000,500000,15000000,ACTIVE,true,2022-12-31,2024-04-01T19:56:06.065Z,2022-12-31T02:06:20.766Z,2024-04-01T19:56:06.065Z
2897,2650,NS861089468,SAVINGS,,MRU,312000,303000,500000,15000000,ACTIVE,false,2022-12-31,2024-04-07T12:41:48.010Z,2022-12-31T02:06:20.766Z,2024-04-07T12:41:48.010Z
2898,2650,NW915539529,WALLET,,MRU,346700,273000,500000,15000000,ACTIVE,false,2022-12-31,2024-07-28T01:54:45.523Z,2022-12-31T02:06:20.766Z,2024-07-28T01:54:45.523Z
2899,2651,NM797858357,MERCHANT,,MRU,695000,145000,500000,15000000,ACTIVE,true,2023-03-07,2024-07-14T08:04:53.247Z,2023-03-07T21:20:42.962Z,2024-07-14T08:04:53.247Z
2900,2651,NS848816395,SAVINGS,,MRU,617000,617000,500000,15000000,ACTIVE,false,2023-03-07,2024-06-27T01:55:00.836Z,2023-03-07T21:20:42.962Z,2024-06-27T01:55:00.836Z
2901,2652,NM121471881,MERCHANT,,MRU,465,9600,500000,15000000,ACTIVE,true,2023-06-25,2024-05-30T04:12:05.918Z,2023-06-25T06:43:59.243Z,2024-05-30T04:12:05.918Z
2902,2653,NW856501937,WALLET,,MRU,10000,10000,500000,15000000,ACTIVE,true,2022-07-20,2024-11-25T12:35:29.130Z,2022-07-20T16:43:58.371Z,2024-11-25T12:35:29.130Z
2903,2654,NM110156774,MERCHANT,,MRU,80575,31000,500000,15000000,ACTIVE,true,2023-04-27,2023-10-25T20:24:09.160Z,2023-04-27T12:54:05.068Z,2023-10-25T20:24:09.160Z
2904,2655,NW525715828,WALLET,,MRU,1000,1000,500000,15000000,ACTIVE,true,2022-06-06,2022-12-19T19:12:27.613Z,2022-06-06T02:15:02.130Z,2022-12-19T19:12:27.613Z
2905,2656,NW011398345,WALLET,,MRU,922240,550,500000,15000000,ACTIVE,true,2023-10-01,2023-10-23T02:33:18.749Z,2023-10-01T04:06:13.900Z,2023-10-23T02:33:18.749Z
2906,2657,NM727811813,MERCHANT,,MRU,40000,40000,500000,15000000,ACTIVE,true,2023-08-20,2024-06-02T23:11:32.521Z,2023-08-20T03:26:26.623Z,2024-06-02T23:11:32.521Z
2907,2658,NS227497100,SAVINGS,,MRU,25000,25000,500000,15000000,DORMANT,true,2023-01-16,2023-05-24T05:58:12.308Z,2023-01-16T12:11:47.497Z,2023-05-24T05:58:12.308Z
2908,2659,NW936943352,WALLET,,MRU,1800,9800,500000,15000000,ACTIVE,true,2022-09-04,2023-09-15T21:55:35.301Z,2022-09-04T08:38:25.278Z,2023-09-15T21:55:35.301Z
2909,2660,NM871467471,MERCHANT,,MRU,17000,17000,500000,15000000,FROZEN,true,2023-08-07,2024-06-02T08:07:28.594Z,2023-08-07T00:44:05.455Z,2024-06-02T08:07:28.594Z
2910,2661,NW218763709,WALLET,,MRU,61200,6300,500000,15000000,ACTIVE,true,2024-06-20,2024-12-30T04:21:08.271Z,2024-06-20T11:34:11.600Z,2024-12-30T04:21:08.271Z
2911,2662,NW358550578,WALLET,,MRU,194,44000,500000,15000000,ACTIVE,true,2024-11-09,2024-12-09T07:26:11.655Z,2024-11-09T04:48:13.618Z,2024-12-09T07:26:11.655Z
2912,2663,NW374993205,WALLET,,MRU,617000,17000,500000,15000000,ACTIVE,true,2024-01-06,2024-03-27T04:57:57.359Z,2024-01-06T20:15:07.877Z,2024-03-27T04:57:57.359Z
2913,2664,NC869978666,CORPORATE,,MRU,910600,5200,500000,15000000,ACTIVE,true,2023-05-25,2023-10-26T03:39:52.755Z,2023-05-25T17:12:11.740Z,2023-10-26T03:39:52.755Z
2914,2665,NM429148435,MERCHANT,,MRU,200,1300,500000,15000000,ACTIVE,true,2024-02-26,2024-12-13T21:47:04.940Z,2024-02-26T19:14:55.595Z,2024-12-13T21:47:04.940Z
2915,2666,NW408249855,WALLET,,MRU,10000,10000,500000,15000000,ACTIVE,true,2022-09-03,2023-05-12T10:57:19.769Z,2022-09-03T00:17:15.797Z,2023-05-12T10:57:19.769Z
2916,2667,NS185969233,SAVINGS,,MRU,27000,27000,500000,15000000,ACTIVE,true,2022-03-08,2024-03-17T21:55:08.127Z,2022-03-08T04:34:29.164Z,2024-03-17T21:55:08.127Z
2917,2668,NA254463434,AGENT,,MRU,29000,29000,500000,15000000,DORMANT,true,2022-10-12,2024-04-06T03:15:35.187Z,2022-10-12T13:49:02.308Z,2024-04-06T03:15:35.187Z
2918,2669,NW736546781,WALLET,,MRU,9700,9700,500000,15000000,ACTIVE,true,2023-11-22,2024-02-24T06:25:43.295Z,2023-11-22T06:26:26.055Z,2024-02-24T06:25:43.295Z
2919,2670,NM391855240,MERCHANT,,MRU,25200,13000,500000,15000000,ACTIVE,true,2024-06-11,2024-08-26T21:45:12.390Z,2024-06-11T12:26:20.869Z,2024-08-26T21:45:12.390Z
2920,2671,NW170897513,WALLET,,MRU,429000,429000,500000,15000000,ACTIVE,true,2023-10-22,2024-09-14T09:42:34.348Z,2023-10-22T12:48:42.499Z,2024-09-14T09:42:34.348Z
2921,2671,NW592154294,WALLET,,MRU,168550,214000,500000,15000000,ACTIVE,false,2023-10-22,2024-02-17T14:22:24.891Z,2023-10-22T12:48:42.499Z,2024-02-17T14:22:24.891Z
2922,2671,NW289632320,WALLET,,MRU,466000,466000,500000,15000000,ACTIVE,false,2023-10-22,2024-12-02T06:08:49.165Z,2023-10-22T12:48:42.499Z,2024-12-02T06:08:49.165Z
2923,2672,NS481256962,SAVINGS,,MRU,15000,15000,500000,15000000,ACTIVE,true,2023-10-04,2024-02-18T14:25:07.590Z,2023-10-04T13:40:25.976Z,2024-02-18T14:25:07.590Z
2924,2673,NS397873759,SAVINGS,,MRU,16000,16000,500000,15000000,FROZEN,true,2024-05-28,2024-06-10T11:43:01.963Z,2024-05-28T09:28:35.787Z,2024-06-10T11:43:01.963Z
2925,2674,NW385900259,WALLET,,MRU,421000,421000,500000,15000000,ACTIVE,true,2024-01-02,2024-09-19T18:49:14.944Z,2024-01-02T19:24:54.546Z,2024-09-19T18:49:14.944Z
2926,2674,NS241497755,SAVINGS,,MRU,1296800,265000,500000,15000000,ACTIVE,false,2024-01-02,2024-11-23T03:25:34.750Z,2024-01-02T19:24:54.546Z,2024-11-23T03:25:34.750Z
2927,2675,NA010599732,AGENT,,MRU,5800,36000,500000,15000000,ACTIVE,true,2024-09-06,2024-09-20T10:26:29.053Z,2024-09-06T17:45:40.847Z,2024-09-20T10:26:29.053Z
2928,2676,NW040453434,WALLET,,MRU,33000,33000,500000,15000000,ACTIVE,true,2023-05-09,2023-12-01T03:56:27.197Z,2023-05-09T06:31:51.501Z,2023-12-01T03:56:27.197Z
2929,2677,NW155090600,WALLET,,MRU,345000,345000,500000,15000000,ACTIVE,true,2023-09-09,2024-11-14T07:16:30.740Z,2023-09-09T17:11:59.316Z,2024-11-14T07:16:30.740Z
2930,2677,NW853030205,WALLET,,MRU,110600,102000,500000,15000000,ACTIVE,false,2023-09-09,2024-10-03T09:23:46.004Z,2023-09-09T17:11:59.316Z,2024-10-03T09:23:46.004Z
2931,2677,NS633976817,SAVINGS,,MRU,7610,113000,500000,15000000,ACTIVE,false,2023-09-09,2023-12-20T14:59:28.492Z,2023-09-09T17:11:59.316Z,2023-12-20T14:59:28.492Z
2932,2678,NM321500778,MERCHANT,,MRU,58050,36000,500000,15000000,ACTIVE,true,2023-10-07,2024-11-04T01:34:47.092Z,2023-10-07T16:14:25.741Z,2024-11-04T01:34:47.092Z
2933,2679,NW355896949,WALLET,,MRU,321,15000,500000,15000000,ACTIVE,true,2024-12-20,2024-12-22T10:14:24.356Z,2024-12-20T13:16:51.968Z,2024-12-22T10:14:24.356Z
2934,2680,NM480741858,MERCHANT,,MRU,737000,8300,500000,15000000,ACTIVE,true,2023-05-16,2024-09-05T15:56:20.827Z,2023-05-16T20:01:34.348Z,2024-09-05T15:56:20.827Z
2935,2681,NM366526365,MERCHANT,,MRU,13000,13000,500000,15000000,ACTIVE,true,2022-01-18,2024-07-19T18:56:53.046Z,2022-01-18T07:06:17.758Z,2024-07-19T18:56:53.046Z
2936,2682,NW272580862,WALLET,,MRU,8700,8700,500000,15000000,ACTIVE,true,2022-09-22,2024-09-15T13:07:28.601Z,2022-09-22T13:04:13.420Z,2024-09-15T13:07:28.601Z
2937,2683,NW125889539,WALLET,,MRU,13000,13000,500000,15000000,ACTIVE,true,2023-07-25,2024-04-01T12:55:02.962Z,2023-07-25T15:13:13.150Z,2024-04-01T12:55:02.962Z
2938,2684,NW567873597,WALLET,,MRU,21000,21000,500000,15000000,ACTIVE,true,2024-08-06,2024-09-12T18:09:22.031Z,2024-08-06T11:08:57.808Z,2024-09-12T18:09:22.031Z
2939,2685,NM029127240,MERCHANT,,MRU,11000,11000,500000,15000000,ACTIVE,true,2023-05-17,2024-03-13T23:14:38.639Z,2023-05-17T12:14:41.343Z,2024-03-13T23:14:38.639Z
2940,2686,NW001087784,WALLET,,MRU,200,24000,500000,15000000,ACTIVE,true,2024-05-18,2024-05-21T14:23:47.303Z,2024-05-18T03:55:11.640Z,2024-05-21T14:23:47.303Z
2941,2687,NW582571149,WALLET,,MRU,42000,42000,500000,15000000,ACTIVE,true,2024-10-07,2024-11-19T07:56:02.413Z,2024-10-07T00:46:42.481Z,2024-11-19T07:56:02.413Z
2942,2688,NS977697372,SAVINGS,,MRU,10000,10000,500000,15000000,ACTIVE,true,2024-10-07,2024-12-13T22:50:32.129Z,2024-10-07T10:03:17.090Z,2024-12-13T22:50:32.129Z
2943,2689,NW861141205,WALLET,,MRU,2,46000,500000,15000000,ACTIVE,true,2024-03-17,2024-12-19T21:19:53.071Z,2024-03-17T02:38:34.796Z,2024-12-19T21:19:53.071Z
2944,2690,NW762933761,WALLET,,MRU,1375,3100,500000,15000000,ACTIVE,true,2024-05-12,2024-11-25T12:06:13.010Z,2024-05-12T23:58:56.650Z,2024-11-25T12:06:13.010Z
2945,2691,NS077968120,SAVINGS,,MRU,535000,35000,500000,15000000,ACTIVE,true,2024-09-03,2024-09-24T14:24:09.027Z,2024-09-03T15:33:57.543Z,2024-09-24T14:24:09.027Z
2946,2692,NC166261434,CORPORATE,,MRU,66400,6400,500000,15000000,ACTIVE,true,2024-05-26,2024-08-14T20:34:36.785Z,2024-05-26T19:32:17.360Z,2024-08-14T20:34:36.785Z
2947,2693,NW408092022,WALLET,,MRU,19240,14000,500000,15000000,ACTIVE,true,2024-08-24,2024-11-22T20:40:44.717Z,2024-08-24T21:14:03.016Z,2024-11-22T20:40:44.717Z
2948,2694,NS493144512,SAVINGS,,MRU,500,6300,500000,15000000,ACTIVE,true,2024-06-27,2024-09-08T14:18:29.644Z,2024-06-27T23:25:50.070Z,2024-09-08T14:18:29.644Z
2949,2695,NS409117102,SAVINGS,,MRU,7050,18000,500000,15000000,ACTIVE,true,2022-08-02,2024-03-27T06:17:30.420Z,2022-08-02T06:36:07.308Z,2024-03-27T06:17:30.420Z
2950,2696,NW379649073,WALLET,,MRU,731100,3100,500000,15000000,ACTIVE,true,2023-12-20,2024-09-07T11:03:45.293Z,2023-12-20T16:26:20.637Z,2024-09-07T11:03:45.293Z
2951,2697,NM440657258,MERCHANT,,MRU,20028,3800,500000,15000000,ACTIVE,true,2024-04-28,2024-06-16T11:28:19.937Z,2024-04-28T19:27:37.867Z,2024-06-16T11:28:19.937Z
2952,2698,NW617849827,WALLET,,MRU,50600,8600,500000,15000000,ACTIVE,true,2022-03-25,2023-11-28T12:17:59.275Z,2022-03-25T14:02:08.093Z,2023-11-28T12:17:59.275Z
2953,2699,NS270102977,SAVINGS,,MRU,14900,4100,500000,15000000,ACTIVE,true,2024-01-11,2024-05-10T18:51:27.350Z,2024-01-11T08:34:55.112Z,2024-05-10T18:51:27.350Z
2954,2700,NW842017531,WALLET,,MRU,7800,7800,500000,15000000,ACTIVE,true,2023-07-28,2024-12-22T05:35:29.367Z,2023-07-28T14:21:03.601Z,2024-12-22T05:35:29.367Z
2955,2701,NW000045567,WALLET,,MRU,57000,12000,500000,15000000,ACTIVE,true,2022-01-25,2024-02-26T20:51:34.232Z,2022-01-25T07:51:15.441Z,2024-02-26T20:51:34.232Z
2956,2702,NW968062669,WALLET,,MRU,13650,15000,500000,15000000,ACTIVE,true,2024-07-31,2024-10-23T03:10:20.792Z,2024-07-31T17:27:11.992Z,2024-10-23T03:10:20.792Z
2957,2703,NW566461235,WALLET,,MRU,45000,45000,500000,15000000,ACTIVE,true,2022-03-06,2023-12-24T19:38:52.824Z,2022-03-06T17:12:21.642Z,2023-12-24T19:38:52.824Z
2958,2704,NW149584293,WALLET,,MRU,14865,24000,500000,15000000,ACTIVE,true,2023-03-09,2023-10-23T21:26:40.200Z,2023-03-09T09:21:47.881Z,2023-10-23T21:26:40.200Z
2959,2705,NS174648046,SAVINGS,,MRU,444000,444000,500000,15000000,ACTIVE,true,2023-08-11,2024-07-01T11:34:23.565Z,2023-08-11T00:38:12.259Z,2024-07-01T11:34:23.565Z
2960,2705,NS696439385,SAVINGS,,MRU,112870,438000,500000,15000000,ACTIVE,false,2023-08-11,2024-10-17T08:35:17.137Z,2023-08-11T00:38:12.259Z,2024-10-17T08:35:17.137Z
2961,2705,NS322122693,SAVINGS,,MRU,19925,53000,500000,15000000,ACTIVE,false,2023-08-11,2024-10-24T20:29:32.992Z,2023-08-11T00:38:12.259Z,2024-10-24T20:29:32.992Z
2962,2706,NW256675243,WALLET,,MRU,21000,21000,500000,15000000,ACTIVE,true,2023-10-09,2024-06-10T18:02:19.116Z,2023-10-09T20:22:36.755Z,2024-06-10T18:02:19.116Z
2963,2707,NW020654588,WALLET,,MRU,2650,45000,500000,15000000,ACTIVE,true,2022-09-03,2023-07-03T03:12:25.497Z,2022-09-03T09:23:30.108Z,2023-07-03T03:12:25.497Z
2964,2708,NM119596123,MERCHANT,,MRU,148548,14000,500000,15000000,ACTIVE,true,2023-02-14,2024-08-06T05:03:34.336Z,2023-02-14T17:32:47.228Z,2024-08-06T05:03:34.336Z
2965,2709,NA488418579,AGENT,,MRU,3600,3600,500000,15000000,DORMANT,true,2022-09-30,2023-07-18T16:34:44.386Z,2022-09-30T06:28:59.596Z,2023-07-18T16:34:44.386Z
2966,2710,NW683683306,WALLET,,MRU,1750,30000,500000,15000000,ACTIVE,true,2023-07-21,2024-08-06T15:45:26.894Z,2023-07-21T21:10:02.657Z,2024-08-06T15:45:26.894Z
2967,2711,NS537117719,SAVINGS,,MRU,349000,349000,500000,15000000,CLOSED,true,2024-12-18,2024-12-22T11:53:24.566Z,2024-12-18T11:40:34.055Z,2024-12-22T11:53:24.566Z
2968,2711,NS893497229,SAVINGS,,MRU,96095,205000,500000,15000000,ACTIVE,false,2024-12-18,2024-12-24T12:41:51.329Z,2024-12-18T11:40:34.055Z,2024-12-24T12:41:51.329Z
2969,2711,NS035252690,SAVINGS,,MRU,380000,330000,500000,15000000,ACTIVE,false,2024-12-18,2024-12-26T02:02:56.688Z,2024-12-18T11:40:34.055Z,2024-12-26T02:02:56.688Z
2970,2712,NA050047159,AGENT,,MRU,410,17000,500000,15000000,ACTIVE,true,2023-09-28,2024-07-01T08:12:36.093Z,2023-09-28T16:45:20.580Z,2024-07-01T08:12:36.093Z
2971,2713,NW734809905,WALLET,,MRU,274,2000,500000,15000000,ACTIVE,true,2023-11-22,2024-08-31T07:14:25.247Z,2023-11-22T05:20:38.701Z,2024-08-31T07:14:25.247Z
2972,2714,NM500243425,MERCHANT,,MRU,51400,45000,500000,15000000,ACTIVE,true,2022-03-25,2023-12-21T08:25:49.100Z,2022-03-25T10:01:54.614Z,2023-12-21T08:25:49.100Z
2973,2715,NW311419159,WALLET,,MRU,1021640,23000,500000,15000000,ACTIVE,true,2022-11-12,2023-02-17T01:28:37.739Z,2022-11-12T17:49:33.202Z,2023-02-17T01:28:37.739Z
2974,2716,NW106287837,WALLET,,MRU,900,16000,500000,15000000,ACTIVE,true,2023-04-05,2023-12-10T10:05:39.236Z,2023-04-05T19:23:16.402Z,2023-12-10T10:05:39.236Z
2975,2717,NA706398249,AGENT,,MRU,6100,6100,500000,15000000,ACTIVE,true,2022-02-08,2022-08-25T03:34:45.036Z,2022-02-08T08:24:47.361Z,2022-08-25T03:34:45.036Z
2976,2718,NA571971893,AGENT,,MRU,17000,17000,500000,15000000,DORMANT,true,2022-07-09,2023-09-18T10:14:27.544Z,2022-07-09T18:24:44.830Z,2023-09-18T10:14:27.544Z
2977,2719,NW788459808,WALLET,,MRU,414000,414000,500000,15000000,ACTIVE,true,2023-04-27,2024-02-11T13:34:04.945Z,2023-04-27T21:07:18.940Z,2024-02-11T13:34:04.945Z
2978,2719,NW217620283,WALLET,,MRU,285000,285000,500000,15000000,ACTIVE,false,2023-04-27,2023-05-21T08:02:46.522Z,2023-04-27T21:07:18.940Z,2023-05-21T08:02:46.522Z
2979,2719,NS170760274,SAVINGS,,MRU,200000,200000,500000,15000000,ACTIVE,false,2023-04-27,2023-08-24T12:06:52.764Z,2023-04-27T21:07:18.940Z,2023-08-24T12:06:52.764Z
2980,2720,NM648115992,MERCHANT,,MRU,34500,18000,500000,15000000,ACTIVE,true,2024-02-08,2024-06-14T01:27:05.617Z,2024-02-08T13:41:38.596Z,2024-06-14T01:27:05.617Z
2981,2721,NS217370390,SAVINGS,,MRU,172000,12000,500000,15000000,ACTIVE,true,2022-05-13,2024-04-19T07:21:00.188Z,2022-05-13T09:11:36.222Z,2024-04-19T07:21:00.188Z
2982,2722,NS718308925,SAVINGS,,MRU,30000,30000,500000,15000000,ACTIVE,true,2022-10-19,2024-05-30T10:45:00.529Z,2022-10-19T08:18:26.242Z,2024-05-30T10:45:00.529Z
2983,2723,NW637340426,WALLET,,MRU,700,700,500000,15000000,ACTIVE,true,2023-12-24,2024-05-19T03:09:39.051Z,2023-12-24T18:55:00.902Z,2024-05-19T03:09:39.051Z
2984,2724,NM464785933,MERCHANT,,MRU,550,3500,500000,15000000,ACTIVE,true,2022-08-06,2022-09-21T10:07:52.945Z,2022-08-06T21:06:44.137Z,2022-09-21T10:07:52.945Z
2985,2725,NS380739689,SAVINGS,,MRU,47000,47000,500000,15000000,ACTIVE,true,2024-12-02,2024-12-28T13:40:20.684Z,2024-12-02T23:28:27.774Z,2024-12-28T13:40:20.684Z
2986,2726,NA031945109,AGENT,,MRU,27500,17000,500000,15000000,ACTIVE,true,2022-05-17,2022-09-08T02:56:58.124Z,2022-05-17T20:53:59.104Z,2022-09-08T02:56:58.124Z
2987,2727,NW643307566,WALLET,,MRU,72625,107000,500000,15000000,ACTIVE,true,2024-09-28,2024-10-21T09:42:17.538Z,2024-09-28T00:59:45.895Z,2024-10-21T09:42:17.538Z
2988,2727,NW203407049,WALLET,,MRU,436000,436000,500000,15000000,ACTIVE,false,2024-09-28,2024-12-03T16:35:40.008Z,2024-09-28T00:59:45.895Z,2024-12-03T16:35:40.008Z
2989,2727,NS716943264,SAVINGS,,MRU,1204525,1225000,500000,15000000,ACTIVE,false,2024-09-28,2024-11-01T23:46:42.456Z,2024-09-28T00:59:45.895Z,2024-11-01T23:46:42.456Z
2990,2728,NW954164028,WALLET,,MRU,14000,14000,500000,15000000,ACTIVE,true,2023-03-27,2024-08-04T17:39:53.525Z,2023-03-27T18:20:20.623Z,2024-08-04T17:39:53.525Z
2991,2729,NW377755671,WALLET,,MRU,400,15000,500000,15000000,ACTIVE,true,2022-08-21,2023-10-14T03:23:21.270Z,2022-08-21T22:14:30.607Z,2023-10-14T03:23:21.270Z
2992,2730,NM159785151,MERCHANT,,MRU,10000,10000,500000,15000000,ACTIVE,true,2022-11-18,2024-07-23T22:05:06.946Z,2022-11-18T01:31:19.155Z,2024-07-23T22:05:06.946Z
2993,2731,NW032234460,WALLET,,MRU,58975,15000,500000,15000000,ACTIVE,true,2024-11-16,2024-12-06T14:39:51.841Z,2024-11-16T00:29:37.085Z,2024-12-06T14:39:51.841Z
2994,2732,NS446434617,SAVINGS,,MRU,40000,40000,500000,15000000,ACTIVE,true,2022-05-30,2023-10-17T08:24:24.108Z,2022-05-30T19:16:16.948Z,2023-10-17T08:24:24.108Z
2995,2733,NM633068204,MERCHANT,,MRU,34000,34000,500000,15000000,ACTIVE,true,2023-07-31,2024-10-12T13:46:15.247Z,2023-07-31T11:52:08.624Z,2024-10-12T13:46:15.247Z
2996,2734,NW194736480,WALLET,,MRU,4903,25000,500000,15000000,ACTIVE,true,2024-01-25,2024-05-13T22:39:49.558Z,2024-01-25T21:37:30.469Z,2024-05-13T22:39:49.558Z
2997,2735,NA333807706,AGENT,,MRU,40000,40000,500000,15000000,ACTIVE,true,2023-06-14,2024-12-26T10:45:47.427Z,2023-06-14T00:04:00.704Z,2024-12-26T10:45:47.427Z
2998,2736,NW956430197,WALLET,,MRU,41000,41000,500000,15000000,FROZEN,true,2024-08-19,2024-11-20T19:03:46.320Z,2024-08-19T06:46:13.434Z,2024-11-20T19:03:46.320Z
2999,2737,NM301636457,MERCHANT,,MRU,192100,18000,500000,15000000,ACTIVE,true,2024-09-23,2024-12-15T15:21:16.007Z,2024-09-23T22:06:42.290Z,2024-12-15T15:21:16.007Z
3000,2738,NW566511303,WALLET,,MRU,64400,8800,500000,15000000,ACTIVE,true,2022-07-23,2023-01-30T02:03:17.222Z,2022-07-23T13:09:13.221Z,2023-01-30T02:03:17.222Z
3001,2739,NS244057059,SAVINGS,,MRU,500,25000,500000,15000000,ACTIVE,true,2023-02-17,2024-11-08T15:22:26.842Z,2023-02-17T21:26:54.306Z,2024-11-08T15:22:26.842Z
3002,2740,NW549267649,WALLET,,MRU,36000,36000,500000,15000000,DORMANT,true,2023-10-01,2023-10-23T00:05:33.704Z,2023-10-01T11:17:59.816Z,2023-10-23T00:05:33.704Z
3003,2741,NC460125446,CORPORATE,,MRU,491000,491000,500000,15000000,ACTIVE,true,2024-09-08,2024-09-30T19:49:08.810Z,2024-09-08T09:15:35.793Z,2024-09-30T19:49:08.810Z
3004,2741,NW014662981,WALLET,,MRU,332144,363000,500000,15000000,ACTIVE,false,2024-09-08,2024-12-29T11:55:08.635Z,2024-09-08T09:15:35.793Z,2024-12-29T11:55:08.635Z
3005,2741,NW953486919,WALLET,,MRU,414000,414000,500000,15000000,ACTIVE,false,2024-09-08,2024-09-29T08:06:27.068Z,2024-09-08T09:15:35.793Z,2024-09-29T08:06:27.068Z
3006,2742,NS351161241,SAVINGS,,MRU,160480,175000,500000,15000000,ACTIVE,true,2022-10-05,2023-11-01T20:34:19.237Z,2022-10-05T05:38:24.125Z,2023-11-01T20:34:19.237Z
3007,2742,NS156597375,SAVINGS,,MRU,222000,222000,500000,15000000,ACTIVE,false,2022-10-05,2023-12-18T10:54:03.566Z,2022-10-05T05:38:24.125Z,2023-12-18T10:54:03.566Z
3008,2742,NS916637540,SAVINGS,,MRU,435437,450000,500000,15000000,ACTIVE,false,2022-10-05,2024-10-18T20:25:02.627Z,2022-10-05T05:38:24.125Z,2024-10-18T20:25:02.627Z
3009,2743,NW722235799,WALLET,,MRU,477000,387000,500000,15000000,ACTIVE,true,2023-09-02,2024-04-29T15:36:09.478Z,2023-09-02T18:58:12.088Z,2024-04-29T15:36:09.478Z
3010,2743,NS930573106,SAVINGS,,MRU,979800,172000,500000,15000000,ACTIVE,false,2023-09-02,2024-01-16T16:13:14.954Z,2023-09-02T18:58:12.088Z,2024-01-16T16:13:14.954Z
3011,2744,NW306141019,WALLET,,MRU,2400,29000,500000,15000000,ACTIVE,true,2023-02-08,2024-11-15T10:23:37.678Z,2023-02-08T08:47:35.792Z,2024-11-15T10:23:37.678Z
3012,2745,NW902307153,WALLET,,MRU,250,6300,500000,15000000,ACTIVE,true,2022-07-30,2022-10-20T15:29:33.141Z,2022-07-30T17:42:00.024Z,2022-10-20T15:29:33.141Z
3013,2746,NW351272434,WALLET,,MRU,1775,6400,500000,15000000,ACTIVE,true,2023-05-28,2024-11-29T02:28:16.899Z,2023-05-28T00:29:13.067Z,2024-11-29T02:28:16.899Z
3014,2747,NW287976026,WALLET,,MRU,7771,17000,500000,15000000,ACTIVE,true,2023-12-18,2024-10-10T08:42:04.796Z,2023-12-18T11:55:50.343Z,2024-10-10T08:42:04.796Z
3015,2748,NM766166448,MERCHANT,,MRU,1325,32000,500000,15000000,ACTIVE,true,2023-08-18,2024-04-29T16:29:34.299Z,2023-08-18T03:00:32.025Z,2024-04-29T16:29:34.299Z
3016,2749,NW557137608,WALLET,,MRU,42000,42000,500000,15000000,ACTIVE,true,2023-12-23,2024-05-17T18:31:47.647Z,2023-12-23T23:09:43.692Z,2024-05-17T18:31:47.647Z
3017,2750,NW894739777,WALLET,,MRU,320361,27000,500000,15000000,ACTIVE,true,2024-01-31,2024-03-20T08:04:41.587Z,2024-01-31T05:58:13.820Z,2024-03-20T08:04:41.587Z
3018,2751,NS882466555,SAVINGS,,MRU,839200,27000,500000,15000000,ACTIVE,true,2022-04-11,2023-06-16T08:23:40.161Z,2022-04-11T01:16:19.809Z,2023-06-16T08:23:40.161Z
3019,2752,NW210752755,WALLET,,MRU,35000,35000,500000,15000000,ACTIVE,true,2024-04-27,2024-06-30T16:42:17.135Z,2024-04-27T03:38:21.271Z,2024-06-30T16:42:17.135Z
3020,2753,NW479823142,WALLET,,MRU,375,67000,500000,15000000,ACTIVE,true,2022-02-08,2024-12-11T05:58:02.508Z,2022-02-08T03:25:32.542Z,2024-12-11T05:58:02.508Z
3021,2753,NW217535257,WALLET,,MRU,253000,253000,500000,15000000,ACTIVE,false,2022-02-08,2023-08-01T08:45:42.117Z,2022-02-08T03:25:32.542Z,2023-08-01T08:45:42.117Z
3022,2754,NC465879559,CORPORATE,,MRU,2800,2800,500000,15000000,ACTIVE,true,2022-01-14,2024-08-10T14:10:59.908Z,2022-01-14T20:57:22.044Z,2024-08-10T14:10:59.908Z
3023,2755,NW002406597,WALLET,,MRU,100,4500,500000,15000000,ACTIVE,true,2024-01-20,2024-09-05T07:00:27.331Z,2024-01-20T18:01:22.242Z,2024-09-05T07:00:27.331Z
3024,2756,NW313759923,WALLET,,MRU,19000,19000,500000,15000000,ACTIVE,true,2023-04-22,2023-05-28T03:05:10.770Z,2023-04-22T01:44:22.658Z,2023-05-28T03:05:10.770Z
3025,2757,NW998518050,WALLET,,MRU,2400,20000,500000,15000000,ACTIVE,true,2023-07-21,2024-12-19T04:38:08.362Z,2023-07-21T17:16:35.191Z,2024-12-19T04:38:08.362Z
3026,2758,NW001456052,WALLET,,MRU,500,44000,500000,15000000,ACTIVE,true,2023-05-15,2024-03-31T13:15:42.203Z,2023-05-15T22:25:08.930Z,2024-03-31T13:15:42.203Z
3027,2759,NS059381842,SAVINGS,,MRU,144400,30000,500000,15000000,ACTIVE,true,2024-09-28,2024-11-14T13:07:04.989Z,2024-09-28T10:40:57.942Z,2024-11-14T13:07:04.989Z
3028,2760,NA242593526,AGENT,,MRU,11655,9100,500000,15000000,ACTIVE,true,2023-10-25,2024-01-06T00:48:34.064Z,2023-10-25T01:37:56.551Z,2024-01-06T00:48:34.064Z
3029,2761,NW465685248,WALLET,,MRU,24000,24000,500000,15000000,DORMANT,true,2022-12-09,2024-05-07T14:29:25.406Z,2022-12-09T17:36:39.081Z,2024-05-07T14:29:25.406Z
3030,2762,NS744368434,SAVINGS,,MRU,6100,6100,500000,15000000,ACTIVE,true,2022-12-30,2023-06-28T20:17:59.764Z,2022-12-30T08:37:28.675Z,2023-06-28T20:17:59.764Z
3031,2763,NW644036531,WALLET,,MRU,2900,2900,500000,15000000,ACTIVE,true,2022-06-29,2023-06-01T02:11:52.442Z,2022-06-29T17:37:37.309Z,2023-06-01T02:11:52.442Z
3032,2764,NS604601025,SAVINGS,,MRU,412920,8100,500000,15000000,ACTIVE,true,2023-10-27,2024-07-17T11:06:04.467Z,2023-10-27T00:33:31.997Z,2024-07-17T11:06:04.467Z
3033,2765,NW775893688,WALLET,,MRU,34230,30000,500000,15000000,ACTIVE,true,2024-02-02,2024-02-29T15:51:47.787Z,2024-02-02T00:30:39.852Z,2024-02-29T15:51:47.787Z
3034,2766,NW386675715,WALLET,,MRU,550,7600,500000,15000000,ACTIVE,true,2023-04-16,2024-07-08T12:49:07.183Z,2023-04-16T05:38:20.860Z,2024-07-08T12:49:07.183Z
3035,2767,NS652325988,SAVINGS,,MRU,47650,29000,500000,15000000,ACTIVE,true,2022-05-18,2022-07-04T18:24:45.903Z,2022-05-18T10:59:33.873Z,2022-07-04T18:24:45.903Z
3036,2768,NW866380032,WALLET,,MRU,24600,15000,500000,15000000,ACTIVE,true,2024-02-22,2024-02-29T12:03:36.305Z,2024-02-22T04:49:45.833Z,2024-02-29T12:03:36.305Z
3037,2769,NW521436333,WALLET,,MRU,850,9200,500000,15000000,ACTIVE,true,2023-05-06,2024-10-03T20:10:18.339Z,2023-05-06T05:14:50.139Z,2024-10-03T20:10:18.339Z
3038,2770,NW382580757,WALLET,,MRU,1700,1700,500000,15000000,DORMANT,true,2024-11-23,2024-12-30T21:39:02.247Z,2024-11-23T18:26:51.561Z,2024-12-30T21:39:02.247Z
3039,2771,NW514534026,WALLET,,MRU,91000,41000,500000,15000000,ACTIVE,true,2024-10-25,2024-11-13T08:48:54.804Z,2024-10-25T21:56:38.514Z,2024-11-13T08:48:54.804Z
3040,2772,NC436143636,CORPORATE,,MRU,3056,8200,500000,15000000,ACTIVE,true,2023-09-19,2024-06-09T04:36:04.198Z,2023-09-19T02:29:58.929Z,2024-06-09T04:36:04.198Z
3041,2773,NA070277333,AGENT,,MRU,1650,44000,500000,15000000,ACTIVE,true,2022-08-01,2024-04-21T18:58:08.176Z,2022-08-01T10:34:48.636Z,2024-04-21T18:58:08.176Z
3042,2774,NS279777050,SAVINGS,,MRU,12000,12000,500000,15000000,ACTIVE,true,2024-10-01,2024-12-02T09:14:30.068Z,2024-10-01T08:25:09.616Z,2024-12-02T09:14:30.068Z
3043,2775,NW314368754,WALLET,,MRU,557800,21000,500000,15000000,ACTIVE,true,2023-12-23,2024-09-10T15:23:04.043Z,2023-12-23T21:05:20.374Z,2024-09-10T15:23:04.043Z
3044,2776,NW820526987,WALLET,,MRU,14000,14000,500000,15000000,ACTIVE,true,2023-07-26,2024-11-30T12:44:51.189Z,2023-07-26T11:57:45.797Z,2024-11-30T12:44:51.189Z
3045,2777,NW643665075,WALLET,,MRU,155680,390000,500000,15000000,ACTIVE,true,2023-09-27,2024-04-23T12:19:40.722Z,2023-09-27T08:12:09.297Z,2024-04-23T12:19:40.722Z
3046,2777,NS961245298,SAVINGS,,MRU,152000,152000,500000,15000000,DORMANT,false,2023-09-27,2024-07-11T01:18:27.413Z,2023-09-27T08:12:09.297Z,2024-07-11T01:18:27.413Z
3047,2777,NS909810781,SAVINGS,,MRU,200300,257000,500000,15000000,ACTIVE,false,2023-09-27,2024-02-18T01:31:00.790Z,2023-09-27T08:12:09.297Z,2024-02-18T01:31:00.790Z
3048,2778,NA918789625,AGENT,,MRU,15000,15000,500000,15000000,ACTIVE,true,2024-10-17,2024-12-13T01:32:14.082Z,2024-10-17T17:54:19.664Z,2024-12-13T01:32:14.082Z
3049,2779,NW402045965,WALLET,,MRU,5900,16000,500000,15000000,ACTIVE,true,2022-07-08,2023-04-30T08:37:42.565Z,2022-07-08T08:34:40.783Z,2023-04-30T08:37:42.565Z
3050,2780,NA449132681,AGENT,,MRU,143450,188000,500000,15000000,ACTIVE,true,2022-01-03,2023-03-31T03:20:02.046Z,2022-01-03T01:40:48.941Z,2023-03-31T03:20:02.046Z
3051,2780,NW598675489,WALLET,,MRU,56400,261000,500000,15000000,ACTIVE,false,2022-01-03,2023-02-05T15:01:45.946Z,2022-01-03T01:40:48.941Z,2023-02-05T15:01:45.946Z
3052,2780,NS531333685,SAVINGS,,MRU,356205,463000,500000,15000000,ACTIVE,false,2022-01-03,2022-04-08T01:58:58.715Z,2022-01-03T01:40:48.941Z,2022-04-08T01:58:58.715Z
3053,2781,NW754160106,WALLET,,MRU,7018,24000,500000,15000000,ACTIVE,true,2022-11-03,2023-06-17T06:59:42.547Z,2022-11-03T04:02:09.177Z,2023-06-17T06:59:42.547Z
3054,2782,NA148571491,AGENT,,MRU,6950,14000,500000,15000000,ACTIVE,true,2024-10-05,2024-12-10T21:24:46.956Z,2024-10-05T10:01:09.178Z,2024-12-10T21:24:46.956Z
3055,2783,NC009578228,CORPORATE,,MRU,4050,4000,500000,15000000,ACTIVE,true,2024-11-27,2024-12-17T20:05:15.139Z,2024-11-27T12:21:23.259Z,2024-12-17T20:05:15.139Z
3056,2784,NW497410178,WALLET,,MRU,40000,40000,500000,15000000,ACTIVE,true,2022-08-29,2024-10-14T07:25:29.746Z,2022-08-29T16:46:45.639Z,2024-10-14T07:25:29.746Z
3057,2785,NW558495402,WALLET,,MRU,59000,49000,500000,15000000,ACTIVE,true,2024-06-22,2024-06-28T03:31:18.957Z,2024-06-22T02:54:28.541Z,2024-06-28T03:31:18.957Z
3058,2786,NS646449923,SAVINGS,,MRU,1900,6400,500000,15000000,ACTIVE,true,2024-11-26,2024-12-12T13:02:42.023Z,2024-11-26T13:47:49.283Z,2024-12-12T13:02:42.023Z
3059,2787,NW649523049,WALLET,,MRU,29000,29000,500000,15000000,ACTIVE,true,2022-10-30,2024-01-03T04:17:27.855Z,2022-10-30T16:24:52.731Z,2024-01-03T04:17:27.855Z
3060,2788,NM928774834,MERCHANT,,MRU,5700,5700,500000,15000000,ACTIVE,true,2023-02-05,2024-09-17T07:08:17.582Z,2023-02-05T01:56:35.972Z,2024-09-17T07:08:17.582Z
3061,2789,NW877128035,WALLET,,MRU,23000,23000,500000,15000000,ACTIVE,true,2022-03-15,2022-05-18T19:49:27.611Z,2022-03-15T09:53:55.769Z,2022-05-18T19:49:27.611Z
3062,2790,NW557400405,WALLET,,MRU,1700,1700,500000,15000000,FROZEN,true,2023-02-17,2024-03-01T07:02:26.267Z,2023-02-17T12:48:51.718Z,2024-03-01T07:02:26.267Z
3063,2791,NW057942271,WALLET,,MRU,1100,1100,500000,15000000,ACTIVE,true,2022-11-07,2024-12-23T12:25:07.393Z,2022-11-07T16:32:39.971Z,2024-12-23T12:25:07.393Z
3064,2792,NM984309435,MERCHANT,,MRU,22400,2400,500000,15000000,ACTIVE,true,2024-10-16,2024-10-25T11:03:17.299Z,2024-10-16T02:01:48.520Z,2024-10-25T11:03:17.299Z
3065,2793,NW416618943,WALLET,,MRU,23500,4500,500000,15000000,ACTIVE,true,2023-10-01,2023-10-26T17:25:26.790Z,2023-10-01T06:31:34.732Z,2023-10-26T17:25:26.790Z
3066,2794,NW702293873,WALLET,,MRU,20000,20000,500000,15000000,ACTIVE,true,2023-08-07,2024-08-24T20:32:01.654Z,2023-08-07T18:20:34.311Z,2024-08-24T20:32:01.654Z
3067,2795,NW908469107,WALLET,,MRU,2625,28000,500000,15000000,ACTIVE,true,2022-11-24,2023-05-05T09:24:44.966Z,2022-11-24T21:23:27.944Z,2023-05-05T09:24:44.966Z
3068,2796,NW713405728,WALLET,,MRU,18000,18000,500000,15000000,ACTIVE,true,2024-09-23,2024-12-18T10:57:36.514Z,2024-09-23T18:53:50.906Z,2024-12-18T10:57:36.514Z
3069,2797,NM876575470,MERCHANT,,MRU,1300,1300,500000,15000000,ACTIVE,true,2023-07-04,2023-08-14T10:37:07.530Z,2023-07-04T06:21:54.477Z,2023-08-14T10:37:07.530Z
3070,2798,NA839916944,AGENT,,MRU,11000,11000,500000,15000000,ACTIVE,true,2023-05-12,2024-03-05T10:53:12.140Z,2023-05-12T03:47:00.701Z,2024-03-05T10:53:12.140Z
3071,2799,NA809562445,AGENT,,MRU,650,650,500000,15000000,ACTIVE,true,2024-12-21,2024-12-21T12:38:08.112Z,2024-12-21T03:08:24.048Z,2024-12-21T12:38:08.112Z
3072,2800,NW302415311,WALLET,,MRU,352700,5200,500000,15000000,ACTIVE,true,2022-11-07,2024-11-23T23:18:07.369Z,2022-11-07T04:25:12.816Z,2024-11-23T23:18:07.369Z
3073,2801,NW164730459,WALLET,,MRU,91,25000,500000,15000000,ACTIVE,true,2023-12-05,2024-07-06T07:09:42.811Z,2023-12-05T08:51:57.828Z,2024-07-06T07:09:42.811Z
3074,2802,NW004429608,WALLET,,MRU,11620,33000,500000,15000000,ACTIVE,true,2023-03-04,2024-02-04T13:36:21.271Z,2023-03-04T20:55:51.287Z,2024-02-04T13:36:21.271Z
3075,2803,NW500721961,WALLET,,MRU,923000,23000,500000,15000000,ACTIVE,true,2022-05-23,2024-03-27T05:13:39.577Z,2022-05-23T08:45:25.263Z,2024-03-27T05:13:39.577Z
3076,2804,NW894127279,WALLET,,MRU,28000,28000,500000,15000000,FROZEN,true,2023-07-12,2023-08-30T17:17:52.152Z,2023-07-12T05:01:42.837Z,2023-08-30T17:17:52.152Z
3077,2805,NW986932397,WALLET,,MRU,36000,36000,500000,15000000,ACTIVE,true,2022-01-05,2024-12-12T16:38:04.388Z,2022-01-05T14:50:21.034Z,2024-12-12T16:38:04.388Z
3078,2806,NW070258170,WALLET,,MRU,34000,34000,500000,15000000,ACTIVE,true,2023-09-02,2024-06-10T02:01:52.654Z,2023-09-02T23:39:32.662Z,2024-06-10T02:01:52.654Z
3079,2807,NW040783312,WALLET,,MRU,4000,19000,500000,15000000,ACTIVE,true,2023-11-28,2024-03-06T16:38:54.936Z,2023-11-28T15:08:59.597Z,2024-03-06T16:38:54.936Z
3080,2808,NW003153473,WALLET,,MRU,11000,11000,500000,15000000,ACTIVE,true,2022-06-11,2024-07-09T09:34:23.367Z,2022-06-11T13:38:30.664Z,2024-07-09T09:34:23.367Z
3081,2809,NW872244507,WALLET,,MRU,41000,41000,500000,15000000,FROZEN,true,2023-09-07,2024-01-22T08:49:54.078Z,2023-09-07T04:05:27.674Z,2024-01-22T08:49:54.078Z
3082,2810,NC436427593,CORPORATE,,MRU,266,18000,500000,15000000,ACTIVE,true,2022-05-31,2023-11-16T13:34:21.639Z,2022-05-31T13:10:23.130Z,2023-11-16T13:34:21.639Z
3083,2811,NW502864361,WALLET,,MRU,304250,27000,500000,15000000,ACTIVE,true,2023-10-19,2023-11-14T11:33:06.403Z,2023-10-19T12:13:30.526Z,2023-11-14T11:33:06.403Z
3084,2812,NW005324244,WALLET,,MRU,11000,11000,500000,15000000,DORMANT,true,2023-10-21,2024-05-12T19:50:17.154Z,2023-10-21T06:09:37.055Z,2024-05-12T19:50:17.154Z
3085,2813,NW789430886,WALLET,,MRU,161000,49000,500000,15000000,ACTIVE,true,2022-02-12,2023-02-15T09:52:16.299Z,2022-02-12T03:52:21.744Z,2023-02-15T09:52:16.299Z
3086,2814,NA244402885,AGENT,,MRU,37000,37000,500000,15000000,ACTIVE,true,2023-05-15,2024-11-17T23:57:59.122Z,2023-05-15T03:18:23.741Z,2024-11-17T23:57:59.122Z
3087,2815,NW364145040,WALLET,,MRU,989080,19000,500000,15000000,ACTIVE,true,2023-06-20,2024-12-28T14:25:24.622Z,2023-06-20T15:29:57.161Z,2024-12-28T14:25:24.622Z
3088,2816,NW172241926,WALLET,,MRU,1025,20000,500000,15000000,ACTIVE,true,2023-06-05,2024-02-28T00:08:33.813Z,2023-06-05T04:21:25.716Z,2024-02-28T00:08:33.813Z
3089,2817,NW512556672,WALLET,,MRU,200,15000,500000,15000000,ACTIVE,true,2024-11-11,2024-12-16T01:21:45.009Z,2024-11-11T07:53:03.894Z,2024-12-16T01:21:45.009Z
3090,2818,NA803232312,AGENT,,MRU,487996,43000,500000,15000000,ACTIVE,true,2023-06-15,2024-09-04T21:54:54.506Z,2023-06-15T23:30:37.045Z,2024-09-04T21:54:54.506Z
3091,2819,NS986594796,SAVINGS,,MRU,575,6700,500000,15000000,ACTIVE,true,2022-08-26,2024-11-06T09:52:47.557Z,2022-08-26T00:41:40.293Z,2024-11-06T09:52:47.557Z
3092,2820,NW039807081,WALLET,,MRU,44000,44000,500000,15000000,CLOSED,true,2023-02-27,2024-12-11T00:08:16.497Z,2023-02-27T10:35:54.768Z,2024-12-11T00:08:16.497Z
3093,2821,NW127290010,WALLET,,MRU,11000,11000,500000,15000000,ACTIVE,true,2023-09-01,2024-06-02T07:58:20.894Z,2023-09-01T17:24:42.100Z,2024-06-02T07:58:20.894Z
3094,2822,NW614129066,WALLET,,MRU,920,211000,500000,15000000,ACTIVE,true,2023-01-18,2024-03-31T12:31:45.757Z,2023-01-18T17:24:24.098Z,2024-03-31T12:31:45.757Z
3095,2822,NS579958915,SAVINGS,,MRU,469000,469000,500000,15000000,DORMANT,false,2023-01-18,2023-01-28T13:52:37.159Z,2023-01-18T17:24:24.098Z,2023-01-28T13:52:37.159Z
3096,2822,NW072763457,WALLET,,MRU,6775,225000,500000,15000000,ACTIVE,false,2023-01-18,2024-11-06T02:34:21.801Z,2023-01-18T17:24:24.098Z,2024-11-06T02:34:21.801Z
3097,2823,NM674962520,MERCHANT,,MRU,832000,32000,500000,15000000,ACTIVE,true,2024-02-20,2024-03-14T19:15:30.631Z,2024-02-20T10:52:28.816Z,2024-03-14T19:15:30.631Z
3098,2824,NW295644194,WALLET,,MRU,22200,373000,500000,15000000,ACTIVE,true,2024-11-26,2024-12-10T23:07:20.520Z,2024-11-26T07:18:54.786Z,2024-12-10T23:07:20.520Z
3099,2824,NS092408776,SAVINGS,,MRU,275000,275000,500000,15000000,ACTIVE,false,2024-11-26,2024-12-18T14:05:16.842Z,2024-11-26T07:18:54.786Z,2024-12-18T14:05:16.842Z
3100,2825,NC962802887,CORPORATE,,MRU,2743,25000,500000,15000000,ACTIVE,true,2023-09-05,2024-07-08T08:41:36.645Z,2023-09-05T19:44:40.750Z,2024-07-08T08:41:36.645Z
3101,2826,NW292421367,WALLET,,MRU,9000,9000,500000,15000000,ACTIVE,true,2023-02-23,2024-03-26T16:02:05.966Z,2023-02-23T15:22:51.623Z,2024-03-26T16:02:05.966Z
3102,2827,NS272549629,SAVINGS,,MRU,35350,30000,500000,15000000,ACTIVE,true,2023-07-13,2024-04-08T19:57:33.484Z,2023-07-13T18:57:49.985Z,2024-04-08T19:57:33.484Z
3103,2828,NW001425772,WALLET,,MRU,140200,4200,500000,15000000,ACTIVE,true,2024-06-26,2024-07-22T21:37:54.312Z,2024-06-26T06:32:50.180Z,2024-07-22T21:37:54.312Z
3104,2829,NW974375367,WALLET,,MRU,1500,24000,500000,15000000,ACTIVE,true,2024-08-03,2024-12-24T04:51:03.059Z,2024-08-03T09:14:46.191Z,2024-12-24T04:51:03.059Z
3105,2830,NS953980446,SAVINGS,,MRU,2350,19000,500000,15000000,ACTIVE,true,2022-02-14,2024-12-25T16:14:11.818Z,2022-02-14T08:33:37.713Z,2024-12-25T16:14:11.818Z
3106,2831,NA951518059,AGENT,,MRU,2231,15000,500000,15000000,ACTIVE,true,2024-06-20,2024-07-22T13:02:40.336Z,2024-06-20T18:14:53.801Z,2024-07-22T13:02:40.336Z
3107,2832,NA227919459,AGENT,,MRU,7000,159000,500000,15000000,ACTIVE,true,2022-10-11,2023-03-28T14:55:26.641Z,2022-10-11T12:21:24.762Z,2023-03-28T14:55:26.641Z
3108,2832,NW143675863,WALLET,,MRU,79000,79000,500000,15000000,DORMANT,false,2022-10-11,2022-11-28T10:33:13.245Z,2022-10-11T12:21:24.762Z,2022-11-28T10:33:13.245Z
3109,2832,NW955957144,WALLET,,MRU,306979,349000,500000,15000000,ACTIVE,false,2022-10-11,2024-10-27T03:37:43.022Z,2022-10-11T12:21:24.762Z,2024-10-27T03:37:43.022Z
3110,2833,NS751716018,SAVINGS,,MRU,1111000,12000,500000,15000000,ACTIVE,true,2022-04-12,2023-12-07T01:07:24.903Z,2022-04-12T20:07:44.935Z,2023-12-07T01:07:24.903Z
3111,2834,NM623885989,MERCHANT,,MRU,49000,14000,500000,15000000,ACTIVE,true,2024-07-24,2024-10-21T22:20:49.830Z,2024-07-24T17:21:51.180Z,2024-10-21T22:20:49.830Z
3112,2835,NW122414350,WALLET,,MRU,38000,38000,500000,15000000,CLOSED,true,2024-11-26,2024-12-10T01:40:14.546Z,2024-11-26T09:55:06.930Z,2024-12-10T01:40:14.546Z
3113,2836,NC533520937,CORPORATE,,MRU,4000,4000,500000,15000000,ACTIVE,true,2024-07-09,2024-11-12T01:42:06.298Z,2024-07-09T11:25:10.190Z,2024-11-12T01:42:06.298Z
3114,2837,NW089712262,WALLET,,MRU,25000,25000,500000,15000000,DORMANT,true,2023-01-21,2024-02-03T04:35:38.930Z,2023-01-21T03:12:14.733Z,2024-02-03T04:35:38.930Z
3115,2838,NC377417087,CORPORATE,,MRU,48500,2000,500000,15000000,ACTIVE,true,2023-04-30,2024-08-09T01:36:29.268Z,2023-04-30T01:28:39.424Z,2024-08-09T01:36:29.268Z
3116,2839,NM339350104,MERCHANT,,MRU,37400,29000,500000,15000000,ACTIVE,true,2022-08-05,2022-09-26T21:43:01.232Z,2022-08-05T05:17:38.819Z,2022-09-26T21:43:01.232Z
3117,2840,NW815866768,WALLET,,MRU,20000,20000,500000,15000000,ACTIVE,true,2024-05-11,2024-12-26T08:00:50.179Z,2024-05-11T09:52:29.203Z,2024-12-26T08:00:50.179Z
3118,2841,NW496934920,WALLET,,MRU,3950,20000,500000,15000000,ACTIVE,true,2022-08-28,2023-05-30T18:02:37.962Z,2022-08-28T13:06:36.997Z,2023-05-30T18:02:37.962Z
3119,2842,NM672883391,MERCHANT,,MRU,35000,35000,500000,15000000,ACTIVE,true,2023-03-20,2023-12-10T12:59:51.301Z,2023-03-20T06:46:22.299Z,2023-12-10T12:59:51.301Z
3120,2843,NW397127062,WALLET,,MRU,41000,41000,500000,15000000,ACTIVE,true,2023-01-25,2024-04-03T04:46:49.603Z,2023-01-25T16:58:18.639Z,2024-04-03T04:46:49.603Z
3121,2844,NW596340298,WALLET,,MRU,13768,43000,500000,15000000,ACTIVE,true,2024-01-13,2024-09-06T04:59:49.743Z,2024-01-13T21:59:43.554Z,2024-09-06T04:59:49.743Z
3122,2845,NW057588219,WALLET,,MRU,687400,5900,500000,15000000,ACTIVE,true,2023-08-23,2024-04-25T09:09:49.215Z,2023-08-23T18:26:49.112Z,2024-04-25T09:09:49.215Z
3123,2846,NW315124273,WALLET,,MRU,818600,793000,500000,15000000,ACTIVE,true,2024-09-05,2024-11-29T02:24:46.165Z,2024-09-05T09:06:25.844Z,2024-11-29T02:24:46.165Z
3124,2846,NW006193906,WALLET,,MRU,1299000,1299000,500000,15000000,ACTIVE,false,2024-09-05,2024-12-14T19:20:47.209Z,2024-09-05T09:06:25.844Z,2024-12-14T19:20:47.209Z
3125,2847,NW752875358,WALLET,,MRU,4400,4400,500000,15000000,CLOSED,true,2023-12-11,2024-02-11T08:39:44.182Z,2023-12-11T16:29:17.851Z,2024-02-11T08:39:44.182Z
3126,2848,NW279113471,WALLET,,MRU,174000,14000,500000,15000000,ACTIVE,true,2023-06-16,2024-01-09T02:54:47.372Z,2023-06-16T05:07:16.216Z,2024-01-09T02:54:47.372Z
3127,2849,NA052443742,AGENT,,MRU,370000,359000,500000,15000000,ACTIVE,true,2022-09-05,2023-08-24T18:20:20.601Z,2022-09-05T15:20:53.728Z,2023-08-24T18:20:20.601Z
3128,2849,NW991000324,WALLET,,MRU,856315,349000,500000,15000000,ACTIVE,false,2022-09-05,2024-10-21T03:12:54.011Z,2022-09-05T15:20:53.728Z,2024-10-21T03:12:54.011Z
3129,2850,NS744710922,SAVINGS,,MRU,40000,40000,500000,15000000,ACTIVE,true,2023-07-13,2024-03-14T06:19:13.849Z,2023-07-13T16:52:27.457Z,2024-03-14T06:19:13.849Z
3130,2851,NW242717743,WALLET,,MRU,29500,7500,500000,15000000,ACTIVE,true,2023-10-19,2024-12-19T01:49:21.333Z,2023-10-19T20:58:30.406Z,2024-12-19T01:49:21.333Z
3131,2852,NW455227643,WALLET,,MRU,10883,29000,500000,15000000,ACTIVE,true,2022-07-24,2023-09-15T02:51:18.426Z,2022-07-24T01:51:37.407Z,2023-09-15T02:51:18.426Z
3132,2853,NW552079350,WALLET,,MRU,17000,17000,500000,15000000,FROZEN,true,2023-06-16,2024-02-29T18:49:20.338Z,2023-06-16T20:54:26.826Z,2024-02-29T18:49:20.338Z
3133,2854,NS371919632,SAVINGS,,MRU,896000,128000,500000,15000000,ACTIVE,true,2022-03-05,2022-04-07T00:24:57.835Z,2022-03-05T10:43:22.399Z,2022-04-07T00:24:57.835Z
3134,2854,NW168287932,WALLET,,MRU,124000,124000,500000,15000000,ACTIVE,false,2022-03-05,2022-06-30T20:33:16.273Z,2022-03-05T10:43:22.399Z,2022-06-30T20:33:16.273Z
3135,2855,NS333513975,SAVINGS,,MRU,14000,14000,500000,15000000,CLOSED,true,2023-07-07,2024-05-02T01:29:55.991Z,2023-07-07T15:19:58.328Z,2024-05-02T01:29:55.991Z
3136,2856,NW274450063,WALLET,,MRU,1000,16000,500000,15000000,ACTIVE,true,2024-10-12,2024-12-05T00:11:00.138Z,2024-10-12T23:27:34.657Z,2024-12-05T00:11:00.138Z
3137,2857,NW193035870,WALLET,,MRU,3600,3600,500000,15000000,ACTIVE,true,2023-04-08,2024-10-17T09:59:26.636Z,2023-04-08T15:13:53.252Z,2024-10-17T09:59:26.636Z
3138,2858,NS069908976,SAVINGS,,MRU,0,27000,500000,15000000,ACTIVE,true,2023-05-28,2023-12-12T15:00:04.745Z,2023-05-28T14:09:19.647Z,2023-12-12T15:00:04.745Z
3139,2859,NM827131510,MERCHANT,,MRU,4500,17000,500000,15000000,ACTIVE,true,2022-12-04,2024-02-05T15:30:03.030Z,2022-12-04T07:59:17.064Z,2024-02-05T15:30:03.030Z
3140,2860,NW462268114,WALLET,,MRU,1014000,14000,500000,15000000,ACTIVE,true,2022-02-04,2023-01-19T19:32:25.967Z,2022-02-04T13:46:19.395Z,2023-01-19T19:32:25.967Z
3141,2861,NW190486550,WALLET,,MRU,355000,355000,500000,15000000,ACTIVE,true,2022-03-27,2024-06-18T11:47:13.101Z,2022-03-27T01:39:12.228Z,2024-06-18T11:47:13.101Z
3142,2861,NW340078383,WALLET,,MRU,166075,261000,500000,15000000,ACTIVE,false,2022-03-27,2024-12-20T03:52:01.093Z,2022-03-27T01:39:12.228Z,2024-12-20T03:52:01.093Z
3143,2862,NA724215507,AGENT,,MRU,13000,13000,500000,15000000,ACTIVE,true,2024-02-25,2024-10-27T21:42:28.075Z,2024-02-25T14:15:38.851Z,2024-10-27T21:42:28.075Z
3144,2863,NW961509138,WALLET,,MRU,208000,48000,500000,15000000,ACTIVE,true,2023-06-02,2024-02-05T15:45:56.683Z,2023-06-02T10:13:12.639Z,2024-02-05T15:45:56.683Z
3145,2864,NC129830598,CORPORATE,,MRU,25630,20000,500000,15000000,ACTIVE,true,2023-12-10,2024-10-13T21:12:30.740Z,2023-12-10T06:52:57.109Z,2024-10-13T21:12:30.740Z
3146,2865,NW857459068,WALLET,,MRU,37000,37000,500000,15000000,ACTIVE,true,2024-01-09,2024-01-16T11:59:01.475Z,2024-01-09T20:06:01.026Z,2024-01-16T11:59:01.475Z
3147,2866,NW133085250,WALLET,,MRU,93400,37000,500000,15000000,ACTIVE,true,2023-01-15,2023-04-22T21:44:51.556Z,2023-01-15T07:35:23.868Z,2023-04-22T21:44:51.556Z
3148,2867,NW729931056,WALLET,,MRU,41720,49000,500000,15000000,ACTIVE,true,2024-06-04,2024-09-02T16:01:52.665Z,2024-06-04T11:07:41.578Z,2024-09-02T16:01:52.665Z
3149,2868,NW205755710,WALLET,,MRU,19000,19000,500000,15000000,ACTIVE,true,2024-01-04,2024-05-29T16:51:47.281Z,2024-01-04T00:36:07.453Z,2024-05-29T16:51:47.281Z
3150,2869,NA142346739,AGENT,,MRU,45400,10000,500000,15000000,ACTIVE,true,2022-04-04,2024-09-14T01:38:48.239Z,2022-04-04T23:09:38.056Z,2024-09-14T01:38:48.239Z