id,nni,first_name,last_name,full_name,gender,birth_date,phone,email,wilaya_id,wilaya_name,profile_type,kyc_level,status,registration_date,last_login,created_at,updated_at
5717,8603431612,Abdellahi,Ould Bouha,Abdellahi Ould Bouha,M,1986-08-07,+22232759813,,3,Nouakchott-Sud,STANDARD,,SUSPENDED,2022-03-06,2022-11-01T08:28:56.473Z,2022-03-06T11:46:56.340Z,2022-11-01T08:28:56.473Z
5718,8001760901,Ibrahima,Sissoko,Ibrahima Sissoko,M,1980-10-16,+22233521916,ibrahima.sissoko823@outlook.com,1,Nouakchott-Nord,ACTIVE,,ACTIVE,2024-01-24,2024-08-31T08:09:33.087Z,2024-01-24T19:27:12.784Z,2024-08-31T08:09:33.087Z
5719,0302757813,Bintou,Thiam,Bintou Thiam,F,2003-12-19,+22246787994,,2,Nouakchott-Ouest,VIP,,ACTIVE,2024-02-26,2024-10-03T13:10:15.008Z,2024-02-26T13:06:19.138Z,2024-10-03T13:10:15.008Z
5720,6101225759,Malick,Bathily,Malick Bathily,M,1961-06-17,+22224135187,,1,Nouakchott-Nord,OCCASIONAL,,SUSPENDED,2022-09-20,2022-12-07T23:27:38.465Z,2022-09-20T08:24:27.677Z,2022-12-07T23:27:38.465Z
5721,9404775691,Fatoumata,Bâ,Fatoumata Bâ,F,1994-02-06,+22234172015,,4,Dakhlet Nouadhibou,ACTIVE,,ACTIVE,2023-06-04,2024-02-16T17:17:53.478Z,2023-06-04T04:15:11.611Z,2024-02-16T17:17:53.478Z
5722,7601465100,Mbarka,Mint Dah,Mbarka Mint Dah,F,1976-06-02,+22241297736,,1,Nouakchott-Nord,VIP,,INACTIVE,2023-01-17,2024-10-01T22:39:22.649Z,2023-01-17T04:25:50.884Z,2024-10-01T22:39:22.649Z
5723,7305647743,Tekber,Sakho,Tekber Sakho,F,1973-06-09,+22225993503,,5,Trarza,ACTIVE,,ACTIVE,2023-09-11,2024-11-20T10:14:29.283Z,2023-09-11T10:26:13.637Z,2024-11-20T10:14:29.283Z
5724,0002589172,Bintou,Barry,Bintou Barry,F,2000-03-07,+22223491985,bintou.barry94@yahoo.fr,2,Nouakchott-Ouest,OCCASIONAL,,BLOCKED,2024-05-29,2024-08-07T17:00:56.271Z,2024-05-29T06:35:19.256Z,2024-08-07T17:00:56.271Z
5725,8115330988,Limam,Ould El Mokhtar,Limam Ould El Mokhtar,M,1981-03-15,+22223206701,,15,Tiris Zemmour,OCCASIONAL,,ACTIVE,2023-10-09,2024-03-21T09:20:19.202Z,2023-10-09T04:51:50.163Z,2024-03-21T09:20:19.202Z
5726,7203640608,Moussa,Kane,Moussa Kane,M,1972-10-16,+22224411860,,3,Nouakchott-Sud,ACTIVE,,PENDING_KYC,2024-12-27,2024-12-29T14:46:31.941Z,2024-12-27T12:55:48.553Z,2024-12-29T14:46:31.941Z
5727,8315502419,Ely,Diagana,Ely Diagana,M,1983-02-06,+22236354049,ely.diagana55@gmail.com,15,Tiris Zemmour,STANDARD,,BLOCKED,2024-01-31,2024-07-04T01:54:43.078Z,2024-01-31T10:36:28.305Z,2024-07-04T01:54:43.078Z
5728,8602837891,Diakaridia,Diarra,Diakaridia Diarra,M,1986-08-13,+22234626736,,2,Nouakchott-Ouest,OCCASIONAL,,ACTIVE,2024-09-07,2024-09-22T19:53:46.849Z,2024-09-07T09:33:33.750Z,2024-09-22T19:53:46.849Z
5729,7903182864,Defa,Mint Abeih,Defa Mint Abeih,F,1979-06-12,+22225876739,,3,Nouakchott-Sud,OCCASIONAL,,ACTIVE,2023-06-01,2023-06-10T17:55:24.546Z,2023-06-01T06:22:32.420Z,2023-06-10T17:55:24.546Z
5730,8003483185,Wedadi,Ould Isselmou,Wedadi Ould Isselmou,M,1980-12-08,+22235637446,wedadi.ouldisselmou899@outlook.com,3,Nouakchott-Sud,STANDARD,,ACTIVE,2022-05-23,2024-05-29T13:49:10.699Z,2022-05-23T22:35:29.585Z,2024-05-29T13:49:10.699Z
5731,0003779691,Mariem,Mint Abdallah,Mariem Mint Abdallah,F,2000-10-01,+22225645013,mariem.mintabdallah743@outlook.com,3,Nouakchott-Sud,STANDARD,,PENDING_KYC,2022-01-27,2024-02-22T17:22:34.033Z,2022-01-27T00:23:14.645Z,2024-02-22T17:22:34.033Z
5732,7605062635,Sidi,Wane,Sidi Wane,M,1976-09-06,+22249479484,,5,Trarza,ACTIVE,,ACTIVE,2024-08-22,2024-08-25T23:17:26.310Z,2024-08-22T21:30:20.363Z,2024-08-25T23:17:26.310Z
5733,9701697492,Cheikhna,Ould El Hacen,Cheikhna Ould El Hacen,M,1997-06-09,+22222852437,cheikhna.ouldelhacen374@yahoo.fr,1,Nouakchott-Nord,STANDARD,,ACTIVE,2023-03-07,2024-01-28T17:48:47.147Z,2023-03-07T05:17:44.987Z,2024-01-28T17:48:47.147Z
5734,7101968710,Abdel Kader,Ndiaye,Abdel Kader Ndiaye,M,1971-10-10,+22234218231,abdelkader.ndiaye524@gmail.com,1,Nouakchott-Nord,OCCASIONAL,,ACTIVE,2022-01-15,2024-12-06T16:40:27.599Z,2022-01-15T20:43:43.485Z,2024-12-06T16:40:27.599Z
5735,6701001465,Ténin,Sissoko,Ténin Sissoko,F,1967-01-12,+22244208207,,1,Nouakchott-Nord,STANDARD,,ACTIVE,2024-08-21,2024-08-27T22:47:00.770Z,2024-08-21T22:01:10.873Z,2024-08-27T22:47:00.770Z
5736,8008258528,Defa,Mint Mohamed,Defa Mint Mohamed,F,1980-10-01,+22222746642,,8,Guidimaka,STANDARD,,ACTIVE,2023-12-10,2024-01-25T11:51:53.545Z,2023-12-10T05:05:26.006Z,2024-01-25T11:51:53.545Z
5737,9104917696,Coumba,Thiaw,Coumba Thiaw,F,1991-11-18,+22222900128,,4,Dakhlet Nouadhibou,OCCASIONAL,,ACTIVE,2023-10-27,2024-04-10T20:40:34.496Z,2023-10-27T14:50:00.899Z,2024-04-10T20:40:34.496Z
5738,9415709522,Lemrabott,Ould El Ghassem,Lemrabott Ould El Ghassem,M,1994-04-10,+22222768598,,15,Tiris Zemmour,OCCASIONAL,,ACTIVE,2024-03-06,2024-11-28T23:45:25.394Z,2024-03-06T19:38:20.143Z,2024-11-28T23:45:25.394Z
5739,0011209812,Hamoud,Yatabaré,Hamoud Yatabaré,M,2000-07-19,+22224819121,hamoud.yatabaré288@yahoo.fr,11,Hodh El Gharbi,ACTIVE,,INACTIVE,2023-02-09,2023-10-15T22:25:06.500Z,2023-02-09T02:07:49.087Z,2023-10-15T22:25:06.500Z
5740,7703388141,Maimouna,Diop,Maimouna Diop,F,1977-03-25,+22232501964,maimouna.diop189@yahoo.fr,3,Nouakchott-Sud,ACTIVE,,ACTIVE,2024-08-08,2024-10-10T12:43:12.240Z,2024-08-08T17:28:09.694Z,2024-10-10T12:43:12.240Z
5741,7902777953,Souleymane,Ould El Mamy,Souleymane Ould El Mamy,M,1979-07-09,+22232596480,souleymane.ouldelmamy25@hotmail.fr,2,Nouakchott-Ouest,ACTIVE,,ACTIVE,2024-02-24,2024-07-26T18:33:38.800Z,2024-02-24T07:17:20.216Z,2024-07-26T18:33:38.800Z
5742,6904827310,Horma,Ould El Mokhtar,Horma Ould El Mokhtar,M,1969-10-06,+22242325569,horma.ouldelmokhtar570@yahoo.fr,4,Dakhlet Nouadhibou,STANDARD,,ACTIVE,2024-01-23,2024-09-24T03:26:37.433Z,2024-01-23T01:30:23.961Z,2024-09-24T03:26:37.433Z
5743,0101912655,Jemila,Fall,Jemila Fall,F,2001-04-21,+22225705687,jemila.fall173@outlook.com,1,Nouakchott-Nord,STANDARD,,ACTIVE,2024-05-28,2024-10-05T15:01:51.334Z,2024-05-28T00:43:13.351Z,2024-10-05T15:01:51.334Z
5744,8215069494,Codou,Fall,Codou Fall,F,1982-10-15,+22225914655,codou.fall188@hotmail.fr,15,Tiris Zemmour,STANDARD,,INACTIVE,2022-08-27,2023-06-06T07:10:28.748Z,2022-08-27T14:58:14.293Z,2023-06-06T07:10:28.748Z
5745,8609536096,Saadbouh,Ould Taleb,Saadbouh Ould Taleb,M,1986-12-14,+22235374164,saadbouh.ouldtaleb487@hotmail.fr,9,Assaba,STANDARD,,ACTIVE,2024-05-13,2024-05-18T07:43:01.718Z,2024-05-13T15:05:19.901Z,2024-05-18T07:43:01.718Z
5746,9901439915,Khadija,Mint Sidi,Khadija Mint Sidi,F,1999-01-06,+22241360380,khadija.mintsidi290@yahoo.fr,1,Nouakchott-Nord,ACTIVE,,ACTIVE,2022-05-23,2023-08-23T10:11:41.989Z,2022-05-23T09:30:20.742Z,2023-08-23T10:11:41.989Z
5747,0001466939,Ibrahima,Diop,Ibrahima Diop,M,2000-01-07,+22232172948,ibrahima.diop695@gmail.com,1,Nouakchott-Nord,OCCASIONAL,,ACTIVE,2022-03-02,2023-07-30T07:23:05.861Z,2022-03-02T06:39:51.413Z,2023-07-30T07:23:05.861Z
5748,6804547767,Tiémoko,Dramé,Tiémoko Dramé,M,1968-10-28,+22241867242,,4,Dakhlet Nouadhibou,STANDARD,,INACTIVE,2024-11-09,2024-11-11T17:40:31.673Z,2024-11-09T07:57:50.454Z,2024-11-11T17:40:31.673Z
5749,8012566244,Aïssata,Diakité,Aïssata Diakité,F,1980-03-26,+22225391916,aïssata.diakité214@outlook.com,12,Adrar,ACTIVE,,ACTIVE,2023-07-12,2024-01-31T11:01:39.080Z,2023-07-12T03:15:56.056Z,2024-01-31T11:01:39.080Z
5750,9004429053,Leila,Mint Nagi,Leila Mint Nagi,F,1990-10-28,+22222917260,leila.mintnagi919@yahoo.fr,4,Dakhlet Nouadhibou,STANDARD,,ACTIVE,2024-05-06,2024-07-10T11:57:39.452Z,2024-05-06T15:52:17.235Z,2024-07-10T11:57:39.452Z
5751,0412430745,Fatima,Mint Nagi,Fatima Mint Nagi,F,2004-03-01,+22249551377,,12,Adrar,STANDARD,,ACTIVE,2022-01-07,2023-01-30T00:30:56.281Z,2022-01-07T16:32:51.479Z,2023-01-30T00:30:56.281Z
5752,8101348971,Alpha,Touré,Alpha Touré,M,1981-03-12,+22241962860,,1,Nouakchott-Nord,STANDARD,,ACTIVE,2022-07-30,2023-04-04T23:06:40.334Z,2022-07-30T21:20:25.238Z,2023-04-04T23:06:40.334Z
5753,6702403226,Soueidatt,Diallo,Soueidatt Diallo,M,1967-09-22,+22223466547,,2,Nouakchott-Ouest,OCCASIONAL,,ACTIVE,2023-05-17,2024-03-21T00:03:46.059Z,2023-05-17T01:19:25.703Z,2024-03-21T00:03:46.059Z
5754,6603117093,Bassirou,Thiam,Bassirou Thiam,M,1966-08-17,+22224064456,,3,Nouakchott-Sud,OCCASIONAL,,ACTIVE,2022-09-20,2023-03-25T16:05:20.834Z,2022-09-20T01:38:38.146Z,2023-03-25T16:05:20.834Z
5755,8906599220,Abdoulaye,Ndiaye,Abdoulaye Ndiaye,M,1989-12-14,+22222583378,abdoulaye.ndiaye800@hotmail.fr,6,Brakna,ACTIVE,,ACTIVE,2023-10-27,2024-01-10T17:41:21.527Z,2023-10-27T05:08:20.656Z,2024-01-10T17:41:21.527Z
5756,7303598971,Fatou,Diallo,Fatou Diallo,F,1973-07-22,+22236743834,,3,Nouakchott-Sud,ACTIVE,,ACTIVE,2024-12-29,2024-12-30T01:49:05.585Z,2024-12-29T21:33:57.813Z,2024-12-30T01:49:05.585Z
5757,0504211564,Cellou,Dia,Cellou Dia,M,2005-11-07,+22234948508,,4,Dakhlet Nouadhibou,OCCASIONAL,,ACTIVE,2023-05-18,2024-02-20T03:14:26.952Z,2023-05-18T00:52:46.132Z,2024-02-20T03:14:26.952Z
5758,9515675020,Maloum,Ould Hamoud,Maloum Ould Hamoud,M,1995-08-11,+22233340994,maloum.ouldhamoud233@gmail.com,15,Tiris Zemmour,STANDARD,,ACTIVE,2024-11-10,2024-11-30T23:49:06.377Z,2024-11-10T12:07:55.143Z,2024-11-30T23:49:06.377Z
5759,7005390824,Ahmed,Ould Saad,Ahmed Ould Saad,M,1970-04-26,+22222655723,ahmed.ouldsaad683@yahoo.fr,5,Trarza,OCCASIONAL,,ACTIVE,2024-03-14,2024-05-19T03:32:23.277Z,2024-03-14T16:42:42.020Z,2024-05-19T03:32:23.277Z
5760,8212750353,Assa,Camara,Assa Camara,F,1982-07-24,+22224479505,assa.camara489@gmail.com,12,Adrar,STANDARD,,ACTIVE,2023-05-01,2023-07-25T04:40:56.042Z,2023-05-01T07:05:34.619Z,2023-07-25T04:40:56.042Z
5761,6302551743,Aïssata,Baldé,Aïssata Baldé,F,1963-10-05,+22236782635,aïssata.baldé444@gmail.com,2,Nouakchott-Ouest,ACTIVE,,ACTIVE,2024-03-28,2024-07-31T20:57:51.458Z,2024-03-28T02:22:48.882Z,2024-07-31T20:57:51.458Z
5762,6811715111,Mohamed,Touré,Mohamed Touré,M,1968-07-05,+22225085718,,11,Hodh El Gharbi,ACTIVE,,INACTIVE,2022-08-30,2024-11-29T05:37:06.435Z,2022-08-30T07:29:16.565Z,2024-11-29T05:37:06.435Z
5763,9002678204,N'Dèye,Fofana,N'Dèye Fofana,F,1990-10-04,+22234498668,n'dèye.fofana657@gmail.com,2,Nouakchott-Ouest,STANDARD,,ACTIVE,2022-03-23,2024-12-04T11:30:40.024Z,2022-03-23T10:04:11.739Z,2024-12-04T11:30:40.024Z
5764,9701259362,Brahim,Thiam,Brahim Thiam,M,1997-01-16,+22225931755,brahim.thiam792@hotmail.fr,1,Nouakchott-Nord,OCCASIONAL,,ACTIVE,2022-03-17,2023-07-13T11:58:42.243Z,2022-03-17T20:53:21.265Z,2023-07-13T11:58:42.243Z
5765,8802923507,Codou,Bathily,Codou Bathily,F,1988-07-09,+22225739267,,2,Nouakchott-Ouest,ACTIVE,,ACTIVE,2022-09-07,2023-08-08T03:33:28.650Z,2022-09-07T15:31:40.435Z,2023-08-08T03:33:28.650Z
5766,6111917512,Saidou,Doucouré,Saidou Doucouré,M,1961-01-16,+22223932556,,11,Hodh El Gharbi,STANDARD,,ACTIVE,2024-10-22,2024-12-02T02:22:45.808Z,2024-10-22T19:45:09.307Z,2024-12-02T02:22:45.808Z
5767,8912734802,Hafsata,Mint El Hacen,Hafsata Mint El Hacen,F,1989-12-22,+22235127937,,12,Adrar,PREMIUM,,BLOCKED,2023-06-28,2024-05-25T07:01:02.893Z,2023-06-28T01:22:16.824Z,2024-05-25T07:01:02.893Z
5768,0503431219,Tourad,Ould El Ghassem,Tourad Ould El Ghassem,M,2005-06-09,+22236368551,,3,Nouakchott-Sud,OCCASIONAL,,ACTIVE,2023-04-09,2023-11-05T22:19:06.383Z,2023-04-09T07:25:18.744Z,2023-11-05T22:19:06.383Z
5769,7303324035,Mahjouba,Mint Taleb,Mahjouba Mint Taleb,F,1973-11-17,+22234594341,mahjouba.minttaleb662@gmail.com,3,Nouakchott-Sud,STANDARD,,INACTIVE,2024-07-23,2024-09-17T21:47:20.014Z,2024-07-23T18:23:05.932Z,2024-09-17T21:47:20.014Z
5770,7404142697,Meymouna,Diallo,Meymouna Diallo,F,1974-03-27,+22235243935,,4,Dakhlet Nouadhibou,OCCASIONAL,,INACTIVE,2023-08-30,2024-07-03T13:52:35.690Z,2023-08-30T20:15:30.089Z,2024-07-03T13:52:35.690Z
5771,7601285841,Mahmoud,Diakité,Mahmoud Diakité,M,1976-02-10,+22223210065,,1,Nouakchott-Nord,STANDARD,,ACTIVE,2022-12-24,2024-04-14T06:27:09.035Z,2022-12-24T09:10:33.352Z,2024-04-14T06:27:09.035Z
5772,6601187896,Moctar,Ould Sidi,Moctar Ould Sidi,M,1966-08-10,+22237975656,moctar.ouldsidi341@gmail.com,1,Nouakchott-Nord,OCCASIONAL,,ACTIVE,2022-04-25,2024-07-21T05:12:51.629Z,2022-04-25T08:21:57.955Z,2024-07-21T05:12:51.629Z
5773,6601851726,Messoud,Diop,Messoud Diop,M,1966-06-28,+22224095071,,1,Nouakchott-Nord,OCCASIONAL,,ACTIVE,2022-04-22,2023-02-21T20:15:13.951Z,2022-04-22T21:06:34.520Z,2023-02-21T20:15:13.951Z
5774,6502286010,Adama,Mbaye,Adama Mbaye,M,1965-05-22,+22233179692,,2,Nouakchott-Ouest,STANDARD,,ACTIVE,2022-06-03,2022-12-23T05:16:28.072Z,2022-06-03T05:54:32.053Z,2022-12-23T05:16:28.072Z
5775,8201012868,Maty,Diarra,Maty Diarra,F,1982-07-06,+22222419533,,1,Nouakchott-Nord,DORMANT,,ACTIVE,2022-03-30,2023-10-27T21:28:13.078Z,2022-03-30T07:02:11.053Z,2023-10-27T21:28:13.078Z
5776,8101283621,Fodié,Doucouré,Fodié Doucouré,M,1981-12-13,+22243871837,,1,Nouakchott-Nord,DORMANT,,ACTIVE,2024-06-21,2024-10-26T10:16:39.012Z,2024-06-21T12:10:16.111Z,2024-10-26T10:16:39.012Z
5777,9705848775,Koumba,Baldé,Koumba Baldé,F,1997-07-09,+22224171236,koumba.baldé103@outlook.com,5,Trarza,STANDARD,,ACTIVE,2023-03-11,2024-07-31T19:30:12.904Z,2023-03-11T22:32:44.560Z,2024-07-31T19:30:12.904Z
5778,0109559863,Oumou,Diallo,Oumou Diallo,F,2001-02-18,+22225090641,oumou.diallo242@hotmail.fr,9,Assaba,STANDARD,,SUSPENDED,2022-06-29,2023-02-19T02:52:19.523Z,2022-06-29T09:53:42.829Z,2023-02-19T02:52:19.523Z
5779,9909888191,Khady,Niang,Khady Niang,F,1999-06-19,+22223482488,,9,Assaba,OCCASIONAL,,ACTIVE,2022-05-21,2022-10-10T02:34:51.047Z,2022-05-21T10:03:24.664Z,2022-10-10T02:34:51.047Z
5780,6201573879,Ibrahima,Kanouté,Ibrahima Kanouté,M,1962-05-20,+22235311549,ibrahima.kanouté49@hotmail.fr,1,Nouakchott-Nord,OCCASIONAL,,ACTIVE,2023-11-29,2024-02-20T07:23:41.723Z,2023-11-29T20:47:22.198Z,2024-02-20T07:23:41.723Z
5781,8701508773,Mohamed Vall,Ould Wedadi,Mohamed Vall Ould Wedadi,M,1987-04-04,+22237022969,mohamedvall.ouldwedadi340@outlook.com,1,Nouakchott-Nord,ACTIVE,,ACTIVE,2023-11-26,2023-12-07T12:51:56.595Z,2023-11-26T07:03:46.833Z,2023-12-07T12:51:56.595Z
5782,9602178788,Lassana,Fofana,Lassana Fofana,M,1996-07-21,+22225878875,lassana.fofana444@hotmail.fr,2,Nouakchott-Ouest,ACTIVE,,ACTIVE,2023-03-27,2023-08-15T03:10:17.832Z,2023-03-27T00:54:28.982Z,2023-08-15T03:10:17.832Z
5783,7001609058,Souleymane,Baldé,Souleymane Baldé,M,1970-10-11,+22225933992,,1,Nouakchott-Nord,STANDARD,,ACTIVE,2024-01-02,2024-05-26T02:08:04.964Z,2024-01-02T10:28:43.616Z,2024-05-26T02:08:04.964Z
5784,6003718061,Cheikhna,Ould Taleb,Cheikhna Ould Taleb,M,1960-09-25,+22248366526,,3,Nouakchott-Sud,STANDARD,,ACTIVE,2024-04-14,2024-08-05T06:01:26.600Z,2024-04-14T15:13:14.118Z,2024-08-05T06:01:26.600Z
5785,9115366854,Demba,Kane,Demba Kane,M,1991-09-05,+22224630382,,15,Tiris Zemmour,OCCASIONAL,,ACTIVE,2022-11-22,2023-10-03T01:05:11.792Z,2022-11-22T01:01:11.077Z,2023-10-03T01:05:11.792Z
5786,7303820643,Codou,Sissoko,Codou Sissoko,F,1973-02-04,+22233081367,,3,Nouakchott-Sud,STANDARD,,ACTIVE,2024-09-09,2024-10-19T15:03:19.450Z,2024-09-09T13:29:31.684Z,2024-10-19T15:03:19.450Z
5787,6401460045,Siaka,Dramé,Siaka Dramé,M,1964-11-18,+22223106287,,1,Nouakchott-Nord,ACTIVE,,PENDING_KYC,2023-05-10,2023-07-16T20:43:31.258Z,2023-05-10T06:38:33.802Z,2023-07-16T20:43:31.258Z
5788,8101048237,Hafsata,Mint Messoud,Hafsata Mint Messoud,F,1981-04-02,+22249941606,hafsata.mintmessoud190@hotmail.fr,1,Nouakchott-Nord,OCCASIONAL,,ACTIVE,2022-01-16,2022-02-16T20:45:41.746Z,2022-01-16T11:45:44.519Z,2022-02-16T20:45:41.746Z
5789,7012388582,Rougui,Baldé,Rougui Baldé,F,1970-06-09,+22237301636,rougui.baldé346@hotmail.fr,12,Adrar,OCCASIONAL,,ACTIVE,2022-08-23,2024-01-23T01:50:38.690Z,2022-08-23T01:02:46.479Z,2024-01-23T01:50:38.690Z
5790,7503772674,Mariam,Mint Limam,Mariam Mint Limam,F,1975-04-21,+22248317311,mariam.mintlimam340@yahoo.fr,3,Nouakchott-Sud,STANDARD,,PENDING_KYC,2024-09-15,2024-12-02T03:01:57.270Z,2024-09-15T00:37:55.146Z,2024-12-02T03:01:57.270Z
5791,0507510211,Ibrahima,Sy,Ibrahima Sy,M,2005-06-07,+22245260797,ibrahima.sy868@yahoo.fr,7,Gorgol,DORMANT,,ACTIVE,2022-10-28,2023-07-04T23:55:45.142Z,2022-10-28T19:30:42.972Z,2023-07-04T23:55:45.142Z
5792,7102083001,Hawa,Sakho,Hawa Sakho,F,1971-08-22,+22223866469,hawa.sakho719@outlook.com,2,Nouakchott-Ouest,STANDARD,,ACTIVE,2022-01-23,2024-08-09T15:20:25.837Z,2022-01-23T02:24:32.979Z,2024-08-09T15:20:25.837Z
5793,0304454077,Demba,Dieng,Demba Dieng,M,2003-07-16,+22224872061,,4,Dakhlet Nouadhibou,STANDARD,,ACTIVE,2024-10-03,2024-10-31T13:56:01.482Z,2024-10-03T01:47:28.898Z,2024-10-31T13:56:01.482Z
5794,7715666839,Souleymane,Thiam,Souleymane Thiam,M,1977-07-21,+22233649523,souleymane.thiam572@outlook.com,15,Tiris Zemmour,ACTIVE,,ACTIVE,2024-07-19,2024-08-15T03:06:40.974Z,2024-07-19T00:25:31.857Z,2024-08-15T03:06:40.974Z
5795,6307932033,Néné,Ba,Néné Ba,F,1963-11-24,+22222952818,néné.ba165@yahoo.fr,7,Gorgol,STANDARD,,ACTIVE,2023-10-21,2024-07-30T22:14:46.819Z,2023-10-21T08:13:12.088Z,2024-07-30T22:14:46.819Z
5796,7603479792,Ghali,Koita,Ghali Koita,M,1976-07-09,+22225212725,,3,Nouakchott-Sud,OCCASIONAL,,ACTIVE,2023-01-18,2024-11-11T03:12:14.573Z,2023-01-18T23:55:11.377Z,2024-11-11T03:12:14.573Z
5797,7110960150,Aminata,Sakho,Aminata Sakho,F,1971-05-18,+22241101069,aminata.sakho66@yahoo.fr,10,Hodh Ech Chargui,ACTIVE,,ACTIVE,2023-12-09,2024-01-07T00:09:25.879Z,2023-12-09T05:18:22.273Z,2024-01-07T00:09:25.879Z
5798,0301926911,Tourad,Ould Limam,Tourad Ould Limam,M,2003-10-09,+22222289887,tourad.ouldlimam129@gmail.com,1,Nouakchott-Nord,PREMIUM,,ACTIVE,2024-11-12,2024-12-07T21:43:49.341Z,2024-11-12T18:33:13.568Z,2024-12-07T21:43:49.341Z
5799,8202672883,Oumou,Barry,Oumou Barry,F,1982-08-11,+22236407015,oumou.barry397@gmail.com,2,Nouakchott-Ouest,ACTIVE,,ACTIVE,2024-04-24,2024-11-27T10:50:27.124Z,2024-04-24T07:22:19.051Z,2024-11-27T10:50:27.124Z
5800,8003972784,Mariama,Mbaye,Mariama Mbaye,F,1980-06-07,+22223273368,,3,Nouakchott-Sud,STANDARD,,ACTIVE,2022-12-27,2023-11-28T21:32:38.912Z,2022-12-27T11:50:48.116Z,2023-11-28T21:32:38.912Z
5801,7302806411,Mohamed Mahmoud,Ould Mahmoud,Mohamed Mahmoud Ould Mahmoud,M,1973-08-06,+22223890433,,2,Nouakchott-Ouest,VIP,,ACTIVE,2022-10-06,2024-07-14T22:26:14.666Z,2022-10-06T21:04:58.884Z,2024-07-14T22:26:14.666Z
5802,9501694037,Mariem,Cissé,Mariem Cissé,F,1995-12-15,+22234109170,,1,Nouakchott-Nord,STANDARD,,ACTIVE,2023-11-21,2024-10-25T07:36:58.841Z,2023-11-21T21:54:35.646Z,2024-10-25T07:36:58.841Z
5803,8601227501,Moulaye,Camara,Moulaye Camara,M,1986-09-16,+22225140202,,1,Nouakchott-Nord,DORMANT,,SUSPENDED,2023-02-28,2023-11-21T17:34:26.472Z,2023-02-28T15:16:34.976Z,2023-11-21T17:34:26.472Z
5804,8403584653,Issa,Sissoko,Issa Sissoko,M,1984-04-24,+22236165732,,3,Nouakchott-Sud,STANDARD,,ACTIVE,2023-08-02,2024-08-15T18:24:35.701Z,2023-08-02T02:38:01.663Z,2024-08-15T18:24:35.701Z
5805,8701900308,Tacko,Diagana,Tacko Diagana,F,1987-09-19,+22222458058,,1,Nouakchott-Nord,STANDARD,,ACTIVE,2024-05-12,2024-08-24T23:43:08.969Z,2024-05-12T23:58:56.650Z,2024-08-24T23:43:08.969Z
5806,9202051032,Safiya,Dieng,Safiya Dieng,F,1992-01-24,+22237851596,,2,Nouakchott-Ouest,DORMANT,,ACTIVE,2024-06-15,2024-09-22T00:13:47.121Z,2024-06-15T13:51:12.201Z,2024-09-22T00:13:47.121Z
5807,8509717805,Zakaria,Ould Vadel,Zakaria Ould Vadel,M,1985-11-17,+22242750018,,9,Assaba,STANDARD,,INACTIVE,2022-04-17,2022-05-21T12:28:25.130Z,2022-04-17T10:01:53.802Z,2022-05-21T12:28:25.130Z
5808,6007471117,Nana,Fall,Nana Fall,F,1960-10-17,+22225244343,,7,Gorgol,OCCASIONAL,,ACTIVE,2023-03-10,2023-08-15T18:08:54.660Z,2023-03-10T17:01:24.890Z,2023-08-15T18:08:54.660Z
5809,6201796876,Mahjouba,Bâ,Mahjouba Bâ,F,1962-01-17,+22248868304,mahjouba.bâ938@outlook.com,1,Nouakchott-Nord,OCCASIONAL,,ACTIVE,2024-10-07,2024-10-18T13:12:53.139Z,2024-10-07T16:13:46.329Z,2024-10-18T13:12:53.139Z
5810,0201807761,Rokaya,Sissoko,Rokaya Sissoko,F,2002-04-05,+22233526294,rokaya.sissoko417@yahoo.fr,1,Nouakchott-Nord,DORMANT,,ACTIVE,2022-01-31,2024-09-12T06:05:36.907Z,2022-01-31T21:50:00.246Z,2024-09-12T06:05:36.907Z
5811,6304806580,Abdel Kader,Wade,Abdel Kader Wade,M,1963-02-04,+22244909475,,4,Dakhlet Nouadhibou,ACTIVE,,ACTIVE,2022-04-08,2024-01-25T15:50:54.364Z,2022-04-08T11:24:07.576Z,2024-01-25T15:50:54.364Z
5812,9302723309,Abdel Kader,Faye,Abdel Kader Faye,M,1993-03-13,+22245129278,,2,Nouakchott-Ouest,DORMANT,,ACTIVE,2023-09-15,2024-06-18T09:59:50.776Z,2023-09-15T06:43:42.370Z,2024-06-18T09:59:50.776Z
5813,8202076331,Koumba,Diarra,Koumba Diarra,F,1982-07-23,+22233267694,,2,Nouakchott-Ouest,STANDARD,,ACTIVE,2023-08-17,2023-08-31T19:26:31.179Z,2023-08-17T22:50:46.179Z,2023-08-31T19:26:31.179Z
5814,8715781647,Mariam,Koné,Mariam Koné,F,1987-05-26,+22232832170,,15,Tiris Zemmour,OCCASIONAL,,INACTIVE,2023-10-05,2024-12-28T01:19:28.110Z,2023-10-05T09:48:27.842Z,2024-12-28T01:19:28.110Z
5815,6702991026,Mahjouba,Sy,Mahjouba Sy,F,1967-09-18,+22235586396,,2,Nouakchott-Ouest,STANDARD,,INACTIVE,2024-06-29,2024-12-05T16:38:09.794Z,2024-06-29T12:37:46.852Z,2024-12-05T16:38:09.794Z
5816,7101767492,Mohamed Vall,Ould Cheikh,Mohamed Vall Ould Cheikh,M,1971-04-09,+22233867309,,1,Nouakchott-Nord,STANDARD,,ACTIVE,2024-07-20,2024-11-11T14:19:47.531Z,2024-07-20T02:17:29.923Z,2024-11-11T14:19:47.531Z
5817,9102984834,Ethmane,Ould Khatri,Ethmane Ould Khatri,M,1991-01-10,+22222636144,ethmane.ouldkhatri355@outlook.com,2,Nouakchott-Ouest,STANDARD,,ACTIVE,2024-10-27,2024-12-04T19:09:53.438Z,2024-10-27T16:04:10.191Z,2024-12-04T19:09:53.438Z
5818,8902584152,Modibo,Bathily,Modibo Bathily,M,1989-10-26,+22244955745,,2,Nouakchott-Ouest,STANDARD,,ACTIVE,2024-04-12,2024-04-16T03:13:26.752Z,2024-04-12T01:25:10.004Z,2024-04-16T03:13:26.752Z
5819,6812150700,Coumba,Barry,Coumba Barry,F,1968-12-13,+22222744778,coumba.barry75@yahoo.fr,12,Adrar,OCCASIONAL,,ACTIVE,2024-03-10,2024-07-10T14:42:00.392Z,2024-03-10T04:09:25.579Z,2024-07-10T14:42:00.392Z
5820,9411973813,Abdallah,Kane,Abdallah Kane,M,1994-04-28,+22233311199,abdallah.kane688@outlook.com,11,Hodh El Gharbi,ACTIVE,,ACTIVE,2022-01-12,2022-11-03T15:25:53.371Z,2022-01-12T05:52:47.722Z,2022-11-03T15:25:53.371Z
5821,0501993108,Mariem,Ndiaye,Mariem Ndiaye,F,2005-12-05,+22223476823,mariem.ndiaye631@hotmail.fr,1,Nouakchott-Nord,DORMANT,,ACTIVE,2024-05-25,2024-10-17T12:10:51.106Z,2024-05-25T09:51:05.854Z,2024-10-17T12:10:51.106Z
5822,9810927354,Aissata,Mint Bouha,Aissata Mint Bouha,F,1998-12-05,+22244655788,,10,Hodh Ech Chargui,DORMANT,,ACTIVE,2024-01-14,2024-02-05T23:10:51.606Z,2024-01-14T03:37:21.936Z,2024-02-05T23:10:51.606Z
5823,9603869562,Hamadi,Sène,Hamadi Sène,M,1996-08-24,+22248472144,hamadi.sène247@outlook.com,3,Nouakchott-Sud,OCCASIONAL,,ACTIVE,2023-02-11,2024-05-30T17:45:46.731Z,2023-02-11T11:32:46.607Z,2024-05-30T17:45:46.731Z
5824,8002744500,Mahjouba,Mint Dah,Mahjouba Mint Dah,F,1980-05-01,+22237762512,mahjouba.mintdah791@yahoo.fr,2,Nouakchott-Ouest,ACTIVE,,ACTIVE,2024-12-02,2024-12-16T15:44:53.435Z,2024-12-02T07:50:21.335Z,2024-12-16T15:44:53.435Z
5825,0502598403,Mariam,Thiam,Mariam Thiam,F,2005-10-24,+22223919418,mariam.thiam53@yahoo.fr,2,Nouakchott-Ouest,STANDARD,,INACTIVE,2023-12-13,2024-12-02T08:10:09.103Z,2023-12-13T08:25:43.017Z,2024-12-02T08:10:09.103Z
5826,9202416352,El Khalil,Ould Cheikh,El Khalil Ould Cheikh,M,1992-09-14,+22237707802,elkhalil.ouldcheikh415@hotmail.fr,2,Nouakchott-Ouest,ACTIVE,,ACTIVE,2024-12-08,2024-12-10T21:20:03.695Z,2024-12-08T19:47:02.389Z,2024-12-10T21:20:03.695Z
5827,8415719230,El Hacen,Thiaw,El Hacen Thiaw,M,1984-02-13,+22225458557,,15,Tiris Zemmour,STANDARD,,INACTIVE,2023-09-22,2024-05-25T18:05:09.725Z,2023-09-22T03:11:28.368Z,2024-05-25T18:05:09.725Z
5828,6104922161,Mahmoud,Ould Maloum,Mahmoud Ould Maloum,M,1961-02-03,+22224011584,mahmoud.ouldmaloum161@gmail.com,4,Dakhlet Nouadhibou,OCCASIONAL,,INACTIVE,2024-03-29,2024-08-12T05:07:18.638Z,2024-03-29T11:01:35.689Z,2024-08-12T05:07:18.638Z
5829,9002632945,Youssouf,Ould Brahim,Youssouf Ould Brahim,M,1990-05-28,+22245043437,,2,Nouakchott-Ouest,ACTIVE,,ACTIVE,2024-07-28,2024-08-13T16:01:08.673Z,2024-07-28T18:29:05.185Z,2024-08-13T16:01:08.673Z
5830,7002035298,Tacko,Diop,Tacko Diop,F,1970-12-28,+22245176693,tacko.diop330@gmail.com,2,Nouakchott-Ouest,STANDARD,,ACTIVE,2023-03-03,2024-01-25T18:04:57.756Z,2023-03-03T22:50:39.960Z,2024-01-25T18:04:57.756Z
5831,8802578738,Bakary,Barry,Bakary Barry,M,1988-05-05,+22224278914,,2,Nouakchott-Ouest,VIP,,ACTIVE,2022-12-07,2023-01-03T06:36:15.401Z,2022-12-07T15:21:48.794Z,2023-01-03T06:36:15.401Z
5832,9210969084,Maty,Yatabaré,Maty Yatabaré,F,1992-03-26,+22243626657,,10,Hodh Ech Chargui,STANDARD,,PENDING_KYC,2022-01-30,2023-12-26T04:42:47.572Z,2022-01-30T13:27:21.949Z,2023-12-26T04:42:47.572Z
5833,8202680624,Aissata,Fall,Aissata Fall,F,1982-08-26,+22233449300,,2,Nouakchott-Ouest,ACTIVE,,ACTIVE,2022-11-07,2023-09-19T11:32:02.202Z,2022-11-07T07:34:18.637Z,2023-09-19T11:32:02.202Z
5834,0108610781,Ely,Ould Saad,Ely Ould Saad,M,2001-06-08,+22222129712,ely.ouldsaad632@hotmail.fr,8,Guidimaka,OCCASIONAL,,ACTIVE,2024-12-09,2024-12-23T04:30:29.040Z,2024-12-09T19:35:58.904Z,2024-12-23T04:30:29.040Z
5835,6602815413,Mahfoudh,Ould Vadel,Mahfoudh Ould Vadel,M,1966-05-18,+22243802871,mahfoudh.ouldvadel970@gmail.com,2,Nouakchott-Ouest,OCCASIONAL,,ACTIVE,2024-03-22,2024-11-16T03:31:05.210Z,2024-03-22T03:40:34.939Z,2024-11-16T03:31:05.210Z
5836,7802415041,Tourad,Ould Maloum,Tourad Ould Maloum,M,1978-09-23,+22225466530,tourad.ouldmaloum175@yahoo.fr,2,Nouakchott-Ouest,STANDARD,,ACTIVE,2023-12-19,2024-08-24T13:16:22.131Z,2023-12-19T17:08:50.393Z,2024-08-24T13:16:22.131Z
5837,8001271728,Fatoumata,Dia,Fatoumata Dia,F,1980-04-08,+22224947952,fatoumata.dia592@hotmail.fr,1,Nouakchott-Nord,ACTIVE,,ACTIVE,2023-04-02,2023-12-25T13:50:39.064Z,2023-04-02T09:33:39.518Z,2023-12-25T13:50:39.064Z
5838,7108026206,Wedadi,Barry,Wedadi Barry,M,1971-08-20,+22241040701,,8,Guidimaka,ACTIVE,,SUSPENDED,2023-11-26,2024-07-21T06:28:03.690Z,2023-11-26T06:46:51.800Z,2024-07-21T06:28:03.690Z
5839,6001215195,Alpha,Ndour,Alpha Ndour,M,1960-04-27,+22222687378,alpha.ndour567@hotmail.fr,1,Nouakchott-Nord,ACTIVE,,ACTIVE,2024-08-28,2024-11-26T14:54:50.643Z,2024-08-28T08:18:59.619Z,2024-11-26T14:54:50.643Z
5840,6202767392,Ahmedou,Ould Brahim,Ahmedou Ould Brahim,M,1962-09-21,+22243124015,,2,Nouakchott-Ouest,STANDARD,,ACTIVE,2022-11-10,2024-05-06T18:09:22.231Z,2022-11-10T05:11:10.463Z,2024-05-06T18:09:22.231Z
5841,8404656586,Toumani,Touré,Toumani Touré,M,1984-11-18,+22236197905,,4,Dakhlet Nouadhibou,OCCASIONAL,,INACTIVE,2024-08-22,2024-09-02T06:06:48.239Z,2024-08-22T16:32:58.326Z,2024-09-02T06:06:48.239Z
5842,7801987516,Amadou,Gaye,Amadou Gaye,M,1978-05-05,+22233912464,amadou.gaye282@outlook.com,1,Nouakchott-Nord,ACTIVE,,ACTIVE,2023-08-25,2023-11-23T16:53:20.794Z,2023-08-25T14:21:34.975Z,2023-11-23T16:53:20.794Z
5843,6904913529,Aminetou,Mint Hadrami,Aminetou Mint Hadrami,F,1969-01-07,+22232933561,,4,Dakhlet Nouadhibou,DORMANT,,ACTIVE,2023-11-13,2023-12-03T13:44:28.809Z,2023-11-13T14:06:06.359Z,2023-12-03T13:44:28.809Z
5844,9101792425,Hawa,Kane,Hawa Kane,F,1991-04-09,+22224402628,,1,Nouakchott-Nord,STANDARD,,ACTIVE,2022-08-14,2023-06-06T01:44:05.119Z,2022-08-14T21:37:37.884Z,2023-06-06T01:44:05.119Z
5845,0501489670,Ahmed Baba,Mbow,Ahmed Baba Mbow,M,2005-12-15,+22222825786,ahmedbaba.mbow84@hotmail.fr,1,Nouakchott-Nord,STANDARD,,ACTIVE,2023-03-21,2024-02-12T01:52:56.904Z,2023-03-21T04:28:14.783Z,2024-02-12T01:52:56.904Z
5846,9702925026,Sidi Ahmed,Ould Salem,Sidi Ahmed Ould Salem,M,1997-05-21,+22235795456,sidiahmed.ouldsalem753@outlook.com,2,Nouakchott-Ouest,ACTIVE,,ACTIVE,2022-09-06,2022-09-29T18:55:59.759Z,2022-09-06T15:37:39.410Z,2022-09-29T18:55:59.759Z
5847,8101280460,Nouhoum,Cissé,Nouhoum Cissé,M,1981-10-22,+22224120670,,1,Nouakchott-Nord,VIP,,ACTIVE,2023-08-25,2024-03-23T02:01:19.832Z,2023-08-25T15:27:22.329Z,2024-03-23T02:01:19.832Z
5848,9202108855,Vatma,Thiam,Vatma Thiam,F,1992-03-04,+22232554670,vatma.thiam109@gmail.com,2,Nouakchott-Ouest,OCCASIONAL,,ACTIVE,2024-09-02,2024-09-21T09:12:44.647Z,2024-09-02T14:16:40.296Z,2024-09-21T09:12:44.647Z
5849,7302724386,Nagi,Ould Limam,Nagi Ould Limam,M,1973-09-07,+22234784209,,2,Nouakchott-Ouest,STANDARD,,ACTIVE,2023-09-03,2024-12-02T17:09:23.215Z,2023-09-03T09:25:15.385Z,2024-12-02T17:09:23.215Z
5850,8502419065,Mohamed,Ould Bouha,Mohamed Ould Bouha,M,1985-05-22,+22236650664,,2,Nouakchott-Ouest,OCCASIONAL,,ACTIVE,2023-02-02,2023-09-07T23:50:47.040Z,2023-02-02T14:41:20.996Z,2023-09-07T23:50:47.040Z
5851,9403934608,Cheick,Sall,Cheick Sall,M,1994-10-09,+22225692295,,3,Nouakchott-Sud,OCCASIONAL,,ACTIVE,2024-11-14,2024-11-25T14:16:41.584Z,2024-11-14T16:02:23.884Z,2024-11-25T14:16:41.584Z
5852,7801759388,Sidina,Ould Limam,Sidina Ould Limam,M,1978-11-26,+22247890774,,1,Nouakchott-Nord,STANDARD,,ACTIVE,2022-11-24,2023-12-12T23:44:18.081Z,2022-11-24T00:35:18.544Z,2023-12-12T23:44:18.081Z
5853,6503125945,Abdel Rahman,Sy,Abdel Rahman Sy,M,1965-04-01,+22246894363,abdelrahman.sy116@gmail.com,3,Nouakchott-Sud,STANDARD,,ACTIVE,2023-07-06,2024-07-06T20:43:22.480Z,2023-07-06T15:14:18.057Z,2024-07-06T20:43:22.480Z
5854,8104486876,Yacine,Ndiaye,Yacine Ndiaye,F,1981-12-05,+22235203927,yacine.ndiaye220@outlook.com,4,Dakhlet Nouadhibou,STANDARD,,ACTIVE,2023-08-15,2024-09-13T20:53:56.282Z,2023-08-15T10:00:35.737Z,2024-09-13T20:53:56.282Z
5855,8311282498,Awa,Sow,Awa Sow,F,1983-06-18,+22237311296,awa.sow123@yahoo.fr,11,Hodh El Gharbi,STANDARD,,ACTIVE,2022-08-21,2023-07-11T00:47:09.972Z,2022-08-21T23:28:11.642Z,2023-07-11T00:47:09.972Z
5856,6702126093,Zakaria,Ould Khatri,Zakaria Ould Khatri,M,1967-06-01,+22224262506,zakaria.ouldkhatri234@hotmail.fr,2,Nouakchott-Ouest,STANDARD,,ACTIVE,2023-09-10,2023-10-22T13:28:24.939Z,2023-09-10T03:17:26.245Z,2023-10-22T13:28:24.939Z
5857,6510478102,Yahya,Ould Nagi,Yahya Ould Nagi,M,1965-02-25,+22223908278,yahya.ouldnagi579@yahoo.fr,10,Hodh Ech Chargui,PREMIUM,,ACTIVE,2022-05-03,2024-05-21T04:07:46.779Z,2022-05-03T15:16:10.675Z,2024-05-21T04:07:46.779Z
5858,9205681359,Abdel Rahman,Dramé,Abdel Rahman Dramé,M,1992-07-20,+22237704745,abdelrahman.dramé968@gmail.com,5,Trarza,PREMIUM,,ACTIVE,2024-12-11,2024-12-21T23:03:27.987Z,2024-12-11T20:25:40.189Z,2024-12-21T23:03:27.987Z
5859,6904412343,Messoud,Ould Hadrami,Messoud Ould Hadrami,M,1969-08-23,+22248433589,,4,Dakhlet Nouadhibou,OCCASIONAL,,SUSPENDED,2022-12-29,2024-12-13T08:41:03.385Z,2022-12-29T01:14:12.866Z,2024-12-13T08:41:03.385Z
5860,9803437576,Vatma,Mint Sidi,Vatma Mint Sidi,F,1998-09-06,+22224345309,vatma.mintsidi92@gmail.com,3,Nouakchott-Sud,STANDARD,,ACTIVE,2022-07-10,2022-10-10T18:49:32.603Z,2022-07-10T04:58:12.204Z,2022-10-10T18:49:32.603Z
5861,9601335366,Houda,Kane,Houda Kane,F,1996-12-03,+22249462774,houda.kane579@yahoo.fr,1,Nouakchott-Nord,OCCASIONAL,,ACTIVE,2023-07-03,2024-11-15T01:42:18.627Z,2023-07-03T04:50:42.647Z,2024-11-15T01:42:18.627Z
5862,9510246221,Khadijetou,Diallo,Khadijetou Diallo,F,1995-04-15,+22222942561,,10,Hodh Ech Chargui,STANDARD,,PENDING_KYC,2022-08-01,2023-04-13T21:06:09.095Z,2022-08-01T22:16:44.077Z,2023-04-13T21:06:09.095Z
5863,7301344507,Brahim,Diallo,Brahim Diallo,M,1973-11-27,+22222495061,,1,Nouakchott-Nord,STANDARD,,ACTIVE,2022-01-25,2023-12-20T15:25:40.951Z,2022-01-25T05:03:57.885Z,2023-12-20T15:25:40.951Z
5864,9014624646,Mohamed Salem,Ould Ethmane,Mohamed Salem Ould Ethmane,M,1990-02-10,+22235494005,,14,Inchiri,OCCASIONAL,,ACTIVE,2022-12-26,2023-10-24T12:00:48.072Z,2022-12-26T20:22:05.584Z,2023-10-24T12:00:48.072Z
5865,9601275561,Defa,Mint Zein,Defa Mint Zein,F,1996-11-10,+22237306749,,1,Nouakchott-Nord,STANDARD,,ACTIVE,2024-10-18,2024-11-02T04:37:55.976Z,2024-10-18T11:31:27.641Z,2024-11-02T04:37:55.976Z
5866,6102293643,Makan,Dieng,Makan Dieng,M,1961-04-05,+22225894217,makan.dieng844@yahoo.fr,2,Nouakchott-Ouest,DORMANT,,ACTIVE,2023-11-05,2024-02-17T01:59:15.405Z,2023-11-05T11:17:03.170Z,2024-02-17T01:59:15.405Z
5867,6301311881,Karamoko,Fofana,Karamoko Fofana,M,1963-10-12,+22236743996,karamoko.fofana203@yahoo.fr,1,Nouakchott-Nord,STANDARD,,SUSPENDED,2023-10-15,2024-11-04T04:02:36.364Z,2023-10-15T20:23:44.702Z,2024-11-04T04:02:36.364Z
5868,6601307014,Kelthoum,Mint Sidi,Kelthoum Mint Sidi,F,1966-06-28,+22223748770,kelthoum.mintsidi668@yahoo.fr,1,Nouakchott-Nord,PREMIUM,,ACTIVE,2024-12-17,2024-12-25T08:21:34.110Z,2024-12-17T13:52:26.572Z,2024-12-25T08:21:34.110Z
5869,9102824310,Hamadi,Ould Saad,Hamadi Ould Saad,M,1991-01-17,+22223597302,,2,Nouakchott-Ouest,DORMANT,,ACTIVE,2024-04-20,2024-06-29T13:13:48.451Z,2024-04-20T08:16:19.454Z,2024-06-29T13:13:48.451Z
5870,7301746806,Zahra,Mint El Ghassem,Zahra Mint El Ghassem,F,1973-03-20,+22224950746,,1,Nouakchott-Nord,OCCASIONAL,,ACTIVE,2024-10-15,2024-12-06T23:00:16.945Z,2024-10-15T18:17:03.288Z,2024-12-06T23:00:16.945Z
5871,7101365227,Fatima,Mint Khatri,Fatima Mint Khatri,F,1971-12-11,+22223721356,,1,Nouakchott-Nord,STANDARD,,ACTIVE,2024-06-24,2024-07-11T00:41:33.625Z,2024-06-24T07:03:35.945Z,2024-07-11T00:41:33.625Z
5872,9206633100,Mahjouba,Mint Ahmed,Mahjouba Mint Ahmed,F,1992-01-21,+22246337699,mahjouba.mintahmed952@hotmail.fr,6,Brakna,OCCASIONAL,,ACTIVE,2024-06-26,2024-07-31T17:41:12.005Z,2024-06-26T02:11:39.187Z,2024-07-31T17:41:12.005Z
5873,0002803777,Vatma,Sakho,Vatma Sakho,F,2000-02-07,+22225658615,,2,Nouakchott-Ouest,STANDARD,,ACTIVE,2022-09-25,2024-08-16T14:35:03.486Z,2022-09-25T22:41:11.848Z,2024-08-16T14:35:03.486Z
5874,8201988927,Assa,Kanouté,Assa Kanouté,F,1982-10-17,+22246038298,,1,Nouakchott-Nord,DORMANT,,ACTIVE,2024-04-26,2024-07-13T03:00:07.307Z,2024-04-26T16:17:12.066Z,2024-07-13T03:00:07.307Z
5875,7404691146,Tourad,Bâ,Tourad Bâ,M,1974-04-09,+22224120795,tourad.bâ313@hotmail.fr,4,Dakhlet Nouadhibou,STANDARD,,ACTIVE,2022-03-24,2022-06-28T11:09:13.786Z,2022-03-24T04:36:43.952Z,2022-06-28T11:09:13.786Z
5876,7403719090,Bilal,Bah,Bilal Bah,M,1974-02-07,+22247246126,,3,Nouakchott-Sud,STANDARD,,ACTIVE,2023-11-17,2023-12-25T23:07:19.116Z,2023-11-17T07:49:32.646Z,2023-12-25T23:07:19.116Z
5877,7002131857,Youssouf,Ould Ahmed,Youssouf Ould Ahmed,M,1970-06-26,+22242898150,youssouf.ouldahmed241@yahoo.fr,2,Nouakchott-Ouest,STANDARD,,ACTIVE,2024-05-13,2024-10-15T18:35:52.154Z,2024-05-13T21:17:53.199Z,2024-10-15T18:35:52.154Z
5878,6301749099,Mariem,Mint Vadel,Mariem Mint Vadel,F,1963-09-19,+22225900536,mariem.mintvadel610@outlook.com,1,Nouakchott-Nord,DORMANT,,ACTIVE,2023-07-11,2024-09-04T14:40:47.784Z,2023-07-11T22:58:02.431Z,2024-09-04T14:40:47.784Z
5879,0402373144,Massamba,Diallo,Massamba Diallo,M,2004-02-25,+22223571623,,2,Nouakchott-Ouest,OCCASIONAL,,ACTIVE,2023-06-16,2024-06-22T07:02:25.894Z,2023-06-16T09:05:03.079Z,2024-06-22T07:02:25.894Z
5880,6007544422,Ghali,Ould Ahmed,Ghali Ould Ahmed,M,1960-10-19,+22233642692,ghali.ouldahmed278@outlook.com,7,Gorgol,ACTIVE,,ACTIVE,2024-11-15,2024-12-03T13:06:32.868Z,2024-11-15T22:38:06.321Z,2024-12-03T13:06:32.868Z
5881,7302712091,Mbareck,Ould Lemrabott,Mbareck Ould Lemrabott,M,1973-03-11,+22225086199,mbareck.ouldlemrabott288@yahoo.fr,2,Nouakchott-Ouest,STANDARD,,ACTIVE,2022-05-19,2023-07-24T01:49:02.973Z,2022-05-19T09:04:27.931Z,2023-07-24T01:49:02.973Z
5882,6101581125,Aziza,Sakho,Aziza Sakho,F,1961-12-18,+22225544617,aziza.sakho951@hotmail.fr,1,Nouakchott-Nord,OCCASIONAL,,INACTIVE,2024-03-09,2024-09-23T12:57:01.932Z,2024-03-09T08:45:48.176Z,2024-09-23T12:57:01.932Z
5883,8108501306,Mariama,Bâ,Mariama Bâ,F,1981-07-22,+22225277880,,8,Guidimaka,STANDARD,,ACTIVE,2023-08-05,2023-09-14T17:09:19.162Z,2023-08-05T21:48:55.111Z,2023-09-14T17:09:19.162Z
5884,7102800558,Khady,Guèye,Khady Guèye,F,1971-04-22,+22232206464,khady.guèye627@hotmail.fr,2,Nouakchott-Ouest,STANDARD,,ACTIVE,2024-12-05,2024-12-10T22:17:50.914Z,2024-12-05T13:59:34.585Z,2024-12-10T22:17:50.914Z
5885,8203422179,Fatima,Mint Sidi,Fatima Mint Sidi,F,1982-12-11,+22222786760,,3,Nouakchott-Sud,PREMIUM,,ACTIVE,2023-07-26,2023-09-02T07:14:23.871Z,2023-07-26T21:02:07.327Z,2023-09-02T07:14:23.871Z
5886,8714650911,Mariama,Koné,Mariama Koné,F,1987-05-20,+22222499066,mariama.koné861@outlook.com,14,Inchiri,ACTIVE,,ACTIVE,2024-01-02,2024-12-04T03:32:19.746Z,2024-01-02T09:39:42.837Z,2024-12-04T03:32:19.746Z
5887,8615817477,Mohamed Lemine,Ould Jiddou,Mohamed Lemine Ould Jiddou,M,1986-11-24,+22236091432,,15,Tiris Zemmour,STANDARD,,ACTIVE,2022-06-06,2023-12-01T14:21:31.811Z,2022-06-06T21:12:17.772Z,2023-12-01T14:21:31.811Z
5888,6507145176,Oumou,Diallo,Oumou Diallo,F,1965-08-13,+22244732879,,7,Gorgol,ACTIVE,,ACTIVE,2023-01-23,2024-05-03T21:33:38.427Z,2023-01-23T10:31:18.710Z,2024-05-03T21:33:38.427Z
5889,6606735799,Lala,Kanouté,Lala Kanouté,F,1966-03-14,+22225662432,,6,Brakna,DORMANT,,ACTIVE,2023-12-06,2024-07-08T14:38:42.512Z,2023-12-06T13:10:38.491Z,2024-07-08T14:38:42.512Z
5890,9003813273,Naima,Mint Saad,Naima Mint Saad,F,1990-05-13,+22236563268,,3,Nouakchott-Sud,STANDARD,,ACTIVE,2024-02-21,2024-12-27T21:57:49.361Z,2024-02-21T00:02:08.334Z,2024-12-27T21:57:49.361Z
5891,8602585442,Aissata,Diakité,Aissata Diakité,F,1986-03-27,+22224207379,,2,Nouakchott-Ouest,ACTIVE,,ACTIVE,2024-01-17,2024-09-13T04:22:46.332Z,2024-01-17T21:26:49.123Z,2024-09-13T04:22:46.332Z
5892,6806490036,Zakaria,Ould Sidi,Zakaria Ould Sidi,M,1968-09-14,+22225837678,,6,Brakna,STANDARD,,ACTIVE,2022-07-12,2024-03-14T07:53:59.847Z,2022-07-12T00:45:15.663Z,2024-03-14T07:53:59.847Z
5893,6203781445,Ahmed Baba,Ould Abeih,Ahmed Baba Ould Abeih,M,1962-01-17,+22224985011,,3,Nouakchott-Sud,ACTIVE,,ACTIVE,2024-07-23,2024-09-16T16:36:14.778Z,2024-07-23T09:25:07.859Z,2024-09-16T16:36:14.778Z
5894,7306824640,Abdellahi,Diallo,Abdellahi Diallo,M,1973-09-05,+22243048430,,6,Brakna,VIP,,ACTIVE,2024-03-19,2024-05-30T03:26:39.378Z,2024-03-19T17:50:17.688Z,2024-05-30T03:26:39.378Z
5895,6902920929,Kani,Yatabaré,Kani Yatabaré,F,1969-11-07,+22248802990,kani.yatabaré337@outlook.com,2,Nouakchott-Ouest,STANDARD,,ACTIVE,2022-12-04,2023-11-26T10:11:12.760Z,2022-12-04T03:42:39.567Z,2023-11-26T10:11:12.760Z
5896,6803011818,Aminata,Sall,Aminata Sall,F,1968-04-28,+22233072341,,3,Nouakchott-Sud,DORMANT,,ACTIVE,2022-07-25,2022-08-31T05:16:09.203Z,2022-07-25T15:46:50.984Z,2022-08-31T05:16:09.203Z
5897,8504536775,Ahmedou,Ould Khatri,Ahmedou Ould Khatri,M,1985-03-13,+22246103055,ahmedou.ouldkhatri620@outlook.com,4,Dakhlet Nouadhibou,OCCASIONAL,,ACTIVE,2022-05-07,2023-12-26T06:13:47.442Z,2022-05-07T09:08:52.411Z,2023-12-26T06:13:47.442Z
5898,6202694469,Zahra,Anne,Zahra Anne,F,1962-01-14,+22235426679,zahra.anne145@gmail.com,2,Nouakchott-Ouest,OCCASIONAL,,ACTIVE,2023-02-06,2024-09-16T10:23:07.513Z,2023-02-06T20:01:01.560Z,2024-09-16T10:23:07.513Z
5899,0211421090,Ablaye,Dieng,Ablaye Dieng,M,2002-06-28,+22225346070,ablaye.dieng761@yahoo.fr,11,Hodh El Gharbi,OCCASIONAL,,ACTIVE,2022-07-27,2023-12-25T11:15:38.207Z,2022-07-27T17:07:07.788Z,2023-12-25T11:15:38.207Z
5900,6001774971,Defa,Ndiaye,Defa Ndiaye,F,1960-09-14,+22237238788,,1,Nouakchott-Nord,STANDARD,,ACTIVE,2022-10-01,2024-05-19T07:44:56.720Z,2022-10-01T20:01:59.531Z,2024-05-19T07:44:56.720Z
5901,7003899444,Mouna,Mint Hamadi,Mouna Mint Hamadi,F,1970-09-17,+22235360502,,3,Nouakchott-Sud,ACTIVE,,ACTIVE,2024-06-14,2024-07-20T04:37:01.893Z,2024-06-14T14:35:31.919Z,2024-07-20T04:37:01.893Z
5902,7006396641,Khadija,Diakité,Khadija Diakité,F,1970-10-01,+22235592183,khadija.diakité936@gmail.com,6,Brakna,DORMANT,,INACTIVE,2022-05-01,2022-06-02T14:58:55.088Z,2022-05-01T18:44:08.918Z,2022-06-02T14:58:55.088Z
5903,6203909986,Aichetou,Mint Eleya,Aichetou Mint Eleya,F,1962-12-28,+22224536565,,3,Nouakchott-Sud,DORMANT,,ACTIVE,2024-11-01,2024-12-21T05:28:32.120Z,2024-11-01T14:49:02.921Z,2024-12-21T05:28:32.120Z
5904,7503149379,Vall,Ould Vadel,Vall Ould Vadel,M,1975-05-05,+22223334249,,3,Nouakchott-Sud,STANDARD,,ACTIVE,2024-06-17,2024-08-15T23:43:08.141Z,2024-06-17T21:55:28.574Z,2024-08-15T23:43:08.141Z
5905,0402524366,Khadija,Mint Jiddou,Khadija Mint Jiddou,F,2004-09-14,+22222013574,,2,Nouakchott-Ouest,OCCASIONAL,,ACTIVE,2024-10-27,2024-11-16T12:45:56.553Z,2024-10-27T18:02:18.510Z,2024-11-16T12:45:56.553Z
5906,7904172774,Mohamed,Ndour,Mohamed Ndour,M,1979-03-21,+22224177296,mohamed.ndour155@hotmail.fr,4,Dakhlet Nouadhibou,OCCASIONAL,,SUSPENDED,2023-04-18,2023-05-15T22:41:45.418Z,2023-04-18T14:27:58.087Z,2023-05-15T22:41:45.418Z
5907,8901144726,Abdallah,Ould Nenni,Abdallah Ould Nenni,M,1989-02-23,+22247407119,,1,Nouakchott-Nord,STANDARD,,ACTIVE,2022-06-17,2023-11-13T21:12:37.783Z,2022-06-17T22:21:38.041Z,2023-11-13T21:12:37.783Z
5908,8702336425,Ely,Ould Moulaye,Ely Ould Moulaye,M,1987-05-15,+22236910308,,2,Nouakchott-Ouest,STANDARD,,ACTIVE,2022-06-10,2023-04-16T21:45:22.081Z,2022-06-10T01:37:14.467Z,2023-04-16T21:45:22.081Z
5909,6403870851,Aminetou,Mint Khalil,Aminetou Mint Khalil,F,1964-03-05,+22245256104,,3,Nouakchott-Sud,ACTIVE,,ACTIVE,2022-07-02,2024-10-21T07:06:19.409Z,2022-07-02T14:41:12.902Z,2024-10-21T07:06:19.409Z
5910,0403453111,Leila,Mint Abeih,Leila Mint Abeih,F,2004-06-06,+22234283668,,3,Nouakchott-Sud,OCCASIONAL,,ACTIVE,2022-05-06,2024-03-11T03:38:14.719Z,2022-05-06T14:30:21.764Z,2024-03-11T03:38:14.719Z
5911,6115854673,Serigne,Thiam,Serigne Thiam,M,1961-05-06,+22243476255,,15,Tiris Zemmour,STANDARD,,ACTIVE,2024-10-09,2024-10-24T01:16:59.086Z,2024-10-09T14:26:10.619Z,2024-10-24T01:16:59.086Z
5912,6305283276,Maguette,Thiam,Maguette Thiam,M,1963-08-17,+22233968438,,5,Trarza,STANDARD,,ACTIVE,2024-05-23,2024-12-08T20:40:11.607Z,2024-05-23T15:49:15.693Z,2024-12-08T20:40:11.607Z
5913,6609745131,Mariama,Koné,Mariama Koné,F,1966-05-16,+22222588609,,9,Assaba,ACTIVE,,ACTIVE,2024-06-08,2024-10-03T19:57:59.617Z,2024-06-08T18:49:17.146Z,2024-10-03T19:57:59.617Z
5914,9707062641,Youssouf,Bathily,Youssouf Bathily,M,1997-07-01,+22232390750,,7,Gorgol,DORMANT,,ACTIVE,2024-06-27,2024-12-11T05:23:20.089Z,2024-06-27T13:36:33.062Z,2024-12-11T05:23:20.089Z
5915,7602600449,Salem,Ould Abeih,Salem Ould Abeih,M,1976-01-12,+22237713274,salem.ouldabeih164@yahoo.fr,2,Nouakchott-Ouest,OCCASIONAL,,SUSPENDED,2024-07-23,2024-11-21T11:27:17.320Z,2024-07-23T07:39:52.094Z,2024-11-21T11:27:17.320Z
5916,8309274980,Ghali,Ould Maloum,Ghali Ould Maloum,M,1983-09-11,+22225076491,ghali.ouldmaloum106@hotmail.fr,9,Assaba,DORMANT,,ACTIVE,2023-04-27,2024-10-17T07:47:35.141Z,2023-04-27T17:01:10.199Z,2024-10-17T07:47:35.141Z
5917,8208204420,Cheikh,Anne,Cheikh Anne,M,1982-10-28,+22241782914,,8,Guidimaka,ACTIVE,,ACTIVE,2022-07-08,2023-10-08T10:37:34.171Z,2022-07-08T07:02:17.571Z,2023-10-08T10:37:34.171Z
5918,6310001034,Souleymane,Ould Ghali,Souleymane Ould Ghali,M,1963-01-05,+22223024937,,10,Hodh Ech Chargui,VIP,,ACTIVE,2024-06-03,2024-12-26T08:07:13.539Z,2024-06-03T18:11:57.261Z,2024-12-26T08:07:13.539Z
5919,6609291711,Fodié,Sakho,Fodié Sakho,M,1966-04-14,+22225793490,,9,Assaba,STANDARD,,ACTIVE,2024-09-21,2024-12-01T17:28:56.158Z,2024-09-21T21:47:50.623Z,2024-12-01T17:28:56.158Z
5920,6204318138,Mohamed Lemine,Dramé,Mohamed Lemine Dramé,M,1962-12-17,+22237376709,,4,Dakhlet Nouadhibou,ACTIVE,,ACTIVE,2023-10-21,2024-09-05T18:49:07.662Z,2023-10-21T04:48:02.337Z,2024-09-05T18:49:07.662Z
5921,6401984215,Sidi Ahmed,Ould El Mokhtar,Sidi Ahmed Ould El Mokhtar,M,1964-11-11,+22233914600,,1,Nouakchott-Nord,OCCASIONAL,,SUSPENDED,2022-07-28,2022-08-18T01:38:04.829Z,2022-07-28T05:21:20.252Z,2022-08-18T01:38:04.829Z
5922,6403969467,Mohamed Mahmoud,Ould Zein,Mohamed Mahmoud Ould Zein,M,1964-12-26,+22243012040,mohamedmahmoud.ouldzein741@yahoo.fr,3,Nouakchott-Sud,STANDARD,,ACTIVE,2022-03-03,2022-04-07T22:49:31.476Z,2022-03-03T16:20:08.996Z,2022-04-07T22:49:31.476Z
5923,8715870073,Vadel,Ould Eleya,Vadel Ould Eleya,M,1987-11-26,+22223578905,vadel.ouldeleya48@gmail.com,15,Tiris Zemmour,STANDARD,,ACTIVE,2024-04-21,2024-08-01T18:52:25.241Z,2024-04-21T14:46:12.268Z,2024-08-01T18:52:25.241Z
5924,6602275828,Khadija,Mint Jiddou,Khadija Mint Jiddou,F,1966-11-10,+22245977419,,2,Nouakchott-Ouest,OCCASIONAL,,ACTIVE,2022-12-08,2023-03-29T08:57:30.655Z,2022-12-08T14:00:27.280Z,2023-03-29T08:57:30.655Z
5925,0202683157,Sidi,Fall,Sidi Fall,M,2002-03-01,+22242075822,sidi.fall750@yahoo.fr,2,Nouakchott-Ouest,OCCASIONAL,,PENDING_KYC,2022-09-29,2024-03-03T16:45:54.488Z,2022-09-29T06:07:31.960Z,2024-03-03T16:45:54.488Z
5926,6607949001,El Hadj,Kanouté,El Hadj Kanouté,M,1966-11-05,+22224122387,,7,Gorgol,STANDARD,,ACTIVE,2023-08-13,2024-11-15T02:46:55.762Z,2023-08-13T00:22:06.190Z,2024-11-15T02:46:55.762Z
5927,7307819083,Lala,Ndiaye,Lala Ndiaye,F,1973-12-15,+22244553833,,7,Gorgol,VIP,,ACTIVE,2022-03-01,2024-08-19T17:09:51.287Z,2022-03-01T05:40:28.410Z,2024-08-19T17:09:51.287Z
5928,6615680103,Alpha,Fofana,Alpha Fofana,M,1966-08-07,+22243130176,,15,Tiris Zemmour,STANDARD,,ACTIVE,2024-10-03,2024-12-14T04:17:03.559Z,2024-10-03T15:06:43.602Z,2024-12-14T04:17:03.559Z
5929,0302580862,Hawa,Tall,Hawa Tall,F,2003-07-21,+22223912806,,2,Nouakchott-Ouest,OCCASIONAL,,ACTIVE,2022-03-06,2024-01-11T05:49:41.342Z,2022-03-06T13:20:35.680Z,2024-01-11T05:49:41.342Z
5930,6601687037,Mohamed Vall,Thiam,Mohamed Vall Thiam,M,1966-06-13,+22223513042,,1,Nouakchott-Nord,ACTIVE,,ACTIVE,2023-12-01,2024-06-07T22:43:17.119Z,2023-12-01T02:53:00.130Z,2024-06-07T22:43:17.119Z
5931,8202661050,Jiddou,Ould Ahmed,Jiddou Ould Ahmed,M,1982-03-15,+22225147521,,2,Nouakchott-Ouest,STANDARD,,ACTIVE,2024-05-06,2024-06-01T01:39:39.230Z,2024-05-06T23:39:00.887Z,2024-06-01T01:39:39.230Z
5932,7902003113,Seynabou,Ly,Seynabou Ly,F,1979-10-12,+22232897513,seynabou.ly558@outlook.com,2,Nouakchott-Ouest,ACTIVE,,ACTIVE,2024-11-20,2024-11-26T19:54:41.444Z,2024-11-20T06:06:57.794Z,2024-11-26T19:54:41.444Z
5933,9815596261,Oumou,Soumaré,Oumou Soumaré,F,1998-02-07,+22234073832,,15,Tiris Zemmour,OCCASIONAL,,ACTIVE,2022-03-04,2022-05-20T16:51:39.766Z,2022-03-04T23:09:15.001Z,2022-05-20T16:51:39.766Z
5934,7403137432,Lehbib,Ould Cheikh,Lehbib Ould Cheikh,M,1974-10-01,+22222069288,,3,Nouakchott-Sud,STANDARD,,ACTIVE,2022-07-18,2024-07-29T09:19:31.521Z,2022-07-18T16:37:45.159Z,2024-07-29T09:19:31.521Z
5935,0205843596,Lehbib,Ould Jiddou,Lehbib Ould Jiddou,M,2002-02-23,+22236564705,lehbib.ouldjiddou396@gmail.com,5,Trarza,STANDARD,,ACTIVE,2024-08-05,2024-09-25T18:58:38.854Z,2024-08-05T07:37:39.239Z,2024-09-25T18:58:38.854Z
5936,7513377036,Mor,Barry,Mor Barry,M,1975-03-12,+22224576875,,13,Tagant,STANDARD,,ACTIVE,2022-01-08,2023-01-23T17:15:30.258Z,2022-01-08T14:11:54.791Z,2023-01-23T17:15:30.258Z
5937,6003498987,Maguette,Sall,Maguette Sall,F,1960-09-19,+22248991972,,3,Nouakchott-Sud,STANDARD,,ACTIVE,2023-09-18,2024-05-05T04:05:15.593Z,2023-09-18T21:32:03.058Z,2024-05-05T04:05:15.593Z
5938,7806368558,Halima,Koita,Halima Koita,F,1978-05-13,+22232523259,halima.koita872@yahoo.fr,6,Brakna,STANDARD,,ACTIVE,2022-07-22,2023-02-12T19:57:32.588Z,2022-07-22T11:26:55.980Z,2023-02-12T19:57:32.588Z
5939,7404053160,Mariama,Dia,Mariama Dia,F,1974-06-13,+22236885380,,4,Dakhlet Nouadhibou,ACTIVE,,ACTIVE,2022-08-21,2023-11-08T08:46:26.610Z,2022-08-21T04:14:37.621Z,2023-11-08T08:46:26.610Z
5940,6613243937,Ismaila,Guèye,Ismaila Guèye,M,1966-09-01,+22223920072,,13,Tagant,ACTIVE,,ACTIVE,2024-02-05,2024-07-07T22:44:49.024Z,2024-02-05T14:10:52.210Z,2024-07-07T22:44:49.024Z
5941,6602868736,Isselmou,Ould Taleb,Isselmou Ould Taleb,M,1966-03-09,+22233646522,,2,Nouakchott-Ouest,DORMANT,,ACTIVE,2023-03-04,2023-07-27T20:47:48.157Z,2023-03-04T08:53:26.528Z,2023-07-27T20:47:48.157Z
5942,6801975657,Habiboullah,Ould Brahim,Habiboullah Ould Brahim,M,1968-04-27,+22223232789,habiboullah.ouldbrahim295@gmail.com,1,Nouakchott-Nord,ACTIVE,,ACTIVE,2022-08-22,2024-09-07T20:53:25.180Z,2022-08-22T10:57:42.373Z,2024-09-07T20:53:25.180Z
5943,6102957112,Saadbouh,Ould Eleya,Saadbouh Ould Eleya,M,1961-08-24,+22224710085,saadbouh.ouldeleya103@yahoo.fr,2,Nouakchott-Ouest,ACTIVE,,ACTIVE,2022-01-12,2023-01-17T14:15:43.536Z,2022-01-12T23:47:02.364Z,2023-01-17T14:15:43.536Z
5944,8609481567,Mohamed Salem,Ly,Mohamed Salem Ly,M,1986-03-06,+22246139950,mohamedsalem.ly261@hotmail.fr,9,Assaba,STANDARD,,SUSPENDED,2024-11-24,2024-12-07T01:22:55.700Z,2024-11-24T16:49:34.224Z,2024-12-07T01:22:55.700Z
5945,6002046929,Mohamed Vall,Ould Mokhtar,Mohamed Vall Ould Mokhtar,M,1960-05-05,+22243600874,mohamedvall.ouldmokhtar573@gmail.com,2,Nouakchott-Ouest,PREMIUM,,ACTIVE,2022-03-25,2023-08-12T14:09:59.081Z,2022-03-25T00:10:33.547Z,2023-08-12T14:09:59.081Z
5946,7301251560,Vall,Ould Tourad,Vall Ould Tourad,M,1973-07-21,+22242833768,,1,Nouakchott-Nord,PREMIUM,,INACTIVE,2022-01-05,2024-01-13T14:49:43.799Z,2022-01-05T18:12:47.604Z,2024-01-13T14:49:43.799Z
5947,9104809382,Abdallah,Diallo,Abdallah Diallo,M,1991-09-23,+22233743511,,4,Dakhlet Nouadhibou,ACTIVE,,ACTIVE,2022-11-29,2023-02-15T19:19:25.123Z,2022-11-29T14:32:55.163Z,2023-02-15T19:19:25.123Z
5948,8707452036,Oumar,Sarr,Oumar Sarr,M,1987-04-22,+22243067396,,7,Gorgol,OCCASIONAL,,ACTIVE,2022-09-22,2024-06-17T07:52:09.660Z,2022-09-22T19:12:16.043Z,2024-06-17T07:52:09.660Z
5949,8004869274,Minetou,Cissé,Minetou Cissé,F,1980-09-25,+22236837795,,4,Dakhlet Nouadhibou,STANDARD,,INACTIVE,2023-04-21,2023-11-23T14:02:31.431Z,2023-04-21T02:33:04.593Z,2023-11-23T14:02:31.431Z
5950,8912632977,Salem,Ould Jiddou,Salem Ould Jiddou,M,1989-01-20,+22232356343,,12,Adrar,OCCASIONAL,,ACTIVE,2023-09-21,2024-05-31T10:40:14.510Z,2023-09-21T09:24:45.206Z,2024-05-31T10:40:14.510Z
5951,0101807782,Oumou,Mint Bouha,Oumou Mint Bouha,F,2001-12-21,+22223206799,oumou.mintbouha725@outlook.com,1,Nouakchott-Nord,OCCASIONAL,,ACTIVE,2024-01-30,2024-07-18T23:43:52.514Z,2024-01-30T01:55:09.243Z,2024-07-18T23:43:52.514Z
5952,8402011398,Zakaria,Dieng,Zakaria Dieng,M,1984-09-01,+22232048016,,2,Nouakchott-Ouest,STANDARD,,ACTIVE,2024-03-13,2024-05-19T03:03:49.954Z,2024-03-13T14:37:59.860Z,2024-05-19T03:03:49.954Z
5953,9203254465,Vadel,Ly,Vadel Ly,M,1992-03-08,+22224394355,vadel.ly233@hotmail.fr,3,Nouakchott-Sud,STANDARD,,ACTIVE,2023-10-29,2024-01-11T02:25:56.696Z,2023-10-29T22:01:45.028Z,2024-01-11T02:25:56.696Z
5954,8901734451,Abdallah,Ould Brahim,Abdallah Ould Brahim,M,1989-05-19,+22237420853,,1,Nouakchott-Nord,STANDARD,,ACTIVE,2023-11-26,2024-08-25T00:30:42.841Z,2023-11-26T04:54:38.743Z,2024-08-25T00:30:42.841Z
5955,6001582574,Néné,Thiam,Néné Thiam,F,1960-01-14,+22225509584,,1,Nouakchott-Nord,PREMIUM,,ACTIVE,2022-10-13,2024-09-09T12:46:59.722Z,2022-10-13T01:25:39.141Z,2024-09-09T12:46:59.722Z
5956,6804163198,Hapsatou,Sow,Hapsatou Sow,F,1968-03-10,+22233339576,hapsatou.sow842@yahoo.fr,4,Dakhlet Nouadhibou,OCCASIONAL,,ACTIVE,2024-02-15,2024-05-02T08:40:24.562Z,2024-02-15T01:59:19.675Z,2024-05-02T08:40:24.562Z
5957,9605872175,Doudou,Diop,Doudou Diop,M,1996-02-21,+22222683683,,5,Trarza,STANDARD,,BLOCKED,2023-08-12,2024-12-27T19:31:23.562Z,2023-08-12T03:27:13.244Z,2024-12-27T19:31:23.562Z
5958,8603154850,Moctar,Ould Limam,Moctar Ould Limam,M,1986-12-10,+22232217620,moctar.ouldlimam553@gmail.com,3,Nouakchott-Sud,STANDARD,,ACTIVE,2022-07-31,2024-05-27T03:33:33.713Z,2022-07-31T20:34:46.573Z,2024-05-27T03:33:33.713Z
5959,9209632416,Sidi Ahmed,Ould Moulaye,Sidi Ahmed Ould Moulaye,M,1992-03-20,+22234502435,,9,Assaba,OCCASIONAL,,ACTIVE,2023-02-18,2024-05-06T10:04:39.672Z,2023-02-18T15:25:08.608Z,2024-05-06T10:04:39.672Z
5960,6602244059,Mohamed Vall,Ould Hamadi,Mohamed Vall Ould Hamadi,M,1966-07-15,+22234923238,,2,Nouakchott-Ouest,STANDARD,,ACTIVE,2024-02-26,2024-12-18T12:58:59.767Z,2024-02-26T13:55:25.556Z,2024-12-18T12:58:59.767Z
5961,7503500572,Mahjouba,Gaye,Mahjouba Gaye,F,1975-04-13,+22247117453,mahjouba.gaye139@yahoo.fr,3,Nouakchott-Sud,DORMANT,,PENDING_KYC,2022-11-12,2023-11-18T09:48:11.639Z,2022-11-12T08:00:35.931Z,2023-11-18T09:48:11.639Z
5962,9904661959,Aichetou,Wane,Aichetou Wane,F,1999-04-01,+22223279854,aichetou.wane59@gmail.com,4,Dakhlet Nouadhibou,VIP,,ACTIVE,2022-03-16,2022-03-18T09:37:44.244Z,2022-03-16T21:58:54.709Z,2022-03-18T09:37:44.244Z
5963,7704580731,Sidi Mohamed,Ould Jiddou,Sidi Mohamed Ould Jiddou,M,1977-09-21,+22222866380,,4,Dakhlet Nouadhibou,OCCASIONAL,,ACTIVE,2023-06-17,2023-09-24T04:00:19.889Z,2023-06-17T21:12:08.899Z,2023-09-24T04:00:19.889Z
5964,9102872065,Ghalia,Mint Khalil,Ghalia Mint Khalil,F,1991-12-27,+22223758451,,2,Nouakchott-Ouest,STANDARD,,ACTIVE,2023-08-28,2024-12-05T23:59:09.235Z,2023-08-28T09:18:06.537Z,2024-12-05T23:59:09.235Z
5965,6504542073,Pape,Ndiaye,Pape Ndiaye,M,1965-06-06,+22225164332,,4,Dakhlet Nouadhibou,OCCASIONAL,,ACTIVE,2023-09-03,2024-11-29T20:45:49.846Z,2023-09-03T08:28:57.579Z,2024-11-29T20:45:49.846Z
5966,9701302417,Nana,Faye,Nana Faye,F,1997-06-01,+22222320783,,1,Nouakchott-Nord,STANDARD,,ACTIVE,2023-12-13,2024-06-23T20:55:27.761Z,2023-12-13T03:22:42.635Z,2024-06-23T20:55:27.761Z
5967,7403972989,Jiddou,Dramé,Jiddou Dramé,M,1974-07-02,+22223188664,,3,Nouakchott-Sud,OCCASIONAL,,ACTIVE,2022-09-25,2022-09-27T01:23:32.896Z,2022-09-25T14:54:28.196Z,2022-09-27T01:23:32.896Z
5968,7803935869,Oumou,Mint Salem,Oumou Mint Salem,F,1978-08-25,+22223922933,,3,Nouakchott-Sud,STANDARD,,ACTIVE,2023-03-26,2023-08-29T17:21:08.070Z,2023-03-26T20:41:20.131Z,2023-08-29T17:21:08.070Z
5969,7312289888,Mariama,Fall,Mariama Fall,F,1973-02-16,+22224560080,mariama.fall123@hotmail.fr,12,Adrar,ACTIVE,,BLOCKED,2023-05-29,2023-07-09T00:06:07.546Z,2023-05-29T02:59:48.793Z,2023-07-09T00:06:07.546Z
5970,6203456512,Yacine,Cissé,Yacine Cissé,F,1962-04-04,+22224381036,,3,Nouakchott-Sud,DORMANT,,ACTIVE,2024-07-31,2024-09-06T02:39:24.513Z,2024-07-31T22:45:56.919Z,2024-09-06T02:39:24.513Z
5971,9502474641,Nagi,Ould Lemrabott,Nagi Ould Lemrabott,M,1995-03-01,+22222688962,nagi.ouldlemrabott991@outlook.com,2,Nouakchott-Ouest,STANDARD,,ACTIVE,2022-12-17,2024-04-30T03:46:55.457Z,2022-12-17T14:59:57.233Z,2024-04-30T03:46:55.457Z
5972,0315857458,Rokaya,Mint Zein,Rokaya Mint Zein,F,2003-02-03,+22247018704,,15,Tiris Zemmour,OCCASIONAL,,ACTIVE,2022-08-19,2024-05-11T12:03:19.741Z,2022-08-19T09:56:54.104Z,2024-05-11T12:03:19.741Z
5973,9204132135,Houda,Mint El Mokhtar,Houda Mint El Mokhtar,F,1992-09-13,+22232260313,houda.mintelmokhtar810@hotmail.fr,4,Dakhlet Nouadhibou,ACTIVE,,SUSPENDED,2024-08-02,2024-10-11T22:47:29.977Z,2024-08-02T01:23:29.937Z,2024-10-11T22:47:29.977Z
5974,9801799418,Boubacar,Camara,Boubacar Camara,M,1998-06-26,+22233490517,,1,Nouakchott-Nord,STANDARD,,ACTIVE,2023-12-06,2023-12-26T19:43:57.618Z,2023-12-06T16:18:18.317Z,2023-12-26T19:43:57.618Z
5975,8103210904,Malouma,Mint Lemrabott,Malouma Mint Lemrabott,F,1981-08-09,+22232933434,,3,Nouakchott-Sud,STANDARD,,ACTIVE,2022-06-17,2024-07-05T15:57:09.159Z,2022-06-17T09:30:01.225Z,2024-07-05T15:57:09.159Z
5976,8004249186,Adama,Cissé,Adama Cissé,M,1980-02-24,+22235442109,,4,Dakhlet Nouadhibou,STANDARD,,ACTIVE,2024-05-08,2024-06-16T04:33:02.553Z,2024-05-08T22:17:41.300Z,2024-06-16T04:33:02.553Z
5977,0102086377,Leila,Mint Cheikh,Leila Mint Cheikh,F,2001-10-14,+22235887464,,2,Nouakchott-Ouest,STANDARD,,ACTIVE,2024-02-09,2024-02-20T22:07:30.011Z,2024-02-09T15:43:40.043Z,2024-02-20T22:07:30.011Z
5978,0001052299,Hapsatou,Gaye,Hapsatou Gaye,F,2000-10-03,+22224471582,,1,Nouakchott-Nord,STANDARD,,ACTIVE,2022-11-14,2023-11-11T12:45:02.721Z,2022-11-14T15:56:02.230Z,2023-11-11T12:45:02.721Z
5979,9004396089,Defa,Mint Salem,Defa Mint Salem,F,1990-03-11,+22224728114,,4,Dakhlet Nouadhibou,STANDARD,,ACTIVE,2023-03-18,2024-07-21T20:28:11.319Z,2023-03-18T19:09:18.164Z,2024-07-21T20:28:11.319Z
5980,6301278681,Aïda,Sow,Aïda Sow,F,1963-12-17,+22245817863,,1,Nouakchott-Nord,PREMIUM,,ACTIVE,2024-11-21,2024-11-22T03:52:05.397Z,2024-11-21T04:09:50.612Z,2024-11-22T03:52:05.397Z
5981,8601032707,Cheikhna,Ba,Cheikhna Ba,M,1986-01-02,+22233907553,,1,Nouakchott-Nord,ACTIVE,,ACTIVE,2022-09-14,2024-09-03T03:46:13.517Z,2022-09-14T03:55:31.182Z,2024-09-03T03:46:13.517Z
5982,9802870857,Mariam,Mint Eleya,Mariam Mint Eleya,F,1998-12-08,+22222806845,mariam.minteleya202@gmail.com,2,Nouakchott-Ouest,STANDARD,,ACTIVE,2023-02-02,2023-04-04T13:36:47.833Z,2023-02-02T03:13:45.514Z,2023-04-04T13:36:47.833Z
5983,8604738747,Fatima,Mint Khatri,Fatima Mint Khatri,F,1986-10-08,+22244552437,fatima.mintkhatri991@gmail.com,4,Dakhlet Nouadhibou,OCCASIONAL,,PENDING_KYC,2024-09-15,2024-10-12T06:17:39.106Z,2024-09-15T11:53:17.548Z,2024-10-12T06:17:39.106Z
5984,8002542427,Aicha,Dieng,Aicha Dieng,F,1980-05-13,+22223432317,aicha.dieng932@gmail.com,2,Nouakchott-Ouest,STANDARD,,ACTIVE,2023-02-04,2024-02-26T01:26:33.217Z,2023-02-04T14:27:30.265Z,2024-02-26T01:26:33.217Z
5985,6402383387,Jemila,Mint Hamoud,Jemila Mint Hamoud,F,1964-05-25,+22235338483,,2,Nouakchott-Ouest,DORMANT,,ACTIVE,2024-02-26,2024-07-01T08:24:23.973Z,2024-02-26T22:20:15.854Z,2024-07-01T08:24:23.973Z
5986,9105862810,Ténin,Kanouté,Ténin Kanouté,F,1991-04-24,+22242576949,ténin.kanouté433@gmail.com,5,Trarza,OCCASIONAL,,ACTIVE,2022-01-22,2023-06-12T11:41:18.542Z,2022-01-22T10:23:02.410Z,2023-06-12T11:41:18.542Z
5987,7009191052,Alassane,Yatabaré,Alassane Yatabaré,M,1970-02-13,+22234921369,,9,Assaba,OCCASIONAL,,ACTIVE,2024-02-03,2024-07-31T21:54:37.645Z,2024-02-03T14:55:01.543Z,2024-07-31T21:54:37.645Z
5988,7401354868,Abeih,Ould Khalil,Abeih Ould Khalil,M,1974-02-10,+22234028655,abeih.ouldkhalil263@hotmail.fr,1,Nouakchott-Nord,STANDARD,,PENDING_KYC,2024-01-23,2024-11-05T14:07:21.877Z,2024-01-23T21:12:37.901Z,2024-11-05T14:07:21.877Z
5989,9904500287,Oumou,Kanouté,Oumou Kanouté,F,1999-08-04,+22224835387,oumou.kanouté991@gmail.com,4,Dakhlet Nouadhibou,ACTIVE,,INACTIVE,2024-11-12,2024-12-21T18:12:10.367Z,2024-11-12T12:59:03.833Z,2024-12-21T18:12:10.367Z
5990,9107201000,Néné,Tall,Néné Tall,F,1991-03-25,+22225442971,,7,Gorgol,STANDARD,,ACTIVE,2024-03-26,2024-06-03T09:07:59.088Z,2024-03-26T12:46:45.676Z,2024-06-03T09:07:59.088Z
5991,9604655858,Khalil,Sissoko,Khalil Sissoko,M,1996-02-02,+22222741876,khalil.sissoko974@hotmail.fr,4,Dakhlet Nouadhibou,DORMANT,,ACTIVE,2022-12-07,2023-08-16T05:52:05.819Z,2022-12-07T18:18:55.633Z,2023-08-16T05:52:05.819Z
5992,8001681475,Mariam,Mint Hamadi,Mariam Mint Hamadi,F,1980-11-13,+22222996994,,1,Nouakchott-Nord,OCCASIONAL,,SUSPENDED,2022-04-27,2023-05-09T05:57:55.842Z,2022-04-27T03:36:30.293Z,2023-05-09T05:57:55.842Z
5993,0302120907,Boubacar,Sow,Boubacar Sow,M,2003-11-04,+22237967418,boubacar.sow876@gmail.com,2,Nouakchott-Ouest,STANDARD,,PENDING_KYC,2023-12-20,2024-11-09T05:51:09.211Z,2023-12-20T02:07:33.578Z,2024-11-09T05:51:09.211Z
5994,9005842109,Codou,Cissé,Codou Cissé,F,1990-07-11,+22235829004,,5,Trarza,ACTIVE,,ACTIVE,2023-06-01,2023-09-01T11:14:12.865Z,2023-06-01T23:57:59.246Z,2023-09-01T11:14:12.865Z
5995,0111323292,Abdel Rahman,Ould Brahim,Abdel Rahman Ould Brahim,M,2001-11-14,+22241440568,abdelrahman.ouldbrahim24@yahoo.fr,11,Hodh El Gharbi,DORMANT,,ACTIVE,2024-04-14,2024-05-25T04:05:26.177Z,2024-04-14T22:50:00.029Z,2024-05-25T04:05:26.177Z
5996,7305982969,Modou,Thiaw,Modou Thiaw,M,1973-10-18,+22225979217,,5,Trarza,ACTIVE,,ACTIVE,2023-02-07,2023-10-06T16:54:55.557Z,2023-02-07T08:00:11.771Z,2023-10-06T16:54:55.557Z
5997,8909006787,Gaoussou,Diallo,Gaoussou Diallo,M,1989-10-13,+22233802354,,9,Assaba,ACTIVE,,ACTIVE,2023-03-31,2024-11-29T10:22:38.003Z,2023-03-31T01:32:34.873Z,2024-11-29T10:22:38.003Z
5998,8011528847,Souleymane,Bathily,Souleymane Bathily,M,1980-02-07,+22224119659,,11,Hodh El Gharbi,STANDARD,,ACTIVE,2024-09-09,2024-09-12T11:22:31.482Z,2024-09-09T14:15:57.388Z,2024-09-12T11:22:31.482Z
5999,8801922167,Mariem,Mint El Mokhtar,Mariem Mint El Mokhtar,F,1988-10-01,+22222128787,mariem.mintelmokhtar579@hotmail.fr,1,Nouakchott-Nord,STANDARD,,ACTIVE,2022-01-27,2022-10-21T22:55:54.591Z,2022-01-27T21:55:52.032Z,2022-10-21T22:55:54.591Z
6000,0504043433,Aminetou,Mint Nenni,Aminetou Mint Nenni,F,2005-04-03,+22237089393,,4,Dakhlet Nouadhibou,ACTIVE,,ACTIVE,2023-05-05,2023-11-03T03:21:47.458Z,2023-05-05T10:13:37.656Z,2023-11-03T03:21:47.458Z
6001,7115176693,Souleymane,Ould Tourad,Souleymane Ould Tourad,M,1971-09-01,+22223085593,,15,Tiris Zemmour,STANDARD,,ACTIVE,2023-06-22,2024-02-09T11:29:11.403Z,2023-06-22T07:13:01.578Z,2024-02-09T11:29:11.403Z
6002,7802200380,Mouna,Sakho,Mouna Sakho,F,1978-03-06,+22241473402,mouna.sakho6@gmail.com,2,Nouakchott-Ouest,ACTIVE,,ACTIVE,2022-11-02,2023-11-23T12:14:42.973Z,2022-11-02T09:52:41.005Z,2023-11-23T12:14:42.973Z
6003,7103708174,Abdallah,Yatabaré,Abdallah Yatabaré,M,1971-10-25,+22246609527,,3,Nouakchott-Sud,OCCASIONAL,,ACTIVE,2024-10-09,2024-12-01T16:05:58.243Z,2024-10-09T09:03:11.934Z,2024-12-01T16:05:58.243Z
6004,7304498960,Khady,Thiam,Khady Thiam,F,1973-08-09,+22234432333,khady.thiam347@hotmail.fr,4,Dakhlet Nouadhibou,OCCASIONAL,,ACTIVE,2023-10-17,2024-04-28T05:46:23.882Z,2023-10-17T07:12:50.088Z,2024-04-28T05:46:23.882Z
6005,7704262637,Kelthoum,Wane,Kelthoum Wane,F,1977-04-28,+22225428768,,4,Dakhlet Nouadhibou,ACTIVE,,ACTIVE,2023-04-04,2024-06-24T04:54:17.010Z,2023-04-04T08:02:13.729Z,2024-06-24T04:54:17.010Z
6006,6907055158,El Hacen,Diallo,El Hacen Diallo,M,1969-03-16,+22224437083,,7,Gorgol,ACTIVE,,ACTIVE,2024-11-28,2024-12-02T04:34:00.656Z,2024-11-28T05:28:41.182Z,2024-12-02T04:34:00.656Z
6007,9501795725,Mohamed Yahya,Fall,Mohamed Yahya Fall,M,1995-09-05,+22224820544,mohamedyahya.fall574@yahoo.fr,1,Nouakchott-Nord,OCCASIONAL,,ACTIVE,2022-07-11,2023-05-17T09:40:18.898Z,2022-07-11T11:24:42.011Z,2023-05-17T09:40:18.898Z
6008,9003444813,Dah,Dramé,Dah Dramé,M,1990-08-15,+22223130827,,3,Nouakchott-Sud,OCCASIONAL,,ACTIVE,2023-12-24,2024-02-26T16:03:34.537Z,2023-12-24T18:55:00.902Z,2024-02-26T16:03:34.537Z
6009,0201738135,Bocar,Diakité,Bocar Diakité,M,2002-03-24,+22223543807,bocar.diakité199@gmail.com,1,Nouakchott-Nord,STANDARD,,ACTIVE,2022-01-29,2024-08-21T04:07:15.803Z,2022-01-29T16:38:15.807Z,2024-08-21T04:07:15.803Z
6010,6801756744,Diakaridia,Sall,Diakaridia Sall,M,1968-09-11,+22224474659,,1,Nouakchott-Nord,DORMANT,,PENDING_KYC,2024-05-24,2024-07-11T02:41:48.676Z,2024-05-24T16:57:56.965Z,2024-07-11T02:41:48.676Z
6011,7003643339,Saliou,Diallo,Saliou Diallo,M,1970-08-02,+22222017236,saliou.diallo788@gmail.com,3,Nouakchott-Sud,DORMANT,,ACTIVE,2022-05-19,2024-05-22T12:31:12.382Z,2022-05-19T13:04:07.575Z,2024-05-22T12:31:12.382Z
6012,7702480851,Siaka,Sy,Siaka Sy,M,1977-10-03,+22237630946,,2,Nouakchott-Ouest,STANDARD,,ACTIVE,2022-08-05,2024-12-08T15:21:47.867Z,2022-08-05T16:57:27.381Z,2024-12-08T15:21:47.867Z
6013,7003411657,Mariam,Mint Vall,Mariam Mint Vall,F,1970-07-06,+22225338191,mariam.mintvall715@hotmail.fr,3,Nouakchott-Sud,PREMIUM,,ACTIVE,2022-07-19,2024-09-17T13:50:47.764Z,2022-07-19T23:16:25.227Z,2024-09-17T13:50:47.764Z
6014,6206041694,Alassane,Barry,Alassane Barry,M,1962-03-17,+22232208805,,6,Brakna,STANDARD,,ACTIVE,2022-01-09,2024-01-25T21:27:11.934Z,2022-01-09T20:52:07.904Z,2024-01-25T21:27:11.934Z
6015,9504860529,Soumaïla,Ly,Soumaïla Ly,M,1995-01-01,+22222377674,,4,Dakhlet Nouadhibou,OCCASIONAL,,ACTIVE,2023-07-29,2023-08-04T10:32:34.289Z,2023-07-29T20:22:33.415Z,2023-08-04T10:32:34.289Z
6016,8203274736,Habiba,Diallo,Habiba Diallo,F,1982-07-05,+22222925795,,3,Nouakchott-Sud,STANDARD,,ACTIVE,2023-07-06,2024-08-24T03:05:22.606Z,2023-07-06T16:21:24.358Z,2024-08-24T03:05:22.606Z
6017,7713607629,Abdel Aziz,Ould Hamoud,Abdel Aziz Ould Hamoud,M,1977-09-12,+22232753459,,13,Tagant,ACTIVE,,ACTIVE,2022-09-06,2022-09-29T18:55:59.759Z,2022-09-06T15:37:39.410Z,2022-09-29T18:55:59.759Z
6018,8101443090,Nouhoum,Cissé,Nouhoum Cissé,M,1981-10-22,+22245256042,,1,Nouakchott-Nord,STANDARD,,ACTIVE,2023-11-19,2024-04-20T13:23:27.264Z,2023-11-19T13:00:08.006Z,2024-04-20T13:23:27.264Z
6019,6503144171,Mohamed Vall,Ould Mokhtar,Mohamed Vall Ould Mokhtar,M,1965-08-07,+22233108781,mohamedvall.ouldmokhtar268@yahoo.fr,3,Nouakchott-Sud,OCCASIONAL,,INACTIVE,2023-08-28,2024-06-19T07:11:10.620Z,2023-08-28T08:35:17.938Z,2024-06-19T07:11:10.620Z
6020,9112710090,Cheikh,Ly,Cheikh Ly,M,1991-03-08,+22225743414,,12,Adrar,ACTIVE,,ACTIVE,2024-10-28,2024-12-16T10:57:42.022Z,2024-10-28T02:06:42.309Z,2024-12-16T10:57:42.022Z
6021,8502489994,Mohamed,Ould Bouha,Mohamed Ould Bouha,M,1985-05-22,+22235660554,mohamed.ouldbouha419@outlook.com,2,Nouakchott-Ouest,ACTIVE,,ACTIVE,2023-10-17,2024-03-08T12:24:33.301Z,2023-10-17T07:29:33.844Z,2024-03-08T12:24:33.301Z
6022,8113828652,Djimé,Thiam,Djimé Thiam,M,1981-02-01,+22236137560,,13,Tagant,STANDARD,,PENDING_KYC,2022-06-04,2022-07-30T07:56:20.173Z,2022-06-04T07:47:12.412Z,2022-07-30T07:56:20.173Z
6023,0108281549,Fallou,Cissé,Fallou Cissé,M,2001-11-04,+22233926685,,8,Guidimaka,ACTIVE,,ACTIVE,2022-07-12,2024-07-01T17:26:01.446Z,2022-07-12T06:13:49.873Z,2024-07-01T17:26:01.446Z
6024,8001552461,Cheikh Sidiya,Ould Nenni,Cheikh Sidiya Ould Nenni,M,1980-02-03,+22225608238,,1,Nouakchott-Nord,DORMANT,,ACTIVE,2022-12-19,2023-10-03T06:38:44.767Z,2022-12-19T00:58:06.240Z,2023-10-03T06:38:44.767Z
6025,9015607840,Maimouna,Ndiaye,Maimouna Ndiaye,F,1990-09-13,+22224377759,,15,Tiris Zemmour,STANDARD,,ACTIVE,2024-06-18,2024-12-22T13:54:26.653Z,2024-06-18T03:27:59.626Z,2024-12-22T13:54:26.653Z
6026,8902893830,Meymouna,Mint Zein,Meymouna Mint Zein,F,1989-11-07,+22222123110,meymouna.mintzein661@outlook.com,2,Nouakchott-Ouest,ACTIVE,,ACTIVE,2022-08-20,2024-10-07T17:13:34.987Z,2022-08-20T00:02:09.136Z,2024-10-07T17:13:34.987Z
6027,6001534728,Leila,Doucouré,Leila Doucouré,F,1960-05-19,+22222233732,,1,Nouakchott-Nord,STANDARD,,ACTIVE,2023-09-10,2023-10-22T13:28:24.939Z,2023-09-10T03:17:26.245Z,2023-10-22T13:28:24.939Z
6028,6510280888,Yahya,Ould Nagi,Yahya Ould Nagi,M,1965-02-25,+22234937964,,10,Hodh Ech Chargui,ACTIVE,,ACTIVE,2022-02-13,2022-07-27T19:41:08.234Z,2022-02-13T20:41:24.793Z,2022-07-27T19:41:08.234Z
6029,9102886240,Gaoussou,Fofana,Gaoussou Fofana,M,1991-09-02,+22224982512,,2,Nouakchott-Ouest,PREMIUM,,ACTIVE,2024-06-20,2024-07-02T08:29:47.847Z,2024-06-20T01:15:21.102Z,2024-07-02T08:29:47.847Z
6030,6909488060,Soumaïla,Sakho,Soumaïla Sakho,M,1969-02-12,+22223923811,,9,Assaba,STANDARD,,ACTIVE,2023-02-17,2024-11-29T04:56:48.785Z,2023-02-17T04:43:11.791Z,2024-11-29T04:56:48.785Z
6031,9615726950,Minetou,Kanouté,Minetou Kanouté,F,1996-06-14,+22222091550,minetou.kanouté692@hotmail.fr,15,Tiris Zemmour,OCCASIONAL,,ACTIVE,2023-07-20,2023-12-01T07:51:32.859Z,2023-07-20T04:13:11.565Z,2023-12-01T07:51:32.859Z
6032,6303990886,Ahmedou,Ould Nagi,Ahmedou Ould Nagi,M,1963-02-21,+22233578597,,3,Nouakchott-Sud,OCCASIONAL,,ACTIVE,2023-07-03,2024-11-15T01:42:18.627Z,2023-07-03T04:50:42.647Z,2024-11-15T01:42:18.627Z
6033,9510398948,Khadijetou,Diallo,Khadijetou Diallo,F,1995-04-15,+22225812523,,10,Hodh Ech Chargui,STANDARD,,ACTIVE,2022-11-13,2024-01-09T09:43:04.636Z,2022-11-13T11:52:52.014Z,2024-01-09T09:43:04.636Z
6034,0203372164,Mariem,Mint Isselmou,Mariem Mint Isselmou,F,2002-12-06,+22237575649,mariem.mintisselmou327@hotmail.fr,3,Nouakchott-Sud,DORMANT,,ACTIVE,2022-01-01,2022-11-09T23:43:52.364Z,2022-01-01T09:12:51.865Z,2022-11-09T23:43:52.364Z
6035,9004554962,Aziza,Mint Saad,Aziza Mint Saad,F,1990-07-18,+22242863437,,4,Dakhlet Nouadhibou,OCCASIONAL,,ACTIVE,2024-10-17,2024-11-14T04:25:43.461Z,2024-10-17T17:33:24.970Z,2024-11-14T04:25:43.461Z
6036,7502128498,Maimouna,Sy,Maimouna Sy,F,1975-02-27,+22244702448,,2,Nouakchott-Ouest,DORMANT,,ACTIVE,2022-10-25,2023-01-05T19:21:16.030Z,2022-10-25T01:02:43.763Z,2023-01-05T19:21:16.030Z
6037,7901026645,Mohamed Salem,Ould El Hacen,Mohamed Salem Ould El Hacen,M,1979-09-09,+22233018193,mohamedsalem.ouldelhacen9@hotmail.fr,1,Nouakchott-Nord,OCCASIONAL,,ACTIVE,2023-12-06,2024-03-09T10:15:03.487Z,2023-12-06T21:21:37.026Z,2024-03-09T10:15:03.487Z
6038,6901596208,Fatoumata,Anne,Fatoumata Anne,F,1969-04-17,+22242011532,,1,Nouakchott-Nord,STANDARD,,ACTIVE,2024-04-13,2024-10-11T10:37:54.400Z,2024-04-13T19:16:14.843Z,2024-10-11T10:37:54.400Z
6039,9402642962,Mbarka,Mint Mokhtar,Mbarka Mint Mokhtar,F,1994-03-19,+22223987742,,2,Nouakchott-Ouest,PREMIUM,,PENDING_KYC,2022-03-16,2023-09-26T17:58:32.946Z,2022-03-16T11:01:26.552Z,2023-09-26T17:58:32.946Z
6040,9704028246,Abeih,Ndiaye,Abeih Ndiaye,M,1997-02-13,+22248622573,,4,Dakhlet Nouadhibou,OCCASIONAL,,ACTIVE,2022-05-10,2024-06-02T10:14:46.531Z,2022-05-10T10:12:13.287Z,2024-06-02T10:14:46.531Z
6041,8004909000,Wedadi,Ould Abdallah,Wedadi Ould Abdallah,M,1980-09-11,+22232645244,,4,Dakhlet Nouadhibou,VIP,,ACTIVE,2022-06-24,2024-10-27T22:21:35.907Z,2022-06-24T19:03:02.058Z,2024-10-27T22:21:35.907Z
6042,6014452259,Mouna,Mint Ahmed,Mouna Mint Ahmed,F,1960-07-07,+22223250216,,14,Inchiri,STANDARD,,SUSPENDED,2024-05-09,2024-11-20T04:36:33.073Z,2024-05-09T10:51:49.247Z,2024-11-20T04:36:33.073Z
6043,6005692312,Mokhtar,Sy,Mokhtar Sy,M,1960-09-03,+22241863165,,5,Trarza,PREMIUM,,ACTIVE,2024-11-26,2024-12-14T08:24:44.407Z,2024-11-26T18:14:10.425Z,2024-12-14T08:24:44.407Z
6044,9005988874,Halima,Mint Ahmedou,Halima Mint Ahmedou,F,1990-07-10,+22224119293,,5,Trarza,STANDARD,,ACTIVE,2024-08-06,2024-08-31T09:56:16.578Z,2024-08-06T02:09:06.954Z,2024-08-31T09:56:16.578Z
6045,9402153486,Moulaye,Wane,Moulaye Wane,M,1994-02-22,+22247072788,,2,Nouakchott-Ouest,STANDARD,,ACTIVE,2024-10-02,2024-10-21T03:03:17.948Z,2024-10-02T19:38:52.441Z,2024-10-21T03:03:17.948Z
6046,7101092000,Nouh,Ould Khalil,Nouh Ould Khalil,M,1971-08-01,+22224120780,nouh.ouldkhalil332@gmail.com,1,Nouakchott-Nord,OCCASIONAL,,ACTIVE,2022-06-11,2023-09-12T19:45:29.306Z,2022-06-11T04:33:35.300Z,2023-09-12T19:45:29.306Z
6047,6404666901,Aminetou,Mint Abeih,Aminetou Mint Abeih,F,1964-06-09,+22223009925,aminetou.mintabeih500@gmail.com,4,Dakhlet Nouadhibou,STANDARD,,INACTIVE,2024-06-13,2024-10-22T18:47:50.007Z,2024-06-13T00:09:08.988Z,2024-10-22T18:47:50.007Z
6048,9001927446,Kesso,Mbaye,Kesso Mbaye,F,1990-07-17,+22237149324,,1,Nouakchott-Nord,STANDARD,,ACTIVE,2023-11-26,2024-05-30T22:12:14.374Z,2023-11-26T15:02:21.010Z,2024-05-30T22:12:14.374Z
6049,8315494543,Lehbib,Bah,Lehbib Bah,M,1983-10-20,+22223839789,lehbib.bah275@yahoo.fr,15,Tiris Zemmour,DORMANT,,ACTIVE,2022-10-15,2023-03-19T09:17:00.243Z,2022-10-15T20:18:36.418Z,2023-03-19T09:17:00.243Z
6050,7001314231,Taleb,Ould Lemrabott,Taleb Ould Lemrabott,M,1970-06-28,+22223589993,taleb.ouldlemrabott302@hotmail.fr,1,Nouakchott-Nord,STANDARD,,ACTIVE,2022-10-16,2023-05-14T15:02:13.567Z,2022-10-16T10:56:50.766Z,2023-05-14T15:02:13.567Z
6051,8202867867,Zeinab,Mint Nenni,Zeinab Mint Nenni,F,1982-02-13,+22232134959,,2,Nouakchott-Ouest,OCCASIONAL,,ACTIVE,2022-11-14,2024-06-28T18:17:41.125Z,2022-11-14T04:36:09.153Z,2024-06-28T18:17:41.125Z
6052,7904315717,Cheibany,Ould Tourad,Cheibany Ould Tourad,M,1979-08-25,+22246757662,,4,Dakhlet Nouadhibou,ACTIVE,,ACTIVE,2023-08-15,2024-07-01T01:03:29.918Z,2023-08-15T04:26:11.903Z,2024-07-01T01:03:29.918Z
6053,8002231624,Yacine,Cissé,Yacine Cissé,F,1980-06-08,+22222447688,,2,Nouakchott-Ouest,OCCASIONAL,,ACTIVE,2024-02-01,2024-04-25T22:20:37.636Z,2024-02-01T08:51:28.563Z,2024-04-25T22:20:37.636Z
6054,8401811643,Banna,Anne,Banna Anne,F,1984-02-02,+22241970844,,1,Nouakchott-Nord,STANDARD,,SUSPENDED,2022-10-21,2023-01-06T23:34:46.709Z,2022-10-21T20:48:18.644Z,2023-01-06T23:34:46.709Z
6055,7001954321,Abdel Rahman,Ould Nenni,Abdel Rahman Ould Nenni,M,1970-03-15,+22244468152,,1,Nouakchott-Nord,ACTIVE,,PENDING_KYC,2022-05-26,2022-10-18T20:31:50.700Z,2022-05-26T18:20:08.354Z,2022-10-18T20:31:50.700Z
6056,6904756962,Aichetou,Mint Habiboullah,Aichetou Mint Habiboullah,F,1969-12-05,+22232642079,aichetou.minthabiboullah364@yahoo.fr,4,Dakhlet Nouadhibou,STANDARD,,ACTIVE,2024-04-13,2024-12-17T23:31:42.856Z,2024-04-13T20:18:16.633Z,2024-12-17T23:31:42.856Z
6057,0203433645,Mouna,Touré,Mouna Touré,F,2002-10-09,+22224415407,,3,Nouakchott-Sud,DORMANT,,ACTIVE,2022-10-28,2024-06-22T16:39:56.676Z,2022-10-28T05:36:53.087Z,2024-06-22T16:39:56.676Z
6058,8602227849,Khalil,Ould Moulaye,Khalil Ould Moulaye,M,1986-12-20,+22249204262,,2,Nouakchott-Ouest,STANDARD,,ACTIVE,2022-12-26,2023-05-05T01:31:04.682Z,2022-12-26T21:25:34.780Z,2023-05-05T01:31:04.682Z
6059,7605358464,Salka,Mint Khalil,Salka Mint Khalil,F,1976-08-19,+22242028306,,5,Trarza,STANDARD,,ACTIVE,2024-05-25,2024-08-17T12:49:22.181Z,2024-05-25T04:17:13.388Z,2024-08-17T12:49:22.181Z
6060,7308040923,Kadiatou,Kanouté,Kadiatou Kanouté,F,1973-07-11,+22225688411,,8,Guidimaka,STANDARD,,ACTIVE,2023-09-21,2023-12-23T16:03:55.183Z,2023-09-21T14:47:15.696Z,2023-12-23T16:03:55.183Z
6061,8604563260,Aminata,Diakité,Aminata Diakité,F,1986-10-23,+22222123279,,4,Dakhlet Nouadhibou,ACTIVE,,ACTIVE,2024-09-14,2024-12-25T06:43:27.180Z,2024-09-14T03:15:49.336Z,2024-12-25T06:43:27.180Z
6062,8704241837,Minetou,Mint Nagi,Minetou Mint Nagi,F,1987-03-03,+22223688488,minetou.mintnagi459@hotmail.fr,4,Dakhlet Nouadhibou,ACTIVE,,ACTIVE,2022-12-27,2023-07-26T03:05:34.639Z,2022-12-27T04:00:52.735Z,2023-07-26T03:05:34.639Z
6063,6802942146,Alpha,Diallo,Alpha Diallo,M,1968-09-21,+22235721562,alpha.diallo440@yahoo.fr,2,Nouakchott-Ouest,OCCASIONAL,,ACTIVE,2023-10-09,2023-12-24T15:56:32.842Z,2023-10-09T16:02:05.235Z,2023-12-24T15:56:32.842Z
6064,0402667959,Namory,Diop,Namory Diop,M,2004-11-27,+22225209247,namory.diop371@yahoo.fr,2,Nouakchott-Ouest,OCCASIONAL,,ACTIVE,2023-08-23,2024-08-12T19:41:33.575Z,2023-08-23T12:32:29.795Z,2024-08-12T19:41:33.575Z
6065,7802389478,Zahra,Mint Messoud,Zahra Mint Messoud,F,1978-01-09,+22224919113,,2,Nouakchott-Ouest,ACTIVE,,ACTIVE,2024-10-05,2024-10-22T23:43:55.365Z,2024-10-05T17:27:57.347Z,2024-10-22T23:43:55.365Z
6066,8314053903,Adama,Barry,Adama Barry,M,1983-12-20,+22222134097,,14,Inchiri,DORMANT,,ACTIVE,2023-06-02,2023-06-22T20:47:51.599Z,2023-06-02T18:54:26.956Z,2023-06-22T20:47:51.599Z
6067,9502816067,Khadijetou,Wade,Khadijetou Wade,F,1995-12-07,+22222600739,khadijetou.wade828@gmail.com,2,Nouakchott-Ouest,DORMANT,,ACTIVE,2024-08-10,2024-10-16T10:39:52.569Z,2024-08-10T13:51:18.558Z,2024-10-16T10:39:52.569Z
6068,8601638811,Mahjouba,Mint Tourad,Mahjouba Mint Tourad,F,1986-02-19,+22224722308,,1,Nouakchott-Nord,ACTIVE,,PENDING_KYC,2024-06-07,2024-06-29T18:38:12.653Z,2024-06-07T15:15:31.961Z,2024-06-29T18:38:12.653Z
6069,8804835398,Aziza,Mint Hamadi,Aziza Mint Hamadi,F,1988-10-25,+22234082185,aziza.minthamadi493@outlook.com,4,Dakhlet Nouadhibou,STANDARD,,ACTIVE,2023-10-18,2024-04-25T06:48:05.439Z,2023-10-18T22:51:35.108Z,2024-04-25T06:48:05.439Z
6070,8503934912,Naha,Mint Eleya,Naha Mint Eleya,F,1985-08-18,+22235374101,naha.minteleya290@yahoo.fr,3,Nouakchott-Sud,PREMIUM,,BLOCKED,2024-03-24,2024-08-04T12:44:00.362Z,2024-03-24T02:38:37.001Z,2024-08-04T12:44:00.362Z
6071,0510328335,Ablaye,Kouyaté,Ablaye Kouyaté,M,2005-04-18,+22236324475,ablaye.kouyaté174@hotmail.fr,10,Hodh Ech Chargui,OCCASIONAL,,ACTIVE,2022-06-04,2024-04-12T19:44:27.049Z,2022-06-04T15:52:21.324Z,2024-04-12T19:44:27.049Z
6072,9509408881,Sadio,Bathily,Sadio Bathily,M,1995-03-26,+22222415746,sadio.bathily449@hotmail.fr,9,Assaba,STANDARD,,ACTIVE,2024-08-17,2024-11-17T11:57:33.717Z,2024-08-17T02:06:05.134Z,2024-11-17T11:57:33.717Z
6073,6315376742,Hamoud,Ould Hamadi,Hamoud Ould Hamadi,M,1963-10-08,+22222683958,,15,Tiris Zemmour,STANDARD,,BLOCKED,2024-02-22,2024-05-04T05:37:46.036Z,2024-02-22T08:11:38.569Z,2024-05-04T05:37:46.036Z
6074,0101009674,Mariem,Koné,Mariem Koné,F,2001-05-01,+22224259443,,1,Nouakchott-Nord,DORMANT,,ACTIVE,2022-06-10,2023-03-19T13:10:54.743Z,2022-06-10T18:01:26.873Z,2023-03-19T13:10:54.743Z
6075,9802580709,Cheibany,Ould Isselmou,Cheibany Ould Isselmou,M,1998-11-13,+22243993835,,2,Nouakchott-Ouest,STANDARD,,ACTIVE,2024-10-11,2024-12-24T19:17:26.722Z,2024-10-11T08:08:28.204Z,2024-12-24T19:17:26.722Z
6076,7002187544,Hamadi,Camara,Hamadi Camara,M,1970-11-27,+22232556682,hamadi.camara327@hotmail.fr,2,Nouakchott-Ouest,ACTIVE,,PENDING_KYC,2024-10-30,2024-11-29T12:01:25.067Z,2024-10-30T09:03:52.381Z,2024-11-29T12:01:25.067Z
6077,0211043933,Mbarka,Mint El Hacen,Mbarka Mint El Hacen,F,2002-04-05,+22223533118,,11,Hodh El Gharbi,OCCASIONAL,,ACTIVE,2023-11-09,2024-03-13T14:01:12.315Z,2023-11-09T10:32:26.674Z,2024-03-13T14:01:12.315Z
6078,9404153365,Karounga,Cissé,Karounga Cissé,M,1994-05-25,+22232724521,karounga.cissé647@outlook.com,4,Dakhlet Nouadhibou,OCCASIONAL,,ACTIVE,2023-06-08,2024-04-21T21:33:32.738Z,2023-06-08T14:49:54.358Z,2024-04-21T21:33:32.738Z
6079,8515624179,Fatima,Dia,Fatima Dia,F,1985-09-26,+22232332472,fatima.dia366@hotmail.fr,15,Tiris Zemmour,STANDARD,,ACTIVE,2022-11-03,2024-05-10T16:40:59.721Z,2022-11-03T01:39:40.337Z,2024-05-10T16:40:59.721Z
6080,7302773111,Daouda,Ndiaye,Daouda Ndiaye,M,1973-11-15,+22224871066,daouda.ndiaye922@hotmail.fr,2,Nouakchott-Ouest,OCCASIONAL,,ACTIVE,2024-08-24,2024-10-29T21:17:40.455Z,2024-08-24T00:39:53.486Z,2024-10-29T21:17:40.455Z
6081,8002601197,Ibrahima,Ndiaye,Ibrahima Ndiaye,M,1980-07-14,+22234114707,,2,Nouakchott-Ouest,ACTIVE,,ACTIVE,2022-08-30,2022-10-05T17:10:01.297Z,2022-08-30T19:21:06.929Z,2022-10-05T17:10:01.297Z
6082,6015235350,Kelthoum,Mint Eleya,Kelthoum Mint Eleya,F,1960-03-21,+22234715865,kelthoum.minteleya673@gmail.com,15,Tiris Zemmour,ACTIVE,,INACTIVE,2023-05-27,2023-10-17T08:45:45.058Z,2023-05-27T23:03:41.508Z,2023-10-17T08:45:45.058Z
6083,8209205815,Fatoumata,Dieng,Fatoumata Dieng,F,1982-12-08,+22224714651,,9,Assaba,OCCASIONAL,,ACTIVE,2022-09-13,2024-04-01T01:34:31.042Z,2022-09-13T15:13:40.830Z,2024-04-01T01:34:31.042Z
6084,0001466502,Ibou,Kane,Ibou Kane,M,2000-09-11,+22224719636,,1,Nouakchott-Nord,STANDARD,,ACTIVE,2022-11-22,2024-05-16T22:52:43.160Z,2022-11-22T02:45:19.173Z,2024-05-16T22:52:43.160Z
6085,0502914652,Ibrahima,Fofana,Ibrahima Fofana,M,2005-08-02,+22222793291,,2,Nouakchott-Ouest,DORMANT,,ACTIVE,2022-12-28,2024-09-02T02:47:56.360Z,2022-12-28T10:34:45.210Z,2024-09-02T02:47:56.360Z
6086,8609736504,Saadbouh,Ould Taleb,Saadbouh Ould Taleb,M,1986-12-14,+22234151572,,9,Assaba,PREMIUM,,ACTIVE,2023-11-18,2024-10-05T17:10:54.119Z,2023-11-18T15:32:10.105Z,2024-10-05T17:10:54.119Z
6087,6401190674,Ghalia,Mint Dah,Ghalia Mint Dah,F,1964-02-25,+22225024772,ghalia.mintdah379@yahoo.fr,1,Nouakchott-Nord,STANDARD,,ACTIVE,2024-01-19,2024-03-04T05:54:01.659Z,2024-01-19T03:20:42.171Z,2024-03-04T05:54:01.659Z
6088,9801171951,Moulaye,Guèye,Moulaye Guèye,M,1998-09-25,+22234948264,moulaye.guèye713@yahoo.fr,1,Nouakchott-Nord,DORMANT,,ACTIVE,2022-05-14,2023-02-15T11:33:06.178Z,2022-05-14T22:04:45.189Z,2023-02-15T11:33:06.178Z
6089,8003807994,Mohamed Yahya,Ould Mohamed,Mohamed Yahya Ould Mohamed,M,1980-12-25,+22246362290,mohamedyahya.ouldmohamed548@hotmail.fr,3,Nouakchott-Sud,DORMANT,,PENDING_KYC,2022-08-17,2024-09-09T18:20:29.855Z,2022-08-17T00:01:18.245Z,2024-09-09T18:20:29.855Z
6090,9902219305,Aziza,Mint Khalil,Aziza Mint Khalil,F,1999-10-20,+22249707552,,2,Nouakchott-Ouest,DORMANT,,ACTIVE,2022-08-23,2023-11-08T18:04:40.645Z,2022-08-23T07:50:40.070Z,2023-11-08T18:04:40.645Z
6091,8603669323,Coumba,Thiam,Coumba Thiam,F,1986-11-11,+22237601095,,3,Nouakchott-Sud,STANDARD,,ACTIVE,2023-03-04,2024-11-07T05:17:08.812Z,2023-03-04T10:48:40.035Z,2024-11-07T05:17:08.812Z
6092,7201915320,Saliou,Kanouté,Saliou Kanouté,M,1972-11-27,+22242023506,,1,Nouakchott-Nord,OCCASIONAL,,ACTIVE,2023-08-27,2024-10-07T08:49:47.915Z,2023-08-27T18:11:32.008Z,2024-10-07T08:49:47.915Z
6093,7305661031,N'Dèye,Sy,N'Dèye Sy,F,1973-01-06,+22233396508,n'dèye.sy35@yahoo.fr,5,Trarza,PREMIUM,,PENDING_KYC,2023-09-06,2024-03-06T05:58:52.366Z,2023-09-06T11:33:32.864Z,2024-03-06T05:58:52.366Z
6094,7501689264,Astou,Bah,Astou Bah,F,1975-07-08,+22233672798,,1,Nouakchott-Nord,STANDARD,,PENDING_KYC,2024-10-12,2024-11-16T16:22:48.325Z,2024-10-12T01:42:30.444Z,2024-11-16T16:22:48.325Z
6095,7215792216,Vatma,Mint El Mokhtar,Vatma Mint El Mokhtar,F,1972-12-13,+22235453004,vatma.mintelmokhtar632@gmail.com,15,Tiris Zemmour,OCCASIONAL,,ACTIVE,2022-12-16,2024-12-01T04:37:31.689Z,2022-12-16T04:21:45.979Z,2024-12-01T04:37:31.689Z
6096,6502633016,Abdellahi,Ould Abeih,Abdellahi Ould Abeih,M,1965-03-27,+22235304512,abdellahi.ouldabeih583@yahoo.fr,2,Nouakchott-Ouest,ACTIVE,,INACTIVE,2023-08-24,2024-10-05T00:51:26.571Z,2023-08-24T16:33:30.312Z,2024-10-05T00:51:26.571Z
6097,0103580850,Sira,Kanouté,Sira Kanouté,F,2001-06-09,+22235742409,,3,Nouakchott-Sud,ACTIVE,,ACTIVE,2023-03-27,2023-06-11T02:57:54.808Z,2023-03-27T09:15:47.815Z,2023-06-11T02:57:54.808Z
6098,8710690933,Zeinab,Mint Hadrami,Zeinab Mint Hadrami,F,1987-02-28,+22222565745,zeinab.minthadrami948@outlook.com,10,Hodh Ech Chargui,OCCASIONAL,,ACTIVE,2023-05-18,2024-02-20T03:14:26.952Z,2023-05-18T00:52:46.132Z,2024-02-20T03:14:26.952Z
6099,9515623607,Maloum,Ould Hamoud,Maloum Ould Hamoud,M,1995-08-11,+22223370012,maloum.ouldhamoud182@outlook.com,15,Tiris Zemmour,ACTIVE,,ACTIVE,2023-03-21,2023-08-28T20:45:33.492Z,2023-03-21T06:28:52.537Z,2023-08-28T20:45:33.492Z
6100,7005166544,Ahmed,Ould Saad,Ahmed Ould Saad,M,1970-04-26,+22224155092,,5,Trarza,OCCASIONAL,,ACTIVE,2023-01-27,2023-10-27T07:40:28.387Z,2023-01-27T19:37:46.364Z,2023-10-27T07:40:28.387Z
6101,9403489333,Issa,Soumaré,Issa Soumaré,M,1994-05-18,+22222443192,issa.soumaré335@gmail.com,3,Nouakchott-Sud,STANDARD,,ACTIVE,2023-03-09,2024-10-22T09:28:40.179Z,2023-03-09T12:44:14.451Z,2024-10-22T09:28:40.179Z
6102,6411104445,Dialika,Guèye,Dialika Guèye,F,1964-06-07,+22234091768,dialika.guèye10@yahoo.fr,11,Hodh El Gharbi,STANDARD,,ACTIVE,2023-06-12,2024-10-26T07:37:02.869Z,2023-06-12T18:16:14.196Z,2024-10-26T07:37:02.869Z
6103,9402161362,Salem,Koita,Salem Koita,M,1994-09-24,+22224301307,salem.koita675@outlook.com,2,Nouakchott-Ouest,PREMIUM,,ACTIVE,2023-10-19,2024-05-10T15:52:01.940Z,2023-10-19T23:58:43.334Z,2024-05-10T15:52:01.940Z
6104,6304659238,Abdel Aziz,Ould Cheikh,Abdel Aziz Ould Cheikh,M,1963-12-09,+22225788998,,4,Dakhlet Nouadhibou,ACTIVE,,ACTIVE,2024-04-05,2024-10-22T14:43:52.304Z,2024-04-05T18:44:27.524Z,2024-10-22T14:43:52.304Z
6105,6301827502,Mohamed,Ould Mohamed,Mohamed Ould Mohamed,M,1963-06-14,+22242799524,,1,Nouakchott-Nord,ACTIVE,,ACTIVE,2024-01-03,2024-04-19T00:15:56.631Z,2024-01-03T09:37:04.050Z,2024-04-19T00:15:56.631Z
6106,7801865139,Sira,Bah,Sira Bah,F,1978-01-11,+22223364251,,1,Nouakchott-Nord,PREMIUM,,ACTIVE,2023-05-18,2023-10-31T20:20:56.994Z,2023-05-18T22:27:18.768Z,2023-10-31T20:20:56.994Z
6107,8602006934,Vatma,Mint Ethmane,Vatma Mint Ethmane,F,1986-12-17,+22223967830,vatma.mintethmane513@hotmail.fr,2,Nouakchott-Ouest,DORMANT,,ACTIVE,2022-01-19,2022-08-04T01:25:26.748Z,2022-01-19T05:54:08.874Z,2022-08-04T01:25:26.748Z
6108,8602868503,Tamba,Kanouté,Tamba Kanouté,M,1986-06-05,+22232687195,,2,Nouakchott-Ouest,STANDARD,,ACTIVE,2022-01-06,2023-01-04T14:02:55.171Z,2022-01-06T01:14:58.335Z,2023-01-04T14:02:55.171Z
6109,9101334360,Habiboullah,Bah,Habiboullah Bah,M,1991-06-16,+22233238345,,1,Nouakchott-Nord,OCCASIONAL,,ACTIVE,2022-12-11,2024-05-04T12:28:50.142Z,2022-12-11T16:22:28.063Z,2024-05-04T12:28:50.142Z
6110,8303826167,Wedadi,Barry,Wedadi Barry,M,1983-02-12,+22235567649,wedadi.barry185@yahoo.fr,3,Nouakchott-Sud,STANDARD,,ACTIVE,2022-12-12,2023-01-11T13:16:27.978Z,2022-12-12T13:57:11.978Z,2023-01-11T13:16:27.978Z
6111,8302093106,Yacine,Tall,Yacine Tall,F,1983-08-13,+22222070883,yacine.tall733@outlook.com,2,Nouakchott-Ouest,STANDARD,,ACTIVE,2024-03-10,2024-07-26T13:04:11.214Z,2024-03-10T01:11:44.905Z,2024-07-26T13:04:11.214Z
6112,7002619476,Salka,Mint Bouha,Salka Mint Bouha,F,1970-01-19,+22233818728,,2,Nouakchott-Ouest,ACTIVE,,ACTIVE,2023-09-20,2024-08-01T00:27:34.369Z,2023-09-20T10:12:13.832Z,2024-08-01T00:27:34.369Z
6113,6904528150,Jemila,Mint Ahmed,Jemila Mint Ahmed,F,1969-11-18,+22225512461,,4,Dakhlet Nouadhibou,ACTIVE,,ACTIVE,2024-06-04,2024-11-24T00:05:19.009Z,2024-06-04T08:36:56.499Z,2024-11-24T00:05:19.009Z
6114,8703219965,Mohamed,Ould Mokhtar,Mohamed Ould Mokhtar,M,1987-01-21,+22244722003,,3,Nouakchott-Sud,ACTIVE,,INACTIVE,2024-04-27,2024-06-30T21:44:34.289Z,2024-04-27T22:29:13.456Z,2024-06-30T21:44:34.289Z
6115,6602193197,Awa,Thiam,Awa Thiam,F,1966-12-10,+22232471002,,2,Nouakchott-Ouest,ACTIVE,,ACTIVE,2022-09-16,2022-09-24T21:37:50.607Z,2022-09-16T07:46:55.620Z,2022-09-24T21:37:50.607Z
6116,6202481249,Moctar,Doucouré,Moctar Doucouré,M,1962-11-07,+22225854542,moctar.doucouré587@outlook.com,2,Nouakchott-Ouest,ACTIVE,,ACTIVE,2022-06-12,2024-08-29T02:34:21.626Z,2022-06-12T00:21:33.224Z,2024-08-29T02:34:21.626Z
6117,6911968415,Seynabou,Bah,Seynabou Bah,F,1969-07-20,+22222408166,,11,Hodh El Gharbi,STANDARD,,SUSPENDED,2023-05-04,2023-11-27T20:53:26.024Z,2023-05-04T03:38:40.332Z,2023-11-27T20:53:26.024Z
6118,8507005588,Sidi Ahmed,Ould Messoud,Sidi Ahmed Ould Messoud,M,1985-12-25,+22223541233,,7,Gorgol,DORMANT,,ACTIVE,2023-11-01,2023-12-27T14:03:11.344Z,2023-11-01T15:42:42.773Z,2023-12-27T14:03:11.344Z
6119,8002351728,Tekber,Mint Salem,Tekber Mint Salem,F,1980-06-12,+22223474923,tekber.mintsalem537@outlook.com,2,Nouakchott-Ouest,OCCASIONAL,,ACTIVE,2024-01-10,2024-01-25T09:33:00.041Z,2024-01-10T08:50:06.716Z,2024-01-25T09:33:00.041Z
6120,9314222586,Ibrahima,Kane,Ibrahima Kane,M,1993-05-22,+22225019643,,14,Inchiri,ACTIVE,,ACTIVE,2023-01-03,2024-10-14T01:05:06.337Z,2023-01-03T03:24:49.534Z,2024-10-14T01:05:06.337Z
6121,6903421870,El Hacen,Sakho,El Hacen Sakho,M,1969-07-11,+22235123446,elhacen.sakho73@yahoo.fr,3,Nouakchott-Sud,STANDARD,,PENDING_KYC,2023-05-26,2024-05-11T14:40:23.173Z,2023-05-26T06:18:04.286Z,2024-05-11T14:40:23.173Z
6122,9605290652,Habiba,Guèye,Habiba Guèye,F,1996-10-02,+22234612732,,5,Trarza,ACTIVE,,ACTIVE,2024-05-22,2024-06-16T03:37:02.280Z,2024-05-22T15:47:54.820Z,2024-06-16T03:37:02.280Z
6123,8603223756,Mohamed Yahya,Ould Hadrami,Mohamed Yahya Ould Hadrami,M,1986-05-11,+22223764687,,3,Nouakchott-Sud,DORMANT,,PENDING_KYC,2023-03-24,2024-08-28T03:59:27.000Z,2023-03-24T00:48:22.303Z,2024-08-28T03:59:27.000Z
6124,7313256142,Hafsata,Gaye,Hafsata Gaye,F,1973-09-12,+22234875756,,13,Tagant,STANDARD,,ACTIVE,2023-07-14,2024-11-05T03:41:57.866Z,2023-07-14T05:33:21.419Z,2024-11-05T03:41:57.866Z
6125,7609762221,Halima,Mint Hamoud,Halima Mint Hamoud,F,1976-10-18,+22223633569,,9,Assaba,OCCASIONAL,,ACTIVE,2022-10-06,2024-08-20T00:47:48.448Z,2022-10-06T16:01:21.849Z,2024-08-20T00:47:48.448Z
6126,7203733106,Cheikh Sidiya,Ould Khatri,Cheikh Sidiya Ould Khatri,M,1972-09-18,+22223734700,,3,Nouakchott-Sud,STANDARD,,ACTIVE,2022-02-26,2024-02-18T21:31:16.778Z,2022-02-26T10:49:32.373Z,2024-02-18T21:31:16.778Z
6127,0004853055,Leila,Niang,Leila Niang,F,2000-08-27,+22233554189,leila.niang867@outlook.com,4,Dakhlet Nouadhibou,OCCASIONAL,,ACTIVE,2022-05-17,2022-06-05T20:53:24.317Z,2022-05-17T01:32:08.844Z,2022-06-05T20:53:24.317Z
6128,9201059905,Sory,Sy,Sory Sy,M,1992-10-15,+22236391397,,1,Nouakchott-Nord,STANDARD,,ACTIVE,2024-09-14,2024-11-15T03:52:19.443Z,2024-09-14T21:46:35.110Z,2024-11-15T03:52:19.443Z
6129,6202936547,Thierno,Gaye,Thierno Gaye,M,1962-01-19,+22249031945,thierno.gaye869@gmail.com,2,Nouakchott-Ouest,ACTIVE,,ACTIVE,2022-02-01,2022-10-24T04:25:46.673Z,2022-02-01T19:48:14.986Z,2022-10-24T04:25:46.673Z
6130,7012793481,Rougui,Baldé,Rougui Baldé,F,1970-06-09,+22245956430,,12,Adrar,ACTIVE,,INACTIVE,2022-09-16,2023-07-03T07:23:59.806Z,2022-09-16T20:54:08.523Z,2023-07-03T07:23:59.806Z
6131,7912895821,Sidi Ahmed,Kouyaté,Sidi Ahmed Kouyaté,M,1979-07-28,+22244314469,,12,Adrar,STANDARD,,ACTIVE,2024-10-15,2024-12-19T15:27:41.577Z,2024-10-15T23:27:40.435Z,2024-12-19T15:27:41.577Z
6132,6902097968,Demba,Bah,Demba Bah,M,1969-07-20,+22244217535,,2,Nouakchott-Ouest,STANDARD,,PENDING_KYC,2022-10-13,2023-01-29T17:29:31.197Z,2022-10-13T13:44:56.114Z,2023-01-29T17:29:31.197Z
6133,8902604605,Mbarka,Mint Abdel Aziz,Mbarka Mint Abdel Aziz,F,1989-10-04,+22242613581,mbarka.mintabdelaziz628@hotmail.fr,2,Nouakchott-Ouest,STANDARD,,ACTIVE,2023-02-28,2024-10-02T07:44:15.475Z,2023-02-28T09:50:16.103Z,2024-10-02T07:44:15.475Z
6134,6702820522,Daouda,Bathily,Daouda Bathily,M,1967-04-08,+22223941797,,2,Nouakchott-Ouest,STANDARD,,ACTIVE,2023-05-13,2024-06-22T16:44:38.114Z,2023-05-13T05:00:21.106Z,2024-06-22T16:44:38.114Z
6135,8515606898,Horma,Ould Abdallah,Horma Ould Abdallah,M,1985-09-22,+22223644778,,15,Tiris Zemmour,ACTIVE,,ACTIVE,2024-12-18,2024-12-19T08:32:13.894Z,2024-12-18T23:28:36.035Z,2024-12-19T08:32:13.894Z
6136,9401210535,Ahmed Salem,Cissé,Ahmed Salem Cissé,M,1994-01-26,+22224093688,ahmedsalem.cissé872@hotmail.fr,1,Nouakchott-Nord,ACTIVE,,ACTIVE,2024-09-04,2024-12-12T03:11:00.238Z,2024-09-04T03:21:52.475Z,2024-12-12T03:11:00.238Z
6137,8605248676,Dah,Ould Bouha,Dah Ould Bouha,M,1986-01-02,+22222683379,dah.ouldbouha813@gmail.com,5,Trarza,ACTIVE,,ACTIVE,2024-12-14,2024-12-27T19:53:21.107Z,2024-12-14T02:52:34.479Z,2024-12-27T19:53:21.107Z
6138,9604223107,Maguette,Mbaye,Maguette Mbaye,M,1996-11-23,+22225516580,maguette.mbaye988@hotmail.fr,4,Dakhlet Nouadhibou,PREMIUM,,ACTIVE,2023-09-01,2024-06-02T00:41:42.915Z,2023-09-01T00:41:36.240Z,2024-06-02T00:41:42.915Z
6139,9204134384,Harouna,Koné,Harouna Koné,M,1992-04-24,+22223974375,harouna.koné478@hotmail.fr,4,Dakhlet Nouadhibou,STANDARD,,ACTIVE,2024-12-25,2024-12-30T10:20:28.374Z,2024-12-25T10:50:33.451Z,2024-12-30T10:20:28.374Z
6140,0315097443,Mbareck,Sy,Mbareck Sy,M,2003-07-15,+22225198635,,15,Tiris Zemmour,STANDARD,,ACTIVE,2024-01-07,2024-07-03T06:49:35.122Z,2024-01-07T19:22:31.921Z,2024-07-03T06:49:35.122Z
6141,9215686423,Mokhtar,Sissoko,Mokhtar Sissoko,M,1992-06-03,+22247744710,,15,Tiris Zemmour,ACTIVE,,ACTIVE,2023-08-19,2023-10-29T15:18:52.897Z,2023-08-19T19:44:44.661Z,2023-10-29T15:18:52.897Z
6142,9702462268,Hamadi,Ould Mokhtar,Hamadi Ould Mokhtar,M,1997-10-19,+22242340078,,2,Nouakchott-Ouest,STANDARD,,SUSPENDED,2022-08-07,2023-03-18T21:34:07.123Z,2022-08-07T17:25:42.956Z,2023-03-18T21:34:07.123Z
6143,9501236589,Mariem,Cissé,Mariem Cissé,F,1995-12-15,+22222828098,,1,Nouakchott-Nord,ACTIVE,,SUSPENDED,2024-07-03,2024-07-12T03:37:41.359Z,2024-07-03T17:58:01.250Z,2024-07-12T03:37:41.359Z
6144,6702918115,Mody,Koita,Mody Koita,M,1967-12-16,+22237060836,,2,Nouakchott-Ouest,ACTIVE,,ACTIVE,2023-10-15,2024-08-20T19:43:38.648Z,2023-10-15T07:38:08.787Z,2024-08-20T19:43:38.648Z
6145,9302463771,Mahjouba,Fofana,Mahjouba Fofana,F,1993-11-08,+22233443929,mahjouba.fofana211@hotmail.fr,2,Nouakchott-Ouest,DORMANT,,ACTIVE,2024-08-08,2024-09-24T13:34:33.615Z,2024-08-08T15:35:11.524Z,2024-09-24T13:34:33.615Z
6146,8701249180,Habiba,Sow,Habiba Sow,F,1987-05-13,+22223009823,,1,Nouakchott-Nord,ACTIVE,,SUSPENDED,2023-09-29,2024-08-24T23:12:34.031Z,2023-09-29T07:53:25.334Z,2024-08-24T23:12:34.031Z
6147,0001702886,Salif,Sy,Salif Sy,M,2000-09-07,+22222593754,salif.sy203@hotmail.fr,1,Nouakchott-Nord,ACTIVE,,ACTIVE,2022-04-15,2022-04-21T09:58:44.093Z,2022-04-15T09:46:02.585Z,2022-04-21T09:58:44.093Z
6148,0204991364,Aissata,Mint Khalil,Aissata Mint Khalil,F,2002-04-14,+22225717300,aissata.mintkhalil992@yahoo.fr,4,Dakhlet Nouadhibou,STANDARD,,ACTIVE,2024-03-29,2024-12-07T03:31:54.315Z,2024-03-29T22:16:35.535Z,2024-12-07T03:31:54.315Z
6149,9302301581,Mariem,Mint Hamoud,Mariem Mint Hamoud,F,1993-01-01,+22237202637,,2,Nouakchott-Ouest,STANDARD,,ACTIVE,2023-09-11,2023-09-17T03:10:31.435Z,2023-09-11T10:36:36.755Z,2023-09-17T03:10:31.435Z
6150,8511715187,Hacen,Camara,Hacen Camara,M,1985-05-19,+22232426753,,11,Hodh El Gharbi,OCCASIONAL,,ACTIVE,2024-08-27,2024-10-28T10:37:26.473Z,2024-08-27T02:08:45.372Z,2024-10-28T10:37:26.473Z
6151,8802999746,Mariama,Diop,Mariama Diop,F,1988-10-16,+22248357820,,2,Nouakchott-Ouest,VIP,,BLOCKED,2022-10-24,2023-01-03T17:15:30.683Z,2022-10-24T15:38:04.193Z,2023-01-03T17:15:30.683Z
6152,0303619237,Habiba,Mint Sidi,Habiba Mint Sidi,F,2003-09-07,+22236846026,,3,Nouakchott-Sud,OCCASIONAL,,ACTIVE,2022-01-01,2022-01-25T17:25:30.223Z,2022-01-01T02:15:31.547Z,2022-01-25T17:25:30.223Z
6153,8903370976,Hawa,Sène,Hawa Sène,F,1989-06-14,+22232462837,hawa.sène639@outlook.com,3,Nouakchott-Sud,ACTIVE,,PENDING_KYC,2023-09-27,2024-05-06T04:11:23.549Z,2023-09-27T05:57:34.140Z,2024-05-06T04:11:23.549Z
6154,8001676121,Salka,Mint Ahmedou,Salka Mint Ahmedou,F,1980-07-09,+22241927014,,1,Nouakchott-Nord,STANDARD,,ACTIVE,2022-04-29,2023-05-24T06:27:47.136Z,2022-04-29T10:21:27.286Z,2023-05-24T06:27:47.136Z
6155,9701681686,Youssouf,Ould El Ghassem,Youssouf Ould El Ghassem,M,1997-12-09,+22234649158,,1,Nouakchott-Nord,VIP,,ACTIVE,2023-08-26,2024-07-29T17:26:58.610Z,2023-08-26T16:27:44.542Z,2024-07-29T17:26:58.610Z
6156,6102318876,N'Dèye,Sissoko,N'Dèye Sissoko,F,1961-06-03,+22236317208,,2,Nouakchott-Ouest,ACTIVE,,ACTIVE,2023-05-10,2024-10-02T03:32:21.823Z,2023-05-10T17:17:33.881Z,2024-10-02T03:32:21.823Z
6157,9102332280,Ethmane,Ould Khatri,Ethmane Ould Khatri,M,1991-01-10,+22225455060,ethmane.ouldkhatri139@yahoo.fr,2,Nouakchott-Ouest,OCCASIONAL,,ACTIVE,2024-03-25,2024-07-17T00:07:54.172Z,2024-03-25T10:37:24.381Z,2024-07-17T00:07:54.172Z
6158,6004824970,Amady,Sissoko,Amady Sissoko,M,1960-06-15,+22243548298,,4,Dakhlet Nouadhibou,STANDARD,,ACTIVE,2023-07-02,2023-11-17T15:19:12.432Z,2023-07-02T19:25:54.619Z,2023-11-17T15:19:12.432Z
6159,9615543306,Hamidou,Sall,Hamidou Sall,M,1996-02-21,+22235171321,,15,Tiris Zemmour,OCCASIONAL,,ACTIVE,2022-08-09,2023-01-23T06:08:15.682Z,2022-08-09T02:27:28.517Z,2023-01-23T06:08:15.682Z
6160,8701528258,Pathé,Dieng,Pathé Dieng,M,1987-08-07,+22224230646,,1,Nouakchott-Nord,ACTIVE,,ACTIVE,2022-07-21,2024-02-27T11:53:00.207Z,2022-07-21T10:55:53.159Z,2024-02-27T11:53:00.207Z
6161,7303715309,Moussa,Bathily,Moussa Bathily,M,1973-10-17,+22225830679,,3,Nouakchott-Sud,ACTIVE,,ACTIVE,2024-01-17,2024-01-21T16:59:25.859Z,2024-01-17T05:10:24.760Z,2024-01-21T16:59:25.859Z
6162,7003326584,Lala,Gaye,Lala Gaye,F,1970-02-14,+22225903015,lala.gaye272@hotmail.fr,3,Nouakchott-Sud,STANDARD,,ACTIVE,2024-01-13,2024-11-03T10:48:56.292Z,2024-01-13T13:27:08.032Z,2024-11-03T10:48:56.292Z
6163,8102709737,Aminata,Doucouré,Aminata Doucouré,F,1981-04-09,+22225797515,,2,Nouakchott-Ouest,ACTIVE,,ACTIVE,2024-06-18,2024-11-23T20:03:17.585Z,2024-06-18T12:13:55.896Z,2024-11-23T20:03:17.585Z
6164,7209901569,Ahmed Salem,Tall,Ahmed Salem Tall,M,1972-02-26,+22223390340,ahmedsalem.tall356@gmail.com,9,Assaba,ACTIVE,,ACTIVE,2022-06-19,2024-06-20T18:54:12.054Z,2022-06-19T08:27:29.452Z,2024-06-20T18:54:12.054Z
6165,9710324321,Rokhaya,Ly,Rokhaya Ly,F,1997-08-21,+22249750341,,10,Hodh Ech Chargui,STANDARD,,ACTIVE,2023-01-17,2024-11-03T12:15:26.366Z,2023-01-17T13:42:33.952Z,2024-11-03T12:15:26.366Z
6166,9502355829,Mounina,Sissoko,Mounina Sissoko,F,1995-06-24,+22223046785,,2,Nouakchott-Ouest,STANDARD,,ACTIVE,2023-04-01,2024-08-17T10:18:13.719Z,2023-04-01T21:54:58.625Z,2024-08-17T10:18:13.719Z
6167,0002435857,Salem,Ould Ghali,Salem Ould Ghali,M,2000-07-15,+22225528845,salem.ouldghali444@hotmail.fr,2,Nouakchott-Ouest,OCCASIONAL,,ACTIVE,2023-05-18,2024-02-09T19:04:59.871Z,2023-05-18T02:52:52.871Z,2024-02-09T19:04:59.871Z
6168,6001787986,Mariem,Mint Khalil,Mariem Mint Khalil,F,1960-10-06,+22222075557,,1,Nouakchott-Nord,ACTIVE,,ACTIVE,2022-01-13,2022-06-28T16:11:17.859Z,2022-01-13T16:25:54.466Z,2022-06-28T16:11:17.859Z
6169,7615251951,Idrissa,Fall,Idrissa Fall,M,1976-09-02,+22224113694,,15,Tiris Zemmour,STANDARD,,ACTIVE,2023-11-25,2024-12-09T06:18:28.161Z,2023-11-25T01:48:56.821Z,2024-12-09T06:18:28.161Z
6170,8204784766,Sira,Diallo,Sira Diallo,F,1982-06-18,+22234228080,,4,Dakhlet Nouadhibou,PREMIUM,,ACTIVE,2024-12-12,2024-12-22T12:19:24.025Z,2024-12-12T18:10:58.499Z,2024-12-22T12:19:24.025Z
6171,6215860255,Moustapha,Ould Horma,Moustapha Ould Horma,M,1962-02-03,+22222578730,moustapha.ouldhorma840@gmail.com,15,Tiris Zemmour,STANDARD,,ACTIVE,2024-07-02,2024-08-14T11:44:11.519Z,2024-07-02T10:32:07.546Z,2024-08-14T11:44:11.519Z
6172,6605820018,Souleymane,Ould Messoud,Souleymane Ould Messoud,M,1966-10-01,+22245961146,,5,Trarza,STANDARD,,INACTIVE,2024-05-26,2024-12-24T06:08:43.856Z,2024-05-26T21:14:32.675Z,2024-12-24T06:08:43.856Z
6173,7801863913,Adama,Bâ,Adama Bâ,M,1978-01-21,+22224588949,adama.bâ499@outlook.com,1,Nouakchott-Nord,OCCASIONAL,,ACTIVE,2023-10-12,2024-09-07T05:51:08.267Z,2023-10-12T04:05:49.975Z,2024-09-07T05:51:08.267Z
6174,8013285164,Ibrahima,Mbow,Ibrahima Mbow,M,1980-02-04,+22248610780,ibrahima.mbow85@gmail.com,13,Tagant,STANDARD,,INACTIVE,2022-05-29,2023-05-17T02:39:59.143Z,2022-05-29T04:54:47.249Z,2023-05-17T02:39:59.143Z
6175,7301636051,Tidiane,Diop,Tidiane Diop,M,1973-08-20,+22222538752,,1,Nouakchott-Nord,STANDARD,,ACTIVE,2023-04-24,2024-07-24T07:12:06.627Z,2023-04-24T14:33:59.267Z,2024-07-24T07:12:06.627Z
6176,8709780661,Jemila,Bah,Jemila Bah,F,1987-09-13,+22234202681,,9,Assaba,STANDARD,,ACTIVE,2023-02-24,2024-06-08T05:03:57.481Z,2023-02-24T07:52:16.998Z,2024-06-08T05:03:57.481Z
6177,8401275513,Sory,Sakho,Sory Sakho,M,1984-07-21,+22224271725,sory.sakho493@outlook.com,1,Nouakchott-Nord,STANDARD,,ACTIVE,2023-09-29,2023-12-08T13:18:22.628Z,2023-09-29T08:23:41.117Z,2023-12-08T13:18:22.628Z
6178,6105849496,El Mokhtar,Sarr,El Mokhtar Sarr,M,1961-10-27,+22222249337,,5,Trarza,STANDARD,,ACTIVE,2024-08-17,2024-08-24T02:26:29.682Z,2024-08-17T14:59:03.364Z,2024-08-24T02:26:29.682Z
6179,9315043847,Mariam,Tall,Mariam Tall,F,1993-05-05,+22234974409,mariam.tall254@hotmail.fr,15,Tiris Zemmour,DORMANT,,ACTIVE,2022-04-07,2024-02-22T18:04:00.836Z,2022-04-07T04:46:15.440Z,2024-02-22T18:04:00.836Z
6180,8402149479,Mahfoudh,Ould Cheikh,Mahfoudh Ould Cheikh,M,1984-07-19,+22236331210,mahfoudh.ouldcheikh767@hotmail.fr,2,Nouakchott-Ouest,OCCASIONAL,,ACTIVE,2023-04-07,2023-11-01T07:11:57.797Z,2023-04-07T19:02:59.394Z,2023-11-01T07:11:57.797Z
6181,8204630946,Taleb,Ould Abeih,Taleb Ould Abeih,M,1982-12-23,+22234656586,,4,Dakhlet Nouadhibou,STANDARD,,PENDING_KYC,2022-05-19,2024-08-31T01:50:39.672Z,2022-05-19T21:59:08.017Z,2024-08-31T01:50:39.672Z
6182,6902347944,Salka,Mint Khatri,Salka Mint Khatri,F,1969-06-12,+22247246812,,2,Nouakchott-Ouest,STANDARD,,ACTIVE,2024-10-24,2024-11-16T11:24:26.372Z,2024-10-24T05:32:01.625Z,2024-11-16T11:24:26.372Z
6183,6002238764,Tourad,Ould Hamadi,Tourad Ould Hamadi,M,1960-09-25,+22236913528,,2,Nouakchott-Ouest,DORMANT,,ACTIVE,2022-03-25,2022-05-16T05:21:11.444Z,2022-03-25T00:04:01.278Z,2022-05-16T05:21:11.444Z
6184,6702045105,Halima,Mint Khalil,Halima Mint Khalil,F,1967-01-20,+22236291804,,2,Nouakchott-Ouest,DORMANT,,ACTIVE,2024-07-31,2024-09-25T01:25:09.201Z,2024-07-31T06:35:27.818Z,2024-09-25T01:25:09.201Z
6185,8701994143,Safiya,Mint Khalil,Safiya Mint Khalil,F,1987-02-23,+22223508383,safiya.mintkhalil519@outlook.com,1,Nouakchott-Nord,STANDARD,,ACTIVE,2024-06-23,2024-08-10T16:25:59.745Z,2024-06-23T05:40:31.895Z,2024-08-10T16:25:59.745Z
6186,6603396564,Moussa,Touré,Moussa Touré,M,1966-08-09,+22225373370,,3,Nouakchott-Sud,STANDARD,,SUSPENDED,2023-10-28,2024-10-04T02:50:19.676Z,2023-10-28T08:27:26.146Z,2024-10-04T02:50:19.676Z
6187,6601680917,Safiya,Mint Salem,Safiya Mint Salem,F,1966-07-28,+22223755450,safiya.mintsalem473@hotmail.fr,1,Nouakchott-Nord,ACTIVE,,ACTIVE,2023-05-01,2024-06-29T01:47:18.670Z,2023-05-01T04:32:42.661Z,2024-06-29T01:47:18.670Z
6188,0214066728,Moctar,Ould Brahim,Moctar Ould Brahim,M,2002-09-07,+22224217710,moctar.ouldbrahim340@yahoo.fr,14,Inchiri,OCCASIONAL,,ACTIVE,2024-04-22,2024-05-28T20:35:26.893Z,2024-04-22T10:43:11.543Z,2024-05-28T20:35:26.893Z
6189,8215612285,Mohamed Salem,Ould Mahmoud,Mohamed Salem Ould Mahmoud,M,1982-12-28,+22222661977,,15,Tiris Zemmour,OCCASIONAL,,ACTIVE,2024-09-29,2024-12-05T11:31:22.475Z,2024-09-29T09:46:51.760Z,2024-12-05T11:31:22.475Z
6190,0001963010,Mohamed Vall,Ould Wedadi,Mohamed Vall Ould Wedadi,M,2000-12-18,+22222008691,,1,Nouakchott-Nord,STANDARD,,ACTIVE,2024-04-20,2024-08-05T00:22:15.438Z,2024-04-20T06:22:24.894Z,2024-08-05T00:22:15.438Z
6191,9103696509,Zeinab,Bâ,Zeinab Bâ,F,1991-12-26,+22243460692,zeinab.bâ32@hotmail.fr,3,Nouakchott-Sud,STANDARD,,ACTIVE,2022-05-31,2024-01-24T13:55:44.850Z,2022-05-31T15:04:48.706Z,2024-01-24T13:55:44.850Z
6192,8615911292,Soumaïla,Touré,Soumaïla Touré,M,1986-06-08,+22242824262,,15,Tiris Zemmour,OCCASIONAL,,ACTIVE,2023-08-04,2024-01-18T15:50:25.807Z,2023-08-04T09:28:59.557Z,2024-01-18T15:50:25.807Z
6193,6401408609,Sidi Mohamed,Ndiaye,Sidi Mohamed Ndiaye,M,1964-11-18,+22223104698,sidimohamed.ndiaye124@yahoo.fr,1,Nouakchott-Nord,DORMANT,,ACTIVE,2024-09-14,2024-11-18T19:40:42.994Z,2024-09-14T07:58:20.751Z,2024-11-18T19:40:42.994Z
6194,6503807481,Kiné,Koita,Kiné Koita,F,1965-02-04,+22236726445,,3,Nouakchott-Sud,VIP,,ACTIVE,2023-06-18,2024-07-15T21:46:50.579Z,2023-06-18T03:05:09.269Z,2024-07-15T21:46:50.579Z
6195,9001707352,Mouna,Mint Isselmou,Mouna Mint Isselmou,F,1990-01-01,+22225768244,,1,Nouakchott-Nord,DORMANT,,ACTIVE,2024-09-11,2024-10-08T16:27:18.593Z,2024-09-11T01:55:14.041Z,2024-10-08T16:27:18.593Z
6196,8804451392,Aminetou,Mint Salem,Aminetou Mint Salem,F,1988-01-18,+22224396129,aminetou.mintsalem742@outlook.com,4,Dakhlet Nouadhibou,OCCASIONAL,,ACTIVE,2023-12-21,2024-02-07T03:47:34.189Z,2023-12-21T20:27:35.253Z,2024-02-07T03:47:34.189Z
6197,8503407030,Habiba,Mint Abdallah,Habiba Mint Abdallah,F,1985-01-04,+22242108825,,3,Nouakchott-Sud,ACTIVE,,ACTIVE,2023-06-17,2024-11-09T09:42:23.549Z,2023-06-17T11:25:29.785Z,2024-11-09T09:42:23.549Z
6198,8104308510,Khadijetou,Mint El Mamy,Khadijetou Mint El Mamy,F,1981-11-01,+22235688689,,4,Dakhlet Nouadhibou,DORMANT,,ACTIVE,2024-08-28,2024-11-24T05:20:59.641Z,2024-08-28T10:32:27.108Z,2024-11-24T05:20:59.641Z
6199,8701918206,Hafsata,Thiam,Hafsata Thiam,F,1987-12-24,+22235196762,hafsata.thiam412@hotmail.fr,1,Nouakchott-Nord,ACTIVE,,ACTIVE,2023-05-17,2024-11-15T18:44:22.136Z,2023-05-17T11:31:52.744Z,2024-11-15T18:44:22.136Z
6200,6108802757,Tourad,Touré,Tourad Touré,M,1961-03-03,+22222726951,tourad.touré195@gmail.com,8,Guidimaka,OCCASIONAL,,PENDING_KYC,2024-03-03,2024-04-25T04:28:48.107Z,2024-03-03T16:05:30.316Z,2024-04-25T04:28:48.107Z
6201,6712157458,Cheikhna,Ould Khalil,Cheikhna Ould Khalil,M,1967-01-23,+22234335362,,12,Adrar,VIP,,ACTIVE,2023-03-30,2023-08-21T23:03:41.489Z,2023-03-30T07:01:29.714Z,2023-08-21T23:03:41.489Z
6202,8601767409,Awa,Fall,Awa Fall,F,1986-08-18,+22224871354,,1,Nouakchott-Nord,OCCASIONAL,,ACTIVE,2024-06-08,2024-10-24T05:19:22.517Z,2024-06-08T17:06:39.275Z,2024-10-24T05:19:22.517Z
6203,8001915048,Zahra,Mint Ghali,Zahra Mint Ghali,F,1980-10-02,+22242576793,,1,Nouakchott-Nord,STANDARD,,ACTIVE,2023-06-27,2024-11-30T18:13:48.076Z,2023-06-27T02:13:25.375Z,2024-11-30T18:13:48.076Z
6204,8301660666,Ghalia,Diallo,Ghalia Diallo,F,1983-11-02,+22223946113,,1,Nouakchott-Nord,STANDARD,,ACTIVE,2023-08-31,2024-06-16T06:55:14.358Z,2023-08-31T16:29:04.661Z,2024-06-16T06:55:14.358Z
6205,8501748430,Youssouf,Doucouré,Youssouf Doucouré,M,1985-05-23,+22225891829,youssouf.doucouré98@hotmail.fr,1,Nouakchott-Nord,OCCASIONAL,,ACTIVE,2023-06-14,2024-10-24T02:20:31.855Z,2023-06-14T15:50:17.743Z,2024-10-24T02:20:31.855Z
6206,6514845564,Aminetou,Sow,Aminetou Sow,F,1965-03-20,+22241844443,,14,Inchiri,DORMANT,,ACTIVE,2023-11-05,2024-02-17T01:59:15.405Z,2023-11-05T11:17:03.170Z,2024-02-17T01:59:15.405Z
6207,6301613358,Karamoko,Fofana,Karamoko Fofana,M,1963-10-12,+22236144417,karamoko.fofana256@outlook.com,1,Nouakchott-Nord,DORMANT,,ACTIVE,2024-08-12,2024-08-28T18:11:15.461Z,2024-08-12T06:06:54.095Z,2024-08-28T18:11:15.461Z
6208,7911748771,Abdel Rahman,Wane,Abdel Rahman Wane,M,1979-12-06,+22224375308,,11,Hodh El Gharbi,STANDARD,,ACTIVE,2023-09-26,2024-11-29T07:02:50.774Z,2023-09-26T22:02:22.971Z,2024-11-29T07:02:50.774Z
6209,9102126731,Hamadi,Ould Saad,Hamadi Ould Saad,M,1991-01-17,+22236275692,hamadi.ouldsaad46@yahoo.fr,2,Nouakchott-Ouest,OCCASIONAL,,ACTIVE,2024-12-13,2024-12-24T12:05:32.876Z,2024-12-13T12:27:43.699Z,2024-12-24T12:05:32.876Z
6210,7003950745,Nouh,Touré,Nouh Touré,M,1970-01-26,+22242545136,nouh.touré160@hotmail.fr,3,Nouakchott-Sud,STANDARD,,ACTIVE,2022-04-23,2022-09-07T04:29:19.973Z,2022-04-23T08:35:59.964Z,2022-09-07T04:29:19.973Z
6211,7605369578,Khadija,Mint Khalil,Khadija Mint Khalil,F,1976-04-08,+22236088213,khadija.mintkhalil635@outlook.com,5,Trarza,STANDARD,,ACTIVE,2023-07-07,2024-02-08T08:39:54.565Z,2023-07-07T05:03:03.432Z,2024-02-08T08:39:54.565Z
6212,7510141504,Oumou,Soumaré,Oumou Soumaré,F,1975-04-27,+22225645396,,10,Hodh Ech Chargui,STANDARD,,SUSPENDED,2023-07-17,2024-08-18T23:59:19.029Z,2023-07-17T13:11:20.776Z,2024-08-18T23:59:19.029Z
6213,8603835081,Sekou,Touré,Sekou Touré,M,1986-04-21,+22232565177,,3,Nouakchott-Sud,OCCASIONAL,,ACTIVE,2023-02-23,2024-10-05T13:26:03.424Z,2023-02-23T01:59:48.536Z,2024-10-05T13:26:03.424Z
6214,9915312998,Noura,Mint El Hacen,Noura Mint El Hacen,F,1999-09-03,+22222307896,noura.mintelhacen135@outlook.com,15,Tiris Zemmour,OCCASIONAL,,ACTIVE,2022-07-04,2024-08-10T06:20:47.696Z,2022-07-04T01:29:44.454Z,2024-08-10T06:20:47.696Z
6215,7101491148,Mohamed Mahmoud,Ould Sidi,Mohamed Mahmoud Ould Sidi,M,1971-06-01,+22244414169,,1,Nouakchott-Nord,OCCASIONAL,,ACTIVE,2023-11-08,2024-02-17T18:24:35.392Z,2023-11-08T05:40:07.220Z,2024-02-17T18:24:35.392Z
6216,6001850673,El Mokhtar,Gaye,El Mokhtar Gaye,M,1960-04-14,+22236655627,elmokhtar.gaye489@yahoo.fr,1,Nouakchott-Nord,ACTIVE,,ACTIVE,2023-11-27,2024-12-06T07:54:44.968Z,2023-11-27T20:42:02.557Z,2024-12-06T07:54:44.968Z
6217,6601644467,Bassirou,Faye,Bassirou Faye,M,1966-08-17,+22234194111,bassirou.faye923@hotmail.fr,1,Nouakchott-Nord,PREMIUM,,ACTIVE,2022-01-12,2022-05-04T11:24:13.503Z,2022-01-12T18:48:32.658Z,2022-05-04T11:24:13.503Z
6218,7501839788,Moussa,Ndiaye,Moussa Ndiaye,M,1975-09-05,+22223301559,moussa.ndiaye519@gmail.com,1,Nouakchott-Nord,STANDARD,,ACTIVE,2023-02-23,2024-06-02T06:34:21.529Z,2023-02-23T08:40:39.196Z,2024-06-02T06:34:21.529Z
6219,0401353804,Zein,Ould Zein,Zein Ould Zein,M,2004-01-20,+22224075504,zein.ouldzein821@outlook.com,1,Nouakchott-Nord,ACTIVE,,ACTIVE,2022-10-13,2023-11-27T22:56:43.249Z,2022-10-13T08:04:53.936Z,2023-11-27T22:56:43.249Z
6220,6505677994,Sidi Ahmed,Ould Abdel Kader,Sidi Ahmed Ould Abdel Kader,M,1965-06-10,+22222687137,sidiahmed.ouldabdelkader326@outlook.com,5,Trarza,OCCASIONAL,,ACTIVE,2022-06-10,2023-02-09T08:15:42.091Z,2022-06-10T19:29:02.493Z,2023-02-09T08:15:42.091Z
6221,8808757665,Seynabou,Sy,Seynabou Sy,F,1988-09-09,+22237744838,,8,Guidimaka,DORMANT,,ACTIVE,2023-03-22,2024-08-09T20:14:43.559Z,2023-03-22T23:01:11.830Z,2024-08-09T20:14:43.559Z
6222,7703619586,Ibrahima,Gaye,Ibrahima Gaye,M,1977-06-07,+22224422311,ibrahima.gaye448@hotmail.fr,3,Nouakchott-Sud,OCCASIONAL,,ACTIVE,2024-02-01,2024-04-25T22:20:37.636Z,2024-02-01T08:51:28.563Z,2024-04-25T22:20:37.636Z
6223,8401350281,Banna,Anne,Banna Anne,F,1984-02-02,+22225466061,banna.anne128@hotmail.fr,1,Nouakchott-Nord,STANDARD,,ACTIVE,2024-12-21,2024-12-28T21:16:25.258Z,2024-12-21T07:21:13.163Z,2024-12-28T21:16:25.258Z
6224,8401939644,Zein,Ould Salem,Zein Ould Salem,M,1984-01-13,+22248936164,,1,Nouakchott-Nord,OCCASIONAL,,ACTIVE,2023-07-20,2024-05-10T12:00:33.900Z,2023-07-20T17:47:56.717Z,2024-05-10T12:00:33.900Z
6225,7101141690,El Hacen,Koné,El Hacen Koné,M,1971-10-17,+22223611901,elhacen.koné147@hotmail.fr,1,Nouakchott-Nord,ACTIVE,,ACTIVE,2024-01-16,2024-03-15T19:53:21.160Z,2024-01-16T09:36:24.239Z,2024-03-15T19:53:21.160Z
6226,6802403632,Mahjouba,Koné,Mahjouba Koné,F,1968-06-22,+22234527779,mahjouba.koné818@gmail.com,2,Nouakchott-Ouest,STANDARD,,ACTIVE,2024-05-19,2024-11-17T06:50:15.045Z,2024-05-19T06:37:06.875Z,2024-11-17T06:50:15.045Z
6227,7015808638,Aïssata,Bah,Aïssata Bah,F,1970-03-24,+22225207200,,15,Tiris Zemmour,OCCASIONAL,,SUSPENDED,2022-07-25,2024-08-19T12:43:09.715Z,2022-07-25T00:35:42.960Z,2024-08-19T12:43:09.715Z
6228,7602956184,Ndongo,Ndiaye,Ndongo Ndiaye,M,1976-05-27,+22224663352,,2,Nouakchott-Ouest,OCCASIONAL,,ACTIVE,2023-08-21,2024-01-15T14:13:11.661Z,2023-08-21T02:23:47.285Z,2024-01-15T14:13:11.661Z
6229,8404735045,Mounina,Ndour,Mounina Ndour,F,1984-01-10,+22246377841,,4,Dakhlet Nouadhibou,STANDARD,,ACTIVE,2024-05-12,2024-09-20T14:44:52.972Z,2024-05-12T20:29:32.788Z,2024-09-20T14:44:52.972Z
6230,7904574174,Ténin,Ly,Ténin Ly,F,1979-10-18,+22233528574,,4,Dakhlet Nouadhibou,STANDARD,,ACTIVE,2024-01-23,2024-04-15T11:37:07.648Z,2024-01-23T16:54:44.276Z,2024-04-15T11:37:07.648Z
6231,8203969580,Vatma,Mint Ahmedou,Vatma Mint Ahmedou,F,1982-10-17,+22249332132,,3,Nouakchott-Sud,STANDARD,,ACTIVE,2024-03-31,2024-07-19T19:36:56.801Z,2024-03-31T08:34:51.304Z,2024-07-19T19:36:56.801Z
6232,0315297737,Limam,Ould Abeih,Limam Ould Abeih,M,2003-10-08,+22237488486,,15,Tiris Zemmour,DORMANT,,INACTIVE,2023-01-13,2024-12-01T10:59:03.942Z,2023-01-13T00:33:54.398Z,2024-12-01T10:59:03.942Z
6233,9304954251,Houda,Mint Isselmou,Houda Mint Isselmou,F,1993-02-22,+22222864469,,4,Dakhlet Nouadhibou,STANDARD,,ACTIVE,2022-10-01,2024-01-08T07:16:39.945Z,2022-10-01T02:56:59.766Z,2024-01-08T07:16:39.945Z
6234,0002306225,Bintou,Barry,Bintou Barry,F,2000-03-07,+22243336353,,2,Nouakchott-Ouest,STANDARD,,ACTIVE,2022-12-04,2023-11-26T10:11:12.760Z,2022-12-04T03:42:39.567Z,2023-11-26T10:11:12.760Z
6235,6803988136,Aminata,Sall,Aminata Sall,F,1968-04-28,+22222487188,aminata.sall73@hotmail.fr,3,Nouakchott-Sud,DORMANT,,ACTIVE,2022-07-25,2022-08-31T05:16:09.203Z,2022-07-25T15:46:50.984Z,2022-08-31T05:16:09.203Z
6236,8504411867,Ahmedou,Ould Khatri,Ahmedou Ould Khatri,M,1985-03-13,+22237863504,,4,Dakhlet Nouadhibou,ACTIVE,,ACTIVE,2022-04-28,2023-12-25T05:22:30.079Z,2022-04-28T12:22:42.588Z,2023-12-25T05:22:30.079Z
6237,0503354044,Cheikh Sidiya,Baldé,Cheikh Sidiya Baldé,M,2005-01-26,+22222049865,,3,Nouakchott-Sud,OCCASIONAL,,ACTIVE,2023-05-22,2024-06-09T11:56:19.908Z,2023-05-22T03:00:20.424Z,2024-06-09T11:56:19.908Z
6238,7403866543,Salif,Diallo,Salif Diallo,M,1974-02-24,+22249134646,,3,Nouakchott-Sud,DORMANT,,ACTIVE,2024-04-14,2024-08-22T03:32:59.583Z,2024-04-14T01:14:08.445Z,2024-08-22T03:32:59.583Z
6239,7709731992,Assa,Baldé,Assa Baldé,F,1977-12-25,+22224471475,assa.baldé304@hotmail.fr,9,Assaba,STANDARD,,ACTIVE,2024-09-21,2024-10-15T03:49:49.059Z,2024-09-21T01:19:27.896Z,2024-10-15T03:49:49.059Z
6240,8215183075,Nouh,Diop,Nouh Diop,M,1982-02-19,+22237232012,,15,Tiris Zemmour,STANDARD,,ACTIVE,2024-09-11,2024-11-09T02:55:52.124Z,2024-09-11T21:26:08.472Z,2024-11-09T02:55:52.124Z
6241,7801132440,Tamba,Anne,Tamba Anne,M,1978-09-22,+22222779697,tamba.anne765@outlook.com,1,Nouakchott-Nord,STANDARD,,ACTIVE,2022-09-14,2024-11-08T00:23:13.583Z,2022-09-14T03:00:01.308Z,2024-11-08T00:23:13.583Z
6242,8702205048,Assa,Fall,Assa Fall,F,1987-01-04,+22222467181,,2,Nouakchott-Ouest,PREMIUM,,ACTIVE,2022-02-21,2024-12-08T00:47:57.888Z,2022-02-21T21:17:00.494Z,2024-12-08T00:47:57.888Z
6243,6312068028,Isselmou,Ould El Mamy,Isselmou Ould El Mamy,M,1963-02-04,+22242374033,,12,Adrar,STANDARD,,ACTIVE,2023-03-07,2024-01-28T17:48:47.147Z,2023-03-07T05:17:44.987Z,2024-01-28T17:48:47.147Z
6244,7101672756,Abdel Kader,Ndiaye,Abdel Kader Ndiaye,M,1971-10-10,+22222699641,abdelkader.ndiaye360@gmail.com,1,Nouakchott-Nord,OCCASIONAL,,ACTIVE,2022-11-01,2024-12-18T06:09:17.797Z,2022-11-01T03:04:11.654Z,2024-12-18T06:09:17.797Z
6245,7102801784,Minetou,Sall,Minetou Sall,F,1971-11-18,+22223322441,,2,Nouakchott-Ouest,STANDARD,,ACTIVE,2023-08-24,2023-12-07T09:49:20.539Z,2023-08-24T10:49:42.571Z,2023-12-07T09:49:20.539Z
6246,8702144916,Vall,Dia,Vall Dia,M,1987-01-21,+22232253846,,2,Nouakchott-Ouest,STANDARD,,ACTIVE,2022-07-19,2022-08-13T08:18:30.022Z,2022-07-19T01:53:09.280Z,2022-08-13T08:18:30.022Z
6247,8501365491,Oumou,Diop,Oumou Diop,F,1985-08-20,+22233122765,oumou.diop177@outlook.com,1,Nouakchott-Nord,ACTIVE,,ACTIVE,2022-08-08,2024-04-20T13:54:21.724Z,2022-08-08T02:36:50.499Z,2024-04-20T13:54:21.724Z
6248,8010362831,Massamba,Dia,Massamba Dia,M,1980-10-07,+22223349708,,10,Hodh Ech Chargui,ACTIVE,,ACTIVE,2023-01-30,2023-05-11T07:45:12.112Z,2023-01-30T09:15:41.458Z,2023-05-11T07:45:12.112Z
6249,0002012083,Binta,Ndiaye,Binta Ndiaye,F,2000-07-23,+22236023598,binta.ndiaye557@hotmail.fr,2,Nouakchott-Ouest,STANDARD,,ACTIVE,2023-12-22,2023-12-30T23:32:00.703Z,2023-12-22T16:23:15.581Z,2023-12-30T23:32:00.703Z
6250,9504756028,Abdel Kader,Ould Messoud,Abdel Kader Ould Messoud,M,1995-10-01,+22232033319,abdelkader.ouldmessoud716@yahoo.fr,4,Dakhlet Nouadhibou,STANDARD,,ACTIVE,2024-08-26,2024-09-18T18:55:18.806Z,2024-08-26T13:27:23.216Z,2024-09-18T18:55:18.806Z
6251,6703382616,Jemila,Mint Tourad,Jemila Mint Tourad,F,1967-04-03,+22236595906,jemila.minttourad191@hotmail.fr,3,Nouakchott-Sud,OCCASIONAL,,ACTIVE,2023-02-07,2023-06-03T20:01:38.156Z,2023-02-07T10:55:00.453Z,2023-06-03T20:01:38.156Z
6252,6702719631,Gaoussou,Fall,Gaoussou Fall,M,1967-07-14,+22246941260,gaoussou.fall779@yahoo.fr,2,Nouakchott-Ouest,STANDARD,,ACTIVE,2024-12-20,2024-12-25T10:06:43.924Z,2024-12-20T04:09:04.965Z,2024-12-25T10:06:43.924Z
6253,0207019661,Khadijetou,Mint Tourad,Khadijetou Mint Tourad,F,2002-01-06,+22246217921,khadijetou.minttourad836@yahoo.fr,7,Gorgol,OCCASIONAL,,ACTIVE,2023-07-31,2024-12-20T01:14:07.464Z,2023-07-31T08:12:47.020Z,2024-12-20T01:14:07.464Z
6254,8402486956,Sira,Guèye,Sira Guèye,F,1984-09-15,+22247792247,,2,Nouakchott-Ouest,STANDARD,,ACTIVE,2023-03-12,2023-06-11T12:02:20.566Z,2023-03-12T17:37:45.425Z,2023-06-11T12:02:20.566Z
6255,6801379138,Tekber,Mint Sidi,Tekber Mint Sidi,F,1968-06-25,+22223838728,,1,Nouakchott-Nord,STANDARD,,ACTIVE,2023-09-06,2024-07-21T01:38:38.939Z,2023-09-06T16:07:25.132Z,2024-07-21T01:38:38.939Z
6256,6203948260,Dialika,Sy,Dialika Sy,F,1962-03-05,+22224461089,dialika.sy173@gmail.com,3,Nouakchott-Sud,STANDARD,,ACTIVE,2023-10-25,2024-07-12T21:53:17.685Z,2023-10-25T08:54:35.699Z,2024-07-12T21:53:17.685Z
6257,0501977829,Ahmed,Ould Khalil,Ahmed Ould Khalil,M,2005-11-15,+22234276086,,1,Nouakchott-Nord,PREMIUM,,INACTIVE,2023-06-12,2023-10-09T00:44:20.073Z,2023-06-12T23:05:31.272Z,2023-10-09T00:44:20.073Z
6258,8004453745,El Khalil,Diop,El Khalil Diop,M,1980-11-23,+22225908591,,4,Dakhlet Nouadhibou,STANDARD,,BLOCKED,2023-01-20,2023-06-21T22:28:06.766Z,2023-01-20T23:56:45.454Z,2023-06-21T22:28:06.766Z
6259,9209916354,Fatou,Niang,Fatou Niang,F,1992-04-17,+22225397050,,9,Assaba,ACTIVE,,ACTIVE,2022-10-25,2023-03-31T22:13:31.859Z,2022-10-25T21:08:44.389Z,2023-03-31T22:13:31.859Z
6260,6801846823,Lehbib,Ould Tourad,Lehbib Ould Tourad,M,1968-01-26,+22245827718,,1,Nouakchott-Nord,STANDARD,,ACTIVE,2023-01-25,2023-04-15T09:59:16.690Z,2023-01-25T17:06:26.066Z,2023-04-15T09:59:16.690Z
6261,7802962868,Boubacar,Bah,Boubacar Bah,M,1978-01-01,+22246377488,boubacar.bah759@gmail.com,2,Nouakchott-Ouest,OCCASIONAL,,ACTIVE,2023-09-29,2023-10-14T11:27:10.371Z,2023-09-29T07:37:26.691Z,2023-10-14T11:27:10.371Z
6262,7802445538,Aminetou,Mint Messoud,Aminetou Mint Messoud,F,1978-01-27,+22223399686,,2,Nouakchott-Ouest,STANDARD,,INACTIVE,2024-10-12,2024-11-17T23:28:26.853Z,2024-10-12T16:25:46.483Z,2024-11-17T23:28:26.853Z
6263,6603314856,Bassirou,Thiam,Bassirou Thiam,M,1966-08-17,+22232855642,bassirou.thiam960@yahoo.fr,3,Nouakchott-Sud,STANDARD,,ACTIVE,2024-07-25,2024-08-29T05:55:00.878Z,2024-07-25T19:33:35.919Z,2024-08-29T05:55:00.878Z
6264,9402258325,Maguette,Diarra,Maguette Diarra,M,1994-09-17,+22233675976,,2,Nouakchott-Ouest,ACTIVE,,PENDING_KYC,2022-09-05,2024-06-26T21:05:48.176Z,2022-09-05T06:48:32.304Z,2024-06-26T21:05:48.176Z
6265,9807411314,Awa,Diop,Awa Diop,F,1998-09-20,+22224195050,awa.diop100@outlook.com,7,Gorgol,ACTIVE,,ACTIVE,2022-09-26,2023-03-04T12:27:47.460Z,2022-09-26T10:57:56.567Z,2023-03-04T12:27:47.460Z
6266,6103074056,Ghalia,Kanouté,Ghalia Kanouté,F,1961-08-13,+22236008036,,3,Nouakchott-Sud,OCCASIONAL,,PENDING_KYC,2023-05-20,2024-03-07T18:52:31.575Z,2023-05-20T15:55:38.950Z,2024-03-07T18:52:31.575Z
6267,9101246799,Zein,Ould El Mokhtar,Zein Ould El Mokhtar,M,1991-10-22,+22246340374,,1,Nouakchott-Nord,ACTIVE,,ACTIVE,2022-01-11,2024-04-23T03:21:26.790Z,2022-01-11T11:54:58.796Z,2024-04-23T03:21:26.790Z
6268,9101224683,Nagi,Ould Lemrabott,Nagi Ould Lemrabott,M,1991-04-06,+22233411858,nagi.ouldlemrabott388@gmail.com,1,Nouakchott-Nord,OCCASIONAL,,ACTIVE,2023-01-23,2023-12-16T15:25:51.514Z,2023-01-23T15:19:33.757Z,2023-12-16T15:25:51.514Z
6269,8601139244,Vadel,Ould Abdallah,Vadel Ould Abdallah,M,1986-03-08,+22222571616,vadel.ouldabdallah168@hotmail.fr,1,Nouakchott-Nord,STANDARD,,ACTIVE,2024-12-22,2024-12-29T13:04:32.646Z,2024-12-22T18:55:59.141Z,2024-12-29T13:04:32.646Z
6270,0101091765,Hawa,Mint Vall,Hawa Mint Vall,F,2001-07-14,+22234884206,,1,Nouakchott-Nord,OCCASIONAL,,ACTIVE,2024-09-05,2024-10-31T05:29:15.271Z,2024-09-05T18:24:41.957Z,2024-10-31T05:29:15.271Z
6271,6801301302,Sidina,Ould El Hacen,Sidina Ould El Hacen,M,1968-05-12,+22224464980,sidina.ouldelhacen62@gmail.com,1,Nouakchott-Nord,STANDARD,,ACTIVE,2024-11-15,2024-11-20T07:07:35.191Z,2024-11-15T15:18:15.444Z,2024-11-20T07:07:35.191Z
6272,0106601576,Sekou,Ndiaye,Sekou Ndiaye,M,2001-10-15,+22225742268,,6,Brakna,STANDARD,,ACTIVE,2023-07-14,2024-03-12T05:33:20.210Z,2023-07-14T17:44:10.875Z,2024-03-12T05:33:20.210Z
6273,9807634298,Khalil,Baldé,Khalil Baldé,M,1998-11-04,+22224294016,,7,Gorgol,OCCASIONAL,,ACTIVE,2024-08-01,2024-10-01T07:12:47.358Z,2024-08-01T23:45:56.576Z,2024-10-01T07:12:47.358Z
6274,8215587400,Anta,Diop,Anta Diop,F,1982-05-13,+22233736611,anta.diop1@outlook.com,15,Tiris Zemmour,STANDARD,,ACTIVE,2024-10-30,2024-11-20T22:57:25.257Z,2024-10-30T08:48:05.017Z,2024-11-20T22:57:25.257Z
6275,7303959006,Doudou,Barry,Doudou Barry,M,1973-12-06,+22224016662,doudou.barry608@hotmail.fr,3,Nouakchott-Sud,STANDARD,,ACTIVE,2023-09-05,2024-07-25T06:12:32.523Z,2023-09-05T19:44:40.750Z,2024-07-25T06:12:32.523Z
6276,6604054229,Daba,Touré,Daba Touré,F,1966-06-02,+22247040052,daba.touré234@gmail.com,4,Dakhlet Nouadhibou,STANDARD,,ACTIVE,2024-03-27,2024-05-10T16:23:01.122Z,2024-03-27T03:42:56.735Z,2024-05-10T16:23:01.122Z
6277,7401213154,Lamine,Mbow,Lamine Mbow,M,1974-09-25,+22248700129,,1,Nouakchott-Nord,OCCASIONAL,,ACTIVE,2024-12-06,2024-12-10T19:19:34.626Z,2024-12-06T00:08:01.965Z,2024-12-10T19:19:34.626Z
6278,7401249412,Kadiatou,Diop,Kadiatou Diop,F,1974-01-27,+22236898089,,1,Nouakchott-Nord,ACTIVE,,ACTIVE,2022-04-07,2022-11-30T00:02:27.743Z,2022-04-07T12:48:06.984Z,2022-11-30T00:02:27.743Z
6279,9103657067,Rougui,Kane,Rougui Kane,F,1991-02-21,+22225694100,,3,Nouakchott-Sud,OCCASIONAL,,ACTIVE,2023-02-04,2023-05-31T09:58:52.414Z,2023-02-04T15:28:58.221Z,2023-05-31T09:58:52.414Z
6280,6102242535,Rokaya,Kanouté,Rokaya Kanouté,F,1961-05-08,+22232187896,rokaya.kanouté939@gmail.com,2,Nouakchott-Ouest,STANDARD,,PENDING_KYC,2023-01-09,2023-06-26T09:59:44.101Z,2023-01-09T10:43:24.209Z,2023-06-26T09:59:44.101Z
6281,8503347932,Amadou,Koné,Amadou Koné,M,1985-02-01,+22233102173,amadou.koné901@outlook.com,3,Nouakchott-Sud,OCCASIONAL,,ACTIVE,2023-10-07,2023-11-09T19:37:04.973Z,2023-10-07T23:33:20.227Z,2023-11-09T19:37:04.973Z
6282,7103809817,Khadijetou,Mint Khatri,Khadijetou Mint Khatri,F,1971-03-24,+22232215527,khadijetou.mintkhatri971@yahoo.fr,3,Nouakchott-Sud,STANDARD,,ACTIVE,2023-01-08,2023-11-08T00:34:22.586Z,2023-01-08T17:57:54.904Z,2023-11-08T00:34:22.586Z
6283,6601230097,Mohamed,Ould Habiboullah,Mohamed Ould Habiboullah,M,1966-06-27,+22232572760,mohamed.ouldhabiboullah971@yahoo.fr,1,Nouakchott-Nord,STANDARD,,ACTIVE,2022-02-18,2024-07-26T13:05:47.779Z,2022-02-18T21:02:26.298Z,2024-07-26T13:05:47.779Z
6284,9402184558,Ghalia,Fofana,Ghalia Fofana,F,1994-02-07,+22244971789,ghalia.fofana871@hotmail.fr,2,Nouakchott-Ouest,DORMANT,,ACTIVE,2024-06-21,2024-10-26T10:16:39.012Z,2024-06-21T12:10:16.111Z,2024-10-26T10:16:39.012Z
6285,9705391318,Koumba,Baldé,Koumba Baldé,F,1997-07-09,+22233303749,koumba.baldé585@yahoo.fr,5,Trarza,STANDARD,,ACTIVE,2024-04-22,2024-09-08T03:51:30.863Z,2024-04-22T12:43:57.756Z,2024-09-08T03:51:30.863Z
6286,6602559867,Houda,Mint Limam,Houda Mint Limam,F,1966-08-24,+22222763102,houda.mintlimam121@hotmail.fr,2,Nouakchott-Ouest,OCCASIONAL,,ACTIVE,2023-05-05,2024-01-01T12:55:34.973Z,2023-05-05T18:22:20.852Z,2024-01-01T12:55:34.973Z
6287,9801433884,Kadiatou,Touré,Kadiatou Touré,F,1998-08-12,+22235176226,kadiatou.touré149@yahoo.fr,1,Nouakchott-Nord,STANDARD,,ACTIVE,2022-12-12,2024-01-11T15:43:45.555Z,2022-12-12T21:04:27.218Z,2024-01-11T15:43:45.555Z
6288,8602049032,Sory,Dia,Sory Dia,M,1986-07-16,+22241565577,,2,Nouakchott-Ouest,STANDARD,,ACTIVE,2022-08-05,2022-09-16T18:29:17.234Z,2022-08-05T05:17:38.819Z,2022-09-16T18:29:17.234Z
6289,6504022964,Bakary,Sall,Bakary Sall,M,1965-01-18,+22248249504,,4,Dakhlet Nouadhibou,STANDARD,,SUSPENDED,2023-08-01,2024-09-11T12:56:43.441Z,2023-08-01T04:34:20.914Z,2024-09-11T12:56:43.441Z
6290,7001936949,Tacko,Diop,Tacko Diop,F,1970-12-14,+22224410993,tacko.diop10@yahoo.fr,1,Nouakchott-Nord,VIP,,ACTIVE,2024-08-18,2024-11-04T17:39:08.587Z,2024-08-18T15:08:04.175Z,2024-11-04T17:39:08.587Z
6291,6706592151,Mahfoudh,Ould El Hacen,Mahfoudh Ould El Hacen,M,1967-08-24,+22223271123,,6,Brakna,OCCASIONAL,,SUSPENDED,2024-02-19,2024-07-20T12:41:09.486Z,2024-02-19T20:53:00.587Z,2024-07-20T12:41:09.486Z
6292,9109021125,Karounga,Sissoko,Karounga Sissoko,M,1991-03-06,+22237548773,karounga.sissoko718@outlook.com,9,Assaba,OCCASIONAL,,ACTIVE,2022-06-21,2024-07-03T04:41:22.050Z,2022-06-21T13:42:46.766Z,2024-07-03T04:41:22.050Z
6293,0206052612,Kelthoum,Mint Ghali,Kelthoum Mint Ghali,F,2002-12-02,+22247077968,,6,Brakna,STANDARD,,PENDING_KYC,2024-01-23,2024-03-04T04:39:09.713Z,2024-01-23T08:23:30.521Z,2024-03-04T04:39:09.713Z
6294,6602031019,Habiba,Thiaw,Habiba Thiaw,F,1966-01-20,+22232566461,,2,Nouakchott-Ouest,ACTIVE,,ACTIVE,2022-06-04,2023-09-01T04:41:32.917Z,2022-06-04T19:02:12.258Z,2023-09-01T04:41:32.917Z
6295,0515893494,Awa,Ndiaye,Awa Ndiaye,F,2005-09-16,+22241190144,,15,Tiris Zemmour,STANDARD,,ACTIVE,2024-07-17,2024-10-25T15:20:42.973Z,2024-07-17T03:11:43.531Z,2024-10-25T15:20:42.973Z
6296,8406351333,Aichetou,Mint El Hacen,Aichetou Mint El Hacen,F,1984-05-06,+22224217370,aichetou.mintelhacen608@outlook.com,6,Brakna,STANDARD,,ACTIVE,2024-03-13,2024-06-25T19:52:17.580Z,2024-03-13T16:00:30.969Z,2024-06-25T19:52:17.580Z
6297,8909584610,Mounina,Camara,Mounina Camara,F,1989-04-14,+22236149813,mounina.camara152@yahoo.fr,9,Assaba,STANDARD,,ACTIVE,2024-06-02,2024-09-23T11:17:24.324Z,2024-06-02T15:40:44.881Z,2024-09-23T11:17:24.324Z
6298,0502487961,Aichetou,Mint Tourad,Aichetou Mint Tourad,F,2005-06-18,+22222160516,,2,Nouakchott-Ouest,OCCASIONAL,,ACTIVE,2022-07-21,2024-03-09T18:52:14.695Z,2022-07-21T22:23:08.904Z,2024-03-09T18:52:14.695Z
6299,8109627182,Abdoulaye,Ly,Abdoulaye Ly,M,1981-11-22,+22234557137,,9,Assaba,ACTIVE,,ACTIVE,2022-03-09,2023-09-16T02:07:23.377Z,2022-03-09T10:49:42.282Z,2023-09-16T02:07:23.377Z
6300,6003059384,Souleymane,Ould Dah,Souleymane Ould Dah,M,1960-08-25,+22235503463,,3,Nouakchott-Sud,OCCASIONAL,,ACTIVE,2022-02-10,2023-06-16T10:14:17.378Z,2022-02-10T05:46:43.467Z,2023-06-16T10:14:17.378Z
6301,6802024631,Lamine,Doucouré,Lamine Doucouré,M,1968-11-09,+22225279227,,2,Nouakchott-Ouest,STANDARD,,ACTIVE,2024-09-07,2024-09-15T11:42:23.094Z,2024-09-07T10:28:38.249Z,2024-09-15T11:42:23.094Z
6302,7414349383,Dado,Guèye,Dado Guèye,F,1974-04-16,+22223598675,dado.guèye502@yahoo.fr,14,Inchiri,STANDARD,,ACTIVE,2022-04-06,2022-09-05T08:24:34.540Z,2022-04-06T04:37:17.802Z,2022-09-05T08:24:34.540Z
6303,6213306573,Mbareck,Diallo,Mbareck Diallo,M,1962-02-16,+22224011618,,13,Tagant,ACTIVE,,ACTIVE,2022-05-16,2023-09-25T03:56:39.155Z,2022-05-16T05:44:39.115Z,2023-09-25T03:56:39.155Z
6304,8201649448,Tekber,Mint Taleb,Tekber Mint Taleb,F,1982-07-04,+22232500721,,1,Nouakchott-Nord,STANDARD,,ACTIVE,2024-10-05,2024-11-21T18:41:01.335Z,2024-10-05T05:03:24.585Z,2024-11-21T18:41:01.335Z
6305,9602001738,Houda,Mint El Mokhtar,Houda Mint El Mokhtar,F,1996-02-28,+22237015795,houda.mintelmokhtar364@outlook.com,2,Nouakchott-Ouest,STANDARD,,ACTIVE,2023-02-23,2023-11-19T06:00:23.849Z,2023-02-23T17:40:49.786Z,2023-11-19T06:00:23.849Z
6306,9101241592,Lamine,Mbaye,Lamine Mbaye,M,1991-04-19,+22222735191,,1,Nouakchott-Nord,STANDARD,,ACTIVE,2023-12-05,2024-12-29T00:33:58.117Z,2023-12-05T05:43:48.397Z,2024-12-29T00:33:58.117Z
6307,0502684511,Mokhtar,Ould Abdallah,Mokhtar Ould Abdallah,M,2005-02-02,+22247751716,,2,Nouakchott-Ouest,STANDARD,,ACTIVE,2022-08-21,2024-04-06T06:58:05.487Z,2022-08-21T06:55:31.719Z,2024-04-06T06:58:05.487Z
6308,6903771058,Safiya,Cissé,Safiya Cissé,F,1969-10-18,+22247392950,safiya.cissé308@gmail.com,3,Nouakchott-Sud,STANDARD,,ACTIVE,2023-12-20,2024-05-12T01:06:06.630Z,2023-12-20T15:19:17.157Z,2024-05-12T01:06:06.630Z
6309,6602269685,Khalil,Ould Abeih,Khalil Ould Abeih,M,1966-07-26,+22234780456,khalil.ouldabeih32@yahoo.fr,2,Nouakchott-Ouest,OCCASIONAL,,ACTIVE,2024-01-25,2024-05-18T00:06:29.780Z,2024-01-25T09:56:51.156Z,2024-05-18T00:06:29.780Z
6310,6901371322,Issa,Ndiaye,Issa Ndiaye,M,1969-04-23,+22244955024,issa.ndiaye78@hotmail.fr,1,Nouakchott-Nord,ACTIVE,,INACTIVE,2024-03-20,2024-03-25T23:28:44.231Z,2024-03-20T15:22:46.264Z,2024-03-25T23:28:44.231Z
6311,0204450689,Cheibany,Ould Khatri,Cheibany Ould Khatri,M,2002-02-26,+22224717437,,4,Dakhlet Nouadhibou,STANDARD,,PENDING_KYC,2023-08-08,2023-10-19T14:57:03.445Z,2023-08-08T10:07:53.380Z,2023-10-19T14:57:03.445Z
6312,9702684039,Mariam,Mint Mohamed,Mariam Mint Mohamed,F,1997-12-15,+22225472535,,2,Nouakchott-Ouest,DORMANT,,ACTIVE,2022-12-28,2023-12-23T01:53:56.025Z,2022-12-28T01:50:16.345Z,2023-12-23T01:53:56.025Z
6313,7409311476,Dialika,Cissé,Dialika Cissé,F,1974-07-21,+22243297405,dialika.cissé807@yahoo.fr,9,Assaba,ACTIVE,,ACTIVE,2022-03-21,2023-11-24T20:18:49.129Z,2022-03-21T11:48:10.344Z,2023-11-24T20:18:49.129Z
6314,8012784415,El Khalil,Ould Horma,El Khalil Ould Horma,M,1980-10-20,+22236206624,,12,Adrar,OCCASIONAL,,ACTIVE,2023-07-08,2024-01-12T09:47:14.474Z,2023-07-08T22:22:44.819Z,2024-01-12T09:47:14.474Z
6315,6301593759,Banna,Ndiaye,Banna Ndiaye,F,1963-07-20,+22222987732,,1,Nouakchott-Nord,STANDARD,,ACTIVE,2022-01-07,2024-07-30T07:50:39.248Z,2022-01-07T15:24:40.329Z,2024-07-30T07:50:39.248Z
6316,0204098676,Aissata,Mint Khalil,Aissata Mint Khalil,F,2002-04-14,+22234330292,,4,Dakhlet Nouadhibou,OCCASIONAL,,ACTIVE,2022-03-23,2024-12-09T07:58:51.593Z,2022-03-23T06:18:09.761Z,2024-12-09T07:58:51.593Z
6317,8315607415,Dado,Fall,Dado Fall,F,1983-05-07,+22224124086,,15,Tiris Zemmour,ACTIVE,,ACTIVE,2024-08-08,2024-08-18T19:31:23.406Z,2024-08-08T19:02:08.770Z,2024-08-18T19:31:23.406Z
6318,7302495213,El Hacen,Ould Nagi,El Hacen Ould Nagi,M,1973-03-07,+22224930459,elhacen.ouldnagi146@gmail.com,2,Nouakchott-Ouest,ACTIVE,,ACTIVE,2022-12-09,2024-01-09T16:59:55.540Z,2022-12-09T20:42:44.452Z,2024-01-09T16:59:55.540Z
6319,6215805232,Rokaya,Mint Hamoud,Rokaya Mint Hamoud,F,1962-05-02,+22222656333,,15,Tiris Zemmour,ACTIVE,,ACTIVE,2024-12-12,2024-12-28T04:14:02.489Z,2024-12-12T14:45:39.937Z,2024-12-28T04:14:02.489Z
6320,8402736628,Zeinab,Mint El Mokhtar,Zeinab Mint El Mokhtar,F,1984-11-09,+22236723303,,2,Nouakchott-Ouest,STANDARD,,ACTIVE,2024-09-04,2024-09-04T21:31:12.052Z,2024-09-04T21:16:42.360Z,2024-09-04T21:31:12.052Z
6321,8903700861,Hawa,Sène,Hawa Sène,F,1989-06-14,+22223016515,,3,Nouakchott-Sud,STANDARD,,ACTIVE,2023-05-03,2024-04-19T13:03:12.962Z,2023-05-03T21:29:30.040Z,2024-04-19T13:03:12.962Z
6322,9002795529,Abdel Kader,Bah,Abdel Kader Bah,M,1990-06-17,+22235340510,,2,Nouakchott-Ouest,PREMIUM,,SUSPENDED,2023-09-05,2023-09-15T15:19:46.000Z,2023-09-05T13:32:07.452Z,2023-09-15T15:19:46.000Z
6323,6808319533,Karamoko,Tall,Karamoko Tall,M,1968-07-15,+22237752619,,8,Guidimaka,STANDARD,,ACTIVE,2024-07-21,2024-11-18T03:45:00.297Z,2024-07-21T10:59:36.918Z,2024-11-18T03:45:00.297Z
6324,6302316124,Zeinab,Doucouré,Zeinab Doucouré,F,1963-05-02,+22222767499,,2,Nouakchott-Ouest,OCCASIONAL,,INACTIVE,2022-09-14,2022-12-10T22:09:14.176Z,2022-09-14T17:41:58.399Z,2022-12-10T22:09:14.176Z
6325,9901668582,Abdel Rahman,Ould Moulaye,Abdel Rahman Ould Moulaye,M,1999-07-20,+22237332280,abdelrahman.ouldmoulaye773@yahoo.fr,1,Nouakchott-Nord,OCCASIONAL,,ACTIVE,2023-11-28,2024-03-13T21:48:07.127Z,2023-11-28T13:51:58.374Z,2024-03-13T21:48:07.127Z
6326,7504525435,Lehbib,Ould Vadel,Lehbib Ould Vadel,M,1975-07-23,+22235824973,,4,Dakhlet Nouadhibou,OCCASIONAL,,INACTIVE,2022-05-29,2024-01-30T18:48:04.736Z,2022-05-29T05:53:03.476Z,2024-01-30T18:48:04.736Z
6327,8206722939,Tourad,Sall,Tourad Sall,M,1982-07-10,+22243507419,,6,Brakna,STANDARD,,ACTIVE,2024-01-13,2024-03-25T23:07:53.473Z,2024-01-13T21:17:48.526Z,2024-03-25T23:07:53.473Z
6328,6102232433,Rokaya,Mint Limam,Rokaya Mint Limam,F,1961-09-16,+22232076658,,2,Nouakchott-Ouest,OCCASIONAL,,INACTIVE,2024-12-02,2024-12-15T21:11:48.392Z,2024-12-02T07:54:29.102Z,2024-12-15T21:11:48.392Z
6329,6503049995,Zahra,Thiaw,Zahra Thiaw,F,1965-12-24,+22225944526,zahra.thiaw20@hotmail.fr,3,Nouakchott-Sud,VIP,,ACTIVE,2022-08-02,2024-02-10T05:36:37.331Z,2022-08-02T18:42:14.811Z,2024-02-10T05:36:37.331Z
6330,7210120902,El Hadji,Wane,El Hadji Wane,M,1972-11-12,+22225077666,elhadji.wane927@hotmail.fr,10,Hodh Ech Chargui,STANDARD,,INACTIVE,2023-08-13,2023-10-14T20:00:04.536Z,2023-08-13T17:48:45.762Z,2023-10-14T20:00:04.536Z
6331,9307829008,Yaya,Camara,Yaya Camara,M,1993-03-24,+22222620445,yaya.camara216@hotmail.fr,7,Gorgol,OCCASIONAL,,ACTIVE,2023-02-09,2023-09-21T20:43:23.125Z,2023-02-09T14:13:03.019Z,2023-09-21T20:43:23.125Z
6332,7604762518,Souleymane,Bâ,Souleymane Bâ,M,1976-01-21,+22225359886,,4,Dakhlet Nouadhibou,DORMANT,,ACTIVE,2023-07-02,2024-04-17T01:35:38.424Z,2023-07-02T05:27:08.683Z,2024-04-17T01:35:38.424Z
6333,9403367428,Mariam,Mint Eleya,Mariam Mint Eleya,F,1994-11-11,+22225161916,mariam.minteleya409@yahoo.fr,3,Nouakchott-Sud,OCCASIONAL,,ACTIVE,2024-10-10,2024-12-21T05:35:46.475Z,2024-10-10T04:48:43.241Z,2024-12-21T05:35:46.475Z
6334,8202888073,Vall,Ould Bouha,Vall Ould Bouha,M,1982-03-23,+22233414670,,2,Nouakchott-Ouest,ACTIVE,,ACTIVE,2024-12-08,2024-12-10T21:20:03.695Z,2024-12-08T19:47:02.389Z,2024-12-10T21:20:03.695Z
6335,8415119650,El Hacen,Thiaw,El Hacen Thiaw,M,1984-02-13,+22234451482,,15,Tiris Zemmour,ACTIVE,,ACTIVE,2023-08-03,2024-12-22T19:55:57.404Z,2023-08-03T16:06:08.367Z,2024-12-22T19:55:57.404Z
6336,6104346992,Mahmoud,Ould Maloum,Mahmoud Ould Maloum,M,1961-02-03,+22232153365,mahmoud.ouldmaloum129@yahoo.fr,4,Dakhlet Nouadhibou,STANDARD,,ACTIVE,2023-06-22,2024-10-05T23:46:00.279Z,2023-06-22T12:52:18.643Z,2024-10-05T23:46:00.279Z
6337,7801477486,Mohamed Lemine,Touré,Mohamed Lemine Touré,M,1978-12-09,+22224811091,,1,Nouakchott-Nord,OCCASIONAL,,ACTIVE,2023-05-15,2024-12-02T14:36:26.203Z,2023-05-15T06:21:59.677Z,2024-12-02T14:36:26.203Z
6338,6101329675,Aminetou,Ndiaye,Aminetou Ndiaye,F,1961-12-15,+22223447244,,1,Nouakchott-Nord,DORMANT,,ACTIVE,2022-03-14,2022-08-24T17:29:07.922Z,2022-03-14T03:34:31.711Z,2022-08-24T17:29:07.922Z
6339,6903473406,Souleymane,Tall,Souleymane Tall,M,1969-03-03,+22222134021,,3,Nouakchott-Sud,OCCASIONAL,,ACTIVE,2023-06-20,2024-12-25T08:37:02.470Z,2023-06-20T10:35:01.740Z,2024-12-25T08:37:02.470Z
6340,9715244787,Aicha,Mint Salem,Aicha Mint Salem,F,1997-11-14,+22248800808,,15,Tiris Zemmour,ACTIVE,,ACTIVE,2023-09-16,2024-06-30T00:01:50.287Z,2023-09-16T18:42:15.034Z,2024-06-30T00:01:50.287Z
6341,9706909044,Hawa,Mint Jiddou,Hawa Mint Jiddou,F,1997-08-02,+22224902842,,6,Brakna,ACTIVE,,ACTIVE,2022-01-21,2023-04-19T00:19:52.551Z,2022-01-21T12:45:40.602Z,2023-04-19T00:19:52.551Z
6342,8109197364,Nouh,Ould Limam,Nouh Ould Limam,M,1981-04-24,+22222330299,,9,Assaba,ACTIVE,,ACTIVE,2022-11-21,2024-12-16T02:22:18.784Z,2022-11-21T17:38:53.584Z,2024-12-16T02:22:18.784Z
6343,9204679210,Malouma,Mint Horma,Malouma Mint Horma,F,1992-02-10,+22236055159,malouma.minthorma530@yahoo.fr,4,Dakhlet Nouadhibou,ACTIVE,,ACTIVE,2022-02-18,2024-11-29T16:04:35.955Z,2022-02-18T04:02:19.765Z,2024-11-29T16:04:35.955Z
6344,7601795724,Adama,Dia,Adama Dia,F,1976-10-21,+22224663286,,1,Nouakchott-Nord,STANDARD,,ACTIVE,2024-05-02,2024-07-31T13:25:33.637Z,2024-05-02T02:11:54.493Z,2024-07-31T13:25:33.637Z
6345,8303660084,Abdel Kader,Ould Abdallah,Abdel Kader Ould Abdallah,M,1983-04-06,+22232410791,,3,Nouakchott-Sud,PREMIUM,,ACTIVE,2024-03-17,2024-12-22T08:42:20.520Z,2024-03-17T09:13:41.473Z,2024-12-22T08:42:20.520Z
6346,7902655947,Makan,Sall,Makan Sall,M,1979-07-09,+22236273515,makan.sall876@gmail.com,2,Nouakchott-Ouest,DORMANT,,ACTIVE,2024-09-12,2024-12-16T05:37:18.723Z,2024-09-12T23:27:21.987Z,2024-12-16T05:37:18.723Z
6347,8102072112,Aissata,Koné,Aissata Koné,F,1981-12-01,+22233126478,aissata.koné687@gmail.com,2,Nouakchott-Ouest,STANDARD,,SUSPENDED,2022-08-30,2024-09-17T08:14:58.813Z,2022-08-30T23:41:49.726Z,2024-09-17T08:14:58.813Z
6348,9605331210,Ahmed,Ould Abdallah,Ahmed Ould Abdallah,M,1996-02-02,+22225990299,ahmed.ouldabdallah124@outlook.com,5,Trarza,STANDARD,,ACTIVE,2022-11-10,2024-05-06T18:09:22.231Z,2022-11-10T05:11:10.463Z,2024-05-06T18:09:22.231Z
6349,8404665115,Toumani,Touré,Toumani Touré,M,1984-11-18,+22222872476,,4,Dakhlet Nouadhibou,ACTIVE,,ACTIVE,2022-06-18,2023-09-14T02:45:15.104Z,2022-06-18T15:33:23.820Z,2023-09-14T02:45:15.104Z
6350,6204338196,Ghali,Tall,Ghali Tall,M,1962-03-28,+22233883330,ghali.tall295@gmail.com,4,Dakhlet Nouadhibou,DORMANT,,ACTIVE,2024-11-01,2024-11-23T11:39:18.180Z,2024-11-01T15:06:20.511Z,2024-11-23T11:39:18.180Z
6351,6009048344,Naima,Mint Vadel,Naima Mint Vadel,F,1960-01-02,+22225547986,,9,Assaba,STANDARD,,ACTIVE,2022-01-17,2024-06-21T18:16:01.071Z,2022-01-17T09:50:44.216Z,2024-06-21T18:16:01.071Z
6352,8702377677,Abdallah,Ba,Abdallah Ba,M,1987-05-25,+22242339628,abdallah.ba331@outlook.com,2,Nouakchott-Ouest,DORMANT,,ACTIVE,2022-08-04,2023-01-28T14:33:53.067Z,2022-08-04T06:57:39.690Z,2023-01-28T14:33:53.067Z
6353,8102253977,Youssouf,Ould El Ghassem,Youssouf Ould El Ghassem,M,1981-04-12,+22225709682,,2,Nouakchott-Ouest,STANDARD,,ACTIVE,2024-04-15,2024-11-21T09:32:00.454Z,2024-04-15T06:34:17.065Z,2024-11-21T09:32:00.454Z
6354,7904795450,Nouh,Ndiaye,Nouh Ndiaye,M,1979-12-26,+22225745089,,4,Dakhlet Nouadhibou,OCCASIONAL,,ACTIVE,2022-01-30,2023-11-02T12:21:45.792Z,2022-01-30T22:27:01.525Z,2023-11-02T12:21:45.792Z
6355,8101696742,Nouhoum,Cissé,Nouhoum Cissé,M,1981-10-22,+22224999565,,1,Nouakchott-Nord,OCCASIONAL,,ACTIVE,2023-07-03,2024-12-10T09:51:56.411Z,2023-07-03T23:42:05.847Z,2024-12-10T09:51:56.411Z
6356,6501239646,Vall,Ould Vall,Vall Ould Vall,M,1965-05-10,+22236144172,,1,Nouakchott-Nord,OCCASIONAL,,ACTIVE,2022-12-27,2023-08-18T13:31:46.879Z,2022-12-27T14:54:21.232Z,2023-08-18T13:31:46.879Z
6357,6811684116,Zahra,Mint Ethmane,Zahra Mint Ethmane,F,1968-01-19,+22223915440,,11,Hodh El Gharbi,STANDARD,,ACTIVE,2023-07-21,2024-10-26T07:35:49.120Z,2023-07-21T21:45:56.784Z,2024-10-26T07:35:49.120Z
6358,7504761897,Mahjouba,Mint Tourad,Mahjouba Mint Tourad,F,1975-02-01,+22225419063,,4,Dakhlet Nouadhibou,ACTIVE,,ACTIVE,2023-04-04,2024-05-01T05:10:58.144Z,2023-04-04T09:41:06.037Z,2024-05-01T05:10:58.144Z
6359,9206143500,Bintou,Diagana,Bintou Diagana,F,1992-06-10,+22224647800,,6,Brakna,PREMIUM,,ACTIVE,2023-09-10,2023-12-11T01:59:30.477Z,2023-09-10T10:49:27.383Z,2023-12-11T01:59:30.477Z
6360,6602846833,Fatou,Thiam,Fatou Thiam,F,1966-10-22,+22234410568,fatou.thiam798@yahoo.fr,2,Nouakchott-Ouest,STANDARD,,ACTIVE,2022-06-16,2024-02-04T18:03:17.277Z,2022-06-16T11:56:02.423Z,2024-02-04T18:03:17.277Z
6361,6511115189,Vadel,Ould El Mamy,Vadel Ould El Mamy,M,1965-11-18,+22223321498,vadel.ouldelmamy501@outlook.com,11,Hodh El Gharbi,STANDARD,,ACTIVE,2024-12-18,2024-12-28T09:40:17.809Z,2024-12-18T05:12:44.407Z,2024-12-28T09:40:17.809Z
6362,9202377752,Abeih,Doucouré,Abeih Doucouré,M,1992-07-06,+22236044450,,2,Nouakchott-Ouest,ACTIVE,,PENDING_KYC,2023-11-14,2024-01-06T03:10:56.986Z,2023-11-14T05:07:16.642Z,2024-01-06T03:10:56.986Z
6363,8502660793,Aicha,Gaye,Aicha Gaye,F,1985-11-09,+22241574412,,2,Nouakchott-Ouest,STANDARD,,ACTIVE,2023-09-04,2024-12-15T16:52:45.137Z,2023-09-04T03:17:25.967Z,2024-12-15T16:52:45.137Z
6364,8303826471,Zein,Ould Messoud,Zein Ould Messoud,M,1983-06-20,+22225967716,zein.ouldmessoud719@hotmail.fr,3,Nouakchott-Sud,ACTIVE,,ACTIVE,2023-11-25,2024-01-29T17:12:38.587Z,2023-11-25T09:14:14.765Z,2024-01-29T17:12:38.587Z
6365,8903041544,El Mokhtar,Guèye,El Mokhtar Guèye,M,1989-08-10,+22225825853,,3,Nouakchott-Sud,ACTIVE,,ACTIVE,2022-10-22,2023-01-25T10:30:57.545Z,2022-10-22T05:29:10.405Z,2023-01-25T10:30:57.545Z
6366,8102429781,Coumba,Dieng,Coumba Dieng,F,1981-10-02,+22244016971,coumba.dieng970@gmail.com,2,Nouakchott-Ouest,VIP,,ACTIVE,2022-05-03,2023-09-19T16:18:33.764Z,2022-05-03T10:11:25.970Z,2023-09-19T16:18:33.764Z
6367,6112693198,Hafsata,Mint Saad,Hafsata Mint Saad,F,1961-04-14,+22234584521,hafsata.mintsaad12@gmail.com,12,Adrar,STANDARD,,ACTIVE,2022-08-26,2023-04-17T01:46:49.654Z,2022-08-26T03:40:34.627Z,2023-04-17T01:46:49.654Z
6368,7115575551,Khadija,Mint Abdel Aziz,Khadija Mint Abdel Aziz,F,1971-11-03,+22223166780,,15,Tiris Zemmour,STANDARD,,ACTIVE,2023-06-30,2024-04-24T12:26:40.372Z,2023-06-30T01:47:20.670Z,2024-04-24T12:26:40.372Z
6369,9903890086,Ghali,Ould Abdel Kader,Ghali Ould Abdel Kader,M,1999-07-26,+22232575304,,3,Nouakchott-Sud,STANDARD,,ACTIVE,2023-06-15,2023-09-20T10:57:29.117Z,2023-06-15T08:21:27.441Z,2023-09-20T10:57:29.117Z
6370,6802378857,Rokaya,Mint Moulaye,Rokaya Mint Moulaye,F,1968-04-16,+22223571335,rokaya.mintmoulaye822@outlook.com,2,Nouakchott-Ouest,OCCASIONAL,,PENDING_KYC,2024-05-08,2024-06-15T19:59:03.293Z,2024-05-08T07:44:00.447Z,2024-06-15T19:59:03.293Z
6371,8202272159,Sidi,Soumaré,Sidi Soumaré,M,1982-01-01,+22233249660,,2,Nouakchott-Ouest,PREMIUM,,ACTIVE,2024-03-15,2024-05-24T03:09:19.763Z,2024-03-15T15:10:57.389Z,2024-05-24T03:09:19.763Z
6372,6515838590,Kelthoum,Mint Ethmane,Kelthoum Mint Ethmane,F,1965-04-12,+22223622004,kelthoum.mintethmane497@outlook.com,15,Tiris Zemmour,STANDARD,,ACTIVE,2024-11-18,2024-12-18T14:08:29.868Z,2024-11-18T17:34:49.161Z,2024-12-18T14:08:29.868Z
6373,6001937602,Ténin,Anne,Ténin Anne,F,1960-03-03,+22232832380,,1,Nouakchott-Nord,OCCASIONAL,,ACTIVE,2024-02-16,2024-12-14T19:39:49.769Z,2024-02-16T13:38:39.457Z,2024-12-14T19:39:49.769Z
6374,0302790786,Zahra,Mint Abdel Aziz,Zahra Mint Abdel Aziz,F,2003-03-10,+22224220126,zahra.mintabdelaziz346@gmail.com,2,Nouakchott-Ouest,OCCASIONAL,,PENDING_KYC,2023-03-21,2023-07-01T23:17:53.776Z,2023-03-21T16:42:46.983Z,2023-07-01T23:17:53.776Z
6375,6001716270,El Mokhtar,Faye,El Mokhtar Faye,M,1960-03-17,+22222330333,,1,Nouakchott-Nord,OCCASIONAL,,ACTIVE,2023-04-10,2024-12-09T15:26:58.456Z,2023-04-10T06:04:59.260Z,2024-12-09T15:26:58.456Z
6376,9004781201,Coumba,Diarra,Coumba Diarra,F,1990-08-27,+22247449775,coumba.diarra548@hotmail.fr,4,Dakhlet Nouadhibou,STANDARD,,ACTIVE,2024-02-26,2024-11-06T18:21:01.247Z,2024-02-26T06:50:56.668Z,2024-11-06T18:21:01.247Z
6377,0103294447,Vadel,Ould El Mamy,Vadel Ould El Mamy,M,2001-07-02,+22225129259,,3,Nouakchott-Sud,STANDARD,,ACTIVE,2022-05-31,2023-07-26T13:07:51.927Z,2022-05-31T03:16:21.349Z,2023-07-26T13:07:51.927Z
6378,6801244612,Vatma,Ly,Vatma Ly,F,1968-02-03,+22234816053,vatma.ly889@yahoo.fr,1,Nouakchott-Nord,STANDARD,,ACTIVE,2022-09-21,2024-11-17T08:34:13.219Z,2022-09-21T02:48:24.267Z,2024-11-17T08:34:13.219Z
6379,0501207296,Alioune,Fall,Alioune Fall,M,2005-05-25,+22225527436,alioune.fall788@gmail.com,1,Nouakchott-Nord,ACTIVE,,ACTIVE,2024-03-23,2024-10-22T19:08:09.655Z,2024-03-23T05:41:08.980Z,2024-10-22T19:08:09.655Z
6380,7310403233,Tidiane,Niang,Tidiane Niang,M,1973-08-25,+22223180113,tidiane.niang575@hotmail.fr,10,Hodh Ech Chargui,ACTIVE,,ACTIVE,2022-04-24,2022-12-17T12:38:31.319Z,2022-04-24T14:46:42.407Z,2022-12-17T12:38:31.319Z
6381,8703457970,Abdel Rahman,Ould El Hacen,Abdel Rahman Ould El Hacen,M,1987-01-13,+22243730857,abdelrahman.ouldelhacen822@hotmail.fr,3,Nouakchott-Sud,STANDARD,,ACTIVE,2023-09-29,2023-12-23T00:01:13.829Z,2023-09-29T11:15:29.348Z,2023-12-23T00:01:13.829Z
6382,7606905788,Sory,Bathily,Sory Bathily,M,1976-12-19,+22223394600,sory.bathily316@yahoo.fr,6,Brakna,OCCASIONAL,,ACTIVE,2022-01-01,2023-10-21T07:09:47.610Z,2022-01-01T05:20:51.806Z,2023-10-21T07:09:47.610Z
6383,7115319030,Aicha,Fall,Aicha Fall,F,1971-01-07,+22224658112,,15,Tiris Zemmour,ACTIVE,,ACTIVE,2024-01-11,2024-06-24T13:28:03.905Z,2024-01-11T04:00:06.453Z,2024-06-24T13:28:03.905Z
6384,9703237562,Saidou,Ndiaye,Saidou Ndiaye,M,1997-05-05,+22225375861,saidou.ndiaye386@yahoo.fr,3,Nouakchott-Sud,ACTIVE,,ACTIVE,2024-01-04,2024-07-12T11:25:19.097Z,2024-01-04T20:22:57.708Z,2024-07-12T11:25:19.097Z
6385,9103337758,Vall,Ould Dah,Vall Ould Dah,M,1991-08-01,+22249094867,,3,Nouakchott-Sud,STANDARD,,ACTIVE,2022-09-01,2023-11-08T19:44:08.515Z,2022-09-01T22:39:51.788Z,2023-11-08T19:44:08.515Z
6386,6109722973,Sira,Mbow,Sira Mbow,F,1961-12-03,+22224489348,sira.mbow153@yahoo.fr,9,Assaba,OCCASIONAL,,PENDING_KYC,2024-01-20,2024-02-28T16:21:34.768Z,2024-01-20T02:03:09.040Z,2024-02-28T16:21:34.768Z
6387,8902958854,Ahmed Salem,Gaye,Ahmed Salem Gaye,M,1989-11-18,+22223522833,ahmedsalem.gaye68@yahoo.fr,2,Nouakchott-Ouest,STANDARD,,ACTIVE,2024-02-16,2024-11-18T22:57:51.704Z,2024-02-16T19:43:10.614Z,2024-11-18T22:57:51.704Z
6388,7903450222,Malouma,Mint Isselmou,Malouma Mint Isselmou,F,1979-08-07,+22225963515,,3,Nouakchott-Sud,STANDARD,,ACTIVE,2022-12-12,2024-08-14T21:17:07.529Z,2022-12-12T17:03:17.348Z,2024-08-14T21:17:07.529Z
6389,0410668072,Naha,Mbow,Naha Mbow,F,2004-03-23,+22223421054,naha.mbow390@yahoo.fr,10,Hodh Ech Chargui,OCCASIONAL,,ACTIVE,2023-11-10,2023-12-05T13:08:28.989Z,2023-11-10T10:41:18.673Z,2023-12-05T13:08:28.989Z
6390,7602457731,Vall,Bathily,Vall Bathily,M,1976-11-24,+22236910018,,2,Nouakchott-Ouest,OCCASIONAL,,ACTIVE,2022-06-18,2023-11-18T18:24:00.979Z,2022-06-18T07:26:16.488Z,2023-11-18T18:24:00.979Z
6391,8501783574,Anta,Dieng,Anta Dieng,F,1985-01-06,+22237350158,,1,Nouakchott-Nord,PREMIUM,,ACTIVE,2023-03-05,2023-08-01T18:47:35.174Z,2023-03-05T19:39:25.825Z,2023-08-01T18:47:35.174Z
6392,7502786768,Souleymane,Kanouté,Souleymane Kanouté,M,1975-11-12,+22237428147,souleymane.kanouté725@outlook.com,2,Nouakchott-Ouest,DORMANT,,ACTIVE,2024-12-07,2024-12-11T04:32:08.042Z,2024-12-07T04:39:32.362Z,2024-12-11T04:32:08.042Z
6393,0304499065,Zahra,Bathily,Zahra Bathily,F,2003-09-24,+22225502234,,4,Dakhlet Nouadhibou,STANDARD,,ACTIVE,2024-10-11,2024-12-15T18:49:31.703Z,2024-10-11T03:09:30.303Z,2024-12-15T18:49:31.703Z
6394,9802770878,Abdoul,Sy,Abdoul Sy,M,1998-12-07,+22222227849,,2,Nouakchott-Ouest,PREMIUM,,ACTIVE,2024-06-27,2024-08-05T08:13:25.157Z,2024-06-27T18:02:54.204Z,2024-08-05T08:13:25.157Z
6395,6202366229,Lamine,Sarr,Lamine Sarr,M,1962-03-13,+22225210964,lamine.sarr956@outlook.com,2,Nouakchott-Ouest,STANDARD,,ACTIVE,2023-02-25,2024-06-08T03:29:28.432Z,2023-02-25T04:51:18.063Z,2024-06-08T03:29:28.432Z
6396,8404040921,Saidou,Ly,Saidou Ly,M,1984-05-24,+22235607857,saidou.ly956@outlook.com,4,Dakhlet Nouadhibou,OCCASIONAL,,PENDING_KYC,2023-07-04,2024-02-28T03:01:00.564Z,2023-07-04T08:09:25.581Z,2024-02-28T03:01:00.564Z
6397,0502990173,Koumba,Koita,Koumba Koita,F,2005-07-05,+22224446709,koumba.koita124@outlook.com,2,Nouakchott-Ouest,ACTIVE,,ACTIVE,2024-09-14,2024-12-25T06:43:27.180Z,2024-09-14T03:15:49.336Z,2024-12-25T06:43:27.180Z
6398,8704253841,Minetou,Mint Nagi,Minetou Mint Nagi,F,1987-03-03,+22224020055,,4,Dakhlet Nouadhibou,PREMIUM,,ACTIVE,2023-12-30,2024-04-29T00:49:48.559Z,2023-12-30T11:28:46.846Z,2024-04-29T00:49:48.559Z
6399,8006819282,Rokaya,Mint Abeih,Rokaya Mint Abeih,F,1980-03-19,+22243942148,,6,Brakna,STANDARD,,ACTIVE,2022-12-04,2023-05-21T18:43:38.439Z,2022-12-04T01:33:54.032Z,2023-05-21T18:43:38.439Z
6400,9910344314,Saliou,Doucouré,Saliou Doucouré,M,1999-01-10,+22248957637,saliou.doucouré518@outlook.com,10,Hodh Ech Chargui,ACTIVE,,ACTIVE,2024-02-06,2024-11-14T19:25:23.346Z,2024-02-06T16:00:23.660Z,2024-11-14T19:25:23.346Z
6401,9602519158,Serigne,Sakho,Serigne Sakho,M,1996-06-21,+22241887092,,2,Nouakchott-Ouest,STANDARD,,ACTIVE,2024-07-21,2024-11-30T08:45:13.796Z,2024-07-21T03:58:47.954Z,2024-11-30T08:45:13.796Z
6402,6401818132,Djibril,Baldé,Djibril Baldé,M,1964-04-03,+22235412025,,1,Nouakchott-Nord,STANDARD,,ACTIVE,2023-07-24,2024-10-23T04:06:50.668Z,2023-07-24T19:45:02.251Z,2024-10-23T04:06:50.668Z
6403,8615597135,Mohamed Yahya,Ould Eleya,Mohamed Yahya Ould Eleya,M,1986-01-01,+22232590139,mohamedyahya.ouldeleya165@gmail.com,15,Tiris Zemmour,DORMANT,,ACTIVE,2024-04-10,2024-09-05T14:30:00.761Z,2024-04-10T11:20:01.505Z,2024-09-05T14:30:00.761Z
6404,8411975847,Ndongo,Ba,Ndongo Ba,M,1984-05-14,+22249600041,ndongo.ba108@outlook.com,11,Hodh El Gharbi,STANDARD,,ACTIVE,2022-08-03,2022-11-13T08:31:46.620Z,2022-08-03T18:16:11.894Z,2022-11-13T08:31:46.620Z
6405,7601982654,Sira,Fall,Sira Fall,F,1976-02-02,+22224462214,,1,Nouakchott-Nord,STANDARD,,ACTIVE,2022-09-24,2023-07-31T17:27:44.801Z,2022-09-24T05:56:45.114Z,2023-07-31T17:27:44.801Z
6406,7602483695,Cheikhna,Ould El Mamy,Cheikhna Ould El Mamy,M,1976-08-25,+22222842537,cheikhna.ouldelmamy330@hotmail.fr,2,Nouakchott-Ouest,STANDARD,,ACTIVE,2024-12-08,2024-12-13T00:55:36.097Z,2024-12-08T20:00:45.694Z,2024-12-13T00:55:36.097Z
6407,6001529036,Defa,Ndiaye,Defa Ndiaye,F,1960-09-14,+22224488731,,1,Nouakchott-Nord,OCCASIONAL,,ACTIVE,2022-08-31,2023-12-24T15:13:48.886Z,2022-08-31T06:36:29.330Z,2023-12-24T15:13:48.886Z
6408,8604530398,Seynabou,Baldé,Seynabou Baldé,F,1986-11-07,+22233899445,,4,Dakhlet Nouadhibou,STANDARD,,ACTIVE,2022-05-23,2024-05-29T13:49:10.699Z,2022-05-23T22:35:29.585Z,2024-05-29T13:49:10.699Z
6409,0003020195,Mariem,Mint Abdallah,Mariem Mint Abdallah,F,2000-10-01,+22235396642,,3,Nouakchott-Sud,STANDARD,,ACTIVE,2022-02-02,2022-02-27T14:22:08.210Z,2022-02-02T08:25:43.473Z,2022-02-27T14:22:08.210Z
6410,6602985826,Naha,Mint Ahmed,Naha Mint Ahmed,F,1966-05-20,+22225999139,,2,Nouakchott-Ouest,STANDARD,,ACTIVE,2023-08-11,2024-10-31T16:55:45.380Z,2023-08-11T12:56:55.398Z,2024-10-31T16:55:45.380Z
6411,9701328921,Cheikhna,Ould El Hacen,Cheikhna Ould El Hacen,M,1997-06-09,+22222560132,cheikhna.ouldelhacen150@gmail.com,1,Nouakchott-Nord,ACTIVE,,ACTIVE,2024-07-22,2024-08-11T19:30:14.603Z,2024-07-22T10:03:09.759Z,2024-08-11T19:30:14.603Z
6412,8915429738,Nana,Kanouté,Nana Kanouté,F,1989-12-24,+22222257304,,15,Tiris Zemmour,STANDARD,,INACTIVE,2024-01-07,2024-06-23T09:34:35.214Z,2024-01-07T16:04:02.192Z,2024-06-23T09:34:35.214Z
6413,7202945728,Lemrabott,Ould Khalil,Lemrabott Ould Khalil,M,1972-12-14,+22235628189,lemrabott.ouldkhalil52@yahoo.fr,2,Nouakchott-Ouest,DORMANT,,ACTIVE,2023-04-08,2023-08-18T08:21:29.335Z,2023-04-08T16:45:25.712Z,2023-08-18T08:21:29.335Z
6414,6712023270,Saidou,Barry,Saidou Barry,M,1967-05-02,+22225015426,,12,Adrar,STANDARD,,ACTIVE,2024-03-28,2024-11-14T20:21:01.509Z,2024-03-28T13:45:42.057Z,2024-11-14T20:21:01.509Z
6415,6114398406,Ahmed Salem,Ould El Mokhtar,Ahmed Salem Ould El Mokhtar,M,1961-06-19,+22247912042,,14,Inchiri,STANDARD,,INACTIVE,2022-05-29,2022-10-07T15:58:31.286Z,2022-05-29T09:07:36.364Z,2022-10-07T15:58:31.286Z
6416,0302138771,Ghalia,Yatabaré,Ghalia Yatabaré,F,2003-07-21,+22224758267,ghalia.yatabaré353@hotmail.fr,2,Nouakchott-Ouest,OCCASIONAL,,ACTIVE,2024-04-21,2024-10-26T10:37:29.715Z,2024-04-21T14:46:03.810Z,2024-10-26T10:37:29.715Z
6417,8304706727,Hamoud,Sy,Hamoud Sy,M,1983-02-11,+22223360169,hamoud.sy438@yahoo.fr,4,Dakhlet Nouadhibou,STANDARD,,ACTIVE,2023-03-14,2023-03-25T13:12:41.882Z,2023-03-14T18:54:33.583Z,2023-03-25T13:12:41.882Z
6418,6507066987,Abdallah,Dramé,Abdallah Dramé,M,1965-03-13,+22237435303,,7,Gorgol,STANDARD,,ACTIVE,2024-03-30,2024-12-22T18:09:13.804Z,2024-03-30T03:17:11.767Z,2024-12-22T18:09:13.804Z
6419,6101127457,Sidiki,Mbaye,Sidiki Mbaye,M,1961-08-07,+22222716259,,1,Nouakchott-Nord,STANDARD,,ACTIVE,2024-08-26,2024-09-18T18:55:18.806Z,2024-08-26T13:27:23.216Z,2024-09-18T18:55:18.806Z
6420,6703209377,Jemila,Mint Tourad,Jemila Mint Tourad,F,1967-04-03,+22223686815,,3,Nouakchott-Sud,STANDARD,,ACTIVE,2022-05-03,2022-12-16T06:50:07.680Z,2022-05-03T04:07:54.023Z,2022-12-16T06:50:07.680Z
6421,6302466502,Aminetou,Mint Limam,Aminetou Mint Limam,F,1963-11-20,+22225296908,,2,Nouakchott-Ouest,STANDARD,,ACTIVE,2023-06-15,2024-03-31T21:34:24.733Z,2023-06-15T19:08:57.857Z,2024-03-31T21:34:24.733Z
6422,6203886069,Sidina,Ould Nagi,Sidina Ould Nagi,M,1962-03-23,+22233330082,,3,Nouakchott-Sud,OCCASIONAL,,ACTIVE,2022-03-20,2023-09-06T12:03:15.531Z,2022-03-20T10:52:18.807Z,2023-09-06T12:03:15.531Z
6423,9603151577,Nouhoum,Koita,Nouhoum Koita,M,1996-07-21,+22237673185,,3,Nouakchott-Sud,STANDARD,,ACTIVE,2024-02-24,2024-06-27T05:16:30.138Z,2024-02-24T18:27:54.672Z,2024-06-27T05:16:30.138Z
6424,6803024777,Ghali,Ould Ahmed,Ghali Ould Ahmed,M,1968-02-06,+22223290194,ghali.ouldahmed838@hotmail.fr,3,Nouakchott-Sud,STANDARD,,ACTIVE,2023-09-06,2024-07-21T01:38:38.939Z,2023-09-06T16:07:25.132Z,2024-07-21T01:38:38.939Z
6425,6203022320,Dialika,Sy,Dialika Sy,F,1962-03-05,+22234010090,dialika.sy25@outlook.com,3,Nouakchott-Sud,OCCASIONAL,,ACTIVE,2023-10-24,2023-11-17T19:22:23.884Z,2023-10-24T23:16:24.102Z,2023-11-17T19:22:23.884Z
6426,6804968944,Tiémoko,Dramé,Tiémoko Dramé,M,1968-10-28,+22225963293,,4,Dakhlet Nouadhibou,OCCASIONAL,,ACTIVE,2022-02-20,2022-10-02T22:52:51.899Z,2022-02-20T23:04:29.671Z,2022-10-02T22:52:51.899Z
6427,8012058183,Aïssata,Diakité,Aïssata Diakité,F,1980-03-26,+22224875833,aïssata.diakité627@gmail.com,12,Adrar,STANDARD,,ACTIVE,2022-12-26,2024-05-15T23:45:04.280Z,2022-12-26T11:05:39.433Z,2024-05-15T23:45:04.280Z
6428,7912397053,Bintou,Diop,Bintou Diop,F,1979-06-03,+22236219701,,12,Adrar,ACTIVE,,ACTIVE,2023-01-06,2023-08-15T17:26:31.141Z,2023-01-06T09:49:36.051Z,2023-08-15T17:26:31.141Z
6429,7903568828,Maloum,Ould El Mokhtar,Maloum Ould El Mokhtar,M,1979-11-27,+22222355902,maloum.ouldelmokhtar73@yahoo.fr,3,Nouakchott-Sud,STANDARD,,ACTIVE,2022-06-22,2022-07-15T09:37:51.438Z,2022-06-22T20:53:04.383Z,2022-07-15T09:37:51.438Z
6430,8506280593,Rokaya,Mint Hamadi,Rokaya Mint Hamadi,F,1985-05-09,+22223867365,,6,Brakna,DORMANT,,INACTIVE,2023-02-09,2023-05-02T14:52:10.442Z,2023-02-09T05:31:00.770Z,2023-05-02T14:52:10.442Z
6431,0202466549,Nouh,Ould Lemrabott,Nouh Ould Lemrabott,M,2002-06-06,+22233850335,,2,Nouakchott-Ouest,ACTIVE,,ACTIVE,2024-12-30,2024-12-30T22:25:38.910Z,2024-12-30T13:03:14.179Z,2024-12-30T22:25:38.910Z
6432,8001855647,Mahfoudh,Ould Khatri,Mahfoudh Ould Khatri,M,1980-01-18,+22225217666,,1,Nouakchott-Nord,STANDARD,,ACTIVE,2023-08-23,2024-09-17T00:40:51.702Z,2023-08-23T20:32:03.181Z,2024-09-17T00:40:51.702Z
6433,7109824067,Khadija,Mint Khatri,Khadija Mint Khatri,F,1971-10-22,+22237610220,,9,Assaba,OCCASIONAL,,ACTIVE,2023-01-07,2023-08-20T16:39:47.467Z,2023-01-07T17:22:55.242Z,2023-08-20T16:39:47.467Z
6434,9701160857,Fatoumata,Bathily,Fatoumata Bathily,F,1997-05-12,+22243162491,fatoumata.bathily245@gmail.com,1,Nouakchott-Nord,DORMANT,,PENDING_KYC,2023-10-20,2024-03-23T18:32:23.315Z,2023-10-20T22:17:26.336Z,2024-03-23T18:32:23.315Z
6435,9502966186,Moctar,Diarra,Moctar Diarra,M,1995-01-14,+22235329198,,2,Nouakchott-Ouest,STANDARD,,ACTIVE,2022-09-21,2024-12-08T18:58:44.901Z,2022-09-21T19:10:55.169Z,2024-12-08T18:58:44.901Z
6436,9504042543,Sidi Ahmed,Ould Ahmed,Sidi Ahmed Ould Ahmed,M,1995-06-14,+22225838138,,4,Dakhlet Nouadhibou,STANDARD,,PENDING_KYC,2024-03-02,2024-07-09T16:37:43.695Z,2024-03-02T16:09:33.689Z,2024-07-09T16:37:43.695Z
6437,8203332382,Mohamed Yahya,Ould Nenni,Mohamed Yahya Ould Nenni,M,1982-11-10,+22224610105,mohamedyahya.ouldnenni975@yahoo.fr,3,Nouakchott-Sud,ACTIVE,,ACTIVE,2022-05-28,2024-03-24T08:11:09.041Z,2022-05-28T02:27:00.695Z,2024-03-24T08:11:09.041Z
6438,9708208295,Kadiatou,Thiaw,Kadiatou Thiaw,F,1997-01-12,+22224514748,,8,Guidimaka,STANDARD,,ACTIVE,2022-06-09,2024-03-03T08:33:21.412Z,2022-06-09T10:26:43.097Z,2024-03-03T08:33:21.412Z
6439,0002287144,Khalil,Ould Abdel Kader,Khalil Ould Abdel Kader,M,2000-10-04,+22222245174,khalil.ouldabdelkader810@outlook.com,2,Nouakchott-Ouest,OCCASIONAL,,ACTIVE,2022-01-19,2024-08-01T09:28:42.956Z,2022-01-19T17:08:12.329Z,2024-08-01T09:28:42.956Z
6440,8701958570,Mariem,Mint Habiboullah,Mariem Mint Habiboullah,F,1987-06-10,+22224834758,,1,Nouakchott-Nord,PREMIUM,,ACTIVE,2022-05-18,2023-01-12T19:50:46.656Z,2022-05-18T15:44:03.357Z,2023-01-12T19:50:46.656Z
6441,6002389952,Bassirou,Diop,Bassirou Diop,M,1960-03-02,+22241307437,,2,Nouakchott-Ouest,DORMANT,,ACTIVE,2022-10-12,2023-09-29T03:42:25.772Z,2022-10-12T00:10:20.314Z,2023-09-29T03:42:25.772Z
6442,8101411400,Cheibany,Kane,Cheibany Kane,M,1981-04-04,+22225579840,,1,Nouakchott-Nord,STANDARD,,ACTIVE,2023-02-04,2024-10-31T12:21:02.399Z,2023-02-04T21:55:14.824Z,2024-10-31T12:21:02.399Z
6443,7609234461,Moussa,Fall,Moussa Fall,M,1976-03-20,+22224497046,moussa.fall72@outlook.com,9,Assaba,ACTIVE,,SUSPENDED,2022-08-05,2023-06-03T09:27:36.151Z,2022-08-05T02:06:06.382Z,2023-06-03T09:27:36.151Z
6444,6503587453,Mohamed,Niang,Mohamed Niang,M,1965-04-19,+22242383537,mohamed.niang641@hotmail.fr,3,Nouakchott-Sud,ACTIVE,,PENDING_KYC,2022-01-15,2024-03-19T10:27:35.277Z,2022-01-15T09:49:55.251Z,2024-03-19T10:27:35.277Z
6445,8105339672,Abdallah,Ould Zein,Abdallah Ould Zein,M,1981-04-01,+22245996262,,5,Trarza,OCCASIONAL,,ACTIVE,2023-04-18,2024-07-29T12:51:38.273Z,2023-04-18T04:22:08.602Z,2024-07-29T12:51:38.273Z
6446,9515733902,Oumou,Ndiaye,Oumou Ndiaye,F,1995-03-17,+22225314343,oumou.ndiaye861@outlook.com,15,Tiris Zemmour,STANDARD,,ACTIVE,2023-04-27,2024-04-26T05:13:35.430Z,2023-04-27T17:16:18.090Z,2024-04-26T05:13:35.430Z
6447,8102815139,Kani,Sakho,Kani Sakho,F,1981-12-03,+22223310565,kani.sakho955@outlook.com,2,Nouakchott-Ouest,ACTIVE,,ACTIVE,2024-10-20,2024-12-14T16:49:22.926Z,2024-10-20T12:27:32.383Z,2024-12-14T16:49:22.926Z
6448,8304247581,Ismaila,Barry,Ismaila Barry,M,1983-03-23,+22223166491,ismaila.barry141@gmail.com,4,Dakhlet Nouadhibou,OCCASIONAL,,ACTIVE,2024-08-09,2024-10-22T20:49:08.624Z,2024-08-09T06:26:18.426Z,2024-10-22T20:49:08.624Z
6449,7302095185,Mbarka,Mint Saad,Mbarka Mint Saad,F,1973-12-14,+22224349784,mbarka.mintsaad281@yahoo.fr,2,Nouakchott-Ouest,OCCASIONAL,,ACTIVE,2022-01-08,2023-11-11T20:30:20.420Z,2022-01-08T23:45:13.156Z,2023-11-11T20:30:20.420Z
6450,7502155746,Naima,Mint Maloum,Naima Mint Maloum,F,1975-06-27,+22243573981,naima.mintmaloum957@yahoo.fr,2,Nouakchott-Ouest,ACTIVE,,ACTIVE,2022-12-06,2024-10-17T07:22:26.077Z,2022-12-06T16:03:58.813Z,2024-10-17T07:22:26.077Z
6451,9401575720,Malouma,Fall,Malouma Fall,F,1994-03-21,+22222852288,,1,Nouakchott-Nord,STANDARD,,ACTIVE,2022-08-25,2023-04-06T01:15:44.904Z,2022-08-25T00:03:17.977Z,2023-04-06T01:15:44.904Z
6452,8201352180,Maty,Diarra,Maty Diarra,F,1982-07-06,+22223945400,maty.diarra942@gmail.com,1,Nouakchott-Nord,STANDARD,,ACTIVE,2024-11-29,2024-12-13T00:12:44.067Z,2024-11-29T19:21:47.880Z,2024-12-13T00:12:44.067Z
6453,8015532813,Kesso,Thiaw,Kesso Thiaw,F,1980-02-20,+22232217956,kesso.thiaw903@gmail.com,15,Tiris Zemmour,ACTIVE,,PENDING_KYC,2024-08-12,2024-12-21T14:38:22.721Z,2024-08-12T15:53:44.487Z,2024-12-21T14:38:22.721Z
6454,6207809383,Halima,Mint Ahmed,Halima Mint Ahmed,F,1962-09-20,+22225391311,,7,Gorgol,OCCASIONAL,,ACTIVE,2023-01-16,2024-05-29T21:47:18.352Z,2023-01-16T03:19:36.228Z,2024-05-29T21:47:18.352Z
6455,9703136885,Defa,Guèye,Defa Guèye,F,1997-08-07,+22237325403,defa.guèye560@gmail.com,3,Nouakchott-Sud,ACTIVE,,ACTIVE,2024-04-15,2024-07-20T20:46:23.384Z,2024-04-15T14:20:18.425Z,2024-07-20T20:46:23.384Z
6456,8004466176,Minetou,Cissé,Minetou Cissé,F,1980-09-25,+22237661733,,4,Dakhlet Nouadhibou,DORMANT,,ACTIVE,2023-01-18,2023-09-26T06:45:07.084Z,2023-01-18T09:28:50.372Z,2023-09-26T06:45:07.084Z
6457,6203023499,Ghali,Ould Ghali,Ghali Ould Ghali,M,1962-09-27,+22223539804,ghali.ouldghali356@outlook.com,3,Nouakchott-Sud,OCCASIONAL,,ACTIVE,2023-09-21,2024-05-31T10:40:14.510Z,2023-09-21T09:24:45.206Z,2024-05-31T10:40:14.510Z
6458,0101043852,Oumou,Mint Bouha,Oumou Mint Bouha,F,2001-12-21,+22235327416,oumou.mintbouha15@outlook.com,1,Nouakchott-Nord,STANDARD,,ACTIVE,2022-01-26,2023-01-07T23:03:08.160Z,2022-01-26T03:39:02.087Z,2023-01-07T23:03:08.160Z
6459,6905778181,Tamba,Ba,Tamba Ba,M,1969-02-01,+22236227497,,5,Trarza,STANDARD,,ACTIVE,2024-08-20,2024-09-14T07:33:28.784Z,2024-08-20T08:51:15.331Z,2024-09-14T07:33:28.784Z
6460,7104736547,Karamoko,Sy,Karamoko Sy,M,1971-12-17,+22222232251,,4,Dakhlet Nouadhibou,STANDARD,,ACTIVE,2023-10-29,2024-01-11T02:25:56.696Z,2023-10-29T22:01:45.028Z,2024-01-11T02:25:56.696Z
6461,8901676197,Abdallah,Ould Brahim,Abdallah Ould Brahim,M,1989-05-19,+22222814736,,1,Nouakchott-Nord,STANDARD,,ACTIVE,2024-07-08,2024-09-02T23:57:34.623Z,2024-07-08T14:39:01.678Z,2024-09-02T23:57:34.623Z
6462,6001509584,Moulaye,Ould Abdel Kader,Moulaye Ould Abdel Kader,M,1960-07-17,+22237480152,,1,Nouakchott-Nord,ACTIVE,,INACTIVE,2024-09-29,2024-12-27T10:39:48.900Z,2024-09-29T13:15:41.788Z,2024-12-27T10:39:48.900Z
6463,6004202992,Mohamed Mahmoud,Ould Ethmane,Mohamed Mahmoud Ould Ethmane,M,1960-02-17,+22223842017,,4,Dakhlet Nouadhibou,OCCASIONAL,,ACTIVE,2024-02-15,2024-05-02T08:40:24.562Z,2024-02-15T01:59:19.675Z,2024-05-02T08:40:24.562Z
6464,9605488415,Doudou,Diop,Doudou Diop,M,1996-02-21,+22241354211,doudou.diop683@hotmail.fr,5,Trarza,STANDARD,,BLOCKED,2023-08-12,2024-12-27T19:31:23.562Z,2023-08-12T03:27:13.244Z,2024-12-27T19:31:23.562Z
6465,8603788459,Moctar,Ould Limam,Moctar Ould Limam,M,1986-12-10,+22232710987,moctar.ouldlimam526@yahoo.fr,3,Nouakchott-Sud,OCCASIONAL,,ACTIVE,2023-01-20,2023-10-22T22:37:49.902Z,2023-01-20T16:59:39.234Z,2023-10-22T22:37:49.902Z
6466,9202313695,Aicha,Mint Hamadi,Aicha Mint Hamadi,F,1992-08-17,+22236056672,aicha.minthamadi650@yahoo.fr,2,Nouakchott-Ouest,STANDARD,,ACTIVE,2023-07-12,2024-09-10T18:09:11.590Z,2023-07-12T04:06:38.338Z,2024-09-10T18:09:11.590Z
6467,8603047165,Mahfoudh,Ould Salem,Mahfoudh Ould Salem,M,1986-06-26,+22237978458,,3,Nouakchott-Sud,STANDARD,,ACTIVE,2022-01-17,2022-05-12T23:06:04.912Z,2022-01-17T01:20:35.310Z,2022-05-12T23:06:04.912Z
6468,6502118216,Daba,Ndiaye,Daba Ndiaye,F,1965-02-04,+22244287976,,2,Nouakchott-Ouest,ACTIVE,,ACTIVE,2022-09-09,2024-02-20T16:16:15.361Z,2022-09-09T21:33:34.731Z,2024-02-20T16:16:15.361Z
6469,7202210903,Hamoud,Touré,Hamoud Touré,M,1972-04-08,+22243393052,,2,Nouakchott-Ouest,DORMANT,,ACTIVE,2023-08-13,2024-07-07T09:56:39.107Z,2023-08-13T23:31:45.571Z,2024-07-07T09:56:39.107Z
6470,7201292946,Moussa,Soumaré,Moussa Soumaré,M,1972-07-02,+22223521436,,1,Nouakchott-Nord,OCCASIONAL,,ACTIVE,2024-11-05,2024-11-06T09:19:34.985Z,2024-11-05T00:13:14.435Z,2024-11-06T09:19:34.985Z
6471,0003883664,Defa,Sakho,Defa Sakho,F,2000-11-12,+22243293730,,3,Nouakchott-Sud,STANDARD,,ACTIVE,2022-12-24,2024-02-04T13:31:26.016Z,2022-12-24T11:56:09.404Z,2024-02-04T13:31:26.016Z
6472,9302571850,Aminetou,Mint Ghali,Aminetou Mint Ghali,F,1993-02-13,+22223849331,aminetou.mintghali877@yahoo.fr,2,Nouakchott-Ouest,STANDARD,,ACTIVE,2024-10-21,2024-10-27T08:36:15.787Z,2024-10-21T15:42:38.564Z,2024-10-27T08:36:15.787Z
6473,9701381278,Nana,Faye,Nana Faye,F,1997-06-01,+22225186542,nana.faye321@yahoo.fr,1,Nouakchott-Nord,STANDARD,,ACTIVE,2023-12-13,2024-06-23T20:55:27.761Z,2023-12-13T03:22:42.635Z,2024-06-23T20:55:27.761Z
6474,7403212728,Jiddou,Dramé,Jiddou Dramé,M,1974-07-02,+22243001736,,3,Nouakchott-Sud,ACTIVE,,ACTIVE,2023-10-15,2024-03-28T18:19:29.456Z,2023-10-15T21:01:54.167Z,2024-03-28T18:19:29.456Z
6475,6402674964,Maguette,Ba,Maguette Ba,F,1964-01-02,+22224422497,,2,Nouakchott-Ouest,OCCASIONAL,,ACTIVE,2024-12-25,2024-12-30T19:04:06.139Z,2024-12-25T11:25:08.631Z,2024-12-30T19:04:06.139Z
6476,6203920080,Souleymane,Ould Brahim,Souleymane Ould Brahim,M,1962-03-27,+22236468118,,3,Nouakchott-Sud,STANDARD,,ACTIVE,2024-01-24,2024-08-02T23:03:17.577Z,2024-01-24T22:32:24.583Z,2024-08-02T23:03:17.577Z
6477,6903866176,Safiya,Cissé,Safiya Cissé,F,1969-10-18,+22234057588,safiya.cissé110@yahoo.fr,3,Nouakchott-Sud,OCCASIONAL,,ACTIVE,2023-02-22,2024-06-28T14:37:38.921Z,2023-02-22T05:38:23.101Z,2024-06-28T14:37:38.921Z
6478,0102780457,Hafsata,Kanouté,Hafsata Kanouté,F,2001-04-13,+22222303525,hafsata.kanouté475@gmail.com,2,Nouakchott-Ouest,OCCASIONAL,,ACTIVE,2024-01-18,2024-07-28T07:15:58.297Z,2024-01-18T09:41:41.060Z,2024-07-28T07:15:58.297Z
6479,6215955025,Mbarka,Mint Maloum,Mbarka Mint Maloum,F,1962-12-11,+22232210424,,15,Tiris Zemmour,STANDARD,,ACTIVE,2022-08-14,2023-07-23T18:03:42.163Z,2022-08-14T07:15:36.277Z,2023-07-23T18:03:42.163Z
6480,6602905356,Taleb,Ndour,Taleb Ndour,M,1966-07-04,+22248908926,,2,Nouakchott-Ouest,ACTIVE,,ACTIVE,2024-12-27,2024-12-29T07:25:08.962Z,2024-12-27T02:09:00.430Z,2024-12-29T07:25:08.962Z
6481,0002595720,Fatou,Sow,Fatou Sow,F,2000-10-22,+22224051605,,2,Nouakchott-Ouest,STANDARD,,ACTIVE,2022-01-23,2022-01-25T19:04:02.223Z,2022-01-23T02:57:01.280Z,2022-01-25T19:04:02.223Z
6482,6104325012,Salem,Ould Maloum,Salem Ould Maloum,M,1961-12-24,+22225301837,salem.ouldmaloum594@gmail.com,4,Dakhlet Nouadhibou,STANDARD,,PENDING_KYC,2022-02-25,2023-07-02T06:40:21.808Z,2022-02-25T21:38:56.464Z,2023-07-02T06:40:21.808Z
6483,8001009828,Fodié,Faye,Fodié Faye,M,1980-12-22,+22237505874,fodié.faye543@outlook.com,1,Nouakchott-Nord,VIP,,ACTIVE,2023-11-25,2024-05-29T21:53:50.002Z,2023-11-25T06:55:39.947Z,2024-05-29T21:53:50.002Z
6484,0504095340,Abdallah,Barry,Abdallah Barry,M,2005-11-15,+22225298180,,4,Dakhlet Nouadhibou,STANDARD,,ACTIVE,2022-02-15,2022-07-08T23:08:48.409Z,2022-02-15T08:41:13.584Z,2022-07-08T23:08:48.409Z
6485,0502915237,Jemila,Mint Vall,Jemila Mint Vall,F,2005-02-23,+22223705030,,2,Nouakchott-Ouest,DORMANT,,ACTIVE,2024-12-22,2024-12-25T08:39:10.863Z,2024-12-22T14:08:26.387Z,2024-12-25T08:39:10.863Z
6486,0301079886,Zein,Ould Eleya,Zein Ould Eleya,M,2003-01-18,+22223533205,zein.ouldeleya839@yahoo.fr,1,Nouakchott-Nord,OCCASIONAL,,BLOCKED,2024-03-12,2024-07-19T21:44:52.677Z,2024-03-12T01:15:56.877Z,2024-07-19T21:44:52.677Z
6487,7805386603,N'Dèye,Bâ,N'Dèye Bâ,F,1978-12-10,+22234032876,,5,Trarza,PREMIUM,,ACTIVE,2022-10-01,2024-09-27T13:02:17.892Z,2022-10-01T13:01:58.500Z,2024-09-27T13:02:17.892Z
6488,9303681538,Awa,Niang,Awa Niang,F,1993-08-23,+22242680530,awa.niang905@gmail.com,3,Nouakchott-Sud,PREMIUM,,ACTIVE,2022-02-09,2024-11-27T06:54:14.504Z,2022-02-09T06:09:51.574Z,2024-11-27T06:54:14.504Z
6489,8204372107,Maloum,Ould Limam,Maloum Ould Limam,M,1982-12-13,+22225912573,maloum.ouldlimam829@outlook.com,4,Dakhlet Nouadhibou,OCCASIONAL,,ACTIVE,2024-07-03,2024-08-29T04:38:49.122Z,2024-07-03T08:15:18.977Z,2024-08-29T04:38:49.122Z
6490,9303957994,Daouda,Camara,Daouda Camara,M,1993-06-19,+22223048705,,3,Nouakchott-Sud,DORMANT,,ACTIVE,2024-02-24,2024-10-17T09:41:54.061Z,2024-02-24T09:05:39.251Z,2024-10-17T09:41:54.061Z
6491,8701599470,Vatma,Mint Mokhtar,Vatma Mint Mokhtar,F,1987-04-02,+22222192881,vatma.mintmokhtar138@hotmail.fr,1,Nouakchott-Nord,OCCASIONAL,,ACTIVE,2022-09-05,2024-03-19T02:20:59.308Z,2022-09-05T15:26:57.448Z,2024-03-19T02:20:59.308Z
6492,7301693762,Safiya,Mint Khalil,Safiya Mint Khalil,F,1973-10-24,+22222518395,,1,Nouakchott-Nord,ACTIVE,,ACTIVE,2022-06-19,2024-03-11T11:00:09.282Z,2022-06-19T16:09:11.414Z,2024-03-11T11:00:09.282Z
6493,8807614093,Ghalia,Mint Ahmedou,Ghalia Mint Ahmedou,F,1988-02-07,+22249634084,ghalia.mintahmedou497@gmail.com,7,Gorgol,STANDARD,,ACTIVE,2022-12-13,2023-05-02T15:45:05.497Z,2022-12-13T03:39:56.451Z,2023-05-02T15:45:05.497Z
6494,8602242082,Vadel,Ould Hamoud,Vadel Ould Hamoud,M,1986-12-09,+22223206852,,2,Nouakchott-Ouest,STANDARD,,ACTIVE,2022-10-26,2024-04-11T00:53:35.997Z,2022-10-26T12:28:05.833Z,2024-04-11T00:53:35.997Z
6495,6905591858,Pathé,Thiaw,Pathé Thiaw,M,1969-09-10,+22223094321,pathé.thiaw903@outlook.com,5,Trarza,STANDARD,,ACTIVE,2022-01-20,2023-06-16T19:06:20.740Z,2022-01-20T15:58:18.782Z,2023-06-16T19:06:20.740Z
6496,8815462307,Hacen,Ba,Hacen Ba,M,1988-03-25,+22244332901,,15,Tiris Zemmour,STANDARD,,ACTIVE,2024-03-02,2024-12-26T23:44:29.941Z,2024-03-02T14:46:20.287Z,2024-12-26T23:44:29.941Z
6497,9802363494,Meymouna,Mbaye,Meymouna Mbaye,F,1998-08-05,+22235256509,,2,Nouakchott-Ouest,STANDARD,,ACTIVE,2023-08-02,2023-12-20T01:35:11.688Z,2023-08-02T10:36:58.396Z,2023-12-20T01:35:11.688Z
6498,9603083964,Ghali,Ould Hadrami,Ghali Ould Hadrami,M,1996-01-23,+22244682032,ghali.ouldhadrami806@outlook.com,3,Nouakchott-Sud,STANDARD,,ACTIVE,2023-01-25,2024-12-19T05:41:53.246Z,2023-01-25T12:24:37.649Z,2024-12-19T05:41:53.246Z
6499,8203284535,Mohamed Vall,Ould Horma,Mohamed Vall Ould Horma,M,1982-02-03,+22244875654,mohamedvall.ouldhorma121@outlook.com,3,Nouakchott-Sud,ACTIVE,,ACTIVE,2022-03-27,2023-04-16T12:55:39.618Z,2022-03-27T01:04:00.394Z,2023-04-16T12:55:39.618Z
6500,7811563966,Mohamed Yahya,Ould Moulaye,Mohamed Yahya Ould Moulaye,M,1978-12-20,+22232247102,,11,Hodh El Gharbi,OCCASIONAL,,ACTIVE,2023-02-11,2024-05-30T17:45:46.731Z,2023-02-11T11:32:46.607Z,2024-05-30T17:45:46.731Z
6501,8002684749,Mahjouba,Mint Dah,Mahjouba Mint Dah,F,1980-05-01,+22234885361,mahjouba.mintdah600@gmail.com,2,Nouakchott-Ouest,PREMIUM,,ACTIVE,2024-05-14,2024-12-12T08:57:59.975Z,2024-05-14T09:04:39.053Z,2024-12-12T08:57:59.975Z
6502,8102161919,Aïda,Fall,Aïda Fall,F,1981-08-11,+22223456419,aïda.fall888@yahoo.fr,2,Nouakchott-Ouest,STANDARD,,INACTIVE,2024-01-18,2024-06-28T01:08:30.863Z,2024-01-18T12:35:47.141Z,2024-06-28T01:08:30.863Z
6503,9611414679,Nana,Barry,Nana Barry,F,1996-05-23,+22248107753,,11,Hodh El Gharbi,STANDARD,,ACTIVE,2023-08-18,2024-10-12T10:19:57.904Z,2023-08-18T08:54:17.507Z,2024-10-12T10:19:57.904Z
6504,0401458552,Houda,Diakité,Houda Diakité,F,2004-04-21,+22236777414,,1,Nouakchott-Nord,DORMANT,,ACTIVE,2022-04-15,2024-07-25T01:45:40.080Z,2022-04-15T20:45:26.343Z,2024-07-25T01:45:40.080Z
6505,9202011588,Aissata,Mint Dah,Aissata Mint Dah,F,1992-11-26,+22224861852,,2,Nouakchott-Ouest,ACTIVE,,ACTIVE,2022-10-01,2024-07-28T15:09:21.388Z,2022-10-01T18:29:44.426Z,2024-07-28T15:09:21.388Z
6506,7414043430,Amadou,Thiaw,Amadou Thiaw,M,1974-02-18,+22223952342,amadou.thiaw409@hotmail.fr,14,Inchiri,STANDARD,,ACTIVE,2022-07-04,2023-06-27T02:55:51.436Z,2022-07-04T11:07:56.051Z,2023-06-27T02:55:51.436Z
6507,6002159924,Harouna,Sissoko,Harouna Sissoko,M,1960-05-14,+22222171361,,2,Nouakchott-Ouest,STANDARD,,INACTIVE,2024-12-15,2024-12-19T21:04:12.011Z,2024-12-15T14:07:58.807Z,2024-12-19T21:04:12.011Z
6508,9803571452,Mohamed,Ould Abdallah,Mohamed Ould Abdallah,M,1998-03-05,+22224353233,,3,Nouakchott-Sud,STANDARD,,ACTIVE,2023-03-03,2024-05-29T17:08:59.992Z,2023-03-03T12:30:30.868Z,2024-05-29T17:08:59.992Z
6509,9613026995,Defa,Sissoko,Defa Sissoko,F,1996-07-18,+22237181717,,13,Tagant,STANDARD,,ACTIVE,2023-08-19,2024-08-21T18:32:19.204Z,2023-08-19T22:32:58.607Z,2024-08-21T18:32:19.204Z
6510,8004662590,Bassirou,Dieng,Bassirou Dieng,M,1980-07-26,+22223018750,,4,Dakhlet Nouadhibou,STANDARD,,ACTIVE,2023-01-15,2024-07-08T20:15:03.547Z,2023-01-15T08:01:54.087Z,2024-07-08T20:15:03.547Z
6511,6304310344,Fanta,Barry,Fanta Barry,F,1963-02-10,+22222843770,,4,Dakhlet Nouadhibou,STANDARD,,ACTIVE,2022-06-12,2023-07-07T16:26:59.474Z,2022-06-12T06:33:43.966Z,2023-07-07T16:26:59.474Z
6512,8103055158,Cheibany,Ould El Hacen,Cheibany Ould El Hacen,M,1981-03-07,+22236226952,,3,Nouakchott-Sud,DORMANT,,ACTIVE,2023-08-07,2024-05-03T05:56:19.236Z,2023-08-07T06:05:25.457Z,2024-05-03T05:56:19.236Z
6513,6002290302,Karounga,Anne,Karounga Anne,M,1960-12-23,+22245266069,karounga.anne343@yahoo.fr,2,Nouakchott-Ouest,STANDARD,,ACTIVE,2023-12-24,2024-04-06T10:31:27.115Z,2023-12-24T04:57:59.289Z,2024-04-06T10:31:27.115Z
6514,7202492613,Hawa,Mint Salem,Hawa Mint Salem,F,1972-02-15,+22235171625,hawa.mintsalem942@outlook.com,2,Nouakchott-Ouest,OCCASIONAL,,ACTIVE,2023-01-01,2024-03-08T07:44:00.400Z,2023-01-01T00:27:41.662Z,2024-03-08T07:44:00.400Z
6515,8602249337,Dialika,Baldé,Dialika Baldé,F,1986-11-10,+22222876369,dialika.baldé41@outlook.com,2,Nouakchott-Ouest,ACTIVE,,SUSPENDED,2023-11-26,2024-07-21T06:28:03.690Z,2023-11-26T06:46:51.800Z,2024-07-21T06:28:03.690Z
6516,6001126477,Alpha,Ndour,Alpha Ndour,M,1960-04-27,+22236923087,,1,Nouakchott-Nord,OCCASIONAL,,INACTIVE,2022-04-23,2023-09-16T16:27:08.603Z,2022-04-23T23:01:35.856Z,2023-09-16T16:27:08.603Z
6517,6502668317,Mahamadou,Sall,Mahamadou Sall,M,1965-10-28,+22223327707,,2,Nouakchott-Ouest,OCCASIONAL,,ACTIVE,2023-02-11,2024-11-19T17:08:39.705Z,2023-02-11T11:48:31.152Z,2024-11-19T17:08:39.705Z
6518,8904197907,Fatou,Sissoko,Fatou Sissoko,F,1989-05-19,+22242126863,,4,Dakhlet Nouadhibou,STANDARD,,ACTIVE,2023-08-21,2023-11-06T03:08:14.554Z,2023-08-21T12:12:41.737Z,2023-11-06T03:08:14.554Z
6519,6204281979,Ghali,Tall,Ghali Tall,M,1962-03-28,+22237938110,ghali.tall388@outlook.com,4,Dakhlet Nouadhibou,OCCASIONAL,,ACTIVE,2022-07-22,2022-09-19T12:14:47.669Z,2022-07-22T10:51:58.243Z,2022-09-19T12:14:47.669Z
6520,0213075806,Mahfoudh,Ould Messoud,Mahfoudh Ould Messoud,M,2002-07-02,+22225622454,mahfoudh.ouldmessoud209@hotmail.fr,13,Tagant,STANDARD,,ACTIVE,2022-01-09,2024-01-25T21:27:11.934Z,2022-01-09T20:52:07.904Z,2024-01-25T21:27:11.934Z
6521,9504365260,Soumaïla,Ly,Soumaïla Ly,M,1995-01-01,+22223148697,soumaïla.ly525@gmail.com,4,Dakhlet Nouadhibou,ACTIVE,,ACTIVE,2022-08-09,2024-05-29T08:24:36.940Z,2022-08-09T17:04:15.459Z,2024-05-29T08:24:36.940Z
6522,7208083637,Oumar,Diallo,Oumar Diallo,M,1972-05-06,+22247442652,,8,Guidimaka,OCCASIONAL,,ACTIVE,2024-07-17,2024-10-12T13:26:40.260Z,2024-07-17T00:51:13.112Z,2024-10-12T13:26:40.260Z
6523,0304016565,Aichetou,Mint Zein,Aichetou Mint Zein,F,2003-12-17,+22236738250,aichetou.mintzein327@yahoo.fr,4,Dakhlet Nouadhibou,OCCASIONAL,,ACTIVE,2022-07-05,2023-05-25T08:03:04.633Z,2022-07-05T07:24:50.810Z,2023-05-25T08:03:04.633Z
6524,6803747263,Soumaïla,Fall,Soumaïla Fall,M,1968-08-08,+22223253983,,3,Nouakchott-Sud,OCCASIONAL,,ACTIVE,2022-06-29,2023-05-27T17:57:56.515Z,2022-06-29T15:26:02.602Z,2023-05-27T17:57:56.515Z
6525,8409526385,Hacen,Ould Abeih,Hacen Ould Abeih,M,1984-07-14,+22237598172,,9,Assaba,STANDARD,,ACTIVE,2022-02-11,2024-09-03T12:44:10.665Z,2022-02-11T18:53:04.725Z,2024-09-03T12:44:10.665Z
6526,0301339638,Souleymane,Wane,Souleymane Wane,M,2003-05-15,+22235978593,,1,Nouakchott-Nord,STANDARD,,ACTIVE,2024-10-21,2024-12-26T15:57:57.653Z,2024-10-21T02:59:32.085Z,2024-12-26T15:57:57.653Z
6527,6001345212,Leila,Fall,Leila Fall,F,1960-06-25,+22232759244,leila.fall15@gmail.com,1,Nouakchott-Nord,OCCASIONAL,,ACTIVE,2024-03-24,2024-09-07T10:48:58.478Z,2024-03-24T06:37:31.533Z,2024-09-07T10:48:58.478Z
6528,7405999430,Vall,Ould Eleya,Vall Ould Eleya,M,1974-10-24,+22222465937,,5,Trarza,ACTIVE,,PENDING_KYC,2022-02-01,2023-06-30T04:29:36.485Z,2022-02-01T16:58:28.347Z,2023-06-30T04:29:36.485Z
6529,0202965431,Soueidatt,Koita,Soueidatt Koita,M,2002-03-07,+22222868628,soueidatt.koita452@gmail.com,2,Nouakchott-Ouest,OCCASIONAL,,PENDING_KYC,2022-12-26,2024-04-08T10:50:04.744Z,2022-12-26T15:19:39.037Z,2024-04-08T10:50:04.744Z
6530,8002302825,Nana,Gaye,Nana Gaye,F,1980-03-06,+22248583078,nana.gaye121@yahoo.fr,2,Nouakchott-Ouest,STANDARD,,ACTIVE,2023-09-07,2023-10-31T16:39:35.883Z,2023-09-07T03:14:53.851Z,2023-10-31T16:39:35.883Z
6531,6815995890,Safiya,Mint Isselmou,Safiya Mint Isselmou,F,1968-11-02,+22223115367,,15,Tiris Zemmour,OCCASIONAL,,ACTIVE,2022-11-14,2024-04-17T03:37:20.293Z,2022-11-14T12:04:04.990Z,2024-04-17T03:37:20.293Z
6532,6502211894,Ghalia,Sakho,Ghalia Sakho,F,1965-09-12,+22224097794,ghalia.sakho827@hotmail.fr,2,Nouakchott-Ouest,ACTIVE,,ACTIVE,2023-11-07,2023-12-10T04:14:14.945Z,2023-11-07T09:49:08.846Z,2023-12-10T04:14:14.945Z
6533,9301162675,Moussa,Sall,Moussa Sall,M,1993-12-24,+22241422558,,1,Nouakchott-Nord,PREMIUM,,ACTIVE,2023-09-02,2023-09-28T23:35:57.120Z,2023-09-02T18:58:12.088Z,2023-09-28T23:35:57.120Z
6534,8704118896,Sidina,Ould Hamoud,Sidina Ould Hamoud,M,1987-11-02,+22233088268,,4,Dakhlet Nouadhibou,STANDARD,,ACTIVE,2023-08-22,2024-04-09T20:51:13.770Z,2023-08-22T00:47:23.519Z,2024-04-09T20:51:13.770Z
6535,6904111800,Taleb,Ould Tourad,Taleb Ould Tourad,M,1969-12-20,+22235454758,taleb.ouldtourad914@hotmail.fr,4,Dakhlet Nouadhibou,OCCASIONAL,,ACTIVE,2023-03-31,2023-06-27T13:29:41.309Z,2023-03-31T14:01:04.477Z,2023-06-27T13:29:41.309Z
6536,6902216578,Ahmed,Ba,Ahmed Ba,M,1969-05-13,+22222434161,,2,Nouakchott-Ouest,STANDARD,,ACTIVE,2022-05-19,2024-08-07T03:40:10.319Z,2022-05-19T00:40:56.580Z,2024-08-07T03:40:10.319Z
6537,8502544514,Habiba,Mint El Hacen,Habiba Mint El Hacen,F,1985-05-13,+22233955485,habiba.mintelhacen931@outlook.com,2,Nouakchott-Ouest,OCCASIONAL,,PENDING_KYC,2024-09-16,2024-09-19T12:20:45.963Z,2024-09-16T21:49:45.052Z,2024-09-19T12:20:45.963Z
6538,8203435005,Noura,Mint Abdallah,Noura Mint Abdallah,F,1982-03-23,+22224469514,,3,Nouakchott-Sud,ACTIVE,,ACTIVE,2022-01-22,2022-11-14T11:14:41.996Z,2022-01-22T00:30:56.230Z,2022-11-14T11:14:41.996Z
6539,9601372637,Pape,Fall,Pape Fall,M,1996-02-28,+22234207364,pape.fall313@outlook.com,1,Nouakchott-Nord,STANDARD,,ACTIVE,2024-01-07,2024-11-11T02:08:46.700Z,2024-01-07T14:39:12.926Z,2024-11-11T02:08:46.700Z
6540,7104123367,Mariam,Mint Wedadi,Mariam Mint Wedadi,F,1971-05-15,+22234946986,mariam.mintwedadi887@gmail.com,4,Dakhlet Nouadhibou,STANDARD,,ACTIVE,2024-06-03,2024-10-02T19:55:19.045Z,2024-06-03T04:26:48.991Z,2024-10-02T19:55:19.045Z
6541,8806712507,Koumba,Mbaye,Koumba Mbaye,F,1988-02-05,+22237979923,koumba.mbaye54@gmail.com,6,Brakna,STANDARD,,ACTIVE,2023-11-13,2024-02-07T05:11:01.749Z,2023-11-13T02:17:05.168Z,2024-02-07T05:11:01.749Z
6542,6213973113,Salka,Faye,Salka Faye,F,1962-03-18,+22232010959,salka.faye101@gmail.com,13,Tagant,OCCASIONAL,,ACTIVE,2024-02-04,2024-03-17T19:59:13.793Z,2024-02-04T02:34:58.563Z,2024-03-17T19:59:13.793Z
6543,9515990648,Massamba,Mbow,Massamba Mbow,M,1995-12-01,+22237240239,massamba.mbow372@yahoo.fr,15,Tiris Zemmour,OCCASIONAL,,ACTIVE,2022-08-30,2023-06-19T21:19:34.760Z,2022-08-30T00:55:51.392Z,2023-06-19T21:19:34.760Z
6544,6902012662,Mbareck,Fall,Mbareck Fall,M,1969-07-21,+22224164966,,2,Nouakchott-Ouest,STANDARD,,ACTIVE,2022-12-08,2024-09-23T00:53:13.518Z,2022-12-08T02:21:12.553Z,2024-09-23T00:53:13.518Z
6545,6910412890,Adama,Sow,Adama Sow,F,1969-02-26,+22237995201,adama.sow472@outlook.com,10,Hodh Ech Chargui,STANDARD,,ACTIVE,2024-01-02,2024-10-12T10:07:43.458Z,2024-01-02T06:54:37.800Z,2024-10-12T10:07:43.458Z
6546,7902478894,Halima,Mint Horma,Halima Mint Horma,F,1979-02-27,+22248504573,halima.minthorma353@yahoo.fr,2,Nouakchott-Ouest,STANDARD,,ACTIVE,2023-05-21,2024-04-15T13:37:59.960Z,2023-05-21T07:00:34.796Z,2024-04-15T13:37:59.960Z
6547,9801378398,Bilal,Sène,Bilal Sène,M,1998-05-27,+22224884288,bilal.sène295@gmail.com,1,Nouakchott-Nord,OCCASIONAL,,ACTIVE,2023-04-09,2023-09-10T19:07:09.079Z,2023-04-09T06:18:12.444Z,2023-09-10T19:07:09.079Z
6548,9502937779,Djimé,Thiaw,Djimé Thiaw,M,1995-06-13,+22244886850,djimé.thiaw922@gmail.com,2,Nouakchott-Ouest,DORMANT,,ACTIVE,2024-05-12,2024-05-25T09:37:42.786Z,2024-05-12T20:44:46.318Z,2024-05-25T09:37:42.786Z
6549,7103812967,Hapsatou,Camara,Hapsatou Camara,F,1971-07-11,+22224891246,,3,Nouakchott-Sud,ACTIVE,,ACTIVE,2022-07-17,2023-01-31T01:08:09.097Z,2022-07-17T05:23:14.403Z,2023-01-31T01:08:09.097Z
6550,0004108441,Oumou,Camara,Oumou Camara,F,2000-09-04,+22236354945,,4,Dakhlet Nouadhibou,ACTIVE,,ACTIVE,2024-06-19,2024-12-01T04:09:18.526Z,2024-06-19T22:42:23.505Z,2024-12-01T04:09:18.526Z
6551,7609681850,Boubacar,Diallo,Boubacar Diallo,M,1976-07-05,+22225656694,,9,Assaba,STANDARD,,SUSPENDED,2023-06-06,2024-07-31T12:31:49.687Z,2023-06-06T05:33:04.618Z,2024-07-31T12:31:49.687Z
6552,7704113249,Alpha,Anne,Alpha Anne,M,1977-02-18,+22243631868,,4,Dakhlet Nouadhibou,OCCASIONAL,,ACTIVE,2022-08-27,2024-12-21T16:17:06.584Z,2022-08-27T15:18:23.875Z,2024-12-21T16:17:06.584Z
6553,7802746947,Mounina,Doucouré,Mounina Doucouré,F,1978-11-02,+22222903785,,2,Nouakchott-Ouest,STANDARD,,ACTIVE,2023-07-22,2023-07-26T10:30:35.864Z,2023-07-22T14:55:07.488Z,2023-07-26T10:30:35.864Z
6554,6402647436,Jemila,Mint Ahmed,Jemila Mint Ahmed,F,1964-04-17,+22236686359,,2,Nouakchott-Ouest,STANDARD,,ACTIVE,2022-09-19,2023-06-20T03:13:37.391Z,2022-09-19T15:20:58.137Z,2023-06-20T03:13:37.391Z
6555,8102485277,Mohamed Vall,Ould Khatri,Mohamed Vall Ould Khatri,M,1981-02-05,+22234174527,mohamedvall.ouldkhatri384@gmail.com,2,Nouakchott-Ouest,STANDARD,,ACTIVE,2022-05-06,2023-03-07T01:01:06.476Z,2022-05-06T08:13:06.512Z,2023-03-07T01:01:06.476Z
6556,9908254265,Khadijetou,Mint Ghali,Khadijetou Mint Ghali,F,1999-08-11,+22224288505,khadijetou.mintghali701@yahoo.fr,8,Guidimaka,OCCASIONAL,,ACTIVE,2022-10-13,2024-05-31T06:35:47.608Z,2022-10-13T10:54:07.093Z,2024-05-31T06:35:47.608Z
6557,9203621968,Babacar,Sakho,Babacar Sakho,M,1992-04-23,+22247528342,babacar.sakho540@outlook.com,3,Nouakchott-Sud,ACTIVE,,ACTIVE,2024-06-04,2024-12-24T08:57:27.891Z,2024-06-04T08:09:21.430Z,2024-12-24T08:57:27.891Z
6558,8004651149,El Hacen,Ould Vall,El Hacen Ould Vall,M,1980-04-09,+22222801127,elhacen.ouldvall295@hotmail.fr,4,Dakhlet Nouadhibou,VIP,,ACTIVE,2023-04-25,2023-05-25T03:05:38.335Z,2023-04-25T05:18:22.974Z,2023-05-25T03:05:38.335Z
6559,0401096257,Mor,Bâ,Mor Bâ,M,2004-06-10,+22249781959,,1,Nouakchott-Nord,STANDARD,,INACTIVE,2024-10-04,2024-11-09T12:38:15.427Z,2024-10-04T12:27:35.753Z,2024-11-09T12:38:15.427Z
6560,8313152856,Zahra,Diarra,Zahra Diarra,F,1983-11-24,+22236524770,zahra.diarra318@gmail.com,13,Tagant,STANDARD,,SUSPENDED,2022-05-10,2022-12-28T05:57:19.560Z,2022-05-10T22:09:19.439Z,2022-12-28T05:57:19.560Z
6561,8601456550,Sambou,Mbow,Sambou Mbow,M,1986-03-20,+22223909181,sambou.mbow573@outlook.com,1,Nouakchott-Nord,OCCASIONAL,,ACTIVE,2022-05-25,2022-08-06T17:08:39.301Z,2022-05-25T04:16:55.455Z,2022-08-06T17:08:39.301Z
6562,9407699756,Hafsata,Mint Mahmoud,Hafsata Mint Mahmoud,F,1994-01-23,+22233999993,,7,Gorgol,STANDARD,,ACTIVE,2023-04-20,2024-04-06T15:57:01.507Z,2023-04-20T14:29:01.150Z,2024-04-06T15:57:01.507Z
6563,0109672511,Cheibany,Tall,Cheibany Tall,M,2001-11-06,+22234785156,,9,Assaba,STANDARD,,PENDING_KYC,2023-01-26,2024-08-10T02:28:39.415Z,2023-01-26T01:37:28.896Z,2024-08-10T02:28:39.415Z
6564,9104879569,Halima,Mint Lemrabott,Halima Mint Lemrabott,F,1991-05-04,+22233812559,,4,Dakhlet Nouadhibou,STANDARD,,ACTIVE,2023-03-04,2024-09-03T17:44:54.270Z,2023-03-04T10:34:56.730Z,2024-09-03T17:44:54.270Z
6565,8601709270,Vatma,Sall,Vatma Sall,F,1986-03-21,+22225955703,,1,Nouakchott-Nord,STANDARD,,ACTIVE,2024-06-09,2024-10-12T05:15:02.767Z,2024-06-09T12:51:02.914Z,2024-10-12T05:15:02.767Z
6566,0302776364,Saleck,Ould Hamadi,Saleck Ould Hamadi,M,2003-07-17,+22224190800,,2,Nouakchott-Ouest,OCCASIONAL,,ACTIVE,2024-03-29,2024-05-25T15:44:14.393Z,2024-03-29T06:24:23.234Z,2024-05-25T15:44:14.393Z
6567,9602741661,Mouna,Mint Maloum,Mouna Mint Maloum,F,1996-08-21,+22222671480,,2,Nouakchott-Ouest,ACTIVE,,ACTIVE,2024-11-27,2024-12-25T14:16:05.454Z,2024-11-27T16:46:28.274Z,2024-12-25T14:16:05.454Z
6568,9702476409,Lemrabott,Ould Hadrami,Lemrabott Ould Hadrami,M,1997-10-07,+22222592157,,2,Nouakchott-Ouest,PREMIUM,,ACTIVE,2022-01-03,2022-11-24T11:24:07.549Z,2022-01-03T01:40:48.941Z,2022-11-24T11:24:07.549Z
6569,0503620062,Saidou,Ndiaye,Saidou Ndiaye,M,2005-04-23,+22223288873,,3,Nouakchott-Sud,OCCASIONAL,,ACTIVE,2024-11-10,2024-11-24T21:52:57.167Z,2024-11-10T21:43:03.470Z,2024-11-24T21:52:57.167Z
6570,7505754902,Mouna,Thiam,Mouna Thiam,F,1975-07-05,+22223662323,,5,Trarza,STANDARD,,ACTIVE,2023-06-01,2023-07-03T06:23:32.725Z,2023-06-01T05:08:17.550Z,2023-07-03T06:23:32.725Z
6571,7401715072,Mohamed Mahmoud,Ould El Mokhtar,Mohamed Mahmoud Ould El Mokhtar,M,1974-12-17,+22234395915,mohamedmahmoud.ouldelmokhtar487@yahoo.fr,1,Nouakchott-Nord,DORMANT,,ACTIVE,2023-02-05,2023-05-31T05:06:19.000Z,2023-02-05T14:10:59.714Z,2023-05-31T05:06:19.000Z
6572,9502640602,Salka,Gaye,Salka Gaye,F,1995-07-16,+22249996839,,2,Nouakchott-Ouest,OCCASIONAL,,ACTIVE,2022-07-21,2023-09-15T08:28:08.755Z,2022-07-21T22:25:43.978Z,2023-09-15T08:28:08.755Z
6573,8302049860,Moulaye,Thiam,Moulaye Thiam,M,1983-07-22,+22233982653,moulaye.thiam694@yahoo.fr,2,Nouakchott-Ouest,STANDARD,,ACTIVE,2022-05-21,2023-01-08T15:20:59.346Z,2022-05-21T13:43:08.824Z,2023-01-08T15:20:59.346Z
6574,8510483694,Ely,Ould Hamadi,Ely Ould Hamadi,M,1985-05-18,+22223761690,,10,Hodh Ech Chargui,OCCASIONAL,,ACTIVE,2022-07-27,2023-12-25T11:15:38.207Z,2022-07-27T17:07:07.788Z,2023-12-25T11:15:38.207Z
6575,6001330283,Defa,Ndiaye,Defa Ndiaye,F,1960-09-14,+22234907812,defa.ndiaye912@yahoo.fr,1,Nouakchott-Nord,ACTIVE,,ACTIVE,2024-03-05,2024-03-24T05:59:03.328Z,2024-03-05T01:35:13.502Z,2024-03-24T05:59:03.328Z
6576,7003528847,Mouna,Mint Hamadi,Mouna Mint Hamadi,F,1970-09-17,+22234799881,,3,Nouakchott-Sud,OCCASIONAL,,ACTIVE,2022-07-15,2022-10-06T15:31:57.346Z,2022-07-15T10:02:41.163Z,2022-10-06T15:31:57.346Z
6577,9504544258,Hawa,Mint Vall,Hawa Mint Vall,F,1995-01-22,+22222707875,,4,Dakhlet Nouadhibou,PREMIUM,,ACTIVE,2024-08-14,2024-10-01T07:25:12.078Z,2024-08-14T22:26:50.956Z,2024-10-01T07:25:12.078Z
6578,0512536563,Tekber,Ndour,Tekber Ndour,F,2005-06-18,+22241172370,,12,Adrar,STANDARD,,ACTIVE,2024-02-04,2024-02-20T03:47:17.121Z,2024-02-04T11:55:30.014Z,2024-02-20T03:47:17.121Z
6579,6701775519,Mariam,Camara,Mariam Camara,F,1967-07-03,+22237250685,,1,Nouakchott-Nord,ACTIVE,,ACTIVE,2022-05-30,2024-10-22T09:04:54.252Z,2022-05-30T20:39:58.545Z,2024-10-22T09:04:54.252Z
6580,7713464585,Souleymane,Ould Vall,Souleymane Ould Vall,M,1977-03-24,+22223203092,souleymane.ouldvall238@gmail.com,13,Tagant,STANDARD,,BLOCKED,2023-04-09,2024-11-13T08:11:58.148Z,2023-04-09T04:14:53.976Z,2024-11-13T08:11:58.148Z
6581,8807308363,Abdel Aziz,Ould Hamadi,Abdel Aziz Ould Hamadi,M,1988-04-25,+22233159805,abdelaziz.ouldhamadi55@hotmail.fr,7,Gorgol,DORMANT,,ACTIVE,2024-06-05,2024-06-08T19:21:28.750Z,2024-06-05T14:11:44.815Z,2024-06-08T19:21:28.750Z
6582,7101181807,Aicha,Mint Brahim,Aicha Mint Brahim,F,1971-06-16,+22223650341,,1,Nouakchott-Nord,STANDARD,,BLOCKED,2024-09-25,2024-11-25T14:40:23.230Z,2024-09-25T16:28:02.912Z,2024-11-25T14:40:23.230Z
6583,9605506573,Adama,Ndour,Adama Ndour,M,1996-12-08,+22233353058,,5,Trarza,OCCASIONAL,,ACTIVE,2024-04-21,2024-10-26T10:37:29.715Z,2024-04-21T14:46:03.810Z,2024-10-26T10:37:29.715Z
6584,8304883295,Hamoud,Sy,Hamoud Sy,M,1983-02-11,+22235895301,,4,Dakhlet Nouadhibou,OCCASIONAL,,ACTIVE,2022-05-17,2023-02-17T15:03:50.693Z,2022-05-17T09:35:47.530Z,2023-02-17T15:03:50.693Z
6585,6103807791,Kiné,Bah,Kiné Bah,F,1961-12-01,+22234249357,,3,Nouakchott-Sud,STANDARD,,ACTIVE,2022-01-14,2023-07-11T05:51:18.404Z,2022-01-14T05:42:42.554Z,2023-07-11T05:51:18.404Z
6586,9902984416,Naima,Mint El Mokhtar,Naima Mint El Mokhtar,F,1999-08-14,+22234516784,naima.mintelmokhtar265@hotmail.fr,2,Nouakchott-Ouest,ACTIVE,,ACTIVE,2022-09-27,2022-10-16T23:19:59.231Z,2022-09-27T02:59:41.234Z,2022-10-16T23:19:59.231Z
6587,9601183884,Yahya,Sall,Yahya Sall,M,1996-11-28,+22233190368,,1,Nouakchott-Nord,OCCASIONAL,,ACTIVE,2023-02-07,2023-06-03T20:01:38.156Z,2023-02-07T10:55:00.453Z,2023-06-03T20:01:38.156Z
6588,6702801857,Gaoussou,Fall,Gaoussou Fall,M,1967-07-14,+22245514179,,2,Nouakchott-Ouest,ACTIVE,,ACTIVE,2024-01-04,2024-01-29T04:31:32.052Z,2024-01-04T19:33:31.554Z,2024-01-29T04:31:32.052Z
6589,7502071642,Hamady,Bah,Hamady Bah,M,1975-11-08,+22237656484,,2,Nouakchott-Ouest,ACTIVE,,ACTIVE,2022-02-16,2024-09-18T06:35:48.532Z,2022-02-16T01:58:03.873Z,2024-09-18T06:35:48.532Z
6590,9607397933,Oumar,Touré,Oumar Touré,M,1996-06-18,+22237031198,oumar.touré289@hotmail.fr,7,Gorgol,ACTIVE,,ACTIVE,2024-02-13,2024-08-19T11:05:00.211Z,2024-02-13T13:01:14.965Z,2024-08-19T11:05:00.211Z
6591,9001826466,Leila,Mint El Mamy,Leila Mint El Mamy,F,1990-03-01,+22241724675,,1,Nouakchott-Nord,ACTIVE,,INACTIVE,2023-07-02,2023-12-22T00:59:27.830Z,2023-07-02T05:43:29.882Z,2023-12-22T00:59:27.830Z
6592,8706470530,Saadbouh,Ould Horma,Saadbouh Ould Horma,M,1987-01-14,+22222448752,saadbouh.ouldhorma433@outlook.com,6,Brakna,ACTIVE,,ACTIVE,2023-09-02,2024-03-25T08:59:23.118Z,2023-09-02T23:39:32.662Z,2024-03-25T08:59:23.118Z
6593,6101165606,Diakaridia,Dramé,Diakaridia Dramé,M,1961-11-16,+22248369437,,1,Nouakchott-Nord,OCCASIONAL,,ACTIVE,2023-11-19,2024-08-04T20:57:46.871Z,2023-11-19T20:14:09.260Z,2024-08-04T20:57:46.871Z
6594,7502385842,Limam,Ould Wedadi,Limam Ould Wedadi,M,1975-09-10,+22246510843,limam.ouldwedadi820@outlook.com,2,Nouakchott-Ouest,OCCASIONAL,,ACTIVE,2024-09-15,2024-09-27T22:11:24.940Z,2024-09-15T16:23:06.984Z,2024-09-27T22:11:24.940Z
6595,8803318663,Khadija,Mint Hamoud,Khadija Mint Hamoud,F,1988-11-03,+22246560886,,3,Nouakchott-Sud,ACTIVE,,ACTIVE,2022-07-24,2022-10-19T04:47:29.789Z,2022-07-24T09:11:28.284Z,2022-10-19T04:47:29.789Z
6596,8404891880,Fanta,Kouyaté,Fanta Kouyaté,F,1984-07-17,+22233426719,fanta.kouyaté138@gmail.com,4,Dakhlet Nouadhibou,STANDARD,,ACTIVE,2024-09-20,2024-11-16T07:10:29.213Z,2024-09-20T07:53:24.978Z,2024-11-16T07:10:29.213Z
6597,8604285564,Kadiatou,Faye,Kadiatou Faye,F,1986-06-21,+22222599551,,4,Dakhlet Nouadhibou,STANDARD,,ACTIVE,2023-10-15,2024-10-30T18:28:53.541Z,2023-10-15T15:05:08.233Z,2024-10-30T18:28:53.541Z
6598,8502625075,Aminetou,Mint Ahmedou,Aminetou Mint Ahmedou,F,1985-04-24,+22232755410,,2,Nouakchott-Ouest,STANDARD,,ACTIVE,2024-08-08,2024-08-29T04:38:35.305Z,2024-08-08T05:35:59.594Z,2024-08-29T04:38:35.305Z
6599,0202738451,Aissata,Sy,Aissata Sy,F,2002-11-13,+22236104871,,2,Nouakchott-Ouest,DORMANT,,SUSPENDED,2022-01-11,2023-02-25T14:02:05.531Z,2022-01-11T14:36:06.992Z,2023-02-25T14:02:05.531Z
6600,9006635403,Malouma,Mint Ahmed,Malouma Mint Ahmed,F,1990-03-24,+22223204466,,6,Brakna,STANDARD,,ACTIVE,2022-06-10,2024-07-01T11:52:47.512Z,2022-06-10T05:35:35.164Z,2024-07-01T11:52:47.512Z
6601,6304354274,Abdel Aziz,Ould El Mokhtar,Abdel Aziz Ould El Mokhtar,M,1963-11-27,+22232608531,,4,Dakhlet Nouadhibou,ACTIVE,,ACTIVE,2023-07-04,2024-09-17T06:38:05.800Z,2023-07-04T01:13:04.473Z,2024-09-17T06:38:05.800Z
6602,7303329197,Mariama,Diallo,Mariama Diallo,F,1973-11-21,+22234518061,mariama.diallo658@gmail.com,3,Nouakchott-Sud,PREMIUM,,ACTIVE,2023-10-05,2024-09-18T23:22:23.859Z,2023-10-05T17:23:32.249Z,2024-09-18T23:22:23.859Z
6603,9115174716,Gaoussou,Sy,Gaoussou Sy,M,1991-01-09,+22245722989,,15,Tiris Zemmour,STANDARD,,ACTIVE,2022-02-13,2023-11-28T08:07:39.792Z,2022-02-13T04:34:07.420Z,2023-11-28T08:07:39.792Z
6604,8502610103,Gaoussou,Sall,Gaoussou Sall,M,1985-02-21,+22233922656,gaoussou.sall304@gmail.com,2,Nouakchott-Ouest,STANDARD,,ACTIVE,2023-03-28,2024-06-12T16:35:01.815Z,2023-03-28T18:21:52.774Z,2024-06-12T16:35:01.815Z
6605,6104000719,Harouna,Touré,Harouna Touré,M,1961-03-05,+22223223235,,4,Dakhlet Nouadhibou,STANDARD,,ACTIVE,2023-02-10,2023-06-18T09:39:26.113Z,2023-02-10T14:12:17.013Z,2023-06-18T09:39:26.113Z
6606,9301553400,Sekou,Bah,Sekou Bah,M,1993-05-12,+22237296050,,1,Nouakchott-Nord,ACTIVE,,ACTIVE,2022-01-04,2024-01-14T11:58:04.130Z,2022-01-04T09:52:45.792Z,2024-01-14T11:58:04.130Z
6607,8506608407,Sidiki,Bathily,Sidiki Bathily,M,1985-03-09,+22237522655,,6,Brakna,ACTIVE,,ACTIVE,2024-01-13,2024-08-10T17:40:16.917Z,2024-01-13T15:10:39.475Z,2024-08-10T17:40:16.917Z
6608,7015366996,Salem,Ould Cheikh,Salem Ould Cheikh,M,1970-11-11,+22222912084,salem.ouldcheikh308@hotmail.fr,15,Tiris Zemmour,DORMANT,,ACTIVE,2022-10-12,2023-09-29T03:42:25.772Z,2022-10-12T00:10:20.314Z,2023-09-29T03:42:25.772Z
6609,8101109741,Cheibany,Kane,Cheibany Kane,M,1981-04-04,+22235551321,cheibany.kane365@hotmail.fr,1,Nouakchott-Nord,ACTIVE,,ACTIVE,2024-03-20,2024-08-02T01:22:22.628Z,2024-03-20T11:56:34.131Z,2024-08-02T01:22:22.628Z
6610,0402024079,Oumou,Ndiaye,Oumou Ndiaye,F,2004-12-09,+22223196197,,2,Nouakchott-Ouest,PREMIUM,,ACTIVE,2023-11-01,2024-07-04T00:52:35.436Z,2023-11-01T16:19:13.554Z,2024-07-04T00:52:35.436Z
6611,7715935276,Rokhaya,Dia,Rokhaya Dia,F,1977-02-18,+22222734807,,15,Tiris Zemmour,STANDARD,,ACTIVE,2024-06-28,2024-12-29T12:14:54.581Z,2024-06-28T10:35:56.683Z,2024-12-29T12:14:54.581Z
6612,7903292912,Noura,Mint Saad,Noura Mint Saad,F,1979-03-28,+22234394510,,3,Nouakchott-Sud,ACTIVE,,ACTIVE,2022-05-10,2023-09-27T14:47:59.423Z,2022-05-10T07:27:11.069Z,2023-09-27T14:47:59.423Z
6613,9302574459,Oumar,Baldé,Oumar Baldé,M,1993-04-25,+22233212033,,2,Nouakchott-Ouest,OCCASIONAL,,ACTIVE,2022-10-07,2024-01-20T10:40:59.207Z,2022-10-07T15:24:21.979Z,2024-01-20T10:40:59.207Z
6614,8702898899,Naima,Mint Messoud,Naima Mint Messoud,F,1987-03-12,+22245630401,,2,Nouakchott-Ouest,STANDARD,,ACTIVE,2023-07-24,2024-06-04T08:48:00.335Z,2023-07-24T05:16:03.353Z,2024-06-04T08:48:00.335Z
6615,6903659468,Abdel Kader,Ould Isselmou,Abdel Kader Ould Isselmou,M,1969-11-15,+22224781947,abdelkader.ouldisselmou680@gmail.com,3,Nouakchott-Sud,STANDARD,,ACTIVE,2022-08-29,2022-10-23T15:40:16.802Z,2022-08-29T08:34:16.880Z,2022-10-23T15:40:16.802Z
6616,6015341044,Mohamed Lemine,Ould Saad,Mohamed Lemine Ould Saad,M,1960-08-27,+22225104427,,15,Tiris Zemmour,DORMANT,,INACTIVE,2023-12-30,2024-09-01T06:01:15.560Z,2023-12-30T14:17:57.183Z,2024-09-01T06:01:15.560Z
6617,8602710082,Namory,Dieng,Namory Dieng,M,1986-02-27,+22222310200,,2,Nouakchott-Ouest,ACTIVE,,ACTIVE,2023-01-09,2024-03-09T13:28:15.129Z,2023-01-09T16:41:29.089Z,2024-03-09T13:28:15.129Z
6618,8609809819,Mohamed Salem,Ly,Mohamed Salem Ly,M,1986-03-06,+22225235912,mohamedsalem.ly671@hotmail.fr,9,Assaba,OCCASIONAL,,ACTIVE,2024-07-08,2024-10-03T10:27:41.122Z,2024-07-08T20:39:16.257Z,2024-10-03T10:27:41.122Z
6619,8209501814,Ablaye,Dieng,Ablaye Dieng,M,1982-05-28,+22247754822,,9,Assaba,OCCASIONAL,,ACTIVE,2022-07-07,2024-06-16T06:36:03.904Z,2022-07-07T21:49:11.608Z,2024-06-16T06:36:03.904Z
6620,6902408166,Gaoussou,Sy,Gaoussou Sy,M,1969-11-28,+22234306852,,2,Nouakchott-Ouest,STANDARD,,ACTIVE,2023-08-05,2024-12-03T07:51:16.264Z,2023-08-05T11:05:04.619Z,2024-12-03T07:51:16.264Z
6621,0001840610,Saidou,Ndour,Saidou Ndour,M,2000-10-23,+22232966066,,1,Nouakchott-Nord,STANDARD,,ACTIVE,2024-11-29,2024-12-28T21:51:34.095Z,2024-11-29T10:54:53.522Z,2024-12-28T21:51:34.095Z
6622,7503564213,Harouna,Cissé,Harouna Cissé,M,1975-12-10,+22224423431,,3,Nouakchott-Sud,STANDARD,,ACTIVE,2022-09-10,2023-08-19T00:08:47.198Z,2022-09-10T21:11:59.669Z,2023-08-19T00:08:47.198Z
6623,7602315879,Aissata,Mint Abdallah,Aissata Mint Abdallah,F,1976-06-01,+22234075995,,2,Nouakchott-Ouest,STANDARD,,PENDING_KYC,2024-05-16,2024-07-05T23:39:36.037Z,2024-05-16T00:27:25.429Z,2024-07-05T23:39:36.037Z
6624,9102048419,Mouna,Mint Soufi,Mouna Mint Soufi,F,1991-08-06,+22234219666,,2,Nouakchott-Ouest,STANDARD,,ACTIVE,2022-03-21,2023-07-06T22:52:28.422Z,2022-03-21T00:27:59.997Z,2023-07-06T22:52:28.422Z
6625,6103768595,Naha,Mint Ghali,Naha Mint Ghali,F,1961-11-24,+22235848816,,3,Nouakchott-Sud,OCCASIONAL,,ACTIVE,2023-06-08,2024-03-07T04:10:11.993Z,2023-06-08T22:24:05.194Z,2024-03-07T04:10:11.993Z
6626,7015358559,Naha,Mint Nenni,Naha Mint Nenni,F,1970-01-09,+22223566708,naha.mintnenni224@hotmail.fr,15,Tiris Zemmour,ACTIVE,,ACTIVE,2024-04-17,2024-08-05T21:51:13.061Z,2024-04-17T07:59:58.116Z,2024-08-05T21:51:13.061Z
6627,0201939598,Mohamed,Ould Nagi,Mohamed Ould Nagi,M,2002-09-14,+22232256140,,1,Nouakchott-Nord,STANDARD,,ACTIVE,2023-10-18,2024-02-01T08:15:25.787Z,2023-10-18T02:41:26.362Z,2024-02-01T08:15:25.787Z
6628,9606272585,Fatoumata,Anne,Fatoumata Anne,F,1996-10-11,+22222265544,,6,Brakna,STANDARD,,ACTIVE,2023-04-04,2023-09-13T05:58:04.621Z,2023-04-04T04:26:23.591Z,2023-09-13T05:58:04.621Z
6629,7203296841,Cheikh Sidiya,Ould Khatri,Cheikh Sidiya Ould Khatri,M,1972-09-18,+22244060150,cheikhsidiya.ouldkhatri198@yahoo.fr,3,Nouakchott-Sud,STANDARD,,ACTIVE,2024-01-09,2024-04-14T19:54:04.126Z,2024-01-09T13:13:59.316Z,2024-04-14T19:54:04.126Z
6630,9901546475,Mouna,Mint Dah,Mouna Mint Dah,F,1999-07-08,+22222772031,,1,Nouakchott-Nord,STANDARD,,ACTIVE,2024-02-28,2024-10-26T10:36:43.900Z,2024-02-28T22:48:53.985Z,2024-10-26T10:36:43.900Z
6631,9302813488,Tekber,Thiam,Tekber Thiam,F,1993-06-04,+22225706398,,2,Nouakchott-Ouest,OCCASIONAL,,SUSPENDED,2024-12-08,2024-12-16T09:01:30.798Z,2024-12-08T18:43:07.817Z,2024-12-16T09:01:30.798Z
6632,9013031940,Cheikh,Ould Cheikh,Cheikh Ould Cheikh,M,1990-05-02,+22225118201,,13,Tagant,STANDARD,,ACTIVE,2022-09-30,2023-08-26T19:16:11.285Z,2022-09-30T06:32:45.864Z,2023-08-26T19:16:11.285Z
6633,7402454646,Salka,Mint Abdel Kader,Salka Mint Abdel Kader,F,1974-11-10,+22222601695,salka.mintabdelkader574@yahoo.fr,2,Nouakchott-Ouest,ACTIVE,,ACTIVE,2024-03-05,2024-03-19T06:31:01.219Z,2024-03-05T01:52:19.814Z,2024-03-19T06:31:01.219Z
6634,7402934111,Maguette,Sène,Maguette Sène,M,1974-04-10,+22222118216,,2,Nouakchott-Ouest,STANDARD,,ACTIVE,2024-05-08,2024-11-24T14:37:42.847Z,2024-05-08T19:47:41.334Z,2024-11-24T14:37:42.847Z
6635,8802279859,Soueidatt,Ba,Soueidatt Ba,M,1988-03-19,+22222210909,,2,Nouakchott-Ouest,OCCASIONAL,,PENDING_KYC,2022-01-02,2023-12-15T13:05:35.932Z,2022-01-02T14:15:54.173Z,2023-12-15T13:05:35.932Z
6636,9302049401,Ghali,Ould Lemrabott,Ghali Ould Lemrabott,M,1993-09-19,+22225443258,ghali.ouldlemrabott24@yahoo.fr,2,Nouakchott-Ouest,STANDARD,,ACTIVE,2022-11-16,2023-09-09T03:07:02.410Z,2022-11-16T09:36:35.493Z,2023-09-09T03:07:02.410Z
6637,7212311995,Mor,Mbow,Mor Mbow,M,1972-08-25,+22223349380,,12,Adrar,STANDARD,,ACTIVE,2023-02-04,2024-03-19T21:28:50.857Z,2023-02-04T07:27:57.429Z,2024-03-19T21:28:50.857Z
6638,7210063054,Kiné,Wane,Kiné Wane,F,1972-11-05,+22224306578,kiné.wane635@gmail.com,10,Hodh Ech Chargui,VIP,,BLOCKED,2022-02-12,2022-06-22T11:13:17.092Z,2022-02-12T11:22:35.739Z,2022-06-22T11:13:17.092Z
6639,7401601223,Habiboullah,Tall,Habiboullah Tall,M,1974-06-16,+22235096995,,1,Nouakchott-Nord,ACTIVE,,ACTIVE,2024-09-06,2024-12-21T19:28:23.306Z,2024-09-06T01:39:53.700Z,2024-12-21T19:28:23.306Z
6640,8101349769,Souleymane,Ould Moulaye,Souleymane Ould Moulaye,M,1981-03-23,+22225422773,souleymane.ouldmoulaye383@yahoo.fr,1,Nouakchott-Nord,STANDARD,,ACTIVE,2022-11-20,2024-05-12T23:45:24.180Z,2022-11-20T19:05:19.608Z,2024-05-12T23:45:24.180Z
6641,7105714511,Moctar,Diagana,Moctar Diagana,M,1971-04-02,+22223531847,,5,Trarza,VIP,,ACTIVE,2023-11-28,2023-12-01T04:06:22.449Z,2023-11-28T03:15:16.452Z,2023-12-01T04:06:22.449Z
6642,9106828464,Saad,Ould Abdel Aziz,Saad Ould Abdel Aziz,M,1991-12-20,+22224251125,saad.ouldabdelaziz950@outlook.com,6,Brakna,STANDARD,,ACTIVE,2022-04-17,2024-05-12T03:54:17.924Z,2022-04-17T16:45:16.717Z,2024-05-12T03:54:17.924Z
6643,6009752874,Aichetou,Mint Dah,Aichetou Mint Dah,F,1960-10-18,+22241160061,aichetou.mintdah279@hotmail.fr,9,Assaba,OCCASIONAL,,ACTIVE,2022-02-27,2023-12-14T22:38:30.772Z,2022-02-27T10:13:17.616Z,2023-12-14T22:38:30.772Z
6644,8502671076,Zahra,Mint Bouha,Zahra Mint Bouha,F,1985-05-08,+22222249152,zahra.mintbouha882@outlook.com,2,Nouakchott-Ouest,DORMANT,,ACTIVE,2024-06-14,2024-11-26T11:54:12.678Z,2024-06-14T09:40:25.219Z,2024-11-26T11:54:12.678Z
6645,6902982691,Habiba,Mint Abdallah,Habiba Mint Abdallah,F,1969-09-04,+22223205755,habiba.mintabdallah382@yahoo.fr,2,Nouakchott-Ouest,ACTIVE,,ACTIVE,2024-09-03,2024-12-11T07:25:34.158Z,2024-09-03T22:29:44.816Z,2024-12-11T07:25:34.158Z
6646,0202348942,Boubacar,Ould Limam,Boubacar Ould Limam,M,2002-10-26,+22249567598,,2,Nouakchott-Ouest,OCCASIONAL,,ACTIVE,2022-05-22,2024-04-12T05:54:33.508Z,2022-05-22T20:02:27.243Z,2024-04-12T05:54:33.508Z
6647,6104824443,Bassirou,Yatabaré,Bassirou Yatabaré,M,1961-01-02,+22236340611,bassirou.yatabaré21@gmail.com,4,Dakhlet Nouadhibou,ACTIVE,,ACTIVE,2022-01-16,2024-06-07T23:14:13.129Z,2022-01-16T14:21:48.205Z,2024-06-07T23:14:13.129Z
6648,6710594046,Mariam,Ly,Mariam Ly,F,1967-10-08,+22245051052,,10,Hodh Ech Chargui,ACTIVE,,ACTIVE,2024-11-12,2024-12-26T20:15:40.931Z,2024-11-12T18:44:44.355Z,2024-12-26T20:15:40.931Z
6649,8512581123,Leila,Mint Ahmed,Leila Mint Ahmed,F,1985-10-06,+22224674114,,12,Adrar,STANDARD,,ACTIVE,2023-05-24,2023-10-10T23:44:44.012Z,2023-05-24T16:56:40.776Z,2023-10-10T23:44:44.012Z
6650,8801847972,Cheikh,Dramé,Cheikh Dramé,M,1988-08-03,+22234282086,cheikh.dramé42@gmail.com,1,Nouakchott-Nord,STANDARD,,ACTIVE,2022-03-26,2022-07-31T19:45:25.196Z,2022-03-26T15:40:17.215Z,2022-07-31T19:45:25.196Z
6651,7207717304,Noura,Mint Nagi,Noura Mint Nagi,F,1972-05-20,+22225329498,,7,Gorgol,STANDARD,,ACTIVE,2024-09-27,2024-11-25T16:20:34.070Z,2024-09-27T09:23:06.861Z,2024-11-25T16:20:34.070Z
6652,6002275013,Lassana,Kane,Lassana Kane,M,1960-04-15,+22225576031,lassana.kane595@yahoo.fr,2,Nouakchott-Ouest,OCCASIONAL,,ACTIVE,2023-04-26,2024-11-13T11:31:48.056Z,2023-04-26T19:50:52.445Z,2024-11-13T11:31:48.056Z
6653,6707313119,Jemila,Anne,Jemila Anne,F,1967-10-06,+22222858324,jemila.anne167@yahoo.fr,7,Gorgol,STANDARD,,ACTIVE,2023-10-16,2024-10-11T05:41:44.503Z,2023-10-16T09:02:45.882Z,2024-10-11T05:41:44.503Z
6654,6402725994,Boubacar,Fall,Boubacar Fall,M,1964-10-01,+22235362679,boubacar.fall928@gmail.com,2,Nouakchott-Ouest,OCCASIONAL,,SUSPENDED,2023-06-26,2024-12-01T08:58:21.636Z,2023-06-26T13:12:44.388Z,2024-12-01T08:58:21.636Z
6655,9801199838,Vatma,Mint Wedadi,Vatma Mint Wedadi,F,1998-06-16,+22234922474,vatma.mintwedadi958@yahoo.fr,1,Nouakchott-Nord,STANDARD,,ACTIVE,2024-03-29,2024-08-02T05:06:54.890Z,2024-03-29T12:09:07.013Z,2024-08-02T05:06:54.890Z
6656,0202056746,Aïssata,Koita,Aïssata Koita,F,2002-01-06,+22222599471,aïssata.koita163@gmail.com,2,Nouakchott-Ouest,OCCASIONAL,,SUSPENDED,2023-02-14,2024-04-05T03:29:40.456Z,2023-02-14T06:54:40.720Z,2024-04-05T03:29:40.456Z
6657,6202824453,Dado,Touré,Dado Touré,F,1962-08-13,+22225966354,,2,Nouakchott-Ouest,STANDARD,,ACTIVE,2023-05-07,2023-06-15T18:58:42.423Z,2023-05-07T22:58:09.754Z,2023-06-15T18:58:42.423Z
6658,7613101223,Sidi,Diarra,Sidi Diarra,M,1976-05-21,+22245078572,,13,Tagant,STANDARD,,ACTIVE,2023-12-17,2024-08-11T08:46:17.350Z,2023-12-17T22:15:21.208Z,2024-08-11T08:46:17.350Z
6659,9709641343,Sadio,Fofana,Sadio Fofana,M,1997-07-18,+22242083822,,9,Assaba,OCCASIONAL,,ACTIVE,2024-06-09,2024-10-04T08:55:52.737Z,2024-06-09T01:01:16.610Z,2024-10-04T08:55:52.737Z
6660,6509530042,Adama,Anne,Adama Anne,F,1965-10-02,+22224814936,,9,Assaba,ACTIVE,,ACTIVE,2024-12-28,2024-12-29T01:31:25.743Z,2024-12-28T14:12:43.243Z,2024-12-29T01:31:25.743Z
6661,8002929392,Maty,Niang,Maty Niang,F,1980-04-07,+22246947821,maty.niang329@yahoo.fr,2,Nouakchott-Ouest,STANDARD,,PENDING_KYC,2022-01-05,2023-11-08T05:27:40.644Z,2022-01-05T20:20:50.846Z,2023-11-08T05:27:40.644Z
6662,6405201008,El Mokhtar,Ould Sidi,El Mokhtar Ould Sidi,M,1964-05-13,+22225637436,,5,Trarza,OCCASIONAL,,ACTIVE,2024-08-26,2024-09-19T10:43:27.568Z,2024-08-26T07:51:40.435Z,2024-09-19T10:43:27.568Z
6663,9401611787,Mohamed Vall,Ould Bouha,Mohamed Vall Ould Bouha,M,1994-10-14,+22224533242,mohamedvall.ouldbouha374@outlook.com,1,Nouakchott-Nord,STANDARD,,ACTIVE,2024-08-12,2024-12-14T21:26:25.754Z,2024-08-12T14:55:22.621Z,2024-12-14T21:26:25.754Z
6664,8607521302,Djimé,Bâ,Djimé Bâ,M,1986-05-01,+22234768144,,7,Gorgol,OCCASIONAL,,ACTIVE,2022-07-25,2023-05-21T03:55:31.576Z,2022-07-25T07:42:58.200Z,2023-05-21T03:55:31.576Z
6665,6501402907,Minetou,Mint Brahim,Minetou Mint Brahim,F,1965-09-02,+22222915853,minetou.mintbrahim998@gmail.com,1,Nouakchott-Nord,OCCASIONAL,,ACTIVE,2023-03-12,2023-05-16T12:00:55.810Z,2023-03-12T12:26:40.083Z,2023-05-16T12:00:55.810Z
6666,7702535346,Bilal,Ould Moulaye,Bilal Ould Moulaye,M,1977-09-02,+22222805882,,2,Nouakchott-Ouest,PREMIUM,,ACTIVE,2022-04-13,2023-03-16T02:11:42.986Z,2022-04-13T01:57:33.576Z,2023-03-16T02:11:42.986Z
6667,8703789383,Mahjouba,Mint Mohamed,Mahjouba Mint Mohamed,F,1987-01-28,+22249110901,,3,Nouakchott-Sud,STANDARD,,ACTIVE,2023-01-12,2023-03-11T04:38:44.684Z,2023-01-12T15:32:07.943Z,2023-03-11T04:38:44.684Z
6668,7304880606,Cheikh Sidiya,Ould Khalil,Cheikh Sidiya Ould Khalil,M,1973-11-08,+22224464846,,4,Dakhlet Nouadhibou,OCCASIONAL,,ACTIVE,2024-12-07,2024-12-26T15:42:42.939Z,2024-12-07T12:48:26.837Z,2024-12-26T15:42:42.939Z
6669,0302093108,Ghalia,Diagana,Ghalia Diagana,F,2003-10-04,+22224841060,ghalia.diagana961@outlook.com,2,Nouakchott-Ouest,STANDARD,,INACTIVE,2024-04-07,2024-11-09T00:37:30.944Z,2024-04-07T03:42:24.703Z,2024-11-09T00:37:30.944Z
6670,6115201781,Siaka,Thiam,Siaka Thiam,M,1961-07-15,+22235333030,siaka.thiam195@gmail.com,15,Tiris Zemmour,ACTIVE,,ACTIVE,2023-08-24,2024-09-16T19:05:51.404Z,2023-08-24T20:47:04.540Z,2024-09-16T19:05:51.404Z
6671,9401035620,Ablaye,Koita,Ablaye Koita,M,1994-06-24,+22223999347,,1,Nouakchott-Nord,OCCASIONAL,,ACTIVE,2023-02-11,2023-03-27T07:22:27.727Z,2023-02-11T20:16:24.720Z,2023-03-27T07:22:27.727Z
6672,0313797392,Abdellahi,Diallo,Abdellahi Diallo,M,2003-05-12,+22234168460,abdellahi.diallo219@yahoo.fr,13,Tagant,STANDARD,,ACTIVE,2023-05-01,2024-02-10T05:20:03.784Z,2023-05-01T03:23:09.745Z,2024-02-10T05:20:03.784Z
6673,6903677244,Isselmou,Ould Taleb,Isselmou Ould Taleb,M,1969-03-27,+22243811546,,3,Nouakchott-Sud,STANDARD,,ACTIVE,2024-01-23,2024-03-20T02:54:50.087Z,2024-01-23T09:31:52.949Z,2024-03-20T02:54:50.087Z
6674,8602599931,Leila,Mint Eleya,Leila Mint Eleya,F,1986-01-10,+22224677167,leila.minteleya74@hotmail.fr,2,Nouakchott-Ouest,STANDARD,,INACTIVE,2023-04-24,2023-07-31T03:48:06.629Z,2023-04-24T11:55:20.506Z,2023-07-31T03:48:06.629Z
6675,6506985919,Fanta,Faye,Fanta Faye,F,1965-01-19,+22224421642,fanta.faye693@gmail.com,6,Brakna,STANDARD,,SUSPENDED,2023-05-07,2023-08-19T22:14:32.090Z,2023-05-07T07:18:07.714Z,2023-08-19T22:14:32.090Z
6676,9402421125,El Hadji,Kouyaté,El Hadji Kouyaté,M,1994-08-08,+22225810962,,2,Nouakchott-Ouest,STANDARD,,ACTIVE,2024-10-21,2024-11-20T16:22:07.383Z,2024-10-21T11:26:26.442Z,2024-11-20T16:22:07.383Z
6677,8902428766,Mohamed Salem,Ould Eleya,Mohamed Salem Ould Eleya,M,1989-06-08,+22225434338,,2,Nouakchott-Ouest,OCCASIONAL,,ACTIVE,2023-12-26,2024-08-10T19:36:27.561Z,2023-12-26T23:10:54.319Z,2024-08-10T19:36:27.561Z
6678,6203825477,Souleymane,Bathily,Souleymane Bathily,M,1962-01-15,+22225043989,,3,Nouakchott-Sud,OCCASIONAL,,ACTIVE,2023-05-10,2024-07-28T06:28:01.880Z,2023-05-10T05:39:55.018Z,2024-07-28T06:28:01.880Z
6679,9608573930,Fatima,Mint Eleya,Fatima Mint Eleya,F,1996-05-20,+22222960850,,8,Guidimaka,OCCASIONAL,,ACTIVE,2024-02-01,2024-09-09T16:54:57.501Z,2024-02-01T11:55:12.957Z,2024-09-09T16:54:57.501Z
6680,8403275515,Hamady,Fofana,Hamady Fofana,M,1984-09-04,+22224861238,,3,Nouakchott-Sud,PREMIUM,,ACTIVE,2023-04-04,2024-07-13T00:28:30.252Z,2023-04-04T03:02:22.257Z,2024-07-13T00:28:30.252Z
6681,9002876361,Vatma,Mint Salem,Vatma Mint Salem,F,1990-09-24,+22222585152,,2,Nouakchott-Ouest,STANDARD,,INACTIVE,2023-10-13,2024-06-29T13:02:09.313Z,2023-10-13T07:44:50.948Z,2024-06-29T13:02:09.313Z
6682,7107087853,Oumou,Ba,Oumou Ba,F,1971-12-03,+22232567139,,7,Gorgol,ACTIVE,,ACTIVE,2024-08-28,2024-11-26T14:54:50.643Z,2024-08-28T08:18:59.619Z,2024-11-26T14:54:50.643Z
6683,6202990299,Ahmedou,Ould Brahim,Ahmedou Ould Brahim,M,1962-09-21,+22236653241,,2,Nouakchott-Ouest,OCCASIONAL,,SUSPENDED,2024-07-09,2024-09-25T13:34:39.749Z,2024-07-09T21:28:55.615Z,2024-09-25T13:34:39.749Z
6684,6702925999,Leila,Mint El Mamy,Leila Mint El Mamy,F,1967-06-25,+22222962216,,2,Nouakchott-Ouest,STANDARD,,ACTIVE,2023-03-16,2023-12-29T12:49:02.322Z,2023-03-16T14:19:34.679Z,2023-12-29T12:49:02.322Z
6685,0001391802,Hamadi,Ould El Mokhtar,Hamadi Ould El Mokhtar,M,2000-01-09,+22234945780,hamadi.ouldelmokhtar426@gmail.com,1,Nouakchott-Nord,STANDARD,,ACTIVE,2023-11-28,2024-08-02T18:25:14.606Z,2023-11-28T05:19:42.589Z,2024-08-02T18:25:14.606Z
6686,0501014988,Ghali,Ould El Mamy,Ghali Ould El Mamy,M,2005-05-14,+22248563338,,1,Nouakchott-Nord,STANDARD,,ACTIVE,2023-02-14,2023-12-20T13:39:53.805Z,2023-02-14T10:11:59.960Z,2023-12-20T13:39:53.805Z
6687,6601215012,Youssouf,Diop,Youssouf Diop,M,1966-04-15,+22222753342,,1,Nouakchott-Nord,STANDARD,,ACTIVE,2023-07-20,2023-12-26T19:53:07.037Z,2023-07-20T08:24:13.537Z,2023-12-26T19:53:07.037Z
6688,0205847523,Mbareck,Kane,Mbareck Kane,M,2002-09-13,+22236814408,mbareck.kane776@yahoo.fr,5,Trarza,ACTIVE,,INACTIVE,2022-05-24,2024-03-05T08:51:42.213Z,2022-05-24T05:36:43.924Z,2024-03-05T08:51:42.213Z
6689,7501894453,Dialika,Dia,Dialika Dia,F,1975-06-07,+22223382148,,1,Nouakchott-Nord,DORMANT,,ACTIVE,2023-11-14,2024-01-30T11:36:39.003Z,2023-11-14T04:48:54.202Z,2024-01-30T11:36:39.003Z
6690,8103501356,Defa,Mint Eleya,Defa Mint Eleya,F,1981-04-22,+22246375538,defa.minteleya583@yahoo.fr,3,Nouakchott-Sud,DORMANT,,ACTIVE,2023-12-19,2024-05-15T07:32:58.179Z,2023-12-19T05:52:31.601Z,2024-05-15T07:32:58.179Z
6691,6502890954,Mouna,Mint Salem,Mouna Mint Salem,F,1965-03-08,+22224603171,mouna.mintsalem352@yahoo.fr,2,Nouakchott-Ouest,STANDARD,,ACTIVE,2023-05-19,2024-03-24T03:06:14.093Z,2023-05-19T20:35:27.374Z,2024-03-24T03:06:14.093Z
6692,8303941637,Koumba,Diop,Koumba Diop,F,1983-11-20,+22232128551,,3,Nouakchott-Sud,ACTIVE,,ACTIVE,2023-03-03,2023-06-06T02:21:22.264Z,2023-03-03T01:18:54.029Z,2023-06-06T02:21:22.264Z
6693,9004363117,Sakouba,Soumaré,Sakouba Soumaré,M,1990-02-12,+22225597545,sakouba.soumaré705@hotmail.fr,4,Dakhlet Nouadhibou,STANDARD,,ACTIVE,2024-03-01,2024-04-23T00:05:06.971Z,2024-03-01T07:50:28.268Z,2024-04-23T00:05:06.971Z
6694,8915140930,Maimouna,Wane,Maimouna Wane,F,1989-08-21,+22224191879,,15,Tiris Zemmour,OCCASIONAL,,ACTIVE,2024-07-31,2024-09-14T12:23:09.285Z,2024-07-31T21:14:35.737Z,2024-09-14T12:23:09.285Z
6695,8406762126,Makan,Sissoko,Makan Sissoko,M,1984-04-26,+22223175579,,6,Brakna,OCCASIONAL,,ACTIVE,2022-12-10,2023-04-03T19:52:54.427Z,2022-12-10T13:43:47.377Z,2023-04-03T19:52:54.427Z
6696,8211894362,Mohamed Salem,Ould Ahmed,Mohamed Salem Ould Ahmed,M,1982-07-04,+22222065399,mohamedsalem.ouldahmed322@yahoo.fr,11,Hodh El Gharbi,STANDARD,,ACTIVE,2024-07-03,2024-11-04T17:29:45.970Z,2024-07-03T20:21:37.759Z,2024-11-04T17:29:45.970Z
6697,8705265991,Seynabou,Anne,Seynabou Anne,F,1987-04-14,+22241623025,seynabou.anne636@gmail.com,5,Trarza,ACTIVE,,ACTIVE,2022-09-13,2023-12-08T05:49:35.830Z,2022-09-13T21:13:13.116Z,2023-12-08T05:49:35.830Z
6698,9702902458,Nagi,Ould Bouha,Nagi Ould Bouha,M,1997-04-06,+22224587527,,2,Nouakchott-Ouest,STANDARD,,ACTIVE,2024-11-26,2024-12-23T05:52:39.661Z,2024-11-26T09:11:30.399Z,2024-12-23T05:52:39.661Z
6699,7903826476,Ahmedou,Ould Abdel Aziz,Ahmedou Ould Abdel Aziz,M,1979-09-15,+22224162673,,3,Nouakchott-Sud,DORMANT,,ACTIVE,2022-10-31,2023-09-10T14:30:44.860Z,2022-10-31T05:36:13.753Z,2023-09-10T14:30:44.860Z
6700,7704044736,Kéba,Diallo,Kéba Diallo,M,1977-12-24,+22224260014,kéba.diallo564@yahoo.fr,4,Dakhlet Nouadhibou,STANDARD,,ACTIVE,2023-05-26,2024-10-29T03:19:19.479Z,2023-05-26T19:39:54.065Z,2024-10-29T03:19:19.479Z
6701,0504518474,Sidina,Ould Moulaye,Sidina Ould Moulaye,M,2005-09-18,+22234113571,,4,Dakhlet Nouadhibou,PREMIUM,,ACTIVE,2024-04-12,2024-07-30T08:38:24.644Z,2024-04-12T07:15:18.383Z,2024-07-30T08:38:24.644Z
6702,6002281245,Zahra,Koné,Zahra Koné,F,1960-01-06,+22233272683,zahra.koné434@yahoo.fr,2,Nouakchott-Ouest,STANDARD,,ACTIVE,2022-05-19,2024-08-07T03:40:10.319Z,2022-05-19T00:40:56.580Z,2024-08-07T03:40:10.319Z
6703,8502728923,Habiba,Mint El Hacen,Habiba Mint El Hacen,F,1985-05-13,+22225052060,,2,Nouakchott-Ouest,STANDARD,,ACTIVE,2023-12-27,2024-11-25T13:37:02.614Z,2023-12-27T19:21:25.621Z,2024-11-25T13:37:02.614Z
6704,6703794938,Sambou,Kouyaté,Sambou Kouyaté,M,1967-04-04,+22234700282,,3,Nouakchott-Sud,STANDARD,,ACTIVE,2024-04-01,2024-08-07T18:38:20.607Z,2024-04-01T05:51:46.613Z,2024-08-07T18:38:20.607Z
6705,8605631942,Tekber,Mint Abeih,Tekber Mint Abeih,F,1986-02-24,+22247783855,tekber.mintabeih967@gmail.com,5,Trarza,STANDARD,,ACTIVE,2022-08-16,2023-02-24T22:33:15.768Z,2022-08-16T01:32:03.667Z,2023-02-24T22:33:15.768Z
6706,7112734825,Safiya,Mint Mahmoud,Safiya Mint Mahmoud,F,1971-06-28,+22223519553,,12,Adrar,STANDARD,,ACTIVE,2024-11-02,2024-11-15T14:00:57.120Z,2024-11-02T22:47:39.024Z,2024-11-15T14:00:57.120Z
6707,6704785928,Lassana,Thiam,Lassana Thiam,M,1967-05-08,+22249336421,lassana.thiam937@yahoo.fr,4,Dakhlet Nouadhibou,STANDARD,,ACTIVE,2024-08-21,2024-09-30T19:46:47.913Z,2024-08-21T11:32:11.356Z,2024-09-30T19:46:47.913Z
6708,9203254735,Ely,Ould Vall,Ely Ould Vall,M,1992-12-02,+22223159916,,3,Nouakchott-Sud,STANDARD,,ACTIVE,2024-09-06,2024-09-09T06:07:52.103Z,2024-09-06T04:02:53.554Z,2024-09-09T06:07:52.103Z
6709,9902718804,Hacen,Ould Isselmou,Hacen Ould Isselmou,M,1999-12-13,+22222523122,hacen.ouldisselmou613@hotmail.fr,2,Nouakchott-Ouest,ACTIVE,,ACTIVE,2023-10-08,2023-10-27T21:27:46.312Z,2023-10-08T04:29:51.513Z,2023-10-27T21:27:46.312Z
6710,7509423976,Abdallah,Dia,Abdallah Dia,M,1975-08-04,+22223342164,,9,Assaba,OCCASIONAL,,ACTIVE,2023-12-06,2024-05-28T11:02:33.178Z,2023-12-06T00:59:37.756Z,2024-05-28T11:02:33.178Z
6711,8014575000,Halima,Mint Vadel,Halima Mint Vadel,F,1980-02-16,+22224824318,halima.mintvadel450@outlook.com,14,Inchiri,STANDARD,,PENDING_KYC,2023-11-13,2024-09-25T21:16:18.801Z,2023-11-13T17:13:53.233Z,2024-09-25T21:16:18.801Z
6712,0502746802,Saad,Ould Brahim,Saad Ould Brahim,M,2005-07-09,+22222930376,,2,Nouakchott-Ouest,OCCASIONAL,,PENDING_KYC,2022-06-02,2022-11-19T13:37:45.321Z,2022-06-02T11:22:44.601Z,2022-11-19T13:37:45.321Z
6713,7605784883,Khadija,Mint Khalil,Khadija Mint Khalil,F,1976-04-08,+22234253952,,5,Trarza,STANDARD,,ACTIVE,2024-12-21,2024-12-28T23:45:37.761Z,2024-12-21T20:25:14.337Z,2024-12-28T23:45:37.761Z
6714,9801097802,Taleb,Ould Abdel Kader,Taleb Ould Abdel Kader,M,1998-03-02,+22245748332,,1,Nouakchott-Nord,STANDARD,,ACTIVE,2024-03-11,2024-07-19T15:46:09.437Z,2024-03-11T02:37:15.571Z,2024-07-19T15:46:09.437Z
6715,9401119296,Cheikhna,Ould Eleya,Cheikhna Ould Eleya,M,1994-05-22,+22235654126,cheikhna.ouldeleya565@hotmail.fr,1,Nouakchott-Nord,OCCASIONAL,,ACTIVE,2023-02-23,2024-10-05T13:26:03.424Z,2023-02-23T01:59:48.536Z,2024-10-05T13:26:03.424Z
6716,9915750613,Noura,Mint El Hacen,Noura Mint El Hacen,F,1999-09-03,+22237205296,noura.mintelhacen314@yahoo.fr,15,Tiris Zemmour,DORMANT,,ACTIVE,2023-09-04,2024-02-07T15:46:28.460Z,2023-09-04T02:56:51.009Z,2024-02-07T15:46:28.460Z
6717,9202253092,Zein,Diop,Zein Diop,M,1992-02-11,+22222122491,zein.diop491@hotmail.fr,2,Nouakchott-Ouest,STANDARD,,ACTIVE,2023-02-16,2023-04-23T04:43:14.832Z,2023-02-16T07:33:16.593Z,2023-04-23T04:43:14.832Z
6718,7502056049,Aminetou,Mint El Mamy,Aminetou Mint El Mamy,F,1975-06-05,+22222850670,,2,Nouakchott-Ouest,ACTIVE,,ACTIVE,2023-03-12,2024-09-19T21:47:30.939Z,2023-03-12T22:05:36.793Z,2024-09-19T21:47:30.939Z
6719,6104637793,Penda,Koné,Penda Koné,F,1961-02-26,+22232442955,,4,Dakhlet Nouadhibou,STANDARD,,ACTIVE,2024-10-08,2024-12-27T08:42:33.683Z,2024-10-08T05:29:32.387Z,2024-12-27T08:42:33.683Z
6720,0507695901,Sidiki,Bathily,Sidiki Bathily,M,2005-09-14,+22241274706,sidiki.bathily57@outlook.com,7,Gorgol,OCCASIONAL,,ACTIVE,2022-03-09,2023-04-05T21:17:35.688Z,2022-03-09T04:49:02.327Z,2023-04-05T21:17:35.688Z
6721,7904314233,Sidi Mohamed,Ould Vall,Sidi Mohamed Ould Vall,M,1979-12-02,+22223821122,,4,Dakhlet Nouadhibou,ACTIVE,,ACTIVE,2022-10-13,2023-11-27T22:56:43.249Z,2022-10-13T08:04:53.936Z,2023-11-27T22:56:43.249Z
6722,6505150282,Sidi Ahmed,Ould Abdel Kader,Sidi Ahmed Ould Abdel Kader,M,1965-06-10,+22224255891,sidiahmed.ouldabdelkader762@hotmail.fr,5,Trarza,OCCASIONAL,,ACTIVE,2023-02-24,2023-07-13T06:00:51.460Z,2023-02-24T20:27:43.892Z,2023-07-13T06:00:51.460Z
6723,8609539897,Mahjouba,Niang,Mahjouba Niang,F,1986-10-18,+22237407268,,9,Assaba,DORMANT,,PENDING_KYC,2022-06-17,2024-02-10T11:24:03.114Z,2022-06-17T21:05:41.667Z,2024-02-10T11:24:03.114Z
6724,8802447687,Nagi,Thiam,Nagi Thiam,M,1988-01-19,+22234048569,,2,Nouakchott-Ouest,PREMIUM,,ACTIVE,2024-09-12,2024-11-25T02:48:17.565Z,2024-09-12T06:43:14.097Z,2024-11-25T02:48:17.565Z
6725,7215401561,Maloum,Ould Ethmane,Maloum Ould Ethmane,M,1972-02-24,+22225411603,maloum.ouldethmane55@hotmail.fr,15,Tiris Zemmour,STANDARD,,PENDING_KYC,2024-04-26,2024-06-26T09:30:22.975Z,2024-04-26T19:11:57.928Z,2024-06-26T09:30:22.975Z
6726,7402769544,Mounina,Mint El Ghassem,Mounina Mint El Ghassem,F,1974-07-16,+22243118651,mounina.mintelghassem28@outlook.com,2,Nouakchott-Ouest,DORMANT,,ACTIVE,2024-12-18,2024-12-23T09:09:32.816Z,2024-12-18T11:13:38.459Z,2024-12-23T09:09:32.816Z
6727,0103356839,Youssouf,Diagana,Youssouf Diagana,M,2001-03-17,+22248574795,,3,Nouakchott-Sud,STANDARD,,PENDING_KYC,2024-07-25,2024-11-05T17:05:24.537Z,2024-07-25T14:54:53.591Z,2024-11-05T17:05:24.537Z
6728,6901759265,Rougui,Guèye,Rougui Guèye,F,1969-06-16,+22243267957,rougui.guèye862@outlook.com,1,Nouakchott-Nord,ACTIVE,,PENDING_KYC,2022-11-29,2024-08-13T18:37:49.627Z,2022-11-29T05:16:43.110Z,2024-08-13T18:37:49.627Z
6729,9601574451,Ethmane,Diop,Ethmane Diop,M,1996-05-10,+22224431615,,1,Nouakchott-Nord,STANDARD,,ACTIVE,2024-04-11,2024-11-24T03:22:48.413Z,2024-04-11T23:53:29.085Z,2024-11-24T03:22:48.413Z
6730,8404641647,Maguette,Diagana,Maguette Diagana,F,1984-06-01,+22225548619,maguette.diagana172@yahoo.fr,4,Dakhlet Nouadhibou,ACTIVE,,ACTIVE,2023-12-28,2024-06-25T21:22:27.373Z,2023-12-28T08:54:23.631Z,2024-06-25T21:22:27.373Z
6731,0401066850,Néné,Cissé,Néné Cissé,F,2004-08-19,+22249663900,néné.cissé433@outlook.com,1,Nouakchott-Nord,ACTIVE,,ACTIVE,2023-09-09,2024-12-28T13:43:32.159Z,2023-09-09T18:42:01.551Z,2024-12-28T13:43:32.159Z
6732,7904190808,Ténin,Ly,Ténin Ly,F,1979-10-18,+22243276289,,4,Dakhlet Nouadhibou,OCCASIONAL,,ACTIVE,2024-09-29,2024-11-22T22:52:30.657Z,2024-09-29T20:38:44.393Z,2024-11-22T22:52:30.657Z
6733,7901479995,Koumba,Ndiaye,Koumba Ndiaye,F,1979-01-21,+22243970985,,1,Nouakchott-Nord,STANDARD,,ACTIVE,2023-03-17,2024-09-03T16:56:11.235Z,2023-03-17T09:40:51.105Z,2024-09-03T16:56:11.235Z
6734,0315662856,Limam,Ould Abeih,Limam Ould Abeih,M,2003-10-08,+22245865712,limam.ouldabeih348@hotmail.fr,15,Tiris Zemmour,ACTIVE,,PENDING_KYC,2024-11-14,2024-11-30T15:57:44.369Z,2024-11-14T14:42:41.947Z,2024-11-30T15:57:44.369Z
6735,8902864467,Sidi Mohamed,Fall,Sidi Mohamed Fall,M,1989-10-27,+22246788596,,2,Nouakchott-Ouest,ACTIVE,,ACTIVE,2023-07-23,2024-11-22T04:00:20.050Z,2023-07-23T11:26:39.124Z,2024-11-22T04:00:20.050Z
6736,7012306223,Mahjouba,Mint Salem,Mahjouba Mint Salem,F,1970-03-16,+22223307903,,12,Adrar,DORMANT,,INACTIVE,2023-07-16,2024-12-19T03:15:36.993Z,2023-07-16T22:14:12.974Z,2024-12-19T03:15:36.993Z
6737,9202487181,Fatima,Mint Eleya,Fatima Mint Eleya,F,1992-08-12,+22222760907,fatima.minteleya590@yahoo.fr,2,Nouakchott-Ouest,OCCASIONAL,,ACTIVE,2022-01-05,2022-11-10T01:53:12.989Z,2022-01-05T21:23:57.485Z,2022-11-10T01:53:12.989Z
6738,8902863501,Aminetou,Diallo,Aminetou Diallo,F,1989-01-16,+22235184415,,2,Nouakchott-Ouest,OCCASIONAL,,ACTIVE,2022-03-10,2024-08-31T10:53:25.271Z,2022-03-10T04:12:33.472Z,2024-08-31T10:53:25.271Z
6739,8102462216,Sidi,Ould Cheikh,Sidi Ould Cheikh,M,1981-04-28,+22234344365,sidi.ouldcheikh129@gmail.com,2,Nouakchott-Ouest,STANDARD,,ACTIVE,2024-07-17,2024-10-26T19:52:12.674Z,2024-07-17T05:37:41.016Z,2024-10-26T19:52:12.674Z
6740,8201065372,Aichetou,Wade,Aichetou Wade,F,1982-12-26,+22244329673,,1,Nouakchott-Nord,STANDARD,,ACTIVE,2024-12-08,2024-12-13T00:55:36.097Z,2024-12-08T20:00:45.694Z,2024-12-13T00:55:36.097Z
6741,6001579626,Defa,Ndiaye,Defa Ndiaye,F,1960-09-14,+22245748440,defa.ndiaye563@yahoo.fr,1,Nouakchott-Nord,STANDARD,,ACTIVE,2022-05-28,2024-02-11T23:08:43.180Z,2022-05-28T09:03:37.597Z,2024-02-11T23:08:43.180Z
6742,8903799881,Adama,Fofana,Adama Fofana,M,1989-03-26,+22223452037,adama.fofana373@gmail.com,3,Nouakchott-Sud,STANDARD,,ACTIVE,2024-04-18,2024-06-03T01:35:22.126Z,2024-04-18T02:56:54.021Z,2024-06-03T01:35:22.126Z
6743,6113878835,Naima,Mint Mohamed,Naima Mint Mohamed,F,1961-09-24,+22248508353,naima.mintmohamed557@hotmail.fr,13,Tagant,DORMANT,,ACTIVE,2024-06-07,2024-09-10T02:32:55.981Z,2024-06-07T02:24:17.701Z,2024-09-10T02:32:55.981Z
6744,9801217390,Karamoko,Faye,Karamoko Faye,M,1998-07-20,+22222283734,,1,Nouakchott-Nord,OCCASIONAL,,ACTIVE,2024-02-25,2024-12-24T17:58:09.954Z,2024-02-25T05:01:36.496Z,2024-12-24T17:58:09.954Z
6745,9711005980,Djibril,Thiam,Djibril Thiam,M,1997-04-24,+22248407428,djibril.thiam35@gmail.com,11,Hodh El Gharbi,ACTIVE,,ACTIVE,2023-03-23,2024-02-21T00:41:55.046Z,2023-03-23T03:21:32.071Z,2024-02-21T00:41:55.046Z
6746,8104556683,Mansour,Thiam,Mansour Thiam,M,1981-09-06,+22223884236,,4,Dakhlet Nouadhibou,STANDARD,,ACTIVE,2023-06-20,2023-08-20T04:54:16.247Z,2023-06-20T06:38:56.380Z,2023-08-20T04:54:16.247Z
6747,0211124180,Mbarka,Mint El Hacen,Mbarka Mint El Hacen,F,2002-04-05,+22246299704,,11,Hodh El Gharbi,ACTIVE,,ACTIVE,2024-03-30,2024-10-03T20:12:34.937Z,2024-03-30T15:20:05.075Z,2024-10-03T20:12:34.937Z
6748,8502121919,Lala,Anne,Lala Anne,F,1985-01-09,+22224580564,lala.anne708@gmail.com,2,Nouakchott-Ouest,OCCASIONAL,,ACTIVE,2022-10-02,2023-07-23T01:37:00.081Z,2022-10-02T04:11:19.382Z,2023-07-23T01:37:00.081Z
6749,0103709864,Hamadi,Ould Bouha,Hamadi Ould Bouha,M,2001-12-10,+22223273142,hamadi.ouldbouha991@outlook.com,3,Nouakchott-Sud,PREMIUM,,PENDING_KYC,2024-02-09,2024-12-14T08:48:22.471Z,2024-02-09T19:05:32.779Z,2024-12-14T08:48:22.471Z
6750,7302322054,Daouda,Ndiaye,Daouda Ndiaye,M,1973-11-15,+22237166768,,2,Nouakchott-Ouest,PREMIUM,,ACTIVE,2022-09-05,2024-09-22T03:48:53.601Z,2022-09-05T07:55:13.229Z,2024-09-22T03:48:53.601Z
6751,9303663572,El Mokhtar,Ould Zein,El Mokhtar Ould Zein,M,1993-06-15,+22232695843,,3,Nouakchott-Sud,ACTIVE,,SUSPENDED,2022-02-16,2024-10-16T22:20:27.633Z,2022-02-16T02:03:53.496Z,2024-10-16T22:20:27.633Z
6752,6015476256,Kelthoum,Mint Eleya,Kelthoum Mint Eleya,F,1960-03-21,+22232924750,kelthoum.minteleya855@outlook.com,15,Tiris Zemmour,STANDARD,,ACTIVE,2024-12-13,2024-12-23T05:11:36.380Z,2024-12-13T22:18:13.663Z,2024-12-23T05:11:36.380Z
6753,9803806240,Youssou,Gaye,Youssou Gaye,M,1998-01-06,+22242373725,,3,Nouakchott-Sud,OCCASIONAL,,ACTIVE,2023-12-30,2024-01-06T19:38:27.000Z,2023-12-30T17:53:24.766Z,2024-01-06T19:38:27.000Z
6754,7204057522,Oumou,Ba,Oumou Ba,F,1972-02-17,+22246812588,,4,Dakhlet Nouadhibou,VIP,,ACTIVE,2022-12-20,2024-06-26T22:15:50.154Z,2022-12-20T09:53:50.901Z,2024-06-26T22:15:50.154Z
6755,9104073969,Halima,Mint Ahmed,Halima Mint Ahmed,F,1991-12-02,+22241321252,halima.mintahmed584@hotmail.fr,4,Dakhlet Nouadhibou,ACTIVE,,ACTIVE,2023-08-10,2024-12-25T06:07:47.554Z,2023-08-10T03:43:53.147Z,2024-12-25T06:07:47.554Z
6756,9404130012,Mahfoudh,Mbaye,Mahfoudh Mbaye,M,1994-08-11,+22225661319,,4,Dakhlet Nouadhibou,STANDARD,,ACTIVE,2022-12-18,2024-02-22T22:09:10.116Z,2022-12-18T20:43:13.065Z,2024-02-22T22:09:10.116Z
6757,8107358620,Naima,Mint Horma,Naima Mint Horma,F,1981-04-25,+22242275925,naima.minthorma633@hotmail.fr,7,Gorgol,PREMIUM,,ACTIVE,2022-04-07,2022-07-22T04:58:58.655Z,2022-04-07T16:31:16.970Z,2022-07-22T04:58:58.655Z
6758,8701153252,Alassane,Sy,Alassane Sy,M,1987-08-01,+22224122301,alassane.sy483@outlook.com,1,Nouakchott-Nord,STANDARD,,ACTIVE,2022-07-30,2024-09-13T09:59:38.280Z,2022-07-30T04:39:17.798Z,2024-09-13T09:59:38.280Z
6759,0402968942,Meymouna,Niang,Meymouna Niang,F,2004-08-11,+22232942962,,2,Nouakchott-Ouest,OCCASIONAL,,ACTIVE,2024-09-28,2024-10-23T04:13:30.661Z,2024-09-28T10:42:05.611Z,2024-10-23T04:13:30.661Z
6760,6204328274,Moustapha,Sissoko,Moustapha Sissoko,M,1962-07-11,+22237123993,,4,Dakhlet Nouadhibou,OCCASIONAL,,PENDING_KYC,2024-09-26,2024-11-26T20:27:57.087Z,2024-09-26T15:33:00.339Z,2024-11-26T20:27:57.087Z
6761,7502353229,Vatma,Mint Vall,Vatma Mint Vall,F,1975-04-15,+22225615727,,2,Nouakchott-Ouest,DORMANT,,ACTIVE,2024-08-26,2024-10-19T04:26:16.567Z,2024-08-26T19:55:32.600Z,2024-10-19T04:26:16.567Z
6762,8303024437,Moulaye,Ould Mokhtar,Moulaye Ould Mokhtar,M,1983-10-05,+22235592005,,3,Nouakchott-Sud,STANDARD,,ACTIVE,2024-09-03,2024-11-19T14:41:45.781Z,2024-09-03T14:36:51.451Z,2024-11-19T14:41:45.781Z
6763,0101818593,Khadija,Thiam,Khadija Thiam,F,2001-06-11,+22246487234,,1,Nouakchott-Nord,STANDARD,,ACTIVE,2022-09-18,2024-01-31T16:25:26.664Z,2022-09-18T03:30:13.516Z,2024-01-31T16:25:26.664Z
6764,9702014867,Zahra,Mint Jiddou,Zahra Mint Jiddou,F,1997-02-05,+22225346277,zahra.mintjiddou149@outlook.com,2,Nouakchott-Ouest,STANDARD,,ACTIVE,2023-08-04,2024-07-25T17:33:33.210Z,2023-08-04T01:16:19.519Z,2024-07-25T17:33:33.210Z
6765,8501099710,Defa,Mint Brahim,Defa Mint Brahim,F,1985-10-02,+22241738455,,1,Nouakchott-Nord,ACTIVE,,INACTIVE,2023-01-30,2024-11-06T01:21:20.768Z,2023-01-30T13:58:03.710Z,2024-11-06T01:21:20.768Z
6766,9901823125,Salka,Mint Messoud,Salka Mint Messoud,F,1999-05-09,+22224496122,,1,Nouakchott-Nord,OCCASIONAL,,ACTIVE,2022-03-08,2024-11-08T13:10:47.297Z,2022-03-08T12:18:46.200Z,2024-11-08T13:10:47.297Z
6767,9104608536,Cheikhna,Ould Saad,Cheikhna Ould Saad,M,1991-08-10,+22236730563,cheikhna.ouldsaad982@outlook.com,4,Dakhlet Nouadhibou,ACTIVE,,ACTIVE,2023-04-17,2024-03-28T00:46:10.909Z,2023-04-17T23:39:03.704Z,2024-03-28T00:46:10.909Z
6768,8502475056,Karamoko,Diallo,Karamoko Diallo,M,1985-10-17,+22225425281,,2,Nouakchott-Ouest,ACTIVE,,ACTIVE,2022-11-13,2023-02-22T17:38:09.673Z,2022-11-13T09:02:28.369Z,2023-02-22T17:38:09.673Z
6769,6109455842,Codou,Bathily,Codou Bathily,F,1961-04-27,+22235498266,codou.bathily621@hotmail.fr,9,Assaba,STANDARD,,ACTIVE,2023-02-28,2023-07-14T22:21:59.876Z,2023-02-28T19:41:28.713Z,2023-07-14T22:21:59.876Z
6770,7301702853,Naima,Ndour,Naima Ndour,F,1973-11-14,+22223133707,,1,Nouakchott-Nord,STANDARD,,ACTIVE,2024-01-23,2024-06-02T05:59:39.773Z,2024-01-23T07:19:10.573Z,2024-06-02T05:59:39.773Z
6771,6906355576,Aïssata,Bâ,Aïssata Bâ,F,1969-02-19,+22241487918,aïssata.bâ517@yahoo.fr,6,Brakna,OCCASIONAL,,ACTIVE,2022-07-23,2022-09-29T20:52:09.859Z,2022-07-23T00:05:34.603Z,2022-09-29T20:52:09.859Z
6772,9301587485,Sekou,Bah,Sekou Bah,M,1993-05-12,+22244330283,,1,Nouakchott-Nord,DORMANT,,ACTIVE,2022-06-16,2024-09-24T14:34:00.078Z,2022-06-16T13:51:27.209Z,2024-09-24T14:34:00.078Z
6773,9615617746,Safiya,Ly,Safiya Ly,F,1996-05-07,+22223333604,safiya.ly58@gmail.com,15,Tiris Zemmour,PREMIUM,,ACTIVE,2022-05-14,2023-07-26T18:12:19.263Z,2022-05-14T01:14:00.363Z,2023-07-26T18:12:19.263Z
6774,7112792234,Habiboullah,Wane,Habiboullah Wane,M,1971-06-23,+22233181454,,12,Adrar,ACTIVE,,ACTIVE,2024-09-13,2024-11-22T21:38:01.030Z,2024-09-13T09:35:04.254Z,2024-11-22T21:38:01.030Z
6775,9402360554,Kesso,Sène,Kesso Sène,F,1994-10-16,+22225592194,,2,Nouakchott-Ouest,STANDARD,,ACTIVE,2024-12-01,2024-12-09T05:34:37.722Z,2024-12-01T12:21:30.963Z,2024-12-09T05:34:37.722Z
6776,0204936824,Cheikh Sidiya,Ould Nagi,Cheikh Sidiya Ould Nagi,M,2002-05-06,+22234177947,,4,Dakhlet Nouadhibou,DORMANT,,ACTIVE,2022-08-18,2023-04-25T21:20:25.432Z,2022-08-18T18:20:00.972Z,2023-04-25T21:20:25.432Z
6777,8314620509,Yahya,Ould Ahmedou,Yahya Ould Ahmedou,M,1983-02-14,+22223377827,,14,Inchiri,ACTIVE,,ACTIVE,2023-06-26,2023-07-19T20:54:00.893Z,2023-06-26T08:40:47.721Z,2023-07-19T20:54:00.893Z
6778,7502822107,Mohamed Salem,Fofana,Mohamed Salem Fofana,M,1975-11-12,+22235169483,,2,Nouakchott-Ouest,STANDARD,,ACTIVE,2024-09-29,2024-10-27T10:17:28.300Z,2024-09-29T14:41:52.821Z,2024-10-27T10:17:28.300Z
6779,9902514808,Awa,Wade,Awa Wade,F,1999-05-19,+22223565369,,2,Nouakchott-Ouest,OCCASIONAL,,ACTIVE,2023-09-16,2024-06-10T07:47:36.792Z,2023-09-16T21:52:51.081Z,2024-06-10T07:47:36.792Z
6780,0104465550,Yahya,Wade,Yahya Wade,M,2001-11-16,+22232255435,yahya.wade71@gmail.com,4,Dakhlet Nouadhibou,ACTIVE,,ACTIVE,2024-01-22,2024-02-26T16:26:20.934Z,2024-01-22T21:32:56.835Z,2024-02-26T16:26:20.934Z
6781,7702644572,Mokhtar,Kanouté,Mokhtar Kanouté,M,1977-03-20,+22248797341,,2,Nouakchott-Ouest,OCCASIONAL,,ACTIVE,2023-05-13,2023-12-07T00:12:54.565Z,2023-05-13T23:46:28.518Z,2023-12-07T00:12:54.565Z
6782,9003029104,Malick,Touré,Malick Touré,M,1990-08-15,+22234919915,,3,Nouakchott-Sud,ACTIVE,,ACTIVE,2023-09-16,2024-10-01T18:45:41.151Z,2023-09-16T18:29:39.398Z,2024-10-01T18:45:41.151Z
6783,7505219964,Hafsata,Mint Ahmed,Hafsata Mint Ahmed,F,1975-08-03,+22223731603,hafsata.mintahmed404@gmail.com,5,Trarza,STANDARD,,ACTIVE,2024-12-19,2024-12-29T00:54:44.660Z,2024-12-19T12:58:33.594Z,2024-12-29T00:54:44.660Z
6784,6306150988,Fatoumata,Doucouré,Fatoumata Doucouré,F,1963-06-25,+22243010251,,6,Brakna,ACTIVE,,ACTIVE,2022-11-09,2024-08-27T19:03:13.674Z,2022-11-09T04:35:14.410Z,2024-08-27T19:03:13.674Z
6785,8209913787,Ablaye,Dieng,Ablaye Dieng,M,1982-05-28,+22225434187,,9,Assaba,OCCASIONAL,,ACTIVE,2022-02-21,2023-12-02T08:17:45.882Z,2022-02-21T15:18:55.614Z,2023-12-02T08:17:45.882Z
6786,6002924441,Moussa,Barry,Moussa Barry,M,1960-05-14,+22234342290,,2,Nouakchott-Ouest,STANDARD,,ACTIVE,2023-08-03,2023-08-30T12:57:51.127Z,2023-08-03T22:52:43.011Z,2023-08-30T12:57:51.127Z
6787,6502541238,Oumou,Ba,Oumou Ba,F,1965-11-24,+22244611556,oumou.ba62@hotmail.fr,2,Nouakchott-Ouest,PREMIUM,,ACTIVE,2022-04-05,2024-07-07T06:17:25.901Z,2022-04-05T22:45:02.544Z,2024-07-07T06:17:25.901Z
6788,8704584343,Houda,Mint Ahmedou,Houda Mint Ahmedou,F,1987-07-04,+22225140138,,4,Dakhlet Nouadhibou,OCCASIONAL,,ACTIVE,2023-08-12,2024-05-16T20:13:56.013Z,2023-08-12T12:22:02.407Z,2024-05-16T20:13:56.013Z
6789,7202737750,Sidi,Cissé,Sidi Cissé,M,1972-04-15,+22234335289,,2,Nouakchott-Ouest,STANDARD,,ACTIVE,2022-08-21,2024-09-03T19:25:43.606Z,2022-08-21T01:28:05.178Z,2024-09-03T19:25:43.606Z
6790,7901072163,Horma,Bah,Horma Bah,M,1979-06-15,+22235905096,,1,Nouakchott-Nord,OCCASIONAL,,ACTIVE,2024-11-04,2024-11-27T14:42:04.419Z,2024-11-04T15:53:28.647Z,2024-11-27T14:42:04.419Z
6791,6209718542,Tamba,Guèye,Tamba Guèye,M,1962-09-17,+22242478477,,9,Assaba,STANDARD,,INACTIVE,2022-08-09,2024-11-26T07:55:13.400Z,2022-08-09T23:59:57.094Z,2024-11-26T07:55:13.400Z
6792,7402330661,Mohamed Lemine,Fall,Mohamed Lemine Fall,M,1974-11-17,+22225869978,mohamedlemine.fall96@yahoo.fr,2,Nouakchott-Ouest,ACTIVE,,ACTIVE,2024-10-31,2024-11-23T18:52:01.812Z,2024-10-31T06:32:29.403Z,2024-11-23T18:52:01.812Z
6793,6604939591,Bintou,Diarra,Bintou Diarra,F,1966-04-09,+22247598275,bintou.diarra332@outlook.com,4,Dakhlet Nouadhibou,ACTIVE,,ACTIVE,2024-02-24,2024-04-01T04:45:54.515Z,2024-02-24T06:42:02.743Z,2024-04-01T04:45:54.515Z
6794,7210265542,Aïda,Dieng,Aïda Dieng,F,1972-10-13,+22236418433,aïda.dieng837@gmail.com,10,Hodh Ech Chargui,STANDARD,,ACTIVE,2022-01-02,2022-03-23T22:52:25.250Z,2022-01-02T04:35:13.141Z,2022-03-23T22:52:25.250Z
6795,9305683879,Mohamed Yahya,Ould Lemrabott,Mohamed Yahya Ould Lemrabott,M,1993-04-12,+22223679285,mohamedyahya.ouldlemrabott695@hotmail.fr,5,Trarza,STANDARD,,ACTIVE,2022-12-19,2024-03-22T04:07:50.212Z,2022-12-19T06:53:19.129Z,2024-03-22T04:07:50.212Z
6796,0002867812,Banna,Bâ,Banna Bâ,F,2000-11-23,+22224893497,banna.bâ386@yahoo.fr,2,Nouakchott-Ouest,ACTIVE,,ACTIVE,2023-10-27,2024-12-04T04:39:35.451Z,2023-10-27T22:38:31.694Z,2024-12-04T04:39:35.451Z
6797,8501193478,Salem,Ould Taleb,Salem Ould Taleb,M,1985-01-20,+22222608260,,1,Nouakchott-Nord,STANDARD,,ACTIVE,2024-03-13,2024-06-25T19:52:17.580Z,2024-03-13T16:00:30.969Z,2024-06-25T19:52:17.580Z
6798,8909508830,Mounina,Camara,Mounina Camara,F,1989-04-14,+22232032234,mounina.camara296@yahoo.fr,9,Assaba,STANDARD,,ACTIVE,2023-08-08,2024-09-19T03:41:12.684Z,2023-08-08T12:17:43.764Z,2024-09-19T03:41:12.684Z
6799,8102014668,Modou,Ndour,Modou Ndour,M,1981-08-07,+22222986767,modou.ndour953@yahoo.fr,2,Nouakchott-Ouest,OCCASIONAL,,ACTIVE,2023-01-20,2023-12-29T16:25:00.199Z,2023-01-20T12:31:02.754Z,2023-12-29T16:25:00.199Z
6800,9804557132,Ablaye,Guèye,Ablaye Guèye,M,1998-10-07,+22237390866,ablaye.guèye894@gmail.com,4,Dakhlet Nouadhibou,STANDARD,,ACTIVE,2022-10-01,2023-12-20T09:43:29.599Z,2022-10-01T12:02:28.965Z,2023-12-20T09:43:29.599Z
6801,8904242593,Adama,Kanouté,Adama Kanouté,M,1989-01-17,+22223168538,adama.kanouté466@hotmail.fr,4,Dakhlet Nouadhibou,STANDARD,,ACTIVE,2024-04-15,2024-05-15T06:23:32.867Z,2024-04-15T16:20:56.179Z,2024-05-15T06:23:32.867Z
6802,8302405451,Zahra,Mint Brahim,Zahra Mint Brahim,F,1983-03-23,+22237070277,,2,Nouakchott-Ouest,ACTIVE,,ACTIVE,2024-09-08,2024-11-16T15:54:55.748Z,2024-09-08T11:47:14.443Z,2024-11-16T15:54:55.748Z
6803,7902364663,Coumba,Diop,Coumba Diop,F,1979-06-17,+22235492647,,2,Nouakchott-Ouest,OCCASIONAL,,ACTIVE,2023-06-13,2023-11-23T00:08:39.264Z,2023-06-13T15:53:02.170Z,2023-11-23T00:08:39.264Z
6804,0302011614,Brahim,Ould El Mamy,Brahim Ould El Mamy,M,2003-01-16,+22248984309,brahim.ouldelmamy39@gmail.com,2,Nouakchott-Ouest,STANDARD,,ACTIVE,2022-03-03,2022-07-14T19:14:51.530Z,2022-03-03T00:37:12.144Z,2022-07-14T19:14:51.530Z
6805,8903457387,Fatima,Mint Horma,Fatima Mint Horma,F,1989-07-03,+22245092064,,3,Nouakchott-Sud,VIP,,ACTIVE,2022-02-17,2022-05-02T05:03:33.352Z,2022-02-17T14:58:41.147Z,2022-05-02T05:03:33.352Z
6806,0202995715,Fatima,Mint Soufi,Fatima Mint Soufi,F,2002-01-05,+22222382407,fatima.mintsoufi466@outlook.com,2,Nouakchott-Ouest,STANDARD,,ACTIVE,2024-10-18,2024-12-16T12:49:31.192Z,2024-10-18T11:36:40.963Z,2024-12-16T12:49:31.192Z
6807,9301531844,Mohamed Salem,Ould Cheikh,Mohamed Salem Ould Cheikh,M,1993-06-21,+22237962802,,1,Nouakchott-Nord,STANDARD,,ACTIVE,2023-05-30,2024-02-13T00:21:17.236Z,2023-05-30T06:56:07.357Z,2024-02-13T00:21:17.236Z
6808,9404623884,Khady,Yatabaré,Khady Yatabaré,F,1994-06-18,+22222994170,,4,Dakhlet Nouadhibou,STANDARD,,ACTIVE,2022-03-18,2024-03-20T13:50:09.948Z,2022-03-18T22:17:23.820Z,2024-03-20T13:50:09.948Z
6809,7402656291,Coumba,Sow,Coumba Sow,F,1974-02-14,+22224076236,coumba.sow773@outlook.com,2,Nouakchott-Ouest,ACTIVE,,ACTIVE,2022-03-28,2022-09-05T22:11:07.760Z,2022-03-28T12:03:26.079Z,2022-09-05T22:11:07.760Z
6810,7302333517,Hamoud,Bâ,Hamoud Bâ,M,1973-03-14,+22223290184,hamoud.bâ671@gmail.com,2,Nouakchott-Ouest,OCCASIONAL,,ACTIVE,2024-01-18,2024-02-11T08:15:47.338Z,2024-01-18T00:24:43.895Z,2024-02-11T08:15:47.338Z
6811,9401729080,Anta,Sarr,Anta Sarr,F,1994-01-12,+22222729931,,1,Nouakchott-Nord,VIP,,ACTIVE,2023-03-09,2023-11-17T15:40:08.047Z,2023-03-09T10:10:09.186Z,2023-11-17T15:40:08.047Z
6812,6602916325,Taleb,Ndour,Taleb Ndour,M,1966-07-04,+22249405316,,2,Nouakchott-Ouest,STANDARD,,INACTIVE,2023-09-14,2024-04-01T07:09:40.152Z,2023-09-14T12:29:04.049Z,2024-04-01T07:09:40.152Z
6813,9603701411,Taleb,Sow,Taleb Sow,M,1996-10-10,+22222040761,,3,Nouakchott-Sud,DORMANT,,ACTIVE,2023-01-08,2023-09-05T03:18:55.343Z,2023-01-08T23:16:08.816Z,2023-09-05T03:18:55.343Z
6814,9608297405,Cheikh,Barry,Cheikh Barry,M,1996-01-27,+22243204338,,8,Guidimaka,DORMANT,,ACTIVE,2023-06-11,2023-07-10T01:47:49.688Z,2023-06-11T00:39:49.053Z,2023-07-10T01:47:49.688Z
6815,0206495275,Lala,Yatabaré,Lala Yatabaré,F,2002-06-27,+22225329540,,6,Brakna,STANDARD,,ACTIVE,2023-08-18,2024-07-20T18:48:33.033Z,2023-08-18T03:50:20.735Z,2024-07-20T18:48:33.033Z
6816,9204202267,Zeinab,Mint Khatri,Zeinab Mint Khatri,F,1992-01-05,+22249501839,,4,Dakhlet Nouadhibou,STANDARD,,ACTIVE,2022-11-23,2024-09-05T04:06:17.462Z,2022-11-23T12:10:45.782Z,2024-09-05T04:06:17.462Z
6817,7302217619,El Khalil,Ould Nagi,El Khalil Ould Nagi,M,1973-06-19,+22223915236,elkhalil.ouldnagi352@outlook.com,2,Nouakchott-Ouest,ACTIVE,,PENDING_KYC,2022-06-05,2024-12-23T18:47:05.469Z,2022-06-05T09:10:39.019Z,2024-12-23T18:47:05.469Z
6818,0301012300,Zein,Ould Eleya,Zein Ould Eleya,M,2003-01-18,+22225502905,,1,Nouakchott-Nord,ACTIVE,,BLOCKED,2024-08-30,2024-12-26T13:21:18.787Z,2024-08-30T19:52:51.132Z,2024-12-26T13:21:18.787Z
6819,6001896864,Habiba,Mint Mokhtar,Habiba Mint Mokhtar,F,1960-07-01,+22246899960,,1,Nouakchott-Nord,ACTIVE,,ACTIVE,2022-04-16,2022-09-28T19:37:46.380Z,2022-04-16T18:54:22.881Z,2022-09-28T19:37:46.380Z
6820,7204439818,Adja,Thiaw,Adja Thiaw,F,1972-04-03,+22236368911,adja.thiaw807@gmail.com,4,Dakhlet Nouadhibou,OCCASIONAL,,ACTIVE,2023-05-10,2024-04-23T07:35:15.824Z,2023-05-10T11:03:35.997Z,2024-04-23T07:35:15.824Z
6821,6107698849,Jiddou,Ould Ahmed,Jiddou Ould Ahmed,M,1961-07-17,+22225199836,jiddou.ouldahmed598@hotmail.fr,7,Gorgol,OCCASIONAL,,ACTIVE,2023-09-20,2024-06-29T21:20:51.507Z,2023-09-20T19:42:20.469Z,2024-06-29T21:20:51.507Z
6822,7201343875,Souleymane,Diallo,Souleymane Diallo,M,1972-01-16,+22241555309,,1,Nouakchott-Nord,ACTIVE,,ACTIVE,2024-10-08,2024-10-11T15:01:09.264Z,2024-10-08T19:11:03.553Z,2024-10-11T15:01:09.264Z
6823,7804383384,Amady,Dia,Amady Dia,M,1978-11-07,+22225718658,,4,Dakhlet Nouadhibou,STANDARD,,ACTIVE,2022-11-29,2024-07-17T02:37:59.503Z,2022-11-29T14:15:57.310Z,2024-07-17T02:37:59.503Z
6824,9901634248,Adama,Sow,Adama Sow,F,1999-02-17,+22224019573,,1,Nouakchott-Nord,STANDARD,,ACTIVE,2024-01-25,2024-02-28T17:44:41.817Z,2024-01-25T05:54:39.257Z,2024-02-28T17:44:41.817Z
6825,8413210829,Dramane,Baldé,Dramane Baldé,M,1984-06-26,+22232697371,,13,Tagant,STANDARD,,ACTIVE,2024-07-03,2024-11-25T08:17:47.876Z,2024-07-03T10:26:53.684Z,2024-11-25T08:17:47.876Z
6826,7802780596,Aziza,Mint Soufi,Aziza Mint Soufi,F,1978-01-01,+22225535813,,2,Nouakchott-Ouest,OCCASIONAL,,ACTIVE,2023-09-30,2024-06-27T08:19:17.377Z,2023-09-30T16:20:35.716Z,2024-06-27T08:19:17.377Z
6827,0214328909,Abdellahi,Ould Ahmed,Abdellahi Ould Ahmed,M,2002-12-18,+22224131213,,14,Inchiri,OCCASIONAL,,ACTIVE,2024-07-28,2024-12-26T05:29:23.385Z,2024-07-28T19:12:55.814Z,2024-12-26T05:29:23.385Z
6828,7915109776,Demba,Ndiaye,Demba Ndiaye,M,1979-03-05,+22224755908,,15,Tiris Zemmour,OCCASIONAL,,ACTIVE,2022-06-28,2023-06-19T21:33:07.241Z,2022-06-28T18:46:11.909Z,2023-06-19T21:33:07.241Z
6829,6001533244,Aissata,Camara,Aissata Camara,F,1960-04-18,+22223740262,,1,Nouakchott-Nord,DORMANT,,ACTIVE,2024-08-27,2024-12-04T14:47:52.860Z,2024-08-27T08:41:53.628Z,2024-12-04T14:47:52.860Z
6830,7804562327,Zeinab,Koné,Zeinab Koné,F,1978-01-23,+22235472371,,4,Dakhlet Nouadhibou,ACTIVE,,ACTIVE,2022-03-26,2022-10-01T15:28:35.435Z,2022-03-26T02:11:13.227Z,2022-10-01T15:28:35.435Z
6831,6501022501,Tekber,Kanouté,Tekber Kanouté,F,1965-02-20,+22223081713,,1,Nouakchott-Nord,DORMANT,,ACTIVE,2024-02-23,2024-06-18T00:27:25.995Z,2024-02-23T09:55:26.035Z,2024-06-18T00:27:25.995Z
6832,7002044647,Abdel Aziz,Ould Ethmane,Abdel Aziz Ould Ethmane,M,1970-03-23,+22223535346,abdelaziz.ouldethmane96@hotmail.fr,2,Nouakchott-Ouest,VIP,,INACTIVE,2024-07-31,2024-08-14T18:35:51.580Z,2024-07-31T13:32:11.482Z,2024-08-14T18:35:51.580Z
6833,6115860085,Jiddou,Sy,Jiddou Sy,M,1961-08-02,+22225675069,jiddou.sy220@gmail.com,15,Tiris Zemmour,STANDARD,,ACTIVE,2024-03-21,2024-06-07T06:21:09.299Z,2024-03-21T00:46:29.444Z,2024-06-07T06:21:09.299Z
6834,0204948951,Nagi,Soumaré,Nagi Soumaré,M,2002-11-01,+22222601732,nagi.soumaré978@hotmail.fr,4,Dakhlet Nouadhibou,OCCASIONAL,,ACTIVE,2022-01-26,2022-06-12T07:07:43.301Z,2022-01-26T22:54:17.612Z,2022-06-12T07:07:43.301Z
6835,6409723731,Ibrahima,Ndour,Ibrahima Ndour,M,1964-05-16,+22222867500,,9,Assaba,ACTIVE,,ACTIVE,2024-10-28,2024-10-30T09:36:09.215Z,2024-10-28T13:00:05.167Z,2024-10-30T09:36:09.215Z
6836,0502333039,Mouna,Mint El Ghassem,Mouna Mint El Ghassem,F,2005-02-24,+22222143867,,2,Nouakchott-Ouest,OCCASIONAL,,INACTIVE,2024-05-11,2024-07-18T19:50:05.145Z,2024-05-11T20:49:15.068Z,2024-07-18T19:50:05.145Z
6837,8202836223,Sira,Diop,Sira Diop,F,1982-11-01,+22248144634,sira.diop999@outlook.com,2,Nouakchott-Ouest,OCCASIONAL,,ACTIVE,2023-02-11,2023-03-27T07:22:27.727Z,2023-02-11T20:16:24.720Z,2023-03-27T07:22:27.727Z
6838,0313797257,Abdellahi,Diallo,Abdellahi Diallo,M,2003-05-12,+22222392799,abdellahi.diallo303@yahoo.fr,13,Tagant,OCCASIONAL,,INACTIVE,2023-05-27,2023-07-22T18:48:52.199Z,2023-05-27T20:41:57.781Z,2023-07-22T18:48:52.199Z
6839,6705677244,Mohamed Yahya,Ould Moulaye,Mohamed Yahya Ould Moulaye,M,1967-12-16,+22225687120,mohamedyahya.ouldmoulaye340@hotmail.fr,5,Trarza,OCCASIONAL,,ACTIVE,2022-07-13,2023-01-07T03:06:04.143Z,2022-07-13T07:26:39.264Z,2023-01-07T03:06:04.143Z
6840,9115866354,Horma,Sakho,Horma Sakho,M,1991-02-03,+22223158412,,15,Tiris Zemmour,DORMANT,,ACTIVE,2023-04-15,2024-11-11T18:18:17.596Z,2023-04-15T13:33:21.645Z,2024-11-11T18:18:17.596Z
6841,8404544234,Rokhaya,Baldé,Rokhaya Baldé,F,1984-06-08,+22237463592,,4,Dakhlet Nouadhibou,OCCASIONAL,,ACTIVE,2022-04-17,2024-12-01T09:23:53.322Z,2022-04-17T07:44:18.194Z,2024-12-01T09:23:53.322Z
6842,7902346427,Habiba,Mint Ahmed,Habiba Mint Ahmed,F,1979-06-11,+22233957698,,2,Nouakchott-Ouest,STANDARD,,ACTIVE,2023-08-05,2024-11-27T22:48:41.618Z,2023-08-05T20:20:09.003Z,2024-11-27T22:48:41.618Z
6843,8902427585,Mohamed Salem,Ould Eleya,Mohamed Salem Ould Eleya,M,1989-06-08,+22244442663,mohamedsalem.ouldeleya419@outlook.com,2,Nouakchott-Ouest,STANDARD,,ACTIVE,2022-05-15,2022-08-03T00:53:21.042Z,2022-05-15T13:27:43.738Z,2022-08-03T00:53:21.042Z
6844,6205802878,Assa,Sow,Assa Sow,F,1962-07-13,+22224527592,,5,Trarza,ACTIVE,,ACTIVE,2023-07-20,2024-01-27T15:31:37.198Z,2023-07-20T16:04:11.177Z,2024-01-27T15:31:37.198Z
6845,8615174866,Boubacar,Ly,Boubacar Ly,M,1986-05-06,+22223695430,,15,Tiris Zemmour,STANDARD,,ACTIVE,2022-08-14,2024-06-21T00:12:34.271Z,2022-08-14T00:28:50.355Z,2024-06-21T00:12:34.271Z
6846,6602171621,Messoud,Gaye,Messoud Gaye,M,1966-07-08,+22225581141,messoud.gaye411@outlook.com,2,Nouakchott-Ouest,PREMIUM,,ACTIVE,2024-03-17,2024-12-22T08:42:20.520Z,2024-03-17T09:13:41.473Z,2024-12-22T08:42:20.520Z
6847,7902699855,Makan,Sall,Makan Sall,M,1979-07-09,+22243026203,,2,Nouakchott-Ouest,DORMANT,,ACTIVE,2024-01-02,2024-11-24T19:47:00.124Z,2024-01-02T15:49:12.866Z,2024-11-24T19:47:00.124Z
6848,8601072116,Sakouba,Diallo,Sakouba Diallo,M,1986-06-28,+22247103159,,1,Nouakchott-Nord,OCCASIONAL,,INACTIVE,2022-02-21,2024-03-27T01:18:47.784Z,2022-02-21T05:50:53.037Z,2024-03-27T01:18:47.784Z
6849,6502580017,Serigne,Ly,Serigne Ly,M,1965-09-11,+22224182205,,2,Nouakchott-Ouest,STANDARD,,ACTIVE,2024-10-19,2024-10-29T19:38:59.563Z,2024-10-19T08:12:12.259Z,2024-10-29T19:38:59.563Z
6850,9201872470,Ndèye,Touré,Ndèye Touré,F,1992-03-28,+22237081076,,1,Nouakchott-Nord,STANDARD,,ACTIVE,2022-10-14,2023-04-13T07:58:02.939Z,2022-10-14T08:25:02.625Z,2023-04-13T07:58:02.939Z
6851,9102715230,Lemrabott,Ould Eleya,Lemrabott Ould Eleya,M,1991-03-26,+22249342997,lemrabott.ouldeleya549@gmail.com,2,Nouakchott-Ouest,ACTIVE,,ACTIVE,2022-03-14,2023-04-19T02:06:36.981Z,2022-03-14T10:52:43.904Z,2023-04-19T02:06:36.981Z
6852,8504075807,Siaka,Wade,Siaka Wade,M,1985-01-27,+22222862609,,4,Dakhlet Nouadhibou,VIP,,ACTIVE,2024-01-23,2024-01-28T06:07:24.883Z,2024-01-23T02:47:47.388Z,2024-01-28T06:07:24.883Z
6853,6009001781,Ghalia,Mint Ahmed,Ghalia Mint Ahmed,F,1960-08-12,+22225206302,ghalia.mintahmed149@yahoo.fr,9,Assaba,STANDARD,,ACTIVE,2022-08-24,2023-02-09T10:28:44.563Z,2022-08-24T10:28:01.810Z,2023-02-09T10:28:44.563Z
6854,8102083631,Youssouf,Ould El Ghassem,Youssouf Ould El Ghassem,M,1981-04-12,+22232405649,,2,Nouakchott-Ouest,ACTIVE,,ACTIVE,2024-06-10,2024-08-20T16:59:07.072Z,2024-06-10T18:39:23.256Z,2024-08-20T16:59:07.072Z
6855,8701738251,Maguette,Wade,Maguette Wade,F,1987-08-23,+22222450215,,1,Nouakchott-Nord,OCCASIONAL,,ACTIVE,2022-09-01,2023-07-16T00:23:26.106Z,2022-09-01T14:02:23.034Z,2023-07-16T00:23:26.106Z
6856,0402066952,Fatoumata,Dramé,Fatoumata Dramé,F,2004-08-11,+22234606264,,2,Nouakchott-Ouest,OCCASIONAL,,ACTIVE,2024-11-11,2024-11-20T19:52:55.632Z,2024-11-11T02:34:35.884Z,2024-11-20T19:52:55.632Z
6857,8702055670,Hawa,Kanouté,Hawa Kanouté,F,1987-03-10,+22234852471,hawa.kanouté641@outlook.com,2,Nouakchott-Ouest,STANDARD,,ACTIVE,2024-01-14,2024-12-19T21:43:11.801Z,2024-01-14T11:25:18.896Z,2024-12-19T21:43:11.801Z
6858,7401402299,Namory,Sow,Namory Sow,M,1974-06-11,+22249414658,namory.sow339@outlook.com,1,Nouakchott-Nord,ACTIVE,,ACTIVE,2024-08-14,2024-12-25T21:16:21.907Z,2024-08-14T17:35:55.196Z,2024-12-25T21:16:21.907Z
6859,7702396587,Abdallah,Fall,Abdallah Fall,M,1977-01-04,+22224947158,,2,Nouakchott-Ouest,STANDARD,,ACTIVE,2023-06-18,2023-12-25T11:52:28.800Z,2023-06-18T15:33:27.594Z,2023-12-25T11:52:28.800Z
6860,0403466351,Sakouba,Anne,Sakouba Anne,M,2004-05-01,+22242977017,,3,Nouakchott-Sud,STANDARD,,ACTIVE,2024-11-19,2024-12-27T05:42:02.324Z,2024-11-19T17:07:13.198Z,2024-12-27T05:42:02.324Z
6861,7202377075,Abdel Aziz,Bah,Abdel Aziz Bah,M,1972-12-02,+22222849002,abdelaziz.bah238@gmail.com,2,Nouakchott-Ouest,ACTIVE,,ACTIVE,2023-03-24,2023-12-09T13:24:57.569Z,2023-03-24T10:08:36.837Z,2023-12-09T13:24:57.569Z
6862,0502287060,Hacen,Cissé,Hacen Cissé,M,2005-10-17,+22225676014,,2,Nouakchott-Ouest,STANDARD,,ACTIVE,2023-09-14,2024-11-11T21:54:57.112Z,2023-09-14T04:56:23.438Z,2024-11-11T21:54:57.112Z
6863,7802896246,Dah,Thiaw,Dah Thiaw,M,1978-12-03,+22225254618,,2,Nouakchott-Ouest,OCCASIONAL,,ACTIVE,2022-04-11,2023-10-23T16:32:45.116Z,2022-04-11T13:18:24.479Z,2023-10-23T16:32:45.116Z
6864,7904246574,Ibrahima,Gaye,Ibrahima Gaye,M,1979-03-10,+22224253182,,4,Dakhlet Nouadhibou,DORMANT,,ACTIVE,2023-05-10,2023-11-28T15:56:55.749Z,2023-05-10T06:45:08.537Z,2023-11-28T15:56:55.749Z
6865,6212827233,Hawa,Diop,Hawa Diop,F,1962-08-05,+22243397050,hawa.diop557@gmail.com,12,Adrar,OCCASIONAL,,PENDING_KYC,2023-03-22,2023-12-11T22:02:53.512Z,2023-03-22T14:04:12.968Z,2023-12-11T22:02:53.512Z
6866,6502260012,Cheick,Gaye,Cheick Gaye,M,1965-12-01,+22224368371,,2,Nouakchott-Ouest,OCCASIONAL,,ACTIVE,2024-09-04,2024-09-06T22:49:14.155Z,2024-09-04T04:06:12.709Z,2024-09-06T22:49:14.155Z
6867,9101505832,Moustapha,Thiaw,Moustapha Thiaw,M,1991-08-19,+22232914667,,1,Nouakchott-Nord,OCCASIONAL,,ACTIVE,2023-03-31,2023-06-27T13:29:41.309Z,2023-03-31T14:01:04.477Z,2023-06-27T13:29:41.309Z
6868,6902272682,Ahmed,Ba,Ahmed Ba,M,1969-05-13,+22223412800,,2,Nouakchott-Ouest,STANDARD,,ACTIVE,2024-07-17,2024-09-20T22:51:06.794Z,2024-07-17T02:48:02.484Z,2024-09-20T22:51:06.794Z
6869,8003728929,Hamadi,Ould Habiboullah,Hamadi Ould Habiboullah,M,1980-03-09,+22246182778,hamadi.ouldhabiboullah963@outlook.com,3,Nouakchott-Sud,ACTIVE,,ACTIVE,2022-07-04,2023-08-18T21:06:42.610Z,2022-07-04T19:01:14.439Z,2023-08-18T21:06:42.610Z
6870,9605117997,Saadbouh,Ould El Hacen,Saadbouh Ould El Hacen,M,1996-07-13,+22222749994,,5,Trarza,STANDARD,,ACTIVE,2023-08-06,2023-08-16T00:45:50.990Z,2023-08-06T04:29:17.575Z,2023-08-16T00:45:50.990Z
6871,0501659321,Ghalia,Sissoko,Ghalia Sissoko,F,2005-10-22,+22224464641,ghalia.sissoko223@yahoo.fr,1,Nouakchott-Nord,STANDARD,,ACTIVE,2022-07-02,2024-03-07T08:25:29.178Z,2022-07-02T12:39:07.742Z,2024-03-07T08:25:29.178Z
6872,9303657711,Aicha,Thiam,Aicha Thiam,F,1993-03-11,+22224350490,,3,Nouakchott-Sud,OCCASIONAL,,ACTIVE,2024-05-11,2024-06-30T06:41:42.190Z,2024-05-11T23:31:05.557Z,2024-06-30T06:41:42.190Z
6873,9504159755,Soueidatt,Ould Soufi,Soueidatt Ould Soufi,M,1995-10-23,+22232712508,,4,Dakhlet Nouadhibou,PREMIUM,,ACTIVE,2022-09-11,2023-08-07T18:18:20.081Z,2022-09-11T21:20:46.029Z,2023-08-07T18:18:20.081Z
6874,6001178991,Daba,Sissoko,Daba Sissoko,F,1960-10-26,+22237773654,,1,Nouakchott-Nord,STANDARD,,ACTIVE,2022-04-21,2022-06-22T12:15:45.915Z,2022-04-21T02:29:26.534Z,2022-06-22T12:15:45.915Z
6875,0405779259,Aichetou,Mint El Hacen,Aichetou Mint El Hacen,F,2004-08-07,+22225517751,,5,Trarza,OCCASIONAL,,ACTIVE,2022-09-18,2024-07-09T08:14:57.705Z,2022-09-18T04:11:00.875Z,2024-07-09T08:14:57.705Z
6876,7602202919,Sambou,Bathily,Sambou Bathily,M,1976-01-27,+22236262405,,2,Nouakchott-Ouest,OCCASIONAL,,ACTIVE,2023-09-29,2023-12-14T07:12:41.730Z,2023-09-29T16:41:36.943Z,2023-12-14T07:12:41.730Z
6877,7501811867,Zeinab,Mint El Mamy,Zeinab Mint El Mamy,F,1975-06-22,+22248214004,zeinab.mintelmamy907@hotmail.fr,1,Nouakchott-Nord,STANDARD,,ACTIVE,2024-02-19,2024-11-15T20:36:56.622Z,2024-02-19T18:12:17.766Z,2024-11-15T20:36:56.622Z
6878,8805359288,Rokaya,Thiaw,Rokaya Thiaw,F,1988-02-03,+22246434769,rokaya.thiaw957@yahoo.fr,5,Trarza,ACTIVE,,PENDING_KYC,2024-11-30,2024-12-24T18:15:20.498Z,2024-11-30T10:44:06.954Z,2024-12-24T18:15:20.498Z
6879,6606500496,Souleymane,Ould Sidi,Souleymane Ould Sidi,M,1966-03-15,+22224774054,souleymane.ouldsidi841@hotmail.fr,6,Brakna,STANDARD,,ACTIVE,2023-02-19,2023-08-07T16:08:32.282Z,2023-02-19T08:17:01.722Z,2023-08-07T16:08:32.282Z
6880,8502403440,Ghali,Soumaré,Ghali Soumaré,M,1985-07-12,+22236991644,,2,Nouakchott-Ouest,STANDARD,,ACTIVE,2024-10-23,2024-11-09T23:19:05.315Z,2024-10-23T20:43:16.182Z,2024-11-09T23:19:05.315Z
6881,9904914567,Boubacar,Ould Sidi,Boubacar Ould Sidi,M,1999-08-27,+22237864848,,4,Dakhlet Nouadhibou,STANDARD,,ACTIVE,2022-08-30,2024-01-03T03:24:08.387Z,2022-08-30T06:44:23.906Z,2024-01-03T03:24:08.387Z
6882,6601160921,Mahjouba,Mint Wedadi,Mahjouba Mint Wedadi,F,1966-09-01,+22232546135,mahjouba.mintwedadi127@outlook.com,1,Nouakchott-Nord,OCCASIONAL,,ACTIVE,2022-06-18,2024-08-14T00:33:43.249Z,2022-06-18T01:35:25.816Z,2024-08-14T00:33:43.249Z
6883,8601120794,Mohamed Salem,Ould Isselmou,Mohamed Salem Ould Isselmou,M,1986-08-20,+22223938891,,1,Nouakchott-Nord,OCCASIONAL,,ACTIVE,2022-04-15,2022-06-06T01:57:56.834Z,2022-04-15T02:02:54.627Z,2022-06-06T01:57:56.834Z
6884,6402658113,Salka,Mint Taleb,Salka Mint Taleb,F,1964-03-13,+22248858553,,2,Nouakchott-Ouest,OCCASIONAL,,ACTIVE,2023-04-16,2023-10-16T08:25:45.721Z,2023-04-16T22:48:42.053Z,2023-10-16T08:25:45.721Z
6885,8302375604,Zahra,Anne,Zahra Anne,F,1983-01-07,+22246938891,zahra.anne638@outlook.com,2,Nouakchott-Ouest,OCCASIONAL,,ACTIVE,2023-05-25,2023-09-16T03:58:52.619Z,2023-05-25T12:23:58.103Z,2023-09-16T03:58:52.619Z
6886,9504797180,Salka,Mint Abdel Aziz,Salka Mint Abdel Aziz,F,1995-09-28,+22233328183,,4,Dakhlet Nouadhibou,OCCASIONAL,,ACTIVE,2022-03-25,2022-12-28T15:20:52.313Z,2022-03-25T21:02:59.877Z,2022-12-28T15:20:52.313Z
6887,9005174523,Mohamed Mahmoud,Ould Abdel Kader,Mohamed Mahmoud Ould Abdel Kader,M,1990-02-07,+22223235375,,5,Trarza,PREMIUM,,ACTIVE,2022-12-11,2023-09-02T18:14:56.810Z,2022-12-11T02:05:11.229Z,2023-09-02T18:14:56.810Z
6888,9908522836,Khadijetou,Mint Ghali,Khadijetou Mint Ghali,F,1999-08-11,+22222401866,,8,Guidimaka,OCCASIONAL,,ACTIVE,2024-08-08,2024-11-14T09:49:50.977Z,2024-08-08T07:26:17.050Z,2024-11-14T09:49:50.977Z
6889,7001827049,Cheikh Sidiya,Ould Horma,Cheikh Sidiya Ould Horma,M,1970-06-12,+22244657480,,1,Nouakchott-Nord,STANDARD,,ACTIVE,2023-09-27,2024-09-10T07:12:34.998Z,2023-09-27T01:46:49.085Z,2024-09-10T07:12:34.998Z
6890,9605453428,Modou,Bah,Modou Bah,M,1996-11-22,+22224168971,modou.bah695@yahoo.fr,5,Trarza,DORMANT,,ACTIVE,2024-09-25,2024-12-29T11:40:36.456Z,2024-09-25T00:24:08.546Z,2024-12-29T11:40:36.456Z
6891,7615970847,Hamoud,Ould Hamoud,Hamoud Ould Hamoud,M,1976-04-28,+22234127549,,15,Tiris Zemmour,STANDARD,,ACTIVE,2024-12-21,2024-12-28T21:16:25.258Z,2024-12-21T07:21:13.163Z,2024-12-28T21:16:25.258Z
6892,8401355635,Zein,Ould Salem,Zein Ould Salem,M,1984-01-13,+22235842458,,1,Nouakchott-Nord,PREMIUM,,ACTIVE,2023-08-05,2024-01-11T19:23:15.877Z,2023-08-05T14:33:26.451Z,2024-01-11T19:23:15.877Z
6893,6706079106,Vatma,Mint Tourad,Vatma Mint Tourad,F,1967-08-08,+22232363900,,6,Brakna,STANDARD,,ACTIVE,2024-04-13,2024-12-17T23:31:42.856Z,2024-04-13T20:18:16.633Z,2024-12-17T23:31:42.856Z
6894,0203785173,Mouna,Touré,Mouna Touré,F,2002-10-09,+22222403635,,3,Nouakchott-Sud,STANDARD,,ACTIVE,2022-03-10,2023-04-13T13:16:42.508Z,2022-03-10T04:10:40.691Z,2023-04-13T13:16:42.508Z
6895,8612227840,El Hacen,Ould Abdallah,El Hacen Ould Abdallah,M,1986-03-17,+22244829910,elhacen.ouldabdallah429@yahoo.fr,12,Adrar,OCCASIONAL,,SUSPENDED,2024-07-19,2024-08-07T21:46:49.674Z,2024-07-19T18:46:30.816Z,2024-08-07T21:46:49.674Z
6896,7601654739,Coumba,Fall,Coumba Fall,F,1976-12-06,+22236393277,,1,Nouakchott-Nord,STANDARD,,ACTIVE,2023-10-17,2023-12-18T07:55:23.230Z,2023-10-17T04:22:23.624Z,2023-12-18T07:55:23.230Z
6897,9606643420,Jemila,Mint Ahmedou,Jemila Mint Ahmedou,F,1996-01-07,+22235235595,,6,Brakna,STANDARD,,ACTIVE,2024-02-21,2024-07-27T18:50:36.859Z,2024-02-21T12:24:14.480Z,2024-07-27T18:50:36.859Z
6898,9603308795,Mariama,Sakho,Mariama Sakho,F,1996-07-28,+22236990175,mariama.sakho612@yahoo.fr,3,Nouakchott-Sud,OCCASIONAL,,ACTIVE,2024-12-09,2024-12-20T23:33:42.378Z,2024-12-09T23:55:00.198Z,2024-12-20T23:33:42.378Z
6899,6904682094,Mohamed Vall,Diop,Mohamed Vall Diop,M,1969-07-26,+22233253840,mohamedvall.diop688@gmail.com,4,Dakhlet Nouadhibou,STANDARD,,ACTIVE,2024-03-26,2024-09-28T09:27:38.565Z,2024-03-26T08:21:46.301Z,2024-09-28T09:27:38.565Z
6900,0401749184,Rokhaya,Sall,Rokhaya Sall,F,2004-06-13,+22225959788,rokhaya.sall942@outlook.com,1,Nouakchott-Nord,STANDARD,,ACTIVE,2022-12-04,2023-05-21T18:43:38.439Z,2022-12-04T01:33:54.032Z,2023-05-21T18:43:38.439Z
6901,9910958854,Saliou,Doucouré,Saliou Doucouré,M,1999-01-10,+22249346047,,10,Hodh Ech Chargui,STANDARD,,ACTIVE,2022-08-23,2024-04-17T01:34:41.984Z,2022-08-23T18:46:09.807Z,2024-04-17T01:34:41.984Z
6902,8805564781,Ghali,Ould Eleya,Ghali Ould Eleya,M,1988-10-14,+22245926246,ghali.ouldeleya887@hotmail.fr,5,Trarza,STANDARD,,ACTIVE,2024-07-21,2024-11-30T08:45:13.796Z,2024-07-21T03:58:47.954Z,2024-11-30T08:45:13.796Z
6903,6401802999,Djibril,Baldé,Djibril Baldé,M,1964-04-03,+22249719742,djibril.baldé391@outlook.com,1,Nouakchott-Nord,OCCASIONAL,,ACTIVE,2023-07-08,2023-07-26T11:41:40.117Z,2023-07-08T03:22:42.824Z,2023-07-26T11:41:40.117Z
6904,7303769645,Abdellahi,Ould Ahmed,Abdellahi Ould Ahmed,M,1973-10-16,+22225277836,abdellahi.ouldahmed601@gmail.com,3,Nouakchott-Sud,ACTIVE,,ACTIVE,2024-02-16,2024-08-15T04:20:51.500Z,2024-02-16T00:52:43.805Z,2024-08-15T04:20:51.500Z
6905,0001003004,Mahmoud,Ould Cheikh,Mahmoud Ould Cheikh,M,2000-12-17,+22224061180,,1,Nouakchott-Nord,STANDARD,,ACTIVE,2024-10-20,2024-12-01T02:53:13.748Z,2024-10-20T16:22:27.607Z,2024-12-01T02:53:13.748Z
6906,9810042307,Ghali,Fall,Ghali Fall,M,1998-08-23,+22246452873,ghali.fall343@yahoo.fr,10,Hodh Ech Chargui,STANDARD,,PENDING_KYC,2024-08-31,2024-11-12T05:26:13.963Z,2024-08-31T08:34:30.206Z,2024-11-12T05:26:13.963Z
6907,8604176563,Pape,Baldé,Pape Baldé,M,1986-12-16,+22225908865,pape.baldé531@yahoo.fr,4,Dakhlet Nouadhibou,STANDARD,,ACTIVE,2022-12-17,2024-01-07T10:29:54.726Z,2022-12-17T03:26:54.685Z,2024-01-07T10:29:54.726Z
6908,9303169573,Mouna,Mint Salem,Mouna Mint Salem,F,1993-01-04,+22225865521,,3,Nouakchott-Sud,VIP,,ACTIVE,2024-02-22,2024-06-03T19:36:34.242Z,2024-02-22T01:46:40.913Z,2024-06-03T19:36:34.242Z
6909,9703059182,Ghalia,Mint Soufi,Ghalia Mint Soufi,F,1997-03-03,+22222067043,,3,Nouakchott-Sud,OCCASIONAL,,BLOCKED,2022-02-25,2022-09-03T01:15:59.045Z,2022-02-25T19:28:06.870Z,2022-09-03T01:15:59.045Z
6910,8309265654,Cheikhna,Ould Hamoud,Cheikhna Ould Hamoud,M,1983-02-16,+22248459188,cheikhna.ouldhamoud376@gmail.com,9,Assaba,STANDARD,,ACTIVE,2024-12-10,2024-12-22T13:27:41.850Z,2024-12-10T08:11:14.521Z,2024-12-22T13:27:41.850Z
6911,8601009677,Fodé,Ba,Fodé Ba,M,1986-11-12,+22225162688,,1,Nouakchott-Nord,STANDARD,,ACTIVE,2024-02-03,2024-05-22T17:08:21.479Z,2024-02-03T18:14:02.287Z,2024-05-22T17:08:21.479Z
6912,8104610257,Dado,Dramé,Dado Dramé,F,1981-04-11,+22248975044,dado.dramé430@gmail.com,4,Dakhlet Nouadhibou,OCCASIONAL,,ACTIVE,2022-04-24,2024-08-11T08:49:38.406Z,2022-04-24T02:30:48.440Z,2024-08-11T08:49:38.406Z
6913,6715422995,Dah,Ould Vall,Dah Ould Vall,M,1967-06-08,+22244945722,,15,Tiris Zemmour,STANDARD,,ACTIVE,2023-03-31,2023-05-08T23:37:45.311Z,2023-03-31T09:57:33.630Z,2023-05-08T23:37:45.311Z
6914,8803159802,Zakaria,Ould Bouha,Zakaria Ould Bouha,M,1988-04-24,+22222903015,zakaria.ouldbouha760@gmail.com,3,Nouakchott-Sud,STANDARD,,ACTIVE,2023-06-12,2023-11-05T23:29:08.783Z,2023-06-12T04:27:51.378Z,2023-11-05T23:29:08.783Z
6915,7101650347,Tidiane,Diallo,Tidiane Diallo,M,1971-05-06,+22249135507,tidiane.diallo900@hotmail.fr,1,Nouakchott-Nord,OCCASIONAL,,ACTIVE,2023-10-27,2024-04-10T20:40:34.496Z,2023-10-27T14:50:00.899Z,2024-04-10T20:40:34.496Z
6916,9415421589,Lemrabott,Ould El Ghassem,Lemrabott Ould El Ghassem,M,1994-04-10,+22225741273,lemrabott.ouldelghassem889@gmail.com,15,Tiris Zemmour,STANDARD,,INACTIVE,2023-02-22,2023-06-26T20:16:32.370Z,2023-02-22T03:15:09.149Z,2023-06-26T20:16:32.370Z
6917,0101819123,Ramatoulaye,Soumaré,Ramatoulaye Soumaré,F,2001-11-06,+22223411916,,1,Nouakchott-Nord,OCCASIONAL,,ACTIVE,2022-01-18,2023-12-12T14:12:50.868Z,2022-01-18T22:21:53.639Z,2023-12-12T14:12:50.868Z
6918,6801557473,Meymouna,Mint Brahim,Meymouna Mint Brahim,F,1968-06-23,+22244770077,,1,Nouakchott-Nord,OCCASIONAL,,ACTIVE,2024-11-28,2024-12-18T00:30:47.054Z,2024-11-28T06:40:37.895Z,2024-12-18T00:30:47.054Z
6919,7106033314,Khadija,Kouyaté,Khadija Kouyaté,F,1971-01-22,+22224493953,,6,Brakna,ACTIVE,,SUSPENDED,2022-07-21,2024-01-25T23:32:12.012Z,2022-07-21T03:48:26.640Z,2024-01-25T23:32:12.012Z
6920,6703041977,Jemila,Mint Tourad,Jemila Mint Tourad,F,1967-04-03,+22242233456,,3,Nouakchott-Sud,STANDARD,,ACTIVE,2023-10-28,2024-08-16T19:02:08.738Z,2023-10-28T21:21:29.577Z,2024-08-16T19:02:08.738Z
6921,7607941262,Moustapha,Ould Abeih,Moustapha Ould Abeih,M,1976-07-21,+22232483817,,7,Gorgol,OCCASIONAL,,ACTIVE,2022-01-29,2024-06-16T16:53:08.589Z,2022-01-29T18:49:39.235Z,2024-06-16T16:53:08.589Z
6922,8404631680,Nagi,Kane,Nagi Kane,M,1984-12-19,+22222901112,,4,Dakhlet Nouadhibou,STANDARD,,ACTIVE,2022-08-27,2023-10-06T12:58:33.304Z,2022-08-27T21:12:40.373Z,2023-10-06T12:58:33.304Z
6923,6601620157,Aichetou,Mint Nenni,Aichetou Mint Nenni,F,1966-10-13,+22223804031,,1,Nouakchott-Nord,DORMANT,,ACTIVE,2023-10-03,2024-12-15T22:13:33.965Z,2023-10-03T02:53:55.664Z,2024-12-15T22:13:33.965Z
6924,6006006097,Sory,Baldé,Sory Baldé,M,1960-01-21,+22236734164,,6,Brakna,ACTIVE,,ACTIVE,2023-02-20,2023-08-10T06:28:48.108Z,2023-02-20T11:21:21.877Z,2023-08-10T06:28:48.108Z
6925,6201599226,Cellou,Kouyaté,Cellou Kouyaté,M,1962-06-22,+22236671771,cellou.kouyaté70@gmail.com,1,Nouakchott-Nord,OCCASIONAL,,ACTIVE,2024-03-11,2024-12-05T10:31:03.383Z,2024-03-11T13:14:17.230Z,2024-12-05T10:31:03.383Z
6926,6204023243,Soumaïla,Mbow,Soumaïla Mbow,M,1962-03-23,+22245152223,,4,Dakhlet Nouadhibou,ACTIVE,,INACTIVE,2023-02-09,2024-11-02T00:11:56.052Z,2023-02-09T12:48:58.865Z,2024-11-02T00:11:56.052Z
6927,8802733450,Alassane,Barry,Alassane Barry,M,1988-01-15,+22225610544,alassane.barry546@gmail.com,2,Nouakchott-Ouest,DORMANT,,ACTIVE,2022-03-05,2024-10-12T16:20:14.417Z,2022-03-05T18:03:13.276Z,2024-10-12T16:20:14.417Z
6928,8611865960,Adama,Kane,Adama Kane,F,1986-04-09,+22225372917,adama.kane408@hotmail.fr,11,Hodh El Gharbi,STANDARD,,SUSPENDED,2022-04-23,2022-05-13T21:15:55.043Z,2022-04-23T18:57:25.536Z,2022-05-13T21:15:55.043Z
6929,6001560334,Limam,Wane,Limam Wane,M,1960-04-12,+22237879069,limam.wane13@gmail.com,1,Nouakchott-Nord,ACTIVE,,ACTIVE,2022-09-09,2023-08-09T17:23:45.949Z,2022-09-09T02:51:01.604Z,2023-08-09T17:23:45.949Z
6930,8209976797,Hawa,Thiam,Hawa Thiam,F,1982-12-17,+22248226653,hawa.thiam579@yahoo.fr,9,Assaba,DORMANT,,ACTIVE,2022-10-23,2024-04-13T10:01:45.303Z,2022-10-23T13:09:21.248Z,2024-04-13T10:01:45.303Z
6931,7701205327,Penda,Bathily,Penda Bathily,F,1977-02-25,+22223946625,,1,Nouakchott-Nord,PREMIUM,,ACTIVE,2024-05-17,2024-09-29T22:35:24.439Z,2024-05-17T11:19:02.718Z,2024-09-29T22:35:24.439Z
6932,7601683157,Kelthoum,Mint Ahmed,Kelthoum Mint Ahmed,F,1976-12-06,+22222935494,,1,Nouakchott-Nord,OCCASIONAL,,SUSPENDED,2024-04-07,2024-10-20T14:23:31.366Z,2024-04-07T13:39:12.837Z,2024-10-20T14:23:31.366Z
6933,6205507320,Ahmed Baba,Niang,Ahmed Baba Niang,M,1962-12-07,+22236400288,,5,Trarza,STANDARD,,ACTIVE,2023-07-04,2024-08-25T22:31:16.514Z,2023-07-04T02:40:40.092Z,2024-08-25T22:31:16.514Z
6934,8102699454,Hamidou,Niang,Hamidou Niang,M,1981-10-27,+22243532433,hamidou.niang55@hotmail.fr,2,Nouakchott-Ouest,STANDARD,,BLOCKED,2022-09-12,2024-04-15T03:58:37.105Z,2022-09-12T06:39:52.894Z,2024-04-15T03:58:37.105Z
6935,8702790722,Aïssata,Diop,Aïssata Diop,F,1987-10-25,+22222889037,,2,Nouakchott-Ouest,STANDARD,,INACTIVE,2022-10-25,2023-09-11T10:44:40.753Z,2022-10-25T17:00:06.213Z,2023-09-11T10:44:40.753Z
6936,6204193364,Souleymane,Tall,Souleymane Tall,M,1962-08-11,+22223706425,souleymane.tall560@gmail.com,4,Dakhlet Nouadhibou,ACTIVE,,ACTIVE,2023-01-06,2024-12-13T10:44:47.369Z,2023-01-06T13:42:01.487Z,2024-12-13T10:44:47.369Z
6937,7803396882,Tekber,Mint Eleya,Tekber Mint Eleya,F,1978-11-19,+22222145602,,3,Nouakchott-Sud,ACTIVE,,ACTIVE,2024-09-01,2024-09-02T02:04:52.207Z,2024-09-01T02:11:55.453Z,2024-09-02T02:04:52.207Z
6938,0101289034,Madou,Kouyaté,Madou Kouyaté,M,2001-06-09,+22223720108,madou.kouyaté678@gmail.com,1,Nouakchott-Nord,STANDARD,,INACTIVE,2024-02-23,2024-03-19T15:18:43.789Z,2024-02-23T01:05:55.480Z,2024-03-19T15:18:43.789Z
6939,7002834756,Ahmedou,Ould Nenni,Ahmedou Ould Nenni,M,1970-12-18,+22225678203,,2,Nouakchott-Ouest,STANDARD,,ACTIVE,2022-09-14,2023-08-26T12:59:31.565Z,2022-09-14T03:19:00.401Z,2023-08-26T12:59:31.565Z
6940,6202536420,Aziza,Mint Dah,Aziza Mint Dah,F,1962-11-02,+22223005453,aziza.mintdah70@yahoo.fr,2,Nouakchott-Ouest,STANDARD,,ACTIVE,2022-07-18,2024-07-29T09:19:31.521Z,2022-07-18T16:37:45.159Z,2024-07-29T09:19:31.521Z
6941,0205750122,Lehbib,Ould Jiddou,Lehbib Ould Jiddou,M,2002-02-23,+22246227988,lehbib.ouldjiddou5@yahoo.fr,5,Trarza,DORMANT,,ACTIVE,2023-01-17,2023-12-26T08:52:21.862Z,2023-01-17T15:35:20.843Z,2023-12-26T08:52:21.862Z
6942,7513196237,Mor,Barry,Mor Barry,M,1975-03-12,+22235936824,,13,Tagant,STANDARD,,SUSPENDED,2023-01-18,2023-11-09T07:53:41.726Z,2023-01-18T18:45:04.892Z,2023-11-09T07:53:41.726Z
6943,6003945726,Maguette,Sall,Maguette Sall,F,1960-09-19,+22249620507,,3,Nouakchott-Sud,STANDARD,,ACTIVE,2023-06-20,2023-09-16T09:28:58.482Z,2023-06-20T04:17:57.766Z,2023-09-16T09:28:58.482Z
6944,7806752072,Halima,Koita,Halima Koita,F,1978-05-13,+22224335073,,6,Brakna,STANDARD,,ACTIVE,2024-06-19,2024-07-25T05:24:03.878Z,2024-06-19T04:55:54.088Z,2024-07-25T05:24:03.878Z
6945,6503286910,Abdoul,Doucouré,Abdoul Doucouré,M,1965-04-14,+22232522945,,3,Nouakchott-Sud,ACTIVE,,INACTIVE,2023-12-29,2024-04-12T17:22:54.214Z,2023-12-29T01:37:01.296Z,2024-04-12T17:22:54.214Z
6946,0301934729,Abeih,Baldé,Abeih Baldé,M,2003-08-22,+22248554195,,1,Nouakchott-Nord,ACTIVE,,ACTIVE,2022-07-01,2023-10-19T06:40:34.457Z,2022-07-01T07:26:24.610Z,2023-10-19T06:40:34.457Z
6947,6903326379,Abdel Kader,Ould Isselmou,Abdel Kader Ould Isselmou,M,1969-11-15,+22236023995,,3,Nouakchott-Sud,DORMANT,,ACTIVE,2024-01-15,2024-04-01T19:08:50.049Z,2024-01-15T23:07:04.985Z,2024-04-01T19:08:50.049Z
6948,7304975656,Mohamed Yahya,Baldé,Mohamed Yahya Baldé,M,1973-12-01,+22223164189,,4,Dakhlet Nouadhibou,OCCASIONAL,,ACTIVE,2024-08-07,2024-11-07T01:04:54.596Z,2024-08-07T22:39:35.666Z,2024-11-07T01:04:54.596Z
6949,8903957113,Pape,Diallo,Pape Diallo,M,1989-11-08,+22222341274,,3,Nouakchott-Sud,DORMANT,,ACTIVE,2022-08-29,2024-11-27T04:21:59.180Z,2022-08-29T20:41:34.519Z,2024-11-27T04:21:59.180Z
6950,9702439431,Souleymane,Diarra,Souleymane Diarra,M,1997-08-04,+22225494322,souleymane.diarra973@hotmail.fr,2,Nouakchott-Ouest,OCCASIONAL,,ACTIVE,2024-11-11,2024-12-28T22:18:11.226Z,2024-11-11T15:09:06.388Z,2024-12-28T22:18:11.226Z
6951,9410171609,Fatou,Touré,Fatou Touré,F,1994-07-05,+22234692964,fatou.touré622@gmail.com,10,Hodh Ech Chargui,OCCASIONAL,,ACTIVE,2023-09-18,2024-08-13T14:10:38.820Z,2023-09-18T00:13:20.606Z,2024-08-13T14:10:38.820Z
6952,8003122488,Maloum,Ould Bouha,Maloum Ould Bouha,M,1980-05-12,+22224051620,,3,Nouakchott-Sud,STANDARD,,ACTIVE,2022-02-08,2024-03-04T10:06:31.450Z,2022-02-08T14:04:07.246Z,2024-03-04T10:06:31.450Z
6953,6302131499,Sadio,Doucouré,Sadio Doucouré,M,1963-12-23,+22225933771,sadio.doucouré735@hotmail.fr,2,Nouakchott-Ouest,OCCASIONAL,,ACTIVE,2024-07-19,2024-09-09T19:44:12.279Z,2024-07-19T08:32:33.550Z,2024-09-09T19:44:12.279Z
6954,8601230943,Aicha,Mint Zein,Aicha Mint Zein,F,1986-05-27,+22223054569,,1,Nouakchott-Nord,STANDARD,,PENDING_KYC,2024-08-15,2024-11-16T09:16:47.028Z,2024-08-15T15:13:25.463Z,2024-11-16T09:16:47.028Z
6955,9314131934,Ibrahima,Kane,Ibrahima Kane,M,1993-05-22,+22232539711,,14,Inchiri,PREMIUM,,ACTIVE,2024-09-04,2024-11-17T02:54:14.215Z,2024-09-04T17:22:04.406Z,2024-11-17T02:54:14.215Z
6956,7602522587,Yacoub,Koita,Yacoub Koita,M,1976-07-10,+22242465993,,2,Nouakchott-Ouest,OCCASIONAL,,ACTIVE,2022-10-26,2024-03-05T07:27:28.845Z,2022-10-26T06:27:23.058Z,2024-03-05T07:27:28.845Z
6957,0008478478,Adama,Sène,Adama Sène,M,2000-04-21,+22235466841,,8,Guidimaka,ACTIVE,,PENDING_KYC,2022-05-01,2022-05-24T19:54:04.922Z,2022-05-01T14:55:12.128Z,2022-05-24T19:54:04.922Z
6958,7602974599,Horma,Ould Khatri,Horma Ould Khatri,M,1976-05-16,+22241095337,horma.ouldkhatri764@yahoo.fr,2,Nouakchott-Ouest,DORMANT,,PENDING_KYC,2023-03-24,2024-08-28T03:59:27.000Z,2023-03-24T00:48:22.303Z,2024-08-28T03:59:27.000Z
6959,7313500065,Hafsata,Gaye,Hafsata Gaye,F,1973-09-12,+22225834975,,13,Tagant,STANDARD,,ACTIVE,2024-09-07,2024-12-17T13:21:59.904Z,2024-09-07T20:42:10.139Z,2024-12-17T13:21:59.904Z
6960,9502762225,Djimé,Fall,Djimé Fall,M,1995-08-24,+22233567873,,2,Nouakchott-Ouest,STANDARD,,ACTIVE,2023-10-03,2024-05-30T01:23:21.592Z,2023-10-03T00:10:59.973Z,2024-05-30T01:23:21.592Z
6961,8202409117,Aicha,Mint Ethmane,Aicha Mint Ethmane,F,1982-03-09,+22224828772,,2,Nouakchott-Ouest,DORMANT,,ACTIVE,2023-11-08,2023-11-12T02:14:37.177Z,2023-11-08T13:05:36.442Z,2023-11-12T02:14:37.177Z
6962,9903867811,Zeinab,Sow,Zeinab Sow,F,1999-10-10,+22232734809,,3,Nouakchott-Sud,OCCASIONAL,,ACTIVE,2022-04-27,2024-09-17T17:50:35.986Z,2022-04-27T01:51:37.084Z,2024-09-17T17:50:35.986Z
6963,6905585907,Sidi Mohamed,Ould Ghali,Sidi Mohamed Ould Ghali,M,1969-02-18,+22234637340,,5,Trarza,DORMANT,,ACTIVE,2022-10-26,2022-12-13T10:52:35.789Z,2022-10-26T17:38:37.341Z,2022-12-13T10:52:35.789Z
6964,6602603205,Idrissa,Mbaye,Idrissa Mbaye,M,1966-01-05,+22225806989,,2,Nouakchott-Ouest,ACTIVE,,ACTIVE,2024-07-16,2024-10-15T17:19:41.837Z,2024-07-16T06:21:04.343Z,2024-10-15T17:19:41.837Z
6965,6402186827,Vadel,Ould Ahmed,Vadel Ould Ahmed,M,1964-02-28,+22224685884,vadel.ouldahmed483@yahoo.fr,2,Nouakchott-Ouest,STANDARD,,ACTIVE,2023-04-07,2024-03-12T13:56:06.628Z,2023-04-07T03:09:59.161Z,2024-03-12T13:56:06.628Z
6966,8502894736,Idrissa,Diallo,Idrissa Diallo,M,1985-07-24,+22237249773,,2,Nouakchott-Ouest,STANDARD,,ACTIVE,2024-02-01,2024-04-28T10:14:34.904Z,2024-02-01T14:30:06.155Z,2024-04-28T10:14:34.904Z
6967,7101465688,Nana,Faye,Nana Faye,F,1971-03-13,+22245684425,,1,Nouakchott-Nord,ACTIVE,,ACTIVE,2023-07-23,2024-06-26T09:51:27.700Z,2023-07-23T00:14:05.894Z,2024-06-26T09:51:27.700Z
6968,9702405456,Meymouna,Mint El Mokhtar,Meymouna Mint El Mokhtar,F,1997-04-28,+22237713096,,2,Nouakchott-Ouest,OCCASIONAL,,ACTIVE,2022-07-09,2023-04-19T20:40:20.150Z,2022-07-09T01:30:50.476Z,2023-04-19T20:40:20.150Z
6969,8303922861,Bassirou,Camara,Bassirou Camara,M,1983-05-17,+22222754160,bassirou.camara483@yahoo.fr,3,Nouakchott-Sud,ACTIVE,,ACTIVE,2024-04-20,2024-12-28T11:10:51.534Z,2024-04-20T16:46:28.360Z,2024-12-28T11:10:51.534Z
6970,9801192909,Abdallah,Thiaw,Abdallah Thiaw,M,1998-12-06,+22222129380,,1,Nouakchott-Nord,OCCASIONAL,,ACTIVE,2024-09-21,2024-10-10T15:26:27.699Z,2024-09-21T18:34:05.315Z,2024-10-10T15:26:27.699Z
6971,6503986939,Boubacar,Yatabaré,Boubacar Yatabaré,M,1965-11-26,+22236983210,boubacar.yatabaré71@gmail.com,3,Nouakchott-Sud,STANDARD,,ACTIVE,2024-03-02,2024-12-11T09:49:45.364Z,2024-03-02T18:13:49.958Z,2024-12-11T09:49:45.364Z
6972,0502465923,Limam,Ould Lemrabott,Limam Ould Lemrabott,M,2005-06-05,+22235584686,limam.ouldlemrabott699@hotmail.fr,2,Nouakchott-Ouest,ACTIVE,,INACTIVE,2023-11-25,2024-12-25T14:48:04.507Z,2023-11-25T10:02:41.708Z,2024-12-25T14:48:04.507Z
6973,7815693560,Coumba,Sy,Coumba Sy,F,1978-07-18,+22235007610,coumba.sy470@yahoo.fr,15,Tiris Zemmour,STANDARD,,ACTIVE,2023-10-24,2024-05-29T20:29:51.449Z,2023-10-24T13:51:33.254Z,2024-05-29T20:29:51.449Z
6974,8803994179,Daouda,Sarr,Daouda Sarr,M,1988-03-20,+22234988491,,3,Nouakchott-Sud,STANDARD,,ACTIVE,2022-04-09,2024-11-11T03:06:59.944Z,2022-04-09T05:38:17.701Z,2024-11-11T03:06:59.944Z
6975,6904076237,Ely,Ould Abdel Kader,Ely Ould Abdel Kader,M,1969-06-09,+22243752875,,4,Dakhlet Nouadhibou,DORMANT,,ACTIVE,2024-09-05,2024-10-08T02:21:00.741Z,2024-09-05T21:56:38.074Z,2024-10-08T02:21:00.741Z
6976,6515552076,Saadbouh,Ould Moulaye,Saadbouh Ould Moulaye,M,1965-09-10,+22224234872,saadbouh.ouldmoulaye249@gmail.com,15,Tiris Zemmour,ACTIVE,,ACTIVE,2023-08-19,2024-02-05T02:39:31.046Z,2023-08-19T03:32:08.680Z,2024-02-05T02:39:31.046Z
6977,7805210429,Dialika,Bâ,Dialika Bâ,F,1978-02-06,+22235982691,,5,Trarza,STANDARD,,ACTIVE,2023-03-20,2024-10-17T10:21:25.282Z,2023-03-20T17:02:29.263Z,2024-10-17T10:21:25.282Z
6978,6607916320,Mohamed Mahmoud,Fofana,Mohamed Mahmoud Fofana,M,1966-04-06,+22245348942,,7,Gorgol,VIP,,ACTIVE,2022-03-23,2023-09-18T01:11:17.656Z,2022-03-23T11:46:58.069Z,2023-09-18T01:11:17.656Z
6979,8201040768,Hawa,Sall,Hawa Sall,F,1982-08-20,+22232824442,,1,Nouakchott-Nord,STANDARD,,ACTIVE,2022-01-03,2024-09-06T05:37:59.369Z,2022-01-03T17:26:20.515Z,2024-09-06T05:37:59.369Z
6980,0210152876,Ahmedou,Ould Mohamed,Ahmedou Ould Mohamed,M,2002-10-19,+22243870172,ahmedou.ouldmohamed205@outlook.com,10,Hodh Ech Chargui,DORMANT,,ACTIVE,2023-06-11,2023-07-10T01:47:49.688Z,2023-06-11T00:39:49.053Z,2023-07-10T01:47:49.688Z
6981,0206009827,Lala,Yatabaré,Lala Yatabaré,F,2002-06-27,+22245769208,,6,Brakna,STANDARD,,ACTIVE,2024-02-14,2024-02-17T06:59:40.036Z,2024-02-14T22:48:15.742Z,2024-02-17T06:59:40.036Z
6982,6402494571,Fanta,Sissoko,Fanta Sissoko,F,1964-01-25,+22224800743,fanta.sissoko750@hotmail.fr,2,Nouakchott-Ouest,STANDARD,,INACTIVE,2022-04-17,2022-05-21T12:28:25.130Z,2022-04-17T10:01:53.802Z,2022-05-21T12:28:25.130Z
6983,6007846405,Nana,Fall,Nana Fall,F,1960-10-17,+22225127169,,7,Gorgol,OCCASIONAL,,ACTIVE,2023-11-04,2024-10-24T16:12:08.985Z,2023-11-04T18:49:16.478Z,2024-10-24T16:12:08.985Z
6984,7401124087,Jemila,Mint Ahmedou,Jemila Mint Ahmedou,F,1974-01-02,+22248960106,,1,Nouakchott-Nord,ACTIVE,,PENDING_KYC,2023-03-11,2024-11-17T19:55:28.983Z,2023-03-11T03:51:38.486Z,2024-11-17T19:55:28.983Z
6985,6103565949,Moulaye,Sow,Moulaye Sow,M,1961-11-01,+22222485958,,3,Nouakchott-Sud,OCCASIONAL,,ACTIVE,2024-06-13,2024-11-08T17:27:53.783Z,2024-06-13T17:59:38.066Z,2024-11-08T17:27:53.783Z
6986,6402451563,Boubacar,Fall,Boubacar Fall,M,1964-10-01,+22225909702,,2,Nouakchott-Ouest,PREMIUM,,ACTIVE,2023-02-12,2023-10-16T16:22:52.730Z,2023-02-12T10:51:13.242Z,2023-10-16T16:22:52.730Z
6987,6915251324,Sidi,Thiaw,Sidi Thiaw,M,1969-02-17,+22232772928,sidi.thiaw747@yahoo.fr,15,Tiris Zemmour,STANDARD,,ACTIVE,2023-12-10,2024-06-07T09:00:40.748Z,2023-12-10T02:32:14.312Z,2024-06-07T09:00:40.748Z
6988,6204162955,Mahfoudh,Ould Mahmoud,Mahfoudh Ould Mahmoud,M,1962-01-06,+22223137839,,4,Dakhlet Nouadhibou,OCCASIONAL,,ACTIVE,2022-09-05,2024-03-19T02:20:59.308Z,2022-09-05T15:26:57.448Z,2024-03-19T02:20:59.308Z
6989,7301468133,Safiya,Mint Khalil,Safiya Mint Khalil,F,1973-10-24,+22243760067,,1,Nouakchott-Nord,DORMANT,,ACTIVE,2022-10-30,2024-12-19T15:03:52.682Z,2022-10-30T00:57:48.883Z,2024-12-19T15:03:52.682Z
6990,6401599464,Malick,Bathily,Malick Bathily,M,1964-12-14,+22222451799,,1,Nouakchott-Nord,STANDARD,,ACTIVE,2024-10-05,2024-12-25T17:20:45.650Z,2024-10-05T21:34:56.839Z,2024-12-25T17:20:45.650Z
6991,8002455060,Abdel Kader,Ould Ahmedou,Abdel Kader Ould Ahmedou,M,1980-12-10,+22224266879,abdelkader.ouldahmedou744@yahoo.fr,2,Nouakchott-Ouest,DORMANT,,ACTIVE,2023-10-12,2024-10-17T04:39:18.495Z,2023-10-12T00:17:15.741Z,2024-10-17T04:39:18.495Z
6992,9703584152,Diakaridia,Sissoko,Diakaridia Sissoko,M,1997-11-07,+22225954120,,3,Nouakchott-Sud,PREMIUM,,ACTIVE,2023-08-29,2023-11-01T20:57:40.022Z,2023-08-29T15:59:38.597Z,2023-11-01T20:57:40.022Z
6993,7101436518,Abdel Aziz,Ould Soufi,Abdel Aziz Ould Soufi,M,1971-01-13,+22241197242,,1,Nouakchott-Nord,ACTIVE,,ACTIVE,2024-07-11,2024-10-28T19:21:44.232Z,2024-07-11T14:51:26.175Z,2024-10-28T19:21:44.232Z
6994,8201611784,Mody,Fall,Mody Fall,M,1982-01-11,+22225885262,,1,Nouakchott-Nord,DORMANT,,ACTIVE,2022-04-02,2024-12-19T21:26:26.716Z,2022-04-02T22:41:36.578Z,2024-12-19T21:26:26.716Z
6995,8503887829,Oumou,Bâ,Oumou Bâ,F,1985-08-16,+22224041200,,3,Nouakchott-Sud,STANDARD,,ACTIVE,2022-06-12,2023-08-24T18:20:59.698Z,2022-06-12T13:34:04.734Z,2023-08-24T18:20:59.698Z
6996,7701102660,Malouma,Mint Vadel,Malouma Mint Vadel,F,1977-06-12,+22224619861,,1,Nouakchott-Nord,STANDARD,,ACTIVE,2022-12-09,2023-05-14T01:59:17.243Z,2022-12-09T07:18:25.238Z,2023-05-14T01:59:17.243Z
6997,7503727900,Anta,Sy,Anta Sy,F,1975-01-16,+22245529123,,3,Nouakchott-Sud,ACTIVE,,BLOCKED,2024-07-22,2024-11-08T13:00:02.853Z,2024-07-22T13:19:21.331Z,2024-11-08T13:00:02.853Z
6998,0202295066,Maloum,Diop,Maloum Diop,M,2002-02-02,+22243649635,,2,Nouakchott-Ouest,ACTIVE,,ACTIVE,2024-11-05,2024-11-16T09:46:58.384Z,2024-11-05T02:27:27.036Z,2024-11-16T09:46:58.384Z
6999,9602107757,Bilal,Ould Zein,Bilal Ould Zein,M,1996-11-20,+22223979748,bilal.ouldzein396@outlook.com,2,Nouakchott-Ouest,ACTIVE,,PENDING_KYC,2023-04-24,2023-07-07T16:49:54.616Z,2023-04-24T00:05:34.202Z,2023-07-07T16:49:54.616Z
7000,8011095767,Defa,Mint Abeih,Defa Mint Abeih,F,1980-09-22,+22242617867,,11,Hodh El Gharbi,STANDARD,,ACTIVE,2024-04-02,2024-04-29T00:37:46.530Z,2024-04-02T22:57:50.335Z,2024-04-29T00:37:46.530Z
7001,6509490902,Mounina,Mint El Hacen,Mounina Mint El Hacen,F,1965-04-17,+22241250018,,9,Assaba,DORMANT,,PENDING_KYC,2024-09-09,2024-12-16T23:35:16.158Z,2024-09-09T20:12:34.862Z,2024-12-16T23:35:16.158Z
7002,9403102414,Maimouna,Diallo,Maimouna Diallo,F,1994-12-03,+22223300069,,3,Nouakchott-Sud,PREMIUM,,ACTIVE,2023-05-12,2024-08-31T15:30:16.028Z,2023-05-12T01:05:55.324Z,2024-08-31T15:30:16.028Z
7003,7503018767,Leila,Tall,Leila Tall,F,1975-02-12,+22223416313,leila.tall160@yahoo.fr,3,Nouakchott-Sud,OCCASIONAL,,PENDING_KYC,2024-03-15,2024-11-18T02:04:08.830Z,2024-03-15T19:11:44.702Z,2024-11-18T02:04:08.830Z
7004,8101237114,Jemila,Mint Sidi,Jemila Mint Sidi,F,1981-05-01,+22237571459,jemila.mintsidi351@yahoo.fr,1,Nouakchott-Nord,DORMANT,,ACTIVE,2024-01-12,2024-02-17T13:08:36.418Z,2024-01-12T11:57:46.164Z,2024-02-17T13:08:36.418Z
7005,9707609525,Maimouna,Ndour,Maimouna Ndour,F,1997-04-18,+22241026996,,7,Gorgol,ACTIVE,,ACTIVE,2022-07-18,2023-11-03T18:35:56.358Z,2022-07-18T23:31:59.388Z,2023-11-03T18:35:56.358Z
7006,9103253665,Oumou,Mint Isselmou,Oumou Mint Isselmou,F,1991-08-07,+22223346424,,3,Nouakchott-Sud,OCCASIONAL,,ACTIVE,2023-10-17,2024-04-28T05:46:23.882Z,2023-10-17T07:12:50.088Z,2024-04-28T05:46:23.882Z
7007,7704233264,Kelthoum,Wane,Kelthoum Wane,F,1977-04-28,+22222082749,kelthoum.wane823@yahoo.fr,4,Dakhlet Nouadhibou,STANDARD,,ACTIVE,2022-07-11,2024-11-22T13:37:26.072Z,2022-07-11T23:17:09.029Z,2024-11-22T13:37:26.072Z
7008,6503841984,Ely,Ndour,Ely Ndour,M,1965-03-15,+22235516593,ely.ndour185@gmail.com,3,Nouakchott-Sud,STANDARD,,INACTIVE,2022-04-19,2023-03-13T05:35:51.452Z,2022-04-19T11:42:42.743Z,2023-03-13T05:35:51.452Z
7009,7703659546,Lemrabott,Ould Mokhtar,Lemrabott Ould Mokhtar,M,1977-09-19,+22222778165,lemrabott.ouldmokhtar662@gmail.com,3,Nouakchott-Sud,STANDARD,,ACTIVE,2023-08-22,2023-09-13T09:49:15.023Z,2023-08-22T00:40:03.671Z,2023-09-13T09:49:15.023Z
7010,0302947959,Leila,Ba,Leila Ba,F,2003-07-05,+22223215712,,2,Nouakchott-Ouest,DORMANT,,ACTIVE,2023-09-08,2024-07-25T15:41:25.435Z,2023-09-08T20:19:44.265Z,2024-07-25T15:41:25.435Z
7011,8601962293,Maloum,Ould Maloum,Maloum Ould Maloum,M,1986-05-21,+22225532892,,1,Nouakchott-Nord,OCCASIONAL,,ACTIVE,2022-07-11,2024-04-23T18:58:54.086Z,2022-07-11T22:50:58.546Z,2024-04-23T18:58:54.086Z
7012,6001447350,Salif,Sissoko,Salif Sissoko,M,1960-03-19,+22235461475,,1,Nouakchott-Nord,VIP,,ACTIVE,2022-03-05,2023-09-02T08:33:18.226Z,2022-03-05T21:14:23.157Z,2023-09-02T08:33:18.226Z
7013,9702384744,Jemila,Mint Khalil,Jemila Mint Khalil,F,1997-11-03,+22236405622,,2,Nouakchott-Ouest,ACTIVE,,ACTIVE,2022-04-17,2023-04-06T09:38:19.214Z,2022-04-17T22:59:31.518Z,2023-04-06T09:38:19.214Z
7014,9702991131,Mamadou,Diakité,Mamadou Diakité,M,1997-06-11,+22235776553,mamadou.diakité191@gmail.com,2,Nouakchott-Ouest,STANDARD,,ACTIVE,2024-09-14,2024-10-10T02:45:07.883Z,2024-09-14T23:16:23.248Z,2024-10-10T02:45:07.883Z
7015,7104588070,Mountaga,Sakho,Mountaga Sakho,M,1971-12-10,+22235897924,,4,Dakhlet Nouadhibou,STANDARD,,ACTIVE,2024-06-25,2024-06-26T02:20:53.972Z,2024-06-25T00:32:28.036Z,2024-06-26T02:20:53.972Z
7016,6602431024,Houda,Mint Ghali,Houda Mint Ghali,F,1966-07-20,+22236149342,houda.mintghali697@gmail.com,2,Nouakchott-Ouest,STANDARD,,ACTIVE,2022-06-22,2022-08-27T16:13:19.168Z,2022-06-22T07:24:25.771Z,2022-08-27T16:13:19.168Z
7017,7602120132,Souleymane,Ould Saad,Souleymane Ould Saad,M,1976-03-15,+22225622405,,2,Nouakchott-Ouest,ACTIVE,,ACTIVE,2023-10-22,2023-12-17T10:35:08.692Z,2023-10-22T17:51:54.159Z,2023-12-17T10:35:08.692Z
7018,6905077318,Aminetou,Mint Khatri,Aminetou Mint Khatri,F,1969-11-19,+22249338714,aminetou.mintkhatri226@gmail.com,5,Trarza,STANDARD,,ACTIVE,2023-09-11,2024-08-31T22:57:32.913Z,2023-09-11T08:48:17.720Z,2024-08-31T22:57:32.913Z
7019,7002868584,Dramane,Sissoko,Dramane Sissoko,M,1970-05-16,+22246790388,,2,Nouakchott-Ouest,ACTIVE,,ACTIVE,2024-01-18,2024-05-24T11:38:59.463Z,2024-01-18T18:12:12.522Z,2024-05-24T11:38:59.463Z
7020,6704194832,Oumou,Mint Hamoud,Oumou Mint Hamoud,F,1967-12-12,+22223164057,oumou.minthamoud395@gmail.com,4,Dakhlet Nouadhibou,OCCASIONAL,,ACTIVE,2024-11-04,2024-12-20T01:28:14.818Z,2024-11-04T00:41:15.773Z,2024-12-20T01:28:14.818Z
7021,0304259430,Modibo,Doucouré,Modibo Doucouré,M,2003-08-14,+22249123541,,4,Dakhlet Nouadhibou,STANDARD,,ACTIVE,2024-09-03,2024-10-09T11:17:58.888Z,2024-09-03T20:29:26.798Z,2024-10-09T11:17:58.888Z
7022,0302979673,Habiba,Faye,Habiba Faye,F,2003-05-04,+22232873729,,2,Nouakchott-Ouest,STANDARD,,ACTIVE,2023-09-02,2024-03-17T15:16:54.000Z,2023-09-02T19:00:58.440Z,2024-03-17T15:16:54.000Z
7023,8704524279,Tourad,Diop,Tourad Diop,M,1987-01-01,+22234696502,,4,Dakhlet Nouadhibou,STANDARD,,ACTIVE,2023-05-20,2023-08-13T04:57:09.767Z,2023-05-20T11:00:32.251Z,2023-08-13T04:57:09.767Z
7024,6608977014,Khadija,Doucouré,Khadija Doucouré,F,1966-11-14,+22236582953,,8,Guidimaka,OCCASIONAL,,SUSPENDED,2024-09-24,2024-12-21T12:23:50.681Z,2024-09-24T20:53:59.571Z,2024-12-21T12:23:50.681Z
7025,6215159188,Abdel Kader,Ould Saad,Abdel Kader Ould Saad,M,1962-04-18,+22225155352,abdelkader.ouldsaad101@hotmail.fr,15,Tiris Zemmour,STANDARD,,ACTIVE,2023-03-16,2023-12-29T03:30:32.608Z,2023-03-16T20:51:35.266Z,2023-12-29T03:30:32.608Z
7026,0502404162,Hacen,Cissé,Hacen Cissé,M,2005-10-17,+22232151672,hacen.cissé567@hotmail.fr,2,Nouakchott-Ouest,ACTIVE,,ACTIVE,2023-05-21,2024-12-27T08:22:43.212Z,2023-05-21T10:33:30.123Z,2024-12-27T08:22:43.212Z
7027,0302018712,Jiddou,Ould Vall,Jiddou Ould Vall,M,2003-04-16,+22224707358,jiddou.ouldvall949@hotmail.fr,2,Nouakchott-Ouest,ACTIVE,,ACTIVE,2023-11-28,2024-11-20T15:53:55.437Z,2023-11-28T18:55:18.493Z,2024-11-20T15:53:55.437Z
7028,7104543767,Mariem,Touré,Mariem Touré,F,1971-08-03,+22234648996,mariem.touré144@outlook.com,4,Dakhlet Nouadhibou,STANDARD,,ACTIVE,2023-02-21,2024-05-12T10:19:44.536Z,2023-02-21T03:55:45.771Z,2024-05-12T10:19:44.536Z
7029,8503129536,Habiba,Mint Abdallah,Habiba Mint Abdallah,F,1985-01-04,+22224919374,habiba.mintabdallah109@hotmail.fr,3,Nouakchott-Sud,ACTIVE,,ACTIVE,2023-06-17,2024-11-09T09:42:23.549Z,2023-06-17T11:25:29.785Z,2024-11-09T09:42:23.549Z
7030,8104795217,Khadijetou,Mint El Mamy,Khadijetou Mint El Mamy,F,1981-11-01,+22236734324,khadijetou.mintelmamy311@outlook.com,4,Dakhlet Nouadhibou,ACTIVE,,ACTIVE,2024-11-26,2024-11-30T07:52:04.820Z,2024-11-26T05:32:00.336Z,2024-11-30T07:52:04.820Z
7031,9912652240,Mahfoudh,Ould Saad,Mahfoudh Ould Saad,M,1999-01-24,+22223837144,,12,Adrar,STANDARD,,ACTIVE,2024-10-08,2024-11-14T21:46:50.965Z,2024-10-08T13:46:26.183Z,2024-11-14T21:46:50.965Z
7032,6904546408,Aminetou,Mint Mohamed,Aminetou Mint Mohamed,F,1969-02-24,+22243158002,,4,Dakhlet Nouadhibou,STANDARD,,ACTIVE,2024-01-28,2024-12-07T15:33:45.048Z,2024-01-28T11:20:27.253Z,2024-12-07T15:33:45.048Z
7033,6801922390,Houda,Mint Habiboullah,Houda Mint Habiboullah,F,1968-11-13,+22222726131,,1,Nouakchott-Nord,STANDARD,,BLOCKED,2022-10-24,2024-01-29T10:33:01.333Z,2022-10-24T07:58:17.832Z,2024-01-29T10:33:01.333Z
7034,9404454246,Sékou,Kouyaté,Sékou Kouyaté,M,1994-07-18,+22233512290,,4,Dakhlet Nouadhibou,STANDARD,,ACTIVE,2024-10-29,2024-12-19T05:00:19.092Z,2024-10-29T02:30:28.102Z,2024-12-19T05:00:19.092Z
7035,8901915047,Noura,Ndour,Noura Ndour,F,1989-06-24,+22234344505,noura.ndour127@yahoo.fr,1,Nouakchott-Nord,PREMIUM,,ACTIVE,2024-09-26,2024-09-28T07:08:08.102Z,2024-09-26T04:17:15.381Z,2024-09-28T07:08:08.102Z
7036,8802559186,Khadija,Mint Isselmou,Khadija Mint Isselmou,F,1988-08-04,+22235652736,,2,Nouakchott-Ouest,ACTIVE,,INACTIVE,2022-05-14,2023-03-26T15:04:19.316Z,2022-05-14T17:24:29.464Z,2023-03-26T15:04:19.316Z
7037,9601639150,Defa,Mint Zein,Defa Mint Zein,F,1996-11-10,+22243905851,defa.mintzein702@outlook.com,1,Nouakchott-Nord,DORMANT,,ACTIVE,2022-10-25,2023-01-05T19:21:16.030Z,2022-10-25T01:02:43.763Z,2023-01-05T19:21:16.030Z
7038,7901844441,Mohamed Salem,Ould El Hacen,Mohamed Salem Ould El Hacen,M,1979-09-09,+22222337857,mohamedsalem.ouldelhacen937@gmail.com,1,Nouakchott-Nord,STANDARD,,PENDING_KYC,2022-09-20,2024-05-19T03:28:47.511Z,2022-09-20T13:11:06.860Z,2024-05-19T03:28:47.511Z
7039,8703117254,Vatma,Mint Salem,Vatma Mint Salem,F,1987-01-26,+22225692936,vatma.mintsalem200@outlook.com,3,Nouakchott-Sud,ACTIVE,,ACTIVE,2024-10-17,2024-11-05T16:10:34.865Z,2024-10-17T21:22:46.783Z,2024-11-05T16:10:34.865Z
7040,0202931232,Aminetou,Mint Lemrabott,Aminetou Mint Lemrabott,F,2002-08-13,+22224329106,,2,Nouakchott-Ouest,ACTIVE,,PENDING_KYC,2024-07-04,2024-12-05T16:39:28.186Z,2024-07-04T17:02:13.565Z,2024-12-05T16:39:28.186Z
7041,8802118198,Sidina,Ould Hamadi,Sidina Ould Hamadi,M,1988-10-08,+22224482690,,2,Nouakchott-Ouest,STANDARD,,ACTIVE,2022-06-10,2024-11-21T16:17:11.468Z,2022-06-10T05:47:36.966Z,2024-11-21T16:17:11.468Z
7042,6702139244,Minetou,Mint Dah,Minetou Mint Dah,F,1967-12-20,+22224786296,minetou.mintdah500@yahoo.fr,2,Nouakchott-Ouest,STANDARD,,ACTIVE,2024-06-26,2024-08-28T16:52:44.609Z,2024-06-26T11:05:23.501Z,2024-08-28T16:52:44.609Z
7043,6903644002,Djimé,Kane,Djimé Kane,M,1969-08-15,+22225456560,,3,Nouakchott-Sud,STANDARD,,BLOCKED,2023-04-15,2024-01-12T22:09:01.298Z,2023-04-15T14:21:06.296Z,2024-01-12T22:09:01.298Z
7044,6201645396,Ibrahima,Baldé,Ibrahima Baldé,M,1962-02-23,+22223560313,,1,Nouakchott-Nord,STANDARD,,ACTIVE,2023-01-29,2023-12-31T14:46:24.221Z,2023-01-29T11:03:33.191Z,2023-12-31T14:46:24.221Z
7045,6504865835,Cheikh Sidiya,Ndiaye,Cheikh Sidiya Ndiaye,M,1965-09-17,+22244872303,,4,Dakhlet Nouadhibou,OCCASIONAL,,ACTIVE,2022-10-01,2023-05-05T04:08:18.611Z,2022-10-01T15:46:45.210Z,2023-05-05T04:08:18.611Z
7046,9402313530,Sadio,Thiam,Sadio Thiam,M,1994-07-26,+22223312976,,2,Nouakchott-Ouest,STANDARD,,ACTIVE,2022-03-24,2022-06-28T11:09:13.786Z,2022-03-24T04:36:43.952Z,2022-06-28T11:09:13.786Z
7047,7403658115,Bilal,Bah,Bilal Bah,M,1974-02-07,+22233675951,,3,Nouakchott-Sud,OCCASIONAL,,ACTIVE,2022-04-14,2024-02-04T15:45:48.267Z,2022-04-14T06:31:50.327Z,2024-02-04T15:45:48.267Z
7048,0101221579,Abdel Aziz,Ould Zein,Abdel Aziz Ould Zein,M,2001-05-01,+22244240405,abdelaziz.ouldzein411@hotmail.fr,1,Nouakchott-Nord,ACTIVE,,ACTIVE,2023-07-29,2024-05-27T21:07:02.508Z,2023-07-29T22:38:16.241Z,2024-05-27T21:07:02.508Z
7049,8213609672,Sory,Bâ,Sory Bâ,M,1982-09-10,+22223056853,,13,Tagant,OCCASIONAL,,ACTIVE,2022-03-09,2023-04-05T21:17:35.688Z,2022-03-09T04:49:02.327Z,2023-04-05T21:17:35.688Z
7050,7904353809,Sidi Mohamed,Ould Vall,Sidi Mohamed Ould Vall,M,1979-12-02,+22225594071,,4,Dakhlet Nouadhibou,STANDARD,,ACTIVE,2023-07-10,2024-09-29T07:19:35.070Z,2023-07-10T07:51:23.156Z,2024-09-29T07:19:35.070Z
7051,7910150283,Bocar,Wane,Bocar Wane,M,1979-05-20,+22234204989,bocar.wane384@hotmail.fr,10,Hodh Ech Chargui,OCCASIONAL,,ACTIVE,2024-05-12,2024-11-10T13:50:56.062Z,2024-05-12T04:59:28.490Z,2024-11-10T13:50:56.062Z
7052,7807649966,Mountaga,Sy,Mountaga Sy,M,1978-10-02,+22234137798,,7,Gorgol,STANDARD,,ACTIVE,2024-07-15,2024-08-03T17:45:30.164Z,2024-07-15T10:21:27.174Z,2024-08-03T17:45:30.164Z
7053,9107911435,El Hacen,Barry,El Hacen Barry,M,1991-04-01,+22234033081,,7,Gorgol,STANDARD,,ACTIVE,2023-09-04,2024-05-04T01:51:51.298Z,2023-09-04T21:27:41.719Z,2024-05-04T01:51:51.298Z
7054,6902978607,Modibo,Sène,Modibo Sène,M,1969-12-12,+22224962326,,2,Nouakchott-Ouest,ACTIVE,,ACTIVE,2022-11-06,2024-09-06T22:18:36.773Z,2022-11-06T21:56:07.040Z,2024-09-06T22:18:36.773Z
7055,8201541562,Amadou,Sall,Amadou Sall,M,1982-10-15,+22223988555,amadou.sall550@yahoo.fr,1,Nouakchott-Nord,ACTIVE,,ACTIVE,2024-05-11,2024-10-03T15:10:12.931Z,2024-05-11T12:04:29.286Z,2024-10-03T15:10:12.931Z
7056,6602897738,Jiddou,Sow,Jiddou Sow,M,1966-01-02,+22245508407,jiddou.sow668@hotmail.fr,2,Nouakchott-Ouest,ACTIVE,,ACTIVE,2023-04-20,2024-08-19T18:30:43.019Z,2023-04-20T20:11:18.666Z,2024-08-19T18:30:43.019Z
7057,9701469983,Safiya,Ly,Safiya Ly,F,1997-08-22,+22225343198,safiya.ly797@yahoo.fr,1,Nouakchott-Nord,STANDARD,,ACTIVE,2023-09-22,2024-07-20T05:21:57.659Z,2023-09-22T00:38:25.485Z,2024-07-20T05:21:57.659Z
7058,8311457986,Khadija,Mint Taleb,Khadija Mint Taleb,F,1983-07-19,+22246785733,khadija.minttaleb239@hotmail.fr,11,Hodh El Gharbi,STANDARD,,ACTIVE,2022-09-15,2024-11-24T12:09:08.961Z,2022-09-15T23:26:55.735Z,2024-11-24T12:09:08.961Z
7059,7907994926,Seynabou,Camara,Seynabou Camara,F,1979-07-22,+22225956539,seynabou.camara523@yahoo.fr,7,Gorgol,VIP,,ACTIVE,2024-01-13,2024-11-01T17:09:08.414Z,2024-01-13T23:41:50.411Z,2024-11-01T17:09:08.414Z
7060,9315824024,Namory,Doucouré,Namory Doucouré,M,1993-08-16,+22235027944,namory.doucouré53@hotmail.fr,15,Tiris Zemmour,ACTIVE,,ACTIVE,2023-03-12,2024-03-12T02:39:19.918Z,2023-03-12T16:42:07.092Z,2024-03-12T02:39:19.918Z
7061,6402267074,Houda,Fall,Houda Fall,F,1964-10-23,+22243810768,,2,Nouakchott-Ouest,OCCASIONAL,,ACTIVE,2024-06-04,2024-11-18T16:05:25.150Z,2024-06-04T22:51:26.980Z,2024-11-18T16:05:25.150Z
7062,7402113121,Cheikh,Touré,Cheikh Touré,M,1974-08-23,+22223221243,cheikh.touré311@hotmail.fr,2,Nouakchott-Ouest,STANDARD,,BLOCKED,2024-05-19,2024-09-26T23:30:56.135Z,2024-05-19T11:42:53.609Z,2024-09-26T23:30:56.135Z
7063,8504682700,Mohamed Yahya,Ould El Mokhtar,Mohamed Yahya Ould El Mokhtar,M,1985-05-02,+22249200076,,4,Dakhlet Nouadhibou,OCCASIONAL,,ACTIVE,2022-12-09,2024-04-15T12:15:18.381Z,2022-12-09T18:52:35.455Z,2024-04-15T12:15:18.381Z
7064,9701550591,Khadijetou,Mint Hadrami,Khadijetou Mint Hadrami,F,1997-11-21,+22222066736,khadijetou.minthadrami505@gmail.com,1,Nouakchott-Nord,PREMIUM,,ACTIVE,2022-02-08,2024-02-24T05:24:09.380Z,2022-02-08T02:10:10.003Z,2024-02-24T05:24:09.380Z
7065,9502277833,Khadijetou,Wade,Khadijetou Wade,F,1995-12-07,+22224197929,,2,Nouakchott-Ouest,OCCASIONAL,,ACTIVE,2023-09-14,2024-10-30T11:04:32.332Z,2023-09-14T20:50:34.160Z,2024-10-30T11:04:32.332Z
7066,8601061181,Mahjouba,Mint Tourad,Mahjouba Mint Tourad,F,1986-02-19,+22236750790,,1,Nouakchott-Nord,STANDARD,,ACTIVE,2022-04-28,2023-11-07T00:46:38.682Z,2022-04-28T11:34:21.283Z,2023-11-07T00:46:38.682Z
7067,8804636375,Aziza,Mint Hamadi,Aziza Mint Hamadi,F,1988-10-25,+22244888910,,4,Dakhlet Nouadhibou,STANDARD,,ACTIVE,2024-10-30,2024-12-14T06:18:43.546Z,2024-10-30T13:59:01.900Z,2024-12-14T06:18:43.546Z
7068,6812566543,Khady,Dramé,Khady Dramé,F,1968-04-27,+22235936802,khady.dramé519@outlook.com,12,Adrar,STANDARD,,ACTIVE,2024-12-06,2024-12-06T15:38:40.553Z,2024-12-06T01:42:46.154Z,2024-12-06T15:38:40.553Z
7069,0115615650,El Hacen,Ba,El Hacen Ba,M,2001-11-17,+22247328330,,15,Tiris Zemmour,ACTIVE,,ACTIVE,2024-12-09,2024-12-11T19:32:59.285Z,2024-12-09T09:46:55.994Z,2024-12-11T19:32:59.285Z
7070,7804178858,Ahmed Baba,Ould Cheikh,Ahmed Baba Ould Cheikh,M,1978-12-16,+22222449233,,4,Dakhlet Nouadhibou,STANDARD,,ACTIVE,2024-08-17,2024-11-17T11:57:33.717Z,2024-08-17T02:06:05.134Z,2024-11-17T11:57:33.717Z
7071,6315375572,Hamoud,Ould Hamadi,Hamoud Ould Hamadi,M,1963-10-08,+22224963164,,15,Tiris Zemmour,PREMIUM,,ACTIVE,2022-09-09,2023-01-20T21:21:20.574Z,2022-09-09T18:51:32.963Z,2023-01-20T21:21:20.574Z
7072,6001729342,El Hadji,Diagana,El Hadji Diagana,M,1960-02-01,+22225000110,elhadji.diagana717@hotmail.fr,1,Nouakchott-Nord,OCCASIONAL,,ACTIVE,2024-03-13,2024-03-24T02:08:01.701Z,2024-03-13T05:48:51.860Z,2024-03-24T02:08:01.701Z
7073,6002783589,Kadiatou,Ndiaye,Kadiatou Ndiaye,F,1960-07-27,+22235407433,,2,Nouakchott-Ouest,STANDARD,,ACTIVE,2023-03-28,2024-10-07T07:41:33.263Z,2023-03-28T13:44:03.665Z,2024-10-07T07:41:33.263Z
7074,7503943720,Mouna,Mint Cheikh,Mouna Mint Cheikh,F,1975-11-23,+22232027905,mouna.mintcheikh699@yahoo.fr,3,Nouakchott-Sud,STANDARD,,ACTIVE,2022-07-09,2023-08-11T04:51:38.098Z,2022-07-09T16:14:03.694Z,2023-08-11T04:51:38.098Z
7075,9202618660,Abdel Kader,Ould El Ghassem,Abdel Kader Ould El Ghassem,M,1992-03-10,+22225801785,,2,Nouakchott-Ouest,OCCASIONAL,,ACTIVE,2023-11-03,2024-03-01T00:46:53.233Z,2023-11-03T02:11:07.563Z,2024-03-01T00:46:53.233Z
7076,7904724520,Ahmed,Ly,Ahmed Ly,M,1979-04-04,+22223557035,ahmed.ly251@yahoo.fr,4,Dakhlet Nouadhibou,OCCASIONAL,,ACTIVE,2024-11-02,2024-11-29T13:06:25.374Z,2024-11-02T02:27:43.814Z,2024-11-29T13:06:25.374Z
7077,7515795818,Bintou,Anne,Bintou Anne,F,1975-04-11,+22245719601,bintou.anne123@gmail.com,15,Tiris Zemmour,OCCASIONAL,,ACTIVE,2023-01-22,2024-12-24T06:21:37.573Z,2023-01-22T14:22:11.994Z,2024-12-24T06:21:37.573Z
7078,0306882210,Houda,Wade,Houda Wade,F,2003-02-13,+22232362831,,6,Brakna,OCCASIONAL,,INACTIVE,2023-12-22,2024-11-21T19:15:45.753Z,2023-12-22T14:47:23.723Z,2024-11-21T19:15:45.753Z
7079,6507929693,Sidiki,Diarra,Sidiki Diarra,M,1965-09-26,+22222928431,sidiki.diarra570@outlook.com,7,Gorgol,ACTIVE,,ACTIVE,2024-09-02,2024-11-10T12:22:22.887Z,2024-09-02T04:45:59.825Z,2024-11-10T12:22:22.887Z
7080,9201855538,Leila,Mint Abeih,Leila Mint Abeih,F,1992-01-19,+22234244244,leila.mintabeih5@hotmail.fr,1,Nouakchott-Nord,STANDARD,,ACTIVE,2022-10-17,2024-06-22T14:53:02.998Z,2022-10-17T19:45:01.481Z,2024-06-22T14:53:02.998Z
7081,0411337841,Moustapha,Ould Isselmou,Moustapha Ould Isselmou,M,2004-10-12,+22237969651,moustapha.ouldisselmou374@hotmail.fr,11,Hodh El Gharbi,OCCASIONAL,,ACTIVE,2023-12-30,2024-01-06T19:38:27.000Z,2023-12-30T17:53:24.766Z,2024-01-06T19:38:27.000Z
7082,7204843637,Oumou,Ba,Oumou Ba,F,1972-02-17,+22236570364,,4,Dakhlet Nouadhibou,OCCASIONAL,,INACTIVE,2024-03-29,2024-04-03T04:23:30.980Z,2024-03-29T18:37:36.487Z,2024-04-03T04:23:30.980Z
7083,0302670187,Abdallah,Bathily,Abdallah Bathily,M,2003-01-19,+22223943572,abdallah.bathily321@gmail.com,2,Nouakchott-Ouest,STANDARD,,INACTIVE,2023-06-23,2024-09-26T18:05:53.456Z,2023-06-23T16:33:46.233Z,2024-09-26T18:05:53.456Z
7084,7104605564,Sidi,Ould Nenni,Sidi Ould Nenni,M,1971-10-21,+22245853259,,4,Dakhlet Nouadhibou,STANDARD,,ACTIVE,2023-07-18,2024-02-02T07:13:43.833Z,2023-07-18T09:25:03.807Z,2024-02-02T07:13:43.833Z
7085,7215788884,Mohamed Vall,Gaye,Mohamed Vall Gaye,M,1972-08-25,+22222439917,,15,Tiris Zemmour,DORMANT,,ACTIVE,2023-01-30,2024-09-09T00:26:42.147Z,2023-01-30T10:21:17.533Z,2024-09-09T00:26:42.147Z
7086,6906881806,Seynabou,Sy,Seynabou Sy,F,1969-12-01,+22222171957,,6,Brakna,STANDARD,,ACTIVE,2023-05-20,2023-05-26T20:19:50.370Z,2023-05-20T21:25:43.386Z,2023-05-26T20:19:50.370Z
7087,7002985179,Mohamed,Ould Khatri,Mohamed Ould Khatri,M,1970-06-03,+22249633401,mohamed.ouldkhatri276@outlook.com,2,Nouakchott-Ouest,PREMIUM,,INACTIVE,2023-06-12,2023-10-09T00:44:20.073Z,2023-06-12T23:05:31.272Z,2023-10-09T00:44:20.073Z
7088,8004219307,El Khalil,Diop,El Khalil Diop,M,1980-11-23,+22232987453,elkhalil.diop352@gmail.com,4,Dakhlet Nouadhibou,STANDARD,,ACTIVE,2022-02-22,2023-08-06T16:46:36.770Z,2022-02-22T01:00:18.939Z,2023-08-06T16:46:36.770Z
7089,9004417993,Leila,Mint Nagi,Leila Mint Nagi,F,1990-10-28,+22233197015,leila.mintnagi338@yahoo.fr,4,Dakhlet Nouadhibou,STANDARD,,ACTIVE,2023-01-22,2023-03-19T23:49:34.750Z,2023-01-22T18:41:58.401Z,2023-03-19T23:49:34.750Z
7090,9001072379,Oumou,Sakho,Oumou Sakho,F,1990-07-10,+22224808380,oumou.sakho445@gmail.com,1,Nouakchott-Nord,DORMANT,,ACTIVE,2023-12-16,2024-08-04T14:38:25.016Z,2023-12-16T12:42:46.029Z,2024-08-04T14:38:25.016Z
7091,6803033058,Malouma,Mint Soufi,Malouma Mint Soufi,F,1968-04-09,+22236938526,,3,Nouakchott-Sud,STANDARD,,ACTIVE,2022-11-09,2023-06-20T01:13:21.267Z,2022-11-09T16:36:06.125Z,2023-06-20T01:13:21.267Z
7092,0501921468,Oumou,Dieng,Oumou Dieng,F,2005-11-23,+22233822751,oumou.dieng57@gmail.com,1,Nouakchott-Nord,STANDARD,,ACTIVE,2023-11-24,2024-06-24T21:49:18.720Z,2023-11-24T21:52:14.808Z,2024-06-24T21:49:18.720Z
7093,6501918763,Hacen,Diop,Hacen Diop,M,1965-07-23,+22245367468,hacen.diop834@gmail.com,1,Nouakchott-Nord,ACTIVE,,ACTIVE,2024-07-29,2024-08-01T01:36:23.200Z,2024-07-29T05:42:37.624Z,2024-08-01T01:36:23.200Z
7094,7002656501,Kiné,Dia,Kiné Dia,F,1970-10-25,+22225768452,,2,Nouakchott-Ouest,STANDARD,,ACTIVE,2022-08-12,2024-04-18T07:47:09.716Z,2022-08-12T21:23:16.893Z,2024-04-18T07:47:09.716Z
7095,9701837522,Ely,Ould Wedadi,Ely Ould Wedadi,M,1997-04-05,+22247600848,ely.ouldwedadi668@gmail.com,1,Nouakchott-Nord,STANDARD,,ACTIVE,2022-11-13,2024-12-17T03:35:54.867Z,2022-11-13T22:44:05.173Z,2024-12-17T03:35:54.867Z
7096,8210543700,Lassana,Diallo,Lassana Diallo,M,1982-06-09,+22224240912,,10,Hodh Ech Chargui,STANDARD,,ACTIVE,2024-04-25,2024-11-28T12:33:50.378Z,2024-04-25T13:32:38.937Z,2024-11-28T12:33:50.378Z
7097,9115954633,Gaoussou,Sy,Gaoussou Sy,M,1991-01-09,+22236580865,,15,Tiris Zemmour,DORMANT,,ACTIVE,2022-07-26,2023-12-17T17:14:22.416Z,2022-07-26T19:31:50.039Z,2023-12-17T17:14:22.416Z
7098,9315864781,Defa,Mint Taleb,Defa Mint Taleb,F,1993-08-10,+22222481988,,15,Tiris Zemmour,DORMANT,,ACTIVE,2023-02-23,2024-01-15T00:31:53.290Z,2023-02-23T09:39:57.453Z,2024-01-15T00:31:53.290Z
7099,9101889589,Salka,Mint Abdallah,Salka Mint Abdallah,F,1991-10-01,+22222755560,salka.mintabdallah405@yahoo.fr,1,Nouakchott-Nord,STANDARD,,ACTIVE,2022-04-26,2023-07-05T16:16:24.670Z,2022-04-26T09:35:07.082Z,2023-07-05T16:16:24.670Z
7100,7902677996,Seynabou,Ly,Seynabou Ly,F,1979-10-12,+22243715110,seynabou.ly897@gmail.com,2,Nouakchott-Ouest,STANDARD,,ACTIVE,2022-12-24,2023-06-05T05:03:17.819Z,2022-12-24T17:38:15.641Z,2023-06-05T05:03:17.819Z
7101,8401993802,Hawa,Mbow,Hawa Mbow,F,1984-08-24,+22222074355,,1,Nouakchott-Nord,OCCASIONAL,,ACTIVE,2023-05-15,2024-06-11T00:54:46.364Z,2023-05-15T09:16:51.178Z,2024-06-11T00:54:46.364Z
7102,7901813155,Mounina,Mint Salem,Mounina Mint Salem,F,1979-10-27,+22222473569,,1,Nouakchott-Nord,DORMANT,,ACTIVE,2024-06-25,2024-12-15T03:08:16.779Z,2024-06-25T02:44:42.216Z,2024-12-15T03:08:16.779Z
7103,6403750128,Adama,Wade,Adama Wade,M,1964-10-21,+22222360555,adama.wade767@outlook.com,3,Nouakchott-Sud,ACTIVE,,ACTIVE,2023-05-03,2024-12-14T15:18:53.356Z,2023-05-03T08:40:19.840Z,2024-12-14T15:18:53.356Z
7104,0202936822,Hacen,Ould Nenni,Hacen Ould Nenni,M,2002-12-11,+22241349571,,2,Nouakchott-Ouest,ACTIVE,,ACTIVE,2022-07-23,2023-10-23T20:51:49.711Z,2022-07-23T00:09:08.888Z,2023-10-23T20:51:49.711Z
7105,9803550538,Vadel,Ould Saad,Vadel Ould Saad,M,1998-12-18,+22234157578,vadel.ouldsaad378@hotmail.fr,3,Nouakchott-Sud,ACTIVE,,ACTIVE,2023-06-26,2023-07-19T20:54:00.893Z,2023-06-26T08:40:47.721Z,2023-07-19T20:54:00.893Z
7106,7502184917,Mohamed Salem,Fofana,Mohamed Salem Fofana,M,1975-11-12,+22225301083,,2,Nouakchott-Ouest,STANDARD,,ACTIVE,2024-08-02,2024-08-06T20:01:01.730Z,2024-08-02T08:11:57.362Z,2024-08-06T20:01:01.730Z
7107,8603631276,Sidi Mohamed,Cissé,Sidi Mohamed Cissé,M,1986-11-08,+22235058064,sidimohamed.cissé378@outlook.com,3,Nouakchott-Sud,ACTIVE,,ACTIVE,2022-02-13,2024-11-03T09:44:26.627Z,2022-02-13T19:01:24.816Z,2024-11-03T09:44:26.627Z
7108,8302255432,Yacine,Tall,Yacine Tall,F,1983-08-13,+22235549006,yacine.tall686@gmail.com,2,Nouakchott-Ouest,STANDARD,,ACTIVE,2023-02-28,2024-09-30T04:39:07.846Z,2023-02-28T02:08:36.961Z,2024-09-30T04:39:07.846Z
7109,6506834574,Messoud,Ould Isselmou,Messoud Ould Isselmou,M,1965-01-18,+22234551554,messoud.ouldisselmou334@yahoo.fr,6,Brakna,STANDARD,,ACTIVE,2022-09-23,2024-11-21T10:43:20.738Z,2022-09-23T13:49:24.922Z,2024-11-21T10:43:20.738Z
7110,0209482915,Khalil,Ould Habiboullah,Khalil Ould Habiboullah,M,2002-07-23,+22236823525,khalil.ouldhabiboullah626@yahoo.fr,9,Assaba,OCCASIONAL,,ACTIVE,2024-10-30,2024-12-18T03:42:02.725Z,2024-10-30T01:42:56.655Z,2024-12-18T03:42:02.725Z
7111,0409774371,Tourad,Ndiaye,Tourad Ndiaye,M,2004-11-27,+22237790210,tourad.ndiaye375@hotmail.fr,9,Assaba,OCCASIONAL,,ACTIVE,2023-09-23,2024-01-14T12:27:35.706Z,2023-09-23T10:03:40.816Z,2024-01-14T12:27:35.706Z
7112,0402954914,Djibril,Cissé,Djibril Cissé,M,2004-11-07,+22233194043,djibril.cissé338@yahoo.fr,2,Nouakchott-Ouest,DORMANT,,ACTIVE,2024-11-01,2024-11-04T00:28:02.432Z,2024-11-01T05:08:02.152Z,2024-11-04T00:28:02.432Z
7113,8903483713,Hamoud,Gaye,Hamoud Gaye,M,1989-07-07,+22237447496,hamoud.gaye700@hotmail.fr,3,Nouakchott-Sud,OCCASIONAL,,ACTIVE,2022-08-27,2023-03-31T02:08:25.628Z,2022-08-27T15:53:44.168Z,2023-03-31T02:08:25.628Z
7114,8405002997,Cheick,Fofana,Cheick Fofana,M,1984-01-01,+22241046726,,5,Trarza,STANDARD,,ACTIVE,2024-06-05,2024-09-27T03:16:56.357Z,2024-06-05T06:44:03.075Z,2024-09-27T03:16:56.357Z
7115,9709559284,Massamba,Kane,Massamba Kane,M,1997-02-20,+22225806451,,9,Assaba,OCCASIONAL,,INACTIVE,2023-10-30,2024-10-22T20:52:34.668Z,2023-10-30T16:44:32.252Z,2024-10-22T20:52:34.668Z
7116,9103974531,Karamoko,Sow,Karamoko Sow,M,1991-01-05,+22233396869,,3,Nouakchott-Sud,STANDARD,,ACTIVE,2024-08-09,2024-10-15T14:02:41.447Z,2024-08-09T20:31:39.097Z,2024-10-15T14:02:41.447Z
7117,7504375551,Kiné,Touré,Kiné Touré,F,1975-05-26,+22225632636,kiné.touré711@hotmail.fr,4,Dakhlet Nouadhibou,STANDARD,,ACTIVE,2023-04-04,2024-03-13T07:16:42.670Z,2023-04-04T23:20:35.963Z,2024-03-13T07:16:42.670Z
7118,8114600954,N'Dèye,Barry,N'Dèye Barry,F,1981-08-06,+22224677695,,14,Inchiri,PREMIUM,,ACTIVE,2024-06-03,2024-06-12T17:59:28.984Z,2024-06-03T12:27:49.431Z,2024-06-12T17:59:28.984Z
7119,8806960333,Leila,Mint Abeih,Leila Mint Abeih,F,1988-06-24,+22233254191,,6,Brakna,STANDARD,,ACTIVE,2022-01-13,2024-03-15T03:05:50.681Z,2022-01-13T11:32:54.646Z,2024-03-15T03:05:50.681Z
7120,9501408243,Khadija,Mint Mahmoud,Khadija Mint Mahmoud,F,1995-06-02,+22233282431,,1,Nouakchott-Nord,STANDARD,,ACTIVE,2023-09-29,2024-07-31T20:54:22.624Z,2023-09-29T10:41:05.446Z,2024-07-31T20:54:22.624Z
7121,8703882220,Kéba,Ndiaye,Kéba Ndiaye,M,1987-03-10,+22223040453,kéba.ndiaye648@yahoo.fr,3,Nouakchott-Sud,STANDARD,,ACTIVE,2024-01-11,2024-11-26T09:10:45.099Z,2024-01-11T10:29:00.950Z,2024-11-26T09:10:45.099Z
7122,7901527595,Hamoud,Ould Bouha,Hamoud Ould Bouha,M,1979-04-24,+22233001087,hamoud.ouldbouha482@gmail.com,1,Nouakchott-Nord,STANDARD,,ACTIVE,2023-07-12,2024-07-10T07:15:44.268Z,2023-07-12T23:52:43.480Z,2024-07-10T07:15:44.268Z
7123,9108060150,Mounina,Camara,Mounina Camara,F,1991-01-20,+22222321723,,8,Guidimaka,DORMANT,,ACTIVE,2022-10-23,2024-04-11T05:51:01.646Z,2022-10-23T18:18:22.531Z,2024-04-11T05:51:01.646Z
7124,8302772032,Lemrabott,Sow,Lemrabott Sow,M,1983-04-03,+22237488418,,2,Nouakchott-Ouest,DORMANT,,ACTIVE,2024-09-12,2024-11-16T13:12:58.043Z,2024-09-12T01:03:23.197Z,2024-11-16T13:12:58.043Z
7125,9201571971,Souleymane,Faye,Souleymane Faye,M,1992-06-04,+22223387495,,1,Nouakchott-Nord,OCCASIONAL,,ACTIVE,2023-11-30,2024-09-10T08:55:11.424Z,2023-11-30T17:17:48.984Z,2024-09-10T08:55:11.424Z
7126,9504835385,Ahmedou,Yatabaré,Ahmedou Yatabaré,M,1995-01-11,+22223457774,,4,Dakhlet Nouadhibou,STANDARD,,ACTIVE,2024-05-24,2024-10-11T01:15:39.752Z,2024-05-24T09:26:57.857Z,2024-10-11T01:15:39.752Z
7127,8803160512,Oumou,Diallo,Oumou Diallo,F,1988-03-06,+22243953486,,3,Nouakchott-Sud,OCCASIONAL,,ACTIVE,2023-01-20,2023-12-29T16:25:00.199Z,2023-01-20T12:31:02.754Z,2023-12-29T16:25:00.199Z
7128,9804573646,Ablaye,Guèye,Ablaye Guèye,M,1998-10-07,+22241540740,ablaye.guèye663@hotmail.fr,4,Dakhlet Nouadhibou,OCCASIONAL,,ACTIVE,2022-08-19,2023-11-06T14:13:41.826Z,2022-08-19T18:34:56.692Z,2023-11-06T14:13:41.826Z
7129,8302036743,Naha,Mint Horma,Naha Mint Horma,F,1983-12-07,+22235744368,,2,Nouakchott-Ouest,OCCASIONAL,,ACTIVE,2024-05-15,2024-06-16T16:51:11.081Z,2024-05-15T06:23:35.602Z,2024-06-16T16:51:11.081Z
7130,6511629909,Rokaya,Mint Khalil,Rokaya Mint Khalil,F,1965-05-16,+22247643744,rokaya.mintkhalil896@outlook.com,11,Hodh El Gharbi,STANDARD,,ACTIVE,2023-03-30,2024-06-22T11:38:05.922Z,2023-03-30T07:20:28.808Z,2024-06-22T11:38:05.922Z
7131,8712754161,Meymouna,Mint Habiboullah,Meymouna Mint Habiboullah,F,1987-07-14,+22236990034,meymouna.minthabiboullah614@gmail.com,12,Adrar,STANDARD,,ACTIVE,2024-05-13,2024-12-09T22:59:59.501Z,2024-05-13T14:55:22.159Z,2024-12-09T22:59:59.501Z
7132,6201749346,Saadbouh,Bah,Saadbouh Bah,M,1962-02-20,+22232345547,,1,Nouakchott-Nord,ACTIVE,,ACTIVE,2022-03-24,2024-09-13T00:47:35.253Z,2022-03-24T14:54:01.404Z,2024-09-13T00:47:35.253Z
7133,9101935390,Zeinab,Mint Dah,Zeinab Mint Dah,F,1991-07-01,+22233812947,zeinab.mintdah872@hotmail.fr,1,Nouakchott-Nord,ACTIVE,,BLOCKED,2023-04-23,2024-02-07T11:53:48.956Z,2023-04-23T21:19:01.759Z,2024-02-07T11:53:48.956Z
7134,9602936375,Lala,Sène,Lala Sène,F,1996-08-28,+22232988025,,2,Nouakchott-Ouest,PREMIUM,,ACTIVE,2023-09-01,2024-06-02T00:41:42.915Z,2023-09-01T00:41:36.240Z,2024-06-02T00:41:42.915Z
7135,9204001422,Harouna,Koné,Harouna Koné,M,1992-04-24,+22222141846,harouna.koné974@gmail.com,4,Dakhlet Nouadhibou,STANDARD,,ACTIVE,2023-04-28,2023-12-18T21:29:46.992Z,2023-04-28T06:09:58.966Z,2023-12-18T21:29:46.992Z
7136,7103840373,Vatma,Ndiaye,Vatma Ndiaye,F,1971-02-27,+22234980024,vatma.ndiaye497@outlook.com,3,Nouakchott-Sud,STANDARD,,ACTIVE,2023-06-27,2024-07-15T03:19:00.316Z,2023-06-27T13:12:01.202Z,2024-07-15T03:19:00.316Z
7137,6304744716,Gaoussou,Diagana,Gaoussou Diagana,M,1963-12-25,+22248456016,,4,Dakhlet Nouadhibou,OCCASIONAL,,ACTIVE,2022-07-09,2023-08-25T20:03:48.838Z,2022-07-09T17:36:37.623Z,2023-08-25T20:03:48.838Z
7138,7503329335,Djimé,Touré,Djimé Touré,M,1975-07-17,+22225054011,,3,Nouakchott-Sud,STANDARD,,ACTIVE,2022-05-23,2022-08-05T04:31:56.828Z,2022-05-23T03:56:53.299Z,2022-08-05T04:31:56.828Z
7139,0302828092,Aicha,Mint Vall,Aicha Mint Vall,F,2003-09-21,+22237137384,,2,Nouakchott-Ouest,STANDARD,,ACTIVE,2022-07-28,2024-04-15T01:34:43.806Z,2022-07-28T17:25:01.139Z,2024-04-15T01:34:43.806Z
7140,8512024057,Hawa,Mbow,Hawa Mbow,F,1985-03-07,+22249521012,hawa.mbow396@outlook.com,12,Adrar,DORMANT,,ACTIVE,2024-06-27,2024-09-23T17:32:41.391Z,2024-06-27T16:41:53.320Z,2024-09-23T17:32:41.391Z
7141,9206736171,Tacko,Koné,Tacko Koné,F,1992-09-05,+22223527954,,6,Brakna,ACTIVE,,ACTIVE,2023-05-23,2024-06-06T15:12:11.784Z,2023-05-23T19:55:24.373Z,2024-06-06T15:12:11.784Z
7142,6803420924,Aichetou,Mint Limam,Aichetou Mint Limam,F,1968-02-13,+22225587732,aichetou.mintlimam437@gmail.com,3,Nouakchott-Sud,ACTIVE,,ACTIVE,2023-05-10,2024-04-28T12:12:16.752Z,2023-05-10T08:27:12.574Z,2024-04-28T12:12:16.752Z
7143,8605488515,Bassirou,Koita,Bassirou Koita,M,1986-11-24,+22225818791,,5,Trarza,STANDARD,,ACTIVE,2023-12-19,2024-11-18T11:09:47.818Z,2023-12-19T00:45:23.100Z,2024-11-18T11:09:47.818Z
7144,9306447429,Binta,Diagana,Binta Diagana,F,1993-10-05,+22225217617,,6,Brakna,OCCASIONAL,,ACTIVE,2024-09-29,2024-10-25T00:35:19.195Z,2024-09-29T04:24:41.007Z,2024-10-25T00:35:19.195Z
7145,9002513022,Yacine,Diakité,Yacine Diakité,F,1990-08-19,+22222992366,,2,Nouakchott-Ouest,DORMANT,,ACTIVE,2024-06-01,2024-11-03T14:14:46.306Z,2024-06-01T22:58:19.904Z,2024-11-03T14:14:46.306Z
3169,6003224759,Ahmed Salem,Ould Hadrami,Ahmed Salem Ould Hadrami,M,1960-06-07,+22236370403,ahmedsalem.ouldhadrami78@hotmail.fr,3,Nouakchott-Sud,OCCASIONAL,,CLOSED,2024-04-08,2024-10-22T14:11:05.423Z,2024-04-08T14:40:31.441Z,2024-01-19T00:00:00.000Z
4859,8612222283,El Hacen,Ould Abdallah,El Hacen Ould Abdallah,M,1986-03-17,+22225408457,,12,Adrar,OCCASIONAL,,CLOSED,2024-09-20,2024-12-22T11:58:14.235Z,2024-09-20T15:31:10.099Z,2024-01-19T00:00:00.000Z
719,7208242533,Ely,Sall,Ely Sall,M,1972-06-19,+22243963958,,8,Guidimaka,OCCASIONAL,,CLOSED,2023-11-08,2024-04-02T17:31:14.646Z,2023-11-08T06:16:46.460Z,2024-01-19T00:00:00.000Z
3887,0004009610,Hawa,Mint Hamadi,Hawa Mint Hamadi,F,2000-11-10,+22225113540,hawa.minthamadi319@hotmail.fr,4,Dakhlet Nouadhibou,STANDARD,,CLOSED,2022-12-29,2023-06-11T01:46:05.361Z,2022-12-29T01:53:18.721Z,2024-01-19T00:00:00.000Z
2126,8703255437,Cheikh Sidiya,Fofana,Cheikh Sidiya Fofana,M,1987-06-07,+22222238865,,3,Nouakchott-Sud,STANDARD,,CLOSED,2022-04-22,2024-04-09T01:20:53.906Z,2022-04-22T00:31:34.239Z,2024-01-19T00:00:00.000Z
3987,8815254261,Mbareck,Ould Jiddou,Mbareck Ould Jiddou,M,1988-05-23,+22223709426,,15,Tiris Zemmour,STANDARD,,CLOSED,2022-11-12,2023-07-24T21:49:23.063Z,2022-11-12T21:55:33.484Z,2024-01-19T00:00:00.000Z
330,6103029887,Aichetou,Diakité,Aichetou Diakité,F,1961-09-24,+22224119657,,3,Nouakchott-Sud,DORMANT,,CLOSED,2024-12-22,2024-12-28T14:24:59.468Z,2024-12-22T07:44:36.399Z,2024-01-19T00:00:00.000Z
4046,9102602617,Leila,Mint Mohamed,Leila Mint Mohamed,F,1991-12-16,+22241874455,,2,Nouakchott-Ouest,DORMANT,,CLOSED,2023-04-08,2024-01-27T19:28:38.814Z,2023-04-08T22:49:48.411Z,2024-01-19T00:00:00.000Z
3150,7702188654,N'Dèye,Tall,N'Dèye Tall,F,1977-11-06,+22232827315,,2,Nouakchott-Ouest,OCCASIONAL,,CLOSED,2023-06-19,2024-01-20T00:01:56.701Z,2023-06-19T13:50:51.649Z,2024-01-19T00:00:00.000Z
748,9901110067,Awa,Guèye,Awa Guèye,F,1999-09-12,+22233456516,awa.guèye656@yahoo.fr,1,Nouakchott-Nord,STANDARD,,CLOSED,2023-12-03,2024-11-06T07:35:07.778Z,2023-12-03T04:37:57.191Z,2024-01-19T00:00:00.000Z
2827,7102522111,Cheikhna,Dramé,Cheikhna Dramé,M,1971-03-26,+22243679495,,2,Nouakchott-Ouest,DORMANT,,CLOSED,2023-07-13,2024-09-25T04:09:02.258Z,2023-07-13T18:57:49.985Z,2024-01-19T00:00:00.000Z
48,8304548204,Karamoko,Sy,Karamoko Sy,M,1983-05-16,+22235633140,,4,Dakhlet Nouadhibou,OCCASIONAL,,CLOSED,2024-07-23,2024-09-23T03:50:28.586Z,2024-07-23T06:34:29.764Z,2024-01-19T00:00:00.000Z
3828,9902399988,Malouma,Mint El Mokhtar,Malouma Mint El Mokhtar,F,1999-10-28,+22234054505,,2,Nouakchott-Ouest,ACTIVE,,CLOSED,2023-06-07,2024-10-16T13:22:06.748Z,2023-06-07T00:01:54.440Z,2024-01-19T00:00:00.000Z
4170,7308785738,Kadiatou,Kanouté,Kadiatou Kanouté,F,1973-07-11,+22222777159,,8,Guidimaka,STANDARD,,CLOSED,2024-11-13,2024-12-10T15:59:00.116Z,2024-11-13T06:12:33.935Z,2024-01-19T00:00:00.000Z
3308,7601004468,Brahim,Kouyaté,Brahim Kouyaté,M,1976-02-06,+22225559986,,1,Nouakchott-Nord,OCCASIONAL,,CLOSED,2022-09-07,2023-04-26T13:11:41.691Z,2022-09-07T05:20:46.439Z,2024-01-19T00:00:00.000Z