id,transaction_id,transaction_reference,fee_type,amount,currency,payer_account_id,collector,status,created_at
35479,82259,TX20240207646310,PAY_FEE,345,MRU,2765,MERCHANT,COLLECTED,2024-02-07T13:05:20.867Z
35480,82263,TX20240809490010,WIT_FEE,50,MRU,10296,PLATFORM,COLLECTED,2024-08-09T15:54:33.041Z
35481,82267,TX20241127398185,SAL_FEE,1680,MRU,4040,PLATFORM,COLLECTED,2024-11-27T13:22:58.682Z
35482,82269,TX20240622262768,TRF_FEE,25,MRU,5428,PLATFORM,COLLECTED,2024-06-22T16:05:38.526Z
35483,82272,TX20240221999439,WIT_FEE,50,MRU,1424,PLATFORM,COLLECTED,2024-02-21T06:33:11.557Z
35484,82280,TX20240107154734,WIT_FEE,340,MRU,7617,PLATFORM,COLLECTED,2024-01-07T08:58:12.998Z
35485,82281,TX20240622217407,WIT_FEE,50,MRU,3910,PLATFORM,COLLECTED,2024-06-22T17:00:41.783Z
35486,82285,TX20240820495061,SAL_FEE,2310,MRU,3300,PLATFORM,COLLECTED,2024-08-20T10:49:02.036Z
35487,82292,TX20240111359287,TRF_FEE,50,MRU,3051,PLATFORM,COLLECTED,2024-01-11T20:50:37.767Z
35488,82293,TX20240120136873,WIT_FEE,50,MRU,10483,PLATFORM,COLLECTED,2024-01-20T18:29:01.645Z
35489,82294,TX20240201504301,WIT_FEE,50,MRU,7952,PLATFORM,COLLECTED,2024-02-01T11:21:15.250Z
35490,82295,TX20241002807966,PAY_FEE,21,MRU,7176,MERCHANT,COLLECTED,2024-10-02T08:41:37.824Z
35491,82297,TX20241127038298,TRF_FEE,25,MRU,9342,PLATFORM,COLLECTED,2024-11-27T09:43:08.822Z
35492,82304,TX20240104761846,TRF_FEE,25,MRU,4789,PLATFORM,COLLECTED,2024-01-04T07:24:28.125Z
35493,82309,TX20240425621545,BIL_FEE,100,MRU,188,PLATFORM,COLLECTED,2024-04-25T06:14:01.681Z
35494,82314,TX20240313850726,TRF_FEE,25,MRU,4847,PLATFORM,COLLECTED,2024-03-13T03:56:42.501Z
35495,82315,TX20240917356267,PAY_FEE,56,MRU,2420,MERCHANT,COLLECTED,2024-09-17T20:08:36.446Z
35496,82320,TX20240827818130,WIT_FEE,50,MRU,9771,PLATFORM,COLLECTED,2024-08-27T15:46:42.209Z
35497,82321,TX20240621582163,TRF_FEE,50,MRU,3083,PLATFORM,COLLECTED,2024-06-21T05:42:44.079Z
35498,82329,TX20240123945769,SAL_FEE,835,MRU,10036,PLATFORM,COLLECTED,2024-01-23T20:59:28.611Z
35499,82331,TX20240530468086,TRF_FEE,50,MRU,6072,PLATFORM,COLLECTED,2024-05-30T16:49:36.500Z
35500,82332,TX20240315592581,WIT_FEE,250,MRU,3072,PLATFORM,COLLECTED,2024-03-15T07:14:10.439Z
35501,82335,TX20240409990492,WIT_FEE,53,MRU,8785,PLATFORM,COLLECTED,2024-04-09T09:59:35.978Z
35502,82336,TX20240427876085,PAY_FEE,23,MRU,10418,MERCHANT,COLLECTED,2024-04-27T14:52:10.922Z
35503,82337,TX20240324508829,TRF_FEE,50,MRU,7669,PLATFORM,COLLECTED,2024-03-24T14:46:28.114Z
35504,82340,TX20240810927468,WIT_FEE,290,MRU,8624,PLATFORM,COLLECTED,2024-08-10T14:15:57.968Z
35505,82342,TX20240127472665,WIT_FEE,100,MRU,9223,PLATFORM,COLLECTED,2024-01-27T13:58:39.589Z
35506,82346,TX20240410907750,WIT_FEE,50,MRU,10615,PLATFORM,COLLECTED,2024-04-10T12:58:00.867Z
35507,82354,TX20240503146331,PAY_FEE,72,MRU,9086,MERCHANT,COLLECTED,2024-05-03T08:00:39.226Z
35508,82358,TX20240301093326,WIT_FEE,50,MRU,2931,PLATFORM,COLLECTED,2024-03-01T06:39:23.682Z
35509,82359,TX20240706189857,TRF_FEE,25,MRU,4127,PLATFORM,COLLECTED,2024-07-06T16:55:39.750Z
35510,82362,TX20240418498668,WIT_FEE,100,MRU,6722,PLATFORM,COLLECTED,2024-04-18T15:23:13.971Z
35511,82364,TX20240706319391,PAY_FEE,89,MRU,3153,MERCHANT,COLLECTED,2024-07-06T11:19:04.473Z
35512,82365,TX20241012403632,TRF_FEE,25,MRU,10671,PLATFORM,COLLECTED,2024-10-12T18:21:24.512Z
35513,82366,TX20240928982261,WIT_FEE,50,MRU,7723,PLATFORM,COLLECTED,2024-09-28T03:10:36.948Z
35514,82369,TX20240225945211,TRF_FEE,25,MRU,6374,PLATFORM,COLLECTED,2024-02-25T11:33:50.255Z
35515,82375,TX20241218942582,TRF_FEE,50,MRU,6040,PLATFORM,COLLECTED,2024-12-18T19:57:28.482Z
35516,82376,TX20240118217956,TRF_FEE,10,MRU,5821,PLATFORM,COLLECTED,2024-01-18T14:13:16.642Z
35517,82379,TX20241209974531,WIT_FEE,50,MRU,5253,PLATFORM,COLLECTED,2024-12-09T08:39:13.406Z
35518,82380,TX20240128211374,TRF_FEE,50,MRU,8126,PLATFORM,COLLECTED,2024-01-28T16:20:46.949Z
35519,82382,TX20240803121471,WIT_FEE,50,MRU,5834,PLATFORM,COLLECTED,2024-08-03T14:01:54.844Z
35520,82390,TX20240213313699,PAY_FEE,32,MRU,320,MERCHANT,COLLECTED,2024-02-13T16:30:38.014Z
35521,82392,TX20241220578847,TRF_FEE,25,MRU,3791,PLATFORM,COLLECTED,2024-12-20T18:22:53.910Z
35522,82397,TX20240421556021,TRF_FEE,50,MRU,9153,PLATFORM,COLLECTED,2024-04-21T05:38:00.990Z
35523,82399,TX20240507295703,SAL_FEE,285,MRU,10230,PLATFORM,COLLECTED,2024-05-07T18:14:00.741Z
35524,82408,TX20240624900301,SAL_FEE,1490,MRU,6566,PLATFORM,COLLECTED,2024-06-24T05:28:47.796Z
35525,82416,TX20240119958611,TRF_FEE,25,MRU,6482,PLATFORM,COLLECTED,2024-01-19T18:00:01.568Z
35526,82421,TX20241023272620,TRF_FEE,50,MRU,8131,PLATFORM,COLLECTED,2024-10-23T13:59:19.352Z
35527,82425,TX20240501289194,WIT_FEE,50,MRU,456,PLATFORM,COLLECTED,2024-05-01T14:44:45.487Z
35528,82431,TX20241117416359,WIT_FEE,90,MRU,534,PLATFORM,COLLECTED,2024-11-17T13:10:52.708Z
35529,82433,TX20240704786998,TRF_FEE,10,MRU,6952,PLATFORM,COLLECTED,2024-07-04T06:24:21.328Z
35530,82435,TX20241018638297,TRF_FEE,25,MRU,2432,PLATFORM,COLLECTED,2024-10-18T16:26:10.392Z
35531,82436,TX20240925176538,TRF_FEE,25,MRU,8958,PLATFORM,COLLECTED,2024-09-25T16:40:59.278Z
35532,82438,TX20240810448679,TRF_FEE,25,MRU,8349,PLATFORM,COLLECTED,2024-08-10T18:06:01.651Z
35533,82439,TX20240806957698,TRF_FEE,25,MRU,6554,PLATFORM,COLLECTED,2024-08-06T08:26:33.902Z
35534,82443,TX20240718760158,WIT_FEE,50,MRU,562,PLATFORM,COLLECTED,2024-07-18T05:20:36.054Z
35535,82445,TX20240801915566,PAY_FEE,90,MRU,10023,MERCHANT,COLLECTED,2024-08-01T10:43:09.301Z
35536,82449,TX20240413425966,WIT_FEE,50,MRU,4300,PLATFORM,COLLECTED,2024-04-13T15:50:56.342Z
35537,82450,TX20240722686864,BIL_FEE,100,MRU,829,PLATFORM,COLLECTED,2024-07-22T05:56:41.020Z
35538,82456,TX20241107300051,TRF_FEE,25,MRU,10495,PLATFORM,COLLECTED,2024-11-07T07:38:31.490Z
35539,82457,TX20240221935273,WIT_FEE,50,MRU,8181,PLATFORM,COLLECTED,2024-02-21T19:24:31.045Z
35540,82465,TX20241028129695,TRF_FEE,50,MRU,6163,PLATFORM,COLLECTED,2024-10-28T19:16:23.142Z
35541,82466,TX20240213603567,WIT_FEE,50,MRU,2883,PLATFORM,COLLECTED,2024-02-13T19:00:25.649Z
35542,82468,TX20240622434161,WIT_FEE,50,MRU,3910,PLATFORM,COLLECTED,2024-06-22T17:00:41.783Z
35543,82469,TX20240304447189,PAY_FEE,330,MRU,959,MERCHANT,COLLECTED,2024-03-04T07:30:15.908Z
35544,82471,TX20241114231851,TRF_FEE,25,MRU,10392,PLATFORM,COLLECTED,2024-11-14T13:14:23.145Z
35545,82473,TX20240413167203,TRF_FEE,25,MRU,998,PLATFORM,COLLECTED,2024-04-13T10:30:51.036Z
35546,82475,TX20240206501131,WIT_FEE,50,MRU,10338,PLATFORM,COLLECTED,2024-02-06T06:14:07.197Z
35547,82480,TX20240319136873,SAL_FEE,950,MRU,7547,PLATFORM,COLLECTED,2024-03-19T13:03:09.930Z
35548,82481,TX20240201398221,WIT_FEE,50,MRU,7952,PLATFORM,COLLECTED,2024-02-01T11:21:15.250Z
35549,82484,TX20241127546135,TRF_FEE,25,MRU,9342,PLATFORM,COLLECTED,2024-11-27T09:43:08.822Z
35550,82489,TX20241102272227,TRF_FEE,10,MRU,5746,PLATFORM,COLLECTED,2024-11-02T07:16:18.056Z
35551,82491,TX20240709761846,WIT_FEE,50,MRU,1384,PLATFORM,COLLECTED,2024-07-09T01:04:24.479Z
35552,82495,TX20241013223608,WIT_FEE,50,MRU,6539,PLATFORM,COLLECTED,2024-10-13T08:51:27.800Z
35553,82497,TX20240909581085,WIT_FEE,50,MRU,2630,PLATFORM,COLLECTED,2024-09-09T18:41:51.650Z
35554,82498,TX20240415582350,WIT_FEE,50,MRU,10763,PLATFORM,COLLECTED,2024-04-15T16:34:53.845Z
35555,82499,TX20240824058895,TRF_FEE,25,MRU,4784,PLATFORM,COLLECTED,2024-08-24T08:26:07.619Z
35556,82503,TX20240414397895,WIT_FEE,500,MRU,7046,PLATFORM,COLLECTED,2024-04-14T10:51:29.737Z
35557,82504,TX20240322810768,WIT_FEE,50,MRU,1887,PLATFORM,COLLECTED,2024-03-22T18:31:38.590Z
35558,82514,TX20240516449233,WIT_FEE,50,MRU,7554,PLATFORM,COLLECTED,2024-05-16T05:24:59.540Z
35559,82516,TX20240109122211,BIL_FEE,100,MRU,9223,PLATFORM,COLLECTED,2024-01-09T08:28:43.945Z
35560,82522,TX20241017220301,SAL_FEE,1870,MRU,5605,PLATFORM,COLLECTED,2024-10-17T19:16:42.948Z
35561,82524,TX20240830385806,WIT_FEE,50,MRU,1259,PLATFORM,COLLECTED,2024-08-30T08:36:46.480Z
35562,82532,TX20240617730370,PAY_FEE,38,MRU,1345,MERCHANT,COLLECTED,2024-06-17T01:10:01.694Z
35563,82536,TX20241225846826,TRF_FEE,50,MRU,1131,PLATFORM,COLLECTED,2024-12-25T13:15:54.931Z
35564,82540,TX20240206472021,WIT_FEE,50,MRU,8124,PLATFORM,COLLECTED,2024-02-06T17:02:44.742Z
35565,82541,TX20241027719712,WIT_FEE,50,MRU,2345,PLATFORM,COLLECTED,2024-10-27T16:27:20.635Z
35566,82542,TX20240311471108,WIT_FEE,100,MRU,6639,PLATFORM,COLLECTED,2024-03-11T07:50:56.680Z
35567,82546,TX20241201189857,PAY_FEE,38,MRU,5303,MERCHANT,COLLECTED,2024-12-01T15:45:22.638Z
35568,82549,TX20240721492961,TRF_FEE,25,MRU,2531,PLATFORM,COLLECTED,2024-07-21T08:17:47.395Z
35569,82555,TX20240903791729,WIT_FEE,50,MRU,3706,PLATFORM,COLLECTED,2024-09-03T12:33:10.410Z
35570,82568,TX20240910010405,PAY_FEE,15,MRU,528,MERCHANT,COLLECTED,2024-09-10T14:12:25.197Z
35571,82569,TX20240504874264,WIT_FEE,50,MRU,6514,PLATFORM,COLLECTED,2024-05-04T13:52:51.249Z
35572,82571,TX20240111133528,WIT_FEE,430,MRU,1904,PLATFORM,COLLECTED,2024-01-11T09:22:36.170Z
35573,82573,TX20240624177028,SAL_FEE,2310,MRU,6968,PLATFORM,COLLECTED,2024-06-24T12:47:15.861Z
35574,82574,TX20240408566461,TRF_FEE,50,MRU,9297,PLATFORM,COLLECTED,2024-04-08T14:12:20.372Z
35575,82575,TX20240920676052,PAY_FEE,29,MRU,688,MERCHANT,COLLECTED,2024-09-20T15:52:29.979Z
35576,82576,TX20240211525900,TRF_FEE,25,MRU,3791,PLATFORM,COLLECTED,2024-02-11T08:54:34.979Z
35577,82580,TX20240716274715,WIT_FEE,50,MRU,7666,PLATFORM,COLLECTED,2024-07-16T10:12:12.513Z
35578,82583,TX20240628606899,TRF_FEE,25,MRU,3800,PLATFORM,COLLECTED,2024-06-28T18:05:09.754Z
35579,82589,TX20240528315124,TRF_FEE,25,MRU,6786,PLATFORM,COLLECTED,2024-05-28T08:23:12.813Z
35580,82591,TX20240405371320,WIT_FEE,63,MRU,7694,PLATFORM,COLLECTED,2024-04-05T08:36:11.257Z
35581,82592,TX20240105630057,TRF_FEE,50,MRU,1110,PLATFORM,COLLECTED,2024-01-05T11:46:58.512Z
35582,82595,TX20240119458058,TRF_FEE,50,MRU,6115,PLATFORM,COLLECTED,2024-01-19T12:47:47.594Z
35583,82598,TX20240507843914,PAY_FEE,10,MRU,7769,MERCHANT,COLLECTED,2024-05-07T09:54:16.352Z
35584,82600,TX20241016487935,PAY_FEE,32,MRU,10619,MERCHANT,COLLECTED,2024-10-16T19:59:49.888Z
35585,82604,TX20240611071153,SAL_FEE,1130,MRU,4972,PLATFORM,COLLECTED,2024-06-11T13:28:15.267Z
35586,82605,TX20240801638132,WIT_FEE,50,MRU,514,PLATFORM,COLLECTED,2024-08-01T13:20:54.963Z
35587,82608,TX20241023668588,TRF_FEE,50,MRU,8131,PLATFORM,COLLECTED,2024-10-23T13:59:19.352Z
35588,82609,TX20241128903617,PAY_FEE,27,MRU,2170,MERCHANT,COLLECTED,2024-11-28T05:47:32.997Z
35589,82613,TX20241229635146,WIT_FEE,50,MRU,10945,PLATFORM,COLLECTED,2024-12-29T19:09:01.902Z
35590,82619,TX20240614690416,PAY_FEE,68,MRU,6422,MERCHANT,COLLECTED,2024-06-14T06:30:09.683Z
35591,82620,TX20241014031847,TRF_FEE,10,MRU,5613,PLATFORM,COLLECTED,2024-10-14T08:19:08.673Z
35592,82622,TX20240529095897,WIT_FEE,50,MRU,4811,PLATFORM,COLLECTED,2024-05-29T18:27:47.797Z
35593,82624,TX20240205612062,PAY_FEE,14,MRU,9211,MERCHANT,COLLECTED,2024-02-05T12:22:00.134Z
35594,82625,TX20241216645022,TRF_FEE,50,MRU,9658,PLATFORM,COLLECTED,2024-12-16T15:42:14.899Z
35595,82626,TX20240115662595,TRF_FEE,25,MRU,3261,PLATFORM,COLLECTED,2024-01-15T16:29:37.909Z
35596,82628,TX20240305216582,WIT_FEE,50,MRU,5184,PLATFORM,COLLECTED,2024-03-05T20:16:03.711Z
35597,82629,TX20240611124707,WIT_FEE,50,MRU,7518,PLATFORM,COLLECTED,2024-06-11T16:28:05.332Z
35598,82631,TX20240924512837,TRF_FEE,50,MRU,3538,PLATFORM,COLLECTED,2024-09-24T21:55:53.523Z
35599,82632,TX20240804964333,TRF_FEE,25,MRU,10247,PLATFORM,COLLECTED,2024-08-04T13:39:15.346Z
35600,82634,TX20240216933645,WIT_FEE,50,MRU,7371,PLATFORM,COLLECTED,2024-02-16T16:59:17.124Z
35601,82635,TX20241129081076,TRF_FEE,50,MRU,7334,PLATFORM,COLLECTED,2024-11-29T14:37:24.656Z
35602,82636,TX20240321338191,WIT_FEE,50,MRU,3047,PLATFORM,COLLECTED,2024-03-21T14:11:26.406Z
35603,82637,TX20241204238768,TRF_FEE,50,MRU,6936,PLATFORM,COLLECTED,2024-12-04T15:34:53.780Z
35604,82638,TX20240223443297,TRF_FEE,25,MRU,4777,PLATFORM,COLLECTED,2024-02-23T13:41:19.730Z
35605,82639,TX20240707450182,WIT_FEE,50,MRU,10775,PLATFORM,COLLECTED,2024-07-07T08:40:20.280Z
35606,82640,TX20241108028033,WIT_FEE,50,MRU,7542,PLATFORM,COLLECTED,2024-11-08T10:53:48.130Z
35607,82642,TX20240702646201,TRF_FEE,50,MRU,6445,PLATFORM,COLLECTED,2024-07-02T19:37:22.370Z
35608,82647,TX20240308846836,PAY_FEE,72,MRU,5342,MERCHANT,COLLECTED,2024-03-08T20:47:40.582Z
35609,82651,TX20240414078093,PAY_FEE,20,MRU,3073,MERCHANT,COLLECTED,2024-04-14T13:06:42.418Z
35610,82661,TX20240127802124,TRF_FEE,50,MRU,6052,PLATFORM,COLLECTED,2024-01-27T10:37:12.496Z
35611,82664,TX20240315942915,WIT_FEE,50,MRU,1963,PLATFORM,COLLECTED,2024-03-15T13:44:15.665Z
35612,82665,TX20240301399049,PAY_FEE,69,MRU,2374,MERCHANT,COLLECTED,2024-03-01T20:48:50.858Z
35613,82668,TX20240406398221,WIT_FEE,200,MRU,10030,PLATFORM,COLLECTED,2024-04-06T08:43:32.486Z
35614,82670,TX20241112835086,TRF_FEE,25,MRU,1140,PLATFORM,COLLECTED,2024-11-12T16:04:37.874Z
35615,82671,TX20240220126240,PAY_FEE,90,MRU,5506,MERCHANT,COLLECTED,2024-02-20T17:50:41.550Z
35616,82672,TX20240313938891,WIT_FEE,50,MRU,2239,PLATFORM,COLLECTED,2024-03-13T18:27:28.734Z
35617,82673,TX20241108347132,TRF_FEE,50,MRU,2420,PLATFORM,COLLECTED,2024-11-08T09:45:15.037Z
35618,82677,TX20240118507148,SAL_FEE,1575,MRU,3152,PLATFORM,COLLECTED,2024-01-18T15:06:18.353Z
35619,82678,TX20240709843036,WIT_FEE,50,MRU,1384,PLATFORM,COLLECTED,2024-07-09T01:04:24.479Z
35620,82681,TX20241014038718,TRF_FEE,10,MRU,9366,PLATFORM,COLLECTED,2024-10-14T08:41:21.898Z
35621,82683,TX20240213428147,WIT_FEE,50,MRU,188,PLATFORM,COLLECTED,2024-02-13T09:01:40.017Z
35622,82685,TX20241231845060,WIT_FEE,50,MRU,2200,PLATFORM,COLLECTED,2024-12-31T18:35:32.784Z
35623,82686,TX20240820648528,TRF_FEE,25,MRU,4640,PLATFORM,COLLECTED,2024-08-20T11:47:40.346Z
35624,82688,TX20240313998348,TRF_FEE,25,MRU,4847,PLATFORM,COLLECTED,2024-03-13T03:56:42.501Z
35625,82689,TX20241227029855,PAY_FEE,63,MRU,1358,MERCHANT,COLLECTED,2024-12-27T08:36:26.217Z
35626,82690,TX20240802426621,BIL_FEE,100,MRU,2679,PLATFORM,COLLECTED,2024-08-02T08:05:40.687Z
35627,82691,TX20241225440437,PAY_FEE,57,MRU,1949,MERCHANT,COLLECTED,2024-12-25T10:58:28.447Z
35628,82693,TX20240420564780,TRF_FEE,50,MRU,8303,PLATFORM,COLLECTED,2024-04-20T11:17:43.150Z
35629,82694,TX20240424818130,PAY_FEE,21,MRU,2321,MERCHANT,COLLECTED,2024-04-24T14:45:46.709Z
35630,82695,TX20240621030760,TRF_FEE,50,MRU,3083,PLATFORM,COLLECTED,2024-06-21T05:42:44.079Z
35631,82699,TX20240807276423,TRF_FEE,25,MRU,10311,PLATFORM,COLLECTED,2024-08-07T14:30:10.331Z
35632,82700,TX20240921173562,WIT_FEE,50,MRU,7269,PLATFORM,COLLECTED,2024-09-21T05:07:34.134Z
35633,82708,TX20240623873803,WIT_FEE,50,MRU,2016,PLATFORM,COLLECTED,2024-06-23T13:02:15.358Z
35634,82710,TX20240427209810,PAY_FEE,23,MRU,10418,MERCHANT,COLLECTED,2024-04-27T14:52:10.922Z
35635,82720,TX20240410550762,WIT_FEE,50,MRU,10615,PLATFORM,COLLECTED,2024-04-10T12:58:00.867Z
35636,82728,TX20240323719712,TRF_FEE,10,MRU,7005,PLATFORM,COLLECTED,2024-03-23T17:46:27.343Z
35637,82729,TX20240311819087,WIT_FEE,100,MRU,6639,PLATFORM,COLLECTED,2024-03-11T07:50:56.680Z
35638,82732,TX20240906354007,WIT_FEE,120,MRU,1718,PLATFORM,COLLECTED,2024-09-06T08:11:09.502Z
35639,82733,TX20240516047297,PAY_FEE,17,MRU,1649,MERCHANT,COLLECTED,2024-05-16T14:28:16.489Z
35640,82734,TX20240308104442,WIT_FEE,50,MRU,5369,PLATFORM,COLLECTED,2024-03-08T07:45:08.404Z
35641,82735,TX20240603730936,WIT_FEE,64,MRU,34,PLATFORM,COLLECTED,2024-06-03T16:24:19.720Z
35642,82747,TX20240221207597,WIT_FEE,100,MRU,9400,PLATFORM,COLLECTED,2024-02-21T12:58:02.643Z
35643,82748,TX20241113809810,TRF_FEE,50,MRU,2638,PLATFORM,COLLECTED,2024-11-13T16:06:22.750Z
35644,82755,TX20240820465494,TRF_FEE,10,MRU,7388,PLATFORM,COLLECTED,2024-08-20T07:25:11.048Z
35645,82756,TX20241116290657,TRF_FEE,50,MRU,308,PLATFORM,COLLECTED,2024-11-16T17:14:35.634Z
35646,82758,TX20240111283831,WIT_FEE,430,MRU,1904,PLATFORM,COLLECTED,2024-01-11T09:22:36.170Z
35647,82762,TX20240920893497,PAY_FEE,29,MRU,688,MERCHANT,COLLECTED,2024-09-20T15:52:29.979Z
35648,82766,TX20241130440116,SAL_FEE,1875,MRU,3484,PLATFORM,COLLECTED,2024-11-30T10:53:54.341Z
35649,82770,TX20240628300868,TRF_FEE,25,MRU,3800,PLATFORM,COLLECTED,2024-06-28T18:05:09.754Z
35650,82771,TX20240105027656,TRF_FEE,25,MRU,426,PLATFORM,COLLECTED,2024-01-05T21:49:59.199Z
35651,82776,TX20240902456516,PAY_FEE,615,MRU,4396,MERCHANT,COLLECTED,2024-09-02T11:41:24.231Z
35652,82777,TX20240717474646,WIT_FEE,50,MRU,3025,PLATFORM,COLLECTED,2024-07-17T07:58:10.455Z
35653,82781,TX20240111714286,PAY_FEE,42,MRU,10127,MERCHANT,COLLECTED,2024-01-11T06:51:16.912Z
35654,82783,TX20240506593988,TRF_FEE,25,MRU,8492,PLATFORM,COLLECTED,2024-05-06T12:40:59.548Z
35655,82789,TX20240609101632,PAY_FEE,18,MRU,8910,MERCHANT,COLLECTED,2024-06-09T12:49:22.091Z
35656,82795,TX20240728272620,PAY_FEE,20,MRU,264,MERCHANT,COLLECTED,2024-07-28T21:19:21.737Z
35657,82801,TX20240129389292,PAY_FEE,17,MRU,7233,MERCHANT,COLLECTED,2024-01-29T10:55:57.401Z
35658,82806,TX20240316999292,TRF_FEE,25,MRU,2106,PLATFORM,COLLECTED,2024-03-16T18:47:35.328Z
35659,82807,TX20240206202482,TRF_FEE,25,MRU,2760,PLATFORM,COLLECTED,2024-02-06T11:21:19.630Z
35660,82808,TX20240411458755,TRF_FEE,50,MRU,690,PLATFORM,COLLECTED,2024-04-11T10:30:51.371Z
35661,82809,TX20241018912574,TRF_FEE,25,MRU,2432,PLATFORM,COLLECTED,2024-10-18T16:26:10.392Z
35662,82812,TX20241207173303,TRF_FEE,50,MRU,10194,PLATFORM,COLLECTED,2024-12-07T07:01:39.756Z
35663,82815,TX20240806786898,WIT_FEE,50,MRU,2404,PLATFORM,COLLECTED,2024-08-06T14:08:20.636Z
35664,82817,TX20240117555184,TRF_FEE,25,MRU,1313,PLATFORM,COLLECTED,2024-01-17T10:36:03.051Z
35665,82818,TX20240924562417,TRF_FEE,50,MRU,3538,PLATFORM,COLLECTED,2024-09-24T21:55:53.523Z
35666,82819,TX20240801188363,TRF_FEE,25,MRU,8878,PLATFORM,COLLECTED,2024-08-01T14:15:20.929Z
35667,82820,TX20240131999809,TRF_FEE,25,MRU,8080,PLATFORM,COLLECTED,2024-01-31T10:52:14.046Z
35668,82823,TX20240413071737,WIT_FEE,50,MRU,4300,PLATFORM,COLLECTED,2024-04-13T15:50:56.342Z
35669,82834,TX20240225947138,WIT_FEE,50,MRU,2737,PLATFORM,COLLECTED,2024-02-25T15:16:34.919Z
35670,82835,TX20240903226560,TRF_FEE,25,MRU,8798,PLATFORM,COLLECTED,2024-09-03T09:50:41.988Z
35671,82837,TX20240313558116,WIT_FEE,50,MRU,9075,PLATFORM,COLLECTED,2024-03-13T07:15:39.682Z
35672,82838,TX20240216170878,TRF_FEE,25,MRU,2593,PLATFORM,COLLECTED,2024-02-16T07:32:15.092Z
35673,82842,TX20240619437575,TRF_FEE,25,MRU,1048,PLATFORM,COLLECTED,2024-06-19T07:07:50.394Z
35674,82844,TX20240912048464,TRF_FEE,25,MRU,1322,PLATFORM,COLLECTED,2024-09-12T10:32:07.347Z
35675,82845,TX20240412166691,PAY_FEE,17,MRU,1803,MERCHANT,COLLECTED,2024-04-12T13:58:45.783Z
35676,82847,TX20241011208069,PAY_FEE,6,MRU,1767,MERCHANT,COLLECTED,2024-10-11T15:47:37.091Z
35677,82848,TX20240104937608,TRF_FEE,10,MRU,503,PLATFORM,COLLECTED,2024-01-04T17:55:04.946Z
35678,82853,TX20240120500492,WIT_FEE,50,MRU,10483,PLATFORM,COLLECTED,2024-01-20T18:29:01.645Z
35679,82857,TX20241127032835,TRF_FEE,25,MRU,9342,PLATFORM,COLLECTED,2024-11-27T09:43:08.822Z
35680,82858,TX20240510601104,PAY_FEE,150,MRU,8094,MERCHANT,COLLECTED,2024-05-10T07:54:27.476Z
35681,82862,TX20241102519569,TRF_FEE,10,MRU,5746,PLATFORM,COLLECTED,2024-11-02T07:16:18.056Z
35682,82867,TX20240906153707,WIT_FEE,50,MRU,5885,PLATFORM,COLLECTED,2024-09-06T09:53:50.223Z
35683,82868,TX20241107976788,WIT_FEE,50,MRU,2890,PLATFORM,COLLECTED,2024-11-07T12:48:35.858Z
35684,82869,TX20240213288668,WIT_FEE,50,MRU,188,PLATFORM,COLLECTED,2024-02-13T09:01:40.017Z
35685,82875,TX20240320751123,TRF_FEE,50,MRU,5786,PLATFORM,COLLECTED,2024-03-20T07:43:50.980Z
35686,82876,TX20240402527596,WIT_FEE,50,MRU,10434,PLATFORM,COLLECTED,2024-04-02T08:41:01.458Z
35687,82877,TX20241216801292,PAY_FEE,35,MRU,7954,MERCHANT,COLLECTED,2024-12-16T09:56:42.521Z
35688,82878,TX20241114662294,WIT_FEE,50,MRU,10554,PLATFORM,COLLECTED,2024-11-14T17:20:57.883Z
35689,82882,TX20240104863504,PAY_FEE,11,MRU,10234,MERCHANT,COLLECTED,2024-01-04T10:51:13.147Z
35690,82883,TX20241120763115,TRF_FEE,50,MRU,4625,PLATFORM,COLLECTED,2024-11-20T10:11:26.824Z
35691,82894,TX20240510303475,WIT_FEE,50,MRU,10435,PLATFORM,COLLECTED,2024-05-10T07:01:26.650Z
35692,82897,TX20240413249357,TRF_FEE,25,MRU,5318,PLATFORM,COLLECTED,2024-04-13T14:13:36.782Z
35693,82898,TX20240922984410,WIT_FEE,200,MRU,5267,PLATFORM,COLLECTED,2024-09-22T20:07:54.235Z
35694,82902,TX20240407605568,TRF_FEE,25,MRU,6523,PLATFORM,COLLECTED,2024-04-07T06:31:58.656Z
35695,82904,TX20240829315470,TRF_FEE,50,MRU,8462,PLATFORM,COLLECTED,2024-08-29T07:00:01.733Z
35696,82914,TX20240423949001,WIT_FEE,50,MRU,8482,PLATFORM,COLLECTED,2024-04-22T22:39:13.823Z
35697,82916,TX20240312518061,TRF_FEE,25,MRU,5478,PLATFORM,COLLECTED,2024-03-12T09:57:43.460Z
35698,82918,TX20240406354007,TRF_FEE,25,MRU,8092,PLATFORM,COLLECTED,2024-04-06T07:09:30.155Z
35699,82919,TX20240516167197,PAY_FEE,17,MRU,1649,MERCHANT,COLLECTED,2024-05-16T14:28:16.489Z
35700,82922,TX20240810498668,SAL_FEE,1425,MRU,10607,PLATFORM,COLLECTED,2024-08-10T09:37:50.754Z
35701,82924,TX20240616912981,TRF_FEE,25,MRU,1326,PLATFORM,COLLECTED,2024-06-16T09:04:28.284Z
35702,82930,TX20240721598592,PAY_FEE,165,MRU,7438,MERCHANT,COLLECTED,2024-07-21T13:55:41.465Z
35703,82939,TX20240212874551,TRF_FEE,25,MRU,10380,PLATFORM,COLLECTED,2024-02-12T15:25:35.373Z
35704,82940,TX20240107930431,TRF_FEE,25,MRU,4670,PLATFORM,COLLECTED,2024-01-07T11:16:18.526Z
35705,82941,TX20240910072163,PAY_FEE,15,MRU,528,MERCHANT,COLLECTED,2024-09-10T14:12:25.197Z
35706,82942,TX20240816828506,WIT_FEE,200,MRU,6991,PLATFORM,COLLECTED,2024-08-16T17:51:14.589Z
35707,82946,TX20240106847001,TRF_FEE,50,MRU,5638,PLATFORM,COLLECTED,2024-01-06T13:34:04.835Z
35708,82948,TX20241123996023,PAY_FEE,660,MRU,7941,MERCHANT,COLLECTED,2024-11-23T10:48:07.740Z
35709,82952,TX20241130578847,SAL_FEE,1875,MRU,3484,PLATFORM,COLLECTED,2024-11-30T10:53:54.341Z
35710,82955,TX20241119643665,TRF_FEE,50,MRU,6731,PLATFORM,COLLECTED,2024-11-19T16:38:16.896Z
35711,82959,TX20240507699158,SAL_FEE,285,MRU,10230,PLATFORM,COLLECTED,2024-05-07T18:14:00.741Z
35712,82964,TX20240310077688,TRF_FEE,25,MRU,3771,PLATFORM,COLLECTED,2024-03-10T09:41:48.116Z
35713,82968,TX20240804402847,PAY_FEE,33,MRU,8499,MERCHANT,COLLECTED,2024-08-04T12:57:54.605Z
35714,82969,TX20240717480851,WIT_FEE,50,MRU,6184,PLATFORM,COLLECTED,2024-07-17T14:59:32.769Z
35715,82971,TX20240507747879,PAY_FEE,10,MRU,7769,MERCHANT,COLLECTED,2024-05-07T09:54:16.352Z
35716,82975,TX20240609378165,PAY_FEE,18,MRU,8910,MERCHANT,COLLECTED,2024-06-09T12:49:22.091Z
35717,82977,TX20241025932247,PAY_FEE,36,MRU,2789,MERCHANT,COLLECTED,2024-10-25T19:26:34.481Z
35718,82985,TX20240621078069,SAL_FEE,1955,MRU,8168,PLATFORM,COLLECTED,2024-06-21T07:18:20.687Z
35719,82991,TX20241117787868,WIT_FEE,50,MRU,534,PLATFORM,COLLECTED,2024-11-17T13:10:52.708Z
35720,82993,TX20240206034875,TRF_FEE,25,MRU,2760,PLATFORM,COLLECTED,2024-02-06T11:21:19.630Z
35721,82996,TX20240904176538,PAY_FEE,125,MRU,5755,MERCHANT,COLLECTED,2024-09-04T20:16:48.514Z
35722,83001,TX20240912786898,TRF_FEE,50,MRU,5502,PLATFORM,COLLECTED,2024-09-12T07:20:38.216Z
35723,83004,TX20241229816288,PAY_FEE,20,MRU,556,MERCHANT,COLLECTED,2024-12-29T19:53:31.319Z
35724,83010,TX20241026238768,TRF_FEE,50,MRU,6350,PLATFORM,COLLECTED,2024-10-26T13:36:55.642Z
35725,83011,TX20240223157359,TRF_FEE,25,MRU,4777,PLATFORM,COLLECTED,2024-02-23T13:41:19.730Z
35726,83015,TX20241230040573,PAY_FEE,72,MRU,4723,MERCHANT,COLLECTED,2024-12-30T12:15:45.549Z
35727,83016,TX20240501351811,WIT_FEE,50,MRU,8493,PLATFORM,COLLECTED,2024-05-01T06:39:14.531Z
35728,83022,TX20240611716538,WIT_FEE,50,MRU,6448,PLATFORM,COLLECTED,2024-06-11T06:24:58.791Z
35729,83024,TX20240815607319,WIT_FEE,50,MRU,4584,PLATFORM,COLLECTED,2024-08-15T06:42:25.277Z
35730,83026,TX20240825417854,TRF_FEE,50,MRU,4177,PLATFORM,COLLECTED,2024-08-25T09:34:50.041Z
35731,83027,TX20241222634311,TRF_FEE,50,MRU,693,PLATFORM,COLLECTED,2024-12-22T16:15:28.822Z
35732,83029,TX20240227381390,WIT_FEE,270,MRU,1149,PLATFORM,COLLECTED,2024-02-27T16:20:11.091Z
35733,83038,TX20240730684704,SAL_FEE,1485,MRU,742,PLATFORM,COLLECTED,2024-07-30T18:50:57.146Z
35734,83039,TX20240815634884,PAY_FEE,60,MRU,4500,MERCHANT,COLLECTED,2024-08-15T15:16:18.045Z
35735,83046,TX20240813440009,TRF_FEE,25,MRU,10134,PLATFORM,COLLECTED,2024-08-13T08:27:36.113Z
35736,83049,TX20241102042593,TRF_FEE,10,MRU,5746,PLATFORM,COLLECTED,2024-11-02T07:16:18.056Z
35737,83053,TX20241004422311,PAY_FEE,32,MRU,4662,MERCHANT,COLLECTED,2024-10-04T15:40:24.453Z
35738,83054,TX20241014153707,TRF_FEE,10,MRU,9366,PLATFORM,COLLECTED,2024-10-14T08:41:21.898Z
35739,83055,TX20241107210332,WIT_FEE,50,MRU,2890,PLATFORM,COLLECTED,2024-11-07T12:48:35.858Z
35740,83059,TX20240820222187,TRF_FEE,25,MRU,4640,PLATFORM,COLLECTED,2024-08-20T11:47:40.346Z
35741,83062,TX20240320956539,TRF_FEE,50,MRU,5786,PLATFORM,COLLECTED,2024-03-20T07:43:50.980Z
35742,83063,TX20240408738777,WIT_FEE,50,MRU,8615,PLATFORM,COLLECTED,2024-04-08T14:01:27.946Z
35743,83065,TX20241107409043,PAY_FEE,1050,MRU,3838,MERCHANT,COLLECTED,2024-11-07T10:57:53.957Z
35744,83071,TX20241120554963,WIT_FEE,50,MRU,2350,PLATFORM,COLLECTED,2024-11-20T14:25:45.808Z
35745,83081,TX20240510348745,WIT_FEE,50,MRU,10435,PLATFORM,COLLECTED,2024-05-10T07:01:26.650Z
35746,83082,TX20240913741273,WIT_FEE,50,MRU,1352,PLATFORM,COLLECTED,2024-09-13T18:30:43.316Z
35747,83087,TX20240406604909,TRF_FEE,25,MRU,6409,PLATFORM,COLLECTED,2024-04-06T18:58:46.943Z
35748,83089,TX20240421794610,WIT_FEE,300,MRU,10780,PLATFORM,COLLECTED,2024-04-21T10:15:04.526Z
35749,83091,TX20240217379427,TRF_FEE,25,MRU,17,PLATFORM,COLLECTED,2024-02-17T12:33:39.184Z
35750,83093,TX20240410152223,WIT_FEE,50,MRU,10615,PLATFORM,COLLECTED,2024-04-10T12:58:00.867Z
35751,83098,TX20240805770771,SAL_FEE,760,MRU,9597,PLATFORM,COLLECTED,2024-08-05T16:53:58.843Z
35752,83106,TX20240516978864,PAY_FEE,17,MRU,1649,MERCHANT,COLLECTED,2024-05-16T14:28:16.489Z
35753,83111,TX20240430365217,TRF_FEE,25,MRU,1553,PLATFORM,COLLECTED,2024-04-30T06:28:17.120Z
35754,83112,TX20241210545035,PAY_FEE,18,MRU,8437,MERCHANT,COLLECTED,2024-12-10T10:24:30.968Z
35755,83115,TX20240903213153,WIT_FEE,50,MRU,3706,PLATFORM,COLLECTED,2024-09-03T12:33:10.410Z
35756,83117,TX20240721549006,PAY_FEE,165,MRU,7438,MERCHANT,COLLECTED,2024-07-21T13:55:41.465Z
35757,83118,TX20240828619474,TRF_FEE,25,MRU,7499,PLATFORM,COLLECTED,2024-08-28T09:38:46.023Z
35758,83120,TX20240221394071,WIT_FEE,100,MRU,9400,PLATFORM,COLLECTED,2024-02-21T12:58:02.643Z
35759,83122,TX20240725230097,WIT_FEE,50,MRU,5342,PLATFORM,COLLECTED,2024-07-25T19:57:57.475Z
35760,83126,TX20241209574331,WIT_FEE,50,MRU,5253,PLATFORM,COLLECTED,2024-12-09T08:39:13.406Z
35761,83131,TX20240219939595,PAY_FEE,4,MRU,4506,MERCHANT,COLLECTED,2024-02-19T14:05:24.271Z
35762,83136,TX20240624302913,WIT_FEE,50,MRU,9071,PLATFORM,COLLECTED,2024-06-24T14:09:47.794Z
35763,83140,TX20240607260797,TRF_FEE,50,MRU,2887,PLATFORM,COLLECTED,2024-06-07T07:12:30.695Z
35764,83142,TX20241119269972,TRF_FEE,50,MRU,6731,PLATFORM,COLLECTED,2024-11-19T16:38:16.896Z
35765,83144,TX20240122188270,WIT_FEE,50,MRU,10843,PLATFORM,COLLECTED,2024-01-22T15:00:59.829Z
35766,83145,TX20240205085010,TRF_FEE,50,MRU,1300,PLATFORM,COLLECTED,2024-02-05T13:45:27.707Z
35767,83146,TX20240507932861,SAL_FEE,285,MRU,10230,PLATFORM,COLLECTED,2024-05-07T18:14:00.741Z
35768,83150,TX20240717216840,WIT_FEE,50,MRU,3025,PLATFORM,COLLECTED,2024-07-17T07:58:10.455Z
35769,83151,TX20241021797999,TRF_FEE,25,MRU,10900,PLATFORM,COLLECTED,2024-10-21T06:20:53.502Z
35770,83154,TX20240111736173,PAY_FEE,42,MRU,10127,MERCHANT,COLLECTED,2024-01-11T06:51:16.912Z
35771,83162,TX20240714153248,TRF_FEE,50,MRU,40,PLATFORM,COLLECTED,2024-07-14T16:22:05.806Z
35772,83168,TX20240228454828,WIT_FEE,200,MRU,3522,PLATFORM,COLLECTED,2024-02-28T12:48:34.994Z
35773,83172,TX20240621204377,SAL_FEE,1955,MRU,8168,PLATFORM,COLLECTED,2024-06-21T07:18:20.687Z
35774,83181,TX20241230434041,WIT_FEE,50,MRU,9555,PLATFORM,COLLECTED,2024-12-30T15:16:26.501Z
35775,83184,TX20240423517605,WIT_FEE,50,MRU,7468,PLATFORM,COLLECTED,2024-04-23T05:35:21.612Z
35776,83185,TX20241207067929,TRF_FEE,50,MRU,10194,PLATFORM,COLLECTED,2024-12-07T07:01:39.756Z
35777,83186,TX20240613957698,WIT_FEE,50,MRU,7308,PLATFORM,COLLECTED,2024-06-13T13:54:35.742Z
35778,83191,TX20240924669528,TRF_FEE,50,MRU,3538,PLATFORM,COLLECTED,2024-09-24T21:55:53.523Z
35779,83193,TX20241202693782,PAY_FEE,41,MRU,7982,MERCHANT,COLLECTED,2024-12-02T22:13:52.886Z
35780,83195,TX20240903687623,PAY_FEE,102,MRU,4542,MERCHANT,COLLECTED,2024-09-03T12:54:37.631Z
35781,83199,TX20240412635959,WIT_FEE,50,MRU,5680,PLATFORM,COLLECTED,2024-04-12T19:56:20.206Z
35782,83204,TX20240906123606,WIT_FEE,200,MRU,7824,PLATFORM,COLLECTED,2024-09-06T08:16:54.724Z
35783,83207,TX20240619625259,PAY_FEE,38,MRU,7400,MERCHANT,COLLECTED,2024-06-19T16:11:58.791Z
35784,83208,TX20240820000009,WIT_FEE,50,MRU,9371,PLATFORM,COLLECTED,2024-08-20T20:22:09.200Z
35785,83213,TX20240819417854,PAY_FEE,146,MRU,454,MERCHANT,COLLECTED,2024-08-19T14:20:34.838Z
35786,83214,TX20241222674062,TRF_FEE,50,MRU,693,PLATFORM,COLLECTED,2024-12-22T16:15:28.822Z
35787,83218,TX20240731194455,PAY_FEE,41,MRU,8470,MERCHANT,COLLECTED,2024-07-31T13:36:06.454Z
35788,83220,TX20240413554965,TRF_FEE,25,MRU,998,PLATFORM,COLLECTED,2024-04-13T10:30:51.036Z
35789,83221,TX20240806336421,WIT_FEE,50,MRU,5499,PLATFORM,COLLECTED,2024-08-06T06:20:37.208Z
35790,83224,TX20240315449323,WIT_FEE,50,MRU,1963,PLATFORM,COLLECTED,2024-03-15T13:44:15.665Z
35791,83228,TX20240201253952,WIT_FEE,50,MRU,7952,PLATFORM,COLLECTED,2024-02-01T11:21:15.250Z
35792,83231,TX20241127126240,TRF_FEE,25,MRU,9342,PLATFORM,COLLECTED,2024-11-27T09:43:08.822Z
35793,83232,TX20240313444934,WIT_FEE,50,MRU,2239,PLATFORM,COLLECTED,2024-03-13T18:27:28.734Z
35794,83236,TX20240129272227,PAY_FEE,23,MRU,2337,MERCHANT,COLLECTED,2024-01-29T09:18:03.519Z
35795,83238,TX20240104843036,TRF_FEE,25,MRU,4789,PLATFORM,COLLECTED,2024-01-04T07:24:28.125Z
35796,83241,TX20240906559471,WIT_FEE,50,MRU,5885,PLATFORM,COLLECTED,2024-09-06T09:53:50.223Z
35797,83242,TX20240617210332,PAY_FEE,18,MRU,6188,MERCHANT,COLLECTED,2024-06-17T16:35:51.260Z
35798,83246,TX20240820447789,TRF_FEE,25,MRU,4640,PLATFORM,COLLECTED,2024-08-20T11:47:40.346Z
35799,83247,TX20240221624467,TRF_FEE,25,MRU,5670,PLATFORM,COLLECTED,2024-02-21T18:22:06.323Z
35800,83250,TX20240408527596,WIT_FEE,50,MRU,8615,PLATFORM,COLLECTED,2024-04-08T14:01:27.946Z
35801,83251,TX20241216787422,PAY_FEE,35,MRU,7954,MERCHANT,COLLECTED,2024-12-16T09:56:42.521Z
35802,83252,TX20241107639045,PAY_FEE,1050,MRU,3838,MERCHANT,COLLECTED,2024-11-07T10:57:53.957Z
35803,83254,TX20240323471428,WIT_FEE,50,MRU,5122,PLATFORM,COLLECTED,2024-03-23T14:55:35.306Z
35804,83259,TX20240725494362,TRF_FEE,25,MRU,5738,PLATFORM,COLLECTED,2024-07-25T15:30:56.319Z
35805,83261,TX20240516989736,WIT_FEE,50,MRU,7554,PLATFORM,COLLECTED,2024-05-16T05:24:59.540Z
35806,83268,TX20240722917695,TRF_FEE,25,MRU,311,PLATFORM,COLLECTED,2024-07-22T05:15:21.181Z
35807,83271,TX20240324807794,TRF_FEE,50,MRU,7669,PLATFORM,COLLECTED,2024-03-24T14:46:28.114Z
35808,83273,TX20241205337846,TRF_FEE,10,MRU,8206,PLATFORM,COLLECTED,2024-12-05T10:04:35.598Z
35809,83291,TX20241120302853,WIT_FEE,50,MRU,1430,PLATFORM,COLLECTED,2024-11-20T14:20:56.860Z
35810,83293,TX20240821894930,WIT_FEE,50,MRU,6396,PLATFORM,COLLECTED,2024-08-21T11:16:29.149Z
35811,83296,TX20241220233916,WIT_FEE,110,MRU,8325,PLATFORM,COLLECTED,2024-12-20T14:20:37.834Z
35812,83304,TX20240818549006,TRF_FEE,25,MRU,1839,PLATFORM,COLLECTED,2024-08-18T18:41:27.674Z
35813,83305,TX20240828749280,TRF_FEE,25,MRU,7499,PLATFORM,COLLECTED,2024-08-28T09:38:46.023Z
35814,83307,TX20240405730065,PAY_FEE,20,MRU,8129,MERCHANT,COLLECTED,2024-04-05T13:05:57.324Z
35815,83309,TX20240625572760,TRF_FEE,50,MRU,3744,PLATFORM,COLLECTED,2024-06-25T12:11:11.214Z
35816,83310,TX20240822251567,WIT_FEE,50,MRU,5350,PLATFORM,COLLECTED,2024-08-22T12:13:34.703Z
35817,83311,TX20240712743511,WIT_FEE,50,MRU,5895,PLATFORM,COLLECTED,2024-07-12T05:50:29.522Z
35818,83314,TX20240218566496,WIT_FEE,69,MRU,10262,PLATFORM,COLLECTED,2024-02-18T16:01:32.849Z
35819,83316,TX20241018960331,PAY_FEE,24,MRU,9370,MERCHANT,COLLECTED,2024-10-18T15:02:44.586Z
35820,83322,TX20241124646424,TRF_FEE,25,MRU,5945,PLATFORM,COLLECTED,2024-11-24T14:43:59.702Z
35821,83326,TX20241123440116,WIT_FEE,97,MRU,5534,PLATFORM,COLLECTED,2024-11-23T18:20:18.722Z
35822,83330,TX20240713300868,TRF_FEE,10,MRU,8321,PLATFORM,COLLECTED,2024-07-13T11:55:05.152Z
35823,83331,TX20240105908469,TRF_FEE,25,MRU,426,PLATFORM,COLLECTED,2024-01-05T21:49:59.199Z
35824,83332,TX20240703678827,TRF_FEE,50,MRU,7796,PLATFORM,COLLECTED,2024-07-03T06:30:45.457Z
35825,83333,TX20241205512556,WIT_FEE,50,MRU,172,PLATFORM,COLLECTED,2024-12-05T09:00:44.927Z
35826,83338,TX20240413960581,WIT_FEE,50,MRU,8904,PLATFORM,COLLECTED,2024-04-13T13:11:15.698Z
35827,83340,TX20240110684038,WIT_FEE,50,MRU,8174,PLATFORM,COLLECTED,2024-01-10T11:01:23.571Z
35828,83349,TX20240609921801,PAY_FEE,18,MRU,8910,MERCHANT,COLLECTED,2024-06-09T12:49:22.091Z
35829,83357,TX20241004462302,WIT_FEE,50,MRU,10454,PLATFORM,COLLECTED,2024-10-04T03:55:57.633Z
35830,83363,TX20241116973814,WIT_FEE,50,MRU,3943,PLATFORM,COLLECTED,2024-11-16T07:26:23.023Z
35831,83370,TX20240708597752,TRF_FEE,50,MRU,1839,PLATFORM,COLLECTED,2024-07-08T16:23:52.687Z
35832,83375,TX20240806688458,WIT_FEE,50,MRU,2404,PLATFORM,COLLECTED,2024-08-06T14:08:20.636Z
35833,83383,TX20240527912464,TRF_FEE,50,MRU,2459,PLATFORM,COLLECTED,2024-05-27T15:07:54.234Z
35834,83385,TX20240819157359,TRF_FEE,25,MRU,8057,PLATFORM,COLLECTED,2024-08-19T07:31:41.323Z
35835,83390,TX20240209460144,WIT_FEE,50,MRU,1593,PLATFORM,COLLECTED,2024-02-09T15:14:31.769Z
35836,83391,TX20241130317548,WIT_FEE,200,MRU,8198,PLATFORM,COLLECTED,2024-11-30T16:42:24.784Z
35837,83392,TX20240528324957,TRF_FEE,25,MRU,5418,PLATFORM,COLLECTED,2024-05-28T15:24:46.419Z
35838,83394,TX20240901325035,PAY_FEE,420,MRU,10024,MERCHANT,COLLECTED,2024-09-01T13:28:15.962Z
35839,83397,TX20240416091830,TRF_FEE,50,MRU,4503,PLATFORM,COLLECTED,2024-04-16T07:51:02.983Z
35840,83398,TX20240414607319,PAY_FEE,20,MRU,3073,MERCHANT,COLLECTED,2024-04-14T13:06:42.418Z
35841,83401,TX20240921691085,SAL_FEE,520,MRU,3519,PLATFORM,COLLECTED,2024-09-21T08:28:49.063Z
35842,83404,TX20240608225442,PAY_FEE,56,MRU,901,MERCHANT,COLLECTED,2024-06-08T07:04:47.922Z
35843,83408,TX20241211433448,TRF_FEE,50,MRU,4342,PLATFORM,COLLECTED,2024-12-11T21:09:03.231Z
35844,83409,TX20240803109723,SAL_FEE,775,MRU,692,PLATFORM,COLLECTED,2024-08-03T07:00:13.100Z
35845,83412,TX20241205472015,TRF_FEE,10,MRU,6071,PLATFORM,COLLECTED,2024-12-05T17:57:08.067Z
35846,83419,TX20241201601104,WIT_FEE,50,MRU,9992,PLATFORM,COLLECTED,2024-12-01T15:45:21.198Z
35847,83422,TX20241215915801,BIL_FEE,100,MRU,120,PLATFORM,COLLECTED,2024-12-15T20:50:04.830Z
35848,83427,TX20241004052938,PAY_FEE,32,MRU,4662,MERCHANT,COLLECTED,2024-10-04T15:40:24.453Z
35849,83432,TX20241231977354,WIT_FEE,50,MRU,2200,PLATFORM,COLLECTED,2024-12-31T18:35:32.784Z
35850,83433,TX20240626447789,TRF_FEE,25,MRU,10382,PLATFORM,COLLECTED,2024-06-26T15:40:20.418Z
35851,83434,TX20240221418158,TRF_FEE,25,MRU,5670,PLATFORM,COLLECTED,2024-02-21T18:22:06.323Z
35852,83436,TX20240320232211,TRF_FEE,50,MRU,5786,PLATFORM,COLLECTED,2024-03-20T07:43:50.980Z
35853,83437,TX20240908027944,WIT_FEE,330,MRU,2508,PLATFORM,COLLECTED,2024-09-08T04:27:56.780Z
35854,83439,TX20241107022295,PAY_FEE,1050,MRU,3838,MERCHANT,COLLECTED,2024-11-07T10:57:53.957Z
35855,83444,TX20241120354049,TRF_FEE,50,MRU,4625,PLATFORM,COLLECTED,2024-11-20T10:11:26.824Z
35856,83446,TX20240725401955,TRF_FEE,25,MRU,5738,PLATFORM,COLLECTED,2024-07-25T15:30:56.319Z
35857,83453,TX20241211177296,WIT_FEE,50,MRU,560,PLATFORM,COLLECTED,2024-12-11T13:34:37.152Z
35858,83456,TX20240913207157,WIT_FEE,50,MRU,1352,PLATFORM,COLLECTED,2024-09-13T18:30:43.316Z
35859,83461,TX20241213057525,WIT_FEE,50,MRU,1528,PLATFORM,COLLECTED,2024-12-13T20:46:56.579Z
35860,83462,TX20241108062648,TRF_FEE,25,MRU,736,PLATFORM,COLLECTED,2024-11-08T07:43:46.670Z
35861,83463,TX20240127348323,WIT_FEE,100,MRU,9223,PLATFORM,COLLECTED,2024-01-27T13:58:39.589Z
35862,83467,TX20240410942962,WIT_FEE,50,MRU,10615,PLATFORM,COLLECTED,2024-04-10T12:58:00.867Z
35863,83470,TX20240122006109,WIT_FEE,56,MRU,10085,PLATFORM,COLLECTED,2024-01-22T11:59:32.263Z
35864,83471,TX20240419377488,PAY_FEE,41,MRU,7291,MERCHANT,COLLECTED,2024-04-19T03:12:44.472Z
35865,83473,TX20240516792211,TRF_FEE,50,MRU,3630,PLATFORM,COLLECTED,2024-05-16T06:52:08.892Z
35866,83480,TX20240624651471,TRF_FEE,50,MRU,2071,PLATFORM,COLLECTED,2024-06-24T08:29:08.578Z
35867,83485,TX20240817822593,BIL_FEE,100,MRU,301,PLATFORM,COLLECTED,2024-08-17T13:51:23.043Z
35868,83489,TX20240903989633,WIT_FEE,50,MRU,3706,PLATFORM,COLLECTED,2024-09-03T12:33:10.410Z
35869,83492,TX20240828267618,TRF_FEE,25,MRU,7499,PLATFORM,COLLECTED,2024-08-28T09:38:46.023Z
35870,83494,TX20240114901112,SAL_FEE,2405,MRU,1038,PLATFORM,COLLECTED,2024-01-14T15:51:15.573Z
35871,83502,TX20240820553490,TRF_FEE,10,MRU,7388,PLATFORM,COLLECTED,2024-08-20T07:25:11.048Z
35872,83506,TX20241107156686,TRF_FEE,50,MRU,6990,PLATFORM,COLLECTED,2024-11-07T11:10:48.724Z
35873,83509,TX20240920150114,PAY_FEE,29,MRU,688,MERCHANT,COLLECTED,2024-09-20T15:52:29.979Z
35874,83512,TX20241215725185,TRF_FEE,25,MRU,3343,PLATFORM,COLLECTED,2024-12-15T18:48:41.866Z
35875,83513,TX20240701117453,PAY_FEE,24,MRU,9389,MERCHANT,COLLECTED,2024-07-01T15:29:46.930Z
35876,83514,TX20240202661959,WIT_FEE,200,MRU,4851,PLATFORM,COLLECTED,2024-02-02T12:25:05.981Z
35877,83517,TX20240628497410,TRF_FEE,25,MRU,3800,PLATFORM,COLLECTED,2024-06-28T18:05:09.754Z
35878,83520,TX20241205584686,WIT_FEE,50,MRU,172,PLATFORM,COLLECTED,2024-12-05T09:00:44.927Z
35879,83523,TX20240910315124,TRF_FEE,25,MRU,8984,PLATFORM,COLLECTED,2024-09-10T10:13:23.209Z
35880,83527,TX20240419521012,TRF_FEE,25,MRU,6324,PLATFORM,COLLECTED,2024-04-19T04:25:01.384Z
35881,83534,TX20241016992208,PAY_FEE,32,MRU,10619,MERCHANT,COLLECTED,2024-10-16T19:59:49.888Z
35882,83538,TX20241025071153,PAY_FEE,36,MRU,2789,MERCHANT,COLLECTED,2024-10-25T19:26:34.481Z
35883,83548,TX20241219389292,PAY_FEE,20,MRU,10226,MERCHANT,COLLECTED,2024-12-19T08:52:04.381Z
35884,83551,TX20240417348466,SAL_FEE,980,MRU,10828,PLATFORM,COLLECTED,2024-04-17T16:37:44.867Z
35885,83554,TX20240704202482,TRF_FEE,10,MRU,6952,PLATFORM,COLLECTED,2024-07-04T06:24:21.328Z
35886,83555,TX20240411434041,TRF_FEE,50,MRU,690,PLATFORM,COLLECTED,2024-04-11T10:30:51.371Z
35887,83557,TX20240904197206,PAY_FEE,125,MRU,5755,MERCHANT,COLLECTED,2024-09-04T20:16:48.514Z
35888,83558,TX20240423846282,WIT_FEE,50,MRU,7468,PLATFORM,COLLECTED,2024-04-23T05:35:21.612Z
35889,83560,TX20240806810962,TRF_FEE,25,MRU,6554,PLATFORM,COLLECTED,2024-08-06T08:26:33.902Z
35890,83561,TX20240811499500,PAY_FEE,26,MRU,6967,MERCHANT,COLLECTED,2024-08-11T07:05:07.330Z
35891,83566,TX20240831908770,PAY_FEE,137,MRU,6471,MERCHANT,COLLECTED,2024-08-31T17:51:38.593Z
35892,83569,TX20240903880995,PAY_FEE,102,MRU,4542,MERCHANT,COLLECTED,2024-09-03T12:54:37.631Z
35893,83572,TX20240819071927,TRF_FEE,25,MRU,8057,PLATFORM,COLLECTED,2024-08-19T07:31:41.323Z
35894,83578,TX20240906128551,WIT_FEE,200,MRU,7824,PLATFORM,COLLECTED,2024-09-06T08:16:54.724Z
35895,83579,TX20240218822026,WIT_FEE,50,MRU,8413,PLATFORM,COLLECTED,2024-02-18T01:41:33.405Z
35896,83580,TX20240601741746,PAY_FEE,38,MRU,9111,MERCHANT,COLLECTED,2024-06-01T14:29:20.760Z
35897,83584,TX20240311357342,WIT_FEE,50,MRU,10974,PLATFORM,COLLECTED,2024-03-11T17:02:59.407Z
35898,83593,TX20241112126300,PAY_FEE,26,MRU,9135,MERCHANT,COLLECTED,2024-11-12T07:58:38.435Z
35899,83595,TX20240301090404,SAL_FEE,1035,MRU,777,PLATFORM,COLLECTED,2024-03-01T06:13:23.599Z
35900,83600,TX20240815359287,PAY_FEE,60,MRU,4500,MERCHANT,COLLECTED,2024-08-15T15:16:18.045Z
35901,83601,TX20240120316401,WIT_FEE,50,MRU,10483,PLATFORM,COLLECTED,2024-01-20T18:29:01.645Z
35902,83602,TX20240513557010,TRF_FEE,25,MRU,5381,PLATFORM,COLLECTED,2024-05-13T08:15:43.547Z
35903,83605,TX20240923032835,WIT_FEE,200,MRU,6100,PLATFORM,COLLECTED,2024-09-23T07:49:50.693Z
35904,83606,TX20240510120795,PAY_FEE,150,MRU,8094,MERCHANT,COLLECTED,2024-05-10T07:54:27.476Z
35905,83611,TX20240118828238,SAL_FEE,1575,MRU,3152,PLATFORM,COLLECTED,2024-01-18T15:06:18.353Z
35906,83612,TX20240104146860,TRF_FEE,25,MRU,4789,PLATFORM,COLLECTED,2024-01-04T07:24:28.125Z
35907,83613,TX20240423539894,TRF_FEE,25,MRU,9731,PLATFORM,COLLECTED,2024-04-23T16:57:25.657Z
35908,83616,TX20241107103046,WIT_FEE,50,MRU,2890,PLATFORM,COLLECTED,2024-11-07T12:48:35.858Z
35909,83618,TX20240125003281,WIT_FEE,410,MRU,7687,PLATFORM,COLLECTED,2024-01-25T07:04:03.297Z
35910,83620,TX20240626124471,TRF_FEE,25,MRU,10382,PLATFORM,COLLECTED,2024-06-26T15:40:20.418Z
35911,83625,TX20241216272190,PAY_FEE,35,MRU,7954,MERCHANT,COLLECTED,2024-12-16T09:56:42.521Z
35912,83631,TX20241120156946,TRF_FEE,50,MRU,4625,PLATFORM,COLLECTED,2024-11-20T10:11:26.824Z
35913,83632,TX20241005304436,TRF_FEE,25,MRU,10673,PLATFORM,COLLECTED,2024-10-05T16:12:56.727Z
35914,83633,TX20240725536215,TRF_FEE,25,MRU,5738,PLATFORM,COLLECTED,2024-07-25T15:30:56.319Z
35915,83635,TX20240614543055,TRF_FEE,25,MRU,10924,PLATFORM,COLLECTED,2024-06-14T09:22:03.406Z
35916,83643,TX20240913889415,WIT_FEE,50,MRU,1352,PLATFORM,COLLECTED,2024-09-13T18:30:43.316Z
35917,83644,TX20241003124566,TRF_FEE,50,MRU,4019,PLATFORM,COLLECTED,2024-10-03T08:52:31.156Z
35918,83646,TX20240326984410,BIL_FEE,100,MRU,7423,PLATFORM,COLLECTED,2024-03-26T12:27:42.049Z
35919,83649,TX20241108651620,TRF_FEE,25,MRU,736,PLATFORM,COLLECTED,2024-11-08T07:43:46.670Z
35920,83651,TX20240108182103,PAY_FEE,48,MRU,4921,MERCHANT,COLLECTED,2024-01-08T16:23:08.808Z
35921,83657,TX20240718846826,SAL_FEE,2310,MRU,221,PLATFORM,COLLECTED,2024-07-18T08:54:55.103Z
35922,83666,TX20240906462287,WIT_FEE,120,MRU,1718,PLATFORM,COLLECTED,2024-09-06T08:11:09.502Z
35923,83667,TX20240821651471,WIT_FEE,50,MRU,6396,PLATFORM,COLLECTED,2024-08-21T11:16:29.149Z
35924,83670,TX20240810073832,SAL_FEE,1425,MRU,10607,PLATFORM,COLLECTED,2024-08-10T09:37:50.754Z
35925,83672,TX20240706365217,PAY_FEE,89,MRU,3153,MERCHANT,COLLECTED,2024-07-06T11:19:04.473Z
35926,83673,TX20241210497046,PAY_FEE,18,MRU,8437,MERCHANT,COLLECTED,2024-12-10T10:24:30.968Z
35927,83681,TX20240403737167,TRF_FEE,50,MRU,398,PLATFORM,COLLECTED,2024-04-03T09:08:29.980Z
35928,83683,TX20240506600874,WIT_FEE,50,MRU,5255,PLATFORM,COLLECTED,2024-05-06T13:57:57.958Z
35929,83690,TX20240224201826,PAY_FEE,129,MRU,8210,MERCHANT,COLLECTED,2024-02-24T16:47:46.048Z
35930,83694,TX20240909409117,TRF_FEE,25,MRU,1310,PLATFORM,COLLECTED,2024-09-09T07:57:09.687Z
35931,83695,TX20240719883584,PAY_FEE,15,MRU,7041,MERCHANT,COLLECTED,2024-07-19T06:33:50.893Z
35932,83698,TX20240526377755,WIT_FEE,50,MRU,9297,PLATFORM,COLLECTED,2024-05-26T07:42:11.709Z
35933,83699,TX20240912565206,PAY_FEE,27,MRU,9311,MERCHANT,COLLECTED,2024-09-12T16:18:14.346Z
35934,83705,TX20240105188270,TRF_FEE,25,MRU,426,PLATFORM,COLLECTED,2024-01-05T21:49:59.199Z
35935,83706,TX20240205678827,TRF_FEE,50,MRU,1300,PLATFORM,COLLECTED,2024-02-05T13:45:27.707Z
35936,83707,TX20241205295703,WIT_FEE,50,MRU,172,PLATFORM,COLLECTED,2024-12-05T09:00:44.927Z
35937,83710,TX20240910656290,TRF_FEE,25,MRU,8984,PLATFORM,COLLECTED,2024-09-10T10:13:23.209Z
35938,83713,TX20240706630057,SAL_FEE,2395,MRU,2623,PLATFORM,COLLECTED,2024-07-06T06:57:06.694Z
35939,83716,TX20240720288950,TRF_FEE,25,MRU,6368,PLATFORM,COLLECTED,2024-07-20T18:54:36.769Z
35940,83721,TX20241027715182,SAL_FEE,995,MRU,10308,PLATFORM,COLLECTED,2024-10-27T18:57:01.396Z
35941,83725,TX20241223782783,PAY_FEE,32,MRU,2964,MERCHANT,COLLECTED,2024-12-23T11:34:28.251Z
35942,83726,TX20240504638132,TRF_FEE,50,MRU,8632,PLATFORM,COLLECTED,2024-05-04T17:57:02.927Z
35943,83740,TX20240316528845,TRF_FEE,25,MRU,2106,PLATFORM,COLLECTED,2024-03-16T18:47:35.328Z
35944,83744,TX20240904290215,PAY_FEE,125,MRU,5755,MERCHANT,COLLECTED,2024-09-04T20:16:48.514Z
35945,83746,TX20241207479697,TRF_FEE,50,MRU,10194,PLATFORM,COLLECTED,2024-12-07T07:01:39.756Z
35946,83747,TX20240725810962,TRF_FEE,50,MRU,3139,PLATFORM,COLLECTED,2024-07-25T17:35:44.662Z
35947,83748,TX20240811262630,PAY_FEE,26,MRU,6967,MERCHANT,COLLECTED,2024-08-11T07:05:07.330Z
35948,83753,TX20241124261064,TRF_FEE,25,MRU,7267,PLATFORM,COLLECTED,2024-11-24T17:38:35.585Z
35949,83755,TX20240925371225,PAY_FEE,51,MRU,3177,MERCHANT,COLLECTED,2024-09-25T09:07:46.990Z
35950,83759,TX20240223071927,TRF_FEE,25,MRU,4777,PLATFORM,COLLECTED,2024-02-23T13:41:19.730Z
35951,83761,TX20241108399428,WIT_FEE,50,MRU,7542,PLATFORM,COLLECTED,2024-11-08T10:53:48.130Z
35952,83762,TX20241106790388,WIT_FEE,100,MRU,6875,PLATFORM,COLLECTED,2024-11-06T06:04:14.450Z
35953,83764,TX20240209523176,WIT_FEE,50,MRU,8318,PLATFORM,COLLECTED,2024-02-09T08:16:19.318Z
35954,83765,TX20240921851703,BIL_FEE,100,MRU,5728,PLATFORM,COLLECTED,2024-09-21T14:24:47.743Z
35955,83768,TX20240731890774,TRF_FEE,50,MRU,4475,PLATFORM,COLLECTED,2024-07-31T11:15:57.908Z
35956,83772,TX20240211626976,TRF_FEE,25,MRU,2351,PLATFORM,COLLECTED,2024-02-11T15:25:16.414Z
35957,83774,TX20240819649772,PAY_FEE,146,MRU,454,MERCHANT,COLLECTED,2024-08-19T14:20:34.838Z
35958,83775,TX20240921634311,SAL_FEE,520,MRU,3519,PLATFORM,COLLECTED,2024-09-21T08:28:49.063Z
35959,83779,TX20240731289036,PAY_FEE,41,MRU,8470,MERCHANT,COLLECTED,2024-07-31T13:36:06.454Z
35960,83780,TX20240820945306,SAL_FEE,2310,MRU,3300,PLATFORM,COLLECTED,2024-08-20T10:49:02.036Z
35961,83790,TX20241002097808,PAY_FEE,21,MRU,7176,MERCHANT,COLLECTED,2024-10-02T08:41:37.824Z
35962,83792,TX20240923126240,WIT_FEE,200,MRU,6100,PLATFORM,COLLECTED,2024-09-23T07:49:50.693Z
35963,83793,TX20240313259814,WIT_FEE,50,MRU,2239,PLATFORM,COLLECTED,2024-03-13T18:27:28.734Z
35964,83797,TX20240129519569,PAY_FEE,23,MRU,2337,MERCHANT,COLLECTED,2024-01-29T09:18:03.519Z
35965,83800,TX20240423636859,TRF_FEE,25,MRU,9731,PLATFORM,COLLECTED,2024-04-23T16:57:25.657Z
35966,83803,TX20241107250241,WIT_FEE,50,MRU,2890,PLATFORM,COLLECTED,2024-11-07T12:48:35.858Z
35967,83811,TX20240908391570,WIT_FEE,330,MRU,2508,PLATFORM,COLLECTED,2024-09-08T04:27:56.780Z
35968,83812,TX20241209751610,WIT_FEE,50,MRU,4878,PLATFORM,COLLECTED,2024-12-09T15:31:43.330Z
35969,83813,TX20241215819385,BIL_FEE,100,MRU,5465,PLATFORM,COLLECTED,2024-12-15T10:31:40.839Z
35970,83818,TX20241120054116,TRF_FEE,50,MRU,4625,PLATFORM,COLLECTED,2024-11-20T10:11:26.824Z
35971,83819,TX20241022099571,PAY_FEE,255,MRU,2224,MERCHANT,COLLECTED,2024-10-22T07:56:43.968Z
35972,83821,TX20240302242176,TRF_FEE,25,MRU,10992,PLATFORM,COLLECTED,2024-03-02T02:53:51.596Z
35973,83832,TX20240622385806,TRF_FEE,50,MRU,8638,PLATFORM,COLLECTED,2024-06-22T08:39:13.601Z
35974,83834,TX20240928899978,TRF_FEE,50,MRU,9266,PLATFORM,COLLECTED,2024-09-28T08:28:59.283Z
35975,83837,TX20240407536647,TRF_FEE,25,MRU,6523,PLATFORM,COLLECTED,2024-04-07T06:31:58.656Z
35976,83838,TX20240814601457,TRF_FEE,50,MRU,3197,PLATFORM,COLLECTED,2024-08-14T13:51:01.220Z
35977,83847,TX20240212024977,TRF_FEE,50,MRU,4128,PLATFORM,COLLECTED,2024-02-12T16:37:31.692Z
35978,83849,TX20241027122387,WIT_FEE,50,MRU,2345,PLATFORM,COLLECTED,2024-10-27T16:27:20.635Z
35979,83852,TX20240104425348,TRF_FEE,25,MRU,7806,PLATFORM,COLLECTED,2024-01-04T16:29:28.661Z
35980,83857,TX20241228238432,WIT_FEE,50,MRU,807,PLATFORM,COLLECTED,2024-12-28T15:35:29.498Z
35981,83863,TX20240923220625,WIT_FEE,50,MRU,9517,PLATFORM,COLLECTED,2024-09-23T12:56:18.679Z
35982,83864,TX20240727898089,TRF_FEE,50,MRU,6916,PLATFORM,COLLECTED,2024-07-27T13:03:11.377Z
35983,83865,TX20240807863365,TRF_FEE,50,MRU,2833,PLATFORM,COLLECTED,2024-08-07T10:14:27.093Z
35984,83866,TX20240320454785,WIT_FEE,50,MRU,3180,PLATFORM,COLLECTED,2024-03-20T15:13:03.644Z
35985,83881,TX20240305683872,TRF_FEE,10,MRU,4063,PLATFORM,COLLECTED,2024-03-05T20:09:41.119Z
35986,83882,TX20241102870478,TRF_FEE,25,MRU,1563,PLATFORM,COLLECTED,2024-11-02T18:38:17.149Z
35987,83883,TX20240903094722,WIT_FEE,50,MRU,9932,PLATFORM,COLLECTED,2024-09-03T17:09:23.482Z
35988,83885,TX20240515149813,TRF_FEE,10,MRU,8500,PLATFORM,COLLECTED,2024-05-15T12:57:18.702Z
35989,83891,TX20240628644778,TRF_FEE,25,MRU,3800,PLATFORM,COLLECTED,2024-06-28T18:05:09.754Z
35990,83894,TX20240507803232,SAL_FEE,285,MRU,10230,PLATFORM,COLLECTED,2024-05-07T18:14:00.741Z
35991,83895,TX20240823007610,WIT_FEE,210,MRU,555,PLATFORM,COLLECTED,2024-08-23T06:24:14.295Z
35992,83897,TX20240910381036,TRF_FEE,25,MRU,8984,PLATFORM,COLLECTED,2024-09-10T10:13:23.209Z
35993,83898,TX20240304168287,SAL_FEE,1490,MRU,1548,PLATFORM,COLLECTED,2024-03-04T11:16:34.469Z
35994,83900,TX20240706835386,SAL_FEE,2395,MRU,2623,PLATFORM,COLLECTED,2024-07-06T06:57:06.694Z
35995,83905,TX20241105582788,WIT_FEE,50,MRU,453,PLATFORM,COLLECTED,2024-11-05T16:29:16.224Z
35996,83910,TX20240609909702,PAY_FEE,18,MRU,8910,MERCHANT,COLLECTED,2024-06-09T12:49:22.091Z
35997,83912,TX20240611555309,SAL_FEE,1130,MRU,4972,PLATFORM,COLLECTED,2024-06-11T13:28:15.267Z
35998,83913,TX20240809383380,TRF_FEE,25,MRU,10220,PLATFORM,COLLECTED,2024-08-09T09:54:57.046Z
35999,83914,TX20241027736414,TRF_FEE,25,MRU,7517,PLATFORM,COLLECTED,2024-10-27T19:19:05.154Z
36000,83916,TX20240728668588,PAY_FEE,20,MRU,264,MERCHANT,COLLECTED,2024-07-28T21:19:21.737Z
36001,83921,TX20240623207261,WIT_FEE,50,MRU,6460,PLATFORM,COLLECTED,2024-06-23T07:37:49.020Z
36002,83923,TX20241013161420,TRF_FEE,25,MRU,1750,PLATFORM,COLLECTED,2024-10-13T16:49:48.472Z
36003,83928,TX20240818787983,WIT_FEE,85,MRU,3289,PLATFORM,COLLECTED,2024-08-18T08:33:29.739Z
36004,83929,TX20240515041912,PAY_FEE,5,MRU,5816,MERCHANT,COLLECTED,2024-05-15T05:46:04.497Z
36005,83932,TX20240423428826,WIT_FEE,50,MRU,7468,PLATFORM,COLLECTED,2024-04-23T05:35:21.612Z
36006,83934,TX20240613810962,WIT_FEE,50,MRU,7308,PLATFORM,COLLECTED,2024-06-13T13:54:35.742Z
36007,83935,TX20240811233267,PAY_FEE,26,MRU,6967,MERCHANT,COLLECTED,2024-08-11T07:05:07.330Z
36008,83936,TX20240806055159,WIT_FEE,50,MRU,2404,PLATFORM,COLLECTED,2024-08-06T14:08:20.636Z
36009,83940,TX20241124593294,TRF_FEE,25,MRU,7267,PLATFORM,COLLECTED,2024-11-24T17:38:35.585Z
36010,83941,TX20240224732748,TRF_FEE,50,MRU,2455,PLATFORM,COLLECTED,2024-02-24T14:49:55.994Z
36011,83949,TX20240323372827,TRF_FEE,50,MRU,3946,PLATFORM,COLLECTED,2024-03-23T05:36:53.169Z
36012,83954,TX20240601957687,PAY_FEE,38,MRU,9111,MERCHANT,COLLECTED,2024-06-01T14:29:20.760Z
36013,83955,TX20241015846836,SAL_FEE,2295,MRU,10605,PLATFORM,COLLECTED,2024-10-15T14:34:28.266Z
36014,83961,TX20240825649772,TRF_FEE,50,MRU,4177,PLATFORM,COLLECTED,2024-08-25T09:34:50.041Z
36015,83962,TX20240921674062,SAL_FEE,520,MRU,3519,PLATFORM,COLLECTED,2024-09-21T08:28:49.063Z
36016,83964,TX20240312553733,WIT_FEE,50,MRU,1783,PLATFORM,COLLECTED,2024-03-12T07:06:41.930Z
36017,83965,TX20240618540242,PAY_FEE,33,MRU,2996,MERCHANT,COLLECTED,2024-06-18T09:50:59.462Z
36018,83970,TX20240206845569,WIT_FEE,50,MRU,10338,PLATFORM,COLLECTED,2024-02-06T06:14:07.197Z
36019,83976,TX20240718504301,PAY_FEE,18,MRU,9125,MERCHANT,COLLECTED,2024-07-18T11:54:22.784Z
36020,83977,TX20241002863165,PAY_FEE,21,MRU,7176,MERCHANT,COLLECTED,2024-10-02T08:41:37.824Z
36021,83979,TX20240220748196,PAY_FEE,90,MRU,5506,MERCHANT,COLLECTED,2024-02-20T17:50:41.550Z
36022,83981,TX20240326440009,BIL_FEE,100,MRU,2869,PLATFORM,COLLECTED,2024-03-26T14:51:15.752Z
36023,83984,TX20241102234591,TRF_FEE,10,MRU,5746,PLATFORM,COLLECTED,2024-11-02T07:16:18.056Z
36024,83985,TX20240118366187,SAL_FEE,1575,MRU,3152,PLATFORM,COLLECTED,2024-01-18T15:06:18.353Z
36025,83987,TX20240423891214,TRF_FEE,25,MRU,9731,PLATFORM,COLLECTED,2024-04-23T16:57:25.657Z
36026,83988,TX20241004447688,PAY_FEE,32,MRU,4662,MERCHANT,COLLECTED,2024-10-04T15:40:24.453Z
36027,83989,TX20240906811646,WIT_FEE,50,MRU,5885,PLATFORM,COLLECTED,2024-09-06T09:53:50.223Z
36028,83990,TX20241019250241,TRF_FEE,50,MRU,255,PLATFORM,COLLECTED,2024-10-19T13:51:15.558Z
36029,83992,TX20240125499066,WIT_FEE,410,MRU,7687,PLATFORM,COLLECTED,2024-01-25T07:04:03.297Z
36030,83994,TX20240820124471,TRF_FEE,25,MRU,4640,PLATFORM,COLLECTED,2024-08-20T11:47:40.346Z
36031,83996,TX20240702963366,PAY_FEE,146,MRU,4085,MERCHANT,COLLECTED,2024-07-02T10:16:39.352Z
36032,84005,TX20240521895586,BIL_FEE,100,MRU,9840,PLATFORM,COLLECTED,2024-05-21T07:26:49.417Z
36033,84006,TX20241209654625,TRF_FEE,50,MRU,8423,PLATFORM,COLLECTED,2024-12-09T10:53:35.431Z
36034,84014,TX20240817880289,TRF_FEE,50,MRU,6552,PLATFORM,COLLECTED,2024-08-17T07:03:24.060Z
36035,84024,TX20240407130013,TRF_FEE,25,MRU,6523,PLATFORM,COLLECTED,2024-04-07T06:31:58.656Z
36036,84026,TX20240308379427,TRF_FEE,50,MRU,9122,PLATFORM,COLLECTED,2024-03-07T23:01:43.766Z
36037,84029,TX20240725688649,PAY_FEE,41,MRU,2374,MERCHANT,COLLECTED,2024-07-25T05:59:23.351Z
36038,84039,TX20240504838138,TRF_FEE,50,MRU,4452,PLATFORM,COLLECTED,2024-05-04T18:51:07.271Z
36039,84041,TX20240624461043,TRF_FEE,50,MRU,2071,PLATFORM,COLLECTED,2024-06-24T08:29:08.578Z
36040,84042,TX20240720089881,TRF_FEE,50,MRU,4921,PLATFORM,COLLECTED,2024-07-20T15:44:46.105Z
36041,84044,TX20241002238218,PAY_FEE,75,MRU,1386,MERCHANT,COLLECTED,2024-10-02T19:31:39.832Z
36042,84046,TX20240616867285,TRF_FEE,25,MRU,1326,PLATFORM,COLLECTED,2024-06-16T09:04:28.284Z
36043,84052,TX20240619467966,TRF_FEE,10,MRU,4824,PLATFORM,COLLECTED,2024-06-19T14:09:31.601Z
36044,84055,TX20240926456249,BIL_FEE,100,MRU,6513,PLATFORM,COLLECTED,2024-09-26T07:23:00.341Z
36045,84057,TX20240603233830,SAL_FEE,2160,MRU,488,PLATFORM,COLLECTED,2024-06-03T09:51:04.499Z
36046,84059,TX20240311872617,TRF_FEE,25,MRU,4708,PLATFORM,COLLECTED,2024-03-11T17:32:18.743Z
36047,84060,TX20240323438728,TRF_FEE,50,MRU,9258,PLATFORM,COLLECTED,2024-03-23T11:53:08.609Z
36048,84064,TX20240619048016,TRF_FEE,50,MRU,8799,PLATFORM,COLLECTED,2024-06-19T16:45:12.960Z
36049,84066,TX20240420295208,WIT_FEE,50,MRU,658,PLATFORM,COLLECTED,2024-04-20T14:23:56.776Z
36050,84069,TX20240719640694,PAY_FEE,15,MRU,7041,MERCHANT,COLLECTED,2024-07-19T06:33:50.893Z
36051,84075,TX20240607133620,TRF_FEE,50,MRU,2887,PLATFORM,COLLECTED,2024-06-07T07:12:30.695Z
36052,84077,TX20240412872061,TRF_FEE,10,MRU,3483,PLATFORM,COLLECTED,2024-04-12T17:36:41.172Z
36053,84084,TX20240528656290,TRF_FEE,25,MRU,6786,PLATFORM,COLLECTED,2024-05-28T08:23:12.813Z
36054,84097,TX20241025921801,TRF_FEE,25,MRU,2242,PLATFORM,COLLECTED,2024-10-25T09:05:48.003Z
36055,84109,TX20240129081713,PAY_FEE,17,MRU,7233,MERCHANT,COLLECTED,2024-01-29T10:55:57.401Z
36056,84115,TX20240206192354,TRF_FEE,25,MRU,2760,PLATFORM,COLLECTED,2024-02-06T11:21:19.630Z
36057,84117,TX20240320486258,WIT_FEE,50,MRU,9458,PLATFORM,COLLECTED,2024-03-20T09:21:09.717Z
36058,84118,TX20240411290215,SAL_FEE,2220,MRU,4255,PLATFORM,COLLECTED,2024-04-11T16:30:31.797Z
36059,84122,TX20240811843770,PAY_FEE,26,MRU,6967,MERCHANT,COLLECTED,2024-08-11T07:05:07.330Z
36060,84123,TX20240912688458,TRF_FEE,50,MRU,5502,PLATFORM,COLLECTED,2024-09-12T07:20:38.216Z
36061,84125,TX20240122528703,WIT_FEE,50,MRU,8396,PLATFORM,COLLECTED,2024-01-22T17:19:57.035Z
36062,84127,TX20240402659958,TRF_FEE,50,MRU,4547,PLATFORM,COLLECTED,2024-04-02T09:55:48.583Z
36063,84130,TX20240714081076,TRF_FEE,25,MRU,7242,PLATFORM,COLLECTED,2024-07-14T17:37:37.410Z
36064,84131,TX20240321281973,WIT_FEE,50,MRU,3047,PLATFORM,COLLECTED,2024-03-21T14:11:26.406Z
36065,84133,TX20240819686998,TRF_FEE,25,MRU,8057,PLATFORM,COLLECTED,2024-08-19T07:31:41.323Z
36066,84135,TX20240512918159,PAY_FEE,270,MRU,6466,MERCHANT,COLLECTED,2024-05-12T17:48:07.684Z
36067,84137,TX20240719813166,PAY_FEE,435,MRU,4158,MERCHANT,COLLECTED,2024-07-19T10:30:57.627Z
36068,84141,TX20240710638469,BIL_FEE,100,MRU,3748,PLATFORM,COLLECTED,2024-07-10T14:25:41.487Z
36069,84142,TX20241028530041,TRF_FEE,25,MRU,6446,PLATFORM,COLLECTED,2024-10-28T08:58:47.670Z
36070,84143,TX20241227123799,TRF_FEE,50,MRU,1721,PLATFORM,COLLECTED,2024-12-27T10:09:12.849Z
36071,84145,TX20240311949185,WIT_FEE,50,MRU,10974,PLATFORM,COLLECTED,2024-03-11T17:02:59.407Z
36072,84146,TX20240601078093,PAY_FEE,23,MRU,6486,MERCHANT,COLLECTED,2024-06-01T08:24:12.321Z
36073,84148,TX20240819260014,PAY_FEE,146,MRU,454,MERCHANT,COLLECTED,2024-08-19T14:20:34.838Z
36074,84159,TX20240510311505,WIT_FEE,500,MRU,7338,PLATFORM,COLLECTED,2024-05-10T07:30:44.262Z
36075,84160,TX20240610472015,WIT_FEE,110,MRU,9231,PLATFORM,COLLECTED,2024-06-10T15:09:58.811Z
36076,84171,TX20240420553353,WIT_FEE,50,MRU,2914,PLATFORM,COLLECTED,2024-04-20T05:31:12.502Z
36077,84174,TX20241028407268,WIT_FEE,160,MRU,6743,PLATFORM,COLLECTED,2024-10-28T20:25:39.882Z
36078,84175,TX20240923422311,PAY_FEE,33,MRU,3008,MERCHANT,COLLECTED,2024-09-23T14:24:27.421Z
36079,84176,TX20241014559471,TRF_FEE,10,MRU,9366,PLATFORM,COLLECTED,2024-10-14T08:41:21.898Z
36080,84177,TX20240617103046,PAY_FEE,18,MRU,6188,MERCHANT,COLLECTED,2024-06-17T16:35:51.260Z
36081,84180,TX20241013770873,TRF_FEE,50,MRU,3967,PLATFORM,COLLECTED,2024-10-13T07:26:34.013Z
36082,84182,TX20240726486185,TRF_FEE,50,MRU,6906,PLATFORM,COLLECTED,2024-07-26T14:53:43.457Z
36083,84185,TX20241211391570,TRF_FEE,10,MRU,3643,PLATFORM,COLLECTED,2024-12-11T16:13:44.665Z
36084,84186,TX20241209267078,WIT_FEE,50,MRU,4878,PLATFORM,COLLECTED,2024-12-09T15:31:43.330Z
36085,84191,TX20240321901910,PAY_FEE,45,MRU,2968,MERCHANT,COLLECTED,2024-03-21T08:55:58.084Z
36086,84201,TX20240817046015,TRF_FEE,50,MRU,6552,PLATFORM,COLLECTED,2024-08-17T07:03:24.060Z
36087,84206,TX20240413890592,TRF_FEE,25,MRU,5318,PLATFORM,COLLECTED,2024-04-13T14:13:36.782Z
36088,84207,TX20241226984410,PAY_FEE,8,MRU,5165,MERCHANT,COLLECTED,2024-12-26T07:54:14.476Z
36089,84211,TX20240127051038,WIT_FEE,100,MRU,9223,PLATFORM,COLLECTED,2024-01-27T13:58:39.589Z
36090,84212,TX20240108706431,PAY_FEE,48,MRU,4921,MERCHANT,COLLECTED,2024-01-08T16:23:08.808Z
36091,84223,TX20241027507325,WIT_FEE,50,MRU,2345,PLATFORM,COLLECTED,2024-10-27T16:27:20.635Z
36092,84227,TX20240204985816,WIT_FEE,100,MRU,3923,PLATFORM,COLLECTED,2024-02-04T10:23:29.841Z
36093,84229,TX20240614090069,PAY_FEE,23,MRU,7845,MERCHANT,COLLECTED,2024-06-14T06:10:00.404Z
36094,84231,TX20240327754137,WIT_FEE,50,MRU,6725,PLATFORM,COLLECTED,2024-03-27T06:04:58.297Z
36095,84236,TX20240115827309,WIT_FEE,50,MRU,8218,PLATFORM,COLLECTED,2024-01-15T11:27:17.020Z
36096,84246,TX20240604820802,PAY_FEE,45,MRU,3368,MERCHANT,COLLECTED,2024-06-04T16:23:37.171Z
36097,84249,TX20240818573874,PAY_FEE,35,MRU,6979,MERCHANT,COLLECTED,2024-08-18T05:42:55.566Z
36098,84251,TX20240619778182,TRF_FEE,50,MRU,8799,PLATFORM,COLLECTED,2024-06-19T16:45:12.960Z
36099,84256,TX20240719953050,PAY_FEE,15,MRU,7041,MERCHANT,COLLECTED,2024-07-19T06:33:50.893Z
36100,84260,TX20241103978458,WIT_FEE,130,MRU,2370,PLATFORM,COLLECTED,2024-11-03T07:33:31.434Z
36101,84264,TX20240412909810,TRF_FEE,10,MRU,3483,PLATFORM,COLLECTED,2024-04-12T17:36:41.172Z
36102,84270,TX20240215212135,SAL_FEE,2320,MRU,7546,PLATFORM,COLLECTED,2024-02-15T06:13:57.521Z
36103,84271,TX20241020456516,WIT_FEE,50,MRU,2576,PLATFORM,COLLECTED,2024-10-20T14:29:41.407Z
36104,84272,TX20240717113818,WIT_FEE,50,MRU,3025,PLATFORM,COLLECTED,2024-07-17T07:58:10.455Z
36105,84275,TX20240112521012,TRF_FEE,25,MRU,1746,PLATFORM,COLLECTED,2024-01-12T10:34:44.568Z
36106,84278,TX20240506480851,TRF_FEE,25,MRU,8492,PLATFORM,COLLECTED,2024-05-06T12:40:59.548Z
36107,84282,TX20241120487935,PAY_FEE,65,MRU,3658,MERCHANT,COLLECTED,2024-11-20T20:01:23.934Z
36108,84286,TX20241223845965,PAY_FEE,32,MRU,2964,MERCHANT,COLLECTED,2024-12-23T11:34:28.251Z
36109,84288,TX20240204153570,WIT_FEE,500,MRU,7156,PLATFORM,COLLECTED,2024-02-04T08:40:37.374Z
36110,84290,TX20240524266879,WIT_FEE,50,MRU,7618,PLATFORM,COLLECTED,2024-05-24T08:12:51.565Z
36111,84297,TX20240319561369,WIT_FEE,50,MRU,488,PLATFORM,COLLECTED,2024-03-19T17:12:22.688Z
36112,84298,TX20240511343970,PAY_FEE,41,MRU,10727,MERCHANT,COLLECTED,2024-05-11T17:02:35.066Z
36113,84299,TX20240507018148,WIT_FEE,500,MRU,5054,PLATFORM,COLLECTED,2024-05-07T17:09:03.408Z
36114,84304,TX20240626085593,TRF_FEE,25,MRU,8666,PLATFORM,COLLECTED,2024-06-26T10:38:37.823Z
36115,84305,TX20240711376086,WIT_FEE,50,MRU,10659,PLATFORM,COLLECTED,2024-07-11T13:03:05.084Z
36116,84307,TX20241014863912,SAL_FEE,825,MRU,10523,PLATFORM,COLLECTED,2024-10-14T07:27:08.201Z
36117,84308,TX20240609523100,TRF_FEE,25,MRU,914,PLATFORM,COLLECTED,2024-06-09T14:31:56.428Z
36118,84310,TX20240117467869,PAY_FEE,57,MRU,5839,MERCHANT,COLLECTED,2024-01-17T20:07:12.532Z
36119,84312,TX20240217367498,WIT_FEE,50,MRU,6853,PLATFORM,COLLECTED,2024-02-17T13:16:12.492Z
36120,84317,TX20241010177450,TRF_FEE,50,MRU,4474,PLATFORM,COLLECTED,2024-10-10T07:11:06.522Z
36121,84318,TX20241018238768,TRF_FEE,25,MRU,10226,PLATFORM,COLLECTED,2024-10-18T11:49:34.607Z
36122,84319,TX20240223686998,TRF_FEE,25,MRU,4777,PLATFORM,COLLECTED,2024-02-23T13:41:19.730Z
36123,84322,TX20241106970572,WIT_FEE,100,MRU,6875,PLATFORM,COLLECTED,2024-11-06T06:04:14.450Z
36124,84328,TX20240625926685,TRF_FEE,50,MRU,10049,PLATFORM,COLLECTED,2024-06-25T08:57:54.404Z
36125,84331,TX20240528563263,SAL_FEE,785,MRU,9884,PLATFORM,COLLECTED,2024-05-28T21:05:24.115Z
36126,84332,TX20240815626976,WIT_FEE,50,MRU,4584,PLATFORM,COLLECTED,2024-08-15T06:42:25.277Z
36127,84338,TX20240618063899,PAY_FEE,33,MRU,2996,MERCHANT,COLLECTED,2024-06-18T09:50:59.462Z
36128,84341,TX20241109494005,TRF_FEE,25,MRU,7287,PLATFORM,COLLECTED,2024-11-09T06:05:18.628Z
36129,84342,TX20240815097486,WIT_FEE,50,MRU,8761,PLATFORM,COLLECTED,2024-08-15T07:29:32.333Z
36130,84343,TX20240206254735,WIT_FEE,50,MRU,10338,PLATFORM,COLLECTED,2024-02-06T06:14:07.197Z
36131,84345,TX20240315222473,WIT_FEE,50,MRU,1963,PLATFORM,COLLECTED,2024-03-15T13:44:15.665Z
36132,84349,TX20240513504301,TRF_FEE,25,MRU,5381,PLATFORM,COLLECTED,2024-05-13T08:15:43.547Z
36133,84350,TX20241002645396,PAY_FEE,21,MRU,7176,MERCHANT,COLLECTED,2024-10-02T08:41:37.824Z
36134,84354,TX20240326209026,BIL_FEE,100,MRU,2869,PLATFORM,COLLECTED,2024-03-26T14:51:15.752Z
36135,84358,TX20240211366187,TRF_FEE,50,MRU,826,PLATFORM,COLLECTED,2024-02-11T10:21:17.589Z
36136,84360,TX20241028779433,WIT_FEE,110,MRU,6743,PLATFORM,COLLECTED,2024-10-28T20:25:39.882Z
36137,84363,TX20240617250241,PAY_FEE,18,MRU,6188,MERCHANT,COLLECTED,2024-06-17T16:35:51.260Z
36138,84370,TX20240109556833,TRF_FEE,50,MRU,3946,PLATFORM,COLLECTED,2024-01-09T18:56:51.716Z
36139,84371,TX20240604742894,WIT_FEE,50,MRU,5999,PLATFORM,COLLECTED,2024-06-04T16:29:44.639Z
36140,84372,TX20240422288296,TRF_FEE,50,MRU,6531,PLATFORM,COLLECTED,2024-04-22T08:52:31.646Z
36141,84373,TX20240831204725,TRF_FEE,50,MRU,7716,PLATFORM,COLLECTED,2024-08-31T16:29:12.214Z
36142,84378,TX20240521502417,BIL_FEE,100,MRU,9840,PLATFORM,COLLECTED,2024-05-21T07:26:49.417Z
36143,84392,TX20240324743069,TRF_FEE,50,MRU,7669,PLATFORM,COLLECTED,2024-03-24T14:46:28.114Z
36144,84398,TX20240108584585,PAY_FEE,48,MRU,4921,MERCHANT,COLLECTED,2024-01-08T16:23:08.808Z
36145,84405,TX20241219377488,TRF_FEE,25,MRU,8179,PLATFORM,COLLECTED,2024-12-19T18:17:00.203Z
36146,84407,TX20240204311948,WIT_FEE,50,MRU,2280,PLATFORM,COLLECTED,2024-02-04T17:08:53.327Z
36147,84413,TX20240406462287,TRF_FEE,25,MRU,8092,PLATFORM,COLLECTED,2024-04-06T07:09:30.155Z
36148,84414,TX20240821461043,WIT_FEE,50,MRU,6396,PLATFORM,COLLECTED,2024-08-21T11:16:29.149Z
36149,84415,TX20240720263241,TRF_FEE,50,MRU,4921,PLATFORM,COLLECTED,2024-07-20T15:44:46.105Z
36150,84416,TX20240225395701,TRF_FEE,25,MRU,9898,PLATFORM,COLLECTED,2024-02-25T18:15:42.082Z
36151,84417,TX20241217238218,PAY_FEE,53,MRU,2768,MERCHANT,COLLECTED,2024-12-17T13:39:49.125Z
36152,84419,TX20240430912981,TRF_FEE,25,MRU,1553,PLATFORM,COLLECTED,2024-04-30T06:28:17.120Z
36153,84425,TX20240721077013,PAY_FEE,165,MRU,7438,MERCHANT,COLLECTED,2024-07-21T13:55:41.465Z
36154,84426,TX20240429834572,TRF_FEE,25,MRU,555,PLATFORM,COLLECTED,2024-04-29T14:46:01.679Z
36155,84429,TX20241113617461,TRF_FEE,50,MRU,2638,PLATFORM,COLLECTED,2024-11-13T16:06:22.750Z
36156,84430,TX20241108419533,SAL_FEE,2405,MRU,10527,PLATFORM,COLLECTED,2024-11-08T09:20:33.965Z
36157,84437,TX20241116718540,TRF_FEE,50,MRU,308,PLATFORM,COLLECTED,2024-11-16T17:14:35.634Z
36158,84440,TX20240530839379,PAY_FEE,18,MRU,7507,MERCHANT,COLLECTED,2024-05-30T07:48:43.633Z
36159,84444,TX20240211375697,TRF_FEE,25,MRU,3791,PLATFORM,COLLECTED,2024-02-11T08:54:34.979Z
36160,84447,TX20241123578847,WIT_FEE,50,MRU,5534,PLATFORM,COLLECTED,2024-11-23T18:20:18.722Z
36161,84453,TX20240205579568,TRF_FEE,50,MRU,1300,PLATFORM,COLLECTED,2024-02-05T13:45:27.707Z
36162,84459,TX20241121982195,WIT_FEE,100,MRU,2216,PLATFORM,COLLECTED,2024-11-21T13:59:55.724Z
36163,84461,TX20240112386882,TRF_FEE,25,MRU,1746,PLATFORM,COLLECTED,2024-01-12T10:34:44.568Z
36164,84462,TX20240111407970,PAY_FEE,42,MRU,10127,MERCHANT,COLLECTED,2024-01-11T06:51:16.912Z
36165,84463,TX20240804288950,PAY_FEE,33,MRU,8499,MERCHANT,COLLECTED,2024-08-04T12:57:54.605Z
36166,84470,TX20241025909702,TRF_FEE,25,MRU,2242,PLATFORM,COLLECTED,2024-10-25T09:05:48.003Z
36167,84474,TX20241027831530,TRF_FEE,25,MRU,7517,PLATFORM,COLLECTED,2024-10-27T19:19:05.154Z
36168,84476,TX20241023454828,TRF_FEE,50,MRU,8131,PLATFORM,COLLECTED,2024-10-23T13:59:19.352Z
36169,84481,TX20240623076795,WIT_FEE,50,MRU,6460,PLATFORM,COLLECTED,2024-06-23T07:37:49.020Z
36170,84484,TX20241116499750,WIT_FEE,50,MRU,3943,PLATFORM,COLLECTED,2024-11-16T07:26:23.023Z
36171,84489,TX20241112693967,TRF_FEE,50,MRU,5510,PLATFORM,COLLECTED,2024-11-12T10:03:46.076Z
36172,84490,TX20240320434119,WIT_FEE,50,MRU,9458,PLATFORM,COLLECTED,2024-03-20T09:21:09.717Z
36173,84492,TX20240509565968,TRF_FEE,25,MRU,10584,PLATFORM,COLLECTED,2024-05-09T13:40:06.073Z
36174,84493,TX20241003830144,TRF_FEE,25,MRU,5840,PLATFORM,COLLECTED,2024-10-03T18:38:59.181Z
36175,84494,TX20241125810962,TRF_FEE,25,MRU,4459,PLATFORM,COLLECTED,2024-11-25T14:44:39.283Z
36176,84495,TX20240811428768,PAY_FEE,26,MRU,6967,MERCHANT,COLLECTED,2024-08-11T07:05:07.330Z
36177,84496,TX20240222063668,TRF_FEE,25,MRU,7491,PLATFORM,COLLECTED,2024-02-22T10:38:12.497Z
36178,84504,TX20241005338191,TRF_FEE,10,MRU,6421,PLATFORM,COLLECTED,2024-10-05T06:54:14.221Z
36179,84505,TX20241204607103,TRF_FEE,50,MRU,6936,PLATFORM,COLLECTED,2024-12-04T15:34:53.780Z
36180,84508,TX20241108372549,WIT_FEE,50,MRU,7542,PLATFORM,COLLECTED,2024-11-08T10:53:48.130Z
36181,84509,TX20240120790388,PAY_FEE,210,MRU,2074,MERCHANT,COLLECTED,2024-01-20T07:14:27.623Z
36182,84512,TX20241130465076,WIT_FEE,50,MRU,8198,PLATFORM,COLLECTED,2024-11-30T16:42:24.784Z
36183,84514,TX20240503957687,TRF_FEE,50,MRU,1586,PLATFORM,COLLECTED,2024-05-03T15:49:18.460Z
36184,84515,TX20241015625259,SAL_FEE,2295,MRU,10605,PLATFORM,COLLECTED,2024-10-15T14:34:28.266Z
36185,84516,TX20240820490743,WIT_FEE,50,MRU,9371,PLATFORM,COLLECTED,2024-08-20T20:22:09.200Z
36186,84517,TX20241016716538,SAL_FEE,2465,MRU,4474,PLATFORM,COLLECTED,2024-10-16T13:12:07.287Z
36187,84520,TX20241219276925,SAL_FEE,1030,MRU,1713,PLATFORM,COLLECTED,2024-12-19T10:43:59.833Z
36188,84521,TX20240819088268,PAY_FEE,146,MRU,454,MERCHANT,COLLECTED,2024-08-19T14:20:34.838Z
36189,84522,TX20240620113571,WIT_FEE,100,MRU,5237,PLATFORM,COLLECTED,2024-06-20T16:03:19.119Z
36190,84523,TX20240317798690,PAY_FEE,9,MRU,5245,MERCHANT,COLLECTED,2024-03-17T10:57:01.293Z
36191,84526,TX20240720732669,PAY_FEE,32,MRU,8970,MERCHANT,COLLECTED,2024-07-20T08:23:08.942Z
36192,84528,TX20240114554965,PAY_FEE,285,MRU,1334,MERCHANT,COLLECTED,2024-01-14T07:18:37.660Z
36193,84529,TX20240806097486,WIT_FEE,50,MRU,5499,PLATFORM,COLLECTED,2024-08-06T06:20:37.208Z
36194,84530,TX20240206034338,WIT_FEE,50,MRU,10338,PLATFORM,COLLECTED,2024-02-06T06:14:07.197Z
36195,84531,TX20241214810411,TRF_FEE,50,MRU,2633,PLATFORM,COLLECTED,2024-12-14T09:21:22.475Z
36196,84532,TX20240405449323,PAY_FEE,99,MRU,2679,MERCHANT,COLLECTED,2024-04-05T14:10:56.012Z
36197,84534,TX20240507593870,TRF_FEE,25,MRU,7768,PLATFORM,COLLECTED,2024-05-07T20:37:09.078Z
36198,84536,TX20240401253952,WIT_FEE,410,MRU,4093,PLATFORM,COLLECTED,2024-04-01T15:32:29.909Z
36199,84539,TX20240220094278,PAY_FEE,90,MRU,5506,MERCHANT,COLLECTED,2024-02-20T17:50:41.550Z
36200,84540,TX20240613120795,BIL_FEE,100,MRU,4370,PLATFORM,COLLECTED,2024-06-13T11:44:12.486Z
36201,84544,TX20241102553353,TRF_FEE,10,MRU,5746,PLATFORM,COLLECTED,2024-11-02T07:16:18.056Z
36202,84548,TX20240923052938,PAY_FEE,33,MRU,3008,MERCHANT,COLLECTED,2024-09-23T14:24:27.421Z
36203,84550,TX20241019391615,TRF_FEE,50,MRU,255,PLATFORM,COLLECTED,2024-10-19T13:51:15.558Z
36204,84551,TX20240107079106,TRF_FEE,25,MRU,4341,PLATFORM,COLLECTED,2024-01-07T05:05:28.988Z
36205,84554,TX20240910732879,PAY_FEE,35,MRU,1372,MERCHANT,COLLECTED,2024-09-10T13:38:13.447Z
36206,84555,TX20240615489705,TRF_FEE,25,MRU,109,PLATFORM,COLLECTED,2024-06-15T18:25:31.423Z
36207,84556,TX20241106618354,PAY_FEE,480,MRU,4393,MERCHANT,COLLECTED,2024-11-06T22:59:55.513Z
36208,84558,TX20240604397895,WIT_FEE,50,MRU,5999,PLATFORM,COLLECTED,2024-06-04T16:29:44.639Z
36209,84559,TX20240322988773,WIT_FEE,50,MRU,1887,PLATFORM,COLLECTED,2024-03-22T18:31:38.590Z
36210,84560,TX20240629209247,PAY_FEE,315,MRU,10194,MERCHANT,COLLECTED,2024-06-29T07:12:42.859Z
36211,84561,TX20241204553466,TRF_FEE,50,MRU,4381,PLATFORM,COLLECTED,2024-12-04T06:53:50.596Z
36212,84565,TX20240308049865,WIT_FEE,50,MRU,480,PLATFORM,COLLECTED,2024-03-08T11:49:25.892Z
36213,84566,TX20240318099571,PAY_FEE,93,MRU,7505,MERCHANT,COLLECTED,2024-03-18T19:43:58.200Z
36214,84574,TX20240225884469,TRF_FEE,25,MRU,18,PLATFORM,COLLECTED,2024-02-25T06:24:03.592Z
36215,84580,TX20240326544036,BIL_FEE,100,MRU,7423,PLATFORM,COLLECTED,2024-03-26T12:27:42.049Z
36216,84581,TX20240928969651,TRF_FEE,50,MRU,9266,PLATFORM,COLLECTED,2024-09-28T08:28:59.283Z
36217,84586,TX20240217251346,TRF_FEE,25,MRU,17,PLATFORM,COLLECTED,2024-02-17T12:33:39.184Z
36218,84592,TX20241127003101,SAL_FEE,275,MRU,3309,PLATFORM,COLLECTED,2024-11-27T14:29:58.879Z
36219,84594,TX20240712024977,TRF_FEE,25,MRU,1599,PLATFORM,COLLECTED,2024-07-12T14:22:05.867Z
36220,84601,TX20240821992501,WIT_FEE,50,MRU,6396,PLATFORM,COLLECTED,2024-08-21T11:16:29.149Z
36221,84602,TX20241003089881,TRF_FEE,25,MRU,2519,PLATFORM,COLLECTED,2024-10-03T15:46:06.444Z
36222,84604,TX20241217057502,PAY_FEE,53,MRU,2768,MERCHANT,COLLECTED,2024-12-17T13:39:49.125Z
36223,84606,TX20240616923502,TRF_FEE,25,MRU,1326,PLATFORM,COLLECTED,2024-06-16T09:04:28.284Z
36224,84608,TX20241212120965,TRF_FEE,25,MRU,6196,PLATFORM,COLLECTED,2024-12-12T15:08:18.629Z
36225,84609,TX20240422339679,TRF_FEE,50,MRU,32,PLATFORM,COLLECTED,2024-04-22T05:36:00.333Z
36226,84611,TX20241028828559,TRF_FEE,25,MRU,2043,PLATFORM,COLLECTED,2024-10-28T14:34:34.058Z
36227,84614,TX20240130352507,WIT_FEE,50,MRU,9209,PLATFORM,COLLECTED,2024-01-30T09:09:49.104Z
36228,84617,TX20240718971513,TRF_FEE,10,MRU,3681,PLATFORM,COLLECTED,2024-07-18T07:11:12.337Z
36229,84622,TX20240711892898,WIT_FEE,370,MRU,8565,PLATFORM,COLLECTED,2024-07-11T10:04:44.340Z
36230,84623,TX20240313905096,TRF_FEE,25,MRU,2221,PLATFORM,COLLECTED,2024-03-13T06:40:10.622Z
36231,84626,TX20240517283831,WIT_FEE,50,MRU,9397,PLATFORM,COLLECTED,2024-05-17T13:10:10.621Z
36232,84633,TX20241112549267,TRF_FEE,25,MRU,1505,PLATFORM,COLLECTED,2024-11-12T09:14:20.843Z
36233,84634,TX20240424730086,WIT_FEE,430,MRU,8530,PLATFORM,COLLECTED,2024-04-24T15:30:45.494Z
36234,84635,TX20240421661959,WIT_FEE,50,MRU,10807,PLATFORM,COLLECTED,2024-04-21T06:28:25.097Z
36235,84644,TX20240910726467,TRF_FEE,25,MRU,8984,PLATFORM,COLLECTED,2024-09-10T10:13:23.209Z
36236,84646,TX20241021558598,TRF_FEE,25,MRU,10900,PLATFORM,COLLECTED,2024-10-21T06:20:53.502Z
36237,84648,TX20240112396351,TRF_FEE,25,MRU,1746,PLATFORM,COLLECTED,2024-01-12T10:34:44.568Z
36238,84653,TX20240507913599,PAY_FEE,10,MRU,7769,MERCHANT,COLLECTED,2024-05-07T09:54:16.352Z
36239,84663,TX20240403266879,WIT_FEE,50,MRU,153,PLATFORM,COLLECTED,2024-04-03T07:51:33.691Z
36240,84665,TX20240514487216,PAY_FEE,27,MRU,5514,MERCHANT,COLLECTED,2024-05-14T11:54:23.332Z
36241,84668,TX20240316218023,WIT_FEE,50,MRU,5408,PLATFORM,COLLECTED,2024-03-16T07:11:20.592Z
36242,84671,TX20240701341222,SAL_FEE,500,MRU,10944,PLATFORM,COLLECTED,2024-07-01T12:51:47.919Z
36243,84673,TX20240315122248,TRF_FEE,10,MRU,7801,PLATFORM,COLLECTED,2024-03-15T17:24:47.888Z
36244,84678,TX20240711005420,WIT_FEE,50,MRU,10659,PLATFORM,COLLECTED,2024-07-11T13:03:05.084Z
36245,84679,TX20240823708173,PAY_FEE,116,MRU,890,MERCHANT,COLLECTED,2024-08-23T06:15:47.017Z
36246,84680,TX20241014825849,SAL_FEE,825,MRU,10523,PLATFORM,COLLECTED,2024-10-14T07:27:08.201Z
36247,84681,TX20240823723757,TRF_FEE,25,MRU,5701,PLATFORM,COLLECTED,2024-08-23T12:56:25.083Z
36248,84683,TX20240117099075,PAY_FEE,57,MRU,5839,MERCHANT,COLLECTED,2024-01-17T20:07:12.532Z
36249,84688,TX20240106429774,TRF_FEE,25,MRU,11018,PLATFORM,COLLECTED,2024-01-06T08:38:10.364Z
36250,84690,TX20240906522958,PAY_FEE,74,MRU,4865,MERCHANT,COLLECTED,2024-09-06T11:13:35.401Z
36251,84691,TX20241211927372,WIT_FEE,50,MRU,8687,PLATFORM,COLLECTED,2024-12-11T10:25:04.716Z
36252,84694,TX20240610684133,PAY_FEE,855,MRU,8423,MERCHANT,COLLECTED,2024-06-10T15:05:24.503Z
36253,84697,TX20240501432176,WIT_FEE,50,MRU,8493,PLATFORM,COLLECTED,2024-05-01T06:39:14.531Z
36254,84698,TX20241121123606,TRF_FEE,25,MRU,10094,PLATFORM,COLLECTED,2024-11-21T09:41:13.271Z
36255,84700,TX20240710647800,BIL_FEE,100,MRU,3748,PLATFORM,COLLECTED,2024-07-10T14:25:41.487Z
36256,84701,TX20240308625259,PAY_FEE,72,MRU,5342,MERCHANT,COLLECTED,2024-03-08T20:47:40.582Z
36257,84702,TX20240820552469,WIT_FEE,50,MRU,9371,PLATFORM,COLLECTED,2024-08-20T20:22:09.200Z
36258,84705,TX20240414626976,PAY_FEE,20,MRU,3073,MERCHANT,COLLECTED,2024-04-14T13:06:42.418Z
36259,84708,TX20240620914667,WIT_FEE,50,MRU,5237,PLATFORM,COLLECTED,2024-06-20T16:03:19.119Z
36260,84710,TX20240304220205,PAY_FEE,330,MRU,959,MERCHANT,COLLECTED,2024-03-04T07:30:15.908Z
36261,84711,TX20241227762702,PAY_FEE,39,MRU,2502,MERCHANT,COLLECTED,2024-12-27T12:16:34.413Z
36262,84713,TX20241130071422,WIT_FEE,50,MRU,4121,PLATFORM,COLLECTED,2024-11-30T19:11:34.673Z
36263,84715,TX20240815937117,WIT_FEE,50,MRU,8761,PLATFORM,COLLECTED,2024-08-15T07:29:32.333Z
36264,84718,TX20240925449323,TRF_FEE,10,MRU,140,PLATFORM,COLLECTED,2024-09-25T08:39:10.936Z
36265,84720,TX20241225478896,WIT_FEE,50,MRU,5339,PLATFORM,COLLECTED,2024-12-25T14:09:04.704Z
36266,84722,TX20240626890449,TRF_FEE,25,MRU,963,PLATFORM,COLLECTED,2024-06-26T17:22:47.826Z
36267,84726,TX20240510380507,PAY_FEE,150,MRU,8094,MERCHANT,COLLECTED,2024-05-10T07:54:27.476Z
36268,84727,TX20240326347132,BIL_FEE,100,MRU,2869,PLATFORM,COLLECTED,2024-03-26T14:51:15.752Z
36269,84730,TX20240129042593,PAY_FEE,23,MRU,2337,MERCHANT,COLLECTED,2024-01-29T09:18:03.519Z
36270,84734,TX20241004795629,PAY_FEE,32,MRU,4662,MERCHANT,COLLECTED,2024-10-04T15:40:24.453Z
36271,84736,TX20240617391615,PAY_FEE,18,MRU,6188,MERCHANT,COLLECTED,2024-06-17T16:35:51.260Z
36272,84737,TX20240107642079,TRF_FEE,25,MRU,4341,PLATFORM,COLLECTED,2024-01-07T05:05:28.988Z
36273,84739,TX20240415917215,WIT_FEE,50,MRU,10763,PLATFORM,COLLECTED,2024-04-15T16:34:53.845Z
36274,84742,TX20241206118018,SAL_FEE,365,MRU,7218,PLATFORM,COLLECTED,2024-12-06T13:23:57.634Z
36275,84744,TX20240414554243,WIT_FEE,500,MRU,7046,PLATFORM,COLLECTED,2024-04-14T10:51:29.737Z
36276,84745,TX20241115988773,WIT_FEE,50,MRU,8359,PLATFORM,COLLECTED,2024-11-15T13:38:35.169Z
36277,84746,TX20240629113120,PAY_FEE,315,MRU,10194,MERCHANT,COLLECTED,2024-06-29T07:12:42.859Z
36278,84750,TX20240321863504,PAY_FEE,45,MRU,2968,MERCHANT,COLLECTED,2024-03-21T08:55:58.084Z
36279,84751,TX20241120049865,TRF_FEE,50,MRU,4625,PLATFORM,COLLECTED,2024-11-20T10:11:26.824Z
36280,84752,TX20240318837892,PAY_FEE,93,MRU,7505,MERCHANT,COLLECTED,2024-03-18T19:43:58.200Z
36281,84753,TX20240704473306,PAY_FEE,26,MRU,4143,MERCHANT,COLLECTED,2024-07-04T18:19:31.501Z
36282,84754,TX20240302753070,TRF_FEE,25,MRU,10992,PLATFORM,COLLECTED,2024-03-02T02:53:51.596Z
36283,84765,TX20240324385806,TRF_FEE,50,MRU,7669,PLATFORM,COLLECTED,2024-03-24T14:46:28.114Z
36284,84767,TX20240624886428,WIT_FEE,50,MRU,2285,PLATFORM,COLLECTED,2024-06-24T21:16:50.059Z
36285,84770,TX20240407204628,TRF_FEE,25,MRU,6523,PLATFORM,COLLECTED,2024-04-07T06:31:58.656Z
36286,84771,TX20241111280506,TRF_FEE,25,MRU,8428,PLATFORM,COLLECTED,2024-11-11T05:13:17.804Z
36287,84772,TX20240308251346,TRF_FEE,50,MRU,9122,PLATFORM,COLLECTED,2024-03-07T23:01:43.766Z
36288,84777,TX20240718937448,SAL_FEE,2310,MRU,221,PLATFORM,COLLECTED,2024-07-18T08:54:55.103Z
36289,84785,TX20241207174714,WIT_FEE,160,MRU,107,PLATFORM,COLLECTED,2024-12-07T17:07:16.402Z
36290,84787,TX20240627992501,WIT_FEE,50,MRU,1768,PLATFORM,COLLECTED,2024-06-27T07:34:11.283Z
36291,84788,TX20241003263241,TRF_FEE,25,MRU,2519,PLATFORM,COLLECTED,2024-10-03T15:46:06.444Z
36292,84789,TX20240225396816,TRF_FEE,25,MRU,9898,PLATFORM,COLLECTED,2024-02-25T18:15:42.082Z
36293,84792,TX20240706912981,PAY_FEE,89,MRU,3153,MERCHANT,COLLECTED,2024-07-06T11:19:04.473Z
36294,84796,TX20240502872066,TRF_FEE,25,MRU,3338,PLATFORM,COLLECTED,2024-05-02T12:14:14.915Z
36295,84797,TX20240725721848,WIT_FEE,50,MRU,6961,PLATFORM,COLLECTED,2024-07-25T16:15:34.826Z
36296,84800,TX20240103575687,SAL_FEE,2105,MRU,1820,PLATFORM,COLLECTED,2024-01-03T10:13:04.295Z
36297,84801,TX20240728960406,WIT_FEE,50,MRU,7824,PLATFORM,COLLECTED,2024-07-28T06:57:19.737Z
36298,84805,TX20240120848772,TRF_FEE,50,MRU,33,PLATFORM,COLLECTED,2024-01-20T06:42:47.843Z
36299,84809,TX20240628677695,TRF_FEE,50,MRU,5154,PLATFORM,COLLECTED,2024-06-28T12:07:00.072Z
36300,84816,TX20240124150114,SAL_FEE,1875,MRU,6584,PLATFORM,COLLECTED,2024-01-24T10:08:41.899Z
36301,84823,TX20241119770398,TRF_FEE,50,MRU,6731,PLATFORM,COLLECTED,2024-11-19T16:38:16.896Z
36302,84827,TX20241205699158,WIT_FEE,50,MRU,172,PLATFORM,COLLECTED,2024-12-05T09:00:44.927Z
36303,84829,TX20240215688528,SAL_FEE,2320,MRU,7546,PLATFORM,COLLECTED,2024-02-15T06:13:57.521Z
36304,84830,TX20240902315124,PAY_FEE,615,MRU,4396,MERCHANT,COLLECTED,2024-09-02T11:41:24.231Z
36305,84832,TX20241121797999,WIT_FEE,100,MRU,2216,PLATFORM,COLLECTED,2024-11-21T13:59:55.724Z
36306,84834,TX20240110029067,WIT_FEE,50,MRU,8174,PLATFORM,COLLECTED,2024-01-10T11:01:23.571Z
36307,84835,TX20240412463771,PAY_FEE,36,MRU,3121,MERCHANT,COLLECTED,2024-04-12T17:55:38.539Z
36308,84840,TX20240923396342,PAY_FEE,35,MRU,3343,MERCHANT,COLLECTED,2024-09-23T06:00:15.533Z
36309,84841,TX20241120992208,PAY_FEE,65,MRU,3658,MERCHANT,COLLECTED,2024-11-20T20:01:23.934Z
36310,84846,TX20240809638132,TRF_FEE,25,MRU,10220,PLATFORM,COLLECTED,2024-08-09T09:54:57.046Z
36311,84850,TX20240107335765,BIL_FEE,100,MRU,7985,PLATFORM,COLLECTED,2024-01-07T16:32:59.195Z
36312,84856,TX20241113161420,PAY_FEE,20,MRU,2738,MERCHANT,COLLECTED,2024-11-13T17:48:28.158Z
36313,84860,TX20240429163335,TRF_FEE,25,MRU,5610,PLATFORM,COLLECTED,2024-04-29T07:12:37.882Z
36314,84861,TX20240511192354,TRF_FEE,25,MRU,5526,PLATFORM,COLLECTED,2024-05-11T09:37:14.556Z
36315,84864,TX20240411242663,SAL_FEE,2220,MRU,4255,PLATFORM,COLLECTED,2024-04-11T16:30:31.797Z
36316,84867,TX20240613549866,WIT_FEE,50,MRU,7308,PLATFORM,COLLECTED,2024-06-13T13:54:35.742Z
36317,84869,TX20240912055159,TRF_FEE,50,MRU,5502,PLATFORM,COLLECTED,2024-09-12T07:20:38.216Z
36318,84875,TX20240216144194,WIT_FEE,50,MRU,7371,PLATFORM,COLLECTED,2024-02-16T16:59:17.124Z
36319,84877,TX20240530294693,WIT_FEE,50,MRU,10882,PLATFORM,COLLECTED,2024-05-30T09:09:03.177Z
36320,84879,TX20240610365260,PAY_FEE,5,MRU,3249,MERCHANT,COLLECTED,2024-06-10T07:04:41.292Z
36321,84883,TX20241023689407,TRF_FEE,25,MRU,10522,PLATFORM,COLLECTED,2024-10-23T07:56:23.646Z
36322,84885,TX20240618122447,WIT_FEE,100,MRU,5839,PLATFORM,COLLECTED,2024-06-18T09:08:57.402Z
36323,84886,TX20240920441215,TRF_FEE,50,MRU,9563,PLATFORM,COLLECTED,2024-09-20T07:46:00.445Z
36324,84889,TX20240521833685,WIT_FEE,490,MRU,9223,PLATFORM,COLLECTED,2024-05-21T12:30:40.337Z
36325,84890,TX20240517536706,TRF_FEE,50,MRU,8671,PLATFORM,COLLECTED,2024-05-17T14:41:02.540Z
36326,84892,TX20240216287435,TRF_FEE,25,MRU,2593,PLATFORM,COLLECTED,2024-02-16T07:32:15.092Z
36327,84895,TX20240126457973,PAY_FEE,18,MRU,7193,MERCHANT,COLLECTED,2024-01-26T17:55:07.103Z
36328,84897,TX20241126157454,TRF_FEE,50,MRU,4989,PLATFORM,COLLECTED,2024-11-26T05:16:49.168Z
36329,84903,TX20241115517751,WIT_FEE,50,MRU,94,PLATFORM,COLLECTED,2024-11-15T14:14:01.337Z
36330,84904,TX20240704734233,BIL_FEE,100,MRU,8353,PLATFORM,COLLECTED,2024-07-04T13:52:07.011Z
36331,84905,TX20240517907078,TRF_FEE,50,MRU,10884,PLATFORM,COLLECTED,2024-05-17T18:38:26.266Z
36332,84908,TX20240201890449,WIT_FEE,50,MRU,7952,PLATFORM,COLLECTED,2024-02-01T11:21:15.250Z
36333,84911,TX20240220773222,PAY_FEE,90,MRU,5506,MERCHANT,COLLECTED,2024-02-20T17:50:41.550Z
36334,84912,TX20240622938891,TRF_FEE,25,MRU,333,PLATFORM,COLLECTED,2024-06-22T15:12:29.394Z
36335,84913,TX20241108719097,TRF_FEE,50,MRU,2420,PLATFORM,COLLECTED,2024-11-08T09:45:15.037Z
36336,84920,TX20240923447688,PAY_FEE,33,MRU,3008,MERCHANT,COLLECTED,2024-09-23T14:24:27.421Z
36337,84921,TX20240906350281,WIT_FEE,50,MRU,5885,PLATFORM,COLLECTED,2024-09-06T09:53:50.223Z
36338,84922,TX20240803250241,PAY_FEE,300,MRU,2291,MERCHANT,COLLECTED,2024-08-03T16:15:33.023Z
36339,84927,TX20240816200514,TRF_FEE,25,MRU,4693,PLATFORM,COLLECTED,2024-08-16T10:56:25.523Z
36340,84928,TX20240530332217,TRF_FEE,50,MRU,11003,PLATFORM,COLLECTED,2024-05-30T12:27:44.850Z
36341,84934,TX20240309055378,TRF_FEE,50,MRU,11013,PLATFORM,COLLECTED,2024-03-09T07:15:05.046Z
36342,84937,TX20240308478022,WIT_FEE,50,MRU,480,PLATFORM,COLLECTED,2024-03-08T11:49:25.892Z
36343,84941,TX20240516543055,WIT_FEE,50,MRU,7554,PLATFORM,COLLECTED,2024-05-16T05:24:59.540Z
36344,84944,TX20240628136859,WIT_FEE,50,MRU,4349,PLATFORM,COLLECTED,2024-06-28T09:24:20.427Z
36345,84945,TX20241109786455,WIT_FEE,50,MRU,2419,PLATFORM,COLLECTED,2024-11-09T11:06:00.977Z
36346,84946,TX20241015277681,TRF_FEE,25,MRU,9756,PLATFORM,COLLECTED,2024-10-15T15:10:52.046Z
36347,84950,TX20240915437534,WIT_FEE,50,MRU,9663,PLATFORM,COLLECTED,2024-09-15T17:32:39.895Z
36348,84953,TX20241123325569,TRF_FEE,10,MRU,10684,PLATFORM,COLLECTED,2024-11-23T09:20:47.899Z
36349,84954,TX20240106893420,SAL_FEE,380,MRU,10227,PLATFORM,COLLECTED,2024-01-06T09:09:35.604Z
36350,84957,TX20241111869463,TRF_FEE,25,MRU,8428,PLATFORM,COLLECTED,2024-11-11T05:13:17.804Z
36351,84963,TX20241129351458,WIT_FEE,50,MRU,10763,PLATFORM,COLLECTED,2024-11-29T19:06:01.915Z
36352,84967,TX20240612112258,BIL_FEE,100,MRU,8142,PLATFORM,COLLECTED,2024-06-12T09:05:50.038Z
36353,84968,TX20240423233010,WIT_FEE,50,MRU,8482,PLATFORM,COLLECTED,2024-04-22T22:39:13.823Z
36354,84973,TX20240624992501,TRF_FEE,50,MRU,2071,PLATFORM,COLLECTED,2024-06-24T08:29:08.578Z
36355,84974,TX20241003571686,TRF_FEE,25,MRU,2519,PLATFORM,COLLECTED,2024-10-03T15:46:06.444Z
36356,84977,TX20240514813156,WIT_FEE,50,MRU,3408,PLATFORM,COLLECTED,2024-05-14T06:03:54.045Z
36357,84983,TX20240403721848,PAY_FEE,11,MRU,6284,MERCHANT,COLLECTED,2024-04-03T13:49:37.569Z
36358,84990,TX20241028306852,TRF_FEE,25,MRU,2264,PLATFORM,COLLECTED,2024-10-28T13:49:39.225Z
36359,84992,TX20241101332732,TRF_FEE,10,MRU,10109,PLATFORM,COLLECTED,2024-11-01T10:04:33.186Z
36360,84994,TX20240818542323,PAY_FEE,35,MRU,6979,MERCHANT,COLLECTED,2024-08-18T05:42:55.566Z
36361,84997,TX20241113185969,SAL_FEE,350,MRU,4753,PLATFORM,COLLECTED,2024-11-13T07:05:15.764Z
36362,85005,TX20240912549267,PAY_FEE,27,MRU,9311,MERCHANT,COLLECTED,2024-09-12T16:18:14.346Z
36363,85006,TX20240424117453,WIT_FEE,430,MRU,8530,PLATFORM,COLLECTED,2024-04-24T15:30:45.494Z
36364,85007,TX20240202274715,WIT_FEE,200,MRU,4851,PLATFORM,COLLECTED,2024-02-02T12:25:05.981Z
36365,85009,TX20241123454071,WIT_FEE,100,MRU,3107,PLATFORM,COLLECTED,2024-11-23T14:41:10.314Z
36366,85011,TX20240313556021,SAL_FEE,750,MRU,2138,PLATFORM,COLLECTED,2024-03-13T06:07:31.416Z
36367,85016,TX20240528381036,TRF_FEE,25,MRU,6786,PLATFORM,COLLECTED,2024-05-28T08:23:12.813Z
36368,85017,TX20240304474646,SAL_FEE,1490,MRU,1548,PLATFORM,COLLECTED,2024-03-04T11:16:34.469Z
36369,85021,TX20240412646837,PAY_FEE,36,MRU,3121,MERCHANT,COLLECTED,2024-04-12T17:55:38.539Z
36370,85025,TX20241016000220,PAY_FEE,35,MRU,10935,MERCHANT,COLLECTED,2024-10-16T06:58:43.141Z
36371,85026,TX20240923136716,PAY_FEE,35,MRU,3343,MERCHANT,COLLECTED,2024-09-23T06:00:15.533Z
36372,85027,TX20241217484206,BIL_FEE,100,MRU,8037,PLATFORM,COLLECTED,2024-12-17T05:23:56.330Z
36373,85031,TX20241025555309,PAY_FEE,36,MRU,2789,MERCHANT,COLLECTED,2024-10-25T19:26:34.481Z
36374,85035,TX20240728454828,PAY_FEE,20,MRU,264,MERCHANT,COLLECTED,2024-07-28T21:19:21.737Z
36375,85039,TX20240501871800,WIT_FEE,50,MRU,456,PLATFORM,COLLECTED,2024-05-01T14:44:45.487Z
36376,85042,TX20241013095851,TRF_FEE,25,MRU,1750,PLATFORM,COLLECTED,2024-10-13T16:49:48.472Z
36377,85043,TX20240522529123,TRF_FEE,50,MRU,7549,PLATFORM,COLLECTED,2024-05-22T04:21:00.744Z
36378,85046,TX20240310444329,WIT_FEE,100,MRU,5700,PLATFORM,COLLECTED,2024-03-10T08:37:52.507Z
36379,85048,TX20240128251958,PAY_FEE,29,MRU,8057,MERCHANT,COLLECTED,2024-01-28T13:31:13.021Z
36380,85050,TX20240706242663,PAY_FEE,111,MRU,7574,MERCHANT,COLLECTED,2024-07-06T12:47:23.874Z
36381,85053,TX20240725549866,TRF_FEE,50,MRU,3139,PLATFORM,COLLECTED,2024-07-25T17:35:44.662Z
36382,85055,TX20240222529798,TRF_FEE,25,MRU,7491,PLATFORM,COLLECTED,2024-02-22T10:38:12.497Z
36383,85062,TX20240903081076,PAY_FEE,102,MRU,4542,MERCHANT,COLLECTED,2024-09-03T12:54:37.631Z
36384,85063,TX20240321715230,WIT_FEE,50,MRU,3047,PLATFORM,COLLECTED,2024-03-21T14:11:26.406Z
36385,85064,TX20240728607103,TRF_FEE,50,MRU,2493,PLATFORM,COLLECTED,2024-07-28T17:46:37.082Z
36386,85067,TX20241108762301,WIT_FEE,50,MRU,7542,PLATFORM,COLLECTED,2024-11-08T10:53:48.130Z
36387,85069,TX20240515404613,WIT_FEE,50,MRU,7403,PLATFORM,COLLECTED,2024-05-15T13:22:04.040Z
36388,85072,TX20241007291574,TRF_FEE,10,MRU,7285,PLATFORM,COLLECTED,2024-10-07T10:29:45.650Z
36389,85077,TX20240528707358,SAL_FEE,785,MRU,9884,PLATFORM,COLLECTED,2024-05-28T21:05:24.115Z
36390,85078,TX20240211543764,TRF_FEE,25,MRU,2351,PLATFORM,COLLECTED,2024-02-11T15:25:16.414Z
36391,85079,TX20241219397050,SAL_FEE,1030,MRU,1713,PLATFORM,COLLECTED,2024-12-19T10:43:59.833Z
36392,85080,TX20240825260014,TRF_FEE,50,MRU,4177,PLATFORM,COLLECTED,2024-08-25T09:34:50.041Z
36393,85082,TX20241222798690,WIT_FEE,50,MRU,333,PLATFORM,COLLECTED,2024-12-22T16:12:22.953Z
36394,85084,TX20241227589896,PAY_FEE,39,MRU,2502,MERCHANT,COLLECTED,2024-12-27T12:16:34.413Z
36395,85085,TX20241114732669,TRF_FEE,25,MRU,10392,PLATFORM,COLLECTED,2024-11-14T13:14:23.145Z
36396,85088,TX20240316937117,TRF_FEE,50,MRU,363,PLATFORM,COLLECTED,2024-03-16T12:32:20.793Z
36397,85093,TX20240817817570,SAL_FEE,1060,MRU,7000,PLATFORM,COLLECTED,2024-08-17T07:04:42.482Z
36398,85094,TX20240319500492,SAL_FEE,950,MRU,7547,PLATFORM,COLLECTED,2024-03-19T13:03:09.930Z
36399,85097,TX20240503741557,WIT_FEE,200,MRU,8877,PLATFORM,COLLECTED,2024-05-03T08:48:33.722Z
36400,85099,TX20240510312976,PAY_FEE,150,MRU,8094,MERCHANT,COLLECTED,2024-05-10T07:54:27.476Z
36401,85100,TX20240818719097,WIT_FEE,50,MRU,414,PLATFORM,COLLECTED,2024-08-18T16:15:45.258Z
36402,85103,TX20240129234591,PAY_FEE,23,MRU,2337,MERCHANT,COLLECTED,2024-01-29T09:18:03.519Z
36403,85104,TX20240118760398,SAL_FEE,1575,MRU,3152,PLATFORM,COLLECTED,2024-01-18T15:06:18.353Z
36404,85107,TX20241004103504,PAY_FEE,32,MRU,4662,MERCHANT,COLLECTED,2024-10-04T15:40:24.453Z
36405,85113,TX20241018732879,WIT_FEE,50,MRU,7645,PLATFORM,COLLECTED,2024-10-18T10:21:01.760Z
36406,85114,TX20240615233280,TRF_FEE,25,MRU,109,PLATFORM,COLLECTED,2024-06-15T18:25:31.423Z
36407,85119,TX20240821980793,TRF_FEE,50,MRU,9046,PLATFORM,COLLECTED,2024-08-21T04:39:18.616Z
36408,85121,TX20240526719742,TRF_FEE,10,MRU,9585,PLATFORM,COLLECTED,2024-05-26T08:28:03.520Z
36409,85122,TX20240524439763,TRF_FEE,25,MRU,8404,PLATFORM,COLLECTED,2024-05-24T07:29:19.072Z
36410,85124,TX20240705462214,TRF_FEE,25,MRU,9878,PLATFORM,COLLECTED,2024-07-05T07:10:59.028Z
36411,85126,TX20240410579620,WIT_FEE,50,MRU,8190,PLATFORM,COLLECTED,2024-04-10T19:01:59.273Z
36412,85128,TX20240119441433,TRF_FEE,25,MRU,7788,PLATFORM,COLLECTED,2024-01-19T08:38:52.679Z
36413,85131,TX20240616323642,BIL_FEE,100,MRU,2777,PLATFORM,COLLECTED,2024-06-16T08:00:34.930Z
36414,85132,TX20241101027905,WIT_FEE,50,MRU,2079,PLATFORM,COLLECTED,2024-11-01T19:18:27.686Z
36415,85136,TX20241007172560,WIT_FEE,280,MRU,5193,PLATFORM,COLLECTED,2024-10-07T15:12:53.088Z
36416,85137,TX20241026399806,TRF_FEE,25,MRU,8895,PLATFORM,COLLECTED,2024-10-26T06:17:20.746Z
36417,85138,TX20240730310154,BIL_FEE,100,MRU,5553,PLATFORM,COLLECTED,2024-07-30T16:23:43.012Z
36418,85140,TX20241018488198,WIT_FEE,50,MRU,9777,PLATFORM,COLLECTED,2024-10-18T17:58:09.373Z
36419,85142,TX20240110584507,TRF_FEE,25,MRU,685,PLATFORM,COLLECTED,2024-01-10T17:00:41.950Z
36420,85143,TX20240821361837,BIL_FEE,100,MRU,2423,PLATFORM,COLLECTED,2024-08-21T14:25:01.390Z
36421,85150,TX20240718551377,SAL_FEE,2310,MRU,221,PLATFORM,COLLECTED,2024-07-18T08:54:55.103Z
36422,85153,TX20240516595396,TRF_FEE,50,MRU,3630,PLATFORM,COLLECTED,2024-05-16T06:52:08.892Z
36423,85155,TX20240323122387,TRF_FEE,10,MRU,7005,PLATFORM,COLLECTED,2024-03-23T17:46:27.343Z
36424,85157,TX20240629680102,TRF_FEE,50,MRU,5000,PLATFORM,COLLECTED,2024-06-29T11:17:51.717Z
36425,85158,TX20240217722989,PAY_FEE,210,MRU,5513,MERCHANT,COLLECTED,2024-02-17T09:24:00.767Z
36426,85159,TX20240530338420,WIT_FEE,200,MRU,4414,PLATFORM,COLLECTED,2024-05-30T09:23:05.316Z
36427,85161,TX20240627893851,TRF_FEE,25,MRU,2012,PLATFORM,COLLECTED,2024-06-27T06:44:27.091Z
36428,85162,TX20240923366333,PAY_FEE,32,MRU,1787,MERCHANT,COLLECTED,2024-09-23T16:19:13.962Z
36429,85163,TX20240127672483,TRF_FEE,50,MRU,2639,PLATFORM,COLLECTED,2024-01-27T15:14:24.333Z
36430,85165,TX20240513865130,WIT_FEE,240,MRU,8896,PLATFORM,COLLECTED,2024-05-13T17:52:55.096Z
36431,85170,TX20241029771753,PAY_FEE,74,MRU,5162,MERCHANT,COLLECTED,2024-10-29T18:58:46.615Z
36432,85171,TX20241001913471,TRF_FEE,50,MRU,1521,PLATFORM,COLLECTED,2024-10-01T14:23:51.430Z
36433,85172,TX20241018219955,PAY_FEE,57,MRU,7445,MERCHANT,COLLECTED,2024-10-18T14:08:22.572Z
36434,85174,TX20240105404141,WIT_FEE,50,MRU,5876,PLATFORM,COLLECTED,2024-01-05T10:35:04.730Z
36435,85178,TX20241105005584,TRF_FEE,25,MRU,1127,PLATFORM,COLLECTED,2024-11-05T10:37:10.303Z
36436,85179,TX20240220163846,BIL_FEE,100,MRU,6198,PLATFORM,COLLECTED,2024-02-20T14:50:19.067Z
36437,85184,TX20241113282431,SAL_FEE,350,MRU,4753,PLATFORM,COLLECTED,2024-11-13T07:05:15.764Z
36438,85185,TX20240420716236,WIT_FEE,50,MRU,658,PLATFORM,COLLECTED,2024-04-20T14:23:56.776Z
36439,85188,TX20240202870478,TRF_FEE,50,MRU,3164,PLATFORM,COLLECTED,2024-02-02T14:50:53.638Z
36440,85189,TX20240903699345,WIT_FEE,50,MRU,9932,PLATFORM,COLLECTED,2024-09-03T17:09:23.482Z
36441,85195,TX20240226049406,PAY_FEE,9,MRU,4765,MERCHANT,COLLECTED,2024-02-26T14:14:37.775Z
36442,85196,TX20240412427315,WIT_FEE,50,MRU,4820,PLATFORM,COLLECTED,2024-04-12T10:42:10.820Z
36443,85197,TX20241007666836,TRF_FEE,10,MRU,6707,PLATFORM,COLLECTED,2024-10-07T20:00:36.196Z
36444,85199,TX20241202040783,BIL_FEE,100,MRU,8285,PLATFORM,COLLECTED,2024-12-02T13:05:27.986Z
36445,85203,TX20240325381036,TRF_FEE,50,MRU,5959,PLATFORM,COLLECTED,2024-03-25T11:12:48.614Z
36446,85204,TX20240304216840,SAL_FEE,1490,MRU,1548,PLATFORM,COLLECTED,2024-03-04T11:16:34.469Z
36447,85205,TX20241021857459,TRF_FEE,25,MRU,10900,PLATFORM,COLLECTED,2024-10-21T06:20:53.502Z
36448,85216,TX20240203434891,WIT_FEE,50,MRU,7803,PLATFORM,COLLECTED,2024-02-03T17:00:12.171Z
36449,85217,TX20240912387586,WIT_FEE,50,MRU,4855,PLATFORM,COLLECTED,2024-09-12T09:11:44.831Z
36450,85218,TX20240407203026,WIT_FEE,50,MRU,737,PLATFORM,COLLECTED,2024-04-07T10:23:26.279Z
36451,85219,TX20240108047360,TRF_FEE,10,MRU,9819,PLATFORM,COLLECTED,2024-01-08T17:48:06.399Z
36452,85221,TX20240425810892,WIT_FEE,50,MRU,3515,PLATFORM,COLLECTED,2024-04-25T07:12:46.726Z
36453,85224,TX20240201442971,PAY_FEE,39,MRU,8293,MERCHANT,COLLECTED,2024-02-01T16:59:14.507Z
36454,85226,TX20240906829317,TRF_FEE,25,MRU,4926,PLATFORM,COLLECTED,2024-09-06T08:48:35.455Z
36455,85227,TX20240210272249,TRF_FEE,25,MRU,6432,PLATFORM,COLLECTED,2024-02-10T07:33:02.836Z
36456,85228,TX20240206709739,WIT_FEE,50,MRU,7115,PLATFORM,COLLECTED,2024-02-06T11:42:06.280Z
36457,85231,TX20240618803446,TRF_FEE,50,MRU,1530,PLATFORM,COLLECTED,2024-06-18T18:12:01.601Z
36458,85234,TX20240730999347,WIT_FEE,50,MRU,9335,PLATFORM,COLLECTED,2024-07-30T16:34:44.490Z
36459,85236,TX20240330065889,SAL_FEE,615,MRU,1962,PLATFORM,COLLECTED,2024-03-30T16:02:59.534Z
36460,85238,TX20241013969080,WIT_FEE,50,MRU,1485,PLATFORM,COLLECTED,2024-10-13T04:04:58.761Z
36461,85241,TX20240812416331,PAY_FEE,63,MRU,901,MERCHANT,COLLECTED,2024-08-12T14:36:03.122Z
36462,85247,TX20240122124015,TRF_FEE,50,MRU,1707,PLATFORM,COLLECTED,2024-01-22T13:32:38.429Z
36463,85251,TX20240819292323,TRF_FEE,25,MRU,8057,PLATFORM,COLLECTED,2024-08-19T07:31:41.323Z
36464,85252,TX20240412450182,WIT_FEE,50,MRU,5680,PLATFORM,COLLECTED,2024-04-12T19:56:20.206Z
36465,85253,TX20241108498922,WIT_FEE,50,MRU,7542,PLATFORM,COLLECTED,2024-11-08T10:53:48.130Z
36466,85256,TX20240329476557,TRF_FEE,10,MRU,605,PLATFORM,COLLECTED,2024-03-29T10:25:21.041Z
36467,85257,TX20241209147327,TRF_FEE,25,MRU,9400,PLATFORM,COLLECTED,2024-12-09T16:07:07.864Z
36468,85260,TX20241004499969,PAY_FEE,69,MRU,5870,MERCHANT,COLLECTED,2024-10-04T08:58:50.625Z
36469,85265,TX20240118407032,WIT_FEE,470,MRU,4680,PLATFORM,COLLECTED,2024-01-18T15:09:54.050Z
36470,85273,TX20241109892471,TRF_FEE,25,MRU,7287,PLATFORM,COLLECTED,2024-11-09T06:05:18.628Z
36471,85274,TX20240316275566,TRF_FEE,50,MRU,363,PLATFORM,COLLECTED,2024-03-16T12:32:20.793Z
36472,85277,TX20240925222473,TRF_FEE,10,MRU,140,PLATFORM,COLLECTED,2024-09-25T08:39:10.936Z
36473,85281,TX20240718398221,PAY_FEE,18,MRU,9125,MERCHANT,COLLECTED,2024-07-18T11:54:22.784Z
36474,85284,TX20240923748196,WIT_FEE,200,MRU,6100,PLATFORM,COLLECTED,2024-09-23T07:49:50.693Z
36475,85286,TX20240818658112,WIT_FEE,50,MRU,414,PLATFORM,COLLECTED,2024-08-18T16:15:45.258Z
36476,85289,TX20240129553353,PAY_FEE,23,MRU,2337,MERCHANT,COLLECTED,2024-01-29T09:18:03.519Z
36477,85293,TX20240923795629,PAY_FEE,33,MRU,3008,MERCHANT,COLLECTED,2024-09-23T14:24:27.421Z
36478,85295,TX20241019223608,TRF_FEE,50,MRU,255,PLATFORM,COLLECTED,2024-10-19T13:51:15.558Z
36479,85299,TX20240728232761,TRF_FEE,50,MRU,6842,PLATFORM,COLLECTED,2024-07-28T14:13:26.124Z
36480,85300,TX20240603812559,TRF_FEE,25,MRU,4868,PLATFORM,COLLECTED,2024-06-03T00:37:25.641Z
36481,85304,TX20240322299545,WIT_FEE,50,MRU,1887,PLATFORM,COLLECTED,2024-03-22T18:31:38.590Z
36482,85305,TX20240316370491,TRF_FEE,25,MRU,3287,PLATFORM,COLLECTED,2024-03-16T08:42:51.924Z
36483,85310,TX20240521563909,BIL_FEE,100,MRU,9840,PLATFORM,COLLECTED,2024-05-21T07:26:49.417Z
36484,85311,TX20241120369402,WIT_FEE,50,MRU,2350,PLATFORM,COLLECTED,2024-11-20T14:25:45.808Z
36485,85314,TX20240306224569,PAY_FEE,20,MRU,4132,MERCHANT,COLLECTED,2024-03-06T07:27:27.387Z
36486,85315,TX20241107375574,PAY_FEE,32,MRU,9640,MERCHANT,COLLECTED,2024-11-07T19:06:01.878Z
36487,85319,TX20240817884469,TRF_FEE,50,MRU,6552,PLATFORM,COLLECTED,2024-08-17T07:03:24.060Z
36488,85330,TX20240108966861,PAY_FEE,48,MRU,4921,MERCHANT,COLLECTED,2024-01-08T16:23:08.808Z
36489,85331,TX20240906379427,WIT_FEE,50,MRU,2040,PLATFORM,COLLECTED,2024-09-06T06:28:33.661Z
36490,85337,TX20241127962860,SAL_FEE,275,MRU,3309,PLATFORM,COLLECTED,2024-11-27T14:29:58.879Z
36491,85339,TX20240712792211,TRF_FEE,25,MRU,1599,PLATFORM,COLLECTED,2024-07-12T14:22:05.867Z
36492,85341,TX20240323507325,TRF_FEE,10,MRU,7005,PLATFORM,COLLECTED,2024-03-23T17:46:27.343Z
36493,85343,TX20240416772204,TRF_FEE,25,MRU,8401,PLATFORM,COLLECTED,2024-04-16T16:43:27.543Z
36494,85344,TX20240104565997,TRF_FEE,25,MRU,7806,PLATFORM,COLLECTED,2024-01-04T16:29:28.661Z
36495,85345,TX20240521864782,WIT_FEE,50,MRU,9297,PLATFORM,COLLECTED,2024-05-21T06:18:23.499Z
36496,85346,TX20240310216464,WIT_FEE,50,MRU,4374,PLATFORM,COLLECTED,2024-03-10T14:02:10.978Z
36497,85351,TX20240930459301,PAY_FEE,3,MRU,46,MERCHANT,COLLECTED,2024-09-30T16:33:13.395Z
36498,85355,TX20241222053162,TRF_FEE,50,MRU,3483,PLATFORM,COLLECTED,2024-12-22T08:44:17.885Z
36499,85358,TX20241018242535,PAY_FEE,57,MRU,7445,MERCHANT,COLLECTED,2024-10-18T14:08:22.572Z
36500,85359,TX20240707326172,TRF_FEE,25,MRU,3906,PLATFORM,COLLECTED,2024-07-07T12:30:01.575Z
36501,85365,TX20240428397817,PAY_FEE,21,MRU,988,MERCHANT,COLLECTED,2024-04-28T06:33:11.916Z
36502,85367,TX20240818543208,PAY_FEE,35,MRU,6979,MERCHANT,COLLECTED,2024-08-18T05:42:55.566Z
36503,85371,TX20240831040453,WIT_FEE,50,MRU,2842,PLATFORM,COLLECTED,2024-08-31T10:56:46.060Z
36504,85373,TX20240213683872,TRF_FEE,25,MRU,3011,PLATFORM,COLLECTED,2024-02-13T10:16:24.576Z
36505,85374,TX20241102853058,TRF_FEE,25,MRU,1563,PLATFORM,COLLECTED,2024-11-02T18:38:17.149Z
36506,85375,TX20241122094722,TRF_FEE,25,MRU,388,PLATFORM,COLLECTED,2024-11-22T08:23:28.900Z
36507,85378,TX20240330487960,TRF_FEE,25,MRU,6085,PLATFORM,COLLECTED,2024-03-30T14:29:55.565Z
36508,85380,TX20240705393052,TRF_FEE,50,MRU,9578,PLATFORM,COLLECTED,2024-07-05T19:27:15.133Z
36509,85383,TX20241116031403,WIT_FEE,100,MRU,10910,PLATFORM,COLLECTED,2024-11-16T08:33:41.767Z
36510,85384,TX20240311872283,TRF_FEE,25,MRU,1565,PLATFORM,COLLECTED,2024-03-11T09:03:07.702Z
36511,85385,TX20241202723068,BIL_FEE,100,MRU,8285,PLATFORM,COLLECTED,2024-12-02T13:05:27.986Z
36512,85389,TX20240325726467,TRF_FEE,50,MRU,5959,PLATFORM,COLLECTED,2024-03-25T11:12:48.614Z
36513,85394,TX20240111322298,PAY_FEE,42,MRU,10127,MERCHANT,COLLECTED,2024-01-11T06:51:16.912Z
36514,85395,TX20240720420921,TRF_FEE,25,MRU,6368,PLATFORM,COLLECTED,2024-07-20T18:54:36.769Z
36515,85399,TX20240713606940,WIT_FEE,94,MRU,7652,PLATFORM,COLLECTED,2024-07-13T08:50:25.275Z
36516,85400,TX20240521163135,TRF_FEE,50,MRU,7884,PLATFORM,COLLECTED,2024-05-21T14:53:27.926Z
36517,85401,TX20241022103634,TRF_FEE,50,MRU,1910,PLATFORM,COLLECTED,2024-10-22T12:12:40.999Z
36518,85405,TX20240209631625,PAY_FEE,50,MRU,10949,MERCHANT,COLLECTED,2024-02-09T11:53:14.586Z
36519,85408,TX20240901941250,WIT_FEE,50,MRU,8540,PLATFORM,COLLECTED,2024-09-01T10:59:19.260Z
36520,85410,TX20240514509821,PAY_FEE,27,MRU,5514,MERCHANT,COLLECTED,2024-05-14T11:54:23.332Z
36521,85412,TX20240927805945,WIT_FEE,50,MRU,9618,PLATFORM,COLLECTED,2024-09-27T14:04:12.289Z
36522,85413,TX20240109836674,TRF_FEE,50,MRU,8478,PLATFORM,COLLECTED,2024-01-09T14:38:33.472Z
36523,85415,TX20240319487918,WIT_FEE,50,MRU,488,PLATFORM,COLLECTED,2024-03-19T17:12:22.688Z
36524,85417,TX20240507601732,WIT_FEE,500,MRU,5054,PLATFORM,COLLECTED,2024-05-07T17:09:03.408Z
36525,85418,TX20240315961875,TRF_FEE,10,MRU,7801,PLATFORM,COLLECTED,2024-03-15T17:24:47.888Z
36526,85420,TX20240314578732,PAY_FEE,8,MRU,335,MERCHANT,COLLECTED,2024-03-14T06:11:37.787Z
36527,85422,TX20240821035294,TRF_FEE,25,MRU,4810,PLATFORM,COLLECTED,2024-08-21T17:33:27.486Z
36528,85423,TX20240823622917,TRF_FEE,25,MRU,2687,PLATFORM,COLLECTED,2024-08-23T06:10:11.290Z
36529,85425,TX20240717871064,WIT_FEE,50,MRU,1929,PLATFORM,COLLECTED,2024-07-17T15:55:27.448Z
36530,85426,TX20240506842323,WIT_FEE,50,MRU,6091,PLATFORM,COLLECTED,2024-05-06T15:12:57.810Z
36531,85429,TX20240412806662,TRF_FEE,50,MRU,616,PLATFORM,COLLECTED,2024-04-12T07:46:22.661Z
36532,85433,TX20240822327707,TRF_FEE,50,MRU,8703,PLATFORM,COLLECTED,2024-08-22T10:09:01.149Z
36533,85439,TX20240512338714,PAY_FEE,270,MRU,6466,MERCHANT,COLLECTED,2024-05-12T17:48:07.684Z
36534,85440,TX20241122868586,TRF_FEE,50,MRU,570,PLATFORM,COLLECTED,2024-11-22T08:21:22.851Z
36535,85442,TX20240209509168,WIT_FEE,50,MRU,8318,PLATFORM,COLLECTED,2024-02-09T08:16:19.318Z
36536,85446,TX20241217342716,WIT_FEE,380,MRU,1547,PLATFORM,COLLECTED,2024-12-17T18:24:54.902Z
36537,85449,TX20241229949185,TRF_FEE,25,MRU,2628,PLATFORM,COLLECTED,2024-12-29T07:24:06.896Z
36538,85450,TX20240601607319,PAY_FEE,23,MRU,6486,MERCHANT,COLLECTED,2024-06-01T08:24:12.321Z
36539,85452,TX20241102563727,TRF_FEE,50,MRU,6681,PLATFORM,COLLECTED,2024-11-02T06:22:57.825Z
36540,85457,TX20241114903895,TRF_FEE,25,MRU,10392,PLATFORM,COLLECTED,2024-11-14T13:14:23.145Z
36541,85461,TX20240206301785,WIT_FEE,50,MRU,10338,PLATFORM,COLLECTED,2024-02-06T06:14:07.197Z
36542,85463,TX20240510868732,WIT_FEE,500,MRU,7338,PLATFORM,COLLECTED,2024-05-10T07:30:44.262Z
36543,85466,TX20240319316401,SAL_FEE,950,MRU,7547,PLATFORM,COLLECTED,2024-03-19T13:03:09.930Z
36544,85467,TX20240513398221,TRF_FEE,25,MRU,5381,PLATFORM,COLLECTED,2024-05-13T08:15:43.547Z
36545,85471,TX20240613380507,BIL_FEE,100,MRU,4370,PLATFORM,COLLECTED,2024-06-13T11:44:12.486Z
36546,85472,TX20240326719097,BIL_FEE,100,MRU,2869,PLATFORM,COLLECTED,2024-03-26T14:51:15.752Z
36547,85479,TX20241004553445,PAY_FEE,32,MRU,4662,MERCHANT,COLLECTED,2024-10-04T15:40:24.453Z
36548,85480,TX20241105350281,BIL_FEE,100,MRU,6143,PLATFORM,COLLECTED,2024-11-05T09:31:04.457Z
36549,85481,TX20240803391615,PAY_FEE,300,MRU,2291,MERCHANT,COLLECTED,2024-08-03T16:15:33.023Z
36550,85482,TX20240107363900,TRF_FEE,25,MRU,4341,PLATFORM,COLLECTED,2024-01-07T05:05:28.988Z
36551,85483,TX20240825785170,PAY_FEE,68,MRU,9508,MERCHANT,COLLECTED,2024-08-25T08:00:29.004Z
36552,85487,TX20241206821751,SAL_FEE,365,MRU,7218,PLATFORM,COLLECTED,2024-12-06T13:23:57.634Z
36553,85489,TX20240604554243,WIT_FEE,50,MRU,5999,PLATFORM,COLLECTED,2024-06-04T16:29:44.639Z
36554,85490,TX20241115299545,WIT_FEE,50,MRU,8359,PLATFORM,COLLECTED,2024-11-15T13:38:35.169Z
36555,85491,TX20240316320079,TRF_FEE,25,MRU,3287,PLATFORM,COLLECTED,2024-03-16T08:42:51.924Z
36556,85493,TX20240202694814,WIT_FEE,50,MRU,3616,PLATFORM,COLLECTED,2024-02-02T06:59:49.802Z
36557,85494,TX20241223041111,WIT_FEE,50,MRU,7882,PLATFORM,COLLECTED,2024-12-23T14:01:00.988Z
36558,85496,TX20240521763115,BIL_FEE,100,MRU,9840,PLATFORM,COLLECTED,2024-05-21T07:26:49.417Z
36559,85503,TX20240628926337,WIT_FEE,50,MRU,4349,PLATFORM,COLLECTED,2024-06-28T09:24:20.427Z
36560,85505,TX20240603927864,SAL_FEE,640,MRU,8479,PLATFORM,COLLECTED,2024-06-03T07:44:40.791Z
36561,85511,TX20240922544036,WIT_FEE,200,MRU,5267,PLATFORM,COLLECTED,2024-09-22T20:07:54.235Z
36562,85512,TX20240928161131,TRF_FEE,50,MRU,9266,PLATFORM,COLLECTED,2024-09-28T08:28:59.283Z
36563,85515,TX20240827051038,SAL_FEE,345,MRU,2143,PLATFORM,COLLECTED,2024-08-27T13:50:17.631Z
36564,85516,TX20240108182855,PAY_FEE,48,MRU,4921,MERCHANT,COLLECTED,2024-01-08T16:23:08.808Z
36565,85517,TX20240217334724,TRF_FEE,25,MRU,17,PLATFORM,COLLECTED,2024-02-17T12:33:39.184Z
36566,85524,TX20240805269906,SAL_FEE,760,MRU,9597,PLATFORM,COLLECTED,2024-08-05T16:53:58.843Z
36567,85527,TX20241027477614,WIT_FEE,50,MRU,2345,PLATFORM,COLLECTED,2024-10-27T16:27:20.635Z
36568,85532,TX20240413247179,TRF_FEE,10,MRU,3145,PLATFORM,COLLECTED,2024-04-13T11:08:34.186Z
36569,85542,TX20241028898089,TRF_FEE,25,MRU,2043,PLATFORM,COLLECTED,2024-10-28T14:34:34.058Z
36570,85543,TX20240807430395,TRF_FEE,50,MRU,2833,PLATFORM,COLLECTED,2024-08-07T10:14:27.093Z
36571,85546,TX20240803404141,WIT_FEE,200,MRU,2443,PLATFORM,COLLECTED,2024-08-03T06:43:31.024Z
36572,85548,TX20240130782022,TRF_FEE,50,MRU,829,PLATFORM,COLLECTED,2024-01-30T20:25:23.857Z
36573,85549,TX20240828924449,PAY_FEE,68,MRU,9840,MERCHANT,COLLECTED,2024-08-28T08:12:34.709Z
36574,85551,TX20240309664759,TRF_FEE,50,MRU,8426,PLATFORM,COLLECTED,2024-03-09T18:05:23.241Z
36575,85552,TX20241101442065,TRF_FEE,25,MRU,2370,PLATFORM,COLLECTED,2024-11-01T15:25:03.888Z
36576,85561,TX20241122699345,TRF_FEE,25,MRU,388,PLATFORM,COLLECTED,2024-11-22T08:23:28.900Z
36577,85563,TX20240515032234,TRF_FEE,10,MRU,8500,PLATFORM,COLLECTED,2024-05-15T12:57:18.702Z
36578,85566,TX20240705977650,TRF_FEE,50,MRU,9578,PLATFORM,COLLECTED,2024-07-05T19:27:15.133Z
36579,85570,TX20240311844579,TRF_FEE,25,MRU,1565,PLATFORM,COLLECTED,2024-03-11T09:03:07.702Z
36580,85573,TX20240823292421,WIT_FEE,210,MRU,555,PLATFORM,COLLECTED,2024-08-23T06:24:14.295Z
36581,85574,TX20240215560080,SAL_FEE,2320,MRU,7546,PLATFORM,COLLECTED,2024-02-15T06:13:57.521Z
36582,85576,TX20240304113818,SAL_FEE,1490,MRU,1548,PLATFORM,COLLECTED,2024-03-04T11:16:34.469Z
36583,85583,TX20241105844797,WIT_FEE,50,MRU,453,PLATFORM,COLLECTED,2024-11-05T16:29:16.224Z
36584,85586,TX20241217032876,BIL_FEE,100,MRU,8037,PLATFORM,COLLECTED,2024-12-17T05:23:56.330Z
36585,85587,TX20240129547746,PAY_FEE,20,MRU,5373,MERCHANT,COLLECTED,2024-01-29T09:51:05.166Z
36586,85590,TX20240611782783,SAL_FEE,1130,MRU,4972,PLATFORM,COLLECTED,2024-06-11T13:28:15.267Z
36587,85591,TX20240504528083,TRF_FEE,50,MRU,8632,PLATFORM,COLLECTED,2024-05-04T17:57:02.927Z
36588,85600,TX20240129915853,PAY_FEE,17,MRU,7233,MERCHANT,COLLECTED,2024-01-29T10:55:57.401Z
36589,85601,TX20240817369490,PAY_FEE,75,MRU,9069,MERCHANT,COLLECTED,2024-08-17T16:34:47.869Z
36590,85604,TX20241007707802,TRF_FEE,10,MRU,3942,PLATFORM,COLLECTED,2024-10-07T10:50:13.006Z
36591,85605,TX20240310962374,WIT_FEE,100,MRU,5700,PLATFORM,COLLECTED,2024-03-10T08:37:52.507Z
36592,85606,TX20240818030579,WIT_FEE,50,MRU,3289,PLATFORM,COLLECTED,2024-08-18T08:33:29.739Z
36593,85612,TX20240613597534,WIT_FEE,50,MRU,7308,PLATFORM,COLLECTED,2024-06-13T13:54:35.742Z
36594,85620,TX20240216718586,WIT_FEE,50,MRU,7371,PLATFORM,COLLECTED,2024-02-16T16:59:17.124Z
36595,85621,TX20240818807795,TRF_FEE,50,MRU,2194,PLATFORM,COLLECTED,2024-08-18T10:39:39.703Z
36596,85623,TX20240318411038,PAY_FEE,27,MRU,10073,MERCHANT,COLLECTED,2024-03-18T06:14:36.775Z
36597,85626,TX20240118227078,TRF_FEE,25,MRU,4135,PLATFORM,COLLECTED,2024-01-18T08:23:14.811Z
36598,85627,TX20240221747260,SAL_FEE,1145,MRU,8337,PLATFORM,COLLECTED,2024-02-21T11:40:10.423Z
36599,85630,TX20240224761892,PAY_FEE,41,MRU,3753,MERCHANT,COLLECTED,2024-02-24T19:56:24.122Z
36600,85632,TX20240927902362,TRF_FEE,50,MRU,319,PLATFORM,COLLECTED,2024-09-27T15:09:58.410Z
36601,85633,TX20240614408605,WIT_FEE,100,MRU,607,PLATFORM,COLLECTED,2024-06-14T06:12:16.947Z
36602,85634,TX20240225560854,SAL_FEE,1170,MRU,869,PLATFORM,COLLECTED,2024-02-25T17:13:21.445Z
36603,85635,TX20240925018712,WIT_FEE,200,MRU,3243,PLATFORM,COLLECTED,2024-09-25T08:32:15.640Z
36604,85637,TX20241015142999,PAY_FEE,149,MRU,3752,MERCHANT,COLLECTED,2024-10-15T14:07:59.967Z
36605,85639,TX20240620958550,WIT_FEE,50,MRU,5237,PLATFORM,COLLECTED,2024-06-20T16:03:19.119Z
36606,85643,TX20240720903895,PAY_FEE,32,MRU,8970,MERCHANT,COLLECTED,2024-07-20T08:23:08.942Z
36607,85648,TX20241214718801,TRF_FEE,50,MRU,2633,PLATFORM,COLLECTED,2024-12-14T09:21:22.475Z
36608,85649,TX20240830120408,WIT_FEE,50,MRU,6432,PLATFORM,COLLECTED,2024-08-30T07:56:00.241Z
36609,85650,TX20240319680824,PAY_FEE,132,MRU,4398,MERCHANT,COLLECTED,2024-03-19T07:54:52.684Z
36610,85651,TX20240229972097,TRF_FEE,25,MRU,3979,PLATFORM,COLLECTED,2024-02-29T07:42:28.634Z
36611,85653,TX20240626456560,TRF_FEE,25,MRU,963,PLATFORM,COLLECTED,2024-06-26T17:22:47.826Z
36612,85658,TX20241108658112,TRF_FEE,50,MRU,2420,PLATFORM,COLLECTED,2024-11-08T09:45:15.037Z
36613,85666,TX20240906333200,WIT_FEE,50,MRU,5885,PLATFORM,COLLECTED,2024-09-06T09:53:50.223Z
36614,85668,TX20241226167809,TRF_FEE,50,MRU,4674,PLATFORM,COLLECTED,2024-12-26T11:32:20.890Z
36615,85669,TX20241022200709,BIL_FEE,100,MRU,10460,PLATFORM,COLLECTED,2024-10-22T13:35:21.692Z
36616,85671,TX20240508925974,TRF_FEE,10,MRU,7147,PLATFORM,COLLECTED,2024-05-08T04:45:41.574Z
36617,85672,TX20241207233280,TRF_FEE,25,MRU,6891,PLATFORM,COLLECTED,2024-12-07T11:31:25.009Z
36618,85676,TX20241014797512,PAY_FEE,15,MRU,2958,MERCHANT,COLLECTED,2024-10-14T08:27:20.751Z
36619,85682,TX20240521354049,BIL_FEE,100,MRU,9840,PLATFORM,COLLECTED,2024-05-21T07:26:49.417Z
36620,85684,TX20240704426272,PAY_FEE,26,MRU,4143,MERCHANT,COLLECTED,2024-07-04T18:19:31.501Z
36621,85694,TX20240913088617,WIT_FEE,50,MRU,1352,PLATFORM,COLLECTED,2024-09-13T18:30:43.316Z
36622,85697,TX20241226544036,PAY_FEE,8,MRU,5165,MERCHANT,COLLECTED,2024-12-26T07:54:14.476Z
36623,85698,TX20240928373725,TRF_FEE,50,MRU,9266,PLATFORM,COLLECTED,2024-09-28T08:28:59.283Z
36624,85700,TX20241108384548,TRF_FEE,25,MRU,736,PLATFORM,COLLECTED,2024-11-08T07:43:46.670Z
36625,85708,TX20240718827718,SAL_FEE,2310,MRU,221,PLATFORM,COLLECTED,2024-07-18T08:54:55.103Z
36626,85709,TX20241127829722,SAL_FEE,275,MRU,3309,PLATFORM,COLLECTED,2024-11-27T14:29:58.879Z
36627,85710,TX20240805672798,SAL_FEE,760,MRU,9597,PLATFORM,COLLECTED,2024-08-05T16:53:58.843Z
36628,85711,TX20240212792211,TRF_FEE,50,MRU,4128,PLATFORM,COLLECTED,2024-02-12T16:37:31.692Z
36629,85713,TX20241027787906,WIT_FEE,50,MRU,2345,PLATFORM,COLLECTED,2024-10-27T16:27:20.635Z
36630,85715,TX20240629736926,TRF_FEE,50,MRU,5000,PLATFORM,COLLECTED,2024-06-29T11:17:51.717Z
36631,85721,TX20240530742268,WIT_FEE,100,MRU,10727,PLATFORM,COLLECTED,2024-05-30T09:14:03.074Z
36632,85725,TX20240214127937,SAL_FEE,2305,MRU,8548,PLATFORM,COLLECTED,2024-02-14T10:09:38.959Z
36633,85726,TX20240115368551,WIT_FEE,50,MRU,8218,PLATFORM,COLLECTED,2024-01-15T11:27:17.020Z
36634,85727,TX20240912286919,PAY_FEE,18,MRU,6432,MERCHANT,COLLECTED,2024-09-12T16:14:45.220Z
36635,85730,TX20241018952312,PAY_FEE,57,MRU,7445,MERCHANT,COLLECTED,2024-10-18T14:08:22.572Z
36636,85731,TX20240711326172,TRF_FEE,50,MRU,10140,PLATFORM,COLLECTED,2024-07-11T12:01:34.352Z
36637,85734,TX20240522501814,TRF_FEE,25,MRU,9377,PLATFORM,COLLECTED,2024-05-22T16:04:29.044Z
36638,85735,TX20240601206235,PAY_FEE,63,MRU,49,MERCHANT,COLLECTED,2024-06-01T19:17:52.933Z
36639,85736,TX20240928005584,WIT_FEE,50,MRU,1907,PLATFORM,COLLECTED,2024-09-28T10:50:23.617Z
36640,85739,TX20240818311549,PAY_FEE,35,MRU,6979,MERCHANT,COLLECTED,2024-08-18T05:42:55.566Z
36641,85740,TX20240807339634,TRF_FEE,50,MRU,10340,PLATFORM,COLLECTED,2024-08-07T08:37:40.910Z
36642,85741,TX20240402173689,WIT_FEE,50,MRU,1707,PLATFORM,COLLECTED,2024-04-02T12:40:00.209Z
36643,85745,TX20240213053356,TRF_FEE,25,MRU,3011,PLATFORM,COLLECTED,2024-02-13T10:16:24.576Z
36644,85748,TX20240621387495,PAY_FEE,135,MRU,421,MERCHANT,COLLECTED,2024-06-21T06:13:18.552Z
36645,85752,TX20240910272883,TRF_FEE,50,MRU,4661,PLATFORM,COLLECTED,2024-09-10T08:18:05.479Z
36646,85754,TX20241119454071,TRF_FEE,50,MRU,6731,PLATFORM,COLLECTED,2024-11-19T16:38:16.896Z
36647,85757,TX20241202935396,BIL_FEE,100,MRU,8285,PLATFORM,COLLECTED,2024-12-02T13:05:27.986Z
36648,85760,TX20240215263234,SAL_FEE,2320,MRU,7546,PLATFORM,COLLECTED,2024-02-15T06:13:57.521Z
36649,85761,TX20240910076236,TRF_FEE,25,MRU,8984,PLATFORM,COLLECTED,2024-09-10T10:13:23.209Z
36650,85762,TX20240409991334,TRF_FEE,10,MRU,9991,PLATFORM,COLLECTED,2024-04-09T13:28:08.552Z
36651,85769,TX20241105389878,WIT_FEE,50,MRU,453,PLATFORM,COLLECTED,2024-11-05T16:29:16.224Z
36652,85770,TX20241016794285,PAY_FEE,35,MRU,10935,MERCHANT,COLLECTED,2024-10-16T06:58:43.141Z
36653,85776,TX20240401924017,TRF_FEE,25,MRU,3088,PLATFORM,COLLECTED,2024-04-01T08:26:23.447Z
36654,85780,TX20240403354866,WIT_FEE,50,MRU,153,PLATFORM,COLLECTED,2024-04-03T07:51:33.691Z
36655,85781,TX20240204101101,WIT_FEE,50,MRU,6334,PLATFORM,COLLECTED,2024-02-04T06:54:42.335Z
36656,85785,TX20240109581542,TRF_FEE,50,MRU,8478,PLATFORM,COLLECTED,2024-01-09T14:38:33.472Z
36657,85789,TX20240507138531,WIT_FEE,500,MRU,5054,PLATFORM,COLLECTED,2024-05-07T17:09:03.408Z
36658,85792,TX20241202836225,PAY_FEE,26,MRU,1783,MERCHANT,COLLECTED,2024-12-02T10:35:00.153Z
36659,85797,TX20240320039731,PAY_FEE,35,MRU,2845,MERCHANT,COLLECTED,2024-03-20T11:08:12.954Z
36660,85798,TX20241207078394,TRF_FEE,25,MRU,8094,PLATFORM,COLLECTED,2024-12-07T11:05:30.338Z
36661,85799,TX20240812906875,PAY_FEE,63,MRU,901,MERCHANT,COLLECTED,2024-08-12T14:36:03.122Z
36662,85803,TX20240307864562,PAY_FEE,18,MRU,6024,MERCHANT,COLLECTED,2024-03-07T14:50:20.430Z
36663,85806,TX20241117703457,PAY_FEE,225,MRU,644,MERCHANT,COLLECTED,2024-11-17T10:45:05.357Z
36664,85808,TX20241026607103,TRF_FEE,50,MRU,6350,PLATFORM,COLLECTED,2024-10-26T13:36:55.642Z
36665,85812,TX20240120970572,PAY_FEE,210,MRU,2074,MERCHANT,COLLECTED,2024-01-20T07:14:27.623Z
36666,85815,TX20240708951450,PAY_FEE,12,MRU,10382,MERCHANT,COLLECTED,2024-07-08T17:42:30.557Z
36667,85824,TX20241102368371,TRF_FEE,50,MRU,6681,PLATFORM,COLLECTED,2024-11-02T06:22:57.825Z
36668,85826,TX20240928389197,SAL_FEE,1315,MRU,3253,PLATFORM,COLLECTED,2024-09-28T07:22:57.030Z
36669,85827,TX20240312356462,WIT_FEE,50,MRU,1783,PLATFORM,COLLECTED,2024-03-12T07:06:41.930Z
36670,85832,TX20240316639153,TRF_FEE,50,MRU,363,PLATFORM,COLLECTED,2024-03-16T12:32:20.793Z
36671,85833,TX20240215301785,WIT_FEE,50,MRU,9192,PLATFORM,COLLECTED,2024-02-15T08:56:41.129Z
36672,85835,TX20240315888938,WIT_FEE,50,MRU,1963,PLATFORM,COLLECTED,2024-03-15T13:44:15.665Z
36673,85839,TX20240920398221,WIT_FEE,50,MRU,8667,PLATFORM,COLLECTED,2024-09-20T12:29:54.369Z
36674,85843,TX20240313613025,WIT_FEE,50,MRU,2239,PLATFORM,COLLECTED,2024-03-13T18:27:28.734Z
36675,85844,TX20240404658112,PAY_FEE,20,MRU,8087,MERCHANT,COLLECTED,2024-04-04T05:13:59.080Z
36676,85847,TX20241102922574,TRF_FEE,10,MRU,5746,PLATFORM,COLLECTED,2024-11-02T07:16:18.056Z
36677,85848,TX20240211760398,TRF_FEE,50,MRU,826,PLATFORM,COLLECTED,2024-02-11T10:21:17.589Z
36678,85851,TX20240527168971,TRF_FEE,10,MRU,4624,PLATFORM,COLLECTED,2024-05-27T10:25:16.389Z
36679,85853,TX20240405531036,PAY_FEE,36,MRU,6923,MERCHANT,COLLECTED,2024-04-05T13:01:12.121Z
36680,85856,TX20240105469982,TRF_FEE,50,MRU,2968,PLATFORM,COLLECTED,2024-01-05T10:45:56.290Z
36681,85857,TX20241018925974,WIT_FEE,50,MRU,7645,PLATFORM,COLLECTED,2024-10-18T10:21:01.760Z
36682,85858,TX20241207812559,TRF_FEE,25,MRU,6891,PLATFORM,COLLECTED,2024-12-07T11:31:25.009Z
36683,85862,TX20240609299545,WIT_FEE,50,MRU,7122,PLATFORM,COLLECTED,2024-06-09T08:13:52.517Z
36684,85863,TX20240316221243,TRF_FEE,25,MRU,3287,PLATFORM,COLLECTED,2024-03-16T08:42:51.924Z
36685,85864,TX20240805389472,PAY_FEE,60,MRU,8961,MERCHANT,COLLECTED,2024-08-05T10:17:11.851Z
36686,85866,TX20241223758571,WIT_FEE,50,MRU,7882,PLATFORM,COLLECTED,2024-12-23T14:01:00.988Z
36687,85868,TX20240308299861,WIT_FEE,50,MRU,480,PLATFORM,COLLECTED,2024-03-08T11:49:25.892Z
36688,85870,TX20240704494362,PAY_FEE,26,MRU,4143,MERCHANT,COLLECTED,2024-07-04T18:19:31.501Z
36689,85873,TX20240521723054,WIT_FEE,50,MRU,6163,PLATFORM,COLLECTED,2024-05-21T16:48:30.128Z
36690,85877,TX20240817042694,TRF_FEE,50,MRU,6552,PLATFORM,COLLECTED,2024-08-17T07:03:24.060Z
36691,85882,TX20241020388140,BIL_FEE,100,MRU,10237,PLATFORM,COLLECTED,2024-10-20T10:55:13.042Z
36692,85883,TX20240326431075,BIL_FEE,100,MRU,7423,PLATFORM,COLLECTED,2024-03-26T12:27:42.049Z
36693,85887,TX20240127405561,WIT_FEE,100,MRU,9223,PLATFORM,COLLECTED,2024-01-27T13:58:39.589Z
36694,85898,TX20240925750106,PAY_FEE,5,MRU,10157,MERCHANT,COLLECTED,2024-09-25T06:51:01.360Z
36695,85899,TX20240323477614,TRF_FEE,10,MRU,7005,PLATFORM,COLLECTED,2024-03-23T17:46:27.343Z
36696,85907,TX20240418950199,SAL_FEE,785,MRU,7270,PLATFORM,COLLECTED,2024-04-18T13:23:07.456Z
36697,85908,TX20240309438928,PAY_FEE,5,MRU,5238,MERCHANT,COLLECTED,2024-03-09T10:00:01.069Z
36698,85910,TX20241218006932,BIL_FEE,100,MRU,10286,PLATFORM,COLLECTED,2024-12-18T08:20:11.409Z
36699,85911,TX20240301550530,WIT_FEE,50,MRU,10314,PLATFORM,COLLECTED,2024-03-01T15:57:46.914Z
36700,85917,TX20240711946887,TRF_FEE,50,MRU,10140,PLATFORM,COLLECTED,2024-07-11T12:01:34.352Z
36701,85918,TX20240803160465,WIT_FEE,200,MRU,2443,PLATFORM,COLLECTED,2024-08-03T06:43:31.024Z
36702,85921,TX20240601003002,PAY_FEE,63,MRU,49,MERCHANT,COLLECTED,2024-06-01T19:17:52.933Z
36703,85922,TX20240604005584,PAY_FEE,45,MRU,3368,MERCHANT,COLLECTED,2024-06-04T16:23:37.171Z
36704,85924,TX20240608706371,WIT_FEE,100,MRU,9588,PLATFORM,COLLECTED,2024-06-08T14:51:38.811Z
36705,85926,TX20240807626262,TRF_FEE,50,MRU,10340,PLATFORM,COLLECTED,2024-08-07T08:37:40.910Z
36706,85927,TX20240710178785,WIT_FEE,50,MRU,126,PLATFORM,COLLECTED,2024-07-10T14:00:12.154Z
36707,85928,TX20241021391855,TRF_FEE,25,MRU,3128,PLATFORM,COLLECTED,2024-10-21T07:17:42.185Z
36708,85929,TX20240501853030,WIT_FEE,50,MRU,3271,PLATFORM,COLLECTED,2024-05-01T12:53:52.010Z
36709,85930,TX20240623544794,TRF_FEE,50,MRU,2823,PLATFORM,COLLECTED,2024-06-23T08:34:40.418Z
36710,85934,TX20240521667073,WIT_FEE,360,MRU,8096,PLATFORM,COLLECTED,2024-05-21T14:13:09.608Z
36711,85936,TX20240617685884,SAL_FEE,490,MRU,161,PLATFORM,COLLECTED,2024-06-17T13:13:11.487Z
36712,85938,TX20240412450476,WIT_FEE,500,MRU,2993,PLATFORM,COLLECTED,2024-04-12T09:03:12.998Z
36713,85941,TX20240112164332,SAL_FEE,705,MRU,5135,PLATFORM,COLLECTED,2024-01-12T15:38:43.118Z
36714,85944,TX20240322564715,SAL_FEE,2230,MRU,10887,PLATFORM,COLLECTED,2024-03-22T07:56:30.039Z
36715,85947,TX20240315893985,TRF_FEE,50,MRU,8009,PLATFORM,COLLECTED,2024-03-15T11:18:39.381Z
36716,85950,TX20240726260313,PAY_FEE,225,MRU,9223,MERCHANT,COLLECTED,2024-07-26T18:08:55.630Z
36717,85952,TX20240528933434,PAY_FEE,195,MRU,3052,MERCHANT,COLLECTED,2024-05-28T09:31:44.862Z
36718,85961,TX20240912727509,WIT_FEE,50,MRU,4855,PLATFORM,COLLECTED,2024-09-12T09:11:44.831Z
36719,85962,TX20240612137839,WIT_FEE,50,MRU,6010,PLATFORM,COLLECTED,2024-06-12T09:26:16.067Z
36720,85964,TX20241107688809,PAY_FEE,50,MRU,359,MERCHANT,COLLECTED,2024-11-07T08:34:01.432Z
36721,85966,TX20240501941250,SAL_FEE,985,MRU,1527,PLATFORM,COLLECTED,2024-05-01T08:46:27.311Z
36722,85973,TX20240318071494,PAY_FEE,735,MRU,3598,MERCHANT,COLLECTED,2024-03-18T10:41:02.369Z
36723,85975,TX20240507978569,WIT_FEE,500,MRU,5054,PLATFORM,COLLECTED,2024-05-07T17:09:03.408Z
36724,85978,TX20240506836225,BIL_FEE,100,MRU,1418,PLATFORM,COLLECTED,2024-05-06T13:00:09.161Z
36725,85980,TX20240728389910,PAY_FEE,5,MRU,2705,MERCHANT,COLLECTED,2024-07-28T09:13:58.974Z
36726,85989,TX20240503864562,PAY_FEE,107,MRU,2761,MERCHANT,COLLECTED,2024-05-03T10:32:17.198Z
36727,85995,TX20240223292323,TRF_FEE,25,MRU,4777,PLATFORM,COLLECTED,2024-02-23T13:41:19.730Z
36728,85996,TX20240412602506,WIT_FEE,50,MRU,5680,PLATFORM,COLLECTED,2024-04-12T19:56:20.206Z
36729,85997,TX20240512020827,PAY_FEE,270,MRU,6466,MERCHANT,COLLECTED,2024-05-12T17:48:07.684Z
36730,85999,TX20240403813166,TRF_FEE,25,MRU,10605,PLATFORM,COLLECTED,2024-04-03T15:32:25.501Z
36731,86001,TX20240906864718,WIT_FEE,200,MRU,7824,PLATFORM,COLLECTED,2024-09-06T08:16:54.724Z
36732,86005,TX20240820125940,WIT_FEE,50,MRU,9371,PLATFORM,COLLECTED,2024-08-20T20:22:09.200Z
36733,86007,TX20241229768244,TRF_FEE,25,MRU,2628,PLATFORM,COLLECTED,2024-12-29T07:24:06.896Z
36734,86010,TX20241102709038,TRF_FEE,50,MRU,6681,PLATFORM,COLLECTED,2024-11-02T06:22:57.825Z
36735,86015,TX20241114378853,TRF_FEE,25,MRU,10392,PLATFORM,COLLECTED,2024-11-14T13:14:23.145Z
36736,86016,TX20241130000350,WIT_FEE,50,MRU,4121,PLATFORM,COLLECTED,2024-11-30T19:11:34.673Z
36737,86019,TX20240215159916,WIT_FEE,50,MRU,9192,PLATFORM,COLLECTED,2024-02-15T08:56:41.129Z
36738,86020,TX20240509157271,WIT_FEE,50,MRU,1777,PLATFORM,COLLECTED,2024-05-09T09:28:14.790Z
36739,86021,TX20240925888938,TRF_FEE,10,MRU,140,PLATFORM,COLLECTED,2024-09-25T08:39:10.936Z
36740,86023,TX20240507930535,TRF_FEE,25,MRU,7768,PLATFORM,COLLECTED,2024-05-07T20:37:09.078Z
36741,86025,TX20240401890449,WIT_FEE,410,MRU,4093,PLATFORM,COLLECTED,2024-04-01T15:32:29.909Z
36742,86028,TX20240910094278,PAY_FEE,32,MRU,2042,MERCHANT,COLLECTED,2024-09-10T12:29:45.581Z
36743,86029,TX20240613312976,BIL_FEE,100,MRU,4370,PLATFORM,COLLECTED,2024-06-13T11:44:12.486Z
36744,86030,TX20240818947994,WIT_FEE,50,MRU,414,PLATFORM,COLLECTED,2024-08-18T16:15:45.258Z
36745,86031,TX20240904237560,PAY_FEE,20,MRU,2261,MERCHANT,COLLECTED,2024-09-04T13:35:10.282Z
36746,86033,TX20240129922574,PAY_FEE,23,MRU,2337,MERCHANT,COLLECTED,2024-01-29T09:18:03.519Z
36747,86034,TX20240211330939,TRF_FEE,50,MRU,826,PLATFORM,COLLECTED,2024-02-11T10:21:17.589Z
36748,86036,TX20241028052716,WIT_FEE,75,MRU,6743,PLATFORM,COLLECTED,2024-10-28T20:25:39.882Z
36749,86037,TX20240527204816,TRF_FEE,10,MRU,4624,PLATFORM,COLLECTED,2024-05-27T10:25:16.389Z
36750,86039,TX20241222133117,TRF_FEE,10,MRU,2484,PLATFORM,COLLECTED,2024-12-22T08:06:15.391Z
36751,86040,TX20240415146725,TRF_FEE,50,MRU,3906,PLATFORM,COLLECTED,2024-04-15T15:31:04.719Z
36752,86041,TX20240102063928,TRF_FEE,25,MRU,5626,PLATFORM,COLLECTED,2024-01-02T17:30:53.525Z
36753,86042,TX20240603428953,WIT_FEE,50,MRU,10112,PLATFORM,COLLECTED,2024-06-03T07:34:12.582Z
36754,86043,TX20240607654737,PAY_FEE,270,MRU,2584,MERCHANT,COLLECTED,2024-06-07T15:55:49.058Z
36755,86048,TX20240422810768,TRF_FEE,50,MRU,6531,PLATFORM,COLLECTED,2024-04-22T08:52:31.646Z
36756,86054,TX20240308982653,WIT_FEE,50,MRU,480,PLATFORM,COLLECTED,2024-03-08T11:49:25.892Z
36757,86056,TX20240708691517,WIT_FEE,50,MRU,3058,PLATFORM,COLLECTED,2024-07-08T12:22:14.289Z
36758,86066,TX20240919889415,TRF_FEE,25,MRU,5969,PLATFORM,COLLECTED,2024-09-19T09:07:08.176Z
36759,86070,TX20240624183880,WIT_FEE,50,MRU,2285,PLATFORM,COLLECTED,2024-06-24T21:16:50.059Z
36760,86073,TX20240818605568,WIT_FEE,50,MRU,7356,PLATFORM,COLLECTED,2024-08-18T07:02:54.638Z
36761,86075,TX20240308334724,TRF_FEE,50,MRU,9122,PLATFORM,COLLECTED,2024-03-07T23:01:43.766Z
36762,86090,TX20240413208297,TRF_FEE,10,MRU,3145,PLATFORM,COLLECTED,2024-04-13T11:08:34.186Z
36763,86091,TX20241124893851,WIT_FEE,50,MRU,5012,PLATFORM,COLLECTED,2024-11-24T13:29:06.746Z
36764,86092,TX20240923599999,PAY_FEE,32,MRU,1787,MERCHANT,COLLECTED,2024-09-23T16:19:13.962Z
36765,86097,TX20240214498980,SAL_FEE,2305,MRU,8548,PLATFORM,COLLECTED,2024-02-14T10:09:38.959Z
36766,86099,TX20241026324039,TRF_FEE,50,MRU,2665,PLATFORM,COLLECTED,2024-10-26T17:46:42.822Z
36767,86101,TX20240619124480,PAY_FEE,7,MRU,4770,MERCHANT,COLLECTED,2024-06-19T15:39:23.863Z
36768,86103,TX20240707946887,TRF_FEE,25,MRU,3906,PLATFORM,COLLECTED,2024-07-07T12:30:01.575Z
36769,86104,TX20240803456249,WIT_FEE,200,MRU,2443,PLATFORM,COLLECTED,2024-08-03T06:43:31.024Z
36770,86106,TX20241109913787,WIT_FEE,500,MRU,2669,PLATFORM,COLLECTED,2024-11-09T07:29:02.849Z
36771,86107,TX20241220900351,TRF_FEE,25,MRU,7463,PLATFORM,COLLECTED,2024-12-20T09:52:55.004Z
36772,86108,TX20240718549097,PAY_FEE,102,MRU,4332,MERCHANT,COLLECTED,2024-07-18T08:44:25.848Z
36773,86109,TX20241021371114,PAY_FEE,128,MRU,1511,MERCHANT,COLLECTED,2024-10-21T13:13:27.895Z
36774,86110,TX20240208213733,TRF_FEE,50,MRU,4851,PLATFORM,COLLECTED,2024-02-08T20:34:11.396Z
36775,86111,TX20241121713946,WIT_FEE,250,MRU,2351,PLATFORM,COLLECTED,2024-11-21T14:12:24.375Z
36776,86112,TX20241126043853,TRF_FEE,25,MRU,2165,PLATFORM,COLLECTED,2024-11-26T20:11:27.600Z
36777,86113,TX20240919671683,WIT_FEE,200,MRU,6766,PLATFORM,COLLECTED,2024-09-19T16:07:28.476Z
36778,86114,TX20240512408249,TRF_FEE,50,MRU,10736,PLATFORM,COLLECTED,2024-05-12T09:34:19.223Z
36779,86116,TX20240509762223,TRF_FEE,50,MRU,5318,PLATFORM,COLLECTED,2024-05-09T15:44:10.839Z
36780,86119,TX20240627900367,PAY_FEE,47,MRU,7537,MERCHANT,COLLECTED,2024-06-27T20:03:21.147Z
36781,86120,TX20240504753322,SAL_FEE,2100,MRU,8770,PLATFORM,COLLECTED,2024-05-04T11:39:09.788Z
36782,86130,TX20241205932861,WIT_FEE,50,MRU,172,PLATFORM,COLLECTED,2024-12-05T09:00:44.927Z
36783,86133,TX20240325076236,TRF_FEE,50,MRU,5959,PLATFORM,COLLECTED,2024-03-25T11:12:48.614Z
36784,86134,TX20240409682560,TRF_FEE,10,MRU,9991,PLATFORM,COLLECTED,2024-04-09T13:28:08.552Z
36785,86139,TX20241008150590,TRF_FEE,25,MRU,7417,PLATFORM,COLLECTED,2024-10-08T13:24:35.705Z
36786,86146,TX20240203597144,WIT_FEE,50,MRU,7803,PLATFORM,COLLECTED,2024-02-03T17:00:12.171Z
36787,86147,TX20240520445298,TRF_FEE,50,MRU,6118,PLATFORM,COLLECTED,2024-05-20T07:44:49.438Z
36788,86152,TX20240901592705,WIT_FEE,50,MRU,8540,PLATFORM,COLLECTED,2024-09-01T10:59:19.260Z
36789,86157,TX20241007469951,TRF_FEE,25,MRU,839,PLATFORM,COLLECTED,2024-10-07T17:08:13.207Z
36790,86161,TX20241201978569,WIT_FEE,140,MRU,3270,PLATFORM,COLLECTED,2024-12-01T08:03:24.456Z
36791,86166,TX20240819629994,TRF_FEE,50,MRU,3817,PLATFORM,COLLECTED,2024-08-19T13:49:47.573Z
36792,86168,TX20240823705152,PAY_FEE,116,MRU,890,MERCHANT,COLLECTED,2024-08-23T06:15:47.017Z
36793,86169,TX20240320751882,PAY_FEE,35,MRU,2845,MERCHANT,COLLECTED,2024-03-20T11:08:12.954Z
36794,86171,TX20240812440171,PAY_FEE,63,MRU,901,MERCHANT,COLLECTED,2024-08-12T14:36:03.122Z
36795,86174,TX20240829931469,TRF_FEE,25,MRU,1696,PLATFORM,COLLECTED,2024-08-29T07:01:56.581Z
36796,86179,TX20240527338191,TRF_FEE,50,MRU,2459,PLATFORM,COLLECTED,2024-05-27T15:07:54.234Z
36797,86180,TX20241204775138,TRF_FEE,50,MRU,6936,PLATFORM,COLLECTED,2024-12-04T15:34:53.780Z
36798,86185,TX20240702954435,TRF_FEE,50,MRU,6445,PLATFORM,COLLECTED,2024-07-02T19:37:22.370Z
36799,86188,TX20240825592266,PAY_FEE,26,MRU,8962,MERCHANT,COLLECTED,2024-08-25T14:09:25.617Z
36800,86189,TX20240222557232,TRF_FEE,50,MRU,7630,PLATFORM,COLLECTED,2024-02-22T05:56:23.828Z
36801,86192,TX20241016669244,SAL_FEE,2465,MRU,4474,PLATFORM,COLLECTED,2024-10-16T13:12:07.287Z
36802,86194,TX20240815543764,WIT_FEE,50,MRU,4584,PLATFORM,COLLECTED,2024-08-15T06:42:25.277Z
36803,86195,TX20241219142999,SAL_FEE,1030,MRU,1713,PLATFORM,COLLECTED,2024-12-19T10:43:59.833Z
36804,86198,TX20240928441655,SAL_FEE,1315,MRU,3253,PLATFORM,COLLECTED,2024-09-28T07:22:57.030Z
36805,86211,TX20240920253952,WIT_FEE,50,MRU,8667,PLATFORM,COLLECTED,2024-09-20T12:29:54.369Z
36806,86213,TX20240327751334,WIT_FEE,50,MRU,970,PLATFORM,COLLECTED,2024-03-27T17:33:43.803Z
36807,86214,TX20240720773222,TRF_FEE,25,MRU,5523,PLATFORM,COLLECTED,2024-07-20T12:45:34.184Z
36808,86219,TX20240420922574,WIT_FEE,50,MRU,2914,PLATFORM,COLLECTED,2024-04-20T05:31:12.502Z
36809,86220,TX20240211090262,TRF_FEE,50,MRU,826,PLATFORM,COLLECTED,2024-02-11T10:21:17.589Z
36810,86223,TX20240614204816,TRF_FEE,25,MRU,2572,PLATFORM,COLLECTED,2024-06-14T10:16:23.417Z
36811,86225,TX20240317936164,SAL_FEE,1445,MRU,2744,PLATFORM,COLLECTED,2024-03-17T07:15:23.223Z
36812,86226,TX20241222483403,TRF_FEE,25,MRU,780,PLATFORM,COLLECTED,2024-12-22T11:17:43.522Z
36813,86227,TX20240327297167,TRF_FEE,25,MRU,5557,PLATFORM,COLLECTED,2024-03-26T23:29:00.861Z
36814,86229,TX20240910925974,PAY_FEE,35,MRU,1372,MERCHANT,COLLECTED,2024-09-10T13:38:13.447Z
36815,86230,TX20241207436200,TRF_FEE,25,MRU,6891,PLATFORM,COLLECTED,2024-12-07T11:31:25.009Z
36816,86231,TX20241206618354,SAL_FEE,365,MRU,7218,PLATFORM,COLLECTED,2024-12-06T13:23:57.634Z
36817,86234,TX20240322167828,WIT_FEE,50,MRU,1887,PLATFORM,COLLECTED,2024-03-22T18:31:38.590Z
36818,86238,TX20240731365836,SAL_FEE,1190,MRU,6598,PLATFORM,COLLECTED,2024-07-31T04:00:59.715Z
36819,86239,TX20240321975846,PAY_FEE,45,MRU,2968,MERCHANT,COLLECTED,2024-03-21T08:55:58.084Z
36820,86243,TX20240812980370,WIT_FEE,50,MRU,8809,PLATFORM,COLLECTED,2024-08-12T17:42:19.507Z
36821,86247,TX20240628923181,WIT_FEE,50,MRU,4349,PLATFORM,COLLECTED,2024-06-28T09:24:20.427Z
36822,86248,TX20240211884236,TRF_FEE,50,MRU,2538,PLATFORM,COLLECTED,2024-02-11T04:58:13.377Z
36823,86249,TX20240904124182,PAY_FEE,8,MRU,504,MERCHANT,COLLECTED,2024-09-04T15:46:10.880Z
36824,86253,TX20240915411916,WIT_FEE,50,MRU,9663,PLATFORM,COLLECTED,2024-09-15T17:32:39.895Z
36825,86255,TX20240619245776,TRF_FEE,25,MRU,6027,PLATFORM,COLLECTED,2024-06-19T08:07:00.984Z
36826,86256,TX20241219488198,WIT_FEE,450,MRU,3744,PLATFORM,COLLECTED,2024-12-19T17:25:53.293Z
36827,86262,TX20240121731097,TRF_FEE,25,MRU,5207,PLATFORM,COLLECTED,2024-01-21T13:45:11.877Z
36828,86263,TX20241217748376,PAY_FEE,120,MRU,10506,MERCHANT,COLLECTED,2024-12-17T12:12:52.793Z
36829,86266,TX20241129006109,WIT_FEE,50,MRU,10763,PLATFORM,COLLECTED,2024-11-29T19:06:01.915Z
36830,86267,TX20240419302854,PAY_FEE,41,MRU,7291,MERCHANT,COLLECTED,2024-04-19T03:12:44.472Z
36831,86274,TX20240622565997,TRF_FEE,50,MRU,464,PLATFORM,COLLECTED,2024-06-22T14:42:53.683Z
36832,86275,TX20240521484912,WIT_FEE,50,MRU,9297,PLATFORM,COLLECTED,2024-05-21T06:18:23.499Z
36833,86284,TX20240305872279,TRF_FEE,25,MRU,3246,PLATFORM,COLLECTED,2024-03-05T22:31:59.436Z
36834,86285,TX20240731053162,WIT_FEE,50,MRU,9773,PLATFORM,COLLECTED,2024-07-31T19:11:44.294Z
36835,86287,TX20240619913471,PAY_FEE,7,MRU,4770,MERCHANT,COLLECTED,2024-06-19T15:39:23.863Z
36836,86288,TX20241018302821,PAY_FEE,57,MRU,7445,MERCHANT,COLLECTED,2024-10-18T14:08:22.572Z
36837,86289,TX20240703775631,TRF_FEE,50,MRU,5671,PLATFORM,COLLECTED,2024-07-03T04:34:21.919Z
36838,86293,TX20240601408166,PAY_FEE,63,MRU,49,MERCHANT,COLLECTED,2024-06-01T19:17:52.933Z
36839,86294,TX20241105124364,TRF_FEE,25,MRU,1127,PLATFORM,COLLECTED,2024-11-05T10:37:10.303Z
36840,86298,TX20240807876990,TRF_FEE,50,MRU,10340,PLATFORM,COLLECTED,2024-08-07T08:37:40.910Z
36841,86299,TX20240902485103,TRF_FEE,50,MRU,8065,PLATFORM,COLLECTED,2024-09-02T01:12:09.011Z
36842,86300,TX20240529767545,WIT_FEE,50,MRU,2061,PLATFORM,COLLECTED,2024-05-29T16:11:17.714Z
36843,86311,TX20240610279227,PAY_FEE,255,MRU,5380,MERCHANT,COLLECTED,2024-06-10T08:01:29.521Z
36844,86314,TX20241115094416,PAY_FEE,42,MRU,9276,MERCHANT,COLLECTED,2024-11-15T13:00:04.892Z
36845,86316,TX20240215871903,WIT_FEE,50,MRU,9704,PLATFORM,COLLECTED,2024-02-15T19:30:02.988Z
36846,86319,TX20240827366997,WIT_FEE,430,MRU,8534,PLATFORM,COLLECTED,2024-08-27T09:43:04.006Z
36847,86324,TX20240427651966,TRF_FEE,10,MRU,3453,PLATFORM,COLLECTED,2024-04-27T12:44:51.275Z
36848,86325,TX20240527451463,TRF_FEE,50,MRU,4965,PLATFORM,COLLECTED,2024-05-27T08:25:57.788Z
36849,86326,TX20240119057743,SAL_FEE,1505,MRU,6593,PLATFORM,COLLECTED,2024-01-19T08:35:28.522Z
36850,86328,TX20240918000220,SAL_FEE,335,MRU,7091,PLATFORM,COLLECTED,2024-09-18T07:59:19.435Z
36851,86329,TX20240923564787,PAY_FEE,35,MRU,3343,MERCHANT,COLLECTED,2024-09-23T06:00:15.533Z
36852,86332,TX20240609494566,PAY_FEE,18,MRU,8910,MERCHANT,COLLECTED,2024-06-09T12:49:22.091Z
36853,86341,TX20240401109686,WIT_FEE,50,MRU,283,PLATFORM,COLLECTED,2024-04-01T16:21:58.901Z
36854,86342,TX20241015983326,BIL_FEE,100,MRU,914,PLATFORM,COLLECTED,2024-10-15T04:47:27.080Z
36855,86346,TX20240511080108,PAY_FEE,41,MRU,10727,MERCHANT,COLLECTED,2024-05-11T17:02:35.066Z
36856,86347,TX20241201814826,WIT_FEE,140,MRU,3270,PLATFORM,COLLECTED,2024-12-01T08:03:24.456Z
36857,86348,TX20241014789486,TRF_FEE,50,MRU,10484,PLATFORM,COLLECTED,2024-10-14T17:42:17.414Z
36858,86356,TX20241207862135,TRF_FEE,25,MRU,8094,PLATFORM,COLLECTED,2024-12-07T11:05:30.338Z
36859,86358,TX20240214467869,SAL_FEE,2145,MRU,8169,PLATFORM,COLLECTED,2024-02-14T08:31:31.451Z
36860,86364,TX20240521703457,PAY_FEE,77,MRU,1562,MERCHANT,COLLECTED,2024-05-21T15:05:21.059Z
36861,86367,TX20240428293208,TRF_FEE,25,MRU,1651,PLATFORM,COLLECTED,2024-04-28T15:25:32.718Z
36862,86368,TX20241223602506,WIT_FEE,50,MRU,4052,PLATFORM,COLLECTED,2024-12-23T19:20:12.513Z
36863,86369,TX20240512225306,PAY_FEE,270,MRU,6466,MERCHANT,COLLECTED,2024-05-12T17:48:07.684Z
36864,86372,TX20240209476292,WIT_FEE,50,MRU,8318,PLATFORM,COLLECTED,2024-02-09T08:16:19.318Z
36865,86374,TX20240529705175,PAY_FEE,17,MRU,7175,MERCHANT,COLLECTED,2024-05-29T15:25:29.758Z
36866,86375,TX20240503235834,TRF_FEE,50,MRU,1586,PLATFORM,COLLECTED,2024-05-03T15:49:18.460Z
36867,86376,TX20240901926685,PAY_FEE,420,MRU,10024,MERCHANT,COLLECTED,2024-09-01T13:28:15.962Z
36868,86381,TX20241219556886,SAL_FEE,1030,MRU,1713,PLATFORM,COLLECTED,2024-12-19T10:43:59.833Z
36869,86384,TX20240317216578,PAY_FEE,9,MRU,5245,MERCHANT,COLLECTED,2024-03-17T10:57:01.293Z
36870,86386,TX20241227168128,PAY_FEE,39,MRU,2502,MERCHANT,COLLECTED,2024-12-27T12:16:34.413Z
36871,86387,TX20240720378853,PAY_FEE,32,MRU,8970,MERCHANT,COLLECTED,2024-07-20T08:23:08.942Z
36872,86388,TX20241130285584,WIT_FEE,50,MRU,4121,PLATFORM,COLLECTED,2024-11-30T19:11:34.673Z
36873,86389,TX20240817328628,WIT_FEE,50,MRU,7412,PLATFORM,COLLECTED,2024-08-17T14:07:20.946Z
36874,86390,TX20240113757971,PAY_FEE,62,MRU,8256,MERCHANT,COLLECTED,2024-01-13T14:57:42.090Z
36875,86393,TX20240925015157,TRF_FEE,10,MRU,140,PLATFORM,COLLECTED,2024-09-25T08:39:10.936Z
36876,86394,TX20241109660877,PAY_FEE,17,MRU,7549,MERCHANT,COLLECTED,2024-11-09T08:07:54.872Z
36877,86395,TX20241225972097,WIT_FEE,50,MRU,5339,PLATFORM,COLLECTED,2024-12-25T14:09:04.704Z
36878,86397,TX20241128602482,TRF_FEE,25,MRU,2171,PLATFORM,COLLECTED,2024-11-28T10:47:49.088Z
36879,86398,TX20240503942241,TRF_FEE,10,MRU,2359,PLATFORM,COLLECTED,2024-05-03T08:57:52.278Z
36880,86402,TX20241108947994,TRF_FEE,50,MRU,2420,PLATFORM,COLLECTED,2024-11-08T09:45:15.037Z
36881,86403,TX20240904421798,PAY_FEE,20,MRU,2261,MERCHANT,COLLECTED,2024-09-04T13:35:10.282Z
36882,86406,TX20240211020545,TRF_FEE,50,MRU,826,PLATFORM,COLLECTED,2024-02-11T10:21:17.589Z
36883,86412,TX20240603167809,BIL_FEE,100,MRU,10746,PLATFORM,COLLECTED,2024-06-03T09:10:47.621Z
36884,86413,TX20241022667947,BIL_FEE,100,MRU,10460,PLATFORM,COLLECTED,2024-10-22T13:35:21.692Z
36885,86414,TX20241004329859,WIT_FEE,500,MRU,9519,PLATFORM,COLLECTED,2024-10-04T18:17:16.290Z
36886,86415,TX20240508823449,TRF_FEE,10,MRU,7147,PLATFORM,COLLECTED,2024-05-08T04:45:41.574Z
36887,86420,TX20241209830109,WIT_FEE,50,MRU,4878,PLATFORM,COLLECTED,2024-12-09T15:31:43.330Z
36888,86421,TX20240708320079,WIT_FEE,430,MRU,2381,PLATFORM,COLLECTED,2024-07-08T14:50:29.205Z
36889,86424,TX20241223004467,WIT_FEE,50,MRU,7882,PLATFORM,COLLECTED,2024-12-23T14:01:00.988Z
36890,86427,TX20241005099571,TRF_FEE,25,MRU,10673,PLATFORM,COLLECTED,2024-10-05T16:12:56.727Z
36891,86430,TX20240516050969,WIT_FEE,50,MRU,7554,PLATFORM,COLLECTED,2024-05-16T05:24:59.540Z
36892,86435,TX20240225042694,TRF_FEE,25,MRU,18,PLATFORM,COLLECTED,2024-02-25T06:24:03.592Z
36893,86440,TX20241020726869,BIL_FEE,100,MRU,10237,PLATFORM,COLLECTED,2024-10-20T10:55:13.042Z
36894,86452,TX20241129355902,WIT_FEE,50,MRU,10763,PLATFORM,COLLECTED,2024-11-29T19:06:01.915Z
36895,86455,TX20240712595396,TRF_FEE,25,MRU,1599,PLATFORM,COLLECTED,2024-07-12T14:22:05.867Z
36896,86459,TX20240629586963,TRF_FEE,50,MRU,5000,PLATFORM,COLLECTED,2024-06-29T11:17:51.717Z
36897,86463,TX20240627477158,TRF_FEE,25,MRU,2012,PLATFORM,COLLECTED,2024-06-27T06:44:27.091Z
36898,86465,TX20240530950199,WIT_FEE,100,MRU,10727,PLATFORM,COLLECTED,2024-05-30T09:14:03.074Z
36899,86466,TX20240309668859,PAY_FEE,5,MRU,5238,MERCHANT,COLLECTED,2024-03-09T10:00:01.069Z
36900,86467,TX20240621592728,PAY_FEE,8,MRU,2532,MERCHANT,COLLECTED,2024-06-21T16:45:49.564Z
36901,86471,TX20240311594341,SAL_FEE,2190,MRU,3334,PLATFORM,COLLECTED,2024-03-11T16:17:53.314Z
36902,86472,TX20241029142697,PAY_FEE,74,MRU,5162,MERCHANT,COLLECTED,2024-10-29T18:58:46.615Z
36903,86475,TX20240711775631,TRF_FEE,50,MRU,10140,PLATFORM,COLLECTED,2024-07-11T12:01:34.352Z
36904,86478,TX20240130499650,TRF_FEE,50,MRU,829,PLATFORM,COLLECTED,2024-01-30T20:25:23.857Z
36905,86482,TX20240829148430,PAY_FEE,30,MRU,4807,MERCHANT,COLLECTED,2024-08-29T10:03:53.213Z
36906,86483,TX20240819837520,TRF_FEE,25,MRU,567,PLATFORM,COLLECTED,2024-08-19T04:26:25.539Z
36907,86484,TX20240904693223,TRF_FEE,50,MRU,269,PLATFORM,COLLECTED,2024-09-04T17:56:44.070Z
36908,86494,TX20240219718338,PAY_FEE,45,MRU,6647,MERCHANT,COLLECTED,2024-02-19T14:31:26.213Z
36909,86496,TX20240205629756,TRF_FEE,50,MRU,5360,PLATFORM,COLLECTED,2024-02-05T21:26:13.799Z
36910,86498,TX20240412494018,TRF_FEE,10,MRU,3483,PLATFORM,COLLECTED,2024-04-12T17:36:41.172Z
36911,86503,TX20240329292421,TRF_FEE,10,MRU,7874,PLATFORM,COLLECTED,2024-03-29T09:03:44.422Z
36912,86504,TX20240215122414,SAL_FEE,2320,MRU,7546,PLATFORM,COLLECTED,2024-02-15T06:13:57.521Z
36913,86505,TX20240528726467,TRF_FEE,25,MRU,6786,PLATFORM,COLLECTED,2024-05-28T08:23:12.813Z
36914,86510,TX20240412301162,PAY_FEE,36,MRU,3121,MERCHANT,COLLECTED,2024-04-12T17:55:38.539Z
36915,86511,TX20240902437255,PAY_FEE,71,MRU,1694,MERCHANT,COLLECTED,2024-09-02T05:42:54.191Z
36916,86512,TX20240915014046,WIT_FEE,50,MRU,10729,PLATFORM,COLLECTED,2024-09-14T23:51:23.200Z
36917,86514,TX20240918794285,SAL_FEE,335,MRU,7091,PLATFORM,COLLECTED,2024-09-18T07:59:19.435Z
36918,86520,TX20240401033971,TRF_FEE,25,MRU,3088,PLATFORM,COLLECTED,2024-04-01T08:26:23.447Z
36919,86521,TX20240723718658,PAY_FEE,14,MRU,4418,MERCHANT,COLLECTED,2024-07-23T04:49:48.108Z
36920,86528,TX20240830455462,PAY_FEE,5,MRU,9765,MERCHANT,COLLECTED,2024-08-30T06:12:17.871Z
36921,86529,TX20240819581542,TRF_FEE,50,MRU,1589,PLATFORM,COLLECTED,2024-08-19T12:28:46.887Z
36922,86531,TX20240318561369,PAY_FEE,735,MRU,3598,MERCHANT,COLLECTED,2024-03-18T10:41:02.369Z
36923,86532,TX20240511341222,PAY_FEE,41,MRU,10727,MERCHANT,COLLECTED,2024-05-11T17:02:35.066Z
36924,86538,TX20240814629994,TRF_FEE,50,MRU,2533,PLATFORM,COLLECTED,2024-08-14T16:47:34.344Z
36925,86543,TX20240812791563,TRF_FEE,25,MRU,9086,PLATFORM,COLLECTED,2024-08-12T05:07:04.156Z
36926,86545,TX20240519054477,WIT_FEE,50,MRU,7273,PLATFORM,COLLECTED,2024-05-19T14:39:32.655Z
36927,86547,TX20240717251906,TRF_FEE,25,MRU,7712,PLATFORM,COLLECTED,2024-07-17T08:11:14.655Z
36928,86549,TX20240605580011,TRF_FEE,25,MRU,1377,PLATFORM,COLLECTED,2024-06-05T07:01:08.788Z
36929,86551,TX20241005281973,TRF_FEE,10,MRU,6421,PLATFORM,COLLECTED,2024-10-05T06:54:14.221Z
36930,86553,TX20240223293208,TRF_FEE,25,MRU,4777,PLATFORM,COLLECTED,2024-02-23T13:41:19.730Z
36931,86554,TX20241223127963,WIT_FEE,50,MRU,4052,PLATFORM,COLLECTED,2024-12-23T19:20:12.513Z
36932,86557,TX20240731122215,WIT_FEE,61,MRU,5159,PLATFORM,COLLECTED,2024-07-31T09:04:02.670Z
36933,86561,TX20240222129314,TRF_FEE,50,MRU,7630,PLATFORM,COLLECTED,2024-02-22T05:56:23.828Z
36934,86566,TX20240601626976,PAY_FEE,23,MRU,6486,MERCHANT,COLLECTED,2024-06-01T08:24:12.321Z
36935,86570,TX20240317272683,PAY_FEE,9,MRU,5245,MERCHANT,COLLECTED,2024-03-17T10:57:01.293Z
36936,86573,TX20241114171974,TRF_FEE,25,MRU,10392,PLATFORM,COLLECTED,2024-11-14T13:14:23.145Z
36937,86576,TX20240127891829,TRF_FEE,50,MRU,6052,PLATFORM,COLLECTED,2024-01-27T10:37:12.496Z
36938,86579,TX20240405222473,PAY_FEE,99,MRU,2679,MERCHANT,COLLECTED,2024-04-05T14:10:56.012Z
36939,86581,TX20240507478896,TRF_FEE,25,MRU,7768,PLATFORM,COLLECTED,2024-05-07T20:37:09.078Z
36940,86583,TX20241128823558,TRF_FEE,25,MRU,2171,PLATFORM,COLLECTED,2024-11-28T10:47:49.088Z
36941,86584,TX20240402654460,WIT_FEE,200,MRU,1565,PLATFORM,COLLECTED,2024-04-02T18:52:16.212Z
36942,86585,TX20240327161545,WIT_FEE,50,MRU,970,PLATFORM,COLLECTED,2024-03-27T17:33:43.803Z
36943,86586,TX20240630773222,TRF_FEE,50,MRU,4305,PLATFORM,COLLECTED,2024-06-30T15:34:11.499Z
36944,86589,TX20240904903358,PAY_FEE,20,MRU,2261,MERCHANT,COLLECTED,2024-09-04T13:35:10.282Z
36945,86595,TX20240614695314,TRF_FEE,25,MRU,2572,PLATFORM,COLLECTED,2024-06-14T10:16:23.417Z
36946,86598,TX20240504571784,TRF_FEE,50,MRU,8686,PLATFORM,COLLECTED,2024-05-04T17:25:22.179Z
36947,86599,TX20240909194009,WIT_FEE,50,MRU,2630,PLATFORM,COLLECTED,2024-09-09T18:41:51.650Z
36948,86600,TX20241110917215,WIT_FEE,50,MRU,2607,PLATFORM,COLLECTED,2024-11-10T14:53:50.977Z
36949,86602,TX20240601545296,TRF_FEE,10,MRU,1683,PLATFORM,COLLECTED,2024-06-01T14:26:47.548Z
36950,86603,TX20240524955703,TRF_FEE,50,MRU,10649,PLATFORM,COLLECTED,2024-05-24T19:38:39.051Z
36951,86606,TX20240422988773,TRF_FEE,50,MRU,6531,PLATFORM,COLLECTED,2024-04-22T08:52:31.646Z
36952,86607,TX20240629370491,PAY_FEE,315,MRU,10194,MERCHANT,COLLECTED,2024-06-29T07:12:42.859Z
36953,86609,TX20240429903777,PAY_FEE,26,MRU,4788,MERCHANT,COLLECTED,2024-04-29T09:39:39.412Z
36954,86613,TX20241005837892,TRF_FEE,25,MRU,10673,PLATFORM,COLLECTED,2024-10-05T16:12:56.727Z
36955,86614,TX20240704401955,PAY_FEE,26,MRU,4143,MERCHANT,COLLECTED,2024-07-04T18:19:31.501Z
36956,86621,TX20240225718555,TRF_FEE,25,MRU,18,PLATFORM,COLLECTED,2024-02-25T06:24:03.592Z
36957,86627,TX20240922431075,WIT_FEE,200,MRU,5267,PLATFORM,COLLECTED,2024-09-22T20:07:54.235Z
36958,86638,TX20241129113008,WIT_FEE,50,MRU,10763,PLATFORM,COLLECTED,2024-11-29T19:06:01.915Z
36959,86644,TX20240311935276,WIT_FEE,100,MRU,6639,PLATFORM,COLLECTED,2024-03-11T07:50:56.680Z
36960,86647,TX20240525134339,WIT_FEE,50,MRU,7787,PLATFORM,COLLECTED,2024-05-25T12:50:21.462Z
36961,86651,TX20240501172279,TRF_FEE,25,MRU,3300,PLATFORM,COLLECTED,2024-05-01T08:03:04.973Z
36962,86659,TX20240619247582,PAY_FEE,7,MRU,4770,MERCHANT,COLLECTED,2024-06-19T15:39:23.863Z
36963,86661,TX20240703236754,TRF_FEE,50,MRU,5671,PLATFORM,COLLECTED,2024-07-03T04:34:21.919Z
36964,86664,TX20240603587526,SAL_FEE,2160,MRU,488,PLATFORM,COLLECTED,2024-06-03T09:51:04.499Z
36965,86671,TX20240314048016,PAY_FEE,137,MRU,6718,MERCHANT,COLLECTED,2024-03-14T20:47:06.023Z
36966,86675,TX20240413379649,WIT_FEE,50,MRU,6952,PLATFORM,COLLECTED,2024-04-13T10:34:16.702Z
36967,86677,TX20241122777364,TRF_FEE,25,MRU,388,PLATFORM,COLLECTED,2024-11-22T08:23:28.900Z
36968,86679,TX20240913446434,WIT_FEE,200,MRU,3162,PLATFORM,COLLECTED,2024-09-13T15:03:22.649Z
36969,86680,TX20241203953486,TRF_FEE,50,MRU,516,PLATFORM,COLLECTED,2024-12-03T14:32:58.725Z
36970,86681,TX20240923457423,BIL_FEE,100,MRU,689,PLATFORM,COLLECTED,2024-09-23T06:05:08.351Z
36971,86684,TX20240905326481,TRF_FEE,25,MRU,9621,PLATFORM,COLLECTED,2024-09-05T19:57:16.624Z
36972,86685,TX20240722877128,WIT_FEE,50,MRU,7124,PLATFORM,COLLECTED,2024-07-22T15:59:01.666Z
36973,86692,TX20241011249152,WIT_FEE,50,MRU,5250,PLATFORM,COLLECTED,2024-10-11T08:01:18.168Z
36974,86693,TX20241216885506,WIT_FEE,280,MRU,10817,PLATFORM,COLLECTED,2024-12-16T11:57:07.077Z
36975,86696,TX20240925152872,PAY_FEE,53,MRU,9519,MERCHANT,COLLECTED,2024-09-25T10:19:31.734Z
36976,86701,TX20240910864405,WIT_FEE,50,MRU,8913,PLATFORM,COLLECTED,2024-09-10T20:12:43.441Z
36977,86704,TX20240731829521,TRF_FEE,50,MRU,1116,PLATFORM,COLLECTED,2024-07-31T09:05:55.153Z
36978,86712,TX20240701391346,TRF_FEE,10,MRU,10874,PLATFORM,COLLECTED,2024-07-01T09:47:05.722Z
36979,86713,TX20240512794561,PAY_FEE,47,MRU,5935,MERCHANT,COLLECTED,2024-05-12T19:54:01.733Z
36980,86715,TX20241120469951,PAY_FEE,45,MRU,2078,MERCHANT,COLLECTED,2024-11-20T08:13:12.076Z
36981,86719,TX20241201280988,WIT_FEE,140,MRU,3270,PLATFORM,COLLECTED,2024-12-01T08:03:24.456Z
36982,86724,TX20240819018763,TRF_FEE,50,MRU,3817,PLATFORM,COLLECTED,2024-08-19T13:49:47.573Z
36983,86733,TX20240110583632,WIT_FEE,50,MRU,8924,PLATFORM,COLLECTED,2024-01-10T18:02:02.585Z
36984,86737,TX20240321843086,WIT_FEE,50,MRU,3047,PLATFORM,COLLECTED,2024-03-21T14:11:26.406Z
36985,86738,TX20241123558348,TRF_FEE,50,MRU,10879,PLATFORM,COLLECTED,2024-11-23T16:37:04.224Z
36986,86739,TX20240923292323,WIT_FEE,63,MRU,1395,PLATFORM,COLLECTED,2024-09-23T10:32:43.149Z
36987,86740,TX20240412127963,WIT_FEE,50,MRU,5680,PLATFORM,COLLECTED,2024-04-12T19:56:20.206Z
36988,86745,TX20240708402299,PAY_FEE,12,MRU,10382,MERCHANT,COLLECTED,2024-07-08T17:42:30.557Z
36989,86752,TX20240601543764,PAY_FEE,23,MRU,6486,MERCHANT,COLLECTED,2024-06-01T08:24:12.321Z
36990,86753,TX20241219053982,SAL_FEE,1030,MRU,1713,PLATFORM,COLLECTED,2024-12-19T10:43:59.833Z
36991,86754,TX20241102097871,TRF_FEE,50,MRU,6681,PLATFORM,COLLECTED,2024-11-02T06:22:57.825Z
36992,86757,TX20240304311954,PAY_FEE,330,MRU,959,MERCHANT,COLLECTED,2024-03-04T07:30:15.908Z
36993,86759,TX20240720171974,PAY_FEE,32,MRU,8970,MERCHANT,COLLECTED,2024-07-20T08:23:08.942Z
36994,86763,TX20240215427623,WIT_FEE,50,MRU,9192,PLATFORM,COLLECTED,2024-02-15T08:56:41.129Z
36995,86764,TX20240515529152,WIT_FEE,50,MRU,6793,PLATFORM,COLLECTED,2024-05-15T11:14:47.160Z
36996,86765,TX20240305888938,TRF_FEE,25,MRU,1831,PLATFORM,COLLECTED,2024-03-05T19:00:14.581Z
36997,86767,TX20241225795784,WIT_FEE,50,MRU,5339,PLATFORM,COLLECTED,2024-12-25T14:09:04.704Z
36998,86769,TX20240920890449,WIT_FEE,50,MRU,8667,PLATFORM,COLLECTED,2024-09-20T12:29:54.369Z
36999,86772,TX20240923094278,WIT_FEE,200,MRU,6100,PLATFORM,COLLECTED,2024-09-23T07:49:50.693Z
37000,86773,TX20240613938891,BIL_FEE,100,MRU,4370,PLATFORM,COLLECTED,2024-06-13T11:44:12.486Z
37001,86774,TX20241108830936,TRF_FEE,50,MRU,2420,PLATFORM,COLLECTED,2024-11-08T09:45:15.037Z
37002,86777,TX20240420394072,WIT_FEE,50,MRU,2914,PLATFORM,COLLECTED,2024-04-20T05:31:12.502Z
37003,86781,TX20241004168971,PAY_FEE,32,MRU,4662,MERCHANT,COLLECTED,2024-10-04T15:40:24.453Z
37004,86783,TX20240723082403,WIT_FEE,50,MRU,8652,PLATFORM,COLLECTED,2024-07-23T04:12:07.627Z
37005,86786,TX20241004423266,WIT_FEE,500,MRU,9519,PLATFORM,COLLECTED,2024-10-04T18:17:16.290Z
37006,86787,TX20240107823449,WIT_FEE,50,MRU,2468,PLATFORM,COLLECTED,2024-01-07T16:41:34.648Z
37007,86789,TX20240614821751,TRF_FEE,25,MRU,10287,PLATFORM,COLLECTED,2024-06-14T15:51:59.985Z
37008,86793,TX20240316312583,TRF_FEE,25,MRU,3287,PLATFORM,COLLECTED,2024-03-16T08:42:51.924Z
37009,86795,TX20240429053904,PAY_FEE,26,MRU,4788,MERCHANT,COLLECTED,2024-04-29T09:39:39.412Z
37010,86798,TX20241121478022,TRF_FEE,50,MRU,1981,PLATFORM,COLLECTED,2024-11-21T06:25:30.162Z
37011,86816,TX20241108073961,TRF_FEE,25,MRU,736,PLATFORM,COLLECTED,2024-11-08T07:43:46.670Z
37012,86817,TX20240827405561,SAL_FEE,345,MRU,2143,PLATFORM,COLLECTED,2024-08-27T13:50:17.631Z
37013,86819,TX20240829379427,TRF_FEE,50,MRU,8462,PLATFORM,COLLECTED,2024-08-29T07:00:01.733Z
37014,86824,TX20241206568823,BIL_FEE,100,MRU,2107,PLATFORM,COLLECTED,2024-12-06T07:01:54.977Z
37015,86825,TX20241219302854,TRF_FEE,25,MRU,8179,PLATFORM,COLLECTED,2024-12-19T18:17:00.203Z
37016,86827,TX20240516311948,TRF_FEE,50,MRU,3630,PLATFORM,COLLECTED,2024-05-16T06:52:08.892Z
37017,86830,TX20240311431036,WIT_FEE,100,MRU,6639,PLATFORM,COLLECTED,2024-03-11T07:50:56.680Z
37018,86831,TX20240629772204,TRF_FEE,50,MRU,5000,PLATFORM,COLLECTED,2024-06-29T11:17:51.717Z
37019,86837,TX20240327742268,WIT_FEE,50,MRU,6725,PLATFORM,COLLECTED,2024-03-27T06:04:58.297Z
37020,86843,TX20240731522945,WIT_FEE,50,MRU,9773,PLATFORM,COLLECTED,2024-07-31T19:11:44.294Z
37021,86844,TX20240812710849,PAY_FEE,62,MRU,7259,MERCHANT,COLLECTED,2024-08-12T11:57:05.236Z
37022,86845,TX20240521247582,TRF_FEE,50,MRU,10340,PLATFORM,COLLECTED,2024-05-21T16:25:08.096Z
37023,86847,TX20240111946887,TRF_FEE,50,MRU,9028,PLATFORM,COLLECTED,2024-01-11T14:21:55.512Z
37024,86848,TX20240803404718,WIT_FEE,200,MRU,2443,PLATFORM,COLLECTED,2024-08-03T06:43:31.024Z
37025,86850,TX20240130692964,TRF_FEE,50,MRU,829,PLATFORM,COLLECTED,2024-01-30T20:25:23.857Z
37026,86851,TX20240315531015,WIT_FEE,50,MRU,9932,PLATFORM,COLLECTED,2024-03-15T14:42:53.205Z
37027,86854,TX20241101018076,TRF_FEE,25,MRU,2370,PLATFORM,COLLECTED,2024-11-01T15:25:03.888Z
37028,86857,TX20240314778182,PAY_FEE,137,MRU,6718,MERCHANT,COLLECTED,2024-03-14T20:47:06.023Z
37029,86860,TX20240409527591,WIT_FEE,100,MRU,1388,PLATFORM,COLLECTED,2024-04-09T15:25:52.431Z
37030,86861,TX20240529679285,WIT_FEE,50,MRU,5455,PLATFORM,COLLECTED,2024-05-29T13:16:42.630Z
37031,86863,TX20240224734809,BIL_FEE,100,MRU,2106,PLATFORM,COLLECTED,2024-02-24T10:28:54.035Z
37032,86867,TX20240503845917,WIT_FEE,370,MRU,5539,PLATFORM,COLLECTED,2024-05-03T08:26:34.934Z
37033,86868,TX20240405068416,TRF_FEE,25,MRU,6946,PLATFORM,COLLECTED,2024-04-05T06:52:16.002Z
37034,86869,TX20240606292945,PAY_FEE,110,MRU,9558,MERCHANT,COLLECTED,2024-06-06T13:04:21.386Z
37035,86871,TX20241007646449,TRF_FEE,10,MRU,6707,PLATFORM,COLLECTED,2024-10-07T20:00:36.196Z
37036,86873,TX20241202248670,BIL_FEE,100,MRU,8285,PLATFORM,COLLECTED,2024-12-02T13:05:27.986Z
37037,86875,TX20240417445532,WIT_FEE,50,MRU,1009,PLATFORM,COLLECTED,2024-04-17T05:44:25.714Z
37038,86877,TX20240528076236,TRF_FEE,25,MRU,6786,PLATFORM,COLLECTED,2024-05-28T08:23:12.813Z
37039,86878,TX20240409552074,TRF_FEE,10,MRU,9991,PLATFORM,COLLECTED,2024-04-09T13:28:08.552Z
37040,86879,TX20241201558598,SAL_FEE,2415,MRU,588,PLATFORM,COLLECTED,2024-12-01T16:11:15.792Z
37041,86881,TX20240727029067,WIT_FEE,50,MRU,6069,PLATFORM,COLLECTED,2024-07-27T15:34:09.962Z
37042,86882,TX20240412443929,PAY_FEE,36,MRU,3121,MERCHANT,COLLECTED,2024-04-12T17:55:38.539Z
37043,86883,TX20240120437255,TRF_FEE,25,MRU,5074,PLATFORM,COLLECTED,2024-01-20T15:54:11.152Z
37044,86884,TX20240915488516,WIT_FEE,50,MRU,10729,PLATFORM,COLLECTED,2024-09-14T23:51:23.200Z
37045,86888,TX20241207933189,WIT_FEE,50,MRU,6195,PLATFORM,COLLECTED,2024-12-07T10:43:04.386Z
37046,86891,TX20240520922474,TRF_FEE,50,MRU,6118,PLATFORM,COLLECTED,2024-05-20T07:44:49.438Z
37047,86892,TX20240125056749,WIT_FEE,50,MRU,3814,PLATFORM,COLLECTED,2024-01-25T13:01:29.432Z
37048,86894,TX20240719350773,TRF_FEE,50,MRU,9181,PLATFORM,COLLECTED,2024-07-19T14:19:51.736Z
37049,86896,TX20241009687565,WIT_FEE,50,MRU,1149,PLATFORM,COLLECTED,2024-10-09T10:18:08.326Z
37050,86897,TX20240910808216,TRF_FEE,25,MRU,6074,PLATFORM,COLLECTED,2024-09-10T14:49:54.223Z
37051,86898,TX20240201908381,PAY_FEE,39,MRU,8293,MERCHANT,COLLECTED,2024-02-01T16:59:14.507Z
37052,86902,TX20240918399539,WIT_FEE,50,MRU,4431,PLATFORM,COLLECTED,2024-09-18T09:26:23.098Z
37053,86906,TX20241223454076,TRF_FEE,25,MRU,1345,PLATFORM,COLLECTED,2024-12-23T07:23:32.841Z
37054,86910,TX20240330159925,SAL_FEE,615,MRU,1962,PLATFORM,COLLECTED,2024-03-30T16:02:59.534Z
37055,86911,TX20240905157318,PAY_FEE,20,MRU,2264,MERCHANT,COLLECTED,2024-09-05T07:37:23.169Z
37056,86915,TX20240812559577,TRF_FEE,25,MRU,9086,PLATFORM,COLLECTED,2024-08-12T05:07:04.156Z
37057,86923,TX20240527281973,TRF_FEE,50,MRU,2459,PLATFORM,COLLECTED,2024-05-27T15:07:54.234Z
37058,86929,TX20240518404613,TRF_FEE,25,MRU,7223,PLATFORM,COLLECTED,2024-05-18T05:02:40.466Z
37059,86932,TX20240825721759,PAY_FEE,26,MRU,8962,MERCHANT,COLLECTED,2024-08-25T14:09:25.617Z
37060,86935,TX20240206894363,WIT_FEE,50,MRU,4521,PLATFORM,COLLECTED,2024-02-06T18:38:02.188Z
37061,86936,TX20240527309245,WIT_FEE,50,MRU,1246,PLATFORM,COLLECTED,2024-05-27T20:40:55.560Z
37062,86938,TX20240318336901,TRF_FEE,50,MRU,9127,PLATFORM,COLLECTED,2024-03-18T10:35:05.246Z
37063,86939,TX20240919109654,WIT_FEE,86,MRU,528,PLATFORM,COLLECTED,2024-09-19T21:49:09.346Z
37064,86942,TX20240622412800,WIT_FEE,50,MRU,3910,PLATFORM,COLLECTED,2024-06-22T17:00:41.783Z
37065,86945,TX20240330171974,TRF_FEE,50,MRU,7388,PLATFORM,COLLECTED,2024-03-30T11:08:56.812Z
37066,86950,TX20240509810411,WIT_FEE,50,MRU,1777,PLATFORM,COLLECTED,2024-05-09T09:28:14.790Z
37067,86951,TX20240405888938,PAY_FEE,99,MRU,2679,MERCHANT,COLLECTED,2024-04-05T14:10:56.012Z
37068,86953,TX20240817593870,SAL_FEE,1060,MRU,7000,PLATFORM,COLLECTED,2024-08-17T07:04:42.482Z
37069,86955,TX20240718253952,PAY_FEE,18,MRU,9125,MERCHANT,COLLECTED,2024-07-18T11:54:22.784Z
37070,86960,TX20240404947994,PAY_FEE,20,MRU,8087,MERCHANT,COLLECTED,2024-04-04T05:13:59.080Z
37071,86961,TX20240904375601,PAY_FEE,20,MRU,2261,MERCHANT,COLLECTED,2024-09-04T13:35:10.282Z
37072,86964,TX20240211191477,TRF_FEE,50,MRU,826,PLATFORM,COLLECTED,2024-02-11T10:21:17.589Z
37073,86965,TX20240503148589,TRF_FEE,25,MRU,1490,PLATFORM,COLLECTED,2024-05-03T14:52:40.150Z
37074,86967,TX20240923103504,PAY_FEE,33,MRU,3008,MERCHANT,COLLECTED,2024-09-23T14:24:27.421Z
37075,86969,TX20240405068077,PAY_FEE,36,MRU,6923,MERCHANT,COLLECTED,2024-04-05T13:01:12.121Z
37076,86970,TX20241226584600,TRF_FEE,50,MRU,4674,PLATFORM,COLLECTED,2024-12-26T11:32:20.890Z
37077,86973,TX20240508058895,TRF_FEE,10,MRU,7147,PLATFORM,COLLECTED,2024-05-08T04:45:41.574Z
37078,86978,TX20240409363624,PAY_FEE,62,MRU,9166,MERCHANT,COLLECTED,2024-04-09T11:20:45.267Z
37079,86980,TX20241010200076,SAL_FEE,1125,MRU,6129,PLATFORM,COLLECTED,2024-10-10T10:02:18.195Z
37080,86983,TX20240107153021,TRF_FEE,50,MRU,9529,PLATFORM,COLLECTED,2024-01-07T13:24:29.901Z
37081,86986,TX20240410488731,SAL_FEE,1455,MRU,4449,PLATFORM,COLLECTED,2024-04-10T15:28:25.494Z
37082,86987,TX20240421637446,PAY_FEE,77,MRU,4132,MERCHANT,COLLECTED,2024-04-21T10:58:16.556Z
37083,86989,TX20240225016988,WIT_FEE,200,MRU,10806,PLATFORM,COLLECTED,2024-02-25T15:57:43.973Z
37084,86998,TX20240520557479,PAY_FEE,4,MRU,4297,MERCHANT,COLLECTED,2024-05-20T08:53:34.808Z
37085,87000,TX20240419019311,TRF_FEE,50,MRU,3253,PLATFORM,COLLECTED,2024-04-19T19:48:25.896Z
37086,87001,TX20240201303717,PAY_FEE,450,MRU,2956,MERCHANT,COLLECTED,2024-02-01T16:31:58.013Z
37087,87006,TX20240808651629,TRF_FEE,25,MRU,2127,PLATFORM,COLLECTED,2024-08-08T13:03:29.764Z
37088,87007,TX20240706762860,TRF_FEE,50,MRU,10396,PLATFORM,COLLECTED,2024-07-06T04:54:33.152Z
37089,87008,TX20240518510843,TRF_FEE,25,MRU,3715,PLATFORM,COLLECTED,2024-05-18T13:44:19.688Z
37090,87010,TX20240827908769,TRF_FEE,25,MRU,1240,PLATFORM,COLLECTED,2024-08-27T13:21:00.355Z
37091,87016,TX20240627054097,TRF_FEE,25,MRU,5548,PLATFORM,COLLECTED,2024-06-27T15:43:17.982Z
37092,87017,TX20241004130176,TRF_FEE,25,MRU,5732,PLATFORM,COLLECTED,2024-10-04T13:19:28.475Z
37093,87018,TX20240622747795,TRF_FEE,50,MRU,464,PLATFORM,COLLECTED,2024-06-22T14:42:53.683Z
37094,87019,TX20240204134339,WIT_FEE,100,MRU,3923,PLATFORM,COLLECTED,2024-02-04T10:23:29.841Z
37095,87023,TX20240122394224,WIT_FEE,50,MRU,4288,PLATFORM,COLLECTED,2024-01-22T07:58:17.608Z
37096,87025,TX20241103587405,TRF_FEE,25,MRU,4381,PLATFORM,COLLECTED,2024-11-03T16:49:33.227Z
37097,87026,TX20240312959003,WIT_FEE,61,MRU,2175,PLATFORM,COLLECTED,2024-03-12T11:55:55.377Z
37098,87028,TX20240523674524,TRF_FEE,50,MRU,4083,PLATFORM,COLLECTED,2024-05-23T10:25:45.827Z
37099,87030,TX20240930920072,TRF_FEE,25,MRU,2030,PLATFORM,COLLECTED,2024-09-30T16:10:27.310Z
37100,87032,TX20240410187896,WIT_FEE,110,MRU,2686,PLATFORM,COLLECTED,2024-04-10T10:39:49.219Z
37101,87033,TX20240417007532,PAY_FEE,71,MRU,8562,MERCHANT,COLLECTED,2024-04-17T13:20:19.946Z
37102,87036,TX20240522913787,TRF_FEE,25,MRU,9377,PLATFORM,COLLECTED,2024-05-22T16:04:29.044Z
37103,87038,TX20240718971702,PAY_FEE,102,MRU,4332,MERCHANT,COLLECTED,2024-07-18T08:44:25.848Z
37104,87040,TX20240608654792,WIT_FEE,100,MRU,9588,PLATFORM,COLLECTED,2024-06-08T14:51:38.811Z
37105,87045,TX20240520121099,TRF_FEE,10,MRU,2674,PLATFORM,COLLECTED,2024-05-20T17:50:43.598Z
37106,87049,TX20240903777364,WIT_FEE,50,MRU,9932,PLATFORM,COLLECTED,2024-09-03T17:09:23.482Z
37107,87052,TX20240719953486,TRF_FEE,25,MRU,10576,PLATFORM,COLLECTED,2024-07-19T19:43:02.718Z
37108,87053,TX20240923557137,BIL_FEE,100,MRU,689,PLATFORM,COLLECTED,2024-09-23T06:05:08.351Z
37109,87055,TX20240521291689,WIT_FEE,50,MRU,7194,PLATFORM,COLLECTED,2024-05-21T16:22:43.744Z
37110,87058,TX20240309498121,BIL_FEE,100,MRU,1023,PLATFORM,COLLECTED,2024-03-09T13:12:22.713Z
37111,87062,TX20240814089712,TRF_FEE,25,MRU,7590,PLATFORM,COLLECTED,2024-08-14T13:49:37.212Z
37112,87063,TX20240902752875,PAY_FEE,72,MRU,5489,MERCHANT,COLLECTED,2024-09-02T10:03:18.110Z
37113,87065,TX20241121558598,WIT_FEE,100,MRU,2216,PLATFORM,COLLECTED,2024-11-21T13:59:55.724Z
37114,87067,TX20240927818305,TRF_FEE,50,MRU,2528,PLATFORM,COLLECTED,2024-09-27T13:09:57.547Z
37115,87074,TX20241217426753,BIL_FEE,100,MRU,8037,PLATFORM,COLLECTED,2024-12-17T05:23:56.330Z
37116,87077,TX20240312445298,WIT_FEE,50,MRU,222,PLATFORM,COLLECTED,2024-03-12T16:49:26.552Z
37117,87083,TX20241109455195,TRF_FEE,10,MRU,5536,PLATFORM,COLLECTED,2024-11-09T14:08:38.101Z
37118,87085,TX20240806741876,WIT_FEE,50,MRU,5845,PLATFORM,COLLECTED,2024-08-06T14:13:08.556Z
37119,87086,TX20240607431941,SAL_FEE,1250,MRU,5042,PLATFORM,COLLECTED,2024-06-07T14:17:48.590Z
37120,87087,TX20240804130515,WIT_FEE,290,MRU,451,PLATFORM,COLLECTED,2024-08-04T11:06:04.565Z
37121,87088,TX20240525950848,TRF_FEE,50,MRU,3107,PLATFORM,COLLECTED,2024-05-25T06:24:42.102Z
37122,87092,TX20240204815796,SAL_FEE,1880,MRU,10601,PLATFORM,COLLECTED,2024-02-04T11:32:50.122Z
37123,87093,TX20241123141448,PAY_FEE,18,MRU,1050,MERCHANT,COLLECTED,2024-11-23T05:34:31.984Z
37124,87094,TX20240730657171,WIT_FEE,50,MRU,9335,PLATFORM,COLLECTED,2024-07-30T16:34:44.490Z
37125,87096,TX20240714312994,SAL_FEE,1255,MRU,4473,PLATFORM,COLLECTED,2024-07-14T07:09:19.085Z
37126,87097,TX20240314560195,TRF_FEE,10,MRU,2474,PLATFORM,COLLECTED,2024-03-14T14:23:10.204Z
37127,87108,TX20241117197905,PAY_FEE,225,MRU,644,MERCHANT,COLLECTED,2024-11-17T10:45:05.357Z
37128,87112,TX20240412788752,WIT_FEE,50,MRU,5680,PLATFORM,COLLECTED,2024-04-12T19:56:20.206Z
37129,87119,TX20240503140935,TRF_FEE,50,MRU,1586,PLATFORM,COLLECTED,2024-05-03T15:49:18.460Z
37130,87124,TX20240318648996,TRF_FEE,50,MRU,9127,PLATFORM,COLLECTED,2024-03-18T10:35:05.246Z
37131,87127,TX20241128958550,TRF_FEE,25,MRU,2380,PLATFORM,COLLECTED,2024-11-28T10:01:08.970Z
37132,87131,TX20240720472002,PAY_FEE,32,MRU,8970,MERCHANT,COLLECTED,2024-07-20T08:23:08.942Z
37133,87133,TX20241109146566,TRF_FEE,25,MRU,7287,PLATFORM,COLLECTED,2024-11-09T06:05:18.628Z
37134,87136,TX20240515078643,WIT_FEE,50,MRU,6793,PLATFORM,COLLECTED,2024-05-15T11:14:47.160Z
37135,87138,TX20241109932107,PAY_FEE,17,MRU,7549,MERCHANT,COLLECTED,2024-11-09T08:07:54.872Z
37136,87139,TX20240817930535,SAL_FEE,1060,MRU,7000,PLATFORM,COLLECTED,2024-08-17T07:04:42.482Z
37137,87141,TX20240718890449,PAY_FEE,18,MRU,9125,MERCHANT,COLLECTED,2024-07-18T11:54:22.784Z
37138,87146,TX20241108858553,TRF_FEE,50,MRU,2420,PLATFORM,COLLECTED,2024-11-08T09:45:15.037Z
37139,87159,TX20241018823449,WIT_FEE,50,MRU,7645,PLATFORM,COLLECTED,2024-10-18T10:21:01.760Z
37140,87163,TX20240604788478,WIT_FEE,50,MRU,5999,PLATFORM,COLLECTED,2024-06-04T16:29:44.639Z
37141,87164,TX20240707288296,PAY_FEE,120,MRU,1154,MERCHANT,COLLECTED,2024-07-07T14:35:10.757Z
37142,87165,TX20240831814771,TRF_FEE,50,MRU,7716,PLATFORM,COLLECTED,2024-08-31T16:29:12.214Z
37143,87168,TX20240731165063,SAL_FEE,1190,MRU,6598,PLATFORM,COLLECTED,2024-07-31T04:00:59.715Z
37144,87170,TX20240308213886,WIT_FEE,50,MRU,480,PLATFORM,COLLECTED,2024-03-08T11:49:25.892Z
37145,87172,TX20240516376161,TRF_FEE,25,MRU,252,PLATFORM,COLLECTED,2024-05-16T08:17:16.977Z
37146,87173,TX20241117980370,TRF_FEE,50,MRU,3593,PLATFORM,COLLECTED,2024-11-17T16:19:30.798Z
37147,87182,TX20240913469304,WIT_FEE,50,MRU,1352,PLATFORM,COLLECTED,2024-09-13T18:30:43.316Z
37148,87183,TX20241118400786,WIT_FEE,440,MRU,2529,PLATFORM,COLLECTED,2024-11-18T13:09:21.644Z
37149,87186,TX20241219382611,WIT_FEE,450,MRU,3744,PLATFORM,COLLECTED,2024-12-19T17:25:53.293Z
37150,87188,TX20240105584507,PAY_FEE,104,MRU,4257,MERCHANT,COLLECTED,2024-01-05T15:57:03.651Z
37151,87191,TX20240829251346,TRF_FEE,50,MRU,8462,PLATFORM,COLLECTED,2024-08-29T07:00:01.733Z
37152,87196,TX20241206351458,BIL_FEE,100,MRU,2107,PLATFORM,COLLECTED,2024-12-06T07:01:54.977Z
37153,87199,TX20240516147049,TRF_FEE,50,MRU,3630,PLATFORM,COLLECTED,2024-05-16T06:52:08.892Z
37154,87200,TX20240925472021,PAY_FEE,5,MRU,10157,MERCHANT,COLLECTED,2024-09-25T06:51:01.360Z
37155,87201,TX20241027400288,WIT_FEE,50,MRU,2345,PLATFORM,COLLECTED,2024-10-27T16:27:20.635Z
37156,87203,TX20240416869800,TRF_FEE,25,MRU,8401,PLATFORM,COLLECTED,2024-04-16T16:43:27.543Z
37157,87211,TX20240930280226,PAY_FEE,3,MRU,46,MERCHANT,COLLECTED,2024-09-30T16:33:13.395Z
37158,87212,TX20241206513302,TRF_FEE,25,MRU,6381,PLATFORM,COLLECTED,2024-12-06T19:22:11.611Z
37159,87215,TX20240419514808,WIT_FEE,50,MRU,3588,PLATFORM,COLLECTED,2024-04-19T16:34:29.114Z
37160,87217,TX20240910535917,PAY_FEE,32,MRU,4872,MERCHANT,COLLECTED,2024-09-10T18:07:54.247Z
37161,87219,TX20240417507496,PAY_FEE,71,MRU,8562,MERCHANT,COLLECTED,2024-04-17T13:20:19.946Z
37162,87224,TX20240604124364,PAY_FEE,45,MRU,3368,MERCHANT,COLLECTED,2024-06-04T16:23:37.171Z
37163,87232,TX20240409507941,WIT_FEE,100,MRU,1388,PLATFORM,COLLECTED,2024-04-09T15:25:52.431Z
37164,87235,TX20241122500243,TRF_FEE,25,MRU,388,PLATFORM,COLLECTED,2024-11-22T08:23:28.900Z
37165,87236,TX20240517836872,TRF_FEE,25,MRU,3894,PLATFORM,COLLECTED,2024-05-17T07:45:38.302Z
37166,87238,TX20241221668318,TRF_FEE,25,MRU,10775,PLATFORM,COLLECTED,2024-12-21T16:02:43.959Z
37167,87240,TX20240412168538,WIT_FEE,500,MRU,2993,PLATFORM,COLLECTED,2024-04-12T09:03:12.998Z
37168,87244,TX20240703952818,PAY_FEE,1650,MRU,8764,MERCHANT,COLLECTED,2024-07-03T03:04:53.839Z
37169,87251,TX20240120136358,PAY_FEE,8,MRU,10528,MERCHANT,COLLECTED,2024-01-20T20:22:57.429Z
37170,87254,TX20240715275766,TRF_FEE,25,MRU,6465,PLATFORM,COLLECTED,2024-07-15T08:51:27.573Z
37171,87255,TX20241008867826,TRF_FEE,25,MRU,7417,PLATFORM,COLLECTED,2024-10-08T13:24:35.705Z
37172,87259,TX20240713124086,WIT_FEE,75,MRU,7652,PLATFORM,COLLECTED,2024-07-13T08:50:25.275Z
37173,87264,TX20240125008045,WIT_FEE,50,MRU,3814,PLATFORM,COLLECTED,2024-01-25T13:01:29.432Z
37174,87265,TX20241120303739,WIT_FEE,50,MRU,7035,PLATFORM,COLLECTED,2024-11-20T09:35:59.383Z
37175,87273,TX20241120493508,PAY_FEE,45,MRU,2078,MERCHANT,COLLECTED,2024-11-20T08:13:12.076Z
37176,87281,TX20240411446964,WIT_FEE,50,MRU,10835,PLATFORM,COLLECTED,2024-04-11T12:06:39.405Z
37177,87285,TX20240320486267,PAY_FEE,35,MRU,2845,MERCHANT,COLLECTED,2024-03-20T11:08:12.954Z
37178,87287,TX20240812350734,TRF_FEE,25,MRU,9086,PLATFORM,COLLECTED,2024-08-12T05:07:04.156Z
37179,87295,TX20241005715230,TRF_FEE,10,MRU,6421,PLATFORM,COLLECTED,2024-10-05T06:54:14.221Z
37180,87296,TX20240728775138,TRF_FEE,50,MRU,2493,PLATFORM,COLLECTED,2024-07-28T17:46:37.082Z
37181,87298,TX20240412149581,WIT_FEE,50,MRU,5680,PLATFORM,COLLECTED,2024-04-12T19:56:20.206Z
37182,87306,TX20241125410568,BIL_FEE,100,MRU,10818,PLATFORM,COLLECTED,2024-11-25T08:49:45.281Z
37183,87307,TX20240206035517,WIT_FEE,50,MRU,4521,PLATFORM,COLLECTED,2024-02-06T18:38:02.188Z
37184,87308,TX20241225309245,TRF_FEE,10,MRU,1679,PLATFORM,COLLECTED,2024-12-25T15:55:33.113Z
37185,87313,TX20241128192454,TRF_FEE,25,MRU,2380,PLATFORM,COLLECTED,2024-11-28T10:01:08.970Z
37186,87317,TX20240330472002,TRF_FEE,50,MRU,7388,PLATFORM,COLLECTED,2024-03-30T11:08:56.812Z
37187,87322,TX20241214529152,TRF_FEE,50,MRU,2633,PLATFORM,COLLECTED,2024-12-14T09:21:22.475Z
37188,87323,TX20240305015157,TRF_FEE,25,MRU,1831,PLATFORM,COLLECTED,2024-03-05T19:00:14.581Z
37189,87324,TX20241109680824,PAY_FEE,17,MRU,7549,MERCHANT,COLLECTED,2024-11-09T08:07:54.872Z
37190,87325,TX20240229795784,TRF_FEE,25,MRU,3979,PLATFORM,COLLECTED,2024-02-29T07:42:28.634Z
37191,87327,TX20240718456560,PAY_FEE,18,MRU,9125,MERCHANT,COLLECTED,2024-07-18T11:54:22.784Z
37192,87330,TX20240220311879,PAY_FEE,90,MRU,5506,MERCHANT,COLLECTED,2024-02-20T17:50:41.550Z
37193,87337,TX20240503384175,TRF_FEE,25,MRU,1490,PLATFORM,COLLECTED,2024-05-03T14:52:40.150Z
37194,87342,TX20240709826948,PAY_FEE,180,MRU,10773,MERCHANT,COLLECTED,2024-07-09T06:43:21.195Z
37195,87344,TX20241025966768,WIT_FEE,50,MRU,5201,PLATFORM,COLLECTED,2024-10-25T14:46:05.892Z
37196,87350,TX20240707810768,PAY_FEE,120,MRU,1154,MERCHANT,COLLECTED,2024-07-07T14:35:10.757Z
37197,87352,TX20240805054505,PAY_FEE,60,MRU,8961,MERCHANT,COLLECTED,2024-08-05T10:17:11.851Z
37198,87356,TX20240308694467,WIT_FEE,50,MRU,480,PLATFORM,COLLECTED,2024-03-08T11:49:25.892Z
37199,87358,TX20240415270997,WIT_FEE,240,MRU,3032,PLATFORM,COLLECTED,2024-04-15T08:58:01.983Z
37200,87371,TX20240922516784,WIT_FEE,100,MRU,5267,PLATFORM,COLLECTED,2024-09-22T20:07:54.235Z
37201,87372,TX20240624199215,WIT_FEE,50,MRU,2285,PLATFORM,COLLECTED,2024-06-24T21:16:50.059Z
37202,87375,TX20240311605568,TRF_FEE,25,MRU,4755,PLATFORM,COLLECTED,2024-03-11T06:54:38.666Z
37203,87380,TX20240523332889,SAL_FEE,1660,MRU,2348,PLATFORM,COLLECTED,2024-05-23T09:12:30.875Z
37204,87384,TX20241103403224,SAL_FEE,355,MRU,3018,PLATFORM,COLLECTED,2024-11-03T17:13:20.578Z
37205,87386,TX20240206177738,WIT_FEE,50,MRU,8124,PLATFORM,COLLECTED,2024-02-06T17:02:44.742Z
37206,87391,TX20240701095743,WIT_FEE,50,MRU,3686,PLATFORM,COLLECTED,2024-07-01T16:21:27.706Z
37207,87396,TX20240103650332,WIT_FEE,50,MRU,517,PLATFORM,COLLECTED,2024-01-03T05:04:28.464Z
37208,87397,TX20240930736611,PAY_FEE,3,MRU,46,MERCHANT,COLLECTED,2024-09-30T16:33:13.395Z
37209,87400,TX20240725674524,WIT_FEE,200,MRU,9130,PLATFORM,COLLECTED,2024-07-25T10:23:25.751Z
37210,87402,TX20241024289964,PAY_FEE,36,MRU,10537,MERCHANT,COLLECTED,2024-10-24T07:27:18.183Z
37211,87404,TX20240115349784,TRF_FEE,50,MRU,9110,PLATFORM,COLLECTED,2024-01-15T10:16:25.664Z
37212,87405,TX20241015545295,PAY_FEE,18,MRU,3270,MERCHANT,COLLECTED,2024-10-15T11:34:48.823Z
37213,87406,TX20241116828787,SAL_FEE,1080,MRU,2872,PLATFORM,COLLECTED,2024-11-16T19:51:09.774Z
37214,87408,TX20240522667773,TRF_FEE,25,MRU,9377,PLATFORM,COLLECTED,2024-05-22T16:04:29.044Z
37215,87409,TX20240415900351,SAL_FEE,1465,MRU,9112,PLATFORM,COLLECTED,2024-04-15T16:55:00.676Z
37216,87410,TX20240718872617,PAY_FEE,102,MRU,4332,MERCHANT,COLLECTED,2024-07-18T08:44:25.848Z
37217,87417,TX20240701121099,WIT_FEE,50,MRU,6610,PLATFORM,COLLECTED,2024-07-01T09:52:50.718Z
37218,87421,TX20240224665192,BIL_FEE,100,MRU,2106,PLATFORM,COLLECTED,2024-02-24T10:28:54.035Z
37219,87422,TX20240115718308,TRF_FEE,25,MRU,2143,PLATFORM,COLLECTED,2024-01-15T15:10:31.375Z
37220,87433,TX20240329469670,TRF_FEE,10,MRU,7874,PLATFORM,COLLECTED,2024-03-29T09:03:44.422Z
37221,87437,TX20241121857459,WIT_FEE,100,MRU,2216,PLATFORM,COLLECTED,2024-11-21T13:59:55.724Z
37222,87439,TX20240727851762,WIT_FEE,50,MRU,6069,PLATFORM,COLLECTED,2024-07-27T15:34:09.962Z
37223,87440,TX20241129275766,WIT_FEE,50,MRU,9423,PLATFORM,COLLECTED,2024-11-29T18:38:32.281Z
37224,87441,TX20241008587732,TRF_FEE,25,MRU,7417,PLATFORM,COLLECTED,2024-10-08T13:24:35.705Z
37225,87446,TX20241207291235,WIT_FEE,50,MRU,6195,PLATFORM,COLLECTED,2024-12-07T10:43:04.386Z
37226,87449,TX20241030672182,PAY_FEE,47,MRU,2216,MERCHANT,COLLECTED,2024-10-30T11:33:01.991Z
37227,87450,TX20240612926442,WIT_FEE,50,MRU,5530,PLATFORM,COLLECTED,2024-06-12T08:04:32.027Z
37228,87452,TX20240226936455,PAY_FEE,20,MRU,3006,MERCHANT,COLLECTED,2024-02-26T14:01:25.032Z
37229,87454,TX20241009838032,WIT_FEE,50,MRU,1149,PLATFORM,COLLECTED,2024-10-09T10:18:08.326Z
37230,87456,TX20241226150702,PAY_FEE,65,MRU,5387,MERCHANT,COLLECTED,2024-12-26T09:30:45.543Z
37231,87457,TX20240806300937,WIT_FEE,50,MRU,5845,PLATFORM,COLLECTED,2024-08-06T14:13:08.556Z
37232,87458,TX20240906681475,TRF_FEE,25,MRU,4926,PLATFORM,COLLECTED,2024-09-06T08:48:35.455Z
37233,87463,TX20240618925801,TRF_FEE,50,MRU,1530,PLATFORM,COLLECTED,2024-06-18T18:12:01.601Z
37234,87464,TX20241223101451,TRF_FEE,25,MRU,1345,PLATFORM,COLLECTED,2024-12-23T07:23:32.841Z
37235,87469,TX20240314353233,TRF_FEE,10,MRU,2474,PLATFORM,COLLECTED,2024-03-14T14:23:10.204Z
37236,87470,TX20240619026996,BIL_FEE,100,MRU,9922,PLATFORM,COLLECTED,2024-06-19T19:42:42.244Z
37237,87473,TX20240305497076,WIT_FEE,50,MRU,5184,PLATFORM,COLLECTED,2024-03-05T20:16:03.711Z
37238,87478,TX20240622103159,TRF_FEE,50,MRU,786,PLATFORM,COLLECTED,2024-06-22T19:00:15.933Z
37239,87484,TX20241223788752,WIT_FEE,50,MRU,4052,PLATFORM,COLLECTED,2024-12-23T19:20:12.513Z
37240,87486,TX20241106907055,WIT_FEE,100,MRU,6875,PLATFORM,COLLECTED,2024-11-06T06:04:14.450Z
37241,87487,TX20240515122215,WIT_FEE,50,MRU,7403,PLATFORM,COLLECTED,2024-05-15T13:22:04.040Z
37242,87489,TX20240722175530,TRF_FEE,50,MRU,9541,PLATFORM,COLLECTED,2024-07-22T18:46:07.128Z
37243,87492,TX20240412535109,PAY_FEE,57,MRU,3600,MERCHANT,COLLECTED,2024-04-12T20:50:37.530Z
37244,87500,TX20240317217407,PAY_FEE,9,MRU,5245,MERCHANT,COLLECTED,2024-03-17T10:57:01.293Z
37245,87503,TX20240720571335,PAY_FEE,32,MRU,8970,MERCHANT,COLLECTED,2024-07-20T08:23:08.942Z
37246,87505,TX20240817410326,WIT_FEE,50,MRU,7412,PLATFORM,COLLECTED,2024-08-17T14:07:20.946Z
37247,87511,TX20240229504573,TRF_FEE,25,MRU,3979,PLATFORM,COLLECTED,2024-02-29T07:42:28.634Z
37248,87512,TX20240423956505,TRF_FEE,50,MRU,2001,PLATFORM,COLLECTED,2024-04-23T09:58:06.139Z
37249,87515,TX20240724367329,PAY_FEE,45,MRU,7264,MERCHANT,COLLECTED,2024-07-24T15:48:05.806Z
37250,87516,TX20240910773222,PAY_FEE,32,MRU,2042,MERCHANT,COLLECTED,2024-09-10T12:29:45.581Z
37251,87518,TX20240114858553,WIT_FEE,50,MRU,3534,PLATFORM,COLLECTED,2024-01-14T08:59:04.733Z
37252,87530,TX20241110682533,WIT_FEE,50,MRU,2607,PLATFORM,COLLECTED,2024-11-10T14:53:50.977Z
37253,87531,TX20240612353825,WIT_FEE,200,MRU,5062,PLATFORM,COLLECTED,2024-06-12T06:37:25.801Z
37254,87533,TX20240524663900,TRF_FEE,50,MRU,10649,PLATFORM,COLLECTED,2024-05-24T19:38:39.051Z
37255,87534,TX20241001631345,TRF_FEE,50,MRU,10904,PLATFORM,COLLECTED,2024-10-01T18:13:31.322Z
37256,87535,TX20240716554243,TRF_FEE,25,MRU,5839,PLATFORM,COLLECTED,2024-07-16T20:00:49.738Z
37257,87543,TX20241022837892,PAY_FEE,255,MRU,2224,MERCHANT,COLLECTED,2024-10-22T07:56:43.968Z
37258,87544,TX20240704536215,PAY_FEE,26,MRU,4143,MERCHANT,COLLECTED,2024-07-04T18:19:31.501Z
37259,87553,TX20240525386269,TRF_FEE,50,MRU,7347,PLATFORM,COLLECTED,2024-05-25T20:41:54.632Z
37260,87557,TX20240918762313,TRF_FEE,25,MRU,1949,PLATFORM,COLLECTED,2024-09-18T05:40:08.924Z
37261,87559,TX20240726363526,WIT_FEE,50,MRU,5724,PLATFORM,COLLECTED,2024-07-26T16:47:05.745Z
37262,87563,TX20240308614506,TRF_FEE,50,MRU,9122,PLATFORM,COLLECTED,2024-03-07T23:01:43.766Z
37263,87568,TX20241206006109,BIL_FEE,100,MRU,2107,PLATFORM,COLLECTED,2024-12-06T07:01:54.977Z
37264,87569,TX20240419759101,PAY_FEE,41,MRU,7291,MERCHANT,COLLECTED,2024-04-19T03:12:44.472Z
37265,87570,TX20241103047227,SAL_FEE,355,MRU,3018,PLATFORM,COLLECTED,2024-11-03T17:13:20.578Z
37266,87571,TX20240712311948,TRF_FEE,25,MRU,1599,PLATFORM,COLLECTED,2024-07-12T14:22:05.867Z
37267,87573,TX20240323787906,TRF_FEE,10,MRU,7005,PLATFORM,COLLECTED,2024-03-23T17:46:27.343Z
37268,87577,TX20241103134339,TRF_FEE,25,MRU,6203,PLATFORM,COLLECTED,2024-11-03T10:27:42.332Z
37269,87584,TX20240312299558,WIT_FEE,50,MRU,2175,PLATFORM,COLLECTED,2024-03-12T11:55:55.377Z
37270,87586,TX20241001522118,TRF_FEE,50,MRU,5788,PLATFORM,COLLECTED,2024-10-01T16:22:45.118Z
37271,87594,TX20240118251567,TRF_FEE,10,MRU,5821,PLATFORM,COLLECTED,2024-01-18T14:13:16.642Z
37272,87595,TX20240712425098,WIT_FEE,50,MRU,5895,PLATFORM,COLLECTED,2024-07-12T05:50:29.522Z
37273,87596,TX20241210895821,PAY_FEE,27,MRU,9379,MERCHANT,COLLECTED,2024-12-10T07:49:08.697Z
37274,87604,TX20241130576030,TRF_FEE,25,MRU,574,PLATFORM,COLLECTED,2024-11-30T20:03:45.057Z
37275,87609,TX20240912974732,PAY_FEE,27,MRU,9311,MERCHANT,COLLECTED,2024-09-12T16:18:14.346Z
37276,87611,TX20240202313759,WIT_FEE,200,MRU,4851,PLATFORM,COLLECTED,2024-02-02T12:25:05.981Z
37277,87619,TX20240215994170,SAL_FEE,2320,MRU,7546,PLATFORM,COLLECTED,2024-02-15T06:13:57.521Z
37278,87620,TX20240325006193,TRF_FEE,50,MRU,5959,PLATFORM,COLLECTED,2024-03-25T11:12:48.614Z
37279,87621,TX20240731113818,WIT_FEE,50,MRU,3646,PLATFORM,COLLECTED,2024-07-31T11:08:33.905Z
37280,87624,TX20240726818305,PAY_FEE,13,MRU,2505,MERCHANT,COLLECTED,2024-07-26T07:57:32.227Z
37281,87627,TX20240719051039,SAL_FEE,845,MRU,2632,PLATFORM,COLLECTED,2024-07-19T15:33:37.464Z
37282,87632,TX20240129211859,PAY_FEE,20,MRU,5373,MERCHANT,COLLECTED,2024-01-29T09:51:05.166Z
37283,87633,TX20241025494566,TRF_FEE,25,MRU,2242,PLATFORM,COLLECTED,2024-10-25T09:05:48.003Z
37284,87639,TX20240403743783,WIT_FEE,50,MRU,153,PLATFORM,COLLECTED,2024-04-03T07:51:33.691Z
37285,87661,TX20240814418380,TRF_FEE,10,MRU,6427,PLATFORM,COLLECTED,2024-08-14T14:10:01.942Z
37286,87662,TX20240503634047,PAY_FEE,107,MRU,2761,MERCHANT,COLLECTED,2024-05-03T10:32:17.198Z
37287,87664,TX20240822580011,TRF_FEE,50,MRU,8703,PLATFORM,COLLECTED,2024-08-22T10:09:01.149Z
37288,87667,TX20241204913528,TRF_FEE,50,MRU,6936,PLATFORM,COLLECTED,2024-12-04T15:34:53.780Z
37289,87668,TX20240428061549,TRF_FEE,25,MRU,1651,PLATFORM,COLLECTED,2024-04-28T15:25:32.718Z
37290,87669,TX20241209450182,SAL_FEE,335,MRU,4865,PLATFORM,COLLECTED,2024-12-09T10:12:30.366Z
37291,87670,TX20241108564718,WIT_FEE,50,MRU,7542,PLATFORM,COLLECTED,2024-11-08T10:53:48.130Z
37292,87671,TX20240613970935,WIT_FEE,50,MRU,7082,PLATFORM,COLLECTED,2024-06-13T13:11:34.699Z
37293,87672,TX20240125122215,WIT_FEE,50,MRU,4340,PLATFORM,COLLECTED,2024-01-25T06:40:27.655Z
37294,87674,TX20241209730727,TRF_FEE,25,MRU,9400,PLATFORM,COLLECTED,2024-12-09T16:07:07.864Z
37295,87675,TX20241023445670,TRF_FEE,50,MRU,3599,PLATFORM,COLLECTED,2024-10-23T09:18:49.597Z
37296,87676,TX20240909861082,PAY_FEE,13,MRU,8181,MERCHANT,COLLECTED,2024-09-09T16:08:38.647Z
37297,87684,TX20241128030751,TRF_FEE,25,MRU,2380,PLATFORM,COLLECTED,2024-11-28T10:01:08.970Z
37298,87688,TX20240525083712,WIT_FEE,100,MRU,4352,PLATFORM,COLLECTED,2024-05-25T07:56:48.669Z
37299,87693,TX20240509718801,WIT_FEE,50,MRU,1777,PLATFORM,COLLECTED,2024-05-09T09:28:14.790Z
37300,87694,TX20240830330333,WIT_FEE,50,MRU,6432,PLATFORM,COLLECTED,2024-08-30T07:56:00.241Z
37301,87698,TX20241013780309,WIT_FEE,50,MRU,5642,PLATFORM,COLLECTED,2024-10-13T16:05:11.635Z
37302,87700,TX20240503367329,WIT_FEE,200,MRU,8877,PLATFORM,COLLECTED,2024-05-03T08:48:33.722Z
37303,87707,TX20241026395102,WIT_FEE,50,MRU,2921,PLATFORM,COLLECTED,2024-10-26T13:53:43.201Z
37304,87709,TX20240730137798,PAY_FEE,42,MRU,5847,MERCHANT,COLLECTED,2024-07-30T15:37:51.744Z
37305,87712,TX20241222152850,TRF_FEE,10,MRU,2484,PLATFORM,COLLECTED,2024-12-22T08:06:15.391Z
37306,87714,TX20241120415407,TRF_FEE,25,MRU,10211,PLATFORM,COLLECTED,2024-11-20T13:30:12.667Z
37307,87715,TX20241025204262,WIT_FEE,50,MRU,5201,PLATFORM,COLLECTED,2024-10-25T14:46:05.892Z
37308,87717,TX20240609521916,TRF_FEE,50,MRU,5376,PLATFORM,COLLECTED,2024-06-09T15:32:09.172Z
37309,87728,TX20241022554963,PAY_FEE,255,MRU,2224,MERCHANT,COLLECTED,2024-10-22T07:56:43.968Z
37310,87730,TX20241117273966,TRF_FEE,50,MRU,3593,PLATFORM,COLLECTED,2024-11-17T16:19:30.798Z
37311,87731,TX20240907875879,TRF_FEE,50,MRU,10734,PLATFORM,COLLECTED,2024-09-07T15:10:54.840Z
37312,87732,TX20240521973680,WIT_FEE,50,MRU,6163,PLATFORM,COLLECTED,2024-05-21T16:48:30.128Z
37313,87736,TX20240123177296,TRF_FEE,25,MRU,2308,PLATFORM,COLLECTED,2024-01-23T14:00:58.422Z
37314,87740,TX20240823369030,WIT_FEE,440,MRU,7259,PLATFORM,COLLECTED,2024-08-23T08:42:52.537Z
37315,87742,TX20240305596480,BIL_FEE,100,MRU,1349,PLATFORM,COLLECTED,2024-03-05T17:37:28.244Z
37316,87743,TX20240419827315,TRF_FEE,50,MRU,3253,PLATFORM,COLLECTED,2024-04-19T19:48:25.896Z
37317,87745,TX20241021829741,TRF_FEE,50,MRU,7534,PLATFORM,COLLECTED,2024-10-21T13:01:48.013Z
37318,87747,TX20240814467815,TRF_FEE,50,MRU,3197,PLATFORM,COLLECTED,2024-08-14T13:51:01.220Z
37319,87748,TX20240829334724,TRF_FEE,50,MRU,8462,PLATFORM,COLLECTED,2024-08-29T07:00:01.733Z
37320,87754,TX20240419192592,PAY_FEE,41,MRU,7291,MERCHANT,COLLECTED,2024-04-19T03:12:44.472Z
37321,87755,TX20241113372262,PAY_FEE,32,MRU,516,MERCHANT,COLLECTED,2024-11-13T09:20:34.272Z
37322,87756,TX20240516597389,TRF_FEE,50,MRU,3630,PLATFORM,COLLECTED,2024-05-16T06:52:08.892Z
37323,87759,TX20240311553833,WIT_FEE,100,MRU,6639,PLATFORM,COLLECTED,2024-03-11T07:50:56.680Z
37324,87762,TX20240701985816,WIT_FEE,50,MRU,3686,PLATFORM,COLLECTED,2024-07-01T16:21:27.706Z
37325,87768,TX20240725587405,PAY_FEE,45,MRU,9,MERCHANT,COLLECTED,2024-07-25T08:23:00.360Z
37326,87769,TX20240312742469,WIT_FEE,50,MRU,2175,PLATFORM,COLLECTED,2024-03-12T11:55:55.377Z
37327,87770,TX20241211042463,TRF_FEE,25,MRU,6649,PLATFORM,COLLECTED,2024-12-11T17:59:37.495Z
37328,87773,TX20240307519835,PAY_FEE,14,MRU,6913,MERCHANT,COLLECTED,2024-03-07T11:18:10.955Z
37329,87774,TX20240301680331,WIT_FEE,50,MRU,3050,PLATFORM,COLLECTED,2024-03-01T10:08:13.285Z
37330,87776,TX20240226737167,TRF_FEE,50,MRU,1554,PLATFORM,COLLECTED,2024-02-26T00:30:15.347Z
37331,87778,TX20240725600874,WIT_FEE,50,MRU,5342,PLATFORM,COLLECTED,2024-07-25T19:57:57.475Z
37332,87780,TX20240712848772,WIT_FEE,50,MRU,5895,PLATFORM,COLLECTED,2024-07-12T05:50:29.522Z
37333,87788,TX20240108762223,WIT_FEE,50,MRU,7914,PLATFORM,COLLECTED,2024-01-08T16:52:32.355Z
37334,87790,TX20240218285536,SAL_FEE,2430,MRU,340,PLATFORM,COLLECTED,2024-02-17T23:42:14.712Z
37335,87792,TX20240504648115,SAL_FEE,2100,MRU,8770,PLATFORM,COLLECTED,2024-05-04T11:39:09.788Z
37336,87794,TX20241112974732,TRF_FEE,25,MRU,1505,PLATFORM,COLLECTED,2024-11-12T09:14:20.843Z
37337,87798,TX20240412311991,TRF_FEE,10,MRU,3483,PLATFORM,COLLECTED,2024-04-12T17:36:41.172Z
37338,87801,TX20240203003153,TRF_FEE,50,MRU,10830,PLATFORM,COLLECTED,2024-02-03T12:59:45.719Z
37339,87802,TX20240805633258,WIT_FEE,50,MRU,4231,PLATFORM,COLLECTED,2024-08-05T09:59:25.172Z
37340,87803,TX20240417587006,WIT_FEE,50,MRU,1009,PLATFORM,COLLECTED,2024-04-17T05:44:25.714Z
37341,87805,TX20240812773026,PAY_FEE,51,MRU,7406,MERCHANT,COLLECTED,2024-08-12T12:35:46.866Z
37342,87806,TX20240620333513,TRF_FEE,25,MRU,5073,PLATFORM,COLLECTED,2024-06-20T07:33:54.329Z
37343,87807,TX20241121830719,WIT_FEE,100,MRU,2216,PLATFORM,COLLECTED,2024-11-21T13:59:55.724Z
37344,87809,TX20240927382608,TRF_FEE,50,MRU,2528,PLATFORM,COLLECTED,2024-09-27T13:09:57.547Z
37345,87810,TX20240821527954,BIL_FEE,100,MRU,6349,PLATFORM,COLLECTED,2024-08-21T12:16:51.455Z
37346,87812,TX20240719151903,SAL_FEE,845,MRU,2632,PLATFORM,COLLECTED,2024-07-19T15:33:37.464Z
37347,87815,TX20240106136716,TRF_FEE,10,MRU,136,PLATFORM,COLLECTED,2024-01-06T06:48:43.079Z
37348,87816,TX20241217933189,BIL_FEE,100,MRU,8037,PLATFORM,COLLECTED,2024-12-17T05:23:56.330Z
37349,87819,TX20240912484672,WIT_FEE,50,MRU,4855,PLATFORM,COLLECTED,2024-09-12T09:11:44.831Z
37350,87820,TX20240522599366,TRF_FEE,25,MRU,303,PLATFORM,COLLECTED,2024-05-22T10:16:04.542Z
37351,87821,TX20241024631625,PAY_FEE,30,MRU,6487,MERCHANT,COLLECTED,2024-10-24T06:23:53.243Z
37352,87824,TX20240501592705,SAL_FEE,985,MRU,1527,PLATFORM,COLLECTED,2024-05-01T08:46:27.311Z
37353,87828,TX20240830444729,PAY_FEE,5,MRU,9765,MERCHANT,COLLECTED,2024-08-30T06:12:17.871Z
37354,87837,TX20240411300069,WIT_FEE,50,MRU,10835,PLATFORM,COLLECTED,2024-04-11T12:06:39.405Z
37355,87838,TX20240728490685,PAY_FEE,5,MRU,2705,MERCHANT,COLLECTED,2024-07-28T09:13:58.974Z
37356,87845,TX20240718629495,TRF_FEE,25,MRU,8590,PLATFORM,COLLECTED,2024-07-18T14:39:16.205Z
37357,87848,TX20240117877309,PAY_FEE,10,MRU,2809,MERCHANT,COLLECTED,2024-01-17T14:28:58.010Z
37358,87852,TX20241204558348,TRF_FEE,50,MRU,6936,PLATFORM,COLLECTED,2024-12-04T15:34:53.780Z
37359,87853,TX20240923293208,WIT_FEE,61,MRU,1395,PLATFORM,COLLECTED,2024-09-23T10:32:43.149Z
37360,87854,TX20241223149581,WIT_FEE,50,MRU,4052,PLATFORM,COLLECTED,2024-12-23T19:20:12.513Z
37361,87856,TX20240613682884,WIT_FEE,50,MRU,7082,PLATFORM,COLLECTED,2024-06-13T13:11:34.699Z
37362,87858,TX20240508678973,WIT_FEE,50,MRU,2209,PLATFORM,COLLECTED,2024-05-08T10:21:02.055Z
37363,87861,TX20240909293402,PAY_FEE,13,MRU,8181,MERCHANT,COLLECTED,2024-09-09T16:08:38.647Z
37364,87862,TX20241004535109,PAY_FEE,69,MRU,5870,MERCHANT,COLLECTED,2024-10-04T08:58:50.625Z
37365,87865,TX20240415893837,TRF_FEE,25,MRU,6233,PLATFORM,COLLECTED,2024-04-15T14:03:01.091Z
37366,87867,TX20240229244338,TRF_FEE,25,MRU,10315,PLATFORM,COLLECTED,2024-02-29T18:03:25.827Z
37367,87869,TX20241128154734,TRF_FEE,25,MRU,2380,PLATFORM,COLLECTED,2024-11-28T10:01:08.970Z
37368,87870,TX20240622479370,WIT_FEE,50,MRU,3910,PLATFORM,COLLECTED,2024-06-22T17:00:41.783Z
37369,87872,TX20241112484336,WIT_FEE,450,MRU,5180,PLATFORM,COLLECTED,2024-11-12T12:51:30.916Z
37370,87873,TX20240223083712,WIT_FEE,50,MRU,10540,PLATFORM,COLLECTED,2024-02-23T19:48:40.393Z
37371,87875,TX20240817963725,WIT_FEE,50,MRU,7412,PLATFORM,COLLECTED,2024-08-17T14:07:20.946Z
37372,87876,TX20241216905851,TRF_FEE,25,MRU,8860,PLATFORM,COLLECTED,2024-12-16T15:05:44.433Z
37373,87877,TX20241207293645,PAY_FEE,33,MRU,7815,MERCHANT,COLLECTED,2024-12-07T09:04:06.222Z
37374,87878,TX20240327078643,TRF_FEE,50,MRU,3816,PLATFORM,COLLECTED,2024-03-27T16:09:36.220Z
37375,87880,TX20240319909070,PAY_FEE,132,MRU,4398,MERCHANT,COLLECTED,2024-03-19T07:54:52.684Z
37376,87883,TX20240626403444,TRF_FEE,25,MRU,963,PLATFORM,COLLECTED,2024-06-26T17:22:47.826Z
37377,87890,TX20240604749097,WIT_FEE,500,MRU,10097,PLATFORM,COLLECTED,2024-06-04T14:38:51.804Z
37378,87898,TX20240127146725,TRF_FEE,25,MRU,1866,PLATFORM,COLLECTED,2024-01-27T16:21:11.978Z
37379,87899,TX20240102793859,TRF_FEE,25,MRU,5626,PLATFORM,COLLECTED,2024-01-02T17:30:53.525Z
37380,87901,TX20240924512778,TRF_FEE,25,MRU,4863,PLATFORM,COLLECTED,2024-09-24T18:49:03.232Z
37381,87904,TX20240611190800,SAL_FEE,1505,MRU,10473,PLATFORM,COLLECTED,2024-06-11T07:08:40.831Z
37382,87905,TX20240711741661,PAY_FEE,7,MRU,8592,MERCHANT,COLLECTED,2024-07-11T04:23:03.862Z
37383,87908,TX20240516476713,SAL_FEE,690,MRU,3457,PLATFORM,COLLECTED,2024-05-16T20:46:23.046Z
37384,87910,TX20240601439763,TRF_FEE,50,MRU,790,PLATFORM,COLLECTED,2024-06-01T10:12:29.319Z
37385,87914,TX20240109848254,SAL_FEE,1360,MRU,4720,PLATFORM,COLLECTED,2024-01-09T21:16:44.473Z
37386,87915,TX20240704340195,WIT_FEE,50,MRU,10796,PLATFORM,COLLECTED,2024-07-04T16:19:21.173Z
37387,87923,TX20241114045744,TRF_FEE,25,MRU,10765,PLATFORM,COLLECTED,2024-11-14T18:08:08.900Z
37388,87929,TX20241019363526,PAY_FEE,17,MRU,153,MERCHANT,COLLECTED,2024-10-19T06:44:31.972Z
37389,87932,TX20240611942009,PAY_FEE,20,MRU,9525,MERCHANT,COLLECTED,2024-06-11T06:36:37.563Z
37390,87938,TX20240310355902,SAL_FEE,2360,MRU,9348,PLATFORM,COLLECTED,2024-03-10T05:55:10.430Z
37391,87940,TX20241103943740,SAL_FEE,355,MRU,3018,PLATFORM,COLLECTED,2024-11-03T17:13:20.578Z
37392,87943,TX20241027567400,WIT_FEE,50,MRU,2345,PLATFORM,COLLECTED,2024-10-27T16:27:20.635Z
37393,87944,TX20240509532433,TRF_FEE,25,MRU,8743,PLATFORM,COLLECTED,2024-05-09T14:09:36.489Z
37394,87945,TX20240613288928,PAY_FEE,165,MRU,5270,MERCHANT,COLLECTED,2024-06-13T12:45:36.329Z
37395,87949,TX20240614205794,PAY_FEE,23,MRU,7845,MERCHANT,COLLECTED,2024-06-14T06:10:00.404Z
37396,87953,TX20240725459301,PAY_FEE,45,MRU,9,MERCHANT,COLLECTED,2024-07-25T08:23:00.360Z
37397,87955,TX20240105868503,WIT_FEE,420,MRU,5522,PLATFORM,COLLECTED,2024-01-05T16:40:30.127Z
37398,87956,TX20240725498425,WIT_FEE,200,MRU,9130,PLATFORM,COLLECTED,2024-07-25T10:23:25.751Z
37399,87957,TX20240728287163,PAY_FEE,24,MRU,4873,MERCHANT,COLLECTED,2024-07-28T11:06:19.479Z
37400,87958,TX20241024920072,PAY_FEE,36,MRU,10537,MERCHANT,COLLECTED,2024-10-24T07:27:18.183Z
37401,87960,TX20240601187896,WIT_FEE,50,MRU,10500,PLATFORM,COLLECTED,2024-06-01T14:49:13.242Z
37402,87972,TX20241221254463,WIT_FEE,50,MRU,8442,PLATFORM,COLLECTED,2024-12-21T17:05:05.262Z
37403,87974,TX20240513029127,PAY_FEE,69,MRU,3017,MERCHANT,COLLECTED,2024-05-13T15:37:50.259Z
37404,87978,TX20240517028979,TRF_FEE,25,MRU,3894,PLATFORM,COLLECTED,2024-05-17T07:45:38.302Z
37405,87980,TX20240719469386,TRF_FEE,25,MRU,10576,PLATFORM,COLLECTED,2024-07-19T19:43:02.718Z
37406,87982,TX20240101599884,WIT_FEE,50,MRU,3477,PLATFORM,COLLECTED,2024-01-01T14:13:39.274Z
37407,87988,TX20241016101069,PAY_FEE,285,MRU,2479,MERCHANT,COLLECTED,2024-10-16T16:47:37.986Z
37408,87990,TX20240202496934,WIT_FEE,50,MRU,4178,PLATFORM,COLLECTED,2024-02-02T19:30:31.967Z
37409,87992,TX20240526327587,TRF_FEE,25,MRU,2605,PLATFORM,COLLECTED,2024-05-26T08:17:19.671Z
37410,87993,TX20240107411125,PAY_FEE,555,MRU,1506,MERCHANT,COLLECTED,2024-01-07T11:07:12.729Z
37411,87996,TX20240520301837,WIT_FEE,50,MRU,283,PLATFORM,COLLECTED,2024-05-20T11:38:18.443Z
37412,87997,TX20240802009823,PAY_FEE,23,MRU,7443,MERCHANT,COLLECTED,2024-08-02T10:26:08.840Z
37413,87998,TX20240106164400,PAY_FEE,104,MRU,5491,MERCHANT,COLLECTED,2024-01-06T12:03:54.818Z
37414,88000,TX20241104644984,TRF_FEE,50,MRU,2705,PLATFORM,COLLECTED,2024-11-04T10:52:07.759Z
37415,88002,TX20240401574583,WIT_FEE,50,MRU,10262,PLATFORM,COLLECTED,2024-04-01T17:29:20.638Z
37416,88005,TX20240611546279,TRF_FEE,50,MRU,4992,PLATFORM,COLLECTED,2024-06-11T18:18:57.276Z
37417,88007,TX20240903068926,TRF_FEE,50,MRU,8626,PLATFORM,COLLECTED,2024-09-03T05:37:26.303Z
37418,88009,TX20241208807641,BIL_FEE,100,MRU,7685,PLATFORM,COLLECTED,2024-12-08T07:12:42.115Z
37419,88010,TX20240509718016,WIT_FEE,180,MRU,2911,PLATFORM,COLLECTED,2024-05-09T15:24:01.031Z
37420,88013,TX20240825300937,TRF_FEE,50,MRU,2993,PLATFORM,COLLECTED,2024-08-25T08:08:33.528Z
37421,88014,TX20240906012880,TRF_FEE,25,MRU,4926,PLATFORM,COLLECTED,2024-09-06T08:48:35.455Z
37422,88029,TX20240119216582,WIT_FEE,220,MRU,4610,PLATFORM,COLLECTED,2024-01-19T15:28:14.275Z
37423,88030,TX20240611368243,WIT_FEE,50,MRU,7518,PLATFORM,COLLECTED,2024-06-11T16:28:05.332Z
37424,88033,TX20240804750104,TRF_FEE,25,MRU,10247,PLATFORM,COLLECTED,2024-08-04T13:39:15.346Z
37425,88036,TX20241129498882,TRF_FEE,50,MRU,7334,PLATFORM,COLLECTED,2024-11-29T14:37:24.656Z
37426,88037,TX20240730281973,WIT_FEE,50,MRU,4553,PLATFORM,COLLECTED,2024-07-30T07:26:24.275Z
37427,88040,TX20241209602506,SAL_FEE,335,MRU,4865,PLATFORM,COLLECTED,2024-12-09T10:12:30.366Z
37428,88065,TX20240405015157,PAY_FEE,99,MRU,2679,MERCHANT,COLLECTED,2024-04-05T14:10:56.012Z
37429,88066,TX20241109909070,PAY_FEE,17,MRU,7549,MERCHANT,COLLECTED,2024-11-09T08:07:54.872Z
37430,88068,TX20240423141459,TRF_FEE,50,MRU,2001,PLATFORM,COLLECTED,2024-04-23T09:58:06.139Z
37431,88069,TX20241013428856,WIT_FEE,50,MRU,5642,PLATFORM,COLLECTED,2024-10-13T16:05:11.635Z
37432,88070,TX20240411968730,PAY_FEE,7,MRU,2102,MERCHANT,COLLECTED,2024-04-11T07:08:28.828Z
37433,88071,TX20240724751334,PAY_FEE,45,MRU,7264,MERCHANT,COLLECTED,2024-07-24T15:48:05.806Z
37434,88081,TX20240325333969,TRF_FEE,25,MRU,657,PLATFORM,COLLECTED,2024-03-25T11:15:18.619Z
37435,88082,TX20241128620088,TRF_FEE,10,MRU,425,PLATFORM,COLLECTED,2024-11-28T15:09:32.131Z
37436,88083,TX20241101936164,TRF_FEE,25,MRU,1131,PLATFORM,COLLECTED,2024-11-01T10:29:58.210Z
37437,88084,TX20241222611901,TRF_FEE,25,MRU,780,PLATFORM,COLLECTED,2024-12-22T11:17:43.522Z
37438,88085,TX20240102806334,WIT_FEE,50,MRU,9792,PLATFORM,COLLECTED,2024-01-02T13:00:51.502Z
37439,88088,TX20240618934361,TRF_FEE,50,MRU,9083,PLATFORM,COLLECTED,2024-06-18T12:17:31.390Z
37440,88090,TX20240115253840,TRF_FEE,10,MRU,2506,PLATFORM,COLLECTED,2024-01-15T11:34:11.932Z
37441,88092,TX20240404853326,WIT_FEE,50,MRU,801,PLATFORM,COLLECTED,2024-04-04T05:21:28.051Z
37442,88098,TX20240810808451,PAY_FEE,345,MRU,9223,MERCHANT,COLLECTED,2024-08-10T16:52:41.042Z
37443,88100,TX20240627997543,TRF_FEE,10,MRU,8256,PLATFORM,COLLECTED,2024-06-27T17:14:54.475Z
37444,88103,TX20240914698170,WIT_FEE,50,MRU,10775,PLATFORM,COLLECTED,2024-09-14T07:43:59.062Z
37445,88104,TX20240419491493,TRF_FEE,10,MRU,4245,PLATFORM,COLLECTED,2024-04-19T04:42:41.328Z
37446,88105,TX20240810968712,PAY_FEE,17,MRU,9125,MERCHANT,COLLECTED,2024-08-10T12:32:38.929Z
37447,88107,TX20240602481448,PAY_FEE,65,MRU,6768,MERCHANT,COLLECTED,2024-06-02T08:19:44.679Z
37448,88111,TX20240921743069,TRF_FEE,10,MRU,7317,PLATFORM,COLLECTED,2024-09-21T10:31:28.283Z
37449,88116,TX20240827242302,SAL_FEE,345,MRU,2143,PLATFORM,COLLECTED,2024-08-27T13:50:17.631Z
37450,88118,TX20240906251346,WIT_FEE,50,MRU,2040,PLATFORM,COLLECTED,2024-09-06T06:28:33.661Z
37451,88121,TX20240319123993,WIT_FEE,50,MRU,519,PLATFORM,COLLECTED,2024-03-19T13:52:12.626Z
37452,88122,TX20240127607162,TRF_FEE,50,MRU,5482,PLATFORM,COLLECTED,2024-01-27T18:23:55.397Z
37453,88129,TX20241224866371,WIT_FEE,50,MRU,10314,PLATFORM,COLLECTED,2024-12-24T13:48:28.819Z
37454,88132,TX20241103702859,TRF_FEE,25,MRU,6203,PLATFORM,COLLECTED,2024-11-03T10:27:42.332Z
37455,88133,TX20240524445566,SAL_FEE,410,MRU,9083,PLATFORM,COLLECTED,2024-05-24T17:39:27.992Z
37456,88134,TX20240614245174,PAY_FEE,23,MRU,7845,MERCHANT,COLLECTED,2024-06-14T06:10:00.404Z
37457,88138,TX20240930321406,PAY_FEE,3,MRU,46,MERCHANT,COLLECTED,2024-09-30T16:33:13.395Z
37458,88146,TX20240727007532,TRF_FEE,50,MRU,3808,PLATFORM,COLLECTED,2024-07-27T16:49:17.626Z
37459,88149,TX20240117867208,TRF_FEE,10,MRU,9548,PLATFORM,COLLECTED,2024-01-17T17:14:15.967Z
37460,88157,TX20241113539410,SAL_FEE,350,MRU,4753,PLATFORM,COLLECTED,2024-11-13T07:05:15.764Z
37461,88158,TX20240831121099,WIT_FEE,50,MRU,2842,PLATFORM,COLLECTED,2024-08-31T10:56:46.060Z
37462,88160,TX20240413679285,WIT_FEE,50,MRU,6952,PLATFORM,COLLECTED,2024-04-13T10:34:16.702Z
37463,88162,TX20240625628652,WIT_FEE,50,MRU,6710,PLATFORM,COLLECTED,2024-06-25T17:02:11.646Z
37464,88165,TX20240921186824,SAL_FEE,1660,MRU,5094,PLATFORM,COLLECTED,2024-09-21T05:43:57.978Z
37465,88168,TX20241112291689,WIT_FEE,50,MRU,2932,PLATFORM,COLLECTED,2024-11-12T10:43:44.652Z
37466,88180,TX20241025040761,PAY_FEE,360,MRU,663,MERCHANT,COLLECTED,2024-10-25T09:49:28.913Z
37467,88181,TX20240427868173,TRF_FEE,10,MRU,3453,PLATFORM,COLLECTED,2024-04-27T12:44:51.275Z
37468,88182,TX20240415442109,TRF_FEE,25,MRU,1667,PLATFORM,COLLECTED,2024-04-15T10:57:47.448Z
37469,88184,TX20240918674075,PAY_FEE,540,MRU,4316,MERCHANT,COLLECTED,2024-09-18T13:52:34.844Z
37470,88185,TX20240816759978,BIL_FEE,100,MRU,8770,PLATFORM,COLLECTED,2024-08-16T12:30:45.000Z
37471,88186,TX20241227778598,TRF_FEE,10,MRU,4387,PLATFORM,COLLECTED,2024-12-27T08:43:26.807Z
37472,88187,TX20241122495218,TRF_FEE,25,MRU,10933,PLATFORM,COLLECTED,2024-11-22T12:55:42.487Z
37473,88191,TX20240606056749,TRF_FEE,25,MRU,8644,PLATFORM,COLLECTED,2024-06-06T09:55:04.555Z
37474,88193,TX20240501360816,TRF_FEE,10,MRU,9410,PLATFORM,COLLECTED,2024-05-01T16:44:49.862Z
37475,88196,TX20240910237471,TRF_FEE,25,MRU,6074,PLATFORM,COLLECTED,2024-09-10T14:49:54.223Z
37476,88198,TX20240403300937,TRF_FEE,25,MRU,6157,PLATFORM,COLLECTED,2024-04-03T13:38:13.147Z
37477,88199,TX20240906249760,TRF_FEE,25,MRU,4926,PLATFORM,COLLECTED,2024-09-06T08:48:35.455Z
37478,88202,TX20240127848364,WIT_FEE,50,MRU,5908,PLATFORM,COLLECTED,2024-01-27T14:29:14.727Z
37479,88212,TX20240817283393,TRF_FEE,50,MRU,7506,PLATFORM,COLLECTED,2024-08-17T17:17:37.286Z
37480,88219,TX20240104103159,SAL_FEE,535,MRU,2389,PLATFORM,COLLECTED,2024-01-04T09:56:04.798Z
37481,88224,TX20240923061549,WIT_FEE,50,MRU,1395,PLATFORM,COLLECTED,2024-09-23T10:32:43.149Z
37482,88225,TX20241209127963,SAL_FEE,335,MRU,4865,PLATFORM,COLLECTED,2024-12-09T10:12:30.366Z
37483,88227,TX20240613364953,WIT_FEE,50,MRU,7082,PLATFORM,COLLECTED,2024-06-13T13:11:34.699Z
37484,88233,TX20241004469569,PAY_FEE,69,MRU,5870,MERCHANT,COLLECTED,2024-10-04T08:58:50.625Z
37485,88236,TX20240721893837,WIT_FEE,50,MRU,1002,PLATFORM,COLLECTED,2024-07-21T08:40:03.018Z
37486,88239,TX20240626892393,TRF_FEE,25,MRU,4626,PLATFORM,COLLECTED,2024-06-26T08:07:55.003Z
37487,88243,TX20240531328208,TRF_FEE,25,MRU,5540,PLATFORM,COLLECTED,2024-05-31T08:52:29.852Z
37488,88246,TX20240902732459,TRF_FEE,50,MRU,5463,PLATFORM,COLLECTED,2024-09-02T07:33:35.652Z
37489,88247,TX20240607932858,PAY_FEE,99,MRU,10333,MERCHANT,COLLECTED,2024-06-07T16:53:20.097Z
37490,88248,TX20240915487041,WIT_FEE,50,MRU,2825,PLATFORM,COLLECTED,2024-09-15T18:03:30.845Z
37491,88249,TX20240506311880,WIT_FEE,50,MRU,4908,PLATFORM,COLLECTED,2024-05-06T07:16:51.960Z
37492,88252,TX20240803910268,PAY_FEE,71,MRU,9026,MERCHANT,COLLECTED,2024-08-03T10:08:57.362Z
37493,88257,TX20240502750612,WIT_FEE,50,MRU,6049,PLATFORM,COLLECTED,2024-05-02T20:59:37.038Z
37494,88263,TX20240430196588,PAY_FEE,53,MRU,4647,MERCHANT,COLLECTED,2024-04-30T06:01:11.538Z
37495,88269,TX20240127826948,TRF_FEE,25,MRU,1866,PLATFORM,COLLECTED,2024-01-27T16:21:11.978Z
37496,88271,TX20240827227849,PAY_FEE,33,MRU,4765,MERCHANT,COLLECTED,2024-08-27T15:05:53.469Z
37497,88273,TX20240822545296,TRF_FEE,50,MRU,1916,PLATFORM,COLLECTED,2024-08-22T10:47:32.151Z
37498,88274,TX20240524377841,TRF_FEE,50,MRU,10649,PLATFORM,COLLECTED,2024-05-24T19:38:39.051Z
37499,88276,TX20240716788478,TRF_FEE,25,MRU,5839,PLATFORM,COLLECTED,2024-07-16T20:00:49.738Z
37500,88277,TX20240707988773,PAY_FEE,120,MRU,1154,MERCHANT,COLLECTED,2024-07-07T14:35:10.757Z
37501,88278,TX20240629320079,PAY_FEE,315,MRU,10194,MERCHANT,COLLECTED,2024-06-29T07:12:42.859Z
37502,88280,TX20240429267785,PAY_FEE,26,MRU,4788,MERCHANT,COLLECTED,2024-04-29T09:39:39.412Z
37503,88283,TX20240117478022,BIL_FEE,100,MRU,11014,PLATFORM,COLLECTED,2024-01-17T11:30:09.178Z
37504,88285,TX20240708182866,WIT_FEE,50,MRU,3058,PLATFORM,COLLECTED,2024-07-08T12:22:14.289Z
37505,88286,TX20240812273966,WIT_FEE,50,MRU,8809,PLATFORM,COLLECTED,2024-08-12T17:42:19.507Z
37506,88287,TX20240907679928,TRF_FEE,50,MRU,10734,PLATFORM,COLLECTED,2024-09-07T15:10:54.840Z
37507,88294,TX20240525509150,TRF_FEE,50,MRU,7347,PLATFORM,COLLECTED,2024-05-25T20:41:54.632Z
37508,88295,TX20240214380945,WIT_FEE,50,MRU,2856,PLATFORM,COLLECTED,2024-02-14T08:10:32.758Z
37509,88296,TX20240823360169,WIT_FEE,440,MRU,7259,PLATFORM,COLLECTED,2024-08-23T08:42:52.537Z
37510,88298,TX20240222031219,TRF_FEE,50,MRU,5174,PLATFORM,COLLECTED,2024-02-22T19:10:51.625Z
37511,88303,TX20240112467815,PAY_FEE,18,MRU,659,MERCHANT,COLLECTED,2024-01-12T08:17:48.763Z
37512,88304,TX20240829614506,TRF_FEE,50,MRU,8462,PLATFORM,COLLECTED,2024-08-29T07:00:01.733Z
37513,88310,TX20241219759101,TRF_FEE,25,MRU,8179,PLATFORM,COLLECTED,2024-12-19T18:17:00.203Z
37514,88311,TX20241103372262,SAL_FEE,355,MRU,3018,PLATFORM,COLLECTED,2024-11-03T17:13:20.578Z
37515,88312,TX20240516572179,TRF_FEE,50,MRU,3630,PLATFORM,COLLECTED,2024-05-16T06:52:08.892Z
37516,88314,TX20240820477614,WIT_FEE,50,MRU,5491,PLATFORM,COLLECTED,2024-08-20T07:27:12.705Z
37517,88316,TX20240629869800,TRF_FEE,50,MRU,5000,PLATFORM,COLLECTED,2024-06-29T11:17:51.717Z
37518,88318,TX20240525702859,WIT_FEE,50,MRU,7787,PLATFORM,COLLECTED,2024-05-25T12:50:21.462Z
37519,88319,TX20240524677758,SAL_FEE,410,MRU,9083,PLATFORM,COLLECTED,2024-05-24T17:39:27.992Z
37520,88324,TX20240725280226,PAY_FEE,45,MRU,9,MERCHANT,COLLECTED,2024-07-25T08:23:00.360Z
37521,88325,TX20241206891967,TRF_FEE,25,MRU,6381,PLATFORM,COLLECTED,2024-12-06T19:22:11.611Z
37522,88331,TX20240321187896,PAY_FEE,810,MRU,5513,MERCHANT,COLLECTED,2024-03-21T09:57:18.963Z
37523,88341,TX20240904508778,TRF_FEE,50,MRU,269,PLATFORM,COLLECTED,2024-09-04T17:56:44.070Z
37524,88343,TX20241113719980,SAL_FEE,350,MRU,4753,PLATFORM,COLLECTED,2024-11-13T07:05:15.764Z
37525,88349,TX20240521380739,WIT_FEE,360,MRU,8096,PLATFORM,COLLECTED,2024-05-21T14:13:09.608Z
37526,88350,TX20240704224329,TRF_FEE,25,MRU,3278,PLATFORM,COLLECTED,2024-07-04T15:08:01.151Z
37527,88353,TX20240126450476,SAL_FEE,385,MRU,7172,PLATFORM,COLLECTED,2024-01-25T23:39:52.538Z
37528,88358,TX20240315479793,TRF_FEE,50,MRU,9110,PLATFORM,COLLECTED,2024-03-15T17:12:52.924Z
37529,88359,TX20240322915799,SAL_FEE,2230,MRU,10887,PLATFORM,COLLECTED,2024-03-22T07:56:30.039Z
37530,88362,TX20240827292596,WIT_FEE,64,MRU,8534,PLATFORM,COLLECTED,2024-08-27T09:43:04.006Z
37531,88368,TX20240120138089,TRF_FEE,25,MRU,5074,PLATFORM,COLLECTED,2024-01-20T15:54:11.152Z
37532,88369,TX20240103713997,PAY_FEE,180,MRU,557,MERCHANT,COLLECTED,2024-01-03T17:23:12.973Z
37533,88370,TX20240116167090,WIT_FEE,50,MRU,9279,PLATFORM,COLLECTED,2024-01-16T07:27:17.046Z
37534,88374,TX20240129681532,PAY_FEE,20,MRU,5373,MERCHANT,COLLECTED,2024-01-29T09:51:05.166Z
37535,88378,TX20240723407114,PAY_FEE,14,MRU,4418,MERCHANT,COLLECTED,2024-07-23T04:49:48.108Z
37536,88379,TX20241227019573,PAY_FEE,65,MRU,7569,MERCHANT,COLLECTED,2024-12-27T16:34:35.550Z
37537,88381,TX20240615892579,TRF_FEE,50,MRU,5037,PLATFORM,COLLECTED,2024-06-15T20:19:15.773Z
37538,88382,TX20240219015498,TRF_FEE,50,MRU,5925,PLATFORM,COLLECTED,2024-02-19T15:06:30.251Z
37539,88384,TX20240817740654,WIT_FEE,50,MRU,2038,PLATFORM,COLLECTED,2024-08-17T15:06:03.587Z
37540,88385,TX20240217106073,SAL_FEE,360,MRU,4787,PLATFORM,COLLECTED,2024-02-17T18:49:26.833Z
37541,88396,TX20240227866352,WIT_FEE,50,MRU,6327,PLATFORM,COLLECTED,2024-02-27T14:16:29.989Z
37542,88397,TX20241219181717,PAY_FEE,141,MRU,6308,MERCHANT,COLLECTED,2024-12-19T17:16:37.800Z
37543,88403,TX20240804439142,WIT_FEE,50,MRU,4072,PLATFORM,COLLECTED,2024-08-04T16:44:58.571Z
37544,88406,TX20240215584541,PAY_FEE,75,MRU,1394,MERCHANT,COLLECTED,2024-02-15T06:43:44.331Z
37545,88407,TX20240624498882,TRF_FEE,25,MRU,10081,PLATFORM,COLLECTED,2024-06-24T21:48:40.536Z
37546,88408,TX20240730715230,WIT_FEE,50,MRU,4553,PLATFORM,COLLECTED,2024-07-30T07:26:24.275Z
37547,88409,TX20240728913528,TRF_FEE,50,MRU,2493,PLATFORM,COLLECTED,2024-07-28T17:46:37.082Z
37548,88410,TX20240428045100,TRF_FEE,25,MRU,1651,PLATFORM,COLLECTED,2024-04-28T15:25:32.718Z
37549,88417,TX20241007592266,TRF_FEE,10,MRU,7285,PLATFORM,COLLECTED,2024-10-07T10:29:45.650Z
37550,88418,TX20240222196400,TRF_FEE,50,MRU,7630,PLATFORM,COLLECTED,2024-02-22T05:56:23.828Z
37551,88420,TX20240819035517,PAY_FEE,21,MRU,4856,MERCHANT,COLLECTED,2024-08-19T05:11:24.401Z
37552,88421,TX20241225486875,TRF_FEE,10,MRU,1679,PLATFORM,COLLECTED,2024-12-25T15:55:33.113Z
37553,88425,TX20240117546148,PAY_FEE,33,MRU,10252,MERCHANT,COLLECTED,2024-01-17T14:29:16.118Z
37554,88431,TX20240515285584,TRF_FEE,50,MRU,10424,PLATFORM,COLLECTED,2024-05-15T09:16:07.495Z
37555,88432,TX20240817932174,WIT_FEE,50,MRU,7412,PLATFORM,COLLECTED,2024-08-17T14:07:20.946Z
37556,88434,TX20241207130107,PAY_FEE,33,MRU,7815,MERCHANT,COLLECTED,2024-12-07T09:04:06.222Z
37557,88435,TX20241015009976,WIT_FEE,50,MRU,3831,PLATFORM,COLLECTED,2024-10-15T07:36:13.344Z
37558,88438,TX20240607048284,TRF_FEE,25,MRU,6565,PLATFORM,COLLECTED,2024-06-07T07:57:21.817Z
37559,88443,TX20240502538669,WIT_FEE,50,MRU,6049,PLATFORM,COLLECTED,2024-05-02T20:59:37.038Z
37560,88444,TX20240909331835,TRF_FEE,25,MRU,3468,PLATFORM,COLLECTED,2024-09-08T22:36:07.380Z
37561,88445,TX20240609546977,WIT_FEE,390,MRU,10455,PLATFORM,COLLECTED,2024-06-09T07:20:43.658Z
37562,88446,TX20240228123692,WIT_FEE,50,MRU,9965,PLATFORM,COLLECTED,2024-02-28T13:00:14.421Z
37563,88448,TX20240602146152,WIT_FEE,50,MRU,6276,PLATFORM,COLLECTED,2024-06-02T12:46:54.449Z
37564,88454,TX20240125556927,TRF_FEE,25,MRU,3940,PLATFORM,COLLECTED,2024-01-25T11:04:57.939Z
37565,88457,TX20240420821951,WIT_FEE,50,MRU,9843,PLATFORM,COLLECTED,2024-04-20T16:39:46.091Z
37566,88458,TX20241019366220,TRF_FEE,25,MRU,8390,PLATFORM,COLLECTED,2024-10-19T11:08:46.062Z
37567,88460,TX20241217432825,WIT_FEE,50,MRU,5985,PLATFORM,COLLECTED,2024-12-17T15:39:03.966Z
37568,88464,TX20240813613995,WIT_FEE,50,MRU,1242,PLATFORM,COLLECTED,2024-08-13T16:12:48.209Z
37569,88467,TX20240426769641,TRF_FEE,50,MRU,4049,PLATFORM,COLLECTED,2024-04-26T06:45:02.590Z
37570,88468,TX20240107196128,TRF_FEE,50,MRU,9529,PLATFORM,COLLECTED,2024-01-07T13:24:29.901Z
37571,88470,TX20240827329673,TRF_FEE,25,MRU,6144,PLATFORM,COLLECTED,2024-08-27T10:18:05.837Z
37572,88471,TX20240604303589,TRF_FEE,25,MRU,7622,PLATFORM,COLLECTED,2024-06-04T11:24:32.933Z
37573,88477,TX20241101118863,WIT_FEE,50,MRU,2079,PLATFORM,COLLECTED,2024-11-01T19:18:27.686Z
37574,88478,TX20240305836758,PAY_FEE,36,MRU,1603,MERCHANT,COLLECTED,2024-03-05T09:09:55.262Z
37575,88480,TX20240209554320,WIT_FEE,50,MRU,3767,PLATFORM,COLLECTED,2024-02-09T08:36:23.509Z
37576,88482,TX20240507176763,WIT_FEE,50,MRU,4088,PLATFORM,COLLECTED,2024-05-07T15:48:51.314Z
37577,88483,TX20240922748070,WIT_FEE,50,MRU,5078,PLATFORM,COLLECTED,2024-09-22T03:30:07.189Z
37578,88488,TX20240109204628,TRF_FEE,50,MRU,557,PLATFORM,COLLECTED,2024-01-09T10:13:28.348Z
37579,88489,TX20241111802871,TRF_FEE,25,MRU,8428,PLATFORM,COLLECTED,2024-11-11T05:13:17.804Z
37580,88498,TX20240222572179,PAY_FEE,36,MRU,3052,MERCHANT,COLLECTED,2024-02-22T18:19:12.183Z
37581,88500,TX20240318400288,TRF_FEE,50,MRU,6053,PLATFORM,COLLECTED,2024-03-18T11:12:42.496Z
37582,88502,TX20241111288928,WIT_FEE,50,MRU,6643,PLATFORM,COLLECTED,2024-11-11T16:27:32.760Z
37583,88508,TX20240418394224,SAL_FEE,785,MRU,7270,PLATFORM,COLLECTED,2024-04-18T13:23:07.456Z
37584,88513,TX20240523498425,TRF_FEE,50,MRU,4083,PLATFORM,COLLECTED,2024-05-23T10:25:45.827Z
37585,88514,TX20240728212033,PAY_FEE,24,MRU,4873,MERCHANT,COLLECTED,2024-07-28T11:06:19.479Z
37586,88515,TX20240307601291,PAY_FEE,14,MRU,6913,MERCHANT,COLLECTED,2024-03-07T11:18:10.955Z
37587,88524,TX20241213672680,WIT_FEE,50,MRU,1893,PLATFORM,COLLECTED,2024-12-13T16:52:40.042Z
37588,88526,TX20240709677695,TRF_FEE,50,MRU,6129,PLATFORM,COLLECTED,2024-07-09T06:00:04.465Z
37589,88529,TX20240219776092,PAY_FEE,4,MRU,4506,MERCHANT,COLLECTED,2024-02-19T14:05:24.271Z
37590,88533,TX20240627035252,PAY_FEE,47,MRU,7537,MERCHANT,COLLECTED,2024-06-27T20:03:21.147Z
37591,88534,TX20240624351331,WIT_FEE,50,MRU,9071,PLATFORM,COLLECTED,2024-06-24T14:09:47.794Z
37592,88536,TX20240912725185,PAY_FEE,27,MRU,9311,MERCHANT,COLLECTED,2024-09-12T16:18:14.346Z
37593,88537,TX20240701092628,PAY_FEE,24,MRU,9389,MERCHANT,COLLECTED,2024-07-01T15:29:46.930Z
37594,88542,TX20240105556021,TRF_FEE,25,MRU,426,PLATFORM,COLLECTED,2024-01-05T21:49:59.199Z
37595,88545,TX20240823469670,WIT_FEE,210,MRU,555,PLATFORM,COLLECTED,2024-08-23T06:24:14.295Z
37596,88547,TX20240317726467,WIT_FEE,85,MRU,8513,PLATFORM,COLLECTED,2024-03-17T17:36:32.596Z
37597,88551,TX20240727818305,WIT_FEE,50,MRU,6069,PLATFORM,COLLECTED,2024-07-27T15:34:09.962Z
37598,88554,TX20240719593988,SAL_FEE,845,MRU,2632,PLATFORM,COLLECTED,2024-07-19T15:33:37.464Z
37599,88557,TX20240923011940,PAY_FEE,35,MRU,3343,MERCHANT,COLLECTED,2024-09-23T06:00:15.533Z
37600,88562,TX20240125206343,WIT_FEE,50,MRU,3814,PLATFORM,COLLECTED,2024-01-25T13:01:29.432Z
37601,88566,TX20240409592705,WIT_FEE,93,MRU,2891,PLATFORM,COLLECTED,2024-04-09T14:27:59.332Z
37602,88569,TX20240806974525,WIT_FEE,50,MRU,5845,PLATFORM,COLLECTED,2024-08-06T14:13:08.556Z
37603,88586,TX20240611780668,WIT_FEE,50,MRU,7518,PLATFORM,COLLECTED,2024-06-11T16:28:05.332Z
37604,88589,TX20240530532892,TRF_FEE,10,MRU,10605,PLATFORM,COLLECTED,2024-05-30T15:09:18.908Z
37605,88590,TX20241112520791,WIT_FEE,50,MRU,7645,PLATFORM,COLLECTED,2024-11-12T09:02:43.265Z
37606,88597,TX20240118027338,TRF_FEE,25,MRU,4135,PLATFORM,COLLECTED,2024-01-18T08:23:14.811Z
37607,88602,TX20240221031341,WIT_FEE,100,MRU,269,PLATFORM,COLLECTED,2024-02-21T11:23:44.593Z
37608,88605,TX20240420676014,BIL_FEE,100,MRU,2517,PLATFORM,COLLECTED,2024-04-20T11:59:09.833Z
37609,88611,TX20240607584521,PAY_FEE,74,MRU,4956,MERCHANT,COLLECTED,2024-06-07T11:09:27.923Z
37610,88619,TX20240509529152,WIT_FEE,50,MRU,1777,PLATFORM,COLLECTED,2024-05-09T09:28:14.790Z
37611,88620,TX20240305120408,TRF_FEE,25,MRU,1831,PLATFORM,COLLECTED,2024-03-05T19:00:14.581Z
37612,88621,TX20240319667842,PAY_FEE,132,MRU,4398,MERCHANT,COLLECTED,2024-03-19T07:54:52.684Z
37613,88623,TX20241223378397,WIT_FEE,50,MRU,8681,PLATFORM,COLLECTED,2024-12-23T07:08:10.533Z
37614,88625,TX20240402914561,WIT_FEE,100,MRU,1565,PLATFORM,COLLECTED,2024-04-02T18:52:16.212Z
37615,88628,TX20240314444934,PAY_FEE,27,MRU,3231,MERCHANT,COLLECTED,2024-03-14T12:23:01.315Z
37616,88633,TX20240413020545,WIT_FEE,360,MRU,6567,PLATFORM,COLLECTED,2024-04-13T13:04:18.821Z
37617,88638,TX20240803223608,PAY_FEE,300,MRU,2291,MERCHANT,COLLECTED,2024-08-03T16:15:33.023Z
37618,88640,TX20240327165411,TRF_FEE,25,MRU,5557,PLATFORM,COLLECTED,2024-03-26T23:29:00.861Z
37619,88643,TX20240822296229,TRF_FEE,50,MRU,1916,PLATFORM,COLLECTED,2024-08-22T10:47:32.151Z
37620,88644,TX20241217579307,WIT_FEE,50,MRU,5985,PLATFORM,COLLECTED,2024-12-17T15:39:03.966Z
37621,88645,TX20240710190800,WIT_FEE,420,MRU,1618,PLATFORM,COLLECTED,2024-07-10T09:59:26.174Z
37622,88646,TX20240711105746,PAY_FEE,7,MRU,8592,MERCHANT,COLLECTED,2024-07-11T04:23:03.862Z
37623,88647,TX20241014248059,PAY_FEE,15,MRU,2958,MERCHANT,COLLECTED,2024-10-14T08:27:20.751Z
37624,88648,TX20240529980793,WIT_FEE,50,MRU,6805,PLATFORM,COLLECTED,2024-05-29T14:01:39.312Z
37625,88656,TX20240210659663,SAL_FEE,935,MRU,7950,PLATFORM,COLLECTED,2024-02-10T09:45:07.141Z
37626,88660,TX20240616373646,BIL_FEE,100,MRU,2777,PLATFORM,COLLECTED,2024-06-16T08:00:34.930Z
37627,88662,TX20240117190971,BIL_FEE,100,MRU,2911,PLATFORM,COLLECTED,2024-01-17T18:02:43.177Z
37628,88669,TX20240603960567,PAY_FEE,17,MRU,9926,MERCHANT,COLLECTED,2024-06-03T17:17:20.797Z
37629,88671,TX20241021893927,TRF_FEE,50,MRU,7534,PLATFORM,COLLECTED,2024-10-21T13:01:48.013Z
37630,88672,TX20240605949834,TRF_FEE,25,MRU,3865,PLATFORM,COLLECTED,2024-06-05T04:23:13.472Z
37631,88673,TX20240112280506,PAY_FEE,18,MRU,659,MERCHANT,COLLECTED,2024-01-12T08:17:48.763Z
37632,88674,TX20240308875721,TRF_FEE,50,MRU,9122,PLATFORM,COLLECTED,2024-03-07T23:01:43.766Z
37633,88675,TX20240808086505,TRF_FEE,25,MRU,2127,PLATFORM,COLLECTED,2024-08-08T13:03:29.764Z
37634,88677,TX20240803610544,WIT_FEE,50,MRU,3691,PLATFORM,COLLECTED,2024-08-03T15:19:41.335Z
37635,88682,TX20240212105039,TRF_FEE,25,MRU,3533,PLATFORM,COLLECTED,2024-02-12T10:30:03.855Z
37636,88685,TX20240320226793,TRF_FEE,10,MRU,8014,PLATFORM,COLLECTED,2024-03-20T08:33:22.948Z
37637,88691,TX20241011125712,TRF_FEE,50,MRU,8662,PLATFORM,COLLECTED,2024-10-11T14:33:14.295Z
37638,88694,TX20240925305503,WIT_FEE,50,MRU,9513,PLATFORM,COLLECTED,2024-09-25T09:00:36.388Z
37639,88698,TX20240225146811,TRF_FEE,25,MRU,6374,PLATFORM,COLLECTED,2024-02-25T11:33:50.255Z
37640,88700,TX20240828818728,TRF_FEE,25,MRU,7499,PLATFORM,COLLECTED,2024-08-28T09:38:46.023Z
37641,88704,TX20241218230097,TRF_FEE,50,MRU,6040,PLATFORM,COLLECTED,2024-12-18T19:57:28.482Z
37642,88706,TX20240712391311,WIT_FEE,50,MRU,5895,PLATFORM,COLLECTED,2024-07-12T05:50:29.522Z
37643,88710,TX20240321910102,WIT_FEE,50,MRU,116,PLATFORM,COLLECTED,2024-03-21T11:29:31.123Z
37644,88716,TX20240112605488,PAY_FEE,63,MRU,959,MERCHANT,COLLECTED,2024-01-12T20:23:44.547Z
37645,88718,TX20240624387495,WIT_FEE,50,MRU,9071,PLATFORM,COLLECTED,2024-06-24T14:09:47.794Z
37646,88721,TX20240424092628,WIT_FEE,430,MRU,8530,PLATFORM,COLLECTED,2024-04-24T15:30:45.494Z
37647,88724,TX20240906454071,TRF_FEE,50,MRU,7732,PLATFORM,COLLECTED,2024-09-06T07:18:16.413Z
37648,88727,TX20241202161395,BIL_FEE,100,MRU,8285,PLATFORM,COLLECTED,2024-12-02T13:05:27.986Z
37649,88729,TX20240417705889,WIT_FEE,50,MRU,1009,PLATFORM,COLLECTED,2024-04-17T05:44:25.714Z
37650,88731,TX20240317076236,WIT_FEE,50,MRU,8513,PLATFORM,COLLECTED,2024-03-17T17:36:32.596Z
37651,88732,TX20240409399847,TRF_FEE,10,MRU,9991,PLATFORM,COLLECTED,2024-04-09T13:28:08.552Z
37652,88735,TX20240227382608,TRF_FEE,50,MRU,10148,PLATFORM,COLLECTED,2024-02-27T20:32:13.225Z
37653,88736,TX20240821734502,BIL_FEE,100,MRU,6349,PLATFORM,COLLECTED,2024-08-21T12:16:51.455Z
37654,88739,TX20241105411824,WIT_FEE,50,MRU,453,PLATFORM,COLLECTED,2024-11-05T16:29:16.224Z
37655,88747,TX20241120781100,WIT_FEE,50,MRU,7035,PLATFORM,COLLECTED,2024-11-20T09:35:59.383Z
37656,88748,TX20240501727875,TRF_FEE,10,MRU,9410,PLATFORM,COLLECTED,2024-05-01T16:44:49.862Z
37657,88749,TX20241115526825,PAY_FEE,110,MRU,9385,MERCHANT,COLLECTED,2024-11-15T15:14:06.451Z
37658,88750,TX20240501832268,SAL_FEE,985,MRU,1527,PLATFORM,COLLECTED,2024-05-01T08:46:27.311Z
37659,88753,TX20240825974525,TRF_FEE,50,MRU,2993,PLATFORM,COLLECTED,2024-08-25T08:08:33.528Z
37660,88757,TX20241210440568,WIT_FEE,50,MRU,8706,PLATFORM,COLLECTED,2024-12-10T09:11:48.900Z
37661,88763,TX20240419467454,TRF_FEE,50,MRU,10307,PLATFORM,COLLECTED,2024-04-19T10:57:23.408Z
37662,88766,TX20240330985917,PAY_FEE,195,MRU,8979,MERCHANT,COLLECTED,2024-03-30T18:52:48.969Z
37663,88772,TX20241110439142,TRF_FEE,25,MRU,4614,PLATFORM,COLLECTED,2024-11-10T16:58:34.367Z
37664,88774,TX20241206867582,WIT_FEE,79,MRU,958,PLATFORM,COLLECTED,2024-12-06T07:47:12.126Z
37665,88778,TX20241204041697,TRF_FEE,50,MRU,6936,PLATFORM,COLLECTED,2024-12-04T15:34:53.780Z
37666,88779,TX20240606686354,PAY_FEE,44,MRU,7688,MERCHANT,COLLECTED,2024-06-06T12:43:08.126Z
37667,88780,TX20240316788752,WIT_FEE,50,MRU,1319,PLATFORM,COLLECTED,2024-03-16T13:21:26.038Z
37668,88782,TX20240120907055,PAY_FEE,210,MRU,2074,MERCHANT,COLLECTED,2024-01-20T07:14:27.623Z
37669,88783,TX20240515913075,WIT_FEE,50,MRU,7403,PLATFORM,COLLECTED,2024-05-15T13:22:04.040Z
37670,88785,TX20240722147327,TRF_FEE,50,MRU,9541,PLATFORM,COLLECTED,2024-07-22T18:46:07.128Z
37671,88787,TX20241021293402,TRF_FEE,50,MRU,10554,PLATFORM,COLLECTED,2024-10-21T07:38:38.741Z
37672,88788,TX20241004313764,PAY_FEE,69,MRU,5870,MERCHANT,COLLECTED,2024-10-04T08:58:50.625Z
37673,88792,TX20240813657399,WIT_FEE,100,MRU,5000,PLATFORM,COLLECTED,2024-08-13T06:36:37.543Z
37674,88794,TX20240213040618,WIT_FEE,50,MRU,2883,PLATFORM,COLLECTED,2024-02-13T19:00:25.649Z
37675,88796,TX20240622510921,WIT_FEE,50,MRU,3910,PLATFORM,COLLECTED,2024-06-22T17:00:41.783Z
37676,88799,TX20240525822430,WIT_FEE,100,MRU,4352,PLATFORM,COLLECTED,2024-05-25T07:56:48.669Z
37677,88800,TX20240515034514,TRF_FEE,50,MRU,10424,PLATFORM,COLLECTED,2024-05-15T09:16:07.495Z
37678,88801,TX20240829625073,TRF_FEE,25,MRU,6191,PLATFORM,COLLECTED,2024-08-29T06:20:56.671Z
37679,88804,TX20240622529152,WIT_FEE,50,MRU,2445,PLATFORM,COLLECTED,2024-06-22T08:47:09.615Z
37680,88805,TX20240305330333,TRF_FEE,25,MRU,1831,PLATFORM,COLLECTED,2024-03-05T19:00:14.581Z
37681,88813,TX20240314259814,PAY_FEE,27,MRU,3231,MERCHANT,COLLECTED,2024-03-14T12:23:01.315Z
37682,88818,TX20240413191477,WIT_FEE,110,MRU,6567,PLATFORM,COLLECTED,2024-04-13T13:04:18.821Z
37683,88819,TX20240503835686,TRF_FEE,25,MRU,1490,PLATFORM,COLLECTED,2024-05-03T14:52:40.150Z
37684,88824,TX20240603584600,BIL_FEE,100,MRU,10746,PLATFORM,COLLECTED,2024-06-03T09:10:47.621Z
37685,88828,TX20240816296229,TRF_FEE,25,MRU,4693,PLATFORM,COLLECTED,2024-08-16T10:56:25.523Z
37686,88829,TX20241217757810,WIT_FEE,50,MRU,5985,PLATFORM,COLLECTED,2024-12-17T15:39:03.966Z
37687,88839,TX20241022369402,PAY_FEE,255,MRU,2224,MERCHANT,COLLECTED,2024-10-22T07:56:43.968Z
37688,88849,TX20240420298939,SAL_FEE,1395,MRU,4276,PLATFORM,COLLECTED,2024-04-20T09:06:12.606Z
37689,88851,TX20241122144069,TRF_FEE,25,MRU,9043,PLATFORM,COLLECTED,2024-11-22T18:12:00.551Z
37690,88854,TX20240603165383,PAY_FEE,17,MRU,9926,MERCHANT,COLLECTED,2024-06-03T17:17:20.797Z
37691,88855,TX20241221683817,TRF_FEE,50,MRU,6684,PLATFORM,COLLECTED,2024-12-21T04:16:09.588Z
37692,88856,TX20240110829741,TRF_FEE,25,MRU,685,PLATFORM,COLLECTED,2024-01-10T17:00:41.950Z
37693,88860,TX20240808081683,TRF_FEE,25,MRU,9676,PLATFORM,COLLECTED,2024-08-08T05:29:45.191Z
37694,88862,TX20240908096735,WIT_FEE,500,MRU,1897,PLATFORM,COLLECTED,2024-09-08T09:19:22.385Z
37695,88865,TX20241112237576,TRF_FEE,50,MRU,5124,PLATFORM,COLLECTED,2024-11-12T14:01:54.895Z
37696,88867,TX20241216834074,WIT_FEE,50,MRU,260,PLATFORM,COLLECTED,2024-12-16T10:38:14.224Z
37697,88868,TX20241111226557,PAY_FEE,60,MRU,1949,MERCHANT,COLLECTED,2024-11-11T12:32:49.606Z
37698,88869,TX20240928354275,PAY_FEE,14,MRU,1292,MERCHANT,COLLECTED,2024-09-28T14:48:23.411Z
37699,88872,TX20240301316060,WIT_FEE,50,MRU,2931,PLATFORM,COLLECTED,2024-03-01T06:39:23.682Z
37700,88873,TX20241107047297,TRF_FEE,25,MRU,7038,PLATFORM,COLLECTED,2024-11-07T18:39:45.372Z
37701,88874,TX20240308746209,WIT_FEE,50,MRU,5369,PLATFORM,COLLECTED,2024-03-08T07:45:08.404Z
37702,88875,TX20241020851626,TRF_FEE,10,MRU,7477,PLATFORM,COLLECTED,2024-10-20T10:19:43.003Z
37703,88876,TX20241220412944,WIT_FEE,150,MRU,8325,PLATFORM,COLLECTED,2024-12-20T14:20:37.834Z
37704,88878,TX20240129923502,WIT_FEE,50,MRU,3404,PLATFORM,COLLECTED,2024-01-29T12:17:07.140Z
37705,88881,TX20240120939947,WIT_FEE,100,MRU,9199,PLATFORM,COLLECTED,2024-01-20T14:00:20.002Z
37706,88884,TX20240807137835,TRF_FEE,50,MRU,2833,PLATFORM,COLLECTED,2024-08-07T10:14:27.093Z
37707,88885,TX20240321346758,TRF_FEE,25,MRU,252,PLATFORM,COLLECTED,2024-03-21T06:38:17.112Z
37708,88888,TX20240624749275,TRF_FEE,25,MRU,2891,PLATFORM,COLLECTED,2024-06-24T16:37:08.215Z
37709,88892,TX20241102241826,TRF_FEE,10,MRU,6493,PLATFORM,COLLECTED,2024-11-02T14:16:46.806Z
37710,88894,TX20240502713946,WIT_FEE,50,MRU,4159,PLATFORM,COLLECTED,2024-05-02T17:37:12.412Z
37711,88895,TX20241126353403,TRF_FEE,25,MRU,2165,PLATFORM,COLLECTED,2024-11-26T20:11:27.600Z
37712,88897,TX20240731944541,PAY_FEE,66,MRU,2485,MERCHANT,COLLECTED,2024-07-31T09:22:34.330Z
37713,88898,TX20240415834975,TRF_FEE,25,MRU,5324,PLATFORM,COLLECTED,2024-04-15T01:55:56.712Z
37714,88899,TX20240719272580,PAY_FEE,35,MRU,9271,MERCHANT,COLLECTED,2024-07-19T09:43:44.179Z
37715,88902,TX20240124385587,SAL_FEE,1875,MRU,6584,PLATFORM,COLLECTED,2024-01-24T10:08:41.899Z
37716,88905,TX20240912047166,PAY_FEE,27,MRU,9311,MERCHANT,COLLECTED,2024-09-12T16:18:14.346Z
37717,88907,TX20240602661959,TRF_FEE,25,MRU,8822,PLATFORM,COLLECTED,2024-06-02T06:58:26.217Z
37718,88909,TX20241123679984,WIT_FEE,100,MRU,3107,PLATFORM,COLLECTED,2024-11-23T14:41:10.314Z
37719,88910,TX20240505788695,PAY_FEE,345,MRU,6170,MERCHANT,COLLECTED,2024-05-05T11:17:52.148Z
37720,88912,TX20240205007724,TRF_FEE,50,MRU,1300,PLATFORM,COLLECTED,2024-02-05T13:45:27.707Z
37721,88917,TX20240731688962,WIT_FEE,50,MRU,3646,PLATFORM,COLLECTED,2024-07-31T11:08:33.905Z
37722,88920,TX20240726382608,PAY_FEE,13,MRU,2505,MERCHANT,COLLECTED,2024-07-26T07:57:32.227Z
37723,88921,TX20240821862567,BIL_FEE,100,MRU,6349,PLATFORM,COLLECTED,2024-08-21T12:16:51.455Z
37724,88927,TX20241207219378,WIT_FEE,50,MRU,6195,PLATFORM,COLLECTED,2024-12-07T10:43:04.386Z
37725,88929,TX20240613270940,PAY_FEE,30,MRU,1698,MERCHANT,COLLECTED,2024-06-13T13:21:05.928Z
37726,88930,TX20240108957998,TRF_FEE,50,MRU,10564,PLATFORM,COLLECTED,2024-01-08T21:11:07.598Z
37727,88931,TX20240111272402,TRF_FEE,50,MRU,776,PLATFORM,COLLECTED,2024-01-11T13:25:20.932Z
37728,88933,TX20240719360816,TRF_FEE,50,MRU,9181,PLATFORM,COLLECTED,2024-07-19T14:19:51.736Z
37729,88937,TX20240327908381,SAL_FEE,635,MRU,5643,PLATFORM,COLLECTED,2024-03-27T13:45:32.487Z
37730,88940,TX20240210880559,TRF_FEE,25,MRU,6432,PLATFORM,COLLECTED,2024-02-10T07:33:02.836Z
37731,88944,TX20240618187247,TRF_FEE,50,MRU,1530,PLATFORM,COLLECTED,2024-06-18T18:12:01.601Z
37732,88945,TX20240204454076,SAL_FEE,1880,MRU,10601,PLATFORM,COLLECTED,2024-02-04T11:32:50.122Z
37733,88952,TX20240417286044,WIT_FEE,50,MRU,697,PLATFORM,COLLECTED,2024-04-17T15:52:01.408Z
37734,88959,TX20240117886161,PAY_FEE,10,MRU,2809,MERCHANT,COLLECTED,2024-01-17T14:28:58.010Z
37735,88960,TX20240605286042,TRF_FEE,25,MRU,1377,PLATFORM,COLLECTED,2024-06-05T07:01:08.788Z
37736,88964,TX20240428686354,TRF_FEE,25,MRU,1651,PLATFORM,COLLECTED,2024-04-28T15:25:32.718Z
37737,88971,TX20241023866907,TRF_FEE,50,MRU,3599,PLATFORM,COLLECTED,2024-10-23T09:18:49.597Z
37738,88972,TX20241021368984,TRF_FEE,50,MRU,10554,PLATFORM,COLLECTED,2024-10-21T07:38:38.741Z
37739,88978,TX20241207129695,PAY_FEE,24,MRU,587,MERCHANT,COLLECTED,2024-12-07T09:23:08.556Z
37740,88979,TX20240213308517,WIT_FEE,50,MRU,2883,PLATFORM,COLLECTED,2024-02-13T19:00:25.649Z
37741,88980,TX20240319760093,SAL_FEE,1415,MRU,1227,PLATFORM,COLLECTED,2024-03-19T22:41:38.674Z
37742,88981,TX20241201217407,TRF_FEE,50,MRU,6464,PLATFORM,COLLECTED,2024-12-01T04:41:47.352Z
37743,88983,TX20240531140803,TRF_FEE,25,MRU,5540,PLATFORM,COLLECTED,2024-05-31T08:52:29.852Z
37744,88984,TX20240525701692,WIT_FEE,100,MRU,4352,PLATFORM,COLLECTED,2024-05-25T07:56:48.669Z
37745,88986,TX20240829122123,TRF_FEE,25,MRU,6191,PLATFORM,COLLECTED,2024-08-29T06:20:56.671Z
37746,88990,TX20240305602822,TRF_FEE,25,MRU,1831,PLATFORM,COLLECTED,2024-03-05T19:00:14.581Z
37747,88992,TX20240819552365,TRF_FEE,25,MRU,1616,PLATFORM,COLLECTED,2024-08-19T09:48:35.434Z
37748,88994,TX20241121394550,WIT_FEE,50,MRU,10928,PLATFORM,COLLECTED,2024-11-21T11:24:36.823Z
37749,88996,TX20241031130531,WIT_FEE,64,MRU,1789,PLATFORM,COLLECTED,2024-10-31T21:44:22.751Z
37750,88999,TX20240828284489,PAY_FEE,36,MRU,2728,MERCHANT,COLLECTED,2024-08-28T18:49:51.762Z
37751,89002,TX20241011203220,TRF_FEE,50,MRU,435,PLATFORM,COLLECTED,2024-10-11T17:26:34.949Z
37752,89009,TX20240709761503,PAY_FEE,180,MRU,10773,MERCHANT,COLLECTED,2024-07-09T06:43:21.195Z
37753,89011,TX20240420966768,WIT_FEE,50,MRU,9843,PLATFORM,COLLECTED,2024-04-20T16:39:46.091Z
37754,89013,TX20240601296229,TRF_FEE,10,MRU,1683,PLATFORM,COLLECTED,2024-06-01T14:26:47.548Z
37755,89014,TX20241217813274,WIT_FEE,50,MRU,5985,PLATFORM,COLLECTED,2024-12-17T15:39:03.966Z
37756,89024,TX20240614329673,TRF_FEE,50,MRU,4092,PLATFORM,COLLECTED,2024-06-14T08:05:50.554Z
37757,89025,TX20240604774973,TRF_FEE,25,MRU,7622,PLATFORM,COLLECTED,2024-06-04T11:24:32.933Z
37758,89028,TX20240517999139,TRF_FEE,50,MRU,7971,PLATFORM,COLLECTED,2024-05-17T09:09:41.963Z
37759,89029,TX20240223707111,SAL_FEE,2410,MRU,409,PLATFORM,COLLECTED,2024-02-23T09:45:48.732Z
37760,89031,TX20241118277742,WIT_FEE,50,MRU,10407,PLATFORM,COLLECTED,2024-11-18T16:30:56.792Z
37761,89035,TX20240922441419,TRF_FEE,25,MRU,865,PLATFORM,COLLECTED,2024-09-22T17:51:22.183Z
37762,89036,TX20240507483683,WIT_FEE,50,MRU,4088,PLATFORM,COLLECTED,2024-05-07T15:48:51.314Z
37763,89037,TX20240105022167,PAY_FEE,8,MRU,8732,MERCHANT,COLLECTED,2024-01-05T13:07:11.458Z
37764,89040,TX20240229083671,WIT_FEE,70,MRU,9313,PLATFORM,COLLECTED,2024-02-29T14:36:55.057Z
37765,89056,TX20241111130176,WIT_FEE,50,MRU,6643,PLATFORM,COLLECTED,2024-11-11T16:27:32.760Z
37766,89057,TX20240622580865,TRF_FEE,50,MRU,464,PLATFORM,COLLECTED,2024-06-22T14:42:53.683Z
37767,89064,TX20240930000584,PAY_FEE,3,MRU,46,MERCHANT,COLLECTED,2024-09-30T16:33:13.395Z
37768,89066,TX20241211687195,TRF_FEE,25,MRU,6649,PLATFORM,COLLECTED,2024-12-11T17:59:37.495Z
37769,89067,TX20240514334365,PAY_FEE,110,MRU,9623,MERCHANT,COLLECTED,2024-05-14T15:07:31.335Z
37770,89072,TX20240429095071,WIT_FEE,50,MRU,8750,PLATFORM,COLLECTED,2024-04-29T18:46:14.943Z
37771,89073,TX20241230286010,PAY_FEE,7,MRU,3322,MERCHANT,COLLECTED,2024-12-30T21:49:00.311Z
37772,89077,TX20241220131495,TRF_FEE,50,MRU,1371,PLATFORM,COLLECTED,2024-12-20T18:47:49.005Z
37773,89078,TX20240214584347,WIT_FEE,50,MRU,4858,PLATFORM,COLLECTED,2024-02-14T18:17:09.256Z
37774,89082,TX20240902178785,TRF_FEE,50,MRU,8065,PLATFORM,COLLECTED,2024-09-02T01:12:09.011Z
37775,89083,TX20241021027656,TRF_FEE,25,MRU,3128,PLATFORM,COLLECTED,2024-10-21T07:17:42.185Z
37776,89084,TX20240705814736,WIT_FEE,50,MRU,7894,PLATFORM,COLLECTED,2024-07-05T17:52:00.295Z
37777,89089,TX20240119913270,PAY_FEE,32,MRU,9242,MERCHANT,COLLECTED,2024-01-19T14:43:21.637Z
37778,89095,TX20241114485727,TRF_FEE,25,MRU,9747,PLATFORM,COLLECTED,2024-11-14T18:25:29.311Z
37779,89096,TX20240213122108,PAY_FEE,66,MRU,6330,MERCHANT,COLLECTED,2024-02-13T12:12:38.204Z
37780,89099,TX20241117614645,SAL_FEE,1520,MRU,6147,PLATFORM,COLLECTED,2024-11-17T20:21:07.070Z
37781,89100,TX20240409440417,PAY_FEE,12,MRU,18,MERCHANT,COLLECTED,2024-04-09T16:36:30.134Z
37782,89102,TX20240827920690,WIT_FEE,50,MRU,8534,PLATFORM,COLLECTED,2024-08-27T09:43:04.006Z
37783,89110,TX20240116750018,WIT_FEE,50,MRU,9279,PLATFORM,COLLECTED,2024-01-16T07:27:17.046Z
37784,89114,TX20240527807619,TRF_FEE,25,MRU,9021,PLATFORM,COLLECTED,2024-05-27T07:42:41.596Z
37785,89115,TX20240613829521,PAY_FEE,30,MRU,1698,MERCHANT,COLLECTED,2024-06-13T13:21:05.928Z
37786,89117,TX20240505008045,TRF_FEE,25,MRU,9337,PLATFORM,COLLECTED,2024-05-05T18:04:33.782Z
37787,89118,TX20241120824457,WIT_FEE,50,MRU,7035,PLATFORM,COLLECTED,2024-11-20T09:35:59.383Z
37788,89119,TX20241106101225,WIT_FEE,50,MRU,1701,PLATFORM,COLLECTED,2024-11-06T16:49:51.852Z
37789,89120,TX20240208835100,WIT_FEE,500,MRU,5937,PLATFORM,COLLECTED,2024-02-08T11:51:41.191Z
37790,89122,TX20241028411647,TRF_FEE,25,MRU,6459,PLATFORM,COLLECTED,2024-10-28T18:13:32.859Z
37791,89123,TX20240327699620,SAL_FEE,635,MRU,5643,PLATFORM,COLLECTED,2024-03-27T13:45:32.487Z
37792,89124,TX20240403974525,TRF_FEE,25,MRU,6157,PLATFORM,COLLECTED,2024-04-03T13:38:13.147Z
37793,89130,TX20240828444759,WIT_FEE,64,MRU,9190,PLATFORM,COLLECTED,2024-08-28T09:59:01.127Z
37794,89134,TX20240419095897,TRF_FEE,50,MRU,10307,PLATFORM,COLLECTED,2024-04-19T10:57:23.408Z
37795,89137,TX20240914421642,PAY_FEE,23,MRU,10678,MERCHANT,COLLECTED,2024-09-14T08:53:52.800Z
37796,89138,TX20241127402920,TRF_FEE,10,MRU,6512,PLATFORM,COLLECTED,2024-11-27T09:37:17.680Z
37797,89139,TX20240601879385,PAY_FEE,38,MRU,10349,MERCHANT,COLLECTED,2024-06-01T19:26:05.107Z
37798,89140,TX20240328815410,TRF_FEE,25,MRU,8738,PLATFORM,COLLECTED,2024-03-28T09:24:54.440Z
37799,89141,TX20240206478639,TRF_FEE,10,MRU,10319,PLATFORM,COLLECTED,2024-02-06T10:40:55.444Z
37800,89145,TX20241206249536,WIT_FEE,79,MRU,958,PLATFORM,COLLECTED,2024-12-06T07:47:12.126Z
37801,89147,TX20240714498882,TRF_FEE,25,MRU,7242,PLATFORM,COLLECTED,2024-07-14T17:37:37.410Z
37802,89148,TX20240730843086,WIT_FEE,50,MRU,4553,PLATFORM,COLLECTED,2024-07-30T07:26:24.275Z
37803,89149,TX20241123041697,TRF_FEE,50,MRU,10879,PLATFORM,COLLECTED,2024-11-23T16:37:04.224Z
37804,89150,TX20240606792421,PAY_FEE,44,MRU,7688,MERCHANT,COLLECTED,2024-06-06T12:43:08.126Z
37805,89153,TX20240613635748,WIT_FEE,50,MRU,7082,PLATFORM,COLLECTED,2024-06-13T13:11:34.699Z
37806,89155,TX20240329678973,TRF_FEE,10,MRU,605,PLATFORM,COLLECTED,2024-03-29T10:25:21.041Z
37807,89157,TX20241023193517,TRF_FEE,50,MRU,3599,PLATFORM,COLLECTED,2024-10-23T09:18:49.597Z
37808,89163,TX20240813126098,WIT_FEE,100,MRU,5000,PLATFORM,COLLECTED,2024-08-13T06:36:37.543Z
37809,89164,TX20241028108825,TRF_FEE,50,MRU,6163,PLATFORM,COLLECTED,2024-10-28T19:16:23.142Z
37810,89169,TX20240531484336,TRF_FEE,25,MRU,5540,PLATFORM,COLLECTED,2024-05-31T08:52:29.852Z
37811,89170,TX20240223822430,WIT_FEE,50,MRU,10540,PLATFORM,COLLECTED,2024-02-23T19:48:40.393Z
37812,89171,TX20240515697989,TRF_FEE,50,MRU,10424,PLATFORM,COLLECTED,2024-05-15T09:16:07.495Z
37813,89175,TX20240327833018,TRF_FEE,50,MRU,3816,PLATFORM,COLLECTED,2024-03-27T16:09:36.220Z
37814,89177,TX20241109667842,PAY_FEE,17,MRU,7549,MERCHANT,COLLECTED,2024-11-09T08:07:54.872Z
37815,89179,TX20240207206685,SAL_FEE,1375,MRU,1511,PLATFORM,COLLECTED,2024-02-07T08:10:32.786Z
37816,89181,TX20240503688914,TRF_FEE,10,MRU,2359,PLATFORM,COLLECTED,2024-05-03T08:57:52.278Z
37817,89182,TX20240503751334,WIT_FEE,200,MRU,8877,PLATFORM,COLLECTED,2024-05-03T08:48:33.722Z
37818,89184,TX20240314613025,PAY_FEE,27,MRU,3231,MERCHANT,COLLECTED,2024-03-14T12:23:01.315Z
37819,89185,TX20240404830936,PAY_FEE,20,MRU,8087,MERCHANT,COLLECTED,2024-04-04T05:13:59.080Z
37820,89196,TX20240909433644,WIT_FEE,50,MRU,2630,PLATFORM,COLLECTED,2024-09-09T18:41:51.650Z
37821,89199,TX20240603436200,TRF_FEE,25,MRU,4868,PLATFORM,COLLECTED,2024-06-03T00:37:25.641Z
37822,89200,TX20241206709272,SAL_FEE,365,MRU,7218,PLATFORM,COLLECTED,2024-12-06T13:23:57.634Z
37823,89203,TX20240322171928,WIT_FEE,50,MRU,1887,PLATFORM,COLLECTED,2024-03-22T18:31:38.590Z
37824,89205,TX20240805678881,PAY_FEE,60,MRU,8961,MERCHANT,COLLECTED,2024-08-05T10:17:11.851Z
37825,89206,TX20240429878830,PAY_FEE,26,MRU,4788,MERCHANT,COLLECTED,2024-04-29T09:39:39.412Z
37826,89207,TX20240918282712,SAL_FEE,970,MRU,5387,PLATFORM,COLLECTED,2024-09-18T13:25:23.206Z
37827,89209,TX20241121299861,TRF_FEE,50,MRU,1981,PLATFORM,COLLECTED,2024-11-21T06:25:30.162Z
37828,89218,TX20240101145175,TRF_FEE,50,MRU,7479,PLATFORM,COLLECTED,2024-01-01T20:25:12.746Z
37829,89220,TX20241128950201,TRF_FEE,50,MRU,10117,PLATFORM,COLLECTED,2024-11-28T15:39:24.873Z
37830,89222,TX20240823144069,WIT_FEE,440,MRU,7259,PLATFORM,COLLECTED,2024-08-23T08:42:52.537Z
37831,89224,TX20240619024031,TRF_FEE,25,MRU,6027,PLATFORM,COLLECTED,2024-06-19T08:07:00.984Z
37832,89226,TX20241019893420,PAY_FEE,17,MRU,153,MERCHANT,COLLECTED,2024-10-19T06:44:31.972Z
37833,89229,TX20241111508867,TRF_FEE,25,MRU,8428,PLATFORM,COLLECTED,2024-11-11T05:13:17.804Z
37834,89233,TX20240523374370,SAL_FEE,1660,MRU,2348,PLATFORM,COLLECTED,2024-05-23T09:12:30.875Z
37835,89241,TX20240226318419,TRF_FEE,25,MRU,3207,PLATFORM,COLLECTED,2024-02-26T14:29:47.730Z
37836,89244,TX20240204702859,WIT_FEE,100,MRU,3923,PLATFORM,COLLECTED,2024-02-04T10:23:29.841Z
37837,89245,TX20240524022335,SAL_FEE,410,MRU,9083,PLATFORM,COLLECTED,2024-05-24T17:39:27.992Z
37838,89247,TX20240524679236,WIT_FEE,480,MRU,7443,PLATFORM,COLLECTED,2024-05-24T05:42:18.157Z
37839,89248,TX20240828953347,TRF_FEE,25,MRU,8553,PLATFORM,COLLECTED,2024-08-28T08:53:47.501Z
37840,89251,TX20241206036993,TRF_FEE,25,MRU,6381,PLATFORM,COLLECTED,2024-12-06T19:22:11.611Z
37841,89252,TX20240703896923,TRF_FEE,25,MRU,10931,PLATFORM,COLLECTED,2024-07-03T06:29:56.830Z
37842,89253,TX20240523566368,TRF_FEE,50,MRU,4083,PLATFORM,COLLECTED,2024-05-23T10:25:45.827Z
37843,89255,TX20241024898898,PAY_FEE,36,MRU,10537,MERCHANT,COLLECTED,2024-10-24T07:27:18.183Z
37844,89256,TX20240328519016,TRF_FEE,10,MRU,10072,PLATFORM,COLLECTED,2024-03-28T16:41:55.124Z
37845,89261,TX20240329147958,PAY_FEE,74,MRU,5324,MERCHANT,COLLECTED,2024-03-29T09:58:51.267Z
37846,89264,TX20241101987934,TRF_FEE,10,MRU,10109,PLATFORM,COLLECTED,2024-11-01T10:04:33.186Z
37847,89267,TX20240807861089,TRF_FEE,50,MRU,10340,PLATFORM,COLLECTED,2024-08-07T08:37:40.910Z
37848,89269,TX20241121752918,PAY_FEE,128,MRU,298,MERCHANT,COLLECTED,2024-11-21T09:57:34.668Z
37849,89270,TX20240115213070,WIT_FEE,200,MRU,912,PLATFORM,COLLECTED,2024-01-15T07:38:20.677Z
37850,89280,TX20240109112049,WIT_FEE,50,MRU,9429,PLATFORM,COLLECTED,2024-01-09T12:31:29.174Z
37851,89281,TX20240423598675,TRF_FEE,25,MRU,8372,PLATFORM,COLLECTED,2024-04-23T17:55:19.293Z
37852,89285,TX20240322374358,SAL_FEE,2230,MRU,10887,PLATFORM,COLLECTED,2024-03-22T07:56:30.039Z
37853,89286,TX20240620440417,WIT_FEE,250,MRU,9426,PLATFORM,COLLECTED,2024-06-20T10:35:42.272Z
37854,89289,TX20240112249152,WIT_FEE,170,MRU,1249,PLATFORM,COLLECTED,2024-01-12T09:10:28.216Z
37855,89290,TX20241216411125,WIT_FEE,280,MRU,10817,PLATFORM,COLLECTED,2024-12-16T11:57:07.077Z
37856,89292,TX20240621340611,PAY_FEE,39,MRU,8313,MERCHANT,COLLECTED,2024-06-21T17:03:52.799Z
37857,89294,TX20240802558152,PAY_FEE,23,MRU,7443,MERCHANT,COLLECTED,2024-08-02T10:26:08.840Z
37858,89296,TX20240411217617,TRF_FEE,50,MRU,7436,PLATFORM,COLLECTED,2024-04-11T17:47:05.034Z
37859,89299,TX20240506896863,TRF_FEE,50,MRU,1809,PLATFORM,COLLECTED,2024-05-06T14:55:17.145Z
37860,89303,TX20240806496468,WIT_FEE,50,MRU,6624,PLATFORM,COLLECTED,2024-08-06T08:03:00.206Z
37861,89304,TX20240214174815,PAY_FEE,57,MRU,9746,MERCHANT,COLLECTED,2024-02-14T19:57:41.468Z
37862,89305,TX20240511996826,WIT_FEE,50,MRU,10327,PLATFORM,COLLECTED,2024-05-11T15:56:41.101Z
37863,89306,TX20240711572458,TRF_FEE,25,MRU,8864,PLATFORM,COLLECTED,2024-07-11T16:34:38.835Z
37864,89307,TX20241206706421,PAY_FEE,8,MRU,1389,MERCHANT,COLLECTED,2024-12-06T16:41:50.156Z
37865,89308,TX20240714633672,WIT_FEE,50,MRU,8924,PLATFORM,COLLECTED,2024-07-14T16:08:59.155Z
37866,89313,TX20240617627573,TRF_FEE,10,MRU,3464,PLATFORM,COLLECTED,2024-06-17T09:29:28.279Z
37867,89317,TX20241002190127,PAY_FEE,36,MRU,323,MERCHANT,COLLECTED,2024-10-02T16:16:26.942Z
37868,89320,TX20240419288349,TRF_FEE,50,MRU,10307,PLATFORM,COLLECTED,2024-04-19T10:57:23.408Z
37869,89321,TX20240125384433,TRF_FEE,25,MRU,10487,PLATFORM,COLLECTED,2024-01-25T08:18:12.171Z
37870,89329,TX20241212439142,TRF_FEE,25,MRU,10689,PLATFORM,COLLECTED,2024-12-12T10:35:51.736Z
37871,89334,TX20241005843086,TRF_FEE,10,MRU,6421,PLATFORM,COLLECTED,2024-10-05T06:54:14.221Z
37872,89335,TX20241123933561,TRF_FEE,50,MRU,10879,PLATFORM,COLLECTED,2024-11-23T16:37:04.224Z
37873,89336,TX20240717686354,TRF_FEE,25,MRU,2581,PLATFORM,COLLECTED,2024-07-17T15:08:07.697Z
37874,89339,TX20240815970935,TRF_FEE,10,MRU,2471,PLATFORM,COLLECTED,2024-08-15T07:34:41.642Z
37875,89342,TX20241209505158,TRF_FEE,25,MRU,9400,PLATFORM,COLLECTED,2024-12-09T16:07:07.864Z
37876,89344,TX20241021694775,TRF_FEE,50,MRU,10554,PLATFORM,COLLECTED,2024-10-21T07:38:38.741Z
37877,89349,TX20240813132988,WIT_FEE,100,MRU,5000,PLATFORM,COLLECTED,2024-08-13T06:36:37.543Z
37878,89350,TX20241207108825,PAY_FEE,24,MRU,587,MERCHANT,COLLECTED,2024-12-07T09:23:08.556Z
37879,89355,TX20241107573813,TRF_FEE,50,MRU,9818,PLATFORM,COLLECTED,2024-11-07T13:54:28.783Z
37880,89356,TX20240901472002,PAY_FEE,33,MRU,3203,MERCHANT,COLLECTED,2024-09-01T10:57:12.194Z
37881,89362,TX20240301140208,TRF_FEE,50,MRU,7422,PLATFORM,COLLECTED,2024-03-01T13:42:23.118Z
37882,89364,TX20240223114982,TRF_FEE,50,MRU,10263,PLATFORM,COLLECTED,2024-02-23T20:21:49.593Z
37883,89365,TX20240707423070,WIT_FEE,50,MRU,3738,PLATFORM,COLLECTED,2024-07-07T15:19:50.828Z
37884,89366,TX20241121886850,WIT_FEE,50,MRU,10928,PLATFORM,COLLECTED,2024-11-21T11:24:36.823Z
37885,89368,TX20241226872303,PAY_FEE,54,MRU,8039,MERCHANT,COLLECTED,2024-12-26T16:22:45.161Z
37886,89370,TX20241208122491,WIT_FEE,50,MRU,820,PLATFORM,COLLECTED,2024-12-08T11:15:36.019Z
37887,89382,TX20241120527779,TRF_FEE,25,MRU,10211,PLATFORM,COLLECTED,2024-11-20T13:30:12.667Z
37888,89383,TX20240827821951,PAY_FEE,33,MRU,4765,MERCHANT,COLLECTED,2024-08-27T15:05:53.469Z
37889,89384,TX20241019358467,TRF_FEE,25,MRU,8390,PLATFORM,COLLECTED,2024-10-19T11:08:46.062Z
37890,89385,TX20240719390357,PAY_FEE,345,MRU,2224,MERCHANT,COLLECTED,2024-07-19T07:10:29.760Z
37891,89386,TX20240827663900,TRF_FEE,50,MRU,3683,PLATFORM,COLLECTED,2024-08-27T05:57:32.066Z
37892,89387,TX20241001680069,TRF_FEE,50,MRU,10904,PLATFORM,COLLECTED,2024-10-01T18:13:31.322Z
37893,89389,TX20240707299545,PAY_FEE,120,MRU,1154,MERCHANT,COLLECTED,2024-07-07T14:35:10.757Z
37894,89390,TX20240316310849,TRF_FEE,25,MRU,3287,PLATFORM,COLLECTED,2024-03-16T08:42:51.924Z
37895,89392,TX20240829878830,WIT_FEE,50,MRU,3413,PLATFORM,COLLECTED,2024-08-29T14:24:25.400Z
37896,89393,TX20240918758422,SAL_FEE,970,MRU,5387,PLATFORM,COLLECTED,2024-09-18T13:25:23.206Z
37897,89396,TX20240318554963,PAY_FEE,93,MRU,7505,MERCHANT,COLLECTED,2024-03-18T19:43:58.200Z
37898,89398,TX20240429556233,PAY_FEE,24,MRU,1931,MERCHANT,COLLECTED,2024-04-29T12:47:19.365Z
37899,89413,TX20240110893927,TRF_FEE,25,MRU,685,PLATFORM,COLLECTED,2024-01-10T17:00:41.950Z
37900,89414,TX20240605661319,TRF_FEE,25,MRU,3865,PLATFORM,COLLECTED,2024-06-05T04:23:13.472Z
37901,89417,TX20240121913187,TRF_FEE,25,MRU,5207,PLATFORM,COLLECTED,2024-01-21T13:45:11.877Z
37902,89424,TX20240516453004,TRF_FEE,50,MRU,3630,PLATFORM,COLLECTED,2024-05-16T06:52:08.892Z
37903,89426,TX20240820787906,WIT_FEE,50,MRU,5491,PLATFORM,COLLECTED,2024-08-20T07:27:12.705Z
37904,89428,TX20240416288928,TRF_FEE,25,MRU,8401,PLATFORM,COLLECTED,2024-04-16T16:43:27.543Z
37905,89434,TX20240328451167,TRF_FEE,50,MRU,7419,PLATFORM,COLLECTED,2024-03-28T18:47:30.775Z
37906,89439,TX20240524566368,WIT_FEE,50,MRU,8295,PLATFORM,COLLECTED,2024-05-24T10:45:49.368Z
37907,89441,TX20240307435519,PAY_FEE,14,MRU,6913,MERCHANT,COLLECTED,2024-03-07T11:18:10.955Z
37908,89442,TX20240221219504,WIT_FEE,50,MRU,2329,PLATFORM,COLLECTED,2024-02-21T09:17:16.301Z
37909,89443,TX20240306213202,WIT_FEE,50,MRU,3212,PLATFORM,COLLECTED,2024-03-06T09:28:07.187Z
37910,89445,TX20241113139950,TRF_FEE,50,MRU,2638,PLATFORM,COLLECTED,2024-11-13T16:06:22.750Z
37911,89447,TX20240408903638,WIT_FEE,50,MRU,7752,PLATFORM,COLLECTED,2024-04-08T14:31:13.570Z
37912,89448,TX20240119809388,TRF_FEE,25,MRU,581,PLATFORM,COLLECTED,2024-01-19T17:29:31.532Z
37913,89455,TX20240409256140,TRF_FEE,25,MRU,10302,PLATFORM,COLLECTED,2024-04-09T10:17:00.928Z
37914,89458,TX20240218149584,SAL_FEE,2430,MRU,340,PLATFORM,COLLECTED,2024-02-17T23:42:14.712Z
37915,89459,TX20240124482883,SAL_FEE,1875,MRU,6584,PLATFORM,COLLECTED,2024-01-24T10:08:41.899Z
37916,89462,TX20240420974732,PAY_FEE,1470,MRU,6271,MERCHANT,COLLECTED,2024-04-20T08:20:50.136Z
37917,89464,TX20240602274715,TRF_FEE,25,MRU,8822,PLATFORM,COLLECTED,2024-06-02T06:58:26.217Z
37918,89466,TX20240906679984,TRF_FEE,50,MRU,7732,PLATFORM,COLLECTED,2024-09-06T07:18:16.413Z
37919,89467,TX20240505909059,PAY_FEE,345,MRU,6170,MERCHANT,COLLECTED,2024-05-05T11:17:52.148Z
37920,89468,TX20240313210531,SAL_FEE,750,MRU,2138,PLATFORM,COLLECTED,2024-03-13T06:07:31.416Z
37921,89469,TX20241003579568,TRF_FEE,50,MRU,10149,PLATFORM,COLLECTED,2024-10-03T11:42:07.894Z
37922,89473,TX20240325773026,TRF_FEE,50,MRU,5959,PLATFORM,COLLECTED,2024-03-25T11:12:48.614Z
37923,89475,TX20241121739398,WIT_FEE,50,MRU,2216,PLATFORM,COLLECTED,2024-11-21T13:59:55.724Z
37924,89477,TX20240727382608,WIT_FEE,50,MRU,6069,PLATFORM,COLLECTED,2024-07-27T15:34:09.962Z
37925,89478,TX20240821275766,BIL_FEE,100,MRU,6349,PLATFORM,COLLECTED,2024-08-21T12:16:51.455Z
37926,89479,TX20241008398037,TRF_FEE,25,MRU,7417,PLATFORM,COLLECTED,2024-10-08T13:24:35.705Z
37927,89480,TX20240406488516,WIT_FEE,50,MRU,2219,PLATFORM,COLLECTED,2024-04-06T14:00:51.385Z
37928,89485,TX20240318066574,TRF_FEE,50,MRU,2242,PLATFORM,COLLECTED,2024-03-18T15:59:10.680Z
37929,89488,TX20240606008045,TRF_FEE,25,MRU,8644,PLATFORM,COLLECTED,2024-06-06T09:55:04.555Z
37930,89489,TX20241120122921,WIT_FEE,50,MRU,7035,PLATFORM,COLLECTED,2024-11-20T09:35:59.383Z
37931,89494,TX20240704245397,WIT_FEE,50,MRU,1908,PLATFORM,COLLECTED,2024-07-04T15:32:29.509Z
37932,89495,TX20240325010269,TRF_FEE,25,MRU,7518,PLATFORM,COLLECTED,2024-03-25T08:33:31.270Z
37933,89507,TX20240227349278,WIT_FEE,50,MRU,6327,PLATFORM,COLLECTED,2024-02-27T14:16:29.989Z
37934,89514,TX20240804380208,WIT_FEE,50,MRU,4072,PLATFORM,COLLECTED,2024-08-04T16:44:58.571Z
37935,89518,TX20240903498882,PAY_FEE,102,MRU,4542,MERCHANT,COLLECTED,2024-09-03T12:54:37.631Z
37936,89519,TX20240730938110,WIT_FEE,50,MRU,4553,PLATFORM,COLLECTED,2024-07-30T07:26:24.275Z
37937,89520,TX20241011913528,BIL_FEE,100,MRU,9133,PLATFORM,COLLECTED,2024-10-11T13:04:13.987Z
37938,89521,TX20240428792421,TRF_FEE,25,MRU,1651,PLATFORM,COLLECTED,2024-04-28T15:25:32.718Z
37939,89524,TX20240613259322,WIT_FEE,50,MRU,7082,PLATFORM,COLLECTED,2024-06-13T13:11:34.699Z
37940,89526,TX20240329968437,TRF_FEE,10,MRU,605,PLATFORM,COLLECTED,2024-03-29T10:25:21.041Z
37941,89534,TX20240813534723,WIT_FEE,100,MRU,5000,PLATFORM,COLLECTED,2024-08-13T06:36:37.543Z
37942,89536,TX20240213795214,WIT_FEE,50,MRU,2883,PLATFORM,COLLECTED,2024-02-13T19:00:25.649Z
37943,89538,TX20241013467598,TRF_FEE,25,MRU,2350,PLATFORM,COLLECTED,2024-10-13T09:35:00.011Z
37944,89543,TX20240829328628,TRF_FEE,25,MRU,6191,PLATFORM,COLLECTED,2024-08-29T06:20:56.671Z
37945,89544,TX20240113128493,PAY_FEE,62,MRU,8256,MERCHANT,COLLECTED,2024-01-13T14:57:42.090Z
37946,89546,TX20240515833018,WIT_FEE,50,MRU,6793,PLATFORM,COLLECTED,2024-05-15T11:14:47.160Z
37947,89548,TX20240319781206,PAY_FEE,132,MRU,4398,MERCHANT,COLLECTED,2024-03-19T07:54:52.684Z
37948,89550,TX20241223248771,WIT_FEE,50,MRU,8681,PLATFORM,COLLECTED,2024-12-23T07:08:10.533Z
37949,89552,TX20240411513743,PAY_FEE,7,MRU,2102,MERCHANT,COLLECTED,2024-04-11T07:08:28.828Z
37950,89556,TX20240404858553,PAY_FEE,20,MRU,8087,MERCHANT,COLLECTED,2024-04-04T05:13:59.080Z
37951,89562,TX20241024441605,WIT_FEE,50,MRU,8213,PLATFORM,COLLECTED,2024-10-24T13:45:37.850Z
37952,89563,TX20240611984394,WIT_FEE,50,MRU,7181,PLATFORM,COLLECTED,2024-06-11T08:18:37.060Z
37953,89567,TX20240102205599,TRF_FEE,25,MRU,5626,PLATFORM,COLLECTED,2024-01-02T17:30:53.525Z
37954,89570,TX20240627235595,TRF_FEE,10,MRU,6040,PLATFORM,COLLECTED,2024-06-27T08:48:26.465Z
37955,89572,TX20240802528574,TRF_FEE,25,MRU,7501,PLATFORM,COLLECTED,2024-08-02T08:25:46.631Z
37956,89577,TX20241113505151,TRF_FEE,50,MRU,10430,PLATFORM,COLLECTED,2024-11-13T08:30:58.694Z
37957,89581,TX20240802346070,TRF_FEE,25,MRU,9254,PLATFORM,COLLECTED,2024-08-02T14:27:18.099Z
37958,89582,TX20240621774973,PAY_FEE,17,MRU,10297,MERCHANT,COLLECTED,2024-06-21T10:29:24.536Z
37959,89584,TX20240717132448,SAL_FEE,1840,MRU,7499,PLATFORM,COLLECTED,2024-07-17T05:10:38.875Z
37960,89590,TX20240824299444,WIT_FEE,50,MRU,10900,PLATFORM,COLLECTED,2024-08-24T06:48:01.610Z
37961,89591,TX20240420025509,SAL_FEE,1395,MRU,4276,PLATFORM,COLLECTED,2024-04-20T09:06:12.606Z
37962,89592,TX20240602320435,PAY_FEE,38,MRU,9812,MERCHANT,COLLECTED,2024-06-02T07:46:44.207Z
37963,89593,TX20241122437534,TRF_FEE,25,MRU,9043,PLATFORM,COLLECTED,2024-11-22T18:12:00.551Z
37964,89595,TX20240619756029,TRF_FEE,25,MRU,6027,PLATFORM,COLLECTED,2024-06-19T08:07:00.984Z
37965,89596,TX20240603325569,PAY_FEE,17,MRU,9926,MERCHANT,COLLECTED,2024-06-03T17:17:20.797Z
37966,89597,TX20240106322751,SAL_FEE,380,MRU,10227,PLATFORM,COLLECTED,2024-01-06T09:09:35.604Z
37967,89601,TX20240829875721,TRF_FEE,50,MRU,8462,PLATFORM,COLLECTED,2024-08-29T07:00:01.733Z
37968,89602,TX20240808162177,TRF_FEE,25,MRU,2127,PLATFORM,COLLECTED,2024-08-08T13:03:29.764Z
37969,89604,TX20240803096735,WIT_FEE,50,MRU,3691,PLATFORM,COLLECTED,2024-08-03T15:19:41.335Z
37970,89608,TX20241106601147,WIT_FEE,50,MRU,2868,PLATFORM,COLLECTED,2024-11-06T15:55:27.520Z
37971,89609,TX20240824834074,WIT_FEE,50,MRU,2417,PLATFORM,COLLECTED,2024-08-24T08:13:01.855Z
37972,89610,TX20241111823120,PAY_FEE,60,MRU,1949,MERCHANT,COLLECTED,2024-11-11T12:32:49.606Z
37973,89611,TX20240908192442,PAY_FEE,13,MRU,11010,MERCHANT,COLLECTED,2024-09-08T16:23:24.117Z
37974,89612,TX20240514460880,TRF_FEE,25,MRU,451,PLATFORM,COLLECTED,2024-05-14T18:43:16.549Z
37975,89613,TX20240903271879,WIT_FEE,100,MRU,2586,PLATFORM,COLLECTED,2024-09-03T13:11:20.370Z
37976,89615,TX20240907139247,TRF_FEE,25,MRU,10140,PLATFORM,COLLECTED,2024-09-07T09:28:30.853Z
37977,89616,TX20240323487999,WIT_FEE,78,MRU,844,PLATFORM,COLLECTED,2024-03-23T15:48:22.185Z
37978,89618,TX20240326492961,TRF_FEE,25,MRU,10700,PLATFORM,COLLECTED,2024-03-26T09:47:23.227Z
37979,89620,TX20240117551321,WIT_FEE,50,MRU,5089,PLATFORM,COLLECTED,2024-01-17T05:32:42.513Z
37980,89624,TX20240302989633,TRF_FEE,25,MRU,2640,PLATFORM,COLLECTED,2024-03-02T11:20:30.242Z
37981,89627,TX20240429797341,TRF_FEE,25,MRU,555,PLATFORM,COLLECTED,2024-04-29T14:46:01.679Z
37982,89628,TX20240103352507,SAL_FEE,2105,MRU,1820,PLATFORM,COLLECTED,2024-01-03T10:13:04.295Z
37983,89633,TX20240119545498,TRF_FEE,25,MRU,581,PLATFORM,COLLECTED,2024-01-19T17:29:31.532Z
37984,89634,TX20241206806451,SAL_FEE,570,MRU,9087,PLATFORM,COLLECTED,2024-12-06T09:44:56.086Z
37985,89635,TX20241209197722,WIT_FEE,50,MRU,5253,PLATFORM,COLLECTED,2024-12-09T08:39:13.406Z
37986,89639,TX20241126869978,PAY_FEE,150,MRU,108,MERCHANT,COLLECTED,2024-11-26T10:35:24.218Z
37987,89645,TX20240624635746,WIT_FEE,50,MRU,9071,PLATFORM,COLLECTED,2024-06-24T14:09:47.794Z
37988,89647,TX20241112725185,TRF_FEE,25,MRU,1505,PLATFORM,COLLECTED,2024-11-12T09:14:20.843Z
37989,89648,TX20240701138564,PAY_FEE,24,MRU,9389,MERCHANT,COLLECTED,2024-07-01T15:29:46.930Z
37990,89649,TX20240602313759,TRF_FEE,25,MRU,8822,PLATFORM,COLLECTED,2024-06-02T06:58:26.217Z
37991,89655,TX20240805986594,WIT_FEE,50,MRU,4231,PLATFORM,COLLECTED,2024-08-05T09:59:25.172Z
37992,89657,TX20240906468607,TRF_FEE,50,MRU,6835,PLATFORM,COLLECTED,2024-09-06T17:42:45.468Z
37993,89659,TX20240731333513,WIT_FEE,50,MRU,3646,PLATFORM,COLLECTED,2024-07-31T11:08:33.905Z
37994,89660,TX20241121018704,WIT_FEE,50,MRU,2216,PLATFORM,COLLECTED,2024-11-21T13:59:55.724Z
37995,89661,TX20240921691138,PAY_FEE,42,MRU,10166,MERCHANT,COLLECTED,2024-09-21T09:06:49.567Z
37996,89662,TX20240726829859,PAY_FEE,13,MRU,2505,MERCHANT,COLLECTED,2024-07-26T07:57:32.227Z
37997,89663,TX20240715311470,TRF_FEE,25,MRU,6465,PLATFORM,COLLECTED,2024-07-15T08:51:27.573Z
37998,89666,TX20240629717803,PAY_FEE,50,MRU,5078,MERCHANT,COLLECTED,2024-06-29T08:13:02.136Z
37999,89668,TX20240713778598,WIT_FEE,59,MRU,7652,PLATFORM,COLLECTED,2024-07-13T08:50:25.275Z
38000,89669,TX20241122345889,TRF_FEE,25,MRU,10933,PLATFORM,COLLECTED,2024-11-22T12:55:42.487Z
38001,89670,TX20240907965063,PAY_FEE,165,MRU,8933,MERCHANT,COLLECTED,2024-09-07T13:49:44.625Z
38002,89673,TX20240612236904,WIT_FEE,50,MRU,5530,PLATFORM,COLLECTED,2024-06-12T08:04:32.027Z
38003,89674,TX20240116966354,SAL_FEE,1765,MRU,4503,PLATFORM,COLLECTED,2024-01-16T13:10:48.718Z
38004,89676,TX20240208802539,WIT_FEE,500,MRU,5937,PLATFORM,COLLECTED,2024-02-08T11:51:41.191Z
38005,89677,TX20240220156511,WIT_FEE,210,MRU,3933,PLATFORM,COLLECTED,2024-02-20T10:06:38.266Z
38006,89678,TX20241028955745,TRF_FEE,25,MRU,6459,PLATFORM,COLLECTED,2024-10-28T18:13:32.859Z
38007,89679,TX20240704744778,WIT_FEE,50,MRU,1908,PLATFORM,COLLECTED,2024-07-04T15:32:29.509Z
38008,89681,TX20240803996994,PAY_FEE,330,MRU,3941,MERCHANT,COLLECTED,2024-08-03T10:26:42.714Z
38009,89684,TX20240922876849,WIT_FEE,50,MRU,2754,PLATFORM,COLLECTED,2024-09-22T12:18:13.944Z
38010,89692,TX20240517073496,TRF_FEE,25,MRU,1741,PLATFORM,COLLECTED,2024-05-16T23:08:50.237Z
38011,89696,TX20240119497076,WIT_FEE,220,MRU,4610,PLATFORM,COLLECTED,2024-01-19T15:28:14.275Z
38012,89702,TX20240226286042,TRF_FEE,25,MRU,528,PLATFORM,COLLECTED,2024-02-26T05:08:47.124Z
38013,89706,TX20240923045100,WIT_FEE,50,MRU,1395,PLATFORM,COLLECTED,2024-09-23T10:32:43.149Z
38014,89709,TX20240815682884,TRF_FEE,10,MRU,2471,PLATFORM,COLLECTED,2024-08-15T07:34:41.642Z
38015,89711,TX20240606412102,WIT_FEE,50,MRU,5095,PLATFORM,COLLECTED,2024-06-06T09:02:03.199Z
38016,89714,TX20240927823891,TRF_FEE,10,MRU,6240,PLATFORM,COLLECTED,2024-09-27T19:14:08.059Z
38017,89719,TX20240813262506,WIT_FEE,100,MRU,5000,PLATFORM,COLLECTED,2024-08-13T06:36:37.543Z
38018,89720,TX20240525880909,WIT_FEE,59,MRU,5423,PLATFORM,COLLECTED,2024-05-25T07:33:03.137Z
38019,89725,TX20241112171979,WIT_FEE,330,MRU,5180,PLATFORM,COLLECTED,2024-11-12T12:51:30.916Z
38020,89729,TX20240113483707,PAY_FEE,62,MRU,8256,MERCHANT,COLLECTED,2024-01-13T14:57:42.090Z
38021,89731,TX20240515422253,WIT_FEE,50,MRU,6793,PLATFORM,COLLECTED,2024-05-15T11:14:47.160Z
38022,89733,TX20240907029458,PAY_FEE,32,MRU,9458,MERCHANT,COLLECTED,2024-09-07T10:03:24.712Z
38023,89734,TX20241023048284,WIT_FEE,50,MRU,4014,PLATFORM,COLLECTED,2024-10-23T13:26:08.957Z
38024,89736,TX20240823455403,WIT_FEE,50,MRU,9822,PLATFORM,COLLECTED,2024-08-23T13:30:23.253Z
38025,89738,TX20241226727518,PAY_FEE,54,MRU,8039,MERCHANT,COLLECTED,2024-12-26T16:22:45.161Z
38026,89739,TX20240204307896,PAY_FEE,6,MRU,9383,MERCHANT,COLLECTED,2024-02-04T16:18:19.153Z
38027,89741,TX20240919281141,WIT_FEE,100,MRU,8416,PLATFORM,COLLECTED,2024-09-19T14:56:49.858Z
38028,89748,TX20240603048569,TRF_FEE,50,MRU,6129,PLATFORM,COLLECTED,2024-06-03T05:26:47.103Z
38029,89752,TX20240710415407,BIL_FEE,100,MRU,8961,PLATFORM,COLLECTED,2024-07-10T12:12:40.926Z
38030,89753,TX20241025808637,WIT_FEE,50,MRU,5201,PLATFORM,COLLECTED,2024-10-25T14:46:05.892Z
38031,89755,TX20240719822846,PAY_FEE,345,MRU,2224,MERCHANT,COLLECTED,2024-07-19T07:10:29.760Z
38032,89756,TX20240119432825,TRF_FEE,25,MRU,6470,PLATFORM,COLLECTED,2024-01-19T20:32:04.332Z
38033,89760,TX20241109221243,PAY_FEE,27,MRU,242,MERCHANT,COLLECTED,2024-11-09T19:17:24.639Z
38034,89761,TX20240805919113,PAY_FEE,60,MRU,8961,MERCHANT,COLLECTED,2024-08-05T10:17:11.851Z
38035,89765,TX20241121982653,TRF_FEE,50,MRU,1981,PLATFORM,COLLECTED,2024-11-21T06:25:30.162Z
38036,89768,TX20240812556233,WIT_FEE,50,MRU,8809,PLATFORM,COLLECTED,2024-08-12T17:42:19.507Z
38037,89770,TX20241021723054,PAY_FEE,14,MRU,816,MERCHANT,COLLECTED,2024-10-21T12:07:33.846Z
38038,89776,TX20240420937412,SAL_FEE,1395,MRU,4276,PLATFORM,COLLECTED,2024-04-20T09:06:12.606Z
38039,89780,TX20240619773963,TRF_FEE,25,MRU,6027,PLATFORM,COLLECTED,2024-06-19T08:07:00.984Z
38040,89781,TX20241123085546,TRF_FEE,10,MRU,10684,PLATFORM,COLLECTED,2024-11-23T09:20:47.899Z
38041,89783,TX20240110361106,TRF_FEE,25,MRU,685,PLATFORM,COLLECTED,2024-01-10T17:00:41.950Z
38042,89784,TX20240109949834,TRF_FEE,50,MRU,557,PLATFORM,COLLECTED,2024-01-09T10:13:28.348Z
38043,89785,TX20240112869463,PAY_FEE,18,MRU,659,MERCHANT,COLLECTED,2024-01-12T08:17:48.763Z
38044,89787,TX20240121552288,TRF_FEE,25,MRU,5207,PLATFORM,COLLECTED,2024-01-21T13:45:11.877Z
38045,89791,TX20240310113008,SAL_FEE,2360,MRU,9348,PLATFORM,COLLECTED,2024-03-10T05:55:10.430Z
38046,89794,TX20240204147049,WIT_FEE,50,MRU,2280,PLATFORM,COLLECTED,2024-02-04T17:08:53.327Z
38047,89795,TX20240925116225,PAY_FEE,5,MRU,10157,MERCHANT,COLLECTED,2024-09-25T06:51:01.360Z
38048,89798,TX20240416130176,TRF_FEE,25,MRU,8401,PLATFORM,COLLECTED,2024-04-16T16:43:27.543Z
38049,89799,TX20240622498266,TRF_FEE,50,MRU,464,PLATFORM,COLLECTED,2024-06-22T14:42:53.683Z
38050,89800,TX20240525758030,WIT_FEE,50,MRU,7787,PLATFORM,COLLECTED,2024-05-25T12:50:21.462Z
38051,89801,TX20241122759629,WIT_FEE,100,MRU,786,PLATFORM,COLLECTED,2024-11-22T15:27:59.822Z
38052,89802,TX20240202245174,PAY_FEE,33,MRU,9070,MERCHANT,COLLECTED,2024-02-02T09:34:28.884Z
38053,89804,TX20240418637872,SAL_FEE,785,MRU,7270,PLATFORM,COLLECTED,2024-04-18T13:23:07.456Z
38054,89805,TX20240103201816,WIT_FEE,50,MRU,517,PLATFORM,COLLECTED,2024-01-03T05:04:28.464Z
38055,89808,TX20240703672190,TRF_FEE,25,MRU,10931,PLATFORM,COLLECTED,2024-07-03T06:29:56.830Z
38056,89809,TX20240524169483,WIT_FEE,50,MRU,8295,PLATFORM,COLLECTED,2024-05-24T10:45:49.368Z
38057,89811,TX20240307241427,PAY_FEE,14,MRU,6913,MERCHANT,COLLECTED,2024-03-07T11:18:10.955Z
38058,89813,TX20240306867528,WIT_FEE,50,MRU,3212,PLATFORM,COLLECTED,2024-03-06T09:28:07.187Z
38059,89814,TX20240403207597,TRF_FEE,50,MRU,398,PLATFORM,COLLECTED,2024-04-03T09:08:29.980Z
38060,89815,TX20241113215527,TRF_FEE,50,MRU,2638,PLATFORM,COLLECTED,2024-11-13T16:06:22.750Z
38061,89816,TX20240506080633,WIT_FEE,50,MRU,5255,PLATFORM,COLLECTED,2024-05-06T13:57:57.958Z
38062,89817,TX20240408184551,WIT_FEE,50,MRU,7752,PLATFORM,COLLECTED,2024-04-08T14:31:13.570Z
38063,89823,TX20240224960331,PAY_FEE,129,MRU,8210,MERCHANT,COLLECTED,2024-02-24T16:47:46.048Z
38064,89825,TX20240409500067,TRF_FEE,25,MRU,10302,PLATFORM,COLLECTED,2024-04-09T10:17:00.928Z
38065,89826,TX20240108432533,WIT_FEE,50,MRU,7914,PLATFORM,COLLECTED,2024-01-08T16:52:32.355Z
38066,89830,TX20240624217370,WIT_FEE,50,MRU,9071,PLATFORM,COLLECTED,2024-06-24T14:09:47.794Z
38067,89832,TX20240420725185,PAY_FEE,1470,MRU,6271,MERCHANT,COLLECTED,2024-04-20T08:20:50.136Z
38068,89833,TX20240701351272,PAY_FEE,24,MRU,9389,MERCHANT,COLLECTED,2024-07-01T15:29:46.930Z
38069,89834,TX20240205223032,TRF_FEE,50,MRU,5360,PLATFORM,COLLECTED,2024-02-05T21:26:13.799Z
38070,89836,TX20241123961245,WIT_FEE,50,MRU,3107,PLATFORM,COLLECTED,2024-11-23T14:41:10.314Z
38071,89842,TX20241201070254,TRF_FEE,25,MRU,6711,PLATFORM,COLLECTED,2024-12-01T16:45:28.619Z
38072,89843,TX20240805640358,TRF_FEE,50,MRU,627,PLATFORM,COLLECTED,2024-08-05T15:51:40.392Z
38073,89844,TX20240221682560,TRF_FEE,25,MRU,2987,PLATFORM,COLLECTED,2024-02-21T13:54:19.458Z
38074,89847,TX20240927829859,TRF_FEE,50,MRU,2528,PLATFORM,COLLECTED,2024-09-27T13:09:57.547Z
38075,89848,TX20240715383832,TRF_FEE,25,MRU,6465,PLATFORM,COLLECTED,2024-07-15T08:51:27.573Z
38076,89852,TX20240918590030,SAL_FEE,335,MRU,7091,PLATFORM,COLLECTED,2024-09-18T07:59:19.435Z
38077,89857,TX20240520304256,TRF_FEE,50,MRU,6118,PLATFORM,COLLECTED,2024-05-20T07:44:49.438Z
38078,89861,TX20241115810892,PAY_FEE,110,MRU,9385,MERCHANT,COLLECTED,2024-11-15T15:14:06.451Z
38079,89864,TX20240704246354,WIT_FEE,50,MRU,1908,PLATFORM,COLLECTED,2024-07-04T15:32:29.509Z
38080,89867,TX20240731875654,PAY_FEE,39,MRU,5201,MERCHANT,COLLECTED,2024-07-31T15:17:13.148Z
38081,89870,TX20240130293411,WIT_FEE,50,MRU,1600,PLATFORM,COLLECTED,2024-01-30T10:52:44.274Z
38082,89871,TX20240828835318,WIT_FEE,50,MRU,9190,PLATFORM,COLLECTED,2024-08-28T09:59:01.127Z
38083,89872,TX20240607393995,WIT_FEE,50,MRU,1115,PLATFORM,COLLECTED,2024-06-07T18:01:48.454Z
38084,89876,TX20240125874867,TRF_FEE,25,MRU,10487,PLATFORM,COLLECTED,2024-01-25T08:18:12.171Z
38085,89879,TX20240803755254,TRF_FEE,50,MRU,4976,PLATFORM,COLLECTED,2024-08-03T08:29:35.253Z
38086,89880,TX20240414911740,TRF_FEE,25,MRU,919,PLATFORM,COLLECTED,2024-04-14T16:51:36.197Z
38087,89881,TX20240820529798,WIT_FEE,100,MRU,3346,PLATFORM,COLLECTED,2024-08-20T07:29:40.815Z
38088,89885,TX20240804359825,TRF_FEE,25,MRU,10247,PLATFORM,COLLECTED,2024-08-04T13:39:15.346Z
38089,89886,TX20241202380336,PAY_FEE,41,MRU,7982,MERCHANT,COLLECTED,2024-12-02T22:13:52.886Z
38090,89887,TX20241227956490,PAY_FEE,180,MRU,4670,MERCHANT,COLLECTED,2024-12-27T09:07:40.391Z
38091,89888,TX20240714545670,TRF_FEE,25,MRU,7242,PLATFORM,COLLECTED,2024-07-14T17:37:37.410Z
38092,89890,TX20240728558348,TRF_FEE,50,MRU,2493,PLATFORM,COLLECTED,2024-07-28T17:46:37.082Z
38093,89891,TX20240923686354,WIT_FEE,50,MRU,1395,PLATFORM,COLLECTED,2024-09-23T10:32:43.149Z
38094,89894,TX20240815364953,TRF_FEE,10,MRU,2471,PLATFORM,COLLECTED,2024-08-15T07:34:41.642Z
38095,89900,TX20240712919844,TRF_FEE,25,MRU,8416,PLATFORM,COLLECTED,2024-07-12T09:55:45.890Z
38096,89905,TX20240119129534,BIL_FEE,100,MRU,4395,PLATFORM,COLLECTED,2024-01-19T11:49:56.276Z
38097,89906,TX20240117466501,PAY_FEE,33,MRU,10252,MERCHANT,COLLECTED,2024-01-17T14:29:16.118Z
38098,89907,TX20241128760093,TRF_FEE,25,MRU,2380,PLATFORM,COLLECTED,2024-11-28T10:01:08.970Z
38099,89908,TX20241201434161,TRF_FEE,50,MRU,6464,PLATFORM,COLLECTED,2024-12-01T04:41:47.352Z
38100,89909,TX20240304497784,PAY_FEE,330,MRU,959,MERCHANT,COLLECTED,2024-03-04T07:30:15.908Z
38101,89911,TX20240223701692,WIT_FEE,50,MRU,10540,PLATFORM,COLLECTED,2024-02-23T19:48:40.393Z
38102,89914,TX20240113879891,PAY_FEE,62,MRU,8256,MERCHANT,COLLECTED,2024-01-13T14:57:42.090Z
38103,89916,TX20241015523122,WIT_FEE,50,MRU,3831,PLATFORM,COLLECTED,2024-10-15T07:36:13.344Z
38104,89917,TX20240301423975,TRF_FEE,50,MRU,7422,PLATFORM,COLLECTED,2024-03-01T13:42:23.118Z
38105,89919,TX20240607461453,TRF_FEE,25,MRU,6565,PLATFORM,COLLECTED,2024-06-07T07:57:21.817Z
38106,89920,TX20240220244617,PAY_FEE,63,MRU,3522,MERCHANT,COLLECTED,2024-02-20T13:18:31.774Z
38107,89923,TX20240927976409,SAL_FEE,1820,MRU,1310,PLATFORM,COLLECTED,2024-09-27T09:45:09.729Z
38108,89924,TX20240113071800,TRF_FEE,50,MRU,3457,PLATFORM,COLLECTED,2024-01-13T07:44:05.773Z
38109,89925,TX20241208147205,WIT_FEE,50,MRU,820,PLATFORM,COLLECTED,2024-12-08T11:15:36.019Z
38110,89932,TX20240705581127,TRF_FEE,50,MRU,1257,PLATFORM,COLLECTED,2024-07-05T10:18:29.846Z
38111,89934,TX20240619854171,SAL_FEE,465,MRU,2973,PLATFORM,COLLECTED,2024-06-19T09:07:55.620Z
38112,89935,TX20240331531147,WIT_FEE,50,MRU,10521,PLATFORM,COLLECTED,2024-03-31T12:04:25.082Z
38113,89936,TX20240709950145,PAY_FEE,180,MRU,10773,MERCHANT,COLLECTED,2024-07-09T06:43:21.195Z
38114,89937,TX20241120056348,TRF_FEE,25,MRU,10211,PLATFORM,COLLECTED,2024-11-20T13:30:12.667Z
38115,89940,TX20240822521916,TRF_FEE,50,MRU,1916,PLATFORM,COLLECTED,2024-08-22T10:47:32.151Z
38116,89944,TX20240707167828,PAY_FEE,120,MRU,1154,MERCHANT,COLLECTED,2024-07-07T14:35:10.757Z
38117,89946,TX20240805682707,PAY_FEE,60,MRU,8961,MERCHANT,COLLECTED,2024-08-05T10:17:11.851Z
38118,89947,TX20240829818301,WIT_FEE,50,MRU,3413,PLATFORM,COLLECTED,2024-08-29T14:24:25.400Z
38119,89950,TX20240117299861,BIL_FEE,100,MRU,11014,PLATFORM,COLLECTED,2024-01-17T11:30:09.178Z
38120,89966,TX20241219041977,WIT_FEE,450,MRU,3744,PLATFORM,COLLECTED,2024-12-19T17:25:53.293Z
38121,89970,TX20241111728792,TRF_FEE,25,MRU,8428,PLATFORM,COLLECTED,2024-11-11T05:13:17.804Z
38122,89985,TX20240204758030,WIT_FEE,100,MRU,3923,PLATFORM,COLLECTED,2024-02-04T10:23:29.841Z
38123,89986,TX20241122000717,WIT_FEE,100,MRU,786,PLATFORM,COLLECTED,2024-11-22T15:27:59.822Z
38124,89988,TX20240524235344,WIT_FEE,430,MRU,7443,PLATFORM,COLLECTED,2024-05-24T05:42:18.157Z
38125,89992,TX20241207299558,TRF_FEE,25,MRU,75,PLATFORM,COLLECTED,2024-12-07T14:20:10.915Z
38126,89995,TX20240728514808,PAY_FEE,24,MRU,4873,MERCHANT,COLLECTED,2024-07-28T11:06:19.479Z
38127,90006,TX20240902350420,TRF_FEE,10,MRU,9797,PLATFORM,COLLECTED,2024-09-02T16:39:25.053Z
38128,90009,TX20240210788057,PAY_FEE,18,MRU,5818,MERCHANT,COLLECTED,2024-02-10T05:36:17.254Z
38129,90014,TX20240202853058,TRF_FEE,50,MRU,3164,PLATFORM,COLLECTED,2024-02-02T14:50:53.638Z
38130,90015,TX20241122106006,TRF_FEE,25,MRU,388,PLATFORM,COLLECTED,2024-11-22T08:23:28.900Z
38131,90020,TX20240515168538,WIT_FEE,50,MRU,4351,PLATFORM,COLLECTED,2024-05-15T05:12:59.270Z
38132,90023,TX20240213557400,PAY_FEE,66,MRU,6330,MERCHANT,COLLECTED,2024-02-13T12:12:38.204Z
38133,90031,TX20241216498355,WIT_FEE,280,MRU,10817,PLATFORM,COLLECTED,2024-12-16T11:57:07.077Z
38134,90032,TX20240218996428,SAL_FEE,2285,MRU,8951,PLATFORM,COLLECTED,2024-02-18T13:08:15.188Z
38135,90033,TX20241025643542,PAY_FEE,360,MRU,663,MERCHANT,COLLECTED,2024-10-25T09:49:28.913Z
38136,90035,TX20240415796639,TRF_FEE,25,MRU,1667,PLATFORM,COLLECTED,2024-04-15T10:57:47.448Z
38137,90038,TX20240816244343,BIL_FEE,100,MRU,8770,PLATFORM,COLLECTED,2024-08-16T12:30:45.000Z
38138,90041,TX20240316035851,TRF_FEE,50,MRU,8147,PLATFORM,COLLECTED,2024-03-16T16:41:35.817Z
38139,90044,TX20240111056749,TRF_FEE,50,MRU,776,PLATFORM,COLLECTED,2024-01-11T13:25:20.932Z
38140,90046,TX20241106936455,WIT_FEE,50,MRU,1701,PLATFORM,COLLECTED,2024-11-06T16:49:51.852Z
38141,90049,TX20240219929395,TRF_FEE,50,MRU,5925,PLATFORM,COLLECTED,2024-02-19T15:06:30.251Z
38142,90051,TX20240817758002,WIT_FEE,50,MRU,2038,PLATFORM,COLLECTED,2024-08-17T15:06:03.587Z
38143,90053,TX20240429077666,PAY_FEE,33,MRU,3014,MERCHANT,COLLECTED,2024-04-29T05:57:54.130Z
38144,90055,TX20240713499356,PAY_FEE,137,MRU,2157,MERCHANT,COLLECTED,2024-07-13T08:13:56.248Z
38145,90056,TX20241112618381,WIT_FEE,50,MRU,6523,PLATFORM,COLLECTED,2024-11-12T16:16:08.338Z
38146,90061,TX20241213467454,TRF_FEE,25,MRU,8803,PLATFORM,COLLECTED,2024-12-13T11:24:56.453Z
38147,90067,TX20240620815410,PAY_FEE,180,MRU,4876,MERCHANT,COLLECTED,2024-06-20T08:16:24.906Z
38148,90068,TX20240206298771,TRF_FEE,10,MRU,10319,PLATFORM,COLLECTED,2024-02-06T10:40:55.444Z
38149,90070,TX20240804184502,WIT_FEE,50,MRU,4072,PLATFORM,COLLECTED,2024-08-04T16:44:58.571Z
38150,90073,TX20240215371225,PAY_FEE,75,MRU,1394,MERCHANT,COLLECTED,2024-02-15T06:43:44.331Z
38151,90075,TX20240321938110,WIT_FEE,50,MRU,3047,PLATFORM,COLLECTED,2024-03-21T14:11:26.406Z
38152,90077,TX20240428291804,TRF_FEE,25,MRU,1651,PLATFORM,COLLECTED,2024-04-28T15:25:32.718Z
38153,90078,TX20240513994143,TRF_FEE,50,MRU,10032,PLATFORM,COLLECTED,2024-05-13T10:02:07.404Z
38154,90080,TX20240815635748,TRF_FEE,10,MRU,2471,PLATFORM,COLLECTED,2024-08-15T07:34:41.642Z
38155,90082,TX20240508968437,WIT_FEE,50,MRU,2209,PLATFORM,COLLECTED,2024-05-08T10:21:02.055Z
38156,90084,TX20240423455011,WIT_FEE,50,MRU,10558,PLATFORM,COLLECTED,2024-04-23T16:35:19.705Z
38157,90085,TX20241215781776,PAY_FEE,53,MRU,2127,MERCHANT,COLLECTED,2024-12-15T09:08:03.563Z
38158,90086,TX20240712247052,TRF_FEE,25,MRU,8416,PLATFORM,COLLECTED,2024-07-12T09:55:45.890Z
38159,90089,TX20240510123110,PAY_FEE,50,MRU,5752,MERCHANT,COLLECTED,2024-05-10T18:46:52.064Z
38160,90090,TX20240813092704,WIT_FEE,100,MRU,5000,PLATFORM,COLLECTED,2024-08-13T06:36:37.543Z
38161,90096,TX20240531171979,TRF_FEE,25,MRU,5540,PLATFORM,COLLECTED,2024-05-31T08:52:29.852Z
38162,90101,TX20241207831026,PAY_FEE,33,MRU,7815,MERCHANT,COLLECTED,2024-12-07T09:04:06.222Z
38163,90104,TX20240525310812,TRF_FEE,10,MRU,10967,PLATFORM,COLLECTED,2024-05-25T05:24:42.856Z
38164,90106,TX20241215326632,WIT_FEE,50,MRU,7888,PLATFORM,COLLECTED,2024-12-15T08:12:22.248Z
38165,90107,TX20240605028032,PAY_FEE,23,MRU,2781,MERCHANT,COLLECTED,2024-06-05T10:13:20.937Z
38166,90111,TX20240424147205,WIT_FEE,50,MRU,209,PLATFORM,COLLECTED,2024-04-24T18:26:15.613Z
38167,90121,TX20240125410593,TRF_FEE,25,MRU,3940,PLATFORM,COLLECTED,2024-01-25T11:04:57.939Z
38168,90122,TX20240312950145,WIT_FEE,50,MRU,8355,PLATFORM,COLLECTED,2024-03-12T20:10:35.259Z
38169,90123,TX20241120818534,TRF_FEE,25,MRU,10211,PLATFORM,COLLECTED,2024-11-20T13:30:12.667Z
38170,90124,TX20240203821951,PAY_FEE,45,MRU,4687,MERCHANT,COLLECTED,2024-02-03T18:28:25.329Z
38171,90125,TX20241019944013,TRF_FEE,25,MRU,8390,PLATFORM,COLLECTED,2024-10-19T11:08:46.062Z
38172,90126,TX20240225521916,TRF_FEE,25,MRU,2903,PLATFORM,COLLECTED,2024-02-25T08:29:45.200Z
38173,90129,TX20240716789903,TRF_FEE,25,MRU,5839,PLATFORM,COLLECTED,2024-07-16T20:00:49.738Z
38174,90131,TX20240629221243,PAY_FEE,315,MRU,10194,MERCHANT,COLLECTED,2024-06-29T07:12:42.859Z
38175,90132,TX20240805799968,PAY_FEE,60,MRU,8961,MERCHANT,COLLECTED,2024-08-05T10:17:11.851Z
38176,90133,TX20240827818301,TRF_FEE,25,MRU,5215,PLATFORM,COLLECTED,2024-08-27T10:25:24.307Z
38177,90136,TX20240117982653,BIL_FEE,100,MRU,11014,PLATFORM,COLLECTED,2024-01-17T11:30:09.178Z
38178,90138,TX20240516931807,TRF_FEE,25,MRU,252,PLATFORM,COLLECTED,2024-05-16T08:17:16.977Z
38179,90143,TX20240628564196,WIT_FEE,50,MRU,4349,PLATFORM,COLLECTED,2024-06-28T09:24:20.427Z
38180,90155,TX20240605914815,TRF_FEE,25,MRU,3865,PLATFORM,COLLECTED,2024-06-05T04:23:13.472Z
38181,90157,TX20241028096418,PAY_FEE,66,MRU,8094,MERCHANT,COLLECTED,2024-10-28T17:00:43.701Z
38182,90158,TX20240808879724,TRF_FEE,25,MRU,9676,PLATFORM,COLLECTED,2024-08-08T05:29:45.191Z
38183,90162,TX20240726512352,TRF_FEE,10,MRU,791,PLATFORM,COLLECTED,2024-07-26T09:00:21.113Z
38184,90163,TX20240420938526,WIT_FEE,50,MRU,4905,PLATFORM,COLLECTED,2024-04-20T15:11:16.286Z
38185,90168,TX20240320966189,TRF_FEE,10,MRU,8014,PLATFORM,COLLECTED,2024-03-20T08:33:22.948Z
38186,90169,TX20241229129904,WIT_FEE,50,MRU,3782,PLATFORM,COLLECTED,2024-12-29T10:40:37.192Z
38187,90170,TX20240410357824,WIT_FEE,50,MRU,4327,PLATFORM,COLLECTED,2024-04-10T17:44:08.977Z
38188,90171,TX20240519139247,TRF_FEE,25,MRU,7266,PLATFORM,COLLECTED,2024-05-19T11:30:51.919Z
38189,90172,TX20240323104442,WIT_FEE,78,MRU,844,PLATFORM,COLLECTED,2024-03-23T15:48:22.185Z
38190,90173,TX20240603851626,WIT_FEE,51,MRU,34,PLATFORM,COLLECTED,2024-06-03T16:24:19.720Z
38191,90174,TX20241220333604,WIT_FEE,73,MRU,8325,PLATFORM,COLLECTED,2024-12-20T14:20:37.834Z
38192,90178,TX20240928120965,WIT_FEE,50,MRU,7723,PLATFORM,COLLECTED,2024-09-28T03:10:36.948Z
38193,90179,TX20240422939947,TRF_FEE,50,MRU,32,PLATFORM,COLLECTED,2024-04-22T05:36:00.333Z
38194,90188,TX20240625933089,PAY_FEE,15,MRU,7721,MERCHANT,COLLECTED,2024-06-25T11:59:26.135Z
38195,90190,TX20241106067396,TRF_FEE,25,MRU,9268,PLATFORM,COLLECTED,2024-11-06T10:19:33.530Z
38196,90191,TX20240323869274,TRF_FEE,10,MRU,461,PLATFORM,COLLECTED,2024-03-23T19:43:52.675Z
38197,90193,TX20240709910102,TRF_FEE,50,MRU,6129,PLATFORM,COLLECTED,2024-07-09T06:00:04.465Z
38198,90196,TX20240409385900,TRF_FEE,25,MRU,10302,PLATFORM,COLLECTED,2024-04-09T10:17:00.928Z
38199,90200,TX20241124607254,TRF_FEE,25,MRU,5945,PLATFORM,COLLECTED,2024-11-24T14:43:59.702Z
38200,90203,TX20240912718338,PAY_FEE,27,MRU,9311,MERCHANT,COLLECTED,2024-09-12T16:18:14.346Z
38201,90208,TX20241116666836,WIT_FEE,100,MRU,10910,PLATFORM,COLLECTED,2024-11-16T08:33:41.767Z
38202,90211,TX20240805223103,WIT_FEE,50,MRU,4231,PLATFORM,COLLECTED,2024-08-05T09:59:25.172Z
38203,90213,TX20241201719642,TRF_FEE,25,MRU,6711,PLATFORM,COLLECTED,2024-12-01T16:45:28.619Z
38204,90214,TX20241008237828,TRF_FEE,25,MRU,3416,PLATFORM,COLLECTED,2024-10-08T16:40:23.057Z
38205,90219,TX20241129311470,WIT_FEE,50,MRU,9423,PLATFORM,COLLECTED,2024-11-29T18:38:32.281Z
38206,90229,TX20240606206343,TRF_FEE,25,MRU,8644,PLATFORM,COLLECTED,2024-06-06T09:55:04.555Z
38207,90231,TX20240719727875,TRF_FEE,50,MRU,9181,PLATFORM,COLLECTED,2024-07-19T14:19:51.736Z
38208,90232,TX20241115580068,PAY_FEE,110,MRU,9385,MERCHANT,COLLECTED,2024-11-15T15:14:06.451Z
38209,90236,TX20240325272568,TRF_FEE,25,MRU,7518,PLATFORM,COLLECTED,2024-03-25T08:33:31.270Z
38210,90240,TX20240420323292,TRF_FEE,50,MRU,8856,PLATFORM,COLLECTED,2024-04-20T07:56:14.194Z
38211,90246,TX20241213095897,TRF_FEE,25,MRU,8803,PLATFORM,COLLECTED,2024-12-13T11:24:56.453Z
38212,90250,TX20240817402920,TRF_FEE,50,MRU,7506,PLATFORM,COLLECTED,2024-08-17T17:17:37.286Z
38213,90251,TX20240601310345,PAY_FEE,38,MRU,10349,MERCHANT,COLLECTED,2024-06-01T19:26:05.107Z
38214,90252,TX20240410301829,WIT_FEE,50,MRU,6195,PLATFORM,COLLECTED,2024-04-10T10:54:26.791Z
38215,90256,TX20240110411162,WIT_FEE,50,MRU,8924,PLATFORM,COLLECTED,2024-01-10T18:02:02.585Z
38216,90257,TX20241206046797,WIT_FEE,79,MRU,958,PLATFORM,COLLECTED,2024-12-06T07:47:12.126Z
38217,90258,TX20240925940036,PAY_FEE,51,MRU,3177,MERCHANT,COLLECTED,2024-09-25T09:07:46.990Z
38218,90261,TX20240728041697,TRF_FEE,50,MRU,2493,PLATFORM,COLLECTED,2024-07-28T17:46:37.082Z
38219,90262,TX20240606291804,PAY_FEE,44,MRU,7688,MERCHANT,COLLECTED,2024-06-06T12:43:08.126Z
38220,90263,TX20240513994506,TRF_FEE,50,MRU,10032,PLATFORM,COLLECTED,2024-05-13T10:02:07.404Z
38221,90265,TX20240815259322,TRF_FEE,10,MRU,2471,PLATFORM,COLLECTED,2024-08-15T07:34:41.642Z
38222,90267,TX20240508412102,WIT_FEE,50,MRU,2209,PLATFORM,COLLECTED,2024-05-08T10:21:02.055Z
38223,90271,TX20241204237488,WIT_FEE,200,MRU,4541,PLATFORM,COLLECTED,2024-12-04T16:53:45.342Z
38224,90287,TX20240622078643,WIT_FEE,50,MRU,2445,PLATFORM,COLLECTED,2024-06-22T08:47:09.615Z
38225,90290,TX20240819910268,TRF_FEE,25,MRU,1616,PLATFORM,COLLECTED,2024-08-19T09:48:35.434Z
38226,90292,TX20240619937774,TRF_FEE,50,MRU,4407,PLATFORM,COLLECTED,2024-06-19T09:38:33.504Z
38227,90295,TX20241225312998,SAL_FEE,1935,MRU,1391,PLATFORM,COLLECTED,2024-12-25T14:02:32.032Z
38228,90296,TX20240731120780,WIT_FEE,50,MRU,1326,PLATFORM,COLLECTED,2024-07-31T14:41:00.601Z
38229,90302,TX20240315270348,WIT_FEE,50,MRU,2322,PLATFORM,COLLECTED,2024-03-15T08:23:50.231Z
38230,90305,TX20241218725248,WIT_FEE,500,MRU,3836,PLATFORM,COLLECTED,2024-12-18T20:01:58.466Z
38231,90306,TX20240619318012,WIT_FEE,50,MRU,5944,PLATFORM,COLLECTED,2024-06-19T12:50:50.936Z
38232,90309,TX20240203966768,PAY_FEE,45,MRU,4687,MERCHANT,COLLECTED,2024-02-03T18:28:25.329Z
38233,90311,TX20240609390357,TRF_FEE,50,MRU,5376,PLATFORM,COLLECTED,2024-06-09T15:32:09.172Z
38234,90312,TX20240827377841,TRF_FEE,50,MRU,3683,PLATFORM,COLLECTED,2024-08-27T05:57:32.066Z
38235,90316,TX20240316794188,TRF_FEE,25,MRU,3287,PLATFORM,COLLECTED,2024-03-16T08:42:51.924Z
38236,90317,TX20240311799968,WIT_FEE,51,MRU,10842,PLATFORM,COLLECTED,2024-03-11T17:48:58.373Z
38237,90318,TX20240827904557,TRF_FEE,25,MRU,5215,PLATFORM,COLLECTED,2024-08-27T10:25:24.307Z
38238,90319,TX20240601096681,TRF_FEE,50,MRU,790,PLATFORM,COLLECTED,2024-06-01T10:12:29.319Z
38239,90322,TX20240622346070,TRF_FEE,25,MRU,1093,PLATFORM,COLLECTED,2024-06-22T13:39:27.304Z
38240,90323,TX20240621529038,PAY_FEE,17,MRU,10297,MERCHANT,COLLECTED,2024-06-21T10:29:24.536Z
38241,90326,TX20240517479484,WIT_FEE,270,MRU,10726,PLATFORM,COLLECTED,2024-05-17T07:41:57.723Z
38242,90332,TX20241009624171,PAY_FEE,71,MRU,3314,MERCHANT,COLLECTED,2024-10-09T09:14:27.045Z
38243,90333,TX20240519609568,PAY_FEE,51,MRU,10755,MERCHANT,COLLECTED,2024-05-19T07:04:21.417Z
38244,90335,TX20240105748070,PAY_FEE,8,MRU,8732,MERCHANT,COLLECTED,2024-01-05T13:07:11.458Z
38245,90345,TX20240319701469,WIT_FEE,50,MRU,519,PLATFORM,COLLECTED,2024-03-19T13:52:12.626Z
38246,90350,TX20241211064456,WIT_FEE,300,MRU,270,PLATFORM,COLLECTED,2024-12-11T11:58:35.087Z
38247,90351,TX20240629755770,WIT_FEE,240,MRU,4238,PLATFORM,COLLECTED,2024-06-29T14:51:06.075Z
38248,90354,TX20241004857409,TRF_FEE,25,MRU,5732,PLATFORM,COLLECTED,2024-10-04T13:19:28.475Z
38249,90356,TX20240701134339,WIT_FEE,50,MRU,3686,PLATFORM,COLLECTED,2024-07-01T16:21:27.706Z
38250,90373,TX20240407171606,PAY_FEE,165,MRU,2594,MERCHANT,COLLECTED,2024-04-07T11:20:58.854Z
38251,90374,TX20241027681062,TRF_FEE,50,MRU,7816,PLATFORM,COLLECTED,2024-10-27T15:13:12.570Z
38252,90375,TX20240207541233,WIT_FEE,100,MRU,820,PLATFORM,COLLECTED,2024-02-07T14:20:41.210Z
38253,90377,TX20240829350420,PAY_FEE,30,MRU,4807,MERCHANT,COLLECTED,2024-08-29T10:03:53.213Z
38254,90380,TX20240210576965,PAY_FEE,18,MRU,5818,MERCHANT,COLLECTED,2024-02-10T05:36:17.254Z
38255,90382,TX20240701648496,WIT_FEE,50,MRU,6610,PLATFORM,COLLECTED,2024-07-01T09:52:50.718Z
38256,90384,TX20240413051553,WIT_FEE,50,MRU,6952,PLATFORM,COLLECTED,2024-04-13T10:34:16.702Z
38257,90386,TX20240113106006,BIL_FEE,100,MRU,547,PLATFORM,COLLECTED,2024-01-13T08:38:36.937Z
38258,90391,TX20240122168538,WIT_FEE,50,MRU,10766,PLATFORM,COLLECTED,2024-01-22T08:59:16.393Z
38259,90393,TX20240423389056,TRF_FEE,25,MRU,8372,PLATFORM,COLLECTED,2024-04-23T17:55:19.293Z
38260,90394,TX20240314081084,TRF_FEE,50,MRU,9575,PLATFORM,COLLECTED,2024-03-14T15:12:34.542Z
38261,90397,TX20240215579958,WIT_FEE,50,MRU,9704,PLATFORM,COLLECTED,2024-02-15T19:30:02.988Z
38262,90408,TX20240116773919,WIT_FEE,50,MRU,9279,PLATFORM,COLLECTED,2024-01-16T07:27:17.046Z
38263,90411,TX20240521807765,TRF_FEE,50,MRU,7884,PLATFORM,COLLECTED,2024-05-21T14:53:27.926Z
38264,90413,TX20241203775169,WIT_FEE,50,MRU,1427,PLATFORM,COLLECTED,2024-12-03T18:16:49.592Z
38265,90419,TX20240527530046,PAY_FEE,71,MRU,6553,MERCHANT,COLLECTED,2024-05-27T04:01:15.941Z
38266,90423,TX20240217385246,SAL_FEE,360,MRU,4787,PLATFORM,COLLECTED,2024-02-17T18:49:26.833Z
38267,90426,TX20240420876849,TRF_FEE,50,MRU,8856,PLATFORM,COLLECTED,2024-04-20T07:56:14.194Z
38268,90442,TX20240801886809,TRF_FEE,25,MRU,8878,PLATFORM,COLLECTED,2024-08-01T14:15:20.929Z
38269,90444,TX20241215729078,WIT_FEE,50,MRU,9059,PLATFORM,COLLECTED,2024-12-15T19:08:43.536Z
38270,90447,TX20240106543093,TRF_FEE,50,MRU,5754,PLATFORM,COLLECTED,2024-01-06T17:51:33.964Z
38271,90448,TX20240319513201,TRF_FEE,25,MRU,5322,PLATFORM,COLLECTED,2024-03-19T08:12:45.446Z
38272,90452,TX20240713055673,WIT_FEE,50,MRU,1193,PLATFORM,COLLECTED,2024-07-13T15:08:33.253Z
38273,90453,TX20240322864718,TRF_FEE,25,MRU,4471,PLATFORM,COLLECTED,2024-03-22T09:54:43.710Z
38274,90461,TX20240118129534,WIT_FEE,470,MRU,4680,PLATFORM,COLLECTED,2024-01-18T15:09:54.050Z
38275,90463,TX20241128415145,TRF_FEE,25,MRU,2380,PLATFORM,COLLECTED,2024-11-28T10:01:08.970Z
38276,90464,TX20240105217407,BIL_FEE,100,MRU,109,PLATFORM,COLLECTED,2024-01-05T15:47:21.584Z
38277,90467,TX20240525279763,WIT_FEE,100,MRU,4352,PLATFORM,COLLECTED,2024-05-25T07:56:48.669Z
38278,90469,TX20241211369645,WIT_FEE,50,MRU,1860,PLATFORM,COLLECTED,2024-12-11T15:33:37.672Z
38279,90470,TX20240203380038,PAY_FEE,71,MRU,3730,MERCHANT,COLLECTED,2024-02-03T16:26:48.891Z
38280,90472,TX20240327422253,TRF_FEE,50,MRU,3816,PLATFORM,COLLECTED,2024-03-27T16:09:36.220Z
38281,90476,TX20241009331146,TRF_FEE,50,MRU,10543,PLATFORM,COLLECTED,2024-10-09T09:50:49.337Z
38282,90477,TX20240402394550,WIT_FEE,50,MRU,9090,PLATFORM,COLLECTED,2024-04-02T17:27:24.602Z
38283,90479,TX20241226130531,PAY_FEE,54,MRU,8039,MERCHANT,COLLECTED,2024-12-26T16:22:45.161Z
38284,90481,TX20241208491141,WIT_FEE,50,MRU,820,PLATFORM,COLLECTED,2024-12-08T11:15:36.019Z
38285,90482,TX20241109499909,PAY_FEE,930,MRU,1017,MERCHANT,COLLECTED,2024-11-09T16:14:40.466Z
38286,90485,TX20240602155869,WIT_FEE,50,MRU,6276,PLATFORM,COLLECTED,2024-06-02T12:46:54.449Z
38287,90487,TX20240315712090,WIT_FEE,50,MRU,2322,PLATFORM,COLLECTED,2024-03-15T08:23:50.231Z
38288,90498,TX20241001040321,TRF_FEE,50,MRU,10904,PLATFORM,COLLECTED,2024-10-01T18:13:31.322Z
38289,90499,TX20240101788478,SAL_FEE,370,MRU,4335,PLATFORM,COLLECTED,2024-01-01T17:44:31.027Z
38290,90500,TX20240707171928,PAY_FEE,120,MRU,1154,MERCHANT,COLLECTED,2024-07-07T14:35:10.757Z
38291,90504,TX20240918559986,SAL_FEE,970,MRU,5387,PLATFORM,COLLECTED,2024-09-18T13:25:23.206Z
38292,90505,TX20240724184415,TRF_FEE,10,MRU,5942,PLATFORM,COLLECTED,2024-07-24T08:27:38.016Z
38293,90506,TX20240705652723,TRF_FEE,25,MRU,9878,PLATFORM,COLLECTED,2024-07-05T07:10:59.028Z
38294,90507,TX20240225421093,TRF_FEE,25,MRU,7220,PLATFORM,COLLECTED,2024-02-25T17:41:28.586Z
38295,90510,TX20240717884152,SAL_FEE,1840,MRU,7499,PLATFORM,COLLECTED,2024-07-17T05:10:38.875Z
38296,90511,TX20240517611478,TRF_FEE,50,MRU,7971,PLATFORM,COLLECTED,2024-05-17T09:09:41.963Z
38297,90512,TX20241004082290,WIT_FEE,50,MRU,2775,PLATFORM,COLLECTED,2024-10-04T16:43:02.960Z
38298,90521,TX20240717033319,SAL_FEE,2000,MRU,8418,PLATFORM,COLLECTED,2024-07-17T10:31:17.264Z
38299,90525,TX20240320250682,WIT_FEE,50,MRU,2683,PLATFORM,COLLECTED,2024-03-20T12:20:03.405Z
38300,90526,TX20241005134971,PAY_FEE,68,MRU,6465,MERCHANT,COLLECTED,2024-10-05T05:26:10.706Z
38301,90527,TX20240103594713,PAY_FEE,1530,MRU,9594,MERCHANT,COLLECTED,2024-01-03T16:42:44.686Z
38302,90530,TX20240319190359,WIT_FEE,50,MRU,519,PLATFORM,COLLECTED,2024-03-19T13:52:12.626Z
38303,90536,TX20240629733014,WIT_FEE,240,MRU,4238,PLATFORM,COLLECTED,2024-06-29T14:51:06.075Z
38304,90537,TX20240718909317,TRF_FEE,50,MRU,662,PLATFORM,COLLECTED,2024-07-18T07:50:08.804Z
38305,90538,TX20240226532433,TRF_FEE,25,MRU,3207,PLATFORM,COLLECTED,2024-02-26T14:29:47.730Z
38306,90539,TX20240613130176,PAY_FEE,165,MRU,5270,MERCHANT,COLLECTED,2024-06-13T12:45:36.329Z
38307,90540,TX20240622039443,TRF_FEE,50,MRU,464,PLATFORM,COLLECTED,2024-06-22T14:42:53.683Z
38308,90541,TX20240701702859,WIT_FEE,50,MRU,3686,PLATFORM,COLLECTED,2024-07-01T16:21:27.706Z
38309,90542,TX20240524223235,SAL_FEE,410,MRU,9083,PLATFORM,COLLECTED,2024-05-24T17:39:27.992Z
38310,90545,TX20240828276131,TRF_FEE,25,MRU,8553,PLATFORM,COLLECTED,2024-08-28T08:53:47.501Z
38311,90547,TX20240102861963,WIT_FEE,50,MRU,9545,PLATFORM,COLLECTED,2024-01-02T10:00:46.592Z
38312,90548,TX20241207742469,TRF_FEE,25,MRU,75,PLATFORM,COLLECTED,2024-12-07T14:20:10.915Z
38313,90549,TX20241211993418,TRF_FEE,25,MRU,6649,PLATFORM,COLLECTED,2024-12-11T17:59:37.495Z
38314,90550,TX20241001949503,WIT_FEE,50,MRU,4686,PLATFORM,COLLECTED,2024-10-01T06:31:20.872Z
38315,90553,TX20240714619474,TRF_FEE,25,MRU,8635,PLATFORM,COLLECTED,2024-07-14T10:39:19.646Z
38316,90554,TX20241208590589,WIT_FEE,50,MRU,62,PLATFORM,COLLECTED,2024-12-08T00:37:56.975Z
38317,90560,TX20241206587133,SAL_FEE,570,MRU,9087,PLATFORM,COLLECTED,2024-12-06T09:44:56.086Z
38318,90563,TX20240313962020,TRF_FEE,25,MRU,2221,PLATFORM,COLLECTED,2024-03-13T06:40:10.622Z
38319,90564,TX20240803478477,WIT_FEE,50,MRU,5834,PLATFORM,COLLECTED,2024-08-03T14:01:54.844Z
38320,90567,TX20240509432533,TRF_FEE,50,MRU,5318,PLATFORM,COLLECTED,2024-05-09T15:44:10.839Z
38321,90573,TX20240912959603,PAY_FEE,27,MRU,9311,MERCHANT,COLLECTED,2024-09-12T16:18:14.346Z
38322,90574,TX20241009063069,TRF_FEE,10,MRU,3765,PLATFORM,COLLECTED,2024-10-09T18:51:19.280Z
38323,90577,TX20240906961245,TRF_FEE,50,MRU,7732,PLATFORM,COLLECTED,2024-09-06T07:18:16.413Z
38324,90579,TX20240311876575,TRF_FEE,25,MRU,1565,PLATFORM,COLLECTED,2024-03-11T09:03:07.702Z
38325,90581,TX20240516986594,TRF_FEE,25,MRU,4396,PLATFORM,COLLECTED,2024-05-16T21:25:10.382Z
38326,90591,TX20240103014046,PAY_FEE,180,MRU,557,MERCHANT,COLLECTED,2024-01-03T17:23:12.973Z
38327,90594,TX20240713864405,WIT_FEE,50,MRU,7652,PLATFORM,COLLECTED,2024-07-13T08:50:25.275Z
38328,90596,TX20240907807619,PAY_FEE,165,MRU,8933,MERCHANT,COLLECTED,2024-09-07T13:49:44.625Z
38329,90597,TX20240613592330,PAY_FEE,30,MRU,1698,MERCHANT,COLLECTED,2024-06-13T13:21:05.928Z
38330,90600,TX20241120933990,WIT_FEE,50,MRU,7035,PLATFORM,COLLECTED,2024-11-20T09:35:59.383Z
38331,90601,TX20241030688809,PAY_FEE,7,MRU,199,MERCHANT,COLLECTED,2024-10-30T17:51:09.576Z
38332,90604,TX20241126955745,PAY_FEE,44,MRU,1494,MERCHANT,COLLECTED,2024-11-26T09:32:51.584Z
38333,90607,TX20240611106073,TRF_FEE,50,MRU,1425,PLATFORM,COLLECTED,2024-06-11T15:42:21.983Z
38334,90609,TX20240814829004,PAY_FEE,117,MRU,3090,MERCHANT,COLLECTED,2024-08-14T11:22:29.470Z
38335,90610,TX20241210390340,WIT_FEE,50,MRU,8706,PLATFORM,COLLECTED,2024-12-10T09:11:48.900Z
38336,90617,TX20240125687120,TRF_FEE,25,MRU,10487,PLATFORM,COLLECTED,2024-01-25T08:18:12.171Z
38337,90620,TX20241127018750,TRF_FEE,10,MRU,6512,PLATFORM,COLLECTED,2024-11-27T09:37:17.680Z
38338,90621,TX20241215879385,TRF_FEE,25,MRU,10057,PLATFORM,COLLECTED,2024-12-15T11:05:06.938Z
38339,90622,TX20240328301829,TRF_FEE,25,MRU,8738,PLATFORM,COLLECTED,2024-03-28T09:24:54.440Z
38340,90629,TX20240714154016,TRF_FEE,25,MRU,7242,PLATFORM,COLLECTED,2024-07-14T17:37:37.410Z
38341,90631,TX20240817698777,PAY_FEE,66,MRU,62,MERCHANT,COLLECTED,2024-08-17T06:13:59.827Z
38342,90635,TX20240309682884,TRF_FEE,25,MRU,4128,PLATFORM,COLLECTED,2024-03-09T14:41:38.222Z
38343,90637,TX20240512259435,TRF_FEE,25,MRU,5787,PLATFORM,COLLECTED,2024-05-12T05:03:11.460Z
38344,90640,TX20240221340153,WIT_FEE,50,MRU,1424,PLATFORM,COLLECTED,2024-02-21T06:33:11.557Z
38345,90643,TX20240901694936,PAY_FEE,77,MRU,6716,MERCHANT,COLLECTED,2024-09-01T15:27:59.156Z
38346,90649,TX20240104095600,TRF_FEE,50,MRU,3115,PLATFORM,COLLECTED,2024-01-04T03:12:23.441Z
38347,90650,TX20240519182778,TRF_FEE,25,MRU,4952,PLATFORM,COLLECTED,2024-05-19T10:10:33.356Z
38348,90651,TX20241130573813,TRF_FEE,50,MRU,700,PLATFORM,COLLECTED,2024-11-30T12:46:53.540Z
38349,90652,TX20240901571335,PAY_FEE,33,MRU,3203,MERCHANT,COLLECTED,2024-09-01T10:57:12.194Z
38350,90654,TX20240302155072,TRF_FEE,50,MRU,9843,PLATFORM,COLLECTED,2024-03-02T13:35:39.494Z
38351,90655,TX20241121200120,PAY_FEE,51,MRU,7045,MERCHANT,COLLECTED,2024-11-21T10:05:56.275Z
38352,90658,TX20240918140208,TRF_FEE,25,MRU,9583,PLATFORM,COLLECTED,2024-09-18T10:07:40.311Z
38353,90661,TX20240707244617,WIT_FEE,50,MRU,3738,PLATFORM,COLLECTED,2024-07-07T15:19:50.828Z
38354,90664,TX20240927381811,SAL_FEE,1820,MRU,1310,PLATFORM,COLLECTED,2024-09-27T09:45:09.729Z
38355,90666,TX20241208902931,WIT_FEE,50,MRU,820,PLATFORM,COLLECTED,2024-12-08T11:15:36.019Z
38356,90667,TX20241005499909,PAY_FEE,30,MRU,4765,MERCHANT,COLLECTED,2024-10-05T08:40:27.093Z
38357,90670,TX20240726659866,TRF_FEE,25,MRU,9469,PLATFORM,COLLECTED,2024-07-26T18:02:58.095Z
38358,90675,TX20240501920108,WIT_FEE,50,MRU,5159,PLATFORM,COLLECTED,2024-05-01T19:57:01.970Z
38359,90676,TX20240125324862,TRF_FEE,25,MRU,3940,PLATFORM,COLLECTED,2024-01-25T11:04:57.939Z
38360,90679,TX20241025408457,WIT_FEE,50,MRU,5201,PLATFORM,COLLECTED,2024-10-25T14:46:05.892Z
38361,90681,TX20240225390357,TRF_FEE,25,MRU,2903,PLATFORM,COLLECTED,2024-02-25T08:29:45.200Z
38362,90682,TX20240827432825,TRF_FEE,50,MRU,3683,PLATFORM,COLLECTED,2024-08-27T05:57:32.066Z
38363,90684,TX20240716645401,TRF_FEE,25,MRU,5839,PLATFORM,COLLECTED,2024-07-16T20:00:49.738Z
38364,90685,TX20240803167828,TRF_FEE,10,MRU,8692,PLATFORM,COLLECTED,2024-08-03T07:45:06.801Z
38365,90688,TX20240829904557,WIT_FEE,50,MRU,3413,PLATFORM,COLLECTED,2024-08-29T14:24:25.400Z
38366,90689,TX20240601924922,TRF_FEE,50,MRU,790,PLATFORM,COLLECTED,2024-06-01T10:12:29.319Z
38367,90690,TX20240821115416,TRF_FEE,50,MRU,9950,PLATFORM,COLLECTED,2024-08-21T03:32:24.498Z
38368,90692,TX20240827761690,TRF_FEE,25,MRU,6144,PLATFORM,COLLECTED,2024-08-27T10:18:05.837Z
38369,90693,TX20240629579620,TRF_FEE,50,MRU,2026,PLATFORM,COLLECTED,2024-06-29T10:32:56.691Z
38370,90696,TX20240225136151,WIT_FEE,200,MRU,10806,PLATFORM,COLLECTED,2024-02-25T15:57:43.973Z
38371,90700,TX20240117241016,BIL_FEE,100,MRU,2911,PLATFORM,COLLECTED,2024-01-17T18:02:43.177Z
38372,90704,TX20240929483683,WIT_FEE,50,MRU,3991,PLATFORM,COLLECTED,2024-09-29T16:51:18.369Z
38373,90705,TX20240105970117,PAY_FEE,8,MRU,8732,MERCHANT,COLLECTED,2024-01-05T13:07:11.458Z
38374,90711,TX20240123134971,PAY_FEE,71,MRU,10654,MERCHANT,COLLECTED,2024-01-23T11:10:42.584Z
38375,90712,TX20240103004217,PAY_FEE,1530,MRU,9594,MERCHANT,COLLECTED,2024-01-03T16:42:44.686Z
38376,90717,TX20241105677735,TRF_FEE,25,MRU,7247,PLATFORM,COLLECTED,2024-11-05T19:33:49.612Z
38377,90721,TX20240629599226,WIT_FEE,240,MRU,4238,PLATFORM,COLLECTED,2024-06-29T14:51:06.075Z
38378,90723,TX20240702866371,SAL_FEE,1495,MRU,4777,PLATFORM,COLLECTED,2024-07-02T16:28:49.935Z
38379,90726,TX20240509985816,PAY_FEE,27,MRU,1136,MERCHANT,COLLECTED,2024-05-09T11:42:19.560Z
38380,90729,TX20240524295760,WIT_FEE,50,MRU,7443,PLATFORM,COLLECTED,2024-05-24T05:42:18.157Z
38381,90730,TX20241015953347,BIL_FEE,100,MRU,1918,PLATFORM,COLLECTED,2024-10-15T12:46:40.601Z
38382,90732,TX20240725736611,PAY_FEE,45,MRU,9,MERCHANT,COLLECTED,2024-07-25T08:23:00.360Z
38383,90735,TX20240725566368,WIT_FEE,200,MRU,9130,PLATFORM,COLLECTED,2024-07-25T10:23:25.751Z
38384,90738,TX20240910410546,PAY_FEE,32,MRU,4872,MERCHANT,COLLECTED,2024-09-10T18:07:54.247Z
38385,90739,TX20240321289941,PAY_FEE,810,MRU,5513,MERCHANT,COLLECTED,2024-03-21T09:57:18.963Z
38386,90740,TX20240816347933,WIT_FEE,87,MRU,2624,PLATFORM,COLLECTED,2024-08-16T09:19:56.775Z
38387,90748,TX20240819091322,TRF_FEE,25,MRU,567,PLATFORM,COLLECTED,2024-08-19T04:26:25.539Z
38388,90749,TX20241128508778,TRF_FEE,10,MRU,8920,PLATFORM,COLLECTED,2024-11-28T19:44:04.024Z
38389,90754,TX20240529051553,WIT_FEE,50,MRU,5455,PLATFORM,COLLECTED,2024-05-29T13:16:42.630Z
38390,90758,TX20241031157210,TRF_FEE,50,MRU,1657,PLATFORM,COLLECTED,2024-10-31T08:35:30.793Z
38391,90763,TX20241114598675,TRF_FEE,25,MRU,9747,PLATFORM,COLLECTED,2024-11-14T18:25:29.311Z
38392,90767,TX20240322614129,SAL_FEE,2230,MRU,10887,PLATFORM,COLLECTED,2024-03-22T07:56:30.039Z
38393,90770,TX20240922292596,WIT_FEE,100,MRU,9505,PLATFORM,COLLECTED,2024-09-22T06:00:46.640Z
38394,90780,TX20240410606940,TRF_FEE,25,MRU,4893,PLATFORM,COLLECTED,2024-04-10T14:59:12.731Z
38395,90781,TX20240521510368,TRF_FEE,50,MRU,7884,PLATFORM,COLLECTED,2024-05-21T14:53:27.926Z
38396,90783,TX20241211942891,TRF_FEE,50,MRU,3967,PLATFORM,COLLECTED,2024-12-11T11:35:46.372Z
38397,90790,TX20241126809291,PAY_FEE,44,MRU,1494,MERCHANT,COLLECTED,2024-11-26T09:32:51.584Z
38398,90796,TX20240420076613,TRF_FEE,50,MRU,8856,PLATFORM,COLLECTED,2024-04-20T07:56:14.194Z
38399,90802,TX20240529288349,WIT_FEE,50,MRU,4811,PLATFORM,COLLECTED,2024-05-29T18:27:47.797Z
38400,90803,TX20240125165568,TRF_FEE,25,MRU,10487,PLATFORM,COLLECTED,2024-01-25T08:18:12.171Z
38401,90804,TX20240227436983,WIT_FEE,50,MRU,6327,PLATFORM,COLLECTED,2024-02-27T14:16:29.989Z
38402,90805,TX20240408263264,PAY_FEE,180,MRU,10324,MERCHANT,COLLECTED,2024-04-08T13:48:34.609Z
38403,90806,TX20240417662595,BIL_FEE,100,MRU,2565,PLATFORM,COLLECTED,2024-04-17T13:17:40.588Z
38404,90812,TX20240110729110,WIT_FEE,50,MRU,8924,PLATFORM,COLLECTED,2024-01-10T18:02:02.585Z
38405,90818,TX20240606778747,PAY_FEE,44,MRU,7688,MERCHANT,COLLECTED,2024-06-06T12:43:08.126Z
38406,90821,TX20240912970935,TRF_FEE,50,MRU,3940,PLATFORM,COLLECTED,2024-09-12T14:13:22.543Z
38407,90823,TX20240329412102,TRF_FEE,10,MRU,605,PLATFORM,COLLECTED,2024-03-29T10:25:21.041Z
38408,90828,TX20240216988326,TRF_FEE,25,MRU,1265,PLATFORM,COLLECTED,2024-02-16T18:36:53.035Z
38409,90829,TX20240922540106,TRF_FEE,25,MRU,3428,PLATFORM,COLLECTED,2024-09-22T11:59:09.607Z
38410,90830,TX20240915311296,TRF_FEE,25,MRU,704,PLATFORM,COLLECTED,2024-09-15T09:56:46.879Z
38411,90835,TX20241201412800,TRF_FEE,50,MRU,6464,PLATFORM,COLLECTED,2024-12-01T04:41:47.352Z
38412,90838,TX20240223279763,WIT_FEE,50,MRU,10540,PLATFORM,COLLECTED,2024-02-23T19:48:40.393Z
38413,90841,TX20241019200120,TRF_FEE,50,MRU,3050,PLATFORM,COLLECTED,2024-10-19T17:20:05.937Z
38414,90843,TX20240506613350,WIT_FEE,50,MRU,4908,PLATFORM,COLLECTED,2024-05-06T07:16:51.960Z
38415,90844,TX20240918423975,TRF_FEE,25,MRU,9583,PLATFORM,COLLECTED,2024-09-18T10:07:40.311Z
38416,90847,TX20240707684793,WIT_FEE,50,MRU,3738,PLATFORM,COLLECTED,2024-07-07T15:19:50.828Z
38417,90850,TX20240927872303,SAL_FEE,1820,MRU,1310,PLATFORM,COLLECTED,2024-09-27T09:45:09.729Z
38418,90853,TX20240828009925,PAY_FEE,36,MRU,2728,MERCHANT,COLLECTED,2024-08-28T18:49:51.762Z
38419,90854,TX20241125123692,TRF_FEE,25,MRU,2461,PLATFORM,COLLECTED,2024-11-25T10:01:07.879Z
38420,90856,TX20241011329956,TRF_FEE,50,MRU,435,PLATFORM,COLLECTED,2024-10-11T17:26:34.949Z
38421,90857,TX20240602642692,TRF_FEE,50,MRU,9553,PLATFORM,COLLECTED,2024-06-02T15:07:23.337Z
38422,90860,TX20240402433636,TRF_FEE,25,MRU,10050,PLATFORM,COLLECTED,2024-04-02T04:48:20.295Z
38423,90863,TX20240709575654,PAY_FEE,180,MRU,10773,MERCHANT,COLLECTED,2024-07-09T06:43:21.195Z
38424,90865,TX20240827966768,PAY_FEE,33,MRU,4765,MERCHANT,COLLECTED,2024-08-27T15:05:53.469Z
38425,90868,TX20240827579307,TRF_FEE,50,MRU,3683,PLATFORM,COLLECTED,2024-08-27T05:57:32.066Z
38426,90869,TX20240710932188,WIT_FEE,420,MRU,1618,PLATFORM,COLLECTED,2024-07-10T09:59:26.174Z
38427,90871,TX20241014259561,PAY_FEE,15,MRU,2958,MERCHANT,COLLECTED,2024-10-14T08:27:20.751Z
38428,90872,TX20240821275198,TRF_FEE,50,MRU,9046,PLATFORM,COLLECTED,2024-08-21T04:39:18.616Z
38429,90873,TX20240516868336,SAL_FEE,690,MRU,3457,PLATFORM,COLLECTED,2024-05-16T20:46:23.046Z
38430,90874,TX20240526002893,TRF_FEE,10,MRU,9585,PLATFORM,COLLECTED,2024-05-26T08:28:03.520Z
38431,90878,TX20240614761690,TRF_FEE,50,MRU,4092,PLATFORM,COLLECTED,2024-06-14T08:05:50.554Z
38432,90879,TX20240629488731,TRF_FEE,50,MRU,2026,PLATFORM,COLLECTED,2024-06-29T10:32:56.691Z
38433,90880,TX20240421234985,PAY_FEE,77,MRU,4132,MERCHANT,COLLECTED,2024-04-21T10:58:16.556Z
38434,90885,TX20240618699641,WIT_FEE,50,MRU,6161,PLATFORM,COLLECTED,2024-06-18T14:11:34.017Z
38435,90888,TX20240117365490,TRF_FEE,10,MRU,13,PLATFORM,COLLECTED,2024-01-17T09:01:56.603Z
38436,90889,TX20241222773116,TRF_FEE,10,MRU,2364,PLATFORM,COLLECTED,2024-12-22T10:39:26.108Z
38437,90890,TX20240530476254,TRF_FEE,10,MRU,4427,PLATFORM,COLLECTED,2024-05-30T10:18:27.083Z
38438,90891,TX20240607252883,PAY_FEE,74,MRU,240,MERCHANT,COLLECTED,2024-06-07T15:31:18.658Z
38439,90892,TX20241009403848,PAY_FEE,68,MRU,5463,MERCHANT,COLLECTED,2024-10-09T06:01:14.716Z
38440,90895,TX20240511330082,BIL_FEE,100,MRU,7034,PLATFORM,COLLECTED,2024-05-11T11:49:32.988Z
38441,90898,TX20240805049373,TRF_FEE,50,MRU,1698,PLATFORM,COLLECTED,2024-08-04T22:06:40.022Z
38442,90899,TX20240502024937,TRF_FEE,25,MRU,2331,PLATFORM,COLLECTED,2024-05-02T12:33:25.401Z
38443,90902,TX20240130868332,WIT_FEE,50,MRU,6412,PLATFORM,COLLECTED,2024-01-30T17:36:50.079Z
38444,90908,TX20240928668303,PAY_FEE,14,MRU,1292,MERCHANT,COLLECTED,2024-09-28T14:48:23.411Z
38445,90911,TX20240301398809,WIT_FEE,50,MRU,2931,PLATFORM,COLLECTED,2024-03-01T06:39:23.682Z
38446,90912,TX20241201571616,PAY_FEE,38,MRU,5303,MERCHANT,COLLECTED,2024-12-01T15:45:22.638Z
38447,90915,TX20241013073832,WIT_FEE,66,MRU,3862,PLATFORM,COLLECTED,2024-10-13T10:13:58.608Z
38448,90917,TX20240616096098,TRF_FEE,25,MRU,1326,PLATFORM,COLLECTED,2024-06-16T09:04:28.284Z
38449,90925,TX20240130919915,WIT_FEE,50,MRU,9209,PLATFORM,COLLECTED,2024-01-30T09:09:49.104Z
38450,90929,TX20240625004346,PAY_FEE,15,MRU,7721,MERCHANT,COLLECTED,2024-06-25T11:59:26.135Z
38451,90934,TX20240717272391,WIT_FEE,50,MRU,5780,PLATFORM,COLLECTED,2024-07-17T09:13:25.492Z
38452,90937,TX20240409875756,TRF_FEE,25,MRU,10302,PLATFORM,COLLECTED,2024-04-09T10:17:00.928Z
38453,90944,TX20241112047166,TRF_FEE,25,MRU,1505,PLATFORM,COLLECTED,2024-11-12T09:14:20.843Z
38454,90946,TX20240205661959,TRF_FEE,50,MRU,5360,PLATFORM,COLLECTED,2024-02-05T21:26:13.799Z
38455,90953,TX20240823445532,WIT_FEE,210,MRU,555,PLATFORM,COLLECTED,2024-08-23T06:24:14.295Z
38456,90955,TX20240325640358,TRF_FEE,50,MRU,5959,PLATFORM,COLLECTED,2024-03-25T11:12:48.614Z
38457,90956,TX20240221552074,TRF_FEE,25,MRU,2987,PLATFORM,COLLECTED,2024-02-21T13:54:19.458Z
38458,90957,TX20241201857459,SAL_FEE,2415,MRU,588,PLATFORM,COLLECTED,2024-12-01T16:11:15.792Z
38459,90959,TX20240726472535,PAY_FEE,13,MRU,2505,MERCHANT,COLLECTED,2024-07-26T07:57:32.227Z
38460,90962,TX20240406057743,WIT_FEE,50,MRU,2219,PLATFORM,COLLECTED,2024-04-06T14:00:51.385Z
38461,90967,TX20240907064914,PAY_FEE,165,MRU,8933,MERCHANT,COLLECTED,2024-09-07T13:49:44.625Z
38462,90968,TX20240731592330,TRF_FEE,50,MRU,1116,PLATFORM,COLLECTED,2024-07-31T09:05:55.153Z
38463,90970,TX20240606599471,TRF_FEE,25,MRU,8644,PLATFORM,COLLECTED,2024-06-06T09:55:04.555Z
38464,90971,TX20240802122921,WIT_FEE,50,MRU,3752,PLATFORM,COLLECTED,2024-08-02T21:23:38.528Z
38465,90973,TX20240208641349,WIT_FEE,500,MRU,5937,PLATFORM,COLLECTED,2024-02-08T11:51:41.191Z
38466,90975,TX20241126455195,PAY_FEE,44,MRU,1494,MERCHANT,COLLECTED,2024-11-26T09:32:51.584Z
38467,90977,TX20240825899693,TRF_FEE,50,MRU,2993,PLATFORM,COLLECTED,2024-08-25T08:08:33.528Z
38468,90979,TX20240731309060,PAY_FEE,39,MRU,5201,MERCHANT,COLLECTED,2024-07-31T15:17:13.148Z
38469,90981,TX20240312076613,WIT_FEE,50,MRU,5767,PLATFORM,COLLECTED,2024-03-12T17:54:47.293Z
38470,90984,TX20241002213731,PAY_FEE,36,MRU,323,MERCHANT,COLLECTED,2024-10-02T16:16:26.942Z
38471,90987,TX20241213288349,TRF_FEE,25,MRU,8803,PLATFORM,COLLECTED,2024-12-13T11:24:56.453Z
38472,90988,TX20240125339340,TRF_FEE,25,MRU,10487,PLATFORM,COLLECTED,2024-01-25T08:18:12.171Z
38473,90992,TX20240601135346,PAY_FEE,38,MRU,10349,MERCHANT,COLLECTED,2024-06-01T19:26:05.107Z
38474,90994,TX20240905478639,WIT_FEE,50,MRU,5176,PLATFORM,COLLECTED,2024-09-05T18:26:56.372Z
38475,90999,TX20240215940036,PAY_FEE,75,MRU,1394,MERCHANT,COLLECTED,2024-02-15T06:43:44.331Z
38476,91002,TX20240728933561,TRF_FEE,50,MRU,2493,PLATFORM,COLLECTED,2024-07-28T17:46:37.082Z
38477,91003,TX20240717792421,TRF_FEE,25,MRU,2581,PLATFORM,COLLECTED,2024-07-17T15:08:07.697Z
38478,91006,TX20240309364953,TRF_FEE,25,MRU,4128,PLATFORM,COLLECTED,2024-03-09T14:41:38.222Z
38479,91008,TX20240329259435,TRF_FEE,10,MRU,605,PLATFORM,COLLECTED,2024-03-29T10:25:21.041Z
38480,91015,TX20241212682304,WIT_FEE,450,MRU,4804,PLATFORM,COLLECTED,2024-12-12T16:52:03.519Z
38481,91017,TX20240525903464,WIT_FEE,59,MRU,5423,PLATFORM,COLLECTED,2024-05-25T07:33:03.137Z
38482,91020,TX20241013161350,TRF_FEE,25,MRU,2350,PLATFORM,COLLECTED,2024-10-13T09:35:00.011Z
38483,91021,TX20240202544517,BIL_FEE,100,MRU,4489,PLATFORM,COLLECTED,2024-02-02T21:08:34.381Z
38484,91023,TX20240223631940,WIT_FEE,50,MRU,10540,PLATFORM,COLLECTED,2024-02-23T19:48:40.393Z
38485,91027,TX20240125026648,WIT_FEE,200,MRU,699,PLATFORM,COLLECTED,2024-01-25T07:13:42.949Z
38486,91028,TX20240321613350,TRF_FEE,25,MRU,9530,PLATFORM,COLLECTED,2024-03-21T10:20:11.282Z
38487,91029,TX20240918966141,TRF_FEE,25,MRU,9583,PLATFORM,COLLECTED,2024-09-18T10:07:40.311Z
38488,91033,TX20240703394550,TRF_FEE,50,MRU,4466,PLATFORM,COLLECTED,2024-07-03T10:15:53.456Z
38489,91039,TX20241125927445,TRF_FEE,25,MRU,2461,PLATFORM,COLLECTED,2024-11-25T10:01:07.879Z
38490,91044,TX20240226129392,SAL_FEE,1400,MRU,5837,PLATFORM,COLLECTED,2024-02-26T15:47:26.137Z
38491,91047,TX20240619217552,WIT_FEE,50,MRU,5944,PLATFORM,COLLECTED,2024-06-19T12:50:50.936Z
38492,91049,TX20241023062259,BIL_FEE,100,MRU,8670,PLATFORM,COLLECTED,2024-10-23T09:34:11.433Z
38493,91052,TX20240719662432,PAY_FEE,345,MRU,2224,MERCHANT,COLLECTED,2024-07-19T07:10:29.760Z
38494,91054,TX20240710225750,WIT_FEE,420,MRU,1618,PLATFORM,COLLECTED,2024-07-10T09:59:26.174Z
38495,91056,TX20240507051565,TRF_FEE,25,MRU,8951,PLATFORM,COLLECTED,2024-05-07T15:16:49.288Z
38496,91057,TX20240813063704,WIT_FEE,50,MRU,1242,PLATFORM,COLLECTED,2024-08-13T16:12:48.209Z
38497,91060,TX20240117816065,PAY_FEE,17,MRU,450,MERCHANT,COLLECTED,2024-01-17T14:21:09.187Z
38498,91063,TX20240614498552,TRF_FEE,50,MRU,4092,PLATFORM,COLLECTED,2024-06-14T08:05:50.554Z
38499,91066,TX20240119233791,TRF_FEE,25,MRU,7788,PLATFORM,COLLECTED,2024-01-19T08:38:52.679Z
38500,91069,TX20240103373646,WIT_FEE,50,MRU,8652,PLATFORM,COLLECTED,2024-01-03T14:55:15.993Z
38501,91072,TX20240824418315,WIT_FEE,50,MRU,10900,PLATFORM,COLLECTED,2024-08-24T06:48:01.610Z
38502,91075,TX20240215016376,PAY_FEE,30,MRU,9480,MERCHANT,COLLECTED,2024-02-15T09:20:44.805Z
38503,91081,TX20240320163589,WIT_FEE,50,MRU,2683,PLATFORM,COLLECTED,2024-03-20T12:20:03.405Z
38504,91082,TX20240123275925,PAY_FEE,71,MRU,10654,MERCHANT,COLLECTED,2024-01-23T11:10:42.584Z
38505,91084,TX20240620336562,PAY_FEE,8,MRU,1287,MERCHANT,COLLECTED,2024-06-20T13:33:43.671Z
38506,91087,TX20240601503760,TRF_FEE,25,MRU,4395,PLATFORM,COLLECTED,2024-06-01T06:55:23.919Z
38507,91089,TX20240524907834,WIT_FEE,170,MRU,34,PLATFORM,COLLECTED,2024-05-24T05:02:20.956Z
38508,91092,TX20240629304512,WIT_FEE,240,MRU,4238,PLATFORM,COLLECTED,2024-06-29T14:51:06.075Z
38509,91096,TX20240622620975,TRF_FEE,50,MRU,464,PLATFORM,COLLECTED,2024-06-22T14:42:53.683Z
38510,91097,TX20241103758030,TRF_FEE,25,MRU,6203,PLATFORM,COLLECTED,2024-11-03T10:27:42.332Z
38511,91098,TX20241122144830,WIT_FEE,100,MRU,786,PLATFORM,COLLECTED,2024-11-22T15:27:59.822Z
38512,91099,TX20240727223085,WIT_FEE,190,MRU,4583,PLATFORM,COLLECTED,2024-07-27T11:53:49.113Z
38513,91103,TX20240725321406,PAY_FEE,45,MRU,9,MERCHANT,COLLECTED,2024-07-25T08:23:00.360Z
38514,91106,TX20240524410980,WIT_FEE,50,MRU,8295,PLATFORM,COLLECTED,2024-05-24T10:45:49.368Z
38515,91109,TX20240301219504,WIT_FEE,50,MRU,3050,PLATFORM,COLLECTED,2024-03-01T10:08:13.285Z
38516,91110,TX20240306628040,WIT_FEE,50,MRU,3212,PLATFORM,COLLECTED,2024-03-06T09:28:07.187Z
38517,91111,TX20240507010950,WIT_FEE,50,MRU,7090,PLATFORM,COLLECTED,2024-05-07T07:29:58.036Z
38518,91112,TX20240210260827,PAY_FEE,45,MRU,1329,MERCHANT,COLLECTED,2024-02-10T10:45:14.733Z
38519,91113,TX20240725080633,WIT_FEE,50,MRU,5342,PLATFORM,COLLECTED,2024-07-25T19:57:57.475Z
38520,91114,TX20240408833768,WIT_FEE,50,MRU,7752,PLATFORM,COLLECTED,2024-04-08T14:31:13.570Z
38521,91122,TX20240528385900,WIT_FEE,50,MRU,7847,PLATFORM,COLLECTED,2024-05-28T08:00:55.933Z
38522,91125,TX20240917174648,WIT_FEE,50,MRU,6068,PLATFORM,COLLECTED,2024-09-17T04:58:23.749Z
38523,91129,TX20241112718338,TRF_FEE,25,MRU,1505,PLATFORM,COLLECTED,2024-11-12T09:14:20.843Z
38524,91131,TX20240608223032,SAL_FEE,1300,MRU,10674,PLATFORM,COLLECTED,2024-06-08T07:47:29.510Z
38525,91137,TX20240805124442,WIT_FEE,50,MRU,4231,PLATFORM,COLLECTED,2024-08-05T09:59:25.172Z
38526,91144,TX20240227829859,TRF_FEE,50,MRU,10148,PLATFORM,COLLECTED,2024-02-27T20:32:13.225Z
38527,91145,TX20240715463771,TRF_FEE,25,MRU,6465,PLATFORM,COLLECTED,2024-07-15T08:51:27.573Z
38528,91146,TX20240803437255,TRF_FEE,50,MRU,9932,PLATFORM,COLLECTED,2024-08-03T14:40:03.710Z
38529,91147,TX20240915057743,WIT_FEE,50,MRU,10729,PLATFORM,COLLECTED,2024-09-14T23:51:23.200Z
38530,91150,TX20240410124086,TRF_FEE,25,MRU,4893,PLATFORM,COLLECTED,2024-04-10T14:59:12.731Z
38531,91152,TX20240805968067,TRF_FEE,25,MRU,6069,PLATFORM,COLLECTED,2024-08-05T16:44:37.809Z
38532,91155,TX20240606093441,TRF_FEE,25,MRU,8644,PLATFORM,COLLECTED,2024-06-06T09:55:04.555Z
38533,91156,TX20241228122921,TRF_FEE,25,MRU,10904,PLATFORM,COLLECTED,2024-12-28T10:38:31.338Z
38534,91159,TX20240220126048,WIT_FEE,210,MRU,3933,PLATFORM,COLLECTED,2024-02-20T10:06:38.266Z
38535,91160,TX20241126280665,PAY_FEE,44,MRU,1494,MERCHANT,COLLECTED,2024-11-26T09:32:51.584Z
38536,91161,TX20240626102645,TRF_FEE,25,MRU,9836,PLATFORM,COLLECTED,2024-06-26T12:10:40.204Z
38537,91165,TX20240412869566,TRF_FEE,25,MRU,7821,PLATFORM,COLLECTED,2024-04-12T09:12:23.950Z
38538,91173,TX20240125919254,TRF_FEE,25,MRU,10487,PLATFORM,COLLECTED,2024-01-25T08:18:12.171Z
38539,91177,TX20241215310345,TRF_FEE,25,MRU,10057,PLATFORM,COLLECTED,2024-12-15T11:05:06.938Z
38540,91178,TX20240410149699,WIT_FEE,50,MRU,6195,PLATFORM,COLLECTED,2024-04-10T10:54:26.791Z
38541,91179,TX20240905298771,WIT_FEE,50,MRU,5176,PLATFORM,COLLECTED,2024-09-05T18:26:56.372Z
38542,91183,TX20241206732748,WIT_FEE,79,MRU,958,PLATFORM,COLLECTED,2024-12-06T07:47:12.126Z
38543,91185,TX20240714488439,TRF_FEE,25,MRU,7242,PLATFORM,COLLECTED,2024-07-14T17:37:37.410Z
38544,91186,TX20240528549404,TRF_FEE,50,MRU,638,PLATFORM,COLLECTED,2024-05-28T08:24:20.165Z
38545,91188,TX20240325597927,TRF_FEE,25,MRU,1742,PLATFORM,COLLECTED,2024-03-25T14:17:48.443Z
38546,91191,TX20240822364953,TRF_FEE,50,MRU,2949,PLATFORM,COLLECTED,2024-08-22T08:22:32.355Z
38547,91193,TX20240508259435,WIT_FEE,50,MRU,2209,PLATFORM,COLLECTED,2024-05-08T10:21:02.055Z
38548,91198,TX20240216796835,TRF_FEE,25,MRU,1265,PLATFORM,COLLECTED,2024-02-16T18:36:53.035Z
38549,91200,TX20240915198361,TRF_FEE,25,MRU,704,PLATFORM,COLLECTED,2024-09-15T09:56:46.879Z
38550,91206,TX20240202728927,BIL_FEE,100,MRU,4489,PLATFORM,COLLECTED,2024-02-02T21:08:34.381Z
38551,91207,TX20240531794931,TRF_FEE,25,MRU,5540,PLATFORM,COLLECTED,2024-05-31T08:52:29.852Z
38552,91211,TX20241121930030,PAY_FEE,51,MRU,7045,MERCHANT,COLLECTED,2024-11-21T10:05:56.275Z
38553,91214,TX20240523104198,PAY_FEE,20,MRU,10396,MERCHANT,COLLECTED,2024-05-23T06:40:18.868Z
38554,91221,TX20240204078741,PAY_FEE,6,MRU,9383,MERCHANT,COLLECTED,2024-02-04T16:18:19.153Z
38555,91224,TX20241125597999,TRF_FEE,25,MRU,2461,PLATFORM,COLLECTED,2024-11-25T10:01:07.879Z
38556,91234,TX20240704056348,TRF_FEE,50,MRU,3526,PLATFORM,COLLECTED,2024-07-04T07:40:55.811Z
38557,91237,TX20240225822846,TRF_FEE,25,MRU,2903,PLATFORM,COLLECTED,2024-02-25T08:29:45.200Z
38558,91238,TX20240119579307,TRF_FEE,25,MRU,6470,PLATFORM,COLLECTED,2024-01-19T20:32:04.332Z
38559,91239,TX20240710276289,WIT_FEE,420,MRU,1618,PLATFORM,COLLECTED,2024-07-10T09:59:26.174Z
38560,91241,TX20241001945207,WIT_FEE,50,MRU,10894,PLATFORM,COLLECTED,2024-10-01T08:49:17.810Z
38561,91243,TX20240312313047,WIT_FEE,170,MRU,10131,PLATFORM,COLLECTED,2024-03-12T13:23:03.678Z
38562,91247,TX20240319696232,SAL_FEE,575,MRU,3818,PLATFORM,COLLECTED,2024-03-19T15:27:39.426Z
38563,91250,TX20240421899445,PAY_FEE,77,MRU,4132,MERCHANT,COLLECTED,2024-04-21T10:58:16.556Z
38564,91254,TX20240103679064,WIT_FEE,50,MRU,8652,PLATFORM,COLLECTED,2024-01-03T14:55:15.993Z
38565,91261,TX20240922970117,WIT_FEE,50,MRU,5078,PLATFORM,COLLECTED,2024-09-22T03:30:07.189Z
38566,91265,TX20240520638043,TRF_FEE,25,MRU,10405,PLATFORM,COLLECTED,2024-05-20T06:40:07.390Z
38567,91266,TX20240119580054,WIT_FEE,100,MRU,6635,PLATFORM,COLLECTED,2024-01-19T11:14:47.746Z
38568,91268,TX20240925114756,PAY_FEE,21,MRU,3496,MERCHANT,COLLECTED,2024-09-25T14:52:25.499Z
38569,91271,TX20240523385844,SAL_FEE,1660,MRU,2348,PLATFORM,COLLECTED,2024-05-23T09:12:30.875Z
38570,91276,TX20240222453004,PAY_FEE,36,MRU,3052,MERCHANT,COLLECTED,2024-02-22T18:19:12.183Z
38571,91278,TX20240318567400,TRF_FEE,50,MRU,6053,PLATFORM,COLLECTED,2024-03-18T11:12:42.496Z
38572,91279,TX20240509042582,TRF_FEE,25,MRU,8743,PLATFORM,COLLECTED,2024-05-09T14:09:36.489Z
38573,91282,TX20241103311944,TRF_FEE,25,MRU,6203,PLATFORM,COLLECTED,2024-11-03T10:27:42.332Z
38574,91283,TX20240825022335,BIL_FEE,100,MRU,4393,PLATFORM,COLLECTED,2024-08-25T11:59:49.072Z
38575,91296,TX20240221010950,WIT_FEE,100,MRU,9400,PLATFORM,COLLECTED,2024-02-21T12:58:02.643Z
38576,91297,TX20240210971687,PAY_FEE,45,MRU,1329,MERCHANT,COLLECTED,2024-02-10T10:45:14.733Z
38577,91300,TX20240119306107,TRF_FEE,25,MRU,581,PLATFORM,COLLECTED,2024-01-19T17:29:31.532Z
38578,91302,TX20241209396869,WIT_FEE,50,MRU,5253,PLATFORM,COLLECTED,2024-12-09T08:39:13.406Z
38579,91303,TX20241010863037,WIT_FEE,50,MRU,1453,PLATFORM,COLLECTED,2024-10-10T18:44:47.222Z
38580,91314,TX20240420047166,PAY_FEE,1470,MRU,6271,MERCHANT,COLLECTED,2024-04-20T08:20:50.136Z
38581,91317,TX20240808264488,PAY_FEE,35,MRU,6933,MERCHANT,COLLECTED,2024-08-08T16:09:36.243Z
38582,91322,TX20240805936375,WIT_FEE,50,MRU,4231,PLATFORM,COLLECTED,2024-08-05T09:59:25.172Z
38583,91324,TX20241001719642,PAY_FEE,53,MRU,6885,MERCHANT,COLLECTED,2024-10-01T11:37:36.828Z
38584,91325,TX20241008752875,TRF_FEE,25,MRU,3416,PLATFORM,COLLECTED,2024-10-08T16:40:23.057Z
38585,91330,TX20240715646837,TRF_FEE,25,MRU,6465,PLATFORM,COLLECTED,2024-07-15T08:51:27.573Z
38586,91332,TX20240406906209,WIT_FEE,50,MRU,2219,PLATFORM,COLLECTED,2024-04-06T14:00:51.385Z
38587,91335,TX20240910796879,WIT_FEE,50,MRU,8913,PLATFORM,COLLECTED,2024-09-10T20:12:43.441Z
38588,91336,TX20241204930459,TRF_FEE,25,MRU,5355,PLATFORM,COLLECTED,2024-12-04T16:29:59.467Z
38589,91337,TX20241025035851,TRF_FEE,50,MRU,2351,PLATFORM,COLLECTED,2024-10-25T15:37:48.547Z
38590,91340,TX20240505206343,TRF_FEE,25,MRU,9337,PLATFORM,COLLECTED,2024-05-05T18:04:33.782Z
38591,91343,TX20241115639247,PAY_FEE,110,MRU,9385,MERCHANT,COLLECTED,2024-11-15T15:14:06.451Z
38592,91351,TX20240713901566,PAY_FEE,137,MRU,2157,MERCHANT,COLLECTED,2024-07-13T08:13:56.248Z
38593,91354,TX20240607690416,WIT_FEE,50,MRU,1115,PLATFORM,COLLECTED,2024-06-07T18:01:48.454Z
38594,91355,TX20241014437837,TRF_FEE,10,MRU,5613,PLATFORM,COLLECTED,2024-10-14T08:19:08.673Z
38595,91361,TX20241125549866,TRF_FEE,25,MRU,4459,PLATFORM,COLLECTED,2024-11-25T14:44:39.283Z
38596,91367,TX20240804659958,TRF_FEE,25,MRU,10247,PLATFORM,COLLECTED,2024-08-04T13:39:15.346Z
38597,91370,TX20240714890562,TRF_FEE,25,MRU,7242,PLATFORM,COLLECTED,2024-07-14T17:37:37.410Z
38598,91371,TX20240410883330,TRF_FEE,25,MRU,1970,PLATFORM,COLLECTED,2024-04-10T10:20:09.058Z
38599,91372,TX20241029846634,SAL_FEE,785,MRU,673,PLATFORM,COLLECTED,2024-10-29T00:40:52.212Z
38600,91373,TX20240325402628,TRF_FEE,25,MRU,1742,PLATFORM,COLLECTED,2024-03-25T14:17:48.443Z
38601,91374,TX20241128825786,TRF_FEE,25,MRU,7012,PLATFORM,COLLECTED,2024-11-28T14:56:54.188Z
38602,91376,TX20241127473443,SAL_FEE,1680,MRU,4040,PLATFORM,COLLECTED,2024-11-27T13:22:58.682Z
38603,91377,TX20240501654411,WIT_FEE,50,MRU,4216,PLATFORM,COLLECTED,2024-05-01T08:24:07.913Z
38604,91379,TX20240618338581,WIT_FEE,100,MRU,5839,PLATFORM,COLLECTED,2024-06-18T09:08:57.402Z
38605,91384,TX20240517257366,TRF_FEE,50,MRU,8671,PLATFORM,COLLECTED,2024-05-17T14:41:02.540Z
38606,91385,TX20240313968386,WIT_FEE,50,MRU,9075,PLATFORM,COLLECTED,2024-03-13T07:15:39.682Z
38607,91388,TX20240206628131,PAY_FEE,17,MRU,8095,MERCHANT,COLLECTED,2024-02-06T13:42:32.688Z
38608,91392,TX20240213246228,WIT_FEE,50,MRU,8571,PLATFORM,COLLECTED,2024-02-13T16:28:39.796Z
38609,91393,TX20240816344505,WIT_FEE,210,MRU,7422,PLATFORM,COLLECTED,2024-08-16T09:04:06.166Z
38610,91396,TX20241209222091,TRF_FEE,50,MRU,122,PLATFORM,COLLECTED,2024-12-09T16:58:35.158Z
38611,91399,TX20241205652807,TRF_FEE,10,MRU,6071,PLATFORM,COLLECTED,2024-12-05T17:57:08.067Z
38612,91400,TX20240507972097,TRF_FEE,25,MRU,7768,PLATFORM,COLLECTED,2024-05-07T20:37:09.078Z
38613,91404,TX20240503161545,WIT_FEE,200,MRU,8877,PLATFORM,COLLECTED,2024-05-03T08:48:33.722Z
38614,91406,TX20240314019214,PAY_FEE,27,MRU,3231,MERCHANT,COLLECTED,2024-03-14T12:23:01.315Z
38615,91407,TX20240114762114,WIT_FEE,50,MRU,3534,PLATFORM,COLLECTED,2024-01-14T08:59:04.733Z
38616,91414,TX20240611376892,WIT_FEE,50,MRU,7181,PLATFORM,COLLECTED,2024-06-11T08:18:37.060Z
38617,91416,TX20240317536940,SAL_FEE,1445,MRU,2744,PLATFORM,COLLECTED,2024-03-17T07:15:23.223Z
38618,91417,TX20240605363900,SAL_FEE,1045,MRU,7930,PLATFORM,COLLECTED,2024-06-05T08:43:31.071Z
38619,91418,TX20240825297167,PAY_FEE,68,MRU,9508,MERCHANT,COLLECTED,2024-08-25T08:00:29.004Z
38620,91420,TX20240728439073,TRF_FEE,50,MRU,6842,PLATFORM,COLLECTED,2024-07-28T14:13:26.124Z
38621,91424,TX20240716715902,TRF_FEE,25,MRU,5839,PLATFORM,COLLECTED,2024-07-16T20:00:49.738Z
38622,91428,TX20240827719742,TRF_FEE,25,MRU,5215,PLATFORM,COLLECTED,2024-08-27T10:25:24.307Z
38623,91429,TX20240524924922,TRF_FEE,25,MRU,8404,PLATFORM,COLLECTED,2024-05-24T07:29:19.072Z
38624,91430,TX20240821617248,TRF_FEE,50,MRU,9950,PLATFORM,COLLECTED,2024-08-21T03:32:24.498Z
38625,91432,TX20240827498552,TRF_FEE,25,MRU,6144,PLATFORM,COLLECTED,2024-08-27T10:18:05.837Z
38626,91435,TX20240717763477,SAL_FEE,1840,MRU,7499,PLATFORM,COLLECTED,2024-07-17T05:10:38.875Z
38627,91436,TX20240517909984,WIT_FEE,110,MRU,10726,PLATFORM,COLLECTED,2024-05-17T07:41:57.723Z
38628,91437,TX20241019383678,PAY_FEE,18,MRU,3434,MERCHANT,COLLECTED,2024-10-19T15:02:57.250Z
38629,91440,TX20240223748528,WIT_FEE,50,MRU,1369,PLATFORM,COLLECTED,2024-02-23T18:47:25.043Z
38630,91454,TX20241016778852,PAY_FEE,4,MRU,7601,MERCHANT,COLLECTED,2024-10-16T18:02:12.796Z
38631,91456,TX20240601607162,TRF_FEE,25,MRU,4395,PLATFORM,COLLECTED,2024-06-01T06:55:23.919Z
38632,91458,TX20240524895874,WIT_FEE,50,MRU,34,PLATFORM,COLLECTED,2024-05-24T05:02:20.956Z
38633,91460,TX20241211855642,WIT_FEE,300,MRU,270,PLATFORM,COLLECTED,2024-12-11T11:58:35.087Z
38634,91463,TX20240226042582,TRF_FEE,25,MRU,3207,PLATFORM,COLLECTED,2024-02-26T14:29:47.730Z
38635,91466,TX20241103922656,TRF_FEE,25,MRU,6203,PLATFORM,COLLECTED,2024-11-03T10:27:42.332Z
38636,91467,TX20240617000717,TRF_FEE,50,MRU,9141,PLATFORM,COLLECTED,2024-06-17T21:49:04.396Z
38637,91472,TX20240524388900,WIT_FEE,180,MRU,6548,PLATFORM,COLLECTED,2024-05-23T22:21:00.767Z
38638,91475,TX20241001314778,TRF_FEE,50,MRU,5788,PLATFORM,COLLECTED,2024-10-01T16:22:45.118Z
38639,91480,TX20240403394071,TRF_FEE,50,MRU,398,PLATFORM,COLLECTED,2024-04-03T09:08:29.980Z
38640,91483,TX20240408418805,WIT_FEE,50,MRU,7752,PLATFORM,COLLECTED,2024-04-08T14:31:13.570Z
38641,91485,TX20241210136888,PAY_FEE,27,MRU,9379,MERCHANT,COLLECTED,2024-12-10T07:49:08.697Z
38642,91488,TX20240509622596,TRF_FEE,50,MRU,1360,PLATFORM,COLLECTED,2024-05-09T07:25:29.522Z
38643,91489,TX20241018796948,PAY_FEE,24,MRU,9370,MERCHANT,COLLECTED,2024-10-18T15:02:44.586Z
38644,91491,TX20240528875756,WIT_FEE,50,MRU,7847,PLATFORM,COLLECTED,2024-05-28T08:00:55.933Z
38645,91498,TX20240327959603,WIT_FEE,50,MRU,5881,PLATFORM,COLLECTED,2024-03-27T10:50:08.566Z
38646,91499,TX20241009118216,TRF_FEE,10,MRU,3765,PLATFORM,COLLECTED,2024-10-09T18:51:19.280Z
38647,91500,TX20240608661959,SAL_FEE,1300,MRU,10674,PLATFORM,COLLECTED,2024-06-08T07:47:29.510Z
38648,91502,TX20240906953111,TRF_FEE,50,MRU,7732,PLATFORM,COLLECTED,2024-09-06T07:18:16.413Z
38649,91506,TX20240516223103,TRF_FEE,25,MRU,4396,PLATFORM,COLLECTED,2024-05-16T21:25:10.382Z
38650,91510,TX20240221399847,TRF_FEE,25,MRU,2987,PLATFORM,COLLECTED,2024-02-21T13:54:19.458Z
38651,91516,TX20240915906209,WIT_FEE,50,MRU,10729,PLATFORM,COLLECTED,2024-09-14T23:51:23.200Z
38652,91520,TX20240521313116,TRF_FEE,50,MRU,7884,PLATFORM,COLLECTED,2024-05-21T14:53:27.926Z
38653,91522,TX20241128528803,BIL_FEE,100,MRU,8649,PLATFORM,COLLECTED,2024-11-28T12:56:26.597Z
38654,91524,TX20240505599471,TRF_FEE,25,MRU,9337,PLATFORM,COLLECTED,2024-05-05T18:04:33.782Z
38655,91525,TX20240802933990,WIT_FEE,50,MRU,3752,PLATFORM,COLLECTED,2024-08-02T21:23:38.528Z
38656,91526,TX20241030101225,PAY_FEE,7,MRU,199,MERCHANT,COLLECTED,2024-10-30T17:51:09.576Z
38657,91527,TX20240208731984,WIT_FEE,500,MRU,5937,PLATFORM,COLLECTED,2024-02-08T11:51:41.191Z
38658,91528,TX20240208040336,WIT_FEE,50,MRU,4480,PLATFORM,COLLECTED,2024-02-08T15:16:21.743Z
38659,91529,TX20240719243739,WIT_FEE,50,MRU,1111,PLATFORM,COLLECTED,2024-07-19T16:35:08.645Z
38660,91530,TX20240303412925,TRF_FEE,50,MRU,4332,PLATFORM,COLLECTED,2024-03-03T15:12:53.787Z
38661,91531,TX20240817487536,WIT_FEE,50,MRU,2038,PLATFORM,COLLECTED,2024-08-17T15:06:03.587Z
38662,91533,TX20240224876170,WIT_FEE,200,MRU,3617,PLATFORM,COLLECTED,2024-02-24T12:29:13.700Z
38663,91535,TX20241210023812,WIT_FEE,50,MRU,8706,PLATFORM,COLLECTED,2024-12-10T09:11:48.900Z
38664,91545,TX20241127421121,TRF_FEE,10,MRU,6512,PLATFORM,COLLECTED,2024-11-27T09:37:17.680Z
38665,91547,TX20240410833140,WIT_FEE,50,MRU,6195,PLATFORM,COLLECTED,2024-04-10T10:54:26.791Z
38666,91548,TX20241205298771,TRF_FEE,25,MRU,10180,PLATFORM,COLLECTED,2024-12-05T11:56:22.467Z
38667,91554,TX20240624545670,TRF_FEE,25,MRU,10081,PLATFORM,COLLECTED,2024-06-24T21:48:40.536Z
38668,91556,TX20241123698777,TRF_FEE,50,MRU,10879,PLATFORM,COLLECTED,2024-11-23T16:37:04.224Z
38669,91560,TX20240822635748,TRF_FEE,50,MRU,2949,PLATFORM,COLLECTED,2024-08-22T08:22:32.355Z
38670,91561,TX20240619362815,TRF_FEE,25,MRU,1889,PLATFORM,COLLECTED,2024-06-19T14:23:36.813Z
38671,91562,TX20240512038161,TRF_FEE,25,MRU,5787,PLATFORM,COLLECTED,2024-05-12T05:03:11.460Z
38672,91564,TX20241027759244,WIT_FEE,50,MRU,5012,PLATFORM,COLLECTED,2024-10-27T14:19:42.957Z
38673,91565,TX20240221239259,WIT_FEE,50,MRU,1424,PLATFORM,COLLECTED,2024-02-21T06:33:11.557Z
38674,91569,TX20240915123110,TRF_FEE,25,MRU,704,PLATFORM,COLLECTED,2024-09-15T09:56:46.879Z
38675,91570,TX20240813233732,WIT_FEE,100,MRU,5000,PLATFORM,COLLECTED,2024-08-13T06:36:37.543Z
38676,91575,TX20240202327483,BIL_FEE,100,MRU,4489,PLATFORM,COLLECTED,2024-02-02T21:08:34.381Z
38677,91580,TX20241019930030,TRF_FEE,50,MRU,3050,PLATFORM,COLLECTED,2024-10-19T17:20:05.937Z
38678,91583,TX20240523140208,PAY_FEE,20,MRU,10396,MERCHANT,COLLECTED,2024-05-23T06:40:18.868Z
38679,91585,TX20241025983683,WIT_FEE,50,MRU,8785,PLATFORM,COLLECTED,2024-10-25T13:55:28.972Z
38680,91591,TX20240811902931,WIT_FEE,50,MRU,4499,PLATFORM,COLLECTED,2024-08-11T04:04:05.052Z
38681,91597,TX20240315368013,WIT_FEE,50,MRU,2322,PLATFORM,COLLECTED,2024-03-15T08:23:50.231Z
38682,91598,TX20240226614984,SAL_FEE,1400,MRU,5837,PLATFORM,COLLECTED,2024-02-26T15:47:26.137Z
38683,91600,TX20241218915717,WIT_FEE,500,MRU,3836,PLATFORM,COLLECTED,2024-12-18T20:01:58.466Z
38684,91602,TX20240304897731,TRF_FEE,50,MRU,2300,PLATFORM,COLLECTED,2024-03-04T15:10:09.456Z
38685,91604,TX20240305760482,WIT_FEE,320,MRU,1278,PLATFORM,COLLECTED,2024-03-05T18:54:11.850Z
38686,91605,TX20240520455227,PAY_FEE,30,MRU,1559,MERCHANT,COLLECTED,2024-05-20T14:22:08.597Z
38687,91607,TX20240229716857,TRF_FEE,25,MRU,1616,PLATFORM,COLLECTED,2024-02-29T09:43:42.990Z
38688,91608,TX20240316665277,PAY_FEE,315,MRU,1031,MERCHANT,COLLECTED,2024-03-16T13:54:35.239Z
38689,91613,TX20240305072341,TRF_FEE,25,MRU,5332,PLATFORM,COLLECTED,2024-03-05T12:12:30.969Z
38690,91616,TX20241005554963,TRF_FEE,25,MRU,10673,PLATFORM,COLLECTED,2024-10-05T16:12:56.727Z
38691,91618,TX20240704483187,WIT_FEE,50,MRU,10796,PLATFORM,COLLECTED,2024-07-04T16:19:21.173Z
38692,91620,TX20241021973680,PAY_FEE,14,MRU,816,MERCHANT,COLLECTED,2024-10-21T12:07:33.846Z
38693,91625,TX20240611690879,WIT_FEE,50,MRU,715,PLATFORM,COLLECTED,2024-06-11T04:44:50.504Z
38694,91627,TX20241227976554,WIT_FEE,110,MRU,8484,PLATFORM,COLLECTED,2024-12-27T08:42:25.220Z
38695,91629,TX20240520868244,PAY_FEE,4,MRU,4297,MERCHANT,COLLECTED,2024-05-20T08:53:34.808Z
38696,91630,TX20240619127450,TRF_FEE,25,MRU,6027,PLATFORM,COLLECTED,2024-06-19T08:07:00.984Z
38697,91632,TX20240106747740,SAL_FEE,380,MRU,10227,PLATFORM,COLLECTED,2024-01-06T09:09:35.604Z
38698,91633,TX20241021361106,TRF_FEE,50,MRU,7534,PLATFORM,COLLECTED,2024-10-21T13:01:48.013Z
38699,91634,TX20240109661319,TRF_FEE,50,MRU,557,PLATFORM,COLLECTED,2024-01-09T10:13:28.348Z
38700,91636,TX20241028591104,PAY_FEE,66,MRU,8094,MERCHANT,COLLECTED,2024-10-28T17:00:43.701Z
38701,91637,TX20240121336562,TRF_FEE,25,MRU,5207,PLATFORM,COLLECTED,2024-01-21T13:45:11.877Z
38702,91639,TX20240318978022,PAY_FEE,27,MRU,6513,MERCHANT,COLLECTED,2024-03-18T14:02:30.378Z
38703,91643,TX20240408850335,PAY_FEE,690,MRU,10407,MERCHANT,COLLECTED,2024-04-08T14:46:24.047Z
38704,91644,TX20241211318887,WIT_FEE,300,MRU,270,PLATFORM,COLLECTED,2024-12-11T11:58:35.087Z
38705,91645,TX20241107733014,TRF_FEE,50,MRU,5222,PLATFORM,COLLECTED,2024-11-07T07:04:22.750Z
38706,91646,TX20240718456284,TRF_FEE,50,MRU,662,PLATFORM,COLLECTED,2024-07-18T07:50:08.804Z
38707,91648,TX20241004419470,TRF_FEE,25,MRU,5732,PLATFORM,COLLECTED,2024-10-04T13:19:28.475Z
38708,91650,TX20240509134339,PAY_FEE,27,MRU,1136,MERCHANT,COLLECTED,2024-05-09T11:42:19.560Z
38709,91652,TX20240202289033,PAY_FEE,33,MRU,9070,MERCHANT,COLLECTED,2024-02-02T09:34:28.884Z
38710,91656,TX20240102682229,WIT_FEE,50,MRU,9545,PLATFORM,COLLECTED,2024-01-02T10:00:46.592Z
38711,91659,TX20240523169483,TRF_FEE,50,MRU,4083,PLATFORM,COLLECTED,2024-05-23T10:25:45.827Z
38712,91662,TX20240331781947,BIL_FEE,100,MRU,1552,PLATFORM,COLLECTED,2024-03-31T10:21:09.324Z
38713,91666,TX20240203238611,PAY_FEE,9,MRU,7406,MERCHANT,COLLECTED,2024-02-03T08:58:14.010Z
38714,91669,TX20240207484011,WIT_FEE,50,MRU,820,PLATFORM,COLLECTED,2024-02-07T14:20:41.210Z
38715,91671,TX20240120018076,TRF_FEE,10,MRU,3902,PLATFORM,COLLECTED,2024-01-20T18:12:26.349Z
38716,91673,TX20240904523860,TRF_FEE,50,MRU,269,PLATFORM,COLLECTED,2024-09-04T17:56:44.070Z
38717,91674,TX20240210732976,PAY_FEE,18,MRU,5818,MERCHANT,COLLECTED,2024-02-10T05:36:17.254Z
38718,91680,TX20240113893498,BIL_FEE,100,MRU,547,PLATFORM,COLLECTED,2024-01-13T08:38:36.937Z
38719,91682,TX20240825683545,WIT_FEE,200,MRU,6465,PLATFORM,COLLECTED,2024-08-25T08:29:50.159Z
38720,91683,TX20241216351161,PAY_FEE,36,MRU,2190,MERCHANT,COLLECTED,2024-12-16T20:27:37.226Z
38721,91691,TX20241226013833,TRF_FEE,50,MRU,437,PLATFORM,COLLECTED,2024-12-26T09:07:56.516Z
38722,91693,TX20240401815866,PAY_FEE,128,MRU,10662,MERCHANT,COLLECTED,2024-04-01T06:56:30.532Z
38723,91694,TX20240821416734,PAY_FEE,17,MRU,862,MERCHANT,COLLECTED,2024-08-21T16:14:45.990Z
38724,91697,TX20240118916324,PAY_FEE,8,MRU,4966,MERCHANT,COLLECTED,2024-01-18T11:11:42.717Z
38725,91706,TX20240907341773,PAY_FEE,165,MRU,8933,MERCHANT,COLLECTED,2024-09-07T13:49:44.625Z
38726,91709,TX20241206192881,WIT_FEE,50,MRU,5237,PLATFORM,COLLECTED,2024-12-06T07:33:46.845Z
38727,91712,TX20241106731984,TRF_FEE,50,MRU,10155,PLATFORM,COLLECTED,2024-11-06T15:11:32.448Z
38728,91713,TX20240208838102,WIT_FEE,50,MRU,4480,PLATFORM,COLLECTED,2024-02-08T15:16:21.743Z
38729,91714,TX20241109280665,TRF_FEE,10,MRU,5536,PLATFORM,COLLECTED,2024-11-09T14:08:38.101Z
38730,91715,TX20240626412925,TRF_FEE,25,MRU,9836,PLATFORM,COLLECTED,2024-06-26T12:10:40.204Z
38731,91716,TX20240817041723,WIT_FEE,50,MRU,2038,PLATFORM,COLLECTED,2024-08-17T15:06:03.587Z
38732,91723,TX20240614435858,PAY_FEE,68,MRU,6422,MERCHANT,COLLECTED,2024-06-14T06:30:09.683Z
38733,91726,TX20240529221044,WIT_FEE,50,MRU,4811,PLATFORM,COLLECTED,2024-05-29T18:27:47.797Z
38734,91730,TX20241127483253,TRF_FEE,10,MRU,6512,PLATFORM,COLLECTED,2024-11-27T09:37:17.680Z
38735,91733,TX20240905219066,WIT_FEE,50,MRU,5176,PLATFORM,COLLECTED,2024-09-05T18:26:56.372Z
38736,91739,TX20241129545670,TRF_FEE,50,MRU,7334,PLATFORM,COLLECTED,2024-11-29T14:37:24.656Z
38737,91742,TX20240923792421,WIT_FEE,50,MRU,1395,PLATFORM,COLLECTED,2024-09-23T10:32:43.149Z
38738,91745,TX20240815134678,TRF_FEE,10,MRU,2471,PLATFORM,COLLECTED,2024-08-15T07:34:41.642Z
38739,91747,TX20240512887516,TRF_FEE,25,MRU,5787,PLATFORM,COLLECTED,2024-05-12T05:03:11.460Z
38740,91754,TX20240510256544,PAY_FEE,50,MRU,5752,MERCHANT,COLLECTED,2024-05-10T18:46:52.064Z
38741,91756,TX20241028879109,TRF_FEE,50,MRU,6163,PLATFORM,COLLECTED,2024-10-28T19:16:23.142Z
38742,91758,TX20240319415145,SAL_FEE,1415,MRU,1227,PLATFORM,COLLECTED,2024-03-19T22:41:38.674Z
38743,91759,TX20240105434161,BIL_FEE,100,MRU,109,PLATFORM,COLLECTED,2024-01-05T15:47:21.584Z
38744,91760,TX20240304544517,PAY_FEE,330,MRU,959,MERCHANT,COLLECTED,2024-03-04T07:30:15.908Z
38745,91765,TX20240203702448,PAY_FEE,71,MRU,3730,MERCHANT,COLLECTED,2024-02-03T16:26:48.891Z
38746,91766,TX20240125844443,WIT_FEE,200,MRU,699,PLATFORM,COLLECTED,2024-01-25T07:13:42.949Z
38747,91768,TX20240523423975,PAY_FEE,20,MRU,10396,MERCHANT,COLLECTED,2024-05-23T06:40:18.868Z
38748,91774,TX20240927727518,SAL_FEE,1820,MRU,1310,PLATFORM,COLLECTED,2024-09-27T09:45:09.729Z
38749,91775,TX20240204134540,PAY_FEE,6,MRU,9383,MERCHANT,COLLECTED,2024-02-04T16:18:19.153Z
38750,91776,TX20240811347050,WIT_FEE,50,MRU,4499,PLATFORM,COLLECTED,2024-08-11T04:04:05.052Z
38751,91777,TX20240330408597,PAY_FEE,7,MRU,3237,MERCHANT,COLLECTED,2024-03-30T15:27:05.430Z
38752,91780,TX20241011485277,TRF_FEE,50,MRU,435,PLATFORM,COLLECTED,2024-10-11T17:26:34.949Z
38753,91784,TX20240402899799,TRF_FEE,25,MRU,10050,PLATFORM,COLLECTED,2024-04-02T04:48:20.295Z
38754,91787,TX20240312575654,WIT_FEE,50,MRU,8355,PLATFORM,COLLECTED,2024-03-12T20:10:35.259Z
38755,91793,TX20240304585445,TRF_FEE,25,MRU,6163,PLATFORM,COLLECTED,2024-03-04T08:40:49.949Z
38756,91795,TX20241001781443,WIT_FEE,50,MRU,10894,PLATFORM,COLLECTED,2024-10-01T08:49:17.810Z
38757,91800,TX20240709722308,TRF_FEE,50,MRU,1267,PLATFORM,COLLECTED,2024-07-09T07:28:09.196Z
38758,91802,TX20241224602007,TRF_FEE,25,MRU,9302,PLATFORM,COLLECTED,2024-12-24T18:08:25.065Z
38759,91810,TX20240405159805,BIL_FEE,100,MRU,480,PLATFORM,COLLECTED,2024-04-05T07:54:47.431Z
38760,91811,TX20240104358045,TRF_FEE,25,MRU,6647,PLATFORM,COLLECTED,2024-01-04T09:25:16.121Z
38761,91815,TX20240808906173,SAL_FEE,1165,MRU,454,PLATFORM,COLLECTED,2024-08-08T08:56:59.897Z
38762,91818,TX20240509855659,TRF_FEE,50,MRU,10378,PLATFORM,COLLECTED,2024-05-09T12:43:48.601Z
38763,91828,TX20240731237576,PAY_FEE,32,MRU,4089,MERCHANT,COLLECTED,2024-07-31T05:54:53.462Z
38764,91831,TX20240404003086,TRF_FEE,25,MRU,6078,PLATFORM,COLLECTED,2024-04-04T16:46:51.467Z
38765,91835,TX20240301499186,WIT_FEE,50,MRU,2931,PLATFORM,COLLECTED,2024-03-01T06:39:23.682Z
38766,91839,TX20240418073832,WIT_FEE,100,MRU,6722,PLATFORM,COLLECTED,2024-04-18T15:23:13.971Z
38767,91841,TX20240430867285,TRF_FEE,25,MRU,1553,PLATFORM,COLLECTED,2024-04-30T06:28:17.120Z
38768,91842,TX20240526314723,WIT_FEE,340,MRU,2350,PLATFORM,COLLECTED,2024-05-26T12:58:45.352Z
38769,91844,TX20240102565761,WIT_FEE,50,MRU,439,PLATFORM,COLLECTED,2024-01-02T17:06:52.753Z
38770,91847,TX20240129124480,TRF_FEE,25,MRU,8304,PLATFORM,COLLECTED,2024-01-29T15:06:43.467Z
38771,91849,TX20240703943444,TRF_FEE,50,MRU,5671,PLATFORM,COLLECTED,2024-07-03T04:34:21.919Z
38772,91851,TX20240609150986,SAL_FEE,1195,MRU,3775,PLATFORM,COLLECTED,2024-06-09T13:54:08.966Z
38773,91853,TX20240315946113,WIT_FEE,50,MRU,9932,PLATFORM,COLLECTED,2024-03-15T14:42:53.205Z
38774,91856,TX20240829442065,PAY_FEE,30,MRU,4807,MERCHANT,COLLECTED,2024-08-29T10:03:53.213Z
38775,91863,TX20240629197681,TRF_FEE,25,MRU,3289,PLATFORM,COLLECTED,2024-06-29T07:18:23.733Z
38776,91867,TX20240704490550,TRF_FEE,25,MRU,3278,PLATFORM,COLLECTED,2024-07-04T15:08:01.151Z
38777,91868,TX20240313599271,WIT_FEE,500,MRU,10873,PLATFORM,COLLECTED,2024-03-13T12:00:06.160Z
38778,91870,TX20240523953362,WIT_FEE,50,MRU,9615,PLATFORM,COLLECTED,2024-05-23T19:04:00.651Z
38779,91871,TX20240109405452,WIT_FEE,50,MRU,9429,PLATFORM,COLLECTED,2024-01-09T12:31:29.174Z
38780,91872,TX20241118502058,WIT_FEE,200,MRU,6432,PLATFORM,COLLECTED,2024-11-18T18:19:17.758Z
38781,91877,TX20240914382931,TRF_FEE,50,MRU,1483,PLATFORM,COLLECTED,2024-09-14T08:51:36.503Z
38782,91885,TX20240120840740,TRF_FEE,25,MRU,5074,PLATFORM,COLLECTED,2024-01-20T15:54:11.152Z
38783,91894,TX20240505093441,TRF_FEE,25,MRU,9337,PLATFORM,COLLECTED,2024-05-05T18:04:33.782Z
38784,91895,TX20241228933990,TRF_FEE,25,MRU,10904,PLATFORM,COLLECTED,2024-12-28T10:38:31.338Z
38785,91896,TX20241030936455,PAY_FEE,7,MRU,199,MERCHANT,COLLECTED,2024-10-30T17:51:09.576Z
38786,91899,TX20240322809291,BIL_FEE,100,MRU,7117,PLATFORM,COLLECTED,2024-03-22T13:51:35.135Z
38787,91905,TX20241210355895,WIT_FEE,50,MRU,8706,PLATFORM,COLLECTED,2024-12-10T09:11:48.900Z
38788,91907,TX20241020444759,SAL_FEE,885,MRU,8125,PLATFORM,COLLECTED,2024-10-20T18:11:59.824Z
38789,91913,TX20240227158412,WIT_FEE,50,MRU,6327,PLATFORM,COLLECTED,2024-02-27T14:16:29.989Z
38790,91914,TX20240816544237,WIT_FEE,50,MRU,1215,PLATFORM,COLLECTED,2024-08-16T16:34:36.936Z
38791,91916,TX20240620233267,BIL_FEE,100,MRU,2188,PLATFORM,COLLECTED,2024-06-20T08:49:51.610Z
38792,91917,TX20240806063668,WIT_FEE,50,MRU,2404,PLATFORM,COLLECTED,2024-08-06T14:08:20.636Z
38793,91924,TX20240714261507,TRF_FEE,25,MRU,7242,PLATFORM,COLLECTED,2024-07-14T17:37:37.410Z
38794,91927,TX20240227206302,TRF_FEE,25,MRU,673,PLATFORM,COLLECTED,2024-02-27T07:41:17.293Z
38795,91930,TX20241220120670,PAY_FEE,98,MRU,7530,MERCHANT,COLLECTED,2024-12-20T18:32:22.970Z
38796,91935,TX20240111824262,TRF_FEE,50,MRU,9127,PLATFORM,COLLECTED,2024-01-11T12:08:50.466Z
38797,91938,TX20240821707358,WIT_FEE,50,MRU,10835,PLATFORM,COLLECTED,2024-08-21T08:11:51.038Z
38798,91939,TX20240211451398,TRF_FEE,25,MRU,2351,PLATFORM,COLLECTED,2024-02-11T15:25:16.414Z
38799,91951,TX20241015311880,WIT_FEE,50,MRU,3831,PLATFORM,COLLECTED,2024-10-15T07:36:13.344Z
38800,91958,TX20241001130531,WIT_FEE,50,MRU,6680,PLATFORM,COLLECTED,2024-10-01T07:43:07.697Z
38801,91968,TX20240402672957,TRF_FEE,25,MRU,10050,PLATFORM,COLLECTED,2024-04-02T04:48:20.295Z
38802,91969,TX20240619206289,SAL_FEE,465,MRU,2973,PLATFORM,COLLECTED,2024-06-19T09:07:55.620Z
38803,91970,TX20240712410593,WIT_FEE,50,MRU,10361,PLATFORM,COLLECTED,2024-07-12T06:25:04.954Z
38804,91971,TX20240312175109,WIT_FEE,50,MRU,8355,PLATFORM,COLLECTED,2024-03-12T20:10:35.259Z
38805,91972,TX20240704818534,TRF_FEE,50,MRU,3526,PLATFORM,COLLECTED,2024-07-04T07:40:55.811Z
38806,91973,TX20240203204262,PAY_FEE,45,MRU,4687,MERCHANT,COLLECTED,2024-02-03T18:28:25.329Z
38807,91975,TX20240225662432,TRF_FEE,25,MRU,2903,PLATFORM,COLLECTED,2024-02-25T08:29:45.200Z
38808,91979,TX20240507073197,TRF_FEE,25,MRU,8951,PLATFORM,COLLECTED,2024-05-07T15:16:49.288Z
38809,91987,TX20240621330281,PAY_FEE,17,MRU,10297,MERCHANT,COLLECTED,2024-06-21T10:29:24.536Z
38810,91994,TX20240405396824,BIL_FEE,100,MRU,480,PLATFORM,COLLECTED,2024-04-05T07:54:47.431Z
38811,91998,TX20240619782288,WIT_FEE,50,MRU,1963,PLATFORM,COLLECTED,2024-06-19T06:23:00.643Z
38812,91999,TX20240109235355,TRF_FEE,50,MRU,10437,PLATFORM,COLLECTED,2024-01-09T16:58:36.310Z
38813,92003,TX20241216835468,WIT_FEE,50,MRU,5849,PLATFORM,COLLECTED,2024-12-16T18:02:11.793Z
38814,92005,TX20240128130042,PAY_FEE,17,MRU,2039,MERCHANT,COLLECTED,2024-01-28T07:06:51.009Z
38815,92008,TX20240813914333,PAY_FEE,50,MRU,8578,MERCHANT,COLLECTED,2024-08-13T07:15:29.860Z
38816,92011,TX20240711485829,TRF_FEE,50,MRU,9836,PLATFORM,COLLECTED,2024-07-11T12:35:40.017Z
38817,92012,TX20241111490137,PAY_FEE,47,MRU,5387,MERCHANT,COLLECTED,2024-11-11T11:46:56.585Z
38818,92014,TX20240824038503,WIT_FEE,50,MRU,2417,PLATFORM,COLLECTED,2024-08-24T08:13:01.855Z
38819,92019,TX20240315502357,WIT_FEE,50,MRU,10065,PLATFORM,COLLECTED,2024-03-15T05:56:13.273Z
38820,92021,TX20241120739444,WIT_FEE,100,MRU,4304,PLATFORM,COLLECTED,2024-11-20T01:29:13.516Z
38821,92024,TX20241214536423,TRF_FEE,50,MRU,14,PLATFORM,COLLECTED,2024-12-14T09:37:53.349Z
38822,92026,TX20240522403632,TRF_FEE,10,MRU,3884,PLATFORM,COLLECTED,2024-05-22T16:40:46.943Z
38823,92027,TX20240928383537,WIT_FEE,50,MRU,7723,PLATFORM,COLLECTED,2024-09-28T03:10:36.948Z
38824,92028,TX20240120413379,WIT_FEE,50,MRU,9199,PLATFORM,COLLECTED,2024-01-20T14:00:20.002Z
38825,92030,TX20240818967530,PAY_FEE,35,MRU,4180,MERCHANT,COLLECTED,2024-08-18T13:34:03.184Z
38826,92035,TX20240306959978,WIT_FEE,50,MRU,6815,PLATFORM,COLLECTED,2024-03-06T17:33:28.809Z
38827,92036,TX20240105849487,WIT_FEE,50,MRU,513,PLATFORM,COLLECTED,2024-01-05T10:08:25.945Z
38828,92037,TX20240219825465,TRF_FEE,50,MRU,8197,PLATFORM,COLLECTED,2024-02-19T15:57:17.532Z
38829,92039,TX20241106559862,TRF_FEE,25,MRU,9268,PLATFORM,COLLECTED,2024-11-06T10:19:33.530Z
38830,92040,TX20241213837795,WIT_FEE,50,MRU,1893,PLATFORM,COLLECTED,2024-12-13T16:52:40.042Z
38831,92045,TX20240415718561,TRF_FEE,25,MRU,5324,PLATFORM,COLLECTED,2024-04-15T01:55:56.712Z
38832,92046,TX20240509871813,TRF_FEE,50,MRU,5318,PLATFORM,COLLECTED,2024-05-09T15:44:10.839Z
38833,92048,TX20240218141363,SAL_FEE,2430,MRU,340,PLATFORM,COLLECTED,2024-02-17T23:42:14.712Z
38834,92052,TX20241112959603,TRF_FEE,25,MRU,1505,PLATFORM,COLLECTED,2024-11-12T09:14:20.843Z
38835,92053,TX20241009945286,TRF_FEE,10,MRU,3765,PLATFORM,COLLECTED,2024-10-09T18:51:19.280Z
38836,92057,TX20241116646449,WIT_FEE,100,MRU,10910,PLATFORM,COLLECTED,2024-11-16T08:33:41.767Z
38837,92060,TX20241229124442,WIT_FEE,50,MRU,5158,PLATFORM,COLLECTED,2024-12-29T11:10:22.397Z
38838,92064,TX20240409274450,TRF_FEE,10,MRU,9991,PLATFORM,COLLECTED,2024-04-09T13:28:08.552Z
38839,92066,TX20240921058734,PAY_FEE,42,MRU,10166,MERCHANT,COLLECTED,2024-09-21T09:06:49.567Z
38840,92073,TX20240910830115,WIT_FEE,50,MRU,8913,PLATFORM,COLLECTED,2024-09-10T20:12:43.441Z
38841,92075,TX20240805468952,TRF_FEE,25,MRU,6069,PLATFORM,COLLECTED,2024-08-05T16:44:37.809Z
38842,92076,TX20240225270940,BIL_FEE,100,MRU,5472,PLATFORM,COLLECTED,2024-02-25T07:22:55.909Z
38843,92077,TX20240108276998,TRF_FEE,50,MRU,10564,PLATFORM,COLLECTED,2024-01-08T21:11:07.598Z
38844,92080,TX20240501935626,TRF_FEE,10,MRU,9410,PLATFORM,COLLECTED,2024-05-01T16:44:49.862Z
38845,92081,TX20240914580068,PAY_FEE,42,MRU,7699,MERCHANT,COLLECTED,2024-09-14T08:06:27.850Z
38846,92083,TX20240322455195,BIL_FEE,100,MRU,7117,PLATFORM,COLLECTED,2024-03-22T13:51:35.135Z
38847,92085,TX20240325106270,TRF_FEE,25,MRU,7518,PLATFORM,COLLECTED,2024-03-25T08:33:31.270Z
38848,92086,TX20240905823065,PAY_FEE,68,MRU,1812,MERCHANT,COLLECTED,2024-09-05T03:14:59.944Z
38849,92088,TX20240412821470,TRF_FEE,25,MRU,7821,PLATFORM,COLLECTED,2024-04-12T09:12:23.950Z
38850,92089,TX20241124023812,PAY_FEE,11,MRU,1813,MERCHANT,COLLECTED,2024-11-24T16:17:31.141Z
38851,92093,TX20241014004295,TRF_FEE,10,MRU,5613,PLATFORM,COLLECTED,2024-10-14T08:19:08.673Z
38852,92094,TX20241230510776,WIT_FEE,50,MRU,9555,PLATFORM,COLLECTED,2024-12-30T15:16:26.501Z
38853,92097,TX20240227660858,WIT_FEE,50,MRU,6327,PLATFORM,COLLECTED,2024-02-27T14:16:29.989Z
38854,92101,TX20240912063668,TRF_FEE,50,MRU,5502,PLATFORM,COLLECTED,2024-09-12T07:20:38.216Z
38855,92107,TX20240215653241,WIT_FEE,100,MRU,6415,PLATFORM,COLLECTED,2024-02-15T15:23:25.327Z
38856,92108,TX20240830925996,TRF_FEE,25,MRU,1397,PLATFORM,COLLECTED,2024-08-30T14:11:58.135Z
38857,92114,TX20240221999565,SAL_FEE,1145,MRU,8337,PLATFORM,COLLECTED,2024-02-21T11:40:10.423Z
38858,92115,TX20240310554670,WIT_FEE,50,MRU,10455,PLATFORM,COLLECTED,2024-03-10T07:55:41.231Z
38859,92118,TX20240106031341,WIT_FEE,300,MRU,4390,PLATFORM,COLLECTED,2024-01-06T07:17:08.441Z
38860,92122,TX20240326289956,PAY_FEE,8,MRU,2149,MERCHANT,COLLECTED,2024-03-26T13:15:38.292Z
38861,92128,TX20240304728927,PAY_FEE,330,MRU,959,MERCHANT,COLLECTED,2024-03-04T07:30:15.908Z
38862,92129,TX20240531573813,TRF_FEE,25,MRU,5540,PLATFORM,COLLECTED,2024-05-31T08:52:29.852Z
38863,92130,TX20240901083712,PAY_FEE,33,MRU,3203,MERCHANT,COLLECTED,2024-09-01T10:57:12.194Z
38864,92133,TX20241216380038,TRF_FEE,25,MRU,8860,PLATFORM,COLLECTED,2024-12-16T15:05:44.433Z
38865,92138,TX20241025526218,WIT_FEE,50,MRU,8785,PLATFORM,COLLECTED,2024-10-25T13:55:28.972Z
38866,92142,TX20241001677137,WIT_FEE,50,MRU,6680,PLATFORM,COLLECTED,2024-10-01T07:43:07.697Z
38867,92143,TX20240423313539,PAY_FEE,42,MRU,796,MERCHANT,COLLECTED,2024-04-23T09:09:51.727Z
38868,92151,TX20240627216151,WIT_FEE,50,MRU,1425,PLATFORM,COLLECTED,2024-06-27T16:06:54.936Z
38869,92152,TX20240608277880,TRF_FEE,50,MRU,5147,PLATFORM,COLLECTED,2024-06-08T05:45:56.024Z
38870,92153,TX20240710800552,TRF_FEE,50,MRU,3051,PLATFORM,COLLECTED,2024-07-10T16:12:55.411Z
38871,92154,TX20240707017366,WIT_FEE,50,MRU,8496,PLATFORM,COLLECTED,2024-07-07T12:24:19.487Z
38872,92157,TX20241218785156,PAY_FEE,108,MRU,2298,MERCHANT,COLLECTED,2024-12-18T08:48:24.829Z
38873,92158,TX20240513100217,PAY_FEE,41,MRU,10539,MERCHANT,COLLECTED,2024-05-13T09:56:12.028Z
38874,92160,TX20240810024195,PAY_FEE,110,MRU,1792,MERCHANT,COLLECTED,2024-08-10T15:33:59.561Z
38875,92162,TX20240627440437,TRF_FEE,25,MRU,3682,PLATFORM,COLLECTED,2024-06-27T07:58:50.984Z
38876,92165,TX20240424802990,PAY_FEE,21,MRU,2321,MERCHANT,COLLECTED,2024-04-24T14:45:46.709Z
38877,92169,TX20240628454173,WIT_FEE,50,MRU,9806,PLATFORM,COLLECTED,2024-06-28T14:38:56.338Z
38878,92177,TX20240603262155,SAL_FEE,640,MRU,8479,PLATFORM,COLLECTED,2024-06-03T07:44:40.791Z
38879,92181,TX20241118312092,WIT_FEE,440,MRU,2529,PLATFORM,COLLECTED,2024-11-18T13:09:21.644Z
38880,92182,TX20240520435303,PAY_FEE,4,MRU,4297,MERCHANT,COLLECTED,2024-05-20T08:53:34.808Z
38881,92184,TX20241123569882,TRF_FEE,10,MRU,10684,PLATFORM,COLLECTED,2024-11-23T09:20:47.899Z
38882,92185,TX20240229874113,WIT_FEE,50,MRU,9313,PLATFORM,COLLECTED,2024-02-29T14:36:55.057Z
38883,92192,TX20240908546418,WIT_FEE,500,MRU,1897,PLATFORM,COLLECTED,2024-09-08T09:19:22.385Z
38884,92193,TX20240503014901,WIT_FEE,50,MRU,6709,PLATFORM,COLLECTED,2024-05-03T08:31:13.503Z
38885,92196,TX20240825625073,PAY_FEE,62,MRU,11015,MERCHANT,COLLECTED,2024-08-25T18:27:31.258Z
38886,92199,TX20240908075622,PAY_FEE,13,MRU,11010,MERCHANT,COLLECTED,2024-09-08T16:23:24.117Z
38887,92200,TX20241212494841,WIT_FEE,50,MRU,6731,PLATFORM,COLLECTED,2024-12-12T16:16:32.041Z
38888,92204,TX20241120782635,WIT_FEE,100,MRU,4304,PLATFORM,COLLECTED,2024-11-20T01:29:13.516Z
38889,92205,TX20240107558280,WIT_FEE,50,MRU,10922,PLATFORM,COLLECTED,2024-01-07T17:02:33.587Z
38890,92206,TX20241013657420,WIT_FEE,50,MRU,3862,PLATFORM,COLLECTED,2024-10-13T10:13:58.608Z
38891,92211,TX20240120177282,WIT_FEE,50,MRU,9199,PLATFORM,COLLECTED,2024-01-20T14:00:20.002Z
38892,92212,TX20241212220625,TRF_FEE,50,MRU,8740,PLATFORM,COLLECTED,2024-12-12T10:40:51.029Z
38893,92215,TX20240320346758,WIT_FEE,50,MRU,3180,PLATFORM,COLLECTED,2024-03-20T15:13:03.644Z
38894,92217,TX20240207774371,WIT_FEE,50,MRU,4365,PLATFORM,COLLECTED,2024-02-07T09:54:44.207Z
38895,92221,TX20240421796001,TRF_FEE,25,MRU,6816,PLATFORM,COLLECTED,2024-04-21T15:25:50.391Z
38896,92225,TX20240904957388,TRF_FEE,50,MRU,269,PLATFORM,COLLECTED,2024-09-04T17:56:44.070Z
38897,92228,TX20240520648496,TRF_FEE,10,MRU,2674,PLATFORM,COLLECTED,2024-05-20T17:50:43.598Z
38898,92230,TX20240529695629,WIT_FEE,50,MRU,5455,PLATFORM,COLLECTED,2024-05-29T13:16:42.630Z
38899,92232,TX20240113628652,BIL_FEE,100,MRU,547,PLATFORM,COLLECTED,2024-01-13T08:38:36.937Z
38900,92234,TX20240825846817,WIT_FEE,200,MRU,6465,PLATFORM,COLLECTED,2024-08-25T08:29:50.159Z
38901,92237,TX20240515036749,WIT_FEE,50,MRU,4351,PLATFORM,COLLECTED,2024-05-15T05:12:59.270Z
38902,92238,TX20240610966250,PAY_FEE,255,MRU,5380,MERCHANT,COLLECTED,2024-06-10T08:01:29.521Z
38903,92244,TX20240409382931,PAY_FEE,12,MRU,18,MERCHANT,COLLECTED,2024-04-09T16:36:30.134Z
38904,92248,TX20241018646139,SAL_FEE,1160,MRU,204,PLATFORM,COLLECTED,2024-10-18T13:51:49.739Z
38905,92253,TX20240915818791,WIT_FEE,50,MRU,10729,PLATFORM,COLLECTED,2024-09-14T23:51:23.200Z
38906,92257,TX20241122638832,TRF_FEE,25,MRU,10933,PLATFORM,COLLECTED,2024-11-22T12:55:42.487Z
38907,92258,TX20240805103634,TRF_FEE,25,MRU,6069,PLATFORM,COLLECTED,2024-08-05T16:44:37.809Z
38908,92263,TX20241107101225,PAY_FEE,50,MRU,359,MERCHANT,COLLECTED,2024-11-07T08:34:01.432Z
38909,92264,TX20240208469822,WIT_FEE,500,MRU,5937,PLATFORM,COLLECTED,2024-02-08T11:51:41.191Z
38910,92266,TX20240719759871,WIT_FEE,50,MRU,1111,PLATFORM,COLLECTED,2024-07-19T16:35:08.645Z
38911,92268,TX20240817378454,WIT_FEE,50,MRU,2038,PLATFORM,COLLECTED,2024-08-17T15:06:03.587Z
38912,92274,TX20241020835318,SAL_FEE,885,MRU,8125,PLATFORM,COLLECTED,2024-10-20T18:11:59.824Z
38913,92275,TX20240607435858,WIT_FEE,50,MRU,1115,PLATFORM,COLLECTED,2024-06-07T18:01:48.454Z
38914,92282,TX20240806549866,TRF_FEE,25,MRU,6554,PLATFORM,COLLECTED,2024-08-06T08:26:33.902Z
38915,92284,TX20240820437083,WIT_FEE,100,MRU,3346,PLATFORM,COLLECTED,2024-08-20T07:29:40.815Z
38916,92285,TX20240423405026,PAY_FEE,210,MRU,2433,MERCHANT,COLLECTED,2024-04-23T11:48:28.298Z
38917,92288,TX20240402622282,TRF_FEE,50,MRU,4547,PLATFORM,COLLECTED,2024-04-02T09:55:48.583Z
38918,92292,TX20240507883330,TRF_FEE,50,MRU,7581,PLATFORM,COLLECTED,2024-05-07T07:03:10.987Z
38919,92293,TX20241029622454,SAL_FEE,785,MRU,673,PLATFORM,COLLECTED,2024-10-29T00:40:52.212Z
38920,92295,TX20241128253970,TRF_FEE,25,MRU,7012,PLATFORM,COLLECTED,2024-11-28T14:56:54.188Z
38921,92299,TX20240622483107,TRF_FEE,25,MRU,5428,PLATFORM,COLLECTED,2024-06-22T16:05:38.526Z
38922,92301,TX20240416142093,TRF_FEE,50,MRU,86,PLATFORM,COLLECTED,2024-04-16T13:43:10.767Z
38923,92302,TX20240217758790,TRF_FEE,25,MRU,3252,PLATFORM,COLLECTED,2024-02-17T08:09:21.861Z
38924,92304,TX20240521226560,WIT_FEE,490,MRU,9223,PLATFORM,COLLECTED,2024-05-21T12:30:40.337Z
38925,92307,TX20240216867808,TRF_FEE,25,MRU,2593,PLATFORM,COLLECTED,2024-02-16T07:32:15.092Z
38926,92312,TX20241126726131,TRF_FEE,50,MRU,4989,PLATFORM,COLLECTED,2024-11-26T05:16:49.168Z
38927,92313,TX20240620454242,PAY_FEE,23,MRU,5887,MERCHANT,COLLECTED,2024-06-20T14:47:46.040Z
38928,92315,TX20240517091485,WIT_FEE,200,MRU,7312,PLATFORM,COLLECTED,2024-05-17T12:41:39.123Z
38929,92318,TX20240823475903,SAL_FEE,2330,MRU,8603,PLATFORM,COLLECTED,2024-08-23T08:43:56.952Z
38930,92323,TX20240201456560,WIT_FEE,50,MRU,7952,PLATFORM,COLLECTED,2024-02-01T11:21:15.250Z
38931,92328,TX20240114246126,WIT_FEE,50,MRU,3534,PLATFORM,COLLECTED,2024-01-14T08:59:04.733Z
38932,92332,TX20241026337428,WIT_FEE,50,MRU,2921,PLATFORM,COLLECTED,2024-10-26T13:53:43.201Z
38933,92338,TX20240127761503,TRF_FEE,25,MRU,1866,PLATFORM,COLLECTED,2024-01-27T16:21:11.978Z
38934,92340,TX20241025829910,WIT_FEE,50,MRU,5201,PLATFORM,COLLECTED,2024-10-25T14:46:05.892Z
38935,92346,TX20240407051565,PAY_FEE,11,MRU,3321,MERCHANT,COLLECTED,2024-04-07T16:17:48.988Z
38936,92347,TX20240813620064,WIT_FEE,50,MRU,1242,PLATFORM,COLLECTED,2024-08-13T16:12:48.209Z
38937,92351,TX20241222582507,PAY_FEE,41,MRU,1177,MERCHANT,COLLECTED,2024-12-22T18:59:36.103Z
38938,92353,TX20240827086445,TRF_FEE,25,MRU,6144,PLATFORM,COLLECTED,2024-08-27T10:18:05.837Z
38939,92354,TX20240714579620,TRF_FEE,50,MRU,10279,PLATFORM,COLLECTED,2024-07-14T18:41:10.376Z
38940,92371,TX20240109914815,TRF_FEE,50,MRU,557,PLATFORM,COLLECTED,2024-01-09T10:13:28.348Z
38941,92373,TX20240103114756,PAY_FEE,1530,MRU,9594,MERCHANT,COLLECTED,2024-01-03T16:42:44.686Z
38942,92382,TX20241202464829,WIT_FEE,50,MRU,7532,PLATFORM,COLLECTED,2024-12-02T08:00:22.494Z
38943,92384,TX20240226054097,TRF_FEE,25,MRU,3207,PLATFORM,COLLECTED,2024-02-26T14:29:47.730Z
38944,92385,TX20241004790728,TRF_FEE,25,MRU,5732,PLATFORM,COLLECTED,2024-10-04T13:19:28.475Z
38945,92387,TX20240509702859,PAY_FEE,27,MRU,1136,MERCHANT,COLLECTED,2024-05-09T11:42:19.560Z
38946,92388,TX20240524516716,SAL_FEE,410,MRU,9083,PLATFORM,COLLECTED,2024-05-24T17:39:27.992Z
38947,92390,TX20240116295760,WIT_FEE,50,MRU,669,PLATFORM,COLLECTED,2024-01-16T10:35:27.326Z
38948,92396,TX20241001679495,WIT_FEE,50,MRU,4686,PLATFORM,COLLECTED,2024-10-01T06:31:20.872Z
38949,92398,TX20240330255435,TRF_FEE,25,MRU,9404,PLATFORM,COLLECTED,2024-03-30T11:17:55.898Z
38950,92402,TX20240210439437,PAY_FEE,45,MRU,1329,MERCHANT,COLLECTED,2024-02-10T10:45:14.733Z
38951,92405,TX20240712617570,WIT_FEE,50,MRU,5895,PLATFORM,COLLECTED,2024-07-12T05:50:29.522Z
38952,92408,TX20240218632975,WIT_FEE,50,MRU,10262,PLATFORM,COLLECTED,2024-02-18T16:01:32.849Z
38953,92409,TX20240628937736,TRF_FEE,50,MRU,5154,PLATFORM,COLLECTED,2024-06-28T12:07:00.072Z
38954,92415,TX20240917815085,WIT_FEE,50,MRU,6068,PLATFORM,COLLECTED,2024-09-17T04:58:23.749Z
38955,92421,TX20240608274715,SAL_FEE,1300,MRU,10674,PLATFORM,COLLECTED,2024-06-08T07:47:29.510Z
38956,92424,TX20240224989021,PAY_FEE,17,MRU,107,MERCHANT,COLLECTED,2024-02-24T14:41:46.990Z
38957,92427,TX20241229936375,WIT_FEE,50,MRU,5158,PLATFORM,COLLECTED,2024-12-29T11:10:22.397Z
38958,92429,TX20240619251125,PAY_FEE,44,MRU,2353,MERCHANT,COLLECTED,2024-06-19T13:36:49.623Z
38959,92430,TX20241112237828,PAY_FEE,18,MRU,1210,MERCHANT,COLLECTED,2024-11-12T15:23:03.308Z
38960,92434,TX20240927472535,TRF_FEE,50,MRU,2528,PLATFORM,COLLECTED,2024-09-27T13:09:57.547Z
38961,92437,TX20240119906209,SAL_FEE,1505,MRU,6593,PLATFORM,COLLECTED,2024-01-19T08:35:28.522Z
38962,92440,TX20240910850251,WIT_FEE,50,MRU,8913,PLATFORM,COLLECTED,2024-09-10T20:12:43.441Z
38963,92446,TX20240802966354,WIT_FEE,50,MRU,3752,PLATFORM,COLLECTED,2024-08-02T21:23:38.528Z
38964,92450,TX20240322280665,BIL_FEE,100,MRU,7117,PLATFORM,COLLECTED,2024-03-22T13:51:35.135Z
38965,92451,TX20240626436519,TRF_FEE,25,MRU,9836,PLATFORM,COLLECTED,2024-06-26T12:10:40.204Z
38966,92459,TX20240614163584,PAY_FEE,68,MRU,6422,MERCHANT,COLLECTED,2024-06-14T06:30:09.683Z
38967,92460,TX20240429202482,WIT_FEE,50,MRU,4547,PLATFORM,COLLECTED,2024-04-29T07:40:30.100Z
38968,92461,TX20240411510776,TRF_FEE,50,MRU,690,PLATFORM,COLLECTED,2024-04-11T10:30:51.371Z
38969,92464,TX20241227158412,TRF_FEE,25,MRU,388,PLATFORM,COLLECTED,2024-12-27T14:01:21.311Z
38970,92465,TX20240816737050,WIT_FEE,50,MRU,1215,PLATFORM,COLLECTED,2024-08-16T16:34:36.936Z
38971,92466,TX20240803203920,TRF_FEE,50,MRU,4976,PLATFORM,COLLECTED,2024-08-03T08:29:35.253Z
38972,92469,TX20240423689295,PAY_FEE,210,MRU,2433,MERCHANT,COLLECTED,2024-04-23T11:48:28.298Z
38973,92470,TX20240429618221,PAY_FEE,36,MRU,3668,MERCHANT,COLLECTED,2024-04-29T19:02:45.406Z
38974,92473,TX20241116015912,WIT_FEE,50,MRU,909,PLATFORM,COLLECTED,2024-11-16T18:43:06.520Z
38975,92474,TX20240429242260,TRF_FEE,50,MRU,6464,PLATFORM,COLLECTED,2024-04-29T13:17:41.182Z
38976,92476,TX20240908184888,SAL_FEE,2145,MRU,7884,PLATFORM,COLLECTED,2024-09-08T08:54:20.281Z
38977,92478,TX20241022377674,WIT_FEE,50,MRU,3239,PLATFORM,COLLECTED,2024-10-22T10:09:04.686Z
38978,92479,TX20240309458284,BIL_FEE,100,MRU,8706,PLATFORM,COLLECTED,2024-03-09T15:27:36.127Z
38979,92481,TX20241220747260,PAY_FEE,98,MRU,7530,MERCHANT,COLLECTED,2024-12-20T18:32:22.970Z
38980,92483,TX20240519724384,TRF_FEE,50,MRU,11009,PLATFORM,COLLECTED,2024-05-19T08:15:28.975Z
38981,92485,TX20240524031341,TRF_FEE,50,MRU,7553,PLATFORM,COLLECTED,2024-05-24T15:35:01.024Z
38982,92487,TX20240614401706,WIT_FEE,100,MRU,607,PLATFORM,COLLECTED,2024-06-14T06:12:16.947Z
38983,92489,TX20240821357342,WIT_FEE,50,MRU,10835,PLATFORM,COLLECTED,2024-08-21T08:11:51.038Z
38984,92491,TX20240919406928,WIT_FEE,86,MRU,528,PLATFORM,COLLECTED,2024-09-19T21:49:09.346Z
38985,92493,TX20240107760093,WIT_FEE,340,MRU,7617,PLATFORM,COLLECTED,2024-01-07T08:58:12.998Z
38986,92494,TX20241201479370,TRF_FEE,50,MRU,6464,PLATFORM,COLLECTED,2024-12-01T04:41:47.352Z
38987,92498,TX20240515272153,TRF_FEE,50,MRU,10424,PLATFORM,COLLECTED,2024-05-15T09:16:07.495Z
38988,92503,TX20240213642960,WIT_FEE,500,MRU,4976,PLATFORM,COLLECTED,2024-02-13T15:18:52.942Z
38989,92504,TX20241012028249,TRF_FEE,50,MRU,7861,PLATFORM,COLLECTED,2024-10-12T04:54:01.804Z
38990,92506,TX20241118574743,PAY_FEE,165,MRU,940,MERCHANT,COLLECTED,2024-11-18T07:17:11.148Z
38991,92508,TX20240424180113,WIT_FEE,50,MRU,2762,PLATFORM,COLLECTED,2024-04-24T13:43:26.379Z
38992,92509,TX20241112432612,TRF_FEE,25,MRU,4224,PLATFORM,COLLECTED,2024-11-12T08:59:43.976Z
38993,92510,TX20240424450732,TRF_FEE,25,MRU,1799,PLATFORM,COLLECTED,2024-04-24T15:32:55.205Z
38994,92515,TX20240828589993,TRF_FEE,10,MRU,1941,PLATFORM,COLLECTED,2024-08-28T06:13:42.489Z
38995,92525,TX20240520935319,PAY_FEE,30,MRU,1559,MERCHANT,COLLECTED,2024-05-20T14:22:08.597Z
38996,92526,TX20240327453923,TRF_FEE,25,MRU,10305,PLATFORM,COLLECTED,2024-03-27T19:34:11.011Z
38997,92528,TX20240316328919,PAY_FEE,315,MRU,1031,MERCHANT,COLLECTED,2024-03-16T13:54:35.239Z
38998,92530,TX20241211346047,TRF_FEE,50,MRU,3297,PLATFORM,COLLECTED,2024-12-11T16:15:57.001Z
38999,92532,TX20240827802990,WIT_FEE,50,MRU,9771,PLATFORM,COLLECTED,2024-08-27T15:46:42.209Z
39000,92535,TX20241207999445,TRF_FEE,25,MRU,8023,PLATFORM,COLLECTED,2024-12-07T14:48:06.570Z
39001,92536,TX20240908586126,TRF_FEE,50,MRU,6620,PLATFORM,COLLECTED,2024-09-08T14:56:20.888Z
39002,92540,TX20240521981133,WIT_FEE,50,MRU,6163,PLATFORM,COLLECTED,2024-05-21T16:48:30.128Z
39003,92545,TX20240611794187,WIT_FEE,50,MRU,715,PLATFORM,COLLECTED,2024-06-11T04:44:50.504Z
39004,92546,TX20240219451500,BIL_FEE,100,MRU,3869,PLATFORM,COLLECTED,2024-02-19T08:54:58.303Z
39005,92547,TX20241227320435,WIT_FEE,110,MRU,8484,PLATFORM,COLLECTED,2024-12-27T08:42:25.220Z
39006,92548,TX20241122411916,TRF_FEE,25,MRU,9043,PLATFORM,COLLECTED,2024-11-22T18:12:00.551Z
39007,92550,TX20240214240192,WIT_FEE,50,MRU,5719,PLATFORM,COLLECTED,2024-02-13T23:59:32.431Z
39008,92551,TX20241018382611,WIT_FEE,50,MRU,9777,PLATFORM,COLLECTED,2024-10-18T17:58:09.373Z
39009,92559,TX20240520115144,WIT_FEE,100,MRU,7732,PLATFORM,COLLECTED,2024-05-20T07:30:55.123Z
39010,92562,TX20240113237576,TRF_FEE,50,MRU,1310,PLATFORM,COLLECTED,2024-01-13T18:53:27.369Z
39011,92564,TX20240824738455,WIT_FEE,50,MRU,2417,PLATFORM,COLLECTED,2024-08-24T08:13:01.855Z
39012,92566,TX20240908837529,PAY_FEE,13,MRU,11010,MERCHANT,COLLECTED,2024-09-08T16:23:24.117Z
39013,92571,TX20241120105387,WIT_FEE,100,MRU,4304,PLATFORM,COLLECTED,2024-11-20T01:29:13.516Z
39014,92573,TX20240326498668,TRF_FEE,25,MRU,10700,PLATFORM,COLLECTED,2024-03-26T09:47:23.227Z
39015,92575,TX20240430923502,TRF_FEE,25,MRU,1553,PLATFORM,COLLECTED,2024-04-30T06:28:17.120Z
39016,92582,TX20240320551554,WIT_FEE,50,MRU,3180,PLATFORM,COLLECTED,2024-03-20T15:13:03.644Z
39017,92585,TX20240221093003,TRF_FEE,50,MRU,6566,PLATFORM,COLLECTED,2024-02-21T08:15:58.439Z
39018,92588,TX20240928124364,WIT_FEE,50,MRU,1907,PLATFORM,COLLECTED,2024-09-28T10:50:23.617Z
39019,92592,TX20241128523860,TRF_FEE,10,MRU,8920,PLATFORM,COLLECTED,2024-11-28T19:44:04.024Z
39020,92593,TX20240210227497,PAY_FEE,18,MRU,5818,MERCHANT,COLLECTED,2024-02-10T05:36:17.254Z
39021,92596,TX20240409307744,WIT_FEE,100,MRU,1388,PLATFORM,COLLECTED,2024-04-09T15:25:52.431Z
39022,92599,TX20240809733558,TRF_FEE,25,MRU,6653,PLATFORM,COLLECTED,2024-08-09T18:03:08.847Z
39023,92600,TX20240521048239,WIT_FEE,360,MRU,8096,PLATFORM,COLLECTED,2024-05-21T14:13:09.608Z
39024,92604,TX20240523483945,WIT_FEE,50,MRU,9615,PLATFORM,COLLECTED,2024-05-23T19:04:00.651Z
39025,92606,TX20240423502058,TRF_FEE,25,MRU,8372,PLATFORM,COLLECTED,2024-04-23T17:55:19.293Z
39026,92608,TX20240714546252,PAY_FEE,138,MRU,300,MERCHANT,COLLECTED,2024-07-14T12:55:48.491Z
39027,92612,TX20240713097441,SAL_FEE,2385,MRU,977,PLATFORM,COLLECTED,2024-07-13T11:04:43.251Z
39028,92623,TX20241227864405,TRF_FEE,10,MRU,4387,PLATFORM,COLLECTED,2024-12-27T08:43:26.807Z
39029,92625,TX20240805805231,TRF_FEE,25,MRU,6069,PLATFORM,COLLECTED,2024-08-05T16:44:37.809Z
39030,92627,TX20241215048705,TRF_FEE,25,MRU,6345,PLATFORM,COLLECTED,2024-12-15T10:54:15.439Z
39031,92628,TX20240505162959,TRF_FEE,25,MRU,9337,PLATFORM,COLLECTED,2024-05-05T18:04:33.782Z
39032,92630,TX20241030483946,PAY_FEE,7,MRU,199,MERCHANT,COLLECTED,2024-10-30T17:51:09.576Z
39033,92631,TX20241106469822,TRF_FEE,50,MRU,10155,PLATFORM,COLLECTED,2024-11-06T15:11:32.448Z
39034,92633,TX20241109241267,TRF_FEE,10,MRU,5536,PLATFORM,COLLECTED,2024-11-09T14:08:38.101Z
39035,92635,TX20240817010269,WIT_FEE,50,MRU,2038,PLATFORM,COLLECTED,2024-08-17T15:06:03.587Z
39036,92639,TX20240420440568,TRF_FEE,50,MRU,8856,PLATFORM,COLLECTED,2024-04-20T07:56:14.194Z
39037,92647,TX20240627349278,WIT_FEE,100,MRU,3448,PLATFORM,COLLECTED,2024-06-27T20:34:01.351Z
39038,92649,TX20241127378640,TRF_FEE,10,MRU,6512,PLATFORM,COLLECTED,2024-11-27T09:37:17.680Z
39039,92652,TX20240905601996,WIT_FEE,50,MRU,5176,PLATFORM,COLLECTED,2024-09-05T18:26:56.372Z
39040,92658,TX20241129154016,TRF_FEE,50,MRU,7334,PLATFORM,COLLECTED,2024-11-29T14:37:24.656Z
39041,92660,TX20240131051601,TRF_FEE,50,MRU,7472,PLATFORM,COLLECTED,2024-01-31T09:59:49.005Z
39042,92664,TX20240509409718,TRF_FEE,50,MRU,8727,PLATFORM,COLLECTED,2024-05-09T08:52:50.637Z
39043,92667,TX20240618727575,WIT_FEE,50,MRU,5839,PLATFORM,COLLECTED,2024-06-18T09:08:57.402Z
39044,92673,TX20241219078093,TRF_FEE,25,MRU,7827,PLATFORM,COLLECTED,2024-12-19T16:17:37.114Z
39045,92675,TX20240825088268,TRF_FEE,50,MRU,4177,PLATFORM,COLLECTED,2024-08-25T09:34:50.041Z
39046,92678,TX20240202955485,BIL_FEE,100,MRU,4489,PLATFORM,COLLECTED,2024-02-02T21:08:34.381Z
39047,92679,TX20241112794931,WIT_FEE,450,MRU,5180,PLATFORM,COLLECTED,2024-11-12T12:51:30.916Z
39048,92682,TX20241211838590,WIT_FEE,50,MRU,1860,PLATFORM,COLLECTED,2024-12-11T15:33:37.672Z
39049,92685,TX20240506775508,WIT_FEE,50,MRU,4908,PLATFORM,COLLECTED,2024-05-06T07:16:51.960Z
39050,92686,TX20240523966141,PAY_FEE,20,MRU,10396,MERCHANT,COLLECTED,2024-05-23T06:40:18.868Z
39051,92689,TX20241009423070,TRF_FEE,50,MRU,10543,PLATFORM,COLLECTED,2024-10-09T09:50:49.337Z
39052,92690,TX20241121044624,WIT_FEE,50,MRU,10928,PLATFORM,COLLECTED,2024-11-21T11:24:36.823Z
39053,92692,TX20240229130531,PAY_FEE,27,MRU,7213,MERCHANT,COLLECTED,2024-02-29T16:07:41.604Z
39054,92698,TX20240204221164,SAL_FEE,1025,MRU,1949,PLATFORM,COLLECTED,2024-02-04T17:12:43.373Z
39055,92705,TX20240302826948,SAL_FEE,1695,MRU,863,PLATFORM,COLLECTED,2024-03-02T14:15:45.571Z
39056,92707,TX20240203808637,PAY_FEE,45,MRU,4687,MERCHANT,COLLECTED,2024-02-03T18:28:25.329Z
39057,92710,TX20240801994922,WIT_FEE,50,MRU,6826,PLATFORM,COLLECTED,2024-08-01T07:44:07.821Z
39058,92712,TX20240427575326,PAY_FEE,50,MRU,8704,MERCHANT,COLLECTED,2024-04-27T06:44:23.554Z
39059,92713,TX20240407073197,PAY_FEE,11,MRU,3321,MERCHANT,COLLECTED,2024-04-07T16:17:48.988Z
39060,92720,TX20240614086445,TRF_FEE,50,MRU,4092,PLATFORM,COLLECTED,2024-06-14T08:05:50.554Z
39061,92733,TX20240105603364,PAY_FEE,8,MRU,8732,MERCHANT,COLLECTED,2024-01-05T13:07:11.458Z
39062,92734,TX20240406465243,WIT_FEE,50,MRU,6591,PLATFORM,COLLECTED,2024-04-06T15:46:47.031Z
39063,92737,TX20240520069493,TRF_FEE,25,MRU,10405,PLATFORM,COLLECTED,2024-05-20T06:40:07.390Z
39064,92741,TX20240620529767,PAY_FEE,8,MRU,1287,MERCHANT,COLLECTED,2024-06-20T13:33:43.671Z
39065,92742,TX20241016369437,PAY_FEE,4,MRU,7601,MERCHANT,COLLECTED,2024-10-16T18:02:12.796Z
39066,92743,TX20240523170356,SAL_FEE,1660,MRU,2348,PLATFORM,COLLECTED,2024-05-23T09:12:30.875Z
39067,92746,TX20240121462774,WIT_FEE,84,MRU,10611,PLATFORM,COLLECTED,2024-01-21T06:20:57.003Z
39068,92747,TX20240408651769,PAY_FEE,690,MRU,10407,MERCHANT,COLLECTED,2024-04-08T14:46:24.047Z
39069,92750,TX20240718297910,TRF_FEE,50,MRU,662,PLATFORM,COLLECTED,2024-07-18T07:50:08.804Z
39070,92751,TX20240627871317,TRF_FEE,25,MRU,5548,PLATFORM,COLLECTED,2024-06-27T15:43:17.982Z
39071,92754,TX20240701758030,WIT_FEE,50,MRU,3686,PLATFORM,COLLECTED,2024-07-01T16:21:27.706Z
39072,92755,TX20241122355579,WIT_FEE,100,MRU,786,PLATFORM,COLLECTED,2024-11-22T15:27:59.822Z
39073,92761,TX20241207016662,TRF_FEE,25,MRU,75,PLATFORM,COLLECTED,2024-12-07T14:20:10.915Z
39074,92768,TX20240429957117,WIT_FEE,50,MRU,8750,PLATFORM,COLLECTED,2024-04-29T18:46:14.943Z
39075,92773,TX20241114131495,SAL_FEE,2140,MRU,9922,PLATFORM,COLLECTED,2024-11-14T16:49:00.124Z
39076,92774,TX20240214373547,WIT_FEE,50,MRU,4858,PLATFORM,COLLECTED,2024-02-14T18:17:09.256Z
39077,92775,TX20240507526986,TRF_FEE,25,MRU,2433,PLATFORM,COLLECTED,2024-05-07T09:15:28.822Z
39078,92791,TX20241118364667,WIT_FEE,200,MRU,6432,PLATFORM,COLLECTED,2024-11-18T18:19:17.758Z
39079,92796,TX20240914994933,TRF_FEE,50,MRU,1483,PLATFORM,COLLECTED,2024-09-14T08:51:36.503Z
39080,92797,TX20240713764406,SAL_FEE,2385,MRU,977,PLATFORM,COLLECTED,2024-07-13T11:04:43.251Z
39081,92799,TX20240112177297,WIT_FEE,170,MRU,1249,PLATFORM,COLLECTED,2024-01-12T09:10:28.216Z
39082,92808,TX20240910868304,WIT_FEE,50,MRU,8913,PLATFORM,COLLECTED,2024-09-10T20:12:43.441Z
39083,92810,TX20241022805231,TRF_FEE,50,MRU,1910,PLATFORM,COLLECTED,2024-10-22T12:12:40.999Z
39084,92815,TX20241107936455,PAY_FEE,50,MRU,359,MERCHANT,COLLECTED,2024-11-07T08:34:01.432Z
39085,92817,TX20240208718016,WIT_FEE,50,MRU,4480,PLATFORM,COLLECTED,2024-02-08T15:16:21.743Z
39086,92827,TX20240614218138,PAY_FEE,68,MRU,6422,MERCHANT,COLLECTED,2024-06-14T06:30:09.683Z
39087,92828,TX20240221786998,WIT_FEE,50,MRU,3975,PLATFORM,COLLECTED,2024-02-21T15:30:06.411Z
39088,92831,TX20240411528487,SAL_FEE,2220,MRU,4255,PLATFORM,COLLECTED,2024-04-11T16:30:31.797Z
39089,92832,TX20240509824851,TRF_FEE,25,MRU,10584,PLATFORM,COLLECTED,2024-05-09T13:40:06.073Z
39090,92836,TX20240320437083,TRF_FEE,50,MRU,1656,PLATFORM,COLLECTED,2024-03-20T13:40:48.301Z
39091,92837,TX20240423820544,PAY_FEE,210,MRU,2433,MERCHANT,COLLECTED,2024-04-23T11:48:28.298Z
39092,92838,TX20241217112613,WIT_FEE,100,MRU,4540,PLATFORM,COLLECTED,2024-12-17T06:45:24.331Z
39093,92841,TX20241112592602,WIT_FEE,50,MRU,7645,PLATFORM,COLLECTED,2024-11-12T09:02:43.265Z
39094,92847,TX20240610584734,PAY_FEE,855,MRU,8423,MERCHANT,COLLECTED,2024-06-10T15:05:24.503Z
39095,92850,TX20240209852471,WIT_FEE,50,MRU,1593,PLATFORM,COLLECTED,2024-02-09T15:14:31.769Z
39096,92852,TX20241007721759,TRF_FEE,10,MRU,7285,PLATFORM,COLLECTED,2024-10-07T10:29:45.650Z
39097,92854,TX20240221499969,BIL_FEE,100,MRU,9348,PLATFORM,COLLECTED,2024-02-21T17:45:16.982Z
39098,92859,TX20241207879109,PAY_FEE,24,MRU,587,MERCHANT,COLLECTED,2024-12-07T09:23:08.556Z
39099,92864,TX20241107429603,TRF_FEE,50,MRU,9818,PLATFORM,COLLECTED,2024-11-07T13:54:28.783Z
39100,92865,TX20240523822430,TRF_FEE,50,MRU,6005,PLATFORM,COLLECTED,2024-05-23T18:12:11.289Z
39101,92866,TX20240515635134,TRF_FEE,50,MRU,10424,PLATFORM,COLLECTED,2024-05-15T09:16:07.495Z
39102,92867,TX20241211732459,WIT_FEE,50,MRU,1860,PLATFORM,COLLECTED,2024-12-11T15:33:37.672Z
39103,92868,TX20240607200120,PAY_FEE,99,MRU,10333,MERCHANT,COLLECTED,2024-06-07T16:53:20.097Z
39104,92871,TX20240213446130,WIT_FEE,500,MRU,4976,PLATFORM,COLLECTED,2024-02-13T15:18:52.942Z
39105,92874,TX20240126014965,BIL_FEE,100,MRU,1325,PLATFORM,COLLECTED,2024-01-26T09:11:08.086Z
39106,92876,TX20240820403239,TRF_FEE,25,MRU,4903,PLATFORM,COLLECTED,2024-08-20T09:18:33.730Z
39107,92879,TX20240108902931,TRF_FEE,25,MRU,1005,PLATFORM,COLLECTED,2024-01-08T07:05:03.406Z
39108,92883,TX20240602203220,WIT_FEE,50,MRU,6276,PLATFORM,COLLECTED,2024-06-02T12:46:54.449Z
39109,92886,TX20240226033571,SAL_FEE,1400,MRU,5837,PLATFORM,COLLECTED,2024-02-26T15:47:26.137Z
39110,92888,TX20240619920108,SAL_FEE,465,MRU,2973,PLATFORM,COLLECTED,2024-06-19T09:07:55.620Z
39111,92889,TX20240125487556,TRF_FEE,25,MRU,3940,PLATFORM,COLLECTED,2024-01-25T11:04:57.939Z
39112,92890,TX20240302761503,SAL_FEE,1695,MRU,863,PLATFORM,COLLECTED,2024-03-02T14:15:45.571Z
39113,92894,TX20240719785733,PAY_FEE,345,MRU,2224,MERCHANT,COLLECTED,2024-07-19T07:10:29.760Z
39114,92900,TX20240311725644,WIT_FEE,50,MRU,10842,PLATFORM,COLLECTED,2024-03-11T17:48:58.373Z
39115,92903,TX20240724470758,TRF_FEE,10,MRU,5942,PLATFORM,COLLECTED,2024-07-24T08:27:38.016Z
39116,92905,TX20240622329673,TRF_FEE,25,MRU,1093,PLATFORM,COLLECTED,2024-06-22T13:39:27.304Z
39117,92906,TX20240604529038,TRF_FEE,25,MRU,7622,PLATFORM,COLLECTED,2024-06-04T11:24:32.933Z
39118,92908,TX20240119779697,TRF_FEE,25,MRU,7788,PLATFORM,COLLECTED,2024-01-19T08:38:52.679Z
39119,92914,TX20241227724521,TRF_FEE,50,MRU,8197,PLATFORM,COLLECTED,2024-12-27T08:59:43.407Z
39120,92917,TX20240507476949,WIT_FEE,50,MRU,4088,PLATFORM,COLLECTED,2024-05-07T15:48:51.314Z
39121,92924,TX20240123274980,PAY_FEE,71,MRU,10654,MERCHANT,COLLECTED,2024-01-23T11:10:42.584Z
39122,92927,TX20241016914562,PAY_FEE,4,MRU,7601,MERCHANT,COLLECTED,2024-10-16T18:02:12.796Z
39123,92933,TX20240429080313,BIL_FEE,100,MRU,5042,PLATFORM,COLLECTED,2024-04-29T07:11:16.946Z
39124,92935,TX20240315909317,TRF_FEE,50,MRU,9257,PLATFORM,COLLECTED,2024-03-15T15:29:32.146Z
39125,92936,TX20240226871317,TRF_FEE,25,MRU,3207,PLATFORM,COLLECTED,2024-02-26T14:29:47.730Z
39126,92945,TX20240524861963,WIT_FEE,180,MRU,6548,PLATFORM,COLLECTED,2024-05-23T22:21:00.767Z
39127,92946,TX20241207182783,TRF_FEE,25,MRU,75,PLATFORM,COLLECTED,2024-12-07T14:20:10.915Z
39128,92948,TX20240213242026,PAY_FEE,6,MRU,3697,MERCHANT,COLLECTED,2024-02-13T13:20:52.423Z
39129,92951,TX20240331023995,BIL_FEE,100,MRU,1552,PLATFORM,COLLECTED,2024-03-31T10:21:09.324Z
39130,92960,TX20240902442065,TRF_FEE,10,MRU,9797,PLATFORM,COLLECTED,2024-09-02T16:39:25.053Z
39131,92962,TX20240904022969,TRF_FEE,50,MRU,269,PLATFORM,COLLECTED,2024-09-04T17:56:44.070Z
39132,92965,TX20240701342168,WIT_FEE,50,MRU,6610,PLATFORM,COLLECTED,2024-07-01T09:52:50.718Z
39133,92966,TX20240409001087,WIT_FEE,100,MRU,1388,PLATFORM,COLLECTED,2024-04-09T15:25:52.431Z
39134,92967,TX20240913183765,WIT_FEE,50,MRU,4322,PLATFORM,COLLECTED,2024-09-13T13:29:10.311Z
39135,92968,TX20240809546473,PAY_FEE,24,MRU,10508,MERCHANT,COLLECTED,2024-08-09T07:48:53.640Z
39136,92970,TX20240820248650,WIT_FEE,50,MRU,7035,PLATFORM,COLLECTED,2024-08-20T07:09:36.734Z
39137,92972,TX20240428317311,TRF_FEE,50,MRU,4663,PLATFORM,COLLECTED,2024-04-28T11:38:09.599Z
39138,92973,TX20241118868277,TRF_FEE,25,MRU,2337,PLATFORM,COLLECTED,2024-11-18T09:32:26.215Z
39139,92978,TX20241003007724,TRF_FEE,50,MRU,10149,PLATFORM,COLLECTED,2024-10-03T11:42:07.894Z
39140,92983,TX20240620399847,TRF_FEE,25,MRU,5073,PLATFORM,COLLECTED,2024-06-20T07:33:54.329Z
39141,92988,TX20240803138089,TRF_FEE,50,MRU,9932,PLATFORM,COLLECTED,2024-08-03T14:40:03.710Z
39142,92989,TX20240103488516,PAY_FEE,180,MRU,557,MERCHANT,COLLECTED,2024-01-03T17:23:12.973Z
39143,92992,TX20241227796879,TRF_FEE,10,MRU,4387,PLATFORM,COLLECTED,2024-12-27T08:43:26.807Z
39144,92993,TX20241204299337,TRF_FEE,25,MRU,5355,PLATFORM,COLLECTED,2024-12-04T16:29:59.467Z
39145,92996,TX20241215772928,TRF_FEE,25,MRU,6345,PLATFORM,COLLECTED,2024-12-15T10:54:15.439Z
39146,92999,TX20240226483946,PAY_FEE,20,MRU,3006,MERCHANT,COLLECTED,2024-02-26T14:01:25.032Z
39147,93000,TX20241106861234,TRF_FEE,50,MRU,10155,PLATFORM,COLLECTED,2024-11-06T15:11:32.448Z
39148,93001,TX20240407838102,TRF_FEE,50,MRU,340,PLATFORM,COLLECTED,2024-04-07T09:44:24.028Z
39149,93002,TX20241109243739,TRF_FEE,10,MRU,5536,PLATFORM,COLLECTED,2024-11-09T14:08:38.101Z
39150,93003,TX20240303436519,TRF_FEE,50,MRU,4332,PLATFORM,COLLECTED,2024-03-03T15:12:53.787Z
39151,93006,TX20240429381694,PAY_FEE,33,MRU,3014,MERCHANT,COLLECTED,2024-04-29T05:57:54.130Z
39152,93008,TX20241210001785,WIT_FEE,50,MRU,8706,PLATFORM,COLLECTED,2024-12-10T09:11:48.900Z
39153,93010,TX20241203458050,PAY_FEE,39,MRU,3128,MERCHANT,COLLECTED,2024-12-03T08:59:49.736Z
39154,93011,TX20240207690416,TRF_FEE,50,MRU,2281,PLATFORM,COLLECTED,2024-02-07T13:09:41.580Z
39155,93012,TX20241014786998,TRF_FEE,10,MRU,5613,PLATFORM,COLLECTED,2024-10-14T08:19:08.673Z
39156,93015,TX20240925197206,TRF_FEE,25,MRU,8958,PLATFORM,COLLECTED,2024-09-25T16:40:59.278Z
39157,93016,TX20240423921275,WIT_FEE,50,MRU,7468,PLATFORM,COLLECTED,2024-04-23T05:35:21.612Z
39158,93020,TX20240820740912,WIT_FEE,50,MRU,3346,PLATFORM,COLLECTED,2024-08-20T07:29:40.815Z
39159,93021,TX20240616405026,WIT_FEE,50,MRU,6650,PLATFORM,COLLECTED,2024-06-16T16:28:17.219Z
39160,93024,TX20240801532892,PAY_FEE,90,MRU,10023,MERCHANT,COLLECTED,2024-08-01T10:43:09.301Z
39161,93025,TX20241112461475,WIT_FEE,50,MRU,7645,PLATFORM,COLLECTED,2024-11-12T09:02:43.265Z
39162,93028,TX20240521635819,WIT_FEE,50,MRU,3266,PLATFORM,COLLECTED,2024-05-21T12:10:52.037Z
39163,93034,TX20240325108781,TRF_FEE,50,MRU,3541,PLATFORM,COLLECTED,2024-03-25T19:48:39.066Z
39164,93038,TX20240225902362,PAY_FEE,225,MRU,1483,MERCHANT,COLLECTED,2024-02-25T20:24:01.482Z
39165,93039,TX20240614438503,WIT_FEE,100,MRU,607,PLATFORM,COLLECTED,2024-06-14T06:12:16.947Z
39166,93041,TX20240416563263,TRF_FEE,50,MRU,4503,PLATFORM,COLLECTED,2024-04-16T07:51:02.983Z
39167,93042,TX20240815451398,WIT_FEE,50,MRU,4584,PLATFORM,COLLECTED,2024-08-15T06:42:25.277Z
39168,93046,TX20240622467598,WIT_FEE,50,MRU,3910,PLATFORM,COLLECTED,2024-06-22T17:00:41.783Z
39169,93048,TX20241107700282,TRF_FEE,50,MRU,9818,PLATFORM,COLLECTED,2024-11-07T13:54:28.783Z
39170,93049,TX20241215631940,WIT_FEE,50,MRU,4628,PLATFORM,COLLECTED,2024-12-15T08:11:17.541Z
39171,93052,TX20241121271272,PAY_FEE,51,MRU,7045,MERCHANT,COLLECTED,2024-11-21T10:05:56.275Z
39172,93057,TX20241025288573,WIT_FEE,50,MRU,8785,PLATFORM,COLLECTED,2024-10-25T13:55:28.972Z
39173,93059,TX20241027922651,TRF_FEE,50,MRU,2572,PLATFORM,COLLECTED,2024-10-27T21:46:25.435Z
39174,93060,TX20241129557628,TRF_FEE,25,MRU,7030,PLATFORM,COLLECTED,2024-11-29T20:30:44.584Z
39175,93063,TX20240811414169,WIT_FEE,50,MRU,4499,PLATFORM,COLLECTED,2024-08-11T04:04:05.052Z
39176,93070,TX20241016956930,TRF_FEE,10,MRU,4847,PLATFORM,COLLECTED,2024-10-16T10:08:31.511Z
39177,93072,TX20240619411603,SAL_FEE,465,MRU,2973,PLATFORM,COLLECTED,2024-06-19T09:07:55.620Z
39178,93074,TX20240312680730,WIT_FEE,50,MRU,8355,PLATFORM,COLLECTED,2024-03-12T20:10:35.259Z
39179,93075,TX20240314388945,TRF_FEE,10,MRU,6427,PLATFORM,COLLECTED,2024-03-14T15:55:48.318Z
39180,93078,TX20240225785733,TRF_FEE,25,MRU,2903,PLATFORM,COLLECTED,2024-02-25T08:29:45.200Z
39181,93080,TX20240710585445,WIT_FEE,420,MRU,1618,PLATFORM,COLLECTED,2024-07-10T09:59:26.174Z
39182,93082,TX20240407592157,PAY_FEE,11,MRU,3321,MERCHANT,COLLECTED,2024-04-07T16:17:48.988Z
39183,93087,TX20240225581034,TRF_FEE,25,MRU,9723,PLATFORM,COLLECTED,2024-02-25T08:06:37.062Z
39184,93091,TX20240504643332,WIT_FEE,50,MRU,7274,PLATFORM,COLLECTED,2024-05-04T11:05:39.979Z
39185,93096,TX20240618349983,WIT_FEE,50,MRU,6161,PLATFORM,COLLECTED,2024-06-18T14:11:34.017Z
39186,93097,TX20240226308367,WIT_FEE,50,MRU,8718,PLATFORM,COLLECTED,2024-02-26T19:15:08.901Z
39187,93100,TX20240922870855,TRF_FEE,25,MRU,865,PLATFORM,COLLECTED,2024-09-22T17:51:22.183Z
39188,93101,TX20240929476949,WIT_FEE,50,MRU,3991,PLATFORM,COLLECTED,2024-09-29T16:51:18.369Z
39189,93103,TX20240406914070,WIT_FEE,50,MRU,6591,PLATFORM,COLLECTED,2024-04-06T15:46:47.031Z
39190,93107,TX20240109713274,TRF_FEE,50,MRU,557,PLATFORM,COLLECTED,2024-01-09T10:13:28.348Z
39191,93108,TX20241020134971,WIT_FEE,100,MRU,7787,PLATFORM,COLLECTED,2024-10-20T15:03:26.182Z
39192,93109,TX20240103672275,PAY_FEE,1530,MRU,9594,MERCHANT,COLLECTED,2024-01-03T16:42:44.686Z
39193,93111,TX20241016264340,PAY_FEE,4,MRU,7601,MERCHANT,COLLECTED,2024-10-16T18:02:12.796Z
39194,93112,TX20240319639238,WIT_FEE,50,MRU,519,PLATFORM,COLLECTED,2024-03-19T13:52:12.626Z
39195,93114,TX20241208157872,PAY_FEE,165,MRU,6297,MERCHANT,COLLECTED,2024-12-08T13:49:36.657Z
39196,93115,TX20240121369159,WIT_FEE,50,MRU,10611,PLATFORM,COLLECTED,2024-01-21T06:20:57.003Z
39197,93117,TX20240802064456,SAL_FEE,580,MRU,3457,PLATFORM,COLLECTED,2024-08-02T06:01:47.595Z
39198,93118,TX20240629082056,WIT_FEE,240,MRU,4238,PLATFORM,COLLECTED,2024-06-29T14:51:06.075Z
39199,93123,TX20240914311944,TRF_FEE,25,MRU,3527,PLATFORM,COLLECTED,2024-09-14T09:33:06.738Z
39200,93124,TX20240825216464,BIL_FEE,100,MRU,4393,PLATFORM,COLLECTED,2024-08-25T11:59:49.072Z
39201,93126,TX20240121679236,WIT_FEE,50,MRU,7412,PLATFORM,COLLECTED,2024-01-21T15:18:09.674Z
39202,93127,TX20240828621935,TRF_FEE,25,MRU,8553,PLATFORM,COLLECTED,2024-08-28T08:53:47.501Z
39203,93129,TX20240101861963,WIT_FEE,50,MRU,5315,PLATFORM,COLLECTED,2024-01-01T16:35:51.348Z
39204,93130,TX20241207608124,TRF_FEE,25,MRU,75,PLATFORM,COLLECTED,2024-12-07T14:20:10.915Z
39205,93132,TX20240514513801,PAY_FEE,110,MRU,9623,MERCHANT,COLLECTED,2024-05-14T15:07:31.335Z
39206,93133,TX20240609849854,TRF_FEE,50,MRU,5785,PLATFORM,COLLECTED,2024-06-09T13:17:39.053Z
39207,93135,TX20240331679909,BIL_FEE,100,MRU,1552,PLATFORM,COLLECTED,2024-03-31T10:21:09.324Z
39208,93136,TX20240325341047,TRF_FEE,25,MRU,3879,PLATFORM,COLLECTED,2024-03-25T08:05:08.617Z
39209,93140,TX20240624499650,WIT_FEE,500,MRU,6497,PLATFORM,COLLECTED,2024-06-24T09:58:51.233Z
39210,93146,TX20240904324166,TRF_FEE,50,MRU,269,PLATFORM,COLLECTED,2024-09-04T17:56:44.070Z
39211,93154,TX20240919031945,TRF_FEE,50,MRU,7025,PLATFORM,COLLECTED,2024-09-19T05:35:43.356Z
39212,93158,TX20240523684425,WIT_FEE,50,MRU,9615,PLATFORM,COLLECTED,2024-05-23T19:04:00.651Z
39213,93160,TX20241118588745,WIT_FEE,200,MRU,6432,PLATFORM,COLLECTED,2024-11-18T18:19:17.758Z
39214,93162,TX20240714132905,PAY_FEE,138,MRU,300,MERCHANT,COLLECTED,2024-07-14T12:55:48.491Z
39215,93174,TX20240915496073,WIT_FEE,50,MRU,10729,PLATFORM,COLLECTED,2024-09-14T23:51:23.200Z
39216,93178,TX20240521526294,TRF_FEE,50,MRU,7884,PLATFORM,COLLECTED,2024-05-21T14:53:27.926Z
39217,93181,TX20240611816824,TRF_FEE,50,MRU,4992,PLATFORM,COLLECTED,2024-06-11T18:18:57.276Z
39218,93182,TX20240806326158,WIT_FEE,50,MRU,6624,PLATFORM,COLLECTED,2024-08-06T08:03:00.206Z
39219,93187,TX20240714947821,WIT_FEE,100,MRU,8924,PLATFORM,COLLECTED,2024-07-14T16:08:59.155Z
39220,93188,TX20240314413888,WIT_FEE,50,MRU,7709,PLATFORM,COLLECTED,2024-03-14T08:57:26.908Z
39221,93196,TX20240207435858,TRF_FEE,50,MRU,2281,PLATFORM,COLLECTED,2024-02-07T13:09:41.580Z
39222,93198,TX20241230360193,WIT_FEE,50,MRU,9555,PLATFORM,COLLECTED,2024-12-30T15:16:26.501Z
39223,93201,TX20241227660858,TRF_FEE,25,MRU,388,PLATFORM,COLLECTED,2024-12-27T14:01:21.311Z
39224,93209,TX20240506414823,WIT_FEE,50,MRU,8040,PLATFORM,COLLECTED,2024-05-06T18:48:35.411Z
39225,93212,TX20240313962216,PAY_FEE,9,MRU,7581,MERCHANT,COLLECTED,2024-03-13T20:08:07.872Z
39226,93213,TX20240908066167,SAL_FEE,2145,MRU,7884,PLATFORM,COLLECTED,2024-09-08T08:54:20.281Z
39227,93214,TX20240318490010,PAY_FEE,27,MRU,10073,MERCHANT,COLLECTED,2024-03-18T06:14:36.775Z
39228,93221,TX20240522935273,TRF_FEE,25,MRU,500,PLATFORM,COLLECTED,2024-05-22T07:57:24.527Z
39229,93224,TX20240529868628,WIT_FEE,50,MRU,5925,PLATFORM,COLLECTED,2024-05-29T07:47:17.499Z
39230,93233,TX20240630274284,WIT_FEE,330,MRU,568,PLATFORM,COLLECTED,2024-06-30T12:43:19.955Z
39231,93235,TX20240818860736,WIT_FEE,100,MRU,10666,PLATFORM,COLLECTED,2024-08-18T20:45:47.162Z
39232,93236,TX20241218211565,TRF_FEE,10,MRU,2653,PLATFORM,COLLECTED,2024-12-18T19:14:54.734Z
39233,93244,TX20240103465922,TRF_FEE,25,MRU,4126,PLATFORM,COLLECTED,2024-01-03T04:34:14.947Z
39234,93246,TX20241112988872,TRF_FEE,25,MRU,1140,PLATFORM,COLLECTED,2024-11-12T16:04:37.874Z
39235,93249,TX20240114675951,WIT_FEE,50,MRU,3534,PLATFORM,COLLECTED,2024-01-14T08:59:04.733Z
39236,93254,TX20240403783399,PAY_FEE,180,MRU,2889,MERCHANT,COLLECTED,2024-04-03T08:45:50.146Z
39237,93256,TX20240424911430,WIT_FEE,50,MRU,577,PLATFORM,COLLECTED,2024-04-24T13:03:39.422Z
39238,93258,TX20240317133117,SAL_FEE,1445,MRU,2744,PLATFORM,COLLECTED,2024-03-17T07:15:23.223Z
39239,93259,TX20240415826948,TRF_FEE,50,MRU,3906,PLATFORM,COLLECTED,2024-04-15T15:31:04.719Z
39240,93266,TX20240711192853,PAY_FEE,7,MRU,8592,MERCHANT,COLLECTED,2024-07-11T04:23:03.862Z
39241,93267,TX20240409476406,PAY_FEE,62,MRU,9166,MERCHANT,COLLECTED,2024-04-09T11:20:45.267Z
39242,93268,TX20240424063704,TRF_FEE,10,MRU,2321,PLATFORM,COLLECTED,2024-04-24T13:49:12.814Z
39243,93274,TX20241122563691,SAL_FEE,990,MRU,3838,PLATFORM,COLLECTED,2024-11-22T07:25:03.842Z
39244,93276,TX20240410530397,SAL_FEE,1745,MRU,914,PLATFORM,COLLECTED,2024-04-10T12:22:20.483Z
39245,93282,TX20240223679846,WIT_FEE,50,MRU,1369,PLATFORM,COLLECTED,2024-02-23T18:47:25.043Z
39246,93283,TX20240526144913,PAY_FEE,50,MRU,6138,MERCHANT,COLLECTED,2024-05-26T17:41:47.153Z
39247,93286,TX20241109476949,PAY_FEE,300,MRU,4847,MERCHANT,COLLECTED,2024-11-09T10:22:21.144Z
39248,93294,TX20240925672275,PAY_FEE,21,MRU,3496,MERCHANT,COLLECTED,2024-09-25T14:52:25.499Z
39249,93298,TX20240601353222,TRF_FEE,25,MRU,4395,PLATFORM,COLLECTED,2024-06-01T06:55:23.919Z
39250,93309,TX20240825145602,BIL_FEE,100,MRU,4393,PLATFORM,COLLECTED,2024-08-25T11:59:49.072Z
39251,93314,TX20240524682229,WIT_FEE,180,MRU,6548,PLATFORM,COLLECTED,2024-05-23T22:21:00.767Z
39252,93316,TX20240703147742,TRF_FEE,25,MRU,10931,PLATFORM,COLLECTED,2024-07-03T06:29:56.830Z
39253,93320,TX20240414287106,WIT_FEE,50,MRU,5742,PLATFORM,COLLECTED,2024-04-14T08:18:12.868Z
39254,93322,TX20240507341274,WIT_FEE,50,MRU,7090,PLATFORM,COLLECTED,2024-05-07T07:29:58.036Z
39255,93329,TX20240128412945,TRF_FEE,50,MRU,8126,PLATFORM,COLLECTED,2024-01-28T16:20:46.949Z
39256,93330,TX20240302600865,TRF_FEE,50,MRU,6018,PLATFORM,COLLECTED,2024-03-02T14:12:33.360Z
39257,93334,TX20240905781091,TRF_FEE,50,MRU,230,PLATFORM,COLLECTED,2024-09-05T07:12:50.321Z
39258,93343,TX20241114580734,TRF_FEE,25,MRU,8565,PLATFORM,COLLECTED,2024-11-14T08:36:14.628Z
39259,93345,TX20240224031403,PAY_FEE,17,MRU,107,MERCHANT,COLLECTED,2024-02-24T14:41:46.990Z
39260,93346,TX20240311505716,TRF_FEE,25,MRU,1565,PLATFORM,COLLECTED,2024-03-11T09:03:07.702Z
39261,93349,TX20240329445532,TRF_FEE,10,MRU,7874,PLATFORM,COLLECTED,2024-03-29T09:03:44.422Z
39262,93351,TX20240317006193,WIT_FEE,50,MRU,8513,PLATFORM,COLLECTED,2024-03-17T17:36:32.596Z
39263,93352,TX20240731991334,WIT_FEE,50,MRU,3646,PLATFORM,COLLECTED,2024-07-31T11:08:33.905Z
39264,93357,TX20241008437255,TRF_FEE,25,MRU,7417,PLATFORM,COLLECTED,2024-10-08T13:24:35.705Z
39265,93358,TX20240915346407,WIT_FEE,50,MRU,10729,PLATFORM,COLLECTED,2024-09-14T23:51:23.200Z
39266,93361,TX20241227830115,TRF_FEE,10,MRU,4387,PLATFORM,COLLECTED,2024-12-27T08:43:26.807Z
39267,93365,TX20241215013165,TRF_FEE,25,MRU,6345,PLATFORM,COLLECTED,2024-12-15T10:54:15.439Z
39268,93367,TX20241228966354,TRF_FEE,25,MRU,10904,PLATFORM,COLLECTED,2024-12-28T10:38:31.338Z
39269,93370,TX20240220778323,WIT_FEE,210,MRU,3933,PLATFORM,COLLECTED,2024-02-20T10:06:38.266Z
39270,93371,TX20240322241267,BIL_FEE,100,MRU,7117,PLATFORM,COLLECTED,2024-03-22T13:51:35.135Z
39271,93375,TX20240429927354,PAY_FEE,33,MRU,3014,MERCHANT,COLLECTED,2024-04-29T05:57:54.130Z
39272,93379,TX20241203046785,PAY_FEE,39,MRU,3128,MERCHANT,COLLECTED,2024-12-03T08:59:49.736Z
39273,93381,TX20240221202482,WIT_FEE,50,MRU,3975,PLATFORM,COLLECTED,2024-02-21T15:30:06.411Z
39274,93382,TX20240411360193,TRF_FEE,50,MRU,690,PLATFORM,COLLECTED,2024-04-11T10:30:51.371Z
39275,93384,TX20240925290215,TRF_FEE,25,MRU,8958,PLATFORM,COLLECTED,2024-09-25T16:40:59.278Z
39276,93387,TX20241125597534,TRF_FEE,25,MRU,4459,PLATFORM,COLLECTED,2024-11-25T14:44:39.283Z
39277,93389,TX20240320740912,TRF_FEE,50,MRU,1656,PLATFORM,COLLECTED,2024-03-20T13:40:48.301Z
39278,93391,TX20240429528703,PAY_FEE,36,MRU,3668,MERCHANT,COLLECTED,2024-04-29T19:02:45.406Z
39279,93393,TX20241205915566,WIT_FEE,500,MRU,1758,PLATFORM,COLLECTED,2024-12-05T17:35:24.729Z
39280,93397,TX20240918786867,WIT_FEE,200,MRU,6086,PLATFORM,COLLECTED,2024-09-18T16:56:20.388Z
39281,93404,TX20241107262768,TRF_FEE,25,MRU,10495,PLATFORM,COLLECTED,2024-11-07T07:38:31.490Z
39282,93408,TX20240529257022,WIT_FEE,50,MRU,5925,PLATFORM,COLLECTED,2024-05-29T07:47:17.499Z
39283,93411,TX20240313775974,WIT_FEE,50,MRU,9075,PLATFORM,COLLECTED,2024-03-13T07:15:39.682Z
39284,93416,TX20240228472917,TRF_FEE,25,MRU,10605,PLATFORM,COLLECTED,2024-02-28T07:50:23.095Z
39285,93425,TX20240730397275,SAL_FEE,1485,MRU,742,PLATFORM,COLLECTED,2024-07-30T18:50:57.146Z
39286,93428,TX20240513253952,TRF_FEE,25,MRU,5381,PLATFORM,COLLECTED,2024-05-13T08:15:43.547Z
39287,93437,TX20240922865901,BIL_FEE,100,MRU,9141,PLATFORM,COLLECTED,2024-09-22T07:15:15.507Z
39288,93439,TX20240820129392,TRF_FEE,50,MRU,8927,PLATFORM,COLLECTED,2024-08-20T17:24:46.052Z
39289,93442,TX20240712324862,WIT_FEE,50,MRU,10361,PLATFORM,COLLECTED,2024-07-12T06:25:04.954Z
39290,93444,TX20240314274186,TRF_FEE,10,MRU,6427,PLATFORM,COLLECTED,2024-03-14T15:55:48.318Z
39291,93448,TX20240125813274,TRF_FEE,25,MRU,1297,PLATFORM,COLLECTED,2024-01-25T10:35:11.735Z
39292,93451,TX20241030465108,WIT_FEE,200,MRU,1866,PLATFORM,COLLECTED,2024-10-30T09:48:59.299Z
39293,93454,TX20240910505151,SAL_FEE,2090,MRU,9692,PLATFORM,COLLECTED,2024-09-10T18:54:03.267Z
39294,93456,TX20241222120724,PAY_FEE,41,MRU,1177,MERCHANT,COLLECTED,2024-12-22T18:59:36.103Z
39295,93457,TX20240227348051,WIT_FEE,100,MRU,10824,PLATFORM,COLLECTED,2024-02-27T06:02:28.299Z
39296,93458,TX20240206498552,WIT_FEE,50,MRU,9559,PLATFORM,COLLECTED,2024-02-06T17:33:22.626Z
39297,93465,TX20240618359361,WIT_FEE,50,MRU,6161,PLATFORM,COLLECTED,2024-06-18T14:11:34.017Z
39298,93472,TX20241011619597,PAY_FEE,59,MRU,260,MERCHANT,COLLECTED,2024-10-11T15:01:35.245Z
39299,93473,TX20240309595906,PAY_FEE,9,MRU,1837,MERCHANT,COLLECTED,2024-03-09T15:01:49.960Z
39300,93475,TX20240128958962,WIT_FEE,50,MRU,179,PLATFORM,COLLECTED,2024-01-28T15:07:23.943Z
39301,93476,TX20241017754029,WIT_FEE,50,MRU,5941,PLATFORM,COLLECTED,2024-10-17T15:36:21.605Z
39302,93480,TX20240301253713,PAY_FEE,30,MRU,2931,MERCHANT,COLLECTED,2024-03-01T17:46:22.914Z
39303,93486,TX20240322738455,WIT_FEE,200,MRU,6471,PLATFORM,COLLECTED,2024-03-22T05:51:13.445Z
39304,93490,TX20240903402286,WIT_FEE,100,MRU,2586,PLATFORM,COLLECTED,2024-09-03T13:11:20.370Z
39305,93492,TX20240907335100,TRF_FEE,25,MRU,10140,PLATFORM,COLLECTED,2024-09-07T09:28:30.853Z
39306,93500,TX20240102393506,TRF_FEE,50,MRU,9646,PLATFORM,COLLECTED,2024-01-02T10:00:49.105Z
39307,93505,TX20240703792570,TRF_FEE,50,MRU,5671,PLATFORM,COLLECTED,2024-07-03T04:34:21.919Z
39308,93508,TX20240128667773,PAY_FEE,66,MRU,2884,MERCHANT,COLLECTED,2024-01-28T13:02:50.241Z
39309,93509,TX20240415968413,SAL_FEE,1465,MRU,9112,PLATFORM,COLLECTED,2024-04-15T16:55:00.676Z
39310,93510,TX20240421820802,TRF_FEE,25,MRU,6816,PLATFORM,COLLECTED,2024-04-21T15:25:50.391Z
39311,93514,TX20241128957388,TRF_FEE,10,MRU,8920,PLATFORM,COLLECTED,2024-11-28T19:44:04.024Z
39312,93517,TX20240919677553,PAY_FEE,4,MRU,9880,MERCHANT,COLLECTED,2024-09-19T13:14:19.510Z
39313,93532,TX20240115579958,TRF_FEE,25,MRU,1402,PLATFORM,COLLECTED,2024-01-15T21:52:58.356Z
39314,93542,TX20240520906209,PAY_FEE,26,MRU,6566,MERCHANT,COLLECTED,2024-05-20T07:58:03.151Z
39315,93544,TX20240115759978,TRF_FEE,50,MRU,5988,PLATFORM,COLLECTED,2024-01-15T17:44:54.626Z
39316,93554,TX20240208892579,WIT_FEE,50,MRU,4480,PLATFORM,COLLECTED,2024-02-08T15:16:21.743Z
39317,93555,TX20240219954120,TRF_FEE,50,MRU,5925,PLATFORM,COLLECTED,2024-02-19T15:06:30.251Z
39318,93560,TX20240424784702,WIT_FEE,50,MRU,9865,PLATFORM,COLLECTED,2024-04-24T07:23:57.709Z
39319,93561,TX20240312440568,WIT_FEE,50,MRU,5767,PLATFORM,COLLECTED,2024-03-12T17:54:47.293Z
39320,93563,TX20241020217305,SAL_FEE,885,MRU,8125,PLATFORM,COLLECTED,2024-10-20T18:11:59.824Z
39321,93569,TX20240227035023,WIT_FEE,50,MRU,6327,PLATFORM,COLLECTED,2024-02-27T14:16:29.989Z
39322,93570,TX20240727463592,PAY_FEE,69,MRU,7190,MERCHANT,COLLECTED,2024-07-27T13:56:06.026Z
39323,93572,TX20240811427581,PAY_FEE,26,MRU,6967,MERCHANT,COLLECTED,2024-08-11T07:05:07.330Z
39324,93575,TX20241217444818,WIT_FEE,100,MRU,4540,PLATFORM,COLLECTED,2024-12-17T06:45:24.331Z
39325,93585,TX20240710471416,WIT_FEE,50,MRU,8962,PLATFORM,COLLECTED,2024-07-10T05:08:23.240Z
39326,93586,TX20241221761959,TRF_FEE,25,MRU,4687,PLATFORM,COLLECTED,2024-12-21T08:24:40.183Z
39327,93588,TX20240519710096,TRF_FEE,50,MRU,11009,PLATFORM,COLLECTED,2024-05-19T08:15:28.975Z
39328,93593,TX20241226111897,TRF_FEE,10,MRU,4934,PLATFORM,COLLECTED,2024-12-26T08:50:13.357Z
39329,93601,TX20241130429603,TRF_FEE,50,MRU,700,PLATFORM,COLLECTED,2024-11-30T12:46:53.540Z
39330,93602,TX20240523701692,TRF_FEE,50,MRU,6005,PLATFORM,COLLECTED,2024-05-23T18:12:11.289Z
39331,93605,TX20240502932858,BIL_FEE,100,MRU,8366,PLATFORM,COLLECTED,2024-05-02T06:56:16.639Z
39332,93606,TX20240915028740,WIT_FEE,50,MRU,2825,PLATFORM,COLLECTED,2024-09-15T18:03:30.845Z
39333,93610,TX20241017129259,SAL_FEE,2300,MRU,6117,PLATFORM,COLLECTED,2024-10-17T12:10:21.488Z
39334,93615,TX20240423260208,PAY_FEE,42,MRU,796,MERCHANT,COLLECTED,2024-04-23T09:09:51.727Z
39335,93621,TX20240106634272,PAY_FEE,10,MRU,9283,MERCHANT,COLLECTED,2024-01-06T05:47:38.796Z
39336,93625,TX20240619275718,SAL_FEE,465,MRU,2973,PLATFORM,COLLECTED,2024-06-19T09:07:55.620Z
39337,93632,TX20240125609804,TRF_FEE,25,MRU,1297,PLATFORM,COLLECTED,2024-01-25T10:35:11.735Z
39338,93633,TX20240611932188,SAL_FEE,1505,MRU,10473,PLATFORM,COLLECTED,2024-06-11T07:08:40.831Z
39339,93635,TX20240409051565,PAY_FEE,62,MRU,9166,MERCHANT,COLLECTED,2024-04-09T11:20:45.267Z
39340,93636,TX20240813302015,WIT_FEE,50,MRU,1242,PLATFORM,COLLECTED,2024-08-13T16:12:48.209Z
39341,93637,TX20240312655032,WIT_FEE,110,MRU,10131,PLATFORM,COLLECTED,2024-03-12T13:23:03.678Z
39342,93638,TX20240910033858,SAL_FEE,2090,MRU,9692,PLATFORM,COLLECTED,2024-09-10T18:54:03.267Z
39343,93639,TX20240301828214,WIT_FEE,140,MRU,3131,PLATFORM,COLLECTED,2024-03-01T08:02:45.004Z
39344,93641,TX20240319042308,SAL_FEE,575,MRU,3818,PLATFORM,COLLECTED,2024-03-19T15:27:39.426Z
39345,93642,TX20241203636929,WIT_FEE,200,MRU,4663,PLATFORM,COLLECTED,2024-12-03T12:58:53.134Z
39346,93643,TX20240924010059,WIT_FEE,50,MRU,3366,PLATFORM,COLLECTED,2024-09-23T22:43:28.016Z
39347,93644,TX20240911059181,WIT_FEE,100,MRU,9921,PLATFORM,COLLECTED,2024-09-11T13:31:38.234Z
39348,93645,TX20240326873913,TRF_FEE,25,MRU,4390,PLATFORM,COLLECTED,2024-03-26T16:01:45.645Z
39349,93646,TX20240914047385,WIT_FEE,50,MRU,10775,PLATFORM,COLLECTED,2024-09-14T07:43:59.062Z
39350,93647,TX20240112334249,WIT_FEE,50,MRU,1786,PLATFORM,COLLECTED,2024-01-12T15:41:19.383Z
39351,93648,TX20240821524367,TRF_FEE,50,MRU,4758,PLATFORM,COLLECTED,2024-08-21T18:49:58.061Z
39352,93649,TX20240304422555,WIT_FEE,120,MRU,4685,PLATFORM,COLLECTED,2024-03-04T11:16:59.493Z
39353,93651,TX20240824632569,WIT_FEE,50,MRU,2814,PLATFORM,COLLECTED,2024-08-24T13:08:42.129Z
39354,93661,TX20240308096418,TRF_FEE,50,MRU,9122,PLATFORM,COLLECTED,2024-03-07T23:01:43.766Z
39355,93662,TX20240808190063,TRF_FEE,25,MRU,9676,PLATFORM,COLLECTED,2024-08-08T05:29:45.191Z
39356,93665,TX20240409865965,PAY_FEE,24,MRU,5885,MERCHANT,COLLECTED,2024-04-09T07:14:20.305Z
39357,93668,TX20240825601147,PAY_FEE,62,MRU,11015,MERCHANT,COLLECTED,2024-08-25T18:27:31.258Z
39358,93669,TX20240824742523,WIT_FEE,50,MRU,2417,PLATFORM,COLLECTED,2024-08-24T08:13:01.855Z
39359,93671,TX20240908948401,PAY_FEE,13,MRU,11010,MERCHANT,COLLECTED,2024-09-08T16:23:24.117Z
39360,93672,TX20240413494841,PAY_FEE,18,MRU,5190,MERCHANT,COLLECTED,2024-04-13T12:02:36.458Z
39361,93674,TX20240410387526,WIT_FEE,50,MRU,4327,PLATFORM,COLLECTED,2024-04-10T17:44:08.977Z
39362,93676,TX20241003481973,TRF_FEE,25,MRU,2519,PLATFORM,COLLECTED,2024-10-03T15:46:06.444Z
39363,93677,TX20240405396816,BIL_FEE,100,MRU,6180,PLATFORM,COLLECTED,2024-04-05T15:04:53.085Z
39364,93693,TX20240604899559,PAY_FEE,45,MRU,3368,MERCHANT,COLLECTED,2024-06-04T16:23:37.171Z
39365,93694,TX20241101351720,TRF_FEE,10,MRU,10109,PLATFORM,COLLECTED,2024-11-01T10:04:33.186Z
39366,93700,TX20240919083674,PAY_FEE,4,MRU,9880,MERCHANT,COLLECTED,2024-09-19T13:14:19.510Z
39367,93706,TX20240704320622,TRF_FEE,25,MRU,3278,PLATFORM,COLLECTED,2024-07-04T15:08:01.151Z
39368,93709,TX20240126168538,SAL_FEE,385,MRU,7172,PLATFORM,COLLECTED,2024-01-25T23:39:52.538Z
39369,93711,TX20241118531333,WIT_FEE,200,MRU,6432,PLATFORM,COLLECTED,2024-11-18T18:19:17.758Z
39370,93717,TX20240713817758,SAL_FEE,2385,MRU,977,PLATFORM,COLLECTED,2024-07-13T11:04:43.251Z
39371,93725,TX20240119818791,SAL_FEE,1505,MRU,6593,PLATFORM,COLLECTED,2024-01-19T08:35:28.522Z
39372,93730,TX20240816468952,PAY_FEE,32,MRU,11017,MERCHANT,COLLECTED,2024-08-16T16:32:12.681Z
39373,93732,TX20240108450752,TRF_FEE,50,MRU,10564,PLATFORM,COLLECTED,2024-01-08T21:11:07.598Z
39374,93733,TX20240606162959,TRF_FEE,25,MRU,8644,PLATFORM,COLLECTED,2024-06-06T09:55:04.555Z
39375,93735,TX20241107483946,PAY_FEE,50,MRU,359,MERCHANT,COLLECTED,2024-11-07T08:34:01.432Z
39376,93736,TX20241106807641,TRF_FEE,50,MRU,10155,PLATFORM,COLLECTED,2024-11-06T15:11:32.448Z
39377,93737,TX20240509892579,WIT_FEE,140,MRU,2911,PLATFORM,COLLECTED,2024-05-09T15:24:01.031Z
39378,93738,TX20240219633672,TRF_FEE,50,MRU,5925,PLATFORM,COLLECTED,2024-02-19T15:06:30.251Z
39379,93744,TX20240312390340,WIT_FEE,50,MRU,5767,PLATFORM,COLLECTED,2024-03-12T17:54:47.293Z
39380,93747,TX20240207163584,TRF_FEE,50,MRU,2281,PLATFORM,COLLECTED,2024-02-07T13:09:41.580Z
39381,93748,TX20240429034875,WIT_FEE,50,MRU,4547,PLATFORM,COLLECTED,2024-04-29T07:40:30.100Z
39382,93750,TX20240513633750,WIT_FEE,50,MRU,5173,PLATFORM,COLLECTED,2024-05-13T07:43:51.443Z
39383,93751,TX20240706528487,PAY_FEE,111,MRU,7574,MERCHANT,COLLECTED,2024-07-06T12:47:23.874Z
39384,93752,TX20240509159256,TRF_FEE,25,MRU,10584,PLATFORM,COLLECTED,2024-05-09T13:40:06.073Z
39385,93753,TX20240823479697,BIL_FEE,100,MRU,2919,PLATFORM,COLLECTED,2024-08-23T20:10:31.421Z
39386,93769,TX20240219466084,WIT_FEE,50,MRU,7509,PLATFORM,COLLECTED,2024-02-19T13:58:08.409Z
39387,93771,TX20240222271853,BIL_FEE,100,MRU,5343,PLATFORM,COLLECTED,2024-02-22T11:22:18.262Z
39388,93774,TX20240225139876,PAY_FEE,225,MRU,1483,MERCHANT,COLLECTED,2024-02-25T20:24:01.482Z
39389,93777,TX20240311768244,WIT_FEE,50,MRU,10974,PLATFORM,COLLECTED,2024-03-11T17:02:59.407Z
39390,93778,TX20240411451398,TRF_FEE,50,MRU,1073,PLATFORM,COLLECTED,2024-04-11T10:12:19.586Z
39391,93785,TX20240901822430,PAY_FEE,33,MRU,3203,MERCHANT,COLLECTED,2024-09-01T10:57:12.194Z
39392,93786,TX20240515273584,TRF_FEE,50,MRU,10424,PLATFORM,COLLECTED,2024-05-15T09:16:07.495Z
39393,93791,TX20240423307018,TRF_FEE,50,MRU,9806,PLATFORM,COLLECTED,2024-04-23T16:56:26.222Z
39394,93794,TX20241215573507,WIT_FEE,50,MRU,7888,PLATFORM,COLLECTED,2024-12-15T08:12:22.248Z
39395,93795,TX20240608261994,TRF_FEE,10,MRU,10253,PLATFORM,COLLECTED,2024-06-08T08:20:56.251Z
39396,93796,TX20240820156505,TRF_FEE,25,MRU,4903,PLATFORM,COLLECTED,2024-08-20T09:18:33.730Z
39397,93797,TX20240123029665,TRF_FEE,25,MRU,7912,PLATFORM,COLLECTED,2024-01-23T14:51:10.984Z
39398,93800,TX20240718365001,TRF_FEE,10,MRU,111,PLATFORM,COLLECTED,2024-07-18T09:27:10.284Z
39399,93801,TX20240901956582,PAY_FEE,42,MRU,10227,MERCHANT,COLLECTED,2024-09-01T12:34:01.123Z
39400,93802,TX20240513076600,PAY_FEE,375,MRU,10892,MERCHANT,COLLECTED,2024-05-13T08:30:46.686Z
39401,93805,TX20240325657480,WIT_FEE,50,MRU,4077,PLATFORM,COLLECTED,2024-03-25T10:16:16.712Z
39402,93806,TX20240113421054,TRF_FEE,50,MRU,6427,PLATFORM,COLLECTED,2024-01-13T19:37:07.412Z
39403,93808,TX20240121121007,WIT_FEE,130,MRU,10096,PLATFORM,COLLECTED,2024-01-21T20:26:43.962Z
39404,93814,TX20241010411207,WIT_FEE,290,MRU,2613,PLATFORM,COLLECTED,2024-10-10T14:38:33.607Z
39405,93816,TX20240204639237,WIT_FEE,50,MRU,2973,PLATFORM,COLLECTED,2024-02-04T15:41:14.253Z
39406,93817,TX20240612169508,TRF_FEE,25,MRU,9045,PLATFORM,COLLECTED,2024-06-12T07:40:44.402Z
39407,93818,TX20241112639045,TRF_FEE,50,MRU,3818,PLATFORM,COLLECTED,2024-11-12T07:20:52.853Z
39408,93821,TX20240305760907,TRF_FEE,25,MRU,5332,PLATFORM,COLLECTED,2024-03-05T12:12:30.969Z
39409,93822,TX20240104975846,PAY_FEE,11,MRU,10234,MERCHANT,COLLECTED,2024-01-04T10:51:13.147Z
39410,93824,TX20241005369402,TRF_FEE,25,MRU,10673,PLATFORM,COLLECTED,2024-10-05T16:12:56.727Z
39411,93826,TX20240812373099,WIT_FEE,50,MRU,8809,PLATFORM,COLLECTED,2024-08-12T17:42:19.507Z
39412,93828,TX20241021981133,PAY_FEE,14,MRU,816,MERCHANT,COLLECTED,2024-10-21T12:07:33.846Z
39413,93831,TX20240109556682,TRF_FEE,50,MRU,150,PLATFORM,COLLECTED,2024-01-09T09:51:24.114Z
39414,93832,TX20240603145175,SAL_FEE,640,MRU,8479,PLATFORM,COLLECTED,2024-06-03T07:44:40.791Z
39415,93836,TX20240915400786,WIT_FEE,50,MRU,9663,PLATFORM,COLLECTED,2024-09-15T17:32:39.895Z
39416,93843,TX20241020275925,WIT_FEE,50,MRU,7787,PLATFORM,COLLECTED,2024-10-20T15:03:26.182Z
39417,93846,TX20241016135767,PAY_FEE,4,MRU,7601,MERCHANT,COLLECTED,2024-10-16T18:02:12.796Z
39418,93850,TX20241215462774,WIT_FEE,200,MRU,4179,PLATFORM,COLLECTED,2024-12-14T23:57:49.560Z
39419,93851,TX20240408927565,PAY_FEE,690,MRU,10407,MERCHANT,COLLECTED,2024-04-08T14:46:24.047Z
39420,93853,TX20240629583378,WIT_FEE,240,MRU,4238,PLATFORM,COLLECTED,2024-06-29T14:51:06.075Z
39421,93855,TX20240702232217,SAL_FEE,1495,MRU,4777,PLATFORM,COLLECTED,2024-07-02T16:28:49.935Z
39422,93859,TX20240825676512,BIL_FEE,100,MRU,4393,PLATFORM,COLLECTED,2024-08-25T11:59:49.072Z
39423,93864,TX20240804861963,PAY_FEE,23,MRU,4929,MERCHANT,COLLECTED,2024-08-04T16:20:28.364Z
39424,93865,TX20241207948927,TRF_FEE,25,MRU,75,PLATFORM,COLLECTED,2024-12-07T14:20:10.915Z
39425,93866,TX20240630541384,TRF_FEE,25,MRU,5405,PLATFORM,COLLECTED,2024-06-30T13:40:33.571Z
39426,93867,TX20240213238345,PAY_FEE,6,MRU,3697,MERCHANT,COLLECTED,2024-02-13T13:20:52.423Z
39427,93868,TX20240414631273,TRF_FEE,50,MRU,9766,PLATFORM,COLLECTED,2024-04-14T14:03:31.759Z
39428,93869,TX20240108601291,PAY_FEE,69,MRU,4640,MERCHANT,COLLECTED,2024-01-08T19:46:35.243Z
39429,93873,TX20241113260827,TRF_FEE,50,MRU,2638,PLATFORM,COLLECTED,2024-11-13T16:06:22.750Z
39430,93874,TX20240725572760,WIT_FEE,50,MRU,5342,PLATFORM,COLLECTED,2024-07-25T19:57:57.475Z
39431,93876,TX20240119743511,TRF_FEE,25,MRU,581,PLATFORM,COLLECTED,2024-01-19T17:29:31.532Z
39432,93880,TX20240215910102,TRF_FEE,50,MRU,9985,PLATFORM,COLLECTED,2024-02-15T02:04:27.553Z
39433,93888,TX20240621635746,PAY_FEE,135,MRU,421,MERCHANT,COLLECTED,2024-06-21T06:13:18.552Z
39434,93890,TX20240327978458,WIT_FEE,50,MRU,5881,PLATFORM,COLLECTED,2024-03-27T10:50:08.566Z
39435,93892,TX20240608313759,SAL_FEE,1300,MRU,10674,PLATFORM,COLLECTED,2024-06-08T07:47:29.510Z
39436,93894,TX20240412883661,WIT_FEE,200,MRU,4820,PLATFORM,COLLECTED,2024-04-12T10:42:10.820Z
39437,93897,TX20240116872244,SAL_FEE,340,MRU,86,PLATFORM,COLLECTED,2024-01-16T07:05:40.579Z
39438,93902,TX20240221274450,TRF_FEE,25,MRU,2987,PLATFORM,COLLECTED,2024-02-21T13:54:19.458Z
39439,93907,TX20240120674737,TRF_FEE,25,MRU,5074,PLATFORM,COLLECTED,2024-01-20T15:54:11.152Z
39440,93908,TX20240520818791,PAY_FEE,26,MRU,6566,MERCHANT,COLLECTED,2024-05-20T07:58:03.151Z
39441,93916,TX20241206236904,WIT_FEE,50,MRU,5237,PLATFORM,COLLECTED,2024-12-06T07:33:46.845Z
39442,93917,TX20240116693768,SAL_FEE,1765,MRU,4503,PLATFORM,COLLECTED,2024-01-16T13:10:48.718Z
39443,93918,TX20241107078572,PAY_FEE,50,MRU,359,MERCHANT,COLLECTED,2024-11-07T08:34:01.432Z
39444,93920,TX20240220040336,WIT_FEE,210,MRU,3933,PLATFORM,COLLECTED,2024-02-20T10:06:38.266Z
39445,93921,TX20240719015498,WIT_FEE,50,MRU,1111,PLATFORM,COLLECTED,2024-07-19T16:35:08.645Z
39446,93925,TX20240429956968,PAY_FEE,33,MRU,3014,MERCHANT,COLLECTED,2024-04-29T05:57:54.130Z
39447,93926,TX20240412809891,TRF_FEE,25,MRU,7821,PLATFORM,COLLECTED,2024-04-12T09:12:23.950Z
39448,93927,TX20241014390340,BIL_FEE,100,MRU,2911,PLATFORM,COLLECTED,2024-10-14T08:31:08.163Z
39449,93936,TX20241003097098,TRF_FEE,25,MRU,5840,PLATFORM,COLLECTED,2024-10-03T18:38:59.181Z
39450,93937,TX20240804957698,BIL_FEE,100,MRU,204,PLATFORM,COLLECTED,2024-08-04T15:39:17.402Z
39451,93938,TX20241106427581,PAY_FEE,66,MRU,3659,MERCHANT,COLLECTED,2024-11-06T14:11:05.129Z
39452,93943,TX20240506197181,WIT_FEE,50,MRU,8040,PLATFORM,COLLECTED,2024-05-06T18:48:35.411Z
39453,93944,TX20240207182794,PAY_FEE,345,MRU,2765,MERCHANT,COLLECTED,2024-02-07T13:05:20.867Z
39454,93948,TX20241129686864,PAY_FEE,15,MRU,221,MERCHANT,COLLECTED,2024-11-29T14:02:56.698Z
39455,93953,TX20240501066727,WIT_FEE,50,MRU,4216,PLATFORM,COLLECTED,2024-05-01T08:24:07.913Z
39456,93965,TX20241201975935,PAY_FEE,36,MRU,2303,MERCHANT,COLLECTED,2024-12-01T07:06:39.874Z
39457,93966,TX20240525104740,PAY_FEE,18,MRU,9202,MERCHANT,COLLECTED,2024-05-25T14:01:12.096Z
39458,93967,TX20240302848064,PAY_FEE,17,MRU,5036,MERCHANT,COLLECTED,2024-03-02T11:55:47.274Z
39459,93970,TX20241211671748,WIT_FEE,50,MRU,8690,PLATFORM,COLLECTED,2024-12-11T08:53:08.511Z
39460,93975,TX20241205660877,TRF_FEE,10,MRU,6071,PLATFORM,COLLECTED,2024-12-05T17:57:08.067Z
39461,93978,TX20241128991644,TRF_FEE,25,MRU,2171,PLATFORM,COLLECTED,2024-11-28T10:47:49.088Z
39462,93979,TX20241213968730,WIT_FEE,50,MRU,5290,PLATFORM,COLLECTED,2024-12-13T18:16:12.141Z
39463,93980,TX20240724161545,PAY_FEE,45,MRU,7264,MERCHANT,COLLECTED,2024-07-24T15:48:05.806Z
39464,93987,TX20241029840633,TRF_FEE,10,MRU,222,PLATFORM,COLLECTED,2024-10-29T10:45:19.090Z
39465,93988,TX20241103376934,PAY_FEE,14,MRU,4242,MERCHANT,COLLECTED,2024-11-03T08:15:44.562Z
39466,93993,TX20240312169989,WIT_FEE,50,MRU,8355,PLATFORM,COLLECTED,2024-03-12T20:10:35.259Z
39467,94001,TX20241001266617,WIT_FEE,50,MRU,10894,PLATFORM,COLLECTED,2024-10-01T08:49:17.810Z
39468,94004,TX20241116079768,WIT_FEE,50,MRU,4329,PLATFORM,COLLECTED,2024-11-16T17:54:43.002Z
39469,94005,TX20240609708709,TRF_FEE,10,MRU,2529,PLATFORM,COLLECTED,2024-06-09T06:55:46.952Z
39470,94006,TX20240308510242,TRF_FEE,50,MRU,6813,PLATFORM,COLLECTED,2024-03-08T12:09:11.115Z
39471,94007,TX20240319835394,SAL_FEE,575,MRU,3818,PLATFORM,COLLECTED,2024-03-19T15:27:39.426Z
39472,94008,TX20240625563691,BIL_FEE,100,MRU,714,PLATFORM,COLLECTED,2024-06-25T20:53:08.421Z
39473,94012,TX20241221136151,PAY_FEE,75,MRU,1747,MERCHANT,COLLECTED,2024-12-21T21:35:42.229Z
39474,94016,TX20240305618665,PAY_FEE,36,MRU,1603,MERCHANT,COLLECTED,2024-03-05T09:09:55.262Z
39475,94018,TX20240209910308,WIT_FEE,50,MRU,3767,PLATFORM,COLLECTED,2024-02-09T08:36:23.509Z
39476,94020,TX20240929968967,WIT_FEE,50,MRU,3991,PLATFORM,COLLECTED,2024-09-29T16:51:18.369Z
39477,94022,TX20240406884530,WIT_FEE,50,MRU,6591,PLATFORM,COLLECTED,2024-04-06T15:46:47.031Z
39478,94025,TX20240212914655,TRF_FEE,50,MRU,2452,PLATFORM,COLLECTED,2024-02-12T10:56:00.321Z
39479,94026,TX20240929853259,PAY_FEE,72,MRU,1431,MERCHANT,COLLECTED,2024-09-29T13:21:36.536Z
39480,94028,TX20240502032980,WIT_FEE,50,MRU,6573,PLATFORM,COLLECTED,2024-05-02T13:52:05.591Z
39481,94032,TX20240713390497,WIT_FEE,50,MRU,866,PLATFORM,COLLECTED,2024-07-13T08:30:36.353Z
39482,94034,TX20240113599551,TRF_FEE,50,MRU,1310,PLATFORM,COLLECTED,2024-01-13T18:53:27.369Z
39483,94035,TX20240616346277,BIL_FEE,100,MRU,8908,PLATFORM,COLLECTED,2024-06-16T12:15:59.856Z
39484,94037,TX20240809768452,PAY_FEE,12,MRU,6740,MERCHANT,COLLECTED,2024-08-09T07:40:47.834Z
39485,94039,TX20240413460782,PAY_FEE,18,MRU,5190,MERCHANT,COLLECTED,2024-04-13T12:02:36.458Z
39486,94041,TX20240410093326,WIT_FEE,50,MRU,4327,PLATFORM,COLLECTED,2024-04-10T17:44:08.977Z
39487,94042,TX20240706571616,TRF_FEE,25,MRU,4127,PLATFORM,COLLECTED,2024-07-06T16:55:39.750Z
39488,94045,TX20241220238218,WIT_FEE,50,MRU,8325,PLATFORM,COLLECTED,2024-12-20T14:20:37.834Z
39489,94047,TX20240129096098,WIT_FEE,50,MRU,3404,PLATFORM,COLLECTED,2024-01-29T12:17:07.140Z
39490,94051,TX20241212581477,TRF_FEE,50,MRU,8740,PLATFORM,COLLECTED,2024-12-12T10:40:51.029Z
39491,94053,TX20240617096197,WIT_FEE,300,MRU,2646,PLATFORM,COLLECTED,2024-06-17T06:15:01.070Z
39492,94058,TX20240603501814,SAL_FEE,2160,MRU,488,PLATFORM,COLLECTED,2024-06-03T09:51:04.499Z
39493,94059,TX20240601497073,PAY_FEE,63,MRU,49,MERCHANT,COLLECTED,2024-06-01T19:17:52.933Z
39494,94074,TX20240313421125,WIT_FEE,500,MRU,10873,PLATFORM,COLLECTED,2024-03-13T12:00:06.160Z
39495,94076,TX20240126036749,SAL_FEE,385,MRU,7172,PLATFORM,COLLECTED,2024-01-25T23:39:52.538Z
39496,94077,TX20240610436143,PAY_FEE,255,MRU,5380,MERCHANT,COLLECTED,2024-06-10T08:01:29.521Z
39497,94082,TX20240115960156,TRF_FEE,25,MRU,1402,PLATFORM,COLLECTED,2024-01-15T21:52:58.356Z
39498,94084,TX20240713339350,SAL_FEE,2385,MRU,977,PLATFORM,COLLECTED,2024-07-13T11:04:43.251Z
39499,94090,TX20240528826506,PAY_FEE,195,MRU,3052,MERCHANT,COLLECTED,2024-05-28T09:31:44.862Z
39500,94094,TX20240816663164,BIL_FEE,100,MRU,8770,PLATFORM,COLLECTED,2024-08-16T12:30:45.000Z
39501,94097,TX20240816103634,PAY_FEE,32,MRU,11017,MERCHANT,COLLECTED,2024-08-16T16:32:12.681Z
39502,94099,TX20241215747494,TRF_FEE,25,MRU,6345,PLATFORM,COLLECTED,2024-12-15T10:54:15.439Z
39503,94102,TX20240112490256,TRF_FEE,25,MRU,212,PLATFORM,COLLECTED,2024-01-12T09:38:24.531Z
39504,94106,TX20240626729838,TRF_FEE,25,MRU,9836,PLATFORM,COLLECTED,2024-06-26T12:10:40.204Z
39505,94108,TX20240217476823,SAL_FEE,360,MRU,4787,PLATFORM,COLLECTED,2024-02-17T18:49:26.833Z
39506,94111,TX20240312023812,WIT_FEE,50,MRU,5767,PLATFORM,COLLECTED,2024-03-12T17:54:47.293Z
39507,94113,TX20241203707375,PAY_FEE,39,MRU,3128,MERCHANT,COLLECTED,2024-12-03T08:59:49.736Z
39508,94115,TX20240429192354,WIT_FEE,50,MRU,4547,PLATFORM,COLLECTED,2024-04-29T07:40:30.100Z
39509,94117,TX20240513620063,WIT_FEE,50,MRU,5173,PLATFORM,COLLECTED,2024-05-13T07:43:51.443Z
39510,94118,TX20240708051912,TRF_FEE,50,MRU,1839,PLATFORM,COLLECTED,2024-07-08T16:23:52.687Z
39511,94120,TX20240323871064,TRF_FEE,50,MRU,4969,PLATFORM,COLLECTED,2024-03-23T13:44:55.463Z
39512,94121,TX20240506113744,WIT_FEE,50,MRU,6091,PLATFORM,COLLECTED,2024-05-06T15:12:57.810Z
39513,94124,TX20240416661744,PAY_FEE,17,MRU,5164,MERCHANT,COLLECTED,2024-04-16T13:24:12.960Z
39514,94126,TX20240115026203,PAY_FEE,255,MRU,6468,MERCHANT,COLLECTED,2024-01-15T17:56:44.182Z
39515,94128,TX20240307154044,TRF_FEE,25,MRU,5762,PLATFORM,COLLECTED,2024-03-07T10:59:27.447Z
39516,94129,TX20241103458735,WIT_FEE,50,MRU,3591,PLATFORM,COLLECTED,2024-11-03T11:49:52.071Z
39517,94136,TX20240610655018,WIT_FEE,50,MRU,5159,PLATFORM,COLLECTED,2024-06-10T14:07:44.999Z
39518,94138,TX20241121128551,TRF_FEE,25,MRU,10094,PLATFORM,COLLECTED,2024-11-21T09:41:13.271Z
39519,94141,TX20241015530041,SAL_FEE,2295,MRU,10605,PLATFORM,COLLECTED,2024-10-15T14:34:28.266Z
39520,94142,TX20241227295497,TRF_FEE,50,MRU,1721,PLATFORM,COLLECTED,2024-12-27T10:09:12.849Z
39521,94145,TX20240601451398,PAY_FEE,23,MRU,6486,MERCHANT,COLLECTED,2024-06-01T08:24:12.321Z
39522,94150,TX20240202052060,BIL_FEE,100,MRU,4489,PLATFORM,COLLECTED,2024-02-02T21:08:34.381Z
39523,94152,TX20240901701692,PAY_FEE,33,MRU,3203,MERCHANT,COLLECTED,2024-09-01T10:57:12.194Z
39524,94155,TX20240203542659,PAY_FEE,71,MRU,3730,MERCHANT,COLLECTED,2024-02-03T16:26:48.891Z
39525,94158,TX20240423252355,TRF_FEE,50,MRU,9806,PLATFORM,COLLECTED,2024-04-23T16:56:26.222Z
39526,94160,TX20241205711807,TRF_FEE,10,MRU,2005,PLATFORM,COLLECTED,2024-12-05T12:58:47.504Z
39527,94162,TX20241027207290,TRF_FEE,50,MRU,2572,PLATFORM,COLLECTED,2024-10-27T21:46:25.435Z
39528,94165,TX20240426134540,WIT_FEE,50,MRU,10668,PLATFORM,COLLECTED,2024-04-26T07:51:43.072Z
39529,94166,TX20240811474346,WIT_FEE,50,MRU,4499,PLATFORM,COLLECTED,2024-08-11T04:04:05.052Z
39530,94171,TX20240602141578,TRF_FEE,50,MRU,9553,PLATFORM,COLLECTED,2024-06-02T15:07:23.337Z
39531,94175,TX20240710591364,TRF_FEE,50,MRU,3051,PLATFORM,COLLECTED,2024-07-10T16:12:55.411Z
39532,94176,TX20240722988555,TRF_FEE,25,MRU,5807,PLATFORM,COLLECTED,2024-07-22T10:19:29.769Z
39533,94178,TX20240124943910,PAY_FEE,15,MRU,7711,MERCHANT,COLLECTED,2024-01-24T16:48:12.754Z
39534,94179,TX20240305693734,WIT_FEE,320,MRU,1278,PLATFORM,COLLECTED,2024-03-05T18:54:11.850Z
39535,94180,TX20240910523548,WIT_FEE,50,MRU,9699,PLATFORM,COLLECTED,2024-09-10T09:08:35.140Z
39536,94190,TX20240209502417,PAY_FEE,17,MRU,9813,MERCHANT,COLLECTED,2024-02-09T14:43:49.461Z
39537,94197,TX20240628598411,WIT_FEE,50,MRU,4349,PLATFORM,COLLECTED,2024-06-28T09:24:20.427Z
39538,94211,TX20241113822808,TRF_FEE,25,MRU,2784,PLATFORM,COLLECTED,2024-11-13T11:29:18.379Z
39539,94212,TX20240923210181,TRF_FEE,50,MRU,2423,PLATFORM,COLLECTED,2024-09-23T14:07:04.129Z
39540,94216,TX20241105127992,TRF_FEE,25,MRU,7247,PLATFORM,COLLECTED,2024-11-05T19:33:49.612Z
39541,94217,TX20241215369159,WIT_FEE,200,MRU,4179,PLATFORM,COLLECTED,2024-12-14T23:57:49.560Z
39542,94222,TX20240923054097,PAY_FEE,42,MRU,5212,MERCHANT,COLLECTED,2024-09-23T08:58:30.808Z
39543,94226,TX20240524388670,SAL_FEE,410,MRU,9083,PLATFORM,COLLECTED,2024-05-24T17:39:27.992Z
39544,94227,TX20240803553402,PAY_FEE,24,MRU,2285,MERCHANT,COLLECTED,2024-08-03T17:28:17.090Z
39545,94231,TX20240102783093,WIT_FEE,50,MRU,9545,PLATFORM,COLLECTED,2024-01-02T10:00:46.592Z
39546,94232,TX20240504742469,TRF_FEE,50,MRU,4578,PLATFORM,COLLECTED,2024-05-04T07:54:00.349Z
39547,94233,TX20241211541384,TRF_FEE,25,MRU,6649,PLATFORM,COLLECTED,2024-12-11T17:59:37.495Z
39548,94234,TX20240213915627,PAY_FEE,6,MRU,3697,MERCHANT,COLLECTED,2024-02-13T13:20:52.423Z
39549,94235,TX20240829058064,WIT_FEE,180,MRU,10119,PLATFORM,COLLECTED,2024-08-29T05:31:45.885Z
39550,94236,TX20240806460422,PAY_FEE,27,MRU,9916,MERCHANT,COLLECTED,2024-08-06T08:25:17.920Z
39551,94237,TX20240414112486,WIT_FEE,50,MRU,5742,PLATFORM,COLLECTED,2024-04-14T08:18:12.868Z
39552,94239,TX20240507589024,WIT_FEE,50,MRU,7090,PLATFORM,COLLECTED,2024-05-07T07:29:58.036Z
39553,94240,TX20241001144952,WIT_FEE,50,MRU,6370,PLATFORM,COLLECTED,2024-10-01T08:44:07.286Z
39554,94241,TX20240625080185,TRF_FEE,50,MRU,3744,PLATFORM,COLLECTED,2024-06-25T12:11:11.214Z
39555,94242,TX20240711903638,TRF_FEE,25,MRU,5207,PLATFORM,COLLECTED,2024-07-11T07:34:42.483Z
39556,94243,TX20240119425098,TRF_FEE,25,MRU,581,PLATFORM,COLLECTED,2024-01-19T17:29:31.532Z
39557,94244,TX20241210609769,PAY_FEE,27,MRU,9379,MERCHANT,COLLECTED,2024-12-10T07:49:08.697Z
39558,94247,TX20240215937736,TRF_FEE,50,MRU,9985,PLATFORM,COLLECTED,2024-02-15T02:04:27.553Z
39559,94250,TX20240528834975,WIT_FEE,50,MRU,7847,PLATFORM,COLLECTED,2024-05-28T08:00:55.933Z
39560,94251,TX20240719762223,PAY_FEE,35,MRU,9271,MERCHANT,COLLECTED,2024-07-19T09:43:44.179Z
39561,94255,TX20240125635746,TRF_FEE,10,MRU,7834,PLATFORM,COLLECTED,2024-01-25T08:18:33.038Z
39562,94257,TX20240506959603,WIT_FEE,100,MRU,4818,PLATFORM,COLLECTED,2024-05-06T16:08:33.531Z
39563,94258,TX20241009425393,TRF_FEE,10,MRU,3765,PLATFORM,COLLECTED,2024-10-09T18:51:19.280Z
39564,94260,TX20240226020182,PAY_FEE,9,MRU,4765,MERCHANT,COLLECTED,2024-02-26T14:14:37.775Z
39565,94269,TX20240221290184,TRF_FEE,25,MRU,2987,PLATFORM,COLLECTED,2024-02-21T13:54:19.458Z
39566,94272,TX20240323753604,WIT_FEE,260,MRU,8909,PLATFORM,COLLECTED,2024-03-23T18:08:55.024Z
39567,94274,TX20240527589623,TRF_FEE,50,MRU,4965,PLATFORM,COLLECTED,2024-05-27T08:25:57.788Z
39568,94283,TX20240606192881,TRF_FEE,25,MRU,8644,PLATFORM,COLLECTED,2024-06-06T09:55:04.555Z
39569,94285,TX20240226078572,PAY_FEE,20,MRU,3006,MERCHANT,COLLECTED,2024-02-26T14:01:25.032Z
39570,94288,TX20240719929395,WIT_FEE,50,MRU,1111,PLATFORM,COLLECTED,2024-07-19T16:35:08.645Z
39571,94293,TX20240424869566,WIT_FEE,50,MRU,9865,PLATFORM,COLLECTED,2024-04-24T07:23:57.709Z
39572,94296,TX20241203691498,PAY_FEE,39,MRU,3128,MERCHANT,COLLECTED,2024-12-03T08:59:49.736Z
39573,94298,TX20240704034875,TRF_FEE,10,MRU,6952,PLATFORM,COLLECTED,2024-07-04T06:24:21.328Z
39574,94301,TX20240520091944,PAY_FEE,135,MRU,10132,MERCHANT,COLLECTED,2024-05-20T17:41:09.339Z
39575,94302,TX20240207824851,TRF_FEE,10,MRU,9557,PLATFORM,COLLECTED,2024-02-07T07:57:23.677Z
39576,94308,TX20240429533981,PAY_FEE,36,MRU,3668,MERCHANT,COLLECTED,2024-04-29T19:02:45.406Z
39577,94310,TX20241205188363,WIT_FEE,500,MRU,1758,PLATFORM,COLLECTED,2024-12-05T17:35:24.729Z
39578,94311,TX20240131466232,TRF_FEE,25,MRU,8080,PLATFORM,COLLECTED,2024-01-31T10:52:14.046Z
39579,94312,TX20240515870193,TRF_FEE,25,MRU,1593,PLATFORM,COLLECTED,2024-05-15T18:19:57.933Z
39580,94314,TX20240918132341,WIT_FEE,100,MRU,6086,PLATFORM,COLLECTED,2024-09-18T16:56:20.388Z
39581,94315,TX20240108964721,TRF_FEE,50,MRU,527,PLATFORM,COLLECTED,2024-01-08T07:03:50.622Z
39582,94316,TX20241011753342,WIT_FEE,50,MRU,9499,PLATFORM,COLLECTED,2024-10-11T03:01:35.402Z
39583,94319,TX20241221549446,TRF_FEE,25,MRU,4687,PLATFORM,COLLECTED,2024-12-21T08:24:40.183Z
39584,94325,TX20240614104698,WIT_FEE,100,MRU,607,PLATFORM,COLLECTED,2024-06-14T06:12:16.947Z
39585,94326,TX20240510669244,WIT_FEE,50,MRU,8740,PLATFORM,COLLECTED,2024-05-10T10:04:24.983Z
39586,94328,TX20240211336901,TRF_FEE,25,MRU,2351,PLATFORM,COLLECTED,2024-02-11T15:25:16.414Z
39587,94329,TX20240919407032,WIT_FEE,86,MRU,528,PLATFORM,COLLECTED,2024-09-19T21:49:09.346Z
39588,94331,TX20240107415145,WIT_FEE,340,MRU,7617,PLATFORM,COLLECTED,2024-01-07T08:58:12.998Z
39589,94332,TX20240105412800,BIL_FEE,100,MRU,109,PLATFORM,COLLECTED,2024-01-05T15:47:21.584Z
39590,94334,TX20241112573813,WIT_FEE,450,MRU,5180,PLATFORM,COLLECTED,2024-11-12T12:51:30.916Z
39591,94335,TX20240901279763,PAY_FEE,33,MRU,3203,MERCHANT,COLLECTED,2024-09-01T10:57:12.194Z
39592,94340,TX20240506743996,WIT_FEE,50,MRU,4908,PLATFORM,COLLECTED,2024-05-06T07:16:51.960Z
39593,94341,TX20240213266393,WIT_FEE,500,MRU,4976,PLATFORM,COLLECTED,2024-02-13T15:18:52.942Z
39594,94347,TX20240519137432,SAL_FEE,495,MRU,264,PLATFORM,COLLECTED,2024-05-19T17:43:07.677Z
39595,94351,TX20240806830152,BIL_FEE,100,MRU,1601,PLATFORM,COLLECTED,2024-08-06T18:08:38.606Z
39596,94353,TX20240626589993,WIT_FEE,50,MRU,5411,PLATFORM,COLLECTED,2024-06-26T14:08:13.711Z
39597,94358,TX20240921835598,TRF_FEE,25,MRU,3338,PLATFORM,COLLECTED,2024-09-21T19:54:46.244Z
39598,94359,TX20240322621545,TRF_FEE,50,MRU,303,PLATFORM,COLLECTED,2024-03-22T18:18:07.239Z
39599,94362,TX20240626619807,TRF_FEE,25,MRU,10382,PLATFORM,COLLECTED,2024-06-26T15:40:20.418Z
39600,94364,TX20240407066855,TRF_FEE,10,MRU,5090,PLATFORM,COLLECTED,2024-04-07T14:21:22.531Z
39601,94367,TX20240322890998,WIT_FEE,50,MRU,1887,PLATFORM,COLLECTED,2024-03-22T18:31:38.590Z
39602,94368,TX20241109312583,PAY_FEE,27,MRU,242,MERCHANT,COLLECTED,2024-11-09T19:17:24.639Z
39603,94370,TX20240827002893,TRF_FEE,25,MRU,5215,PLATFORM,COLLECTED,2024-08-27T10:25:24.307Z
39604,94374,TX20240614348964,TRF_FEE,50,MRU,4092,PLATFORM,COLLECTED,2024-06-14T08:05:50.554Z
39605,94376,TX20240828759015,SAL_FEE,1575,MRU,7667,PLATFORM,COLLECTED,2024-08-28T07:33:50.232Z
39606,94378,TX20240610260591,TRF_FEE,50,MRU,6677,PLATFORM,COLLECTED,2024-06-10T18:59:41.372Z
39607,94383,TX20240526708289,PAY_FEE,50,MRU,6138,MERCHANT,COLLECTED,2024-05-26T17:41:47.153Z
39608,94388,TX20240330277836,TRF_FEE,25,MRU,367,PLATFORM,COLLECTED,2024-03-30T05:45:46.127Z
39609,94389,TX20240108820219,TRF_FEE,25,MRU,931,PLATFORM,COLLECTED,2024-01-08T17:57:09.325Z
39610,94396,TX20240301494694,PAY_FEE,30,MRU,2931,MERCHANT,COLLECTED,2024-03-01T17:46:22.914Z
39611,94397,TX20240520510742,WIT_FEE,100,MRU,7732,PLATFORM,COLLECTED,2024-05-20T07:30:55.123Z
39612,94398,TX20240809469031,TRF_FEE,10,MRU,9214,PLATFORM,COLLECTED,2024-08-09T09:04:48.615Z
39613,94405,TX20240620543705,TRF_FEE,50,MRU,90,PLATFORM,COLLECTED,2024-06-20T18:04:27.762Z
39614,94408,TX20241107167197,TRF_FEE,25,MRU,7038,PLATFORM,COLLECTED,2024-11-07T18:39:45.372Z
39615,94410,TX20240430962789,TRF_FEE,50,MRU,5638,PLATFORM,COLLECTED,2024-04-30T15:00:40.188Z
39616,94416,TX20240102394510,WIT_FEE,50,MRU,439,PLATFORM,COLLECTED,2024-01-02T17:06:52.753Z
39617,94417,TX20240705574454,SAL_FEE,790,MRU,9076,PLATFORM,COLLECTED,2024-07-05T16:52:46.700Z
39618,94424,TX20240522754822,TRF_FEE,25,MRU,9377,PLATFORM,COLLECTED,2024-05-22T16:04:29.044Z
39619,94426,TX20240207077636,WIT_FEE,50,MRU,820,PLATFORM,COLLECTED,2024-02-07T14:20:41.210Z
39620,94428,TX20241101407055,TRF_FEE,25,MRU,2370,PLATFORM,COLLECTED,2024-11-01T15:25:03.888Z
39621,94430,TX20241208693223,BIL_FEE,100,MRU,478,PLATFORM,COLLECTED,2024-12-08T16:04:01.807Z
39622,94433,TX20240520342168,TRF_FEE,10,MRU,2674,PLATFORM,COLLECTED,2024-05-20T17:50:43.598Z
39623,94434,TX20240409073835,WIT_FEE,100,MRU,1388,PLATFORM,COLLECTED,2024-04-09T15:25:52.431Z
39624,94437,TX20241208123603,TRF_FEE,25,MRU,1749,PLATFORM,COLLECTED,2024-12-08T06:08:50.602Z
39625,94439,TX20241031683545,TRF_FEE,50,MRU,1657,PLATFORM,COLLECTED,2024-10-31T08:35:30.793Z
39626,94440,TX20241216483001,PAY_FEE,36,MRU,2190,MERCHANT,COLLECTED,2024-12-16T20:27:37.226Z
39627,94443,TX20240610112049,PAY_FEE,255,MRU,5380,MERCHANT,COLLECTED,2024-06-10T08:01:29.521Z
39628,94444,TX20240423364667,TRF_FEE,25,MRU,8372,PLATFORM,COLLECTED,2024-04-23T17:55:19.293Z
39629,94452,TX20240416565304,WIT_FEE,200,MRU,2759,PLATFORM,COLLECTED,2024-04-16T09:40:14.193Z
39630,94456,TX20240420594048,TRF_FEE,50,MRU,421,PLATFORM,COLLECTED,2024-04-20T10:01:12.791Z
39631,94457,TX20240608548201,WIT_FEE,50,MRU,2759,PLATFORM,COLLECTED,2024-06-08T07:50:40.266Z
39632,94458,TX20240328494577,PAY_FEE,4,MRU,1822,MERCHANT,COLLECTED,2024-03-28T07:34:42.034Z
39633,94459,TX20240208329498,WIT_FEE,50,MRU,7198,PLATFORM,COLLECTED,2024-02-08T11:56:17.465Z
39634,94467,TX20240825634241,WIT_FEE,100,MRU,6484,PLATFORM,COLLECTED,2024-08-25T15:59:45.570Z
39635,94470,TX20240719954120,WIT_FEE,50,MRU,1111,PLATFORM,COLLECTED,2024-07-19T16:35:08.645Z
39636,94476,TX20241210744501,WIT_FEE,50,MRU,8706,PLATFORM,COLLECTED,2024-12-10T09:11:48.900Z
39637,94479,TX20240207218138,TRF_FEE,50,MRU,2281,PLATFORM,COLLECTED,2024-02-07T13:09:41.580Z
39638,94481,TX20240411349937,TRF_FEE,50,MRU,690,PLATFORM,COLLECTED,2024-04-11T10:30:51.371Z
39639,94483,TX20241225528487,TRF_FEE,50,MRU,8801,PLATFORM,COLLECTED,2024-12-25T09:48:30.520Z
39640,94484,TX20240509776492,TRF_FEE,25,MRU,10584,PLATFORM,COLLECTED,2024-05-09T13:40:06.073Z
39641,94485,TX20241225787227,TRF_FEE,10,MRU,7638,PLATFORM,COLLECTED,2024-12-25T08:31:25.263Z
39642,94486,TX20240829597534,PAY_FEE,69,MRU,5345,MERCHANT,COLLECTED,2024-08-29T08:24:01.421Z
39643,94488,TX20240904740912,TRF_FEE,50,MRU,1877,PLATFORM,COLLECTED,2024-09-04T16:18:08.833Z
39644,94491,TX20240131198976,TRF_FEE,50,MRU,10109,PLATFORM,COLLECTED,2024-01-31T11:46:28.445Z
39645,94494,TX20241103480859,WIT_FEE,50,MRU,3591,PLATFORM,COLLECTED,2024-11-03T11:49:52.071Z
39646,94500,TX20240929187217,PAY_FEE,47,MRU,2522,MERCHANT,COLLECTED,2024-09-29T15:06:19.471Z
39647,94501,TX20240610391972,WIT_FEE,50,MRU,5159,PLATFORM,COLLECTED,2024-06-10T14:07:44.999Z
39648,94502,TX20240713199101,WIT_FEE,50,MRU,1193,PLATFORM,COLLECTED,2024-07-13T15:08:33.253Z
39649,94505,TX20240601235834,PAY_FEE,38,MRU,9111,MERCHANT,COLLECTED,2024-06-01T14:29:20.760Z
39650,94506,TX20240901758514,PAY_FEE,420,MRU,10024,MERCHANT,COLLECTED,2024-09-01T13:28:15.962Z
39651,94509,TX20240528357342,SAL_FEE,785,MRU,9884,PLATFORM,COLLECTED,2024-05-28T21:05:24.115Z
39652,94514,TX20241201510921,TRF_FEE,50,MRU,6464,PLATFORM,COLLECTED,2024-12-01T04:41:47.352Z
39653,94516,TX20241112429603,WIT_FEE,120,MRU,5180,PLATFORM,COLLECTED,2024-11-12T12:51:30.916Z
39654,94517,TX20240523279763,TRF_FEE,50,MRU,6005,PLATFORM,COLLECTED,2024-05-23T18:12:11.289Z
39655,94521,TX20240915208637,WIT_FEE,50,MRU,2825,PLATFORM,COLLECTED,2024-09-15T18:03:30.845Z
39656,94523,TX20240213987742,WIT_FEE,500,MRU,4976,PLATFORM,COLLECTED,2024-02-13T15:18:52.942Z
39657,94530,TX20240423071800,PAY_FEE,42,MRU,796,MERCHANT,COLLECTED,2024-04-23T09:09:51.727Z
39658,94531,TX20241208347050,WIT_FEE,50,MRU,820,PLATFORM,COLLECTED,2024-12-08T11:15:36.019Z
39659,94532,TX20240330164141,PAY_FEE,7,MRU,3237,MERCHANT,COLLECTED,2024-03-30T15:27:05.430Z
39660,94536,TX20240602277976,TRF_FEE,50,MRU,9553,PLATFORM,COLLECTED,2024-06-02T15:07:23.337Z
39661,94550,TX20240407465108,PAY_FEE,11,MRU,3321,MERCHANT,COLLECTED,2024-04-07T16:17:48.988Z
39662,94553,TX20240120705958,BIL_FEE,100,MRU,7934,PLATFORM,COLLECTED,2024-01-20T09:52:49.904Z
39663,94554,TX20241003469497,WIT_FEE,50,MRU,8498,PLATFORM,COLLECTED,2024-10-03T13:26:05.924Z
39664,94559,TX20240911406592,WIT_FEE,100,MRU,9921,PLATFORM,COLLECTED,2024-09-11T13:31:38.234Z
39665,94566,TX20240623917695,WIT_FEE,50,MRU,2016,PLATFORM,COLLECTED,2024-06-23T13:02:15.358Z
39666,94570,TX20241226431075,PAY_FEE,8,MRU,5165,MERCHANT,COLLECTED,2024-12-26T07:54:14.476Z
39667,94571,TX20240403199215,PAY_FEE,42,MRU,648,MERCHANT,COLLECTED,2024-04-03T11:59:16.838Z
39668,94577,TX20240808355156,TRF_FEE,25,MRU,2127,PLATFORM,COLLECTED,2024-08-08T13:03:29.764Z
39669,94579,TX20240501151055,WIT_FEE,100,MRU,10286,PLATFORM,COLLECTED,2024-05-01T09:23:10.506Z
39670,94583,TX20240825116408,PAY_FEE,62,MRU,11015,MERCHANT,COLLECTED,2024-08-25T18:27:31.258Z
39671,94585,TX20241111768452,PAY_FEE,60,MRU,1949,MERCHANT,COLLECTED,2024-11-11T12:32:49.606Z
39672,94587,TX20240719451356,WIT_FEE,50,MRU,10189,PLATFORM,COLLECTED,2024-07-19T05:36:27.468Z
39673,94590,TX20241201047297,PAY_FEE,38,MRU,5303,MERCHANT,COLLECTED,2024-12-01T15:45:22.638Z
39674,94591,TX20240308452587,WIT_FEE,50,MRU,5369,PLATFORM,COLLECTED,2024-03-08T07:45:08.404Z
39675,94592,TX20240530962789,PAY_FEE,59,MRU,2094,MERCHANT,COLLECTED,2024-05-30T09:43:00.677Z
39676,94595,TX20240430096098,TRF_FEE,25,MRU,1553,PLATFORM,COLLECTED,2024-04-30T06:28:17.120Z
39677,94597,TX20240901959449,TRF_FEE,25,MRU,8981,PLATFORM,COLLECTED,2024-09-01T14:00:59.004Z
39678,94601,TX20240617937799,WIT_FEE,160,MRU,2646,PLATFORM,COLLECTED,2024-06-17T06:15:01.070Z
39679,94604,TX20240105160465,WIT_FEE,50,MRU,5876,PLATFORM,COLLECTED,2024-01-05T10:35:04.730Z
39680,94607,TX20240415206235,SAL_FEE,1465,MRU,9112,PLATFORM,COLLECTED,2024-04-15T16:55:00.676Z
39681,94608,TX20240928899559,WIT_FEE,50,MRU,1907,PLATFORM,COLLECTED,2024-09-28T10:50:23.617Z
39682,94609,TX20241101453096,TRF_FEE,10,MRU,10109,PLATFORM,COLLECTED,2024-11-01T10:04:33.186Z
39683,94610,TX20240902018076,TRF_FEE,10,MRU,9797,PLATFORM,COLLECTED,2024-09-02T16:39:25.053Z
39684,94612,TX20241128022969,TRF_FEE,10,MRU,8920,PLATFORM,COLLECTED,2024-11-28T19:44:04.024Z
39685,94614,TX20241021260664,TRF_FEE,25,MRU,3128,PLATFORM,COLLECTED,2024-10-21T07:17:42.185Z
39686,94620,TX20240919190091,TRF_FEE,50,MRU,7025,PLATFORM,COLLECTED,2024-09-19T05:35:43.356Z
39687,94623,TX20240817210752,WIT_FEE,50,MRU,9361,PLATFORM,COLLECTED,2024-08-17T12:27:33.573Z
39688,94634,TX20240416597131,WIT_FEE,50,MRU,2759,PLATFORM,COLLECTED,2024-04-16T09:40:14.193Z
39689,94636,TX20240218567598,SAL_FEE,2285,MRU,8951,PLATFORM,COLLECTED,2024-02-18T13:08:15.188Z
39690,94638,TX20240423301837,WIT_FEE,50,MRU,4917,PLATFORM,COLLECTED,2024-04-23T09:27:38.301Z
39691,94641,TX20241115098675,WIT_FEE,50,MRU,571,PLATFORM,COLLECTED,2024-11-15T16:05:02.674Z
39692,94647,TX20240105016515,PAY_FEE,30,MRU,8390,MERCHANT,COLLECTED,2024-01-05T16:27:36.716Z
39693,94650,TX20241207634084,PAY_FEE,78,MRU,858,MERCHANT,COLLECTED,2024-12-07T15:06:56.483Z
39694,94651,TX20241020737474,PAY_FEE,9,MRU,8919,MERCHANT,COLLECTED,2024-10-20T14:43:28.861Z
39695,94656,TX20240623187508,WIT_FEE,50,MRU,6460,PLATFORM,COLLECTED,2024-06-23T07:37:49.020Z
39696,94658,TX20241013805882,TRF_FEE,25,MRU,1750,PLATFORM,COLLECTED,2024-10-13T16:49:48.472Z
39697,94659,TX20240109789386,WIT_FEE,50,MRU,9258,PLATFORM,COLLECTED,2024-01-09T10:00:44.684Z
39698,94660,TX20240428456419,SAL_FEE,1285,MRU,3996,PLATFORM,COLLECTED,2024-04-28T17:58:45.854Z
39699,94663,TX20240818123898,WIT_FEE,50,MRU,3289,PLATFORM,COLLECTED,2024-08-18T08:33:29.739Z
39700,94666,TX20240708091944,TRF_FEE,50,MRU,1839,PLATFORM,COLLECTED,2024-07-08T16:23:52.687Z
39701,94667,TX20240207159256,TRF_FEE,10,MRU,9557,PLATFORM,COLLECTED,2024-02-07T07:57:23.677Z
39702,94672,TX20240623689295,PAY_FEE,8,MRU,4941,MERCHANT,COLLECTED,2024-06-23T08:13:36.695Z
39703,94673,TX20240429743032,PAY_FEE,36,MRU,3668,MERCHANT,COLLECTED,2024-04-29T19:02:45.406Z
39704,94674,TX20240324830701,WIT_FEE,50,MRU,2394,PLATFORM,COLLECTED,2024-03-24T11:22:11.408Z
39705,94676,TX20240401466232,PAY_FEE,8,MRU,4209,MERCHANT,COLLECTED,2024-04-01T05:43:15.693Z
39706,94677,TX20240515071606,TRF_FEE,25,MRU,1593,PLATFORM,COLLECTED,2024-05-15T18:19:57.933Z
39707,94681,TX20241110419259,TRF_FEE,50,MRU,2290,PLATFORM,COLLECTED,2024-11-10T10:00:22.902Z
39708,94684,TX20240221466084,SAL_FEE,1145,MRU,8337,PLATFORM,COLLECTED,2024-02-21T11:40:10.423Z
39709,94690,TX20240820901673,WIT_FEE,50,MRU,9371,PLATFORM,COLLECTED,2024-08-20T20:22:09.200Z
39710,94697,TX20240622161350,WIT_FEE,50,MRU,3910,PLATFORM,COLLECTED,2024-06-22T17:00:41.783Z
39711,94698,TX20240202931059,BIL_FEE,100,MRU,4489,PLATFORM,COLLECTED,2024-02-02T21:08:34.381Z
39712,94699,TX20241107435006,TRF_FEE,50,MRU,9818,PLATFORM,COLLECTED,2024-11-07T13:54:28.783Z
39713,94702,TX20240902681984,TRF_FEE,50,MRU,5463,PLATFORM,COLLECTED,2024-09-02T07:33:35.652Z
39714,94712,TX20240229677137,PAY_FEE,27,MRU,7213,MERCHANT,COLLECTED,2024-02-29T16:07:41.604Z
39715,94714,TX20241208414169,WIT_FEE,50,MRU,820,PLATFORM,COLLECTED,2024-12-08T11:15:36.019Z
39716,94718,TX20240726136373,TRF_FEE,25,MRU,9469,PLATFORM,COLLECTED,2024-07-26T18:02:58.095Z
39717,94721,TX20240226956930,SAL_FEE,1400,MRU,5837,PLATFORM,COLLECTED,2024-02-26T15:47:26.137Z
39718,94725,TX20240302950145,SAL_FEE,1695,MRU,863,PLATFORM,COLLECTED,2024-03-02T14:15:45.571Z
39719,94726,TX20241120062259,TRF_FEE,25,MRU,10211,PLATFORM,COLLECTED,2024-11-20T13:30:12.667Z
39720,94728,TX20241109654737,PAY_FEE,35,MRU,641,MERCHANT,COLLECTED,2024-11-09T11:43:55.823Z
39721,94730,TX20240125787994,TRF_FEE,25,MRU,1297,PLATFORM,COLLECTED,2024-01-25T10:35:11.735Z
39722,94731,TX20240304135187,TRF_FEE,25,MRU,6163,PLATFORM,COLLECTED,2024-03-04T08:40:49.949Z
39723,94733,TX20241030945207,WIT_FEE,100,MRU,1866,PLATFORM,COLLECTED,2024-10-30T09:48:59.299Z
39724,94740,TX20241122602007,SAL_FEE,990,MRU,3838,PLATFORM,COLLECTED,2024-11-22T07:25:03.842Z
39725,94749,TX20241120708289,TRF_FEE,10,MRU,107,PLATFORM,COLLECTED,2024-11-20T15:47:09.554Z
39726,94753,TX20240109405625,PAY_FEE,17,MRU,8503,MERCHANT,COLLECTED,2024-01-09T06:33:52.435Z
39727,94754,TX20240330553700,TRF_FEE,25,MRU,367,PLATFORM,COLLECTED,2024-03-30T05:45:46.127Z
39728,94756,TX20240427210271,BIL_FEE,100,MRU,912,PLATFORM,COLLECTED,2024-04-27T15:00:41.912Z
39729,94759,TX20240923190674,TRF_FEE,50,MRU,3043,PLATFORM,COLLECTED,2024-09-23T09:51:08.275Z
39730,94761,TX20240712449260,WIT_FEE,50,MRU,10828,PLATFORM,COLLECTED,2024-07-12T13:25:24.210Z
39731,94767,TX20241230632795,WIT_FEE,50,MRU,3506,PLATFORM,COLLECTED,2024-12-30T17:48:06.162Z
39732,94771,TX20240514494841,TRF_FEE,25,MRU,451,PLATFORM,COLLECTED,2024-05-14T18:43:16.549Z
39733,94774,TX20240519335100,TRF_FEE,25,MRU,7266,PLATFORM,COLLECTED,2024-05-19T11:30:51.919Z
39734,94777,TX20240810657420,SAL_FEE,1425,MRU,10607,PLATFORM,COLLECTED,2024-08-10T09:37:50.754Z
39735,94782,TX20240102431216,WIT_FEE,50,MRU,439,PLATFORM,COLLECTED,2024-01-02T17:06:52.753Z
39736,94785,TX20241001247582,TRF_FEE,50,MRU,1521,PLATFORM,COLLECTED,2024-10-01T14:23:51.430Z
39737,94790,TX20240522500244,TRF_FEE,25,MRU,9377,PLATFORM,COLLECTED,2024-05-22T16:04:29.044Z
39738,94792,TX20241105899559,TRF_FEE,25,MRU,1127,PLATFORM,COLLECTED,2024-11-05T10:37:10.303Z
39739,94793,TX20241101664759,TRF_FEE,10,MRU,10109,PLATFORM,COLLECTED,2024-11-01T10:04:33.186Z
39740,94794,TX20241101266926,TRF_FEE,25,MRU,2370,PLATFORM,COLLECTED,2024-11-01T15:25:03.888Z
39741,94796,TX20240126022969,PAY_FEE,111,MRU,2294,MERCHANT,COLLECTED,2024-01-26T05:48:02.353Z
39742,94799,TX20240919155090,PAY_FEE,4,MRU,9880,MERCHANT,COLLECTED,2024-09-19T13:14:19.510Z
39743,94800,TX20241114001087,TRF_FEE,10,MRU,5290,PLATFORM,COLLECTED,2024-11-14T11:07:15.633Z
39744,94802,TX20240809124259,PAY_FEE,24,MRU,10508,MERCHANT,COLLECTED,2024-08-09T07:48:53.640Z
39745,94806,TX20240624339434,WIT_FEE,460,MRU,5945,PLATFORM,COLLECTED,2024-06-24T14:09:35.421Z
39746,94807,TX20240716313759,WIT_FEE,50,MRU,7666,PLATFORM,COLLECTED,2024-07-16T10:12:12.513Z
39747,94813,TX20240303516580,TRF_FEE,25,MRU,5672,PLATFORM,COLLECTED,2024-03-03T10:23:27.559Z
39748,94816,TX20241008990284,TRF_FEE,25,MRU,3416,PLATFORM,COLLECTED,2024-10-08T16:40:23.057Z
39749,94817,TX20240616320205,WIT_FEE,50,MRU,2510,PLATFORM,COLLECTED,2024-06-16T08:39:22.780Z
39750,94823,TX20240917702881,PAY_FEE,29,MRU,9039,MERCHANT,COLLECTED,2024-09-17T03:29:03.906Z
39751,94824,TX20241019105492,PAY_FEE,240,MRU,3087,MERCHANT,COLLECTED,2024-10-19T07:45:46.447Z
39752,94825,TX20241018444606,TRF_FEE,50,MRU,9739,PLATFORM,COLLECTED,2024-10-18T16:28:50.315Z
39753,94827,TX20240321009568,WIT_FEE,470,MRU,3837,PLATFORM,COLLECTED,2024-03-21T09:14:53.495Z
39754,94828,TX20241218357820,WIT_FEE,50,MRU,10668,PLATFORM,COLLECTED,2024-12-18T17:03:20.035Z
39755,94829,TX20241203723303,WIT_FEE,50,MRU,1427,PLATFORM,COLLECTED,2024-12-03T18:16:49.592Z
39756,94830,TX20240421816824,BIL_FEE,100,MRU,8533,PLATFORM,COLLECTED,2024-04-21T19:16:27.048Z
39757,94831,TX20240806605502,WIT_FEE,50,MRU,6624,PLATFORM,COLLECTED,2024-08-06T08:03:00.206Z
39758,94833,TX20241207022216,PAY_FEE,78,MRU,858,MERCHANT,COLLECTED,2024-12-07T15:06:56.483Z
39759,94836,TX20241214394876,TRF_FEE,50,MRU,2698,PLATFORM,COLLECTED,2024-12-14T17:27:16.241Z
39760,94838,TX20240501885262,WIT_FEE,50,MRU,456,PLATFORM,COLLECTED,2024-05-01T14:44:45.487Z
39761,94839,TX20240623337022,WIT_FEE,50,MRU,6460,PLATFORM,COLLECTED,2024-06-23T07:37:49.020Z
39762,94841,TX20241113095851,PAY_FEE,20,MRU,2738,MERCHANT,COLLECTED,2024-11-13T17:48:28.158Z
39763,94842,TX20240522860089,TRF_FEE,50,MRU,7549,PLATFORM,COLLECTED,2024-05-22T04:21:00.744Z
39764,94844,TX20240611888070,PAY_FEE,14,MRU,2079,MERCHANT,COLLECTED,2024-06-11T16:13:00.355Z
39765,94846,TX20240511617032,TRF_FEE,25,MRU,5526,PLATFORM,COLLECTED,2024-05-11T09:37:14.556Z
39766,94847,TX20241112041912,TRF_FEE,50,MRU,5510,PLATFORM,COLLECTED,2024-11-12T10:03:46.076Z
39767,94851,TX20241003970052,TRF_FEE,25,MRU,5840,PLATFORM,COLLECTED,2024-10-03T18:38:59.181Z
39768,94852,TX20240928645162,TRF_FEE,25,MRU,4663,PLATFORM,COLLECTED,2024-09-28T14:17:24.018Z
39769,94854,TX20240904825475,TRF_FEE,50,MRU,1877,PLATFORM,COLLECTED,2024-09-04T16:18:08.833Z
39770,94856,TX20241217258281,WIT_FEE,100,MRU,4540,PLATFORM,COLLECTED,2024-12-17T06:45:24.331Z
39771,94859,TX20240401447352,PAY_FEE,8,MRU,4209,MERCHANT,COLLECTED,2024-04-01T05:43:15.693Z
39772,94860,TX20241209324364,WIT_FEE,200,MRU,7920,PLATFORM,COLLECTED,2024-12-09T10:57:56.144Z
39773,94862,TX20240521623267,WIT_FEE,50,MRU,3266,PLATFORM,COLLECTED,2024-05-21T12:10:52.037Z
39774,94868,TX20241212329334,WIT_FEE,50,MRU,7740,PLATFORM,COLLECTED,2024-12-12T17:39:04.319Z
39775,94871,TX20240106934603,WIT_FEE,300,MRU,4390,PLATFORM,COLLECTED,2024-01-06T07:17:08.441Z
39776,94872,TX20240529404306,SAL_FEE,2110,MRU,5162,PLATFORM,COLLECTED,2024-05-29T04:28:08.841Z
39777,94876,TX20240815336901,WIT_FEE,50,MRU,4584,PLATFORM,COLLECTED,2024-08-15T06:42:25.277Z
39778,94877,TX20240919129534,WIT_FEE,86,MRU,528,PLATFORM,COLLECTED,2024-09-19T21:49:09.346Z
39779,94879,TX20240107137376,WIT_FEE,340,MRU,7617,PLATFORM,COLLECTED,2024-01-07T08:58:12.998Z
39780,94883,TX20240523631940,TRF_FEE,50,MRU,6005,PLATFORM,COLLECTED,2024-05-23T18:12:11.289Z
39781,94893,TX20240605892598,PAY_FEE,23,MRU,2781,MERCHANT,COLLECTED,2024-06-05T10:13:20.937Z
39782,94894,TX20240930878123,TRF_FEE,25,MRU,6202,PLATFORM,COLLECTED,2024-09-30T13:38:22.312Z
39783,94906,TX20240610800552,TRF_FEE,50,MRU,4553,PLATFORM,COLLECTED,2024-06-10T12:51:12.920Z
39784,94907,TX20240707093271,WIT_FEE,50,MRU,8496,PLATFORM,COLLECTED,2024-07-07T12:24:19.487Z
39785,94913,TX20240607980818,WIT_FEE,50,MRU,8698,PLATFORM,COLLECTED,2024-06-07T13:45:48.609Z
39786,94921,TX20240731727519,SAL_FEE,390,MRU,7042,PLATFORM,COLLECTED,2024-07-31T06:39:00.422Z
39787,94924,TX20240430865521,TRF_FEE,25,MRU,10061,PLATFORM,COLLECTED,2024-04-30T13:29:54.238Z
39788,94926,TX20240928128481,WIT_FEE,100,MRU,325,PLATFORM,COLLECTED,2024-09-28T12:35:14.936Z
39789,94927,TX20241230977982,SAL_FEE,1455,MRU,7115,PLATFORM,COLLECTED,2024-12-30T12:36:54.260Z
39790,94932,TX20240623135507,WIT_FEE,50,MRU,2016,PLATFORM,COLLECTED,2024-06-23T13:02:15.358Z
39791,94936,TX20240213244244,SAL_FEE,360,MRU,7890,PLATFORM,COLLECTED,2024-02-13T18:14:28.466Z
39792,94938,TX20240810057525,WIT_FEE,290,MRU,8624,PLATFORM,COLLECTED,2024-08-10T14:15:57.968Z
39793,94945,TX20240523506143,SAL_FEE,1660,MRU,2348,PLATFORM,COLLECTED,2024-05-23T09:12:30.875Z
39794,94947,TX20240310072374,SAL_FEE,2360,MRU,9348,PLATFORM,COLLECTED,2024-03-10T05:55:10.430Z
39795,94951,TX20241107599226,TRF_FEE,50,MRU,5222,PLATFORM,COLLECTED,2024-11-07T07:04:22.750Z
39796,94959,TX20240420958573,PAY_FEE,120,MRU,4423,MERCHANT,COLLECTED,2024-04-20T07:40:40.957Z
39797,94962,TX20240102943713,WIT_FEE,50,MRU,9545,PLATFORM,COLLECTED,2024-01-02T10:00:46.592Z
39798,94963,TX20240305948927,WIT_FEE,50,MRU,9877,PLATFORM,COLLECTED,2024-03-05T18:00:20.413Z
39799,94964,TX20240630308493,TRF_FEE,25,MRU,5405,PLATFORM,COLLECTED,2024-06-30T13:40:33.571Z
39800,94967,TX20241008598592,TRF_FEE,50,MRU,8523,PLATFORM,COLLECTED,2024-10-08T07:42:01.934Z
39801,94970,TX20240221341274,WIT_FEE,100,MRU,9400,PLATFORM,COLLECTED,2024-02-21T12:58:02.643Z
39802,94973,TX20240822833768,WIT_FEE,200,MRU,5350,PLATFORM,COLLECTED,2024-08-22T12:13:34.703Z
39803,94975,TX20241206225966,SAL_FEE,570,MRU,9087,PLATFORM,COLLECTED,2024-12-06T09:44:56.086Z
39804,94981,TX20240409834975,TRF_FEE,25,MRU,10302,PLATFORM,COLLECTED,2024-04-09T10:17:00.928Z
39805,94982,TX20240719432533,PAY_FEE,35,MRU,9271,MERCHANT,COLLECTED,2024-07-19T09:43:44.179Z
39806,94984,TX20240112174648,PAY_FEE,63,MRU,959,MERCHANT,COLLECTED,2024-01-12T20:23:44.547Z
39807,94988,TX20240219959603,PAY_FEE,45,MRU,6647,MERCHANT,COLLECTED,2024-02-19T14:31:26.213Z
39808,94989,TX20241009287976,TRF_FEE,10,MRU,3765,PLATFORM,COLLECTED,2024-10-09T18:51:19.280Z
39809,94993,TX20240224666836,PAY_FEE,17,MRU,107,MERCHANT,COLLECTED,2024-02-24T14:41:46.990Z
39810,94997,TX20240417272549,WIT_FEE,50,MRU,1009,PLATFORM,COLLECTED,2024-04-17T05:44:25.714Z
39811,94998,TX20240906070254,TRF_FEE,50,MRU,6835,PLATFORM,COLLECTED,2024-09-06T17:42:45.468Z
39812,94999,TX20240805861140,TRF_FEE,50,MRU,627,PLATFORM,COLLECTED,2024-08-05T15:51:40.392Z
39813,95001,TX20241201830719,SAL_FEE,2415,MRU,588,PLATFORM,COLLECTED,2024-12-01T16:11:15.792Z
39814,95003,TX20240324799417,TRF_FEE,50,MRU,260,PLATFORM,COLLECTED,2024-03-24T09:55:08.918Z
39815,95006,TX20240103057743,PAY_FEE,180,MRU,557,MERCHANT,COLLECTED,2024-01-03T17:23:12.973Z
39816,95011,TX20241022106882,TRF_FEE,50,MRU,1910,PLATFORM,COLLECTED,2024-10-22T12:12:40.999Z
39817,95012,TX20241202314684,WIT_FEE,190,MRU,6598,PLATFORM,COLLECTED,2024-12-02T18:29:56.434Z
39818,95013,TX20240401747494,BIL_FEE,100,MRU,8023,PLATFORM,COLLECTED,2024-04-01T10:34:36.387Z
39819,95015,TX20240919449275,PAY_FEE,60,MRU,4946,MERCHANT,COLLECTED,2024-09-19T10:40:02.631Z
39820,95016,TX20240112599468,TRF_FEE,25,MRU,212,PLATFORM,COLLECTED,2024-01-12T09:38:24.531Z
39821,95017,TX20240612807641,TRF_FEE,25,MRU,7801,PLATFORM,COLLECTED,2024-06-12T17:56:07.210Z
39822,95018,TX20240509530046,WIT_FEE,52,MRU,2911,PLATFORM,COLLECTED,2024-05-09T15:24:01.031Z
39823,95022,TX20240217195232,SAL_FEE,360,MRU,4787,PLATFORM,COLLECTED,2024-02-17T18:49:26.833Z
39824,95024,TX20240412472144,TRF_FEE,25,MRU,7821,PLATFORM,COLLECTED,2024-04-12T09:12:23.950Z
39825,95027,TX20241020006783,SAL_FEE,885,MRU,8125,PLATFORM,COLLECTED,2024-10-20T18:11:59.824Z
39826,95031,TX20241213221044,TRF_FEE,25,MRU,8803,PLATFORM,COLLECTED,2024-12-13T11:24:56.453Z
39827,95034,TX20240408693163,PAY_FEE,180,MRU,10324,MERCHANT,COLLECTED,2024-04-08T13:48:34.609Z
39828,95035,TX20240818378640,WIT_FEE,50,MRU,5522,PLATFORM,COLLECTED,2024-08-18T08:40:35.230Z
39829,95037,TX20241016201462,TRF_FEE,25,MRU,7702,PLATFORM,COLLECTED,2024-10-16T13:21:17.597Z
39830,95039,TX20240718555184,WIT_FEE,50,MRU,562,PLATFORM,COLLECTED,2024-07-18T05:20:36.054Z
39831,95040,TX20240924083691,TRF_FEE,50,MRU,3538,PLATFORM,COLLECTED,2024-09-24T21:55:53.523Z
39832,95041,TX20240402651164,TRF_FEE,50,MRU,4547,PLATFORM,COLLECTED,2024-04-02T09:55:48.583Z
39833,95042,TX20241116186231,WIT_FEE,50,MRU,909,PLATFORM,COLLECTED,2024-11-16T18:43:06.520Z
39834,95044,TX20240219071282,SAL_FEE,1370,MRU,883,PLATFORM,COLLECTED,2024-02-19T07:52:41.880Z
39835,95050,TX20241221426548,TRF_FEE,25,MRU,4687,PLATFORM,COLLECTED,2024-12-21T08:24:40.183Z
39836,95051,TX20241212318558,WIT_FEE,50,MRU,7740,PLATFORM,COLLECTED,2024-12-12T17:39:04.319Z
39837,95052,TX20241230403878,SAL_FEE,270,MRU,2110,PLATFORM,COLLECTED,2024-12-30T20:07:58.612Z
39838,95057,TX20240510726445,WIT_FEE,50,MRU,8740,PLATFORM,COLLECTED,2024-05-10T10:04:24.983Z
39839,95063,TX20241201467598,TRF_FEE,50,MRU,6464,PLATFORM,COLLECTED,2024-12-01T04:41:47.352Z
39840,95065,TX20241130700282,TRF_FEE,50,MRU,700,PLATFORM,COLLECTED,2024-11-30T12:46:53.540Z
39841,95066,TX20241215979942,WIT_FEE,50,MRU,4628,PLATFORM,COLLECTED,2024-12-15T08:11:17.541Z
39842,95070,TX20240403245801,PAY_FEE,8,MRU,7614,MERCHANT,COLLECTED,2024-04-03T05:18:09.427Z
39843,95073,TX20241206718068,TRF_FEE,50,MRU,275,PLATFORM,COLLECTED,2024-12-06T15:54:40.781Z
39844,95074,TX20241017983683,SAL_FEE,2300,MRU,6117,PLATFORM,COLLECTED,2024-10-17T12:10:21.488Z
39845,95077,TX20241129812968,TRF_FEE,25,MRU,7030,PLATFORM,COLLECTED,2024-11-29T20:30:44.584Z
39846,95078,TX20241001024398,WIT_FEE,50,MRU,6680,PLATFORM,COLLECTED,2024-10-01T07:43:07.697Z
39847,95079,TX20240426558103,WIT_FEE,50,MRU,10668,PLATFORM,COLLECTED,2024-04-26T07:51:43.072Z
39848,95080,TX20240108347050,TRF_FEE,25,MRU,1005,PLATFORM,COLLECTED,2024-01-08T07:05:03.406Z
39849,95081,TX20240330850670,PAY_FEE,7,MRU,3237,MERCHANT,COLLECTED,2024-03-30T15:27:05.430Z
39850,95084,TX20240204711072,SAL_FEE,1025,MRU,1949,PLATFORM,COLLECTED,2024-02-04T17:12:43.373Z
39851,95086,TX20240317903943,WIT_FEE,50,MRU,4057,PLATFORM,COLLECTED,2024-03-17T14:39:47.783Z
39852,95090,TX20240125769540,TRF_FEE,25,MRU,3940,PLATFORM,COLLECTED,2024-01-25T11:04:57.939Z
39853,95092,TX20240704062259,TRF_FEE,50,MRU,3526,PLATFORM,COLLECTED,2024-07-04T07:40:55.811Z
39854,95098,TX20240427490032,PAY_FEE,50,MRU,8704,MERCHANT,COLLECTED,2024-04-27T06:44:23.554Z
39855,95103,TX20241003057357,WIT_FEE,50,MRU,8498,PLATFORM,COLLECTED,2024-10-03T13:26:05.924Z
39856,95108,TX20240911991219,WIT_FEE,100,MRU,9921,PLATFORM,COLLECTED,2024-09-11T13:31:38.234Z
39857,95109,TX20240108343127,PAY_FEE,13,MRU,6029,MERCHANT,COLLECTED,2024-01-08T16:38:23.743Z
39858,95111,TX20240628126214,PAY_FEE,14,MRU,3644,MERCHANT,COLLECTED,2024-06-28T08:01:42.697Z
39859,95118,TX20240709743069,TRF_FEE,25,MRU,6642,PLATFORM,COLLECTED,2024-07-09T11:17:39.227Z
39860,95125,TX20240217614506,TRF_FEE,25,MRU,17,PLATFORM,COLLECTED,2024-02-17T12:33:39.184Z
39861,95129,TX20240127353222,TRF_FEE,50,MRU,5482,PLATFORM,COLLECTED,2024-01-27T18:23:55.397Z
39862,95132,TX20240118999583,WIT_FEE,180,MRU,7423,PLATFORM,COLLECTED,2024-01-18T08:41:46.269Z
39863,95139,TX20240509758030,PAY_FEE,27,MRU,1136,MERCHANT,COLLECTED,2024-05-09T11:42:19.560Z
39864,95140,TX20241122889581,WIT_FEE,100,MRU,786,PLATFORM,COLLECTED,2024-11-22T15:27:59.822Z
39865,95146,TX20241207700770,TRF_FEE,25,MRU,75,PLATFORM,COLLECTED,2024-12-07T14:20:10.915Z
39866,95149,TX20240414945211,TRF_FEE,50,MRU,9766,PLATFORM,COLLECTED,2024-04-14T14:03:31.759Z
39867,95151,TX20240429695760,TRF_FEE,25,MRU,555,PLATFORM,COLLECTED,2024-04-29T14:46:01.679Z
39868,95153,TX20240405530611,PAY_FEE,20,MRU,8129,MERCHANT,COLLECTED,2024-04-05T13:05:57.324Z
39869,95156,TX20240711184551,TRF_FEE,25,MRU,5207,PLATFORM,COLLECTED,2024-07-11T07:34:42.483Z
39870,95159,TX20240323466170,TRF_FEE,10,MRU,461,PLATFORM,COLLECTED,2024-03-23T19:43:52.675Z
39871,95161,TX20240628738868,TRF_FEE,50,MRU,5154,PLATFORM,COLLECTED,2024-06-28T12:07:00.072Z
39872,95164,TX20240104598275,WIT_FEE,50,MRU,1472,PLATFORM,COLLECTED,2024-01-04T19:56:42.481Z
39873,95167,TX20240112815085,PAY_FEE,63,MRU,959,MERCHANT,COLLECTED,2024-01-12T20:23:44.547Z
39874,95169,TX20240621217370,PAY_FEE,135,MRU,421,MERCHANT,COLLECTED,2024-06-21T06:13:18.552Z
39875,95171,TX20240327460125,WIT_FEE,50,MRU,5881,PLATFORM,COLLECTED,2024-03-27T10:50:08.566Z
39876,95173,TX20240205274715,TRF_FEE,50,MRU,5360,PLATFORM,COLLECTED,2024-02-05T21:26:13.799Z
39877,95181,TX20241001251125,PAY_FEE,53,MRU,6885,MERCHANT,COLLECTED,2024-10-01T11:37:36.828Z
39878,95182,TX20241112752875,PAY_FEE,18,MRU,1210,MERCHANT,COLLECTED,2024-11-12T15:23:03.308Z
39879,95185,TX20240921974126,PAY_FEE,42,MRU,10166,MERCHANT,COLLECTED,2024-09-21T09:06:49.567Z
39880,95188,TX20240120266358,TRF_FEE,25,MRU,5074,PLATFORM,COLLECTED,2024-01-20T15:54:11.152Z
39881,95191,TX20241129663164,PAY_FEE,47,MRU,3,MERCHANT,COLLECTED,2024-11-29T14:32:30.755Z
39882,95202,TX20241109759871,TRF_FEE,10,MRU,5536,PLATFORM,COLLECTED,2024-11-09T14:08:38.101Z
39883,95206,TX20240429401252,PAY_FEE,33,MRU,3014,MERCHANT,COLLECTED,2024-04-29T05:57:54.130Z
39884,95207,TX20240424821470,WIT_FEE,50,MRU,9865,PLATFORM,COLLECTED,2024-04-24T07:23:57.709Z
39885,95208,TX20241124355895,PAY_FEE,11,MRU,1813,MERCHANT,COLLECTED,2024-11-24T16:17:31.141Z
39886,95212,TX20240704192354,TRF_FEE,10,MRU,6952,PLATFORM,COLLECTED,2024-07-04T06:24:21.328Z
39887,95215,TX20241115860259,WIT_FEE,100,MRU,1263,PLATFORM,COLLECTED,2024-11-15T15:09:20.919Z
39888,95218,TX20240625338981,TRF_FEE,50,MRU,8334,PLATFORM,COLLECTED,2024-06-25T09:25:17.346Z
39889,95220,TX20240715532209,WIT_FEE,200,MRU,5868,PLATFORM,COLLECTED,2024-07-15T15:41:03.063Z
39890,95225,TX20241230149473,WIT_FEE,50,MRU,5110,PLATFORM,COLLECTED,2024-12-30T12:26:31.592Z
39891,95227,TX20241025196558,TRF_FEE,25,MRU,10923,PLATFORM,COLLECTED,2024-10-25T11:23:19.497Z
39892,95228,TX20240820224557,TRF_FEE,25,MRU,7499,PLATFORM,COLLECTED,2024-08-20T13:15:59.336Z
39893,95235,TX20240906851703,WIT_FEE,200,MRU,7824,PLATFORM,COLLECTED,2024-09-06T08:16:54.724Z
39894,95238,TX20240625758514,TRF_FEE,50,MRU,10049,PLATFORM,COLLECTED,2024-06-25T08:57:54.404Z
39895,95245,TX20240107314455,WIT_FEE,340,MRU,7617,PLATFORM,COLLECTED,2024-01-07T08:58:12.998Z
39896,95246,TX20241013126053,TRF_FEE,25,MRU,2350,PLATFORM,COLLECTED,2024-10-13T09:35:00.011Z
39897,95251,TX20240804267355,TRF_FEE,50,MRU,9528,PLATFORM,COLLECTED,2024-08-04T14:29:53.146Z
39898,95253,TX20240403018193,PAY_FEE,8,MRU,7614,MERCHANT,COLLECTED,2024-04-03T05:18:09.427Z
39899,95259,TX20241027028032,TRF_FEE,50,MRU,2572,PLATFORM,COLLECTED,2024-10-27T21:46:25.435Z
39900,95267,TX20240204489348,SAL_FEE,1025,MRU,1949,PLATFORM,COLLECTED,2024-02-04T17:12:43.373Z
39901,95268,TX20240106866233,PAY_FEE,10,MRU,9283,MERCHANT,COLLECTED,2024-01-06T05:47:38.796Z
39902,95269,TX20240317086199,WIT_FEE,50,MRU,4057,PLATFORM,COLLECTED,2024-03-17T14:39:47.783Z
39903,95270,TX20241016621229,TRF_FEE,10,MRU,4847,PLATFORM,COLLECTED,2024-10-16T10:08:31.511Z
39904,95271,TX20240402492597,TRF_FEE,25,MRU,10050,PLATFORM,COLLECTED,2024-04-02T04:48:20.295Z
39905,95275,TX20240314759293,TRF_FEE,10,MRU,6427,PLATFORM,COLLECTED,2024-03-14T15:55:48.318Z
39906,95279,TX20240801561807,WIT_FEE,50,MRU,6826,PLATFORM,COLLECTED,2024-08-01T07:44:07.821Z
39907,95281,TX20240427172015,PAY_FEE,50,MRU,8704,MERCHANT,COLLECTED,2024-04-27T06:44:23.554Z
39908,95285,TX20241126705958,PAY_FEE,8,MRU,2438,MERCHANT,COLLECTED,2024-11-26T16:00:23.550Z
39909,95286,TX20241003375243,WIT_FEE,50,MRU,8498,PLATFORM,COLLECTED,2024-10-03T13:26:05.924Z
39910,95288,TX20240116200470,TRF_FEE,25,MRU,3797,PLATFORM,COLLECTED,2024-01-16T17:38:27.082Z
39911,95290,TX20240921980280,WIT_FEE,50,MRU,7269,PLATFORM,COLLECTED,2024-09-21T05:07:34.134Z
39912,95291,TX20240306449233,PAY_FEE,20,MRU,4132,MERCHANT,COLLECTED,2024-03-06T07:27:27.387Z
39913,95296,TX20240101901619,TRF_FEE,50,MRU,7479,PLATFORM,COLLECTED,2024-01-01T20:25:12.746Z
39914,95300,TX20241118466161,PAY_FEE,42,MRU,2326,MERCHANT,COLLECTED,2024-11-18T13:39:53.876Z
39915,95301,TX20240401310154,WIT_FEE,50,MRU,8014,PLATFORM,COLLECTED,2024-04-01T17:34:48.388Z
39916,95305,TX20240128914655,WIT_FEE,50,MRU,179,PLATFORM,COLLECTED,2024-01-28T15:07:23.943Z
39917,95306,TX20240929754029,PAY_FEE,72,MRU,1431,MERCHANT,COLLECTED,2024-09-29T13:21:36.536Z
39918,95310,TX20240301860693,PAY_FEE,30,MRU,2931,MERCHANT,COLLECTED,2024-03-01T17:46:22.914Z
39919,95316,TX20240322742523,WIT_FEE,200,MRU,6471,PLATFORM,COLLECTED,2024-03-22T05:51:13.445Z
39920,95319,TX20240116717608,TRF_FEE,50,MRU,809,PLATFORM,COLLECTED,2024-01-16T14:27:28.924Z
39921,95323,TX20240308091768,WIT_FEE,50,MRU,5369,PLATFORM,COLLECTED,2024-03-08T07:45:08.404Z
39922,95324,TX20240430161364,TRF_FEE,50,MRU,5638,PLATFORM,COLLECTED,2024-04-30T15:00:40.188Z
39923,95327,TX20240413096098,TRF_FEE,25,MRU,1206,PLATFORM,COLLECTED,2024-04-13T06:08:18.411Z
39924,95336,TX20240803830571,WIT_FEE,200,MRU,2443,PLATFORM,COLLECTED,2024-08-03T06:43:31.024Z
39925,95338,TX20240522147958,TRF_FEE,25,MRU,9377,PLATFORM,COLLECTED,2024-05-22T16:04:29.044Z
39926,95342,TX20240120407055,TRF_FEE,10,MRU,3902,PLATFORM,COLLECTED,2024-01-20T18:12:26.349Z
39927,95347,TX20240520677553,TRF_FEE,10,MRU,2674,PLATFORM,COLLECTED,2024-05-20T17:50:43.598Z
39928,95356,TX20240126465685,SAL_FEE,385,MRU,7172,PLATFORM,COLLECTED,2024-01-25T23:39:52.538Z
39929,95365,TX20240922920690,WIT_FEE,100,MRU,9505,PLATFORM,COLLECTED,2024-09-22T06:00:46.640Z
39930,95367,TX20241018982691,SAL_FEE,1160,MRU,204,PLATFORM,COLLECTED,2024-10-18T13:51:49.739Z
39931,95369,TX20241202051605,PAY_FEE,38,MRU,320,MERCHANT,COLLECTED,2024-12-02T13:23:23.684Z
39932,95374,TX20240716370804,TRF_FEE,50,MRU,6524,PLATFORM,COLLECTED,2024-07-16T12:45:00.794Z
39933,95377,TX20240318157413,TRF_FEE,50,MRU,2242,PLATFORM,COLLECTED,2024-03-18T15:59:10.680Z
39934,95378,TX20241211736625,TRF_FEE,50,MRU,3967,PLATFORM,COLLECTED,2024-12-11T11:35:46.372Z
39935,95379,TX20240521759849,TRF_FEE,50,MRU,10166,PLATFORM,COLLECTED,2024-05-21T15:29:40.445Z
39936,95384,TX20240407718016,TRF_FEE,50,MRU,340,PLATFORM,COLLECTED,2024-04-07T09:44:24.028Z
39937,95393,TX20241203497001,PAY_FEE,39,MRU,3128,MERCHANT,COLLECTED,2024-12-03T08:59:49.736Z
39938,95395,TX20240206617032,TRF_FEE,25,MRU,2760,PLATFORM,COLLECTED,2024-02-06T11:21:19.630Z
39939,95396,TX20241112968812,TRF_FEE,50,MRU,5510,PLATFORM,COLLECTED,2024-11-12T10:03:46.076Z
39940,95397,TX20240513823478,WIT_FEE,50,MRU,5173,PLATFORM,COLLECTED,2024-05-13T07:43:51.443Z
39941,95400,TX20240717026280,WIT_FEE,50,MRU,1929,PLATFORM,COLLECTED,2024-07-17T15:55:27.448Z
39942,95401,TX20241002113744,WIT_FEE,50,MRU,6602,PLATFORM,COLLECTED,2024-10-02T07:57:48.549Z
39943,95412,TX20240627635139,TRF_FEE,50,MRU,9445,PLATFORM,COLLECTED,2024-06-27T00:41:00.821Z
39944,95415,TX20240803382148,BIL_FEE,100,MRU,8216,PLATFORM,COLLECTED,2024-08-03T13:47:00.753Z
39945,95416,TX20240525501358,PAY_FEE,35,MRU,6600,MERCHANT,COLLECTED,2024-05-25T11:47:45.177Z
39946,95418,TX20240519403878,TRF_FEE,50,MRU,11009,PLATFORM,COLLECTED,2024-05-19T08:15:28.975Z
39947,95421,TX20240225824262,PAY_FEE,225,MRU,1483,MERCHANT,COLLECTED,2024-02-25T20:24:01.482Z
39948,95423,TX20240510461588,WIT_FEE,50,MRU,8740,PLATFORM,COLLECTED,2024-05-10T10:04:24.983Z
39949,95424,TX20240528949185,SAL_FEE,785,MRU,9884,PLATFORM,COLLECTED,2024-05-28T21:05:24.115Z
39950,95425,TX20240601336901,PAY_FEE,23,MRU,6486,MERCHANT,COLLECTED,2024-06-01T08:24:12.321Z
39951,95426,TX20240919244338,WIT_FEE,86,MRU,528,PLATFORM,COLLECTED,2024-09-19T21:49:09.346Z
39952,95429,TX20240105095600,BIL_FEE,100,MRU,109,PLATFORM,COLLECTED,2024-01-05T15:47:21.584Z
39953,95430,TX20240519114645,TRF_FEE,25,MRU,4952,PLATFORM,COLLECTED,2024-05-19T10:10:33.356Z
39954,95438,TX20240423342164,TRF_FEE,50,MRU,9806,PLATFORM,COLLECTED,2024-04-23T16:56:26.222Z
39955,95441,TX20241009244617,TRF_FEE,50,MRU,10543,PLATFORM,COLLECTED,2024-10-09T09:50:49.337Z
39956,95450,TX20241212136373,TRF_FEE,25,MRU,2395,PLATFORM,COLLECTED,2024-12-12T06:58:05.857Z
39957,95452,TX20240317306864,WIT_FEE,50,MRU,4057,PLATFORM,COLLECTED,2024-03-17T14:39:47.783Z
39958,95453,TX20240610412480,PAY_FEE,65,MRU,3446,MERCHANT,COLLECTED,2024-06-10T07:31:30.437Z
39959,95457,TX20240302575654,SAL_FEE,1695,MRU,863,PLATFORM,COLLECTED,2024-03-02T14:15:45.571Z
39960,95459,TX20240203408457,PAY_FEE,45,MRU,4687,MERCHANT,COLLECTED,2024-02-03T18:28:25.329Z
39961,95465,TX20240407945207,PAY_FEE,11,MRU,3321,MERCHANT,COLLECTED,2024-04-07T16:17:48.988Z
39962,95468,TX20240919705958,BIL_FEE,100,MRU,1344,PLATFORM,COLLECTED,2024-09-18T22:23:33.219Z
39963,95469,TX20241003466860,WIT_FEE,50,MRU,8498,PLATFORM,COLLECTED,2024-10-03T13:26:05.924Z
39964,95474,TX20240911540051,WIT_FEE,100,MRU,9921,PLATFORM,COLLECTED,2024-09-11T13:31:38.234Z
39965,95478,TX20240810672757,PAY_FEE,17,MRU,9125,MERCHANT,COLLECTED,2024-08-10T12:32:38.929Z
39966,95479,TX20240511973574,WIT_FEE,500,MRU,4863,PLATFORM,COLLECTED,2024-05-11T07:05:14.173Z
39967,95481,TX20240722135507,TRF_FEE,25,MRU,311,PLATFORM,COLLECTED,2024-07-22T05:15:21.181Z
39968,95485,TX20241226516784,PAY_FEE,8,MRU,5165,MERCHANT,COLLECTED,2024-12-26T07:54:14.476Z
39969,95486,TX20240624771920,WIT_FEE,50,MRU,2285,PLATFORM,COLLECTED,2024-06-24T21:16:50.059Z
39970,95487,TX20240726893420,WIT_FEE,50,MRU,5724,PLATFORM,COLLECTED,2024-07-26T16:47:05.745Z
39971,95490,TX20240112802871,PAY_FEE,18,MRU,659,MERCHANT,COLLECTED,2024-01-12T08:17:48.763Z
39972,95492,TX20240808001032,TRF_FEE,25,MRU,9676,PLATFORM,COLLECTED,2024-08-08T05:29:45.191Z
39973,95493,TX20240301777070,PAY_FEE,30,MRU,2931,MERCHANT,COLLECTED,2024-03-01T17:46:22.914Z
39974,95501,TX20240928489174,PAY_FEE,14,MRU,1292,MERCHANT,COLLECTED,2024-09-28T14:48:23.411Z
39975,95502,TX20240128760631,BIL_FEE,100,MRU,2168,PLATFORM,COLLECTED,2024-01-28T12:45:00.476Z
39976,95504,TX20240301841951,WIT_FEE,50,MRU,2931,PLATFORM,COLLECTED,2024-03-01T06:39:23.682Z
39977,95505,TX20240930894930,TRF_FEE,10,MRU,5411,PLATFORM,COLLECTED,2024-09-30T09:38:28.282Z
39978,95511,TX20241210024070,PAY_FEE,18,MRU,8437,MERCHANT,COLLECTED,2024-12-10T10:24:30.968Z
39979,95513,TX20240422413379,TRF_FEE,50,MRU,32,PLATFORM,COLLECTED,2024-04-22T05:36:00.333Z
39980,95516,TX20240617625735,WIT_FEE,65,MRU,2646,PLATFORM,COLLECTED,2024-06-17T06:15:01.070Z
39981,95521,TX20241109667773,WIT_FEE,500,MRU,2669,PLATFORM,COLLECTED,2024-11-09T07:29:02.849Z
39982,95522,TX20240415003002,SAL_FEE,1465,MRU,9112,PLATFORM,COLLECTED,2024-04-15T16:55:00.676Z
39983,95523,TX20240604840617,PAY_FEE,45,MRU,3368,MERCHANT,COLLECTED,2024-06-04T16:23:37.171Z
39984,95524,TX20240428332732,PAY_FEE,21,MRU,988,MERCHANT,COLLECTED,2024-04-28T06:33:11.916Z
39985,95535,TX20240119941606,PAY_FEE,32,MRU,9242,MERCHANT,COLLECTED,2024-01-19T14:43:21.637Z
39986,95542,TX20240314553521,TRF_FEE,50,MRU,9575,PLATFORM,COLLECTED,2024-03-14T15:12:34.542Z
39987,95546,TX20240409994933,PAY_FEE,12,MRU,18,MERCHANT,COLLECTED,2024-04-09T16:36:30.134Z
39988,95547,TX20240713522675,SAL_FEE,2385,MRU,977,PLATFORM,COLLECTED,2024-07-13T11:04:43.251Z
39989,95548,TX20240922052443,WIT_FEE,100,MRU,9505,PLATFORM,COLLECTED,2024-09-22T06:00:46.640Z
39990,95551,TX20240310908926,TRF_FEE,50,MRU,639,PLATFORM,COLLECTED,2024-03-10T15:43:26.691Z
39991,95555,TX20240103906209,PAY_FEE,180,MRU,557,MERCHANT,COLLECTED,2024-01-03T17:23:12.973Z
39992,95564,TX20240528068926,PAY_FEE,63,MRU,3368,MERCHANT,COLLECTED,2024-05-28T14:02:37.446Z
39993,95573,TX20240316869566,WIT_FEE,280,MRU,4370,PLATFORM,COLLECTED,2024-03-16T11:57:42.894Z
39994,95582,TX20240207776492,TRF_FEE,10,MRU,9557,PLATFORM,COLLECTED,2024-02-07T07:57:23.677Z
39995,95583,TX20241225218413,TRF_FEE,10,MRU,7638,PLATFORM,COLLECTED,2024-12-25T08:31:25.263Z
39996,95584,TX20240413083884,TRF_FEE,25,MRU,4191,PLATFORM,COLLECTED,2024-04-13T10:01:25.483Z
39997,95585,TX20240219053064,WIT_FEE,50,MRU,5529,PLATFORM,COLLECTED,2024-02-19T10:17:58.631Z
39998,95589,TX20240131249337,TRF_FEE,50,MRU,10109,PLATFORM,COLLECTED,2024-01-31T11:46:28.445Z
39999,95594,TX20240820987274,TRF_FEE,25,MRU,7499,PLATFORM,COLLECTED,2024-08-20T13:15:59.336Z
40000,95598,TX20240211572944,PAY_FEE,15,MRU,6645,MERCHANT,COLLECTED,2024-02-11T10:28:13.027Z
40001,95601,TX20240322851703,TRF_FEE,25,MRU,4471,PLATFORM,COLLECTED,2024-03-22T09:54:43.710Z
40002,95603,TX20241028140935,PAY_FEE,63,MRU,10308,MERCHANT,COLLECTED,2024-10-28T10:27:08.031Z
40003,95609,TX20240119244338,BIL_FEE,100,MRU,4395,PLATFORM,COLLECTED,2024-01-19T11:49:56.276Z
40004,95612,TX20240105962315,BIL_FEE,100,MRU,109,PLATFORM,COLLECTED,2024-01-05T15:47:21.584Z
40005,95613,TX20240528114645,WIT_FEE,50,MRU,2445,PLATFORM,COLLECTED,2024-05-28T07:33:21.447Z
40006,95615,TX20240901631940,PAY_FEE,33,MRU,3203,MERCHANT,COLLECTED,2024-09-01T10:57:12.194Z
40007,95619,TX20240113018193,WIT_FEE,100,MRU,3254,PLATFORM,COLLECTED,2024-01-13T09:09:25.690Z
40008,95622,TX20241127126739,TRF_FEE,25,MRU,324,PLATFORM,COLLECTED,2024-11-27T15:46:01.912Z
40009,95623,TX20240307137110,TRF_FEE,25,MRU,5746,PLATFORM,COLLECTED,2024-03-07T10:29:33.910Z
40010,95625,TX20240608788004,TRF_FEE,10,MRU,10253,PLATFORM,COLLECTED,2024-06-08T08:20:56.251Z
40011,95626,TX20240518241404,TRF_FEE,10,MRU,4200,PLATFORM,COLLECTED,2024-05-18T09:33:43.442Z
40012,95637,TX20241128268371,TRF_FEE,10,MRU,425,PLATFORM,COLLECTED,2024-11-28T15:09:32.131Z
40013,95641,TX20241110220350,WIT_FEE,50,MRU,2607,PLATFORM,COLLECTED,2024-11-10T14:53:50.977Z
40014,95646,TX20240101789903,SAL_FEE,370,MRU,4335,PLATFORM,COLLECTED,2024-01-01T17:44:31.027Z
40015,95650,TX20240526391027,TRF_FEE,10,MRU,9585,PLATFORM,COLLECTED,2024-05-26T08:28:03.520Z
40016,95654,TX20240802329673,TRF_FEE,25,MRU,9254,PLATFORM,COLLECTED,2024-08-02T14:27:18.099Z
40017,95655,TX20240604330281,TRF_FEE,25,MRU,7622,PLATFORM,COLLECTED,2024-06-04T11:24:32.933Z
40018,95658,TX20241224205049,SAL_FEE,1310,MRU,5305,PLATFORM,COLLECTED,2024-12-24T14:42:13.157Z
40019,95660,TX20241228639386,WIT_FEE,460,MRU,1511,PLATFORM,COLLECTED,2024-12-28T16:24:14.034Z
40020,95666,TX20240507968967,WIT_FEE,50,MRU,4088,PLATFORM,COLLECTED,2024-05-07T15:48:51.314Z
40021,95676,TX20240514777070,PAY_FEE,50,MRU,8566,MERCHANT,COLLECTED,2024-05-14T17:15:08.642Z
40022,95680,TX20240514599551,TRF_FEE,50,MRU,9536,PLATFORM,COLLECTED,2024-05-14T06:22:12.818Z
40023,95681,TX20240616056628,BIL_FEE,100,MRU,8908,PLATFORM,COLLECTED,2024-06-16T12:15:59.856Z
40024,95682,TX20240426889326,PAY_FEE,65,MRU,2488,MERCHANT,COLLECTED,2024-04-26T19:23:38.239Z
40025,95684,TX20240806245166,TRF_FEE,25,MRU,8988,PLATFORM,COLLECTED,2024-08-06T15:49:44.688Z
40026,95686,TX20240903009585,WIT_FEE,100,MRU,2586,PLATFORM,COLLECTED,2024-09-03T13:11:20.370Z
40027,95688,TX20241201167197,PAY_FEE,38,MRU,5303,MERCHANT,COLLECTED,2024-12-01T15:45:22.638Z
40028,95693,TX20240413805544,TRF_FEE,25,MRU,1206,PLATFORM,COLLECTED,2024-04-13T06:08:18.411Z
40029,95697,TX20241212977174,TRF_FEE,50,MRU,8740,PLATFORM,COLLECTED,2024-12-12T10:40:51.029Z
40030,95699,TX20240204137835,TRF_FEE,25,MRU,8080,PLATFORM,COLLECTED,2024-02-04T09:01:04.238Z
40031,95700,TX20240321551554,TRF_FEE,25,MRU,252,PLATFORM,COLLECTED,2024-03-21T06:38:17.112Z
40032,95710,TX20241128324166,TRF_FEE,10,MRU,8920,PLATFORM,COLLECTED,2024-11-28T19:44:04.024Z
40033,95719,TX20240808991958,TRF_FEE,50,MRU,8814,PLATFORM,COLLECTED,2024-08-08T10:48:48.533Z
40034,95720,TX20240428537097,SAL_FEE,1795,MRU,7371,PLATFORM,COLLECTED,2024-04-28T18:28:11.184Z
40035,95724,TX20241003531333,WIT_FEE,50,MRU,3616,PLATFORM,COLLECTED,2024-10-03T13:24:46.308Z
40036,95726,TX20241206649443,TRF_FEE,25,MRU,4787,PLATFORM,COLLECTED,2024-12-06T17:29:01.040Z
40037,95727,TX20241023134382,SAL_FEE,1380,MRU,3967,PLATFORM,COLLECTED,2024-10-23T10:28:20.565Z
40038,95728,TX20241220579958,BIL_FEE,100,MRU,6251,PLATFORM,COLLECTED,2024-12-20T10:07:04.555Z
40039,95732,TX20241227827131,WIT_FEE,100,MRU,3215,PLATFORM,COLLECTED,2024-12-27T15:33:23.274Z
40040,95738,TX20240119496073,SAL_FEE,1505,MRU,6593,PLATFORM,COLLECTED,2024-01-19T08:35:28.522Z
40041,95745,TX20240611370979,TRF_FEE,50,MRU,4992,PLATFORM,COLLECTED,2024-06-11T18:18:57.276Z
40042,95747,TX20240903533777,TRF_FEE,50,MRU,8626,PLATFORM,COLLECTED,2024-09-03T05:37:26.303Z
40043,95748,TX20240713809459,TRF_FEE,25,MRU,8026,PLATFORM,COLLECTED,2024-07-13T04:28:21.360Z
40044,95761,TX20240206787983,TRF_FEE,25,MRU,2760,PLATFORM,COLLECTED,2024-02-06T11:21:19.630Z
40045,95762,TX20240515968812,PAY_FEE,5,MRU,5816,MERCHANT,COLLECTED,2024-05-15T05:46:04.497Z
40046,95763,TX20240513784766,WIT_FEE,50,MRU,5173,PLATFORM,COLLECTED,2024-05-13T07:43:51.443Z
40047,95764,TX20240520084491,PAY_FEE,135,MRU,10132,MERCHANT,COLLECTED,2024-05-20T17:41:09.339Z
40048,95766,TX20241225456235,TRF_FEE,10,MRU,7638,PLATFORM,COLLECTED,2024-12-25T08:31:25.263Z
40049,95767,TX20240527338981,WIT_FEE,50,MRU,4791,PLATFORM,COLLECTED,2024-05-27T04:25:28.378Z
40050,95771,TX20240822153067,WIT_FEE,50,MRU,5854,PLATFORM,COLLECTED,2024-08-22T05:30:39.618Z
40051,95772,TX20240624249337,PAY_FEE,141,MRU,433,MERCHANT,COLLECTED,2024-06-24T10:55:10.830Z
40052,95775,TX20241113059171,PAY_FEE,56,MRU,4259,MERCHANT,COLLECTED,2024-11-13T07:19:20.649Z
40053,95776,TX20240322234933,TRF_FEE,25,MRU,5143,PLATFORM,COLLECTED,2024-03-22T14:24:26.816Z
40054,95779,TX20240319366052,TRF_FEE,25,MRU,5322,PLATFORM,COLLECTED,2024-03-19T08:12:45.446Z
40055,95780,TX20240202200122,PAY_FEE,62,MRU,5800,MERCHANT,COLLECTED,2024-02-02T11:30:45.847Z
40056,95781,TX20240929572944,PAY_FEE,47,MRU,2522,MERCHANT,COLLECTED,2024-09-29T15:06:19.471Z
40057,95784,TX20240322055525,TRF_FEE,25,MRU,4471,PLATFORM,COLLECTED,2024-03-22T09:54:43.710Z
40058,95787,TX20240901890774,PAY_FEE,420,MRU,10024,MERCHANT,COLLECTED,2024-09-01T13:28:15.962Z
40059,95792,TX20240118244338,WIT_FEE,470,MRU,4680,PLATFORM,COLLECTED,2024-01-18T15:09:54.050Z
40060,95794,TX20240319137376,SAL_FEE,1415,MRU,1227,PLATFORM,COLLECTED,2024-03-19T22:41:38.674Z
40061,95804,TX20240106243895,BIL_FEE,100,MRU,9426,PLATFORM,COLLECTED,2024-01-06T07:19:36.111Z
40062,95805,TX20241206824318,TRF_FEE,50,MRU,275,PLATFORM,COLLECTED,2024-12-06T15:54:40.781Z
40063,95809,TX20241129285716,TRF_FEE,25,MRU,7030,PLATFORM,COLLECTED,2024-11-29T20:30:44.584Z
40064,95810,TX20240229024398,PAY_FEE,27,MRU,7213,MERCHANT,COLLECTED,2024-02-29T16:07:41.604Z
40065,95811,TX20240426323500,WIT_FEE,50,MRU,10668,PLATFORM,COLLECTED,2024-04-26T07:51:43.072Z
40066,95819,TX20241016118818,TRF_FEE,10,MRU,4847,PLATFORM,COLLECTED,2024-10-16T10:08:31.511Z
40067,95823,TX20240302175109,SAL_FEE,1695,MRU,863,PLATFORM,COLLECTED,2024-03-02T14:15:45.571Z
40068,95824,TX20240704388945,TRF_FEE,50,MRU,3526,PLATFORM,COLLECTED,2024-07-04T07:40:55.811Z
40069,95828,TX20240801161842,WIT_FEE,50,MRU,6826,PLATFORM,COLLECTED,2024-08-01T07:44:07.821Z
40070,95833,TX20241201209317,TRF_FEE,50,MRU,9579,PLATFORM,COLLECTED,2024-12-01T15:47:43.476Z
40071,95838,TX20241122636929,SAL_FEE,990,MRU,3838,PLATFORM,COLLECTED,2024-11-22T07:25:03.842Z
40072,95839,TX20240924898295,WIT_FEE,50,MRU,3366,PLATFORM,COLLECTED,2024-09-23T22:43:28.016Z
40073,95843,TX20240323126214,WIT_FEE,50,MRU,5427,PLATFORM,COLLECTED,2024-03-23T08:50:09.818Z
40074,95845,TX20240511422555,WIT_FEE,500,MRU,4863,PLATFORM,COLLECTED,2024-05-11T07:05:14.173Z
40075,95849,TX20240702706725,BIL_FEE,100,MRU,7044,PLATFORM,COLLECTED,2024-07-02T08:38:46.322Z
40076,95852,TX20240928886428,TRF_FEE,50,MRU,9266,PLATFORM,COLLECTED,2024-09-28T08:28:59.283Z
40077,95855,TX20241223794610,TRF_FEE,50,MRU,6965,PLATFORM,COLLECTED,2024-12-23T15:35:50.295Z
40078,95860,TX20240318687178,PAY_FEE,27,MRU,6513,MERCHANT,COLLECTED,2024-03-18T14:02:30.378Z
40079,95861,TX20240629579730,WIT_FEE,50,MRU,3012,PLATFORM,COLLECTED,2024-06-29T15:13:33.782Z
40080,95869,TX20240905623604,TRF_FEE,50,MRU,3202,PLATFORM,COLLECTED,2024-09-05T15:35:46.869Z
40081,95870,TX20240920738399,TRF_FEE,10,MRU,5514,PLATFORM,COLLECTED,2024-09-20T10:33:44.580Z
40082,95871,TX20240420430069,SAL_FEE,1830,MRU,1483,PLATFORM,COLLECTED,2024-04-20T16:29:05.985Z
40083,95873,TX20240211859140,PAY_FEE,11,MRU,5277,MERCHANT,COLLECTED,2024-02-11T11:50:35.893Z
40084,95874,TX20240902679236,TRF_FEE,25,MRU,6629,PLATFORM,COLLECTED,2024-09-02T19:23:02.366Z
40085,95875,TX20240828886075,TRF_FEE,25,MRU,8553,PLATFORM,COLLECTED,2024-08-28T08:53:47.501Z
40086,95878,TX20241207139692,TRF_FEE,25,MRU,75,PLATFORM,COLLECTED,2024-12-07T14:20:10.915Z
40087,95879,TX20240831333532,TRF_FEE,50,MRU,3043,PLATFORM,COLLECTED,2024-08-31T12:34:29.157Z
40088,95882,TX20240415070883,TRF_FEE,25,MRU,6953,PLATFORM,COLLECTED,2024-04-15T17:53:51.554Z
40089,95885,TX20240221589024,WIT_FEE,100,MRU,9400,PLATFORM,COLLECTED,2024-02-21T12:58:02.643Z
40090,95886,TX20241001966850,WIT_FEE,50,MRU,6370,PLATFORM,COLLECTED,2024-10-01T08:44:07.286Z
40091,95887,TX20240718423234,TRF_FEE,10,MRU,3681,PLATFORM,COLLECTED,2024-07-18T07:11:12.337Z
40092,95894,TX20241105525715,TRF_FEE,25,MRU,1337,PLATFORM,COLLECTED,2024-11-05T18:17:43.828Z
40093,95897,TX20240509431611,TRF_FEE,50,MRU,5318,PLATFORM,COLLECTED,2024-05-09T15:44:10.839Z
40094,95899,TX20240917883584,WIT_FEE,50,MRU,6068,PLATFORM,COLLECTED,2024-09-17T04:58:23.749Z
40095,95906,TX20240329866380,TRF_FEE,25,MRU,905,PLATFORM,COLLECTED,2024-03-29T14:46:25.603Z
40096,95907,TX20240913909810,TRF_FEE,25,MRU,10384,PLATFORM,COLLECTED,2024-09-13T07:49:26.264Z
40097,95910,TX20241001812947,SAL_FEE,1775,MRU,926,PLATFORM,COLLECTED,2024-10-01T15:58:02.070Z
40098,95913,TX20241001089712,PAY_FEE,53,MRU,6885,MERCHANT,COLLECTED,2024-10-01T11:37:36.828Z
40099,95914,TX20240902990284,PAY_FEE,72,MRU,5489,MERCHANT,COLLECTED,2024-09-02T10:03:18.110Z
40100,95915,TX20240616671076,WIT_FEE,50,MRU,2510,PLATFORM,COLLECTED,2024-06-16T08:39:22.780Z
40101,95916,TX20240120210424,PAY_FEE,8,MRU,10528,MERCHANT,COLLECTED,2024-01-20T20:22:57.429Z
40102,95920,TX20240527442109,TRF_FEE,50,MRU,4965,PLATFORM,COLLECTED,2024-05-27T08:25:57.788Z
40103,95923,TX20240816194957,BIL_FEE,100,MRU,8770,PLATFORM,COLLECTED,2024-08-16T12:30:45.000Z
40104,95925,TX20241204145262,TRF_FEE,25,MRU,5355,PLATFORM,COLLECTED,2024-12-04T16:29:59.467Z
40105,95926,TX20240816805231,PAY_FEE,32,MRU,11017,MERCHANT,COLLECTED,2024-08-16T16:32:12.681Z
40106,95930,TX20240711883625,TRF_FEE,25,MRU,1889,PLATFORM,COLLECTED,2024-07-11T09:59:02.530Z
40107,95932,TX20240612130293,TRF_FEE,25,MRU,7801,PLATFORM,COLLECTED,2024-06-12T17:56:07.210Z
40108,95937,TX20240217631458,SAL_FEE,360,MRU,4787,PLATFORM,COLLECTED,2024-02-17T18:49:26.833Z
40109,95938,TX20240429655788,PAY_FEE,33,MRU,3014,MERCHANT,COLLECTED,2024-04-29T05:57:54.130Z
40110,95939,TX20240316821470,WIT_FEE,280,MRU,4370,PLATFORM,COLLECTED,2024-03-16T11:57:42.894Z
40111,95940,TX20241124001785,PAY_FEE,11,MRU,1813,MERCHANT,COLLECTED,2024-11-24T16:17:31.141Z
40112,95945,TX20240515494769,PAY_FEE,5,MRU,5816,MERCHANT,COLLECTED,2024-05-15T05:46:04.497Z
40113,95947,TX20240907051143,PAY_FEE,11,MRU,4650,MERCHANT,COLLECTED,2024-09-07T07:20:55.114Z
40114,95949,TX20240926408122,TRF_FEE,50,MRU,742,PLATFORM,COLLECTED,2024-09-26T18:27:26.173Z
40115,95951,TX20241104957440,WIT_FEE,50,MRU,4902,PLATFORM,COLLECTED,2024-11-04T11:25:54.434Z
40116,95952,TX20241028855974,PAY_FEE,165,MRU,1327,MERCHANT,COLLECTED,2024-10-28T09:48:02.970Z
40117,95958,TX20241113141220,PAY_FEE,56,MRU,4259,MERCHANT,COLLECTED,2024-11-13T07:19:20.649Z
40118,95959,TX20240803902255,WIT_FEE,50,MRU,4337,PLATFORM,COLLECTED,2024-08-03T10:26:48.464Z
40119,95961,TX20241218718309,TRF_FEE,25,MRU,4141,PLATFORM,COLLECTED,2024-12-18T13:46:09.721Z
40120,95964,TX20240926642524,PAY_FEE,270,MRU,298,MERCHANT,COLLECTED,2024-09-26T06:19:28.227Z
40121,95968,TX20240528705175,TRF_FEE,25,MRU,5418,PLATFORM,COLLECTED,2024-05-28T15:24:46.419Z
40122,95969,TX20240503059538,TRF_FEE,50,MRU,1586,PLATFORM,COLLECTED,2024-05-03T15:49:18.460Z
40123,95975,TX20240118734868,WIT_FEE,470,MRU,4680,PLATFORM,COLLECTED,2024-01-18T15:09:54.050Z
40124,95978,TX20241201161350,TRF_FEE,50,MRU,6464,PLATFORM,COLLECTED,2024-12-01T04:41:47.352Z
40125,95979,TX20240202654335,BIL_FEE,100,MRU,4489,PLATFORM,COLLECTED,2024-02-02T21:08:34.381Z
40126,95986,TX20240712871465,PAY_FEE,285,MRU,5787,MERCHANT,COLLECTED,2024-07-12T06:49:25.009Z
40127,95989,TX20240708746802,BIL_FEE,100,MRU,1263,PLATFORM,COLLECTED,2024-07-08T05:27:33.294Z
40128,95991,TX20240608054006,TRF_FEE,10,MRU,10253,PLATFORM,COLLECTED,2024-06-08T08:20:56.251Z
40129,95992,TX20240424220347,WIT_FEE,50,MRU,2762,PLATFORM,COLLECTED,2024-04-24T13:43:26.379Z
40130,95993,TX20240303559483,PAY_FEE,8,MRU,9623,MERCHANT,COLLECTED,2024-03-03T21:43:58.381Z
40131,95994,TX20241001363350,WIT_FEE,50,MRU,3474,PLATFORM,COLLECTED,2024-10-01T12:55:12.162Z
40132,96001,TX20240512416926,WIT_FEE,50,MRU,9973,PLATFORM,COLLECTED,2024-05-12T08:16:42.368Z
40133,96004,TX20240121627465,WIT_FEE,130,MRU,10096,PLATFORM,COLLECTED,2024-01-21T20:26:43.962Z
40134,96008,TX20240430018499,TRF_FEE,25,MRU,9383,PLATFORM,COLLECTED,2024-04-30T07:54:54.187Z
40135,96011,TX20240919041217,WIT_FEE,50,MRU,4947,PLATFORM,COLLECTED,2024-09-19T15:59:08.612Z
40136,96014,TX20240618957637,TRF_FEE,25,MRU,22,PLATFORM,COLLECTED,2024-06-18T18:46:15.964Z
40137,96015,TX20240420914863,TRF_FEE,50,MRU,8303,PLATFORM,COLLECTED,2024-04-20T11:17:43.150Z
40138,96016,TX20240827326500,WIT_FEE,50,MRU,9771,PLATFORM,COLLECTED,2024-08-27T15:46:42.209Z
40139,96018,TX20240915567224,PAY_FEE,23,MRU,624,MERCHANT,COLLECTED,2024-09-15T13:52:28.907Z
40140,96019,TX20241001502417,PAY_FEE,2205,MRU,1177,MERCHANT,COLLECTED,2024-10-01T14:56:34.811Z
40141,96021,TX20240725933654,TRF_FEE,25,MRU,5738,PLATFORM,COLLECTED,2024-07-25T15:30:56.319Z
40142,96031,TX20240922609568,TRF_FEE,25,MRU,865,PLATFORM,COLLECTED,2024-09-22T17:51:22.183Z
40143,96039,TX20240923439917,TRF_FEE,50,MRU,3043,PLATFORM,COLLECTED,2024-09-23T09:51:08.275Z
40144,96040,TX20240805225040,TRF_FEE,50,MRU,1698,PLATFORM,COLLECTED,2024-08-04T22:06:40.022Z
40145,96041,TX20240712985179,WIT_FEE,50,MRU,10828,PLATFORM,COLLECTED,2024-07-12T13:25:24.210Z
40146,96044,TX20240812014901,PAY_FEE,35,MRU,3531,MERCHANT,COLLECTED,2024-08-12T16:04:34.252Z
40147,96047,TX20241230529728,WIT_FEE,50,MRU,3506,PLATFORM,COLLECTED,2024-12-30T17:48:06.162Z
40148,96049,TX20240305211310,TRF_FEE,50,MRU,10277,PLATFORM,COLLECTED,2024-03-05T15:47:50.610Z
40149,96054,TX20240930651471,TRF_FEE,10,MRU,5411,PLATFORM,COLLECTED,2024-09-30T09:38:28.282Z
40150,96057,TX20241002057502,PAY_FEE,75,MRU,1386,MERCHANT,COLLECTED,2024-10-02T19:31:39.832Z
40151,96059,TX20240129805544,WIT_FEE,50,MRU,3404,PLATFORM,COLLECTED,2024-01-29T12:17:07.140Z
40152,96061,TX20240901774462,TRF_FEE,25,MRU,8981,PLATFORM,COLLECTED,2024-09-01T14:00:59.004Z
40153,96062,TX20240102751991,WIT_FEE,50,MRU,439,PLATFORM,COLLECTED,2024-01-02T17:06:52.753Z
40154,96066,TX20241018963958,PAY_FEE,57,MRU,7445,MERCHANT,COLLECTED,2024-10-18T14:08:22.572Z
40155,96067,TX20240111775631,TRF_FEE,50,MRU,9028,PLATFORM,COLLECTED,2024-01-11T14:21:55.512Z
40156,96072,TX20240207966066,WIT_FEE,50,MRU,820,PLATFORM,COLLECTED,2024-02-07T14:20:41.210Z
40157,96076,TX20241208508778,BIL_FEE,100,MRU,478,PLATFORM,COLLECTED,2024-12-08T16:04:01.807Z
40158,96079,TX20241208121099,WIT_FEE,50,MRU,4270,PLATFORM,COLLECTED,2024-12-08T16:03:15.500Z
40159,96081,TX20240529828772,WIT_FEE,50,MRU,5455,PLATFORM,COLLECTED,2024-05-29T13:16:42.630Z
40160,96084,TX20240521936548,WIT_FEE,360,MRU,8096,PLATFORM,COLLECTED,2024-05-21T14:13:09.608Z
40161,96093,TX20240318995711,SAL_FEE,1035,MRU,10894,PLATFORM,COLLECTED,2024-03-18T12:11:47.134Z
40162,96096,TX20240313671124,SAL_FEE,1765,MRU,8886,PLATFORM,COLLECTED,2024-03-13T12:35:23.321Z
40163,96098,TX20240725199749,WIT_FEE,50,MRU,3648,PLATFORM,COLLECTED,2024-07-25T13:27:10.267Z
40164,96104,TX20240113458503,PAY_FEE,24,MRU,10884,MERCHANT,COLLECTED,2024-01-13T08:35:00.202Z
40165,96105,TX20240826643507,TRF_FEE,25,MRU,1083,PLATFORM,COLLECTED,2024-08-26T07:50:13.991Z
40166,96107,TX20241016467480,PAY_FEE,32,MRU,10619,MERCHANT,COLLECTED,2024-10-16T19:59:49.888Z
40167,96112,TX20240108631625,TRF_FEE,10,MRU,9819,PLATFORM,COLLECTED,2024-01-08T17:48:06.399Z
40168,96114,TX20240914639247,PAY_FEE,42,MRU,7699,MERCHANT,COLLECTED,2024-09-14T08:06:27.850Z
40169,96121,TX20240316809891,WIT_FEE,280,MRU,4370,PLATFORM,COLLECTED,2024-03-16T11:57:42.894Z
40170,96125,TX20240207885824,TRF_FEE,50,MRU,2281,PLATFORM,COLLECTED,2024-02-07T13:09:41.580Z
40171,96127,TX20240411693967,TRF_FEE,50,MRU,690,PLATFORM,COLLECTED,2024-04-11T10:30:51.371Z
40172,96128,TX20240320633750,WIT_FEE,50,MRU,9458,PLATFORM,COLLECTED,2024-03-20T09:21:09.717Z
40173,96129,TX20240706597752,PAY_FEE,111,MRU,7574,MERCHANT,COLLECTED,2024-07-06T12:47:23.874Z
40174,96132,TX20240804810962,BIL_FEE,100,MRU,204,PLATFORM,COLLECTED,2024-08-04T15:39:17.402Z
40175,96133,TX20240811911740,PAY_FEE,26,MRU,6967,MERCHANT,COLLECTED,2024-08-11T07:05:07.330Z
40176,96134,TX20240820825475,WIT_FEE,50,MRU,3346,PLATFORM,COLLECTED,2024-08-20T07:29:40.815Z
40177,96140,TX20240429902877,TRF_FEE,50,MRU,6464,PLATFORM,COLLECTED,2024-04-29T13:17:41.182Z
40178,96141,TX20240219962216,SAL_FEE,1370,MRU,883,PLATFORM,COLLECTED,2024-02-19T07:52:41.880Z
40179,96142,TX20240908391800,SAL_FEE,2145,MRU,7884,PLATFORM,COLLECTED,2024-09-08T08:54:20.281Z
40180,96146,TX20240725795456,TRF_FEE,50,MRU,3388,PLATFORM,COLLECTED,2024-07-25T15:40:08.614Z
40181,96151,TX20240221934603,WIT_FEE,100,MRU,269,PLATFORM,COLLECTED,2024-02-21T11:23:44.593Z
40182,96152,TX20240529911297,SAL_FEE,2110,MRU,5162,PLATFORM,COLLECTED,2024-05-29T04:28:08.841Z
40183,96154,TX20240225113459,SAL_FEE,1170,MRU,869,PLATFORM,COLLECTED,2024-02-25T17:13:21.445Z
40184,96155,TX20240326668360,PAY_FEE,8,MRU,2149,MERCHANT,COLLECTED,2024-03-26T13:15:38.292Z
40185,96157,TX20241015556886,PAY_FEE,149,MRU,3752,MERCHANT,COLLECTED,2024-10-15T14:07:59.967Z
40186,96162,TX20241130435006,TRF_FEE,50,MRU,700,PLATFORM,COLLECTED,2024-11-30T12:46:53.540Z
40187,96165,TX20240629778695,TRF_FEE,25,MRU,1344,PLATFORM,COLLECTED,2024-06-29T17:08:51.625Z
40188,96168,TX20240712117254,PAY_FEE,285,MRU,5787,MERCHANT,COLLECTED,2024-07-12T06:49:25.009Z
40189,96171,TX20240627372458,WIT_FEE,50,MRU,5110,PLATFORM,COLLECTED,2024-06-27T12:54:31.048Z
40190,96172,TX20240918014965,WIT_FEE,50,MRU,1637,PLATFORM,COLLECTED,2024-09-18T17:04:17.191Z
40191,96174,TX20240518338944,TRF_FEE,10,MRU,4200,PLATFORM,COLLECTED,2024-05-18T09:33:43.442Z
40192,96180,TX20240910519328,SAL_FEE,1815,MRU,3636,PLATFORM,COLLECTED,2024-09-10T11:47:44.238Z
40193,96191,TX20240615812559,TRF_FEE,25,MRU,109,PLATFORM,COLLECTED,2024-06-15T18:25:31.423Z
40194,96195,TX20241001964463,WIT_FEE,50,MRU,10894,PLATFORM,COLLECTED,2024-10-01T08:49:17.810Z
40195,96197,TX20241201885845,TRF_FEE,50,MRU,9579,PLATFORM,COLLECTED,2024-12-01T15:47:43.476Z
40196,96198,TX20241116278577,WIT_FEE,50,MRU,4329,PLATFORM,COLLECTED,2024-11-16T17:54:43.002Z
40197,96200,TX20240308722308,TRF_FEE,50,MRU,6813,PLATFORM,COLLECTED,2024-03-08T12:09:11.115Z
40198,96205,TX20240813396642,WIT_FEE,50,MRU,8531,PLATFORM,COLLECTED,2024-08-13T14:08:23.681Z
40199,96209,TX20241210945722,PAY_FEE,630,MRU,7710,MERCHANT,COLLECTED,2024-12-10T12:06:01.118Z
40200,96211,TX20240104181806,TRF_FEE,25,MRU,6647,PLATFORM,COLLECTED,2024-01-04T09:25:16.121Z
40201,96212,TX20240101962153,TRF_FEE,10,MRU,10739,PLATFORM,COLLECTED,2024-01-01T07:33:41.910Z
40202,96214,TX20240131601191,TRF_FEE,50,MRU,5350,PLATFORM,COLLECTED,2024-01-31T11:00:38.176Z
40203,96217,TX20240306138334,TRF_FEE,25,MRU,7432,PLATFORM,COLLECTED,2024-03-06T08:49:06.233Z
40204,96218,TX20240919782445,TRF_FEE,25,MRU,8601,PLATFORM,COLLECTED,2024-09-19T16:36:56.210Z
40205,96223,TX20240825182274,SAL_FEE,1050,MRU,2106,PLATFORM,COLLECTED,2024-08-25T06:04:09.879Z
40206,96226,TX20240812390497,PAY_FEE,35,MRU,3531,MERCHANT,COLLECTED,2024-08-12T16:04:34.252Z
40207,96229,TX20240616148460,BIL_FEE,100,MRU,8908,PLATFORM,COLLECTED,2024-06-16T12:15:59.856Z
40208,96230,TX20241216038503,WIT_FEE,50,MRU,260,PLATFORM,COLLECTED,2024-12-16T10:38:14.224Z
40209,96232,TX20240908680939,PAY_FEE,13,MRU,11010,MERCHANT,COLLECTED,2024-09-08T16:23:24.117Z
40210,96236,TX20240516395005,PAY_FEE,17,MRU,1649,MERCHANT,COLLECTED,2024-05-16T14:28:16.489Z
40211,96237,TX20240223009942,PAY_FEE,12,MRU,8155,MERCHANT,COLLECTED,2024-02-23T11:29:33.756Z
40212,96241,TX20240706867285,PAY_FEE,89,MRU,3153,MERCHANT,COLLECTED,2024-07-06T11:19:04.473Z
40213,96242,TX20240526917511,WIT_FEE,420,MRU,2350,PLATFORM,COLLECTED,2024-05-26T12:58:45.352Z
40214,96247,TX20240204096197,TRF_FEE,25,MRU,8080,PLATFORM,COLLECTED,2024-02-04T09:01:04.238Z
40215,96250,TX20240803998820,WIT_FEE,200,MRU,2443,PLATFORM,COLLECTED,2024-08-03T06:43:31.024Z
40216,96251,TX20240503151683,TRF_FEE,50,MRU,8264,PLATFORM,COLLECTED,2024-05-03T18:11:57.568Z
40217,96252,TX20241109754822,WIT_FEE,500,MRU,2669,PLATFORM,COLLECTED,2024-11-09T07:29:02.849Z
40218,96256,TX20241101315870,TRF_FEE,25,MRU,2370,PLATFORM,COLLECTED,2024-11-01T15:25:03.888Z
40219,96259,TX20240710173689,WIT_FEE,50,MRU,126,PLATFORM,COLLECTED,2024-07-10T14:00:12.154Z
40220,96266,TX20240119031945,PAY_FEE,32,MRU,9242,MERCHANT,COLLECTED,2024-01-19T14:43:21.637Z
40221,96278,TX20240620059951,TRF_FEE,25,MRU,10476,PLATFORM,COLLECTED,2024-06-20T06:43:15.089Z
40222,96281,TX20241018430494,SAL_FEE,1160,MRU,204,PLATFORM,COLLECTED,2024-10-18T13:51:49.739Z
40223,96282,TX20240118802968,PAY_FEE,8,MRU,4966,MERCHANT,COLLECTED,2024-01-18T11:11:42.717Z
40224,96283,TX20241202824442,PAY_FEE,38,MRU,320,MERCHANT,COLLECTED,2024-12-02T13:23:23.684Z
40225,96287,TX20241113674075,TRF_FEE,50,MRU,7912,PLATFORM,COLLECTED,2024-11-13T14:50:23.411Z
40226,96288,TX20240816370804,BIL_FEE,100,MRU,8770,PLATFORM,COLLECTED,2024-08-16T12:30:45.000Z
40227,96293,TX20240609759849,WIT_FEE,230,MRU,5361,PLATFORM,COLLECTED,2024-06-09T13:36:23.727Z
40228,96296,TX20240107078572,TRF_FEE,50,MRU,4521,PLATFORM,COLLECTED,2024-01-07T11:01:16.634Z
40229,96298,TX20240208530046,WIT_FEE,50,MRU,4480,PLATFORM,COLLECTED,2024-02-08T15:16:21.743Z
40230,96300,TX20240314201005,WIT_FEE,50,MRU,7709,PLATFORM,COLLECTED,2024-03-14T08:57:26.908Z
40231,96309,TX20240206030579,TRF_FEE,25,MRU,2760,PLATFORM,COLLECTED,2024-02-06T11:21:19.630Z
40232,96312,TX20240520967292,PAY_FEE,135,MRU,10132,MERCHANT,COLLECTED,2024-05-20T17:41:09.339Z
40233,96316,TX20240423614517,PAY_FEE,23,MRU,6961,MERCHANT,COLLECTED,2024-04-23T06:22:17.980Z
40234,96318,TX20240911266069,TRF_FEE,50,MRU,8620,PLATFORM,COLLECTED,2024-09-11T10:50:07.368Z
40235,96325,TX20241211642833,WIT_FEE,50,MRU,8687,PLATFORM,COLLECTED,2024-12-11T10:25:04.716Z
40236,96329,TX20240926222452,PAY_FEE,270,MRU,298,MERCHANT,COLLECTED,2024-09-26T06:19:28.227Z
40237,96330,TX20241230670928,PAY_FEE,72,MRU,4723,MERCHANT,COLLECTED,2024-12-30T12:15:45.549Z
40238,96331,TX20240209090137,WIT_FEE,50,MRU,1593,PLATFORM,COLLECTED,2024-02-09T15:14:31.769Z
40239,96334,TX20241028059538,PAY_FEE,63,MRU,10308,MERCHANT,COLLECTED,2024-10-28T10:27:08.031Z
40240,96337,TX20240527486875,WIT_FEE,50,MRU,1246,PLATFORM,COLLECTED,2024-05-27T20:40:55.560Z
40241,96340,TX20240119734868,BIL_FEE,100,MRU,4395,PLATFORM,COLLECTED,2024-01-19T11:49:56.276Z
40242,96342,TX20240107598812,WIT_FEE,340,MRU,7617,PLATFORM,COLLECTED,2024-01-07T08:58:12.998Z
40243,96350,TX20240909172007,TRF_FEE,25,MRU,291,PLATFORM,COLLECTED,2024-09-09T08:07:49.894Z
40244,96359,TX20240428486247,TRF_FEE,25,MRU,9310,PLATFORM,COLLECTED,2024-04-28T10:21:33.168Z
40245,96363,TX20240129394072,PAY_FEE,23,MRU,2337,MERCHANT,COLLECTED,2024-01-29T09:18:03.519Z
40246,96367,TX20240527695314,TRF_FEE,10,MRU,4624,PLATFORM,COLLECTED,2024-05-27T10:25:16.389Z
40247,96372,TX20240415682533,WIT_FEE,50,MRU,10763,PLATFORM,COLLECTED,2024-04-15T16:34:53.845Z
40248,96373,TX20240612659249,WIT_FEE,200,MRU,5062,PLATFORM,COLLECTED,2024-06-12T06:37:25.801Z
40249,96374,TX20240601521916,TRF_FEE,10,MRU,1683,PLATFORM,COLLECTED,2024-06-01T14:26:47.548Z
40250,96377,TX20240101645401,SAL_FEE,370,MRU,4335,PLATFORM,COLLECTED,2024-01-01T17:44:31.027Z
40251,96382,TX20240601769641,TRF_FEE,50,MRU,790,PLATFORM,COLLECTED,2024-06-01T10:12:29.319Z
40252,96383,TX20240107062260,TRF_FEE,50,MRU,9529,PLATFORM,COLLECTED,2024-01-07T13:24:29.901Z
40253,96387,TX20240421528840,PAY_FEE,77,MRU,4132,MERCHANT,COLLECTED,2024-04-21T10:58:16.556Z
40254,96389,TX20240803703978,SAL_FEE,1250,MRU,5211,PLATFORM,COLLECTED,2024-08-03T15:13:09.479Z
40255,96393,TX20240223612868,WIT_FEE,50,MRU,1369,PLATFORM,COLLECTED,2024-02-23T18:47:25.043Z
40256,96394,TX20241120129125,TRF_FEE,10,MRU,107,PLATFORM,COLLECTED,2024-11-20T15:47:09.554Z
40257,96395,TX20240327146180,WIT_FEE,50,MRU,10336,PLATFORM,COLLECTED,2024-03-27T11:02:17.025Z
40258,96397,TX20240511453112,WIT_FEE,50,MRU,3459,PLATFORM,COLLECTED,2024-05-11T07:26:24.400Z
40259,96401,TX20241129107757,TRF_FEE,25,MRU,1925,PLATFORM,COLLECTED,2024-11-29T07:52:42.361Z
40260,96403,TX20240917486958,BIL_FEE,100,MRU,6416,PLATFORM,COLLECTED,2024-09-17T08:09:29.321Z
40261,96404,TX20240510024772,PAY_FEE,146,MRU,6979,MERCHANT,COLLECTED,2024-05-10T16:08:16.274Z
40262,96406,TX20240712858343,WIT_FEE,50,MRU,10828,PLATFORM,COLLECTED,2024-07-12T13:25:24.210Z
40263,96409,TX20240130372917,WIT_FEE,50,MRU,6412,PLATFORM,COLLECTED,2024-01-30T17:36:50.079Z
40264,96413,TX20240322736695,WIT_FEE,200,MRU,6471,PLATFORM,COLLECTED,2024-03-22T05:51:13.445Z
40265,96414,TX20240809450941,PAY_FEE,12,MRU,6740,MERCHANT,COLLECTED,2024-08-09T07:40:47.834Z
40266,96416,TX20241212460782,WIT_FEE,50,MRU,6731,PLATFORM,COLLECTED,2024-12-12T16:16:32.041Z
40267,96422,TX20241002074355,PAY_FEE,75,MRU,1386,MERCHANT,COLLECTED,2024-10-02T19:31:39.832Z
40268,96423,TX20240514186317,WIT_FEE,50,MRU,3408,PLATFORM,COLLECTED,2024-05-14T06:03:54.045Z
40269,96424,TX20240413739267,TRF_FEE,25,MRU,1206,PLATFORM,COLLECTED,2024-04-13T06:08:18.411Z
40270,96426,TX20240901914094,TRF_FEE,25,MRU,8981,PLATFORM,COLLECTED,2024-09-01T14:00:59.004Z
40271,96429,TX20240816748001,WIT_FEE,50,MRU,439,PLATFORM,COLLECTED,2024-08-16T15:46:44.315Z
40272,96430,TX20240924694100,WIT_FEE,240,MRU,1114,PLATFORM,COLLECTED,2024-09-24T13:32:04.686Z
40273,96432,TX20240707775631,TRF_FEE,25,MRU,3906,PLATFORM,COLLECTED,2024-07-07T12:30:01.575Z
40274,96435,TX20240603913787,SAL_FEE,2160,MRU,488,PLATFORM,COLLECTED,2024-06-03T09:51:04.499Z
40275,96437,TX20241105840617,TRF_FEE,25,MRU,1127,PLATFORM,COLLECTED,2024-11-05T10:37:10.303Z
40276,96438,TX20240428987934,PAY_FEE,21,MRU,988,MERCHANT,COLLECTED,2024-04-28T06:33:11.916Z
40277,96440,TX20240819565577,TRF_FEE,25,MRU,567,PLATFORM,COLLECTED,2024-08-19T04:26:25.539Z
40278,96444,TX20240701677553,WIT_FEE,50,MRU,6610,PLATFORM,COLLECTED,2024-07-01T09:52:50.718Z
40279,96445,TX20241005509584,WIT_FEE,50,MRU,2943,PLATFORM,COLLECTED,2024-10-05T10:52:25.125Z
40280,96446,TX20240529270102,WIT_FEE,50,MRU,4202,PLATFORM,COLLECTED,2024-05-29T15:54:41.053Z
40281,96452,TX20240817513544,WIT_FEE,50,MRU,9361,PLATFORM,COLLECTED,2024-08-17T12:27:33.573Z
40282,96455,TX20240417588745,WIT_FEE,50,MRU,3421,PLATFORM,COLLECTED,2024-04-17T15:34:24.783Z
40283,96459,TX20241117871903,SAL_FEE,1520,MRU,6147,PLATFORM,COLLECTED,2024-11-17T20:21:07.070Z
40284,96461,TX20240126815866,TRF_FEE,50,MRU,5574,PLATFORM,COLLECTED,2024-01-26T16:15:05.949Z
40285,96462,TX20240821081754,PAY_FEE,17,MRU,862,MERCHANT,COLLECTED,2024-08-21T16:14:45.990Z
40286,96463,TX20241227663077,WIT_FEE,100,MRU,3215,PLATFORM,COLLECTED,2024-12-27T15:33:23.274Z
40287,96464,TX20240926405214,PAY_FEE,12,MRU,8039,MERCHANT,COLLECTED,2024-09-26T04:24:07.202Z
40288,96467,TX20240528651966,PAY_FEE,195,MRU,3052,MERCHANT,COLLECTED,2024-05-28T09:31:44.862Z
40289,96468,TX20240527796639,TRF_FEE,50,MRU,4965,PLATFORM,COLLECTED,2024-05-27T08:25:57.788Z
40290,96471,TX20240716614414,TRF_FEE,50,MRU,6524,PLATFORM,COLLECTED,2024-07-16T12:45:00.794Z
40291,96473,TX20241228313116,TRF_FEE,50,MRU,10293,PLATFORM,COLLECTED,2024-12-28T12:29:01.426Z
40292,96478,TX20240903275835,TRF_FEE,50,MRU,8626,PLATFORM,COLLECTED,2024-09-03T05:37:26.303Z
40293,96479,TX20240108809459,TRF_FEE,50,MRU,10319,PLATFORM,COLLECTED,2024-01-08T12:21:21.727Z
40294,96483,TX20240314149102,WIT_FEE,50,MRU,7709,PLATFORM,COLLECTED,2024-03-14T08:57:26.908Z
40295,96488,TX20240312355895,WIT_FEE,50,MRU,5767,PLATFORM,COLLECTED,2024-03-12T17:54:47.293Z
40296,96495,TX20240706051912,PAY_FEE,111,MRU,7574,MERCHANT,COLLECTED,2024-07-06T12:47:23.874Z
40297,96497,TX20241203871064,PAY_FEE,7,MRU,5306,MERCHANT,COLLECTED,2024-12-03T12:26:10.067Z
40298,96498,TX20240506452333,WIT_FEE,50,MRU,6091,PLATFORM,COLLECTED,2024-05-06T15:12:57.810Z
40299,96502,TX20240713947952,TRF_FEE,10,MRU,3049,PLATFORM,COLLECTED,2024-07-13T15:06:26.258Z
40300,96505,TX20240709048418,TRF_FEE,10,MRU,441,PLATFORM,COLLECTED,2024-07-09T13:27:26.984Z
40301,96509,TX20241006232449,TRF_FEE,25,MRU,5868,PLATFORM,COLLECTED,2024-10-06T07:43:22.450Z
40302,96510,TX20240624404986,TRF_FEE,25,MRU,3338,PLATFORM,COLLECTED,2024-06-24T10:41:16.516Z
40303,96512,TX20240211699808,PAY_FEE,15,MRU,6645,MERCHANT,COLLECTED,2024-02-11T10:28:13.027Z
40304,96515,TX20241121864718,TRF_FEE,25,MRU,10094,PLATFORM,COLLECTED,2024-11-21T09:41:13.271Z
40305,96517,TX20240503563882,TRF_FEE,50,MRU,1586,PLATFORM,COLLECTED,2024-05-03T15:49:18.460Z
40306,96520,TX20240527700834,WIT_FEE,50,MRU,1246,PLATFORM,COLLECTED,2024-05-27T20:40:55.560Z
40307,96527,TX20240202182778,BIL_FEE,100,MRU,4489,PLATFORM,COLLECTED,2024-02-02T21:08:34.381Z
40308,96528,TX20241130542580,TRF_FEE,50,MRU,700,PLATFORM,COLLECTED,2024-11-30T12:46:53.540Z
40309,96532,TX20240607930030,PAY_FEE,99,MRU,10333,MERCHANT,COLLECTED,2024-06-07T16:53:20.097Z
40310,96534,TX20241111255936,WIT_FEE,270,MRU,8947,PLATFORM,COLLECTED,2024-11-11T20:26:24.157Z
40311,96537,TX20241017526218,SAL_FEE,2300,MRU,6117,PLATFORM,COLLECTED,2024-10-17T12:10:21.488Z
40312,96540,TX20241129643352,TRF_FEE,25,MRU,7030,PLATFORM,COLLECTED,2024-11-29T20:30:44.584Z
40313,96542,TX20240426448682,WIT_FEE,50,MRU,10668,PLATFORM,COLLECTED,2024-04-26T07:51:43.072Z
40314,96545,TX20241031465312,BIL_FEE,100,MRU,6442,PLATFORM,COLLECTED,2024-10-31T12:47:40.525Z
40315,96549,TX20240512657480,WIT_FEE,50,MRU,9973,PLATFORM,COLLECTED,2024-05-12T08:16:42.368Z
40316,96550,TX20240113271688,TRF_FEE,50,MRU,6427,PLATFORM,COLLECTED,2024-01-13T19:37:07.412Z
40317,96552,TX20240921350158,TRF_FEE,25,MRU,3338,PLATFORM,COLLECTED,2024-09-21T19:54:46.244Z
40318,96553,TX20241128975595,WIT_FEE,50,MRU,7511,PLATFORM,COLLECTED,2024-11-28T10:07:14.027Z
40319,96555,TX20241231235066,WIT_FEE,50,MRU,2200,PLATFORM,COLLECTED,2024-12-31T18:35:32.784Z
40320,96558,TX20240829332217,WIT_FEE,50,MRU,4548,PLATFORM,COLLECTED,2024-08-29T09:22:31.459Z
40321,96560,TX20240323778444,PAY_FEE,24,MRU,4723,MERCHANT,COLLECTED,2024-03-23T16:39:19.287Z
40322,96566,TX20240724153021,TRF_FEE,10,MRU,5942,PLATFORM,COLLECTED,2024-07-24T08:27:38.016Z
40323,96568,TX20240802761690,TRF_FEE,25,MRU,9254,PLATFORM,COLLECTED,2024-08-02T14:27:18.099Z
40324,96569,TX20240629907812,TRF_FEE,50,MRU,2026,PLATFORM,COLLECTED,2024-06-29T10:32:56.691Z
40325,96575,TX20240618203092,WIT_FEE,50,MRU,6161,PLATFORM,COLLECTED,2024-06-18T14:11:34.017Z
40326,96578,TX20240101279515,TRF_FEE,10,MRU,10739,PLATFORM,COLLECTED,2024-01-01T07:33:41.910Z
40327,96581,TX20240808235355,SAL_FEE,1165,MRU,454,PLATFORM,COLLECTED,2024-08-08T08:56:59.897Z
40328,96586,TX20240706608941,PAY_FEE,146,MRU,7426,MERCHANT,COLLECTED,2024-07-06T09:09:29.977Z
40329,96587,TX20240104661496,PAY_FEE,29,MRU,9685,MERCHANT,COLLECTED,2024-01-04T08:05:11.439Z
40330,96590,TX20241031914333,TRF_FEE,50,MRU,5477,PLATFORM,COLLECTED,2024-10-31T15:37:08.253Z
40331,96593,TX20240711969469,TRF_FEE,50,MRU,9836,PLATFORM,COLLECTED,2024-07-11T12:35:40.017Z
40332,96594,TX20240614978908,PAY_FEE,68,MRU,8215,MERCHANT,COLLECTED,2024-06-14T15:56:35.487Z
40333,96595,TX20241021692651,PAY_FEE,50,MRU,163,MERCHANT,COLLECTED,2024-10-21T06:09:18.921Z
40334,96597,TX20241111450941,PAY_FEE,60,MRU,1949,MERCHANT,COLLECTED,2024-11-11T12:32:49.606Z
40335,96602,TX20240519189857,TRF_FEE,25,MRU,7266,PLATFORM,COLLECTED,2024-05-19T11:30:51.919Z
40336,96618,TX20240128754822,PAY_FEE,66,MRU,2884,MERCHANT,COLLECTED,2024-01-28T13:02:50.241Z
40337,96622,TX20240829018076,PAY_FEE,30,MRU,4807,MERCHANT,COLLECTED,2024-08-29T10:03:53.213Z
40338,96633,TX20240616454645,WIT_FEE,50,MRU,5909,PLATFORM,COLLECTED,2024-06-16T13:26:48.806Z
40339,96634,TX20241214722235,WIT_FEE,50,MRU,7561,PLATFORM,COLLECTED,2024-12-14T12:11:11.668Z
40340,96635,TX20240522479823,PAY_FEE,66,MRU,1619,MERCHANT,COLLECTED,2024-05-22T05:53:03.540Z
40341,96638,TX20241012152187,TRF_FEE,25,MRU,4975,PLATFORM,COLLECTED,2024-10-12T08:19:33.949Z
40342,96640,TX20240111096995,TRF_FEE,50,MRU,1031,PLATFORM,COLLECTED,2024-01-11T06:25:18.381Z
40343,96643,TX20240107227919,SAL_FEE,1110,MRU,4878,PLATFORM,COLLECTED,2024-01-07T12:57:39.953Z
40344,96645,TX20241227686428,PAY_FEE,30,MRU,9859,MERCHANT,COLLECTED,2024-12-27T07:09:19.279Z
40345,96646,TX20240526565304,TRF_FEE,25,MRU,2605,PLATFORM,COLLECTED,2024-05-26T08:17:19.671Z
40346,96648,TX20240218421936,SAL_FEE,2285,MRU,8951,PLATFORM,COLLECTED,2024-02-18T13:08:15.188Z
40347,96650,TX20240618594048,WIT_FEE,50,MRU,2340,PLATFORM,COLLECTED,2024-06-18T14:18:26.026Z
40348,96651,TX20240608769208,WIT_FEE,50,MRU,2759,PLATFORM,COLLECTED,2024-06-08T07:50:40.266Z
40349,96652,TX20240128041426,WIT_FEE,50,MRU,6563,PLATFORM,COLLECTED,2024-01-28T14:42:02.164Z
40350,96657,TX20241025946470,TRF_FEE,25,MRU,2242,PLATFORM,COLLECTED,2024-10-25T09:05:48.003Z
40351,96659,TX20240407332278,WIT_FEE,50,MRU,737,PLATFORM,COLLECTED,2024-04-07T10:23:26.279Z
40352,96669,TX20241213620445,WIT_FEE,200,MRU,6241,PLATFORM,COLLECTED,2024-12-13T15:53:23.673Z
40353,96671,TX20241126348466,PAY_FEE,96,MRU,3252,MERCHANT,COLLECTED,2024-11-26T10:51:57.988Z
40354,96674,TX20240401617032,TRF_FEE,25,MRU,9561,PLATFORM,COLLECTED,2024-04-01T12:29:44.296Z
40355,96675,TX20241112494769,TRF_FEE,50,MRU,5510,PLATFORM,COLLECTED,2024-11-12T10:03:46.076Z
40356,96677,TX20240301202068,TRF_FEE,50,MRU,7120,PLATFORM,COLLECTED,2024-03-01T10:55:06.419Z
40357,96679,TX20240323026280,TRF_FEE,50,MRU,4969,PLATFORM,COLLECTED,2024-03-23T13:44:55.463Z
40358,96680,TX20241002452333,WIT_FEE,50,MRU,6602,PLATFORM,COLLECTED,2024-10-02T07:57:48.549Z
40359,96682,TX20241028467869,PAY_FEE,165,MRU,1327,MERCHANT,COLLECTED,2024-10-28T09:48:02.970Z
40360,96687,TX20240605695256,TRF_FEE,25,MRU,1377,PLATFORM,COLLECTED,2024-06-05T07:01:08.788Z
40361,96690,TX20241123020436,TRF_FEE,50,MRU,10879,PLATFORM,COLLECTED,2024-11-23T16:37:04.224Z
40362,96692,TX20240513516677,TRF_FEE,50,MRU,10032,PLATFORM,COLLECTED,2024-05-13T10:02:07.404Z
40363,96694,TX20240322635748,TRF_FEE,25,MRU,9581,PLATFORM,COLLECTED,2024-03-22T10:32:21.266Z
40364,96696,TX20240512145027,TRF_FEE,25,MRU,5787,PLATFORM,COLLECTED,2024-05-12T05:03:11.460Z
40365,96701,TX20241122212351,TRF_FEE,10,MRU,3562,PLATFORM,COLLECTED,2024-11-22T06:06:03.343Z
40366,96704,TX20240503092704,TRF_FEE,10,MRU,6479,PLATFORM,COLLECTED,2024-05-03T14:23:08.742Z
40367,96709,TX20240301662837,TRF_FEE,25,MRU,3457,PLATFORM,COLLECTED,2024-03-01T13:21:26.220Z
40368,96710,TX20241120117998,PAY_FEE,17,MRU,6522,MERCHANT,COLLECTED,2024-11-20T13:03:34.762Z
40369,96714,TX20240607271272,PAY_FEE,99,MRU,10333,MERCHANT,COLLECTED,2024-06-07T16:53:20.097Z
40370,96719,TX20241205137110,TRF_FEE,10,MRU,2005,PLATFORM,COLLECTED,2024-12-05T12:58:47.504Z
40371,96722,TX20240820465556,TRF_FEE,25,MRU,4903,PLATFORM,COLLECTED,2024-08-20T09:18:33.730Z
40372,96728,TX20240513274706,PAY_FEE,375,MRU,10892,MERCHANT,COLLECTED,2024-05-13T08:30:46.686Z
40373,96731,TX20240512882244,WIT_FEE,50,MRU,9973,PLATFORM,COLLECTED,2024-05-12T08:16:42.368Z
40374,96735,TX20240523352470,SAL_FEE,655,MRU,4066,PLATFORM,COLLECTED,2024-05-23T12:20:53.422Z
40375,96737,TX20240105430112,TRF_FEE,50,MRU,2968,PLATFORM,COLLECTED,2024-01-05T10:45:56.290Z
40376,96739,TX20241207465254,TRF_FEE,25,MRU,6891,PLATFORM,COLLECTED,2024-12-07T11:31:25.009Z
40377,96745,TX20240311476713,WIT_FEE,50,MRU,10842,PLATFORM,COLLECTED,2024-03-11T17:48:58.373Z
40378,96748,TX20240821062260,TRF_FEE,50,MRU,9950,PLATFORM,COLLECTED,2024-08-21T03:32:24.498Z
40379,96750,TX20240614452890,TRF_FEE,50,MRU,4092,PLATFORM,COLLECTED,2024-06-14T08:05:50.554Z
40380,96754,TX20241221358408,PAY_FEE,75,MRU,1747,MERCHANT,COLLECTED,2024-12-21T21:35:42.229Z
40381,96762,TX20240929459253,WIT_FEE,50,MRU,3991,PLATFORM,COLLECTED,2024-09-29T16:51:18.369Z
40382,96768,TX20240512570007,TRF_FEE,50,MRU,10474,PLATFORM,COLLECTED,2024-05-12T13:32:07.204Z
40383,96777,TX20240616625073,BIL_FEE,100,MRU,8908,PLATFORM,COLLECTED,2024-06-16T12:15:59.856Z
40384,96788,TX20240514343130,WIT_FEE,50,MRU,3408,PLATFORM,COLLECTED,2024-05-14T06:03:54.045Z
40385,96793,TX20241212192030,TRF_FEE,50,MRU,8740,PLATFORM,COLLECTED,2024-12-12T10:40:51.029Z
40386,96796,TX20240930952312,TRF_FEE,10,MRU,7668,PLATFORM,COLLECTED,2024-09-30T08:49:50.797Z
40387,96797,TX20240711236754,TRF_FEE,50,MRU,10140,PLATFORM,COLLECTED,2024-07-11T12:01:34.352Z
40388,96800,TX20240603667773,SAL_FEE,2160,MRU,488,PLATFORM,COLLECTED,2024-06-03T09:51:04.499Z
40389,96801,TX20240415408166,SAL_FEE,1465,MRU,9112,PLATFORM,COLLECTED,2024-04-15T16:55:00.676Z
40390,96802,TX20241105196125,TRF_FEE,25,MRU,1127,PLATFORM,COLLECTED,2024-11-05T10:37:10.303Z
40391,96804,TX20240902407055,TRF_FEE,10,MRU,9797,PLATFORM,COLLECTED,2024-09-02T16:39:25.053Z
40392,96806,TX20240126324166,PAY_FEE,111,MRU,2294,MERCHANT,COLLECTED,2024-01-26T05:48:02.353Z
40393,96809,TX20240501412426,WIT_FEE,50,MRU,3271,PLATFORM,COLLECTED,2024-05-01T12:53:52.010Z
40394,96820,TX20240417531333,WIT_FEE,50,MRU,3421,PLATFORM,COLLECTED,2024-04-17T15:34:24.783Z
40395,96824,TX20241220960156,BIL_FEE,100,MRU,6251,PLATFORM,COLLECTED,2024-12-20T10:07:04.555Z
40396,96826,TX20240620102669,TRF_FEE,25,MRU,10476,PLATFORM,COLLECTED,2024-06-20T06:43:15.089Z
40397,96832,TX20240427325015,TRF_FEE,10,MRU,3453,PLATFORM,COLLECTED,2024-04-27T12:44:51.275Z
40398,96833,TX20240602931756,WIT_FEE,50,MRU,9574,PLATFORM,COLLECTED,2024-06-02T19:47:26.150Z
40399,96838,TX20240113526294,TRF_FEE,50,MRU,2600,PLATFORM,COLLECTED,2024-01-13T11:55:17.219Z
40400,96846,TX20241206910920,PAY_FEE,8,MRU,1389,MERCHANT,COLLECTED,2024-12-06T16:41:50.156Z
40401,96852,TX20240412158251,TRF_FEE,25,MRU,7821,PLATFORM,COLLECTED,2024-04-12T09:12:23.950Z
40402,96853,TX20240709744501,WIT_FEE,220,MRU,9985,PLATFORM,COLLECTED,2024-07-09T07:09:15.117Z
40403,96860,TX20240708084491,TRF_FEE,50,MRU,1839,PLATFORM,COLLECTED,2024-07-08T16:23:52.687Z
40404,96862,TX20240307787227,SAL_FEE,1475,MRU,2520,PLATFORM,COLLECTED,2024-03-07T13:25:15.693Z
40405,96863,TX20240829440073,PAY_FEE,69,MRU,5345,MERCHANT,COLLECTED,2024-08-29T08:24:01.421Z
40406,96866,TX20240419573937,TRF_FEE,10,MRU,9244,PLATFORM,COLLECTED,2024-04-19T07:36:41.446Z
40407,96870,TX20241230788430,WIT_FEE,50,MRU,5110,PLATFORM,COLLECTED,2024-12-30T12:26:31.592Z
40408,96871,TX20241113458735,PAY_FEE,56,MRU,4259,MERCHANT,COLLECTED,2024-11-13T07:19:20.649Z
40409,96875,TX20240624909758,TRF_FEE,25,MRU,3338,PLATFORM,COLLECTED,2024-06-24T10:41:16.516Z
40410,96876,TX20240710766891,PAY_FEE,30,MRU,4086,MERCHANT,COLLECTED,2024-07-10T16:48:20.776Z
40411,96878,TX20241230466002,PAY_FEE,72,MRU,4723,MERCHANT,COLLECTED,2024-12-30T12:15:45.549Z
40412,96881,TX20241217822026,PAY_FEE,59,MRU,6163,MERCHANT,COLLECTED,2024-12-17T10:08:00.691Z
40413,96882,TX20240601140935,PAY_FEE,38,MRU,9111,MERCHANT,COLLECTED,2024-06-01T14:29:20.760Z
40414,96884,TX20240206115182,WIT_FEE,50,MRU,4521,PLATFORM,COLLECTED,2024-02-06T18:38:02.188Z
40415,96885,TX20240903309245,SAL_FEE,1525,MRU,1228,PLATFORM,COLLECTED,2024-09-03T18:33:06.151Z
40416,96888,TX20240229734868,TRF_FEE,25,MRU,10315,PLATFORM,COLLECTED,2024-02-29T18:03:25.827Z
40417,96896,TX20240804681984,TRF_FEE,50,MRU,9528,PLATFORM,COLLECTED,2024-08-04T14:29:53.146Z
40418,96898,TX20240113337857,WIT_FEE,100,MRU,3254,PLATFORM,COLLECTED,2024-01-13T09:09:25.690Z
40419,96900,TX20240106667770,BIL_FEE,100,MRU,9426,PLATFORM,COLLECTED,2024-01-06T07:19:36.111Z
40420,96905,TX20241129891246,TRF_FEE,25,MRU,7030,PLATFORM,COLLECTED,2024-11-29T20:30:44.584Z
40421,96912,TX20241212221164,TRF_FEE,25,MRU,2395,PLATFORM,COLLECTED,2024-12-12T06:58:05.857Z
40422,96914,TX20240317287871,WIT_FEE,50,MRU,4057,PLATFORM,COLLECTED,2024-03-17T14:39:47.783Z
40423,96917,TX20240619054855,SAL_FEE,465,MRU,2973,PLATFORM,COLLECTED,2024-06-19T09:07:55.620Z
40424,96919,TX20240404169989,TRF_FEE,10,MRU,1566,PLATFORM,COLLECTED,2024-04-04T15:34:04.642Z
40425,96922,TX20241109512778,PAY_FEE,35,MRU,641,MERCHANT,COLLECTED,2024-11-09T11:43:55.823Z
40426,96924,TX20240312561807,TRF_FEE,50,MRU,7816,PLATFORM,COLLECTED,2024-03-12T16:07:49.618Z
40427,96931,TX20241003739440,WIT_FEE,50,MRU,8498,PLATFORM,COLLECTED,2024-10-03T13:26:05.924Z
40428,96939,TX20240628374033,PAY_FEE,14,MRU,3644,MERCHANT,COLLECTED,2024-06-28T08:01:42.697Z
40429,96943,TX20240722138688,TRF_FEE,25,MRU,311,PLATFORM,COLLECTED,2024-07-22T05:15:21.181Z
40430,96946,TX20240324249357,TRF_FEE,50,MRU,7669,PLATFORM,COLLECTED,2024-03-24T14:46:28.114Z
40431,96947,TX20240922288711,WIT_FEE,100,MRU,5267,PLATFORM,COLLECTED,2024-09-22T20:07:54.235Z
40432,96956,TX20240319978022,WIT_FEE,50,MRU,519,PLATFORM,COLLECTED,2024-03-19T13:52:12.626Z
40433,96958,TX20241208024433,PAY_FEE,165,MRU,6297,MERCHANT,COLLECTED,2024-12-08T13:49:36.657Z
40434,96962,TX20241107304512,TRF_FEE,50,MRU,5222,PLATFORM,COLLECTED,2024-11-07T07:04:22.750Z
40435,96964,TX20240415987962,PAY_FEE,35,MRU,9043,MERCHANT,COLLECTED,2024-04-15T20:30:48.471Z
40436,96968,TX20241122008230,WIT_FEE,50,MRU,786,PLATFORM,COLLECTED,2024-11-22T15:27:59.822Z
40437,96971,TX20240828349520,TRF_FEE,25,MRU,8553,PLATFORM,COLLECTED,2024-08-28T08:53:47.501Z
40438,96973,TX20240101682229,WIT_FEE,50,MRU,5315,PLATFORM,COLLECTED,2024-01-01T16:35:51.348Z
40439,96979,TX20240609679909,WIT_FEE,50,MRU,2548,PLATFORM,COLLECTED,2024-06-09T09:09:19.140Z
40440,96980,TX20240325232789,TRF_FEE,25,MRU,3879,PLATFORM,COLLECTED,2024-03-25T08:05:08.617Z
40441,96981,TX20240429324756,PAY_FEE,5,MRU,6040,MERCHANT,COLLECTED,2024-04-29T10:55:24.582Z
40442,96982,TX20241029286010,SAL_FEE,1040,MRU,355,PLATFORM,COLLECTED,2024-10-28T23:18:17.544Z
40443,96986,TX20241007411980,WIT_FEE,50,MRU,9062,PLATFORM,COLLECTED,2024-10-07T12:58:52.796Z
40444,96987,TX20241005116468,WIT_FEE,50,MRU,1816,PLATFORM,COLLECTED,2024-10-05T09:07:54.284Z
40445,96988,TX20240120266926,TRF_FEE,10,MRU,3902,PLATFORM,COLLECTED,2024-01-20T18:12:26.349Z
40446,96992,TX20241021377259,TRF_FEE,25,MRU,3128,PLATFORM,COLLECTED,2024-10-21T07:17:42.185Z
40447,97001,TX20240817695528,WIT_FEE,50,MRU,9361,PLATFORM,COLLECTED,2024-08-17T12:27:33.573Z
40448,97004,TX20240523697181,TRF_FEE,25,MRU,4308,PLATFORM,COLLECTED,2024-05-23T09:24:29.598Z
40449,97007,TX20240507792012,SAL_FEE,285,MRU,10230,PLATFORM,COLLECTED,2024-05-07T18:14:00.741Z
40450,97010,TX20240805237828,TRF_FEE,50,MRU,627,PLATFORM,COLLECTED,2024-08-05T15:51:40.392Z
40451,97011,TX20241126399847,TRF_FEE,50,MRU,4118,PLATFORM,COLLECTED,2024-11-26T10:27:16.654Z
40452,97014,TX20240726913609,PAY_FEE,13,MRU,2505,MERCHANT,COLLECTED,2024-07-26T07:57:32.227Z
40453,97016,TX20240120249185,TRF_FEE,25,MRU,5074,PLATFORM,COLLECTED,2024-01-20T15:54:11.152Z
40454,97019,TX20240816614414,BIL_FEE,100,MRU,8770,PLATFORM,COLLECTED,2024-08-16T12:30:45.000Z
40455,97022,TX20240816106882,PAY_FEE,32,MRU,11017,MERCHANT,COLLECTED,2024-08-16T16:32:12.681Z
40456,97023,TX20241202405292,WIT_FEE,190,MRU,6598,PLATFORM,COLLECTED,2024-12-02T18:29:56.434Z
40457,97024,TX20240609851582,WIT_FEE,230,MRU,5361,PLATFORM,COLLECTED,2024-06-09T13:36:23.727Z
40458,97025,TX20240721581844,WIT_FEE,50,MRU,6623,PLATFORM,COLLECTED,2024-07-21T18:02:12.332Z
40459,97027,TX20240713022127,TRF_FEE,25,MRU,8026,PLATFORM,COLLECTED,2024-07-13T04:28:21.360Z
40460,97031,TX20240314984486,WIT_FEE,50,MRU,7709,PLATFORM,COLLECTED,2024-03-14T08:57:26.908Z
40461,97036,TX20241014001785,BIL_FEE,100,MRU,2911,PLATFORM,COLLECTED,2024-10-14T08:31:08.163Z
40462,97040,TX20240511787983,TRF_FEE,25,MRU,5526,PLATFORM,COLLECTED,2024-05-11T09:37:14.556Z
40463,97041,TX20240515251958,PAY_FEE,5,MRU,5816,MERCHANT,COLLECTED,2024-05-15T05:46:04.497Z
40464,97043,TX20241115679733,WIT_FEE,50,MRU,1263,PLATFORM,COLLECTED,2024-11-15T15:09:20.919Z
40465,97045,TX20240910293861,WIT_FEE,50,MRU,5133,PLATFORM,COLLECTED,2024-09-10T08:32:44.924Z
40466,97046,TX20240606215887,WIT_FEE,280,MRU,10554,PLATFORM,COLLECTED,2024-06-06T08:20:45.203Z
40467,97047,TX20240326226557,WIT_FEE,50,MRU,4812,PLATFORM,COLLECTED,2024-03-26T17:25:25.911Z
40468,97054,TX20241113480859,PAY_FEE,56,MRU,4259,MERCHANT,COLLECTED,2024-11-13T07:19:20.649Z
40469,97057,TX20241006567177,TRF_FEE,25,MRU,5868,PLATFORM,COLLECTED,2024-10-06T07:43:22.450Z
40470,97059,TX20240710077312,PAY_FEE,30,MRU,4086,MERCHANT,COLLECTED,2024-07-10T16:48:20.776Z
40471,97067,TX20241227000009,TRF_FEE,50,MRU,1721,PLATFORM,COLLECTED,2024-12-27T10:09:12.849Z
40472,97069,TX20240528768244,SAL_FEE,785,MRU,9884,PLATFORM,COLLECTED,2024-05-28T21:05:24.115Z
40473,97071,TX20240919734868,WIT_FEE,86,MRU,528,PLATFORM,COLLECTED,2024-09-19T21:49:09.346Z
40474,97073,TX20240319314455,SAL_FEE,1415,MRU,1227,PLATFORM,COLLECTED,2024-03-19T22:41:38.674Z
40475,97074,TX20241013847595,TRF_FEE,25,MRU,2350,PLATFORM,COLLECTED,2024-10-13T09:35:00.011Z
40476,97082,TX20240104692936,TRF_FEE,50,MRU,8205,PLATFORM,COLLECTED,2024-01-04T13:18:36.775Z
40477,97087,TX20240524300511,SAL_FEE,2260,MRU,308,PLATFORM,COLLECTED,2024-05-24T17:02:55.207Z
40478,97090,TX20240612394600,WIT_FEE,180,MRU,7297,PLATFORM,COLLECTED,2024-06-12T09:33:10.843Z
40479,97091,TX20240622989115,TRF_FEE,10,MRU,6816,PLATFORM,COLLECTED,2024-06-22T07:22:05.632Z
40480,97092,TX20240818214269,PAY_FEE,6,MRU,4406,MERCHANT,COLLECTED,2024-08-18T16:39:03.488Z
40481,97096,TX20240503231187,TRF_FEE,25,MRU,1490,PLATFORM,COLLECTED,2024-05-03T14:52:40.150Z
40482,97097,TX20241024137798,WIT_FEE,50,MRU,8213,PLATFORM,COLLECTED,2024-10-24T13:45:37.850Z
40483,97102,TX20240704274186,TRF_FEE,50,MRU,3526,PLATFORM,COLLECTED,2024-07-04T07:40:55.811Z
40484,97109,TX20241226001890,PAY_FEE,86,MRU,8933,MERCHANT,COLLECTED,2024-12-26T09:10:10.890Z
40485,97112,TX20241126735518,PAY_FEE,8,MRU,2438,MERCHANT,COLLECTED,2024-11-26T16:00:23.550Z
40486,97117,TX20240621117650,PAY_FEE,240,MRU,3659,MERCHANT,COLLECTED,2024-06-21T03:18:46.529Z
40487,97118,TX20240828817906,SAL_FEE,1575,MRU,7667,PLATFORM,COLLECTED,2024-08-28T07:33:50.232Z
40488,97120,TX20240610645690,TRF_FEE,50,MRU,6677,PLATFORM,COLLECTED,2024-06-10T18:59:41.372Z
40489,97121,TX20240114560132,PAY_FEE,99,MRU,2340,MERCHANT,COLLECTED,2024-01-14T20:15:18.225Z
40490,97123,TX20241118983886,WIT_FEE,50,MRU,10407,PLATFORM,COLLECTED,2024-11-18T16:30:56.792Z
40491,97125,TX20241120253846,TRF_FEE,10,MRU,107,PLATFORM,COLLECTED,2024-11-20T15:47:09.554Z
40492,97126,TX20240613365490,WIT_FEE,50,MRU,6670,PLATFORM,COLLECTED,2024-06-13T05:17:01.937Z
40493,97127,TX20241222322059,TRF_FEE,10,MRU,2364,PLATFORM,COLLECTED,2024-12-22T10:39:26.108Z
40494,97129,TX20240808476255,SAL_FEE,1165,MRU,454,PLATFORM,COLLECTED,2024-08-08T08:56:59.897Z
40495,97131,TX20240907579367,WIT_FEE,50,MRU,9055,PLATFORM,COLLECTED,2024-09-07T15:35:10.190Z
40496,97138,TX20240914914333,PAY_FEE,48,MRU,9500,MERCHANT,COLLECTED,2024-09-14T13:08:15.494Z
40497,97143,TX20240315314853,WIT_FEE,50,MRU,10764,PLATFORM,COLLECTED,2024-03-15T08:16:56.455Z
40498,97146,TX20241224232217,WIT_FEE,50,MRU,10314,PLATFORM,COLLECTED,2024-12-24T13:48:28.819Z
40499,97150,TX20240617144830,TRF_FEE,50,MRU,9141,PLATFORM,COLLECTED,2024-06-17T21:49:04.396Z
40500,97151,TX20240727734187,WIT_FEE,100,MRU,4583,PLATFORM,COLLECTED,2024-07-27T11:53:49.113Z
40501,97158,TX20240514242026,PAY_FEE,110,MRU,9623,MERCHANT,COLLECTED,2024-05-14T15:07:31.335Z
40502,97161,TX20240609050772,WIT_FEE,50,MRU,2548,PLATFORM,COLLECTED,2024-06-09T09:09:19.140Z
40503,97163,TX20240507072965,WIT_FEE,50,MRU,7090,PLATFORM,COLLECTED,2024-05-07T07:29:58.036Z
40504,97171,TX20240628070090,TRF_FEE,50,MRU,5154,PLATFORM,COLLECTED,2024-06-28T12:07:00.072Z
40505,97172,TX20241105671683,TRF_FEE,25,MRU,1337,PLATFORM,COLLECTED,2024-11-05T18:17:43.828Z
40506,97173,TX20240512807345,TRF_FEE,50,MRU,10736,PLATFORM,COLLECTED,2024-05-12T09:34:19.223Z
40507,97177,TX20240930696439,WIT_FEE,50,MRU,9852,PLATFORM,COLLECTED,2024-09-30T12:05:33.838Z
40508,97179,TX20240125217370,TRF_FEE,10,MRU,7834,PLATFORM,COLLECTED,2024-01-25T08:18:33.038Z
40509,97181,TX20240506978458,WIT_FEE,100,MRU,4818,PLATFORM,COLLECTED,2024-05-06T16:08:33.531Z
40510,97184,TX20240226866380,PAY_FEE,9,MRU,4765,MERCHANT,COLLECTED,2024-02-26T14:14:37.775Z
40511,97185,TX20240913427315,TRF_FEE,25,MRU,10384,PLATFORM,COLLECTED,2024-09-13T07:49:26.264Z
40512,97191,TX20240814949968,TRF_FEE,25,MRU,7590,PLATFORM,COLLECTED,2024-08-14T13:49:37.212Z
40513,97198,TX20240415702165,TRF_FEE,25,MRU,1667,PLATFORM,COLLECTED,2024-04-15T10:57:47.448Z
40514,97200,TX20241113052299,TRF_FEE,50,MRU,7912,PLATFORM,COLLECTED,2024-11-13T14:50:23.411Z
40515,97201,TX20240716840543,TRF_FEE,50,MRU,6524,PLATFORM,COLLECTED,2024-07-16T12:45:00.794Z
40516,97205,TX20240804445257,PAY_FEE,33,MRU,9219,MERCHANT,COLLECTED,2024-08-04T06:04:10.528Z
40517,97209,TX20240108022127,TRF_FEE,50,MRU,10319,PLATFORM,COLLECTED,2024-01-08T12:21:21.727Z
40518,97211,TX20241206017256,PAY_FEE,8,MRU,1389,MERCHANT,COLLECTED,2024-12-06T16:41:50.156Z
40519,97217,TX20240424809891,WIT_FEE,50,MRU,9865,PLATFORM,COLLECTED,2024-04-24T07:23:57.709Z
40520,97220,TX20241028355822,SAL_FEE,2205,MRU,1864,PLATFORM,COLLECTED,2024-10-28T16:16:52.508Z
40521,97222,TX20240429617032,WIT_FEE,50,MRU,4547,PLATFORM,COLLECTED,2024-04-29T07:40:30.100Z
40522,97223,TX20241112251958,TRF_FEE,50,MRU,5510,PLATFORM,COLLECTED,2024-11-12T10:03:46.076Z
40523,97225,TX20240907860259,PAY_FEE,11,MRU,4650,MERCHANT,COLLECTED,2024-09-07T07:20:55.114Z
40524,97227,TX20240910756579,WIT_FEE,50,MRU,5133,PLATFORM,COLLECTED,2024-09-10T08:32:44.924Z
40525,97228,TX20240418119766,TRF_FEE,25,MRU,8953,PLATFORM,COLLECTED,2024-04-18T09:45:12.957Z
40526,97234,TX20241206265895,WIT_FEE,77,MRU,958,PLATFORM,COLLECTED,2024-12-06T07:47:12.126Z
40527,97235,TX20240216536339,WIT_FEE,50,MRU,7371,PLATFORM,COLLECTED,2024-02-16T16:59:17.124Z
40528,97236,TX20240529223806,TRF_FEE,50,MRU,10735,PLATFORM,COLLECTED,2024-05-29T14:39:42.197Z
40529,97237,TX20240507037125,TRF_FEE,50,MRU,7581,PLATFORM,COLLECTED,2024-05-07T07:03:10.987Z
40530,97242,TX20240309635748,TRF_FEE,25,MRU,4128,PLATFORM,COLLECTED,2024-03-09T14:41:38.222Z
40531,97247,TX20241215823891,PAY_FEE,53,MRU,2127,MERCHANT,COLLECTED,2024-12-15T09:08:03.563Z
40532,97250,TX20240901044450,PAY_FEE,77,MRU,6716,MERCHANT,COLLECTED,2024-09-01T15:27:59.156Z
40533,97253,TX20240525478104,WIT_FEE,59,MRU,5423,PLATFORM,COLLECTED,2024-05-25T07:33:03.137Z
40534,97258,TX20241130117998,TRF_FEE,50,MRU,700,PLATFORM,COLLECTED,2024-11-30T12:46:53.540Z
40535,97266,TX20240917969316,PAY_FEE,27,MRU,7459,MERCHANT,COLLECTED,2024-09-17T10:08:32.942Z
40536,97270,TX20240518235600,TRF_FEE,10,MRU,4200,PLATFORM,COLLECTED,2024-05-18T09:33:43.442Z
40537,97272,TX20240129486247,WIT_FEE,50,MRU,3941,PLATFORM,COLLECTED,2024-01-29T07:33:19.448Z
40538,97275,TX20240819162652,TRF_FEE,50,MRU,10543,PLATFORM,COLLECTED,2024-08-19T11:11:03.923Z
40539,97276,TX20241102394072,TRF_FEE,10,MRU,5746,PLATFORM,COLLECTED,2024-11-02T07:16:18.056Z
40540,97282,TX20241101536940,TRF_FEE,25,MRU,1131,PLATFORM,COLLECTED,2024-11-01T10:29:58.210Z
40541,97283,TX20240605483403,SAL_FEE,1045,MRU,7930,PLATFORM,COLLECTED,2024-06-05T08:43:31.071Z
40542,97286,TX20240612644292,WIT_FEE,200,MRU,5062,PLATFORM,COLLECTED,2024-06-12T06:37:25.801Z
40543,97287,TX20240822390357,TRF_FEE,50,MRU,1916,PLATFORM,COLLECTED,2024-08-22T10:47:32.151Z
40544,97288,TX20240827757810,TRF_FEE,50,MRU,3683,PLATFORM,COLLECTED,2024-08-27T05:57:32.066Z
40545,97293,TX20240312754908,WIT_FEE,50,MRU,10131,PLATFORM,COLLECTED,2024-03-12T13:23:03.678Z
40546,97300,TX20240504360502,WIT_FEE,50,MRU,7274,PLATFORM,COLLECTED,2024-05-04T11:05:39.979Z
40547,97301,TX20240813743727,WIT_FEE,50,MRU,8531,PLATFORM,COLLECTED,2024-08-13T14:08:23.681Z
40548,97307,TX20240526129125,PAY_FEE,50,MRU,6138,MERCHANT,COLLECTED,2024-05-26T17:41:47.153Z
40549,97308,TX20240327332472,WIT_FEE,50,MRU,10336,PLATFORM,COLLECTED,2024-03-27T11:02:17.025Z
40550,97310,TX20240511520378,WIT_FEE,50,MRU,3459,PLATFORM,COLLECTED,2024-05-11T07:26:24.400Z
40551,97314,TX20240131800900,BIL_FEE,100,MRU,5912,PLATFORM,COLLECTED,2024-01-31T18:42:21.172Z
40552,97319,TX20240201977827,TRF_FEE,50,MRU,3935,PLATFORM,COLLECTED,2024-02-01T07:09:52.190Z
40553,97320,TX20240726679769,PAY_FEE,39,MRU,1585,MERCHANT,COLLECTED,2024-07-26T10:49:42.616Z
40554,97328,TX20240530600848,WIT_FEE,50,MRU,6618,PLATFORM,COLLECTED,2024-05-30T06:59:09.238Z
40555,97329,TX20240116451356,TRF_FEE,50,MRU,809,PLATFORM,COLLECTED,2024-01-16T14:27:28.924Z
40556,97340,TX20240102827309,WIT_FEE,50,MRU,439,PLATFORM,COLLECTED,2024-01-02T17:06:52.753Z
40557,97345,TX20240703327992,TRF_FEE,50,MRU,5671,PLATFORM,COLLECTED,2024-07-03T04:34:21.919Z
40558,97351,TX20240329116468,WIT_FEE,50,MRU,3157,PLATFORM,COLLECTED,2024-03-29T16:22:07.909Z
40559,97352,TX20240120315870,TRF_FEE,10,MRU,3902,PLATFORM,COLLECTED,2024-01-20T18:12:26.349Z
40560,97355,TX20240402936943,WIT_FEE,50,MRU,1707,PLATFORM,COLLECTED,2024-04-02T12:40:00.209Z
40561,97364,TX20240428970286,SAL_FEE,1795,MRU,7371,PLATFORM,COLLECTED,2024-04-28T18:28:11.184Z
40562,97372,TX20240115935866,TRF_FEE,25,MRU,1402,PLATFORM,COLLECTED,2024-01-15T21:52:58.356Z
40563,97373,TX20240219297232,TRF_FEE,50,MRU,3643,PLATFORM,COLLECTED,2024-02-18T23:08:12.141Z
40564,97374,TX20240401774301,PAY_FEE,128,MRU,10662,MERCHANT,COLLECTED,2024-04-01T06:56:30.532Z
40565,97377,TX20241018481310,SAL_FEE,1160,MRU,204,PLATFORM,COLLECTED,2024-10-18T13:51:49.739Z
40566,97380,TX20240427297405,TRF_FEE,10,MRU,3453,PLATFORM,COLLECTED,2024-04-27T12:44:51.275Z
40567,97381,TX20241218702165,TRF_FEE,25,MRU,6499,PLATFORM,COLLECTED,2024-12-18T16:26:09.867Z
40568,97384,TX20240816840543,BIL_FEE,100,MRU,8770,PLATFORM,COLLECTED,2024-08-16T12:30:45.000Z
40569,97390,TX20240621236904,PAY_FEE,47,MRU,2251,MERCHANT,COLLECTED,2024-06-21T09:33:55.033Z
40570,97391,TX20240116468132,SAL_FEE,1765,MRU,4503,PLATFORM,COLLECTED,2024-01-16T13:10:48.718Z
40571,97392,TX20240226821267,PAY_FEE,20,MRU,3006,MERCHANT,COLLECTED,2024-02-26T14:01:25.032Z
40572,97394,TX20240208140648,WIT_FEE,50,MRU,4480,PLATFORM,COLLECTED,2024-02-08T15:16:21.743Z
40573,97403,TX20241028187594,SAL_FEE,2205,MRU,1864,PLATFORM,COLLECTED,2024-10-28T16:16:52.508Z
40574,97404,TX20240614885824,PAY_FEE,68,MRU,6422,MERCHANT,COLLECTED,2024-06-14T06:30:09.683Z
40575,97408,TX20240301622917,TRF_FEE,50,MRU,7120,PLATFORM,COLLECTED,2024-03-01T10:55:06.419Z
40576,97410,TX20240926063670,TRF_FEE,50,MRU,742,PLATFORM,COLLECTED,2024-09-26T18:27:26.173Z
40577,97413,TX20241028099075,PAY_FEE,165,MRU,1327,MERCHANT,COLLECTED,2024-10-28T09:48:02.970Z
40578,97417,TX20240430087852,TRF_FEE,50,MRU,10598,PLATFORM,COLLECTED,2024-04-30T07:43:23.150Z
40579,97418,TX20240610331210,TRF_FEE,25,MRU,636,PLATFORM,COLLECTED,2024-06-10T20:02:13.609Z
40580,97419,TX20240520536299,TRF_FEE,25,MRU,8576,PLATFORM,COLLECTED,2024-05-20T14:43:24.580Z
40581,97420,TX20240428406031,WIT_FEE,50,MRU,8572,PLATFORM,COLLECTED,2024-04-28T12:59:33.647Z
40582,97426,TX20241230655018,PAY_FEE,72,MRU,4723,MERCHANT,COLLECTED,2024-12-30T12:15:45.549Z
40583,97428,TX20240906055525,WIT_FEE,200,MRU,7824,PLATFORM,COLLECTED,2024-09-06T08:16:54.724Z
40584,97431,TX20241217410568,WIT_FEE,380,MRU,1547,PLATFORM,COLLECTED,2024-12-17T18:24:54.902Z
40585,97432,TX20240206065399,WIT_FEE,50,MRU,4521,PLATFORM,COLLECTED,2024-02-06T18:38:02.188Z
40586,97433,TX20241205547535,TRF_FEE,50,MRU,6280,PLATFORM,COLLECTED,2024-12-05T14:06:09.111Z
40587,97436,TX20240229919374,TRF_FEE,25,MRU,10315,PLATFORM,COLLECTED,2024-02-29T18:03:25.827Z
40588,97439,TX20241013394500,TRF_FEE,25,MRU,2350,PLATFORM,COLLECTED,2024-10-13T09:35:00.011Z
40589,97441,TX20241130347592,TRF_FEE,50,MRU,700,PLATFORM,COLLECTED,2024-11-30T12:46:53.540Z
40590,97442,TX20240716967854,WIT_FEE,50,MRU,4194,PLATFORM,COLLECTED,2024-07-16T10:13:43.903Z
40591,97446,TX20240403337857,PAY_FEE,8,MRU,7614,MERCHANT,COLLECTED,2024-04-03T05:18:09.427Z
40592,97454,TX20241112559483,TRF_FEE,25,MRU,4224,PLATFORM,COLLECTED,2024-11-12T08:59:43.976Z
40593,97455,TX20241001919655,WIT_FEE,50,MRU,3474,PLATFORM,COLLECTED,2024-10-01T12:55:12.162Z
40594,97457,TX20240619635490,WIT_FEE,50,MRU,5533,PLATFORM,COLLECTED,2024-06-19T07:17:00.281Z
40595,97458,TX20240731070692,TRF_FEE,25,MRU,10351,PLATFORM,COLLECTED,2024-07-31T04:07:55.597Z
40596,97460,TX20240626075504,WIT_FEE,50,MRU,5411,PLATFORM,COLLECTED,2024-06-26T14:08:13.711Z
40597,97465,TX20241107391615,WIT_FEE,50,MRU,2890,PLATFORM,COLLECTED,2024-11-07T12:48:35.858Z
40598,97466,TX20240107611901,TRF_FEE,25,MRU,4341,PLATFORM,COLLECTED,2024-01-07T05:05:28.988Z
40599,97467,TX20240102754812,WIT_FEE,50,MRU,9792,PLATFORM,COLLECTED,2024-01-02T13:00:51.502Z
40600,97470,TX20240709268059,WIT_FEE,50,MRU,448,PLATFORM,COLLECTED,2024-07-09T09:49:39.785Z
40601,97471,TX20241003024195,TRF_FEE,50,MRU,10964,PLATFORM,COLLECTED,2024-10-03T16:36:47.563Z
40602,97474,TX20241211517952,TRF_FEE,50,MRU,3297,PLATFORM,COLLECTED,2024-12-11T16:15:57.001Z
40603,97476,TX20240424326500,PAY_FEE,21,MRU,2321,MERCHANT,COLLECTED,2024-04-24T14:45:46.709Z
40604,97479,TX20241207028938,TRF_FEE,25,MRU,8023,PLATFORM,COLLECTED,2024-12-07T14:48:06.570Z
40605,97484,TX20240521591502,WIT_FEE,50,MRU,6163,PLATFORM,COLLECTED,2024-05-21T16:48:30.128Z
40606,97493,TX20241015041482,TRF_FEE,25,MRU,4821,PLATFORM,COLLECTED,2024-10-15T04:04:33.868Z
40607,97496,TX20240106703791,PAY_FEE,15,MRU,7777,MERCHANT,COLLECTED,2024-01-06T15:54:05.874Z
40608,97497,TX20241122620553,PAY_FEE,8,MRU,10894,MERCHANT,COLLECTED,2024-11-22T10:29:49.535Z
40609,97499,TX20240510360380,PAY_FEE,146,MRU,6979,MERCHANT,COLLECTED,2024-05-10T16:08:16.274Z
40610,97501,TX20240712500524,WIT_FEE,50,MRU,10828,PLATFORM,COLLECTED,2024-07-12T13:25:24.210Z
40611,97502,TX20240820793490,TRF_FEE,25,MRU,9202,PLATFORM,COLLECTED,2024-08-20T13:45:34.446Z
40612,97511,TX20240413291855,PAY_FEE,18,MRU,5190,MERCHANT,COLLECTED,2024-04-13T12:02:36.458Z
40613,97513,TX20240522093326,SAL_FEE,845,MRU,7527,PLATFORM,COLLECTED,2024-05-22T07:03:39.384Z
40614,97514,TX20240706047297,TRF_FEE,25,MRU,4127,PLATFORM,COLLECTED,2024-07-06T16:55:39.750Z
40615,97516,TX20240430193378,TRF_FEE,50,MRU,5638,PLATFORM,COLLECTED,2024-04-30T15:00:40.188Z
40616,97517,TX20241002973834,PAY_FEE,75,MRU,1386,MERCHANT,COLLECTED,2024-10-02T19:31:39.832Z
40617,97518,TX20240131005453,WIT_FEE,50,MRU,9030,PLATFORM,COLLECTED,2024-01-31T06:54:02.307Z
40618,97527,TX20240707236754,TRF_FEE,25,MRU,3906,PLATFORM,COLLECTED,2024-07-07T12:30:01.575Z
40619,97530,TX20240117434187,TRF_FEE,10,MRU,9548,PLATFORM,COLLECTED,2024-01-17T17:14:15.967Z
40620,97534,TX20240604018076,TRF_FEE,25,MRU,3874,PLATFORM,COLLECTED,2024-06-04T05:53:12.433Z
40621,97536,TX20240126339634,PAY_FEE,111,MRU,2294,MERCHANT,COLLECTED,2024-01-26T05:48:02.353Z
40622,97545,TX20240616956430,WIT_FEE,50,MRU,5909,PLATFORM,COLLECTED,2024-06-16T13:26:48.806Z
40623,97550,TX20241003492647,WIT_FEE,50,MRU,3616,PLATFORM,COLLECTED,2024-10-03T13:24:46.308Z
40624,97554,TX20240510935866,SAL_FEE,1090,MRU,10097,PLATFORM,COLLECTED,2024-05-10T06:04:33.564Z
40625,97555,TX20240219164475,TRF_FEE,50,MRU,3643,PLATFORM,COLLECTED,2024-02-18T23:08:12.141Z
40626,97556,TX20240202599124,WIT_FEE,50,MRU,4178,PLATFORM,COLLECTED,2024-02-02T19:30:31.967Z
40627,97558,TX20240426597131,WIT_FEE,340,MRU,1968,PLATFORM,COLLECTED,2024-04-26T14:14:11.249Z
40628,97563,TX20240220820908,TRF_FEE,25,MRU,5001,PLATFORM,COLLECTED,2024-02-20T17:40:15.249Z
40629,97564,TX20240122987732,TRF_FEE,25,MRU,3419,PLATFORM,COLLECTED,2024-01-22T18:49:29.346Z
40630,97567,TX20241112794047,PAY_FEE,24,MRU,6573,MERCHANT,COLLECTED,2024-11-12T07:56:34.116Z
40631,97572,TX20240204676125,TRF_FEE,25,MRU,10214,PLATFORM,COLLECTED,2024-02-04T08:11:17.137Z
40632,97573,TX20241027174815,PAY_FEE,21,MRU,5180,MERCHANT,COLLECTED,2024-10-27T07:56:57.693Z
40633,97574,TX20240511055460,WIT_FEE,50,MRU,10327,PLATFORM,COLLECTED,2024-05-11T15:56:41.101Z
40634,97581,TX20240429862683,PAY_FEE,33,MRU,3014,MERCHANT,COLLECTED,2024-04-29T05:57:54.130Z
40635,97585,TX20241028458050,SAL_FEE,2205,MRU,1864,PLATFORM,COLLECTED,2024-10-28T16:16:52.508Z
40636,97588,TX20241112278509,TRF_FEE,50,MRU,5510,PLATFORM,COLLECTED,2024-11-12T10:03:46.076Z
40637,97594,TX20240818823103,SAL_FEE,1210,MRU,4748,PLATFORM,COLLECTED,2024-08-18T12:15:13.843Z
40638,97598,TX20240624655945,PAY_FEE,141,MRU,433,MERCHANT,COLLECTED,2024-06-24T10:55:10.830Z
40639,97601,TX20241103999628,WIT_FEE,50,MRU,3591,PLATFORM,COLLECTED,2024-11-03T11:49:52.071Z
40640,97602,TX20241025439091,TRF_FEE,25,MRU,10923,PLATFORM,COLLECTED,2024-10-25T11:23:19.497Z
40641,97603,TX20240815224557,TRF_FEE,50,MRU,67,PLATFORM,COLLECTED,2024-08-15T08:59:20.679Z
40642,97606,TX20240710899529,PAY_FEE,30,MRU,4086,MERCHANT,COLLECTED,2024-07-10T16:48:20.776Z
40643,97610,TX20240322317548,TRF_FEE,25,MRU,4471,PLATFORM,COLLECTED,2024-03-22T09:54:43.710Z
40644,97611,TX20240528957970,TRF_FEE,25,MRU,5418,PLATFORM,COLLECTED,2024-05-28T15:24:46.419Z
40645,97614,TX20240206343042,WIT_FEE,50,MRU,4521,PLATFORM,COLLECTED,2024-02-06T18:38:02.188Z
40646,97621,TX20241013095600,TRF_FEE,25,MRU,2350,PLATFORM,COLLECTED,2024-10-13T09:35:00.011Z
40647,97622,TX20240519963610,TRF_FEE,25,MRU,4952,PLATFORM,COLLECTED,2024-05-19T10:10:33.356Z
40648,97629,TX20240129011532,TRF_FEE,50,MRU,3457,PLATFORM,COLLECTED,2024-01-29T17:25:00.523Z
40649,97630,TX20240808578920,WIT_FEE,50,MRU,4697,PLATFORM,COLLECTED,2024-08-08T06:51:06.140Z
40650,97634,TX20240615300511,TRF_FEE,50,MRU,488,PLATFORM,COLLECTED,2024-06-15T15:58:23.886Z
40651,97636,TX20240922846295,PAY_FEE,14,MRU,2769,MERCHANT,COLLECTED,2024-09-22T06:40:01.108Z
40652,97637,TX20240129394600,WIT_FEE,50,MRU,3941,PLATFORM,COLLECTED,2024-01-29T07:33:19.448Z
40653,97638,TX20240622080240,TRF_FEE,10,MRU,6816,PLATFORM,COLLECTED,2024-06-22T07:22:05.632Z
40654,97639,TX20241025545128,TRF_FEE,10,MRU,9329,PLATFORM,COLLECTED,2024-10-25T14:03:29.398Z
40655,97640,TX20240819939524,TRF_FEE,50,MRU,10543,PLATFORM,COLLECTED,2024-08-19T11:11:03.923Z
40656,97641,TX20240129419243,PAY_FEE,23,MRU,2337,MERCHANT,COLLECTED,2024-01-29T09:18:03.519Z
40657,97643,TX20240503209339,TRF_FEE,25,MRU,1490,PLATFORM,COLLECTED,2024-05-03T14:52:40.150Z
40658,97644,TX20240730527393,PAY_FEE,42,MRU,5847,MERCHANT,COLLECTED,2024-07-30T15:37:51.744Z
40659,97645,TX20240424984394,WIT_FEE,50,MRU,577,PLATFORM,COLLECTED,2024-04-24T13:03:39.422Z
40660,97648,TX20240127950145,TRF_FEE,25,MRU,1866,PLATFORM,COLLECTED,2024-01-27T16:21:11.978Z
40661,97649,TX20241120388945,TRF_FEE,25,MRU,10211,PLATFORM,COLLECTED,2024-11-20T13:30:12.667Z
40662,97653,TX20240801308790,WIT_FEE,50,MRU,6826,PLATFORM,COLLECTED,2024-08-01T07:44:07.821Z
40663,97658,TX20240906209317,BIL_FEE,100,MRU,10154,PLATFORM,COLLECTED,2024-09-06T16:43:28.868Z
40664,97660,TX20240609567916,TRF_FEE,10,MRU,2529,PLATFORM,COLLECTED,2024-06-09T06:55:46.952Z
40665,97663,TX20241122508818,SAL_FEE,990,MRU,3838,PLATFORM,COLLECTED,2024-11-22T07:25:03.842Z
40666,97667,TX20241221703978,PAY_FEE,75,MRU,1747,MERCHANT,COLLECTED,2024-12-21T21:35:42.229Z
40667,97670,TX20240704277742,PAY_FEE,13,MRU,1195,MERCHANT,COLLECTED,2024-07-04T18:47:56.488Z
40668,97672,TX20241120478189,TRF_FEE,10,MRU,107,PLATFORM,COLLECTED,2024-11-20T15:47:09.554Z
40669,97673,TX20240117991195,TRF_FEE,10,MRU,13,PLATFORM,COLLECTED,2024-01-17T09:01:56.603Z
40670,97674,TX20240427773116,SAL_FEE,1260,MRU,1921,PLATFORM,COLLECTED,2024-04-27T14:26:06.213Z
40671,97675,TX20240530283668,TRF_FEE,10,MRU,4427,PLATFORM,COLLECTED,2024-05-30T10:18:27.083Z
40672,97679,TX20240914484746,PAY_FEE,56,MRU,3942,MERCHANT,COLLECTED,2024-09-14T09:10:32.466Z
40673,97682,TX20240819354762,WIT_FEE,50,MRU,836,PLATFORM,COLLECTED,2024-08-19T16:57:11.788Z
40674,97686,TX20240907600723,SAL_FEE,1625,MRU,9054,PLATFORM,COLLECTED,2024-09-07T17:38:30.147Z
40675,97690,TX20241021372821,PAY_FEE,50,MRU,163,MERCHANT,COLLECTED,2024-10-21T06:09:18.921Z
40676,97693,TX20240530354275,WIT_FEE,50,MRU,6618,PLATFORM,COLLECTED,2024-05-30T06:59:09.238Z
40677,97697,TX20240930461043,TRF_FEE,10,MRU,5411,PLATFORM,COLLECTED,2024-09-30T09:38:28.282Z
40678,97698,TX20240720571686,TRF_FEE,50,MRU,4921,PLATFORM,COLLECTED,2024-07-20T15:44:46.105Z
40679,97700,TX20241030387342,TRF_FEE,25,MRU,6589,PLATFORM,COLLECTED,2024-10-30T07:14:59.678Z
40680,97706,TX20240912662617,PAY_FEE,18,MRU,6432,MERCHANT,COLLECTED,2024-09-12T16:14:45.220Z
40681,97707,TX20241219626475,BIL_FEE,100,MRU,962,PLATFORM,COLLECTED,2024-12-19T16:36:27.963Z
40682,97708,TX20240619439760,PAY_FEE,7,MRU,4770,MERCHANT,COLLECTED,2024-06-19T15:39:23.863Z
40683,97710,TX20240111236754,TRF_FEE,50,MRU,9028,PLATFORM,COLLECTED,2024-01-11T14:21:55.512Z
40684,97713,TX20240522867208,TRF_FEE,25,MRU,9377,PLATFORM,COLLECTED,2024-05-22T16:04:29.044Z
40685,97715,TX20240207802373,WIT_FEE,50,MRU,820,PLATFORM,COLLECTED,2024-02-07T14:20:41.210Z
40686,97716,TX20240329685202,WIT_FEE,50,MRU,3157,PLATFORM,COLLECTED,2024-03-29T16:22:07.909Z
40687,97724,TX20240529669990,WIT_FEE,50,MRU,4202,PLATFORM,COLLECTED,2024-05-29T15:54:41.053Z
40688,97729,TX20240428916637,SAL_FEE,1795,MRU,7371,PLATFORM,COLLECTED,2024-04-28T18:28:11.184Z
40689,97730,TX20240817260418,WIT_FEE,50,MRU,9361,PLATFORM,COLLECTED,2024-08-17T12:27:33.573Z
40690,97733,TX20240422086933,PAY_FEE,33,MRU,4351,MERCHANT,COLLECTED,2024-04-22T09:33:56.449Z
40691,97735,TX20241206504693,TRF_FEE,25,MRU,4787,PLATFORM,COLLECTED,2024-12-06T17:29:01.040Z
40692,97737,TX20241220935866,BIL_FEE,100,MRU,6251,PLATFORM,COLLECTED,2024-12-20T10:07:04.555Z
40693,97738,TX20240219548434,TRF_FEE,50,MRU,3643,PLATFORM,COLLECTED,2024-02-18T23:08:12.141Z
40694,97740,TX20240411141864,WIT_FEE,50,MRU,10149,PLATFORM,COLLECTED,2024-04-11T17:16:22.292Z
40695,97743,TX20241127448127,PAY_FEE,270,MRU,9409,MERCHANT,COLLECTED,2024-11-27T11:51:28.348Z
40696,97746,TX20240903206624,PAY_FEE,210,MRU,4897,MERCHANT,COLLECTED,2024-09-03T08:14:27.589Z
40697,97748,TX20241013991362,PAY_FEE,23,MRU,185,MERCHANT,COLLECTED,2024-10-13T06:02:40.052Z
40698,97750,TX20241112960106,PAY_FEE,24,MRU,6573,MERCHANT,COLLECTED,2024-11-12T07:56:34.116Z
40699,97756,TX20241118681689,TRF_FEE,25,MRU,264,PLATFORM,COLLECTED,2024-11-18T09:45:26.064Z
40700,97760,TX20241214332901,TRF_FEE,50,MRU,2698,PLATFORM,COLLECTED,2024-12-14T17:27:16.241Z
40701,97765,TX20241113805882,PAY_FEE,20,MRU,2738,MERCHANT,COLLECTED,2024-11-13T17:48:28.158Z
40702,97766,TX20240109919234,WIT_FEE,50,MRU,9258,PLATFORM,COLLECTED,2024-01-09T10:00:44.684Z
40703,97767,TX20241127464846,WIT_FEE,50,MRU,5088,PLATFORM,COLLECTED,2024-11-27T21:45:51.360Z
40704,97768,TX20240118395924,TRF_FEE,50,MRU,8862,PLATFORM,COLLECTED,2024-01-18T15:41:29.203Z
40705,97772,TX20240626404057,TRF_FEE,25,MRU,8666,PLATFORM,COLLECTED,2024-06-26T10:38:37.823Z
40706,97783,TX20240925322700,PAY_FEE,51,MRU,3177,MERCHANT,COLLECTED,2024-09-25T09:07:46.990Z
40707,97784,TX20240903545670,PAY_FEE,102,MRU,4542,MERCHANT,COLLECTED,2024-09-03T12:54:37.631Z
40708,97786,TX20240817020436,PAY_FEE,66,MRU,62,MERCHANT,COLLECTED,2024-08-17T06:13:59.827Z
40709,97792,TX20240606259435,WIT_FEE,50,MRU,5095,PLATFORM,COLLECTED,2024-06-06T09:02:03.199Z
40710,97796,TX20240305868628,TRF_FEE,50,MRU,5196,PLATFORM,COLLECTED,2024-03-05T17:17:29.535Z
40711,97802,TX20240122469315,PAY_FEE,285,MRU,7766,MERCHANT,COLLECTED,2024-01-22T09:40:47.886Z
40712,97804,TX20240110161017,TRF_FEE,50,MRU,2216,PLATFORM,COLLECTED,2024-01-10T08:05:49.693Z
40713,97807,TX20240820575649,SAL_FEE,2310,MRU,3300,PLATFORM,COLLECTED,2024-08-20T10:49:02.036Z
40714,97809,TX20240127336421,TRF_FEE,50,MRU,6052,PLATFORM,COLLECTED,2024-01-27T10:37:12.496Z
40715,97811,TX20241214078643,TRF_FEE,50,MRU,2633,PLATFORM,COLLECTED,2024-12-14T09:21:22.475Z
40716,97814,TX20240511910268,TRF_FEE,50,MRU,10558,PLATFORM,COLLECTED,2024-05-11T16:35:26.146Z
40717,97819,TX20240818539159,SAL_FEE,460,MRU,8253,PLATFORM,COLLECTED,2024-08-18T05:32:01.126Z
40718,97821,TX20240919499909,WIT_FEE,100,MRU,8416,PLATFORM,COLLECTED,2024-09-19T14:56:49.858Z
40719,97823,TX20240503328183,PAY_FEE,62,MRU,5613,MERCHANT,COLLECTED,2024-05-03T18:54:05.609Z
40720,97830,TX20240619541566,WIT_FEE,50,MRU,5944,PLATFORM,COLLECTED,2024-06-19T12:50:50.936Z
40721,97834,TX20240828140983,WIT_FEE,50,MRU,10410,PLATFORM,COLLECTED,2024-08-28T14:43:21.358Z
40722,97841,TX20240827336353,WIT_FEE,50,MRU,9771,PLATFORM,COLLECTED,2024-08-27T15:46:42.209Z
40723,97842,TX20240925011812,PAY_FEE,81,MRU,5275,MERCHANT,COLLECTED,2024-09-25T06:16:35.176Z
40724,97848,TX20240907706577,TRF_FEE,50,MRU,10734,PLATFORM,COLLECTED,2024-09-07T15:10:54.840Z
40725,97849,TX20241021591502,PAY_FEE,14,MRU,816,MERCHANT,COLLECTED,2024-10-21T12:07:33.846Z
40726,97852,TX20240109046358,TRF_FEE,50,MRU,150,PLATFORM,COLLECTED,2024-01-09T09:51:24.114Z
40727,97857,TX20241122400786,TRF_FEE,25,MRU,9043,PLATFORM,COLLECTED,2024-11-22T18:12:00.551Z
40728,97859,TX20240214716259,WIT_FEE,50,MRU,5719,PLATFORM,COLLECTED,2024-02-13T23:59:32.431Z
40729,97865,TX20240925022671,PAY_FEE,21,MRU,3496,MERCHANT,COLLECTED,2024-09-25T14:52:25.499Z
40730,97866,TX20240620557064,PAY_FEE,8,MRU,1287,MERCHANT,COLLECTED,2024-06-20T13:33:43.671Z
40731,97877,TX20240604588965,SAL_FEE,900,MRU,9594,PLATFORM,COLLECTED,2024-06-04T14:44:35.772Z
40732,97879,TX20240503687036,TRF_FEE,50,MRU,1050,PLATFORM,COLLECTED,2024-05-03T19:18:51.484Z
40733,97884,TX20240609120736,TRF_FEE,25,MRU,10144,PLATFORM,COLLECTED,2024-06-09T14:17:39.201Z
40734,97894,TX20241113971687,TRF_FEE,50,MRU,2638,PLATFORM,COLLECTED,2024-11-13T16:06:22.750Z
40735,97896,TX20240408971789,WIT_FEE,50,MRU,7752,PLATFORM,COLLECTED,2024-04-08T14:31:13.570Z
40736,97898,TX20241210838217,PAY_FEE,27,MRU,9379,MERCHANT,COLLECTED,2024-12-10T07:49:08.697Z
40737,97901,TX20240628024909,TRF_FEE,50,MRU,5154,PLATFORM,COLLECTED,2024-06-28T12:07:00.072Z
40738,97906,TX20240909734700,TRF_FEE,25,MRU,1310,PLATFORM,COLLECTED,2024-09-09T07:57:09.687Z
40739,97907,TX20240202786102,TRF_FEE,50,MRU,3164,PLATFORM,COLLECTED,2024-02-02T14:50:53.638Z
40740,97908,TX20240224094722,BIL_FEE,100,MRU,2106,PLATFORM,COLLECTED,2024-02-24T10:28:54.035Z
40741,97910,TX20241214151730,TRF_FEE,25,MRU,4182,PLATFORM,COLLECTED,2024-12-14T10:42:46.056Z
40742,97913,TX20240218651131,WIT_FEE,50,MRU,2478,PLATFORM,COLLECTED,2024-02-18T17:16:00.629Z
40743,97918,TX20241207320277,PAY_FEE,18,MRU,2254,MERCHANT,COLLECTED,2024-12-07T09:09:00.683Z
40744,97919,TX20241016072763,PAY_FEE,47,MRU,10326,MERCHANT,COLLECTED,2024-10-16T14:59:13.124Z
40745,97925,TX20240221536313,TRF_FEE,50,MRU,10102,PLATFORM,COLLECTED,2024-02-21T09:11:48.905Z
40746,97926,TX20240123331244,BIL_FEE,100,MRU,5427,PLATFORM,COLLECTED,2024-01-23T17:47:45.329Z
40747,97927,TX20240618072595,WIT_FEE,50,MRU,2340,PLATFORM,COLLECTED,2024-06-18T14:18:26.026Z
40748,97928,TX20240220206624,TRF_FEE,25,MRU,5001,PLATFORM,COLLECTED,2024-02-20T17:40:15.249Z
40749,97932,TX20241017832483,PAY_FEE,11,MRU,10349,MERCHANT,COLLECTED,2024-10-17T16:51:52.069Z
40750,97940,TX20241031737474,TRF_FEE,50,MRU,9506,PLATFORM,COLLECTED,2024-10-31T17:38:43.469Z
40751,97948,TX20240709684746,WIT_FEE,110,MRU,9985,PLATFORM,COLLECTED,2024-07-09T07:09:15.117Z
40752,97950,TX20241028046785,SAL_FEE,2205,MRU,1864,PLATFORM,COLLECTED,2024-10-28T16:16:52.508Z
40753,97955,TX20240520449946,PAY_FEE,135,MRU,10132,MERCHANT,COLLECTED,2024-05-20T17:41:09.339Z
40754,97959,TX20240219122886,WIT_FEE,50,MRU,5529,PLATFORM,COLLECTED,2024-02-19T10:17:58.631Z
40755,97964,TX20240817072115,TRF_FEE,25,MRU,1948,PLATFORM,COLLECTED,2024-08-17T08:57:41.329Z
40756,97966,TX20240127458735,PAY_FEE,195,MRU,7602,MERCHANT,COLLECTED,2024-01-27T10:20:38.384Z
40757,97983,TX20240229129695,TRF_FEE,25,MRU,10315,PLATFORM,COLLECTED,2024-02-29T18:03:25.827Z
40758,97984,TX20240213100325,WIT_FEE,50,MRU,2883,PLATFORM,COLLECTED,2024-02-13T19:00:25.649Z
40759,97994,TX20240129756748,TRF_FEE,50,MRU,3457,PLATFORM,COLLECTED,2024-01-29T17:25:00.523Z
40760,97997,TX20240720231620,TRF_FEE,50,MRU,6200,PLATFORM,COLLECTED,2024-07-20T17:31:02.461Z
40761,97998,TX20240126574743,BIL_FEE,100,MRU,1325,PLATFORM,COLLECTED,2024-01-26T09:11:08.086Z
40762,98000,TX20240723073578,WIT_FEE,50,MRU,5854,PLATFORM,COLLECTED,2024-07-23T15:26:22.249Z
40763,98001,TX20240519822781,SAL_FEE,495,MRU,264,PLATFORM,COLLECTED,2024-05-19T17:43:07.677Z
40764,98012,TX20241107223608,WIT_FEE,50,MRU,2890,PLATFORM,COLLECTED,2024-11-07T12:48:35.858Z
40765,98015,TX20241025207200,WIT_FEE,50,MRU,5201,PLATFORM,COLLECTED,2024-10-25T14:46:05.892Z
40766,98021,TX20240419001890,SAL_FEE,810,MRU,8804,PLATFORM,COLLECTED,2024-04-19T07:10:53.809Z
40767,98023,TX20241201247430,TRF_FEE,50,MRU,9579,PLATFORM,COLLECTED,2024-12-01T15:47:43.476Z
40768,98026,TX20240709750790,TRF_FEE,50,MRU,1267,PLATFORM,COLLECTED,2024-07-09T07:28:09.196Z
40769,98030,TX20240307092519,TRF_FEE,25,MRU,6510,PLATFORM,COLLECTED,2024-03-07T14:50:13.695Z
40770,98032,TX20240107467181,TRF_FEE,50,MRU,8006,PLATFORM,COLLECTED,2024-01-07T07:21:42.205Z
40771,98035,TX20240315001462,WIT_FEE,250,MRU,3072,PLATFORM,COLLECTED,2024-03-15T07:14:10.439Z
40772,98037,TX20240118135507,TRF_FEE,50,MRU,4928,PLATFORM,COLLECTED,2024-01-18T09:21:10.028Z
40773,98041,TX20240313467544,TRF_FEE,25,MRU,174,PLATFORM,COLLECTED,2024-03-13T20:15:51.990Z
40774,98042,TX20241205797862,TRF_FEE,10,MRU,8206,PLATFORM,COLLECTED,2024-12-05T10:04:35.598Z
40775,98045,TX20240127242302,WIT_FEE,100,MRU,9223,PLATFORM,COLLECTED,2024-01-27T13:58:39.589Z
40776,98051,TX20240629252212,WIT_FEE,50,MRU,3012,PLATFORM,COLLECTED,2024-06-29T15:13:33.782Z
40777,98052,TX20240827652538,TRF_FEE,25,MRU,1240,PLATFORM,COLLECTED,2024-08-27T13:21:00.355Z
40778,98055,TX20240802855642,SAL_FEE,580,MRU,3457,PLATFORM,COLLECTED,2024-08-02T06:01:47.595Z
40779,98062,TX20240617355579,TRF_FEE,50,MRU,9141,PLATFORM,COLLECTED,2024-06-17T21:49:04.396Z
40780,98064,TX20240420102712,PAY_FEE,120,MRU,4423,MERCHANT,COLLECTED,2024-04-20T07:40:40.957Z
40781,98067,TX20240101783093,WIT_FEE,50,MRU,5315,PLATFORM,COLLECTED,2024-01-01T16:35:51.348Z
40782,98068,TX20240504016662,TRF_FEE,50,MRU,4578,PLATFORM,COLLECTED,2024-05-04T07:54:00.349Z
40783,98070,TX20240514238345,PAY_FEE,110,MRU,9623,MERCHANT,COLLECTED,2024-05-14T15:07:31.335Z
40784,98071,TX20240414146811,TRF_FEE,50,MRU,9766,PLATFORM,COLLECTED,2024-04-14T14:03:31.759Z
40785,98075,TX20240114737167,SAL_FEE,2405,MRU,1038,PLATFORM,COLLECTED,2024-01-14T15:51:15.573Z
40786,98078,TX20240711833768,TRF_FEE,25,MRU,5207,PLATFORM,COLLECTED,2024-07-11T07:34:42.483Z
40787,98083,TX20240709937736,TRF_FEE,50,MRU,6129,PLATFORM,COLLECTED,2024-07-09T06:00:04.465Z
40788,98085,TX20240426198407,WIT_FEE,50,MRU,6273,PLATFORM,COLLECTED,2024-04-26T17:34:21.374Z
40789,98093,TX20241103460125,WIT_FEE,130,MRU,2370,PLATFORM,COLLECTED,2024-11-03T07:33:31.434Z
40790,98096,TX20241114049406,TRF_FEE,25,MRU,8565,PLATFORM,COLLECTED,2024-11-14T08:36:14.628Z
40791,98097,TX20240412918789,WIT_FEE,100,MRU,4820,PLATFORM,COLLECTED,2024-04-12T10:42:10.820Z
40792,98098,TX20240312571853,TRF_FEE,25,MRU,8706,PLATFORM,COLLECTED,2024-03-12T14:18:29.644Z
40793,98105,TX20240112882055,WIT_FEE,170,MRU,1249,PLATFORM,COLLECTED,2024-01-12T09:10:28.216Z
40794,98116,TX20241022917444,TRF_FEE,50,MRU,1910,PLATFORM,COLLECTED,2024-10-22T12:12:40.999Z
40795,98119,TX20241012137839,TRF_FEE,50,MRU,10188,PLATFORM,COLLECTED,2024-10-12T16:28:21.555Z
40796,98122,TX20241202861234,TRF_FEE,25,MRU,1269,PLATFORM,COLLECTED,2024-12-02T19:07:12.707Z
40797,98123,TX20240407892579,TRF_FEE,50,MRU,340,PLATFORM,COLLECTED,2024-04-07T09:44:24.028Z
40798,98124,TX20240219947821,TRF_FEE,50,MRU,5925,PLATFORM,COLLECTED,2024-02-19T15:06:30.251Z
40799,98125,TX20240314637436,WIT_FEE,50,MRU,7709,PLATFORM,COLLECTED,2024-03-14T08:57:26.908Z
40800,98132,TX20241028707375,SAL_FEE,2205,MRU,1864,PLATFORM,COLLECTED,2024-10-28T16:16:52.508Z
40801,98134,TX20240704617032,TRF_FEE,10,MRU,6952,PLATFORM,COLLECTED,2024-07-04T06:24:21.328Z
40802,98135,TX20241112525814,TRF_FEE,50,MRU,5510,PLATFORM,COLLECTED,2024-11-12T10:03:46.076Z
40803,98139,TX20240618026280,BIL_FEE,100,MRU,9167,PLATFORM,COLLECTED,2024-06-18T10:10:04.479Z
40804,98140,TX20241002488199,WIT_FEE,50,MRU,6602,PLATFORM,COLLECTED,2024-10-02T07:57:48.549Z
40805,98147,TX20240307017236,TRF_FEE,25,MRU,5762,PLATFORM,COLLECTED,2024-03-07T10:59:27.447Z
40806,98152,TX20240224978444,WIT_FEE,50,MRU,7322,PLATFORM,COLLECTED,2024-02-24T10:31:00.838Z
40807,98153,TX20240131200122,WIT_FEE,50,MRU,963,PLATFORM,COLLECTED,2024-01-31T19:42:26.714Z
40808,98154,TX20240929699808,PAY_FEE,47,MRU,2522,MERCHANT,COLLECTED,2024-09-29T15:06:19.471Z
40809,98157,TX20240322465076,TRF_FEE,25,MRU,4471,PLATFORM,COLLECTED,2024-03-22T09:54:43.710Z
40810,98160,TX20241217175579,WIT_FEE,380,MRU,1547,PLATFORM,COLLECTED,2024-12-17T18:24:54.902Z
40811,98162,TX20240527547535,WIT_FEE,50,MRU,1246,PLATFORM,COLLECTED,2024-05-27T20:40:55.560Z
40812,98177,TX20240106375308,BIL_FEE,100,MRU,9426,PLATFORM,COLLECTED,2024-01-06T07:19:36.111Z
40813,98178,TX20241127450449,TRF_FEE,25,MRU,324,PLATFORM,COLLECTED,2024-11-27T15:46:01.912Z
40814,98181,TX20240605527436,PAY_FEE,23,MRU,2781,MERCHANT,COLLECTED,2024-06-05T10:13:20.937Z
40815,98184,TX20240127355744,PAY_FEE,38,MRU,5966,MERCHANT,COLLECTED,2024-01-27T20:32:18.750Z
40816,98191,TX20240317415389,WIT_FEE,50,MRU,4057,PLATFORM,COLLECTED,2024-03-17T14:39:47.783Z
40817,98200,TX20240925550801,WIT_FEE,50,MRU,4830,PLATFORM,COLLECTED,2024-09-25T14:29:13.812Z
40818,98203,TX20240525969588,PAY_FEE,5,MRU,7891,MERCHANT,COLLECTED,2024-05-25T12:47:47.645Z
40819,98206,TX20241019247430,TRF_FEE,25,MRU,2219,PLATFORM,COLLECTED,2024-10-19T15:28:52.921Z
40820,98208,TX20240609869933,TRF_FEE,10,MRU,2529,PLATFORM,COLLECTED,2024-06-09T06:55:46.952Z
40821,98209,TX20240225811539,TRF_FEE,25,MRU,9723,PLATFORM,COLLECTED,2024-02-25T08:06:37.062Z
40822,98216,TX20240419357291,TRF_FEE,10,MRU,4245,PLATFORM,COLLECTED,2024-04-19T04:42:41.328Z
40823,98222,TX20240819658097,WIT_FEE,240,MRU,1852,PLATFORM,COLLECTED,2024-08-19T15:19:38.871Z
40824,98223,TX20240413578598,TRF_FEE,25,MRU,5318,PLATFORM,COLLECTED,2024-04-13T14:13:36.782Z
40825,98224,TX20240213122616,SAL_FEE,360,MRU,7890,PLATFORM,COLLECTED,2024-02-13T18:14:28.466Z
40826,98235,TX20241208677735,PAY_FEE,165,MRU,6297,MERCHANT,COLLECTED,2024-12-08T13:49:36.657Z
40827,98239,TX20241107082056,TRF_FEE,50,MRU,5222,PLATFORM,COLLECTED,2024-11-07T07:04:22.750Z
40828,98241,TX20240721282326,TRF_FEE,50,MRU,464,PLATFORM,COLLECTED,2024-07-21T14:59:19.532Z
40829,98242,TX20241008370012,TRF_FEE,50,MRU,4645,PLATFORM,COLLECTED,2024-10-08T16:17:07.857Z
40830,98243,TX20240930977595,TRF_FEE,50,MRU,8952,PLATFORM,COLLECTED,2024-09-30T13:29:02.620Z
40831,98244,TX20240626513042,PAY_FEE,420,MRU,8368,MERCHANT,COLLECTED,2024-06-26T06:59:08.702Z
40832,98246,TX20241122296050,TRF_FEE,50,MRU,2717,PLATFORM,COLLECTED,2024-11-22T12:17:05.205Z
40833,98248,TX20240902912084,PAY_FEE,50,MRU,10478,MERCHANT,COLLECTED,2024-09-02T13:10:45.742Z
40834,98249,TX20240314411406,TRF_FEE,50,MRU,4423,PLATFORM,COLLECTED,2024-03-14T18:37:33.862Z
40835,98255,TX20240721686664,PAY_FEE,165,MRU,7438,MERCHANT,COLLECTED,2024-07-21T13:55:41.465Z
40836,98258,TX20240114207597,SAL_FEE,2405,MRU,1038,PLATFORM,COLLECTED,2024-01-14T15:51:15.573Z
40837,98259,TX20241113439437,TRF_FEE,50,MRU,2638,PLATFORM,COLLECTED,2024-11-13T16:06:22.750Z
40838,98264,TX20240323672680,TRF_FEE,10,MRU,461,PLATFORM,COLLECTED,2024-03-23T19:43:52.675Z
40839,98269,TX20240104241497,WIT_FEE,50,MRU,1472,PLATFORM,COLLECTED,2024-01-04T19:56:42.481Z
40840,98273,TX20241124937669,TRF_FEE,25,MRU,5945,PLATFORM,COLLECTED,2024-11-24T14:43:59.702Z
40841,98276,TX20240506460125,WIT_FEE,100,MRU,4818,PLATFORM,COLLECTED,2024-05-06T16:08:33.531Z
40842,98278,TX20240608279854,SAL_FEE,1300,MRU,10674,PLATFORM,COLLECTED,2024-06-08T07:47:29.510Z
40843,98283,TX20241001206191,SAL_FEE,1775,MRU,926,PLATFORM,COLLECTED,2024-10-01T15:58:02.070Z
40844,98284,TX20240303039807,TRF_FEE,25,MRU,5672,PLATFORM,COLLECTED,2024-03-03T10:23:27.559Z
40845,98286,TX20240815503839,PAY_FEE,59,MRU,1346,MERCHANT,COLLECTED,2024-08-15T07:41:33.263Z
40846,98289,TX20241216892180,WIT_FEE,280,MRU,10817,PLATFORM,COLLECTED,2024-12-16T11:57:07.077Z
40847,98291,TX20240123020203,BIL_FEE,100,MRU,5427,PLATFORM,COLLECTED,2024-01-23T17:47:45.329Z
40848,98292,TX20240824594048,TRF_FEE,50,MRU,8733,PLATFORM,COLLECTED,2024-08-24T08:26:01.210Z
40849,98294,TX20240128136811,WIT_FEE,50,MRU,6563,PLATFORM,COLLECTED,2024-01-28T14:42:02.164Z
40850,98295,TX20240618643507,WIT_FEE,200,MRU,10925,PLATFORM,COLLECTED,2024-06-18T14:12:50.217Z
40851,98299,TX20240609946470,PAY_FEE,18,MRU,8910,MERCHANT,COLLECTED,2024-06-09T12:49:22.091Z
40852,98301,TX20240612373778,WIT_FEE,50,MRU,6010,PLATFORM,COLLECTED,2024-06-12T09:26:16.067Z
40853,98303,TX20240107821267,TRF_FEE,50,MRU,4521,PLATFORM,COLLECTED,2024-01-07T11:01:16.634Z
40854,98306,TX20240219293270,TRF_FEE,50,MRU,5925,PLATFORM,COLLECTED,2024-02-19T15:06:30.251Z
40855,98314,TX20240926497001,PAY_FEE,7,MRU,9589,MERCHANT,COLLECTED,2024-09-26T08:52:30.167Z
40856,98319,TX20240706091944,PAY_FEE,111,MRU,7574,MERCHANT,COLLECTED,2024-07-06T12:47:23.874Z
40857,98320,TX20240207644592,TRF_FEE,10,MRU,9557,PLATFORM,COLLECTED,2024-02-07T07:57:23.677Z
40858,98321,TX20240307218413,SAL_FEE,1475,MRU,2520,PLATFORM,COLLECTED,2024-03-07T13:25:15.693Z
40859,98322,TX20240413515217,TRF_FEE,25,MRU,4191,PLATFORM,COLLECTED,2024-04-13T10:01:25.483Z
40860,98324,TX20240715516593,WIT_FEE,200,MRU,5868,PLATFORM,COLLECTED,2024-07-15T15:41:03.063Z
40861,98328,TX20240817798819,TRF_FEE,25,MRU,1948,PLATFORM,COLLECTED,2024-08-17T08:57:41.329Z
40862,98329,TX20240709726413,TRF_FEE,10,MRU,441,PLATFORM,COLLECTED,2024-07-09T13:27:26.984Z
40863,98330,TX20240502674237,WIT_FEE,200,MRU,4488,PLATFORM,COLLECTED,2024-05-02T14:23:41.729Z
40864,98331,TX20240523439091,TRF_FEE,50,MRU,7134,PLATFORM,COLLECTED,2024-05-23T09:29:59.559Z
40865,98332,TX20240815987274,TRF_FEE,50,MRU,67,PLATFORM,COLLECTED,2024-08-15T08:59:20.679Z
40866,98338,TX20240209640957,WIT_FEE,50,MRU,8318,PLATFORM,COLLECTED,2024-02-09T08:16:19.318Z
40867,98339,TX20240708527642,PAY_FEE,12,MRU,10382,MERCHANT,COLLECTED,2024-07-08T17:42:30.557Z
40868,98357,TX20240909971534,TRF_FEE,25,MRU,291,PLATFORM,COLLECTED,2024-09-09T08:07:49.894Z
40869,98358,TX20240104124213,TRF_FEE,50,MRU,8205,PLATFORM,COLLECTED,2024-01-04T13:18:36.775Z
40870,98365,TX20240303724336,PAY_FEE,8,MRU,9623,MERCHANT,COLLECTED,2024-03-03T21:43:58.381Z
40871,98368,TX20240619938190,WIT_FEE,50,MRU,5533,PLATFORM,COLLECTED,2024-06-19T07:17:00.281Z
40872,98369,TX20240109830152,TRF_FEE,25,MRU,1651,PLATFORM,COLLECTED,2024-01-09T07:55:35.938Z
40873,98371,TX20240828075504,TRF_FEE,10,MRU,1941,PLATFORM,COLLECTED,2024-08-28T06:13:42.489Z
40874,98373,TX20240415621965,WIT_FEE,50,MRU,4411,PLATFORM,COLLECTED,2024-04-15T10:35:14.488Z
40875,98376,TX20241013842458,WIT_FEE,53,MRU,6539,PLATFORM,COLLECTED,2024-10-13T08:51:27.800Z
40876,98382,TX20240524432825,TRF_FEE,50,MRU,10649,PLATFORM,COLLECTED,2024-05-24T19:38:39.051Z
40877,98385,TX20241014065554,PAY_FEE,15,MRU,2958,MERCHANT,COLLECTED,2024-10-14T08:27:20.751Z
40878,98387,TX20241225176326,WIT_FEE,50,MRU,2166,PLATFORM,COLLECTED,2024-12-25T16:23:02.311Z
40879,98390,TX20241121977558,SAL_FEE,1425,MRU,6840,PLATFORM,COLLECTED,2024-11-21T22:36:06.107Z
40880,98392,TX20240206086445,WIT_FEE,50,MRU,9559,PLATFORM,COLLECTED,2024-02-06T17:33:22.626Z
40881,98396,TX20240803205049,SAL_FEE,1250,MRU,5211,PLATFORM,COLLECTED,2024-08-03T15:13:09.479Z
40882,98402,TX20240327273142,WIT_FEE,50,MRU,10336,PLATFORM,COLLECTED,2024-03-27T11:02:17.025Z
40883,98403,TX20240601322059,WIT_FEE,50,MRU,1192,PLATFORM,COLLECTED,2024-06-01T19:19:39.445Z
40884,98405,TX20240423924750,TRF_FEE,50,MRU,4488,PLATFORM,COLLECTED,2024-04-23T18:59:53.041Z
40885,98406,TX20241113896732,TRF_FEE,10,MRU,3471,PLATFORM,COLLECTED,2024-11-13T11:10:32.930Z
40886,98414,TX20240319687178,WIT_FEE,50,MRU,519,PLATFORM,COLLECTED,2024-03-19T13:52:12.626Z
40887,98415,TX20240629318663,WIT_FEE,50,MRU,3012,PLATFORM,COLLECTED,2024-06-29T15:13:33.782Z
40888,98416,TX20240726589440,TRF_FEE,10,MRU,791,PLATFORM,COLLECTED,2024-07-26T09:00:21.113Z
40889,98421,TX20240801173573,TRF_FEE,25,MRU,7592,PLATFORM,COLLECTED,2024-08-01T13:44:49.743Z
40890,98423,TX20240903767764,WIT_FEE,100,MRU,2586,PLATFORM,COLLECTED,2024-09-03T13:11:20.370Z
40891,98425,TX20241201978864,PAY_FEE,38,MRU,5303,MERCHANT,COLLECTED,2024-12-01T15:45:22.638Z
40892,98428,TX20241217074355,PAY_FEE,53,MRU,2768,MERCHANT,COLLECTED,2024-12-17T13:39:49.125Z
40893,98429,TX20240514005453,WIT_FEE,50,MRU,3408,PLATFORM,COLLECTED,2024-05-14T06:03:54.045Z
40894,98432,TX20240901332500,TRF_FEE,25,MRU,8981,PLATFORM,COLLECTED,2024-09-01T14:00:59.004Z
40895,98441,TX20241109500244,WIT_FEE,500,MRU,2669,PLATFORM,COLLECTED,2024-11-09T07:29:02.849Z
40896,98444,TX20241101602752,TRF_FEE,10,MRU,10109,PLATFORM,COLLECTED,2024-11-01T10:04:33.186Z
40897,98445,TX20240829407055,PAY_FEE,30,MRU,4807,MERCHANT,COLLECTED,2024-08-29T10:03:53.213Z
40898,98448,TX20240902173689,TRF_FEE,50,MRU,8065,PLATFORM,COLLECTED,2024-09-02T01:12:09.011Z
40899,98454,TX20240701112509,PAY_FEE,36,MRU,3451,MERCHANT,COLLECTED,2024-07-01T06:53:37.059Z
40900,98461,TX20240720286655,WIT_FEE,50,MRU,4579,PLATFORM,COLLECTED,2024-07-20T18:26:23.349Z
40901,98462,TX20240402416618,PAY_FEE,44,MRU,10320,MERCHANT,COLLECTED,2024-04-02T11:03:07.557Z
40902,98467,TX20240313392950,SAL_FEE,1765,MRU,8886,PLATFORM,COLLECTED,2024-03-13T12:35:23.321Z
40903,98468,TX20240928780456,TRF_FEE,50,MRU,2687,PLATFORM,COLLECTED,2024-09-28T16:47:27.444Z
40904,98469,TX20240405960581,WIT_FEE,63,MRU,7694,PLATFORM,COLLECTED,2024-04-05T08:36:11.257Z
40905,98472,TX20241129383832,WIT_FEE,50,MRU,9423,PLATFORM,COLLECTED,2024-11-29T18:38:32.281Z
40906,98482,TX20241012926442,TRF_FEE,50,MRU,10188,PLATFORM,COLLECTED,2024-10-12T16:28:21.555Z
40907,98485,TX20241208130293,BIL_FEE,100,MRU,7685,PLATFORM,COLLECTED,2024-12-08T07:12:42.115Z
40908,98492,TX20240316472144,WIT_FEE,280,MRU,4370,PLATFORM,COLLECTED,2024-03-16T11:57:42.894Z
40909,98495,TX20240926203554,PAY_FEE,7,MRU,9589,MERCHANT,COLLECTED,2024-09-26T08:52:30.167Z
40910,98496,TX20240316163335,TRF_FEE,25,MRU,2106,PLATFORM,COLLECTED,2024-03-16T18:47:35.328Z
40911,98497,TX20240511030579,TRF_FEE,25,MRU,5526,PLATFORM,COLLECTED,2024-05-11T09:37:14.556Z
40912,98500,TX20240708967292,TRF_FEE,50,MRU,1839,PLATFORM,COLLECTED,2024-07-08T16:23:52.687Z
40913,98511,TX20240127480859,PAY_FEE,195,MRU,7602,MERCHANT,COLLECTED,2024-01-27T10:20:38.384Z
40914,98518,TX20240719169739,PAY_FEE,435,MRU,4158,MERCHANT,COLLECTED,2024-07-19T10:30:57.627Z
40915,98520,TX20240322389091,TRF_FEE,25,MRU,4471,PLATFORM,COLLECTED,2024-03-22T09:54:43.710Z
40916,98521,TX20240529957970,PAY_FEE,17,MRU,7175,MERCHANT,COLLECTED,2024-05-29T15:25:29.758Z
40917,98525,TX20241225700834,TRF_FEE,10,MRU,1679,PLATFORM,COLLECTED,2024-12-25T15:55:33.113Z
40918,98529,TX20240213509569,WIT_FEE,50,MRU,2883,PLATFORM,COLLECTED,2024-02-13T19:00:25.649Z
40919,98531,TX20240104962315,TRF_FEE,50,MRU,3115,PLATFORM,COLLECTED,2024-01-04T03:12:23.441Z
40920,98532,TX20240528963610,WIT_FEE,50,MRU,2445,PLATFORM,COLLECTED,2024-05-28T07:33:21.447Z
40921,98534,TX20240716180042,WIT_FEE,50,MRU,4194,PLATFORM,COLLECTED,2024-07-16T10:13:43.903Z
40922,98535,TX20241129375259,WIT_FEE,50,MRU,4,PLATFORM,COLLECTED,2024-11-29T05:38:28.071Z
40923,98536,TX20241121785927,TRF_FEE,50,MRU,3641,PLATFORM,COLLECTED,2024-11-21T08:51:37.122Z
40924,98543,TX20240918574743,WIT_FEE,50,MRU,1637,PLATFORM,COLLECTED,2024-09-18T17:04:17.191Z
40925,98546,TX20240303354945,PAY_FEE,8,MRU,9623,MERCHANT,COLLECTED,2024-03-03T21:43:58.381Z
40926,98547,TX20241201656694,TRF_FEE,50,MRU,783,PLATFORM,COLLECTED,2024-12-01T08:09:18.260Z
40927,98550,TX20240901968823,PAY_FEE,42,MRU,10227,MERCHANT,COLLECTED,2024-09-01T12:34:01.123Z
40928,98551,TX20240322210740,WIT_FEE,100,MRU,7665,PLATFORM,COLLECTED,2024-03-22T13:46:41.988Z
40929,98552,TX20240626301359,WIT_FEE,50,MRU,5411,PLATFORM,COLLECTED,2024-06-26T14:08:13.711Z
40930,98554,TX20240415850971,WIT_FEE,50,MRU,4411,PLATFORM,COLLECTED,2024-04-15T10:35:14.488Z
40931,98557,TX20240617223608,PAY_FEE,18,MRU,6188,MERCHANT,COLLECTED,2024-06-17T16:35:51.260Z
40932,98559,TX20240102699750,TRF_FEE,25,MRU,5626,PLATFORM,COLLECTED,2024-01-02T17:30:53.525Z
40933,98561,TX20240828879567,WIT_FEE,50,MRU,10410,PLATFORM,COLLECTED,2024-08-28T14:43:21.358Z
40934,98562,TX20240709660947,WIT_FEE,50,MRU,448,PLATFORM,COLLECTED,2024-07-09T09:49:39.785Z
40935,98566,TX20240622346047,WIT_FEE,50,MRU,10423,PLATFORM,COLLECTED,2024-06-22T05:04:35.465Z
40936,98579,TX20240109326629,TRF_FEE,50,MRU,150,PLATFORM,COLLECTED,2024-01-09T09:51:24.114Z
40937,98582,TX20240219045744,BIL_FEE,100,MRU,3869,PLATFORM,COLLECTED,2024-02-19T08:54:58.303Z
40938,98590,TX20241017570007,WIT_FEE,50,MRU,5941,PLATFORM,COLLECTED,2024-10-17T15:36:21.605Z
40939,98596,TX20240809014901,TRF_FEE,10,MRU,9214,PLATFORM,COLLECTED,2024-08-09T09:04:48.615Z
40940,98599,TX20240210529728,PAY_FEE,44,MRU,7353,MERCHANT,COLLECTED,2024-02-10T08:18:55.014Z
40941,98607,TX20241012263241,PAY_FEE,74,MRU,5959,MERCHANT,COLLECTED,2024-10-12T06:26:13.900Z
40942,98608,TX20240225056027,TRF_FEE,25,MRU,9898,PLATFORM,COLLECTED,2024-02-25T18:15:42.082Z
40943,98610,TX20240131027700,WIT_FEE,50,MRU,9030,PLATFORM,COLLECTED,2024-01-31T06:54:02.307Z
40944,98615,TX20240111885983,PAY_FEE,60,MRU,9046,MERCHANT,COLLECTED,2024-01-11T16:12:59.510Z
40945,98619,TX20240707943444,TRF_FEE,25,MRU,3906,PLATFORM,COLLECTED,2024-07-07T12:30:01.575Z
40946,98622,TX20240522434187,TRF_FEE,25,MRU,9377,PLATFORM,COLLECTED,2024-05-22T16:04:29.044Z
40947,98625,TX20241005685202,WIT_FEE,50,MRU,1816,PLATFORM,COLLECTED,2024-10-05T09:07:54.284Z
40948,98631,TX20240918193866,WIT_FEE,50,MRU,7147,PLATFORM,COLLECTED,2024-09-18T06:18:02.121Z
40949,98638,TX20240428280055,TRF_FEE,50,MRU,4663,PLATFORM,COLLECTED,2024-04-28T11:38:09.599Z
40950,98644,TX20241003040783,TRF_FEE,50,MRU,10149,PLATFORM,COLLECTED,2024-10-03T11:42:07.894Z
40951,98653,TX20240821311470,BIL_FEE,100,MRU,6349,PLATFORM,COLLECTED,2024-08-21T12:16:51.455Z
40952,98656,TX20240116447424,WIT_FEE,50,MRU,9279,PLATFORM,COLLECTED,2024-01-16T07:27:17.046Z
40953,98660,TX20241022066574,TRF_FEE,50,MRU,1910,PLATFORM,COLLECTED,2024-10-22T12:12:40.999Z
40954,98662,TX20240401454646,BIL_FEE,100,MRU,8023,PLATFORM,COLLECTED,2024-04-01T10:34:36.387Z
40955,98663,TX20241012236904,TRF_FEE,50,MRU,10188,PLATFORM,COLLECTED,2024-10-12T16:28:21.555Z
40956,98664,TX20240116883625,SAL_FEE,1765,MRU,4503,PLATFORM,COLLECTED,2024-01-16T13:10:48.718Z
40957,98673,TX20240412247102,TRF_FEE,25,MRU,7821,PLATFORM,COLLECTED,2024-04-12T09:12:23.950Z
40958,98676,TX20240926802354,PAY_FEE,7,MRU,9589,MERCHANT,COLLECTED,2024-09-26T08:52:30.167Z
40959,98679,TX20240128278509,PAY_FEE,29,MRU,8057,MERCHANT,COLLECTED,2024-01-28T13:31:13.021Z
40960,98681,TX20241115202068,WIT_FEE,50,MRU,1263,PLATFORM,COLLECTED,2024-11-15T15:09:20.919Z
40961,98683,TX20240717408122,WIT_FEE,50,MRU,1929,PLATFORM,COLLECTED,2024-07-17T15:55:27.448Z
40962,98691,TX20240215744067,PAY_FEE,75,MRU,1394,MERCHANT,COLLECTED,2024-02-15T06:43:44.331Z
40963,98694,TX20240809008100,WIT_FEE,50,MRU,10296,PLATFORM,COLLECTED,2024-08-09T15:54:33.041Z
40964,98697,TX20240902016569,PAY_FEE,300,MRU,524,MERCHANT,COLLECTED,2024-09-02T06:36:18.523Z
40965,98698,TX20240906760146,SAL_FEE,2445,MRU,5828,PLATFORM,COLLECTED,2024-09-06T09:38:15.134Z
40966,98699,TX20240527217710,WIT_FEE,50,MRU,1819,PLATFORM,COLLECTED,2024-05-27T06:54:22.298Z
40967,98701,TX20240117338581,TRF_FEE,25,MRU,8057,PLATFORM,COLLECTED,2024-01-17T16:20:10.147Z
40968,98705,TX20240521357756,WIT_FEE,490,MRU,9223,PLATFORM,COLLECTED,2024-05-21T12:30:40.337Z
40969,98706,TX20240910257366,TRF_FEE,10,MRU,10548,PLATFORM,COLLECTED,2024-09-10T05:32:47.821Z
40970,98707,TX20240313284766,WIT_FEE,50,MRU,9075,PLATFORM,COLLECTED,2024-03-13T07:15:39.682Z
40971,98708,TX20240405789185,TRF_FEE,25,MRU,4696,PLATFORM,COLLECTED,2024-04-05T06:14:46.520Z
40972,98710,TX20241017527947,WIT_FEE,50,MRU,7592,PLATFORM,COLLECTED,2024-10-17T06:30:42.534Z
40973,98711,TX20240126923811,PAY_FEE,18,MRU,7193,MERCHANT,COLLECTED,2024-01-26T17:55:07.103Z
40974,98718,TX20240104697815,TRF_FEE,10,MRU,503,PLATFORM,COLLECTED,2024-01-04T17:55:04.946Z
40975,98719,TX20240303237602,PAY_FEE,59,MRU,10436,MERCHANT,COLLECTED,2024-03-03T20:38:14.728Z
40976,98720,TX20240910581457,PAY_FEE,9,MRU,7623,MERCHANT,COLLECTED,2024-09-10T06:12:30.761Z
40977,98721,TX20241205932107,TRF_FEE,10,MRU,6071,PLATFORM,COLLECTED,2024-12-05T17:57:08.067Z
40978,98722,TX20240817478896,SAL_FEE,1060,MRU,7000,PLATFORM,COLLECTED,2024-08-17T07:04:42.482Z
40979,98726,TX20240503729098,WIT_FEE,200,MRU,8877,PLATFORM,COLLECTED,2024-05-03T08:48:33.722Z
40980,98732,TX20240708373142,WIT_FEE,50,MRU,4365,PLATFORM,COLLECTED,2024-07-08T05:14:33.922Z
40981,98733,TX20241029544428,TRF_FEE,10,MRU,222,PLATFORM,COLLECTED,2024-10-29T10:45:19.090Z
40982,98737,TX20240507524187,PAY_FEE,18,MRU,10697,MERCHANT,COLLECTED,2024-05-07T09:57:57.029Z
40983,98742,TX20240924773113,TRF_FEE,25,MRU,4863,PLATFORM,COLLECTED,2024-09-24T18:49:03.232Z
40984,98743,TX20240925607857,WIT_FEE,50,MRU,4830,PLATFORM,COLLECTED,2024-09-25T14:29:13.812Z
40985,98746,TX20240427969588,PAY_FEE,50,MRU,8704,MERCHANT,COLLECTED,2024-04-27T06:44:23.554Z
40986,98749,TX20241201221131,TRF_FEE,50,MRU,9579,PLATFORM,COLLECTED,2024-12-01T15:47:43.476Z
40987,98750,TX20241126079768,PAY_FEE,8,MRU,2438,MERCHANT,COLLECTED,2024-11-26T16:00:23.550Z
40988,98751,TX20240609469497,TRF_FEE,10,MRU,2529,PLATFORM,COLLECTED,2024-06-09T06:55:46.952Z
40989,98756,TX20240820406592,TRF_FEE,50,MRU,3994,PLATFORM,COLLECTED,2024-08-20T08:53:31.643Z
40990,98759,TX20240419411593,TRF_FEE,10,MRU,4245,PLATFORM,COLLECTED,2024-04-19T04:42:41.328Z
40991,98766,TX20240324890592,TRF_FEE,50,MRU,7669,PLATFORM,COLLECTED,2024-03-24T14:46:28.114Z
40992,98767,TX20241226288711,PAY_FEE,8,MRU,5165,MERCHANT,COLLECTED,2024-12-26T07:54:14.476Z
40993,98771,TX20240127794610,WIT_FEE,100,MRU,9223,PLATFORM,COLLECTED,2024-01-27T13:58:39.589Z
40994,98773,TX20240829096418,TRF_FEE,50,MRU,8462,PLATFORM,COLLECTED,2024-08-29T07:00:01.733Z
40995,98774,TX20240808565509,TRF_FEE,25,MRU,9676,PLATFORM,COLLECTED,2024-08-08T05:29:45.191Z
40996,98777,TX20240809390497,TRF_FEE,10,MRU,9214,PLATFORM,COLLECTED,2024-08-09T09:04:48.615Z
40997,98780,TX20240616601147,BIL_FEE,100,MRU,8908,PLATFORM,COLLECTED,2024-06-16T12:15:59.856Z
40998,98781,TX20240824736695,WIT_FEE,50,MRU,2417,PLATFORM,COLLECTED,2024-08-24T08:13:01.855Z
40999,98782,TX20240809343454,PAY_FEE,12,MRU,6740,MERCHANT,COLLECTED,2024-08-09T07:40:47.834Z
41000,98783,TX20240530668303,WIT_FEE,50,MRU,6618,PLATFORM,COLLECTED,2024-05-30T06:59:09.238Z
41001,98787,TX20240821822779,WIT_FEE,50,MRU,6396,PLATFORM,COLLECTED,2024-08-21T11:16:29.149Z
41002,98792,TX20240616805544,TRF_FEE,25,MRU,1326,PLATFORM,COLLECTED,2024-06-16T09:04:28.284Z
41003,98800,TX20240707792570,TRF_FEE,25,MRU,3906,PLATFORM,COLLECTED,2024-07-07T12:30:01.575Z
41004,98803,TX20241109147958,WIT_FEE,500,MRU,2669,PLATFORM,COLLECTED,2024-11-09T07:29:02.849Z
41005,98807,TX20240120526986,TRF_FEE,10,MRU,3902,PLATFORM,COLLECTED,2024-01-20T18:12:26.349Z
41006,98814,TX20240906674476,BIL_FEE,100,MRU,7667,PLATFORM,COLLECTED,2024-09-06T05:22:40.051Z
41007,98818,TX20241019905316,TRF_FEE,50,MRU,1740,PLATFORM,COLLECTED,2024-10-19T16:32:47.633Z
41008,98819,TX20240309314469,TRF_FEE,10,MRU,5342,PLATFORM,COLLECTED,2024-03-09T08:40:41.351Z
41009,98826,TX20241205803232,WIT_FEE,50,MRU,172,PLATFORM,COLLECTED,2024-12-05T09:00:44.927Z
41010,98827,TX20240823587006,WIT_FEE,210,MRU,555,PLATFORM,COLLECTED,2024-08-23T06:24:14.295Z
41011,98829,TX20241008078997,TRF_FEE,25,MRU,3416,PLATFORM,COLLECTED,2024-10-08T16:40:23.057Z
41012,98830,TX20240408290184,TRF_FEE,50,MRU,346,PLATFORM,COLLECTED,2024-04-08T14:22:46.226Z
41013,98836,TX20240520496073,PAY_FEE,26,MRU,6566,MERCHANT,COLLECTED,2024-05-20T07:58:03.151Z
41014,98840,TX20241122930459,TRF_FEE,25,MRU,10933,PLATFORM,COLLECTED,2024-11-22T12:55:42.487Z
41015,98843,TX20240401604235,BIL_FEE,100,MRU,8023,PLATFORM,COLLECTED,2024-04-01T10:34:36.387Z
41016,98846,TX20240107490256,TRF_FEE,50,MRU,4521,PLATFORM,COLLECTED,2024-01-07T11:01:16.634Z
41017,98848,TX20240509140648,WIT_FEE,50,MRU,2911,PLATFORM,COLLECTED,2024-05-09T15:24:01.031Z
41018,98855,TX20240709838276,WIT_FEE,56,MRU,9985,PLATFORM,COLLECTED,2024-07-09T07:09:15.117Z
41019,98856,TX20241001360696,BIL_FEE,100,MRU,10560,PLATFORM,COLLECTED,2024-10-01T14:54:19.856Z
41020,98857,TX20241028691498,SAL_FEE,2205,MRU,1864,PLATFORM,COLLECTED,2024-10-28T16:16:52.508Z
41021,98859,TX20240511123898,TRF_FEE,25,MRU,5526,PLATFORM,COLLECTED,2024-05-11T09:37:14.556Z
41022,98865,TX20240518704561,TRF_FEE,50,MRU,2262,PLATFORM,COLLECTED,2024-05-18T10:17:20.755Z
41023,98868,TX20241012655447,WIT_FEE,50,MRU,8785,PLATFORM,COLLECTED,2024-10-12T15:09:01.987Z
41024,98873,TX20240127999628,PAY_FEE,195,MRU,7602,MERCHANT,COLLECTED,2024-01-27T10:20:38.384Z
41025,98874,TX20241025406031,TRF_FEE,25,MRU,10923,PLATFORM,COLLECTED,2024-10-25T11:23:19.497Z
41026,98878,TX20240507020827,PAY_FEE,13,MRU,9834,MERCHANT,COLLECTED,2024-05-07T15:22:51.363Z
41027,98880,TX20240719943818,PAY_FEE,435,MRU,4158,MERCHANT,COLLECTED,2024-07-19T10:30:57.627Z
41028,98884,TX20241028563882,PAY_FEE,63,MRU,10308,MERCHANT,COLLECTED,2024-10-28T10:27:08.031Z
41029,98886,TX20240819115182,PAY_FEE,21,MRU,4856,MERCHANT,COLLECTED,2024-08-19T05:11:24.401Z
41030,98887,TX20240903486875,SAL_FEE,1525,MRU,1228,PLATFORM,COLLECTED,2024-09-03T18:33:06.151Z
41031,98890,TX20240525280886,WIT_FEE,59,MRU,5423,PLATFORM,COLLECTED,2024-05-25T07:33:03.137Z
41032,98893,TX20240104270345,TRF_FEE,50,MRU,3115,PLATFORM,COLLECTED,2024-01-04T03:12:23.441Z
41033,98894,TX20240301904026,TRF_FEE,25,MRU,3457,PLATFORM,COLLECTED,2024-03-01T13:21:26.220Z
41034,98895,TX20240716542580,BIL_FEE,100,MRU,1869,PLATFORM,COLLECTED,2024-07-16T05:34:45.589Z
41035,98900,TX20240113008417,WIT_FEE,50,MRU,3254,PLATFORM,COLLECTED,2024-01-13T09:09:25.690Z
41036,98903,TX20240613275692,PAY_FEE,26,MRU,638,MERCHANT,COLLECTED,2024-06-13T07:32:56.676Z
41037,98909,TX20240129030295,WIT_FEE,50,MRU,3941,PLATFORM,COLLECTED,2024-01-29T07:33:19.448Z
41038,98910,TX20240222080240,TRF_FEE,25,MRU,2685,PLATFORM,COLLECTED,2024-02-22T10:05:37.617Z
41039,98911,TX20241025729298,TRF_FEE,10,MRU,9329,PLATFORM,COLLECTED,2024-10-25T14:03:29.398Z
41040,98913,TX20240420419243,WIT_FEE,50,MRU,2914,PLATFORM,COLLECTED,2024-04-20T05:31:12.502Z
41041,98920,TX20240603259066,BIL_FEE,100,MRU,10746,PLATFORM,COLLECTED,2024-06-03T09:10:47.621Z
41042,98923,TX20240728353825,TRF_FEE,50,MRU,6842,PLATFORM,COLLECTED,2024-07-28T14:13:26.124Z
41043,98925,TX20240827813274,TRF_FEE,50,MRU,3683,PLATFORM,COLLECTED,2024-08-27T05:57:32.066Z
41044,98927,TX20240427837678,PAY_FEE,50,MRU,8704,MERCHANT,COLLECTED,2024-04-27T06:44:23.554Z
41045,98928,TX20241226297736,PAY_FEE,86,MRU,8933,MERCHANT,COLLECTED,2024-12-26T09:10:10.890Z
41046,98930,TX20241019221131,TRF_FEE,25,MRU,2219,PLATFORM,COLLECTED,2024-10-19T15:28:52.921Z
41047,98931,TX20241126278577,PAY_FEE,8,MRU,2438,MERCHANT,COLLECTED,2024-11-26T16:00:23.550Z
41048,98938,TX20240326074611,TRF_FEE,25,MRU,4390,PLATFORM,COLLECTED,2024-03-26T16:01:45.645Z
41049,98939,TX20241128012762,TRF_FEE,10,MRU,256,PLATFORM,COLLECTED,2024-11-28T09:38:32.881Z
41050,98947,TX20240321790954,BIL_FEE,100,MRU,5630,PLATFORM,COLLECTED,2024-03-21T06:55:01.569Z
41051,98952,TX20240311536647,TRF_FEE,25,MRU,4755,PLATFORM,COLLECTED,2024-03-11T06:54:38.666Z
41052,98957,TX20240318912920,PAY_FEE,27,MRU,6513,MERCHANT,COLLECTED,2024-03-18T14:02:30.378Z
41053,98961,TX20240527520161,PAY_FEE,27,MRU,4934,MERCHANT,COLLECTED,2024-05-27T05:56:22.927Z
41054,98964,TX20240718501471,TRF_FEE,50,MRU,662,PLATFORM,COLLECTED,2024-07-18T07:50:08.804Z
41055,98967,TX20240622810860,TRF_FEE,50,MRU,464,PLATFORM,COLLECTED,2024-06-22T14:42:53.683Z
41056,98969,TX20241122487918,WIT_FEE,50,MRU,786,PLATFORM,COLLECTED,2024-11-22T15:27:59.822Z
41057,98970,TX20240211037409,PAY_FEE,11,MRU,5277,MERCHANT,COLLECTED,2024-02-11T11:50:35.893Z
41058,98971,TX20241215235344,TRF_FEE,50,MRU,5149,PLATFORM,COLLECTED,2024-12-15T11:02:21.599Z
41059,98976,TX20241211308493,TRF_FEE,25,MRU,6649,PLATFORM,COLLECTED,2024-12-11T17:59:37.495Z
41060,98978,TX20240829184452,WIT_FEE,180,MRU,10119,PLATFORM,COLLECTED,2024-08-29T05:31:45.885Z
41061,98979,TX20240330028420,TRF_FEE,25,MRU,9404,PLATFORM,COLLECTED,2024-03-30T11:17:55.898Z
41062,98985,TX20240408289255,WIT_FEE,50,MRU,7752,PLATFORM,COLLECTED,2024-04-08T14:31:13.570Z
41063,98986,TX20240120391311,TRF_FEE,50,MRU,33,PLATFORM,COLLECTED,2024-01-20T06:42:47.843Z
41064,98989,TX20241205023496,PAY_FEE,315,MRU,6906,MERCHANT,COLLECTED,2024-12-05T15:20:20.892Z
41065,98990,TX20240709738868,TRF_FEE,50,MRU,6129,PLATFORM,COLLECTED,2024-07-09T06:00:04.465Z
41066,98993,TX20240528718561,WIT_FEE,50,MRU,7847,PLATFORM,COLLECTED,2024-05-28T08:00:55.933Z
41067,98994,TX20240509125889,TRF_FEE,50,MRU,5318,PLATFORM,COLLECTED,2024-05-09T15:44:10.839Z
41068,98998,TX20240621160968,PAY_FEE,135,MRU,421,MERCHANT,COLLECTED,2024-06-21T06:13:18.552Z
41069,99000,TX20240219978458,PAY_FEE,45,MRU,6647,MERCHANT,COLLECTED,2024-02-19T14:31:26.213Z
41070,99017,TX20240225009823,TRF_FEE,25,MRU,1524,PLATFORM,COLLECTED,2024-02-25T17:35:23.437Z
41071,99018,TX20240106593754,PAY_FEE,104,MRU,5491,MERCHANT,COLLECTED,2024-01-06T12:03:54.818Z
41072,99029,TX20241202807641,TRF_FEE,25,MRU,1269,PLATFORM,COLLECTED,2024-12-02T19:07:12.707Z
41073,99030,TX20240509632535,WIT_FEE,50,MRU,2911,PLATFORM,COLLECTED,2024-05-09T15:24:01.031Z
41074,99036,TX20241213228587,WIT_FEE,200,MRU,6241,PLATFORM,COLLECTED,2024-12-13T15:53:23.673Z
41075,99038,TX20241108052249,WIT_FEE,50,MRU,6826,PLATFORM,COLLECTED,2024-11-08T20:59:17.817Z
41076,99042,TX20240128525814,PAY_FEE,29,MRU,8057,MERCHANT,COLLECTED,2024-01-28T13:31:13.021Z
41077,99044,TX20240520051143,PAY_FEE,135,MRU,10132,MERCHANT,COLLECTED,2024-05-20T17:41:09.339Z
41078,99046,TX20240612066918,TRF_FEE,50,MRU,1066,PLATFORM,COLLECTED,2024-06-12T07:04:28.830Z
41079,99047,TX20240719113744,PAY_FEE,39,MRU,10318,MERCHANT,COLLECTED,2024-07-19T13:26:38.531Z
41080,99051,TX20240211947952,PAY_FEE,20,MRU,5649,MERCHANT,COLLECTED,2024-02-11T11:15:16.130Z
41081,99055,TX20241113999628,PAY_FEE,56,MRU,4259,MERCHANT,COLLECTED,2024-11-13T07:19:20.649Z
41082,99056,TX20241025275269,TRF_FEE,25,MRU,10923,PLATFORM,COLLECTED,2024-10-25T11:23:19.497Z
41083,99058,TX20240613808975,WIT_FEE,50,MRU,7002,PLATFORM,COLLECTED,2024-06-13T12:44:17.467Z
41084,99059,TX20240410188168,TRF_FEE,50,MRU,3100,PLATFORM,COLLECTED,2024-04-10T12:18:40.343Z
41085,99077,TX20240716117998,BIL_FEE,100,MRU,1869,PLATFORM,COLLECTED,2024-07-16T05:34:45.589Z
41086,99083,TX20240712011532,PAY_FEE,285,MRU,5787,MERCHANT,COLLECTED,2024-07-12T06:49:25.009Z
41087,99084,TX20240808931234,WIT_FEE,50,MRU,4697,PLATFORM,COLLECTED,2024-08-08T06:51:06.140Z
41088,99085,TX20240917845623,PAY_FEE,27,MRU,7459,MERCHANT,COLLECTED,2024-09-17T10:08:32.942Z
41089,99087,TX20240310452255,WIT_FEE,100,MRU,4685,PLATFORM,COLLECTED,2024-03-10T08:05:07.331Z
41090,99088,TX20240615692315,TRF_FEE,50,MRU,488,PLATFORM,COLLECTED,2024-06-15T15:58:23.886Z
41091,99100,TX20240507854171,PAY_FEE,18,MRU,10697,MERCHANT,COLLECTED,2024-05-07T09:57:57.029Z
41092,99103,TX20240314063928,TRF_FEE,10,MRU,6427,PLATFORM,COLLECTED,2024-03-14T15:55:48.318Z
41093,99104,TX20240603328669,WIT_FEE,50,MRU,10112,PLATFORM,COLLECTED,2024-06-03T07:34:12.582Z
41094,99105,TX20240924393277,TRF_FEE,25,MRU,4863,PLATFORM,COLLECTED,2024-09-24T18:49:03.232Z
41095,99106,TX20240830643423,PAY_FEE,99,MRU,5151,MERCHANT,COLLECTED,2024-08-30T11:13:48.436Z
41096,99111,TX20240423824640,WIT_FEE,290,MRU,3045,PLATFORM,COLLECTED,2024-04-23T15:32:43.980Z
41097,99112,TX20241019225686,TRF_FEE,25,MRU,2219,PLATFORM,COLLECTED,2024-10-19T15:28:52.921Z
41098,99113,TX20240919735518,BIL_FEE,100,MRU,1344,PLATFORM,COLLECTED,2024-09-18T22:23:33.219Z
41099,99115,TX20240308750790,TRF_FEE,50,MRU,6813,PLATFORM,COLLECTED,2024-03-08T12:09:11.115Z
41100,99119,TX20240820991219,TRF_FEE,50,MRU,3994,PLATFORM,COLLECTED,2024-08-20T08:53:31.643Z
41101,99120,TX20240108386427,PAY_FEE,13,MRU,6029,MERCHANT,COLLECTED,2024-01-08T16:38:23.743Z
41102,99122,TX20240112427877,WIT_FEE,50,MRU,1786,PLATFORM,COLLECTED,2024-01-12T15:41:19.383Z
41103,99130,TX20241226264678,PAY_FEE,8,MRU,5165,MERCHANT,COLLECTED,2024-12-26T07:54:14.476Z
41104,99135,TX20240112508867,PAY_FEE,18,MRU,659,MERCHANT,COLLECTED,2024-01-12T08:17:48.763Z
41105,99141,TX20241029127992,TRF_FEE,50,MRU,67,PLATFORM,COLLECTED,2024-10-29T14:39:34.351Z
41106,99142,TX20241215119272,WIT_FEE,200,MRU,4179,PLATFORM,COLLECTED,2024-12-14T23:57:49.560Z
41107,99150,TX20241222481260,WIT_FEE,100,MRU,10862,PLATFORM,COLLECTED,2024-12-22T09:51:29.095Z
41108,99153,TX20240116784559,WIT_FEE,50,MRU,669,PLATFORM,COLLECTED,2024-01-16T10:35:27.326Z
41109,99156,TX20240804682229,PAY_FEE,23,MRU,4929,MERCHANT,COLLECTED,2024-08-04T16:20:28.364Z
41110,99159,TX20241001862412,WIT_FEE,50,MRU,4686,PLATFORM,COLLECTED,2024-10-01T06:31:20.872Z
41111,99161,TX20240415238865,TRF_FEE,25,MRU,6953,PLATFORM,COLLECTED,2024-04-15T17:53:51.554Z
41112,99165,TX20240210594045,PAY_FEE,45,MRU,1329,MERCHANT,COLLECTED,2024-02-10T10:45:14.733Z
41113,99167,TX20240822418805,WIT_FEE,500,MRU,5350,PLATFORM,COLLECTED,2024-08-22T12:13:34.703Z
41114,99170,TX20240323837795,TRF_FEE,10,MRU,461,PLATFORM,COLLECTED,2024-03-23T19:43:52.675Z
41115,99177,TX20240305053356,TRF_FEE,10,MRU,4063,PLATFORM,COLLECTED,2024-03-05T20:09:41.119Z
41116,99179,TX20240224699345,BIL_FEE,100,MRU,2106,PLATFORM,COLLECTED,2024-02-24T10:28:54.035Z
41117,99182,TX20240728160516,WIT_FEE,50,MRU,10737,PLATFORM,COLLECTED,2024-07-28T11:55:33.549Z
41118,99183,TX20241206845917,TRF_FEE,25,MRU,1011,PLATFORM,COLLECTED,2024-12-06T13:54:43.117Z
41119,99185,TX20240606023341,PAY_FEE,110,MRU,9558,MERCHANT,COLLECTED,2024-06-06T13:04:21.386Z
41120,99190,TX20240303988025,TRF_FEE,25,MRU,5672,PLATFORM,COLLECTED,2024-03-03T10:23:27.559Z
41121,99191,TX20240713141846,TRF_FEE,50,MRU,5536,PLATFORM,COLLECTED,2024-07-13T14:59:57.693Z
41122,99192,TX20240815532576,PAY_FEE,59,MRU,1346,MERCHANT,COLLECTED,2024-08-15T07:41:33.263Z
41123,99194,TX20240112682207,WIT_FEE,160,MRU,1249,PLATFORM,COLLECTED,2024-01-12T09:10:28.216Z
41124,99196,TX20240118908926,PAY_FEE,8,MRU,4966,MERCHANT,COLLECTED,2024-01-18T11:11:42.717Z
41125,99199,TX20240415931756,TRF_FEE,25,MRU,1667,PLATFORM,COLLECTED,2024-04-15T10:57:47.448Z
41126,99201,TX20241113017057,TRF_FEE,50,MRU,7912,PLATFORM,COLLECTED,2024-11-13T14:50:23.411Z
41127,99206,TX20241211233610,TRF_FEE,50,MRU,3967,PLATFORM,COLLECTED,2024-12-11T11:35:46.372Z
41128,99207,TX20240922546279,WIT_FEE,140,MRU,3374,PLATFORM,COLLECTED,2024-09-22T11:40:26.922Z
41129,99210,TX20240508614094,TRF_FEE,25,MRU,1112,PLATFORM,COLLECTED,2024-05-08T09:43:56.688Z
41130,99211,TX20240730572458,PAY_FEE,1320,MRU,8072,MERCHANT,COLLECTED,2024-07-30T14:50:48.641Z
41131,99212,TX20241206792899,PAY_FEE,8,MRU,1389,MERCHANT,COLLECTED,2024-12-06T16:41:50.156Z
41132,99220,TX20241001459510,BIL_FEE,100,MRU,10560,PLATFORM,COLLECTED,2024-10-01T14:54:19.856Z
41133,99221,TX20240926416359,PAY_FEE,7,MRU,9589,MERCHANT,COLLECTED,2024-09-26T08:52:30.167Z
41134,99223,TX20240511075557,TRF_FEE,25,MRU,5526,PLATFORM,COLLECTED,2024-05-11T09:37:14.556Z
41135,99224,TX20240128113694,PAY_FEE,29,MRU,8057,MERCHANT,COLLECTED,2024-01-28T13:31:13.021Z
41136,99229,TX20240606502021,WIT_FEE,280,MRU,10554,PLATFORM,COLLECTED,2024-06-06T08:20:45.203Z
41137,99230,TX20241104278611,WIT_FEE,50,MRU,4902,PLATFORM,COLLECTED,2024-11-04T11:25:54.434Z
41138,99232,TX20240416056536,PAY_FEE,17,MRU,5164,MERCHANT,COLLECTED,2024-04-16T13:24:12.960Z
41139,99234,TX20240115876369,PAY_FEE,255,MRU,6468,MERCHANT,COLLECTED,2024-01-15T17:56:44.182Z
41140,99235,TX20240817215192,TRF_FEE,25,MRU,1948,PLATFORM,COLLECTED,2024-08-17T08:57:41.329Z
41141,99237,TX20240502536299,WIT_FEE,200,MRU,4488,PLATFORM,COLLECTED,2024-05-02T14:23:41.729Z
41142,99238,TX20240428275269,WIT_FEE,50,MRU,8572,PLATFORM,COLLECTED,2024-04-28T12:59:33.647Z
41143,99241,TX20240419127963,TRF_FEE,50,MRU,10387,PLATFORM,COLLECTED,2024-04-19T14:20:16.978Z
41144,99243,TX20240309259322,TRF_FEE,25,MRU,4128,PLATFORM,COLLECTED,2024-03-09T14:41:38.222Z
41145,99245,TX20240606038161,WIT_FEE,50,MRU,5095,PLATFORM,COLLECTED,2024-06-06T09:02:03.199Z
41146,99249,TX20240529452308,WIT_FEE,50,MRU,5925,PLATFORM,COLLECTED,2024-05-29T07:47:17.499Z
41147,99255,TX20241119911126,PAY_FEE,7,MRU,10594,MERCHANT,COLLECTED,2024-11-19T15:02:58.117Z
41148,99257,TX20240910173705,PAY_FEE,102,MRU,5231,MERCHANT,COLLECTED,2024-09-10T07:32:48.437Z
41149,99258,TX20240615493384,WIT_FEE,50,MRU,1796,PLATFORM,COLLECTED,2024-06-15T09:11:50.436Z
41150,99259,TX20241007171974,PAY_FEE,36,MRU,6774,MERCHANT,COLLECTED,2024-10-07T13:45:34.608Z
41151,99261,TX20240817838590,WIT_FEE,50,MRU,7412,PLATFORM,COLLECTED,2024-08-17T14:07:20.946Z
41152,99264,TX20241111589212,WIT_FEE,270,MRU,8947,PLATFORM,COLLECTED,2024-11-11T20:26:24.157Z
41153,99265,TX20241210252355,PAY_FEE,47,MRU,1323,MERCHANT,COLLECTED,2024-12-10T11:13:53.015Z
41154,99270,TX20240424574967,WIT_FEE,50,MRU,2762,PLATFORM,COLLECTED,2024-04-24T13:43:26.379Z
41155,99276,TX20240328272227,PAY_FEE,10,MRU,5447,MERCHANT,COLLECTED,2024-03-28T10:41:10.032Z
41156,99280,TX20240923553445,PAY_FEE,33,MRU,3008,MERCHANT,COLLECTED,2024-09-23T14:24:27.421Z
41157,99281,TX20241105333200,BIL_FEE,100,MRU,6143,PLATFORM,COLLECTED,2024-11-05T09:31:04.457Z
41158,99285,TX20240415220350,WIT_FEE,50,MRU,10763,PLATFORM,COLLECTED,2024-04-15T16:34:53.845Z
41159,99287,TX20240601390357,TRF_FEE,10,MRU,1683,PLATFORM,COLLECTED,2024-06-01T14:26:47.548Z
41160,99288,TX20240827609804,TRF_FEE,50,MRU,3683,PLATFORM,COLLECTED,2024-08-27T05:57:32.066Z
41161,99289,TX20240611225750,SAL_FEE,1505,MRU,10473,PLATFORM,COLLECTED,2024-06-11T07:08:40.831Z
41162,99291,TX20241001001890,WIT_FEE,50,MRU,10894,PLATFORM,COLLECTED,2024-10-01T08:49:17.810Z
41163,99293,TX20240906885845,BIL_FEE,100,MRU,10154,PLATFORM,COLLECTED,2024-09-06T16:43:28.868Z
41164,99294,TX20241116594636,WIT_FEE,50,MRU,4329,PLATFORM,COLLECTED,2024-11-16T17:54:43.002Z
41165,99299,TX20240627325346,TRF_FEE,10,MRU,8256,PLATFORM,COLLECTED,2024-06-27T17:14:54.475Z
41166,99300,TX20241124540051,WIT_FEE,50,MRU,8389,PLATFORM,COLLECTED,2024-11-24T13:38:21.799Z
41167,99302,TX20240123835442,SAL_FEE,835,MRU,10036,PLATFORM,COLLECTED,2024-01-23T20:59:28.611Z
41168,99305,TX20240304208207,WIT_FEE,50,MRU,4685,PLATFORM,COLLECTED,2024-03-04T11:16:59.493Z
41169,99308,TX20240409200099,WIT_FEE,50,MRU,8785,PLATFORM,COLLECTED,2024-04-09T09:59:35.978Z
41170,99311,TX20240213004049,SAL_FEE,360,MRU,7890,PLATFORM,COLLECTED,2024-02-13T18:14:28.466Z
41171,99316,TX20240611601457,PAY_FEE,20,MRU,9525,MERCHANT,COLLECTED,2024-06-11T06:36:37.563Z
41172,99319,TX20241016642260,PAY_FEE,4,MRU,7601,MERCHANT,COLLECTED,2024-10-16T18:02:12.796Z
41173,99323,TX20241215378608,WIT_FEE,200,MRU,4179,PLATFORM,COLLECTED,2024-12-14T23:57:49.560Z
41174,99324,TX20240527258562,PAY_FEE,27,MRU,4934,MERCHANT,COLLECTED,2024-05-27T05:56:22.927Z
41175,99326,TX20240930863326,WIT_FEE,50,MRU,4691,PLATFORM,COLLECTED,2024-09-30T11:06:10.935Z
41176,99329,TX20240926623604,TRF_FEE,25,MRU,1432,PLATFORM,COLLECTED,2024-09-26T13:46:52.288Z
41177,99330,TX20240920149806,TRF_FEE,10,MRU,5514,PLATFORM,COLLECTED,2024-09-20T10:33:44.580Z
41178,99338,TX20240504182783,TRF_FEE,50,MRU,4578,PLATFORM,COLLECTED,2024-05-04T07:54:00.349Z
41179,99344,TX20241208515865,WIT_FEE,50,MRU,62,PLATFORM,COLLECTED,2024-12-08T00:37:56.975Z
41180,99345,TX20240114394071,SAL_FEE,2405,MRU,1038,PLATFORM,COLLECTED,2024-01-14T15:51:15.573Z
41181,99353,TX20240709070090,TRF_FEE,50,MRU,6129,PLATFORM,COLLECTED,2024-07-09T06:00:04.465Z
41182,99354,TX20241105010849,TRF_FEE,25,MRU,1337,PLATFORM,COLLECTED,2024-11-05T18:17:43.828Z
41183,99355,TX20240516198407,WIT_FEE,50,MRU,9596,PLATFORM,COLLECTED,2024-05-16T13:19:13.974Z
41184,99357,TX20240509265544,TRF_FEE,50,MRU,5318,PLATFORM,COLLECTED,2024-05-09T15:44:10.839Z
41185,99362,TX20240825545248,WIT_FEE,200,MRU,6465,PLATFORM,COLLECTED,2024-08-25T08:29:50.159Z
41186,99363,TX20240617351161,SAL_FEE,490,MRU,161,PLATFORM,COLLECTED,2024-06-17T13:13:11.487Z
41187,99365,TX20240412036749,WIT_FEE,500,MRU,2993,PLATFORM,COLLECTED,2024-04-12T09:03:12.998Z
41188,99366,TX20240610405452,PAY_FEE,255,MRU,5380,MERCHANT,COLLECTED,2024-06-10T08:01:29.521Z
41189,99367,TX20241118492647,WIT_FEE,200,MRU,6432,PLATFORM,COLLECTED,2024-11-18T18:19:17.758Z
41190,99369,TX20240111500721,TRF_FEE,50,MRU,1031,PLATFORM,COLLECTED,2024-01-11T06:25:18.381Z
41191,99370,TX20240507244402,TRF_FEE,25,MRU,5840,PLATFORM,COLLECTED,2024-05-07T13:21:30.320Z
41192,99375,TX20240426462268,WIT_FEE,340,MRU,1968,PLATFORM,COLLECTED,2024-04-26T14:14:11.249Z
41193,99378,TX20240123002490,BIL_FEE,100,MRU,5427,PLATFORM,COLLECTED,2024-01-23T17:47:45.329Z
41194,99379,TX20240420072595,TRF_FEE,50,MRU,421,PLATFORM,COLLECTED,2024-04-20T10:01:12.791Z
41195,99380,TX20240220913482,TRF_FEE,25,MRU,5001,PLATFORM,COLLECTED,2024-02-20T17:40:15.249Z
41196,99381,TX20241025593754,BIL_FEE,100,MRU,4988,PLATFORM,COLLECTED,2024-10-25T11:20:18.086Z
41197,99390,TX20240214184942,PAY_FEE,57,MRU,9746,MERCHANT,COLLECTED,2024-02-14T19:57:41.468Z
41198,99391,TX20240922614094,WIT_FEE,200,MRU,5352,PLATFORM,COLLECTED,2024-09-22T18:41:06.936Z
41199,99393,TX20241206535813,PAY_FEE,8,MRU,1389,MERCHANT,COLLECTED,2024-12-06T16:41:50.156Z
41200,99395,TX20240314899369,WIT_FEE,50,MRU,7709,PLATFORM,COLLECTED,2024-03-14T08:57:26.908Z
41201,99404,TX20240704787983,TRF_FEE,10,MRU,6952,PLATFORM,COLLECTED,2024-07-04T06:24:21.328Z
41202,99405,TX20240515278509,PAY_FEE,5,MRU,5816,MERCHANT,COLLECTED,2024-05-15T05:46:04.497Z
41203,99407,TX20240907679733,PAY_FEE,11,MRU,4650,MERCHANT,COLLECTED,2024-09-07T07:20:55.114Z
41204,99409,TX20240323408122,TRF_FEE,50,MRU,4969,PLATFORM,COLLECTED,2024-03-23T13:44:55.463Z
41205,99417,TX20240226695256,TRF_FEE,25,MRU,528,PLATFORM,COLLECTED,2024-02-26T05:08:47.124Z
41206,99420,TX20241123075801,TRF_FEE,50,MRU,10879,PLATFORM,COLLECTED,2024-11-23T16:37:04.224Z
41207,99423,TX20241006614597,PAY_FEE,5,MRU,227,MERCHANT,COLLECTED,2024-10-06T06:53:55.338Z
41208,99426,TX20240508038161,WIT_FEE,50,MRU,2209,PLATFORM,COLLECTED,2024-05-08T10:21:02.055Z
41209,99432,TX20240821949185,WIT_FEE,50,MRU,10835,PLATFORM,COLLECTED,2024-08-21T08:11:51.038Z
41210,99433,TX20240601648996,PAY_FEE,23,MRU,6486,MERCHANT,COLLECTED,2024-06-01T08:24:12.321Z
41211,99439,TX20241120347592,PAY_FEE,17,MRU,6522,MERCHANT,COLLECTED,2024-11-20T13:03:34.762Z
41212,99440,TX20240716659328,WIT_FEE,50,MRU,4194,PLATFORM,COLLECTED,2024-07-16T10:13:43.903Z
41213,99441,TX20240109239348,BIL_FEE,100,MRU,3164,PLATFORM,COLLECTED,2024-01-09T15:28:04.000Z
41214,99442,TX20240629785927,TRF_FEE,25,MRU,1344,PLATFORM,COLLECTED,2024-06-29T17:08:51.625Z
41215,99454,TX20240326658112,BIL_FEE,100,MRU,2869,PLATFORM,COLLECTED,2024-03-26T14:51:15.752Z
41216,99461,TX20240424376892,WIT_FEE,50,MRU,577,PLATFORM,COLLECTED,2024-04-24T13:03:39.422Z
41217,99465,TX20241120274186,TRF_FEE,25,MRU,10211,PLATFORM,COLLECTED,2024-11-20T13:30:12.667Z
41218,99468,TX20240830550801,PAY_FEE,99,MRU,5151,MERCHANT,COLLECTED,2024-08-30T11:13:48.436Z
41219,99471,TX20240525837678,PAY_FEE,5,MRU,7891,MERCHANT,COLLECTED,2024-05-25T12:47:47.645Z
41220,99472,TX20241226662852,PAY_FEE,86,MRU,8933,MERCHANT,COLLECTED,2024-12-26T09:10:10.890Z
41221,99473,TX20240423954251,WIT_FEE,290,MRU,3045,PLATFORM,COLLECTED,2024-04-23T15:32:43.980Z
41222,99474,TX20240921209317,PAY_FEE,180,MRU,9901,MERCHANT,COLLECTED,2024-09-21T11:52:55.200Z
41223,99477,TX20240225107289,TRF_FEE,25,MRU,9723,PLATFORM,COLLECTED,2024-02-25T08:06:37.062Z
41224,99484,TX20240628491493,PAY_FEE,14,MRU,3644,MERCHANT,COLLECTED,2024-06-28T08:01:42.697Z
41225,99485,TX20240810468086,PAY_FEE,17,MRU,9125,MERCHANT,COLLECTED,2024-08-10T12:32:38.929Z
41226,99486,TX20240315973574,WIT_FEE,250,MRU,3072,PLATFORM,COLLECTED,2024-03-15T07:14:10.439Z
41227,99488,TX20240118138688,TRF_FEE,50,MRU,4928,PLATFORM,COLLECTED,2024-01-18T09:21:10.028Z
41228,99491,TX20240324578598,TRF_FEE,50,MRU,7669,PLATFORM,COLLECTED,2024-03-24T14:46:28.114Z
41229,99492,TX20240213984410,SAL_FEE,360,MRU,7890,PLATFORM,COLLECTED,2024-02-13T18:14:28.466Z
41230,99503,TX20240726667364,TRF_FEE,10,MRU,791,PLATFORM,COLLECTED,2024-07-26T09:00:21.113Z
41231,99504,TX20240311487234,PAY_FEE,69,MRU,6427,MERCHANT,COLLECTED,2024-03-11T09:17:26.867Z
41232,99508,TX20240806192442,TRF_FEE,25,MRU,8988,PLATFORM,COLLECTED,2024-08-06T15:49:44.688Z
41233,99509,TX20240514460782,TRF_FEE,25,MRU,451,PLATFORM,COLLECTED,2024-05-14T18:43:16.549Z
41234,99512,TX20240930992501,TRF_FEE,10,MRU,5411,PLATFORM,COLLECTED,2024-09-30T09:38:28.282Z
41235,99513,TX20241003884206,TRF_FEE,25,MRU,2519,PLATFORM,COLLECTED,2024-10-03T15:46:06.444Z
41236,99515,TX20241228895680,WIT_FEE,50,MRU,807,PLATFORM,COLLECTED,2024-12-28T15:35:29.498Z
41237,99516,TX20240307455959,TRF_FEE,50,MRU,10278,PLATFORM,COLLECTED,2024-03-07T08:15:26.808Z
41238,99528,TX20240117618181,TRF_FEE,10,MRU,9548,PLATFORM,COLLECTED,2024-01-17T17:14:15.967Z
41239,99531,TX20240329423431,WIT_FEE,50,MRU,3157,PLATFORM,COLLECTED,2024-03-29T16:22:07.909Z
41240,99541,TX20240701187194,PAY_FEE,36,MRU,3451,MERCHANT,COLLECTED,2024-07-01T06:53:37.059Z
41241,99542,TX20240820203407,WIT_FEE,50,MRU,5147,PLATFORM,COLLECTED,2024-08-20T16:01:23.768Z
41242,99544,TX20240624306141,WIT_FEE,460,MRU,5945,PLATFORM,COLLECTED,2024-06-24T14:09:35.421Z
41243,99545,TX20240607868277,TRF_FEE,50,MRU,2887,PLATFORM,COLLECTED,2024-06-07T07:12:30.695Z
41244,99552,TX20240713328871,TRF_FEE,50,MRU,5536,PLATFORM,COLLECTED,2024-07-13T14:59:57.693Z
41245,99553,TX20240318967546,TRF_FEE,25,MRU,10957,PLATFORM,COLLECTED,2024-03-18T15:33:15.122Z
41246,99555,TX20241011177297,WIT_FEE,50,MRU,5250,PLATFORM,COLLECTED,2024-10-11T08:01:18.168Z
41247,99560,TX20240602437684,WIT_FEE,50,MRU,9574,PLATFORM,COLLECTED,2024-06-02T19:47:26.150Z
41248,99563,TX20240716396081,TRF_FEE,50,MRU,6524,PLATFORM,COLLECTED,2024-07-16T12:45:00.794Z
41249,99566,TX20240314357820,TRF_FEE,50,MRU,710,PLATFORM,COLLECTED,2024-03-14T18:13:57.807Z
41250,99567,TX20241203846026,WIT_FEE,50,MRU,1427,PLATFORM,COLLECTED,2024-12-03T18:16:49.592Z
41251,99568,TX20241215016515,WIT_FEE,97,MRU,146,PLATFORM,COLLECTED,2024-12-15T09:27:02.772Z
41252,99576,TX20240501790003,WIT_FEE,50,MRU,456,PLATFORM,COLLECTED,2024-05-01T14:44:45.487Z
41253,99580,TX20240129499750,PAY_FEE,315,MRU,21,MERCHANT,COLLECTED,2024-01-29T11:23:01.355Z
41254,99587,TX20240520860259,PAY_FEE,135,MRU,10132,MERCHANT,COLLECTED,2024-05-20T17:41:09.339Z
41255,99589,TX20240323063670,TRF_FEE,50,MRU,4969,PLATFORM,COLLECTED,2024-03-23T13:44:55.463Z
41256,99594,TX20240217416802,WIT_FEE,50,MRU,6853,PLATFORM,COLLECTED,2024-02-17T13:16:12.492Z
41257,99595,TX20241106634047,TRF_FEE,25,MRU,2207,PLATFORM,COLLECTED,2024-11-06T10:25:32.286Z
41258,99597,TX20240226182205,TRF_FEE,25,MRU,528,PLATFORM,COLLECTED,2024-02-26T05:08:47.124Z
41259,99599,TX20240730342997,WIT_FEE,50,MRU,4553,PLATFORM,COLLECTED,2024-07-30T07:26:24.275Z
41260,99600,TX20240817075801,PAY_FEE,66,MRU,62,MERCHANT,COLLECTED,2024-08-17T06:13:59.827Z
41261,99603,TX20241201396566,BIL_FEE,100,MRU,4423,PLATFORM,COLLECTED,2024-12-01T10:01:13.028Z
41262,99604,TX20240509680918,TRF_FEE,50,MRU,8727,PLATFORM,COLLECTED,2024-05-09T08:52:50.637Z
41263,99608,TX20240416441215,TRF_FEE,50,MRU,86,PLATFORM,COLLECTED,2024-04-16T13:43:10.767Z
41264,99612,TX20240416707358,TRF_FEE,50,MRU,4503,PLATFORM,COLLECTED,2024-04-16T07:51:02.983Z
41265,99613,TX20240211648996,TRF_FEE,25,MRU,2351,PLATFORM,COLLECTED,2024-02-11T15:25:16.414Z
41266,99618,TX20240519662837,TRF_FEE,25,MRU,4952,PLATFORM,COLLECTED,2024-05-19T10:10:33.356Z
41267,99619,TX20241120120352,PAY_FEE,17,MRU,6522,MERCHANT,COLLECTED,2024-11-20T13:03:34.762Z
41268,99624,TX20240217239771,WIT_FEE,50,MRU,5385,PLATFORM,COLLECTED,2024-02-17T17:53:01.844Z
41269,99627,TX20240917622573,PAY_FEE,27,MRU,7459,MERCHANT,COLLECTED,2024-09-17T10:08:32.942Z
41270,99630,TX20240615633106,TRF_FEE,50,MRU,488,PLATFORM,COLLECTED,2024-06-15T15:58:23.886Z
41271,99631,TX20240722241404,TRF_FEE,25,MRU,9542,PLATFORM,COLLECTED,2024-07-22T16:17:38.891Z
41272,99633,TX20240428394600,TRF_FEE,25,MRU,9310,PLATFORM,COLLECTED,2024-04-28T10:21:33.168Z
41273,99634,TX20240622733497,TRF_FEE,10,MRU,6816,PLATFORM,COLLECTED,2024-06-22T07:22:05.632Z
41274,99635,TX20240827729298,PAY_FEE,132,MRU,426,MERCHANT,COLLECTED,2024-08-27T05:29:23.845Z
41275,99641,TX20240614253459,TRF_FEE,25,MRU,2572,PLATFORM,COLLECTED,2024-06-14T10:16:23.417Z
41276,99649,TX20240827787994,TRF_FEE,50,MRU,3683,PLATFORM,COLLECTED,2024-08-27T05:57:32.066Z
41277,99650,TX20240304747275,TRF_FEE,25,MRU,6163,PLATFORM,COLLECTED,2024-03-04T08:40:49.949Z
41278,99651,TX20240427984589,PAY_FEE,50,MRU,8704,MERCHANT,COLLECTED,2024-04-27T06:44:23.554Z
41279,99652,TX20240419297736,SAL_FEE,810,MRU,8804,PLATFORM,COLLECTED,2024-04-19T07:10:53.809Z
41280,99654,TX20240921885845,PAY_FEE,180,MRU,9901,MERCHANT,COLLECTED,2024-09-21T11:52:55.200Z
41281,99655,TX20241116176853,WIT_FEE,50,MRU,4329,PLATFORM,COLLECTED,2024-11-16T17:54:43.002Z
41282,99658,TX20240505492865,TRF_FEE,25,MRU,8564,PLATFORM,COLLECTED,2024-05-05T07:07:14.374Z
41283,99661,TX20240828178464,SAL_FEE,1575,MRU,7667,PLATFORM,COLLECTED,2024-08-28T07:33:50.232Z
41284,99664,TX20240423852437,WIT_FEE,50,MRU,9037,PLATFORM,COLLECTED,2024-04-23T08:12:50.162Z
41285,99665,TX20240530218231,TRF_FEE,50,MRU,6072,PLATFORM,COLLECTED,2024-05-30T16:49:36.500Z
41286,99672,TX20241226762313,PAY_FEE,8,MRU,5165,MERCHANT,COLLECTED,2024-12-26T07:54:14.476Z
41287,99673,TX20241102665520,WIT_FEE,50,MRU,10672,PLATFORM,COLLECTED,2024-11-02T06:12:32.298Z
41288,99674,TX20241019322751,PAY_FEE,17,MRU,153,MERCHANT,COLLECTED,2024-10-19T06:44:31.972Z
41289,99676,TX20240605713274,TRF_FEE,25,MRU,3865,PLATFORM,COLLECTED,2024-06-05T04:23:13.472Z
41290,99679,TX20240722210181,TRF_FEE,10,MRU,1428,PLATFORM,COLLECTED,2024-07-22T15:40:07.070Z
41291,99684,TX20240420585201,WIT_FEE,50,MRU,4905,PLATFORM,COLLECTED,2024-04-20T15:11:16.286Z
41292,99688,TX20240928791983,PAY_FEE,14,MRU,1292,MERCHANT,COLLECTED,2024-09-28T14:48:23.411Z
41293,99690,TX20240309888603,PAY_FEE,71,MRU,6310,MERCHANT,COLLECTED,2024-03-09T19:24:14.889Z
41294,99692,TX20240930822779,TRF_FEE,10,MRU,5411,PLATFORM,COLLECTED,2024-09-30T09:38:28.282Z
41295,99694,TX20240225709072,TRF_FEE,25,MRU,9898,PLATFORM,COLLECTED,2024-02-25T18:15:42.082Z
41296,99695,TX20241030121508,TRF_FEE,25,MRU,6589,PLATFORM,COLLECTED,2024-10-30T07:14:59.678Z
41297,99701,TX20240111314343,PAY_FEE,60,MRU,9046,MERCHANT,COLLECTED,2024-01-11T16:12:59.510Z
41298,99705,TX20240711943444,TRF_FEE,50,MRU,10140,PLATFORM,COLLECTED,2024-07-11T12:01:34.352Z
41299,99711,TX20241005423431,WIT_FEE,50,MRU,1816,PLATFORM,COLLECTED,2024-10-05T09:07:54.284Z
41300,99715,TX20240710936943,WIT_FEE,50,MRU,126,PLATFORM,COLLECTED,2024-07-10T14:00:12.154Z
41301,99723,TX20241019812885,TRF_FEE,50,MRU,1740,PLATFORM,COLLECTED,2024-10-19T16:32:47.633Z
41302,99725,TX20240522420952,PAY_FEE,66,MRU,1619,MERCHANT,COLLECTED,2024-05-22T05:53:03.540Z
41303,99728,TX20240422152187,PAY_FEE,33,MRU,4351,MERCHANT,COLLECTED,2024-04-22T09:33:56.449Z
41304,99731,TX20240725741545,WIT_FEE,50,MRU,644,PLATFORM,COLLECTED,2024-07-25T09:30:19.527Z
41305,99732,TX20241130645864,TRF_FEE,25,MRU,6786,PLATFORM,COLLECTED,2024-11-30T10:36:14.397Z
41306,99734,TX20240205672883,PAY_FEE,8,MRU,6437,MERCHANT,COLLECTED,2024-02-05T16:49:20.522Z
41307,99735,TX20240411972783,BIL_FEE,100,MRU,6966,PLATFORM,COLLECTED,2024-04-11T09:17:55.052Z
41308,99736,TX20240126340078,TRF_FEE,25,MRU,9129,PLATFORM,COLLECTED,2024-01-26T10:32:20.817Z
41309,99737,TX20240527190617,WIT_FEE,50,MRU,9840,PLATFORM,COLLECTED,2024-05-27T17:08:24.498Z
41310,99739,TX20240412826506,PAY_FEE,36,MRU,3121,MERCHANT,COLLECTED,2024-04-12T17:55:38.539Z
41311,99749,TX20240204496468,TRF_FEE,25,MRU,10214,PLATFORM,COLLECTED,2024-02-04T08:11:17.137Z
41312,99750,TX20240214518395,PAY_FEE,57,MRU,9746,MERCHANT,COLLECTED,2024-02-14T19:57:41.468Z
41313,99751,TX20241207497368,PAY_FEE,78,MRU,858,MERCHANT,COLLECTED,2024-12-07T15:06:56.483Z
41314,99752,TX20240924395272,TRF_FEE,50,MRU,913,PLATFORM,COLLECTED,2024-09-24T11:51:48.130Z
41315,99753,TX20240115737375,PAY_FEE,38,MRU,1556,MERCHANT,COLLECTED,2024-01-15T17:43:53.530Z
41316,99754,TX20241214498280,TRF_FEE,50,MRU,2698,PLATFORM,COLLECTED,2024-12-14T17:27:16.241Z
41317,99755,TX20240314363497,TRF_FEE,25,MRU,1206,PLATFORM,COLLECTED,2024-03-14T08:59:38.899Z
41318,99762,TX20241007283464,TRF_FEE,10,MRU,3942,PLATFORM,COLLECTED,2024-10-07T10:50:13.006Z
41319,99764,TX20240401787983,TRF_FEE,25,MRU,9561,PLATFORM,COLLECTED,2024-04-01T12:29:44.296Z
41320,99765,TX20240515525814,PAY_FEE,5,MRU,5816,MERCHANT,COLLECTED,2024-05-15T05:46:04.497Z
41321,99767,TX20241115622917,WIT_FEE,50,MRU,1263,PLATFORM,COLLECTED,2024-11-15T15:09:20.919Z
41322,99769,TX20241203026280,PAY_FEE,7,MRU,5306,MERCHANT,COLLECTED,2024-12-03T12:26:10.067Z
41323,99770,TX20241002523100,WIT_FEE,50,MRU,6602,PLATFORM,COLLECTED,2024-10-02T07:57:48.549Z
41324,99775,TX20241106593902,TRF_FEE,25,MRU,2207,PLATFORM,COLLECTED,2024-11-06T10:25:32.286Z
41325,99779,TX20240321342997,WIT_FEE,50,MRU,3047,PLATFORM,COLLECTED,2024-03-21T14:11:26.406Z
41326,99780,TX20240817051601,PAY_FEE,66,MRU,62,MERCHANT,COLLECTED,2024-08-17T06:13:59.827Z
41327,99782,TX20241128083630,TRF_FEE,25,MRU,7012,PLATFORM,COLLECTED,2024-11-28T14:56:54.188Z
41328,99785,TX20240310253615,WIT_FEE,140,MRU,10455,PLATFORM,COLLECTED,2024-03-10T07:55:41.231Z
41329,99786,TX20240519784209,TRF_FEE,50,MRU,11009,PLATFORM,COLLECTED,2024-05-19T08:15:28.975Z
41330,99788,TX20240221388677,WIT_FEE,100,MRU,269,PLATFORM,COLLECTED,2024-02-21T11:23:44.593Z
41331,99789,TX20240111759388,TRF_FEE,50,MRU,9127,PLATFORM,COLLECTED,2024-01-11T12:08:50.466Z
41332,99791,TX20240510993807,WIT_FEE,50,MRU,8740,PLATFORM,COLLECTED,2024-05-10T10:04:24.983Z
41333,99792,TX20241229879107,TRF_FEE,25,MRU,2628,PLATFORM,COLLECTED,2024-12-29T07:24:06.896Z
41334,99798,TX20240519904026,TRF_FEE,25,MRU,4952,PLATFORM,COLLECTED,2024-05-19T10:10:33.356Z
41335,99799,TX20240716347592,BIL_FEE,100,MRU,1869,PLATFORM,COLLECTED,2024-07-16T05:34:45.589Z
41336,99800,TX20240716372633,WIT_FEE,50,MRU,4194,PLATFORM,COLLECTED,2024-07-16T10:13:43.903Z
41337,99804,TX20240909643735,TRF_FEE,25,MRU,291,PLATFORM,COLLECTED,2024-09-09T08:07:49.894Z
41338,99807,TX20240917767438,PAY_FEE,27,MRU,7459,MERCHANT,COLLECTED,2024-09-17T10:08:32.942Z
41339,99810,TX20240524692315,SAL_FEE,2260,MRU,308,PLATFORM,COLLECTED,2024-05-24T17:02:55.207Z
41340,99818,TX20240413538757,WIT_FEE,63,MRU,6567,PLATFORM,COLLECTED,2024-04-13T13:04:18.821Z
41341,99824,TX20240814363900,PAY_FEE,540,MRU,5777,MERCHANT,COLLECTED,2024-08-14T19:25:17.725Z
41342,99825,TX20240825165411,PAY_FEE,68,MRU,9508,MERCHANT,COLLECTED,2024-08-25T08:00:29.004Z
41343,99828,TX20240822822846,TRF_FEE,50,MRU,1916,PLATFORM,COLLECTED,2024-08-22T10:47:32.151Z
41344,99829,TX20240119757810,TRF_FEE,25,MRU,6470,PLATFORM,COLLECTED,2024-01-19T20:32:04.332Z
41345,99832,TX20240407781443,PAY_FEE,11,MRU,3321,MERCHANT,COLLECTED,2024-04-07T16:17:48.988Z
41346,99834,TX20240921247430,PAY_FEE,180,MRU,9901,MERCHANT,COLLECTED,2024-09-21T11:52:55.200Z
41347,99840,TX20240430596580,TRF_FEE,25,MRU,10061,PLATFORM,COLLECTED,2024-04-30T13:29:54.238Z
41348,99841,TX20240820540051,TRF_FEE,50,MRU,3994,PLATFORM,COLLECTED,2024-08-20T08:53:31.643Z
41349,99845,TX20240821024036,TRF_FEE,50,MRU,4758,PLATFORM,COLLECTED,2024-08-21T18:49:58.061Z
41350,99852,TX20240213544036,SAL_FEE,360,MRU,7890,PLATFORM,COLLECTED,2024-02-13T18:14:28.466Z
41351,99853,TX20240928183880,TRF_FEE,50,MRU,9266,PLATFORM,COLLECTED,2024-09-28T08:28:59.283Z
41352,99858,TX20240103022671,PAY_FEE,1530,MRU,9594,MERCHANT,COLLECTED,2024-01-03T16:42:44.686Z
41353,99859,TX20240620421407,PAY_FEE,8,MRU,1287,MERCHANT,COLLECTED,2024-06-20T13:33:43.671Z
41354,99863,TX20241029908769,TRF_FEE,50,MRU,67,PLATFORM,COLLECTED,2024-10-29T14:39:34.351Z
41355,99867,TX20241107583378,TRF_FEE,50,MRU,5222,PLATFORM,COLLECTED,2024-11-07T07:04:22.750Z
41356,99872,TX20240420043979,SAL_FEE,1830,MRU,1483,PLATFORM,COLLECTED,2024-04-20T16:29:05.985Z
41357,99877,TX20240314109745,TRF_FEE,50,MRU,4423,PLATFORM,COLLECTED,2024-03-14T18:37:33.862Z
41358,99878,TX20240925403632,WIT_FEE,50,MRU,9513,PLATFORM,COLLECTED,2024-09-25T09:00:36.388Z
41359,99881,TX20241212733908,TRF_FEE,50,MRU,8740,PLATFORM,COLLECTED,2024-12-12T10:40:51.029Z
41360,99884,TX20240930302821,TRF_FEE,10,MRU,7668,PLATFORM,COLLECTED,2024-09-30T08:49:50.797Z
41361,99885,TX20240703429940,TRF_FEE,50,MRU,5671,PLATFORM,COLLECTED,2024-07-03T04:34:21.919Z
41362,99887,TX20240503658732,TRF_FEE,50,MRU,8264,PLATFORM,COLLECTED,2024-05-03T18:11:57.568Z
41363,99888,TX20240128500244,PAY_FEE,66,MRU,2884,MERCHANT,COLLECTED,2024-01-28T13:02:50.241Z
41364,99891,TX20240428351720,PAY_FEE,21,MRU,988,MERCHANT,COLLECTED,2024-04-28T06:33:11.916Z
41365,99894,TX20240904339634,TRF_FEE,50,MRU,269,PLATFORM,COLLECTED,2024-09-04T17:56:44.070Z
41366,99911,TX20240711995711,WIT_FEE,50,MRU,2360,PLATFORM,COLLECTED,2024-07-11T05:28:00.972Z
41367,99913,TX20240418712565,PAY_FEE,20,MRU,185,MERCHANT,COLLECTED,2024-04-18T07:32:55.227Z
41368,99916,TX20241028890433,PAY_FEE,92,MRU,5118,MERCHANT,COLLECTED,2024-10-28T15:19:33.597Z
41369,99918,TX20241229157833,PAY_FEE,12,MRU,5937,MERCHANT,COLLECTED,2024-12-29T14:25:12.074Z
41370,99923,TX20240618038657,WIT_FEE,200,MRU,10925,PLATFORM,COLLECTED,2024-06-18T14:12:50.217Z
41371,99929,TX20240407599366,WIT_FEE,50,MRU,737,PLATFORM,COLLECTED,2024-04-07T10:23:26.279Z
41372,99930,TX20241024446581,PAY_FEE,30,MRU,6487,MERCHANT,COLLECTED,2024-10-24T06:23:53.243Z
41373,99931,TX20240719935626,TRF_FEE,50,MRU,9181,PLATFORM,COLLECTED,2024-07-19T14:19:51.736Z
41374,99932,TX20240914835100,PAY_FEE,42,MRU,7699,MERCHANT,COLLECTED,2024-09-14T08:06:27.850Z
41375,99934,TX20241109015498,TRF_FEE,10,MRU,5536,PLATFORM,COLLECTED,2024-11-09T14:08:38.101Z
41376,99939,TX20241213215569,WIT_FEE,200,MRU,6241,PLATFORM,COLLECTED,2024-12-13T15:53:23.673Z
41377,99944,TX20240511697489,TRF_FEE,25,MRU,5526,PLATFORM,COLLECTED,2024-05-11T09:37:14.556Z
41378,99949,TX20240717063670,WIT_FEE,50,MRU,1929,PLATFORM,COLLECTED,2024-07-17T15:55:27.448Z
41379,99952,TX20241020332226,WIT_FEE,50,MRU,5898,PLATFORM,COLLECTED,2024-10-20T05:58:07.202Z
41380,99959,TX20240321388299,WIT_FEE,50,MRU,3047,PLATFORM,COLLECTED,2024-03-21T14:11:26.406Z
41381,99963,TX20240926614597,TRF_FEE,50,MRU,3754,PLATFORM,COLLECTED,2024-09-26T15:04:53.918Z
41382,99970,TX20240305257022,TRF_FEE,50,MRU,5196,PLATFORM,COLLECTED,2024-03-05T17:17:29.535Z
41383,99977,TX20240622126053,WIT_FEE,50,MRU,3910,PLATFORM,COLLECTED,2024-06-22T17:00:41.783Z
41384,99979,TX20241120749994,PAY_FEE,17,MRU,6522,MERCHANT,COLLECTED,2024-11-20T13:03:34.762Z
41385,99980,TX20240325700888,TRF_FEE,50,MRU,5222,PLATFORM,COLLECTED,2024-03-25T16:54:22.171Z
41386,99981,TX20240623519553,TRF_FEE,25,MRU,7691,PLATFORM,COLLECTED,2024-06-23T06:00:17.034Z
41387,99982,TX20240223740993,BIL_FEE,100,MRU,4538,PLATFORM,COLLECTED,2024-02-23T17:37:07.328Z
41388,99990,TX20241119650782,WIT_FEE,50,MRU,9845,PLATFORM,COLLECTED,2024-11-19T06:55:12.028Z
41389,99991,TX20240414338944,PAY_FEE,38,MRU,4464,MERCHANT,COLLECTED,2024-04-14T14:53:51.878Z
41390,99993,TX20240428030295,TRF_FEE,25,MRU,9310,PLATFORM,COLLECTED,2024-04-28T10:21:33.168Z
41391,99994,TX20240222733497,TRF_FEE,25,MRU,2685,PLATFORM,COLLECTED,2024-02-22T10:05:37.617Z