id,nni,first_name,last_name,full_name,gender,birth_date,phone,email,wilaya_id,wilaya_name,profile_type,kyc_level,status,registration_date,last_login,created_at,updated_at
8575,9601712501,Kani,Mbaye,Kani Mbaye,F,1996-08-03,+22232573154,,1,Nouakchott-Nord,STANDARD,,ACTIVE,2024-05-28,2024-12-07T13:29:39.151Z,2024-05-28T07:49:43.479Z,2024-12-07T13:29:39.151Z
8576,6901246503,Zein,Ould Brahim,Zein Ould Brahim,M,1969-12-20,+22222222091,,1,Nouakchott-Nord,PREMIUM,,ACTIVE,2022-10-06,2022-11-03T22:59:34.294Z,2022-10-06T22:27:27.174Z,2022-11-03T22:59:34.294Z
8577,7004344103,Ahmed Baba,Ould Abeih,Ahmed Baba Ould Abeih,M,1970-10-05,+22222810411,,4,Dakhlet Nouadhibou,STANDARD,,ACTIVE,2022-01-11,2023-08-02T00:41:36.834Z,2022-01-11T22:10:12.189Z,2023-08-02T00:41:36.834Z
8578,9014888930,Coumba,Dia,Coumba Dia,F,1990-04-25,+22236025497,,14,Inchiri,DORMANT,,ACTIVE,2022-06-10,2023-11-04T23:39:19.505Z,2022-06-10T13:58:12.944Z,2023-11-04T23:39:19.505Z
8579,0401552366,Kiné,Diarra,Kiné Diarra,F,2004-10-15,+22233053504,,1,Nouakchott-Nord,STANDARD,,ACTIVE,2024-12-16,2024-12-19T14:48:34.041Z,2024-12-16T11:48:43.622Z,2024-12-19T14:48:34.041Z
8580,0001240287,Jemila,Mint El Hacen,Jemila Mint El Hacen,F,2000-04-17,+22224547286,,1,Nouakchott-Nord,ACTIVE,,ACTIVE,2022-04-07,2022-10-20T04:06:53.319Z,2022-04-07T14:15:42.603Z,2022-10-20T04:06:53.319Z
8581,6302633104,Sidi,Yatabaré,Sidi Yatabaré,M,1963-09-22,+22225873459,sidi.yatabaré213@gmail.com,2,Nouakchott-Ouest,STANDARD,,ACTIVE,2022-04-11,2024-06-23T01:52:55.085Z,2022-04-11T18:56:34.228Z,2024-06-23T01:52:55.085Z
8582,7503803770,Khadijetou,Ndiaye,Khadijetou Ndiaye,F,1975-03-23,+22225161545,,3,Nouakchott-Sud,OCCASIONAL,,ACTIVE,2022-03-09,2023-10-11T05:39:29.942Z,2022-03-09T12:51:53.081Z,2023-10-11T05:39:29.942Z
8583,6506153488,Minetou,Mint Mohamed,Minetou Mint Mohamed,F,1965-09-03,+22245259814,,6,Brakna,DORMANT,,ACTIVE,2023-03-22,2023-05-21T01:56:59.744Z,2023-03-22T07:25:02.402Z,2023-05-21T01:56:59.744Z
8584,8005947991,Dah,Ould Vall,Dah Ould Vall,M,1980-03-10,+22223398100,,5,Trarza,DORMANT,,INACTIVE,2024-10-24,2024-12-13T20:57:29.287Z,2024-10-24T07:39:28.213Z,2024-12-13T20:57:29.287Z
8585,6604194112,Safiya,Mint Horma,Safiya Mint Horma,F,1966-06-19,+22225956582,,4,Dakhlet Nouadhibou,ACTIVE,,ACTIVE,2022-04-23,2023-02-06T03:54:58.697Z,2022-04-23T21:45:19.394Z,2023-02-06T03:54:58.697Z
8586,9203076603,Aminetou,Sall,Aminetou Sall,F,1992-03-01,+22236902915,,3,Nouakchott-Sud,STANDARD,,ACTIVE,2022-04-15,2024-08-12T05:28:09.064Z,2022-04-15T13:49:39.070Z,2024-08-12T05:28:09.064Z
8587,9401538752,Ibrahima,Fall,Ibrahima Fall,M,1994-04-03,+22223865901,ibrahima.fall22@hotmail.fr,1,Nouakchott-Nord,STANDARD,,ACTIVE,2022-03-22,2022-10-07T17:13:29.605Z,2022-03-22T05:23:25.892Z,2022-10-07T17:13:29.605Z
8588,7702787402,Vatma,Mint Abdallah,Vatma Mint Abdallah,F,1977-11-07,+22233488006,vatma.mintabdallah127@yahoo.fr,2,Nouakchott-Ouest,OCCASIONAL,,PENDING_KYC,2023-12-21,2024-11-16T20:02:08.036Z,2023-12-21T22:34:28.006Z,2024-11-16T20:02:08.036Z
8589,9914793406,Abdourahmane,Kane,Abdourahmane Kane,M,1999-07-06,+22222613655,,14,Inchiri,DORMANT,,PENDING_KYC,2023-05-24,2024-02-03T02:29:59.036Z,2023-05-24T23:42:44.052Z,2024-02-03T02:29:59.036Z
8590,0201781953,Rokaya,Wane,Rokaya Wane,F,2002-08-08,+22223524187,,1,Nouakchott-Nord,OCCASIONAL,,ACTIVE,2022-03-02,2024-12-08T20:36:38.863Z,2022-03-02T01:36:28.475Z,2024-12-08T20:36:38.863Z
8591,9801310091,Kalidou,Sène,Kalidou Sène,M,1998-12-16,+22235410593,kalidou.sène488@hotmail.fr,1,Nouakchott-Nord,STANDARD,,ACTIVE,2023-08-17,2023-12-07T13:37:14.893Z,2023-08-17T00:22:50.548Z,2023-12-07T13:37:14.893Z
8592,6614169980,Fodé,Tall,Fodé Tall,M,1966-10-22,+22223207343,,14,Inchiri,ACTIVE,,ACTIVE,2022-09-18,2023-09-17T23:27:34.025Z,2022-09-18T10:50:15.671Z,2023-09-17T23:27:34.025Z
8593,6206806334,Taleb,Niang,Taleb Niang,M,1962-05-08,+22225411827,taleb.niang19@hotmail.fr,6,Brakna,STANDARD,,ACTIVE,2023-05-06,2023-07-20T14:14:46.331Z,2023-05-06T07:54:25.291Z,2023-07-20T14:14:46.331Z
8594,9003523541,Yacoub,Ould Khatri,Yacoub Ould Khatri,M,1990-11-21,+22224439478,,3,Nouakchott-Sud,STANDARD,,ACTIVE,2024-04-13,2024-06-04T16:29:12.087Z,2024-04-13T04:34:00.834Z,2024-06-04T16:29:12.087Z
8595,0503963365,Mody,Sène,Mody Sène,M,2005-12-27,+22235051232,,3,Nouakchott-Sud,STANDARD,,ACTIVE,2022-08-03,2024-05-11T14:23:04.150Z,2022-08-03T02:10:55.761Z,2024-05-11T14:23:04.150Z
8596,6706232219,Sidi,Ould Hadrami,Sidi Ould Hadrami,M,1967-07-13,+22233989426,,6,Brakna,OCCASIONAL,,ACTIVE,2024-11-05,2024-12-06T13:54:34.666Z,2024-11-05T21:29:33.091Z,2024-12-06T13:54:34.666Z
8597,8408391575,Dialika,Sissoko,Dialika Sissoko,F,1984-12-01,+22225778444,dialika.sissoko91@outlook.com,8,Guidimaka,STANDARD,,ACTIVE,2023-12-08,2024-09-11T16:31:59.148Z,2023-12-08T17:08:17.928Z,2024-09-11T16:31:59.148Z
8598,7206830107,Halima,Mint Maloum,Halima Mint Maloum,F,1972-06-10,+22225988773,halima.mintmaloum168@gmail.com,6,Brakna,ACTIVE,,ACTIVE,2022-10-12,2022-12-04T08:53:48.797Z,2022-10-12T05:17:00.620Z,2022-12-04T08:53:48.797Z
8599,6901320078,Oumou,Mint Hamoud,Oumou Mint Hamoud,F,1969-10-06,+22224150600,,1,Nouakchott-Nord,STANDARD,,PENDING_KYC,2022-02-23,2024-08-11T18:44:59.384Z,2022-02-23T00:44:44.779Z,2024-08-11T18:44:59.384Z
8600,6804776390,Cheibany,Koita,Cheibany Koita,M,1968-09-09,+22233885845,cheibany.koita221@gmail.com,4,Dakhlet Nouadhibou,STANDARD,,ACTIVE,2023-05-22,2024-03-07T01:28:43.854Z,2023-05-22T13:19:41.936Z,2024-03-07T01:28:43.854Z
8601,8705079769,Saad,Ould Messoud,Saad Ould Messoud,M,1987-06-01,+22224176853,,5,Trarza,OCCASIONAL,,PENDING_KYC,2023-02-19,2023-10-02T22:55:49.544Z,2023-02-19T19:48:50.963Z,2023-10-02T22:55:49.544Z
8602,6103469492,Jemila,Mint Moulaye,Jemila Mint Moulaye,F,1961-10-20,+22241375243,,3,Nouakchott-Sud,ACTIVE,,ACTIVE,2022-08-29,2023-01-02T23:29:42.246Z,2022-08-29T16:46:45.639Z,2023-01-02T23:29:42.246Z
8603,9403727518,Karounga,Fall,Karounga Fall,M,1994-08-27,+22245889580,karounga.fall186@yahoo.fr,3,Nouakchott-Sud,ACTIVE,,INACTIVE,2023-04-09,2024-02-26T22:13:38.597Z,2023-04-09T22:26:51.583Z,2024-02-26T22:13:38.597Z
8604,0304808452,Diakaridia,Sissoko,Diakaridia Sissoko,M,2003-05-25,+22242680486,,4,Dakhlet Nouadhibou,OCCASIONAL,,ACTIVE,2023-10-04,2024-07-27T11:30:01.024Z,2023-10-04T19:24:56.010Z,2024-07-27T11:30:01.024Z
8605,0303276427,Sambou,Dramé,Sambou Dramé,M,2003-04-15,+22241983869,sambou.dramé742@yahoo.fr,3,Nouakchott-Sud,STANDARD,,ACTIVE,2024-10-19,2024-12-08T14:08:17.440Z,2024-10-19T08:25:44.286Z,2024-12-08T14:08:17.440Z
8606,8302111477,Bintou,Sall,Bintou Sall,F,1983-10-10,+22234340195,,2,Nouakchott-Ouest,OCCASIONAL,,PENDING_KYC,2022-07-20,2023-12-09T06:05:08.519Z,2022-07-20T11:20:06.114Z,2023-12-09T06:05:08.519Z
8607,8905669261,Mounina,Baldé,Mounina Baldé,F,1989-11-20,+22223681294,,5,Trarza,OCCASIONAL,,ACTIVE,2024-04-16,2024-04-24T03:00:45.163Z,2024-04-16T00:11:47.951Z,2024-04-24T03:00:45.163Z
8608,0502471021,Coumba,Ndour,Coumba Ndour,F,2005-08-21,+22223722073,,2,Nouakchott-Ouest,ACTIVE,,ACTIVE,2024-12-06,2024-12-12T03:10:19.418Z,2024-12-06T21:22:53.214Z,2024-12-12T03:10:19.418Z
8609,6312852434,Isselmou,Ould El Mamy,Isselmou Ould El Mamy,M,1963-02-04,+22222136859,,12,Adrar,ACTIVE,,ACTIVE,2023-07-20,2024-03-25T01:24:40.067Z,2023-07-20T03:36:49.242Z,2024-03-25T01:24:40.067Z
8610,9101326620,Kelthoum,Diarra,Kelthoum Diarra,F,1991-03-17,+22223181806,kelthoum.diarra445@outlook.com,1,Nouakchott-Nord,PREMIUM,,ACTIVE,2024-02-01,2024-12-01T15:53:04.550Z,2024-02-01T10:51:18.386Z,2024-12-01T15:53:04.550Z
8611,0507703002,Abdel Kader,Ould Habiboullah,Abdel Kader Ould Habiboullah,M,2005-08-28,+22224421584,abdelkader.ouldhabiboullah768@outlook.com,7,Gorgol,OCCASIONAL,,ACTIVE,2024-03-06,2024-11-28T23:45:25.394Z,2024-03-06T19:38:20.143Z,2024-11-28T23:45:25.394Z
8612,0011011992,Hamoud,Yatabaré,Hamoud Yatabaré,M,2000-07-19,+22236124566,hamoud.yatabaré350@outlook.com,11,Hodh El Gharbi,ACTIVE,,ACTIVE,2023-01-30,2023-05-11T07:45:12.112Z,2023-01-30T09:15:41.458Z,2023-05-11T07:45:12.112Z
8613,0002189123,Binta,Ndiaye,Binta Ndiaye,F,2000-07-23,+22224986864,binta.ndiaye906@gmail.com,2,Nouakchott-Ouest,STANDARD,,ACTIVE,2024-01-07,2024-02-28T13:51:36.409Z,2024-01-07T17:36:45.141Z,2024-02-28T13:51:36.409Z
8614,0204256650,Leila,Kanouté,Leila Kanouté,F,2002-04-03,+22237283273,,4,Dakhlet Nouadhibou,DORMANT,,ACTIVE,2024-11-26,2024-12-24T07:17:45.745Z,2024-11-26T10:33:38.952Z,2024-12-24T07:17:45.745Z
8615,7206579365,Mahfoudh,Ould Bouha,Mahfoudh Ould Bouha,M,1972-12-28,+22223569418,,6,Brakna,ACTIVE,,ACTIVE,2024-12-01,2024-12-01T18:20:52.287Z,2024-12-01T08:29:45.001Z,2024-12-01T18:20:52.287Z
8616,9105483819,Maimouna,Dramé,Maimouna Dramé,F,1991-11-03,+22223220796,,5,Trarza,ACTIVE,,ACTIVE,2024-06-26,2024-10-04T21:08:07.545Z,2024-06-26T12:35:48.292Z,2024-10-04T21:08:07.545Z
8617,9602130012,Cheikh Sidiya,Ould Salem,Cheikh Sidiya Ould Salem,M,1996-09-17,+22247250682,cheikhsidiya.ouldsalem484@yahoo.fr,2,Nouakchott-Ouest,STANDARD,,ACTIVE,2024-04-05,2024-09-06T04:29:05.848Z,2024-04-05T15:53:32.864Z,2024-09-06T04:29:05.848Z
8618,8309632944,Ghali,Ould Maloum,Ghali Ould Maloum,M,1983-09-11,+22232088299,ghali.ouldmaloum866@gmail.com,9,Assaba,OCCASIONAL,,ACTIVE,2024-08-19,2024-08-22T23:22:28.216Z,2024-08-19T16:06:16.689Z,2024-08-22T23:22:28.216Z
8619,0501954587,Vadel,Ould Hamoud,Vadel Ould Hamoud,M,2005-10-19,+22225829946,,1,Nouakchott-Nord,ACTIVE,,ACTIVE,2023-07-07,2024-03-16T14:08:43.181Z,2023-07-07T02:01:37.195Z,2024-03-16T14:08:43.181Z
8620,6301001034,Salif,Kane,Salif Kane,M,1963-02-25,+22225858343,,1,Nouakchott-Nord,OCCASIONAL,,PENDING_KYC,2023-02-01,2023-08-13T11:56:00.792Z,2023-02-01T17:00:13.625Z,2023-08-13T11:56:00.792Z
8621,9504347484,Vadel,Ould Jiddou,Vadel Ould Jiddou,M,1995-08-09,+22223374370,vadel.ouldjiddou171@outlook.com,4,Dakhlet Nouadhibou,PREMIUM,,ACTIVE,2023-12-01,2024-12-22T07:37:52.954Z,2023-12-01T23:10:31.543Z,2024-12-22T07:37:52.954Z
8622,9502224396,Hamadi,Koita,Hamadi Koita,M,1995-04-06,+22225931680,hamadi.koita21@hotmail.fr,2,Nouakchott-Ouest,PREMIUM,,ACTIVE,2022-07-11,2023-08-04T13:50:57.683Z,2022-07-11T07:49:28.527Z,2023-08-04T13:50:57.683Z
8623,8202661038,Fallou,Koita,Fallou Koita,M,1982-12-25,+22222348978,,2,Nouakchott-Ouest,DORMANT,,ACTIVE,2023-02-18,2023-09-12T18:58:44.983Z,2023-02-18T08:23:40.171Z,2023-09-12T18:58:44.983Z
8624,8601269901,Oumou,Sall,Oumou Sall,F,1986-04-02,+22237457584,,1,Nouakchott-Nord,OCCASIONAL,,INACTIVE,2022-05-01,2022-10-06T19:57:10.072Z,2022-05-01T15:10:59.493Z,2022-10-06T19:57:10.072Z
8625,7409960038,Mbareck,Ould Brahim,Mbareck Ould Brahim,M,1974-07-02,+22223585250,mbareck.ouldbrahim746@gmail.com,9,Assaba,STANDARD,,ACTIVE,2024-10-03,2024-12-21T03:43:54.066Z,2024-10-03T01:10:32.741Z,2024-12-21T03:43:54.066Z
8626,8501834896,Anta,Diarra,Anta Diarra,F,1985-10-17,+22225060742,,1,Nouakchott-Nord,OCCASIONAL,,ACTIVE,2023-06-07,2024-08-31T16:19:29.302Z,2023-06-07T23:42:45.994Z,2024-08-31T16:19:29.302Z
8627,8705982199,Aminetou,Mint El Hacen,Aminetou Mint El Hacen,F,1987-06-23,+22224042582,aminetou.mintelhacen871@outlook.com,5,Trarza,OCCASIONAL,,INACTIVE,2024-01-27,2024-04-10T01:36:11.231Z,2024-01-27T13:52:57.548Z,2024-04-10T01:36:11.231Z
8628,8702230293,Aïssata,Diop,Aïssata Diop,F,1987-10-25,+22225405726,aïssata.diop889@outlook.com,2,Nouakchott-Ouest,STANDARD,,INACTIVE,2022-10-25,2023-09-11T10:44:40.753Z,2022-10-25T17:00:06.213Z,2023-09-11T10:44:40.753Z
8629,6204160087,Souleymane,Tall,Souleymane Tall,M,1962-08-11,+22234043979,,4,Dakhlet Nouadhibou,STANDARD,,ACTIVE,2023-07-16,2024-10-13T18:18:13.455Z,2023-07-16T18:45:20.127Z,2024-10-13T18:18:13.455Z
8630,9402008238,Taleb,Ould Bouha,Taleb Ould Bouha,M,1994-01-05,+22248113360,,2,Nouakchott-Ouest,ACTIVE,,INACTIVE,2022-11-11,2023-01-20T17:28:06.982Z,2022-11-11T10:06:41.645Z,2023-01-20T17:28:06.982Z
8631,7802674756,Vatma,Mint Nenni,Vatma Mint Nenni,F,1978-01-20,+22223599999,,2,Nouakchott-Ouest,OCCASIONAL,,ACTIVE,2023-07-11,2023-09-27T00:00:21.540Z,2023-07-11T21:54:05.040Z,2023-09-27T00:00:21.540Z
8632,9007672483,Aissata,Mint Khalil,Aissata Mint Khalil,F,1990-03-26,+22237394224,,7,Gorgol,STANDARD,,ACTIVE,2024-11-09,2024-11-24T00:30:48.867Z,2024-11-09T21:58:03.796Z,2024-11-24T00:30:48.867Z
8633,9604294015,Ibou,Wane,Ibou Wane,M,1996-08-26,+22233920325,,4,Dakhlet Nouadhibou,STANDARD,,ACTIVE,2022-01-31,2023-09-01T11:03:29.747Z,2022-01-31T05:07:23.990Z,2023-09-01T11:03:29.747Z
8634,8004321402,Leila,Mint Habiboullah,Leila Mint Habiboullah,F,1980-12-08,+22224388900,,4,Dakhlet Nouadhibou,STANDARD,,PENDING_KYC,2023-03-15,2024-02-15T06:17:24.405Z,2023-03-15T13:49:05.692Z,2024-02-15T06:17:24.405Z
8635,6801742468,Khadijetou,Mint Tourad,Khadijetou Mint Tourad,F,1968-07-25,+22246495942,,1,Nouakchott-Nord,STANDARD,,ACTIVE,2022-06-22,2023-03-03T05:04:47.803Z,2022-06-22T13:10:28.850Z,2023-03-03T05:04:47.803Z
8636,7808752074,Hamoud,Ould Nenni,Hamoud Ould Nenni,M,1978-06-22,+22244333423,hamoud.ouldnenni38@hotmail.fr,8,Guidimaka,OCCASIONAL,,ACTIVE,2023-09-13,2023-12-02T15:34:26.083Z,2023-09-13T04:09:58.628Z,2023-12-02T15:34:26.083Z
8637,7303853661,Samba,Kouyaté,Samba Kouyaté,M,1973-08-02,+22224849854,samba.kouyaté576@hotmail.fr,3,Nouakchott-Sud,STANDARD,,ACTIVE,2022-07-21,2023-06-24T04:35:25.034Z,2022-07-21T23:24:59.416Z,2023-06-24T04:35:25.034Z
8638,8505165572,Doudou,Sène,Doudou Sène,M,1985-08-26,+22236926870,doudou.sène913@gmail.com,5,Trarza,STANDARD,,ACTIVE,2022-06-03,2023-01-05T16:33:54.562Z,2022-06-03T17:11:47.237Z,2023-01-05T16:33:54.562Z
8639,7902952318,Noura,Mint Mahmoud,Noura Mint Mahmoud,F,1979-08-24,+22222095184,noura.mintmahmoud617@yahoo.fr,2,Nouakchott-Ouest,OCCASIONAL,,ACTIVE,2022-07-25,2023-04-09T13:52:27.188Z,2022-07-25T17:55:36.519Z,2023-04-09T13:52:27.188Z
8640,7002932687,Saad,Ould Messoud,Saad Ould Messoud,M,1970-12-23,+22232957117,saad.ouldmessoud737@outlook.com,2,Nouakchott-Ouest,OCCASIONAL,,ACTIVE,2024-03-18,2024-05-16T22:41:09.424Z,2024-03-18T04:45:52.032Z,2024-05-16T22:41:09.424Z
8641,7002179691,Hafsata,Mint Soufi,Hafsata Mint Soufi,F,1970-09-04,+22245481562,,2,Nouakchott-Ouest,STANDARD,,ACTIVE,2024-11-29,2024-12-13T14:54:50.553Z,2024-11-29T23:57:01.914Z,2024-12-13T14:54:50.553Z
8642,6802012863,Maimouna,Kanouté,Maimouna Kanouté,F,1968-03-07,+22241942582,maimouna.kanouté601@gmail.com,2,Nouakchott-Ouest,STANDARD,,PENDING_KYC,2023-03-04,2024-09-27T00:45:39.829Z,2023-03-04T03:22:03.145Z,2024-09-27T00:45:39.829Z
8643,9203217958,Harouna,Wane,Harouna Wane,M,1992-12-08,+22225184551,,3,Nouakchott-Sud,STANDARD,,ACTIVE,2024-10-18,2024-10-19T01:14:36.074Z,2024-10-18T17:36:04.790Z,2024-10-19T01:14:36.074Z
8644,6207545492,Halima,Mint Ahmed,Halima Mint Ahmed,F,1962-09-20,+22244617570,halima.mintahmed304@gmail.com,7,Gorgol,STANDARD,,ACTIVE,2022-03-24,2023-04-30T12:02:11.279Z,2022-03-24T05:17:31.663Z,2023-04-30T12:02:11.279Z
8645,8004325406,Ténin,Bah,Ténin Bah,F,1980-11-04,+22224186517,,4,Dakhlet Nouadhibou,OCCASIONAL,,ACTIVE,2023-02-11,2023-05-05T07:41:44.057Z,2023-02-11T08:53:42.471Z,2023-05-05T07:41:44.057Z
8646,9910672688,El Mokhtar,Ould Vadel,El Mokhtar Ould Vadel,M,1999-08-23,+22224654792,elmokhtar.ouldvadel129@gmail.com,10,Hodh Ech Chargui,STANDARD,,ACTIVE,2022-10-20,2023-06-30T20:07:27.488Z,2022-10-20T06:49:33.602Z,2023-06-30T20:07:27.488Z
8647,8602837521,Sory,Dia,Sory Dia,M,1986-07-16,+22247070090,sory.dia807@gmail.com,2,Nouakchott-Ouest,STANDARD,,ACTIVE,2023-10-12,2024-03-06T15:51:13.506Z,2023-10-12T22:34:28.518Z,2024-03-06T15:51:13.506Z
8648,6502525713,Rokaya,Mint Maloum,Rokaya Mint Maloum,F,1965-01-18,+22232209506,rokaya.mintmaloum12@outlook.com,2,Nouakchott-Ouest,DORMANT,,ACTIVE,2023-08-01,2024-09-12T09:49:02.662Z,2023-08-01T22:07:21.124Z,2024-09-12T09:49:02.662Z
8649,9705719985,Sidina,Cissé,Sidina Cissé,M,1997-03-09,+22243956124,,5,Trarza,STANDARD,,ACTIVE,2022-07-22,2023-02-15T01:37:40.466Z,2022-07-22T20:51:35.550Z,2023-02-15T01:37:40.466Z
8650,0005121098,Yacoub,Ould Limam,Yacoub Ould Limam,M,2000-01-09,+22237259886,yacoub.ouldlimam762@yahoo.fr,5,Trarza,ACTIVE,,ACTIVE,2023-11-25,2024-06-04T17:58:31.923Z,2023-11-25T18:12:55.130Z,2024-06-04T17:58:31.923Z
8651,6502271924,Cheikh Sidiya,Bathily,Cheikh Sidiya Bathily,M,1965-05-08,+22223390379,,2,Nouakchott-Ouest,OCCASIONAL,,ACTIVE,2024-01-19,2024-02-07T07:26:11.229Z,2024-01-19T20:09:32.016Z,2024-02-07T07:26:11.229Z
8652,8204640699,Mounina,Mint Abdallah,Mounina Mint Abdallah,F,1982-05-23,+22248786102,mounina.mintabdallah554@gmail.com,4,Dakhlet Nouadhibou,ACTIVE,,ACTIVE,2023-04-03,2024-03-17T00:18:53.106Z,2023-04-03T19:12:52.251Z,2024-03-17T00:18:53.106Z
8653,9305500248,Cellou,Anne,Cellou Anne,M,1993-08-03,+22224813489,cellou.anne935@outlook.com,5,Trarza,STANDARD,,ACTIVE,2023-09-19,2024-12-21T11:44:26.426Z,2023-09-19T07:25:16.907Z,2024-12-21T11:44:26.426Z
8654,9013190092,Cheikh,Ould Cheikh,Cheikh Ould Cheikh,M,1990-05-02,+22242751618,,13,Tagant,STANDARD,,ACTIVE,2023-03-16,2023-07-28T03:56:40.307Z,2023-03-16T21:58:24.649Z,2023-07-28T03:56:40.307Z
8655,7402956430,Salka,Mint Abdel Kader,Salka Mint Abdel Kader,F,1974-11-10,+22243236411,salka.mintabdelkader843@gmail.com,2,Nouakchott-Ouest,STANDARD,,ACTIVE,2023-10-21,2024-02-05T07:12:10.037Z,2023-10-21T20:32:49.151Z,2024-02-05T07:12:10.037Z
8656,7406772676,Fallou,Diop,Fallou Diop,M,1974-09-15,+22237784314,,6,Brakna,ACTIVE,,ACTIVE,2023-05-16,2024-04-11T21:16:06.244Z,2023-05-16T21:05:51.476Z,2024-04-11T21:16:06.244Z
8657,7715977654,Malouma,Mint Mahmoud,Malouma Mint Mahmoud,F,1977-01-06,+22237242593,malouma.mintmahmoud451@gmail.com,15,Tiris Zemmour,DORMANT,,PENDING_KYC,2024-01-20,2024-09-04T00:24:51.825Z,2024-01-20T10:41:42.643Z,2024-09-04T00:24:51.825Z
8658,0301186379,Yahya,Camara,Yahya Camara,M,2003-01-28,+22236172660,yahya.camara281@yahoo.fr,1,Nouakchott-Nord,STANDARD,,ACTIVE,2022-10-17,2024-11-14T03:13:11.405Z,2022-10-17T18:33:13.226Z,2024-11-14T03:13:11.405Z
8659,6703148571,Khady,Kane,Khady Kane,F,1967-10-10,+22223202504,,3,Nouakchott-Sud,OCCASIONAL,,ACTIVE,2024-10-14,2024-10-24T17:16:41.146Z,2024-10-14T00:12:09.505Z,2024-10-24T17:16:41.146Z
8660,9801892366,Aziza,Mint Hadrami,Aziza Mint Hadrami,F,1998-11-15,+22237809562,,1,Nouakchott-Nord,DORMANT,,ACTIVE,2023-02-22,2023-04-27T11:06:12.435Z,2023-02-22T11:52:43.541Z,2023-04-27T11:06:12.435Z
8661,0215436427,Youssouf,Sow,Youssouf Sow,M,2002-10-08,+22233699158,,15,Tiris Zemmour,ACTIVE,,INACTIVE,2023-11-25,2024-12-25T14:48:04.507Z,2023-11-25T10:02:41.708Z,2024-12-25T14:48:04.507Z
8662,7815500208,Coumba,Sy,Coumba Sy,F,1978-07-18,+22245532576,,15,Tiris Zemmour,STANDARD,,ACTIVE,2024-06-14,2024-08-21T03:56:38.629Z,2024-06-14T10:41:30.619Z,2024-08-21T03:56:38.629Z
8663,8906078996,Fatima,Mint Messoud,Fatima Mint Messoud,F,1989-11-07,+22223279113,,6,Brakna,OCCASIONAL,,ACTIVE,2022-02-27,2023-12-14T22:38:30.772Z,2022-02-27T10:13:17.616Z,2023-12-14T22:38:30.772Z
8664,8502234879,Zahra,Mint Bouha,Zahra Mint Bouha,F,1985-05-08,+22222177297,,2,Nouakchott-Ouest,STANDARD,,ACTIVE,2023-01-08,2024-08-21T06:30:51.886Z,2023-01-08T07:54:43.313Z,2024-08-21T06:30:51.886Z
8665,6601646133,Mariem,Cissé,Mariem Cissé,F,1966-03-21,+22224236589,,1,Nouakchott-Nord,STANDARD,,ACTIVE,2024-06-25,2024-10-10T14:26:37.524Z,2024-06-25T18:25:15.271Z,2024-10-10T14:26:37.524Z
8666,6102568075,Houda,Mint Isselmou,Houda Mint Isselmou,F,1961-06-01,+22223684038,houda.mintisselmou851@hotmail.fr,2,Nouakchott-Ouest,STANDARD,,ACTIVE,2022-03-08,2024-08-20T08:22:32.618Z,2022-03-08T14:47:15.941Z,2024-08-20T08:22:32.618Z
8667,9502734505,Aïssata,Tall,Aïssata Tall,F,1995-09-21,+22243311470,aïssata.tall464@outlook.com,2,Nouakchott-Ouest,OCCASIONAL,,ACTIVE,2024-05-16,2024-05-24T21:59:27.081Z,2024-05-16T03:48:55.609Z,2024-05-24T21:59:27.081Z
8668,0401398038,Yahya,Diagana,Yahya Diagana,M,2004-10-13,+22222840740,,1,Nouakchott-Nord,OCCASIONAL,,ACTIVE,2023-04-30,2024-08-28T18:27:52.671Z,2023-04-30T02:38:23.619Z,2024-08-28T18:27:52.671Z
8669,0101818795,Safi,Koné,Safi Koné,F,2001-11-20,+22234308414,safi.koné450@outlook.com,1,Nouakchott-Nord,ACTIVE,,ACTIVE,2022-03-25,2023-10-25T07:58:43.718Z,2022-03-25T04:44:06.078Z,2023-10-25T07:58:43.718Z
8670,8006017057,Defa,Mint Messoud,Defa Mint Messoud,F,1980-04-25,+22234808642,defa.mintmessoud106@yahoo.fr,6,Brakna,PREMIUM,,ACTIVE,2022-08-11,2024-08-07T16:12:56.015Z,2022-08-11T14:39:06.939Z,2024-08-07T16:12:56.015Z
8671,9803644981,Hafsata,Mint Ethmane,Hafsata Mint Ethmane,F,1998-05-07,+22234751765,,3,Nouakchott-Sud,STANDARD,,BLOCKED,2022-02-02,2023-11-09T23:52:51.027Z,2022-02-02T18:59:22.125Z,2023-11-09T23:52:51.027Z
8672,0203085817,Souleymane,Gaye,Souleymane Gaye,M,2002-02-07,+22245484206,souleymane.gaye427@hotmail.fr,3,Nouakchott-Sud,OCCASIONAL,,ACTIVE,2024-08-27,2024-10-28T10:37:26.473Z,2024-08-27T02:08:45.372Z,2024-10-28T10:37:26.473Z
8673,8802171557,Mariama,Diop,Mariama Diop,F,1988-10-16,+22248988909,mariama.diop271@gmail.com,2,Nouakchott-Ouest,STANDARD,,ACTIVE,2024-06-14,2024-08-27T09:33:00.941Z,2024-06-14T23:24:39.918Z,2024-08-27T09:33:00.941Z
8674,9503050518,Saad,Sakho,Saad Sakho,M,1995-09-24,+22224831477,,3,Nouakchott-Sud,STANDARD,,BLOCKED,2022-05-14,2023-12-10T20:46:37.810Z,2022-05-14T15:33:26.895Z,2023-12-10T20:46:37.810Z
8675,8602279037,Oumou,Diakité,Oumou Diakité,F,1986-06-08,+22224027658,,2,Nouakchott-Ouest,STANDARD,,PENDING_KYC,2023-09-01,2024-09-16T05:30:08.365Z,2023-09-01T01:31:33.409Z,2024-09-16T05:30:08.365Z
8676,9508108157,Aissata,Wade,Aissata Wade,F,1995-07-01,+22225243696,,8,Guidimaka,VIP,,ACTIVE,2023-01-06,2024-12-23T08:53:53.990Z,2023-01-06T15:21:16.351Z,2024-12-23T08:53:53.990Z
8677,0504686638,Safiya,Mint Soufi,Safiya Mint Soufi,F,2005-10-16,+22224018333,,4,Dakhlet Nouadhibou,DORMANT,,ACTIVE,2023-08-05,2023-08-16T00:36:31.670Z,2023-08-05T23:36:57.229Z,2023-08-16T00:36:31.670Z
8678,9203191050,Kelthoum,Mint Hadrami,Kelthoum Mint Hadrami,F,1992-03-03,+22222031025,kelthoum.minthadrami941@outlook.com,3,Nouakchott-Sud,ACTIVE,,ACTIVE,2024-07-06,2024-08-03T09:41:47.906Z,2024-07-06T15:30:22.400Z,2024-08-03T09:41:47.906Z
8679,6603835382,Tiémoko,Koné,Tiémoko Koné,M,1966-08-03,+22243328904,,3,Nouakchott-Sud,STANDARD,,PENDING_KYC,2022-01-05,2023-11-08T05:27:40.644Z,2022-01-05T20:20:50.846Z,2023-11-08T05:27:40.644Z
8680,6405149100,El Mokhtar,Ould Sidi,El Mokhtar Ould Sidi,M,1964-05-13,+22232378454,elmokhtar.ouldsidi273@outlook.com,5,Trarza,OCCASIONAL,,ACTIVE,2023-02-13,2024-07-05T19:38:30.966Z,2023-02-13T23:52:07.081Z,2024-07-05T19:38:30.966Z
8681,7704584207,Serigne,Sy,Serigne Sy,M,1977-06-06,+22222799461,,4,Dakhlet Nouadhibou,STANDARD,,ACTIVE,2023-08-29,2024-04-16T12:32:31.560Z,2023-08-29T02:45:28.403Z,2024-04-16T12:32:31.560Z
8682,0409124213,Hafsata,Mint Nagi,Hafsata Mint Nagi,F,2004-05-19,+22232280744,,9,Assaba,OCCASIONAL,,ACTIVE,2023-05-21,2023-12-27T22:01:08.660Z,2023-05-21T05:43:05.377Z,2023-12-27T22:01:08.660Z
8683,9901487918,Youssou,Faye,Youssou Faye,M,1999-08-25,+22224533694,youssou.faye222@hotmail.fr,1,Nouakchott-Nord,OCCASIONAL,,ACTIVE,2024-05-13,2024-07-20T13:25:13.537Z,2024-05-13T16:03:36.128Z,2024-07-20T13:25:13.537Z
8684,6305589961,Abdallah,Ould Mokhtar,Abdallah Ould Mokhtar,M,1963-05-25,+22222316645,,5,Trarza,PREMIUM,,INACTIVE,2024-02-15,2024-12-01T03:26:13.054Z,2024-02-15T23:12:55.106Z,2024-12-01T03:26:13.054Z
8685,7401803441,Ghalia,Soumaré,Ghalia Soumaré,F,1974-12-01,+22242988572,,1,Nouakchott-Nord,ACTIVE,,INACTIVE,2022-07-03,2024-09-02T21:11:52.057Z,2022-07-03T11:15:13.973Z,2024-09-02T21:11:52.057Z
8686,7201101451,Hawa,Niang,Hawa Niang,F,1972-06-27,+22232683661,,1,Nouakchott-Nord,OCCASIONAL,,ACTIVE,2022-12-26,2023-05-15T07:54:20.566Z,2022-12-26T11:43:48.898Z,2023-05-15T07:54:20.566Z
8687,8502100578,Oumou,Mint Hadrami,Oumou Mint Hadrami,F,1985-10-09,+22233556848,,2,Nouakchott-Ouest,ACTIVE,,INACTIVE,2022-10-04,2022-10-30T06:35:17.173Z,2022-10-04T04:44:25.369Z,2022-10-30T06:35:17.173Z
8688,8002076182,Sekou,Gaye,Sekou Gaye,M,1980-07-25,+22223218960,sekou.gaye366@gmail.com,2,Nouakchott-Ouest,STANDARD,,ACTIVE,2022-04-16,2023-01-26T11:19:07.201Z,2022-04-16T00:11:15.920Z,2023-01-26T11:19:07.201Z
8689,0309985925,Hacen,Ould El Hacen,Hacen Ould El Hacen,M,2003-07-21,+22225514123,,9,Assaba,ACTIVE,,INACTIVE,2022-07-01,2023-05-07T08:29:29.498Z,2022-07-01T07:08:33.185Z,2023-05-07T08:29:29.498Z
8690,7604677164,Yero,Bâ,Yero Bâ,M,1976-04-01,+22222960143,yero.bâ678@hotmail.fr,4,Dakhlet Nouadhibou,STANDARD,,ACTIVE,2022-02-08,2023-04-04T16:42:49.438Z,2022-02-08T08:24:47.361Z,2023-04-04T16:42:49.438Z
8691,0201263262,Messoud,Ould Soufi,Messoud Ould Soufi,M,2002-08-28,+22223597426,messoud.ouldsoufi449@outlook.com,1,Nouakchott-Nord,ACTIVE,,ACTIVE,2022-11-07,2023-09-19T11:32:02.202Z,2022-11-07T07:34:18.637Z,2023-09-19T11:32:02.202Z
8692,0108197365,Ely,Ould Saad,Ely Ould Saad,M,2001-06-08,+22235053064,ely.ouldsaad83@gmail.com,8,Guidimaka,ACTIVE,,ACTIVE,2023-10-31,2024-02-05T06:06:46.529Z,2023-10-31T15:58:05.655Z,2024-02-05T06:06:46.529Z
8693,6202451358,Oumou,Mbaye,Oumou Mbaye,F,1962-12-04,+22237530610,,2,Nouakchott-Ouest,STANDARD,,ACTIVE,2023-01-29,2023-12-07T16:29:45.943Z,2023-01-29T11:44:26.189Z,2023-12-07T16:29:45.943Z
8694,8102695438,Mouna,Mbow,Mouna Mbow,F,1981-04-05,+22233205497,,2,Nouakchott-Ouest,STANDARD,,ACTIVE,2022-05-05,2023-09-29T09:31:00.567Z,2022-05-05T12:40:44.675Z,2023-09-29T09:31:00.567Z
8695,6703947950,Hamady,Soumaré,Hamady Soumaré,M,1967-01-27,+22242830701,hamady.soumaré817@hotmail.fr,3,Nouakchott-Sud,ACTIVE,,ACTIVE,2023-01-05,2023-11-13T16:33:31.838Z,2023-01-05T03:25:27.220Z,2023-11-13T16:33:31.838Z
8696,6911311732,Minetou,Diagana,Minetou Diagana,F,1969-11-06,+22224384152,minetou.diagana961@hotmail.fr,11,Hodh El Gharbi,DORMANT,,ACTIVE,2022-01-12,2022-10-14T08:12:11.079Z,2022-01-12T20:56:55.636Z,2022-10-14T08:12:11.079Z
8697,8101533674,Lamine,Kouyaté,Lamine Kouyaté,M,1981-06-28,+22233126524,,1,Nouakchott-Nord,VIP,,ACTIVE,2023-03-05,2023-12-11T20:12:43.101Z,2023-03-05T22:46:10.669Z,2023-12-11T20:12:43.101Z
8698,8204410627,Taleb,Ould Abeih,Taleb Ould Abeih,M,1982-12-23,+22235703457,taleb.ouldabeih974@gmail.com,4,Dakhlet Nouadhibou,OCCASIONAL,,ACTIVE,2022-03-30,2023-08-14T18:21:52.576Z,2022-03-30T18:41:59.614Z,2023-08-14T18:21:52.576Z
8699,7801687568,Amadou,Gaye,Amadou Gaye,M,1978-05-05,+22235255663,,1,Nouakchott-Nord,STANDARD,,ACTIVE,2024-05-24,2024-09-06T07:55:12.870Z,2024-05-24T22:45:38.727Z,2024-09-06T07:55:12.870Z
8700,9903151413,Abdallah,Sarr,Abdallah Sarr,M,1999-07-28,+22244001787,abdallah.sarr902@gmail.com,3,Nouakchott-Sud,STANDARD,,ACTIVE,2022-01-12,2024-07-09T06:54:44.062Z,2022-01-12T18:26:33.114Z,2024-07-09T06:54:44.062Z
8701,8203408409,Habiba,Diallo,Habiba Diallo,F,1982-07-05,+22224088220,,3,Nouakchott-Sud,STANDARD,,ACTIVE,2024-06-01,2024-11-21T15:39:21.190Z,2024-06-01T23:42:17.582Z,2024-11-21T15:39:21.190Z
8702,0207753453,Ibrahima,Faye,Ibrahima Faye,M,2002-08-18,+22236113618,ibrahima.faye471@gmail.com,7,Gorgol,DORMANT,,INACTIVE,2023-01-26,2023-10-22T10:26:11.033Z,2023-01-26T00:46:46.614Z,2023-10-22T10:26:11.033Z
8703,8704747265,Sakouba,Tall,Sakouba Tall,M,1987-04-13,+22223191477,sakouba.tall930@outlook.com,4,Dakhlet Nouadhibou,OCCASIONAL,,ACTIVE,2022-03-15,2023-02-04T12:43:12.833Z,2022-03-15T01:35:12.011Z,2023-02-04T12:43:12.833Z
8704,0401456651,Maimouna,Bathily,Maimouna Bathily,F,2004-05-08,+22247710096,,1,Nouakchott-Nord,ACTIVE,,ACTIVE,2024-02-18,2024-07-28T05:56:59.749Z,2024-02-18T12:52:09.146Z,2024-07-28T05:56:59.749Z
8705,6603761896,Mor,Sall,Mor Sall,M,1966-01-20,+22232418633,,3,Nouakchott-Sud,ACTIVE,,ACTIVE,2023-10-17,2024-03-08T12:24:33.301Z,2023-10-17T07:29:33.844Z,2024-03-08T12:24:33.301Z
8706,8113692291,Djimé,Thiam,Djimé Thiam,M,1981-02-01,+22234835477,,13,Tagant,VIP,,ACTIVE,2023-05-03,2023-08-26T04:37:16.887Z,2023-05-03T00:02:17.252Z,2023-08-26T04:37:16.887Z
8707,7202540101,Saidou,Barry,Saidou Barry,M,1972-03-16,+22233193883,,2,Nouakchott-Ouest,DORMANT,,ACTIVE,2022-04-19,2023-05-29T02:41:32.956Z,2022-04-19T09:14:13.003Z,2023-05-29T02:41:32.956Z
8708,8103284769,Adama,Soumaré,Adama Soumaré,M,1981-07-16,+22237129695,adama.soumaré879@hotmail.fr,3,Nouakchott-Sud,ACTIVE,,ACTIVE,2024-09-21,2024-10-04T19:08:27.439Z,2024-09-21T13:33:29.082Z,2024-10-04T19:08:27.439Z
8709,0101100328,Hamadi,Ould Abeih,Hamadi Ould Abeih,M,2001-01-17,+22222628131,,1,Nouakchott-Nord,STANDARD,,ACTIVE,2023-05-29,2024-09-19T01:47:58.451Z,2023-05-29T21:36:43.575Z,2024-09-19T01:47:58.451Z
8710,6909923817,Soumaïla,Sakho,Soumaïla Sakho,M,1969-02-12,+22235728927,soumaïla.sakho955@gmail.com,9,Assaba,PREMIUM,,ACTIVE,2024-11-21,2024-12-17T13:33:51.552Z,2024-11-21T03:40:48.137Z,2024-12-17T13:33:51.552Z
8711,8701171971,Mouna,Mint Messoud,Mouna Mint Messoud,F,1987-03-10,+22232276026,,1,Nouakchott-Nord,DORMANT,,ACTIVE,2024-04-03,2024-09-08T09:18:41.008Z,2024-04-03T01:19:25.603Z,2024-09-08T09:18:41.008Z
8712,9202378405,Aminetou,Mint Lemrabott,Aminetou Mint Lemrabott,F,1992-06-06,+22247239348,aminetou.mintlemrabott520@outlook.com,2,Nouakchott-Ouest,STANDARD,,ACTIVE,2024-11-02,2024-11-15T14:00:57.120Z,2024-11-02T22:47:39.024Z,2024-11-15T14:00:57.120Z
8713,6704799080,Lassana,Thiam,Lassana Thiam,M,1967-05-08,+22232159754,,4,Dakhlet Nouadhibou,DORMANT,,ACTIVE,2024-12-09,2024-12-12T15:39:56.454Z,2024-12-09T00:23:55.108Z,2024-12-12T15:39:56.454Z
8714,9501081587,Khadija,Mint Soufi,Khadija Mint Soufi,F,1995-11-18,+22243252355,khadija.mintsoufi749@gmail.com,1,Nouakchott-Nord,STANDARD,,PENDING_KYC,2023-05-04,2023-10-13T01:51:18.665Z,2023-05-04T12:19:09.536Z,2023-10-13T01:51:18.665Z
8715,8501718066,Hawa,Anne,Hawa Anne,F,1985-12-19,+22234146339,,1,Nouakchott-Nord,STANDARD,,ACTIVE,2023-06-09,2024-12-15T01:53:34.816Z,2023-06-09T09:23:37.411Z,2024-12-15T01:53:34.816Z
8716,6606316402,Souleymane,Ould Sidi,Souleymane Ould Sidi,M,1966-03-15,+22222715602,,6,Brakna,DORMANT,,ACTIVE,2022-04-05,2022-08-04T07:04:59.954Z,2022-04-05T14:31:09.198Z,2022-08-04T07:04:59.954Z
8717,8706231625,Boubacar,Cissé,Boubacar Cissé,M,1987-10-28,+22225251086,,6,Brakna,OCCASIONAL,,ACTIVE,2024-12-08,2024-12-17T13:22:38.506Z,2024-12-08T19:08:07.812Z,2024-12-17T13:22:38.506Z
8718,8304312900,Khady,Ndour,Khady Ndour,F,1983-09-17,+22223557628,,4,Dakhlet Nouadhibou,OCCASIONAL,,INACTIVE,2024-08-19,2024-10-12T08:37:55.215Z,2024-08-19T13:05:32.745Z,2024-10-12T08:37:55.215Z
8719,0502727519,Ablaye,Tall,Ablaye Tall,M,2005-09-28,+22223908692,ablaye.tall731@gmail.com,2,Nouakchott-Ouest,ACTIVE,,ACTIVE,2023-06-29,2024-08-22T13:40:49.513Z,2023-06-29T20:08:37.440Z,2024-08-22T13:40:49.513Z
8720,9012358648,El Hacen,Sène,El Hacen Sène,M,1990-09-11,+22236201928,,12,Adrar,STANDARD,,ACTIVE,2022-11-17,2024-02-12T07:31:38.221Z,2022-11-17T15:47:40.492Z,2024-02-12T07:31:38.221Z
8721,0209752072,Fodé,Dia,Fodé Dia,M,2002-03-18,+22241733497,fodé.dia223@yahoo.fr,9,Assaba,OCCASIONAL,,ACTIVE,2023-01-16,2024-06-13T04:27:58.556Z,2023-01-16T02:39:08.606Z,2024-06-13T04:27:58.556Z
8722,6801903782,Sira,Kouyaté,Sira Kouyaté,F,1968-04-06,+22222518375,sira.kouyaté238@yahoo.fr,1,Nouakchott-Nord,ACTIVE,,ACTIVE,2024-08-20,2024-09-19T04:58:05.272Z,2024-08-20T22:44:03.186Z,2024-09-19T04:58:05.272Z
8723,9713702919,Pape,Sène,Pape Sène,M,1997-11-05,+22223749097,pape.sène932@hotmail.fr,13,Tagant,OCCASIONAL,,ACTIVE,2024-06-18,2024-08-28T16:29:37.988Z,2024-06-18T09:23:17.845Z,2024-08-28T16:29:37.988Z
8724,8615215840,Daba,Diallo,Daba Diallo,F,1986-12-02,+22222203220,daba.diallo485@outlook.com,15,Tiris Zemmour,OCCASIONAL,,ACTIVE,2022-07-11,2022-11-26T00:25:45.042Z,2022-07-11T02:35:34.012Z,2022-11-26T00:25:45.042Z
8725,6902634279,Rougui,Kane,Rougui Kane,F,1969-12-14,+22249390685,rougui.kane523@gmail.com,2,Nouakchott-Ouest,DORMANT,,ACTIVE,2023-04-19,2023-11-15T15:14:24.682Z,2023-04-19T05:06:06.796Z,2023-11-15T15:14:24.682Z
8726,7404488005,Mariam,Mint Dah,Mariam Mint Dah,F,1974-04-12,+22232539894,,4,Dakhlet Nouadhibou,ACTIVE,,ACTIVE,2024-06-04,2024-12-24T08:57:27.891Z,2024-06-04T08:09:21.430Z,2024-12-24T08:57:27.891Z
8727,8004422314,El Hacen,Ould Vall,El Hacen Ould Vall,M,1980-04-09,+22241464829,,4,Dakhlet Nouadhibou,ACTIVE,,ACTIVE,2023-05-24,2024-04-02T04:43:51.751Z,2023-05-24T00:37:46.978Z,2024-04-02T04:43:51.751Z
8728,9503411609,Cheibany,Ould Eleya,Cheibany Ould Eleya,M,1995-05-13,+22223082403,,3,Nouakchott-Sud,PREMIUM,,ACTIVE,2024-07-11,2024-12-03T22:23:11.614Z,2024-07-11T11:49:06.367Z,2024-12-03T22:23:11.614Z
8729,8402167806,Halima,Ndiaye,Halima Ndiaye,F,1984-01-21,+22232146725,,2,Nouakchott-Ouest,ACTIVE,,ACTIVE,2024-01-16,2024-03-15T19:53:21.160Z,2024-01-16T09:36:24.239Z,2024-03-15T19:53:21.160Z
8730,6802614793,Mahjouba,Koné,Mahjouba Koné,F,1968-06-22,+22236205599,,2,Nouakchott-Ouest,STANDARD,,ACTIVE,2024-08-31,2024-11-10T14:47:19.961Z,2024-08-31T05:12:14.914Z,2024-11-10T14:47:19.961Z
8731,9802907432,Halima,Mint Nenni,Halima Mint Nenni,F,1998-03-13,+22224636232,,2,Nouakchott-Ouest,ACTIVE,,ACTIVE,2024-10-28,2024-11-19T01:02:36.050Z,2024-10-28T02:52:45.456Z,2024-11-19T01:02:36.050Z
8732,7701879560,Souleymane,Mbaye,Souleymane Mbaye,M,1977-09-11,+22233011617,,1,Nouakchott-Nord,STANDARD,,ACTIVE,2023-12-25,2024-05-04T15:48:23.931Z,2023-12-25T17:41:33.070Z,2024-05-04T15:48:23.931Z
8733,6705612513,Seynabou,Koita,Seynabou Koita,F,1967-04-21,+22237980818,,5,Trarza,DORMANT,,PENDING_KYC,2024-02-24,2024-06-14T10:00:22.774Z,2024-02-24T23:01:33.195Z,2024-06-14T10:00:22.774Z
8734,9102688486,Aminetou,Sy,Aminetou Sy,F,1991-09-07,+22241824021,,2,Nouakchott-Ouest,STANDARD,,ACTIVE,2024-08-02,2024-11-27T13:25:11.420Z,2024-08-02T01:30:52.604Z,2024-11-27T13:25:11.420Z
8735,0004105189,Abeih,Bah,Abeih Bah,M,2000-07-19,+22246395730,abeih.bah194@hotmail.fr,4,Dakhlet Nouadhibou,ACTIVE,,ACTIVE,2024-05-01,2024-08-06T23:17:58.166Z,2024-05-01T15:00:03.556Z,2024-08-06T23:17:58.166Z
8736,9604412028,Tourad,Ould Hamoud,Tourad Ould Hamoud,M,1996-04-10,+22241267785,,4,Dakhlet Nouadhibou,ACTIVE,,ACTIVE,2023-03-05,2024-03-06T07:46:00.416Z,2023-03-05T04:11:33.736Z,2024-03-06T07:46:00.416Z
8737,7601282714,Brahim,Kouyaté,Brahim Kouyaté,M,1976-02-06,+22224521770,brahim.kouyaté471@gmail.com,1,Nouakchott-Nord,OCCASIONAL,,ACTIVE,2024-08-23,2024-12-28T02:11:21.128Z,2024-08-23T09:12:38.360Z,2024-12-28T02:11:21.128Z
8738,8102652723,Sidi,Ould Cheikh,Sidi Ould Cheikh,M,1981-04-28,+22223144250,sidi.ouldcheikh243@yahoo.fr,2,Nouakchott-Ouest,ACTIVE,,ACTIVE,2023-10-30,2024-10-06T13:08:38.242Z,2023-10-30T01:45:26.030Z,2024-10-06T13:08:38.242Z
8739,0502842539,Naima,Mint Abdel Kader,Naima Mint Abdel Kader,F,2005-11-04,+22232348964,,2,Nouakchott-Ouest,PREMIUM,,ACTIVE,2023-09-10,2024-06-23T20:32:37.849Z,2023-09-10T05:48:11.324Z,2024-06-23T20:32:37.849Z
8740,6003579628,Aichetou,Mint Abeih,Aichetou Mint Abeih,F,1960-04-22,+22232117650,,3,Nouakchott-Sud,OCCASIONAL,,ACTIVE,2024-09-10,2024-12-16T00:34:02.150Z,2024-09-10T15:12:16.768Z,2024-12-16T00:34:02.150Z
8741,8906759015,Mariam,Mint El Ghassem,Mariam Mint El Ghassem,F,1989-05-23,+22234387045,mariam.mintelghassem60@yahoo.fr,6,Brakna,VIP,,ACTIVE,2022-07-15,2024-10-06T02:19:25.386Z,2022-07-15T20:16:13.053Z,2024-10-06T02:19:25.386Z
8742,6113873919,Naima,Mint Mohamed,Naima Mint Mohamed,F,1961-09-24,+22245376743,naima.mintmohamed152@outlook.com,13,Tagant,PREMIUM,,PENDING_KYC,2023-10-10,2024-08-25T06:42:42.123Z,2023-10-10T16:40:39.183Z,2024-08-25T06:42:42.123Z
8743,8601283738,Fodé,Ba,Fodé Ba,M,1986-11-12,+22222717086,,1,Nouakchott-Nord,OCCASIONAL,,ACTIVE,2024-03-13,2024-03-24T02:08:01.701Z,2024-03-13T05:48:51.860Z,2024-03-24T02:08:01.701Z
8744,6002407425,Kadiatou,Ndiaye,Kadiatou Ndiaye,F,1960-07-27,+22249564196,,2,Nouakchott-Ouest,STANDARD,,ACTIVE,2023-02-14,2024-05-24T21:12:54.378Z,2023-02-14T03:26:32.985Z,2024-05-24T21:12:54.378Z
8745,6002786458,Habiboullah,Koné,Habiboullah Koné,M,1960-07-02,+22222746636,,2,Nouakchott-Ouest,ACTIVE,,ACTIVE,2022-02-20,2024-09-01T07:34:29.991Z,2022-02-20T09:17:14.522Z,2024-09-01T07:34:29.991Z
8746,6002833642,Hawa,Mint Hamoud,Hawa Mint Hamoud,F,1960-10-14,+22247336422,hawa.minthamoud452@gmail.com,2,Nouakchott-Ouest,OCCASIONAL,,PENDING_KYC,2022-01-02,2022-05-06T12:31:26.953Z,2022-01-02T01:37:57.843Z,2022-05-06T12:31:26.953Z
8747,9901417001,Karounga,Thiam,Karounga Thiam,M,1999-05-06,+22243660484,,1,Nouakchott-Nord,OCCASIONAL,,ACTIVE,2022-07-21,2023-08-20T01:53:47.748Z,2022-07-21T19:20:34.998Z,2023-08-20T01:53:47.748Z
8748,7603312091,Anta,Thiam,Anta Thiam,F,1976-05-05,+22224176763,,3,Nouakchott-Sud,STANDARD,,ACTIVE,2023-04-26,2024-01-10T16:57:49.013Z,2023-04-26T17:33:02.740Z,2024-01-10T16:57:49.013Z
8749,9504748074,Adama,Diakité,Adama Diakité,M,1995-07-09,+22224288711,adama.diakité762@hotmail.fr,4,Dakhlet Nouadhibou,ACTIVE,,ACTIVE,2022-01-27,2024-04-14T06:31:32.115Z,2022-01-27T07:33:39.147Z,2024-04-14T06:31:32.115Z
8750,0102199215,Noura,Mint Maloum,Noura Mint Maloum,F,2001-12-05,+22233665520,noura.mintmaloum827@hotmail.fr,2,Nouakchott-Ouest,OCCASIONAL,,ACTIVE,2023-06-19,2024-01-20T00:01:56.701Z,2023-06-19T13:50:51.649Z,2024-01-20T00:01:56.701Z
8751,9702322757,Kelthoum,Mint Ghali,Kelthoum Mint Ghali,F,1997-07-28,+22234172991,,2,Nouakchott-Ouest,STANDARD,,ACTIVE,2024-05-28,2024-10-05T15:01:51.334Z,2024-05-28T00:43:13.351Z,2024-10-05T15:01:51.334Z
8752,8215958963,Codou,Fall,Codou Fall,F,1982-10-15,+22235019668,,15,Tiris Zemmour,STANDARD,,ACTIVE,2022-10-20,2023-06-22T21:46:57.322Z,2022-10-20T04:43:37.240Z,2023-06-22T21:46:57.322Z
8753,8103536095,Khalil,Ould Nagi,Khalil Ould Nagi,M,1981-11-22,+22236458528,,3,Nouakchott-Sud,ACTIVE,,ACTIVE,2022-05-31,2024-07-02T23:40:13.789Z,2022-05-31T18:12:24.302Z,2024-07-02T23:40:13.789Z
8754,6801290196,Tekber,Mint Sidi,Tekber Mint Sidi,F,1968-06-25,+22236826462,,1,Nouakchott-Nord,DORMANT,,ACTIVE,2024-01-22,2024-11-16T07:39:12.949Z,2024-01-22T23:52:44.961Z,2024-11-16T07:39:12.949Z
8755,7304497745,Vall,Ould Brahim,Vall Ould Brahim,M,1973-06-17,+22222218140,,4,Dakhlet Nouadhibou,OCCASIONAL,,ACTIVE,2023-08-28,2024-02-09T18:05:08.678Z,2023-08-28T18:07:59.649Z,2024-02-09T18:05:08.678Z
8756,9601942966,Aissata,Bah,Aissata Bah,F,1996-09-15,+22232923084,,1,Nouakchott-Nord,STANDARD,,ACTIVE,2023-10-02,2024-10-26T01:36:03.352Z,2023-10-02T10:40:37.390Z,2024-10-26T01:36:03.352Z
8757,8910390493,Anta,Sow,Anta Sow,F,1989-07-25,+22222407909,,10,Hodh Ech Chargui,STANDARD,,SUSPENDED,2022-04-23,2022-05-13T21:15:55.043Z,2022-04-23T18:57:25.536Z,2022-05-13T21:15:55.043Z
8758,6001485824,Limam,Wane,Limam Wane,M,1960-04-12,+22222741588,,1,Nouakchott-Nord,STANDARD,,ACTIVE,2022-03-03,2022-04-07T22:49:31.476Z,2022-03-03T16:20:08.996Z,2022-04-07T22:49:31.476Z
8759,8715226652,Vadel,Ould Eleya,Vadel Ould Eleya,M,1987-11-26,+22224272689,vadel.ouldeleya169@outlook.com,15,Tiris Zemmour,ACTIVE,,ACTIVE,2023-03-18,2023-04-18T09:26:16.134Z,2023-03-18T12:45:05.620Z,2023-04-18T09:26:16.134Z
8760,6602455479,Khadija,Mint Jiddou,Khadija Mint Jiddou,F,1966-11-10,+22246087915,khadija.mintjiddou792@outlook.com,2,Nouakchott-Ouest,OCCASIONAL,,ACTIVE,2023-05-12,2023-06-29T03:28:19.273Z,2023-05-12T00:57:27.807Z,2023-06-29T03:28:19.273Z
8761,9101472026,Sidi Mohamed,Ould Abdel Kader,Sidi Mohamed Ould Abdel Kader,M,1991-11-04,+22236308451,sidimohamed.ouldabdelkader174@gmail.com,1,Nouakchott-Nord,OCCASIONAL,,ACTIVE,2024-01-16,2024-08-13T13:08:59.719Z,2024-01-16T15:05:40.743Z,2024-08-13T13:08:59.719Z
8762,6301195588,Kesso,Wade,Kesso Wade,F,1963-06-22,+22225731716,,1,Nouakchott-Nord,STANDARD,,ACTIVE,2024-02-25,2024-07-14T08:22:37.797Z,2024-02-25T18:44:37.887Z,2024-07-14T08:22:37.797Z
8763,0311340372,Kani,Baldé,Kani Baldé,F,2003-05-07,+22223009585,,11,Hodh El Gharbi,STANDARD,,ACTIVE,2024-08-31,2024-11-22T10:08:12.667Z,2024-08-31T00:30:17.685Z,2024-11-22T10:08:12.667Z
8764,9302093321,Yacoub,Ould El Hacen,Yacoub Ould El Hacen,M,1993-03-19,+22224318323,,2,Nouakchott-Ouest,STANDARD,,PENDING_KYC,2024-08-04,2024-10-15T17:37:38.828Z,2024-08-04T22:28:47.033Z,2024-10-15T17:37:38.828Z
8765,8908247176,Tourad,Thiam,Tourad Thiam,M,1989-06-28,+22237445566,,8,Guidimaka,DORMANT,,ACTIVE,2024-04-11,2024-04-11T23:35:37.904Z,2024-04-11T19:03:35.355Z,2024-04-11T23:35:37.904Z
8766,7911287140,Boubacar,Dia,Boubacar Dia,M,1979-11-17,+22224587481,,11,Hodh El Gharbi,OCCASIONAL,,ACTIVE,2022-12-28,2024-06-08T17:52:25.742Z,2022-12-28T15:50:29.686Z,2024-06-08T17:52:25.742Z
8767,9003295761,Sidina,Ould Sidi,Sidina Ould Sidi,M,1990-10-20,+22234227812,,3,Nouakchott-Sud,STANDARD,,ACTIVE,2024-04-06,2024-12-20T22:07:05.874Z,2024-04-06T04:59:04.263Z,2024-12-20T22:07:05.874Z
8768,0311213315,Meymouna,Mint Khalil,Meymouna Mint Khalil,F,2003-04-18,+22222882830,meymouna.mintkhalil962@yahoo.fr,11,Hodh El Gharbi,STANDARD,,ACTIVE,2022-02-19,2023-01-06T23:33:44.512Z,2022-02-19T13:55:12.984Z,2023-01-06T23:33:44.512Z
8769,6103331120,Coumba,Diallo,Coumba Diallo,F,1961-07-20,+22223284620,coumba.diallo141@yahoo.fr,3,Nouakchott-Sud,STANDARD,,ACTIVE,2024-08-31,2024-11-22T01:22:24.560Z,2024-08-31T07:22:19.396Z,2024-11-22T01:22:24.560Z
8770,7615211788,Koumba,Faye,Koumba Faye,F,1976-05-15,+22232071174,,15,Tiris Zemmour,ACTIVE,,SUSPENDED,2022-08-05,2023-06-03T09:27:36.151Z,2022-08-05T02:06:06.382Z,2023-06-03T09:27:36.151Z
8771,6503982261,Mohamed,Niang,Mohamed Niang,M,1965-04-19,+22232498980,,3,Nouakchott-Sud,ACTIVE,,ACTIVE,2023-10-22,2024-08-07T21:49:54.303Z,2023-10-22T02:55:28.650Z,2024-08-07T21:49:54.303Z
8772,0503751999,Tourad,Ould El Ghassem,Tourad Ould El Ghassem,M,2005-06-09,+22222822105,tourad.ouldelghassem230@outlook.com,3,Nouakchott-Sud,STANDARD,,ACTIVE,2023-01-02,2024-01-11T15:00:03.708Z,2023-01-02T03:07:52.574Z,2024-01-11T15:00:03.708Z
8773,8412350373,Aminetou,Mint Cheikh,Aminetou Mint Cheikh,F,1984-10-25,+22232396132,,12,Adrar,ACTIVE,,ACTIVE,2023-11-23,2024-07-10T07:08:18.230Z,2023-11-23T05:52:37.913Z,2024-07-10T07:08:18.230Z
8774,0203699166,Habiba,Mint Isselmou,Habiba Mint Isselmou,F,2002-11-24,+22225247582,,3,Nouakchott-Sud,STANDARD,,ACTIVE,2022-09-09,2023-05-08T10:15:39.806Z,2022-09-09T05:50:23.781Z,2023-05-08T10:15:39.806Z
8775,9002302826,Abdel Kader,Ould Zein,Abdel Kader Ould Zein,M,1990-10-07,+22246665384,,2,Nouakchott-Ouest,STANDARD,,ACTIVE,2022-02-01,2023-10-06T21:36:18.617Z,2022-02-01T20:51:33.256Z,2023-10-06T21:36:18.617Z
8776,9202737167,Boubacar,Diop,Boubacar Diop,M,1992-03-03,+22223565171,,2,Nouakchott-Ouest,PREMIUM,,ACTIVE,2023-08-21,2023-11-21T05:00:35.162Z,2023-08-21T02:13:49.543Z,2023-11-21T05:00:35.162Z
8777,7906047159,Habiba,Sow,Habiba Sow,F,1979-08-05,+22235219079,,6,Brakna,STANDARD,,ACTIVE,2023-05-06,2023-07-26T23:49:51.904Z,2023-05-06T00:12:20.772Z,2023-07-26T23:49:51.904Z
8778,0303835181,El Hacen,Ould El Ghassem,El Hacen Ould El Ghassem,M,2003-02-09,+22222714525,,3,Nouakchott-Sud,ACTIVE,,ACTIVE,2022-02-21,2024-02-16T01:57:28.466Z,2022-02-21T03:59:05.003Z,2024-02-16T01:57:28.466Z
8779,0405697865,Mohamed Mahmoud,Sow,Mohamed Mahmoud Sow,M,2004-12-08,+22225371114,mohamedmahmoud.sow909@yahoo.fr,5,Trarza,OCCASIONAL,,ACTIVE,2023-03-12,2023-10-18T00:15:33.764Z,2023-03-12T14:39:11.181Z,2023-10-18T00:15:33.764Z
8780,9011433887,Yacine,Sarr,Yacine Sarr,F,1990-06-02,+22224169726,,11,Hodh El Gharbi,OCCASIONAL,,ACTIVE,2023-01-24,2023-06-28T10:51:27.706Z,2023-01-24T04:34:06.507Z,2023-06-28T10:51:27.706Z
8781,7509589216,Zeinab,Sall,Zeinab Sall,F,1975-08-25,+22234856501,,9,Assaba,OCCASIONAL,,ACTIVE,2022-01-27,2023-11-08T02:01:36.634Z,2022-01-27T01:55:55.126Z,2023-11-08T02:01:36.634Z
8782,8615092933,Aïssata,Fall,Aïssata Fall,F,1986-04-07,+22223609057,aïssata.fall171@outlook.com,15,Tiris Zemmour,ACTIVE,,ACTIVE,2022-04-20,2023-05-24T06:49:52.193Z,2022-04-20T05:10:15.887Z,2023-05-24T06:49:52.193Z
8783,0102724343,Yahya,Ould Bouha,Yahya Ould Bouha,M,2001-06-24,+22224873570,,2,Nouakchott-Ouest,STANDARD,,ACTIVE,2024-07-08,2024-09-30T16:09:13.634Z,2024-07-08T02:53:20.674Z,2024-09-30T16:09:13.634Z
8784,9604052613,Maimouna,Dramé,Maimouna Dramé,F,1996-04-25,+22233149584,maimouna.dramé482@yahoo.fr,4,Dakhlet Nouadhibou,ACTIVE,,ACTIVE,2024-08-25,2024-11-15T04:44:12.767Z,2024-08-25T12:35:28.519Z,2024-11-15T04:44:12.767Z
8785,0103035259,Mahjouba,Touré,Mahjouba Touré,F,2001-02-11,+22232187194,,3,Nouakchott-Sud,STANDARD,,ACTIVE,2023-12-31,2024-02-26T02:34:00.369Z,2023-12-31T12:12:14.025Z,2024-02-26T02:34:00.369Z
8786,0301118206,Saad,Diallo,Saad Diallo,M,2003-11-27,+22235643307,saad.diallo30@gmail.com,1,Nouakchott-Nord,STANDARD,,ACTIVE,2024-02-16,2024-11-10T16:54:49.625Z,2024-02-16T17:51:00.376Z,2024-11-10T16:54:49.625Z
8787,9615812888,Cheikhna,Camara,Cheikhna Camara,M,1996-12-13,+22234483001,cheikhna.camara480@outlook.com,15,Tiris Zemmour,OCCASIONAL,,ACTIVE,2024-11-28,2024-12-28T06:54:13.040Z,2024-11-28T11:06:59.037Z,2024-12-28T06:54:13.040Z
8788,9911146630,Tidiane,Koné,Tidiane Koné,M,1999-05-02,+22234510213,,11,Hodh El Gharbi,STANDARD,,ACTIVE,2022-10-26,2022-10-28T17:22:31.496Z,2022-10-26T19:23:19.271Z,2022-10-28T17:22:31.496Z
8789,9201628479,Hafsata,Fall,Hafsata Fall,F,1992-08-25,+22241629900,,1,Nouakchott-Nord,STANDARD,,ACTIVE,2023-10-30,2024-08-17T23:40:12.746Z,2023-10-30T06:57:50.319Z,2024-08-17T23:40:12.746Z
8790,8203531338,Ahmed Salem,Ould Zein,Ahmed Salem Ould Zein,M,1982-08-11,+22233878067,ahmedsalem.ouldzein557@outlook.com,3,Nouakchott-Sud,ACTIVE,,ACTIVE,2022-08-04,2024-01-20T03:57:59.674Z,2022-08-04T05:42:25.609Z,2024-01-20T03:57:59.674Z
8791,6102129382,Rokhaya,Barry,Rokhaya Barry,F,1961-02-15,+22222431916,rokhaya.barry381@gmail.com,2,Nouakchott-Ouest,PREMIUM,,ACTIVE,2023-06-27,2024-04-24T11:52:27.069Z,2023-06-27T22:04:37.847Z,2024-04-24T11:52:27.069Z
8792,8003502862,Zahra,Mint Hamoud,Zahra Mint Hamoud,F,1980-06-10,+22222364145,,3,Nouakchott-Sud,STANDARD,,ACTIVE,2023-02-23,2023-11-19T06:00:23.849Z,2023-02-23T17:40:49.786Z,2023-11-19T06:00:23.849Z
8793,9101295647,Lamine,Mbaye,Lamine Mbaye,M,1991-04-19,+22234694340,,1,Nouakchott-Nord,OCCASIONAL,,ACTIVE,2023-11-05,2024-06-19T03:24:41.398Z,2023-11-05T00:23:51.590Z,2024-06-19T03:24:41.398Z
8794,9703544136,Aïssata,Diop,Aïssata Diop,F,1997-10-13,+22224371919,,3,Nouakchott-Sud,OCCASIONAL,,ACTIVE,2023-06-04,2023-10-07T11:28:19.458Z,2023-06-04T17:42:39.734Z,2023-10-07T11:28:19.458Z
8795,0502792847,Jiddou,Ould Abdel Aziz,Jiddou Ould Abdel Aziz,M,2005-12-21,+22225371320,,2,Nouakchott-Ouest,STANDARD,,ACTIVE,2024-12-11,2024-12-27T01:29:01.518Z,2024-12-11T12:05:57.220Z,2024-12-27T01:29:01.518Z
8796,9308137382,Rokaya,Mint Wedadi,Rokaya Mint Wedadi,F,1993-05-04,+22246835386,rokaya.mintwedadi451@gmail.com,8,Guidimaka,STANDARD,,ACTIVE,2022-03-06,2024-12-04T07:59:12.281Z,2022-03-06T07:32:14.444Z,2024-12-04T07:59:12.281Z
8797,0212396351,Maloum,Ould Abdallah,Maloum Ould Abdallah,M,2002-01-23,+22236679340,maloum.ouldabdallah780@outlook.com,12,Adrar,ACTIVE,,ACTIVE,2024-03-15,2024-11-21T01:05:58.602Z,2024-03-15T06:44:00.211Z,2024-11-21T01:05:58.602Z
8798,9205152981,Djenaba,Kouyaté,Djenaba Kouyaté,F,1992-09-02,+22233249185,,5,Trarza,STANDARD,,ACTIVE,2024-10-17,2024-11-18T23:31:16.929Z,2024-10-17T06:33:38.655Z,2024-11-18T23:31:16.929Z
8799,8208450388,Bintou,Ba,Bintou Ba,F,1982-01-26,+22235627579,bintou.ba7@hotmail.fr,8,Guidimaka,OCCASIONAL,,ACTIVE,2022-11-05,2023-05-01T10:04:56.210Z,2022-11-05T21:13:24.973Z,2023-05-01T10:04:56.210Z
8800,9801330295,Salif,Barry,Salif Barry,M,1998-03-28,+22233370804,,1,Nouakchott-Nord,ACTIVE,,ACTIVE,2024-03-08,2024-09-23T14:01:24.185Z,2024-03-08T06:51:06.577Z,2024-09-23T14:01:24.185Z
8801,6507868303,Mohamed,Ould Horma,Mohamed Ould Horma,M,1965-10-25,+22237715182,,7,Gorgol,VIP,,ACTIVE,2023-04-13,2024-11-19T01:30:29.935Z,2023-04-13T07:04:14.837Z,2024-11-19T01:30:29.935Z
8802,6904625271,Saadbouh,Ould Nenni,Saadbouh Ould Nenni,M,1969-09-20,+22225003470,saadbouh.ouldnenni172@outlook.com,4,Dakhlet Nouadhibou,STANDARD,,ACTIVE,2022-04-07,2024-10-20T13:26:43.322Z,2022-04-07T09:24:44.023Z,2024-10-20T13:26:43.322Z
8803,8604831471,Fatima,Mint Khatri,Fatima Mint Khatri,F,1986-10-08,+22242122053,,4,Dakhlet Nouadhibou,PREMIUM,,SUSPENDED,2023-04-26,2024-04-12T23:00:49.436Z,2023-04-26T19:31:25.156Z,2024-04-12T23:00:49.436Z
8804,8003432314,El Khalil,Ould Lemrabott,El Khalil Ould Lemrabott,M,1980-04-02,+22244638132,,3,Nouakchott-Sud,STANDARD,,ACTIVE,2022-07-05,2024-07-15T19:19:02.088Z,2022-07-05T19:21:56.962Z,2024-07-15T19:19:02.088Z
8805,8602831536,Hawa,Koita,Hawa Koita,F,1986-07-20,+22248153570,,2,Nouakchott-Ouest,DORMANT,,ACTIVE,2023-11-26,2024-05-08T03:53:24.391Z,2023-11-26T11:51:22.407Z,2024-05-08T03:53:24.391Z
8806,9902451796,Karounga,Thiam,Karounga Thiam,M,1999-11-20,+22225592705,,2,Nouakchott-Ouest,PREMIUM,,ACTIVE,2022-06-21,2022-10-15T19:13:18.368Z,2022-06-21T09:07:24.273Z,2022-10-15T19:13:18.368Z
8807,6603145151,Tiémoko,Koné,Tiémoko Koné,M,1966-08-03,+22225411647,,3,Nouakchott-Sud,ACTIVE,,ACTIVE,2022-09-24,2024-06-15T03:33:28.964Z,2022-09-24T21:28:39.375Z,2024-06-15T03:33:28.964Z
8808,6812278622,Coumba,Barry,Coumba Barry,F,1968-12-13,+22236884317,coumba.barry797@hotmail.fr,12,Adrar,STANDARD,,ACTIVE,2024-05-25,2024-08-13T08:35:30.508Z,2024-05-25T14:39:01.517Z,2024-08-13T08:35:30.508Z
8809,8803740268,Mohamed,Ould Mahmoud,Mohamed Ould Mahmoud,M,1988-02-19,+22223195232,,3,Nouakchott-Sud,ACTIVE,,ACTIVE,2022-01-29,2024-05-31T05:23:23.509Z,2022-01-29T23:49:05.332Z,2024-05-31T05:23:23.509Z
8810,9101381698,Abeih,Dia,Abeih Dia,M,1991-11-28,+22236570553,,1,Nouakchott-Nord,ACTIVE,,ACTIVE,2022-06-23,2023-02-06T01:02:31.727Z,2022-06-23T06:51:00.186Z,2023-02-06T01:02:31.727Z
8811,9906876847,Brahim,Ould Limam,Brahim Ould Limam,M,1999-06-26,+22225034941,,6,Brakna,DORMANT,,ACTIVE,2024-07-30,2024-11-28T17:36:13.732Z,2024-07-30T19:08:26.171Z,2024-11-28T17:36:13.732Z
8812,7602919419,Fatoumata,Sène,Fatoumata Sène,F,1976-06-17,+22224138531,,2,Nouakchott-Ouest,ACTIVE,,ACTIVE,2024-12-29,2024-12-29T18:38:16.068Z,2024-12-29T17:55:29.780Z,2024-12-29T18:38:16.068Z
8813,0503961879,Hawa,Mint Zein,Hawa Mint Zein,F,2005-02-12,+22224580546,hawa.mintzein887@hotmail.fr,3,Nouakchott-Sud,STANDARD,,ACTIVE,2023-11-23,2024-11-13T09:54:04.167Z,2023-11-23T10:25:39.430Z,2024-11-13T09:54:04.167Z
8814,7304411189,Rougui,Mbaye,Rougui Mbaye,F,1973-04-04,+22222786998,rougui.mbaye35@gmail.com,4,Dakhlet Nouadhibou,STANDARD,,ACTIVE,2022-03-24,2024-02-28T18:42:59.120Z,2022-03-24T17:39:18.072Z,2024-02-28T18:42:59.120Z
8815,7503041910,Yahya,Ould Hadrami,Yahya Ould Hadrami,M,1975-06-13,+22234983477,yahya.ouldhadrami85@outlook.com,3,Nouakchott-Sud,PREMIUM,,ACTIVE,2024-10-03,2024-10-11T02:38:45.885Z,2024-10-03T04:03:56.837Z,2024-10-11T02:38:45.885Z
8816,9702974806,Mountaga,Sakho,Mountaga Sakho,M,1997-10-17,+22223629994,mountaga.sakho390@yahoo.fr,2,Nouakchott-Ouest,STANDARD,,ACTIVE,2022-08-10,2023-01-07T05:09:46.913Z,2022-08-10T12:54:17.443Z,2023-01-07T05:09:46.913Z
8817,8601005426,Zein,Ould Dah,Zein Ould Dah,M,1986-03-24,+22223517605,,1,Nouakchott-Nord,STANDARD,,ACTIVE,2022-06-24,2024-06-08T05:39:17.581Z,2022-06-24T09:16:20.124Z,2024-06-08T05:39:17.581Z
8818,9105448674,Ibrahima,Dieng,Ibrahima Dieng,M,1991-03-16,+22223756579,,5,Trarza,DORMANT,,ACTIVE,2022-03-15,2023-06-12T09:10:15.057Z,2022-03-15T06:37:04.724Z,2023-06-12T09:10:15.057Z
8819,6305704566,Maguette,Diagana,Maguette Diagana,F,1963-07-10,+22222502021,maguette.diagana842@gmail.com,5,Trarza,STANDARD,,ACTIVE,2024-06-08,2024-06-24T10:26:19.052Z,2024-06-08T07:26:23.618Z,2024-06-24T10:26:19.052Z
8820,6702610653,Aissata,Mint Dah,Aissata Mint Dah,F,1967-10-10,+22222957440,aissata.mintdah52@outlook.com,2,Nouakchott-Ouest,STANDARD,,ACTIVE,2024-09-20,2024-11-03T21:55:48.582Z,2024-09-20T00:41:50.340Z,2024-11-03T21:55:48.582Z
8821,8301855976,Penda,Fofana,Penda Fofana,F,1983-05-06,+22242672172,,1,Nouakchott-Nord,ACTIVE,,ACTIVE,2024-05-27,2024-09-08T13:22:04.099Z,2024-05-27T09:49:59.570Z,2024-09-08T13:22:04.099Z
8822,8504051542,Youssouf,Ould Salem,Youssouf Ould Salem,M,1985-01-10,+22224344802,youssouf.ouldsalem806@yahoo.fr,4,Dakhlet Nouadhibou,PREMIUM,,ACTIVE,2022-12-29,2023-10-26T03:56:58.065Z,2022-12-29T14:21:48.324Z,2023-10-26T03:56:58.065Z
8823,0503050935,Ibrahima,Ndiaye,Ibrahima Ndiaye,M,2005-12-26,+22235669528,ibrahima.ndiaye405@hotmail.fr,3,Nouakchott-Sud,STANDARD,,SUSPENDED,2024-06-28,2024-07-05T22:04:37.573Z,2024-06-28T14:50:18.843Z,2024-07-05T22:04:37.573Z
8824,9404414826,Naha,Mint Tourad,Naha Mint Tourad,F,1994-05-19,+22232529011,,4,Dakhlet Nouadhibou,STANDARD,,ACTIVE,2022-06-13,2024-06-16T23:01:38.469Z,2022-06-13T16:09:02.325Z,2024-06-16T23:01:38.469Z
8825,7702879538,Mohamed Vall,Ould Ghali,Mohamed Vall Ould Ghali,M,1977-09-21,+22222141220,,2,Nouakchott-Ouest,STANDARD,,ACTIVE,2023-08-11,2024-11-17T10:21:14.470Z,2023-08-11T05:57:22.562Z,2024-11-17T10:21:14.470Z
8826,6802234937,Kani,Baldé,Kani Baldé,F,1968-02-15,+22224196558,,2,Nouakchott-Ouest,STANDARD,,ACTIVE,2022-07-01,2022-08-24T04:50:19.433Z,2022-07-01T16:41:40.272Z,2022-08-24T04:50:19.433Z
8827,0211082396,Yero,Sakho,Yero Sakho,M,2002-08-17,+22225827417,yero.sakho677@hotmail.fr,11,Hodh El Gharbi,OCCASIONAL,,ACTIVE,2024-04-28,2024-12-09T17:00:39.850Z,2024-04-28T18:38:45.547Z,2024-12-09T17:00:39.850Z
8828,6503443296,Karamoko,Anne,Karamoko Anne,M,1965-09-07,+22222331070,,3,Nouakchott-Sud,DORMANT,,ACTIVE,2022-08-04,2023-01-28T14:33:53.067Z,2022-08-04T06:57:39.690Z,2023-01-28T14:33:53.067Z
8829,8102925793,Youssouf,Ould El Ghassem,Youssouf Ould El Ghassem,M,1981-04-12,+22224047992,youssouf.ouldelghassem397@gmail.com,2,Nouakchott-Ouest,ACTIVE,,ACTIVE,2024-10-21,2024-12-25T17:33:13.911Z,2024-10-21T17:26:57.939Z,2024-12-25T17:33:13.911Z
8830,7601140021,Rokaya,Mint Bouha,Rokaya Mint Bouha,F,1976-08-08,+22234370941,,1,Nouakchott-Nord,STANDARD,,ACTIVE,2023-05-26,2024-06-12T06:42:50.373Z,2023-05-26T06:33:03.718Z,2024-06-12T06:42:50.373Z
8831,6502157354,Mouna,Mint Salem,Mouna Mint Salem,F,1965-03-08,+22246476557,,2,Nouakchott-Ouest,PREMIUM,,ACTIVE,2024-08-29,2024-09-16T16:38:26.107Z,2024-08-29T19:55:41.198Z,2024-09-16T16:38:26.107Z
8832,8402730723,Saad,Ould Nenni,Saad Ould Nenni,M,1984-01-21,+22244122447,saad.ouldnenni727@hotmail.fr,2,Nouakchott-Ouest,PREMIUM,,ACTIVE,2024-11-20,2024-12-04T01:20:39.069Z,2024-11-20T12:03:52.186Z,2024-12-04T01:20:39.069Z
8833,6001742718,Abdellahi,Ould Lemrabott,Abdellahi Ould Lemrabott,M,1960-02-09,+22235741746,,1,Nouakchott-Nord,OCCASIONAL,,ACTIVE,2022-07-30,2023-12-05T04:46:03.004Z,2022-07-30T02:35:59.330Z,2023-12-05T04:46:03.004Z
8834,9715625252,El Hadji,Wane,El Hadji Wane,M,1997-10-08,+22242833685,elhadji.wane358@yahoo.fr,15,Tiris Zemmour,DORMANT,,BLOCKED,2023-10-01,2024-01-07T12:01:28.494Z,2023-10-01T11:17:59.816Z,2024-01-07T12:01:28.494Z
8835,7703292639,Kelthoum,Mint Maloum,Kelthoum Mint Maloum,F,1977-09-07,+22225038724,,3,Nouakchott-Sud,STANDARD,,ACTIVE,2022-05-07,2024-09-21T11:50:09.286Z,2022-05-07T07:50:46.338Z,2024-09-21T11:50:09.286Z
8836,8502418211,Rougui,Kanouté,Rougui Kanouté,F,1985-12-22,+22223211894,rougui.kanouté586@gmail.com,2,Nouakchott-Ouest,OCCASIONAL,,PENDING_KYC,2022-01-14,2024-01-10T06:13:54.908Z,2022-01-14T16:58:38.790Z,2024-01-10T06:13:54.908Z
8837,0415154639,Noura,Thiaw,Noura Thiaw,F,2004-05-21,+22222633228,noura.thiaw906@gmail.com,15,Tiris Zemmour,STANDARD,,PENDING_KYC,2023-03-11,2023-06-14T04:22:46.850Z,2023-03-11T18:29:02.435Z,2023-06-14T04:22:46.850Z
8838,0409629066,Aissata,Camara,Aissata Camara,F,2004-10-17,+22234709038,aissata.camara271@outlook.com,9,Assaba,STANDARD,,ACTIVE,2022-02-14,2023-01-04T13:57:07.019Z,2022-02-14T11:27:07.447Z,2023-01-04T13:57:07.019Z
8839,8301030757,Yacine,Dia,Yacine Dia,F,1983-07-13,+22225415145,yacine.dia315@outlook.com,1,Nouakchott-Nord,PREMIUM,,ACTIVE,2024-10-02,2024-10-14T01:54:11.961Z,2024-10-02T10:33:00.686Z,2024-10-14T01:54:11.961Z
8840,7003161356,Moustapha,Gaye,Moustapha Gaye,M,1970-06-12,+22225270345,moustapha.gaye798@yahoo.fr,3,Nouakchott-Sud,STANDARD,,ACTIVE,2024-07-01,2024-11-05T01:58:37.163Z,2024-07-01T11:19:53.091Z,2024-11-05T01:58:37.163Z
8841,6804024789,Naima,Mint Ahmedou,Naima Mint Ahmedou,F,1968-02-27,+22224413965,naima.mintahmedou868@yahoo.fr,4,Dakhlet Nouadhibou,ACTIVE,,SUSPENDED,2024-05-07,2024-12-04T21:35:42.830Z,2024-05-07T12:59:23.261Z,2024-12-04T21:35:42.830Z
8842,0002812520,Boubacar,Dramé,Boubacar Dramé,M,2000-07-07,+22234956243,boubacar.dramé195@yahoo.fr,2,Nouakchott-Ouest,STANDARD,,ACTIVE,2024-09-16,2024-10-26T15:13:29.600Z,2024-09-16T18:23:10.363Z,2024-10-26T15:13:29.600Z
8843,7503326567,Youssouf,Fall,Youssouf Fall,M,1975-04-04,+22232000350,youssouf.fall35@outlook.com,3,Nouakchott-Sud,OCCASIONAL,,ACTIVE,2023-06-13,2024-12-11T01:51:41.815Z,2023-06-13T20:28:24.663Z,2024-12-11T01:51:41.815Z
8844,8209328620,Bakary,Soumaré,Bakary Soumaré,M,1982-11-05,+22225732459,bakary.soumaré155@yahoo.fr,9,Assaba,OCCASIONAL,,ACTIVE,2024-05-10,2024-11-13T21:42:44.882Z,2024-05-10T14:10:20.902Z,2024-11-13T21:42:44.882Z
8845,7701200120,Abeih,Thiam,Abeih Thiam,M,1977-09-16,+22243091186,,1,Nouakchott-Nord,ACTIVE,,ACTIVE,2024-06-20,2024-12-15T00:06:53.230Z,2024-06-20T16:33:14.788Z,2024-12-15T00:06:53.230Z
8846,9802615045,Cheikh,Bâ,Cheikh Bâ,M,1998-06-01,+22223652807,,2,Nouakchott-Ouest,PREMIUM,,SUSPENDED,2024-05-05,2024-05-11T12:42:17.694Z,2024-05-05T10:05:49.674Z,2024-05-11T12:42:17.694Z
8847,0404972095,Haby,Anne,Haby Anne,F,2004-05-23,+22235180825,haby.anne488@outlook.com,4,Dakhlet Nouadhibou,ACTIVE,,ACTIVE,2023-09-06,2024-01-26T02:47:07.474Z,2023-09-06T06:33:44.210Z,2024-01-26T02:47:07.474Z
8848,9801715607,Bilal,Sène,Bilal Sène,M,1998-05-27,+22237369572,,1,Nouakchott-Nord,ACTIVE,,ACTIVE,2023-07-13,2024-03-19T07:16:45.702Z,2023-07-13T04:38:03.716Z,2024-03-19T07:16:45.702Z
8849,8902278466,Jemila,Bathily,Jemila Bathily,F,1989-10-19,+22222478418,,2,Nouakchott-Ouest,OCCASIONAL,,ACTIVE,2022-04-18,2024-08-17T19:42:31.055Z,2022-04-18T02:23:39.592Z,2024-08-17T19:42:31.055Z
8850,9607663423,Mohamed Vall,Ould Vall,Mohamed Vall Ould Vall,M,1996-07-21,+22233735746,,7,Gorgol,OCCASIONAL,,BLOCKED,2023-02-07,2024-07-11T17:32:18.537Z,2023-02-07T05:25:18.573Z,2024-07-11T17:32:18.537Z
8851,7715038292,Meymouna,Doucouré,Meymouna Doucouré,F,1977-05-28,+22232126240,,15,Tiris Zemmour,OCCASIONAL,,ACTIVE,2022-06-18,2024-08-14T00:33:43.249Z,2022-06-18T01:35:25.816Z,2024-08-14T00:33:43.249Z
8852,8601380501,Mohamed Salem,Ould Isselmou,Mohamed Salem Ould Isselmou,M,1986-08-20,+22222440009,mohamedsalem.ouldisselmou347@outlook.com,1,Nouakchott-Nord,STANDARD,,ACTIVE,2024-04-14,2024-06-17T15:03:57.276Z,2024-04-14T12:22:44.834Z,2024-06-17T15:03:57.276Z
8853,9301421796,Lehbib,Ould El Mamy,Lehbib Ould El Mamy,M,1993-10-10,+22244032443,lehbib.ouldelmamy879@gmail.com,1,Nouakchott-Nord,ACTIVE,,ACTIVE,2023-03-26,2024-10-17T18:15:59.859Z,2023-03-26T17:59:15.544Z,2024-10-17T18:15:59.859Z
8854,9204677713,Makan,Sissoko,Makan Sissoko,M,1992-03-02,+22224949353,makan.sissoko973@gmail.com,4,Dakhlet Nouadhibou,ACTIVE,,ACTIVE,2022-07-12,2023-05-19T18:33:26.795Z,2022-07-12T00:02:01.688Z,2023-05-19T18:33:26.795Z
8855,8401865901,Ahmed,Ould El Mokhtar,Ahmed Ould El Mokhtar,M,1984-06-23,+22245266913,,1,Nouakchott-Nord,OCCASIONAL,,ACTIVE,2023-11-22,2024-04-19T22:05:10.304Z,2023-11-22T01:11:12.593Z,2024-04-19T22:05:10.304Z
8856,6102362819,Aïssata,Bâ,Aïssata Bâ,F,1961-08-11,+22232808529,,2,Nouakchott-Ouest,VIP,,ACTIVE,2023-04-29,2023-07-22T19:32:11.532Z,2023-04-29T13:24:13.424Z,2023-07-22T19:32:11.532Z
8857,7907204818,Taleb,Soumaré,Taleb Soumaré,M,1979-01-13,+22233017955,,7,Gorgol,STANDARD,,SUSPENDED,2023-02-17,2023-03-30T08:09:41.593Z,2023-02-17T16:44:11.965Z,2023-03-30T08:09:41.593Z
8858,0415127549,Rokaya,Sall,Rokaya Sall,F,2004-12-01,+22233301090,,15,Tiris Zemmour,OCCASIONAL,,ACTIVE,2023-10-10,2024-10-28T19:22:55.969Z,2023-10-10T13:03:44.195Z,2024-10-28T19:22:55.969Z
8859,6703316602,Sékou,Fofana,Sékou Fofana,M,1967-04-07,+22225191812,,3,Nouakchott-Sud,STANDARD,,ACTIVE,2022-03-14,2022-07-26T21:16:03.988Z,2022-03-14T05:11:42.516Z,2022-07-26T21:16:03.988Z
8860,7207205597,Isselmou,Camara,Isselmou Camara,M,1972-10-02,+22236599562,isselmou.camara999@hotmail.fr,7,Gorgol,STANDARD,,ACTIVE,2023-04-20,2024-04-06T15:57:01.507Z,2023-04-20T14:29:01.150Z,2024-04-06T15:57:01.507Z
8861,0109636230,Cheibany,Tall,Cheibany Tall,M,2001-11-06,+22223941662,cheibany.tall356@hotmail.fr,9,Assaba,STANDARD,,ACTIVE,2024-01-30,2024-08-10T06:55:18.309Z,2024-01-30T15:20:24.848Z,2024-08-10T06:55:18.309Z
8862,7703898877,Ahmed Salem,Sy,Ahmed Salem Sy,M,1977-02-10,+22234625769,,3,Nouakchott-Sud,PREMIUM,,ACTIVE,2022-01-11,2023-11-19T19:32:03.073Z,2022-01-11T17:01:33.463Z,2023-11-19T19:32:03.073Z
8863,7603507671,Saleck,Touré,Saleck Touré,M,1976-05-15,+22236850726,,3,Nouakchott-Sud,VIP,,ACTIVE,2024-11-20,2024-12-16T08:01:23.778Z,2024-11-20T21:16:18.677Z,2024-12-16T08:01:23.778Z
8864,0302029859,Zeinab,Thiam,Zeinab Thiam,F,2003-11-21,+22225163143,,2,Nouakchott-Ouest,STANDARD,,PENDING_KYC,2023-07-27,2024-01-12T03:08:35.919Z,2023-07-27T19:53:12.990Z,2024-01-12T03:08:35.919Z
8865,7509639234,Defa,Mint Ahmedou,Defa Mint Ahmedou,F,1975-04-12,+22236421054,defa.mintahmedou741@gmail.com,9,Assaba,OCCASIONAL,,ACTIVE,2023-09-22,2024-05-07T20:33:20.706Z,2023-09-22T23:35:06.674Z,2024-05-07T20:33:20.706Z
8866,6707248059,Saliou,Ly,Saliou Ly,M,1967-03-25,+22249373238,,7,Gorgol,ACTIVE,,ACTIVE,2022-08-02,2023-12-03T13:14:43.650Z,2022-08-02T21:10:44.552Z,2023-12-03T13:14:43.650Z
8867,9002520389,Noura,Mint Ahmedou,Noura Mint Ahmedou,F,1990-05-13,+22234034785,,2,Nouakchott-Ouest,ACTIVE,,ACTIVE,2022-07-13,2023-09-16T12:21:30.586Z,2022-07-13T15:43:13.323Z,2023-09-16T12:21:30.586Z
8868,7202202757,Cheikh Sidiya,Ould Hamoud,Cheikh Sidiya Ould Hamoud,M,1972-01-17,+22237469497,,2,Nouakchott-Ouest,DORMANT,,ACTIVE,2022-01-10,2023-02-19T20:45:20.249Z,2022-01-10T19:50:08.039Z,2023-02-19T20:45:20.249Z
8869,9304581033,Isselmou,Dramé,Isselmou Dramé,M,1993-10-22,+22245981833,,4,Dakhlet Nouadhibou,OCCASIONAL,,ACTIVE,2023-01-14,2023-09-08T00:15:09.136Z,2023-01-14T22:43:15.418Z,2023-09-08T00:15:09.136Z
8870,9112848250,Pathé,Faye,Pathé Faye,M,1991-03-11,+22224002512,,12,Adrar,STANDARD,,ACTIVE,2023-08-03,2024-01-20T14:58:49.693Z,2023-08-03T07:07:36.460Z,2024-01-20T14:58:49.693Z
8871,8503665519,Pape,Gaye,Pape Gaye,M,1985-05-10,+22235530397,,3,Nouakchott-Sud,OCCASIONAL,,ACTIVE,2023-01-30,2024-08-12T20:48:16.951Z,2023-01-30T18:00:52.616Z,2024-08-12T20:48:16.951Z
8872,6106441439,Siaka,Anne,Siaka Anne,M,1961-02-25,+22232556871,,6,Brakna,DORMANT,,ACTIVE,2024-06-07,2024-09-10T02:32:55.981Z,2024-06-07T02:24:17.701Z,2024-09-10T02:32:55.981Z
8873,9801140496,Karamoko,Faye,Karamoko Faye,M,1998-07-20,+22235012762,,1,Nouakchott-Nord,ACTIVE,,ACTIVE,2022-01-16,2022-01-27T03:51:51.657Z,2022-01-16T17:11:52.113Z,2022-01-27T03:51:51.657Z
8874,7802493610,Vadel,Ould Habiboullah,Vadel Ould Habiboullah,M,1978-05-12,+22225301268,,2,Nouakchott-Ouest,ACTIVE,,ACTIVE,2023-09-28,2024-11-29T04:03:41.268Z,2023-09-28T20:59:22.650Z,2024-11-29T04:03:41.268Z
8875,6102013575,Moulaye,Ould El Ghassem,Moulaye Ould El Ghassem,M,1961-04-25,+22232326629,,2,Nouakchott-Ouest,ACTIVE,,PENDING_KYC,2024-10-30,2024-11-29T12:01:25.067Z,2024-10-30T09:03:52.381Z,2024-11-29T12:01:25.067Z
8876,0211277684,Mbarka,Mint El Hacen,Mbarka Mint El Hacen,F,2002-04-05,+22236190971,mbarka.mintelhacen241@hotmail.fr,11,Hodh El Gharbi,STANDARD,,INACTIVE,2023-04-06,2023-10-19T01:13:23.811Z,2023-04-06T08:14:05.286Z,2023-10-19T01:13:23.811Z
8877,9103281734,Mamadou,Sy,Mamadou Sy,M,1991-10-05,+22234986745,,3,Nouakchott-Sud,ACTIVE,,ACTIVE,2024-08-14,2024-12-19T15:02:31.413Z,2024-08-14T19:33:32.500Z,2024-12-19T15:02:31.413Z
8878,7203122760,Lala,Mbow,Lala Mbow,F,1972-09-27,+22225320435,,3,Nouakchott-Sud,STANDARD,,ACTIVE,2023-05-08,2023-08-27T16:05:09.708Z,2023-05-08T15:51:04.898Z,2023-08-27T16:05:09.708Z
8879,7603466169,Anta,Thiam,Anta Thiam,F,1976-05-05,+22248450780,,3,Nouakchott-Sud,OCCASIONAL,,SUSPENDED,2023-09-16,2024-05-13T12:38:15.566Z,2023-09-16T17:32:10.750Z,2024-05-13T12:38:15.566Z
8880,0502466597,Mbarka,Mint Wedadi,Mbarka Mint Wedadi,F,2005-02-26,+22245914070,,2,Nouakchott-Ouest,OCCASIONAL,,ACTIVE,2023-08-30,2024-10-28T23:53:21.785Z,2023-08-30T07:14:18.087Z,2024-10-28T23:53:21.785Z
8881,8201595909,Dah,Ould Khatri,Dah Ould Khatri,M,1982-05-06,+22222820219,dah.ouldkhatri234@outlook.com,1,Nouakchott-Nord,STANDARD,,ACTIVE,2023-10-28,2024-08-16T19:02:08.738Z,2023-10-28T21:21:29.577Z,2024-08-16T19:02:08.738Z
8882,7607210272,Moustapha,Ould Abeih,Moustapha Ould Abeih,M,1976-07-21,+22232814956,moustapha.ouldabeih683@hotmail.fr,7,Gorgol,DORMANT,,ACTIVE,2024-01-04,2024-02-16T00:28:38.922Z,2024-01-04T20:21:52.858Z,2024-02-16T00:28:38.922Z
8883,0102218150,Saadbouh,Diallo,Saadbouh Diallo,M,2001-08-19,+22234051038,,2,Nouakchott-Ouest,OCCASIONAL,,ACTIVE,2023-02-01,2024-03-30T09:01:19.578Z,2023-02-01T05:06:07.924Z,2024-03-30T09:01:19.578Z
8884,7301584581,Khadija,Bah,Khadija Bah,F,1973-10-22,+22223274980,,1,Nouakchott-Nord,ACTIVE,,ACTIVE,2022-03-25,2022-06-23T01:13:43.206Z,2022-03-25T18:12:30.592Z,2022-06-23T01:13:43.206Z
8885,6401022678,Mahmoud,Ould Hadrami,Mahmoud Ould Hadrami,M,1964-08-17,+22237049373,mahmoud.ouldhadrami172@outlook.com,1,Nouakchott-Nord,STANDARD,,ACTIVE,2023-05-20,2023-05-26T20:19:50.370Z,2023-05-20T21:25:43.386Z,2023-05-26T20:19:50.370Z
8886,7002500521,Mohamed,Ould Khatri,Mohamed Ould Khatri,M,1970-06-03,+22225550762,mohamed.ouldkhatri943@outlook.com,2,Nouakchott-Ouest,OCCASIONAL,,ACTIVE,2024-09-28,2024-10-23T04:13:30.661Z,2024-09-28T10:42:05.611Z,2024-10-23T04:13:30.661Z
8887,6204688644,Moustapha,Sissoko,Moustapha Sissoko,M,1962-07-11,+22237641882,,4,Dakhlet Nouadhibou,OCCASIONAL,,ACTIVE,2023-08-22,2023-11-05T08:27:51.985Z,2023-08-22T07:52:03.685Z,2023-11-05T08:27:51.985Z
8888,7604579738,Meymouna,Mint Horma,Meymouna Mint Horma,F,1976-01-23,+22242430742,,4,Dakhlet Nouadhibou,PREMIUM,,ACTIVE,2023-12-21,2024-07-22T02:06:55.360Z,2023-12-21T11:42:46.651Z,2024-07-22T02:06:55.360Z
8889,8102034132,Hacen,Ould Soufi,Hacen Ould Soufi,M,1981-08-13,+22223759101,hacen.ouldsoufi281@yahoo.fr,2,Nouakchott-Ouest,STANDARD,,ACTIVE,2024-09-21,2024-12-20T11:47:40.871Z,2024-09-21T01:52:58.227Z,2024-12-20T11:47:40.871Z
8890,6212205547,Sékou,Cissé,Sékou Cissé,M,1962-12-11,+22223921466,sékou.cissé666@outlook.com,12,Adrar,STANDARD,,ACTIVE,2022-03-04,2022-08-04T08:48:12.827Z,2022-03-04T00:11:45.880Z,2022-08-04T08:48:12.827Z
8891,6103745916,Mahfoudh,Bah,Mahfoudh Bah,M,1961-11-07,+22244247721,,3,Nouakchott-Sud,ACTIVE,,ACTIVE,2023-10-19,2024-02-29T18:54:40.006Z,2023-10-19T03:41:03.463Z,2024-02-29T18:54:40.006Z
8892,9303537910,Rokaya,Mint Vall,Rokaya Mint Vall,F,1993-02-15,+22247282326,,3,Nouakchott-Sud,DORMANT,,ACTIVE,2024-10-08,2024-10-15T02:15:45.842Z,2024-10-08T22:39:08.467Z,2024-10-15T02:15:45.842Z
8893,8702623604,Yacouba,Fall,Yacouba Fall,M,1987-05-28,+22248186356,,2,Nouakchott-Ouest,STANDARD,,INACTIVE,2023-01-08,2024-11-14T01:17:12.540Z,2023-01-08T17:02:39.127Z,2024-11-14T01:17:12.540Z
8894,0401264399,Mahamadou,Anne,Mahamadou Anne,M,2004-05-05,+22222502357,mahamadou.anne734@gmail.com,1,Nouakchott-Nord,STANDARD,,ACTIVE,2023-03-01,2023-05-02T22:22:20.459Z,2023-03-01T08:12:10.834Z,2023-05-02T22:22:20.459Z
8895,7702149156,Seynabou,Fall,Seynabou Fall,F,1977-08-14,+22222978864,seynabou.fall895@outlook.com,2,Nouakchott-Ouest,STANDARD,,ACTIVE,2023-03-11,2024-09-08T14:03:37.429Z,2023-03-11T14:12:41.854Z,2024-09-08T14:03:37.429Z
8896,9401089887,Mariama,Sy,Mariama Sy,F,1994-06-03,+22225589680,,1,Nouakchott-Nord,STANDARD,,ACTIVE,2022-09-26,2023-05-23T08:41:51.289Z,2022-09-26T11:11:39.872Z,2023-05-23T08:41:51.289Z
8897,6715041048,Wedadi,Ould Isselmou,Wedadi Ould Isselmou,M,1967-09-19,+22222147381,,15,Tiris Zemmour,STANDARD,,ACTIVE,2022-04-23,2024-02-06T00:15:13.477Z,2022-04-23T11:16:20.228Z,2024-02-06T00:15:13.477Z
8898,9604754139,Limam,Thiam,Limam Thiam,M,1996-07-22,+22225389950,limam.thiam83@gmail.com,4,Dakhlet Nouadhibou,ACTIVE,,ACTIVE,2022-01-09,2023-08-15T07:54:40.901Z,2022-01-09T12:18:24.713Z,2023-08-15T07:54:40.901Z
8899,8301284624,Hamadi,Ould Vadel,Hamadi Ould Vadel,M,1983-06-10,+22222307062,,1,Nouakchott-Nord,OCCASIONAL,,ACTIVE,2024-01-15,2024-08-20T10:52:20.928Z,2024-01-15T14:10:11.762Z,2024-08-20T10:52:20.928Z
8900,7806713686,Mariama,Diop,Mariama Diop,F,1978-07-28,+22248234461,,6,Brakna,PREMIUM,,ACTIVE,2023-06-29,2023-07-12T12:32:42.153Z,2023-06-29T06:23:37.629Z,2023-07-12T12:32:42.153Z
8901,8501110354,Malouma,Mint Ethmane,Malouma Mint Ethmane,F,1985-09-18,+22235571595,,1,Nouakchott-Nord,OCCASIONAL,,ACTIVE,2024-08-09,2024-12-16T03:47:42.917Z,2024-08-09T00:16:14.563Z,2024-12-16T03:47:42.917Z
8902,7603872272,Nouhoum,Sarr,Nouhoum Sarr,M,1976-10-04,+22225184910,nouhoum.sarr674@yahoo.fr,3,Nouakchott-Sud,STANDARD,,ACTIVE,2023-07-17,2023-11-23T11:09:09.723Z,2023-07-17T14:42:53.236Z,2023-11-23T11:09:09.723Z
8903,9409287166,Mokhtar,Fofana,Mokhtar Fofana,M,1994-11-26,+22222377610,,9,Assaba,ACTIVE,,ACTIVE,2022-02-13,2024-11-03T09:44:26.627Z,2022-02-13T19:01:24.816Z,2024-11-03T09:44:26.627Z
8904,8302028429,Yacine,Tall,Yacine Tall,F,1983-08-13,+22223572991,,2,Nouakchott-Ouest,STANDARD,,ACTIVE,2023-01-01,2023-07-20T08:56:09.676Z,2023-01-01T12:41:23.111Z,2023-07-20T08:56:09.676Z
8905,8301817794,Yacine,Kouyaté,Yacine Kouyaté,F,1983-07-15,+22248482913,,1,Nouakchott-Nord,ACTIVE,,ACTIVE,2023-01-12,2023-09-03T14:48:11.091Z,2023-01-12T03:30:33.935Z,2023-09-03T14:48:11.091Z
8906,7005949969,Oumar,Bâ,Oumar Bâ,M,1970-12-12,+22242959978,,5,Trarza,ACTIVE,,ACTIVE,2024-07-28,2024-11-24T09:52:03.856Z,2024-07-28T00:39:32.497Z,2024-11-24T09:52:03.856Z
8907,0409849486,Mouna,Mint Dah,Mouna Mint Dah,F,2004-06-11,+22224501814,,9,Assaba,STANDARD,,ACTIVE,2024-08-07,2024-10-09T17:26:39.696Z,2024-08-07T14:13:48.978Z,2024-10-09T17:26:39.696Z
8908,6911206230,Seynabou,Bah,Seynabou Bah,F,1969-07-20,+22236643205,seynabou.bah809@outlook.com,11,Hodh El Gharbi,OCCASIONAL,,ACTIVE,2023-03-05,2024-04-20T02:31:46.826Z,2023-03-05T11:39:15.784Z,2024-04-20T02:31:46.826Z
8909,8504806450,Mahjouba,Thiam,Mahjouba Thiam,F,1985-07-24,+22233452030,,4,Dakhlet Nouadhibou,OCCASIONAL,,ACTIVE,2022-03-15,2023-10-08T12:45:15.831Z,2022-03-15T19:11:01.393Z,2023-10-08T12:45:15.831Z
8910,6715396861,Yacine,Diallo,Yacine Diallo,F,1967-06-03,+22224860089,,15,Tiris Zemmour,ACTIVE,,ACTIVE,2024-07-06,2024-10-31T22:03:50.401Z,2024-07-06T09:16:30.155Z,2024-10-31T22:03:50.401Z
8911,6902632637,Jiddou,Ould Ethmane,Jiddou Ould Ethmane,M,1969-05-11,+22225664392,jiddou.ouldethmane574@outlook.com,2,Nouakchott-Ouest,STANDARD,,ACTIVE,2024-07-06,2024-07-22T07:58:30.641Z,2024-07-06T02:01:46.608Z,2024-07-22T07:58:30.641Z
8912,9702593555,Vatma,Bâ,Vatma Bâ,F,1997-01-10,+22236508778,,2,Nouakchott-Ouest,PREMIUM,,ACTIVE,2023-11-17,2024-11-10T15:49:05.839Z,2023-11-17T18:10:35.662Z,2024-11-10T15:49:05.839Z
8913,9306527787,Isselmou,Ould Ahmed,Isselmou Ould Ahmed,M,1993-01-02,+22235732976,isselmou.ouldahmed959@yahoo.fr,6,Brakna,OCCASIONAL,,PENDING_KYC,2022-07-25,2023-08-24T10:28:01.961Z,2022-07-25T22:53:18.293Z,2023-08-24T10:28:01.961Z
8914,8605232253,Aicha,Mbow,Aicha Mbow,F,1986-09-01,+22223667978,aicha.mbow939@hotmail.fr,5,Trarza,DORMANT,,ACTIVE,2024-08-16,2024-12-08T13:10:29.205Z,2024-08-16T22:52:06.081Z,2024-12-08T13:10:29.205Z
8915,9801366520,Mody,Baldé,Mody Baldé,M,1998-06-21,+22241762933,mody.baldé53@hotmail.fr,1,Nouakchott-Nord,STANDARD,,ACTIVE,2022-07-13,2024-11-23T03:25:56.171Z,2022-07-13T20:17:50.704Z,2024-11-23T03:25:56.171Z
8916,6601968062,Cheikhna,Ould Khalil,Cheikhna Ould Khalil,M,1966-12-04,+22246285536,cheikhna.ouldkhalil142@yahoo.fr,1,Nouakchott-Nord,STANDARD,,ACTIVE,2024-06-11,2024-12-07T10:16:12.189Z,2024-06-11T12:26:20.869Z,2024-12-07T10:16:12.189Z
8917,9102190147,Aïssata,Thiam,Aïssata Thiam,F,1991-11-05,+22237341857,,2,Nouakchott-Ouest,STANDARD,,ACTIVE,2024-06-18,2024-09-19T00:20:45.107Z,2024-06-18T18:36:04.380Z,2024-09-19T00:20:45.107Z
8918,6806643306,Maguette,Bâ,Maguette Bâ,F,1968-11-04,+22222709582,maguette.bâ709@hotmail.fr,6,Brakna,STANDARD,,ACTIVE,2023-07-05,2024-12-06T00:38:55.364Z,2023-07-05T03:59:50.120Z,2024-12-06T00:38:55.364Z
8919,9202566516,El Hadji,Niang,El Hadji Niang,M,1992-11-09,+22237565206,,2,Nouakchott-Ouest,PREMIUM,,ACTIVE,2024-11-16,2024-12-30T01:07:51.527Z,2024-11-16T18:23:03.794Z,2024-12-30T01:07:51.527Z
8920,8003117459,Mohamed Vall,Ould Taleb,Mohamed Vall Ould Taleb,M,1980-07-27,+22233627183,,3,Nouakchott-Sud,STANDARD,,ACTIVE,2023-03-04,2023-04-03T02:37:16.754Z,2023-03-04T23:58:53.388Z,2023-04-03T02:37:16.754Z
8921,7201871590,Salem,Ould Eleya,Salem Ould Eleya,M,1972-05-28,+22237909810,,1,Nouakchott-Nord,STANDARD,,INACTIVE,2022-12-18,2023-07-24T13:04:46.336Z,2022-12-18T00:19:21.014Z,2023-07-24T13:04:46.336Z
8922,7715646444,Souleymane,Thiam,Souleymane Thiam,M,1977-07-21,+22242280287,,15,Tiris Zemmour,OCCASIONAL,,ACTIVE,2022-03-11,2022-07-14T07:41:54.805Z,2022-03-11T01:01:02.961Z,2022-07-14T07:41:54.805Z
8923,8407040081,Madou,Mbaye,Madou Mbaye,M,1984-06-27,+22223381273,madou.mbaye952@gmail.com,7,Gorgol,OCCASIONAL,,ACTIVE,2022-05-26,2022-05-30T17:42:03.277Z,2022-05-26T12:45:44.521Z,2022-05-30T17:42:03.277Z
8924,7603527707,Haby,Diarra,Haby Diarra,F,1976-07-11,+22223465928,,3,Nouakchott-Sud,STANDARD,,ACTIVE,2024-10-18,2024-12-16T12:49:31.192Z,2024-10-18T11:36:40.963Z,2024-12-16T12:49:31.192Z
8925,9301994959,Mohamed Salem,Ould Cheikh,Mohamed Salem Ould Cheikh,M,1993-06-21,+22225614627,,1,Nouakchott-Nord,STANDARD,,INACTIVE,2023-03-07,2023-04-14T13:27:03.745Z,2023-03-07T06:43:50.381Z,2023-04-14T13:27:03.745Z
8926,6603469228,Mahfoudh,Kanouté,Mahfoudh Kanouté,M,1966-12-05,+22223269681,,3,Nouakchott-Sud,STANDARD,,ACTIVE,2022-11-29,2023-04-06T16:52:50.211Z,2022-11-29T08:38:49.944Z,2023-04-06T16:52:50.211Z
8927,8305792846,Noura,Mint Hadrami,Noura Mint Hadrami,F,1983-12-26,+22225132135,,5,Trarza,OCCASIONAL,,ACTIVE,2024-09-18,2024-12-22T07:52:40.900Z,2024-09-18T08:45:47.730Z,2024-12-22T07:52:40.900Z
8928,6102913608,Habiba,Mint Bouha,Habiba Mint Bouha,F,1961-11-23,+22225506814,,2,Nouakchott-Ouest,STANDARD,,ACTIVE,2024-09-05,2024-11-15T23:14:02.009Z,2024-09-05T22:41:51.219Z,2024-11-15T23:14:02.009Z
8929,9802152872,Dah,Faye,Dah Faye,M,1998-08-25,+22222594048,dah.faye604@yahoo.fr,2,Nouakchott-Ouest,PREMIUM,,ACTIVE,2024-05-15,2024-11-14T09:27:26.408Z,2024-05-15T11:56:06.654Z,2024-11-14T09:27:26.408Z
8930,9601820905,Haby,Mbow,Haby Mbow,F,1996-02-14,+22237548201,,1,Nouakchott-Nord,STANDARD,,ACTIVE,2022-10-17,2024-05-09T10:08:49.736Z,2022-10-17T00:14:01.410Z,2024-05-09T10:08:49.736Z
8931,8801729364,Cheikh,Dramé,Cheikh Dramé,M,1988-08-03,+22222458503,cheikh.dramé47@hotmail.fr,1,Nouakchott-Nord,DORMANT,,ACTIVE,2024-02-24,2024-08-16T12:09:22.291Z,2024-02-24T06:05:34.781Z,2024-08-16T12:09:22.291Z
8932,0515643509,Soumaïla,Kane,Soumaïla Kane,M,2005-09-04,+22247079885,soumaïla.kane255@outlook.com,15,Tiris Zemmour,OCCASIONAL,,ACTIVE,2024-01-31,2024-12-28T03:26:06.550Z,2024-01-31T09:40:47.152Z,2024-12-28T03:26:06.550Z
8933,0002728829,Rokhaya,Sarr,Rokhaya Sarr,F,2000-12-01,+22233681532,,2,Nouakchott-Ouest,OCCASIONAL,,ACTIVE,2022-09-06,2024-12-01T10:36:09.740Z,2022-09-06T22:44:43.372Z,2024-12-01T10:36:09.740Z
8934,0202946474,Lehbib,Kane,Lehbib Kane,M,2002-02-03,+22223923320,,2,Nouakchott-Ouest,OCCASIONAL,,ACTIVE,2022-03-22,2022-09-19T23:35:55.739Z,2022-03-22T15:28:33.085Z,2022-09-19T23:35:55.739Z
8935,8605304253,Mbareck,Diakité,Mbareck Diakité,M,1986-08-11,+22236370979,,5,Trarza,DORMANT,,ACTIVE,2023-12-25,2024-11-06T05:20:29.802Z,2023-12-25T00:46:42.325Z,2024-11-06T05:20:29.802Z
8936,6403373444,Hafsata,Mint Horma,Hafsata Mint Horma,F,1964-03-19,+22247407114,,3,Nouakchott-Sud,DORMANT,,ACTIVE,2024-05-05,2024-11-18T22:09:41.042Z,2024-05-05T07:19:05.953Z,2024-11-18T22:09:41.042Z
8937,6702271487,Anta,Sène,Anta Sène,F,1967-07-01,+22224935626,,2,Nouakchott-Ouest,OCCASIONAL,,ACTIVE,2024-06-18,2024-09-22T05:41:21.445Z,2024-06-18T06:54:37.135Z,2024-09-22T05:41:21.445Z
8938,9203810890,Noura,Barry,Noura Barry,F,1992-02-20,+22224582357,,3,Nouakchott-Sud,OCCASIONAL,,ACTIVE,2024-09-16,2024-11-30T10:26:51.348Z,2024-09-16T11:04:44.072Z,2024-11-30T10:26:51.348Z
8939,7914004421,Halima,Sall,Halima Sall,F,1979-07-04,+22222432239,halima.sall103@yahoo.fr,14,Inchiri,STANDARD,,ACTIVE,2022-06-13,2024-12-16T13:05:38.701Z,2022-06-13T06:25:09.916Z,2024-12-16T13:05:38.701Z
8940,0103333429,Abdellahi,Ndour,Abdellahi Ndour,M,2001-01-28,+22223611788,abdellahi.ndour678@outlook.com,3,Nouakchott-Sud,DORMANT,,ACTIVE,2022-03-27,2022-10-19T19:24:22.950Z,2022-03-27T11:40:28.218Z,2022-10-19T19:24:22.950Z
8941,9702660763,Vadel,Sissoko,Vadel Sissoko,M,1997-01-17,+22232562329,,2,Nouakchott-Ouest,STANDARD,,ACTIVE,2022-06-07,2023-01-07T16:59:23.985Z,2022-06-07T09:50:11.283Z,2023-01-07T16:59:23.985Z
8942,6301022509,Ndèye,Sow,Ndèye Sow,F,1963-07-04,+22241998310,ndèye.sow306@outlook.com,1,Nouakchott-Nord,STANDARD,,ACTIVE,2023-03-15,2024-06-18T13:56:09.609Z,2023-03-15T05:01:53.294Z,2024-06-18T13:56:09.609Z
8943,9102095859,Moustapha,Fall,Moustapha Fall,M,1991-01-11,+22246860789,moustapha.fall340@gmail.com,2,Nouakchott-Ouest,STANDARD,,ACTIVE,2023-08-08,2024-01-09T12:55:35.222Z,2023-08-08T09:29:52.374Z,2024-01-09T12:55:35.222Z
8944,0504033117,Koumba,Wade,Koumba Wade,F,2005-02-24,+22223589968,koumba.wade153@yahoo.fr,4,Dakhlet Nouadhibou,STANDARD,,ACTIVE,2024-04-02,2024-10-12T13:16:42.311Z,2024-04-02T07:39:16.823Z,2024-10-12T13:16:42.311Z
8945,7215127533,Zahra,Mint Hamoud,Zahra Mint Hamoud,F,1972-08-09,+22245163335,,15,Tiris Zemmour,PREMIUM,,ACTIVE,2024-04-06,2024-08-07T10:04:49.932Z,2024-04-06T03:01:15.681Z,2024-08-07T10:04:49.932Z
8946,8002192350,Aicha,Bâ,Aicha Bâ,F,1980-01-23,+22236030579,aicha.bâ76@outlook.com,2,Nouakchott-Ouest,ACTIVE,,ACTIVE,2022-01-13,2022-06-28T16:11:17.859Z,2022-01-13T16:25:54.466Z,2022-06-28T16:11:17.859Z
8947,7615278501,Idrissa,Fall,Idrissa Fall,M,1976-09-02,+22223162329,,15,Tiris Zemmour,ACTIVE,,ACTIVE,2022-11-12,2023-05-03T23:50:37.792Z,2022-11-12T17:49:33.202Z,2023-05-03T23:50:37.792Z
8948,9315514121,Saad,Ould El Mamy,Saad Ould El Mamy,M,1993-11-19,+22225114988,,15,Tiris Zemmour,STANDARD,,ACTIVE,2022-11-14,2023-05-22T09:17:54.144Z,2022-11-14T18:52:07.040Z,2023-05-22T09:17:54.144Z
8949,0410660850,Khadijetou,Kane,Khadijetou Kane,F,2004-05-19,+22235127119,khadijetou.kane784@gmail.com,10,Hodh Ech Chargui,OCCASIONAL,,ACTIVE,2024-04-27,2024-05-01T03:13:15.174Z,2024-04-27T16:41:06.317Z,2024-05-01T03:13:15.174Z
8950,6402140311,Saadbouh,Ould Hamadi,Saadbouh Ould Hamadi,M,1964-12-23,+22225256363,saadbouh.ouldhamadi756@hotmail.fr,2,Nouakchott-Ouest,DORMANT,,ACTIVE,2022-03-15,2023-06-12T09:10:15.057Z,2022-03-15T06:37:04.724Z,2023-06-12T09:10:15.057Z
8951,6305225890,Maguette,Diagana,Maguette Diagana,F,1963-07-10,+22225631211,,5,Trarza,OCCASIONAL,,ACTIVE,2023-04-14,2024-11-05T16:17:49.395Z,2023-04-14T04:50:23.899Z,2024-11-05T16:17:49.395Z
8952,7301538759,Bakary,Niang,Bakary Niang,M,1973-02-24,+22223445036,,1,Nouakchott-Nord,STANDARD,,ACTIVE,2024-10-15,2024-11-18T12:04:22.728Z,2024-10-15T11:55:34.278Z,2024-11-18T12:04:22.728Z
8953,9006465471,Rougui,Soumaré,Rougui Soumaré,F,1990-04-06,+22225327261,,6,Brakna,DORMANT,,ACTIVE,2023-03-26,2024-01-15T16:39:12.160Z,2023-03-26T08:53:57.623Z,2024-01-15T16:39:12.160Z
8954,0202894274,Lassana,Thiaw,Lassana Thiaw,M,2002-11-15,+22222439142,lassana.thiaw185@yahoo.fr,2,Nouakchott-Ouest,OCCASIONAL,,ACTIVE,2024-03-16,2024-08-11T19:46:57.189Z,2024-03-16T04:59:54.041Z,2024-08-11T19:46:57.189Z
8955,0202301109,Aicha,Diop,Aicha Diop,F,2002-10-17,+22237750104,aicha.diop660@outlook.com,2,Nouakchott-Ouest,STANDARD,,ACTIVE,2024-09-29,2024-10-16T23:03:16.727Z,2024-09-29T13:05:35.587Z,2024-10-16T23:03:16.727Z
8956,9302850399,Mahmoud,Diallo,Mahmoud Diallo,M,1993-04-20,+22223580011,mahmoud.diallo695@gmail.com,2,Nouakchott-Ouest,STANDARD,,PENDING_KYC,2024-11-13,2024-12-27T20:07:43.419Z,2024-11-13T08:34:37.398Z,2024-12-27T20:07:43.419Z
8957,9015126868,Djenaba,Soumaré,Djenaba Soumaré,F,1990-09-06,+22247880995,djenaba.soumaré499@outlook.com,15,Tiris Zemmour,OCCASIONAL,,INACTIVE,2022-09-03,2024-07-20T15:20:08.230Z,2022-09-03T01:38:39.237Z,2024-07-20T15:20:08.230Z
8958,7102938112,Tourad,Ould Bouha,Tourad Ould Bouha,M,1971-11-10,+22224786867,tourad.ouldbouha416@outlook.com,2,Nouakchott-Ouest,STANDARD,,BLOCKED,2024-01-15,2024-01-17T15:14:08.280Z,2024-01-15T12:05:45.625Z,2024-01-17T15:14:08.280Z
8959,9109520095,Mariama,Ba,Mariama Ba,F,1991-01-24,+22233730744,,9,Assaba,STANDARD,,ACTIVE,2024-02-03,2024-04-20T21:40:15.974Z,2024-02-03T22:49:19.141Z,2024-04-20T21:40:15.974Z
8960,7302348322,Soueidatt,Dramé,Soueidatt Dramé,M,1973-09-10,+22222120137,,2,Nouakchott-Ouest,ACTIVE,,PENDING_KYC,2022-07-26,2024-02-11T09:13:01.005Z,2022-07-26T01:03:45.331Z,2024-02-11T09:13:01.005Z
8961,6602737618,Mahjouba,Mint Maloum,Mahjouba Mint Maloum,F,1966-09-17,+22224305532,,2,Nouakchott-Ouest,DORMANT,,ACTIVE,2024-06-08,2024-08-23T22:37:32.972Z,2024-06-08T01:05:31.262Z,2024-08-23T22:37:32.972Z
8962,8404635741,N'Dèye,Thiam,N'Dèye Thiam,F,1984-05-28,+22222526479,,4,Dakhlet Nouadhibou,OCCASIONAL,,ACTIVE,2023-04-09,2024-07-29T13:17:22.462Z,2023-04-09T10:41:58.511Z,2024-07-29T13:17:22.462Z
8963,6502191475,Abdel Rahman,Ould Nenni,Abdel Rahman Ould Nenni,M,1965-11-11,+22223483107,,2,Nouakchott-Ouest,VIP,,ACTIVE,2023-11-02,2024-01-22T07:28:51.409Z,2023-11-02T10:43:41.158Z,2024-01-22T07:28:51.409Z
8964,0213122449,Koumba,Fall,Koumba Fall,F,2002-09-05,+22235291574,,13,Tagant,STANDARD,,ACTIVE,2023-05-04,2024-10-11T05:08:05.701Z,2023-05-04T00:13:38.334Z,2024-10-11T05:08:05.701Z
8965,0401191871,Pape,Diop,Pape Diop,M,2004-03-04,+22232196400,pape.diop364@hotmail.fr,1,Nouakchott-Nord,OCCASIONAL,,ACTIVE,2022-12-11,2024-07-20T04:49:07.437Z,2022-12-11T09:30:48.909Z,2024-07-20T04:49:07.437Z
8966,9501535109,Sakouba,Sy,Sakouba Sy,M,1995-05-12,+22233152052,,1,Nouakchott-Nord,OCCASIONAL,,SUSPENDED,2022-09-18,2023-06-27T07:01:19.015Z,2022-09-18T01:11:52.796Z,2023-06-27T07:01:19.015Z
8967,6502503775,Codou,Bâ,Codou Bâ,F,1965-01-10,+22247669244,,2,Nouakchott-Ouest,STANDARD,,ACTIVE,2022-12-05,2023-12-08T21:14:04.086Z,2022-12-05T14:58:15.173Z,2023-12-08T21:14:04.086Z
8968,9001357342,Mouna,Mint Isselmou,Mouna Mint Isselmou,F,1990-01-01,+22233622288,mouna.mintisselmou710@yahoo.fr,1,Nouakchott-Nord,OCCASIONAL,,ACTIVE,2023-10-05,2023-11-18T12:34:33.483Z,2023-10-05T05:56:08.046Z,2023-11-18T12:34:33.483Z
8969,7304967714,Oumou,Tall,Oumou Tall,F,1973-11-23,+22224097871,oumou.tall546@yahoo.fr,4,Dakhlet Nouadhibou,ACTIVE,,ACTIVE,2022-12-04,2024-07-28T22:36:11.114Z,2022-12-04T19:49:37.202Z,2024-07-28T22:36:11.114Z
8970,8301154732,Yacine,Dia,Yacine Dia,F,1983-07-13,+22241852913,,1,Nouakchott-Nord,OCCASIONAL,,ACTIVE,2022-08-16,2024-02-10T19:19:40.671Z,2022-08-16T10:04:50.467Z,2024-02-10T19:19:40.671Z
8971,8109962319,Bocar,Dramé,Bocar Dramé,M,1981-02-04,+22223798571,bocar.dramé665@gmail.com,9,Assaba,OCCASIONAL,,ACTIVE,2022-08-07,2023-11-29T12:46:31.149Z,2022-08-07T17:53:32.122Z,2023-11-29T12:46:31.149Z
8972,0108928097,Sidina,Ould Ahmedou,Sidina Ould Ahmedou,M,2001-01-08,+22222081663,,8,Guidimaka,ACTIVE,,ACTIVE,2023-05-23,2023-12-06T10:30:23.005Z,2023-05-23T08:50:22.270Z,2023-12-06T10:30:23.005Z
8973,9606608353,Sidi,Gaye,Sidi Gaye,M,1996-01-24,+22232454242,,6,Brakna,OCCASIONAL,,INACTIVE,2022-09-27,2023-08-22T21:31:50.120Z,2022-09-27T14:52:39.266Z,2023-08-22T21:31:50.120Z
8974,9915827674,Lemrabott,Ould Ahmedou,Lemrabott Ould Ahmedou,M,1999-11-04,+22222285584,lemrabott.ouldahmedou698@yahoo.fr,15,Tiris Zemmour,STANDARD,,ACTIVE,2024-11-22,2024-12-27T23:57:36.823Z,2024-11-22T11:13:10.937Z,2024-12-27T23:57:36.823Z
8975,0104328626,Ndèye,Doucouré,Ndèye Doucouré,F,2001-02-25,+22224740993,,4,Dakhlet Nouadhibou,ACTIVE,,ACTIVE,2022-06-24,2024-05-24T19:46:18.536Z,2022-06-24T22:20:46.674Z,2024-05-24T19:46:18.536Z
8976,0202901105,Sadio,Bâ,Sadio Bâ,M,2002-03-27,+22241946018,sadio.bâ179@outlook.com,2,Nouakchott-Ouest,PREMIUM,,PENDING_KYC,2022-06-23,2022-07-03T07:18:54.848Z,2022-06-23T04:51:49.838Z,2022-07-03T07:18:54.848Z
8977,0301239772,Mohamed Vall,Ould Ahmed,Mohamed Vall Ould Ahmed,M,2003-03-21,+22223475903,mohamedvall.ouldahmed790@gmail.com,1,Nouakchott-Nord,STANDARD,,ACTIVE,2022-08-02,2023-04-08T15:28:00.336Z,2022-08-02T05:25:26.723Z,2023-04-08T15:28:00.336Z
8978,7213581456,Yacoub,Ould Wedadi,Yacoub Ould Wedadi,M,1972-08-05,+22222406836,yacoub.ouldwedadi781@outlook.com,13,Tagant,STANDARD,,ACTIVE,2022-03-28,2024-03-08T09:26:33.110Z,2022-03-28T10:57:18.989Z,2024-03-08T09:26:33.110Z
8979,8214545133,Zeinab,Mint Limam,Zeinab Mint Limam,F,1982-01-19,+22241139245,zeinab.mintlimam534@hotmail.fr,14,Inchiri,OCCASIONAL,,ACTIVE,2024-04-27,2024-07-15T04:54:13.463Z,2024-04-27T14:09:10.751Z,2024-07-15T04:54:13.463Z
8980,9602465923,Fatou,Fall,Fatou Fall,F,1996-10-03,+22235061676,,2,Nouakchott-Ouest,ACTIVE,,BLOCKED,2024-12-05,2024-12-15T00:45:19.311Z,2024-12-05T04:03:09.007Z,2024-12-15T00:45:19.311Z
8981,9915538662,Noura,Mint El Hacen,Noura Mint El Hacen,F,1999-09-03,+22222134540,,15,Tiris Zemmour,OCCASIONAL,,ACTIVE,2022-07-04,2024-08-10T06:20:47.696Z,2022-07-04T01:29:44.454Z,2024-08-10T06:20:47.696Z
8982,7101347058,Mohamed Mahmoud,Ould Sidi,Mohamed Mahmoud Ould Sidi,M,1971-06-01,+22224319032,mohamedmahmoud.ouldsidi306@gmail.com,1,Nouakchott-Nord,OCCASIONAL,,ACTIVE,2024-02-27,2024-09-16T20:09:11.921Z,2024-02-27T09:53:40.958Z,2024-09-16T20:09:11.921Z
8983,7202545128,Awa,Tall,Awa Tall,F,1972-03-01,+22235022187,awa.tall927@outlook.com,2,Nouakchott-Ouest,PREMIUM,,ACTIVE,2022-06-08,2023-07-28T11:01:18.208Z,2022-06-08T17:40:31.146Z,2023-07-28T11:01:18.208Z
8984,9703695492,Idrissa,Ba,Idrissa Ba,M,1997-05-07,+22236745423,idrissa.ba328@outlook.com,3,Nouakchott-Sud,OCCASIONAL,,ACTIVE,2022-03-25,2022-12-28T15:20:52.313Z,2022-03-25T21:02:59.877Z,2022-12-28T15:20:52.313Z
8985,9005152574,Mohamed Mahmoud,Ould Abdel Kader,Mohamed Mahmoud Ould Abdel Kader,M,1990-02-07,+22222429438,,5,Trarza,DORMANT,,ACTIVE,2023-01-23,2023-08-12T19:00:23.395Z,2023-01-23T09:52:41.049Z,2023-08-12T19:00:23.395Z
8986,8815522832,Mbareck,Ould Jiddou,Mbareck Ould Jiddou,M,1988-05-23,+22233326017,,15,Tiris Zemmour,OCCASIONAL,,ACTIVE,2022-06-10,2023-02-09T08:15:42.091Z,2022-06-10T19:29:02.493Z,2023-02-09T08:15:42.091Z
8987,8808621968,Seynabou,Sy,Seynabou Sy,F,1988-09-09,+22242649964,,8,Guidimaka,STANDARD,,ACTIVE,2023-04-25,2023-11-02T14:53:58.991Z,2023-04-25T02:41:03.160Z,2023-11-02T14:53:58.991Z
8988,8504333961,Tamba,Sy,Tamba Sy,M,1985-03-06,+22245345785,tamba.sy926@outlook.com,4,Dakhlet Nouadhibou,OCCASIONAL,,ACTIVE,2024-05-06,2024-08-10T02:53:52.001Z,2024-05-06T05:53:47.597Z,2024-08-10T02:53:52.001Z
8989,7913468154,Moustapha,Ould Dah,Moustapha Ould Dah,M,1979-01-27,+22237843095,,13,Tagant,STANDARD,,ACTIVE,2022-12-06,2023-12-31T20:42:03.986Z,2022-12-06T13:19:24.791Z,2023-12-31T20:42:03.986Z
8990,7101363900,El Hacen,Koné,El Hacen Koné,M,1971-10-17,+22233424162,,1,Nouakchott-Nord,OCCASIONAL,,ACTIVE,2023-04-24,2023-11-30T08:28:16.740Z,2023-04-24T06:57:04.898Z,2023-11-30T08:28:16.740Z
8991,6206205595,Taleb,Niang,Taleb Niang,M,1962-05-08,+22235784925,taleb.niang433@outlook.com,6,Brakna,DORMANT,,ACTIVE,2022-11-15,2023-06-11T14:18:39.212Z,2022-11-15T12:54:18.183Z,2023-06-11T14:18:39.212Z
8992,8904941667,Mohamed Lemine,Touré,Mohamed Lemine Touré,M,1989-06-22,+22223797290,,4,Dakhlet Nouadhibou,STANDARD,,ACTIVE,2023-09-22,2024-07-20T05:21:57.659Z,2023-09-22T00:38:25.485Z,2024-07-20T05:21:57.659Z
8993,8311625769,Khadija,Mint Taleb,Khadija Mint Taleb,F,1983-07-19,+22237421306,,11,Hodh El Gharbi,STANDARD,,ACTIVE,2023-12-04,2024-05-25T01:11:46.315Z,2023-12-04T14:20:18.834Z,2024-05-25T01:11:46.315Z
8994,8403850727,Horma,Fall,Horma Fall,M,1984-06-12,+22249932591,,3,Nouakchott-Sud,STANDARD,,ACTIVE,2022-02-26,2024-11-26T08:35:01.835Z,2022-02-26T02:23:09.031Z,2024-11-26T08:35:01.835Z
8995,7601163149,Aïda,Ndiaye,Aïda Ndiaye,F,1976-01-01,+22234751123,,1,Nouakchott-Nord,OCCASIONAL,,ACTIVE,2023-05-03,2023-08-17T09:50:26.177Z,2023-05-03T14:39:43.668Z,2023-08-17T09:50:26.177Z
8996,7905541438,Mariam,Ly,Mariam Ly,F,1979-11-14,+22248984589,mariam.ly971@yahoo.fr,5,Trarza,STANDARD,,ACTIVE,2023-03-17,2024-09-03T16:56:11.235Z,2023-03-17T09:40:51.105Z,2024-09-03T16:56:11.235Z
8997,0315985012,Limam,Ould Abeih,Limam Ould Abeih,M,2003-10-08,+22237073769,limam.ouldabeih873@hotmail.fr,15,Tiris Zemmour,STANDARD,,INACTIVE,2023-01-14,2024-01-20T19:35:41.402Z,2023-01-14T22:07:43.847Z,2024-01-20T19:35:41.402Z
8998,9701620465,Defa,Mint Ghali,Defa Mint Ghali,F,1997-12-08,+22223194153,,1,Nouakchott-Nord,ACTIVE,,ACTIVE,2024-05-01,2024-08-06T23:17:58.166Z,2024-05-01T15:00:03.556Z,2024-08-06T23:17:58.166Z
8999,9604432075,Tourad,Ould Hamoud,Tourad Ould Hamoud,M,1996-04-10,+22223778421,,4,Dakhlet Nouadhibou,STANDARD,,ACTIVE,2022-01-18,2023-08-20T02:15:42.551Z,2022-01-18T23:14:54.078Z,2023-08-20T02:15:42.551Z
9000,6802511812,Codou,Camara,Codou Camara,F,1968-06-24,+22222243148,codou.camara775@yahoo.fr,2,Nouakchott-Ouest,STANDARD,,ACTIVE,2024-08-13,2024-11-18T11:43:26.567Z,2024-08-13T01:15:34.885Z,2024-11-18T11:43:26.567Z
9001,6609761690,Rokhaya,Thiam,Rokhaya Thiam,F,1966-06-02,+22235330281,,9,Assaba,STANDARD,,ACTIVE,2023-06-05,2024-08-08T11:03:01.251Z,2023-06-05T10:13:18.418Z,2024-08-08T11:03:01.251Z
9002,0503232016,Salem,Touré,Salem Touré,M,2005-08-06,+22244126752,salem.touré416@gmail.com,3,Nouakchott-Sud,STANDARD,,ACTIVE,2022-07-19,2024-02-08T17:38:53.910Z,2022-07-19T09:43:18.759Z,2024-02-08T17:38:53.910Z
9003,6501265656,Yacouba,Dramé,Yacouba Dramé,M,1965-07-24,+22237723054,,1,Nouakchott-Nord,VIP,,ACTIVE,2022-06-22,2023-09-08T01:28:06.108Z,2022-06-22T20:22:51.420Z,2023-09-08T01:28:06.108Z
9004,6001259441,El Hadji,Diagana,El Hadji Diagana,M,1960-02-01,+22222977497,elhadji.diagana378@gmail.com,1,Nouakchott-Nord,ACTIVE,,ACTIVE,2024-01-22,2024-03-26T23:09:29.059Z,2024-01-22T13:18:43.753Z,2024-03-26T23:09:29.059Z
9005,9101046012,Mouna,Diop,Mouna Diop,F,1991-10-22,+22241718555,mouna.diop263@gmail.com,1,Nouakchott-Nord,ACTIVE,,ACTIVE,2024-05-14,2024-08-22T02:10:58.887Z,2024-05-14T16:31:04.665Z,2024-08-22T02:10:58.887Z
9006,6101025522,Nana,Sow,Nana Sow,F,1961-05-19,+22237144720,,1,Nouakchott-Nord,STANDARD,,ACTIVE,2024-08-31,2024-11-23T11:16:42.144Z,2024-08-31T14:10:35.543Z,2024-11-23T11:16:42.144Z
9007,7302386267,Jiddou,Ould Tourad,Jiddou Ould Tourad,M,1973-05-04,+22244556795,,2,Nouakchott-Ouest,STANDARD,,ACTIVE,2023-02-05,2024-12-24T21:10:57.665Z,2023-02-05T05:04:45.403Z,2024-12-24T21:10:57.665Z
9008,6703236636,Malouma,Barry,Malouma Barry,F,1967-06-06,+22225578598,,3,Nouakchott-Sud,STANDARD,,ACTIVE,2022-05-12,2022-11-11T02:32:42.669Z,2022-05-12T23:24:00.718Z,2022-11-11T02:32:42.669Z
9009,8101544036,Kelthoum,Mint Ethmane,Kelthoum Mint Ethmane,F,1981-03-04,+22225777953,,1,Nouakchott-Nord,DORMANT,,ACTIVE,2024-04-07,2024-10-31T14:45:10.939Z,2024-04-07T20:26:35.061Z,2024-10-31T14:45:10.939Z
9010,0411199218,Bilal,Ould Limam,Bilal Ould Limam,M,2004-02-11,+22223085546,,11,Hodh El Gharbi,STANDARD,,ACTIVE,2022-12-01,2024-05-06T23:25:32.971Z,2022-12-01T23:43:35.544Z,2024-05-06T23:25:32.971Z
9011,7606912652,Seynabou,Thiam,Seynabou Thiam,F,1976-11-10,+22225013567,,6,Brakna,PREMIUM,,ACTIVE,2022-03-22,2024-01-31T13:26:02.020Z,2022-03-22T23:42:06.693Z,2024-01-31T13:26:02.020Z
9012,6104390979,Safiya,Mint El Mokhtar,Safiya Mint El Mokhtar,F,1961-11-18,+22234137679,,4,Dakhlet Nouadhibou,STANDARD,,ACTIVE,2023-09-09,2024-10-26T11:43:44.546Z,2023-09-09T12:50:31.406Z,2024-10-26T11:43:44.546Z
9013,7602661491,Sidi Mohamed,Ould Isselmou,Sidi Mohamed Ould Isselmou,M,1976-11-22,+22244499761,sidimohamed.ouldisselmou380@yahoo.fr,2,Nouakchott-Ouest,STANDARD,,INACTIVE,2023-10-10,2024-07-02T12:52:53.701Z,2023-10-10T06:13:04.251Z,2024-07-02T12:52:53.701Z
9014,8501218140,Aliou,Kouyaté,Aliou Kouyaté,M,1985-09-19,+22224968942,aliou.kouyaté867@hotmail.fr,1,Nouakchott-Nord,STANDARD,,INACTIVE,2024-11-09,2024-11-11T17:40:31.673Z,2024-11-09T07:57:50.454Z,2024-11-11T17:40:31.673Z
9015,8012987454,Aïssata,Diakité,Aïssata Diakité,F,1980-03-26,+22235814218,,12,Adrar,OCCASIONAL,,INACTIVE,2023-06-12,2024-11-13T13:05:33.013Z,2023-06-12T16:12:21.893Z,2024-11-13T13:05:33.013Z
9016,0002097479,Safi,Sow,Safi Sow,F,2000-06-01,+22224472714,,2,Nouakchott-Ouest,STANDARD,,ACTIVE,2022-02-07,2023-02-11T11:07:22.496Z,2022-02-07T09:01:04.938Z,2023-02-11T11:07:22.496Z
9017,9909226658,Pape,Kouyaté,Pape Kouyaté,M,1999-11-28,+22222689266,,9,Assaba,OCCASIONAL,,ACTIVE,2022-02-21,2024-11-02T07:20:09.970Z,2022-02-21T17:08:53.333Z,2024-11-02T07:20:09.970Z
9018,0101455477,Ghali,Ould Abdallah,Ghali Ould Abdallah,M,2001-04-06,+22222597389,,1,Nouakchott-Nord,STANDARD,,ACTIVE,2022-12-11,2023-12-27T09:26:29.415Z,2022-12-11T18:20:33.563Z,2023-12-27T09:26:29.415Z
9019,7701929869,Malouma,Kane,Malouma Kane,F,1977-10-14,+22233082056,,1,Nouakchott-Nord,OCCASIONAL,,ACTIVE,2023-05-27,2024-04-11T18:04:24.766Z,2023-05-27T20:28:25.754Z,2024-04-11T18:04:24.766Z
9020,0103586069,Sira,Kanouté,Sira Kanouté,F,2001-06-09,+22223117492,,3,Nouakchott-Sud,OCCASIONAL,,ACTIVE,2022-04-15,2022-07-23T07:53:30.610Z,2022-04-15T20:01:07.519Z,2022-07-23T07:53:30.610Z
9021,8605041273,Hamadi,Barry,Hamadi Barry,M,1986-05-27,+22234468997,,5,Trarza,DORMANT,,ACTIVE,2023-06-06,2023-09-26T12:35:46.976Z,2023-06-06T07:45:26.905Z,2023-09-26T12:35:46.976Z
9022,8802182122,Boubacar,Touré,Boubacar Touré,M,1988-03-10,+22234174714,,2,Nouakchott-Ouest,STANDARD,,ACTIVE,2024-03-29,2024-09-06T06:00:00.049Z,2024-03-29T20:03:41.881Z,2024-09-06T06:00:00.049Z
9023,9201318329,Horma,Diallo,Horma Diallo,M,1992-04-16,+22235338420,,1,Nouakchott-Nord,OCCASIONAL,,ACTIVE,2024-12-15,2024-12-17T13:20:34.125Z,2024-12-15T11:16:13.395Z,2024-12-17T13:20:34.125Z
9024,9708247175,Kadiatou,Thiaw,Kadiatou Thiaw,F,1997-01-12,+22222971197,,8,Guidimaka,STANDARD,,ACTIVE,2024-11-19,2024-12-11T09:38:15.116Z,2024-11-19T22:37:40.191Z,2024-12-11T09:38:15.116Z
9025,7202213311,Alioune,Mbow,Alioune Mbow,M,1972-08-25,+22241536423,alioune.mbow138@yahoo.fr,2,Nouakchott-Ouest,STANDARD,,PENDING_KYC,2024-05-17,2024-11-18T11:49:43.770Z,2024-05-17T11:59:02.498Z,2024-11-18T11:49:43.770Z
9026,6511319398,Mohamed Yahya,Ould Nenni,Mohamed Yahya Ould Nenni,M,1965-10-17,+22225867285,,11,Hodh El Gharbi,OCCASIONAL,,ACTIVE,2024-07-12,2024-11-18T04:57:47.848Z,2024-07-12T17:45:42.949Z,2024-11-18T04:57:47.848Z
9027,7403552219,Rokaya,Mint Saad,Rokaya Mint Saad,F,1974-05-16,+22243917511,,3,Nouakchott-Sud,OCCASIONAL,,ACTIVE,2024-10-18,2024-12-25T19:42:39.957Z,2024-10-18T03:34:32.502Z,2024-12-25T19:42:39.957Z
9028,8702959448,Thierno,Sow,Thierno Sow,M,1987-12-04,+22236550530,,2,Nouakchott-Ouest,STANDARD,,ACTIVE,2024-11-29,2024-12-26T21:00:12.597Z,2024-11-29T15:09:18.501Z,2024-12-26T21:00:12.597Z
9029,9801335076,El Mokhtar,Ould Soufi,El Mokhtar Ould Soufi,M,1998-05-22,+22222915627,elmokhtar.ouldsoufi730@outlook.com,1,Nouakchott-Nord,PREMIUM,,ACTIVE,2022-02-02,2024-05-23T17:52:12.226Z,2022-02-02T15:37:51.946Z,2024-05-23T17:52:12.226Z
9030,8603567645,Sidi Mohamed,Cissé,Sidi Mohamed Cissé,M,1986-11-08,+22249775456,,3,Nouakchott-Sud,STANDARD,,ACTIVE,2023-12-22,2024-09-27T15:55:37.699Z,2023-12-22T15:31:39.728Z,2024-09-27T15:55:37.699Z
9031,6406863362,Salka,Bathily,Salka Bathily,F,1964-09-14,+22222096197,,6,Brakna,STANDARD,,ACTIVE,2024-05-19,2024-10-22T22:19:06.457Z,2024-05-19T04:57:29.454Z,2024-10-22T22:19:06.457Z
9032,6604551557,Lala,Bathily,Lala Bathily,F,1966-05-17,+22222080554,lala.bathily165@hotmail.fr,4,Dakhlet Nouadhibou,OCCASIONAL,,ACTIVE,2024-08-07,2024-11-07T01:04:54.596Z,2024-08-07T22:39:35.666Z,2024-11-07T01:04:54.596Z
9033,8903324751,Pape,Diallo,Pape Diallo,M,1989-11-08,+22236223384,pape.diallo310@hotmail.fr,3,Nouakchott-Sud,ACTIVE,,ACTIVE,2023-01-09,2024-03-09T13:28:15.129Z,2023-01-09T16:41:29.089Z,2024-03-09T13:28:15.129Z
9034,8609617467,Mohamed Salem,Ly,Mohamed Salem Ly,M,1986-03-06,+22245397053,,9,Assaba,ACTIVE,,ACTIVE,2024-11-23,2024-12-29T07:30:56.436Z,2024-11-23T14:03:19.592Z,2024-12-29T07:30:56.436Z
9035,9001434180,Hamidou,Wade,Hamidou Wade,M,1990-10-15,+22236047158,,1,Nouakchott-Nord,OCCASIONAL,,ACTIVE,2022-08-28,2023-12-29T23:23:30.166Z,2022-08-28T21:24:44.101Z,2023-12-29T23:23:30.166Z
9036,0202531014,Sidina,Thiam,Sidina Thiam,M,2002-09-13,+22242288845,,2,Nouakchott-Ouest,DORMANT,,ACTIVE,2023-08-07,2023-09-03T07:55:44.626Z,2023-08-07T00:44:05.455Z,2023-09-03T07:55:44.626Z
9037,8207131495,Leila,Mint El Ghassem,Leila Mint El Ghassem,F,1982-01-28,+22225142202,,7,Gorgol,ACTIVE,,ACTIVE,2023-08-04,2024-10-09T06:10:04.975Z,2023-08-04T10:16:44.208Z,2024-10-09T06:10:04.975Z
9038,9003549527,Naima,Mint Abdallah,Naima Mint Abdallah,F,1990-03-12,+22222148430,naima.mintabdallah442@gmail.com,3,Nouakchott-Sud,STANDARD,,ACTIVE,2023-04-07,2023-05-25T21:45:08.420Z,2023-04-07T18:50:35.036Z,2023-05-25T21:45:08.420Z
9039,7409759731,Sadio,Kanouté,Sadio Kanouté,M,1974-04-02,+22224876990,,9,Assaba,OCCASIONAL,,ACTIVE,2024-09-29,2024-12-16T14:19:13.383Z,2024-09-29T12:22:43.816Z,2024-12-16T14:19:13.383Z
9040,9303878873,Koumba,Koné,Koumba Koné,F,1993-03-27,+22234218763,koumba.koné310@hotmail.fr,3,Nouakchott-Sud,OCCASIONAL,,ACTIVE,2023-09-29,2024-03-13T21:13:58.079Z,2023-09-29T11:46:41.522Z,2024-03-13T21:13:58.079Z
9041,9904407193,Tekber,Mint Ethmane,Tekber Mint Ethmane,F,1999-10-04,+22224682590,,4,Dakhlet Nouadhibou,OCCASIONAL,,ACTIVE,2023-08-01,2024-04-20T11:09:13.144Z,2023-08-01T17:06:47.358Z,2024-04-20T11:09:13.144Z
9042,6805409114,Malick,Doucouré,Malick Doucouré,M,1968-04-11,+22248640694,,5,Trarza,STANDARD,,INACTIVE,2024-05-10,2024-07-25T05:30:18.814Z,2024-05-10T18:47:02.343Z,2024-07-25T05:30:18.814Z
9043,8701158099,Vatma,Mint Ghali,Vatma Mint Ghali,F,1987-12-02,+22246979707,vatma.mintghali481@outlook.com,1,Nouakchott-Nord,OCCASIONAL,,ACTIVE,2023-06-02,2023-07-11T11:32:36.967Z,2023-06-02T08:42:14.013Z,2023-07-11T11:32:36.967Z
9044,6504248650,Vatma,Mint Hadrami,Vatma Mint Hadrami,F,1965-10-15,+22224954164,vatma.minthadrami702@hotmail.fr,4,Dakhlet Nouadhibou,DORMANT,,ACTIVE,2023-06-16,2024-09-29T04:36:38.471Z,2023-06-16T05:07:16.216Z,2024-09-29T04:36:38.471Z
9045,8002565208,Mouna,Mint El Ghassem,Mouna Mint El Ghassem,F,1980-03-17,+22237725185,mouna.mintelghassem718@hotmail.fr,2,Nouakchott-Ouest,PREMIUM,,ACTIVE,2022-08-05,2023-10-08T01:23:03.068Z,2022-08-05T06:34:11.847Z,2023-10-08T01:23:03.068Z
9046,0101118215,Malick,Dramé,Malick Dramé,M,2001-09-04,+22247230044,,1,Nouakchott-Nord,STANDARD,,ACTIVE,2024-07-17,2024-09-20T15:25:02.830Z,2024-07-17T14:29:04.353Z,2024-09-20T15:25:02.830Z
9047,0515001451,Cheikh,Ould Moulaye,Cheikh Ould Moulaye,M,2005-04-12,+22236141188,cheikh.ouldmoulaye713@outlook.com,15,Tiris Zemmour,ACTIVE,,ACTIVE,2023-11-20,2024-09-30T19:55:08.889Z,2023-11-20T04:24:56.516Z,2024-09-30T19:55:08.889Z
9048,9211280711,Oumou,Mint Hadrami,Oumou Mint Hadrami,F,1992-08-08,+22224172357,,11,Hodh El Gharbi,STANDARD,,PENDING_KYC,2023-08-16,2024-07-04T18:32:01.177Z,2023-08-16T00:35:10.160Z,2024-07-04T18:32:01.177Z
9049,8201697182,Abdellahi,Ould Mokhtar,Abdellahi Ould Mokhtar,M,1982-04-25,+22237009578,,1,Nouakchott-Nord,OCCASIONAL,,ACTIVE,2023-12-08,2024-10-09T19:25:32.000Z,2023-12-08T00:46:09.582Z,2024-10-09T19:25:32.000Z
9050,7901702297,Brahim,Ould Abdel Aziz,Brahim Ould Abdel Aziz,M,1979-03-07,+22224649443,,1,Nouakchott-Nord,OCCASIONAL,,ACTIVE,2024-02-14,2024-03-23T11:16:10.417Z,2024-02-14T13:20:13.165Z,2024-03-23T11:16:10.417Z
9051,0401134384,Leila,Mint Ahmed,Leila Mint Ahmed,F,2004-03-14,+22235986594,leila.mintahmed125@hotmail.fr,1,Nouakchott-Nord,STANDARD,,BLOCKED,2024-11-28,2024-12-10T01:21:14.234Z,2024-11-28T10:43:51.824Z,2024-12-10T01:21:14.234Z
9052,7304853910,Khady,Ba,Khady Ba,F,1973-06-13,+22232006193,,4,Dakhlet Nouadhibou,STANDARD,,ACTIVE,2024-12-20,2024-12-21T04:50:32.416Z,2024-12-20T08:40:19.339Z,2024-12-21T04:50:32.416Z
9053,6103688967,Ghalia,Mint Vall,Ghalia Mint Vall,F,1961-04-05,+22223261000,ghalia.mintvall604@gmail.com,3,Nouakchott-Sud,OCCASIONAL,,ACTIVE,2023-01-08,2024-10-12T19:49:10.594Z,2023-01-08T09:15:35.738Z,2024-10-12T19:49:10.594Z
9054,9806012332,El Hadj,Sy,El Hadj Sy,M,1998-09-26,+22235048832,,6,Brakna,OCCASIONAL,,ACTIVE,2023-02-26,2024-03-17T02:39:05.151Z,2023-02-26T07:52:46.226Z,2024-03-17T02:39:05.151Z
9055,6004809120,Noura,Mint Ahmed,Noura Mint Ahmed,F,1960-11-18,+22224072595,,4,Dakhlet Nouadhibou,OCCASIONAL,,ACTIVE,2023-06-02,2024-09-01T00:37:40.118Z,2023-06-02T19:28:19.843Z,2024-09-01T00:37:40.118Z
9056,0303558150,Kiné,Diakité,Kiné Diakité,F,2003-10-05,+22242913482,kiné.diakité581@outlook.com,3,Nouakchott-Sud,ACTIVE,,ACTIVE,2024-01-09,2024-12-26T08:17:56.539Z,2024-01-09T03:44:26.514Z,2024-12-26T08:17:56.539Z
9057,6101891107,Khalil,Ould Vadel,Khalil Ould Vadel,M,1961-02-17,+22225729365,,1,Nouakchott-Nord,OCCASIONAL,,ACTIVE,2023-05-18,2023-11-08T21:32:53.366Z,2023-05-18T01:27:52.327Z,2023-11-08T21:32:53.366Z
9058,9612352097,Zahra,Mint Sidi,Zahra Mint Sidi,F,1996-05-10,+22237396081,zahra.mintsidi526@outlook.com,12,Adrar,STANDARD,,ACTIVE,2024-01-05,2024-05-29T22:44:41.568Z,2024-01-05T11:53:24.562Z,2024-05-29T22:44:41.568Z
9059,6301128955,Aïda,Sow,Aïda Sow,F,1963-12-17,+22225227349,,1,Nouakchott-Nord,ACTIVE,,ACTIVE,2024-11-26,2024-12-12T10:21:15.877Z,2024-11-26T00:49:06.717Z,2024-12-12T10:21:15.877Z
9060,8204358123,Maloum,Ould Limam,Maloum Ould Limam,M,1982-12-13,+22249270940,,4,Dakhlet Nouadhibou,STANDARD,,ACTIVE,2023-08-03,2024-10-06T21:00:41.307Z,2023-08-03T00:57:04.402Z,2024-10-06T21:00:41.307Z
9061,7704922472,Abdoul,Kouyaté,Abdoul Kouyaté,M,1977-09-14,+22235550398,,4,Dakhlet Nouadhibou,STANDARD,,ACTIVE,2024-08-02,2024-12-08T20:14:29.874Z,2024-08-02T18:48:25.187Z,2024-12-08T20:14:29.874Z
9062,7101726464,Mohamed Vall,Ould Cheikh,Mohamed Vall Ould Cheikh,M,1971-04-09,+22224115619,,1,Nouakchott-Nord,STANDARD,,ACTIVE,2023-12-01,2024-10-26T20:39:30.472Z,2023-12-01T23:24:45.863Z,2024-10-26T20:39:30.472Z
9063,7202031027,Ely,Ould Ghali,Ely Ould Ghali,M,1972-05-21,+22224251884,,2,Nouakchott-Ouest,ACTIVE,,BLOCKED,2024-06-03,2024-07-23T20:48:37.878Z,2024-06-03T23:56:18.837Z,2024-07-23T20:48:37.878Z
9064,8204787635,Nouhoum,Kanouté,Nouhoum Kanouté,M,1982-07-05,+22222191054,,4,Dakhlet Nouadhibou,STANDARD,,ACTIVE,2022-11-02,2023-05-14T22:28:58.907Z,2022-11-02T02:18:13.252Z,2023-05-14T22:28:58.907Z
9065,9107587074,Oumar,Gaye,Oumar Gaye,M,1991-03-18,+22245204465,oumar.gaye334@outlook.com,7,Gorgol,ACTIVE,,ACTIVE,2023-02-19,2023-02-26T09:31:45.868Z,2023-02-19T09:47:12.416Z,2023-02-26T09:31:45.868Z
9066,7101902763,Bakary,Ba,Bakary Ba,M,1971-12-27,+22241584202,bakary.ba27@hotmail.fr,1,Nouakchott-Nord,STANDARD,,ACTIVE,2023-11-27,2024-07-05T06:19:39.547Z,2023-11-27T11:38:48.696Z,2024-07-05T06:19:39.547Z
9067,7702066086,Mahjouba,Mint Dah,Mahjouba Mint Dah,F,1977-12-27,+22224228587,mahjouba.mintdah800@gmail.com,2,Nouakchott-Ouest,STANDARD,,ACTIVE,2022-12-22,2024-01-22T11:32:59.171Z,2022-12-22T16:45:33.907Z,2024-01-22T11:32:59.171Z
9068,6009154656,Ahmed,Ould Habiboullah,Ahmed Ould Habiboullah,M,1960-09-20,+22237880600,ahmed.ouldhabiboullah682@yahoo.fr,9,Assaba,PREMIUM,,ACTIVE,2022-06-01,2024-12-10T18:49:37.914Z,2022-06-01T16:36:00.536Z,2024-12-10T18:49:37.914Z
9069,0302395923,Ghalia,Diagana,Ghalia Diagana,F,2003-10-04,+22225789486,,2,Nouakchott-Ouest,ACTIVE,,ACTIVE,2022-02-02,2024-06-18T04:54:35.611Z,2022-02-02T01:36:42.214Z,2024-06-18T04:54:35.611Z
9070,6404333036,Oumar,Thiaw,Oumar Thiaw,M,1964-11-06,+22237922166,oumar.thiaw596@gmail.com,4,Dakhlet Nouadhibou,OCCASIONAL,,ACTIVE,2023-09-26,2024-10-28T06:34:50.294Z,2023-09-26T17:05:29.129Z,2024-10-28T06:34:50.294Z
9071,7101405895,Rokaya,Mint Abdel Kader,Rokaya Mint Abdel Kader,F,1971-04-15,+22241311808,,1,Nouakchott-Nord,OCCASIONAL,,PENDING_KYC,2023-03-24,2024-11-18T14:27:39.575Z,2023-03-24T15:14:54.586Z,2024-11-18T14:27:39.575Z
9072,6801629990,Zahra,Mint El Ghassem,Zahra Mint El Ghassem,F,1968-02-10,+22247985925,zahra.mintelghassem811@outlook.com,1,Nouakchott-Nord,STANDARD,,ACTIVE,2024-01-23,2024-03-20T02:54:50.087Z,2024-01-23T09:31:52.949Z,2024-03-20T02:54:50.087Z
9073,8602353232,Leila,Mint Eleya,Leila Mint Eleya,F,1986-01-10,+22237110571,leila.minteleya652@hotmail.fr,2,Nouakchott-Ouest,ACTIVE,,BLOCKED,2023-08-01,2024-03-06T20:48:09.727Z,2023-08-01T18:55:40.228Z,2024-03-06T20:48:09.727Z
9074,8704565870,Wedadi,Bathily,Wedadi Bathily,M,1987-03-14,+22233402920,wedadi.bathily421@yahoo.fr,4,Dakhlet Nouadhibou,STANDARD,,ACTIVE,2024-04-07,2024-05-31T15:40:39.932Z,2024-04-07T00:04:33.325Z,2024-05-31T15:40:39.932Z
9075,6510372734,Minetou,Kane,Minetou Kane,F,1965-04-18,+22233233267,,10,Hodh Ech Chargui,STANDARD,,SUSPENDED,2023-04-30,2023-07-30T03:46:27.292Z,2023-04-30T17:11:30.637Z,2023-07-30T03:46:27.292Z
9076,6702688456,Mounina,Mint Hamadi,Mounina Mint Hamadi,F,1967-06-06,+22223681774,,2,Nouakchott-Ouest,STANDARD,,ACTIVE,2024-10-08,2024-10-17T23:42:45.937Z,2024-10-08T03:11:51.141Z,2024-10-17T23:42:45.937Z
9077,9501527447,Ghalia,Barry,Ghalia Barry,F,1995-05-19,+22235360756,,1,Nouakchott-Nord,DORMANT,,ACTIVE,2023-08-02,2024-05-04T12:02:52.231Z,2023-08-02T22:19:58.686Z,2024-05-04T12:02:52.231Z
9078,6908562411,Moctar,Ould Nenni,Moctar Ould Nenni,M,1969-06-01,+22233198976,moctar.ouldnenni656@outlook.com,8,Guidimaka,ACTIVE,,ACTIVE,2022-02-22,2022-04-05T19:53:33.066Z,2022-02-22T09:25:57.169Z,2022-04-05T19:53:33.066Z
9079,7706474656,Tekber,Mint Wedadi,Tekber Mint Wedadi,F,1977-02-27,+22241798819,tekber.mintwedadi127@gmail.com,6,Brakna,STANDARD,,ACTIVE,2024-10-07,2024-12-30T12:38:50.858Z,2024-10-07T18:43:57.573Z,2024-12-30T12:38:50.858Z
9080,6601331213,Hawa,Ba,Hawa Ba,F,1966-10-04,+22234580387,,1,Nouakchott-Nord,ACTIVE,,ACTIVE,2023-01-27,2023-03-10T07:40:26.250Z,2023-01-27T16:54:51.026Z,2023-03-10T07:40:26.250Z
9081,8103559517,Hapsatou,Niang,Hapsatou Niang,F,1981-05-10,+22233439091,,3,Nouakchott-Sud,OCCASIONAL,,ACTIVE,2022-03-06,2022-09-05T01:49:14.283Z,2022-03-06T03:36:57.016Z,2022-09-05T01:49:14.283Z
9082,0211224552,Yero,Sakho,Yero Sakho,M,2002-08-17,+22237212718,yero.sakho239@outlook.com,11,Hodh El Gharbi,ACTIVE,,ACTIVE,2024-10-19,2024-12-09T02:03:46.838Z,2024-10-19T05:59:21.425Z,2024-12-09T02:03:46.838Z
9083,8603686995,Vall,Ould Vall,Vall Ould Vall,M,1986-04-23,+22232838712,,3,Nouakchott-Sud,OCCASIONAL,,ACTIVE,2023-05-04,2024-02-20T07:02:43.160Z,2023-05-04T13:32:28.015Z,2024-02-20T07:02:43.160Z
9084,7802709687,Boubacar,Gaye,Boubacar Gaye,M,1978-03-24,+22224762807,,2,Nouakchott-Ouest,STANDARD,,ACTIVE,2024-04-30,2024-07-29T10:32:52.002Z,2024-04-30T02:18:33.835Z,2024-07-29T10:32:52.002Z
9085,9605113612,Awa,Sakho,Awa Sakho,F,1996-01-22,+22223227078,awa.sakho601@hotmail.fr,5,Trarza,OCCASIONAL,,ACTIVE,2022-02-27,2022-05-23T15:17:58.709Z,2022-02-27T03:47:46.125Z,2022-05-23T15:17:58.709Z
9086,9215761955,Vall,Diakité,Vall Diakité,M,1992-02-21,+22234501358,,15,Tiris Zemmour,STANDARD,,ACTIVE,2023-02-20,2023-04-06T23:31:04.587Z,2023-02-20T11:30:11.950Z,2023-04-06T23:31:04.587Z
9087,9502268215,Mahfoudh,Fofana,Mahfoudh Fofana,M,1995-02-16,+22233351811,,2,Nouakchott-Ouest,STANDARD,,ACTIVE,2023-05-19,2024-03-24T03:06:14.093Z,2023-05-19T20:35:27.374Z,2024-03-24T03:06:14.093Z
9088,8303772448,Koumba,Diop,Koumba Diop,F,1983-11-20,+22244527642,koumba.diop741@yahoo.fr,3,Nouakchott-Sud,OCCASIONAL,,ACTIVE,2023-11-30,2024-12-22T12:13:07.887Z,2023-11-30T08:28:29.706Z,2024-12-22T12:13:07.887Z
9089,8004172899,Aicha,Mint Tourad,Aicha Mint Tourad,F,1980-07-09,+22234455011,aicha.minttourad759@yahoo.fr,4,Dakhlet Nouadhibou,DORMANT,,ACTIVE,2023-04-29,2023-12-27T18:57:09.235Z,2023-04-29T03:08:34.655Z,2023-12-27T18:57:09.235Z
9090,0508643185,Hafsata,Mint Bouha,Hafsata Mint Bouha,F,2005-04-22,+22244239259,,8,Guidimaka,ACTIVE,,ACTIVE,2023-03-26,2023-04-13T18:25:25.699Z,2023-03-26T01:31:40.130Z,2023-04-13T18:25:25.699Z
9091,8602463065,Messoud,Ould Mahmoud,Messoud Ould Mahmoud,M,1986-12-07,+22223000009,,2,Nouakchott-Ouest,STANDARD,,SUSPENDED,2024-09-06,2024-09-10T10:27:54.965Z,2024-09-06T07:51:50.344Z,2024-09-10T10:27:54.965Z
9092,6507993807,Malouma,Anne,Malouma Anne,F,1965-07-26,+22236547535,malouma.anne266@gmail.com,7,Gorgol,STANDARD,,ACTIVE,2022-02-18,2023-09-06T19:14:13.371Z,2022-02-18T16:09:23.658Z,2023-09-06T19:14:13.371Z
9093,8311552623,Awa,Sow,Awa Sow,F,1983-06-18,+22223660799,,11,Hodh El Gharbi,ACTIVE,,ACTIVE,2022-08-20,2024-10-07T17:13:34.987Z,2022-08-20T00:02:09.136Z,2024-10-07T17:13:34.987Z
9094,6001262502,Leila,Doucouré,Leila Doucouré,F,1960-05-19,+22222779174,,1,Nouakchott-Nord,STANDARD,,ACTIVE,2022-04-08,2024-07-10T20:38:18.704Z,2022-04-08T05:07:03.602Z,2024-07-10T20:38:18.704Z
9095,6512486271,Issa,Wane,Issa Wane,M,1965-11-25,+22232155981,,12,Adrar,OCCASIONAL,,ACTIVE,2023-01-12,2024-03-01T19:29:33.248Z,2023-01-12T02:13:18.614Z,2024-03-01T19:29:33.248Z
9096,0401975477,Banna,Diallo,Banna Diallo,F,2004-02-27,+22233469315,,1,Nouakchott-Nord,DORMANT,,ACTIVE,2023-04-16,2024-11-05T12:13:25.329Z,2023-04-16T14:51:46.561Z,2024-11-05T12:13:25.329Z
9097,7903330645,Kéba,Guèye,Kéba Guèye,M,1979-06-05,+22247209082,kéba.guèye953@gmail.com,3,Nouakchott-Sud,OCCASIONAL,,SUSPENDED,2024-01-30,2024-10-19T08:03:23.555Z,2024-01-30T01:17:02.245Z,2024-10-19T08:03:23.555Z
9098,7501930814,Tekber,Mint Wedadi,Tekber Mint Wedadi,F,1975-03-03,+22225654335,tekber.mintwedadi115@hotmail.fr,1,Nouakchott-Nord,STANDARD,,ACTIVE,2024-06-16,2024-07-19T19:13:49.934Z,2024-06-16T11:09:57.472Z,2024-07-19T19:13:49.934Z
9099,6702542589,Taleb,Ould Abdel Kader,Taleb Ould Abdel Kader,M,1967-10-17,+22232856684,,2,Nouakchott-Ouest,STANDARD,,ACTIVE,2023-11-03,2023-12-17T01:58:18.799Z,2023-11-03T17:43:15.921Z,2023-12-17T01:58:18.799Z
9100,7401672704,Mouna,Bah,Mouna Bah,F,1974-08-11,+22246435359,,1,Nouakchott-Nord,DORMANT,,ACTIVE,2024-10-29,2024-11-10T09:13:39.438Z,2024-10-29T05:38:23.435Z,2024-11-10T09:13:39.438Z
9101,8301283252,Mahjouba,Mint Abdallah,Mahjouba Mint Abdallah,F,1983-10-06,+22224857604,mahjouba.mintabdallah92@yahoo.fr,1,Nouakchott-Nord,STANDARD,,ACTIVE,2024-11-01,2024-12-11T15:09:10.713Z,2024-11-01T23:52:05.504Z,2024-12-11T15:09:10.713Z
9102,8704496794,Zein,Ould Nenni,Zein Ould Nenni,M,1987-01-10,+22234793547,zein.ouldnenni573@hotmail.fr,4,Dakhlet Nouadhibou,STANDARD,,ACTIVE,2024-05-28,2024-12-07T13:29:39.151Z,2024-05-28T07:49:43.479Z,2024-12-07T13:29:39.151Z
9103,6901068370,Zein,Ould Brahim,Zein Ould Brahim,M,1969-12-20,+22222709194,,1,Nouakchott-Nord,DORMANT,,ACTIVE,2022-02-07,2022-12-23T16:59:49.245Z,2022-02-07T14:24:43.097Z,2022-12-23T16:59:49.245Z
9104,9602194720,Saadbouh,Ould Vall,Saadbouh Ould Vall,M,1996-02-18,+22247529152,saadbouh.ouldvall833@yahoo.fr,2,Nouakchott-Ouest,DORMANT,,ACTIVE,2024-04-29,2024-10-29T01:40:26.212Z,2024-04-29T04:21:50.376Z,2024-10-29T01:40:26.212Z
9105,0002853941,Hawa,Bah,Hawa Bah,F,2000-01-04,+22225628382,hawa.bah79@outlook.com,2,Nouakchott-Ouest,STANDARD,,ACTIVE,2023-10-09,2024-04-21T11:33:36.317Z,2023-10-09T11:28:24.245Z,2024-04-21T11:33:36.317Z
9106,8512358800,Rokhaya,Bah,Rokhaya Bah,F,1985-01-05,+22243929688,rokhaya.bah415@yahoo.fr,12,Adrar,ACTIVE,,ACTIVE,2022-02-18,2024-10-11T01:59:08.271Z,2022-02-18T20:43:38.483Z,2024-10-11T01:59:08.271Z
9107,8903379436,Fatoumata,Koné,Fatoumata Koné,F,1989-05-09,+22247976409,fatoumata.koné872@outlook.com,3,Nouakchott-Sud,OCCASIONAL,,ACTIVE,2022-10-01,2023-05-05T04:08:18.611Z,2022-10-01T15:46:45.210Z,2023-05-05T04:08:18.611Z
9108,9402071801,Sadio,Thiam,Sadio Thiam,M,1994-07-26,+22224168093,,2,Nouakchott-Ouest,STANDARD,,ACTIVE,2023-12-21,2024-09-29T03:26:42.519Z,2023-12-21T01:55:56.259Z,2024-09-29T03:26:42.519Z
9109,0103375627,Taleb,Ould Abdel Kader,Taleb Ould Abdel Kader,M,2001-05-12,+22224617567,taleb.ouldabdelkader464@outlook.com,3,Nouakchott-Sud,OCCASIONAL,,ACTIVE,2024-07-25,2024-09-03T11:52:47.777Z,2024-07-25T18:46:05.718Z,2024-09-03T11:52:47.777Z
9110,9703038842,Ethmane,Ould Ghali,Ethmane Ould Ghali,M,1997-08-02,+22225635490,,3,Nouakchott-Sud,ACTIVE,,ACTIVE,2022-07-11,2023-03-23T18:35:40.743Z,2022-07-11T11:53:05.012Z,2023-03-23T18:35:40.743Z
9111,8112844536,Pape,Sissoko,Pape Sissoko,M,1981-03-02,+22223704688,,12,Adrar,ACTIVE,,SUSPENDED,2024-10-25,2024-12-20T23:35:29.870Z,2024-10-25T18:42:31.002Z,2024-12-20T23:35:29.870Z
9112,7202721641,Youssouf,Dramé,Youssouf Dramé,M,1972-03-02,+22232301359,,2,Nouakchott-Ouest,STANDARD,,ACTIVE,2022-10-16,2023-05-14T15:02:13.567Z,2022-10-16T10:56:50.766Z,2023-05-14T15:02:13.567Z
9113,8202677990,Zeinab,Mint Nenni,Zeinab Mint Nenni,F,1982-02-13,+22223761846,,2,Nouakchott-Ouest,OCCASIONAL,,ACTIVE,2023-02-24,2023-07-13T06:00:51.460Z,2023-02-24T20:27:43.892Z,2023-07-13T06:00:51.460Z
9114,8609636851,Mahjouba,Niang,Mahjouba Niang,F,1986-10-18,+22223846056,mahjouba.niang902@hotmail.fr,9,Assaba,OCCASIONAL,,ACTIVE,2023-11-12,2023-12-31T12:37:55.915Z,2023-11-12T05:53:58.230Z,2023-12-31T12:37:55.915Z
9115,0504762116,Malouma,Mint Limam,Malouma Mint Limam,F,2005-05-02,+22222531147,malouma.mintlimam517@outlook.com,4,Dakhlet Nouadhibou,STANDARD,,ACTIVE,2023-07-29,2023-10-26T09:53:45.176Z,2023-07-29T14:58:52.436Z,2023-10-26T09:53:45.176Z
9116,7601761503,Safiya,Mint Abdallah,Safiya Mint Abdallah,F,1976-06-18,+22233436794,safiya.mintabdallah66@gmail.com,1,Nouakchott-Nord,DORMANT,,ACTIVE,2024-09-10,2024-12-09T18:00:12.809Z,2024-09-10T00:23:39.655Z,2024-12-09T18:00:12.809Z
9117,9215548374,Mouna,Fall,Mouna Fall,F,1992-08-09,+22234801013,,15,Tiris Zemmour,OCCASIONAL,,ACTIVE,2024-07-30,2024-10-05T07:26:08.775Z,2024-07-30T12:57:00.541Z,2024-10-05T07:26:08.775Z
9118,7902439475,Ibrahima,Fofana,Ibrahima Fofana,M,1979-01-18,+22235151901,ibrahima.fofana486@hotmail.fr,2,Nouakchott-Ouest,OCCASIONAL,,ACTIVE,2023-06-21,2023-10-29T13:52:32.443Z,2023-06-21T05:27:10.052Z,2023-10-29T13:52:32.443Z
9119,8915332214,Coumba,Mbow,Coumba Mbow,F,1989-08-02,+22222146513,,15,Tiris Zemmour,ACTIVE,,ACTIVE,2022-11-24,2023-10-11T13:53:52.223Z,2022-11-24T13:08:30.101Z,2023-10-11T13:53:52.223Z
9120,9701862159,Rokhaya,Ba,Rokhaya Ba,F,1997-09-15,+22225474134,,1,Nouakchott-Nord,OCCASIONAL,,ACTIVE,2024-06-16,2024-12-23T01:01:41.995Z,2024-06-16T02:51:16.534Z,2024-12-23T01:01:41.995Z
9121,0315488481,Limam,Ould Abeih,Limam Ould Abeih,M,2003-10-08,+22235824640,,15,Tiris Zemmour,OCCASIONAL,,INACTIVE,2023-11-11,2024-10-04T03:23:49.886Z,2023-11-11T09:41:22.868Z,2024-10-04T03:23:49.886Z
9122,9005885847,Aichetou,Mint Taleb,Aichetou Mint Taleb,F,1990-10-22,+22222225686,,5,Trarza,ACTIVE,,ACTIVE,2023-06-23,2023-10-06T05:04:06.115Z,2023-06-23T17:22:49.831Z,2023-10-06T05:04:06.115Z
9123,8105594631,Sidiki,Kouyaté,Sidiki Kouyaté,M,1981-01-20,+22223191755,sidiki.kouyaté978@outlook.com,5,Trarza,DORMANT,,BLOCKED,2023-10-16,2024-04-18T10:10:34.716Z,2023-10-16T20:48:57.900Z,2024-04-18T10:10:34.716Z
9124,6002928096,Habiboullah,Ould Soufi,Habiboullah Ould Soufi,M,1960-05-25,+22241267916,,2,Nouakchott-Ouest,STANDARD,,ACTIVE,2023-12-03,2023-12-09T22:01:20.994Z,2023-12-03T11:01:58.457Z,2023-12-09T22:01:20.994Z
9125,0003892125,Oumou,Diallo,Oumou Diallo,F,2000-05-06,+22223511818,oumou.diallo179@hotmail.fr,3,Nouakchott-Sud,DORMANT,,ACTIVE,2024-04-15,2024-07-16T10:45:01.926Z,2024-04-15T14:40:44.924Z,2024-07-16T10:45:01.926Z
9126,9304863441,Naha,Faye,Naha Faye,F,1993-12-06,+22224866545,naha.faye924@yahoo.fr,4,Dakhlet Nouadhibou,VIP,,ACTIVE,2022-03-13,2024-07-22T20:24:17.952Z,2022-03-13T13:56:51.748Z,2024-07-22T20:24:17.952Z
9127,8401876734,Djibril,Cissé,Djibril Cissé,M,1984-12-20,+22223224569,,1,Nouakchott-Nord,VIP,,ACTIVE,2023-11-28,2024-11-11T11:41:32.813Z,2023-11-28T02:12:46.466Z,2024-11-11T11:41:32.813Z
9128,8508989243,Néné,Wane,Néné Wane,F,1985-11-03,+22242140497,,8,Guidimaka,STANDARD,,ACTIVE,2023-03-27,2023-04-08T18:44:07.582Z,2023-03-27T01:07:04.619Z,2023-04-08T18:44:07.582Z
9129,7702493619,Ethmane,Ould Brahim,Ethmane Ould Brahim,M,1977-06-11,+22222926337,,2,Nouakchott-Ouest,STANDARD,,ACTIVE,2023-05-30,2023-12-04T07:22:09.925Z,2023-05-30T09:35:53.787Z,2023-12-04T07:22:09.925Z
9130,6803884232,Houda,Mint Bouha,Houda Mint Bouha,F,1968-07-01,+22237488837,houda.mintbouha28@gmail.com,3,Nouakchott-Sud,STANDARD,,ACTIVE,2022-04-11,2022-12-03T19:51:26.364Z,2022-04-11T13:18:10.734Z,2022-12-03T19:51:26.364Z
9131,8402618661,Brahim,Ould Mahmoud,Brahim Ould Mahmoud,M,1984-09-06,+22234108659,brahim.ouldmahmoud173@yahoo.fr,2,Nouakchott-Ouest,OCCASIONAL,,INACTIVE,2022-09-17,2023-05-22T04:06:40.078Z,2022-09-17T02:41:07.992Z,2023-05-22T04:06:40.078Z
9132,7801176763,El Mokhtar,Ould Nenni,El Mokhtar Ould Nenni,M,1978-04-14,+22233439024,,1,Nouakchott-Nord,STANDARD,,ACTIVE,2022-11-07,2024-04-11T02:43:33.527Z,2022-11-07T14:48:19.891Z,2024-04-11T02:43:33.527Z
9133,0414041486,Sidi,Diop,Sidi Diop,M,2004-08-09,+22242199215,,14,Inchiri,OCCASIONAL,,ACTIVE,2024-11-17,2024-11-24T23:05:24.295Z,2024-11-17T19:42:13.822Z,2024-11-24T23:05:24.295Z
9134,8709570365,Isselmou,Ould Horma,Isselmou Ould Horma,M,1987-12-02,+22232288938,,9,Assaba,ACTIVE,,ACTIVE,2023-08-02,2023-08-12T18:51:55.406Z,2023-08-02T15:06:53.823Z,2023-08-12T18:51:55.406Z
9135,9203580052,Sory,Wade,Sory Wade,M,1992-04-05,+22235783395,,3,Nouakchott-Sud,ACTIVE,,ACTIVE,2023-06-18,2024-12-18T08:14:22.348Z,2023-06-18T05:16:24.239Z,2024-12-18T08:14:22.348Z
9136,9907088292,Abdel Kader,Ould Ghali,Abdel Kader Ould Ghali,M,1999-12-06,+22225009061,abdelkader.ouldghali96@gmail.com,7,Gorgol,STANDARD,,ACTIVE,2023-02-20,2023-09-05T10:35:53.177Z,2023-02-20T03:41:46.794Z,2023-09-05T10:35:53.177Z
9137,6401829943,Mariama,Touré,Mariama Touré,F,1964-03-27,+22237022320,,1,Nouakchott-Nord,STANDARD,,ACTIVE,2024-01-31,2024-03-12T18:52:10.100Z,2024-01-31T22:17:35.461Z,2024-03-12T18:52:10.100Z
9138,7415500529,Leila,Mint Sidi,Leila Mint Sidi,F,1974-01-13,+22225264340,leila.mintsidi642@hotmail.fr,15,Tiris Zemmour,STANDARD,,ACTIVE,2023-09-14,2024-04-12T19:21:42.518Z,2023-09-14T11:18:34.742Z,2024-04-12T19:21:42.518Z
9139,7703701465,Cheikhna,Sall,Cheikhna Sall,M,1977-05-05,+22224058221,,3,Nouakchott-Sud,STANDARD,,ACTIVE,2022-12-15,2024-02-24T08:56:22.474Z,2022-12-15T08:33:48.055Z,2024-02-24T08:56:22.474Z
9140,8910186654,Anta,Sow,Anta Sow,F,1989-07-25,+22223113008,anta.sow345@outlook.com,10,Hodh Ech Chargui,ACTIVE,,ACTIVE,2022-01-27,2024-01-21T17:49:49.641Z,2022-01-27T18:07:09.340Z,2024-01-21T17:49:49.641Z
9141,7701581111,Ibrahima,Koita,Ibrahima Koita,M,1977-04-22,+22235529728,,1,Nouakchott-Nord,STANDARD,,INACTIVE,2024-09-04,2024-10-12T22:16:43.180Z,2024-09-04T09:35:57.408Z,2024-10-12T22:16:43.180Z
9142,8008738453,Maloum,Ould Hadrami,Maloum Ould Hadrami,M,1980-05-03,+22242009688,maloum.ouldhadrami495@outlook.com,8,Guidimaka,ACTIVE,,ACTIVE,2024-04-01,2024-08-08T12:39:23.289Z,2024-04-01T08:47:45.784Z,2024-08-08T12:39:23.289Z
9143,6905146674,Rokaya,Sissoko,Rokaya Sissoko,F,1969-06-06,+22247460880,,5,Trarza,STANDARD,,INACTIVE,2023-05-10,2024-03-31T20:59:25.314Z,2023-05-10T05:39:09.906Z,2024-03-31T20:59:25.314Z
9144,7102129901,Rokaya,Mint Nenni,Rokaya Mint Nenni,F,1971-11-16,+22248456087,,2,Nouakchott-Ouest,OCCASIONAL,,ACTIVE,2023-04-11,2024-04-01T21:45:40.408Z,2023-04-11T18:09:32.825Z,2024-04-01T21:45:40.408Z
9145,7602103436,Vadel,Ould Hamadi,Vadel Ould Hamadi,M,1976-06-20,+22225134339,,2,Nouakchott-Ouest,ACTIVE,,SUSPENDED,2022-11-29,2023-03-11T09:58:36.801Z,2022-11-29T10:59:23.182Z,2023-03-11T09:58:36.801Z
9146,7111677752,Mahmoud,Barry,Mahmoud Barry,M,1971-09-15,+22223485563,,11,Hodh El Gharbi,ACTIVE,,ACTIVE,2023-05-02,2023-09-17T12:49:54.244Z,2023-05-02T13:20:02.625Z,2023-09-17T12:49:54.244Z
9147,7801509538,Hawa,Mint Maloum,Hawa Mint Maloum,F,1978-04-21,+22235143262,hawa.mintmaloum958@gmail.com,1,Nouakchott-Nord,STANDARD,,ACTIVE,2022-09-15,2023-05-21T08:12:53.396Z,2022-09-15T16:51:26.502Z,2023-05-21T08:12:53.396Z
9148,6714672317,Youssouf,Kouyaté,Youssouf Kouyaté,M,1967-10-21,+22244400525,,14,Inchiri,PREMIUM,,ACTIVE,2024-02-21,2024-11-13T04:36:56.833Z,2024-02-21T11:30:43.026Z,2024-11-13T04:36:56.833Z
9149,7301700772,Dah,Mbow,Dah Mbow,M,1973-09-01,+22223629051,,1,Nouakchott-Nord,STANDARD,,ACTIVE,2022-01-06,2024-06-10T23:13:01.625Z,2022-01-06T07:32:36.143Z,2024-06-10T23:13:01.625Z
9150,9102004613,Leila,Mint Mohamed,Leila Mint Mohamed,F,1991-12-16,+22223939947,,2,Nouakchott-Ouest,OCCASIONAL,,ACTIVE,2023-04-24,2023-10-21T21:52:10.142Z,2023-04-24T06:12:29.156Z,2023-10-21T21:52:10.142Z
9151,9502220628,Oumou,Sow,Oumou Sow,F,1995-09-24,+22237192030,,2,Nouakchott-Ouest,OCCASIONAL,,ACTIVE,2024-08-01,2024-10-27T07:50:16.008Z,2024-08-01T00:32:09.075Z,2024-10-27T07:50:16.008Z
9152,9315615189,Halima,Mint Salem,Halima Mint Salem,F,1993-10-26,+22237088158,halima.mintsalem658@outlook.com,15,Tiris Zemmour,ACTIVE,,ACTIVE,2022-07-20,2024-11-21T14:03:56.653Z,2022-07-20T16:43:58.371Z,2024-11-21T14:03:56.653Z
9153,7913511232,Binta,Sow,Binta Sow,F,1979-02-03,+22234346758,,13,Tagant,DORMANT,,ACTIVE,2023-12-29,2024-10-27T20:02:50.092Z,2023-12-29T22:13:17.705Z,2024-10-27T20:02:50.092Z
9154,6112817792,Penda,Dramé,Penda Dramé,F,1961-07-10,+22243532816,,12,Adrar,OCCASIONAL,,ACTIVE,2022-07-22,2024-08-04T13:39:13.649Z,2022-07-22T02:00:46.185Z,2024-08-04T13:39:13.649Z
9155,9201694472,Mounina,Bâ,Mounina Bâ,F,1992-10-24,+22234699113,mounina.bâ76@yahoo.fr,1,Nouakchott-Nord,ACTIVE,,PENDING_KYC,2024-05-21,2024-11-20T23:18:30.486Z,2024-05-21T14:55:03.733Z,2024-11-20T23:18:30.486Z
9156,6312398338,Kéba,Sall,Kéba Sall,M,1963-07-06,+22223438728,,12,Adrar,STANDARD,,BLOCKED,2023-05-12,2024-06-13T05:43:15.119Z,2023-05-12T03:22:45.819Z,2024-06-13T05:43:15.119Z
9157,6902822076,Mounina,Sy,Mounina Sy,F,1969-06-10,+22247345678,mounina.sy893@outlook.com,2,Nouakchott-Ouest,OCCASIONAL,,ACTIVE,2024-08-03,2024-11-05T21:43:02.320Z,2024-08-03T00:37:08.979Z,2024-11-05T21:43:02.320Z
9158,8201553497,Salka,Mint Zein,Salka Mint Zein,F,1982-07-04,+22249197483,,1,Nouakchott-Nord,STANDARD,,PENDING_KYC,2023-10-21,2024-02-17T01:43:33.178Z,2023-10-21T01:12:37.574Z,2024-02-17T01:43:33.178Z
9159,9905121478,Defa,Mint Khatri,Defa Mint Khatri,F,1999-11-09,+22237755018,defa.mintkhatri960@hotmail.fr,5,Trarza,OCCASIONAL,,ACTIVE,2022-10-06,2023-12-09T16:06:04.879Z,2022-10-06T08:08:59.851Z,2023-12-09T16:06:04.879Z
9160,7001429148,Hamoud,Ould Mokhtar,Hamoud Ould Mokhtar,M,1970-12-25,+22222767545,hamoud.ouldmokhtar28@yahoo.fr,1,Nouakchott-Nord,STANDARD,,ACTIVE,2023-11-12,2024-10-30T08:36:21.098Z,2023-11-12T02:39:19.703Z,2024-10-30T08:36:21.098Z
9161,6304420852,Ethmane,Touré,Ethmane Touré,M,1963-02-21,+22245676544,,4,Dakhlet Nouadhibou,STANDARD,,ACTIVE,2024-07-31,2024-11-05T01:00:01.609Z,2024-07-31T22:47:27.144Z,2024-11-05T01:00:01.609Z
9162,7401270102,Moctar,Ould Moulaye,Moctar Ould Moulaye,M,1974-08-01,+22225505774,moctar.ouldmoulaye82@yahoo.fr,1,Nouakchott-Nord,STANDARD,,ACTIVE,2024-09-09,2024-10-19T15:03:19.450Z,2024-09-09T13:29:31.684Z,2024-10-19T15:03:19.450Z
9163,6401123603,Siaka,Dramé,Siaka Dramé,M,1964-11-18,+22222519034,,1,Nouakchott-Nord,STANDARD,,ACTIVE,2022-05-04,2022-11-02T02:42:54.016Z,2022-05-04T04:44:12.633Z,2022-11-02T02:42:54.016Z
9164,8101936547,Hafsata,Mint Messoud,Hafsata Mint Messoud,F,1981-04-02,+22223835384,hafsata.mintmessoud585@outlook.com,1,Nouakchott-Nord,ACTIVE,,ACTIVE,2022-11-20,2023-11-08T21:52:03.305Z,2022-11-20T22:31:51.478Z,2023-11-08T21:52:03.305Z
9165,0405460122,Yaya,Kanouté,Yaya Kanouté,M,2004-09-02,+22249378768,,5,Trarza,ACTIVE,,ACTIVE,2023-07-02,2024-08-24T00:21:37.398Z,2023-07-02T12:21:59.565Z,2024-08-24T00:21:37.398Z
9166,7102695527,Aminetou,Mint Hadrami,Aminetou Mint Hadrami,F,1971-07-13,+22225270327,aminetou.minthadrami977@gmail.com,2,Nouakchott-Ouest,DORMANT,,INACTIVE,2023-12-14,2024-01-05T20:34:27.372Z,2023-12-14T02:54:32.838Z,2024-01-05T20:34:27.372Z
9167,8610292941,Ndèye,Dieng,Ndèye Dieng,F,1986-01-01,+22223311991,,10,Hodh Ech Chargui,ACTIVE,,ACTIVE,2023-09-29,2024-03-31T23:04:53.254Z,2023-09-29T16:57:46.864Z,2024-03-31T23:04:53.254Z
9168,0504118289,Mouna,Mint Soufi,Mouna Mint Soufi,F,2005-01-19,+22242038789,mouna.mintsoufi518@yahoo.fr,4,Dakhlet Nouadhibou,OCCASIONAL,,ACTIVE,2024-02-09,2024-03-26T04:02:51.849Z,2024-02-09T00:16:58.751Z,2024-03-26T04:02:51.849Z
9169,6403894127,Pape,Dramé,Pape Dramé,M,1964-07-22,+22237751112,,3,Nouakchott-Sud,VIP,,ACTIVE,2024-01-14,2024-08-05T03:22:37.498Z,2024-01-14T07:34:26.505Z,2024-08-05T03:22:37.498Z
9170,6702422777,Maguette,Ba,Maguette Ba,M,1967-05-17,+22223050830,,2,Nouakchott-Ouest,STANDARD,,ACTIVE,2023-08-06,2024-06-30T14:17:56.931Z,2023-08-06T08:56:21.010Z,2024-06-30T14:17:56.931Z
9171,6601521124,Hacen,Ould Brahim,Hacen Ould Brahim,M,1966-12-04,+22234444089,hacen.ouldbrahim544@gmail.com,1,Nouakchott-Nord,PREMIUM,,ACTIVE,2023-09-29,2024-05-01T14:44:41.314Z,2023-09-29T10:53:41.083Z,2024-05-01T14:44:41.314Z
9172,8102283981,Mouna,Mint Horma,Mouna Mint Horma,F,1981-03-08,+22249724215,mouna.minthorma255@hotmail.fr,2,Nouakchott-Ouest,DORMANT,,ACTIVE,2023-04-16,2024-12-02T22:02:03.763Z,2023-04-16T14:40:29.871Z,2024-12-02T22:02:03.763Z
9173,9105109173,Sidina,Ould Brahim,Sidina Ould Brahim,M,1991-03-27,+22223188449,,5,Trarza,ACTIVE,,ACTIVE,2023-03-20,2024-10-02T05:41:37.041Z,2023-03-20T19:42:38.249Z,2024-10-02T05:41:37.041Z
9174,7712799417,Kelthoum,Mint Hamoud,Kelthoum Mint Hamoud,F,1977-10-14,+22225946131,,12,Adrar,DORMANT,,INACTIVE,2024-09-26,2024-12-23T05:18:48.489Z,2024-09-26T06:26:34.750Z,2024-12-23T05:18:48.489Z
9175,6315790405,Vatma,Mint Horma,Vatma Mint Horma,F,1963-08-10,+22235552105,,15,Tiris Zemmour,ACTIVE,,ACTIVE,2023-03-31,2024-04-13T00:44:08.555Z,2023-03-31T12:04:32.022Z,2024-04-13T00:44:08.555Z
9176,9302674113,Cheibany,Koné,Cheibany Koné,M,1993-11-15,+22235464571,cheibany.koné264@outlook.com,2,Nouakchott-Ouest,DORMANT,,ACTIVE,2024-12-02,2024-12-03T21:48:05.718Z,2024-12-02T10:49:51.971Z,2024-12-03T21:48:05.718Z
9177,9902136819,Ethmane,Ould Isselmou,Ethmane Ould Isselmou,M,1999-09-14,+22224716213,,2,Nouakchott-Ouest,ACTIVE,,ACTIVE,2023-03-27,2024-07-02T06:01:24.123Z,2023-03-27T22:45:00.261Z,2024-07-02T06:01:24.123Z
9178,8906540664,Cheibany,Diakité,Cheibany Diakité,M,1989-01-24,+22232817971,,6,Brakna,OCCASIONAL,,ACTIVE,2023-10-27,2023-12-20T00:09:35.655Z,2023-10-27T14:23:23.322Z,2023-12-20T00:09:35.655Z
9179,8203933187,Kiné,Ndiaye,Kiné Ndiaye,F,1982-12-14,+22222234380,kiné.ndiaye885@yahoo.fr,3,Nouakchott-Sud,STANDARD,,PENDING_KYC,2022-06-09,2022-11-08T17:56:47.851Z,2022-06-09T01:30:37.806Z,2022-11-08T17:56:47.851Z
9180,6712807618,Aminetou,Mint Eleya,Aminetou Mint Eleya,F,1967-09-06,+22222707960,,12,Adrar,STANDARD,,ACTIVE,2024-10-13,2024-10-25T16:03:40.270Z,2024-10-13T15:56:43.115Z,2024-10-25T16:03:40.270Z
9181,7102552439,Adama,Mbaye,Adama Mbaye,M,1971-09-11,+22233851559,,2,Nouakchott-Ouest,ACTIVE,,INACTIVE,2023-09-24,2023-10-03T06:03:10.288Z,2023-09-24T18:13:47.705Z,2023-10-03T06:03:10.288Z
9182,6902234466,Mohamed Yahya,Ould El Mokhtar,Mohamed Yahya Ould El Mokhtar,M,1969-10-21,+22233536243,,2,Nouakchott-Ouest,ACTIVE,,ACTIVE,2024-02-14,2024-03-22T23:20:30.032Z,2024-02-14T23:18:14.607Z,2024-03-22T23:20:30.032Z
9183,9501636145,Cheibany,Dieng,Cheibany Dieng,M,1995-06-09,+22237145152,,1,Nouakchott-Nord,OCCASIONAL,,ACTIVE,2023-03-27,2024-12-02T11:44:11.953Z,2023-03-27T18:05:29.649Z,2024-12-02T11:44:11.953Z
9184,6711391345,Mariama,Dramé,Mariama Dramé,F,1967-09-06,+22233074138,,11,Hodh El Gharbi,OCCASIONAL,,ACTIVE,2024-03-10,2024-07-10T14:42:00.392Z,2024-03-10T04:09:25.579Z,2024-07-10T14:42:00.392Z
9185,9411472749,Abdallah,Kane,Abdallah Kane,M,1994-04-28,+22236020613,,11,Hodh El Gharbi,STANDARD,,ACTIVE,2023-07-25,2023-08-06T23:19:23.225Z,2023-07-25T19:58:44.663Z,2023-08-06T23:19:23.225Z
9186,0012655784,N'Dèye,Tall,N'Dèye Tall,F,2000-01-11,+22241538577,n'dèye.tall125@outlook.com,12,Adrar,DORMANT,,ACTIVE,2023-03-03,2023-04-26T22:03:32.066Z,2023-03-03T06:36:17.189Z,2023-04-26T22:03:32.066Z
9187,0003620449,Sira,Guèye,Sira Guèye,F,2000-10-23,+22225900888,,3,Nouakchott-Sud,OCCASIONAL,,ACTIVE,2022-10-15,2023-01-18T00:42:01.192Z,2022-10-15T11:06:04.289Z,2023-01-18T00:42:01.192Z
9188,6601316643,Mody,Gaye,Mody Gaye,M,1966-05-17,+22243856843,,1,Nouakchott-Nord,VIP,,ACTIVE,2024-03-27,2024-11-23T23:28:16.173Z,2024-03-27T04:44:50.419Z,2024-11-23T23:28:16.173Z
9189,9710869325,Meymouna,Thiaw,Meymouna Thiaw,F,1997-09-08,+22234835318,meymouna.thiaw7@yahoo.fr,10,Hodh Ech Chargui,OCCASIONAL,,ACTIVE,2024-01-28,2024-07-14T01:58:46.931Z,2024-01-28T04:34:51.820Z,2024-07-14T01:58:46.931Z
9190,6810515039,Ténin,Sall,Ténin Sall,F,1968-03-18,+22224435858,ténin.sall218@hotmail.fr,10,Hodh Ech Chargui,OCCASIONAL,,ACTIVE,2023-05-02,2024-12-08T02:33:29.096Z,2023-05-02T12:58:03.081Z,2024-12-08T02:33:29.096Z
9191,7302004297,El Hadj,Diop,El Hadj Diop,M,1973-11-24,+22241836225,,2,Nouakchott-Ouest,OCCASIONAL,,INACTIVE,2022-06-08,2023-04-05T18:16:05.972Z,2022-06-08T08:59:16.830Z,2023-04-05T18:16:05.972Z
9192,8501300063,Issa,Sy,Issa Sy,M,1985-10-25,+22237566550,,1,Nouakchott-Nord,STANDARD,,ACTIVE,2024-06-20,2024-11-19T09:32:03.321Z,2024-06-20T17:00:27.653Z,2024-11-19T09:32:03.321Z
9193,6501290216,Noura,Mint Nagi,Noura Mint Nagi,F,1965-06-19,+22222599933,noura.mintnagi612@outlook.com,1,Nouakchott-Nord,OCCASIONAL,,PENDING_KYC,2024-01-13,2024-11-13T20:52:00.457Z,2024-01-13T08:27:16.560Z,2024-11-13T20:52:00.457Z
9194,8601756283,Oumou,Mint Maloum,Oumou Mint Maloum,F,1986-08-27,+22223063670,,1,Nouakchott-Nord,DORMANT,,INACTIVE,2023-11-26,2023-12-12T03:52:36.513Z,2023-11-26T05:43:42.340Z,2023-12-12T03:52:36.513Z
9195,9302502023,Youssouf,Ould Mokhtar,Youssouf Ould Mokhtar,M,1993-12-20,+22225113744,,2,Nouakchott-Ouest,STANDARD,,ACTIVE,2022-03-27,2024-08-13T20:56:55.159Z,2022-03-27T20:12:18.628Z,2024-08-13T20:56:55.159Z
9196,6702226555,Aissata,Mint Dah,Aissata Mint Dah,F,1967-10-10,+22244791563,,2,Nouakchott-Ouest,STANDARD,,ACTIVE,2022-06-07,2023-04-17T21:10:54.787Z,2022-06-07T00:48:50.204Z,2023-04-17T21:10:54.787Z
9197,9113467775,Khadijetou,Sall,Khadijetou Sall,F,1991-12-13,+22236668181,,13,Tagant,ACTIVE,,ACTIVE,2023-12-23,2024-03-26T14:42:06.785Z,2023-12-23T12:48:49.135Z,2024-03-26T14:42:06.785Z
9198,6301687371,Mbarka,Mint Nagi,Mbarka Mint Nagi,F,1963-10-07,+22249220993,,1,Nouakchott-Nord,ACTIVE,,ACTIVE,2022-04-02,2023-03-18T15:41:26.208Z,2022-04-02T07:17:19.083Z,2023-03-18T15:41:26.208Z
9199,6502391736,Mahamadou,Sall,Mahamadou Sall,M,1965-10-28,+22225933645,mahamadou.sall718@outlook.com,2,Nouakchott-Ouest,ACTIVE,,ACTIVE,2022-09-23,2024-10-11T09:57:35.880Z,2022-09-23T06:35:43.405Z,2024-10-11T09:57:35.880Z
9200,6301223805,Demba,Sy,Demba Sy,M,1963-06-16,+22249438097,demba.sy962@hotmail.fr,1,Nouakchott-Nord,STANDARD,,ACTIVE,2023-03-16,2023-12-29T12:49:02.322Z,2023-03-16T14:19:34.679Z,2023-12-29T12:49:02.322Z
9201,0001786642,Hamadi,Ould El Mokhtar,Hamadi Ould El Mokhtar,M,2000-01-09,+22237780113,,1,Nouakchott-Nord,OCCASIONAL,,BLOCKED,2022-01-07,2024-01-14T23:31:26.867Z,2022-01-07T05:32:08.773Z,2024-01-14T23:31:26.867Z
9202,8405543098,Mountaga,Anne,Mountaga Anne,M,1984-09-10,+22235458284,mountaga.anne408@gmail.com,5,Trarza,ACTIVE,,ACTIVE,2024-02-17,2024-07-06T19:41:53.309Z,2024-02-17T02:27:52.476Z,2024-07-06T19:41:53.309Z
9203,6202373373,Abdellahi,Fofana,Abdellahi Fofana,M,1962-02-12,+22223623014,abdellahi.fofana573@outlook.com,2,Nouakchott-Ouest,STANDARD,,ACTIVE,2023-01-25,2023-08-01T04:44:28.322Z,2023-01-25T09:03:30.026Z,2023-08-01T04:44:28.322Z
9204,7702670920,Mor,Sissoko,Mor Sissoko,M,1977-05-17,+22223041963,mor.sissoko199@yahoo.fr,2,Nouakchott-Ouest,STANDARD,,ACTIVE,2022-04-09,2024-01-08T06:51:39.376Z,2022-04-09T16:48:35.593Z,2024-01-08T06:51:39.376Z
9205,0301055521,Néné,Koita,Néné Koita,F,2003-10-04,+22222117230,néné.koita142@yahoo.fr,1,Nouakchott-Nord,STANDARD,,ACTIVE,2022-01-28,2024-01-29T18:21:42.142Z,2022-01-28T04:44:44.481Z,2024-01-29T18:21:42.142Z
9206,9402740343,Ghalia,Mint Hamoud,Ghalia Mint Hamoud,F,1994-08-28,+22223535109,,2,Nouakchott-Ouest,OCCASIONAL,,ACTIVE,2023-09-16,2024-11-23T05:45:01.306Z,2023-09-16T21:52:17.246Z,2024-11-23T05:45:01.306Z
9207,8701387958,Mohamed Yahya,Thiam,Mohamed Yahya Thiam,M,1987-11-01,+22235674000,mohamedyahya.thiam835@outlook.com,1,Nouakchott-Nord,VIP,,ACTIVE,2023-05-03,2023-08-26T04:37:16.887Z,2023-05-03T00:02:17.252Z,2023-08-26T04:37:16.887Z
9208,7202785281,Saidou,Barry,Saidou Barry,M,1972-03-16,+22224233684,,2,Nouakchott-Ouest,OCCASIONAL,,ACTIVE,2024-07-27,2024-08-02T11:03:48.430Z,2024-07-27T09:31:08.006Z,2024-08-02T11:03:48.430Z
9209,0104457236,Ahmed Baba,Ould Moulaye,Ahmed Baba Ould Moulaye,M,2001-01-17,+22225117841,,4,Dakhlet Nouadhibou,OCCASIONAL,,ACTIVE,2023-08-02,2024-12-18T07:44:46.059Z,2023-08-02T02:27:30.087Z,2024-12-18T07:44:46.059Z
9210,6904837142,Messoud,Ould Hadrami,Messoud Ould Hadrami,M,1969-08-23,+22225662837,,4,Dakhlet Nouadhibou,DORMANT,,ACTIVE,2023-05-09,2024-11-17T17:38:40.507Z,2023-05-09T08:15:22.944Z,2024-11-17T17:38:40.507Z
9211,7903347597,Bilal,Ould Khatri,Bilal Ould Khatri,M,1979-09-13,+22224019197,bilal.ouldkhatri788@gmail.com,3,Nouakchott-Sud,ACTIVE,,ACTIVE,2023-09-30,2024-07-04T20:06:10.278Z,2023-09-30T12:50:49.298Z,2024-07-04T20:06:10.278Z
9212,6904111675,Aicha,Mint Abeih,Aicha Mint Abeih,F,1969-03-09,+22225139829,,4,Dakhlet Nouadhibou,ACTIVE,,ACTIVE,2023-09-24,2024-02-03T00:46:16.652Z,2023-09-24T20:08:47.115Z,2024-02-03T00:46:16.652Z
9213,6401638020,Lala,Sakho,Lala Sakho,F,1964-02-22,+22249165403,lala.sakho232@yahoo.fr,1,Nouakchott-Nord,STANDARD,,ACTIVE,2022-08-16,2023-10-21T15:21:52.424Z,2022-08-16T20:03:20.104Z,2023-10-21T15:21:52.424Z
9214,8815010957,Brahim,Baldé,Brahim Baldé,M,1988-12-22,+22222197331,,15,Tiris Zemmour,STANDARD,,ACTIVE,2022-09-27,2022-11-23T08:00:57.753Z,2022-09-27T22:04:25.183Z,2022-11-23T08:00:57.753Z
9215,0403240238,Kiné,Bâ,Kiné Bâ,F,2004-02-28,+22233344102,kiné.bâ195@yahoo.fr,3,Nouakchott-Sud,ACTIVE,,ACTIVE,2022-06-22,2024-07-09T01:11:58.949Z,2022-06-22T05:06:05.051Z,2024-07-09T01:11:58.949Z
9216,7103392016,Naima,Mint Ahmed,Naima Mint Ahmed,F,1971-07-05,+22224311505,,3,Nouakchott-Sud,PREMIUM,,ACTIVE,2022-01-17,2022-05-27T10:43:23.172Z,2022-01-17T14:20:50.921Z,2022-05-27T10:43:23.172Z
9217,7805995205,Alassane,Bathily,Alassane Bathily,M,1978-01-12,+22224942479,,5,Trarza,DORMANT,,ACTIVE,2024-06-21,2024-07-16T00:14:14.358Z,2024-06-21T15:05:38.628Z,2024-07-16T00:14:14.358Z
9218,8101983684,Oumou,Diallo,Oumou Diallo,F,1981-07-09,+22234602482,,1,Nouakchott-Nord,VIP,,ACTIVE,2022-09-11,2023-06-20T01:14:12.503Z,2022-09-11T15:03:47.694Z,2023-06-20T01:14:12.503Z
9219,6414914560,Dah,Ould Hamoud,Dah Ould Hamoud,M,1964-11-19,+22237776831,dah.ouldhamoud617@hotmail.fr,14,Inchiri,OCCASIONAL,,ACTIVE,2024-05-26,2024-09-26T12:47:59.387Z,2024-05-26T08:02:46.278Z,2024-09-26T12:47:59.387Z
9220,8503137434,Moulaye,Diakité,Moulaye Diakité,M,1985-09-10,+22248693225,,3,Nouakchott-Sud,STANDARD,,ACTIVE,2023-07-01,2024-01-30T15:22:16.463Z,2023-07-01T10:05:21.242Z,2024-01-30T15:22:16.463Z
9221,9412476014,Mariam,Mint Ahmedou,Mariam Mint Ahmedou,F,1994-05-06,+22233486247,mariam.mintahmedou31@yahoo.fr,12,Adrar,OCCASIONAL,,ACTIVE,2024-01-27,2024-01-27T21:00:46.181Z,2024-01-27T19:21:40.217Z,2024-01-27T21:00:46.181Z
9222,7101989117,Safiya,Mint Jiddou,Safiya Mint Jiddou,F,1971-10-08,+22232488804,safiya.mintjiddou845@gmail.com,1,Nouakchott-Nord,STANDARD,,ACTIVE,2024-03-28,2024-10-02T11:34:27.427Z,2024-03-28T21:48:44.442Z,2024-10-02T11:34:27.427Z
9223,6604058098,Safiya,Mint Horma,Safiya Mint Horma,F,1966-06-19,+22249968823,,4,Dakhlet Nouadhibou,DORMANT,,ACTIVE,2022-11-18,2024-02-18T00:45:27.119Z,2022-11-18T09:30:28.576Z,2024-02-18T00:45:27.119Z
9224,6709274702,Noura,Mint Vadel,Noura Mint Vadel,F,1967-01-14,+22222519328,noura.mintvadel502@yahoo.fr,9,Assaba,OCCASIONAL,,ACTIVE,2024-03-01,2024-04-17T19:50:53.913Z,2024-03-01T04:54:54.474Z,2024-04-17T19:50:53.913Z
9225,6502075500,Brahim,Bathily,Brahim Bathily,M,1965-04-10,+22247201304,brahim.bathily261@outlook.com,2,Nouakchott-Ouest,ACTIVE,,ACTIVE,2022-04-09,2022-04-30T07:18:31.046Z,2022-04-09T20:06:31.488Z,2022-04-30T07:18:31.046Z
9226,6602761840,Aïssata,Anne,Aïssata Anne,F,1966-09-09,+22235383427,aïssata.anne149@yahoo.fr,2,Nouakchott-Ouest,ACTIVE,,ACTIVE,2023-12-23,2024-10-12T13:26:00.904Z,2023-12-23T07:57:05.442Z,2024-10-12T13:26:00.904Z
9227,8906808526,Mounina,Kanouté,Mounina Kanouté,F,1989-11-12,+22249153314,,6,Brakna,ACTIVE,,ACTIVE,2023-07-14,2024-03-04T23:25:52.743Z,2023-07-14T19:17:36.117Z,2024-03-04T23:25:52.743Z
9228,9601695310,Mounina,Diallo,Mounina Diallo,F,1996-02-16,+22236350281,mounina.diallo964@hotmail.fr,1,Nouakchott-Nord,DORMANT,,ACTIVE,2022-05-20,2024-10-21T08:46:00.962Z,2022-05-20T16:00:28.408Z,2024-10-21T08:46:00.962Z
9229,6902531039,Leila,Mint Tourad,Leila Mint Tourad,F,1969-02-08,+22222541566,leila.minttourad911@yahoo.fr,2,Nouakchott-Ouest,OCCASIONAL,,ACTIVE,2022-01-20,2022-02-07T17:15:34.758Z,2022-01-20T00:48:32.524Z,2022-02-07T17:15:34.758Z
9230,8112572804,El Hacen,Anne,El Hacen Anne,M,1981-03-12,+22245430112,elhacen.anne423@gmail.com,12,Adrar,STANDARD,,ACTIVE,2024-01-18,2024-04-03T23:21:43.716Z,2024-01-18T08:58:27.085Z,2024-04-03T23:21:43.716Z
9231,6606435099,Maimouna,Diallo,Maimouna Diallo,F,1966-10-02,+22237823449,maimouna.diallo233@yahoo.fr,6,Brakna,STANDARD,,ACTIVE,2023-02-06,2023-10-12T18:48:13.960Z,2023-02-06T00:16:26.643Z,2023-10-12T18:48:13.960Z
9232,7203465254,Sakouba,Barry,Sakouba Barry,M,1972-09-19,+22234432825,,3,Nouakchott-Sud,ACTIVE,,ACTIVE,2023-09-09,2024-12-28T13:43:32.159Z,2023-09-09T18:42:01.551Z,2024-12-28T13:43:32.159Z
9233,7904932183,Ténin,Ly,Ténin Ly,F,1979-10-18,+22237587074,ténin.ly95@outlook.com,4,Dakhlet Nouadhibou,STANDARD,,ACTIVE,2024-01-24,2024-01-31T17:40:06.316Z,2024-01-24T21:28:49.748Z,2024-01-31T17:40:06.316Z
9234,6715474138,Abdoul,Doucouré,Abdoul Doucouré,M,1967-12-24,+22223307822,abdoul.doucouré874@outlook.com,15,Tiris Zemmour,STANDARD,,ACTIVE,2022-04-26,2024-06-19T07:13:30.704Z,2022-04-26T04:12:11.216Z,2024-06-19T07:13:30.704Z
9235,0404700151,Rokaya,Mint Hadrami,Rokaya Mint Hadrami,F,2004-05-15,+22249296720,,4,Dakhlet Nouadhibou,STANDARD,,ACTIVE,2023-11-07,2024-10-16T03:49:49.883Z,2023-11-07T02:21:46.844Z,2024-10-16T03:49:49.883Z
9236,0002194152,Kiné,Sow,Kiné Sow,F,2000-11-17,+22237921212,kiné.sow897@yahoo.fr,2,Nouakchott-Ouest,STANDARD,,ACTIVE,2023-12-19,2024-09-29T10:03:31.051Z,2023-12-19T06:14:53.701Z,2024-09-29T10:03:31.051Z
9237,9701219436,Khadijetou,Mint Hadrami,Khadijetou Mint Hadrami,F,1997-11-21,+22225582163,khadijetou.minthadrami12@hotmail.fr,1,Nouakchott-Nord,STANDARD,,ACTIVE,2022-08-15,2023-10-12T12:57:50.394Z,2022-08-15T08:07:42.251Z,2023-10-12T12:57:50.394Z
9238,7015564143,Hafsata,Mint Jiddou,Hafsata Mint Jiddou,F,1970-02-26,+22223640602,hafsata.mintjiddou537@yahoo.fr,15,Tiris Zemmour,STANDARD,,INACTIVE,2024-09-03,2024-12-30T15:00:16.801Z,2024-09-03T10:14:02.127Z,2024-12-30T15:00:16.801Z
9239,8315563900,Ely,Diagana,Ely Diagana,M,1983-02-06,+22234156946,ely.diagana50@yahoo.fr,15,Tiris Zemmour,OCCASIONAL,,ACTIVE,2023-05-22,2024-06-09T11:56:19.908Z,2023-05-22T03:00:20.424Z,2024-06-09T11:56:19.908Z
9240,7403262565,Salif,Diallo,Salif Diallo,M,1974-02-24,+22225498552,salif.diallo349@yahoo.fr,3,Nouakchott-Sud,PREMIUM,,ACTIVE,2023-09-10,2024-06-23T20:32:37.849Z,2023-09-10T05:48:11.324Z,2024-06-23T20:32:37.849Z
9241,6003488739,Aichetou,Mint Abeih,Aichetou Mint Abeih,F,1960-04-22,+22222568358,aichetou.mintabeih659@gmail.com,3,Nouakchott-Sud,DORMANT,,INACTIVE,2024-12-28,2024-12-29T04:26:59.881Z,2024-12-28T07:26:53.712Z,2024-12-29T04:26:59.881Z
9242,9406178465,Zahra,Mbaye,Zahra Mbaye,F,1994-02-22,+22223758847,,6,Brakna,ACTIVE,,PENDING_KYC,2022-12-06,2023-05-25T19:16:55.102Z,2022-12-06T04:43:14.984Z,2023-05-25T19:16:55.102Z
9243,0502136850,Maguette,Dieng,Maguette Dieng,M,2005-10-12,+22249307872,,2,Nouakchott-Ouest,STANDARD,,ACTIVE,2023-09-02,2023-09-25T01:42:12.518Z,2023-09-02T13:36:12.260Z,2023-09-25T01:42:12.518Z
9244,6711718551,Lala,Guèye,Lala Guèye,F,1967-11-02,+22244308367,lala.guèye748@outlook.com,11,Hodh El Gharbi,STANDARD,,INACTIVE,2022-08-21,2023-01-06T05:47:37.271Z,2022-08-21T09:24:12.738Z,2023-01-06T05:47:37.271Z
9245,8702708282,Vall,Dia,Vall Dia,M,1987-01-21,+22237632569,,2,Nouakchott-Ouest,STANDARD,,SUSPENDED,2022-06-01,2024-09-27T19:22:40.265Z,2022-06-01T20:44:10.516Z,2024-09-27T19:22:40.265Z
9246,8301176275,Aicha,Mint Saad,Aicha Mint Saad,F,1983-09-09,+22236257453,aicha.mintsaad990@gmail.com,1,Nouakchott-Nord,STANDARD,,ACTIVE,2024-03-22,2024-05-20T09:12:20.250Z,2024-03-22T16:40:16.715Z,2024-05-20T09:12:20.250Z
9247,7605537104,Lamine,Anne,Lamine Anne,M,1976-08-07,+22237876085,lamine.anne12@outlook.com,5,Trarza,ACTIVE,,ACTIVE,2024-03-28,2024-11-06T23:59:56.471Z,2024-03-28T10:20:35.126Z,2024-11-06T23:59:56.471Z
9248,8605890590,Maloum,Ould Ahmed,Maloum Ould Ahmed,M,1986-07-23,+22236388140,,5,Trarza,DORMANT,,ACTIVE,2023-05-18,2024-08-29T01:05:21.932Z,2023-05-18T01:06:23.798Z,2024-08-29T01:05:21.932Z
9249,6503288710,Kesso,Ndiaye,Kesso Ndiaye,F,1965-01-28,+22222756029,,3,Nouakchott-Sud,OCCASIONAL,,ACTIVE,2023-06-25,2024-07-21T16:24:52.613Z,2023-06-25T21:06:34.684Z,2024-07-21T16:24:52.613Z
9250,9015085547,Abeih,Ould El Mokhtar,Abeih Ould El Mokhtar,M,1990-01-24,+22223168046,abeih.ouldelmokhtar608@outlook.com,15,Tiris Zemmour,OCCASIONAL,,PENDING_KYC,2024-10-30,2024-12-04T22:14:12.543Z,2024-10-30T00:19:37.614Z,2024-12-04T22:14:12.543Z
9251,6905800907,Bintou,Faye,Bintou Faye,F,1969-10-09,+22222584507,,5,Trarza,ACTIVE,,ACTIVE,2023-08-10,2024-12-25T06:07:47.554Z,2023-08-10T03:43:53.147Z,2024-12-25T06:07:47.554Z
9252,9404204621,Mahfoudh,Mbaye,Mahfoudh Mbaye,M,1994-08-11,+22223560430,,4,Dakhlet Nouadhibou,OCCASIONAL,,ACTIVE,2024-04-19,2024-11-16T16:00:24.039Z,2024-04-19T12:47:09.346Z,2024-11-16T16:00:24.039Z
9253,9201694911,Massamba,Bâ,Massamba Bâ,M,1992-06-01,+22234401658,massamba.bâ982@outlook.com,1,Nouakchott-Nord,OCCASIONAL,,ACTIVE,2022-07-28,2023-06-08T02:24:55.811Z,2022-07-28T02:51:54.120Z,2023-06-08T02:24:55.811Z
9254,0204579591,Sidiki,Fall,Sidiki Fall,M,2002-04-04,+22235446299,,4,Dakhlet Nouadhibou,STANDARD,,ACTIVE,2023-06-26,2024-10-14T22:05:44.856Z,2023-06-26T16:34:37.124Z,2024-10-14T22:05:44.856Z
9255,6804641885,Mohamed Yahya,Yatabaré,Mohamed Yahya Yatabaré,M,1968-08-28,+22246622492,,4,Dakhlet Nouadhibou,STANDARD,,ACTIVE,2023-02-17,2024-01-12T09:24:27.796Z,2023-02-17T11:55:51.279Z,2024-01-12T09:24:27.796Z
9256,9901186655,Ndèye,Koita,Ndèye Koita,F,1999-11-14,+22242444948,ndèye.koita25@outlook.com,1,Nouakchott-Nord,OCCASIONAL,,ACTIVE,2023-10-11,2024-06-03T07:46:40.181Z,2023-10-11T05:53:30.430Z,2024-06-03T07:46:40.181Z
9257,8001369153,Khadijetou,Mint Isselmou,Khadijetou Mint Isselmou,F,1980-11-17,+22225445537,khadijetou.mintisselmou331@yahoo.fr,1,Nouakchott-Nord,STANDARD,,ACTIVE,2023-12-15,2024-12-03T09:07:09.975Z,2023-12-15T16:30:44.502Z,2024-12-03T09:07:09.975Z
9258,8704453001,Fatima,Mint Maloum,Fatima Mint Maloum,F,1987-04-05,+22236041319,fatima.mintmaloum918@hotmail.fr,4,Dakhlet Nouadhibou,STANDARD,,ACTIVE,2022-02-12,2024-03-30T15:15:10.313Z,2022-02-12T03:52:21.744Z,2024-03-30T15:15:10.313Z
9259,9612779269,Leila,Touré,Leila Touré,F,1996-11-18,+22224226557,,12,Adrar,ACTIVE,,ACTIVE,2022-08-20,2023-09-18T01:11:11.525Z,2022-08-20T09:13:39.235Z,2023-09-18T01:11:11.525Z
9260,9701948402,Ely,Ould Wedadi,Ely Ould Wedadi,M,1997-04-05,+22237288928,ely.ouldwedadi857@yahoo.fr,1,Nouakchott-Nord,ACTIVE,,ACTIVE,2024-06-05,2024-11-12T13:27:50.935Z,2024-06-05T13:32:38.959Z,2024-11-12T13:27:50.935Z
9261,8403498264,El Mokhtar,Mbow,El Mokhtar Mbow,M,1984-09-12,+22225390822,elmokhtar.mbow59@outlook.com,3,Nouakchott-Sud,STANDARD,,ACTIVE,2022-06-25,2023-09-30T07:30:49.481Z,2022-06-25T06:56:45.203Z,2023-09-30T07:30:49.481Z
9262,7803658782,Ely,Sarr,Ely Sarr,M,1978-09-11,+22241396887,,3,Nouakchott-Sud,OCCASIONAL,,ACTIVE,2023-07-18,2024-10-30T03:18:10.071Z,2023-07-18T15:35:10.489Z,2024-10-30T03:18:10.071Z
9263,9203113368,Mohamed,Ould Nenni,Mohamed Ould Nenni,M,1992-02-08,+22243608728,mohamed.ouldnenni122@yahoo.fr,3,Nouakchott-Sud,STANDARD,,INACTIVE,2023-07-04,2024-08-30T04:18:23.696Z,2023-07-04T01:47:17.097Z,2024-08-30T04:18:23.696Z
9264,9701473562,Aissata,Mbaye,Aissata Mbaye,F,1997-03-10,+22222827501,,1,Nouakchott-Nord,OCCASIONAL,,ACTIVE,2023-12-12,2024-08-12T12:24:29.204Z,2023-12-12T20:36:53.104Z,2024-08-12T12:24:29.204Z
9265,8501767262,Nouhoum,Niang,Nouhoum Niang,M,1985-03-12,+22237348538,,1,Nouakchott-Nord,STANDARD,,PENDING_KYC,2023-10-12,2024-06-29T23:57:35.829Z,2023-10-12T00:54:28.815Z,2024-06-29T23:57:35.829Z
9266,6913342019,Maguette,Camara,Maguette Camara,M,1969-08-17,+22236640547,maguette.camara992@gmail.com,13,Tagant,ACTIVE,,ACTIVE,2023-05-22,2024-10-08T16:03:19.019Z,2023-05-22T00:24:42.113Z,2024-10-08T16:03:19.019Z
9267,6008753706,Zeinab,Mint Horma,Zeinab Mint Horma,F,1960-05-01,+22237436765,zeinab.minthorma566@yahoo.fr,8,Guidimaka,STANDARD,,ACTIVE,2023-02-08,2024-07-12T13:48:29.535Z,2023-02-08T13:31:59.636Z,2024-07-12T13:48:29.535Z
9268,0402314341,Hamadi,Koné,Hamadi Koné,M,2004-03-21,+22225574454,,2,Nouakchott-Ouest,OCCASIONAL,,ACTIVE,2023-10-13,2024-02-18T06:03:34.479Z,2023-10-13T19:18:04.775Z,2024-02-18T06:03:34.479Z
9269,0404815136,Fanta,Diarra,Fanta Diarra,F,2004-02-07,+22225626475,,4,Dakhlet Nouadhibou,OCCASIONAL,,ACTIVE,2024-04-25,2024-09-21T11:53:28.335Z,2024-04-25T07:38:42.176Z,2024-09-21T11:53:28.335Z
9270,9601247582,Meymouna,Mint Salem,Meymouna Mint Salem,F,1996-09-26,+22223301628,meymouna.mintsalem868@outlook.com,1,Nouakchott-Nord,STANDARD,,ACTIVE,2023-12-09,2024-10-07T14:25:42.742Z,2023-12-09T22:36:54.065Z,2024-10-07T14:25:42.742Z
9271,6601289945,Moctar,Ould Sidi,Moctar Ould Sidi,M,1966-08-10,+22222825334,moctar.ouldsidi834@gmail.com,1,Nouakchott-Nord,OCCASIONAL,,ACTIVE,2024-01-05,2024-08-05T06:15:07.271Z,2024-01-05T03:22:53.100Z,2024-08-05T06:15:07.271Z
9272,6405223383,Aichetou,Koné,Aichetou Koné,F,1964-12-10,+22223901112,,5,Trarza,OCCASIONAL,,ACTIVE,2023-10-07,2023-11-09T19:37:04.973Z,2023-10-07T23:33:20.227Z,2023-11-09T19:37:04.973Z
9273,7103617465,Khadijetou,Mint Khatri,Khadijetou Mint Khatri,F,1971-03-24,+22249206235,khadijetou.mintkhatri408@yahoo.fr,3,Nouakchott-Sud,STANDARD,,SUSPENDED,2023-05-04,2023-11-27T20:53:26.024Z,2023-05-04T03:38:40.332Z,2023-11-27T20:53:26.024Z
9274,8507124366,Sidi Ahmed,Ould Messoud,Sidi Ahmed Ould Messoud,M,1985-12-25,+22224838217,sidiahmed.ouldmessoud68@outlook.com,7,Gorgol,OCCASIONAL,,ACTIVE,2022-09-22,2024-06-17T07:52:09.660Z,2022-09-22T19:12:16.043Z,2024-06-17T07:52:09.660Z
9275,8004672681,Minetou,Cissé,Minetou Cissé,F,1980-09-25,+22225091322,,4,Dakhlet Nouadhibou,ACTIVE,,ACTIVE,2023-04-09,2023-08-12T05:46:32.051Z,2023-04-09T13:18:10.656Z,2023-08-12T05:46:32.051Z
9276,6504324161,Bakary,Sall,Bakary Sall,M,1965-01-18,+22243589217,,4,Dakhlet Nouadhibou,DORMANT,,ACTIVE,2024-05-11,2024-06-14T22:39:51.882Z,2024-05-11T09:52:29.203Z,2024-06-14T22:39:51.882Z
9277,0401188080,Diahara,Bah,Diahara Bah,F,2004-06-06,+22223500067,diahara.bah875@hotmail.fr,1,Nouakchott-Nord,STANDARD,,ACTIVE,2023-07-14,2024-11-05T03:41:57.866Z,2023-07-14T05:33:21.419Z,2024-11-05T03:41:57.866Z
9278,7609432539,Halima,Mint Hamoud,Halima Mint Hamoud,F,1976-10-18,+22233861141,,9,Assaba,ACTIVE,,ACTIVE,2022-03-05,2022-04-28T14:42:21.125Z,2022-03-05T08:04:43.638Z,2022-04-28T14:42:21.125Z
9279,7202147766,Mahfoudh,Ould Bouha,Mahfoudh Ould Bouha,M,1972-09-06,+22223546473,mahfoudh.ouldbouha21@hotmail.fr,2,Nouakchott-Ouest,ACTIVE,,ACTIVE,2024-03-22,2024-10-12T15:48:22.362Z,2024-03-22T03:04:21.075Z,2024-10-12T15:48:22.362Z
9280,6203396841,Jiddou,Ould Ethmane,Jiddou Ould Ethmane,M,1962-04-21,+22223666217,jiddou.ouldethmane788@hotmail.fr,3,Nouakchott-Sud,ACTIVE,,ACTIVE,2022-12-11,2024-01-30T08:35:36.162Z,2022-12-11T16:22:56.259Z,2024-01-30T08:35:36.162Z
9281,8301203401,Mohamed Salem,Fall,Mohamed Salem Fall,M,1983-08-01,+22247632417,,1,Nouakchott-Nord,STANDARD,,PENDING_KYC,2024-02-08,2024-10-16T23:13:50.327Z,2024-02-08T23:18:19.968Z,2024-10-16T23:13:50.327Z
9282,7001531030,Anta,Ly,Anta Ly,F,1970-05-24,+22237916637,anta.ly895@hotmail.fr,1,Nouakchott-Nord,STANDARD,,ACTIVE,2024-04-17,2024-08-22T13:14:44.022Z,2024-04-17T00:32:53.030Z,2024-08-22T13:14:44.022Z
9283,7102260413,Aminetou,Mint Hadrami,Aminetou Mint Hadrami,F,1971-07-13,+22222479823,,2,Nouakchott-Ouest,OCCASIONAL,,ACTIVE,2024-05-25,2024-09-08T15:19:20.801Z,2024-05-25T00:48:14.902Z,2024-09-08T15:19:20.801Z
9284,9503141182,Sekou,Diop,Sekou Diop,M,1995-02-07,+22224775893,,3,Nouakchott-Sud,STANDARD,,ACTIVE,2024-08-06,2024-10-01T03:27:43.639Z,2024-08-06T18:49:29.282Z,2024-10-01T03:27:43.639Z
9285,7405820523,Aïssata,Tall,Aïssata Tall,F,1974-04-12,+22235643665,aïssata.tall770@yahoo.fr,5,Trarza,STANDARD,,PENDING_KYC,2023-11-15,2024-11-08T09:42:57.147Z,2023-11-15T21:39:55.671Z,2024-11-08T09:42:57.147Z
9286,6903788696,Mariem,Sakho,Mariem Sakho,F,1969-08-09,+22232122108,,3,Nouakchott-Sud,PREMIUM,,ACTIVE,2022-03-05,2023-12-20T14:19:27.528Z,2022-03-05T10:43:22.399Z,2023-12-20T14:19:27.528Z
9287,7901164738,Zeinab,Diallo,Zeinab Diallo,F,1979-04-11,+22235295703,,1,Nouakchott-Nord,PREMIUM,,ACTIVE,2024-05-17,2024-10-08T15:13:29.614Z,2024-05-17T16:26:51.046Z,2024-10-08T15:13:29.614Z
9288,6404962809,Abdoulaye,Ndiaye,Abdoulaye Ndiaye,M,1964-05-15,+22235635740,abdoulaye.ndiaye293@yahoo.fr,4,Dakhlet Nouadhibou,STANDARD,,ACTIVE,2024-07-24,2024-10-28T16:21:56.957Z,2024-07-24T00:47:29.753Z,2024-10-28T16:21:56.957Z
9289,9804122411,Fatou,Sakho,Fatou Sakho,F,1998-08-06,+22232102669,,4,Dakhlet Nouadhibou,ACTIVE,,BLOCKED,2023-06-29,2024-05-24T04:12:10.148Z,2023-06-29T03:26:58.985Z,2024-05-24T04:12:10.148Z
9290,7304081755,Soueidatt,Fall,Soueidatt Fall,M,1973-12-02,+22224190486,soueidatt.fall698@hotmail.fr,4,Dakhlet Nouadhibou,OCCASIONAL,,INACTIVE,2024-12-19,2024-12-30T00:58:47.973Z,2024-12-19T05:57:19.255Z,2024-12-30T00:58:47.973Z
9291,9402100949,Banna,Thiam,Banna Thiam,F,1994-06-01,+22241694039,banna.thiam953@outlook.com,2,Nouakchott-Ouest,STANDARD,,ACTIVE,2023-09-14,2024-11-24T06:10:14.241Z,2023-09-14T11:37:33.835Z,2024-11-24T06:10:14.241Z
9292,6102157833,Houda,Mint Isselmou,Houda Mint Isselmou,F,1961-06-01,+22245227502,houda.mintisselmou920@gmail.com,2,Nouakchott-Ouest,ACTIVE,,ACTIVE,2023-07-25,2024-02-13T10:12:33.983Z,2023-07-25T12:12:46.123Z,2024-02-13T10:12:33.983Z
9293,0202455750,Vall,Wade,Vall Wade,M,2002-08-16,+22223790408,,2,Nouakchott-Ouest,STANDARD,,PENDING_KYC,2023-10-25,2024-09-22T11:19:55.539Z,2023-10-25T20:37:13.433Z,2024-09-22T11:19:55.539Z
9294,6903886493,Hamoud,Ould Hamoud,Hamoud Ould Hamoud,M,1969-11-10,+22232853218,hamoud.ouldhamoud200@hotmail.fr,3,Nouakchott-Sud,DORMANT,,ACTIVE,2023-07-27,2024-06-03T02:19:51.878Z,2023-07-27T04:38:08.124Z,2024-06-03T02:19:51.878Z
9295,6102077306,Ghalia,Bah,Ghalia Bah,F,1961-02-13,+22243465522,,2,Nouakchott-Ouest,OCCASIONAL,,ACTIVE,2022-04-19,2024-06-07T06:05:28.904Z,2022-04-19T01:11:08.151Z,2024-06-07T06:05:28.904Z
9296,9304403463,Mbarka,Mint El Ghassem,Mbarka Mint El Ghassem,F,1993-09-13,+22225729269,mbarka.mintelghassem13@yahoo.fr,4,Dakhlet Nouadhibou,STANDARD,,ACTIVE,2022-10-29,2024-05-02T10:10:32.129Z,2022-10-29T03:30:58.651Z,2024-05-02T10:10:32.129Z
9297,9701934676,Maty,Thiaw,Maty Thiaw,F,1997-11-27,+22222163135,,1,Nouakchott-Nord,OCCASIONAL,,ACTIVE,2023-07-31,2023-10-28T18:43:38.929Z,2023-07-31T07:00:33.390Z,2023-10-28T18:43:38.929Z
9298,6215106887,Rokaya,Mint Hamoud,Rokaya Mint Hamoud,F,1962-05-02,+22237319320,,15,Tiris Zemmour,OCCASIONAL,,ACTIVE,2023-03-01,2024-07-01T06:28:16.347Z,2023-03-01T09:46:09.910Z,2024-07-01T06:28:16.347Z
9299,6102555307,Cheikh,Ould El Ghassem,Cheikh Ould El Ghassem,M,1961-06-13,+22224924017,cheikh.ouldelghassem203@yahoo.fr,2,Nouakchott-Ouest,STANDARD,,ACTIVE,2022-08-14,2024-01-17T22:03:19.247Z,2022-08-14T22:42:56.690Z,2024-01-17T22:03:19.247Z
9300,7503815009,Safiya,Mint El Ghassem,Safiya Mint El Ghassem,F,1975-12-02,+22224446581,safiya.mintelghassem781@hotmail.fr,3,Nouakchott-Sud,OCCASIONAL,,PENDING_KYC,2023-05-28,2024-10-24T05:22:41.140Z,2023-05-28T14:31:19.190Z,2024-10-24T05:22:41.140Z
9301,7803727879,Abdel Kader,Ould Ghali,Abdel Kader Ould Ghali,M,1978-07-01,+22225969257,,3,Nouakchott-Sud,STANDARD,,SUSPENDED,2022-12-31,2023-12-30T12:11:30.108Z,2022-12-31T12:39:36.862Z,2023-12-30T12:11:30.108Z
9302,6506190401,Mountaga,Thiam,Mountaga Thiam,M,1965-03-18,+22224489016,mountaga.thiam75@outlook.com,6,Brakna,DORMANT,,ACTIVE,2022-11-08,2023-05-03T03:18:09.077Z,2022-11-08T13:40:07.848Z,2023-05-03T03:18:09.077Z
9303,6402098537,Mokhtar,Thiaw,Mokhtar Thiaw,M,1964-04-21,+22225848364,,2,Nouakchott-Ouest,ACTIVE,,ACTIVE,2022-03-25,2023-06-14T08:30:48.289Z,2022-03-25T21:24:36.864Z,2023-06-14T08:30:48.289Z
9304,6305320863,Youssouf,Ould Tourad,Youssouf Ould Tourad,M,1963-11-22,+22242018148,,5,Trarza,OCCASIONAL,,ACTIVE,2023-12-24,2024-04-20T16:44:21.648Z,2023-12-24T16:47:45.593Z,2024-04-20T16:44:21.648Z
9305,7901841066,Ibrahima,Dia,Ibrahima Dia,M,1979-06-28,+22225723737,,1,Nouakchott-Nord,OCCASIONAL,,ACTIVE,2024-06-01,2024-07-30T16:55:35.835Z,2024-06-01T12:30:40.743Z,2024-07-30T16:55:35.835Z
9306,6115617861,Siaka,Thiam,Siaka Thiam,M,1961-07-15,+22242321779,,15,Tiris Zemmour,STANDARD,,ACTIVE,2024-08-06,2024-09-29T20:04:36.678Z,2024-08-06T08:21:51.531Z,2024-09-29T20:04:36.678Z
9307,8002797395,El Khalil,Ould Isselmou,El Khalil Ould Isselmou,M,1980-12-12,+22222717865,,2,Nouakchott-Ouest,STANDARD,,ACTIVE,2022-08-31,2023-04-09T15:00:08.926Z,2022-08-31T01:03:24.444Z,2023-04-09T15:00:08.926Z
9308,9902797160,Tidiane,Diop,Tidiane Diop,M,1999-09-28,+22225449946,tidiane.diop860@outlook.com,2,Nouakchott-Ouest,OCCASIONAL,,ACTIVE,2022-08-12,2023-02-22T16:01:24.137Z,2022-08-12T13:45:59.967Z,2023-02-22T16:01:24.137Z
9309,9704017468,Khady,Koita,Khady Koita,F,1997-02-22,+22232444451,,4,Dakhlet Nouadhibou,ACTIVE,,ACTIVE,2023-06-17,2024-06-05T10:30:34.450Z,2023-06-17T11:07:15.804Z,2024-06-05T10:30:34.450Z
9310,6909523105,Banna,Bah,Banna Bah,F,1969-07-04,+22222107341,,9,Assaba,ACTIVE,,ACTIVE,2024-07-21,2024-10-28T21:21:37.791Z,2024-07-21T20:31:25.057Z,2024-10-28T21:21:37.791Z
9311,8102791569,Mariem,Mint Vadel,Mariem Mint Vadel,F,1981-03-08,+22234299329,,2,Nouakchott-Ouest,STANDARD,,ACTIVE,2022-08-26,2023-10-26T13:42:23.868Z,2022-08-26T03:47:09.363Z,2023-10-26T13:42:23.868Z
9312,8003833409,Soueidatt,Ould Nagi,Soueidatt Ould Nagi,M,1980-12-11,+22222987603,,3,Nouakchott-Sud,STANDARD,,ACTIVE,2023-09-21,2024-04-02T02:18:24.614Z,2023-09-21T11:04:53.641Z,2024-04-02T02:18:24.614Z
9313,9404528709,Boubacar,Koné,Boubacar Koné,M,1994-07-11,+22243223806,,4,Dakhlet Nouadhibou,ACTIVE,,ACTIVE,2024-06-26,2024-11-01T06:55:39.033Z,2024-06-26T00:37:11.915Z,2024-11-01T06:55:39.033Z
9314,0303037129,Wedadi,Ould Hamadi,Wedadi Ould Hamadi,M,2003-05-11,+22246607972,,3,Nouakchott-Sud,STANDARD,,INACTIVE,2023-11-20,2023-12-23T23:07:20.878Z,2023-11-20T11:14:20.332Z,2023-12-23T23:07:20.878Z
9315,9304522476,Houda,Mint El Ghassem,Houda Mint El Ghassem,F,1993-04-14,+22244157359,houda.mintelghassem687@yahoo.fr,4,Dakhlet Nouadhibou,OCCASIONAL,,ACTIVE,2024-05-17,2024-07-23T00:40:47.620Z,2024-05-17T16:50:20.815Z,2024-07-23T00:40:47.620Z
9316,8801450185,Cheikh Sidiya,Ould Limam,Cheikh Sidiya Ould Limam,M,1988-12-26,+22225994143,,1,Nouakchott-Nord,STANDARD,,ACTIVE,2023-07-11,2023-09-30T09:46:40.377Z,2023-07-11T16:18:22.260Z,2023-09-30T09:46:40.377Z
9317,7803673464,Zein,Ould Mohamed,Zein Ould Mohamed,M,1978-05-22,+22249590680,,3,Nouakchott-Sud,ACTIVE,,ACTIVE,2024-03-19,2024-04-20T22:46:21.284Z,2024-03-19T09:12:48.934Z,2024-04-20T22:46:21.284Z
9318,7903177611,Bakary,Baldé,Bakary Baldé,M,1979-10-12,+22249972020,bakary.baldé974@outlook.com,3,Nouakchott-Sud,OCCASIONAL,,ACTIVE,2022-11-27,2024-05-03T09:06:55.942Z,2022-11-27T02:31:11.664Z,2024-05-03T09:06:55.942Z
9319,0302615984,Habiba,Faye,Habiba Faye,F,2003-05-04,+22249524276,,2,Nouakchott-Ouest,STANDARD,,ACTIVE,2024-04-12,2024-11-15T02:32:38.198Z,2024-04-12T05:26:42.430Z,2024-11-15T02:32:38.198Z
9320,7801466350,Habiba,Ndour,Habiba Ndour,F,1978-01-14,+22222917702,habiba.ndour469@hotmail.fr,1,Nouakchott-Nord,OCCASIONAL,,ACTIVE,2023-05-03,2023-06-21T05:49:43.230Z,2023-05-03T20:37:59.826Z,2023-06-21T05:49:43.230Z
9321,6509736747,Vatma,Sakho,Vatma Sakho,F,1965-08-02,+22233668360,vatma.sakho19@gmail.com,9,Assaba,STANDARD,,ACTIVE,2024-04-21,2024-11-30T07:41:59.492Z,2024-04-21T05:27:11.043Z,2024-11-30T07:41:59.492Z
9322,7112671005,Limam,Ould Sidi,Limam Ould Sidi,M,1971-10-27,+22224078093,,12,Adrar,STANDARD,,ACTIVE,2023-12-12,2024-05-12T21:40:59.205Z,2023-12-12T15:38:23.398Z,2024-05-12T21:40:59.205Z
9323,6702935338,Sidi,Ould Ghali,Sidi Ould Ghali,M,1967-11-02,+22223142999,,2,Nouakchott-Ouest,DORMANT,,ACTIVE,2022-05-01,2023-06-01T19:08:11.245Z,2022-05-01T01:43:05.994Z,2023-06-01T19:08:11.245Z
9324,7201260019,Oumou,Mint Abdel Kader,Oumou Mint Abdel Kader,F,1972-02-27,+22234892393,oumou.mintabdelkader603@gmail.com,1,Nouakchott-Nord,OCCASIONAL,,ACTIVE,2024-02-15,2024-08-04T06:32:28.692Z,2024-02-15T12:36:16.003Z,2024-08-04T06:32:28.692Z
9325,0201760095,Alioune,Dia,Alioune Dia,M,2002-12-06,+22242450542,,1,Nouakchott-Nord,ACTIVE,,ACTIVE,2022-07-29,2024-08-12T00:34:41.694Z,2022-07-29T11:53:50.960Z,2024-08-12T00:34:41.694Z
9326,7503776487,Ramatoulaye,Dia,Ramatoulaye Dia,F,1975-02-21,+22222302749,,3,Nouakchott-Sud,STANDARD,,ACTIVE,2024-01-06,2024-07-25T13:18:40.594Z,2024-01-06T13:33:26.466Z,2024-07-25T13:18:40.594Z
9327,6302333943,Sidi Ahmed,Ould Horma,Sidi Ahmed Ould Horma,M,1963-05-18,+22247090404,,2,Nouakchott-Ouest,STANDARD,,INACTIVE,2022-04-17,2024-10-29T20:32:15.409Z,2022-04-17T17:56:31.137Z,2024-10-29T20:32:15.409Z
9328,6502109722,Nouh,Ould Vadel,Nouh Ould Vadel,M,1965-10-27,+22232969316,,2,Nouakchott-Ouest,STANDARD,,ACTIVE,2022-02-19,2023-04-20T18:33:54.476Z,2022-02-19T08:59:55.006Z,2023-04-20T18:33:54.476Z
9329,9205053509,Halima,Barry,Halima Barry,F,1992-02-13,+22237986750,halima.barry545@gmail.com,5,Trarza,OCCASIONAL,,ACTIVE,2023-01-28,2024-12-16T11:51:17.797Z,2023-01-28T21:21:22.552Z,2024-12-16T11:51:17.797Z
9330,7702721354,Mahfoudh,Mbow,Mahfoudh Mbow,M,1977-02-13,+22249780309,,2,Nouakchott-Ouest,STANDARD,,ACTIVE,2022-10-02,2024-11-03T08:10:12.034Z,2022-10-02T22:33:42.927Z,2024-11-03T08:10:12.034Z
9331,0312513746,Kelthoum,Mint Ghali,Kelthoum Mint Ghali,F,2003-09-19,+22223988923,,12,Adrar,STANDARD,,ACTIVE,2022-05-19,2024-05-04T01:59:11.655Z,2022-05-19T05:36:14.557Z,2024-05-04T01:59:11.655Z
9332,7802691148,Yacoub,Doucouré,Yacoub Doucouré,M,1978-01-09,+22223092000,yacoub.doucouré708@gmail.com,2,Nouakchott-Ouest,STANDARD,,ACTIVE,2023-04-11,2023-04-29T05:21:30.622Z,2023-04-11T10:23:56.841Z,2023-04-29T05:21:30.622Z
9333,7101292282,Anta,Fall,Anta Fall,F,1971-09-14,+22241103110,anta.fall590@yahoo.fr,1,Nouakchott-Nord,STANDARD,,ACTIVE,2024-05-31,2024-12-12T23:44:55.365Z,2024-05-31T02:18:37.152Z,2024-12-12T23:44:55.365Z
9334,8302687093,Mohamed Salem,Ould Cheikh,Mohamed Salem Ould Cheikh,M,1983-03-15,+22232234591,,2,Nouakchott-Ouest,ACTIVE,,ACTIVE,2024-05-02,2024-12-07T11:00:14.263Z,2024-05-02T12:23:53.338Z,2024-12-07T11:00:14.263Z
9335,9302366188,Bakary,Thiam,Bakary Thiam,M,1993-03-08,+22232277976,,2,Nouakchott-Ouest,ACTIVE,,ACTIVE,2024-11-15,2024-12-03T13:06:32.868Z,2024-11-15T22:38:06.321Z,2024-12-03T13:06:32.868Z
9336,7302368010,Mbareck,Ould Lemrabott,Mbareck Ould Lemrabott,M,1973-03-11,+22249216151,,2,Nouakchott-Ouest,ACTIVE,,ACTIVE,2023-03-19,2024-01-09T03:55:59.263Z,2023-03-19T03:29:51.884Z,2024-01-09T03:55:59.263Z
9337,9503277889,Habiboullah,Ould El Ghassem,Habiboullah Ould El Ghassem,M,1995-10-01,+22223065951,habiboullah.ouldelghassem78@gmail.com,3,Nouakchott-Sud,OCCASIONAL,,INACTIVE,2023-09-22,2024-06-26T19:56:58.852Z,2023-09-22T09:38:05.061Z,2024-06-26T19:56:58.852Z
9338,7304198484,Dramane,Kouyaté,Dramane Kouyaté,M,1973-12-25,+22223290153,,4,Dakhlet Nouadhibou,STANDARD,,ACTIVE,2022-09-15,2023-05-27T12:34:26.339Z,2022-09-15T09:32:43.294Z,2023-05-27T12:34:26.339Z
9339,7602693733,Mansour,Diop,Mansour Diop,M,1976-10-12,+22246512778,,2,Nouakchott-Ouest,STANDARD,,ACTIVE,2023-02-23,2023-05-26T05:25:27.458Z,2023-02-23T07:17:28.613Z,2023-05-26T05:25:27.458Z
9340,9002688418,Souleymane,Sarr,Souleymane Sarr,M,1990-10-02,+22237998348,,2,Nouakchott-Ouest,PREMIUM,,ACTIVE,2023-11-26,2024-08-14T17:23:13.599Z,2023-11-26T15:56:29.117Z,2024-08-14T17:23:13.599Z
9341,0302050774,Zeinab,Thiam,Zeinab Thiam,F,2003-11-21,+22224915854,,2,Nouakchott-Ouest,OCCASIONAL,,ACTIVE,2022-09-22,2023-04-21T13:06:31.114Z,2022-09-22T19:27:29.573Z,2023-04-21T13:06:31.114Z
9342,8615984584,Bocar,Guèye,Bocar Guèye,M,1986-06-05,+22233457596,bocar.guèye751@yahoo.fr,15,Tiris Zemmour,ACTIVE,,ACTIVE,2022-11-25,2023-04-02T17:25:53.529Z,2022-11-25T00:03:45.741Z,2023-04-02T17:25:53.529Z
9343,7804616529,Kiné,Ly,Kiné Ly,F,1978-08-01,+22242814771,kiné.ly114@yahoo.fr,4,Dakhlet Nouadhibou,OCCASIONAL,,ACTIVE,2024-05-19,2024-09-20T00:36:03.993Z,2024-05-19T15:16:25.591Z,2024-09-20T00:36:03.993Z
9344,7802054501,Zahra,Mint Messoud,Zahra Mint Messoud,F,1978-01-09,+22224313047,,2,Nouakchott-Ouest,ACTIVE,,ACTIVE,2024-08-28,2024-09-27T22:18:43.100Z,2024-08-28T00:01:40.448Z,2024-09-27T22:18:43.100Z
9345,8501033853,Fatima,Camara,Fatima Camara,F,1985-03-04,+22248975846,,1,Nouakchott-Nord,VIP,,ACTIVE,2023-11-10,2024-06-14T19:56:31.208Z,2023-11-10T12:40:23.382Z,2024-06-14T19:56:31.208Z
9346,0106156942,Tourad,Ould Mohamed,Tourad Ould Mohamed,M,2001-07-16,+22222478022,tourad.ouldmohamed982@gmail.com,6,Brakna,STANDARD,,ACTIVE,2023-01-13,2023-04-26T15:21:25.567Z,2023-01-13T01:54:44.003Z,2023-04-26T15:21:25.567Z
9347,6402262563,Hawa,Thiam,Hawa Thiam,F,1964-11-16,+22223452890,,2,Nouakchott-Ouest,OCCASIONAL,,BLOCKED,2023-10-22,2024-07-25T18:33:39.864Z,2023-10-22T04:46:00.204Z,2024-07-25T18:33:39.864Z
9348,7302907817,Aliou,Ba,Aliou Ba,M,1973-10-15,+22225475274,,2,Nouakchott-Ouest,OCCASIONAL,,ACTIVE,2022-03-11,2022-07-10T10:00:05.932Z,2022-03-11T19:14:05.417Z,2022-07-10T10:00:05.932Z
9349,8702528844,Safiya,Bathily,Safiya Bathily,F,1987-07-18,+22243309768,safiya.bathily211@hotmail.fr,2,Nouakchott-Ouest,OCCASIONAL,,ACTIVE,2022-02-03,2024-02-23T23:43:23.432Z,2022-02-03T02:54:44.573Z,2024-02-23T23:43:23.432Z
9350,8503373649,Maloum,Ould Nagi,Maloum Ould Nagi,M,1985-08-12,+22222118863,,3,Nouakchott-Sud,STANDARD,,ACTIVE,2022-09-18,2023-02-09T18:35:38.754Z,2022-09-18T03:56:15.540Z,2023-02-09T18:35:38.754Z
9351,8402299701,Brahim,Ould Mahmoud,Brahim Ould Mahmoud,M,1984-09-06,+22248420404,brahim.ouldmahmoud323@outlook.com,2,Nouakchott-Ouest,STANDARD,,ACTIVE,2023-08-24,2023-12-07T09:49:20.539Z,2023-08-24T10:49:42.571Z,2023-12-07T09:49:20.539Z
9352,8702129122,Vall,Dia,Vall Dia,M,1987-01-21,+22246666177,,2,Nouakchott-Ouest,ACTIVE,,ACTIVE,2024-09-12,2024-12-28T13:04:08.554Z,2024-09-12T15:22:18.715Z,2024-12-28T13:04:08.554Z
9353,9301538997,Massamba,Dramé,Massamba Dramé,M,1993-04-04,+22223870855,,1,Nouakchott-Nord,OCCASIONAL,,INACTIVE,2022-10-08,2024-03-08T19:40:41.907Z,2022-10-08T10:25:20.364Z,2024-03-08T19:40:41.907Z
9354,7801476946,Habiboullah,Ould Dah,Habiboullah Ould Dah,M,1978-01-19,+22224120525,habiboullah.oulddah459@hotmail.fr,1,Nouakchott-Nord,DORMANT,,ACTIVE,2023-04-22,2024-08-10T19:53:34.173Z,2023-04-22T15:46:06.225Z,2024-08-10T19:53:34.173Z
9355,8306031214,Sadio,Diakité,Sadio Diakité,M,1983-04-08,+22233024031,,6,Brakna,ACTIVE,,ACTIVE,2024-02-24,2024-07-26T18:33:38.800Z,2024-02-24T07:17:20.216Z,2024-07-26T18:33:38.800Z
9356,6904960565,Horma,Ould El Mokhtar,Horma Ould El Mokhtar,M,1969-10-06,+22237579367,horma.ouldelmokhtar334@outlook.com,4,Dakhlet Nouadhibou,ACTIVE,,ACTIVE,2023-07-21,2024-12-16T16:33:25.005Z,2023-07-21T10:38:39.343Z,2024-12-16T16:33:25.005Z
9357,9105558980,Maimouna,Dramé,Maimouna Dramé,F,1991-11-03,+22246069493,maimouna.dramé959@hotmail.fr,5,Trarza,DORMANT,,ACTIVE,2022-01-22,2024-08-30T16:46:00.944Z,2022-01-22T12:53:24.932Z,2024-08-30T16:46:00.944Z
9358,6703853259,Bintou,Dieng,Bintou Dieng,F,1967-06-09,+22237430353,,3,Nouakchott-Sud,OCCASIONAL,,ACTIVE,2023-11-04,2024-11-08T12:57:54.245Z,2023-11-04T21:14:23.212Z,2024-11-08T12:57:54.245Z
9359,6804730378,Leila,Mint Messoud,Leila Mint Messoud,F,1968-11-14,+22232081683,leila.mintmessoud879@gmail.com,4,Dakhlet Nouadhibou,STANDARD,,ACTIVE,2023-06-28,2023-08-20T04:45:00.937Z,2023-06-28T14:11:29.843Z,2023-08-20T04:45:00.937Z
9360,8806446297,Messoud,Ould Messoud,Messoud Ould Messoud,M,1988-08-17,+22223494694,,6,Brakna,ACTIVE,,ACTIVE,2022-07-16,2023-05-24T09:32:51.698Z,2022-07-16T00:22:04.876Z,2023-05-24T09:32:51.698Z
9361,6601902903,Koumba,Dramé,Koumba Dramé,F,1966-10-18,+22237669328,,1,Nouakchott-Nord,PREMIUM,,ACTIVE,2023-04-03,2023-05-20T01:56:28.456Z,2023-04-03T17:00:52.169Z,2023-05-20T01:56:28.456Z
9362,7802915327,Nouh,Sow,Nouh Sow,M,1978-12-16,+22232314853,,2,Nouakchott-Ouest,DORMANT,,ACTIVE,2023-02-28,2024-05-08T10:26:35.358Z,2023-02-28T05:50:59.015Z,2024-05-08T10:26:35.358Z
9363,7912733013,Lemrabott,Ould Saad,Lemrabott Ould Saad,M,1979-03-18,+22237467445,,12,Adrar,ACTIVE,,ACTIVE,2024-05-24,2024-11-24T12:57:45.798Z,2024-05-24T04:05:20.938Z,2024-11-24T12:57:45.798Z
9364,8605688708,Sékou,Diallo,Sékou Diallo,M,1986-08-17,+22248767606,,5,Trarza,STANDARD,,ACTIVE,2023-11-14,2024-02-02T03:59:45.334Z,2023-11-14T20:18:52.862Z,2024-02-02T03:59:45.334Z
9365,8801088115,Nana,Diallo,Nana Diallo,F,1988-10-11,+22247149806,,1,Nouakchott-Nord,STANDARD,,ACTIVE,2023-02-26,2024-05-31T05:30:07.572Z,2023-02-26T03:10:23.621Z,2024-05-31T05:30:07.572Z
9366,7902481269,Mokhtar,Ould Abdel Kader,Mokhtar Ould Abdel Kader,M,1979-01-24,+22237919891,,2,Nouakchott-Ouest,ACTIVE,,ACTIVE,2022-11-06,2023-11-25T21:48:10.839Z,2022-11-06T13:38:45.049Z,2023-11-25T21:48:10.839Z
9367,7707755569,Hamoud,Dramé,Hamoud Dramé,M,1977-03-19,+22225538153,,7,Gorgol,OCCASIONAL,,ACTIVE,2022-07-18,2022-07-27T14:34:47.469Z,2022-07-18T16:42:15.835Z,2022-07-27T14:34:47.469Z
9368,0101085713,Meymouna,Mint Abdallah,Meymouna Mint Abdallah,F,2001-04-21,+22222713680,,1,Nouakchott-Nord,ACTIVE,,PENDING_KYC,2022-12-01,2023-10-04T11:28:40.063Z,2022-12-01T12:37:42.688Z,2023-10-04T11:28:40.063Z
9369,9204640544,Mahfoudh,Ould Saad,Mahfoudh Ould Saad,M,1992-02-09,+22234858517,,4,Dakhlet Nouadhibou,VIP,,ACTIVE,2023-12-03,2024-12-15T01:12:03.111Z,2023-12-03T15:56:00.307Z,2024-12-15T01:12:03.111Z
9370,6101464934,Mahjouba,Mint Soufi,Mahjouba Mint Soufi,F,1961-05-07,+22224522118,,1,Nouakchott-Nord,OCCASIONAL,,INACTIVE,2024-05-16,2024-07-04T13:19:33.365Z,2024-05-16T22:39:47.441Z,2024-07-04T13:19:33.365Z
9371,9908569781,Sidi Ahmed,Ould Khatri,Sidi Ahmed Ould Khatri,M,1999-04-17,+22241236831,,8,Guidimaka,ACTIVE,,ACTIVE,2022-12-07,2023-04-24T10:29:24.848Z,2022-12-07T01:40:11.989Z,2023-04-24T10:29:24.848Z
9372,7701625738,Hawa,Soumaré,Hawa Soumaré,F,1977-11-13,+22225519016,,1,Nouakchott-Nord,STANDARD,,ACTIVE,2024-05-06,2024-05-11T23:05:26.347Z,2024-05-06T05:35:11.060Z,2024-05-11T23:05:26.347Z
9373,7603289948,Taleb,Ould Ethmane,Taleb Ould Ethmane,M,1976-03-08,+22224352507,,3,Nouakchott-Sud,STANDARD,,ACTIVE,2023-06-13,2024-05-01T08:00:06.523Z,2023-06-13T18:57:14.759Z,2024-05-01T08:00:06.523Z
9374,7505960406,Hafsata,Mint Ahmed,Hafsata Mint Ahmed,F,1975-08-03,+22249855548,hafsata.mintahmed774@yahoo.fr,5,Trarza,STANDARD,,ACTIVE,2022-06-25,2023-08-19T03:14:49.060Z,2022-06-25T17:02:43.147Z,2023-08-19T03:14:49.060Z
9375,0403471009,Nouh,Ould El Mokhtar,Nouh Ould El Mokhtar,M,2004-07-21,+22223012863,nouh.ouldelmokhtar150@yahoo.fr,3,Nouakchott-Sud,PREMIUM,,PENDING_KYC,2023-10-20,2023-11-25T04:44:31.970Z,2023-10-20T22:58:50.349Z,2023-11-25T04:44:31.970Z
9376,9215700644,Oumou,Koita,Oumou Koita,F,1992-06-14,+22235971702,,15,Tiris Zemmour,ACTIVE,,ACTIVE,2024-09-12,2024-12-13T11:17:55.931Z,2024-09-12T00:26:10.123Z,2024-12-13T11:17:55.931Z
9377,6406120458,Habiboullah,Wade,Habiboullah Wade,M,1964-05-07,+22237736958,,6,Brakna,OCCASIONAL,,ACTIVE,2023-08-14,2024-10-16T06:20:59.791Z,2023-08-14T23:37:28.309Z,2024-10-16T06:20:59.791Z
9378,6901360454,Mouna,Diagana,Mouna Diagana,F,1969-01-19,+22236010849,mouna.diagana154@gmail.com,1,Nouakchott-Nord,ACTIVE,,ACTIVE,2024-03-07,2024-08-12T06:10:40.656Z,2024-03-07T22:53:40.069Z,2024-08-12T06:10:40.656Z
9379,7702185965,Ahmed,Ould Saad,Ahmed Ould Saad,M,1977-05-23,+22224719980,,2,Nouakchott-Ouest,OCCASIONAL,,ACTIVE,2022-01-30,2024-03-25T09:28:34.949Z,2022-01-30T21:29:50.147Z,2024-03-25T09:28:34.949Z
9380,8301716231,Aminetou,Sall,Aminetou Sall,F,1983-11-25,+22225412426,aminetou.sall814@outlook.com,1,Nouakchott-Nord,STANDARD,,ACTIVE,2024-07-08,2024-09-02T23:57:34.623Z,2024-07-08T14:39:01.678Z,2024-09-02T23:57:34.623Z
9381,6001676545,Moulaye,Ould Abdel Kader,Moulaye Ould Abdel Kader,M,1960-07-17,+22225166261,,1,Nouakchott-Nord,OCCASIONAL,,ACTIVE,2023-09-23,2024-01-27T23:48:58.152Z,2023-09-23T18:04:30.330Z,2024-01-27T23:48:58.152Z
9382,6106566460,Mahfoudh,Yatabaré,Mahfoudh Yatabaré,M,1961-12-12,+22235154855,,6,Brakna,ACTIVE,,ACTIVE,2022-08-27,2023-05-23T23:12:18.589Z,2022-08-27T07:03:39.778Z,2023-05-23T23:12:18.589Z
9383,9401248659,Ghali,Ould Brahim,Ghali Ould Brahim,M,1994-07-19,+22236494342,,1,Nouakchott-Nord,PREMIUM,,ACTIVE,2023-01-07,2023-08-17T02:50:19.715Z,2023-01-07T16:19:57.061Z,2023-08-17T02:50:19.715Z
9384,7103097962,Yacoub,Ould Bouha,Yacoub Ould Bouha,M,1971-04-03,+22224871592,,3,Nouakchott-Sud,STANDARD,,ACTIVE,2023-07-06,2024-11-30T01:14:54.005Z,2023-07-06T07:01:15.463Z,2024-11-30T01:14:54.005Z
9385,7303854224,Ghali,Ould Khalil,Ghali Ould Khalil,M,1973-01-14,+22233057942,,3,Nouakchott-Sud,DORMANT,,ACTIVE,2022-08-07,2022-09-10T05:18:51.207Z,2022-08-07T05:04:44.479Z,2022-09-10T05:18:51.207Z
9386,6703601227,Saad,Ould El Mokhtar,Saad Ould El Mokhtar,M,1967-04-14,+22224564715,,3,Nouakchott-Sud,STANDARD,,ACTIVE,2023-11-05,2024-11-06T22:45:09.300Z,2023-11-05T00:53:44.816Z,2024-11-06T22:45:09.300Z
9387,6602018621,Hafsata,Ba,Hafsata Ba,F,1966-03-04,+22244382931,,2,Nouakchott-Ouest,ACTIVE,,ACTIVE,2022-06-30,2023-11-13T20:42:26.284Z,2022-06-30T02:24:52.527Z,2023-11-13T20:42:26.284Z
9388,6402059950,Aminata,Sène,Aminata Sène,F,1964-10-23,+22223209874,,2,Nouakchott-Ouest,STANDARD,,ACTIVE,2024-08-06,2024-11-12T19:23:33.339Z,2024-08-06T11:08:57.808Z,2024-11-12T19:23:33.339Z
9389,8001455227,Lala,Diallo,Lala Diallo,F,1980-03-16,+22223216840,lala.diallo689@yahoo.fr,1,Nouakchott-Nord,VIP,,ACTIVE,2022-10-28,2023-06-16T01:37:52.691Z,2022-10-28T12:32:51.639Z,2023-06-16T01:37:52.691Z
9390,7901558599,Maloum,Mbow,Maloum Mbow,M,1979-12-04,+22223133085,maloum.mbow729@gmail.com,1,Nouakchott-Nord,OCCASIONAL,,ACTIVE,2023-04-17,2024-02-11T12:58:52.635Z,2023-04-17T09:24:10.667Z,2024-02-11T12:58:52.635Z
9391,6203810763,Hawa,Bathily,Hawa Bathily,F,1962-12-04,+22235701415,hawa.bathily17@gmail.com,3,Nouakchott-Sud,STANDARD,,ACTIVE,2024-01-15,2024-05-13T18:21:57.333Z,2024-01-15T07:39:58.317Z,2024-05-13T18:21:57.333Z
9392,6101826509,Abdellahi,Diakité,Abdellahi Diakité,M,1961-03-23,+22225051039,abdellahi.diakité594@yahoo.fr,1,Nouakchott-Nord,STANDARD,,ACTIVE,2024-09-03,2024-12-13T10:28:06.829Z,2024-09-03T15:33:57.543Z,2024-12-13T10:28:06.829Z
9393,6201716216,Habiboullah,Ould Isselmou,Habiboullah Ould Isselmou,M,1962-11-03,+22236794047,,1,Nouakchott-Nord,VIP,,INACTIVE,2022-01-28,2023-03-27T13:10:54.436Z,2022-01-28T03:43:36.614Z,2023-03-27T13:10:54.436Z
9394,6111536890,Mohamed,Ould Khatri,Mohamed Ould Khatri,M,1961-01-01,+22232805231,mohamed.ouldkhatri917@gmail.com,11,Hodh El Gharbi,OCCASIONAL,,ACTIVE,2024-06-02,2024-11-26T11:21:56.329Z,2024-06-02T05:10:29.236Z,2024-11-26T11:21:56.329Z
9395,8701314688,Defa,Sarr,Defa Sarr,F,1987-02-03,+22243439099,,1,Nouakchott-Nord,STANDARD,,ACTIVE,2024-01-07,2024-06-14T21:13:48.415Z,2024-01-07T00:57:50.219Z,2024-06-14T21:13:48.415Z
9396,7901845969,Cheikh,Doucouré,Cheikh Doucouré,M,1979-05-27,+22233678435,cheikh.doucouré891@hotmail.fr,1,Nouakchott-Nord,STANDARD,,ACTIVE,2023-05-01,2024-11-05T02:49:20.071Z,2023-05-01T01:17:02.105Z,2024-11-05T02:49:20.071Z
9397,6602794565,Pape,Ndiaye,Pape Ndiaye,M,1966-07-15,+22222587071,pape.ndiaye656@gmail.com,2,Nouakchott-Ouest,DORMANT,,ACTIVE,2024-09-12,2024-09-14T11:47:31.335Z,2024-09-12T03:56:41.654Z,2024-09-14T11:47:31.335Z
9398,7612438887,Kalilou,Ndiaye,Kalilou Ndiaye,M,1976-12-04,+22244049991,,12,Adrar,STANDARD,,ACTIVE,2024-10-31,2024-11-10T04:28:07.359Z,2024-10-31T06:09:16.904Z,2024-11-10T04:28:07.359Z
9399,8202953436,Taleb,Ould Abeih,Taleb Ould Abeih,M,1982-03-20,+22225211739,taleb.ouldabeih689@gmail.com,2,Nouakchott-Ouest,STANDARD,,ACTIVE,2022-04-15,2024-06-21T19:34:50.558Z,2022-04-15T22:59:19.208Z,2024-06-21T19:34:50.558Z
9400,9807885364,Zakaria,Ould Bouha,Zakaria Ould Bouha,M,1998-10-05,+22225023702,zakaria.ouldbouha832@hotmail.fr,7,Gorgol,ACTIVE,,ACTIVE,2024-06-22,2024-11-10T11:59:53.650Z,2024-06-22T03:28:07.330Z,2024-11-10T11:59:53.650Z
9401,6506434121,Karounga,Diakité,Karounga Diakité,M,1965-11-23,+22244408799,,6,Brakna,STANDARD,,ACTIVE,2022-07-04,2023-06-27T02:55:51.436Z,2022-07-04T11:07:56.051Z,2023-06-27T02:55:51.436Z
9402,6002312992,Harouna,Sissoko,Harouna Sissoko,M,1960-05-14,+22225417455,,2,Nouakchott-Ouest,STANDARD,,ACTIVE,2024-09-25,2024-11-10T01:43:09.784Z,2024-09-25T18:52:24.533Z,2024-11-10T01:43:09.784Z
9403,0405240948,Oumou,Tall,Oumou Tall,F,2004-04-02,+22225168669,,5,Trarza,OCCASIONAL,,ACTIVE,2024-01-24,2024-02-12T16:17:47.358Z,2024-01-24T20:41:16.376Z,2024-02-12T16:17:47.358Z
9404,9602446034,Kelthoum,Diallo,Kelthoum Diallo,F,1996-06-09,+22225828334,,2,Nouakchott-Ouest,STANDARD,,ACTIVE,2023-04-27,2024-09-09T07:01:26.853Z,2023-04-27T01:32:53.043Z,2024-09-09T07:01:26.853Z
9405,6101786649,El Khalil,Sy,El Khalil Sy,M,1961-04-06,+22244490010,elkhalil.sy687@gmail.com,1,Nouakchott-Nord,ACTIVE,,ACTIVE,2023-07-24,2024-08-30T11:05:30.381Z,2023-07-24T12:06:20.740Z,2024-08-30T11:05:30.381Z
9406,7702331070,Lehbib,Ba,Lehbib Ba,M,1977-11-06,+22243083630,,2,Nouakchott-Ouest,STANDARD,,ACTIVE,2023-03-21,2024-02-12T01:52:56.904Z,2023-03-21T04:28:14.783Z,2024-02-12T01:52:56.904Z
9407,9702590686,Sidi Ahmed,Ould Salem,Sidi Ahmed Ould Salem,M,1997-05-21,+22234066959,sidiahmed.ouldsalem671@yahoo.fr,2,Nouakchott-Ouest,STANDARD,,ACTIVE,2022-07-05,2024-11-09T22:09:29.790Z,2022-07-05T20:44:28.071Z,2024-11-09T22:09:29.790Z
9408,7401351810,Abdel Kader,Ould Mokhtar,Abdel Kader Ould Mokhtar,M,1974-10-25,+22224505158,,1,Nouakchott-Nord,PREMIUM,,ACTIVE,2024-02-26,2024-04-12T08:09:39.946Z,2024-02-26T06:44:33.211Z,2024-04-12T08:09:39.946Z
9409,6703193515,Naha,Mint Wedadi,Naha Mint Wedadi,F,1967-10-01,+22223220184,,3,Nouakchott-Sud,STANDARD,,ACTIVE,2023-08-15,2024-09-13T20:53:56.282Z,2023-08-15T10:00:35.737Z,2024-09-13T20:53:56.282Z
9410,8311893834,Awa,Sow,Awa Sow,F,1983-06-18,+22224418210,awa.sow414@gmail.com,11,Hodh El Gharbi,OCCASIONAL,,ACTIVE,2024-06-24,2024-12-22T23:11:44.025Z,2024-06-24T12:19:45.797Z,2024-12-22T23:11:44.025Z
9411,9615338498,Mohamed Lemine,Ould Jiddou,Mohamed Lemine Ould Jiddou,M,1996-08-04,+22237833324,mohamedlemine.ouldjiddou347@gmail.com,15,Tiris Zemmour,STANDARD,,SUSPENDED,2023-04-08,2024-09-12T18:14:40.194Z,2023-04-08T16:50:10.486Z,2024-09-12T18:14:40.194Z
9412,8602825854,Ndèye,Diop,Ndèye Diop,F,1986-11-02,+22237044737,,2,Nouakchott-Ouest,STANDARD,,ACTIVE,2022-01-05,2023-04-05T21:45:29.961Z,2022-01-05T01:07:25.282Z,2023-04-05T21:45:29.961Z
9413,6203911125,Houda,Mint Hamoud,Houda Mint Hamoud,F,1962-04-04,+22242998158,,3,Nouakchott-Sud,STANDARD,,ACTIVE,2023-07-08,2024-03-10T23:06:03.739Z,2023-07-08T21:16:23.631Z,2024-03-10T23:06:03.739Z
9414,7301352865,Saad,Ould Mohamed,Saad Ould Mohamed,M,1973-06-26,+22244162156,saad.ouldmohamed786@hotmail.fr,1,Nouakchott-Nord,OCCASIONAL,,ACTIVE,2023-01-03,2024-09-11T10:11:07.820Z,2023-01-03T05:19:06.650Z,2024-09-11T10:11:07.820Z
9415,9606613450,Sidi,Gaye,Sidi Gaye,M,1996-01-24,+22237378853,sidi.gaye472@outlook.com,6,Brakna,OCCASIONAL,,ACTIVE,2023-11-23,2024-12-22T21:59:19.484Z,2023-11-23T23:23:22.786Z,2024-12-22T21:59:19.484Z
9416,6101272155,Noura,Mint Limam,Noura Mint Limam,F,1961-08-14,+22236211565,noura.mintlimam807@outlook.com,1,Nouakchott-Nord,OCCASIONAL,,ACTIVE,2022-02-10,2022-05-17T15:34:32.264Z,2022-02-10T03:28:25.567Z,2022-05-17T15:34:32.264Z
9417,8901392181,Hacen,Yatabaré,Hacen Yatabaré,M,1989-12-28,+22232349515,,1,Nouakchott-Nord,OCCASIONAL,,ACTIVE,2024-05-18,2024-05-26T09:19:38.278Z,2024-05-18T22:25:20.408Z,2024-05-26T09:19:38.278Z
9418,0401063363,Mansour,Guèye,Mansour Guèye,M,2004-08-05,+22237254735,mansour.guèye302@gmail.com,1,Nouakchott-Nord,STANDARD,,ACTIVE,2024-06-28,2024-12-11T10:15:44.574Z,2024-06-28T23:22:54.365Z,2024-12-11T10:15:44.574Z
9419,9902529152,Hacen,Ould Isselmou,Hacen Ould Isselmou,M,1999-12-13,+22235871465,hacen.ouldisselmou12@hotmail.fr,2,Nouakchott-Ouest,STANDARD,,ACTIVE,2024-04-13,2024-10-11T10:37:54.400Z,2024-04-13T19:16:14.843Z,2024-10-11T10:37:54.400Z
9420,9402446133,Mbarka,Mint Mokhtar,Mbarka Mint Mokhtar,F,1994-03-19,+22225578920,,2,Nouakchott-Ouest,ACTIVE,,ACTIVE,2023-08-24,2024-02-02T23:19:43.284Z,2023-08-24T02:17:57.801Z,2024-02-02T23:19:43.284Z
9421,6503969312,Aichetou,Mint Hamoud,Aichetou Mint Hamoud,F,1965-06-17,+22246767438,aichetou.minthamoud315@gmail.com,3,Nouakchott-Sud,STANDARD,,ACTIVE,2023-01-19,2024-12-19T15:29:24.535Z,2023-01-19T17:53:11.581Z,2024-12-19T15:29:24.535Z
9422,7003986755,Nouh,Touré,Nouh Touré,M,1970-01-26,+22225684653,nouh.touré359@hotmail.fr,3,Nouakchott-Sud,OCCASIONAL,,ACTIVE,2024-05-10,2024-06-12T00:33:42.926Z,2024-05-10T23:51:32.950Z,2024-06-12T00:33:42.926Z
9423,9312826753,Abdel Rahman,Ould Salem,Abdel Rahman Ould Salem,M,1993-07-14,+22242028032,,12,Adrar,STANDARD,,ACTIVE,2024-09-04,2024-09-06T00:35:49.360Z,2024-09-04T00:00:34.983Z,2024-09-06T00:35:49.360Z
9424,7607891244,Abdel Aziz,Ould El Ghassem,Abdel Aziz Ould El Ghassem,M,1976-06-16,+22224507429,abdelaziz.ouldelghassem821@yahoo.fr,7,Gorgol,OCCASIONAL,,ACTIVE,2024-12-18,2024-12-27T04:08:48.364Z,2024-12-18T10:21:23.133Z,2024-12-27T04:08:48.364Z
9425,9302468271,Kelthoum,Mint Moulaye,Kelthoum Mint Moulaye,F,1993-05-05,+22244760398,kelthoum.mintmoulaye91@gmail.com,2,Nouakchott-Ouest,OCCASIONAL,,ACTIVE,2022-05-25,2023-06-05T01:41:54.133Z,2022-05-25T13:02:15.072Z,2023-06-05T01:41:54.133Z
9426,7301735994,Vall,Ould Salem,Vall Ould Salem,M,1973-10-24,+22222926062,,1,Nouakchott-Nord,OCCASIONAL,,ACTIVE,2024-05-06,2024-08-10T02:53:52.001Z,2024-05-06T05:53:47.597Z,2024-08-10T02:53:52.001Z
9427,7913512907,Moustapha,Ould Dah,Moustapha Ould Dah,M,1979-01-27,+22234692475,,13,Tagant,STANDARD,,ACTIVE,2022-01-04,2023-07-03T06:40:26.628Z,2022-01-04T14:13:53.966Z,2023-07-03T06:40:26.628Z
9428,8606290157,Minetou,Diakité,Minetou Diakité,F,1986-01-11,+22246884349,,6,Brakna,PREMIUM,,ACTIVE,2023-12-21,2024-10-06T00:01:28.769Z,2023-12-21T15:59:10.051Z,2024-10-06T00:01:28.769Z
9429,7604648522,Bilal,Ould Nenni,Bilal Ould Nenni,M,1976-01-22,+22236366220,bilal.ouldnenni944@gmail.com,4,Dakhlet Nouadhibou,DORMANT,,ACTIVE,2024-04-26,2024-08-02T06:22:10.272Z,2024-04-26T13:25:21.015Z,2024-08-02T06:22:10.272Z
9430,8103662433,Boubacar,Ould Khalil,Boubacar Ould Khalil,M,1981-07-09,+22236813274,,3,Nouakchott-Sud,ACTIVE,,BLOCKED,2022-06-27,2023-04-06T14:52:20.793Z,2022-06-27T05:13:00.695Z,2023-04-06T14:52:20.793Z
9431,8902190807,Habiba,Mint Messoud,Habiba Mint Messoud,F,1989-09-02,+22225267078,,2,Nouakchott-Ouest,OCCASIONAL,,BLOCKED,2022-07-03,2022-12-07T10:31:03.320Z,2022-07-03T18:31:19.287Z,2022-12-07T10:31:03.320Z
9432,8902819388,Jemila,Cissé,Jemila Cissé,F,1989-01-19,+22225327848,,2,Nouakchott-Ouest,OCCASIONAL,,ACTIVE,2024-04-06,2024-10-31T23:45:03.773Z,2024-04-06T14:59:15.404Z,2024-10-31T23:45:03.773Z
9433,9303066737,Boubacar,Thiam,Boubacar Thiam,M,1993-01-11,+22246120724,,3,Nouakchott-Sud,DORMANT,,ACTIVE,2023-07-13,2024-08-04T01:53:25.775Z,2023-07-13T17:11:06.814Z,2024-08-04T01:53:25.775Z
9434,6602348054,Abdoulaye,Diop,Abdoulaye Diop,M,1966-02-07,+22225609199,,2,Nouakchott-Ouest,ACTIVE,,ACTIVE,2023-11-28,2024-05-27T03:38:53.858Z,2023-11-28T19:58:27.952Z,2024-05-27T03:38:53.858Z
9435,7503348965,Isselmou,Sène,Isselmou Sène,M,1975-04-22,+22243615654,,3,Nouakchott-Sud,STANDARD,,ACTIVE,2022-12-22,2023-09-18T13:33:38.078Z,2022-12-22T07:12:38.098Z,2023-09-18T13:33:38.078Z
9436,8001685244,Khadija,Mint Abeih,Khadija Mint Abeih,F,1980-05-11,+22233904462,,1,Nouakchott-Nord,PREMIUM,,ACTIVE,2023-04-01,2023-08-22T21:53:57.212Z,2023-04-01T05:48:32.004Z,2023-08-22T21:53:57.212Z
9437,0009556870,Mariem,Mint Hadrami,Mariem Mint Hadrami,F,2000-05-11,+22234375574,mariem.minthadrami684@hotmail.fr,9,Assaba,STANDARD,,BLOCKED,2024-02-22,2024-05-04T05:37:46.036Z,2024-02-22T08:11:38.569Z,2024-05-04T05:37:46.036Z
9438,0101283735,Mariem,Koné,Mariem Koné,F,2001-05-01,+22242301630,,1,Nouakchott-Nord,ACTIVE,,ACTIVE,2022-10-02,2023-06-13T11:02:54.147Z,2022-10-02T04:52:37.756Z,2023-06-13T11:02:54.147Z
9439,7102136853,Khalil,Ould Nagi,Khalil Ould Nagi,M,1971-12-22,+22245422992,,2,Nouakchott-Ouest,STANDARD,,ACTIVE,2023-11-19,2024-01-20T20:59:51.650Z,2023-11-19T20:48:33.162Z,2024-01-20T20:59:51.650Z
9440,7404851942,Fatoumata,Thiam,Fatoumata Thiam,F,1974-09-20,+22225023277,,4,Dakhlet Nouadhibou,ACTIVE,,ACTIVE,2022-10-11,2023-10-07T17:17:45.725Z,2022-10-11T01:57:55.131Z,2023-10-07T17:17:45.725Z
9441,7101946211,Tidiane,Diallo,Tidiane Diallo,M,1971-05-06,+22223991195,,1,Nouakchott-Nord,PREMIUM,,PENDING_KYC,2024-02-09,2024-12-14T08:48:22.471Z,2024-02-09T19:05:32.779Z,2024-12-14T08:48:22.471Z
9442,7302871064,Daouda,Ndiaye,Daouda Ndiaye,M,1973-11-15,+22224970117,,2,Nouakchott-Ouest,OCCASIONAL,,BLOCKED,2022-02-15,2023-04-17T03:48:34.277Z,2022-02-15T10:09:31.496Z,2023-04-17T03:48:34.277Z
9443,6103914071,Siaka,Wane,Siaka Wane,M,1961-03-21,+22223161544,,3,Nouakchott-Sud,STANDARD,,ACTIVE,2023-12-05,2024-10-18T14:29:33.555Z,2023-12-05T08:51:57.828Z,2024-10-18T14:29:33.555Z
9444,6903683342,Leila,Mint El Mamy,Leila Mint El Mamy,F,1969-09-23,+22225746301,,3,Nouakchott-Sud,STANDARD,,ACTIVE,2022-08-13,2024-11-17T07:25:14.570Z,2022-08-13T01:38:24.165Z,2024-11-17T07:25:14.570Z
9445,6205966868,Bilal,Ould Messoud,Bilal Ould Messoud,M,1962-06-06,+22245728792,bilal.ouldmessoud852@gmail.com,5,Trarza,OCCASIONAL,,ACTIVE,2024-11-23,2024-11-30T13:58:30.543Z,2024-11-23T14:59:31.759Z,2024-11-30T13:58:30.543Z
9446,7501004210,Sidi Mohamed,Ould Salem,Sidi Mohamed Ould Salem,M,1975-08-25,+22224022671,sidimohamed.ouldsalem497@hotmail.fr,1,Nouakchott-Nord,VIP,,ACTIVE,2022-08-12,2024-11-21T10:33:01.542Z,2022-08-12T20:16:02.134Z,2024-11-21T10:33:01.542Z
9447,8503982959,Lassana,Wade,Lassana Wade,M,1985-05-15,+22225190063,lassana.wade2@outlook.com,3,Nouakchott-Sud,OCCASIONAL,,ACTIVE,2022-01-28,2023-05-22T23:29:44.219Z,2022-01-28T07:21:16.715Z,2023-05-22T23:29:44.219Z
9448,8605253717,Tacko,Fall,Tacko Fall,F,1986-06-24,+22244481895,,5,Trarza,STANDARD,,PENDING_KYC,2024-03-14,2024-07-17T15:53:22.695Z,2024-03-14T15:53:24.325Z,2024-07-17T15:53:22.695Z
9449,7715914600,Ely,Ould Jiddou,Ely Ould Jiddou,M,1977-01-12,+22225829722,,15,Tiris Zemmour,STANDARD,,ACTIVE,2022-11-04,2023-06-18T00:11:41.889Z,2022-11-04T05:56:19.761Z,2023-06-18T00:11:41.889Z
9450,9104403225,Mariem,Mint El Hacen,Mariem Mint El Hacen,F,1991-10-08,+22249447100,mariem.mintelhacen100@hotmail.fr,4,Dakhlet Nouadhibou,DORMANT,,ACTIVE,2022-04-25,2024-08-14T11:14:07.373Z,2022-04-25T20:02:09.073Z,2024-08-14T11:14:07.373Z
9451,7002226559,Kiné,Dia,Kiné Dia,F,1970-10-25,+22224211310,,2,Nouakchott-Ouest,OCCASIONAL,,ACTIVE,2022-06-10,2024-08-01T18:12:00.157Z,2022-06-10T14:39:22.860Z,2024-08-01T18:12:00.157Z
9452,6814354270,Lemrabott,Ould Salem,Lemrabott Ould Salem,M,1968-01-24,+22234994488,lemrabott.ouldsalem675@outlook.com,14,Inchiri,OCCASIONAL,,ACTIVE,2022-07-19,2024-03-26T22:21:57.938Z,2022-07-19T10:08:18.753Z,2024-03-26T22:21:57.938Z
9453,8602223496,Aminata,Baldé,Aminata Baldé,F,1986-02-11,+22224224683,,2,Nouakchott-Ouest,OCCASIONAL,,ACTIVE,2022-04-13,2023-02-20T23:30:55.805Z,2022-04-13T04:37:42.562Z,2023-02-20T23:30:55.805Z
9454,8903578178,Fatoumata,Fall,Fatoumata Fall,F,1989-06-08,+22223159848,,3,Nouakchott-Sud,OCCASIONAL,,ACTIVE,2022-02-21,2022-08-15T05:06:19.866Z,2022-02-21T18:58:28.496Z,2022-08-15T05:06:19.866Z
9455,9401900328,Cheick,Kanouté,Cheick Kanouté,M,1994-09-22,+22241558280,,1,Nouakchott-Nord,ACTIVE,,ACTIVE,2024-11-20,2024-11-26T19:54:41.444Z,2024-11-20T06:06:57.794Z,2024-11-26T19:54:41.444Z
9456,9815492963,Oumou,Soumaré,Oumou Soumaré,F,1998-02-07,+22244196237,,15,Tiris Zemmour,STANDARD,,ACTIVE,2022-07-14,2024-10-16T01:06:30.766Z,2022-07-14T20:27:27.816Z,2024-10-16T01:06:30.766Z
9457,0305498986,Kani,Wade,Kani Wade,F,2003-04-01,+22224050772,,5,Trarza,STANDARD,,ACTIVE,2022-03-12,2024-01-01T23:39:49.209Z,2022-03-12T20:19:46.238Z,2024-01-01T23:39:49.209Z
9458,6015232784,Mohamed Lemine,Ould Saad,Mohamed Lemine Ould Saad,M,1960-08-27,+22233429940,,15,Tiris Zemmour,STANDARD,,ACTIVE,2022-01-09,2023-07-14T18:29:33.772Z,2022-01-09T05:57:15.439Z,2023-07-14T18:29:33.772Z
9459,6403998829,Hafsata,Mint Wedadi,Hafsata Mint Wedadi,F,1964-05-05,+22248000666,hafsata.mintwedadi300@outlook.com,3,Nouakchott-Sud,DORMANT,,ACTIVE,2024-05-15,2024-06-09T13:04:28.792Z,2024-05-15T06:44:27.477Z,2024-06-09T13:04:28.792Z
9460,6602397058,Saleck,Ould Hamadi,Saleck Ould Hamadi,M,1966-08-17,+22234941442,saleck.ouldhamadi665@gmail.com,2,Nouakchott-Ouest,STANDARD,,ACTIVE,2023-08-25,2023-12-14T13:03:46.369Z,2023-08-25T17:36:19.141Z,2023-12-14T13:03:46.369Z
9461,7401340144,Cheikh Sidiya,Ould Mahmoud,Cheikh Sidiya Ould Mahmoud,M,1974-07-12,+22233131930,,1,Nouakchott-Nord,DORMANT,,ACTIVE,2024-01-06,2024-05-09T23:54:36.570Z,2024-01-06T20:15:07.877Z,2024-05-09T23:54:36.570Z
9462,6703354514,Sidi,Ould Ahmedou,Sidi Ould Ahmedou,M,1967-08-06,+22223492183,,3,Nouakchott-Sud,OCCASIONAL,,ACTIVE,2023-08-30,2024-11-14T14:22:30.902Z,2023-08-30T01:44:24.929Z,2024-11-14T14:22:30.902Z
9463,9801797854,Zeinab,Wade,Zeinab Wade,F,1998-07-23,+22224170956,zeinab.wade621@hotmail.fr,1,Nouakchott-Nord,ACTIVE,,ACTIVE,2023-03-20,2023-09-12T23:28:32.483Z,2023-03-20T06:46:22.299Z,2023-09-12T23:28:32.483Z
9464,7901633975,Youssouf,Thiam,Youssouf Thiam,M,1979-11-12,+22222418082,,1,Nouakchott-Nord,OCCASIONAL,,ACTIVE,2023-01-26,2024-08-12T22:07:45.350Z,2023-01-26T04:23:27.505Z,2024-08-12T22:07:45.350Z
9465,6401396841,Siaka,Dramé,Siaka Dramé,M,1964-11-18,+22241190091,,1,Nouakchott-Nord,OCCASIONAL,,ACTIVE,2022-01-16,2022-02-16T20:45:41.746Z,2022-01-16T11:45:44.519Z,2022-02-16T20:45:41.746Z
9466,7012991953,Rougui,Baldé,Rougui Baldé,F,1970-06-09,+22247866620,rougui.baldé237@yahoo.fr,12,Adrar,ACTIVE,,ACTIVE,2023-04-22,2023-09-01T11:28:09.227Z,2023-04-22T05:18:17.196Z,2023-09-01T11:28:09.227Z
9467,0105764407,Aminata,Thiam,Aminata Thiam,F,2001-05-09,+22236260418,aminata.thiam89@yahoo.fr,5,Trarza,STANDARD,,BLOCKED,2022-08-27,2024-07-11T21:12:55.332Z,2022-08-27T04:49:35.635Z,2024-07-11T21:12:55.332Z
9468,9402790191,Aïssata,Soumaré,Aïssata Soumaré,F,1994-10-04,+22232990459,,2,Nouakchott-Ouest,VIP,,ACTIVE,2023-07-21,2024-02-26T22:38:42.575Z,2023-07-21T22:42:51.245Z,2024-02-26T22:38:42.575Z
9469,6604756543,Vadel,Ould El Mamy,Vadel Ould El Mamy,M,1966-01-17,+22236118316,,4,Dakhlet Nouadhibou,ACTIVE,,ACTIVE,2024-12-16,2024-12-27T10:31:40.987Z,2024-12-16T16:35:00.248Z,2024-12-27T10:31:40.987Z
9470,7601927833,Mohamed Vall,Thiaw,Mohamed Vall Thiaw,M,1976-12-07,+22244614129,mohamedvall.thiaw398@outlook.com,1,Nouakchott-Nord,ACTIVE,,PENDING_KYC,2022-01-16,2022-05-05T06:53:46.521Z,2022-01-16T03:31:56.812Z,2022-05-05T06:53:46.521Z
9471,8115994939,Souleymane,Ould Ahmed,Souleymane Ould Ahmed,M,1981-12-19,+22235828465,,15,Tiris Zemmour,OCCASIONAL,,ACTIVE,2022-05-15,2024-12-25T09:33:52.369Z,2022-05-15T01:02:56.878Z,2024-12-25T09:33:52.369Z
9472,8410392951,Boubacar,Ould Ethmane,Boubacar Ould Ethmane,M,1984-08-22,+22248663077,boubacar.ouldethmane565@outlook.com,10,Hodh Ech Chargui,STANDARD,,ACTIVE,2022-10-13,2023-05-31T14:23:43.536Z,2022-10-13T19:05:59.199Z,2023-05-31T14:23:43.536Z
9473,7811498356,Maimouna,Barry,Maimouna Barry,F,1978-05-12,+22248699936,,11,Hodh El Gharbi,ACTIVE,,ACTIVE,2024-04-24,2024-12-26T19:38:51.674Z,2024-04-24T10:04:54.652Z,2024-12-26T19:38:51.674Z
9474,0502536315,Rokaya,Sène,Rokaya Sène,F,2005-07-12,+22246612724,rokaya.sène15@hotmail.fr,2,Nouakchott-Ouest,PREMIUM,,ACTIVE,2024-07-28,2024-09-10T11:55:26.167Z,2024-07-28T23:02:47.584Z,2024-09-10T11:55:26.167Z
9475,6904480393,Mahjouba,Mint Isselmou,Mahjouba Mint Isselmou,F,1969-08-03,+22234522550,,4,Dakhlet Nouadhibou,STANDARD,,INACTIVE,2024-02-21,2024-02-26T05:25:23.559Z,2024-02-21T19:50:40.092Z,2024-02-26T05:25:23.559Z
9476,6505868525,Cheikhna,Ould Dah,Cheikhna Ould Dah,M,1965-03-21,+22234673274,,5,Trarza,STANDARD,,ACTIVE,2023-01-19,2023-07-05T15:41:37.164Z,2023-01-19T02:02:15.408Z,2023-07-05T15:41:37.164Z
9477,8602922997,Vatma,Faye,Vatma Faye,F,1986-02-17,+22225510368,vatma.faye526@gmail.com,2,Nouakchott-Ouest,STANDARD,,ACTIVE,2022-02-01,2022-04-02T18:52:48.269Z,2022-02-01T15:48:10.318Z,2022-04-02T18:52:48.269Z
9478,6401656334,Khadijetou,Niang,Khadijetou Niang,F,1964-12-02,+22236836973,khadijetou.niang909@hotmail.fr,1,Nouakchott-Nord,ACTIVE,,ACTIVE,2022-04-08,2024-01-25T15:50:54.364Z,2022-04-08T11:24:07.576Z,2024-01-25T15:50:54.364Z
9479,9302846024,Abdel Kader,Faye,Abdel Kader Faye,M,1993-03-13,+22233698848,abdelkader.faye197@outlook.com,2,Nouakchott-Ouest,ACTIVE,,ACTIVE,2024-12-22,2024-12-23T23:10:38.210Z,2024-12-22T05:00:52.776Z,2024-12-23T23:10:38.210Z
9480,0503449016,Aïda,Niang,Aïda Niang,F,2005-06-17,+22234343878,,3,Nouakchott-Sud,DORMANT,,ACTIVE,2023-06-03,2023-12-30T21:09:48.566Z,2023-06-03T11:54:22.211Z,2023-12-30T21:09:48.566Z
9481,9802243693,Safi,Bâ,Safi Bâ,F,1998-10-04,+22237383380,,2,Nouakchott-Ouest,STANDARD,,BLOCKED,2023-08-04,2023-10-31T02:35:51.381Z,2023-08-04T20:47:59.063Z,2023-10-31T02:35:51.381Z
9482,8604851552,Seynabou,Fall,Seynabou Fall,F,1986-08-16,+22225363497,,4,Dakhlet Nouadhibou,ACTIVE,,ACTIVE,2022-10-08,2024-02-07T23:59:22.955Z,2022-10-08T21:04:14.804Z,2024-02-07T23:59:22.955Z
9483,6310458333,Zakaria,Ould Ahmedou,Zakaria Ould Ahmedou,M,1963-03-09,+22224293217,,10,Hodh Ech Chargui,STANDARD,,ACTIVE,2024-02-22,2024-06-12T11:28:15.661Z,2024-02-22T05:05:10.642Z,2024-06-12T11:28:15.661Z
9484,7501565571,Moulaye,Ould El Mokhtar,Moulaye Ould El Mokhtar,M,1975-08-14,+22225309060,moulaye.ouldelmokhtar678@hotmail.fr,1,Nouakchott-Nord,PREMIUM,,INACTIVE,2023-02-22,2024-11-11T19:34:16.449Z,2023-02-22T22:55:27.488Z,2024-11-11T19:34:16.449Z
9485,0302384617,Hacen,Ould Nenni,Hacen Ould Nenni,M,2003-09-26,+22222744501,,2,Nouakchott-Ouest,ACTIVE,,ACTIVE,2023-01-30,2024-10-11T15:31:18.152Z,2023-01-30T01:48:19.455Z,2024-10-11T15:31:18.152Z
9486,9402750344,Jemila,Mint Ethmane,Jemila Mint Ethmane,F,1994-11-28,+22244459510,,2,Nouakchott-Ouest,STANDARD,,SUSPENDED,2022-02-27,2023-04-27T09:25:55.380Z,2022-02-27T05:07:42.160Z,2023-04-27T09:25:55.380Z
9487,6901707370,Hapsatou,Sarr,Hapsatou Sarr,F,1969-01-10,+22234203554,,1,Nouakchott-Nord,STANDARD,,INACTIVE,2022-11-07,2023-09-28T17:55:27.418Z,2022-11-07T09:26:54.250Z,2023-09-28T17:55:27.418Z
9488,8011163336,Souleymane,Bathily,Souleymane Bathily,M,1980-02-07,+22223221044,souleymane.bathily213@gmail.com,11,Hodh El Gharbi,DORMANT,,ACTIVE,2023-09-13,2024-04-14T16:31:34.195Z,2023-09-13T08:57:11.645Z,2024-04-14T16:31:34.195Z
9489,9604919255,Kalidou,Fofana,Kalidou Fofana,M,1996-05-25,+22225679733,kalidou.fofana623@yahoo.fr,4,Dakhlet Nouadhibou,OCCASIONAL,,ACTIVE,2023-09-26,2023-12-28T03:31:09.008Z,2023-09-26T17:02:00.483Z,2023-12-28T03:31:09.008Z
9490,8906081800,Hawa,Guèye,Hawa Guèye,F,1989-02-08,+22223565874,,6,Brakna,STANDARD,,ACTIVE,2023-03-18,2023-03-30T10:57:20.546Z,2023-03-18T04:44:16.106Z,2023-03-30T10:57:20.546Z
9491,0108084450,Ely,Ould Saad,Ely Ould Saad,M,2001-06-08,+22235662069,,8,Guidimaka,DORMANT,,ACTIVE,2024-06-20,2024-08-24T08:02:48.216Z,2024-06-20T07:09:17.863Z,2024-08-24T08:02:48.216Z
9492,9407970073,Moustapha,Ould Khalil,Moustapha Ould Khalil,M,1994-10-07,+22233174863,moustapha.ouldkhalil383@outlook.com,7,Gorgol,STANDARD,,ACTIVE,2022-11-03,2023-04-14T06:19:03.402Z,2022-11-03T03:47:29.481Z,2023-04-14T06:19:03.402Z
9493,6602017158,Messoud,Gaye,Messoud Gaye,M,1966-07-08,+22234761940,messoud.gaye902@gmail.com,2,Nouakchott-Ouest,OCCASIONAL,,ACTIVE,2023-03-21,2023-09-16T15:18:50.106Z,2023-03-21T14:29:42.051Z,2023-09-16T15:18:50.106Z
9494,9603927376,Ahmed,Koné,Ahmed Koné,M,1996-06-23,+22224877665,ahmed.koné62@gmail.com,3,Nouakchott-Sud,STANDARD,,SUSPENDED,2022-02-15,2024-10-22T06:47:39.100Z,2022-02-15T15:49:11.118Z,2024-10-22T06:47:39.100Z
9495,7007157355,Aissata,Mint Vadel,Aissata Mint Vadel,F,1970-07-09,+22224292323,aissata.mintvadel62@gmail.com,7,Gorgol,STANDARD,,ACTIVE,2022-01-15,2022-02-03T18:36:53.327Z,2022-01-15T12:54:07.840Z,2022-02-03T18:36:53.327Z
9496,6804788753,Mariama,Wade,Mariama Wade,F,1968-08-13,+22224532585,,4,Dakhlet Nouadhibou,OCCASIONAL,,ACTIVE,2022-10-06,2022-12-13T09:58:05.473Z,2022-10-06T02:20:07.600Z,2022-12-13T09:58:05.473Z
9497,8801396566,Yacine,Wane,Yacine Wane,F,1988-04-15,+22248637910,,1,Nouakchott-Nord,PREMIUM,,ACTIVE,2024-11-29,2024-12-20T21:46:44.736Z,2024-11-29T04:10:28.577Z,2024-12-20T21:46:44.736Z
9498,9702954433,Souleymane,Kouyaté,Souleymane Kouyaté,M,1997-03-27,+22223122215,,2,Nouakchott-Ouest,STANDARD,,ACTIVE,2023-03-09,2023-07-14T07:42:30.816Z,2023-03-09T11:02:21.692Z,2023-07-14T07:42:30.816Z
9499,9903951882,Idrissa,Diarra,Idrissa Diarra,M,1999-02-18,+22237781182,idrissa.diarra926@outlook.com,3,Nouakchott-Sud,OCCASIONAL,,PENDING_KYC,2022-05-15,2023-04-05T10:19:09.357Z,2022-05-15T01:55:46.039Z,2023-04-05T10:19:09.357Z
9500,6802759243,Hawa,Mint Jiddou,Hawa Mint Jiddou,F,1968-11-22,+22241671004,hawa.mintjiddou617@gmail.com,2,Nouakchott-Ouest,STANDARD,,ACTIVE,2023-01-04,2024-04-20T03:20:35.629Z,2023-01-04T21:46:43.990Z,2024-04-20T03:20:35.629Z
9501,8901827230,Aziza,Mint Cheikh,Aziza Mint Cheikh,F,1989-02-26,+22224053982,aziza.mintcheikh490@hotmail.fr,1,Nouakchott-Nord,OCCASIONAL,,ACTIVE,2022-09-25,2024-05-25T14:48:21.648Z,2022-09-25T13:12:49.535Z,2024-05-25T14:48:21.648Z
9502,7901271007,Maloum,Ould Ahmed,Maloum Ould Ahmed,M,1979-08-08,+22225214341,,1,Nouakchott-Nord,STANDARD,,ACTIVE,2023-07-22,2024-04-14T10:33:07.288Z,2023-07-22T17:29:38.130Z,2024-04-14T10:33:07.288Z
9503,6112783705,Hafsata,Mint Saad,Hafsata Mint Saad,F,1961-04-14,+22222389197,,12,Adrar,OCCASIONAL,,ACTIVE,2022-08-27,2023-09-03T02:40:08.888Z,2022-08-27T01:27:54.178Z,2023-09-03T02:40:08.888Z
9504,6403553736,Mbareck,Thiam,Mbareck Thiam,M,1964-12-04,+22224594282,,3,Nouakchott-Sud,STANDARD,,ACTIVE,2023-11-16,2024-01-05T14:13:49.682Z,2023-11-16T10:56:21.203Z,2024-01-05T14:13:49.682Z
9505,6407336425,Mor,Yatabaré,Mor Yatabaré,M,1964-09-13,+22244956505,mor.yatabaré207@yahoo.fr,7,Gorgol,OCCASIONAL,,INACTIVE,2022-11-19,2023-04-16T07:14:17.972Z,2022-11-19T07:44:31.033Z,2023-04-16T07:14:17.972Z
9506,0004991643,Coumba,Dieng,Coumba Dieng,F,2000-06-12,+22224781823,,4,Dakhlet Nouadhibou,VIP,,ACTIVE,2024-03-27,2024-06-01T20:18:02.661Z,2024-03-27T05:43:29.203Z,2024-06-01T20:18:02.661Z
9507,8601329953,Tekber,Mint Mokhtar,Tekber Mint Mokhtar,F,1986-06-05,+22233263430,tekber.mintmokhtar507@hotmail.fr,1,Nouakchott-Nord,STANDARD,,ACTIVE,2022-01-23,2022-08-16T20:35:04.646Z,2022-01-23T11:56:09.841Z,2022-08-16T20:35:04.646Z
9508,6602843032,Aïssata,Anne,Aïssata Anne,F,1966-09-09,+22233096258,,2,Nouakchott-Ouest,VIP,,ACTIVE,2023-07-28,2024-10-16T00:30:38.236Z,2023-07-28T23:38:12.045Z,2024-10-16T00:30:38.236Z
9509,0303536943,Hawa,Mint Dah,Hawa Mint Dah,F,2003-12-10,+22236949676,,3,Nouakchott-Sud,STANDARD,,ACTIVE,2023-11-23,2024-08-23T20:26:18.006Z,2023-11-23T07:45:36.083Z,2024-08-23T20:26:18.006Z
9510,6109322362,Mahamadou,Fofana,Mahamadou Fofana,M,1961-05-02,+22224479995,,9,Assaba,STANDARD,,ACTIVE,2024-07-06,2024-12-28T06:15:37.374Z,2024-07-06T06:10:47.341Z,2024-12-28T06:15:37.374Z
9511,9601476407,Jiddou,Ould Hamoud,Jiddou Ould Hamoud,M,1996-03-08,+22237494174,jiddou.ouldhamoud215@outlook.com,1,Nouakchott-Nord,ACTIVE,,ACTIVE,2023-12-01,2023-12-10T13:36:34.960Z,2023-12-01T18:06:54.507Z,2023-12-10T13:36:34.960Z
9512,0201596801,Mahmoud,Koita,Mahmoud Koita,M,2002-07-26,+22232039056,mahmoud.koita884@hotmail.fr,1,Nouakchott-Nord,DORMANT,,ACTIVE,2022-01-23,2024-04-23T07:29:05.852Z,2022-01-23T02:40:51.359Z,2024-04-23T07:29:05.852Z
9513,8212372993,Safiya,Anne,Safiya Anne,F,1982-06-13,+22224082290,safiya.anne120@hotmail.fr,12,Adrar,ACTIVE,,ACTIVE,2022-05-19,2023-05-12T01:52:55.502Z,2022-05-19T04:54:16.710Z,2023-05-12T01:52:55.502Z
9514,0201238691,Rougui,Sissoko,Rougui Sissoko,F,2002-10-28,+22224001462,,1,Nouakchott-Nord,STANDARD,,ACTIVE,2024-05-16,2024-11-08T01:30:21.812Z,2024-05-16T13:44:58.630Z,2024-11-08T01:30:21.812Z
9515,9407258522,Lehbib,Ould Cheikh,Lehbib Ould Cheikh,M,1994-01-13,+22225025522,,7,Gorgol,VIP,,BLOCKED,2023-03-22,2024-07-17T07:32:40.713Z,2023-03-22T19:06:25.418Z,2024-07-17T07:32:40.713Z
9516,0102606959,Hafsata,Wane,Hafsata Wane,F,2001-12-09,+22248774279,hafsata.wane238@yahoo.fr,2,Nouakchott-Ouest,DORMANT,,ACTIVE,2023-10-24,2023-10-24T15:27:39.314Z,2023-10-24T05:18:23.898Z,2023-10-24T15:27:39.314Z
9517,9302364614,Salem,Diarra,Salem Diarra,M,1993-11-24,+22249108979,,2,Nouakchott-Ouest,ACTIVE,,INACTIVE,2022-06-20,2023-05-22T03:57:17.019Z,2022-06-20T20:32:53.769Z,2023-05-22T03:57:17.019Z
9518,7304695846,Oumou,Diarra,Oumou Diarra,F,1973-08-07,+22236743069,oumou.diarra250@hotmail.fr,4,Dakhlet Nouadhibou,STANDARD,,ACTIVE,2022-01-14,2023-07-11T05:51:18.404Z,2022-01-14T05:42:42.554Z,2023-07-11T05:51:18.404Z
9519,9902544036,Naima,Mint El Mokhtar,Naima Mint El Mokhtar,F,1999-08-14,+22225620553,naima.mintelmokhtar330@hotmail.fr,2,Nouakchott-Ouest,OCCASIONAL,,ACTIVE,2022-03-20,2023-09-06T12:03:15.531Z,2022-03-20T10:52:18.807Z,2023-09-06T12:03:15.531Z
9520,9603486950,Nouhoum,Koita,Nouhoum Koita,M,1996-07-21,+22232114756,,3,Nouakchott-Sud,DORMANT,,ACTIVE,2024-12-25,2024-12-30T00:35:31.974Z,2024-12-25T15:02:03.619Z,2024-12-30T00:35:31.974Z
9521,6512529763,Salem,Ould Khalil,Salem Ould Khalil,M,1965-06-21,+22242355156,salem.ouldkhalil565@gmail.com,12,Adrar,STANDARD,,ACTIVE,2023-05-07,2024-12-22T01:29:55.794Z,2023-05-07T22:33:57.340Z,2024-12-22T01:29:55.794Z
9522,8605494691,Tacko,Fall,Tacko Fall,F,1986-06-24,+22223850760,,5,Trarza,STANDARD,,ACTIVE,2024-09-28,2024-12-22T10:12:40.035Z,2024-09-28T04:40:40.544Z,2024-12-22T10:12:40.035Z
9523,6512622497,Fatima,Mint Limam,Fatima Mint Limam,F,1965-07-02,+22223305437,,12,Adrar,OCCASIONAL,,ACTIVE,2022-03-28,2024-06-18T13:48:27.583Z,2022-03-28T21:55:20.981Z,2024-06-18T13:48:27.583Z
9524,9001344821,Oumou,Sakho,Oumou Sakho,F,1990-07-10,+22244927005,,1,Nouakchott-Nord,OCCASIONAL,,ACTIVE,2024-02-20,2024-05-22T13:25:27.863Z,2024-02-20T15:14:53.116Z,2024-05-22T13:25:27.863Z
9525,6102572171,Adama,Kane,Adama Kane,M,1961-10-17,+22232632078,adama.kane315@outlook.com,2,Nouakchott-Ouest,DORMANT,,ACTIVE,2023-02-28,2024-05-08T10:26:35.358Z,2023-02-28T05:50:59.015Z,2024-05-08T10:26:35.358Z
9526,7912599226,Lemrabott,Ould Saad,Lemrabott Ould Saad,M,1979-03-18,+22224477614,,12,Adrar,STANDARD,,ACTIVE,2023-05-15,2023-11-08T23:57:50.685Z,2023-05-15T15:09:48.729Z,2023-11-08T23:57:50.685Z
9527,8308699452,Halima,Thiaw,Halima Thiaw,F,1983-10-14,+22225726857,halima.thiaw550@gmail.com,8,Guidimaka,STANDARD,,ACTIVE,2022-03-23,2023-07-08T21:47:58.198Z,2022-03-23T02:04:24.255Z,2023-07-08T21:47:58.198Z
9528,7704192459,Kadiatou,Koné,Kadiatou Koné,F,1977-12-10,+22236741303,,4,Dakhlet Nouadhibou,OCCASIONAL,,ACTIVE,2023-04-09,2023-11-05T22:19:06.383Z,2023-04-09T07:25:18.744Z,2023-11-05T22:19:06.383Z
9529,7303479744,Mahjouba,Mint Taleb,Mahjouba Mint Taleb,F,1973-11-17,+22233419014,mahjouba.minttaleb920@hotmail.fr,3,Nouakchott-Sud,ACTIVE,,ACTIVE,2024-02-05,2024-07-07T22:44:49.024Z,2024-02-05T14:10:52.210Z,2024-07-07T22:44:49.024Z
9530,6602519010,Isselmou,Ould Taleb,Isselmou Ould Taleb,M,1966-03-09,+22224230943,,2,Nouakchott-Ouest,STANDARD,,ACTIVE,2022-09-03,2024-11-20T20:05:01.835Z,2022-09-03T23:43:05.099Z,2024-11-20T20:05:01.835Z
9531,8405736957,Saleck,Thiam,Saleck Thiam,M,1984-06-03,+22249672003,saleck.thiam335@hotmail.fr,5,Trarza,STANDARD,,ACTIVE,2022-08-21,2024-09-03T19:25:43.606Z,2022-08-21T01:28:05.178Z,2024-09-03T19:25:43.606Z
9532,7901465495,Horma,Bah,Horma Bah,M,1979-06-15,+22232024909,,1,Nouakchott-Nord,DORMANT,,ACTIVE,2024-03-05,2024-08-30T17:22:39.908Z,2024-03-05T03:48:52.269Z,2024-08-30T17:22:39.908Z
9533,0401254196,Nouhoum,Barry,Nouhoum Barry,M,2004-10-04,+22224851426,,1,Nouakchott-Nord,OCCASIONAL,,ACTIVE,2022-10-24,2023-09-14T20:52:03.389Z,2022-10-24T21:07:23.516Z,2023-09-14T20:52:03.389Z
9534,7805680688,Fatoumata,Sène,Fatoumata Sène,F,1978-03-23,+22245355896,,5,Trarza,ACTIVE,,ACTIVE,2024-03-26,2024-05-09T10:55:14.857Z,2024-03-26T16:35:19.910Z,2024-05-09T10:55:14.857Z
9535,9915762931,Tamba,Dieng,Tamba Dieng,M,1999-08-26,+22233957990,tamba.dieng687@gmail.com,15,Tiris Zemmour,STANDARD,,ACTIVE,2022-10-25,2024-05-07T16:04:30.254Z,2022-10-25T18:07:32.250Z,2024-05-07T16:04:30.254Z
9536,7801838320,Moulaye,Ndour,Moulaye Ndour,M,1978-09-16,+22232020654,,1,Nouakchott-Nord,ACTIVE,,ACTIVE,2024-03-22,2024-10-12T15:48:22.362Z,2024-03-22T03:04:21.075Z,2024-10-12T15:48:22.362Z
9537,6203106288,Jiddou,Ould Ethmane,Jiddou Ould Ethmane,M,1962-04-21,+22224734376,,3,Nouakchott-Sud,STANDARD,,ACTIVE,2023-01-26,2024-04-19T09:10:52.052Z,2023-01-26T03:48:29.768Z,2024-04-19T09:10:52.052Z
9538,8204149817,Messoud,Ould Isselmou,Messoud Ould Isselmou,M,1982-11-05,+22235157210,,4,Dakhlet Nouadhibou,ACTIVE,,ACTIVE,2023-06-22,2023-12-18T00:15:47.579Z,2023-06-22T03:39:57.792Z,2023-12-18T00:15:47.579Z
9539,0301483009,Tourad,Ould Taleb,Tourad Ould Taleb,M,2003-06-06,+22232092628,tourad.ouldtaleb351@gmail.com,1,Nouakchott-Nord,OCCASIONAL,,ACTIVE,2023-06-06,2024-10-13T09:03:40.464Z,2023-06-06T03:42:55.621Z,2024-10-13T09:03:40.464Z
9540,7202274712,Mokhtar,Ould Jiddou,Mokhtar Ould Jiddou,M,1972-01-18,+22223371507,mokhtar.ouldjiddou211@hotmail.fr,2,Nouakchott-Ouest,OCCASIONAL,,PENDING_KYC,2022-01-02,2023-12-15T13:05:35.932Z,2022-01-02T14:15:54.173Z,2023-12-15T13:05:35.932Z
9541,9302020185,Ghali,Ould Lemrabott,Ghali Ould Lemrabott,M,1993-09-19,+22249199280,ghali.ouldlemrabott124@outlook.com,2,Nouakchott-Ouest,STANDARD,,ACTIVE,2022-05-22,2024-03-22T04:31:11.381Z,2022-05-22T16:07:15.454Z,2024-03-22T04:31:11.381Z
9542,8306118311,Mahfoudh,Ould Ghali,Mahfoudh Ould Ghali,M,1983-02-15,+22222085010,,6,Brakna,STANDARD,,ACTIVE,2024-10-21,2024-11-07T20:24:13.216Z,2024-10-21T06:12:54.484Z,2024-11-07T20:24:13.216Z
9543,7703932865,Abdoulaye,Tall,Abdoulaye Tall,M,1977-05-14,+22249013833,abdoulaye.tall73@gmail.com,3,Nouakchott-Sud,STANDARD,,ACTIVE,2022-11-09,2024-03-28T18:00:35.409Z,2022-11-09T02:38:08.121Z,2024-03-28T18:00:35.409Z
9544,0301227915,Tourad,Ould Limam,Tourad Ould Limam,M,2003-10-09,+22223207159,tourad.ouldlimam144@hotmail.fr,1,Nouakchott-Nord,OCCASIONAL,,ACTIVE,2023-07-25,2024-07-18T13:39:54.990Z,2023-07-25T15:13:13.150Z,2024-07-18T13:39:54.990Z
9545,8707407014,Vadel,Doucouré,Vadel Doucouré,M,1987-05-10,+22243366997,vadel.doucouré920@gmail.com,7,Gorgol,STANDARD,,ACTIVE,2024-12-21,2024-12-29T17:45:12.738Z,2024-12-21T03:29:18.742Z,2024-12-29T17:45:12.738Z
9546,9002882054,Mohamed Lemine,Ould Taleb,Mohamed Lemine Ould Taleb,M,1990-03-06,+22225129830,mohamedlemine.ouldtaleb982@hotmail.fr,2,Nouakchott-Ouest,STANDARD,,ACTIVE,2022-01-21,2023-03-31T02:02:31.208Z,2022-01-21T11:33:07.235Z,2023-03-31T02:02:31.208Z
9547,0201706714,Khady,Wane,Khady Wane,F,2002-08-24,+22234209783,khady.wane536@hotmail.fr,1,Nouakchott-Nord,OCCASIONAL,,ACTIVE,2022-02-23,2023-06-05T05:00:36.884Z,2022-02-23T11:18:23.431Z,2023-06-05T05:00:36.884Z
9548,9702002493,Messoud,Ould Cheikh,Messoud Ould Cheikh,M,1997-07-20,+22242731555,,2,Nouakchott-Ouest,ACTIVE,,ACTIVE,2022-01-14,2024-06-17T01:24:34.245Z,2022-01-14T01:47:22.307Z,2024-06-17T01:24:34.245Z
9549,8511487936,Hacen,Camara,Hacen Camara,M,1985-05-19,+22233807765,,11,Hodh El Gharbi,OCCASIONAL,,ACTIVE,2023-01-05,2023-01-12T21:04:25.192Z,2023-01-05T22:34:08.010Z,2023-01-12T21:04:25.192Z
9550,0407066575,Noura,Mint Mohamed,Noura Mint Mohamed,F,2004-06-03,+22249268408,noura.mintmohamed89@outlook.com,7,Gorgol,ACTIVE,,ACTIVE,2023-02-08,2023-04-13T09:34:52.861Z,2023-02-08T22:59:50.935Z,2023-04-13T09:34:52.861Z
9551,9503893041,Saad,Sakho,Saad Sakho,M,1995-09-24,+22236258155,,3,Nouakchott-Sud,STANDARD,,ACTIVE,2023-04-26,2024-03-30T18:25:04.899Z,2023-04-26T00:59:12.328Z,2024-03-30T18:25:04.899Z
9552,9015579220,Abdallah,Sissoko,Abdallah Sissoko,M,1990-11-23,+22237143753,abdallah.sissoko208@gmail.com,15,Tiris Zemmour,OCCASIONAL,,ACTIVE,2022-05-01,2022-07-12T21:47:44.793Z,2022-05-01T09:08:12.659Z,2022-07-12T21:47:44.793Z
9553,6101998318,Isselmou,Wane,Isselmou Wane,M,1961-05-11,+22223715446,isselmou.wane438@yahoo.fr,1,Nouakchott-Nord,OCCASIONAL,,ACTIVE,2022-11-04,2024-03-26T23:06:55.524Z,2022-11-04T09:58:03.465Z,2024-03-26T23:06:55.524Z
9554,7401938226,Brahim,Fall,Brahim Fall,M,1974-07-05,+22222343970,brahim.fall341@hotmail.fr,1,Nouakchott-Nord,ACTIVE,,ACTIVE,2023-10-09,2023-10-20T03:09:42.780Z,2023-10-09T00:22:59.586Z,2023-10-20T03:09:42.780Z
9555,8101978565,Fatima,Bathily,Fatima Bathily,F,1981-12-06,+22225708639,fatima.bathily641@hotmail.fr,1,Nouakchott-Nord,STANDARD,,ACTIVE,2023-01-25,2023-06-06T22:48:12.067Z,2023-01-25T15:01:17.636Z,2023-06-06T22:48:12.067Z
9556,8607213737,Sidi Mohamed,Bathily,Sidi Mohamed Bathily,M,1986-03-25,+22237507101,,7,Gorgol,STANDARD,,ACTIVE,2022-08-27,2024-09-24T05:59:28.949Z,2022-08-27T20:40:23.350Z,2024-09-24T05:59:28.949Z
9557,8803296871,Jiddou,Sall,Jiddou Sall,M,1988-03-16,+22234633750,,3,Nouakchott-Sud,ACTIVE,,ACTIVE,2022-09-07,2024-12-14T05:07:26.025Z,2022-09-07T17:56:58.447Z,2024-12-14T05:07:26.025Z
9558,6802051912,Pape,Sy,Pape Sy,M,1968-03-09,+22244362450,,2,Nouakchott-Ouest,STANDARD,,ACTIVE,2022-11-02,2022-12-12T22:36:26.167Z,2022-11-02T01:54:06.829Z,2022-12-12T22:36:26.167Z
9559,8405532209,Mohamed Salem,Barry,Mohamed Salem Barry,M,1984-07-13,+22234057686,,5,Trarza,OCCASIONAL,,ACTIVE,2023-03-22,2023-10-23T07:00:06.634Z,2023-03-22T01:49:01.294Z,2023-10-23T07:00:06.634Z
9560,9311050931,Habiba,Mint Zein,Habiba Mint Zein,F,1993-12-27,+22223770655,,11,Hodh El Gharbi,STANDARD,,ACTIVE,2022-02-13,2024-06-21T13:10:10.388Z,2022-02-13T03:05:12.854Z,2024-06-21T13:10:10.388Z
9561,9404197183,Naha,Mint Tourad,Naha Mint Tourad,F,1994-05-19,+22222087852,,4,Dakhlet Nouadhibou,OCCASIONAL,,ACTIVE,2024-12-24,2024-12-26T05:00:58.987Z,2024-12-24T20:23:49.890Z,2024-12-26T05:00:58.987Z
9562,6601126529,Hawa,Ba,Hawa Ba,F,1966-10-04,+22224536339,,1,Nouakchott-Nord,STANDARD,,ACTIVE,2024-09-15,2024-10-19T09:23:28.727Z,2024-09-15T15:37:12.647Z,2024-10-19T09:23:28.727Z
9563,8511223800,Salka,Doucouré,Salka Doucouré,F,1985-02-14,+22222987515,,11,Hodh El Gharbi,OCCASIONAL,,ACTIVE,2024-02-23,2024-11-12T01:42:14.570Z,2024-02-23T04:15:46.414Z,2024-11-12T01:42:14.570Z
9564,0504061567,Salka,Bah,Salka Bah,F,2005-10-01,+22246041697,,4,Dakhlet Nouadhibou,STANDARD,,ACTIVE,2024-07-16,2024-10-28T14:19:18.699Z,2024-07-16T01:33:04.804Z,2024-10-28T14:19:18.699Z
9565,6302045101,Samba,Anne,Samba Anne,M,1963-09-09,+22232017805,,2,Nouakchott-Ouest,STANDARD,,ACTIVE,2023-02-18,2024-10-25T13:27:18.891Z,2023-02-18T13:16:45.322Z,2024-10-25T13:27:18.891Z
9566,0403508381,Ghalia,Mint Abdallah,Ghalia Mint Abdallah,F,2004-12-28,+22233408404,ghalia.mintabdallah825@yahoo.fr,3,Nouakchott-Sud,OCCASIONAL,,ACTIVE,2024-02-21,2024-03-20T12:00:00.632Z,2024-02-21T21:01:31.956Z,2024-03-20T12:00:00.632Z
9567,7105925021,Mounina,Mint Nenni,Mounina Mint Nenni,F,1971-10-11,+22237169231,mounina.mintnenni382@hotmail.fr,5,Trarza,DORMANT,,ACTIVE,2023-11-14,2024-01-30T11:36:39.003Z,2023-11-14T04:48:54.202Z,2024-01-30T11:36:39.003Z
9568,8103962290,Defa,Mint Eleya,Defa Mint Eleya,F,1981-04-22,+22233947971,,3,Nouakchott-Sud,STANDARD,,ACTIVE,2022-08-27,2022-12-12T12:49:52.195Z,2022-08-27T09:25:31.963Z,2022-12-12T12:49:52.195Z
9569,6103483106,Djenaba,Dieng,Djenaba Dieng,F,1961-11-05,+22225612280,djenaba.dieng9@outlook.com,3,Nouakchott-Sud,ACTIVE,,ACTIVE,2022-10-25,2024-10-24T13:53:54.471Z,2022-10-25T16:18:11.185Z,2024-10-24T13:53:54.471Z
9570,7515873725,Djenaba,Dia,Djenaba Dia,F,1975-09-25,+22244133499,djenaba.dia691@outlook.com,15,Tiris Zemmour,STANDARD,,ACTIVE,2023-04-04,2024-02-10T13:44:17.541Z,2023-04-04T20:59:14.792Z,2024-02-10T13:44:17.541Z
9571,9103338197,Zeinab,Bâ,Zeinab Bâ,F,1991-12-26,+22225410103,zeinab.bâ483@gmail.com,3,Nouakchott-Sud,ACTIVE,,ACTIVE,2024-12-05,2024-12-25T18:02:14.494Z,2024-12-05T20:00:54.014Z,2024-12-25T18:02:14.494Z
9572,6502099405,Thierno,Ndour,Thierno Ndour,M,1965-01-25,+22244159187,thierno.ndour849@gmail.com,2,Nouakchott-Ouest,OCCASIONAL,,INACTIVE,2022-02-08,2022-08-26T19:00:29.919Z,2022-02-08T03:18:46.529Z,2022-08-26T19:00:29.919Z
9573,6307214722,Aziza,Mint Khalil,Aziza Mint Khalil,F,1963-05-28,+22248903464,,7,Gorgol,OCCASIONAL,,SUSPENDED,2023-09-27,2024-04-17T04:13:40.938Z,2023-09-27T09:04:50.000Z,2024-04-17T04:13:40.938Z
9574,6101708249,Cheikh,Kouyaté,Cheikh Kouyaté,M,1961-04-23,+22225958550,cheikh.kouyaté31@gmail.com,1,Nouakchott-Nord,ACTIVE,,ACTIVE,2023-10-18,2024-12-08T15:46:13.814Z,2023-10-18T16:47:18.048Z,2024-12-08T15:46:13.814Z
9575,8002217404,Salem,Ould Lemrabott,Salem Ould Lemrabott,M,1980-04-23,+22223479370,,2,Nouakchott-Ouest,STANDARD,,ACTIVE,2023-03-08,2023-05-11T08:42:18.253Z,2023-03-08T23:27:37.641Z,2023-05-11T08:42:18.253Z
9576,8003327485,Hamadi,Ould Habiboullah,Hamadi Ould Habiboullah,M,1980-03-09,+22223928090,,3,Nouakchott-Sud,OCCASIONAL,,ACTIVE,2024-07-09,2024-09-23T19:18:38.051Z,2024-07-09T16:06:58.960Z,2024-09-23T19:18:38.051Z
9577,6504776487,Mohamed Salem,Diop,Mohamed Salem Diop,M,1965-09-14,+22249369645,,4,Dakhlet Nouadhibou,ACTIVE,,ACTIVE,2022-10-20,2024-04-19T20:57:15.673Z,2022-10-20T18:06:14.951Z,2024-04-19T20:57:15.673Z
9578,0002932859,Aziza,Doucouré,Aziza Doucouré,F,2000-04-26,+22223191514,aziza.doucouré87@gmail.com,2,Nouakchott-Ouest,STANDARD,,ACTIVE,2023-01-17,2024-08-21T18:48:33.063Z,2023-01-17T15:51:53.321Z,2024-08-21T18:48:33.063Z
9579,7512455403,Haby,Bah,Haby Bah,F,1975-12-08,+22236584117,,12,Adrar,STANDARD,,ACTIVE,2023-04-30,2023-12-18T07:17:58.818Z,2023-04-30T18:07:42.804Z,2023-12-18T07:17:58.818Z
9580,9401604622,Dialika,Fall,Dialika Fall,F,1994-02-21,+22223292838,,1,Nouakchott-Nord,STANDARD,,ACTIVE,2022-05-13,2023-05-14T14:18:33.065Z,2022-05-13T06:30:08.289Z,2023-05-14T14:18:33.065Z
9581,6101305578,Defa,Mint Salem,Defa Mint Salem,F,1961-03-28,+22223719097,,1,Nouakchott-Nord,PREMIUM,,INACTIVE,2022-09-27,2024-04-07T12:00:39.034Z,2022-09-27T12:11:33.890Z,2024-04-07T12:00:39.034Z
9582,9301903353,Lehbib,Ould El Mamy,Lehbib Ould El Mamy,M,1993-10-10,+22232155869,lehbib.ouldelmamy330@yahoo.fr,1,Nouakchott-Nord,STANDARD,,ACTIVE,2023-06-20,2023-09-26T10:13:19.120Z,2023-06-20T20:04:11.986Z,2023-09-26T10:13:19.120Z
9583,6902866232,Rougui,Kane,Rougui Kane,F,1969-12-14,+22222627465,,2,Nouakchott-Ouest,STANDARD,,ACTIVE,2024-12-05,2024-12-10T22:17:50.914Z,2024-12-05T13:59:34.585Z,2024-12-10T22:17:50.914Z
9584,8203366996,Fatima,Mint Sidi,Fatima Mint Sidi,F,1982-12-11,+22225738777,,3,Nouakchott-Sud,DORMANT,,ACTIVE,2024-05-02,2024-07-19T14:28:08.398Z,2024-05-02T09:31:53.828Z,2024-07-19T14:28:08.398Z
9585,8301105187,Zein,Ould Hadrami,Zein Ould Hadrami,M,1983-08-17,+22236776394,,1,Nouakchott-Nord,OCCASIONAL,,ACTIVE,2022-09-05,2023-12-22T19:48:07.806Z,2022-09-05T03:02:35.965Z,2023-12-22T19:48:07.806Z
9586,6301782254,Hamadi,Dia,Hamadi Dia,M,1963-02-15,+22236079768,hamadi.dia595@gmail.com,1,Nouakchott-Nord,STANDARD,,ACTIVE,2023-06-12,2024-01-13T15:31:29.291Z,2023-06-12T18:04:46.228Z,2024-01-13T15:31:29.291Z
9587,6905869935,Vadel,Sarr,Vadel Sarr,M,1969-01-22,+22245563909,,5,Trarza,STANDARD,,ACTIVE,2023-06-08,2023-11-26T19:47:17.689Z,2023-06-08T10:25:11.900Z,2023-11-26T19:47:17.689Z
9588,6603654628,Aminetou,Mint El Ghassem,Aminetou Mint El Ghassem,F,1966-11-20,+22241023759,,3,Nouakchott-Sud,ACTIVE,,ACTIVE,2024-08-20,2024-12-14T06:30:27.217Z,2024-08-20T07:44:14.670Z,2024-12-14T06:30:27.217Z
9589,0504645699,Saliou,Sow,Saliou Sow,M,2005-12-14,+22222009677,saliou.sow729@yahoo.fr,4,Dakhlet Nouadhibou,ACTIVE,,ACTIVE,2024-12-08,2024-12-12T03:32:46.366Z,2024-12-08T21:41:42.062Z,2024-12-12T03:32:46.366Z
9590,9802930674,Cheibany,Ould Isselmou,Cheibany Ould Isselmou,M,1998-11-13,+22222855756,,2,Nouakchott-Ouest,STANDARD,,ACTIVE,2023-07-29,2023-08-10T16:49:15.575Z,2023-07-29T04:22:07.695Z,2023-08-10T16:49:15.575Z
9591,7504414993,Fatoumata,Wade,Fatoumata Wade,F,1975-12-15,+22233880289,fatoumata.wade884@gmail.com,4,Dakhlet Nouadhibou,STANDARD,,ACTIVE,2024-10-13,2024-11-02T17:15:09.069Z,2024-10-13T00:16:41.074Z,2024-11-02T17:15:09.069Z
9592,9801646767,Cheikh,Diop,Cheikh Diop,M,1998-07-02,+22236153362,,1,Nouakchott-Nord,DORMANT,,ACTIVE,2022-05-14,2023-12-14T00:12:42.889Z,2022-05-14T11:57:25.479Z,2023-12-14T00:12:42.889Z
9593,9802045749,Ethmane,Mbow,Ethmane Mbow,M,1998-10-10,+22237537107,,2,Nouakchott-Ouest,ACTIVE,,ACTIVE,2023-08-27,2024-10-03T02:31:30.097Z,2023-08-27T12:56:12.555Z,2024-10-03T02:31:30.097Z
9594,0212569612,Maimouna,Diallo,Maimouna Diallo,F,2002-03-02,+22222890592,,12,Adrar,ACTIVE,,ACTIVE,2023-07-04,2023-09-08T09:06:05.387Z,2023-07-04T15:37:23.885Z,2023-09-08T09:06:05.387Z
9595,9902431075,Naima,Mint El Mokhtar,Naima Mint El Mokhtar,F,1999-08-14,+22235927468,naima.mintelmokhtar843@outlook.com,2,Nouakchott-Ouest,ACTIVE,,BLOCKED,2023-02-03,2024-10-17T17:17:25.289Z,2023-02-03T01:28:20.397Z,2024-10-17T17:17:25.289Z
9596,9714384545,Sira,Bâ,Sira Bâ,F,1997-01-20,+22244098484,,14,Inchiri,STANDARD,,INACTIVE,2022-08-30,2023-05-03T22:22:59.563Z,2022-08-30T20:10:13.346Z,2023-05-03T22:22:59.563Z
9597,9804479764,Mohamed Lemine,Ould Habiboullah,Mohamed Lemine Ould Habiboullah,M,1998-10-10,+22223547761,,4,Dakhlet Nouadhibou,DORMANT,,PENDING_KYC,2022-08-17,2024-09-09T18:20:29.855Z,2022-08-17T00:01:18.245Z,2024-09-09T18:20:29.855Z
9598,9902914330,Aziza,Mint Khalil,Aziza Mint Khalil,F,1999-10-20,+22247566240,aziza.mintkhalil987@yahoo.fr,2,Nouakchott-Ouest,STANDARD,,ACTIVE,2022-08-20,2024-02-12T18:34:10.274Z,2022-08-20T17:03:34.616Z,2024-02-12T18:34:10.274Z
9599,7704967987,Naha,Mint Jiddou,Naha Mint Jiddou,F,1977-06-26,+22232858664,naha.mintjiddou360@hotmail.fr,4,Dakhlet Nouadhibou,OCCASIONAL,,ACTIVE,2024-01-19,2024-11-09T15:12:29.864Z,2024-01-19T01:19:27.763Z,2024-11-09T15:12:29.864Z
9600,9702455833,Nagi,Ould Vall,Nagi Ould Vall,M,1997-10-13,+22234567400,,2,Nouakchott-Ouest,ACTIVE,,ACTIVE,2024-04-20,2024-08-12T08:59:42.874Z,2024-04-20T03:02:13.661Z,2024-08-12T08:59:42.874Z
9601,9703992559,Maimouna,Diarra,Maimouna Diarra,F,1997-12-13,+22232609399,,3,Nouakchott-Sud,STANDARD,,ACTIVE,2024-04-14,2024-04-16T12:52:16.961Z,2024-04-14T10:36:55.234Z,2024-04-16T12:52:16.961Z
9602,7401232953,Binta,Thiaw,Binta Thiaw,F,1974-09-18,+22232741303,binta.thiaw872@yahoo.fr,1,Nouakchott-Nord,STANDARD,,ACTIVE,2022-07-22,2023-02-12T19:57:32.588Z,2022-07-22T11:26:55.980Z,2023-02-12T19:57:32.588Z
9603,7404522947,Mariama,Dia,Mariama Dia,F,1974-06-13,+22247465551,,4,Dakhlet Nouadhibou,OCCASIONAL,,ACTIVE,2022-09-22,2023-10-09T19:21:56.361Z,2022-09-22T08:43:30.623Z,2023-10-09T19:21:56.361Z
9604,8304781944,Salem,Ould Jiddou,Salem Ould Jiddou,M,1983-07-12,+22235224646,,4,Dakhlet Nouadhibou,STANDARD,,ACTIVE,2022-07-06,2023-09-11T00:47:02.782Z,2022-07-06T03:37:06.435Z,2023-09-11T00:47:02.782Z
9605,9507131938,Zakaria,Ould Mokhtar,Zakaria Ould Mokhtar,M,1995-12-21,+22233412945,zakaria.ouldmokhtar212@hotmail.fr,7,Gorgol,STANDARD,,ACTIVE,2023-09-13,2024-07-09T18:41:27.085Z,2023-09-13T07:32:02.642Z,2024-07-09T18:41:27.085Z
9606,8115600865,Fatima,Mint Dah,Fatima Mint Dah,F,1981-07-26,+22224586201,,15,Tiris Zemmour,ACTIVE,,ACTIVE,2022-05-14,2023-08-17T07:14:46.652Z,2022-05-14T00:16:51.804Z,2023-08-17T07:14:46.652Z
9607,7802319189,Naima,Koné,Naima Koné,F,1978-03-01,+22246362902,naima.koné567@yahoo.fr,2,Nouakchott-Ouest,OCCASIONAL,,INACTIVE,2022-04-15,2022-12-31T02:07:27.208Z,2022-04-15T09:28:25.258Z,2022-12-31T02:07:27.208Z
9608,6005133525,Cheikh Sidiya,Ould Isselmou,Cheikh Sidiya Ould Isselmou,M,1960-12-27,+22224895764,,5,Trarza,DORMANT,,ACTIVE,2022-12-10,2023-01-10T03:47:37.964Z,2022-12-10T18:26:09.981Z,2023-01-10T03:47:37.964Z
9609,7901478499,Khadijetou,Mint Messoud,Khadijetou Mint Messoud,F,1979-11-13,+22236872179,,1,Nouakchott-Nord,PREMIUM,,ACTIVE,2024-01-19,2024-11-26T05:15:29.157Z,2024-01-19T15:11:50.242Z,2024-11-26T05:15:29.157Z
9610,7803187194,Youssouf,Ould Hamoud,Youssouf Ould Hamoud,M,1978-12-20,+22235014146,youssouf.ouldhamoud249@yahoo.fr,3,Nouakchott-Sud,OCCASIONAL,,ACTIVE,2024-07-10,2024-11-12T00:25:43.384Z,2024-07-10T22:52:13.763Z,2024-11-12T00:25:43.384Z
9611,8007236411,Bilal,Ould Eleya,Bilal Ould Eleya,M,1980-12-26,+22232465539,,7,Gorgol,ACTIVE,,BLOCKED,2022-03-18,2022-06-13T11:30:34.068Z,2022-03-18T22:23:04.985Z,2022-06-13T11:30:34.068Z
9612,0202422776,Fatima,Mint Soufi,Fatima Mint Soufi,F,2002-01-05,+22224705889,fatima.mintsoufi854@outlook.com,2,Nouakchott-Ouest,STANDARD,,ACTIVE,2022-08-14,2022-12-15T20:05:33.464Z,2022-08-14T12:02:12.640Z,2022-12-15T20:05:33.464Z
9613,6502468607,Tidiane,Dieng,Tidiane Dieng,M,1965-12-22,+22222813988,,2,Nouakchott-Ouest,STANDARD,,ACTIVE,2024-01-05,2024-05-26T09:21:15.135Z,2024-01-05T21:08:28.947Z,2024-05-26T09:21:15.135Z
9614,7115273365,Hawa,Diakité,Hawa Diakité,F,1971-07-04,+22233654125,hawa.diakité780@gmail.com,15,Tiris Zemmour,DORMANT,,ACTIVE,2022-08-26,2022-12-02T01:06:34.646Z,2022-08-26T10:33:55.285Z,2022-12-02T01:06:34.646Z
9615,0202054014,Hamidou,Thiaw,Hamidou Thiaw,M,2002-09-06,+22225797999,,2,Nouakchott-Ouest,ACTIVE,,ACTIVE,2023-03-18,2023-06-13T18:58:44.628Z,2023-03-18T20:50:50.833Z,2023-06-13T18:58:44.628Z
9616,0201717435,Khady,Wane,Khady Wane,F,2002-08-24,+22224741174,,1,Nouakchott-Nord,OCCASIONAL,,ACTIVE,2022-09-05,2024-10-24T16:31:00.051Z,2022-09-05T01:55:18.386Z,2024-10-24T16:31:00.051Z
9617,0301912578,Fatima,Mint Hamoud,Fatima Mint Hamoud,F,2003-11-01,+22224702881,fatima.minthamoud165@outlook.com,1,Nouakchott-Nord,DORMANT,,BLOCKED,2023-07-04,2024-06-02T12:52:40.239Z,2023-07-04T12:19:59.358Z,2024-06-02T12:52:40.239Z
9618,9703465521,Mahfoudh,Ould Abeih,Mahfoudh Ould Abeih,M,1997-05-03,+22225396342,mahfoudh.ouldabeih565@gmail.com,3,Nouakchott-Sud,ACTIVE,,ACTIVE,2022-02-18,2022-02-19T13:45:28.241Z,2022-02-18T23:17:26.479Z,2022-02-19T13:45:28.241Z
9619,0215426752,Cheikh,Diallo,Cheikh Diallo,M,2002-09-14,+22222658815,,15,Tiris Zemmour,STANDARD,,ACTIVE,2022-04-11,2024-06-21T21:54:44.052Z,2022-04-11T12:37:54.390Z,2024-06-21T21:54:44.052Z
9620,9301893047,Mahmoud,Ould Messoud,Mahmoud Ould Messoud,M,1993-11-13,+22236445298,,1,Nouakchott-Nord,OCCASIONAL,,ACTIVE,2022-02-23,2024-05-08T11:13:19.386Z,2022-02-23T07:59:19.867Z,2024-05-08T11:13:19.386Z
9621,8112203029,Sidiki,Sène,Sidiki Sène,M,1981-05-16,+22224741303,sidiki.sène325@outlook.com,12,Adrar,OCCASIONAL,,ACTIVE,2024-10-24,2024-12-21T00:15:45.341Z,2024-10-24T08:29:28.201Z,2024-12-21T00:15:45.341Z
9622,7604529126,Hawa,Mbaye,Hawa Mbaye,F,1976-11-01,+22232707375,,4,Dakhlet Nouadhibou,STANDARD,,ACTIVE,2024-05-12,2024-12-05T00:00:39.867Z,2024-05-12T17:10:29.225Z,2024-12-05T00:00:39.867Z
9623,8304218130,Mbareck,Ould Hadrami,Mbareck Ould Hadrami,M,1983-07-12,+22246277179,,4,Dakhlet Nouadhibou,STANDARD,,ACTIVE,2024-04-27,2024-05-16T06:16:00.083Z,2024-04-27T09:34:02.355Z,2024-05-16T06:16:00.083Z
9624,7807434249,Mbaye,Cissé,Mbaye Cissé,M,1978-12-13,+22234434119,,7,Gorgol,STANDARD,,ACTIVE,2023-01-12,2023-06-25T17:19:47.289Z,2023-01-12T22:46:12.016Z,2023-06-25T17:19:47.289Z
9625,8902242669,Mohamed Lemine,Diagana,Mohamed Lemine Diagana,M,1989-02-05,+22236143409,mohamedlemine.diagana636@gmail.com,2,Nouakchott-Ouest,STANDARD,,ACTIVE,2022-06-13,2024-07-28T15:23:02.752Z,2022-06-13T22:06:28.084Z,2024-07-28T15:23:02.752Z
9626,0203770290,Nouh,Diarra,Nouh Diarra,M,2002-02-19,+22223071737,,3,Nouakchott-Sud,ACTIVE,,ACTIVE,2023-11-14,2024-02-27T22:40:58.850Z,2023-11-14T11:28:48.472Z,2024-02-27T22:40:58.850Z
9627,7804821763,Saidou,Thiaw,Saidou Thiaw,M,1978-06-01,+22244891696,,4,Dakhlet Nouadhibou,OCCASIONAL,,ACTIVE,2024-09-29,2024-12-01T04:06:59.993Z,2024-09-29T08:38:29.333Z,2024-12-01T04:06:59.993Z
9628,8702052194,Hamoud,Bâ,Hamoud Bâ,M,1987-11-05,+22223332635,hamoud.bâ662@gmail.com,2,Nouakchott-Ouest,STANDARD,,ACTIVE,2022-10-05,2023-01-02T14:46:19.845Z,2022-10-05T17:01:17.653Z,2023-01-02T14:46:19.845Z
9629,0404008084,Oumar,Thiaw,Oumar Thiaw,M,2004-02-28,+22225741303,oumar.thiaw104@outlook.com,4,Dakhlet Nouadhibou,ACTIVE,,ACTIVE,2023-11-13,2024-02-03T02:50:15.851Z,2023-11-13T19:40:30.192Z,2024-02-03T02:50:15.851Z
9630,9815398946,Cheikh Sidiya,Wane,Cheikh Sidiya Wane,M,1998-05-03,+22224802752,,15,Tiris Zemmour,STANDARD,,ACTIVE,2024-03-07,2024-06-18T06:07:53.040Z,2024-03-07T00:17:08.463Z,2024-06-18T06:07:53.040Z
9631,0203191321,El Hacen,Diallo,El Hacen Diallo,M,2002-10-08,+22234848064,,3,Nouakchott-Sud,STANDARD,,ACTIVE,2022-09-04,2024-09-10T07:09:50.362Z,2022-09-04T20:37:58.045Z,2024-09-10T07:09:50.362Z
9632,8806551339,Ténin,Sakho,Ténin Sakho,F,1988-02-13,+22223145119,,6,Brakna,ACTIVE,,ACTIVE,2022-08-09,2023-01-26T22:04:51.868Z,2022-08-09T22:59:48.085Z,2023-01-26T22:04:51.868Z
9633,7301280922,Brahim,Diallo,Brahim Diallo,M,1973-11-27,+22232326567,,1,Nouakchott-Nord,DORMANT,,ACTIVE,2022-01-01,2022-11-09T23:43:52.364Z,2022-01-01T09:12:51.865Z,2022-11-09T23:43:52.364Z
9634,9004594281,Aziza,Mint Saad,Aziza Mint Saad,F,1990-07-18,+22236778695,,4,Dakhlet Nouadhibou,ACTIVE,,ACTIVE,2024-04-12,2024-05-03T18:30:35.951Z,2024-04-12T23:05:26.624Z,2024-05-03T18:30:35.951Z
9635,6901764283,Khadija,Faye,Khadija Faye,F,1969-12-08,+22225326632,,1,Nouakchott-Nord,DORMANT,,ACTIVE,2024-11-03,2024-11-24T23:00:18.722Z,2024-11-03T13:16:40.742Z,2024-11-24T23:00:18.722Z
9636,7812028031,Nouhoum,Ndour,Nouhoum Ndour,M,1978-11-02,+22245261994,,12,Adrar,DORMANT,,ACTIVE,2022-03-23,2024-04-13T07:43:58.017Z,2022-03-23T15:40:00.158Z,2024-04-13T07:43:58.017Z
9637,7310156508,Tidiane,Niang,Tidiane Niang,M,1973-08-25,+22225563410,,10,Hodh Ech Chargui,ACTIVE,,ACTIVE,2023-12-28,2024-07-26T12:09:46.690Z,2023-12-28T10:41:32.178Z,2024-07-26T12:09:46.690Z
9638,9703762925,Aichetou,Mint Abdallah,Aichetou Mint Abdallah,F,1997-11-20,+22225231187,aichetou.mintabdallah585@outlook.com,3,Nouakchott-Sud,ACTIVE,,ACTIVE,2022-02-10,2023-12-08T19:44:03.661Z,2022-02-10T17:22:40.827Z,2023-12-08T19:44:03.661Z
9639,9701527393,Kani,Diallo,Kani Diallo,F,1997-12-28,+22235741303,kani.diallo824@outlook.com,1,Nouakchott-Nord,STANDARD,,ACTIVE,2024-08-02,2024-11-27T13:25:11.420Z,2024-08-02T01:30:52.604Z,2024-11-27T13:25:11.420Z
9640,0004801294,Abeih,Bah,Abeih Bah,M,2000-07-19,+22233259561,abeih.bah364@yahoo.fr,4,Dakhlet Nouadhibou,DORMANT,,ACTIVE,2024-11-01,2024-12-17T21:17:33.538Z,2024-11-01T00:03:42.823Z,2024-12-17T21:17:33.538Z
9641,7405794051,Salem,Ould Taleb,Salem Ould Taleb,M,1974-10-16,+22222878833,,5,Trarza,STANDARD,,ACTIVE,2023-07-11,2023-09-18T19:34:59.749Z,2023-07-11T15:32:30.390Z,2023-09-18T19:34:59.749Z
9642,8901835442,Fallou,Dieng,Fallou Dieng,M,1989-07-25,+22222924957,,1,Nouakchott-Nord,OCCASIONAL,,INACTIVE,2023-02-14,2024-01-17T10:52:20.457Z,2023-02-14T13:36:44.688Z,2024-01-17T10:52:20.457Z
9643,9802257306,Ndongo,Faye,Ndongo Faye,M,1998-12-02,+22234103291,,2,Nouakchott-Ouest,PREMIUM,,ACTIVE,2022-03-24,2023-09-06T13:48:02.117Z,2022-03-24T19:44:03.946Z,2023-09-06T13:48:02.117Z
9644,7914152302,Souleymane,Ould Abdel Kader,Souleymane Ould Abdel Kader,M,1979-12-10,+22236768253,souleymane.ouldabdelkader880@gmail.com,14,Inchiri,ACTIVE,,ACTIVE,2022-10-15,2023-02-17T09:21:23.099Z,2022-10-15T11:38:10.033Z,2023-02-17T09:21:23.099Z
9645,8008029883,Bocar,Dieng,Bocar Dieng,M,1980-01-21,+22243369030,bocar.dieng144@yahoo.fr,8,Guidimaka,STANDARD,,ACTIVE,2022-04-02,2023-05-08T14:29:26.025Z,2022-04-02T07:55:39.826Z,2023-05-08T14:29:26.025Z
9646,8303066983,Aichetou,Mint Ahmed,Aichetou Mint Ahmed,F,1983-02-06,+22235310154,,3,Nouakchott-Sud,DORMANT,,PENDING_KYC,2022-12-07,2024-11-20T13:51:47.735Z,2022-12-07T11:02:02.387Z,2024-11-20T13:51:47.735Z
9647,9401493954,Mahmoud,Bâ,Mahmoud Bâ,M,1994-10-04,+22222526339,,1,Nouakchott-Nord,STANDARD,,ACTIVE,2023-11-23,2024-02-09T17:07:17.565Z,2023-11-23T16:41:41.374Z,2024-02-09T17:07:17.565Z
9648,0403020289,Taleb,Ould Abdel Kader,Taleb Ould Abdel Kader,M,2004-09-23,+22223764494,taleb.ouldabdelkader877@yahoo.fr,3,Nouakchott-Sud,STANDARD,,ACTIVE,2022-05-09,2022-07-16T02:35:23.168Z,2022-05-09T09:12:02.352Z,2022-07-16T02:35:23.168Z
9649,0410046544,Mariem,Sow,Mariem Sow,F,2004-06-06,+22246733937,,10,Hodh Ech Chargui,STANDARD,,SUSPENDED,2024-10-03,2024-11-07T19:26:15.900Z,2024-10-03T18:48:20.544Z,2024-11-07T19:26:15.900Z
9650,7201977306,Saliou,Kanouté,Saliou Kanouté,M,1972-11-27,+22223846826,,1,Nouakchott-Nord,STANDARD,,ACTIVE,2023-09-15,2024-02-28T19:10:39.723Z,2023-09-15T20:41:12.178Z,2024-02-28T19:10:39.723Z
9651,9002348972,Zakaria,Ould Abeih,Zakaria Ould Abeih,M,1990-06-07,+22222330390,zakaria.ouldabeih467@outlook.com,2,Nouakchott-Ouest,OCCASIONAL,,ACTIVE,2023-05-17,2024-03-21T00:03:46.059Z,2023-05-17T01:19:25.703Z,2024-03-21T00:03:46.059Z
9652,6603507344,Bassirou,Thiam,Bassirou Thiam,M,1966-08-17,+22242445050,,3,Nouakchott-Sud,OCCASIONAL,,ACTIVE,2024-05-12,2024-05-22T10:47:42.196Z,2024-05-12T20:35:11.133Z,2024-05-22T10:47:42.196Z
9653,9603606583,Limam,Ould Salem,Limam Ould Salem,M,1996-10-25,+22224798329,,3,Nouakchott-Sud,STANDARD,,ACTIVE,2024-05-03,2024-11-28T16:15:23.179Z,2024-05-03T07:04:28.044Z,2024-11-28T16:15:23.179Z
9654,9402117497,Dialika,Sarr,Dialika Sarr,F,1994-09-23,+22233095738,dialika.sarr720@hotmail.fr,2,Nouakchott-Ouest,OCCASIONAL,,ACTIVE,2022-07-30,2022-10-05T14:18:17.678Z,2022-07-30T17:24:02.961Z,2022-10-05T14:18:17.678Z
9655,8812762048,Minetou,Mint Mohamed,Minetou Mint Mohamed,F,1988-06-14,+22235760631,,12,Adrar,OCCASIONAL,,ACTIVE,2022-06-14,2024-02-16T09:22:44.321Z,2022-06-14T05:16:55.054Z,2024-02-16T09:22:44.321Z
9656,7206475461,Tiémoko,Wane,Tiémoko Wane,M,1972-05-01,+22232746209,,6,Brakna,OCCASIONAL,,ACTIVE,2024-02-19,2024-03-18T22:29:37.822Z,2024-02-19T14:06:09.026Z,2024-03-18T22:29:37.822Z
9657,0105851628,Aichetou,Mint Dah,Aichetou Mint Dah,F,2001-02-16,+22222962789,aichetou.mintdah194@yahoo.fr,5,Trarza,STANDARD,,ACTIVE,2022-06-22,2024-03-05T20:01:24.256Z,2022-06-22T02:53:56.510Z,2024-03-05T20:01:24.256Z
9658,6302238217,Mariama,Doucouré,Mariama Doucouré,F,1963-08-07,+22237649186,,2,Nouakchott-Ouest,STANDARD,,ACTIVE,2022-08-09,2024-10-22T08:44:08.383Z,2022-08-09T23:44:32.285Z,2024-10-22T08:44:08.383Z
9659,9502445076,Ahmed Salem,Ould Ahmed,Ahmed Salem Ould Ahmed,M,1995-08-25,+22234861963,,2,Nouakchott-Ouest,ACTIVE,,ACTIVE,2023-07-16,2024-12-14T02:24:26.204Z,2023-07-16T15:15:56.265Z,2024-12-14T02:24:26.204Z
9660,6801016664,Khadijetou,Mint Tourad,Khadijetou Mint Tourad,F,1968-07-25,+22249741303,khadijetou.minttourad408@yahoo.fr,1,Nouakchott-Nord,STANDARD,,SUSPENDED,2023-05-04,2023-11-27T20:53:26.024Z,2023-05-04T03:38:40.332Z,2023-11-27T20:53:26.024Z
9661,8507899556,Sidi Ahmed,Ould Messoud,Sidi Ahmed Ould Messoud,M,1985-12-25,+22247874551,,7,Gorgol,DORMANT,,ACTIVE,2024-12-03,2024-12-19T03:05:32.129Z,2024-12-03T02:40:53.783Z,2024-12-19T03:05:32.129Z
9662,7001849739,Dialika,Mbaye,Dialika Mbaye,F,1970-02-22,+22233423337,dialika.mbaye49@outlook.com,1,Nouakchott-Nord,OCCASIONAL,,ACTIVE,2023-01-30,2024-02-15T03:34:27.459Z,2023-01-30T16:45:30.077Z,2024-02-15T03:34:27.459Z
9663,7410634050,Modou,Bâ,Modou Bâ,M,1974-05-18,+22248290657,,10,Hodh Ech Chargui,ACTIVE,,ACTIVE,2023-11-02,2024-05-18T21:50:09.407Z,2023-11-02T22:36:16.634Z,2024-05-18T21:50:09.407Z
9664,7402877285,Naha,Ba,Naha Ba,F,1974-12-04,+22232313943,naha.ba121@outlook.com,2,Nouakchott-Ouest,STANDARD,,ACTIVE,2024-03-15,2024-09-27T20:20:49.104Z,2024-03-15T05:29:50.980Z,2024-09-27T20:20:49.104Z
9665,8602584485,Bocar,Dieng,Bocar Dieng,M,1986-09-12,+22223733104,bocar.dieng409@outlook.com,2,Nouakchott-Ouest,ACTIVE,,ACTIVE,2024-01-14,2024-02-01T22:08:30.405Z,2024-01-14T19:37:47.656Z,2024-02-01T22:08:30.405Z
9666,8711953059,Ghali,Niang,Ghali Niang,M,1987-03-23,+22237545248,ghali.niang225@yahoo.fr,11,Hodh El Gharbi,OCCASIONAL,,ACTIVE,2024-05-18,2024-12-29T04:21:19.743Z,2024-05-18T20:40:15.921Z,2024-12-29T04:21:19.743Z
9667,9003635275,Meymouna,Baldé,Meymouna Baldé,F,1990-09-10,+22223063069,meymouna.baldé945@yahoo.fr,3,Nouakchott-Sud,OCCASIONAL,,INACTIVE,2024-07-15,2024-11-21T13:08:25.300Z,2024-07-15T06:42:39.405Z,2024-11-21T13:08:25.300Z
9668,7002058259,Fatima,Mint Ethmane,Fatima Mint Ethmane,F,1970-08-08,+22222723068,,2,Nouakchott-Ouest,OCCASIONAL,,ACTIVE,2022-08-11,2024-07-20T19:44:38.871Z,2022-08-11T15:22:54.748Z,2024-07-20T19:44:38.871Z
9669,8305792015,Habiboullah,Ould El Mamy,Habiboullah Ould El Mamy,M,1983-08-09,+22225604180,,5,Trarza,OCCASIONAL,,ACTIVE,2022-06-05,2023-04-10T08:31:22.180Z,2022-06-05T07:44:11.069Z,2023-04-10T08:31:22.180Z
9670,0515468605,Aichetou,Dia,Aichetou Dia,F,2005-10-12,+22223292596,,15,Tiris Zemmour,DORMANT,,ACTIVE,2022-03-31,2024-12-21T22:49:27.749Z,2022-03-31T12:30:13.355Z,2024-12-21T22:49:27.749Z
9671,7401682200,Khadijetou,Mint Isselmou,Khadijetou Mint Isselmou,F,1974-09-07,+22232778598,,1,Nouakchott-Nord,ACTIVE,,INACTIVE,2022-03-18,2024-10-29T12:42:44.353Z,2022-03-18T02:04:59.737Z,2024-10-29T12:42:44.353Z
9672,7011638837,Maguette,Ly,Maguette Ly,M,1970-03-07,+22223619232,,11,Hodh El Gharbi,STANDARD,,ACTIVE,2023-04-01,2023-05-03T16:58:14.705Z,2023-04-01T09:36:18.305Z,2023-05-03T16:58:14.705Z
9673,9403370972,Bintou,Ndiaye,Bintou Ndiaye,F,1994-11-19,+22248978582,,3,Nouakchott-Sud,STANDARD,,ACTIVE,2023-05-07,2023-12-29T14:49:29.401Z,2023-05-07T16:13:05.336Z,2023-12-29T14:49:29.401Z
9674,7703605503,Wedadi,Wane,Wedadi Wane,M,1977-10-19,+22249852333,,3,Nouakchott-Sud,ACTIVE,,ACTIVE,2023-09-07,2024-04-29T01:07:43.506Z,2023-09-07T16:47:32.124Z,2024-04-29T01:07:43.506Z
9675,8207993020,Isselmou,Ndour,Isselmou Ndour,M,1982-07-25,+22224018763,isselmou.ndour491@yahoo.fr,7,Gorgol,DORMANT,,ACTIVE,2022-07-07,2024-11-16T16:02:57.554Z,2022-07-07T15:22:07.072Z,2024-11-16T16:02:57.554Z
9676,6903134028,Moulaye,Ould Khatri,Moulaye Ould Khatri,M,1969-11-03,+22243157318,,3,Nouakchott-Sud,OCCASIONAL,,BLOCKED,2022-01-30,2023-02-08T19:18:08.254Z,2022-01-30T18:51:56.499Z,2023-02-08T19:18:08.254Z
9677,9211969085,Kadiatou,Mbow,Kadiatou Mbow,F,1992-09-07,+22225203920,,11,Hodh El Gharbi,ACTIVE,,ACTIVE,2023-12-08,2024-07-01T21:56:13.670Z,2023-12-08T10:51:47.789Z,2024-07-01T21:56:13.670Z
9678,7303843772,Mounina,Mint Lemrabott,Mounina Mint Lemrabott,F,1973-12-18,+22232075801,mounina.mintlemrabott846@outlook.com,3,Nouakchott-Sud,DORMANT,,INACTIVE,2024-12-17,2024-12-23T00:18:28.494Z,2024-12-17T10:31:30.227Z,2024-12-23T00:18:28.494Z
9679,9601402620,Sidi,Ould Bouha,Sidi Ould Bouha,M,1996-04-22,+22237907055,,1,Nouakchott-Nord,STANDARD,,ACTIVE,2023-11-28,2024-03-10T13:50:06.303Z,2023-11-28T03:27:40.810Z,2024-03-10T13:50:06.303Z
9680,0315332243,Amady,Tall,Amady Tall,M,2003-05-19,+22223329334,amady.tall754@hotmail.fr,15,Tiris Zemmour,OCCASIONAL,,ACTIVE,2023-01-21,2023-11-23T23:27:29.048Z,2023-01-21T05:35:42.782Z,2023-11-23T23:27:29.048Z
9681,0202710990,Hamoud,Gaye,Hamoud Gaye,M,2002-09-20,+22234741303,hamoud.gaye458@hotmail.fr,2,Nouakchott-Ouest,STANDARD,,PENDING_KYC,2022-08-17,2023-07-09T23:00:54.437Z,2022-08-17T22:41:26.956Z,2023-07-09T23:00:54.437Z
9682,9615194577,Minetou,Kanouté,Minetou Kanouté,F,1996-06-14,+22237082745,minetou.kanouté726@yahoo.fr,15,Tiris Zemmour,STANDARD,,BLOCKED,2022-10-24,2024-01-29T10:33:01.333Z,2022-10-24T07:58:17.832Z,2024-01-29T10:33:01.333Z
9683,9404767401,Sékou,Kouyaté,Sékou Kouyaté,M,1994-07-18,+22242659328,sékou.kouyaté701@yahoo.fr,4,Dakhlet Nouadhibou,OCCASIONAL,,ACTIVE,2023-02-19,2023-04-13T11:22:18.636Z,2023-02-19T08:28:46.607Z,2023-04-13T11:22:18.636Z
9684,7102694290,Mor,Wade,Mor Wade,M,1971-11-21,+22224638023,,2,Nouakchott-Ouest,PREMIUM,,ACTIVE,2023-03-06,2024-04-08T03:56:38.918Z,2023-03-06T10:41:43.776Z,2024-04-08T03:56:38.918Z
9685,0201940400,Fatima,Sarr,Fatima Sarr,F,2002-01-27,+22222226645,fatima.sarr64@gmail.com,1,Nouakchott-Nord,OCCASIONAL,,PENDING_KYC,2022-05-22,2024-07-24T03:44:40.227Z,2022-05-22T09:18:05.736Z,2024-07-24T03:44:40.227Z
9686,0201953684,Maty,Guèye,Maty Guèye,F,2002-01-27,+22248278462,maty.guèye142@yahoo.fr,1,Nouakchott-Nord,ACTIVE,,ACTIVE,2024-06-03,2024-06-24T06:57:56.522Z,2024-06-03T17:21:51.634Z,2024-06-24T06:57:56.522Z
9687,9607572679,Mohamed Vall,Ould Vall,Mohamed Vall Ould Vall,M,1996-07-21,+22223559483,,7,Gorgol,STANDARD,,SUSPENDED,2024-03-11,2024-04-20T18:59:40.725Z,2024-03-11T06:55:31.752Z,2024-04-20T18:59:40.725Z
9688,7403843302,Mokhtar,Ould El Mamy,Mokhtar Ould El Mamy,M,1974-06-10,+22224658750,,3,Nouakchott-Sud,ACTIVE,,ACTIVE,2023-11-23,2024-04-23T19:08:06.556Z,2023-11-23T19:52:11.781Z,2024-04-23T19:08:06.556Z
9689,0404441603,Mokhtar,Niang,Mokhtar Niang,M,2004-12-05,+22223489857,,4,Dakhlet Nouadhibou,OCCASIONAL,,PENDING_KYC,2023-11-05,2023-11-19T13:28:13.005Z,2023-11-05T09:47:03.754Z,2023-11-19T13:28:13.005Z
9690,7302437646,Bilal,Ould Mokhtar,Bilal Ould Mokhtar,M,1973-11-28,+22236023787,,2,Nouakchott-Ouest,STANDARD,,ACTIVE,2024-01-20,2024-05-22T04:49:56.833Z,2024-01-20T11:33:57.969Z,2024-05-22T04:49:56.833Z
9691,0515773334,Defa,Sow,Defa Sow,F,2005-06-21,+22247855362,,15,Tiris Zemmour,OCCASIONAL,,ACTIVE,2024-08-01,2024-10-16T11:49:29.354Z,2024-08-01T07:22:54.306Z,2024-10-16T11:49:29.354Z
9692,9402862629,Abdallah,Fall,Abdallah Fall,M,1994-12-09,+22232391570,abdallah.fall862@hotmail.fr,2,Nouakchott-Ouest,OCCASIONAL,,ACTIVE,2023-08-30,2024-09-18T18:08:14.189Z,2023-08-30T21:30:30.072Z,2024-09-18T18:08:14.189Z
9693,6402830104,Houda,Fall,Houda Fall,F,1964-10-23,+22222171928,,2,Nouakchott-Ouest,ACTIVE,,ACTIVE,2022-03-13,2023-03-20T20:23:46.575Z,2022-03-13T18:46:53.937Z,2023-03-20T20:23:46.575Z
9694,6902547508,Mouna,Niang,Mouna Niang,F,1969-02-11,+22234046239,mouna.niang196@outlook.com,2,Nouakchott-Ouest,STANDARD,,ACTIVE,2024-01-18,2024-10-22T12:02:44.532Z,2024-01-18T13:33:27.022Z,2024-10-22T12:02:44.532Z
9695,8110977744,Mamadou,Thiam,Mamadou Thiam,M,1981-01-15,+22249591502,,10,Hodh Ech Chargui,OCCASIONAL,,ACTIVE,2023-05-01,2024-11-18T09:54:31.449Z,2023-05-01T13:17:14.346Z,2024-11-18T09:54:31.449Z
9696,6002073244,Brahim,Ould Ahmed,Brahim Ould Ahmed,M,1960-04-21,+22225042694,,2,Nouakchott-Ouest,OCCASIONAL,,ACTIVE,2022-10-15,2023-02-09T08:28:49.708Z,2022-10-15T01:27:13.218Z,2023-02-09T08:28:49.708Z
9697,9801119650,Cheikh,Diop,Cheikh Diop,M,1998-07-02,+22222437534,,1,Nouakchott-Nord,STANDARD,,ACTIVE,2023-03-14,2023-03-25T13:12:41.882Z,2023-03-14T18:54:33.583Z,2023-03-25T13:12:41.882Z
9698,6507557476,Abdallah,Dramé,Abdallah Dramé,M,1965-03-13,+22223893420,abdallah.dramé747@gmail.com,7,Gorgol,STANDARD,,ACTIVE,2024-02-12,2024-06-08T03:14:51.698Z,2024-02-12T17:28:39.030Z,2024-06-08T03:14:51.698Z
9699,6501220792,Zeinab,Mint Ahmedou,Zeinab Mint Ahmedou,F,1965-05-27,+22223072764,,1,Nouakchott-Nord,STANDARD,,ACTIVE,2024-03-27,2024-05-27T20:50:24.863Z,2024-03-27T17:34:57.010Z,2024-05-27T20:50:24.863Z
9700,6415023506,Mariam,Mint Nagi,Mariam Mint Nagi,F,1964-01-26,+22222779264,,15,Tiris Zemmour,STANDARD,,ACTIVE,2022-09-06,2024-08-03T04:44:05.856Z,2022-09-06T01:56:36.440Z,2024-08-03T04:44:05.856Z
9701,6702099474,Mohamed Salem,Thiaw,Mohamed Salem Thiaw,M,1967-03-17,+22234924149,mohamedsalem.thiaw466@hotmail.fr,2,Nouakchott-Ouest,DORMANT,,ACTIVE,2024-11-23,2024-12-21T01:37:18.679Z,2024-11-23T23:28:04.801Z,2024-12-21T01:37:18.679Z
9702,7704779405,Minetou,Diop,Minetou Diop,F,1977-03-06,+22236376146,minetou.diop573@gmail.com,4,Dakhlet Nouadhibou,STANDARD,,ACTIVE,2022-09-02,2023-04-23T15:45:48.091Z,2022-09-02T17:26:21.756Z,2023-04-23T15:45:48.091Z
9703,6405311943,Kelthoum,Mint Abdel Kader,Kelthoum Mint Abdel Kader,F,1964-12-04,+22242303614,kelthoum.mintabdelkader482@yahoo.fr,5,Trarza,DORMANT,,ACTIVE,2023-02-23,2024-01-15T00:31:53.290Z,2023-02-23T09:39:57.453Z,2024-01-15T00:31:53.290Z
9704,9101008234,Salka,Mint Abdallah,Salka Mint Abdallah,F,1991-10-01,+22236872066,,1,Nouakchott-Nord,STANDARD,,ACTIVE,2022-08-30,2024-01-08T19:50:31.351Z,2022-08-30T14:02:41.738Z,2024-01-08T19:50:31.351Z
9705,9402945216,Sidi Mohamed,Ould Ethmane,Sidi Mohamed Ould Ethmane,M,1994-10-21,+22232170000,,2,Nouakchott-Ouest,OCCASIONAL,,ACTIVE,2023-03-11,2023-12-25T20:20:28.775Z,2023-03-11T13:44:30.132Z,2023-12-25T20:20:28.775Z
9706,9509345678,Oumou,Wane,Oumou Wane,F,1995-01-16,+22222465494,,9,Assaba,ACTIVE,,ACTIVE,2023-10-20,2024-01-14T06:54:31.327Z,2023-10-20T22:45:26.781Z,2024-01-14T06:54:31.327Z
9707,9605718545,Habiba,Guèye,Habiba Guèye,F,1996-10-02,+22224083674,habiba.guèye734@outlook.com,5,Trarza,ACTIVE,,INACTIVE,2022-07-07,2024-07-15T19:06:10.461Z,2022-07-07T01:58:58.346Z,2024-07-15T19:06:10.461Z
9708,8602482325,Cheikhna,Ould Mohamed,Cheikhna Ould Mohamed,M,1986-07-15,+22247053356,cheikhna.ouldmohamed679@gmail.com,2,Nouakchott-Ouest,STANDARD,,ACTIVE,2022-07-21,2023-01-13T21:45:13.395Z,2022-07-21T05:20:47.032Z,2023-01-13T21:45:13.395Z
9709,9209322120,Koumba,Mbow,Koumba Mbow,F,1992-01-25,+22225991958,,9,Assaba,PREMIUM,,ACTIVE,2024-08-06,2024-09-20T00:05:31.125Z,2024-08-06T22:47:38.701Z,2024-09-20T00:05:31.125Z
9710,8715895823,Mountaga,Anne,Mountaga Anne,M,1987-06-16,+22224083007,mountaga.anne387@hotmail.fr,15,Tiris Zemmour,STANDARD,,ACTIVE,2022-10-17,2024-01-28T07:54:48.035Z,2022-10-17T14:44:50.271Z,2024-01-28T07:54:48.035Z
9711,8003454071,El Mokhtar,Niang,El Mokhtar Niang,M,1980-04-27,+22234783098,elmokhtar.niang327@outlook.com,3,Nouakchott-Sud,PREMIUM,,ACTIVE,2023-03-29,2024-02-04T19:09:30.689Z,2023-03-29T22:12:10.437Z,2024-02-04T19:09:30.689Z
9712,8612849334,Messoud,Ould Moulaye,Messoud Ould Moulaye,M,1986-07-25,+22242872244,,12,Adrar,ACTIVE,,BLOCKED,2023-04-23,2024-02-07T11:53:48.956Z,2023-04-23T21:19:01.759Z,2024-02-07T11:53:48.956Z
9713,9602516582,Lala,Sène,Lala Sène,F,1996-08-28,+22223614645,,2,Nouakchott-Ouest,STANDARD,,PENDING_KYC,2022-04-21,2022-07-02T07:03:43.455Z,2022-04-21T16:06:21.032Z,2022-07-02T07:03:43.455Z
9714,0303951517,Sidi,Diarra,Sidi Diarra,M,2003-08-27,+22222978759,sidi.diarra59@gmail.com,3,Nouakchott-Sud,PREMIUM,,ACTIVE,2024-02-20,2024-10-13T20:30:59.297Z,2024-02-20T06:12:58.203Z,2024-10-13T20:30:59.297Z
9715,7403407016,Bassirou,Camara,Bassirou Camara,M,1974-10-19,+22225226018,bassirou.camara304@gmail.com,3,Nouakchott-Sud,STANDARD,,ACTIVE,2023-01-01,2024-12-24T16:13:28.852Z,2023-01-01T04:44:50.175Z,2024-12-24T16:13:28.852Z
9716,9602129830,Minetou,Dieng,Minetou Dieng,F,1996-01-27,+22233394907,minetou.dieng405@hotmail.fr,2,Nouakchott-Ouest,OCCASIONAL,,ACTIVE,2024-07-01,2024-11-06T04:49:23.258Z,2024-07-01T09:00:10.604Z,2024-11-06T04:49:23.258Z
9717,0103996424,Khady,Mbaye,Khady Mbaye,F,2001-05-25,+22241043563,,3,Nouakchott-Sud,OCCASIONAL,,SUSPENDED,2023-08-14,2024-01-03T17:15:29.207Z,2023-08-14T12:40:06.142Z,2024-01-03T17:15:29.207Z
9718,8207955961,Boubacar,Ndour,Boubacar Ndour,M,1982-01-14,+22234590990,,7,Gorgol,STANDARD,,ACTIVE,2022-07-29,2022-12-11T22:55:20.812Z,2022-07-29T11:37:52.317Z,2022-12-11T22:55:20.812Z
9719,0503237561,Hamadi,Ould Bouha,Hamadi Ould Bouha,M,2005-07-22,+22222136811,,3,Nouakchott-Sud,OCCASIONAL,,ACTIVE,2022-05-18,2022-11-12T21:04:48.890Z,2022-05-18T19:48:27.775Z,2022-11-12T21:04:48.890Z
9720,9215992311,Vall,Diop,Vall Diop,M,1992-10-03,+22224172521,,15,Tiris Zemmour,STANDARD,,ACTIVE,2022-03-03,2022-04-02T01:55:36.192Z,2022-03-03T22:02:28.979Z,2022-04-02T01:55:36.192Z
9721,6401582523,Khadijetou,Niang,Khadijetou Niang,F,1964-12-02,+22233056749,khadijetou.niang207@outlook.com,1,Nouakchott-Nord,OCCASIONAL,,ACTIVE,2022-05-31,2024-10-22T13:22:23.785Z,2022-05-31T22:24:39.582Z,2024-10-22T13:22:23.785Z
9722,9301303739,El Hacen,Niang,El Hacen Niang,M,1993-05-19,+22222154952,,1,Nouakchott-Nord,STANDARD,,ACTIVE,2024-12-21,2024-12-28T13:41:04.456Z,2024-12-21T04:16:04.183Z,2024-12-28T13:41:04.456Z
9723,6215078717,Sidi,Thiaw,Sidi Thiaw,M,1962-08-27,+22225565998,,15,Tiris Zemmour,DORMANT,,ACTIVE,2023-05-14,2024-12-21T22:42:33.810Z,2023-05-14T00:53:46.096Z,2024-12-21T22:42:33.810Z
9724,9302094322,Aichetou,Mint Mokhtar,Aichetou Mint Mokhtar,F,1993-07-17,+22224812047,,2,Nouakchott-Ouest,DORMANT,,ACTIVE,2023-11-29,2024-10-22T10:25:35.810Z,2023-11-29T13:00:27.267Z,2024-10-22T10:25:35.810Z
9725,7602498286,Moussa,Ndiaye,Moussa Ndiaye,M,1976-06-26,+22233784430,moussa.ndiaye723@hotmail.fr,2,Nouakchott-Ouest,OCCASIONAL,,ACTIVE,2023-06-18,2024-03-30T18:22:27.708Z,2023-06-18T12:02:22.229Z,2024-03-30T18:22:27.708Z
9726,9611256505,Hafsata,Mint Salem,Hafsata Mint Salem,F,1996-05-28,+22237093225,hafsata.mintsalem72@outlook.com,11,Hodh El Gharbi,STANDARD,,ACTIVE,2022-11-27,2023-05-16T05:04:47.219Z,2022-11-27T13:29:27.754Z,2023-05-16T05:04:47.219Z
9727,0504343975,Koumba,Wade,Koumba Wade,F,2005-02-24,+22236906414,koumba.wade856@hotmail.fr,4,Dakhlet Nouadhibou,VIP,,ACTIVE,2024-03-27,2024-11-23T23:28:16.173Z,2024-03-27T04:44:50.419Z,2024-11-23T23:28:16.173Z
9728,9710708631,Meymouna,Thiaw,Meymouna Thiaw,F,1997-09-08,+22236897346,meymouna.thiaw574@outlook.com,10,Hodh Ech Chargui,VIP,,ACTIVE,2023-11-08,2024-08-01T15:05:55.258Z,2023-11-08T13:33:17.150Z,2024-08-01T15:05:55.258Z
9729,0201128789,Vall,Ould Hamadi,Vall Ould Hamadi,M,2002-05-17,+22242741303,vall.ouldhamadi817@hotmail.fr,1,Nouakchott-Nord,ACTIVE,,ACTIVE,2023-01-05,2023-11-13T16:33:31.838Z,2023-01-05T03:25:27.220Z,2023-11-13T16:33:31.838Z
9730,6911956670,Minetou,Diagana,Minetou Diagana,F,1969-11-06,+22233175298,,11,Hodh El Gharbi,STANDARD,,PENDING_KYC,2022-02-18,2023-10-17T23:55:29.712Z,2022-02-18T00:21:27.936Z,2023-10-17T23:55:29.712Z
9731,8003040195,Tourad,Ould Abeih,Tourad Ould Abeih,M,1980-07-17,+22234421729,tourad.ouldabeih580@yahoo.fr,3,Nouakchott-Sud,STANDARD,,ACTIVE,2024-10-26,2024-11-16T12:40:34.867Z,2024-10-26T08:08:51.456Z,2024-11-16T12:40:34.867Z
9732,7805974549,Khady,Sissoko,Khady Sissoko,F,1978-08-19,+22225464391,khady.sissoko325@yahoo.fr,5,Trarza,VIP,,ACTIVE,2022-07-16,2023-01-04T06:05:12.955Z,2022-07-16T19:52:45.210Z,2023-01-04T06:05:12.955Z
9733,6301623269,Maloum,Diagana,Maloum Diagana,M,1963-09-23,+22224274079,,1,Nouakchott-Nord,OCCASIONAL,,ACTIVE,2024-12-07,2024-12-29T15:11:01.512Z,2024-12-07T09:31:58.348Z,2024-12-29T15:11:01.512Z
9734,8303349022,Salem,Cissé,Salem Cissé,M,1983-10-24,+22225925026,,3,Nouakchott-Sud,STANDARD,,ACTIVE,2024-03-26,2024-10-18T22:31:28.246Z,2024-03-26T20:56:59.098Z,2024-10-18T22:31:28.246Z
9735,7802398186,Oumar,Wane,Oumar Wane,M,1978-09-06,+22225890954,oumar.wane552@outlook.com,2,Nouakchott-Ouest,OCCASIONAL,,ACTIVE,2022-02-15,2022-04-15T08:29:05.673Z,2022-02-15T22:47:25.007Z,2022-04-15T08:29:05.673Z
9736,7803507831,Karounga,Yatabaré,Karounga Yatabaré,M,1978-10-21,+22237772448,karounga.yatabaré129@hotmail.fr,3,Nouakchott-Sud,ACTIVE,,ACTIVE,2023-03-03,2023-06-06T02:21:22.264Z,2023-03-03T01:18:54.029Z,2023-06-06T02:21:22.264Z
9737,9004311705,Sakouba,Soumaré,Sakouba Soumaré,M,1990-02-12,+22223866907,sakouba.soumaré856@hotmail.fr,4,Dakhlet Nouadhibou,STANDARD,,ACTIVE,2023-02-28,2023-03-10T06:37:44.388Z,2023-02-28T08:59:19.724Z,2023-03-10T06:37:44.388Z
9738,7602982880,Vatma,Mint Abdallah,Vatma Mint Abdallah,F,1976-11-09,+22237741304,vatma.mintabdallah575@hotmail.fr,2,Nouakchott-Ouest,STANDARD,,ACTIVE,2023-06-15,2023-09-20T10:57:29.117Z,2023-06-15T08:21:27.441Z,2023-09-20T10:57:29.117Z
9739,6802171971,Rokaya,Mint Moulaye,Rokaya Mint Moulaye,F,1968-04-16,+22247279763,,2,Nouakchott-Ouest,PREMIUM,,ACTIVE,2024-11-25,2024-12-02T03:18:11.922Z,2024-11-25T19:12:16.268Z,2024-12-02T03:18:11.922Z
9740,6004635138,Bocar,Sow,Bocar Sow,M,1960-04-01,+22222392187,,4,Dakhlet Nouadhibou,DORMANT,,ACTIVE,2023-06-28,2024-04-25T00:57:14.806Z,2023-06-28T23:49:18.884Z,2024-04-25T00:57:14.806Z
9741,8815226642,Brahim,Baldé,Brahim Baldé,M,1988-12-22,+22222233517,brahim.baldé198@hotmail.fr,15,Tiris Zemmour,STANDARD,,ACTIVE,2022-09-27,2022-11-23T08:00:57.753Z,2022-09-27T22:04:25.183Z,2022-11-23T08:00:57.753Z
9742,0403353367,Kiné,Bâ,Kiné Bâ,F,2004-02-28,+22233947537,kiné.bâ87@yahoo.fr,3,Nouakchott-Sud,STANDARD,,ACTIVE,2023-08-23,2024-04-20T13:08:19.751Z,2023-08-23T06:40:37.093Z,2024-04-20T13:08:19.751Z
9743,9601755261,Modibo,Dieng,Modibo Dieng,M,1996-01-25,+22223231683,modibo.dieng269@yahoo.fr,1,Nouakchott-Nord,STANDARD,,SUSPENDED,2022-12-03,2023-07-09T12:09:21.270Z,2022-12-03T00:23:48.175Z,2023-07-09T12:09:21.270Z
9744,8211129396,Haby,Thiam,Haby Thiam,F,1982-11-04,+22225741304,haby.thiam91@outlook.com,11,Hodh El Gharbi,STANDARD,,ACTIVE,2023-12-08,2024-09-11T16:31:59.148Z,2023-12-08T17:08:17.928Z,2024-09-11T16:31:59.148Z
9745,7206288294,Halima,Mint Maloum,Halima Mint Maloum,F,1972-06-10,+22237589173,halima.mintmaloum463@yahoo.fr,6,Brakna,OCCASIONAL,,ACTIVE,2022-02-20,2024-12-30T06:58:47.985Z,2022-02-20T18:41:51.273Z,2024-12-30T06:58:47.985Z
9746,6301515539,Vall,Ould Wedadi,Vall Ould Wedadi,M,1963-04-17,+22245378836,vall.ouldwedadi192@yahoo.fr,1,Nouakchott-Nord,PREMIUM,,ACTIVE,2024-12-18,2024-12-27T07:10:49.692Z,2024-12-18T00:16:12.769Z,2024-12-27T07:10:49.692Z
9747,7701857173,Fatou,Sow,Fatou Sow,F,1977-06-21,+22225213886,,1,Nouakchott-Nord,STANDARD,,ACTIVE,2022-06-07,2022-10-06T05:57:23.061Z,2022-06-07T22:53:49.900Z,2022-10-06T05:57:23.061Z
9748,9804262562,Jemila,Sy,Jemila Sy,F,1998-07-11,+22249689710,jemila.sy604@gmail.com,4,Dakhlet Nouadhibou,OCCASIONAL,,ACTIVE,2024-03-06,2024-12-26T17:58:55.148Z,2024-03-06T04:12:04.227Z,2024-12-26T17:58:55.148Z
9749,9615225729,Malouma,Mint Soufi,Malouma Mint Soufi,F,1996-09-02,+22232811037,malouma.mintsoufi610@hotmail.fr,15,Tiris Zemmour,OCCASIONAL,,ACTIVE,2024-03-24,2024-07-15T17:47:04.508Z,2024-03-24T20:30:25.026Z,2024-07-15T17:47:04.508Z
9750,0102386268,Hafsata,Wane,Hafsata Wane,F,2001-12-09,+22224144707,,2,Nouakchott-Ouest,OCCASIONAL,,ACTIVE,2022-09-25,2023-01-04T22:03:56.476Z,2022-09-25T10:45:02.087Z,2023-01-04T22:03:56.476Z
9751,8209536890,Fatoumata,Dieng,Fatoumata Dieng,F,1982-12-08,+22237083671,,9,Assaba,STANDARD,,ACTIVE,2023-05-26,2023-12-20T16:22:01.324Z,2023-05-26T19:49:17.972Z,2023-12-20T16:22:01.324Z
9752,7011535305,Abdallah,Thiam,Abdallah Thiam,M,1970-08-24,+22225470533,,11,Hodh El Gharbi,STANDARD,,ACTIVE,2022-03-18,2022-07-28T20:42:31.400Z,2022-03-18T17:16:07.762Z,2022-07-28T20:42:31.400Z
9753,0410214541,Mariem,Sow,Mariem Sow,F,2004-06-06,+22236433309,,10,Hodh Ech Chargui,OCCASIONAL,,SUSPENDED,2023-09-13,2023-10-10T16:04:00.936Z,2023-09-13T00:47:20.780Z,2023-10-10T16:04:00.936Z
9754,8802376701,Maloum,Ould Horma,Maloum Ould Horma,M,1988-10-21,+22234079373,,2,Nouakchott-Ouest,STANDARD,,ACTIVE,2022-10-04,2023-06-22T02:28:47.878Z,2022-10-04T04:09:16.355Z,2023-06-22T02:28:47.878Z
9755,6307157874,Ahmed Salem,Ould Brahim,Ahmed Salem Ould Brahim,M,1963-05-15,+22235146676,,7,Gorgol,OCCASIONAL,,ACTIVE,2022-09-13,2024-05-09T14:23:48.422Z,2022-09-13T03:31:22.833Z,2024-05-09T14:23:48.422Z
9756,8701489175,Massamba,Bathily,Massamba Bathily,M,1987-05-19,+22236289449,,1,Nouakchott-Nord,STANDARD,,ACTIVE,2024-10-21,2024-11-20T16:14:20.048Z,2024-10-21T03:04:45.054Z,2024-11-20T16:14:20.048Z
9757,8004476526,Ghali,Ould Wedadi,Ghali Ould Wedadi,M,1980-07-22,+22235149972,,4,Dakhlet Nouadhibou,OCCASIONAL,,ACTIVE,2024-03-17,2024-09-03T00:26:27.479Z,2024-03-17T22:25:47.607Z,2024-09-03T00:26:27.479Z
9758,9201956664,Kesso,Touré,Kesso Touré,F,1992-11-20,+22233741304,,1,Nouakchott-Nord,ACTIVE,,ACTIVE,2024-06-19,2024-08-05T04:14:14.641Z,2024-06-19T08:13:33.065Z,2024-08-05T04:14:14.641Z
9759,7706146810,Tekber,Baldé,Tekber Baldé,F,1977-08-22,+22246209353,,6,Brakna,OCCASIONAL,,ACTIVE,2022-05-17,2024-10-09T01:05:44.040Z,2022-05-17T07:20:49.817Z,2024-10-09T01:05:44.040Z
9760,9103333811,Hafsata,Mint Khatri,Hafsata Mint Khatri,F,1991-06-10,+22223664772,,3,Nouakchott-Sud,OCCASIONAL,,PENDING_KYC,2024-11-21,2024-12-11T04:41:16.139Z,2024-11-21T12:50:31.094Z,2024-12-11T04:41:16.139Z
9761,9607295031,Mariama,Sarr,Mariama Sarr,F,1996-06-16,+22234326172,,7,Gorgol,ACTIVE,,PENDING_KYC,2022-12-26,2023-11-07T12:32:39.868Z,2022-12-26T03:38:17.430Z,2023-11-07T12:32:39.868Z
9762,0306731606,Oumar,Sy,Oumar Sy,M,2003-11-05,+22236869274,,6,Brakna,STANDARD,,ACTIVE,2022-02-28,2024-09-06T03:50:35.600Z,2022-02-28T21:18:21.646Z,2024-09-06T03:50:35.600Z
9763,7704931809,Naha,Diagana,Naha Diagana,F,1977-03-25,+22245178785,naha.diagana937@hotmail.fr,4,Dakhlet Nouadhibou,OCCASIONAL,,ACTIVE,2024-09-18,2024-10-23T10:07:55.776Z,2024-09-18T13:48:48.112Z,2024-10-23T10:07:55.776Z
9764,9302027654,Yacine,Bâ,Yacine Bâ,F,1993-05-06,+22243272580,,2,Nouakchott-Ouest,STANDARD,,ACTIVE,2022-10-18,2024-03-11T07:21:12.364Z,2022-10-18T18:30:51.356Z,2024-03-11T07:21:12.364Z
9765,6702576036,Leila,Mbow,Leila Mbow,F,1967-09-04,+22237050047,leila.mbow847@outlook.com,2,Nouakchott-Ouest,OCCASIONAL,,ACTIVE,2024-02-05,2024-10-18T16:54:47.691Z,2024-02-05T18:47:13.913Z,2024-10-18T16:54:47.691Z
9766,7602718304,Pape,Ly,Pape Ly,M,1976-05-18,+22235741304,pape.ly293@yahoo.fr,2,Nouakchott-Ouest,STANDARD,,ACTIVE,2024-07-24,2024-10-28T16:21:56.957Z,2024-07-24T00:47:29.753Z,2024-10-28T16:21:56.957Z
9767,9804994171,Fatou,Sakho,Fatou Sakho,F,1998-08-06,+22232741304,,4,Dakhlet Nouadhibou,STANDARD,,ACTIVE,2023-08-07,2024-01-09T00:19:36.803Z,2023-08-07T20:39:11.949Z,2024-01-09T00:19:36.803Z
9768,9715024794,Jemila,Mint Abdel Aziz,Jemila Mint Abdel Aziz,F,1997-10-27,+22232056546,jemila.mintabdelaziz896@gmail.com,15,Tiris Zemmour,STANDARD,,SUSPENDED,2024-09-12,2024-12-23T12:09:07.343Z,2024-09-12T10:57:55.993Z,2024-12-23T12:09:07.343Z
9769,7609268402,Maimouna,Sarr,Maimouna Sarr,F,1976-11-28,+22244741304,,9,Assaba,DORMANT,,ACTIVE,2022-10-01,2024-12-28T12:44:50.246Z,2022-10-01T11:42:13.391Z,2024-12-28T12:44:50.246Z
9770,8105953438,Salka,Mint Abdallah,Salka Mint Abdallah,F,1981-06-07,+22225095828,,5,Trarza,ACTIVE,,ACTIVE,2022-12-24,2023-04-08T04:04:38.821Z,2022-12-24T21:49:45.809Z,2023-04-08T04:04:38.821Z
9771,9807938341,Fatoumata,Doucouré,Fatoumata Doucouré,F,1998-01-08,+22244458755,,7,Gorgol,STANDARD,,ACTIVE,2022-02-15,2024-11-28T06:45:21.087Z,2022-02-15T21:26:57.958Z,2024-11-28T06:45:21.087Z
9772,6402572365,Hapsatou,Diarra,Hapsatou Diarra,F,1964-04-07,+22235344245,hapsatou.diarra980@hotmail.fr,2,Nouakchott-Ouest,OCCASIONAL,,ACTIVE,2023-08-09,2023-11-07T14:29:48.024Z,2023-08-09T14:17:41.151Z,2023-11-07T14:29:48.024Z
9773,6403679735,Bassirou,Diallo,Bassirou Diallo,M,1964-02-28,+22224200387,,3,Nouakchott-Sud,OCCASIONAL,,ACTIVE,2022-05-27,2024-07-26T18:31:42.716Z,2022-05-27T18:04:47.939Z,2024-07-26T18:31:42.716Z
9774,6605890969,Souleymane,Ould Messoud,Souleymane Ould Messoud,M,1966-10-01,+22224338981,,5,Trarza,PREMIUM,,ACTIVE,2023-07-04,2023-09-08T00:29:39.927Z,2023-07-04T17:07:06.736Z,2023-09-08T00:29:39.927Z
9775,6604615750,Demba,Diakité,Demba Diakité,M,1966-06-20,+22222711346,,4,Dakhlet Nouadhibou,OCCASIONAL,,ACTIVE,2023-04-27,2024-08-25T05:25:03.701Z,2023-04-27T23:42:23.416Z,2024-08-25T05:25:03.701Z
9776,7602467866,Penda,Dramé,Penda Dramé,F,1976-03-03,+22223923409,penda.dramé672@outlook.com,2,Nouakchott-Ouest,ACTIVE,,ACTIVE,2024-05-27,2024-09-08T13:22:04.099Z,2024-05-27T09:49:59.570Z,2024-09-08T13:22:04.099Z
9777,8504119525,Youssouf,Ould Salem,Youssouf Ould Salem,M,1985-01-10,+22223457419,,4,Dakhlet Nouadhibou,ACTIVE,,ACTIVE,2022-02-10,2023-08-02T22:54:40.972Z,2022-02-10T21:35:27.122Z,2023-08-02T22:54:40.972Z
9778,8002028482,Limam,Bah,Limam Bah,M,1980-05-06,+22237864562,,2,Nouakchott-Ouest,STANDARD,,ACTIVE,2023-01-15,2024-11-10T07:15:16.874Z,2023-01-15T17:08:08.398Z,2024-11-10T07:15:16.874Z
9779,9601567138,Nouh,Ould Dah,Nouh Ould Dah,M,1996-03-04,+22248682342,,1,Nouakchott-Nord,OCCASIONAL,,ACTIVE,2024-06-12,2024-09-14T07:56:37.455Z,2024-06-12T23:28:21.629Z,2024-09-14T07:56:37.455Z
9780,7302351720,Mahjouba,Mint Mohamed,Mahjouba Mint Mohamed,F,1973-03-02,+22234635748,mahjouba.mintmohamed135@outlook.com,2,Nouakchott-Ouest,PREMIUM,,ACTIVE,2022-07-20,2023-08-03T04:38:27.368Z,2022-07-20T16:26:40.781Z,2023-08-03T04:38:27.368Z
9781,6502128699,Abdel Rahman,Ould Nenni,Abdel Rahman Ould Nenni,M,1965-11-11,+22244311708,,2,Nouakchott-Ouest,STANDARD,,ACTIVE,2023-05-11,2024-04-17T03:27:18.704Z,2023-05-11T14:05:01.340Z,2024-04-17T03:27:18.704Z
9782,7707647806,Abdallah,Ould Nagi,Abdallah Ould Nagi,M,1977-10-20,+22222563882,abdallah.ouldnagi557@gmail.com,7,Gorgol,OCCASIONAL,,ACTIVE,2022-11-18,2023-08-30T18:26:16.887Z,2022-11-18T06:37:42.544Z,2023-08-30T18:26:16.887Z
9783,7411342710,Fatou,Fofana,Fatou Fofana,F,1974-12-22,+22225226560,fatou.fofana446@gmail.com,11,Hodh El Gharbi,STANDARD,,ACTIVE,2022-08-24,2022-12-05T14:37:08.231Z,2022-08-24T03:05:10.483Z,2022-12-05T14:37:08.231Z
9784,7703193886,Kelthoum,Mint Maloum,Kelthoum Mint Maloum,F,1977-09-07,+22234078044,kelthoum.mintmaloum167@outlook.com,3,Nouakchott-Sud,ACTIVE,,ACTIVE,2023-11-28,2024-05-20T05:24:23.467Z,2023-11-28T21:58:34.691Z,2024-05-20T05:24:23.467Z
9785,6514139829,Diakaridia,Soumaré,Diakaridia Soumaré,M,1965-08-10,+22224293645,diakaridia.soumaré831@hotmail.fr,14,Inchiri,DORMANT,,ACTIVE,2022-08-17,2023-04-19T22:47:18.140Z,2022-08-17T10:59:59.358Z,2023-04-19T22:47:18.140Z
9786,9701311888,Dado,Anne,Dado Anne,F,1997-09-15,+22246663420,,1,Nouakchott-Nord,OCCASIONAL,,ACTIVE,2024-07-03,2024-12-28T23:46:33.466Z,2024-07-03T10:04:42.862Z,2024-12-28T23:46:33.466Z
9787,8602988922,Nana,Fall,Nana Fall,F,1986-03-14,+22246714339,nana.fall815@outlook.com,2,Nouakchott-Ouest,ACTIVE,,INACTIVE,2023-08-02,2023-08-30T07:13:10.840Z,2023-08-02T12:49:40.772Z,2023-08-30T07:13:10.840Z
9788,7802231621,Diahara,Touré,Diahara Touré,F,1978-06-12,+22233433644,,2,Nouakchott-Ouest,OCCASIONAL,,ACTIVE,2023-03-31,2024-03-03T17:14:00.244Z,2023-03-31T20:54:36.412Z,2024-03-03T17:14:00.244Z
9789,7503917215,Aliou,Diakité,Aliou Diakité,M,1975-06-05,+22233222286,aliou.diakité822@hotmail.fr,3,Nouakchott-Sud,OCCASIONAL,,ACTIVE,2022-08-15,2023-08-23T06:22:21.312Z,2022-08-15T21:13:24.929Z,2023-08-23T06:22:21.312Z
9790,7004366220,Oumou,Sow,Oumou Sow,F,1970-06-10,+22245447261,oumou.sow677@outlook.com,4,Dakhlet Nouadhibou,STANDARD,,PENDING_KYC,2024-10-28,2024-12-12T15:35:17.687Z,2024-10-28T15:39:06.484Z,2024-12-12T15:35:17.687Z
9791,6015348119,Aichetou,Ndour,Aichetou Ndour,F,1960-04-19,+22224741304,aichetou.ndour359@outlook.com,15,Tiris Zemmour,OCCASIONAL,,BLOCKED,2024-12-07,2024-12-30T23:30:45.522Z,2024-12-07T09:26:56.658Z,2024-12-30T23:30:45.522Z
9792,6102162682,Toumani,Diop,Toumani Diop,M,1961-12-08,+22224989263,toumani.diop992@outlook.com,2,Nouakchott-Ouest,STANDARD,,ACTIVE,2024-01-27,2024-10-22T08:02:45.023Z,2024-01-27T12:19:18.209Z,2024-10-22T08:02:45.023Z
9793,7604339697,Oumar,Ly,Oumar Ly,M,1976-02-06,+22246000975,oumar.ly554@outlook.com,4,Dakhlet Nouadhibou,ACTIVE,,ACTIVE,2023-11-15,2024-09-02T14:26:53.175Z,2023-11-15T11:13:36.867Z,2024-09-02T14:26:53.175Z
9794,7401449919,El Hacen,Ould Tourad,El Hacen Ould Tourad,M,1974-08-13,+22222984410,,1,Nouakchott-Nord,STANDARD,,ACTIVE,2024-04-14,2024-11-03T05:00:30.501Z,2024-04-14T17:35:42.958Z,2024-11-03T05:00:30.501Z
9795,9702899970,Zakaria,Ndour,Zakaria Ndour,M,1997-06-26,+22247361207,zakaria.ndour534@yahoo.fr,2,Nouakchott-Ouest,STANDARD,,ACTIVE,2023-10-22,2024-12-05T09:28:25.247Z,2023-10-22T02:10:44.450Z,2024-12-05T09:28:25.247Z
9796,8215914651,Codou,Fall,Codou Fall,F,1982-10-15,+22242626745,codou.fall509@yahoo.fr,15,Tiris Zemmour,STANDARD,,ACTIVE,2023-01-03,2023-09-02T10:15:52.381Z,2023-01-03T03:01:42.321Z,2023-09-02T10:15:52.381Z
9797,6312745873,Haby,Diagana,Haby Diagana,F,1963-12-11,+22234302854,,12,Adrar,OCCASIONAL,,ACTIVE,2024-08-07,2024-10-31T03:54:33.633Z,2024-08-07T18:21:53.319Z,2024-10-31T03:54:33.633Z
9798,9001927008,Sékou,Gaye,Sékou Gaye,M,1990-10-12,+22225651769,,1,Nouakchott-Nord,STANDARD,,ACTIVE,2024-07-26,2024-11-30T13:56:04.000Z,2024-07-26T16:34:55.494Z,2024-11-30T13:56:04.000Z
9799,6302064450,Yero,Diallo,Yero Diallo,M,1963-08-04,+22244166543,yero.diallo656@yahoo.fr,2,Nouakchott-Ouest,STANDARD,,ACTIVE,2023-07-05,2023-09-27T14:16:05.531Z,2023-07-05T01:57:33.682Z,2023-09-27T14:16:05.531Z
9800,7709750353,Ousmane,Bathily,Ousmane Bathily,M,1977-06-15,+22225220625,,9,Assaba,PREMIUM,,ACTIVE,2024-08-28,2024-10-06T09:31:51.647Z,2024-08-28T03:38:55.172Z,2024-10-06T09:31:51.647Z
9801,6605967537,Mariem,Mint Saad,Mariem Mint Saad,F,1966-10-07,+22222680331,mariem.mintsaad65@outlook.com,5,Trarza,OCCASIONAL,,ACTIVE,2024-03-31,2024-06-12T22:23:57.499Z,2024-03-31T11:05:02.548Z,2024-06-12T22:23:57.499Z
9802,6308213205,Noura,Mint Vall,Noura Mint Vall,F,1963-04-05,+22235155740,noura.mintvall507@yahoo.fr,8,Guidimaka,STANDARD,,ACTIVE,2022-02-09,2023-12-20T13:20:22.768Z,2022-02-09T12:41:35.243Z,2023-12-20T13:20:22.768Z
9803,0502351275,Ibrahima,Thiaw,Ibrahima Thiaw,M,2005-10-01,+22234053778,,2,Nouakchott-Ouest,OCCASIONAL,,ACTIVE,2022-10-12,2023-11-07T17:43:44.696Z,2022-10-12T20:24:42.819Z,2023-11-07T17:43:44.696Z
9804,0201419153,Tekber,Yatabaré,Tekber Yatabaré,F,2002-07-18,+22232592154,tekber.yatabaré405@yahoo.fr,1,Nouakchott-Nord,STANDARD,,ACTIVE,2024-10-19,2024-12-10T04:46:49.201Z,2024-10-19T17:19:56.795Z,2024-12-10T04:46:49.201Z
9805,8902321500,Boubacar,Ould Wedadi,Boubacar Ould Wedadi,M,1989-09-06,+22234718066,,2,Nouakchott-Ouest,OCCASIONAL,,ACTIVE,2022-06-21,2024-07-03T04:41:22.050Z,2022-06-21T13:42:46.766Z,2024-07-03T04:41:22.050Z
9806,0206847007,Kelthoum,Mint Ghali,Kelthoum Mint Ghali,F,2002-12-02,+22224051553,,6,Brakna,ACTIVE,,ACTIVE,2022-08-05,2023-05-15T02:35:29.973Z,2022-08-05T11:04:55.206Z,2023-05-15T02:35:29.973Z
9807,0002505776,Banna,Bâ,Banna Bâ,F,2000-11-23,+22224777364,,2,Nouakchott-Ouest,OCCASIONAL,,ACTIVE,2022-12-08,2024-06-13T02:29:39.268Z,2022-12-08T00:05:43.824Z,2024-06-13T02:29:39.268Z
9808,9301637346,Tekber,Mint Horma,Tekber Mint Horma,F,1993-08-21,+22222936548,,1,Nouakchott-Nord,PREMIUM,,ACTIVE,2022-05-10,2024-05-05T04:05:12.762Z,2022-05-10T10:19:44.413Z,2024-05-05T04:05:12.762Z
9809,6703490559,Lala,Sissoko,Lala Sissoko,F,1967-09-24,+22222487960,lala.sissoko108@gmail.com,3,Nouakchott-Sud,VIP,,PENDING_KYC,2022-07-24,2023-01-04T18:42:22.473Z,2022-07-24T13:44:35.440Z,2023-01-04T18:42:22.473Z
9810,7306766162,Saad,Ould Zein,Saad Ould Zein,M,1973-06-25,+22224274715,saad.ouldzein280@yahoo.fr,6,Brakna,DORMANT,,BLOCKED,2023-03-07,2024-12-16T03:30:40.201Z,2023-03-07T09:25:40.870Z,2024-12-16T03:30:40.201Z
9811,7705652327,Hacen,Diop,Hacen Diop,M,1977-11-11,+22224049406,hacen.diop866@yahoo.fr,5,Trarza,OCCASIONAL,,ACTIVE,2023-06-17,2023-09-24T04:00:19.889Z,2023-06-17T21:12:08.899Z,2023-09-24T04:00:19.889Z
9812,9102909819,Ghalia,Mint Khalil,Ghalia Mint Khalil,F,1991-12-27,+22222223591,,2,Nouakchott-Ouest,STANDARD,,SUSPENDED,2024-04-03,2024-08-08T09:31:30.353Z,2024-04-03T03:05:49.037Z,2024-08-08T09:31:30.353Z
9813,8202596349,Bilal,Ould Ahmedou,Bilal Ould Ahmedou,M,1982-09-12,+22248830115,,2,Nouakchott-Ouest,ACTIVE,,PENDING_KYC,2022-05-08,2023-12-05T00:09:43.063Z,2022-05-08T21:32:02.513Z,2023-12-05T00:09:43.063Z
9814,0004145262,Zein,Ould Salem,Zein Ould Salem,M,2000-06-10,+22236741304,zein.ouldsalem587@gmail.com,4,Dakhlet Nouadhibou,STANDARD,,ACTIVE,2022-11-26,2024-12-11T11:59:29.249Z,2022-11-26T12:38:40.727Z,2024-12-11T11:59:29.249Z
9815,9201438883,Hapsatou,Ndiaye,Hapsatou Ndiaye,F,1992-05-28,+22225406666,,1,Nouakchott-Nord,OCCASIONAL,,ACTIVE,2024-11-25,2024-12-01T07:14:34.998Z,2024-11-25T07:45:00.523Z,2024-12-01T07:14:34.998Z
9816,7202394568,Saadbouh,Ould Abeih,Saadbouh Ould Abeih,M,1972-04-06,+22233998855,saadbouh.ouldabeih128@hotmail.fr,2,Nouakchott-Ouest,PREMIUM,,SUSPENDED,2024-12-18,2024-12-28T19:22:48.400Z,2024-12-18T11:40:34.055Z,2024-12-28T19:22:48.400Z
9817,8007278541,Rokaya,Mint Wedadi,Rokaya Mint Wedadi,F,1980-02-25,+22237548736,,7,Gorgol,OCCASIONAL,,ACTIVE,2023-07-10,2023-09-02T19:45:37.473Z,2023-07-10T13:45:19.917Z,2023-09-02T19:45:37.473Z
9818,6101875020,Mbarka,Mint Hamoud,Mbarka Mint Hamoud,F,1961-11-27,+22224360193,mbarka.minthamoud694@gmail.com,1,Nouakchott-Nord,PREMIUM,,ACTIVE,2023-07-30,2023-09-27T19:13:46.494Z,2023-07-30T18:24:55.217Z,2023-09-27T19:13:46.494Z
9819,6903912572,Salem,Ould Salem,Salem Ould Salem,M,1969-01-01,+22233488987,,3,Nouakchott-Sud,STANDARD,,ACTIVE,2022-02-08,2023-11-04T09:28:58.900Z,2022-02-08T15:53:50.867Z,2023-11-04T09:28:58.900Z
9820,7107269439,Gaoussou,Yatabaré,Gaoussou Yatabaré,M,1971-11-25,+22222741304,,7,Gorgol,STANDARD,,ACTIVE,2022-09-15,2023-03-19T16:48:10.653Z,2022-09-15T06:02:34.320Z,2023-03-19T16:48:10.653Z
9821,0501474359,Ismaila,Dieng,Ismaila Dieng,M,2005-05-20,+22242409718,,1,Nouakchott-Nord,OCCASIONAL,,ACTIVE,2023-06-03,2024-08-31T12:06:15.331Z,2023-06-03T10:05:20.883Z,2024-08-31T12:06:15.331Z
9822,7302930172,Lehbib,Ould Lemrabott,Lehbib Ould Lemrabott,M,1973-02-11,+22224526380,,2,Nouakchott-Ouest,PREMIUM,,ACTIVE,2024-11-26,2024-12-10T16:21:37.470Z,2024-11-26T10:32:08.726Z,2024-12-10T16:21:37.470Z
9823,6603175536,Habiboullah,Ould Lemrabott,Habiboullah Ould Lemrabott,M,1966-12-12,+22225791447,,3,Nouakchott-Sud,STANDARD,,ACTIVE,2024-09-22,2024-11-01T13:22:02.120Z,2024-09-22T05:05:26.162Z,2024-11-01T13:22:02.120Z
9824,0304377071,Salem,Ould Mahmoud,Salem Ould Mahmoud,M,2003-01-10,+22223079690,,4,Dakhlet Nouadhibou,VIP,,ACTIVE,2022-05-12,2023-02-13T06:47:02.317Z,2022-05-12T18:38:43.302Z,2023-02-13T06:47:02.317Z
9825,7004038721,Binta,Diop,Binta Diop,F,1970-07-08,+22224289956,,4,Dakhlet Nouadhibou,DORMANT,,ACTIVE,2024-02-14,2024-06-08T01:33:50.865Z,2024-02-14T13:23:02.337Z,2024-06-08T01:33:50.865Z
9826,8608903105,Moustapha,Sall,Moustapha Sall,M,1986-02-07,+22223020215,moustapha.sall657@gmail.com,8,Guidimaka,OCCASIONAL,,ACTIVE,2022-09-13,2024-06-28T17:07:05.580Z,2022-09-13T22:29:01.031Z,2024-06-28T17:07:05.580Z
9827,7802108826,Pape,Dia,Pape Dia,M,1978-05-04,+22224673848,pape.dia345@yahoo.fr,2,Nouakchott-Ouest,OCCASIONAL,,PENDING_KYC,2022-04-26,2023-03-12T15:18:08.757Z,2022-04-26T21:26:12.333Z,2023-03-12T15:18:08.757Z
9828,6404346636,Tiémoko,Diallo,Tiémoko Diallo,M,1964-04-18,+22222452255,tiémoko.diallo263@yahoo.fr,4,Dakhlet Nouadhibou,STANDARD,,ACTIVE,2023-02-09,2024-08-04T12:06:29.490Z,2023-02-09T16:22:08.290Z,2024-08-04T12:06:29.490Z
9829,6005633104,Mokhtar,Sy,Mokhtar Sy,M,1960-09-03,+22235053762,,5,Trarza,STANDARD,,ACTIVE,2022-02-27,2024-06-15T09:24:59.500Z,2022-02-27T17:23:10.751Z,2024-06-15T09:24:59.500Z
9830,7002060263,Sidi Ahmed,Ould Zein,Sidi Ahmed Ould Zein,M,1970-06-08,+22234052938,,2,Nouakchott-Ouest,ACTIVE,,ACTIVE,2022-08-13,2024-04-09T16:51:16.489Z,2022-08-13T06:35:01.090Z,2024-04-09T16:51:16.489Z
9831,9201153708,Tamba,Thiam,Tamba Thiam,M,1992-02-15,+22248586282,,1,Nouakchott-Nord,ACTIVE,,ACTIVE,2022-01-15,2023-02-06T09:31:07.874Z,2022-01-15T07:48:18.286Z,2023-02-06T09:31:07.874Z
9832,6804485959,Lehbib,Ould Nagi,Lehbib Ould Nagi,M,1968-11-04,+22246741304,,4,Dakhlet Nouadhibou,DORMANT,,ACTIVE,2023-07-13,2024-08-04T01:53:25.775Z,2023-07-13T17:11:06.814Z,2024-08-04T01:53:25.775Z
9833,6602366975,Abdoulaye,Diop,Abdoulaye Diop,M,1966-02-07,+22235234985,,2,Nouakchott-Ouest,STANDARD,,ACTIVE,2024-04-11,2024-05-16T06:10:06.000Z,2024-04-11T21:55:46.142Z,2024-05-16T06:10:06.000Z
9834,0003765416,Mariem,Mint Abdallah,Mariem Mint Abdallah,F,2000-10-01,+22235909984,mariem.mintabdallah646@outlook.com,3,Nouakchott-Sud,ACTIVE,,ACTIVE,2024-03-01,2024-12-14T11:54:14.719Z,2024-03-01T16:05:34.922Z,2024-12-14T11:54:14.719Z
9835,9202082294,Jemila,Bâ,Jemila Bâ,F,1992-09-10,+22234411593,jemila.bâ428@yahoo.fr,2,Nouakchott-Ouest,STANDARD,,ACTIVE,2022-11-26,2024-09-01T03:29:12.918Z,2022-11-26T21:20:51.435Z,2024-09-01T03:29:12.918Z
9836,0402024035,Khadija,Mint Jiddou,Khadija Mint Jiddou,F,2004-09-14,+22247794187,khadija.mintjiddou554@gmail.com,2,Nouakchott-Ouest,OCCASIONAL,,ACTIVE,2023-10-21,2023-11-01T02:34:54.449Z,2023-10-21T19:59:32.918Z,2023-11-01T02:34:54.449Z
9837,9503298938,Saad,Ould Hamadi,Saad Ould Hamadi,M,1995-05-07,+22233635167,,3,Nouakchott-Sud,OCCASIONAL,,INACTIVE,2024-10-07,2024-12-26T07:30:33.903Z,2024-10-07T03:28:35.790Z,2024-12-26T07:30:33.903Z
9838,0403520374,Leila,Mint Abeih,Leila Mint Abeih,F,2004-06-06,+22246589934,,3,Nouakchott-Sud,OCCASIONAL,,ACTIVE,2024-09-13,2024-11-21T20:53:05.271Z,2024-09-13T17:13:48.585Z,2024-11-21T20:53:05.271Z
9839,8101397931,Youssouf,Mbaye,Youssouf Mbaye,M,1981-08-23,+22245369159,youssouf.mbaye379@gmail.com,1,Nouakchott-Nord,ACTIVE,,ACTIVE,2024-10-24,2024-12-03T01:53:11.401Z,2024-10-24T16:29:10.046Z,2024-12-03T01:53:11.401Z
9840,9903258567,Kalilou,Ly,Kalilou Ly,M,1999-08-26,+22222335100,kalilou.ly572@gmail.com,3,Nouakchott-Sud,OCCASIONAL,,ACTIVE,2023-12-15,2024-06-08T07:30:49.274Z,2023-12-15T08:39:41.452Z,2024-06-08T07:30:49.274Z
9841,8003104444,Koumba,Sy,Koumba Sy,F,1980-03-26,+22222709072,koumba.sy158@outlook.com,3,Nouakchott-Sud,STANDARD,,ACTIVE,2023-02-06,2024-03-28T10:53:17.413Z,2023-02-06T03:15:14.985Z,2024-03-28T10:53:17.413Z
9842,6304238433,Abdel Aziz,Ould Cheikh,Abdel Aziz Ould Cheikh,M,1963-12-09,+22237349520,abdelaziz.ouldcheikh214@gmail.com,4,Dakhlet Nouadhibou,OCCASIONAL,,ACTIVE,2023-03-03,2023-11-04T03:31:45.194Z,2023-03-03T23:54:09.508Z,2023-11-04T03:31:45.194Z
9843,8802027591,Yacoub,Wade,Yacoub Wade,M,1988-07-25,+22236513774,,2,Nouakchott-Ouest,STANDARD,,ACTIVE,2022-05-13,2022-09-25T10:50:37.948Z,2022-05-13T04:57:39.438Z,2022-09-25T10:50:37.948Z
9844,6009783092,Zakaria,Ould Taleb,Zakaria Ould Taleb,M,1960-08-11,+22249853667,zakaria.ouldtaleb664@yahoo.fr,9,Assaba,OCCASIONAL,,ACTIVE,2023-09-12,2024-10-20T13:01:16.009Z,2023-09-12T01:54:58.989Z,2024-10-20T13:01:16.009Z
9845,0202920072,Aichetou,Mint Ahmed,Aichetou Mint Ahmed,F,2002-10-17,+22223741304,,2,Nouakchott-Ouest,OCCASIONAL,,ACTIVE,2023-11-29,2024-02-20T07:23:41.723Z,2023-11-29T20:47:22.198Z,2024-02-20T07:23:41.723Z
9846,8701523860,Mohamed Vall,Ould Wedadi,Mohamed Vall Ould Wedadi,M,1987-04-04,+22224397873,,1,Nouakchott-Nord,ACTIVE,,ACTIVE,2023-02-27,2024-10-08T10:53:00.613Z,2023-02-27T13:27:31.722Z,2024-10-08T10:53:00.613Z
9847,6805822359,Aichetou,Mint Soufi,Aichetou Mint Soufi,F,1968-11-14,+22225029127,,5,Trarza,STANDARD,,ACTIVE,2022-03-22,2023-07-24T23:57:00.887Z,2022-03-22T20:23:50.754Z,2023-07-24T23:57:00.887Z
9848,7311053358,Sidi Ahmed,Ould Wedadi,Sidi Ahmed Ould Wedadi,M,1973-05-21,+22224008478,sidiahmed.ouldwedadi606@outlook.com,11,Hodh El Gharbi,OCCASIONAL,,ACTIVE,2023-02-12,2024-09-13T09:01:03.372Z,2023-02-12T10:16:49.340Z,2024-09-13T09:01:03.372Z
9849,7901356337,Aicha,Kane,Aicha Kane,F,1979-07-04,+22234123603,aicha.kane107@outlook.com,1,Nouakchott-Nord,ACTIVE,,PENDING_KYC,2023-05-10,2023-07-16T20:43:31.258Z,2023-05-10T06:38:33.802Z,2023-07-16T20:43:31.258Z
9850,8101913272,Hafsata,Mint Messoud,Hafsata Mint Messoud,F,1981-04-02,+22249741304,,1,Nouakchott-Nord,OCCASIONAL,,ACTIVE,2022-09-07,2022-09-22T01:00:40.934Z,2022-09-07T13:43:24.219Z,2022-09-22T01:00:40.934Z
9851,9703815867,Abdel Aziz,Fall,Abdel Aziz Fall,M,1997-05-15,+22241741304,,3,Nouakchott-Sud,OCCASIONAL,,ACTIVE,2024-10-07,2024-10-18T13:12:53.139Z,2024-10-07T16:13:46.329Z,2024-10-18T13:12:53.139Z
9852,0201510368,Rokaya,Sissoko,Rokaya Sissoko,F,2002-04-05,+22243405292,rokaya.sissoko942@outlook.com,1,Nouakchott-Nord,OCCASIONAL,,ACTIVE,2024-04-28,2024-10-23T21:07:43.842Z,2024-04-28T19:27:37.867Z,2024-10-23T21:07:43.842Z
9853,6004851587,Brahim,Guèye,Brahim Guèye,M,1960-09-13,+22222661415,,4,Dakhlet Nouadhibou,STANDARD,,ACTIVE,2024-05-21,2024-10-19T11:39:13.674Z,2024-05-21T02:28:38.190Z,2024-10-19T11:39:13.674Z
9854,8106024382,Mor,Bathily,Mor Bathily,M,1981-11-07,+22242741304,,6,Brakna,OCCASIONAL,,ACTIVE,2023-12-24,2024-04-20T16:44:21.648Z,2023-12-24T16:47:45.593Z,2024-04-20T16:44:21.648Z
9855,7901122248,Ibrahima,Dia,Ibrahima Dia,M,1979-06-28,+22222437837,ibrahima.dia787@gmail.com,1,Nouakchott-Nord,DORMANT,,ACTIVE,2022-02-03,2022-06-15T00:05:33.766Z,2022-02-03T11:37:06.559Z,2022-06-15T00:05:33.766Z
9856,9303360194,Khalil,Bâ,Khalil Bâ,M,1993-11-10,+22224041912,,3,Nouakchott-Sud,STANDARD,,ACTIVE,2022-05-05,2024-02-06T01:54:43.076Z,2022-05-05T11:53:33.859Z,2024-02-06T01:54:43.076Z
9857,6204566559,Abdel Rahman,Ould Moulaye,Abdel Rahman Ould Moulaye,M,1962-01-17,+22222290215,abdelrahman.ouldmoulaye528@outlook.com,4,Dakhlet Nouadhibou,DORMANT,,ACTIVE,2023-05-08,2023-06-08T11:53:11.740Z,2023-05-08T16:34:55.528Z,2023-06-08T11:53:11.740Z
9858,9003921273,Hawa,Mint El Hacen,Hawa Mint El Hacen,F,1990-01-12,+22243741304,,3,Nouakchott-Sud,ACTIVE,,ACTIVE,2024-06-26,2024-11-01T06:55:39.033Z,2024-06-26T00:37:11.915Z,2024-11-01T06:55:39.033Z
9859,0303294696,Wedadi,Ould Hamadi,Wedadi Ould Hamadi,M,2003-05-11,+22222489672,,3,Nouakchott-Sud,OCCASIONAL,,ACTIVE,2022-10-28,2023-09-18T04:10:02.424Z,2022-10-28T19:57:47.026Z,2023-09-18T04:10:02.424Z
9860,8501148108,Abdellahi,Ould Abdel Kader,Abdellahi Ould Abdel Kader,M,1985-09-19,+22234741304,abdellahi.ouldabdelkader144@outlook.com,1,Nouakchott-Nord,STANDARD,,ACTIVE,2023-02-21,2024-05-12T10:19:44.536Z,2023-02-21T03:55:45.771Z,2024-05-12T10:19:44.536Z
9861,8503244332,Habiba,Mint Abdallah,Habiba Mint Abdallah,F,1985-01-04,+22222412346,,3,Nouakchott-Sud,ACTIVE,,ACTIVE,2023-05-17,2024-11-15T18:44:22.136Z,2023-05-17T11:31:52.744Z,2024-11-15T18:44:22.136Z
9862,6108437571,Tourad,Touré,Tourad Touré,M,1961-03-03,+22222697989,tourad.touré635@yahoo.fr,8,Guidimaka,OCCASIONAL,,PENDING_KYC,2022-10-01,2024-10-18T03:10:51.506Z,2022-10-01T02:06:48.499Z,2024-10-18T03:10:51.506Z
9863,9902932172,Codou,Anne,Codou Anne,F,1999-08-04,+22223008417,,2,Nouakchott-Ouest,OCCASIONAL,,ACTIVE,2023-12-06,2024-03-09T10:15:03.487Z,2023-12-06T21:21:37.026Z,2024-03-09T10:15:03.487Z
9864,6901117252,Fatoumata,Anne,Fatoumata Anne,F,1969-04-17,+22236364371,fatoumata.anne932@yahoo.fr,1,Nouakchott-Nord,STANDARD,,ACTIVE,2022-10-15,2024-04-04T16:41:06.969Z,2022-10-15T08:00:15.835Z,2024-04-04T16:41:06.969Z
9865,9801329103,Abdourahmane,Faye,Abdourahmane Faye,M,1998-12-05,+22245741304,,1,Nouakchott-Nord,OCCASIONAL,,ACTIVE,2023-11-22,2024-04-19T22:05:10.304Z,2023-11-22T01:11:12.593Z,2024-04-19T22:05:10.304Z
9866,6102269084,Aïssata,Bâ,Aïssata Bâ,F,1961-08-11,+22249235066,aïssata.bâ817@outlook.com,2,Nouakchott-Ouest,ACTIVE,,INACTIVE,2023-04-16,2023-11-08T19:31:50.871Z,2023-04-16T23:20:47.798Z,2023-11-08T19:31:50.871Z
9867,8901801018,Diakaridia,Koné,Diakaridia Koné,M,1989-03-13,+22247741304,diakaridia.koné680@outlook.com,1,Nouakchott-Nord,OCCASIONAL,,ACTIVE,2023-10-04,2024-07-27T11:30:01.024Z,2023-10-04T19:24:56.010Z,2024-07-27T11:30:01.024Z
9868,0303977234,Sambou,Dramé,Sambou Dramé,M,2003-04-15,+22225823685,,3,Nouakchott-Sud,STANDARD,,ACTIVE,2024-06-24,2024-12-26T06:22:49.671Z,2024-06-24T07:06:58.951Z,2024-12-26T06:22:49.671Z
9869,8201359367,Soumaïla,Faye,Soumaïla Faye,M,1982-02-01,+22223281736,soumaïla.faye602@gmail.com,1,Nouakchott-Nord,STANDARD,,ACTIVE,2022-06-08,2024-04-01T20:47:06.993Z,2022-06-08T16:19:30.263Z,2024-04-01T20:47:06.993Z
9870,6101910301,Brahim,Ly,Brahim Ly,M,1961-12-17,+22235744059,brahim.ly481@hotmail.fr,1,Nouakchott-Nord,OCCASIONAL,,ACTIVE,2023-08-11,2024-01-10T11:48:50.319Z,2023-08-11T21:32:37.009Z,2024-01-10T11:48:50.319Z
9871,8715579361,Lemrabott,Ould Mokhtar,Lemrabott Ould Mokhtar,M,1987-09-08,+22248741304,,15,Tiris Zemmour,PREMIUM,,ACTIVE,2023-11-04,2024-11-19T23:36:58.717Z,2023-11-04T14:54:52.622Z,2024-11-19T23:36:58.717Z
9872,7107316421,Kadiatou,Fofana,Kadiatou Fofana,F,1971-12-24,+22222355579,,7,Gorgol,DORMANT,,ACTIVE,2023-03-02,2023-07-31T01:03:13.771Z,2023-03-02T14:15:22.151Z,2023-07-31T01:03:13.771Z
9873,7104385794,Dah,Ould Moulaye,Dah Ould Moulaye,M,1971-04-23,+22233183285,,4,Dakhlet Nouadhibou,STANDARD,,ACTIVE,2022-01-22,2024-10-21T21:50:17.688Z,2022-01-22T07:19:46.211Z,2024-10-21T21:50:17.688Z
9874,8304439764,Ismaila,Barry,Ismaila Barry,M,1983-03-23,+22222644570,ismaila.barry113@gmail.com,4,Dakhlet Nouadhibou,STANDARD,,ACTIVE,2024-07-02,2024-11-24T06:57:12.689Z,2024-07-02T20:33:15.078Z,2024-11-24T06:57:12.689Z
9875,6708213209,Moulaye,Ould Isselmou,Moulaye Ould Isselmou,M,1967-10-03,+22224530611,moulaye.ouldisselmou220@hotmail.fr,8,Guidimaka,STANDARD,,PENDING_KYC,2024-11-06,2024-12-23T02:04:32.921Z,2024-11-06T05:12:19.902Z,2024-12-23T02:04:32.921Z
9876,8001419902,Abdel Rahman,Ould Tourad,Abdel Rahman Ould Tourad,M,1980-08-26,+22234470624,,1,Nouakchott-Nord,STANDARD,,ACTIVE,2022-11-07,2023-12-30T12:38:13.987Z,2022-11-07T13:39:09.531Z,2023-12-30T12:38:13.987Z
9877,6203053324,Khadijetou,Mint El Ghassem,Khadijetou Mint El Ghassem,F,1962-11-14,+22223741305,khadijetou.mintelghassem670@gmail.com,3,Nouakchott-Sud,DORMANT,,ACTIVE,2023-12-08,2024-12-11T20:48:50.070Z,2023-12-08T13:02:06.016Z,2024-12-11T20:48:50.070Z
9878,6703014966,Ghali,Niang,Ghali Niang,M,1967-11-10,+22222741305,ghali.niang304@gmail.com,3,Nouakchott-Sud,STANDARD,,ACTIVE,2023-02-07,2024-10-25T12:38:17.322Z,2023-02-07T23:23:41.334Z,2024-10-25T12:38:17.322Z
9879,8009129391,Youssouf,Ould Abdel Aziz,Youssouf Ould Abdel Aziz,M,1980-04-14,+22225741305,youssouf.ouldabdelaziz91@outlook.com,9,Assaba,STANDARD,,ACTIVE,2023-12-08,2024-09-11T16:31:59.148Z,2023-12-08T17:08:17.928Z,2024-09-11T16:31:59.148Z
9880,7206810767,Halima,Mint Maloum,Halima Mint Maloum,F,1972-06-10,+22223476406,halima.mintmaloum74@outlook.com,6,Brakna,STANDARD,,ACTIVE,2024-11-22,2024-11-22T03:51:55.906Z,2024-11-22T02:06:00.236Z,2024-11-22T03:51:55.906Z
9881,9207063704,Bilal,Ould El Mamy,Bilal Ould El Mamy,M,1992-12-08,+22233741305,bilal.ouldelmamy74@outlook.com,7,Gorgol,PREMIUM,,ACTIVE,2024-05-26,2024-11-02T12:28:37.518Z,2024-05-26T06:24:41.902Z,2024-11-02T12:28:37.518Z
9882,7012407427,Doudou,Diallo,Doudou Diallo,M,1970-01-17,+22236741305,doudou.diallo815@gmail.com,12,Adrar,STANDARD,,ACTIVE,2023-02-26,2023-04-16T22:10:52.312Z,2023-02-26T01:55:34.916Z,2023-04-16T22:10:52.312Z
9883,6104218158,Safiya,Mint El Mokhtar,Safiya Mint El Mokhtar,F,1961-11-18,+22222794610,,4,Dakhlet Nouadhibou,STANDARD,,ACTIVE,2022-05-23,2022-12-04T07:13:50.885Z,2022-05-23T08:45:25.263Z,2022-12-04T07:13:50.885Z
9884,9501182859,Mohamed Lemine,Ould Maloum,Mohamed Lemine Ould Maloum,M,1995-01-13,+22246467815,mohamedlemine.ouldmaloum869@hotmail.fr,1,Nouakchott-Nord,STANDARD,,ACTIVE,2022-05-28,2023-02-14T03:38:29.591Z,2022-05-28T19:03:03.625Z,2023-02-14T03:38:29.591Z
9885,8202096412,Astou,Diakité,Astou Diakité,F,1982-04-11,+22235291714,,2,Nouakchott-Ouest,OCCASIONAL,,ACTIVE,2024-05-18,2024-10-19T14:05:18.473Z,2024-05-18T20:56:14.564Z,2024-10-19T14:05:18.473Z
9886,6401115143,Cheibany,Ould Ethmane,Cheibany Ould Ethmane,M,1964-07-05,+22242741305,cheibany.ouldethmane482@yahoo.fr,1,Nouakchott-Nord,DORMANT,,ACTIVE,2023-02-23,2024-01-15T00:31:53.290Z,2023-02-23T09:39:57.453Z,2024-01-15T00:31:53.290Z
9887,9101487910,Salka,Mint Abdallah,Salka Mint Abdallah,F,1991-10-01,+22224807822,salka.mintabdallah186@gmail.com,1,Nouakchott-Nord,ACTIVE,,ACTIVE,2023-08-28,2024-09-02T14:10:27.720Z,2023-08-28T03:54:59.393Z,2024-09-02T14:10:27.720Z
9888,8502803174,Ethmane,Ould Mohamed,Ethmane Ould Mohamed,M,1985-08-28,+22233061288,ethmane.ouldmohamed648@outlook.com,2,Nouakchott-Ouest,OCCASIONAL,,PENDING_KYC,2023-12-30,2024-10-10T15:32:00.182Z,2023-12-30T08:25:56.023Z,2024-10-10T15:32:00.182Z
9889,9501950199,Soumaïla,Dramé,Soumaïla Dramé,M,1995-09-17,+22222460422,soumaïla.dramé256@gmail.com,1,Nouakchott-Nord,DORMANT,,ACTIVE,2023-08-25,2023-10-02T04:39:59.522Z,2023-08-25T03:53:34.668Z,2023-10-02T04:39:59.522Z
9890,6202219507,Zeinab,Bathily,Zeinab Bathily,F,1962-07-11,+22242242535,,2,Nouakchott-Ouest,OCCASIONAL,,ACTIVE,2022-07-26,2022-10-18T23:39:58.200Z,2022-07-26T09:44:51.189Z,2022-10-18T23:39:58.200Z
9891,8602326175,Koumba,Doucouré,Koumba Doucouré,F,1986-10-24,+22222960406,koumba.doucouré722@hotmail.fr,2,Nouakchott-Ouest,ACTIVE,,INACTIVE,2024-04-27,2024-06-30T21:44:34.289Z,2024-04-27T22:29:13.456Z,2024-06-30T21:44:34.289Z
9892,6602959973,Awa,Thiam,Awa Thiam,F,1966-12-10,+22245741305,,2,Nouakchott-Ouest,ACTIVE,,ACTIVE,2024-03-26,2024-05-09T10:55:14.857Z,2024-03-26T16:35:19.910Z,2024-05-09T10:55:14.857Z
9893,9915057848,Tamba,Dieng,Tamba Dieng,M,1999-08-26,+22224644036,,15,Tiris Zemmour,OCCASIONAL,,ACTIVE,2024-08-12,2024-09-03T04:24:34.914Z,2024-08-12T11:31:20.187Z,2024-09-03T04:24:34.914Z
9894,6305279776,Yaya,Thiam,Yaya Thiam,M,1963-08-25,+22233770398,,5,Trarza,STANDARD,,PENDING_KYC,2023-11-15,2024-11-08T09:42:57.147Z,2023-11-15T21:39:55.671Z,2024-11-08T09:42:57.147Z
9895,6903909051,Mariem,Sakho,Mariem Sakho,F,1969-08-09,+22223872283,,3,Nouakchott-Sud,ACTIVE,,ACTIVE,2024-09-04,2024-12-12T03:11:00.238Z,2024-09-04T03:21:52.475Z,2024-12-12T03:11:00.238Z
9896,8605161399,Dah,Ould Bouha,Dah Ould Bouha,M,1986-01-02,+22235607361,,5,Trarza,STANDARD,,ACTIVE,2022-10-16,2023-01-23T00:01:17.882Z,2022-10-16T05:48:43.054Z,2023-01-23T00:01:17.882Z
9897,8806392950,Salem,Ould Hamoud,Salem Ould Hamoud,M,1988-07-17,+22241741305,,6,Brakna,ACTIVE,,PENDING_KYC,2024-06-21,2024-12-09T11:36:35.045Z,2024-06-21T03:41:48.709Z,2024-12-09T11:36:35.045Z
9898,7501536894,El Mokhtar,Diagana,El Mokhtar Diagana,M,1975-01-17,+22232741305,,1,Nouakchott-Nord,OCCASIONAL,,INACTIVE,2024-12-02,2024-12-15T21:11:48.392Z,2024-12-02T07:54:29.102Z,2024-12-15T21:11:48.392Z
9899,6503829317,Zahra,Thiaw,Zahra Thiaw,F,1965-12-24,+22222161032,zahra.thiaw318@outlook.com,3,Nouakchott-Sud,ACTIVE,,ACTIVE,2024-07-15,2024-07-19T04:58:53.912Z,2024-07-15T01:19:20.983Z,2024-07-19T04:58:53.912Z
9900,7801043430,Mohamed Lemine,Touré,Mohamed Lemine Touré,M,1978-12-09,+22232264338,,1,Nouakchott-Nord,DORMANT,,BLOCKED,2022-05-28,2024-05-30T22:44:19.958Z,2022-05-28T05:34:13.735Z,2024-05-30T22:44:19.958Z
9901,9807140313,Cheikh,Ould Abdel Kader,Cheikh Ould Abdel Kader,M,1998-02-28,+22234741305,cheikh.ouldabdelkader426@gmail.com,7,Gorgol,STANDARD,,ACTIVE,2023-11-28,2024-08-02T18:25:14.606Z,2023-11-28T05:19:42.589Z,2024-08-02T18:25:14.606Z
9902,0501821760,Ghali,Ould El Mamy,Ghali Ould El Mamy,M,2005-05-14,+22236517723,,1,Nouakchott-Nord,STANDARD,,ACTIVE,2024-04-25,2024-05-26T15:07:21.615Z,2024-04-25T19:57:02.759Z,2024-05-26T15:07:21.615Z
9903,7806489990,Soueidatt,Ould El Mamy,Soueidatt Ould El Mamy,M,1978-10-12,+22235482946,soueidatt.ouldelmamy962@hotmail.fr,6,Brakna,STANDARD,,SUSPENDED,2024-06-21,2024-11-14T16:45:42.623Z,2024-06-21T13:36:58.159Z,2024-11-14T16:45:42.623Z
9904,0502100503,Noura,Mint Ghali,Noura Mint Ghali,F,2005-05-05,+22223985360,,2,Nouakchott-Ouest,PREMIUM,,ACTIVE,2022-05-03,2023-11-06T05:19:45.487Z,2022-05-03T12:39:27.515Z,2023-11-06T05:19:45.487Z
9905,0501115362,Ethmane,Ould Mohamed,Ethmane Ould Mohamed,M,2005-05-28,+22223552621,,1,Nouakchott-Nord,OCCASIONAL,,ACTIVE,2023-12-25,2024-09-04T00:00:28.609Z,2023-12-25T13:49:07.635Z,2024-09-04T00:00:28.609Z
9906,7804657399,Naima,Soumaré,Naima Soumaré,F,1978-02-21,+22223628305,,4,Dakhlet Nouadhibou,OCCASIONAL,,PENDING_KYC,2023-09-05,2024-07-02T19:35:39.430Z,2023-09-05T07:18:37.763Z,2024-07-02T19:35:39.430Z
9907,6902573158,Aziza,Mint Ethmane,Aziza Mint Ethmane,F,1969-06-16,+22242725928,aziza.mintethmane971@outlook.com,2,Nouakchott-Ouest,OCCASIONAL,,PENDING_KYC,2024-05-03,2024-12-12T14:08:01.550Z,2024-05-03T06:56:06.166Z,2024-12-12T14:08:01.550Z
9908,8701124216,Mariam,Mint Abdel Aziz,Mariam Mint Abdel Aziz,F,1987-11-04,+22235741305,mariam.mintabdelaziz927@outlook.com,1,Nouakchott-Nord,PREMIUM,,ACTIVE,2022-06-08,2023-07-28T11:01:18.208Z,2022-06-08T17:40:31.146Z,2023-07-28T11:01:18.208Z
9909,9703494545,Idrissa,Ba,Idrissa Ba,M,1997-05-07,+22233191463,idrissa.ba382@outlook.com,3,Nouakchott-Sud,STANDARD,,ACTIVE,2022-02-16,2022-10-20T13:50:46.481Z,2022-02-16T15:21:57.712Z,2022-10-20T13:50:46.481Z
9910,7302594077,Malouma,Mint Habiboullah,Malouma Mint Habiboullah,F,1973-08-03,+22223479331,malouma.minthabiboullah432@yahoo.fr,2,Nouakchott-Ouest,STANDARD,,ACTIVE,2022-05-28,2024-03-09T15:36:34.514Z,2022-05-28T18:44:07.351Z,2024-03-09T15:36:34.514Z
9911,7802416929,Limam,Doucouré,Limam Doucouré,M,1978-02-13,+22222578515,limam.doucouré582@hotmail.fr,2,Nouakchott-Ouest,STANDARD,,ACTIVE,2024-06-19,2024-12-24T12:30:23.992Z,2024-06-19T00:53:16.813Z,2024-12-24T12:30:23.992Z
9912,9912232761,Isselmou,Fall,Isselmou Fall,M,1999-06-21,+22237741305,,12,Adrar,STANDARD,,ACTIVE,2022-08-20,2024-11-12T14:07:17.702Z,2022-08-20T21:03:14.261Z,2024-11-12T14:07:17.702Z
9913,6812763733,Khady,Dramé,Khady Dramé,F,1968-04-27,+22225759738,khady.dramé773@hotmail.fr,12,Adrar,ACTIVE,,ACTIVE,2023-05-10,2023-12-29T05:10:55.113Z,2023-05-10T23:33:30.186Z,2023-12-29T05:10:55.113Z
9914,9505233906,Ahmedou,Ould Ahmed,Ahmedou Ould Ahmed,M,1995-08-12,+22236316954,ahmedou.ouldahmed139@gmail.com,5,Trarza,STANDARD,,ACTIVE,2024-12-20,2024-12-22T16:08:36.308Z,2024-12-20T14:08:53.550Z,2024-12-22T16:08:36.308Z
9915,6502518401,Naima,Mint Saad,Naima Mint Saad,F,1965-06-22,+22248741305,,2,Nouakchott-Ouest,STANDARD,,SUSPENDED,2024-02-14,2024-08-14T02:19:52.427Z,2024-02-14T18:29:03.170Z,2024-08-14T02:19:52.427Z
9916,6204583963,Mohamed Lemine,Dramé,Mohamed Lemine Dramé,M,1962-12-17,+22224741305,mohamedlemine.dramé978@yahoo.fr,4,Dakhlet Nouadhibou,ACTIVE,,ACTIVE,2024-06-19,2024-07-03T22:40:09.819Z,2024-06-19T22:38:57.679Z,2024-07-03T22:40:09.819Z
9917,8405181456,Hamoud,Thiam,Hamoud Thiam,M,1984-06-03,+22237821559,hamoud.thiam414@hotmail.fr,5,Trarza,STANDARD,,ACTIVE,2022-04-09,2022-10-31T16:11:14.285Z,2022-04-09T15:02:00.881Z,2022-10-31T16:11:14.285Z
9918,6201957224,Sidi Ahmed,Ould Nenni,Sidi Ahmed Ould Nenni,M,1962-09-09,+22223028420,sidiahmed.ouldnenni239@outlook.com,1,Nouakchott-Nord,STANDARD,,ACTIVE,2022-04-22,2024-04-09T01:20:53.906Z,2022-04-22T00:31:34.239Z,2024-04-09T01:20:53.906Z
9919,7002267611,Salka,Mint Bouha,Salka Mint Bouha,F,1970-01-19,+22225258917,salka.mintbouha731@gmail.com,2,Nouakchott-Ouest,STANDARD,,ACTIVE,2024-06-28,2024-12-30T18:44:52.271Z,2024-06-28T11:25:34.115Z,2024-12-30T18:44:52.271Z
9920,9403765419,Rokaya,Mint Khatri,Rokaya Mint Khatri,F,1994-06-03,+22222671094,,3,Nouakchott-Sud,OCCASIONAL,,ACTIVE,2024-07-08,2024-10-03T10:27:41.122Z,2024-07-08T20:39:16.257Z,2024-10-03T10:27:41.122Z
9921,8209667772,Ablaye,Dieng,Ablaye Dieng,M,1982-05-28,+22245824207,,9,Assaba,OCCASIONAL,,ACTIVE,2024-09-03,2024-09-28T05:17:06.576Z,2024-09-03T21:45:23.172Z,2024-09-28T05:17:06.576Z
9922,7802585072,Abdoulaye,Sène,Abdoulaye Sène,M,1978-08-05,+22241823271,abdoulaye.sène698@hotmail.fr,2,Nouakchott-Ouest,OCCASIONAL,,ACTIVE,2024-07-07,2024-10-20T05:18:22.864Z,2024-07-07T22:10:58.069Z,2024-10-20T05:18:22.864Z
9923,9003224640,Naima,Mint Abdallah,Naima Mint Abdallah,F,1990-03-12,+22237035252,naima.mintabdallah646@outlook.com,3,Nouakchott-Sud,PREMIUM,,ACTIVE,2023-10-22,2023-12-30T09:02:46.784Z,2023-10-22T12:48:42.499Z,2023-12-30T09:02:46.784Z
9924,8406635743,Aichetou,Mint El Hacen,Aichetou Mint El Hacen,F,1984-05-06,+22244741305,,6,Brakna,ACTIVE,,ACTIVE,2022-06-30,2023-11-13T20:42:26.284Z,2022-06-30T02:24:52.527Z,2023-11-13T20:42:26.284Z
9925,6402102667,Aminata,Sène,Aminata Sène,F,1964-10-23,+22246741305,aminata.sène45@gmail.com,2,Nouakchott-Ouest,STANDARD,,ACTIVE,2024-05-22,2024-11-23T05:09:20.253Z,2024-05-22T14:00:01.161Z,2024-11-23T05:09:20.253Z
9926,6102249813,Aliou,Doucouré,Aliou Doucouré,M,1961-06-27,+22222893047,aliou.doucouré23@outlook.com,2,Nouakchott-Ouest,STANDARD,,ACTIVE,2023-02-25,2023-07-08T13:15:28.444Z,2023-02-25T21:32:48.059Z,2023-07-08T13:15:28.444Z
9927,8104579228,Aicha,Mint Dah,Aicha Mint Dah,F,1981-01-18,+22249741305,,4,Dakhlet Nouadhibou,ACTIVE,,ACTIVE,2023-09-07,2024-04-29T01:07:43.506Z,2023-09-07T16:47:32.124Z,2024-04-29T01:07:43.506Z
9928,8207110908,Isselmou,Ndour,Isselmou Ndour,M,1982-07-25,+22234690416,,7,Gorgol,OCCASIONAL,,INACTIVE,2024-12-30,2024-12-30T15:14:29.545Z,2024-12-30T05:24:38.306Z,2024-12-30T15:14:29.545Z
9929,8210031847,Mahmoud,Koita,Mahmoud Koita,M,1982-09-09,+22222632945,,10,Hodh Ech Chargui,STANDARD,,ACTIVE,2022-04-08,2023-10-17T19:53:40.386Z,2022-04-08T21:15:06.087Z,2023-10-17T19:53:40.386Z
9930,9602244254,Hamady,Sarr,Hamady Sarr,M,1996-07-10,+22243741305,,2,Nouakchott-Ouest,OCCASIONAL,,ACTIVE,2023-12-17,2024-09-24T19:44:05.570Z,2023-12-17T07:11:35.851Z,2024-09-24T19:44:05.570Z
9931,0001488438,Mohamed Vall,Wane,Mohamed Vall Wane,M,2000-09-25,+22233761959,,1,Nouakchott-Nord,STANDARD,,PENDING_KYC,2023-02-16,2023-10-27T20:36:58.417Z,2023-02-16T05:08:52.153Z,2023-10-27T20:36:58.417Z
9932,9006108789,Mohamed Mahmoud,Ould Brahim,Mohamed Mahmoud Ould Brahim,M,1990-03-15,+22247741305,,6,Brakna,OCCASIONAL,,ACTIVE,2023-11-19,2024-12-23T21:05:58.033Z,2023-11-19T19:17:17.619Z,2024-12-23T21:05:58.033Z
9933,6402622664,Issa,Wane,Issa Wane,M,1964-08-25,+22223918538,issa.wane693@hotmail.fr,2,Nouakchott-Ouest,STANDARD,,ACTIVE,2022-08-20,2023-07-22T20:22:00.593Z,2022-08-20T22:52:50.129Z,2023-07-22T20:22:00.593Z
9934,6701908528,Soueidatt,Ould Nagi,Soueidatt Ould Nagi,M,1967-09-05,+22247741306,soueidatt.ouldnagi404@hotmail.fr,1,Nouakchott-Nord,VIP,,ACTIVE,2022-05-01,2024-03-07T20:48:42.268Z,2022-05-01T13:58:37.404Z,2024-03-07T20:48:42.268Z
9935,8405448126,Naha,Kane,Naha Kane,F,1984-11-04,+22235741306,,5,Trarza,ACTIVE,,ACTIVE,2023-08-22,2024-09-30T23:51:18.754Z,2023-08-22T04:12:50.539Z,2024-09-30T23:51:18.754Z
9936,8701926441,Mohamed,Ould Moulaye,Mohamed Ould Moulaye,M,1987-02-05,+22235287152,mohamed.ouldmoulaye374@hotmail.fr,1,Nouakchott-Nord,STANDARD,,ACTIVE,2023-10-26,2024-03-21T02:48:10.367Z,2023-10-26T00:35:56.687Z,2024-03-21T02:48:10.367Z
9937,6203720099,Defa,Mint Khalil,Defa Mint Khalil,F,1962-01-02,+22223634241,,3,Nouakchott-Sud,STANDARD,,ACTIVE,2023-01-31,2024-06-23T12:55:21.784Z,2023-01-31T02:14:40.322Z,2024-06-23T12:55:21.784Z
9938,9903921362,Khadija,Mint Khalil,Khadija Mint Khalil,F,1999-09-06,+22244741306,,3,Nouakchott-Sud,STANDARD,,ACTIVE,2024-06-29,2024-07-19T12:00:27.535Z,2024-06-29T15:13:13.884Z,2024-07-19T12:00:27.535Z
9939,7015444320,Demba,Tall,Demba Tall,M,1970-11-05,+22237704561,demba.tall216@outlook.com,15,Tiris Zemmour,OCCASIONAL,,ACTIVE,2023-06-19,2024-04-07T17:38:48.636Z,2023-06-19T13:53:18.265Z,2024-04-07T17:38:48.636Z
9940,8801335750,Fodé,Touré,Fodé Touré,M,1988-01-04,+22233275739,,1,Nouakchott-Nord,ACTIVE,,ACTIVE,2023-01-20,2023-08-20T20:40:18.448Z,2023-01-20T01:18:52.081Z,2023-08-20T20:40:18.448Z
9941,7603681775,Moctar,Ould Dah,Moctar Ould Dah,M,1976-06-24,+22224546268,,3,Nouakchott-Sud,ACTIVE,,ACTIVE,2023-06-09,2023-11-26T16:13:09.387Z,2023-06-09T02:38:32.993Z,2023-11-26T16:13:09.387Z
9942,7601344803,Minetou,Mint Cheikh,Minetou Mint Cheikh,F,1976-08-02,+22234642961,minetou.mintcheikh510@outlook.com,1,Nouakchott-Nord,STANDARD,,ACTIVE,2022-05-04,2023-07-10T12:53:00.562Z,2022-05-04T07:29:14.851Z,2023-07-10T12:53:00.562Z
9943,9703770654,Saadbouh,Ould Mohamed,Saadbouh Ould Mohamed,M,1997-09-15,+22225039386,,3,Nouakchott-Sud,PREMIUM,,ACTIVE,2024-07-19,2024-09-12T18:10:46.125Z,2024-07-19T04:49:26.383Z,2024-09-12T18:10:46.125Z
9944,7901532894,Ndèye,Baldé,Ndèye Baldé,F,1979-03-26,+22223933836,ndèye.baldé799@gmail.com,1,Nouakchott-Nord,OCCASIONAL,,ACTIVE,2023-09-14,2024-10-08T03:54:33.406Z,2023-09-14T00:26:11.094Z,2024-10-08T03:54:33.406Z
9945,7901048414,Pathé,Soumaré,Pathé Soumaré,M,1979-02-01,+22224379433,pathé.soumaré41@outlook.com,1,Nouakchott-Nord,STANDARD,,ACTIVE,2024-06-09,2024-07-14T03:26:21.446Z,2024-06-09T10:01:30.020Z,2024-07-14T03:26:21.446Z
9946,7401432179,Abdel Kader,Ould Mokhtar,Abdel Kader Ould Mokhtar,M,1974-10-25,+22233741306,,1,Nouakchott-Nord,DORMANT,,ACTIVE,2023-04-16,2024-11-05T12:13:25.329Z,2023-04-16T14:51:46.561Z,2024-11-05T12:13:25.329Z
9947,7903975932,Kéba,Guèye,Kéba Guèye,M,1979-06-05,+22232741306,,3,Nouakchott-Sud,STANDARD,,ACTIVE,2022-02-19,2023-04-20T18:33:54.476Z,2022-02-19T08:59:55.006Z,2023-04-20T18:33:54.476Z
9948,9205909004,Halima,Barry,Halima Barry,F,1992-02-13,+22223095683,halima.barry425@gmail.com,5,Trarza,OCCASIONAL,,ACTIVE,2023-01-16,2023-11-08T03:26:03.056Z,2023-01-16T00:28:44.388Z,2023-11-08T03:26:03.056Z
9949,8803465767,El Hacen,Ould Isselmou,El Hacen Ould Isselmou,M,1988-02-19,+22224349818,,3,Nouakchott-Sud,STANDARD,,INACTIVE,2024-09-29,2024-10-14T19:09:34.394Z,2024-09-29T19:15:05.615Z,2024-10-14T19:09:34.394Z
9950,8302721643,Mohamed Salem,Ould Cheikh,Mohamed Salem Ould Cheikh,M,1983-03-15,+22235717182,mohamedsalem.ouldcheikh359@hotmail.fr,2,Nouakchott-Ouest,OCCASIONAL,,PENDING_KYC,2023-07-16,2024-08-31T22:54:15.022Z,2023-07-16T11:49:10.298Z,2024-08-31T22:54:15.022Z
9951,8103785732,Boubacar,Ould Khalil,Boubacar Ould Khalil,M,1981-07-09,+22247501680,,3,Nouakchott-Sud,OCCASIONAL,,ACTIVE,2023-08-06,2024-03-28T23:01:59.019Z,2023-08-06T05:39:10.229Z,2024-03-28T23:01:59.019Z
9952,9204217960,Malouma,Mint Wedadi,Malouma Mint Wedadi,F,1992-12-05,+22223741306,,4,Dakhlet Nouadhibou,STANDARD,,ACTIVE,2022-09-19,2024-10-19T01:13:02.348Z,2022-09-19T11:20:55.936Z,2024-10-19T01:13:02.348Z
9953,6304232011,Noura,Mint Abdel Kader,Noura Mint Abdel Kader,F,1963-08-28,+22236207157,,4,Dakhlet Nouadhibou,OCCASIONAL,,ACTIVE,2024-07-24,2024-09-23T04:09:15.887Z,2024-07-24T08:35:54.909Z,2024-09-23T04:09:15.887Z
9954,9002551170,Babacar,Kanouté,Babacar Kanouté,M,1990-11-25,+22243337846,,2,Nouakchott-Ouest,ACTIVE,,ACTIVE,2024-08-28,2024-09-20T12:09:44.362Z,2024-08-28T15:20:25.237Z,2024-09-20T12:09:44.362Z
9955,6315161542,Makan,Mbaye,Makan Mbaye,M,1963-09-15,+22224741306,,15,Tiris Zemmour,OCCASIONAL,,PENDING_KYC,2024-08-01,2024-12-15T04:27:49.566Z,2024-08-01T10:30:27.435Z,2024-12-15T04:27:49.566Z
9956,7301601143,Salif,Koita,Salif Koita,M,1973-10-10,+22224508595,salif.koita342@hotmail.fr,1,Nouakchott-Nord,OCCASIONAL,,ACTIVE,2023-09-01,2023-12-25T04:01:19.907Z,2023-09-01T17:24:42.100Z,2023-12-25T04:01:19.907Z
9957,6714273673,Youssouf,Kouyaté,Youssouf Kouyaté,M,1967-10-21,+22235319391,youssouf.kouyaté913@hotmail.fr,14,Inchiri,ACTIVE,,ACTIVE,2023-06-01,2024-10-01T10:57:01.714Z,2023-06-01T01:58:37.894Z,2024-10-01T10:57:01.714Z
9958,7403896276,Rokaya,Mint Saad,Rokaya Mint Saad,F,1974-05-16,+22242289083,,3,Nouakchott-Sud,OCCASIONAL,,INACTIVE,2024-11-16,2024-11-29T13:21:06.609Z,2024-11-16T02:36:41.116Z,2024-11-29T13:21:06.609Z
9959,8703377825,Fatou,Doucouré,Fatou Doucouré,F,1987-09-16,+22224993418,,3,Nouakchott-Sud,OCCASIONAL,,ACTIVE,2023-01-01,2023-01-03T07:30:53.588Z,2023-01-01T05:14:23.312Z,2023-01-03T07:30:53.588Z
9960,9101513808,Habiboullah,Bah,Habiboullah Bah,M,1991-06-16,+22234741306,habiboullah.bah665@gmail.com,1,Nouakchott-Nord,STANDARD,,ACTIVE,2023-08-25,2023-12-14T13:03:46.369Z,2023-08-25T17:36:19.141Z,2023-12-14T13:03:46.369Z
9961,7401775843,Cheikh Sidiya,Ould Mahmoud,Cheikh Sidiya Ould Mahmoud,M,1974-07-12,+22223319186,,1,Nouakchott-Nord,STANDARD,,ACTIVE,2022-12-29,2023-06-11T01:46:05.361Z,2022-12-29T01:53:18.721Z,2023-06-11T01:46:05.361Z
9962,6402928382,Hafsata,Kouyaté,Hafsata Kouyaté,F,1964-05-08,+22236652325,hafsata.kouyaté581@gmail.com,2,Nouakchott-Ouest,DORMANT,,ACTIVE,2022-01-26,2023-07-06T22:24:53.329Z,2022-01-26T13:25:18.644Z,2023-07-06T22:24:53.329Z
9963,7204953112,Ramatoulaye,Soumaré,Ramatoulaye Soumaré,F,1972-10-13,+22223551952,,4,Dakhlet Nouadhibou,STANDARD,,ACTIVE,2023-06-16,2024-05-19T00:03:43.565Z,2023-06-16T20:54:26.826Z,2024-05-19T00:03:43.565Z
9964,9902251907,Mouna,Mint El Ghassem,Mouna Mint El Ghassem,F,1999-12-04,+22235967546,mouna.mintelghassem840@gmail.com,2,Nouakchott-Ouest,ACTIVE,,ACTIVE,2023-09-30,2023-10-27T18:25:48.263Z,2023-09-30T07:54:57.486Z,2023-10-27T18:25:48.263Z
9965,0502893984,Safiya,Fall,Safiya Fall,F,2005-01-05,+22248069485,,2,Nouakchott-Ouest,STANDARD,,ACTIVE,2022-11-02,2024-10-31T04:12:57.576Z,2022-11-02T03:44:15.826Z,2024-10-31T04:12:57.576Z
9966,8901757861,El Hadj,Diop,El Hadj Diop,M,1989-12-09,+22237646671,,1,Nouakchott-Nord,STANDARD,,ACTIVE,2024-02-07,2024-03-03T10:44:51.466Z,2024-02-07T10:40:01.975Z,2024-03-03T10:44:51.466Z
9967,7302606464,Tekber,Mint El Mokhtar,Tekber Mint El Mokhtar,F,1973-02-26,+22225449275,tekber.mintelmokhtar25@gmail.com,2,Nouakchott-Ouest,STANDARD,,BLOCKED,2022-07-11,2022-12-25T12:48:19.687Z,2022-07-11T10:09:42.029Z,2022-12-25T12:48:19.687Z
9968,6304626366,Naima,Mint Abdel Kader,Naima Mint Abdel Kader,F,1963-10-14,+22223316121,naima.mintabdelkader212@hotmail.fr,4,Dakhlet Nouadhibou,STANDARD,,INACTIVE,2024-02-11,2024-04-27T01:21:44.181Z,2024-02-11T02:50:25.576Z,2024-04-27T01:21:44.181Z
9969,7103339152,Mbarka,Mint Nenni,Mbarka Mint Nenni,F,1971-03-25,+22224454828,,3,Nouakchott-Sud,STANDARD,,ACTIVE,2022-12-08,2023-03-22T13:18:38.363Z,2022-12-08T10:11:30.490Z,2023-03-22T13:18:38.363Z
9970,6405572212,Kelthoum,Fall,Kelthoum Fall,F,1964-01-26,+22225741306,kelthoum.fall32@yahoo.fr,5,Trarza,DORMANT,,ACTIVE,2022-07-30,2024-01-27T07:32:37.885Z,2022-07-30T15:04:57.128Z,2024-01-27T07:32:37.885Z
9971,8201458750,Abeih,Ould Dah,Abeih Ould Dah,M,1982-07-07,+22236478639,abeih.oulddah219@outlook.com,1,Nouakchott-Nord,STANDARD,,ACTIVE,2023-02-08,2024-08-01T06:31:50.383Z,2023-02-08T05:26:08.432Z,2024-08-01T06:31:50.383Z
9972,6215406464,Mbareck,Ould Mokhtar,Mbareck Ould Mokhtar,M,1962-10-10,+22223546933,,15,Tiris Zemmour,STANDARD,,INACTIVE,2024-11-28,2024-12-16T22:43:01.254Z,2024-11-28T05:31:50.091Z,2024-12-16T22:43:01.254Z
9973,6905026200,Sadio,Ly,Sadio Ly,M,1969-03-19,+22222741306,sadio.ly532@hotmail.fr,5,Trarza,OCCASIONAL,,ACTIVE,2022-08-22,2023-04-10T13:21:56.139Z,2022-08-22T11:38:52.641Z,2023-04-10T13:21:56.139Z
9974,0401684115,Oumou,Dia,Oumou Dia,F,2004-08-06,+22224339634,oumou.dia148@outlook.com,1,Nouakchott-Nord,STANDARD,,PENDING_KYC,2023-02-08,2024-11-09T19:44:09.959Z,2023-02-08T22:38:13.947Z,2024-11-09T19:44:09.959Z
9975,8706193510,Sira,Ly,Sira Ly,F,1987-09-05,+22246741306,sira.ly963@outlook.com,6,Brakna,ACTIVE,,ACTIVE,2022-07-04,2023-08-18T21:06:42.610Z,2022-07-04T19:01:14.439Z,2023-08-18T21:06:42.610Z
9976,9605347598,Saadbouh,Ould El Hacen,Saadbouh Ould El Hacen,M,1996-07-13,+22224961399,,5,Trarza,OCCASIONAL,,ACTIVE,2024-09-03,2024-10-13T09:37:44.519Z,2024-09-03T13:16:33.213Z,2024-10-13T09:37:44.519Z
9977,0308246508,Brahim,Ould Moulaye,Brahim Ould Moulaye,M,2003-09-04,+22225643735,brahim.ouldmoulaye728@hotmail.fr,8,Guidimaka,PREMIUM,,SUSPENDED,2024-11-20,2024-11-25T18:51:26.365Z,2024-11-20T00:25:25.391Z,2024-11-25T18:51:26.365Z
9978,6504503216,Awa,Sow,Awa Sow,F,1965-01-22,+22225253453,awa.sow203@outlook.com,4,Dakhlet Nouadhibou,ACTIVE,,ACTIVE,2024-10-22,2024-10-23T04:46:05.052Z,2024-10-22T07:34:45.226Z,2024-10-23T04:46:05.052Z
9979,6602968849,Adja,Mbow,Adja Mbow,F,1966-01-16,+22223028257,adja.mbow148@yahoo.fr,2,Nouakchott-Ouest,ACTIVE,,ACTIVE,2022-06-08,2023-05-26T09:58:50.934Z,2022-06-08T17:19:16.715Z,2023-05-26T09:58:50.934Z
9980,7502408590,Aminetou,Mint El Mamy,Aminetou Mint El Mamy,F,1975-06-05,+22225630997,,2,Nouakchott-Ouest,STANDARD,,ACTIVE,2024-07-14,2024-07-20T23:19:09.879Z,2024-07-14T09:12:14.888Z,2024-07-20T23:19:09.879Z
9981,6513637797,Ténin,Bâ,Ténin Bâ,F,1965-12-17,+22237741306,ténin.bâ223@gmail.com,13,Tagant,ACTIVE,,ACTIVE,2023-03-24,2024-09-11T19:50:09.098Z,2023-03-24T06:16:33.957Z,2024-09-11T19:50:09.098Z
9982,6202358466,Lamine,Sarr,Lamine Sarr,M,1962-03-13,+22234799249,lamine.sarr695@yahoo.fr,2,Nouakchott-Ouest,OCCASIONAL,,ACTIVE,2023-02-22,2023-05-01T07:23:15.263Z,2023-02-22T09:36:21.242Z,2023-05-01T07:23:15.263Z
9983,9503235591,Aissata,Ndiaye,Aissata Ndiaye,F,1995-09-19,+22223574177,aissata.ndiaye932@gmail.com,3,Nouakchott-Sud,OCCASIONAL,,ACTIVE,2022-08-16,2023-11-17T20:10:16.769Z,2022-08-16T01:56:07.270Z,2023-11-17T20:10:16.769Z
9984,9205192851,Koumba,Soumaré,Koumba Soumaré,F,1992-06-01,+22224022295,,5,Trarza,OCCASIONAL,,ACTIVE,2024-06-11,2024-07-23T14:46:15.214Z,2024-06-11T04:11:36.772Z,2024-07-23T14:46:15.214Z
9985,7809976758,Makan,Kouyaté,Makan Kouyaté,M,1978-04-06,+22249741306,makan.kouyaté6@outlook.com,9,Assaba,PREMIUM,,BLOCKED,2023-03-23,2023-09-01T04:53:55.511Z,2023-03-23T03:12:53.276Z,2023-09-01T04:53:55.511Z
9986,6002307873,Mamadou,Dia,Mamadou Dia,M,1960-12-07,+22243741306,mamadou.dia43@hotmail.fr,2,Nouakchott-Ouest,STANDARD,,ACTIVE,2023-03-05,2023-07-28T14:27:11.801Z,2023-03-05T02:46:24.689Z,2023-07-28T14:27:11.801Z
9987,7803620152,Zeinab,Ndiaye,Zeinab Ndiaye,F,1978-02-23,+22242741306,,3,Nouakchott-Sud,ACTIVE,,ACTIVE,2023-12-20,2024-03-15T02:12:03.124Z,2023-12-20T21:04:48.912Z,2024-03-15T02:12:03.124Z
9988,6502099472,Coumba,Diagana,Coumba Diagana,F,1965-12-05,+22241741306,coumba.diagana742@gmail.com,2,Nouakchott-Ouest,OCCASIONAL,,PENDING_KYC,2022-06-02,2023-03-15T13:34:07.838Z,2022-06-02T23:06:38.463Z,2023-03-15T13:34:07.838Z
9989,0404494397,Abdel Kader,Ould Lemrabott,Abdel Kader Ould Lemrabott,M,2004-11-26,+22233054224,,4,Dakhlet Nouadhibou,DORMANT,,ACTIVE,2022-04-26,2024-08-29T23:41:02.728Z,2022-04-26T03:53:23.401Z,2024-08-29T23:41:02.728Z
9990,6703238346,El Hadj,Koita,El Hadj Koita,M,1967-05-10,+22233347933,elhadj.koita484@hotmail.fr,3,Nouakchott-Sud,DORMANT,,INACTIVE,2023-09-21,2023-11-04T20:38:14.808Z,2023-09-21T12:14:15.280Z,2023-11-04T20:38:14.808Z
9991,7302790211,Fatima,Thiam,Fatima Thiam,F,1973-07-01,+22245741306,,2,Nouakchott-Ouest,ACTIVE,,ACTIVE,2024-03-26,2024-05-09T10:55:14.857Z,2024-03-26T16:35:19.910Z,2024-05-09T10:55:14.857Z
9992,9915052618,Tamba,Dieng,Tamba Dieng,M,1999-08-26,+22248741306,,15,Tiris Zemmour,DORMANT,,INACTIVE,2024-05-19,2024-09-17T02:29:53.779Z,2024-05-19T03:45:49.658Z,2024-09-17T02:29:53.779Z
9993,9301203323,Fatima,Diallo,Fatima Diallo,F,1993-12-07,+22245100945,,1,Nouakchott-Nord,OCCASIONAL,,ACTIVE,2024-03-07,2024-10-09T16:47:50.670Z,2024-03-07T06:51:04.651Z,2024-10-09T16:47:50.670Z
9994,8903025838,Aziza,Ndiaye,Aziza Ndiaye,F,1989-08-02,+22246116801,,3,Nouakchott-Sud,STANDARD,,SUSPENDED,2022-08-31,2023-09-09T21:32:47.152Z,2022-08-31T14:21:56.855Z,2023-09-09T21:32:47.152Z
9995,6602510369,Maguette,Ly,Maguette Ly,M,1966-02-22,+22249445566,,2,Nouakchott-Ouest,STANDARD,,ACTIVE,2023-03-05,2023-12-28T17:12:53.153Z,2023-03-05T05:19:00.082Z,2023-12-28T17:12:53.153Z
9996,9602605503,Aissata,Mint Lemrabott,Aissata Mint Lemrabott,F,1996-09-14,+22236741306,,2,Nouakchott-Ouest,PREMIUM,,ACTIVE,2022-04-22,2023-08-31T08:53:54.082Z,2022-04-22T02:07:59.931Z,2023-08-31T08:53:54.082Z
9997,8801751550,Jemila,Mint Moulaye,Jemila Mint Moulaye,F,1988-08-10,+22222601996,,1,Nouakchott-Nord,STANDARD,,ACTIVE,2024-05-04,2024-10-26T08:18:48.933Z,2024-05-04T19:57:42.650Z,2024-10-26T08:18:48.933Z
9998,7506410384,Zeinab,Mint Hamoud,Zeinab Mint Hamoud,F,1975-12-02,+22233212436,,6,Brakna,STANDARD,,ACTIVE,2024-10-29,2024-12-04T16:06:32.746Z,2024-10-29T03:23:53.564Z,2024-12-04T16:06:32.746Z
9999,9813584918,Issa,Tall,Issa Tall,M,1998-01-23,+22235741307,,13,Tagant,ACTIVE,,PENDING_KYC,2023-12-02,2024-09-04T21:51:26.502Z,2023-12-02T20:57:36.996Z,2024-09-04T21:51:26.502Z
10000,6804272223,Yacoub,Ould Mahmoud,Yacoub Ould Mahmoud,M,1968-01-11,+22223417736,yacoub.ouldmahmoud446@yahoo.fr,4,Dakhlet Nouadhibou,OCCASIONAL,,ACTIVE,2023-04-08,2023-05-11T22:02:39.096Z,2023-04-08T10:21:24.447Z,2023-05-11T22:02:39.096Z