id,transaction_id,transaction_reference,fee_type,amount,currency,payer_account_id,collector,status,created_at
1,2,TX20240625638832,TRF_FEE,25,MRU,2437,PLATFORM,COLLECTED,2024-06-25T05:25:55.291Z
2,3,TX20240805202063,TRF_FEE,25,MRU,6069,PLATFORM,COLLECTED,2024-08-05T16:44:37.809Z
3,6,TX20240912251821,WIT_FEE,99,MRU,7283,PLATFORM,COLLECTED,2024-09-12T06:27:00.639Z
4,7,TX20240809326158,WIT_FEE,50,MRU,6435,PLATFORM,COLLECTED,2024-08-09T06:13:39.456Z
5,10,TX20241106697371,TRF_FEE,50,MRU,10155,PLATFORM,COLLECTED,2024-11-06T15:11:32.448Z
6,11,TX20240615266879,TRF_FEE,50,MRU,5037,PLATFORM,COLLECTED,2024-06-15T20:19:15.773Z
7,12,TX20240516693952,WIT_FEE,100,MRU,3723,PLATFORM,COLLECTED,2024-05-16T06:03:54.710Z
8,13,TX20240217914239,TRF_FEE,50,MRU,2687,PLATFORM,COLLECTED,2024-02-17T19:04:00.615Z
9,15,TX20241221041723,WIT_FEE,50,MRU,2267,PLATFORM,COLLECTED,2024-12-21T18:01:58.472Z
10,16,TX20240609163470,PAY_FEE,21,MRU,7515,MERCHANT,COLLECTED,2024-06-09T16:25:02.829Z
11,18,TX20240608461404,WIT_FEE,50,MRU,1128,PLATFORM,COLLECTED,2024-06-08T10:05:24.702Z
12,19,TX20240428071494,WIT_FEE,430,MRU,11014,PLATFORM,COLLECTED,2024-04-28T12:09:05.805Z
13,21,TX20241127408734,WIT_FEE,50,MRU,5088,PLATFORM,COLLECTED,2024-11-27T21:45:51.360Z
14,22,TX20240118046785,PAY_FEE,270,MRU,2414,MERCHANT,COLLECTED,2024-01-18T15:46:26.835Z
15,25,TX20240929875022,TRF_FEE,50,MRU,8951,PLATFORM,COLLECTED,2024-09-29T11:50:01.250Z
16,26,TX20240201311808,WIT_FEE,50,MRU,8381,PLATFORM,COLLECTED,2024-02-01T15:56:28.043Z
17,29,TX20240904565968,WIT_FEE,50,MRU,7289,PLATFORM,COLLECTED,2024-09-04T16:20:26.158Z
18,30,TX20241003737050,TRF_FEE,25,MRU,5840,PLATFORM,COLLECTED,2024-10-03T18:38:59.181Z
19,31,TX20240803283393,TRF_FEE,50,MRU,4976,PLATFORM,COLLECTED,2024-08-03T08:29:35.253Z
20,33,TX20240323440171,TRF_FEE,50,MRU,7838,PLATFORM,COLLECTED,2024-03-23T08:57:16.051Z
21,34,TX20240613855974,TRF_FEE,50,MRU,5717,PLATFORM,COLLECTED,2024-06-13T15:50:31.532Z
22,35,TX20240728655447,WIT_FEE,50,MRU,2948,PLATFORM,COLLECTED,2024-07-28T10:12:57.466Z
23,36,TX20240830271725,TRF_FEE,25,MRU,1236,PLATFORM,COLLECTED,2024-08-30T13:31:32.743Z
24,37,TX20240111916858,TRF_FEE,10,MRU,7384,PLATFORM,COLLECTED,2024-01-11T17:44:30.562Z
25,38,TX20240530659958,TRF_FEE,10,MRU,10605,PLATFORM,COLLECTED,2024-05-30T15:09:18.908Z
26,40,TX20240215668311,PAY_FEE,75,MRU,1394,MERCHANT,COLLECTED,2024-02-15T06:43:44.331Z
27,42,TX20241025101492,TRF_FEE,25,MRU,10923,PLATFORM,COLLECTED,2024-10-25T11:23:19.497Z
28,43,TX20240508623267,PAY_FEE,13,MRU,7899,MERCHANT,COLLECTED,2024-05-08T18:22:25.071Z
29,47,TX20240801225306,TRF_FEE,50,MRU,8465,PLATFORM,COLLECTED,2024-08-01T07:54:40.737Z
30,50,TX20240913253615,WIT_FEE,50,MRU,1195,PLATFORM,COLLECTED,2024-09-13T07:07:20.332Z
31,51,TX20240519008085,TRF_FEE,50,MRU,11009,PLATFORM,COLLECTED,2024-05-19T08:15:28.975Z
32,52,TX20240703414658,PAY_FEE,29,MRU,10209,MERCHANT,COLLECTED,2024-07-03T14:58:46.368Z
33,53,TX20240804013236,WIT_FEE,50,MRU,4935,PLATFORM,COLLECTED,2024-08-04T15:10:46.007Z
34,57,TX20240620214729,WIT_FEE,50,MRU,3962,PLATFORM,COLLECTED,2024-06-20T20:09:50.226Z
35,60,TX20240801092704,PAY_FEE,53,MRU,7251,MERCHANT,COLLECTED,2024-08-01T07:29:01.380Z
36,61,TX20240222919374,WIT_FEE,50,MRU,10770,PLATFORM,COLLECTED,2024-02-22T13:03:08.490Z
37,68,TX20240325631940,TRF_FEE,50,MRU,5222,PLATFORM,COLLECTED,2024-03-25T16:54:22.171Z
38,70,TX20240817652736,WIT_FEE,50,MRU,7412,PLATFORM,COLLECTED,2024-08-17T14:07:20.946Z
39,76,TX20241206146650,TRF_FEE,50,MRU,275,PLATFORM,COLLECTED,2024-12-06T15:54:40.781Z
40,78,TX20240207517552,SAL_FEE,1375,MRU,1511,PLATFORM,COLLECTED,2024-02-07T08:10:32.786Z
41,79,TX20240406509765,WIT_FEE,50,MRU,10030,PLATFORM,COLLECTED,2024-04-06T08:43:32.486Z
42,81,TX20240822073578,WIT_FEE,50,MRU,1733,PLATFORM,COLLECTED,2024-08-22T17:51:52.403Z
43,82,TX20240519262393,SAL_FEE,495,MRU,264,PLATFORM,COLLECTED,2024-05-19T17:43:07.677Z
44,83,TX20240922313539,PAY_FEE,1395,MRU,8280,MERCHANT,COLLECTED,2024-09-22T06:58:32.312Z
45,85,TX20240426947994,PAY_FEE,57,MRU,4874,MERCHANT,COLLECTED,2024-04-26T08:18:05.232Z
46,86,TX20240904729298,PAY_FEE,20,MRU,2261,MERCHANT,COLLECTED,2024-09-04T13:35:10.282Z
47,88,TX20240629274706,TRF_FEE,50,MRU,7670,PLATFORM,COLLECTED,2024-06-29T16:44:14.328Z
48,89,TX20240223152573,TRF_FEE,50,MRU,7276,PLATFORM,COLLECTED,2024-02-23T08:12:19.485Z
49,92,TX20240820441605,TRF_FEE,50,MRU,8927,PLATFORM,COLLECTED,2024-08-20T17:24:46.052Z
50,93,TX20240611168971,WIT_FEE,50,MRU,7181,PLATFORM,COLLECTED,2024-06-11T08:18:37.060Z
51,96,TX20240710027665,PAY_FEE,26,MRU,2490,MERCHANT,COLLECTED,2024-07-10T07:19:13.541Z
52,100,TX20240215732879,TRF_FEE,50,MRU,1603,PLATFORM,COLLECTED,2024-02-15T14:25:48.457Z
53,101,TX20240615548619,TRF_FEE,25,MRU,109,PLATFORM,COLLECTED,2024-06-15T18:25:31.423Z
54,102,TX20240829932591,WIT_FEE,50,MRU,4548,PLATFORM,COLLECTED,2024-08-29T09:22:31.459Z
55,106,TX20240419065554,SAL_FEE,810,MRU,8804,PLATFORM,COLLECTED,2024-04-19T07:10:53.809Z
56,107,TX20240109221243,TRF_FEE,50,MRU,2272,PLATFORM,COLLECTED,2024-01-09T15:18:36.819Z
57,108,TX20240805399982,PAY_FEE,60,MRU,8961,MERCHANT,COLLECTED,2024-08-05T10:17:11.851Z
58,110,TX20240805582163,WIT_FEE,50,MRU,10682,PLATFORM,COLLECTED,2024-08-05T07:28:12.515Z
59,113,TX20240319243148,SAL_FEE,575,MRU,3818,PLATFORM,COLLECTED,2024-03-19T15:27:39.426Z
60,114,TX20240827483693,TRF_FEE,25,MRU,6144,PLATFORM,COLLECTED,2024-08-27T10:18:05.837Z
61,115,TX20240415933654,WIT_FEE,50,MRU,3032,PLATFORM,COLLECTED,2024-04-15T08:58:01.983Z
62,116,TX20241230980280,TRF_FEE,50,MRU,3638,PLATFORM,COLLECTED,2024-12-30T10:36:52.714Z
63,117,TX20240306685246,PAY_FEE,20,MRU,4132,MERCHANT,COLLECTED,2024-03-06T07:27:27.387Z
64,120,TX20240223309768,SAL_FEE,2410,MRU,409,PLATFORM,COLLECTED,2024-02-23T09:45:48.732Z
65,124,TX20240412436547,TRF_FEE,50,MRU,4392,PLATFORM,COLLECTED,2024-04-12T16:32:12.159Z
66,127,TX20240308184297,WIT_FEE,50,MRU,3551,PLATFORM,COLLECTED,2024-03-08T07:21:25.976Z
67,131,TX20240128298942,WIT_FEE,50,MRU,5325,PLATFORM,COLLECTED,2024-01-28T14:35:44.256Z
68,132,TX20240902579367,WIT_FEE,130,MRU,6719,PLATFORM,COLLECTED,2024-09-02T10:22:10.333Z
69,133,TX20240716990112,WIT_FEE,130,MRU,2332,PLATFORM,COLLECTED,2024-07-16T15:48:36.941Z
70,134,TX20240714528429,PAY_FEE,210,MRU,10570,MERCHANT,COLLECTED,2024-07-14T20:38:04.288Z
71,135,TX20240714580054,TRF_FEE,25,MRU,10087,PLATFORM,COLLECTED,2024-07-14T06:12:56.661Z
72,137,TX20241006499761,PAY_FEE,53,MRU,7729,MERCHANT,COLLECTED,2024-10-06T16:49:00.724Z
73,140,TX20240222850760,TRF_FEE,25,MRU,6740,PLATFORM,COLLECTED,2024-02-22T09:29:51.777Z
74,141,TX20240907546418,SAL_FEE,1625,MRU,9054,PLATFORM,COLLECTED,2024-09-07T17:38:30.147Z
75,142,TX20240503579730,WIT_FEE,50,MRU,6709,PLATFORM,COLLECTED,2024-05-03T08:31:13.503Z
76,143,TX20240811808380,PAY_FEE,8,MRU,3943,MERCHANT,COLLECTED,2024-08-11T14:34:21.006Z
77,144,TX20240616377488,TRF_FEE,50,MRU,3871,PLATFORM,COLLECTED,2024-06-16T08:23:03.034Z
78,148,TX20241111931661,PAY_FEE,60,MRU,1949,MERCHANT,COLLECTED,2024-11-11T12:32:49.606Z
79,149,TX20240418814336,TRF_FEE,25,MRU,6480,PLATFORM,COLLECTED,2024-04-18T12:46:26.580Z
80,150,TX20240721866371,TRF_FEE,50,MRU,464,PLATFORM,COLLECTED,2024-07-21T14:59:19.532Z
81,151,TX20240708288928,TRF_FEE,25,MRU,4710,PLATFORM,COLLECTED,2024-07-08T07:39:14.973Z
82,152,TX20240630456087,PAY_FEE,102,MRU,7538,MERCHANT,COLLECTED,2024-06-30T11:39:42.888Z
83,153,TX20240226499186,TRF_FEE,25,MRU,4555,PLATFORM,COLLECTED,2024-02-26T16:13:40.256Z
84,154,TX20240828186881,BIL_FEE,100,MRU,3131,PLATFORM,COLLECTED,2024-08-28T15:22:38.479Z
85,156,TX20241022296050,WIT_FEE,50,MRU,4358,PLATFORM,COLLECTED,2024-10-22T14:13:44.385Z
86,157,TX20240807778117,WIT_FEE,50,MRU,7139,PLATFORM,COLLECTED,2024-08-07T11:19:03.147Z
87,161,TX20241219403632,TRF_FEE,50,MRU,9356,PLATFORM,COLLECTED,2024-12-19T16:21:12.713Z
88,162,TX20240928000766,WIT_FEE,50,MRU,7723,PLATFORM,COLLECTED,2024-09-28T03:10:36.948Z
89,163,TX20240517054224,WIT_FEE,50,MRU,1630,PLATFORM,COLLECTED,2024-05-17T19:52:53.672Z
90,164,TX20240502566368,TRF_FEE,50,MRU,411,PLATFORM,COLLECTED,2024-05-02T17:25:20.195Z
91,165,TX20240629885380,TRF_FEE,25,MRU,6569,PLATFORM,COLLECTED,2024-06-29T06:19:28.439Z
92,166,TX20241217626475,TRF_FEE,10,MRU,8998,PLATFORM,COLLECTED,2024-12-17T07:14:39.748Z
93,167,TX20240619209353,PAY_FEE,7,MRU,4770,MERCHANT,COLLECTED,2024-06-19T15:39:23.863Z
94,168,TX20240211674959,WIT_FEE,400,MRU,9038,PLATFORM,COLLECTED,2024-02-11T05:37:44.267Z
95,169,TX20240229528154,WIT_FEE,130,MRU,2365,PLATFORM,COLLECTED,2024-02-29T17:06:50.012Z
96,171,TX20240112286010,TRF_FEE,25,MRU,1209,PLATFORM,COLLECTED,2024-01-12T10:40:52.790Z
97,172,TX20240225347496,PAY_FEE,146,MRU,5468,MERCHANT,COLLECTED,2024-02-25T15:34:17.840Z
98,173,TX20240624867208,WIT_FEE,200,MRU,6497,PLATFORM,COLLECTED,2024-06-24T09:58:51.233Z
99,175,TX20240718585075,PAY_FEE,102,MRU,4332,MERCHANT,COLLECTED,2024-07-18T08:44:25.848Z
100,176,TX20240427136888,WIT_FEE,140,MRU,2970,PLATFORM,COLLECTED,2024-04-27T13:31:50.592Z
101,178,TX20240711019643,WIT_FEE,370,MRU,8565,PLATFORM,COLLECTED,2024-07-11T10:04:44.340Z
102,181,TX20240402527782,WIT_FEE,200,MRU,1707,PLATFORM,COLLECTED,2024-04-02T12:40:00.209Z
103,182,TX20241006282431,WIT_FEE,50,MRU,4287,PLATFORM,COLLECTED,2024-10-06T10:02:01.944Z
104,183,TX20240420598275,WIT_FEE,50,MRU,658,PLATFORM,COLLECTED,2024-04-20T14:23:56.776Z
105,184,TX20240919847629,WIT_FEE,50,MRU,8214,PLATFORM,COLLECTED,2024-09-19T15:10:50.480Z
106,185,TX20240818678462,PAY_FEE,255,MRU,631,MERCHANT,COLLECTED,2024-08-18T17:57:03.762Z
107,187,TX20240130785793,WIT_FEE,180,MRU,8524,PLATFORM,COLLECTED,2024-01-30T11:32:07.020Z
108,188,TX20240701106287,PAY_FEE,36,MRU,3451,MERCHANT,COLLECTED,2024-07-01T06:53:37.059Z
109,192,TX20241009902307,TRF_FEE,10,MRU,3765,PLATFORM,COLLECTED,2024-10-09T18:51:19.280Z
110,193,TX20240405510213,TRF_FEE,25,MRU,1075,PLATFORM,COLLECTED,2024-04-05T08:05:28.420Z
111,194,TX20241214141188,TRF_FEE,50,MRU,8427,PLATFORM,COLLECTED,2024-12-14T12:41:39.744Z
112,196,TX20241118449132,WIT_FEE,200,MRU,6432,PLATFORM,COLLECTED,2024-11-18T18:19:17.758Z
113,197,TX20240112204741,SAL_FEE,705,MRU,5135,PLATFORM,COLLECTED,2024-01-12T15:38:43.118Z
114,198,TX20240111844579,PAY_FEE,7,MRU,4219,MERCHANT,COLLECTED,2024-01-11T18:11:33.210Z
115,201,TX20241114674962,TRF_FEE,50,MRU,1111,PLATFORM,COLLECTED,2024-11-14T14:57:56.013Z
116,203,TX20240202582036,WIT_FEE,50,MRU,4178,PLATFORM,COLLECTED,2024-02-02T19:30:31.967Z
117,205,TX20240826991334,WIT_FEE,50,MRU,3366,PLATFORM,COLLECTED,2024-08-26T09:46:13.031Z
118,208,TX20241229644198,PAY_FEE,12,MRU,5937,MERCHANT,COLLECTED,2024-12-29T14:25:12.074Z
119,209,TX20240628331244,WIT_FEE,50,MRU,446,PLATFORM,COLLECTED,2024-06-28T13:42:02.016Z
120,210,TX20240618325015,WIT_FEE,50,MRU,2340,PLATFORM,COLLECTED,2024-06-18T14:18:26.026Z
121,211,TX20240602266358,WIT_FEE,50,MRU,9574,PLATFORM,COLLECTED,2024-06-02T19:47:26.150Z
122,212,TX20240314713997,WIT_FEE,50,MRU,5320,PLATFORM,COLLECTED,2024-03-14T20:03:09.593Z
123,213,TX20240116868522,WIT_FEE,50,MRU,9279,PLATFORM,COLLECTED,2024-01-16T07:27:17.046Z
124,217,TX20240223574583,WIT_FEE,50,MRU,5648,PLATFORM,COLLECTED,2024-02-23T08:45:11.807Z
125,220,TX20240609251321,PAY_FEE,44,MRU,1343,MERCHANT,COLLECTED,2024-06-09T12:01:59.199Z
126,221,TX20240611279032,SAL_FEE,1130,MRU,4972,PLATFORM,COLLECTED,2024-06-11T13:28:15.267Z
127,222,TX20240731903865,TRF_FEE,25,MRU,7457,PLATFORM,COLLECTED,2024-07-31T08:07:22.795Z
128,223,TX20241118174815,TRF_FEE,25,MRU,264,PLATFORM,COLLECTED,2024-11-18T09:45:26.064Z
129,224,TX20240511785272,WIT_FEE,50,MRU,10327,PLATFORM,COLLECTED,2024-05-11T15:56:41.101Z
130,225,TX20241208580068,BIL_FEE,100,MRU,7685,PLATFORM,COLLECTED,2024-12-08T07:12:42.115Z
131,226,TX20241009031025,WIT_FEE,50,MRU,1149,PLATFORM,COLLECTED,2024-10-09T10:18:08.326Z
132,227,TX20240502905672,PAY_FEE,32,MRU,5267,MERCHANT,COLLECTED,2024-05-02T13:48:38.017Z
133,229,TX20240314797315,TRF_FEE,25,MRU,1206,PLATFORM,COLLECTED,2024-03-14T08:59:38.899Z
134,230,TX20240621041723,SAL_FEE,1955,MRU,8168,PLATFORM,COLLECTED,2024-06-21T07:18:20.687Z
135,231,TX20240609019044,PAY_FEE,21,MRU,7515,MERCHANT,COLLECTED,2024-06-09T16:25:02.829Z
136,233,TX20240515132662,PAY_FEE,23,MRU,7742,MERCHANT,COLLECTED,2024-05-15T10:23:05.400Z
137,234,TX20240908860789,WIT_FEE,100,MRU,1788,PLATFORM,COLLECTED,2024-09-08T05:22:19.535Z
138,235,TX20241102529123,TRF_FEE,25,MRU,9766,PLATFORM,COLLECTED,2024-11-02T16:09:47.359Z
139,236,TX20241112367427,PAY_FEE,29,MRU,8276,MERCHANT,COLLECTED,2024-11-12T21:19:54.979Z
140,237,TX20241117355822,WIT_FEE,390,MRU,534,PLATFORM,COLLECTED,2024-11-17T13:10:52.708Z
141,239,TX20240228673995,WIT_FEE,270,MRU,6782,PLATFORM,COLLECTED,2024-02-28T08:08:45.095Z
142,240,TX20241110162650,TRF_FEE,50,MRU,266,PLATFORM,COLLECTED,2024-11-10T14:44:29.845Z
143,241,TX20241225811091,TRF_FEE,50,MRU,5280,PLATFORM,COLLECTED,2024-12-25T09:05:37.945Z
144,242,TX20240607726523,TRF_FEE,50,MRU,6342,PLATFORM,COLLECTED,2024-06-07T14:37:49.784Z
145,245,TX20241207263264,TRF_FEE,50,MRU,10194,PLATFORM,COLLECTED,2024-12-07T07:01:39.756Z
146,246,TX20240417449300,BIL_FEE,100,MRU,2565,PLATFORM,COLLECTED,2024-04-17T13:17:40.588Z
147,249,TX20240117532209,PAY_FEE,57,MRU,5839,MERCHANT,COLLECTED,2024-01-17T20:07:12.532Z
148,251,TX20240616533981,TRF_FEE,25,MRU,7086,PLATFORM,COLLECTED,2024-06-16T13:45:33.360Z
149,253,TX20241124411162,TRF_FEE,25,MRU,7267,PLATFORM,COLLECTED,2024-11-24T17:38:35.585Z
150,254,TX20241206220993,WIT_FEE,79,MRU,958,PLATFORM,COLLECTED,2024-12-06T07:47:12.126Z
151,255,TX20240713331210,TRF_FEE,50,MRU,1652,PLATFORM,COLLECTED,2024-07-13T14:25:09.017Z
152,256,TX20240520059171,TRF_FEE,25,MRU,8576,PLATFORM,COLLECTED,2024-05-20T14:43:24.580Z
153,257,TX20240322647281,TRF_FEE,25,MRU,5143,PLATFORM,COLLECTED,2024-03-22T14:24:26.816Z
154,258,TX20240308415795,WIT_FEE,50,MRU,10429,PLATFORM,COLLECTED,2024-03-08T06:23:47.351Z
155,260,TX20240417365260,WIT_FEE,50,MRU,3233,PLATFORM,COLLECTED,2024-04-17T05:02:41.792Z
156,261,TX20241211994506,TRF_FEE,50,MRU,6655,PLATFORM,COLLECTED,2024-12-11T18:11:38.450Z
157,263,TX20240519372827,WIT_FEE,50,MRU,4985,PLATFORM,COLLECTED,2024-05-19T16:03:04.245Z
158,269,TX20241021557232,TRF_FEE,50,MRU,10554,PLATFORM,COLLECTED,2024-10-21T07:38:38.741Z
159,274,TX20240413374763,WIT_FEE,50,MRU,1356,PLATFORM,COLLECTED,2024-04-13T12:53:18.198Z
160,275,TX20240824534723,WIT_FEE,50,MRU,1931,PLATFORM,COLLECTED,2024-08-24T10:08:44.585Z
161,278,TX20240921429789,SAL_FEE,520,MRU,3519,PLATFORM,COLLECTED,2024-09-21T08:28:49.063Z
162,279,TX20240815923811,PAY_FEE,39,MRU,8649,MERCHANT,COLLECTED,2024-08-15T07:08:24.837Z
163,281,TX20240429024786,PAY_FEE,72,MRU,2025,MERCHANT,COLLECTED,2024-04-29T18:03:55.654Z
164,282,TX20240124429603,TRF_FEE,10,MRU,3636,PLATFORM,COLLECTED,2024-01-24T14:45:35.168Z
165,283,TX20240523171974,TRF_FEE,50,MRU,6005,PLATFORM,COLLECTED,2024-05-23T18:12:11.289Z
166,284,TX20241210945306,BIL_FEE,100,MRU,3820,PLATFORM,COLLECTED,2024-12-10T08:34:40.372Z
167,286,TX20240130071251,PAY_FEE,20,MRU,1837,MERCHANT,COLLECTED,2024-01-30T16:38:56.979Z
168,289,TX20240712144417,PAY_FEE,285,MRU,5787,MERCHANT,COLLECTED,2024-07-12T06:49:25.009Z
169,295,TX20241002788004,TRF_FEE,50,MRU,10170,PLATFORM,COLLECTED,2024-10-02T20:23:53.044Z
170,296,TX20240518812968,TRF_FEE,10,MRU,4200,PLATFORM,COLLECTED,2024-05-18T09:33:43.442Z
171,297,TX20241001717897,WIT_FEE,50,MRU,6680,PLATFORM,COLLECTED,2024-10-01T07:43:07.697Z
172,300,TX20241108305576,TRF_FEE,50,MRU,2420,PLATFORM,COLLECTED,2024-11-08T09:45:15.037Z
173,301,TX20240525174881,TRF_FEE,25,MRU,7007,PLATFORM,COLLECTED,2024-05-25T16:02:21.878Z
174,303,TX20240102745423,TRF_FEE,50,MRU,8634,PLATFORM,COLLECTED,2024-01-02T17:21:13.508Z
175,304,TX20240204468277,SAL_FEE,1025,MRU,1949,PLATFORM,COLLECTED,2024-02-04T17:12:43.373Z
176,307,TX20241118053762,TRF_FEE,25,MRU,6406,PLATFORM,COLLECTED,2024-11-18T14:42:18.815Z
177,309,TX20240628277880,TRF_FEE,25,MRU,9038,PLATFORM,COLLECTED,2024-06-28T05:27:32.777Z
178,310,TX20240710915717,TRF_FEE,50,MRU,3051,PLATFORM,COLLECTED,2024-07-10T16:12:55.411Z
179,311,TX20241103324862,TRF_FEE,25,MRU,1693,PLATFORM,COLLECTED,2024-11-03T17:56:32.133Z
180,313,TX20240102318207,WIT_FEE,50,MRU,9792,PLATFORM,COLLECTED,2024-01-02T13:00:51.502Z
181,314,TX20240407091432,WIT_FEE,50,MRU,9328,PLATFORM,COLLECTED,2024-04-07T08:51:34.884Z
182,316,TX20240219457982,WIT_FEE,50,MRU,1100,PLATFORM,COLLECTED,2024-02-19T14:08:52.381Z
183,317,TX20240822437609,TRF_FEE,50,MRU,6352,PLATFORM,COLLECTED,2024-08-22T12:36:14.956Z
184,318,TX20240730713243,TRF_FEE,25,MRU,6233,PLATFORM,COLLECTED,2024-07-30T15:48:36.787Z
185,319,TX20240419276289,TRF_FEE,25,MRU,442,PLATFORM,COLLECTED,2024-04-19T10:46:37.680Z
186,320,TX20240120421054,WIT_FEE,50,MRU,8193,PLATFORM,COLLECTED,2024-01-20T17:46:19.090Z
187,322,TX20241102662294,TRF_FEE,25,MRU,9486,PLATFORM,COLLECTED,2024-11-02T12:12:12.700Z
188,323,TX20240619596808,PAY_FEE,15,MRU,5743,MERCHANT,COLLECTED,2024-06-19T15:14:33.914Z
189,324,TX20240331187833,BIL_FEE,100,MRU,6514,PLATFORM,COLLECTED,2024-03-31T07:13:33.920Z
190,330,TX20240712276423,WIT_FEE,50,MRU,10330,PLATFORM,COLLECTED,2024-07-12T10:33:45.507Z
191,331,TX20240921325346,WIT_FEE,50,MRU,7269,PLATFORM,COLLECTED,2024-09-21T05:07:34.134Z
192,336,TX20240628250685,WIT_FEE,50,MRU,9297,PLATFORM,COLLECTED,2024-06-28T11:19:49.301Z
193,338,TX20241211208207,WIT_FEE,50,MRU,560,PLATFORM,COLLECTED,2024-12-11T13:34:37.152Z
194,340,TX20240109047731,TRF_FEE,50,MRU,1600,PLATFORM,COLLECTED,2024-01-09T16:23:38.580Z
195,341,TX20240110709869,WIT_FEE,73,MRU,6138,PLATFORM,COLLECTED,2024-01-10T19:36:00.113Z
196,342,TX20240308441419,WIT_FEE,50,MRU,3551,PLATFORM,COLLECTED,2024-03-08T07:21:25.976Z
197,343,TX20240507466161,WIT_FEE,50,MRU,4088,PLATFORM,COLLECTED,2024-05-07T15:48:51.314Z
198,344,TX20240401023598,WIT_FEE,50,MRU,8014,PLATFORM,COLLECTED,2024-04-01T17:34:48.388Z
199,345,TX20240305431075,BIL_FEE,100,MRU,1349,PLATFORM,COLLECTED,2024-03-05T17:37:28.244Z
200,346,TX20240403806249,PAY_FEE,42,MRU,648,MERCHANT,COLLECTED,2024-04-03T11:59:16.838Z
201,347,TX20240514138334,TRF_FEE,50,MRU,2940,PLATFORM,COLLECTED,2024-05-14T07:19:36.682Z
202,348,TX20240919990112,TRF_FEE,25,MRU,8601,PLATFORM,COLLECTED,2024-09-19T16:36:56.210Z
203,350,TX20240714924116,TRF_FEE,25,MRU,10087,PLATFORM,COLLECTED,2024-07-14T06:12:56.661Z
204,354,TX20241225014359,TRF_FEE,25,MRU,10768,PLATFORM,COLLECTED,2024-12-25T17:30:10.807Z
205,357,TX20240702422880,WIT_FEE,50,MRU,6797,PLATFORM,COLLECTED,2024-07-02T13:21:04.806Z
206,359,TX20241215867365,WIT_FEE,200,MRU,4179,PLATFORM,COLLECTED,2024-12-14T23:57:49.560Z
207,361,TX20240516977419,TRF_FEE,50,MRU,3630,PLATFORM,COLLECTED,2024-05-16T06:52:08.892Z
208,363,TX20240305311043,TRF_FEE,50,MRU,10277,PLATFORM,COLLECTED,2024-03-05T15:47:50.610Z
209,364,TX20240806238926,TRF_FEE,25,MRU,8988,PLATFORM,COLLECTED,2024-08-06T15:49:44.688Z
210,367,TX20240906542766,BIL_FEE,100,MRU,5050,PLATFORM,COLLECTED,2024-09-06T05:18:57.838Z
211,369,TX20240821189857,WIT_FEE,50,MRU,6396,PLATFORM,COLLECTED,2024-08-21T11:16:29.149Z
212,370,TX20241021782635,TRF_FEE,10,MRU,1628,PLATFORM,COLLECTED,2024-10-21T09:11:04.755Z
213,371,TX20240107003115,WIT_FEE,50,MRU,10922,PLATFORM,COLLECTED,2024-01-07T17:02:33.587Z
214,372,TX20240704784559,TRF_FEE,25,MRU,7336,PLATFORM,COLLECTED,2024-07-04T07:20:57.102Z
215,373,TX20240702672316,PAY_FEE,72,MRU,8320,MERCHANT,COLLECTED,2024-07-02T15:40:36.172Z
216,376,TX20241217966614,WIT_FEE,50,MRU,5501,PLATFORM,COLLECTED,2024-12-17T19:18:24.545Z
217,377,TX20240723858517,TRF_FEE,50,MRU,54,PLATFORM,COLLECTED,2024-07-23T14:38:00.992Z
218,379,TX20240308238345,PAY_FEE,27,MRU,1887,MERCHANT,COLLECTED,2024-03-08T09:40:29.566Z
219,380,TX20240414212033,TRF_FEE,50,MRU,9766,PLATFORM,COLLECTED,2024-04-14T14:03:31.759Z
220,381,TX20240307934720,PAY_FEE,14,MRU,6913,MERCHANT,COLLECTED,2024-03-07T11:18:10.955Z
221,382,TX20240606926870,PAY_FEE,180,MRU,2322,MERCHANT,COLLECTED,2024-06-06T07:05:56.625Z
222,383,TX20241025333816,WIT_FEE,100,MRU,4220,PLATFORM,COLLECTED,2024-10-25T16:47:41.136Z
223,385,TX20240204394071,TRF_FEE,25,MRU,2482,PLATFORM,COLLECTED,2024-02-04T20:19:44.710Z
224,386,TX20241015179692,PAY_FEE,150,MRU,8088,MERCHANT,COLLECTED,2024-10-15T06:22:45.238Z
225,387,TX20240414958056,TRF_FEE,25,MRU,9449,PLATFORM,COLLECTED,2024-04-14T16:29:23.973Z
226,388,TX20240326618181,PAY_FEE,14,MRU,8328,MERCHANT,COLLECTED,2024-03-26T14:30:54.667Z
227,389,TX20240715968413,PAY_FEE,68,MRU,6311,MERCHANT,COLLECTED,2024-07-15T16:39:13.204Z
228,390,TX20240421699113,TRF_FEE,25,MRU,6816,PLATFORM,COLLECTED,2024-04-21T15:25:50.391Z
229,391,TX20240712609769,TRF_FEE,50,MRU,8906,PLATFORM,COLLECTED,2024-07-12T16:35:16.781Z
230,392,TX20240120104490,TRF_FEE,25,MRU,7960,PLATFORM,COLLECTED,2024-01-20T13:32:13.952Z
231,393,TX20240603019643,TRF_FEE,50,MRU,10467,PLATFORM,COLLECTED,2024-06-03T06:44:20.775Z
232,395,TX20240804324166,PAY_FEE,165,MRU,7639,MERCHANT,COLLECTED,2024-08-04T09:06:00.630Z
233,397,TX20240203807345,PAY_FEE,420,MRU,485,MERCHANT,COLLECTED,2024-02-03T07:15:45.429Z
234,399,TX20240311179320,TRF_FEE,25,MRU,7926,PLATFORM,COLLECTED,2024-03-11T08:50:19.021Z
235,402,TX20240109418082,TRF_FEE,50,MRU,6136,PLATFORM,COLLECTED,2024-01-09T17:51:47.322Z
236,403,TX20241208500243,TRF_FEE,25,MRU,1749,PLATFORM,COLLECTED,2024-12-08T06:08:50.602Z
237,404,TX20240517734376,TRF_FEE,25,MRU,3894,PLATFORM,COLLECTED,2024-05-17T07:45:38.302Z
238,405,TX20240918377755,PAY_FEE,54,MRU,10519,MERCHANT,COLLECTED,2024-09-18T14:36:22.502Z
239,406,TX20240912213738,PAY_FEE,27,MRU,9311,MERCHANT,COLLECTED,2024-09-12T16:18:14.346Z
240,407,TX20240715494342,TRF_FEE,25,MRU,10041,PLATFORM,COLLECTED,2024-07-15T19:54:22.895Z
241,408,TX20240123210752,BIL_FEE,100,MRU,2767,PLATFORM,COLLECTED,2024-01-23T13:08:39.882Z
242,409,TX20241114168538,TRF_FEE,50,MRU,6671,PLATFORM,COLLECTED,2024-11-14T13:39:03.599Z
243,411,TX20240614311991,PAY_FEE,69,MRU,6892,MERCHANT,COLLECTED,2024-06-14T14:57:57.274Z
244,413,TX20240313129380,SAL_FEE,750,MRU,2138,PLATFORM,COLLECTED,2024-03-13T06:07:31.416Z
245,414,TX20240630118316,WIT_FEE,50,MRU,7160,PLATFORM,COLLECTED,2024-06-30T12:07:00.601Z
246,415,TX20240426988739,TRF_FEE,10,MRU,10719,PLATFORM,COLLECTED,2024-04-26T12:03:28.005Z
247,416,TX20240510244273,SAL_FEE,1090,MRU,10097,PLATFORM,COLLECTED,2024-05-10T06:04:33.564Z
248,417,TX20240802328871,TRF_FEE,50,MRU,5571,PLATFORM,COLLECTED,2024-08-02T14:16:51.604Z
249,418,TX20240318070254,TRF_FEE,25,MRU,10957,PLATFORM,COLLECTED,2024-03-18T15:33:15.122Z
250,420,TX20240717458000,WIT_FEE,50,MRU,3025,PLATFORM,COLLECTED,2024-07-17T07:58:10.455Z
251,421,TX20240617116867,TRF_FEE,50,MRU,3145,PLATFORM,COLLECTED,2024-06-17T07:16:19.261Z
252,422,TX20240519012333,WIT_FEE,160,MRU,5515,PLATFORM,COLLECTED,2024-05-19T10:53:08.411Z
253,423,TX20241130567598,BIL_FEE,100,MRU,5197,PLATFORM,COLLECTED,2024-11-30T17:54:24.862Z
254,425,TX20240301383832,TRF_FEE,25,MRU,3570,PLATFORM,COLLECTED,2024-03-01T16:42:44.407Z
255,426,TX20240531402847,TRF_FEE,50,MRU,7829,PLATFORM,COLLECTED,2024-05-31T13:42:40.052Z
256,427,TX20240717853218,WIT_FEE,96,MRU,6184,PLATFORM,COLLECTED,2024-07-17T14:59:32.769Z
257,429,TX20240208348701,WIT_FEE,50,MRU,7198,PLATFORM,COLLECTED,2024-02-08T11:56:17.465Z
258,430,TX20240812751765,WIT_FEE,100,MRU,8029,PLATFORM,COLLECTED,2024-08-12T16:23:14.526Z
259,433,TX20240926905841,PAY_FEE,15,MRU,7515,MERCHANT,COLLECTED,2024-09-26T13:48:32.211Z
260,436,TX20240128481661,PAY_FEE,147,MRU,9412,MERCHANT,COLLECTED,2024-01-28T12:00:38.660Z
261,437,TX20240516496468,WIT_FEE,50,MRU,5053,PLATFORM,COLLECTED,2024-05-16T13:06:13.661Z
262,438,TX20240214024386,PAY_FEE,57,MRU,9746,MERCHANT,COLLECTED,2024-02-14T19:57:41.468Z
263,439,TX20240819483946,WIT_FEE,50,MRU,3889,PLATFORM,COLLECTED,2024-08-19T10:31:01.471Z
264,440,TX20241106541047,TRF_FEE,50,MRU,10155,PLATFORM,COLLECTED,2024-11-06T15:11:32.448Z
265,441,TX20241225354866,TRF_FEE,25,MRU,3456,PLATFORM,COLLECTED,2024-12-25T10:15:46.455Z
266,442,TX20240204637024,WIT_FEE,110,MRU,6334,PLATFORM,COLLECTED,2024-02-04T06:54:42.335Z
267,444,TX20240923884317,TRF_FEE,50,MRU,7026,PLATFORM,COLLECTED,2024-09-23T10:12:08.984Z
268,447,TX20240731063234,PAY_FEE,39,MRU,5201,MERCHANT,COLLECTED,2024-07-31T15:17:13.148Z
269,448,TX20240918736477,WIT_FEE,50,MRU,4431,PLATFORM,COLLECTED,2024-09-18T09:26:23.098Z
270,450,TX20240907973814,PAY_FEE,5,MRU,3987,MERCHANT,COLLECTED,2024-09-07T16:45:09.791Z
271,451,TX20240813459510,PAY_FEE,57,MRU,10012,MERCHANT,COLLECTED,2024-08-13T15:52:58.324Z
272,452,TX20240926444759,PAY_FEE,7,MRU,9589,MERCHANT,COLLECTED,2024-09-26T08:52:30.167Z
273,453,TX20240411580546,PAY_FEE,39,MRU,5026,MERCHANT,COLLECTED,2024-04-11T10:56:01.815Z
274,455,TX20240105024578,TRF_FEE,25,MRU,6402,PLATFORM,COLLECTED,2024-01-05T08:09:07.317Z
275,456,TX20240402477483,TRF_FEE,25,MRU,4491,PLATFORM,COLLECTED,2024-04-02T08:31:06.661Z
276,458,TX20241115242663,WIT_FEE,50,MRU,1263,PLATFORM,COLLECTED,2024-11-15T15:09:20.919Z
277,460,TX20240408924545,PAY_FEE,180,MRU,10324,MERCHANT,COLLECTED,2024-04-08T13:48:34.609Z
278,461,TX20240819588949,PAY_FEE,30,MRU,10025,MERCHANT,COLLECTED,2024-08-19T05:45:29.629Z
279,463,TX20240812175315,TRF_FEE,25,MRU,9086,PLATFORM,COLLECTED,2024-08-12T05:07:04.156Z
280,469,TX20240622148651,TRF_FEE,50,MRU,786,PLATFORM,COLLECTED,2024-06-22T19:00:15.933Z
281,470,TX20240115154044,SAL_FEE,1700,MRU,5908,PLATFORM,COLLECTED,2024-01-15T09:36:03.529Z
282,471,TX20241103580387,WIT_FEE,50,MRU,3591,PLATFORM,COLLECTED,2024-11-03T11:49:52.071Z
283,472,TX20241204439328,PAY_FEE,125,MRU,7523,MERCHANT,COLLECTED,2024-12-04T11:04:57.828Z
284,474,TX20240318020436,PAY_FEE,27,MRU,10073,MERCHANT,COLLECTED,2024-03-18T06:14:36.775Z
285,477,TX20241105803657,PAY_FEE,390,MRU,8570,MERCHANT,COLLECTED,2024-11-05T13:48:48.349Z
286,478,TX20240809601446,TRF_FEE,25,MRU,8140,PLATFORM,COLLECTED,2024-08-09T15:00:45.745Z
287,479,TX20240905443095,TRF_FEE,50,MRU,5236,PLATFORM,COLLECTED,2024-09-05T07:25:45.398Z
288,480,TX20240418066727,WIT_FEE,350,MRU,1417,PLATFORM,COLLECTED,2024-04-18T07:21:23.191Z
289,483,TX20240228452590,TRF_FEE,25,MRU,3455,PLATFORM,COLLECTED,2024-02-28T11:37:48.363Z
290,484,TX20241028137560,PAY_FEE,63,MRU,10308,MERCHANT,COLLECTED,2024-10-28T10:27:08.031Z
291,485,TX20240619908869,PAY_FEE,38,MRU,7400,MERCHANT,COLLECTED,2024-06-19T16:11:58.791Z
292,487,TX20241226988740,TRF_FEE,50,MRU,2100,PLATFORM,COLLECTED,2024-12-26T16:30:17.444Z
293,490,TX20240129173543,TRF_FEE,25,MRU,3735,PLATFORM,COLLECTED,2024-01-29T14:37:32.451Z
294,492,TX20241102118897,TRF_FEE,50,MRU,6681,PLATFORM,COLLECTED,2024-11-02T06:22:57.825Z
295,494,TX20241016923811,TRF_FEE,25,MRU,9246,PLATFORM,COLLECTED,2024-10-16T13:11:08.412Z
296,496,TX20241214168760,WIT_FEE,250,MRU,1258,PLATFORM,COLLECTED,2024-12-14T06:55:39.182Z
297,497,TX20240803435006,PAY_FEE,45,MRU,1915,MERCHANT,COLLECTED,2024-08-03T07:19:08.484Z
298,499,TX20241210575649,BIL_FEE,100,MRU,3820,PLATFORM,COLLECTED,2024-12-10T08:34:40.372Z
299,502,TX20240816940402,BIL_FEE,100,MRU,10433,PLATFORM,COLLECTED,2024-08-16T00:49:55.081Z
300,503,TX20240626937788,PAY_FEE,5,MRU,6790,MERCHANT,COLLECTED,2024-06-26T04:12:16.875Z
301,504,TX20240712202623,PAY_FEE,285,MRU,5787,MERCHANT,COLLECTED,2024-07-12T06:49:25.009Z
302,505,TX20240423853941,TRF_FEE,50,MRU,9806,PLATFORM,COLLECTED,2024-04-23T16:56:26.222Z
303,506,TX20240907660877,PAY_FEE,32,MRU,9458,MERCHANT,COLLECTED,2024-09-07T10:03:24.712Z
304,507,TX20241225957934,WIT_FEE,160,MRU,5339,PLATFORM,COLLECTED,2024-12-25T14:09:04.704Z
305,508,TX20241213102610,TRF_FEE,25,MRU,1766,PLATFORM,COLLECTED,2024-12-13T21:12:32.065Z
306,510,TX20240117892237,BIL_FEE,100,MRU,5837,PLATFORM,COLLECTED,2024-01-17T19:12:01.892Z
307,511,TX20240723891246,WIT_FEE,50,MRU,5854,PLATFORM,COLLECTED,2024-07-23T15:26:22.249Z
308,512,TX20240213976409,PAY_FEE,102,MRU,6256,MERCHANT,COLLECTED,2024-02-13T15:36:39.061Z
309,515,TX20240401305576,PAY_FEE,56,MRU,10899,MERCHANT,COLLECTED,2024-04-01T15:15:02.217Z
310,516,TX20240525282543,TRF_FEE,25,MRU,7007,PLATFORM,COLLECTED,2024-05-25T16:02:21.878Z
311,518,TX20240322172844,WIT_FEE,100,MRU,7665,PLATFORM,COLLECTED,2024-03-22T13:46:41.988Z
312,519,TX20240516659866,PAY_FEE,20,MRU,1615,MERCHANT,COLLECTED,2024-05-16T07:20:34.468Z
313,520,TX20240218544428,PAY_FEE,50,MRU,235,MERCHANT,COLLECTED,2024-02-18T11:20:51.016Z
314,521,TX20240223209339,PAY_FEE,300,MRU,2276,MERCHANT,COLLECTED,2024-02-23T09:44:33.383Z
315,522,TX20240730407268,PAY_FEE,42,MRU,5847,MERCHANT,COLLECTED,2024-07-30T15:37:51.744Z
316,523,TX20240923265647,PAY_FEE,33,MRU,3008,MERCHANT,COLLECTED,2024-09-23T14:24:27.421Z
317,524,TX20241025848523,PAY_FEE,53,MRU,8690,MERCHANT,COLLECTED,2024-10-25T04:33:30.439Z
318,526,TX20241103487556,PAY_FEE,81,MRU,5882,MERCHANT,COLLECTED,2024-11-03T19:32:07.152Z
319,527,TX20240302363900,SAL_FEE,1695,MRU,863,PLATFORM,COLLECTED,2024-03-02T14:15:45.571Z
320,528,TX20240825200709,PAY_FEE,68,MRU,9508,MERCHANT,COLLECTED,2024-08-25T08:00:29.004Z
321,530,TX20241013760482,TRF_FEE,50,MRU,3804,PLATFORM,COLLECTED,2024-10-13T14:20:25.941Z
322,531,TX20240520512380,PAY_FEE,30,MRU,1559,MERCHANT,COLLECTED,2024-05-20T14:22:08.597Z
323,532,TX20241013199520,TRF_FEE,25,MRU,7091,PLATFORM,COLLECTED,2024-10-13T05:14:46.688Z
324,533,TX20241210561807,WIT_FEE,53,MRU,6408,PLATFORM,COLLECTED,2024-12-10T19:39:22.432Z
325,535,TX20240926397895,PAY_FEE,27,MRU,9515,MERCHANT,COLLECTED,2024-09-26T12:01:23.052Z
326,536,TX20240322348461,WIT_FEE,50,MRU,1887,PLATFORM,COLLECTED,2024-03-22T18:31:38.590Z
327,538,TX20241214564780,PAY_FEE,36,MRU,6848,MERCHANT,COLLECTED,2024-12-14T09:02:51.993Z
328,539,TX20240424558690,PAY_FEE,21,MRU,2321,MERCHANT,COLLECTED,2024-04-24T14:45:46.709Z
329,543,TX20240117563909,BIL_FEE,100,MRU,11014,PLATFORM,COLLECTED,2024-01-17T11:30:09.178Z
330,544,TX20241120151405,WIT_FEE,50,MRU,2350,PLATFORM,COLLECTED,2024-11-20T14:25:45.808Z
331,545,TX20240305319765,TRF_FEE,25,MRU,5879,PLATFORM,COLLECTED,2024-03-05T10:56:54.376Z
332,546,TX20241129169573,WIT_FEE,50,MRU,2771,PLATFORM,COLLECTED,2024-11-29T12:44:13.563Z
333,547,TX20240325799881,PAY_FEE,41,MRU,2606,MERCHANT,COLLECTED,2024-03-25T15:35:31.637Z
334,549,TX20240225443427,WIT_FEE,200,MRU,10806,PLATFORM,COLLECTED,2024-02-25T15:57:43.973Z
335,552,TX20240403276031,WIT_FEE,130,MRU,10675,PLATFORM,COLLECTED,2024-04-03T15:21:06.855Z
336,553,TX20240411051303,TRF_FEE,25,MRU,3810,PLATFORM,COLLECTED,2024-04-11T20:29:25.924Z
337,554,TX20241121159805,WIT_FEE,300,MRU,8257,PLATFORM,COLLECTED,2024-11-21T17:25:18.322Z
338,555,TX20240104144913,TRF_FEE,25,MRU,6647,PLATFORM,COLLECTED,2024-01-04T09:25:16.121Z
339,556,TX20241009113767,PAY_FEE,71,MRU,3314,MERCHANT,COLLECTED,2024-10-09T09:14:27.045Z
340,557,TX20240316364618,PAY_FEE,30,MRU,9849,MERCHANT,COLLECTED,2024-03-16T18:05:28.726Z
341,558,TX20241118288157,PAY_FEE,42,MRU,2326,MERCHANT,COLLECTED,2024-11-18T13:39:53.876Z
342,559,TX20241202743069,TRF_FEE,50,MRU,460,PLATFORM,COLLECTED,2024-12-02T17:27:55.220Z
343,562,TX20240317419841,WIT_FEE,50,MRU,6586,PLATFORM,COLLECTED,2024-03-17T06:18:41.714Z
344,563,TX20240106355811,PAY_FEE,15,MRU,7777,MERCHANT,COLLECTED,2024-01-06T15:54:05.874Z
345,568,TX20240119010090,BIL_FEE,100,MRU,10458,PLATFORM,COLLECTED,2024-01-19T09:10:30.466Z
346,570,TX20240219143398,WIT_FEE,140,MRU,6411,PLATFORM,COLLECTED,2024-02-19T15:46:37.636Z
347,571,TX20240501912920,WIT_FEE,50,MRU,10286,PLATFORM,COLLECTED,2024-05-01T09:23:10.506Z
348,572,TX20240929503760,TRF_FEE,25,MRU,2185,PLATFORM,COLLECTED,2024-09-29T07:33:46.272Z
349,575,TX20240327870070,WIT_FEE,240,MRU,5420,PLATFORM,COLLECTED,2024-03-27T14:29:27.319Z
350,577,TX20240322105039,WIT_FEE,50,MRU,6471,PLATFORM,COLLECTED,2024-03-22T05:51:13.445Z
351,578,TX20240421175314,TRF_FEE,25,MRU,8584,PLATFORM,COLLECTED,2024-04-21T06:35:15.800Z
352,579,TX20240526586062,PAY_FEE,59,MRU,3301,MERCHANT,COLLECTED,2024-05-26T13:32:54.456Z
353,580,TX20240702992550,SAL_FEE,1495,MRU,4777,PLATFORM,COLLECTED,2024-07-02T16:28:49.935Z
354,581,TX20241111240912,WIT_FEE,50,MRU,6643,PLATFORM,COLLECTED,2024-11-11T16:27:32.760Z
355,582,TX20240504708233,TRF_FEE,50,MRU,4452,PLATFORM,COLLECTED,2024-05-04T18:51:07.271Z
356,584,TX20240530638465,PAY_FEE,51,MRU,9419,MERCHANT,COLLECTED,2024-05-30T14:22:28.513Z
357,585,TX20241004661050,TRF_FEE,50,MRU,92,PLATFORM,COLLECTED,2024-10-03T22:08:21.889Z
358,587,TX20240121326594,WIT_FEE,50,MRU,7412,PLATFORM,COLLECTED,2024-01-21T15:18:09.674Z
359,588,TX20240530238432,WIT_FEE,100,MRU,10727,PLATFORM,COLLECTED,2024-05-30T09:14:03.074Z
360,590,TX20240214365217,WIT_FEE,200,MRU,9081,PLATFORM,COLLECTED,2024-02-14T08:18:24.109Z
361,591,TX20241210821767,PAY_FEE,18,MRU,8437,MERCHANT,COLLECTED,2024-12-10T10:24:30.968Z
362,593,TX20240831147742,TRF_FEE,50,MRU,3043,PLATFORM,COLLECTED,2024-08-31T12:34:29.157Z
363,594,TX20240606037282,WIT_FEE,50,MRU,1298,PLATFORM,COLLECTED,2024-06-06T15:49:22.752Z
364,595,TX20240417439926,PAY_FEE,24,MRU,6356,MERCHANT,COLLECTED,2024-04-17T17:18:18.861Z
365,597,TX20240924430395,WIT_FEE,240,MRU,1114,PLATFORM,COLLECTED,2024-09-24T13:32:04.686Z
366,600,TX20240226261393,TRF_FEE,50,MRU,1554,PLATFORM,COLLECTED,2024-02-26T00:30:15.347Z
367,602,TX20241109580077,TRF_FEE,10,MRU,2616,PLATFORM,COLLECTED,2024-11-09T16:05:09.973Z
368,604,TX20241125824207,WIT_FEE,330,MRU,3205,PLATFORM,COLLECTED,2024-11-25T08:50:25.971Z
369,605,TX20240106743511,PAY_FEE,62,MRU,7088,MERCHANT,COLLECTED,2024-01-06T06:41:40.810Z
370,606,TX20240925592340,WIT_FEE,99,MRU,7690,PLATFORM,COLLECTED,2024-09-25T18:05:49.142Z
371,609,TX20240830565577,PAY_FEE,51,MRU,3453,MERCHANT,COLLECTED,2024-08-30T06:34:32.543Z
372,618,TX20240903140570,WIT_FEE,50,MRU,9932,PLATFORM,COLLECTED,2024-09-03T17:09:23.482Z
373,619,TX20240621193477,PAY_FEE,135,MRU,421,MERCHANT,COLLECTED,2024-06-21T06:13:18.552Z
374,620,TX20240822632417,TRF_FEE,50,MRU,2255,PLATFORM,COLLECTED,2024-08-22T03:01:14.401Z
375,621,TX20241129236411,WIT_FEE,91,MRU,5033,PLATFORM,COLLECTED,2024-11-29T10:23:47.991Z
376,622,TX20240625910549,WIT_FEE,50,MRU,6622,PLATFORM,COLLECTED,2024-06-25T09:28:38.156Z
377,624,TX20240523943079,WIT_FEE,50,MRU,9615,PLATFORM,COLLECTED,2024-05-23T19:04:00.651Z
378,625,TX20240406174845,TRF_FEE,50,MRU,4908,PLATFORM,COLLECTED,2024-04-06T13:02:01.866Z
379,626,TX20240716909810,TRF_FEE,50,MRU,7500,PLATFORM,COLLECTED,2024-07-16T14:16:46.454Z
380,627,TX20240911909059,TRF_FEE,25,MRU,2178,PLATFORM,COLLECTED,2024-09-11T15:59:00.614Z
381,628,TX20240313702293,SAL_FEE,750,MRU,2138,PLATFORM,COLLECTED,2024-03-13T06:07:31.416Z
382,629,TX20240718118316,TRF_FEE,25,MRU,5583,PLATFORM,COLLECTED,2024-07-18T06:00:36.649Z
383,630,TX20240426349768,TRF_FEE,10,MRU,10719,PLATFORM,COLLECTED,2024-04-26T12:03:28.005Z
384,631,TX20240216960156,WIT_FEE,50,MRU,4146,PLATFORM,COLLECTED,2024-02-16T07:33:33.915Z
385,633,TX20240214503839,WIT_FEE,50,MRU,5907,PLATFORM,COLLECTED,2024-02-14T22:45:23.988Z
386,635,TX20240620031574,TRF_FEE,25,MRU,5073,PLATFORM,COLLECTED,2024-06-20T07:33:54.329Z
387,636,TX20240808199749,WIT_FEE,200,MRU,1282,PLATFORM,COLLECTED,2024-08-08T07:15:41.806Z
388,637,TX20241031512822,BIL_FEE,100,MRU,137,PLATFORM,COLLECTED,2024-10-31T15:54:45.439Z
389,638,TX20241110129529,TRF_FEE,50,MRU,6283,PLATFORM,COLLECTED,2024-11-10T12:20:51.996Z
390,642,TX20241007973928,TRF_FEE,50,MRU,2927,PLATFORM,COLLECTED,2024-10-07T13:37:27.237Z
391,643,TX20240811041426,TRF_FEE,25,MRU,3305,PLATFORM,COLLECTED,2024-08-11T13:05:00.858Z
392,645,TX20240812513026,WIT_FEE,56,MRU,8029,PLATFORM,COLLECTED,2024-08-12T16:23:14.526Z
393,646,TX20241111393948,PAY_FEE,45,MRU,759,MERCHANT,COLLECTED,2024-11-11T16:49:51.868Z
394,648,TX20240816227349,PAY_FEE,32,MRU,11017,MERCHANT,COLLECTED,2024-08-16T16:32:12.681Z
395,650,TX20240802991971,TRF_FEE,50,MRU,2182,PLATFORM,COLLECTED,2024-08-02T15:15:41.384Z
396,652,TX20240208326158,TRF_FEE,10,MRU,3182,PLATFORM,COLLECTED,2024-02-08T09:39:27.581Z
397,654,TX20240108821267,TRF_FEE,50,MRU,10319,PLATFORM,COLLECTED,2024-01-08T12:21:21.727Z
398,655,TX20240310526825,TRF_FEE,25,MRU,1328,PLATFORM,COLLECTED,2024-03-10T13:26:55.938Z
399,656,TX20240501636144,SAL_FEE,985,MRU,1527,PLATFORM,COLLECTED,2024-05-01T08:46:27.311Z
400,657,TX20240423476252,TRF_FEE,10,MRU,7827,PLATFORM,COLLECTED,2024-04-23T09:05:03.903Z
401,658,TX20240606462302,WIT_FEE,50,MRU,49,PLATFORM,COLLECTED,2024-06-06T12:07:56.082Z
402,660,TX20241221378454,WIT_FEE,50,MRU,2267,PLATFORM,COLLECTED,2024-12-21T18:01:58.472Z
403,661,TX20241031902763,TRF_FEE,50,MRU,143,PLATFORM,COLLECTED,2024-10-31T11:02:49.681Z
404,662,TX20240322880559,WIT_FEE,50,MRU,7724,PLATFORM,COLLECTED,2024-03-22T08:28:29.218Z
405,664,TX20240228561369,TRF_FEE,50,MRU,9408,PLATFORM,COLLECTED,2024-02-28T07:48:59.938Z
406,665,TX20240511919234,PAY_FEE,41,MRU,10727,MERCHANT,COLLECTED,2024-05-11T17:02:35.066Z
407,666,TX20241127456419,WIT_FEE,50,MRU,5088,PLATFORM,COLLECTED,2024-11-27T21:45:51.360Z
408,670,TX20241104144634,TRF_FEE,50,MRU,9231,PLATFORM,COLLECTED,2024-11-04T05:15:48.035Z
409,671,TX20241211446964,TRF_FEE,50,MRU,974,PLATFORM,COLLECTED,2024-12-11T12:02:45.918Z
410,674,TX20241112565968,TRF_FEE,10,MRU,386,PLATFORM,COLLECTED,2024-11-12T10:26:09.660Z
411,675,TX20241003924599,TRF_FEE,25,MRU,5840,PLATFORM,COLLECTED,2024-10-03T18:38:59.181Z
412,676,TX20240325402920,TRF_FEE,25,MRU,6263,PLATFORM,COLLECTED,2024-03-25T13:35:15.449Z
413,677,TX20240601851922,PAY_FEE,38,MRU,10349,MERCHANT,COLLECTED,2024-06-01T19:26:05.107Z
414,678,TX20240323791563,TRF_FEE,50,MRU,7838,PLATFORM,COLLECTED,2024-03-23T08:57:16.051Z
415,679,TX20240927467869,TRF_FEE,50,MRU,3997,PLATFORM,COLLECTED,2024-09-27T16:31:31.516Z
416,680,TX20240531655447,TRF_FEE,25,MRU,1944,PLATFORM,COLLECTED,2024-05-31T07:57:27.266Z
417,681,TX20240830212436,TRF_FEE,25,MRU,1236,PLATFORM,COLLECTED,2024-08-30T13:31:32.743Z
418,683,TX20240923622282,TRF_FEE,50,MRU,2894,PLATFORM,COLLECTED,2024-09-23T07:18:54.962Z
419,686,TX20240205914193,PAY_FEE,62,MRU,5320,MERCHANT,COLLECTED,2024-02-05T10:03:08.458Z
420,687,TX20240630902255,WIT_FEE,50,MRU,1993,PLATFORM,COLLECTED,2024-06-30T20:33:38.776Z
421,689,TX20241226766814,TRF_FEE,50,MRU,164,PLATFORM,COLLECTED,2024-12-26T11:29:00.686Z
422,694,TX20240719040573,PAY_FEE,435,MRU,4158,MERCHANT,COLLECTED,2024-07-19T10:30:57.627Z
423,695,TX20240501329334,WIT_FEE,50,MRU,8493,PLATFORM,COLLECTED,2024-05-01T06:39:14.531Z
424,696,TX20241222684113,TRF_FEE,50,MRU,6761,PLATFORM,COLLECTED,2024-12-22T22:58:07.974Z
425,697,TX20240514877883,PAY_FEE,14,MRU,10351,MERCHANT,COLLECTED,2024-05-14T18:43:08.935Z
426,700,TX20241224798088,WIT_FEE,340,MRU,10216,PLATFORM,COLLECTED,2024-12-24T17:37:31.325Z
427,701,TX20240819000009,PAY_FEE,21,MRU,4856,MERCHANT,COLLECTED,2024-08-19T05:11:24.401Z
428,702,TX20241224113459,TRF_FEE,50,MRU,3180,PLATFORM,COLLECTED,2024-12-24T16:34:12.120Z
429,703,TX20240326995894,PAY_FEE,8,MRU,2149,MERCHANT,COLLECTED,2024-03-26T13:15:38.292Z
430,707,TX20240404603567,TRF_FEE,10,MRU,1074,PLATFORM,COLLECTED,2024-04-04T06:33:22.709Z
431,709,TX20240317352863,PAY_FEE,9,MRU,5245,MERCHANT,COLLECTED,2024-03-17T10:57:01.293Z
432,710,TX20241218723899,TRF_FEE,50,MRU,2157,PLATFORM,COLLECTED,2024-12-18T09:09:43.345Z
433,714,TX20240109635134,BIL_FEE,100,MRU,3164,PLATFORM,COLLECTED,2024-01-09T15:28:04.000Z
434,715,TX20241211863437,WIT_FEE,50,MRU,1860,PLATFORM,COLLECTED,2024-12-11T15:33:37.672Z
435,716,TX20240718891829,TRF_FEE,50,MRU,10596,PLATFORM,COLLECTED,2024-07-18T09:47:01.573Z
436,721,TX20241127942479,TRF_FEE,25,MRU,324,PLATFORM,COLLECTED,2024-11-27T15:46:01.912Z
437,722,TX20241025519299,WIT_FEE,50,MRU,8785,PLATFORM,COLLECTED,2024-10-25T13:55:28.972Z
438,726,TX20241111776831,BIL_FEE,100,MRU,1997,PLATFORM,COLLECTED,2024-11-11T18:24:09.465Z
439,727,TX20241222160929,PAY_FEE,11,MRU,7468,MERCHANT,COLLECTED,2024-12-22T10:52:43.130Z
440,728,TX20240127260208,PAY_FEE,38,MRU,5966,MERCHANT,COLLECTED,2024-01-27T20:32:18.750Z
441,729,TX20240424708203,WIT_FEE,50,MRU,209,PLATFORM,COLLECTED,2024-04-24T18:26:15.613Z
442,730,TX20240421246126,WIT_FEE,230,MRU,3850,PLATFORM,COLLECTED,2024-04-21T06:13:26.209Z
443,733,TX20240328056853,PAY_FEE,10,MRU,5447,MERCHANT,COLLECTED,2024-03-28T10:41:10.032Z
444,735,TX20241017634272,TRF_FEE,25,MRU,10972,PLATFORM,COLLECTED,2024-10-17T16:32:04.196Z
445,737,TX20240820137798,TRF_FEE,50,MRU,8927,PLATFORM,COLLECTED,2024-08-20T17:24:46.052Z
446,738,TX20240407168971,TRF_FEE,25,MRU,4678,PLATFORM,COLLECTED,2024-04-07T09:37:03.651Z
447,740,TX20241013627465,WIT_FEE,50,MRU,6539,PLATFORM,COLLECTED,2024-10-13T08:51:27.800Z
448,746,TX20241207151901,TRF_FEE,25,MRU,6891,PLATFORM,COLLECTED,2024-12-07T11:31:25.009Z
449,747,TX20240508932591,TRF_FEE,25,MRU,5616,PLATFORM,COLLECTED,2024-05-08T09:31:27.411Z
450,749,TX20240316268429,PAY_FEE,315,MRU,1031,MERCHANT,COLLECTED,2024-03-16T13:54:35.239Z
451,752,TX20240315547509,PAY_FEE,53,MRU,3548,MERCHANT,COLLECTED,2024-03-15T17:12:06.370Z
452,757,TX20240731722308,SAL_FEE,390,MRU,7042,PLATFORM,COLLECTED,2024-07-31T06:39:00.422Z
453,761,TX20241117753070,TRF_FEE,50,MRU,3593,PLATFORM,COLLECTED,2024-11-17T16:19:30.798Z
454,762,TX20240614840172,TRF_FEE,25,MRU,10924,PLATFORM,COLLECTED,2024-06-14T09:22:03.406Z
455,764,TX20240914536565,WIT_FEE,50,MRU,10775,PLATFORM,COLLECTED,2024-09-14T07:43:59.062Z
456,766,TX20240401373646,TRF_FEE,25,MRU,6244,PLATFORM,COLLECTED,2024-04-01T05:08:55.923Z
457,768,TX20240904262543,PAY_FEE,8,MRU,504,MERCHANT,COLLECTED,2024-09-04T15:46:10.880Z
458,771,TX20240916703009,TRF_FEE,50,MRU,10923,PLATFORM,COLLECTED,2024-09-16T07:19:16.365Z
459,773,TX20240530968967,TRF_FEE,10,MRU,4427,PLATFORM,COLLECTED,2024-05-30T10:18:27.083Z
460,776,TX20240419373725,TRF_FEE,50,MRU,3253,PLATFORM,COLLECTED,2024-04-19T19:48:25.896Z
461,777,TX20241210972926,PAY_FEE,9,MRU,9364,MERCHANT,COLLECTED,2024-12-10T14:08:20.569Z
462,780,TX20241129570007,TRF_FEE,50,MRU,3560,PLATFORM,COLLECTED,2024-11-29T16:15:09.484Z
463,782,TX20240103251346,PAY_FEE,1530,MRU,9594,MERCHANT,COLLECTED,2024-01-03T16:42:44.686Z
464,783,TX20240214599226,TRF_FEE,50,MRU,598,PLATFORM,COLLECTED,2024-02-14T09:28:36.604Z
465,786,TX20240822902906,BIL_FEE,100,MRU,1061,PLATFORM,COLLECTED,2024-08-22T12:08:49.610Z
466,787,TX20240322318663,TRF_FEE,50,MRU,8902,PLATFORM,COLLECTED,2024-03-22T13:36:21.079Z
467,788,TX20240726157872,TRF_FEE,10,MRU,791,PLATFORM,COLLECTED,2024-07-26T09:00:21.113Z
468,789,TX20240121280591,WIT_FEE,100,MRU,10611,PLATFORM,COLLECTED,2024-01-21T06:20:57.003Z
469,790,TX20240323768598,PAY_FEE,59,MRU,1883,MERCHANT,COLLECTED,2024-03-23T10:34:16.047Z
470,793,TX20240719779264,TRF_FEE,25,MRU,8812,PLATFORM,COLLECTED,2024-07-19T16:36:10.675Z
471,794,TX20240612411311,PAY_FEE,315,MRU,9201,MERCHANT,COLLECTED,2024-06-12T13:35:35.742Z
472,795,TX20241228690939,TRF_FEE,50,MRU,9612,PLATFORM,COLLECTED,2024-12-28T10:31:02.054Z
473,797,TX20240829954637,TRF_FEE,50,MRU,3357,PLATFORM,COLLECTED,2024-08-29T14:53:41.042Z
474,798,TX20240904706425,WIT_FEE,50,MRU,1019,PLATFORM,COLLECTED,2024-09-04T08:24:21.387Z
475,799,TX20240624189857,TRF_FEE,50,MRU,2071,PLATFORM,COLLECTED,2024-06-24T08:29:08.578Z
476,800,TX20241021105387,TRF_FEE,10,MRU,1628,PLATFORM,COLLECTED,2024-10-21T09:11:04.755Z
477,802,TX20240704395333,TRF_FEE,25,MRU,7336,PLATFORM,COLLECTED,2024-07-04T07:20:57.102Z
478,803,TX20241009511177,TRF_FEE,25,MRU,8187,PLATFORM,COLLECTED,2024-10-09T14:36:10.754Z
479,805,TX20241203395694,PAY_FEE,255,MRU,9313,MERCHANT,COLLECTED,2024-12-03T07:48:44.471Z
480,810,TX20240805287163,TRF_FEE,50,MRU,8384,PLATFORM,COLLECTED,2024-08-05T08:39:03.522Z
481,811,TX20241024019456,PAY_FEE,36,MRU,10537,MERCHANT,COLLECTED,2024-10-24T07:27:18.183Z
482,812,TX20241111124480,WIT_FEE,50,MRU,6904,PLATFORM,COLLECTED,2024-11-11T11:08:05.937Z
483,813,TX20241031040508,PAY_FEE,36,MRU,6342,MERCHANT,COLLECTED,2024-10-31T17:41:08.381Z
484,814,TX20240105029104,PAY_FEE,41,MRU,7396,MERCHANT,COLLECTED,2024-01-05T08:52:37.665Z
485,815,TX20240405901112,PAY_FEE,20,MRU,8129,MERCHANT,COLLECTED,2024-04-05T13:05:57.324Z
486,818,TX20241222618181,WIT_FEE,380,MRU,10076,PLATFORM,COLLECTED,2024-12-22T17:14:35.501Z
487,819,TX20240715206235,PAY_FEE,68,MRU,6311,MERCHANT,COLLECTED,2024-07-15T16:39:13.204Z
488,820,TX20240928075087,WIT_FEE,50,MRU,1907,PLATFORM,COLLECTED,2024-09-28T10:50:23.617Z
489,821,TX20240804838217,PAY_FEE,68,MRU,2509,MERCHANT,COLLECTED,2024-08-04T08:46:48.587Z
490,823,TX20240128539711,TRF_FEE,50,MRU,8126,PLATFORM,COLLECTED,2024-01-28T16:20:46.949Z
491,826,TX20240402788057,WIT_FEE,200,MRU,1707,PLATFORM,COLLECTED,2024-04-02T12:40:00.209Z
492,827,TX20240605185969,PAY_FEE,420,MRU,4516,MERCHANT,COLLECTED,2024-06-05T05:01:56.387Z
493,829,TX20240719822356,PAY_FEE,35,MRU,9271,MERCHANT,COLLECTED,2024-07-19T09:43:44.179Z
494,831,TX20240813147760,WIT_FEE,50,MRU,2991,PLATFORM,COLLECTED,2024-08-13T00:09:36.674Z
495,832,TX20240703801256,PAY_FEE,59,MRU,1370,MERCHANT,COLLECTED,2024-07-03T08:04:25.546Z
496,834,TX20240521637340,WIT_FEE,95,MRU,8096,PLATFORM,COLLECTED,2024-05-21T14:13:09.608Z
497,835,TX20240913149813,WIT_FEE,200,MRU,3162,PLATFORM,COLLECTED,2024-09-13T15:03:22.649Z
498,836,TX20240607047166,TRF_FEE,25,MRU,5456,PLATFORM,COLLECTED,2024-06-07T07:36:14.574Z
499,837,TX20241006934116,TRF_FEE,25,MRU,3516,PLATFORM,COLLECTED,2024-10-06T11:46:55.850Z
500,841,TX20240423551952,TRF_FEE,25,MRU,8372,PLATFORM,COLLECTED,2024-04-23T17:55:19.293Z
501,842,TX20240927571853,TRF_FEE,10,MRU,8030,PLATFORM,COLLECTED,2024-09-27T20:01:40.646Z
502,847,TX20240519289887,TRF_FEE,10,MRU,3292,PLATFORM,COLLECTED,2024-05-19T21:53:57.753Z
503,850,TX20240112274450,WIT_FEE,50,MRU,1249,PLATFORM,COLLECTED,2024-01-12T09:10:28.216Z
504,851,TX20240313077688,PAY_FEE,138,MRU,4112,MERCHANT,COLLECTED,2024-03-13T09:47:03.961Z
505,852,TX20240206567565,TRF_FEE,25,MRU,10509,PLATFORM,COLLECTED,2024-02-06T20:06:41.236Z
506,854,TX20240704014245,PAY_FEE,285,MRU,28,MERCHANT,COLLECTED,2024-07-04T14:20:19.020Z
507,855,TX20240115870172,PAY_FEE,122,MRU,3600,MERCHANT,COLLECTED,2024-01-15T19:49:39.868Z
508,859,TX20240508843914,WIT_FEE,100,MRU,7907,PLATFORM,COLLECTED,2024-05-08T14:47:04.978Z
509,860,TX20241228301587,WIT_FEE,370,MRU,420,PLATFORM,COLLECTED,2024-12-28T19:01:36.014Z
510,861,TX20240609024799,WIT_FEE,370,MRU,9029,PLATFORM,COLLECTED,2024-06-09T18:05:49.502Z
511,864,TX20241129314684,BIL_FEE,100,MRU,805,PLATFORM,COLLECTED,2024-11-29T09:49:35.129Z
512,865,TX20240401922474,BIL_FEE,100,MRU,8023,PLATFORM,COLLECTED,2024-04-01T10:34:36.387Z
513,866,TX20240125364933,WIT_FEE,50,MRU,3814,PLATFORM,COLLECTED,2024-01-25T13:01:29.432Z
514,868,TX20240304625692,PAY_FEE,11,MRU,10217,MERCHANT,COLLECTED,2024-03-04T08:31:31.822Z
515,869,TX20240806614094,TRF_FEE,50,MRU,1012,PLATFORM,COLLECTED,2024-08-06T06:47:39.626Z
516,871,TX20240928156511,WIT_FEE,100,MRU,10377,PLATFORM,COLLECTED,2024-09-28T10:01:01.262Z
517,872,TX20241028535049,TRF_FEE,25,MRU,6459,PLATFORM,COLLECTED,2024-10-28T18:13:32.859Z
518,874,TX20240310970475,BIL_FEE,100,MRU,4305,PLATFORM,COLLECTED,2024-03-10T17:50:38.163Z
519,875,TX20240116665081,TRF_FEE,25,MRU,1166,PLATFORM,COLLECTED,2024-01-16T10:00:16.611Z
520,877,TX20240217967418,BIL_FEE,100,MRU,3426,PLATFORM,COLLECTED,2024-02-17T09:52:24.875Z
521,879,TX20241110944217,TRF_FEE,25,MRU,5396,PLATFORM,COLLECTED,2024-11-10T07:20:04.561Z
522,881,TX20240514925297,TRF_FEE,25,MRU,4522,PLATFORM,COLLECTED,2024-05-14T09:55:09.052Z
523,883,TX20240803435858,PAY_FEE,165,MRU,9727,MERCHANT,COLLECTED,2024-08-03T09:11:12.631Z
524,884,TX20240416249216,PAY_FEE,29,MRU,1105,MERCHANT,COLLECTED,2024-04-16T09:08:40.507Z
525,885,TX20241023277179,WIT_FEE,420,MRU,9899,PLATFORM,COLLECTED,2024-10-23T05:50:56.162Z
526,886,TX20241201952342,PAY_FEE,225,MRU,1125,MERCHANT,COLLECTED,2024-12-01T07:33:48.858Z
527,887,TX20240324404057,WIT_FEE,61,MRU,388,PLATFORM,COLLECTED,2024-03-24T21:58:14.726Z
528,889,TX20240227776492,TRF_FEE,50,MRU,9340,PLATFORM,COLLECTED,2024-02-27T15:02:23.517Z
529,890,TX20241225448679,TRF_FEE,10,MRU,7638,PLATFORM,COLLECTED,2024-12-25T08:31:25.263Z
530,891,TX20240806421121,TRF_FEE,25,MRU,6554,PLATFORM,COLLECTED,2024-08-06T08:26:33.902Z
531,893,TX20240305559577,WIT_FEE,50,MRU,5184,PLATFORM,COLLECTED,2024-03-05T20:16:03.711Z
532,894,TX20241103467869,PAY_FEE,180,MRU,2043,MERCHANT,COLLECTED,2024-11-03T13:31:30.360Z
533,895,TX20240531659549,TRF_FEE,25,MRU,1944,PLATFORM,COLLECTED,2024-05-31T07:57:27.266Z
534,897,TX20240111173048,TRF_FEE,10,MRU,7384,PLATFORM,COLLECTED,2024-01-11T17:44:30.562Z
535,898,TX20240923651164,TRF_FEE,50,MRU,2894,PLATFORM,COLLECTED,2024-09-23T07:18:54.962Z
536,899,TX20241116693782,WIT_FEE,200,MRU,909,PLATFORM,COLLECTED,2024-11-16T18:43:06.520Z
537,902,TX20240306580462,PAY_FEE,270,MRU,8414,MERCHANT,COLLECTED,2024-03-06T08:06:31.404Z
538,904,TX20240103373904,TRF_FEE,25,MRU,6234,PLATFORM,COLLECTED,2024-01-03T15:00:49.855Z
539,907,TX20240108305532,WIT_FEE,50,MRU,8417,PLATFORM,COLLECTED,2024-01-08T09:01:23.372Z
540,908,TX20240822907055,TRF_FEE,50,MRU,2949,PLATFORM,COLLECTED,2024-08-22T08:22:32.355Z
541,909,TX20240515943818,WIT_FEE,50,MRU,7403,PLATFORM,COLLECTED,2024-05-15T13:22:04.040Z
542,911,TX20240310403878,TRF_FEE,25,MRU,7542,PLATFORM,COLLECTED,2024-03-10T01:39:53.301Z
543,913,TX20241001441215,PAY_FEE,11,MRU,4279,MERCHANT,COLLECTED,2024-10-01T09:27:00.759Z
544,915,TX20241204313764,WIT_FEE,200,MRU,4541,PLATFORM,COLLECTED,2024-12-04T16:53:45.342Z
545,916,TX20240609894363,TRF_FEE,25,MRU,1,PLATFORM,COLLECTED,2024-06-09T06:05:07.295Z
546,917,TX20240527669244,WIT_FEE,50,MRU,1246,PLATFORM,COLLECTED,2024-05-27T20:40:55.560Z
547,918,TX20240115254618,PAY_FEE,270,MRU,4537,MERCHANT,COLLECTED,2024-01-15T21:24:59.098Z
548,919,TX20240615277770,TRF_FEE,25,MRU,8566,PLATFORM,COLLECTED,2024-06-15T12:32:33.968Z
549,920,TX20240603287435,TRF_FEE,50,MRU,9122,PLATFORM,COLLECTED,2024-06-03T14:31:33.088Z
550,922,TX20240619688689,TRF_FEE,50,MRU,3420,PLATFORM,COLLECTED,2024-06-19T17:01:36.040Z
551,925,TX20241205575554,TRF_FEE,50,MRU,5712,PLATFORM,COLLECTED,2024-12-05T08:43:10.102Z
552,927,TX20240108102404,TRF_FEE,25,MRU,8492,PLATFORM,COLLECTED,2024-01-08T09:47:02.856Z
553,929,TX20240401123364,WIT_FEE,50,MRU,10037,PLATFORM,COLLECTED,2024-04-01T11:57:55.249Z
554,930,TX20240214267355,TRF_FEE,25,MRU,4094,PLATFORM,COLLECTED,2024-02-14T10:24:57.932Z
555,931,TX20240205542659,WIT_FEE,200,MRU,1414,PLATFORM,COLLECTED,2024-02-05T19:16:38.757Z
556,933,TX20240515960277,WIT_FEE,50,MRU,6793,PLATFORM,COLLECTED,2024-05-15T11:14:47.160Z
557,934,TX20240510534097,WIT_FEE,500,MRU,7338,PLATFORM,COLLECTED,2024-05-10T07:30:44.262Z
558,935,TX20241216836264,PAY_FEE,15,MRU,4889,MERCHANT,COLLECTED,2024-12-16T08:04:32.329Z
559,938,TX20240918348548,WIT_FEE,50,MRU,1637,PLATFORM,COLLECTED,2024-09-18T17:04:17.191Z
560,939,TX20240807279358,TRF_FEE,25,MRU,4823,PLATFORM,COLLECTED,2024-08-07T16:59:46.428Z
561,941,TX20241020835086,PAY_FEE,56,MRU,6339,MERCHANT,COLLECTED,2024-10-20T06:48:39.663Z
562,942,TX20240220388676,PAY_FEE,90,MRU,5506,MERCHANT,COLLECTED,2024-02-20T17:50:41.550Z
563,945,TX20240718850670,TRF_FEE,10,MRU,111,PLATFORM,COLLECTED,2024-07-18T09:27:10.284Z
564,946,TX20241123022187,WIT_FEE,50,MRU,9762,PLATFORM,COLLECTED,2024-11-23T10:14:23.410Z
565,948,TX20240116949353,TRF_FEE,50,MRU,4642,PLATFORM,COLLECTED,2024-01-16T09:33:55.394Z
566,949,TX20240804330939,PAY_FEE,255,MRU,2888,MERCHANT,COLLECTED,2024-08-04T17:43:12.263Z
567,950,TX20240624326017,TRF_FEE,50,MRU,9574,PLATFORM,COLLECTED,2024-06-24T06:25:20.709Z
568,953,TX20240122033081,WIT_FEE,50,MRU,10326,PLATFORM,COLLECTED,2024-01-22T14:26:02.762Z
569,954,TX20240216206289,WIT_FEE,79,MRU,9109,PLATFORM,COLLECTED,2024-02-16T19:37:16.096Z
570,955,TX20240712536940,WIT_FEE,50,MRU,10361,PLATFORM,COLLECTED,2024-07-12T06:25:04.954Z
571,956,TX20240605978259,SAL_FEE,1045,MRU,7930,PLATFORM,COLLECTED,2024-06-05T08:43:31.071Z
572,957,TX20241123003281,TRF_FEE,25,MRU,7632,PLATFORM,COLLECTED,2024-11-23T17:34:35.360Z
573,959,TX20240430680573,TRF_FEE,25,MRU,9383,PLATFORM,COLLECTED,2024-04-30T07:54:54.187Z
574,960,TX20240510382012,WIT_FEE,100,MRU,7221,PLATFORM,COLLECTED,2024-05-10T18:12:01.956Z
575,961,TX20240608238457,PAY_FEE,102,MRU,4322,MERCHANT,COLLECTED,2024-06-08T11:32:17.521Z
576,963,TX20241001949676,TRF_FEE,50,MRU,10904,PLATFORM,COLLECTED,2024-10-01T18:13:31.322Z
577,964,TX20240414027944,WIT_FEE,100,MRU,7046,PLATFORM,COLLECTED,2024-04-14T10:51:29.737Z
578,968,TX20241112776394,TRF_FEE,25,MRU,6215,PLATFORM,COLLECTED,2024-11-12T18:12:53.327Z
579,970,TX20240426282712,TRF_FEE,50,MRU,4049,PLATFORM,COLLECTED,2024-04-26T06:45:02.590Z
580,971,TX20241011975846,WIT_FEE,50,MRU,7061,PLATFORM,COLLECTED,2024-10-11T13:33:14.461Z
581,972,TX20240521162775,BIL_FEE,100,MRU,9840,PLATFORM,COLLECTED,2024-05-21T07:26:49.417Z
582,974,TX20240310331370,SAL_FEE,1395,MRU,7021,PLATFORM,COLLECTED,2024-03-10T14:58:33.602Z
583,975,TX20240621912481,PAY_FEE,240,MRU,3659,MERCHANT,COLLECTED,2024-06-21T03:18:46.529Z
584,976,TX20240410659663,SAL_FEE,1745,MRU,914,PLATFORM,COLLECTED,2024-04-10T12:22:20.483Z
585,978,TX20241021459188,PAY_FEE,14,MRU,816,MERCHANT,COLLECTED,2024-10-21T12:07:33.846Z
586,980,TX20240112192782,WIT_FEE,50,MRU,1786,PLATFORM,COLLECTED,2024-01-12T15:41:19.383Z
587,981,TX20240516061959,WIT_FEE,50,MRU,6740,PLATFORM,COLLECTED,2024-05-16T14:24:52.823Z
588,982,TX20240704359361,PAY_FEE,13,MRU,1195,MERCHANT,COLLECTED,2024-07-04T18:47:56.488Z
589,985,TX20240831210346,TRF_FEE,50,MRU,1532,PLATFORM,COLLECTED,2024-08-31T10:52:55.135Z
590,987,TX20241009882217,TRF_FEE,50,MRU,10168,PLATFORM,COLLECTED,2024-10-09T09:38:52.166Z
591,988,TX20241219227400,TRF_FEE,25,MRU,7977,PLATFORM,COLLECTED,2024-12-19T12:10:26.421Z
592,989,TX20240423405625,TRF_FEE,50,MRU,6665,PLATFORM,COLLECTED,2024-04-23T14:01:44.970Z
593,990,TX20240330465243,TRF_FEE,25,MRU,367,PLATFORM,COLLECTED,2024-03-30T05:45:46.127Z
594,991,TX20241119569882,WIT_FEE,100,MRU,7339,PLATFORM,COLLECTED,2024-11-19T08:11:46.188Z
595,992,TX20240229893420,WIT_FEE,210,MRU,9313,PLATFORM,COLLECTED,2024-02-29T14:36:55.057Z
596,994,TX20241223429429,TRF_FEE,50,MRU,6965,PLATFORM,COLLECTED,2024-12-23T15:35:50.295Z
597,995,TX20241222444349,TRF_FEE,25,MRU,8706,PLATFORM,COLLECTED,2024-12-22T15:47:27.627Z
598,998,TX20240923086505,TRF_FEE,25,MRU,6166,PLATFORM,COLLECTED,2024-09-23T17:33:20.529Z
599,999,TX20240109264340,TRF_FEE,50,MRU,8254,PLATFORM,COLLECTED,2024-01-09T18:33:09.942Z
600,1000,TX20240319335275,WIT_FEE,50,MRU,519,PLATFORM,COLLECTED,2024-03-19T13:52:12.626Z
601,1004,TX20240319284234,WIT_FEE,50,MRU,10347,PLATFORM,COLLECTED,2024-03-19T17:51:27.769Z
602,1005,TX20240825316421,PAY_FEE,62,MRU,11015,MERCHANT,COLLECTED,2024-08-25T18:27:31.258Z
603,1006,TX20240727386523,TRF_FEE,50,MRU,3490,PLATFORM,COLLECTED,2024-07-27T10:04:37.117Z
604,1010,TX20241005865607,TRF_FEE,25,MRU,10645,PLATFORM,COLLECTED,2024-10-05T00:28:11.226Z
605,1011,TX20240515340374,WIT_FEE,200,MRU,8606,PLATFORM,COLLECTED,2024-05-15T08:10:41.830Z
606,1016,TX20240429157187,PAY_FEE,15,MRU,4381,MERCHANT,COLLECTED,2024-04-29T07:57:09.193Z
607,1018,TX20241217137432,WIT_FEE,50,MRU,10056,PLATFORM,COLLECTED,2024-12-17T10:22:04.052Z
608,1020,TX20240616350294,TRF_FEE,50,MRU,6759,PLATFORM,COLLECTED,2024-06-16T08:44:19.000Z
609,1022,TX20240703571595,TRF_FEE,25,MRU,10931,PLATFORM,COLLECTED,2024-07-03T06:29:56.830Z
610,1023,TX20240305827309,TRF_FEE,25,MRU,3246,PLATFORM,COLLECTED,2024-03-05T22:31:59.436Z
611,1027,TX20240714217929,TRF_FEE,25,MRU,8635,PLATFORM,COLLECTED,2024-07-14T10:39:19.646Z
612,1030,TX20241116106665,SAL_FEE,1080,MRU,2872,PLATFORM,COLLECTED,2024-11-16T19:51:09.774Z
613,1031,TX20240804749275,TRF_FEE,50,MRU,4650,PLATFORM,COLLECTED,2024-08-04T17:08:58.340Z
614,1032,TX20240224390082,WIT_FEE,50,MRU,2556,PLATFORM,COLLECTED,2024-02-24T11:56:02.942Z
615,1033,TX20240913106923,TRF_FEE,50,MRU,1495,PLATFORM,COLLECTED,2024-09-13T11:28:59.447Z
616,1036,TX20240214664759,WIT_FEE,50,MRU,4858,PLATFORM,COLLECTED,2024-02-14T18:17:09.256Z
617,1037,TX20241101822079,TRF_FEE,25,MRU,2370,PLATFORM,COLLECTED,2024-11-01T15:25:03.888Z
618,1042,TX20240308752918,WIT_FEE,50,MRU,2889,PLATFORM,COLLECTED,2024-03-08T09:46:23.027Z
619,1043,TX20240115412426,WIT_FEE,200,MRU,912,PLATFORM,COLLECTED,2024-01-15T07:38:20.677Z
620,1045,TX20240409901711,TRF_FEE,25,MRU,3456,PLATFORM,COLLECTED,2024-04-09T14:37:29.174Z
621,1047,TX20240920482883,TRF_FEE,25,MRU,7551,PLATFORM,COLLECTED,2024-09-20T21:42:32.993Z
622,1052,TX20240124510231,WIT_FEE,50,MRU,5263,PLATFORM,COLLECTED,2024-01-24T07:56:25.287Z
623,1053,TX20240101393052,WIT_FEE,50,MRU,3477,PLATFORM,COLLECTED,2024-01-01T14:13:39.274Z
624,1054,TX20240817264488,WIT_FEE,100,MRU,3889,PLATFORM,COLLECTED,2024-08-17T15:25:36.083Z
625,1055,TX20240304540661,TRF_FEE,25,MRU,1919,PLATFORM,COLLECTED,2024-03-04T10:16:24.701Z
626,1056,TX20240628697181,TRF_FEE,25,MRU,3800,PLATFORM,COLLECTED,2024-06-28T18:05:09.754Z
627,1060,TX20241016970271,PAY_FEE,47,MRU,10326,MERCHANT,COLLECTED,2024-10-16T14:59:13.124Z
628,1061,TX20241229272549,TRF_FEE,10,MRU,84,PLATFORM,COLLECTED,2024-12-29T20:41:30.635Z
629,1062,TX20240906560080,TRF_FEE,50,MRU,6835,PLATFORM,COLLECTED,2024-09-06T17:42:45.468Z
630,1063,TX20240629866177,TRF_FEE,25,MRU,2327,PLATFORM,COLLECTED,2024-06-29T14:24:13.397Z
631,1065,TX20240126175682,TRF_FEE,25,MRU,9129,PLATFORM,COLLECTED,2024-01-26T10:32:20.817Z
632,1069,TX20240821165732,BIL_FEE,100,MRU,6349,PLATFORM,COLLECTED,2024-08-21T12:16:51.455Z
633,1070,TX20240119415071,TRF_FEE,50,MRU,6115,PLATFORM,COLLECTED,2024-01-19T12:47:47.594Z
634,1071,TX20240104542611,TRF_FEE,25,MRU,3651,PLATFORM,COLLECTED,2024-01-04T14:49:12.913Z
635,1072,TX20241119202266,TRF_FEE,50,MRU,6336,PLATFORM,COLLECTED,2024-11-19T18:42:14.075Z
636,1078,TX20241226091804,PAY_FEE,165,MRU,9607,MERCHANT,COLLECTED,2024-12-26T09:16:05.658Z
637,1082,TX20240802407114,WIT_FEE,50,MRU,3752,PLATFORM,COLLECTED,2024-08-02T21:23:38.528Z
638,1083,TX20241227862816,PAY_FEE,65,MRU,7569,MERCHANT,COLLECTED,2024-12-27T16:34:35.550Z
639,1084,TX20240819316121,SAL_FEE,800,MRU,627,PLATFORM,COLLECTED,2024-08-19T04:29:04.337Z
640,1087,TX20241031280665,TRF_FEE,25,MRU,2631,PLATFORM,COLLECTED,2024-10-31T08:59:09.808Z
641,1089,TX20240110528257,BIL_FEE,100,MRU,7159,PLATFORM,COLLECTED,2024-01-10T16:32:15.598Z
642,1090,TX20240830080614,PAY_FEE,5,MRU,9765,MERCHANT,COLLECTED,2024-08-30T06:12:17.871Z
643,1093,TX20241213829004,WIT_FEE,50,MRU,6241,PLATFORM,COLLECTED,2024-12-13T15:53:23.673Z
644,1094,TX20241210905100,WIT_FEE,50,MRU,8706,PLATFORM,COLLECTED,2024-12-10T09:11:48.900Z
645,1095,TX20240130965363,WIT_FEE,50,MRU,1600,PLATFORM,COLLECTED,2024-01-30T10:52:44.274Z
646,1099,TX20240927192354,TRF_FEE,50,MRU,350,PLATFORM,COLLECTED,2024-09-27T08:52:50.252Z
647,1101,TX20241207717865,TRF_FEE,50,MRU,1874,PLATFORM,COLLECTED,2024-12-07T11:47:47.434Z
648,1102,TX20240818557722,TRF_FEE,25,MRU,720,PLATFORM,COLLECTED,2024-08-18T04:23:29.416Z
649,1106,TX20240606935595,WIT_FEE,280,MRU,10554,PLATFORM,COLLECTED,2024-06-06T08:20:45.203Z
650,1107,TX20241117428768,TRF_FEE,25,MRU,10801,PLATFORM,COLLECTED,2024-11-17T09:08:22.296Z
651,1111,TX20240829861238,TRF_FEE,25,MRU,1696,PLATFORM,COLLECTED,2024-08-29T07:01:56.581Z
652,1114,TX20240518999809,TRF_FEE,50,MRU,7018,PLATFORM,COLLECTED,2024-05-18T09:06:51.651Z
653,1116,TX20240913154016,TRF_FEE,50,MRU,9625,PLATFORM,COLLECTED,2024-09-13T07:58:08.126Z
654,1118,TX20240809005690,TRF_FEE,50,MRU,8615,PLATFORM,COLLECTED,2024-08-09T18:38:34.897Z
655,1120,TX20240830516301,PAY_FEE,21,MRU,4942,MERCHANT,COLLECTED,2024-08-30T07:11:12.753Z
656,1121,TX20240410405649,TRF_FEE,25,MRU,911,PLATFORM,COLLECTED,2024-04-10T10:12:49.253Z
657,1122,TX20240421925026,TRF_FEE,25,MRU,2662,PLATFORM,COLLECTED,2024-04-21T12:02:08.396Z
658,1123,TX20241127134678,SAL_FEE,1680,MRU,4040,PLATFORM,COLLECTED,2024-11-27T13:22:58.682Z
659,1124,TX20240523253983,TRF_FEE,50,MRU,4391,PLATFORM,COLLECTED,2024-05-23T13:48:10.943Z
660,1126,TX20240322507835,TRF_FEE,25,MRU,4471,PLATFORM,COLLECTED,2024-03-22T09:54:43.710Z
661,1127,TX20240812556887,SAL_FEE,270,MRU,1472,PLATFORM,COLLECTED,2024-08-12T07:52:57.334Z
662,1128,TX20240521024838,PAY_FEE,114,MRU,4888,MERCHANT,COLLECTED,2024-05-21T03:07:17.142Z
663,1129,TX20240514740344,WIT_FEE,120,MRU,9095,PLATFORM,COLLECTED,2024-05-14T14:58:18.781Z
664,1134,TX20240718211894,TRF_FEE,25,MRU,6868,PLATFORM,COLLECTED,2024-07-18T13:58:46.284Z
665,1135,TX20240713867808,PAY_FEE,20,MRU,9963,MERCHANT,COLLECTED,2024-07-13T13:05:49.574Z
666,1136,TX20241117587787,PAY_FEE,90,MRU,10018,MERCHANT,COLLECTED,2024-11-17T18:28:16.486Z
667,1137,TX20240619734324,TRF_FEE,50,MRU,3420,PLATFORM,COLLECTED,2024-06-19T17:01:36.040Z
668,1138,TX20240703314455,TRF_FEE,50,MRU,2133,PLATFORM,COLLECTED,2024-07-03T10:06:54.958Z
669,1140,TX20241205381390,TRF_FEE,50,MRU,5712,PLATFORM,COLLECTED,2024-12-05T08:43:10.102Z
670,1142,TX20240108454242,TRF_FEE,25,MRU,8492,PLATFORM,COLLECTED,2024-01-08T09:47:02.856Z
671,1143,TX20240516672703,TRF_FEE,25,MRU,3466,PLATFORM,COLLECTED,2024-05-16T14:27:12.222Z
672,1144,TX20240625663039,WIT_FEE,50,MRU,8101,PLATFORM,COLLECTED,2024-06-25T19:55:14.910Z
673,1148,TX20240622443256,WIT_FEE,50,MRU,2445,PLATFORM,COLLECTED,2024-06-22T08:47:09.615Z
674,1149,TX20240315716273,WIT_FEE,50,MRU,1963,PLATFORM,COLLECTED,2024-03-15T13:44:15.665Z
675,1154,TX20241227415109,PAY_FEE,44,MRU,3708,MERCHANT,COLLECTED,2024-12-27T16:25:26.231Z
676,1156,TX20240202988872,PAY_FEE,150,MRU,3606,MERCHANT,COLLECTED,2024-02-02T17:39:39.572Z
677,1158,TX20240905201928,TRF_FEE,50,MRU,3973,PLATFORM,COLLECTED,2024-09-05T09:55:39.752Z
678,1161,TX20240321670181,PAY_FEE,63,MRU,4543,MERCHANT,COLLECTED,2024-03-21T18:22:14.385Z
679,1163,TX20240920778553,TRF_FEE,50,MRU,2602,PLATFORM,COLLECTED,2024-09-20T07:16:31.042Z
680,1164,TX20240803366187,WIT_FEE,50,MRU,9908,PLATFORM,COLLECTED,2024-08-03T06:18:49.594Z
681,1166,TX20240415657480,WIT_FEE,50,MRU,4411,PLATFORM,COLLECTED,2024-04-15T10:35:14.488Z
682,1169,TX20240216920108,WIT_FEE,50,MRU,9109,PLATFORM,COLLECTED,2024-02-16T19:37:16.096Z
683,1170,TX20240125536940,TRF_FEE,25,MRU,3940,PLATFORM,COLLECTED,2024-01-25T11:04:57.939Z
684,1171,TX20240605167809,SAL_FEE,1045,MRU,7930,PLATFORM,COLLECTED,2024-06-05T08:43:31.071Z
685,1174,TX20240430346967,TRF_FEE,25,MRU,9383,PLATFORM,COLLECTED,2024-04-30T07:54:54.187Z
686,1175,TX20241210135839,WIT_FEE,58,MRU,5674,PLATFORM,COLLECTED,2024-12-10T08:01:57.654Z
687,1177,TX20240801432825,WIT_FEE,60,MRU,6826,PLATFORM,COLLECTED,2024-08-01T07:44:07.821Z
688,1179,TX20240414391570,WIT_FEE,50,MRU,7046,PLATFORM,COLLECTED,2024-04-14T10:51:29.737Z
689,1180,TX20241209169508,WIT_FEE,50,MRU,4878,PLATFORM,COLLECTED,2024-12-09T15:31:43.330Z
690,1181,TX20241112667955,TRF_FEE,50,MRU,3818,PLATFORM,COLLECTED,2024-11-12T07:20:52.853Z
691,1182,TX20240920467048,WIT_FEE,50,MRU,10520,PLATFORM,COLLECTED,2024-09-20T07:45:38.824Z
692,1183,TX20240724225686,WIT_FEE,130,MRU,8329,PLATFORM,COLLECTED,2024-07-24T07:42:18.655Z
693,1184,TX20240919033858,BIL_FEE,100,MRU,1344,PLATFORM,COLLECTED,2024-09-18T22:23:33.219Z
694,1185,TX20240301952149,WIT_FEE,50,MRU,3131,PLATFORM,COLLECTED,2024-03-01T08:02:45.004Z
695,1188,TX20241005694345,TRF_FEE,25,MRU,10673,PLATFORM,COLLECTED,2024-10-05T16:12:56.727Z
696,1189,TX20241207374101,WIT_FEE,260,MRU,6272,PLATFORM,COLLECTED,2024-12-07T18:22:31.450Z
697,1190,TX20240321010059,PAY_FEE,465,MRU,1293,MERCHANT,COLLECTED,2024-03-21T14:15:43.063Z
698,1191,TX20240911773728,WIT_FEE,100,MRU,9921,PLATFORM,COLLECTED,2024-09-11T13:31:38.234Z
699,1192,TX20240905765410,WIT_FEE,50,MRU,9753,PLATFORM,COLLECTED,2024-09-05T15:08:02.132Z
700,1193,TX20241224930121,SAL_FEE,1310,MRU,5305,PLATFORM,COLLECTED,2024-12-24T14:42:13.157Z
701,1194,TX20241125073243,TRF_FEE,25,MRU,108,PLATFORM,COLLECTED,2024-11-25T11:01:07.014Z
702,1196,TX20240508276031,PAY_FEE,255,MRU,5179,MERCHANT,COLLECTED,2024-05-08T06:51:58.672Z
703,1197,TX20240411414990,TRF_FEE,25,MRU,3810,PLATFORM,COLLECTED,2024-04-11T20:29:25.924Z
704,1201,TX20241007364618,WIT_FEE,390,MRU,5193,PLATFORM,COLLECTED,2024-10-07T15:12:53.088Z
705,1202,TX20241118349708,PAY_FEE,42,MRU,2326,MERCHANT,COLLECTED,2024-11-18T13:39:53.876Z
706,1207,TX20240106540453,PAY_FEE,15,MRU,7777,MERCHANT,COLLECTED,2024-01-06T15:54:05.874Z
707,1208,TX20240212828789,TRF_FEE,50,MRU,2452,PLATFORM,COLLECTED,2024-02-12T10:56:00.321Z
708,1209,TX20240320130013,WIT_FEE,370,MRU,2683,PLATFORM,COLLECTED,2024-03-20T12:20:03.405Z
709,1210,TX20240724584585,TRF_FEE,50,MRU,8880,PLATFORM,COLLECTED,2024-07-24T16:01:13.288Z
710,1212,TX20240119172948,BIL_FEE,100,MRU,10458,PLATFORM,COLLECTED,2024-01-19T09:10:30.466Z
711,1215,TX20240501641882,WIT_FEE,50,MRU,10286,PLATFORM,COLLECTED,2024-05-01T09:23:10.506Z
712,1216,TX20240321503760,PAY_FEE,51,MRU,2611,MERCHANT,COLLECTED,2024-03-21T13:46:16.197Z
713,1218,TX20240419034133,PAY_FEE,41,MRU,7291,MERCHANT,COLLECTED,2024-04-19T03:12:44.472Z
714,1222,TX20240130798329,WIT_FEE,50,MRU,9527,PLATFORM,COLLECTED,2024-01-30T14:15:48.777Z
715,1223,TX20240715833212,TRF_FEE,25,MRU,8468,PLATFORM,COLLECTED,2024-07-15T17:27:17.501Z
716,1225,TX20240430586963,TRF_FEE,50,MRU,7255,PLATFORM,COLLECTED,2024-04-30T11:28:31.149Z
717,1226,TX20240526838138,WIT_FEE,440,MRU,7298,PLATFORM,COLLECTED,2024-05-26T00:46:29.475Z
718,1228,TX20241201186881,PAY_FEE,38,MRU,5303,MERCHANT,COLLECTED,2024-12-01T15:45:22.638Z
719,1231,TX20240116102712,WIT_FEE,50,MRU,669,PLATFORM,COLLECTED,2024-01-16T10:35:27.326Z
720,1235,TX20241219545035,TRF_FEE,50,MRU,9356,PLATFORM,COLLECTED,2024-12-19T16:21:12.713Z
721,1238,TX20241001674524,WIT_FEE,50,MRU,4686,PLATFORM,COLLECTED,2024-10-01T06:31:20.872Z
722,1240,TX20240619955927,TRF_FEE,50,MRU,8251,PLATFORM,COLLECTED,2024-06-19T19:05:14.658Z
723,1242,TX20240211454785,WIT_FEE,57,MRU,9038,PLATFORM,COLLECTED,2024-02-11T05:37:44.267Z
724,1246,TX20240730954914,TRF_FEE,50,MRU,10721,PLATFORM,COLLECTED,2024-07-30T08:50:29.397Z
725,1247,TX20241107147958,SAL_FEE,1950,MRU,7366,PLATFORM,COLLECTED,2024-11-07T09:35:30.913Z
726,1251,TX20240801224646,TRF_FEE,10,MRU,2565,PLATFORM,COLLECTED,2024-08-01T09:56:08.665Z
727,1253,TX20240210694441,TRF_FEE,50,MRU,3270,PLATFORM,COLLECTED,2024-02-10T14:32:32.311Z
728,1254,TX20240126111543,PAY_FEE,111,MRU,2294,MERCHANT,COLLECTED,2024-01-26T05:48:02.353Z
729,1255,TX20241108671683,TRF_FEE,25,MRU,1211,PLATFORM,COLLECTED,2024-11-08T16:12:57.796Z
730,1256,TX20240512429148,TRF_FEE,50,MRU,10736,PLATFORM,COLLECTED,2024-05-12T09:34:19.223Z
731,1258,TX20240921548773,PAY_FEE,5,MRU,9276,MERCHANT,COLLECTED,2024-09-21T14:40:11.213Z
732,1261,TX20240821068446,BIL_FEE,100,MRU,9417,PLATFORM,COLLECTED,2024-08-21T18:41:01.870Z
733,1262,TX20241124734809,TRF_FEE,50,MRU,10339,PLATFORM,COLLECTED,2024-11-24T06:11:38.607Z
734,1263,TX20240720635746,WIT_FEE,50,MRU,4160,PLATFORM,COLLECTED,2024-07-20T05:42:10.525Z
735,1265,TX20241215531033,TRF_FEE,25,MRU,3343,PLATFORM,COLLECTED,2024-12-15T18:48:41.866Z
736,1267,TX20240116513544,WIT_FEE,50,MRU,7316,PLATFORM,COLLECTED,2024-01-16T18:03:32.146Z
737,1268,TX20240715168538,PAY_FEE,132,MRU,5570,MERCHANT,COLLECTED,2024-07-15T14:03:35.603Z
738,1270,TX20240905918789,TRF_FEE,25,MRU,9621,PLATFORM,COLLECTED,2024-09-05T19:57:16.624Z
739,1271,TX20240312031403,TRF_FEE,25,MRU,8706,PLATFORM,COLLECTED,2024-03-12T14:18:29.644Z
740,1272,TX20240311556021,TRF_FEE,25,MRU,1565,PLATFORM,COLLECTED,2024-03-11T09:03:07.702Z
741,1277,TX20240126764406,TRF_FEE,50,MRU,5574,PLATFORM,COLLECTED,2024-01-26T16:15:05.949Z
742,1278,TX20240425990284,TRF_FEE,25,MRU,68,PLATFORM,COLLECTED,2024-04-25T14:22:43.076Z
743,1279,TX20240616688962,WIT_FEE,50,MRU,2510,PLATFORM,COLLECTED,2024-06-16T08:39:22.780Z
744,1281,TX20240105727201,TRF_FEE,50,MRU,1110,PLATFORM,COLLECTED,2024-01-05T11:46:58.512Z
745,1282,TX20240317025837,TRF_FEE,25,MRU,7983,PLATFORM,COLLECTED,2024-03-17T07:32:51.129Z
746,1284,TX20240611807746,WIT_FEE,130,MRU,10295,PLATFORM,COLLECTED,2024-06-11T04:12:47.038Z
747,1286,TX20240314014046,WIT_FEE,50,MRU,5320,PLATFORM,COLLECTED,2024-03-14T20:03:09.593Z
748,1290,TX20240523794047,TRF_FEE,50,MRU,4863,PLATFORM,COLLECTED,2024-05-23T08:55:07.221Z
749,1295,TX20240730499689,TRF_FEE,25,MRU,4329,PLATFORM,COLLECTED,2024-07-30T11:15:16.449Z
750,1296,TX20241017559419,WIT_FEE,100,MRU,6691,PLATFORM,COLLECTED,2024-10-17T14:29:19.583Z
751,1299,TX20240212731984,PAY_FEE,63,MRU,6416,MERCHANT,COLLECTED,2024-02-12T15:32:31.810Z
752,1300,TX20240208932531,WIT_FEE,50,MRU,4480,PLATFORM,COLLECTED,2024-02-08T15:16:21.743Z
753,1302,TX20240514722936,PAY_FEE,27,MRU,5514,MERCHANT,COLLECTED,2024-05-14T11:54:23.332Z
754,1305,TX20240905385246,PAY_FEE,68,MRU,1812,MERCHANT,COLLECTED,2024-09-05T03:14:59.944Z
755,1306,TX20240629875654,TRF_FEE,50,MRU,10512,PLATFORM,COLLECTED,2024-06-29T07:42:19.063Z
756,1307,TX20240207470577,PAY_FEE,36,MRU,8122,MERCHANT,COLLECTED,2024-02-07T09:38:05.132Z
757,1309,TX20241119852561,WIT_FEE,200,MRU,5531,PLATFORM,COLLECTED,2024-11-19T06:35:03.973Z
758,1312,TX20240730515039,TRF_FEE,50,MRU,3637,PLATFORM,COLLECTED,2024-07-30T07:53:47.590Z
759,1313,TX20241118328652,TRF_FEE,25,MRU,1564,PLATFORM,COLLECTED,2024-11-18T13:47:17.326Z
760,1314,TX20240110144634,PAY_FEE,675,MRU,10346,MERCHANT,COLLECTED,2024-01-10T09:48:02.836Z
761,1315,TX20241211300069,TRF_FEE,50,MRU,974,PLATFORM,COLLECTED,2024-12-11T12:02:45.918Z
762,1316,TX20240728176693,PAY_FEE,5,MRU,2705,MERCHANT,COLLECTED,2024-07-28T09:13:58.974Z
763,1318,TX20241112824851,TRF_FEE,10,MRU,386,PLATFORM,COLLECTED,2024-11-12T10:26:09.660Z
764,1319,TX20241203737050,PAY_FEE,53,MRU,4669,MERCHANT,COLLECTED,2024-12-03T15:59:10.527Z
765,1320,TX20240803402920,TRF_FEE,50,MRU,4976,PLATFORM,COLLECTED,2024-08-03T08:29:35.253Z
766,1321,TX20240601610780,PAY_FEE,38,MRU,10349,MERCHANT,COLLECTED,2024-06-01T19:26:05.107Z
767,1322,TX20240305350734,WIT_FEE,50,MRU,5184,PLATFORM,COLLECTED,2024-03-05T20:16:03.711Z
768,1323,TX20240712099075,PAY_FEE,35,MRU,909,MERCHANT,COLLECTED,2024-07-12T12:30:21.184Z
769,1324,TX20240315659549,TRF_FEE,25,MRU,3802,PLATFORM,COLLECTED,2024-03-15T20:27:15.174Z
770,1330,TX20241004630946,WIT_FEE,200,MRU,5081,PLATFORM,COLLECTED,2024-10-04T06:21:03.141Z
771,1331,TX20241227902255,TRF_FEE,25,MRU,2114,PLATFORM,COLLECTED,2024-12-27T14:38:46.179Z
772,1333,TX20240530964721,SAL_FEE,2175,MRU,9072,PLATFORM,COLLECTED,2024-05-30T11:00:41.014Z
773,1334,TX20241011148697,WIT_FEE,50,MRU,9499,PLATFORM,COLLECTED,2024-10-11T03:01:35.402Z
774,1336,TX20240129498922,PAY_FEE,33,MRU,2501,MERCHANT,COLLECTED,2024-01-29T18:55:20.020Z
775,1340,TX20241230892103,SAL_FEE,270,MRU,2110,PLATFORM,COLLECTED,2024-12-30T20:07:58.612Z
776,1341,TX20241223727575,TRF_FEE,50,MRU,1650,PLATFORM,COLLECTED,2024-12-23T16:22:55.718Z
777,1344,TX20241105342716,SAL_FEE,2255,MRU,8373,PLATFORM,COLLECTED,2024-11-05T14:31:19.926Z
778,1346,TX20240130930546,TRF_FEE,25,MRU,2384,PLATFORM,COLLECTED,2024-01-30T11:58:47.583Z
779,1347,TX20240521983467,PAY_FEE,11,MRU,7064,MERCHANT,COLLECTED,2024-05-21T15:14:32.257Z
780,1348,TX20240403545313,PAY_FEE,180,MRU,386,MERCHANT,COLLECTED,2024-04-03T07:22:12.902Z
781,1350,TX20241223880909,TRF_FEE,50,MRU,2705,PLATFORM,COLLECTED,2024-12-23T07:24:24.129Z
782,1353,TX20241203918538,TRF_FEE,50,MRU,2319,PLATFORM,COLLECTED,2024-12-03T11:19:58.744Z
783,1355,TX20240302162156,PAY_FEE,17,MRU,5036,MERCHANT,COLLECTED,2024-03-02T11:55:47.274Z
784,1357,TX20240303967854,WIT_FEE,100,MRU,7734,PLATFORM,COLLECTED,2024-03-03T12:34:05.822Z
785,1359,TX20241211625073,WIT_FEE,50,MRU,1860,PLATFORM,COLLECTED,2024-12-11T15:33:37.672Z
786,1360,TX20240501336421,TRF_FEE,25,MRU,7785,PLATFORM,COLLECTED,2024-05-01T15:01:34.961Z
787,1362,TX20240923353360,WIT_FEE,50,MRU,384,PLATFORM,COLLECTED,2024-09-23T18:57:46.923Z
788,1363,TX20240212009053,PAY_FEE,59,MRU,2219,MERCHANT,COLLECTED,2024-02-12T03:45:41.124Z
789,1364,TX20240422446130,BIL_FEE,100,MRU,7366,PLATFORM,COLLECTED,2024-04-22T08:20:44.243Z
790,1366,TX20240804910268,PAY_FEE,29,MRU,5582,MERCHANT,COLLECTED,2024-08-04T18:28:58.795Z
791,1368,TX20241128557010,TRF_FEE,25,MRU,2171,PLATFORM,COLLECTED,2024-11-28T10:47:49.088Z
792,1372,TX20241001323500,WIT_FEE,50,MRU,3474,PLATFORM,COLLECTED,2024-10-01T12:55:12.162Z
793,1376,TX20240104915801,PAY_FEE,1020,MRU,4713,MERCHANT,COLLECTED,2024-01-04T07:17:35.349Z
794,1383,TX20240721350281,TRF_FEE,50,MRU,5907,PLATFORM,COLLECTED,2024-07-21T14:54:42.151Z
795,1384,TX20240803835598,PAY_FEE,300,MRU,2291,MERCHANT,COLLECTED,2024-08-03T16:15:33.023Z
796,1385,TX20240322988555,TRF_FEE,50,MRU,303,PLATFORM,COLLECTED,2024-03-22T18:18:07.239Z
797,1388,TX20240222204262,TRF_FEE,50,MRU,7525,PLATFORM,COLLECTED,2024-02-22T14:12:34.917Z
798,1390,TX20240104200514,TRF_FEE,50,MRU,8787,PLATFORM,COLLECTED,2024-01-04T14:25:38.439Z
799,1391,TX20240530634396,TRF_FEE,50,MRU,11003,PLATFORM,COLLECTED,2024-05-30T12:27:44.850Z
800,1393,TX20240802020055,BIL_FEE,100,MRU,2679,PLATFORM,COLLECTED,2024-08-02T08:05:40.687Z
801,1396,TX20240315717082,PAY_FEE,53,MRU,3548,MERCHANT,COLLECTED,2024-03-15T17:12:06.370Z
802,1397,TX20241023389472,PAY_FEE,165,MRU,4429,MERCHANT,COLLECTED,2024-10-23T19:22:59.777Z
803,1399,TX20240315011812,TRF_FEE,25,MRU,3667,PLATFORM,COLLECTED,2024-03-15T13:58:28.378Z
804,1401,TX20240214934869,TRF_FEE,25,MRU,668,PLATFORM,COLLECTED,2024-02-14T15:00:25.638Z
805,1402,TX20240505872194,TRF_FEE,25,MRU,8564,PLATFORM,COLLECTED,2024-05-05T07:07:14.374Z
806,1403,TX20241112329673,TRF_FEE,10,MRU,9876,PLATFORM,COLLECTED,2024-11-12T09:55:29.981Z
807,1404,TX20240604270997,TRF_FEE,25,MRU,7622,PLATFORM,COLLECTED,2024-06-04T11:24:32.933Z
808,1405,TX20241018304257,TRF_FEE,50,MRU,1224,PLATFORM,COLLECTED,2024-10-18T09:21:10.980Z
809,1408,TX20240123536565,SAL_FEE,835,MRU,10036,PLATFORM,COLLECTED,2024-01-23T20:59:28.611Z
810,1410,TX20240113412394,WIT_FEE,50,MRU,6613,PLATFORM,COLLECTED,2024-01-13T07:55:55.564Z
811,1411,TX20240618792771,WIT_FEE,50,MRU,6161,PLATFORM,COLLECTED,2024-06-18T14:11:34.017Z
812,1415,TX20240513122765,WIT_FEE,100,MRU,10604,PLATFORM,COLLECTED,2024-05-13T20:35:58.795Z
813,1416,TX20240327922506,TRF_FEE,25,MRU,7003,PLATFORM,COLLECTED,2024-03-27T09:53:30.256Z
814,1419,TX20240406240192,WIT_FEE,50,MRU,6591,PLATFORM,COLLECTED,2024-04-06T15:46:47.031Z
815,1420,TX20241018827315,WIT_FEE,50,MRU,9777,PLATFORM,COLLECTED,2024-10-18T17:58:09.373Z
816,1424,TX20240727792247,PAY_FEE,39,MRU,4144,MERCHANT,COLLECTED,2024-07-27T15:32:44.514Z
817,1426,TX20240812995092,WIT_FEE,50,MRU,47,PLATFORM,COLLECTED,2024-08-12T17:05:35.594Z
818,1427,TX20240902552288,PAY_FEE,69,MRU,4970,MERCHANT,COLLECTED,2024-09-02T06:04:07.218Z
819,1429,TX20240321875833,TRF_FEE,25,MRU,634,PLATFORM,COLLECTED,2024-03-21T18:54:42.566Z
820,1433,TX20241004119272,WIT_FEE,50,MRU,9569,PLATFORM,COLLECTED,2024-10-04T07:16:17.442Z
821,1434,TX20241007712908,TRF_FEE,50,MRU,10220,PLATFORM,COLLECTED,2024-10-07T10:02:56.372Z
822,1436,TX20240925683155,PAY_FEE,5,MRU,10157,MERCHANT,COLLECTED,2024-09-25T06:51:01.360Z
823,1438,TX20240530162491,WIT_FEE,50,MRU,6618,PLATFORM,COLLECTED,2024-05-30T06:59:09.238Z
824,1439,TX20240320468997,TRF_FEE,10,MRU,8014,PLATFORM,COLLECTED,2024-03-20T08:33:22.948Z
825,1440,TX20240602323496,PAY_FEE,45,MRU,8939,MERCHANT,COLLECTED,2024-06-02T15:13:15.919Z
826,1442,TX20240617864782,WIT_FEE,50,MRU,8145,PLATFORM,COLLECTED,2024-06-17T14:19:33.103Z
827,1443,TX20240310396887,WIT_FEE,50,MRU,4374,PLATFORM,COLLECTED,2024-03-10T14:02:10.978Z
828,1444,TX20240208181457,PAY_FEE,114,MRU,5397,MERCHANT,COLLECTED,2024-02-08T11:13:54.538Z
829,1445,TX20240919558280,WIT_FEE,50,MRU,1685,PLATFORM,COLLECTED,2024-09-18T22:40:11.509Z
830,1446,TX20241013832286,WIT_FEE,180,MRU,3862,PLATFORM,COLLECTED,2024-10-13T10:13:58.608Z
831,1447,TX20240705363164,WIT_FEE,50,MRU,9774,PLATFORM,COLLECTED,2024-07-05T10:57:16.621Z
832,1448,TX20240825559803,BIL_FEE,100,MRU,7172,PLATFORM,COLLECTED,2024-08-25T14:26:40.294Z
833,1449,TX20240524261740,WIT_FEE,110,MRU,6548,PLATFORM,COLLECTED,2024-05-23T22:21:00.767Z
834,1451,TX20240617935276,TRF_FEE,25,MRU,4244,PLATFORM,COLLECTED,2024-06-17T16:35:58.120Z
835,1453,TX20240706791729,WIT_FEE,100,MRU,8046,PLATFORM,COLLECTED,2024-07-06T08:14:54.301Z
836,1454,TX20240414569782,TRF_FEE,25,MRU,6258,PLATFORM,COLLECTED,2024-04-14T07:30:09.396Z
837,1457,TX20240506302821,TRF_FEE,50,MRU,4624,PLATFORM,COLLECTED,2024-05-06T12:02:20.273Z
838,1458,TX20240703808547,TRF_FEE,50,MRU,5671,PLATFORM,COLLECTED,2024-07-03T04:34:21.919Z
839,1460,TX20240329439437,TRF_FEE,50,MRU,8941,PLATFORM,COLLECTED,2024-03-29T08:51:33.481Z
840,1465,TX20241123241826,TRF_FEE,50,MRU,735,PLATFORM,COLLECTED,2024-11-23T07:36:50.325Z
841,1467,TX20240218412945,WIT_FEE,59,MRU,10262,PLATFORM,COLLECTED,2024-02-18T16:01:32.849Z
842,1468,TX20240302123446,TRF_FEE,50,MRU,6018,PLATFORM,COLLECTED,2024-03-02T14:12:33.360Z
843,1472,TX20240520295208,TRF_FEE,10,MRU,2674,PLATFORM,COLLECTED,2024-05-20T17:50:43.598Z
844,1475,TX20241103749470,WIT_FEE,50,MRU,1,PLATFORM,COLLECTED,2024-11-03T11:08:58.133Z
845,1476,TX20241019899583,WIT_FEE,200,MRU,9622,PLATFORM,COLLECTED,2024-10-19T06:44:43.785Z
846,1477,TX20240215902198,TRF_FEE,25,MRU,4332,PLATFORM,COLLECTED,2024-02-15T11:06:31.813Z
847,1478,TX20241101936548,TRF_FEE,50,MRU,3020,PLATFORM,COLLECTED,2024-11-01T05:23:46.464Z
848,1480,TX20241221014662,TRF_FEE,25,MRU,10775,PLATFORM,COLLECTED,2024-12-21T16:02:43.959Z
849,1482,TX20240320629756,TRF_FEE,50,MRU,5157,PLATFORM,COLLECTED,2024-03-20T17:29:30.968Z
850,1483,TX20240708775893,WIT_FEE,220,MRU,7856,PLATFORM,COLLECTED,2024-07-08T14:47:08.367Z
851,1484,TX20240724172660,TRF_FEE,25,MRU,7858,PLATFORM,COLLECTED,2024-07-24T17:04:37.885Z
852,1488,TX20240730206191,TRF_FEE,50,MRU,2754,PLATFORM,COLLECTED,2024-07-29T23:02:43.935Z
853,1489,TX20240303792012,TRF_FEE,25,MRU,5672,PLATFORM,COLLECTED,2024-03-03T10:23:27.559Z
854,1490,TX20240128642227,TRF_FEE,25,MRU,8105,PLATFORM,COLLECTED,2024-01-28T11:14:17.050Z
855,1492,TX20240709321707,WIT_FEE,100,MRU,8546,PLATFORM,COLLECTED,2024-07-09T13:03:06.815Z
856,1493,TX20240411872114,WIT_FEE,50,MRU,10149,PLATFORM,COLLECTED,2024-04-11T17:16:22.292Z
857,1494,TX20240720682207,TRF_FEE,50,MRU,7406,PLATFORM,COLLECTED,2024-07-20T10:16:17.320Z
858,1496,TX20240522450687,PAY_FEE,98,MRU,1516,MERCHANT,COLLECTED,2024-05-22T06:49:34.922Z
859,1499,TX20240428603987,PAY_FEE,74,MRU,9598,MERCHANT,COLLECTED,2024-04-28T08:09:48.275Z
860,1503,TX20240918747879,SAL_FEE,335,MRU,7091,PLATFORM,COLLECTED,2024-09-18T07:59:19.435Z
861,1505,TX20241202823884,WIT_FEE,180,MRU,934,PLATFORM,COLLECTED,2024-12-02T07:13:26.922Z
862,1507,TX20240114806589,WIT_FEE,50,MRU,1172,PLATFORM,COLLECTED,2024-01-14T20:28:06.805Z
863,1510,TX20240612845965,WIT_FEE,50,MRU,5530,PLATFORM,COLLECTED,2024-06-12T08:04:32.027Z
864,1511,TX20241125243696,WIT_FEE,100,MRU,6193,PLATFORM,COLLECTED,2024-11-25T20:02:55.781Z
865,1514,TX20241031285304,TRF_FEE,50,MRU,9506,PLATFORM,COLLECTED,2024-10-31T17:38:43.469Z
866,1516,TX20240719155259,WIT_FEE,50,MRU,1111,PLATFORM,COLLECTED,2024-07-19T16:35:08.645Z
867,1517,TX20241013204697,WIT_FEE,270,MRU,5613,PLATFORM,COLLECTED,2024-10-13T06:43:59.236Z
868,1519,TX20240713030827,TRF_FEE,25,MRU,853,PLATFORM,COLLECTED,2024-07-13T04:22:44.665Z
869,1523,TX20240420163574,TRF_FEE,50,MRU,8856,PLATFORM,COLLECTED,2024-04-20T07:56:14.194Z
870,1525,TX20240825814826,WIT_FEE,50,MRU,5147,PLATFORM,COLLECTED,2024-08-25T18:52:00.682Z
871,1526,TX20241014093101,TRF_FEE,50,MRU,10484,PLATFORM,COLLECTED,2024-10-14T17:42:17.414Z
872,1527,TX20240229119659,TRF_FEE,10,MRU,5856,PLATFORM,COLLECTED,2024-02-29T08:53:10.999Z
873,1528,TX20240701034875,TRF_FEE,25,MRU,2794,PLATFORM,COLLECTED,2024-07-01T15:17:52.833Z
874,1530,TX20241207856878,TRF_FEE,50,MRU,1874,PLATFORM,COLLECTED,2024-12-07T11:47:47.434Z
875,1531,TX20240107734977,TRF_FEE,50,MRU,1769,PLATFORM,COLLECTED,2024-01-07T10:29:24.065Z
876,1533,TX20241013465651,WIT_FEE,50,MRU,1485,PLATFORM,COLLECTED,2024-10-13T04:04:58.761Z
877,1534,TX20240205756579,PAY_FEE,285,MRU,1552,MERCHANT,COLLECTED,2024-02-05T20:47:13.456Z
878,1535,TX20240418935595,TRF_FEE,25,MRU,8953,PLATFORM,COLLECTED,2024-04-18T09:45:12.957Z
879,1536,TX20241117427581,TRF_FEE,25,MRU,10801,PLATFORM,COLLECTED,2024-11-17T09:08:22.296Z
880,1540,TX20240829736424,TRF_FEE,25,MRU,1696,PLATFORM,COLLECTED,2024-08-29T07:01:56.581Z
881,1542,TX20240311329589,TRF_FEE,25,MRU,9781,PLATFORM,COLLECTED,2024-03-11T11:11:54.188Z
882,1543,TX20240910999809,WIT_FEE,50,MRU,7183,PLATFORM,COLLECTED,2024-09-10T09:19:06.850Z
883,1545,TX20240313154016,PAY_FEE,9,MRU,7581,MERCHANT,COLLECTED,2024-03-13T20:08:07.872Z
884,1549,TX20240319669258,TRF_FEE,25,MRU,5322,PLATFORM,COLLECTED,2024-03-19T08:12:45.446Z
885,1550,TX20240317762807,TRF_FEE,25,MRU,7820,PLATFORM,COLLECTED,2024-03-17T17:15:05.925Z
886,1551,TX20240118607627,TRF_FEE,25,MRU,4135,PLATFORM,COLLECTED,2024-01-18T08:23:14.811Z
887,1552,TX20240518680918,TRF_FEE,10,MRU,2876,PLATFORM,COLLECTED,2024-05-18T19:40:21.635Z
888,1554,TX20240808476292,TRF_FEE,50,MRU,458,PLATFORM,COLLECTED,2024-08-08T08:21:25.362Z
889,1555,TX20240527123606,PAY_FEE,180,MRU,7834,MERCHANT,COLLECTED,2024-05-27T15:44:31.875Z
890,1558,TX20240929410103,PAY_FEE,59,MRU,5158,MERCHANT,COLLECTED,2024-09-29T14:59:20.239Z
891,1560,TX20240216503776,TRF_FEE,25,MRU,1265,PLATFORM,COLLECTED,2024-02-16T18:36:53.035Z
892,1563,TX20240211957603,TRF_FEE,25,MRU,2351,PLATFORM,COLLECTED,2024-02-11T15:25:16.414Z
893,1564,TX20240921967716,BIL_FEE,100,MRU,8712,PLATFORM,COLLECTED,2024-09-21T08:10:17.867Z
894,1568,TX20240508272683,PAY_FEE,210,MRU,4310,MERCHANT,COLLECTED,2024-05-08T13:00:00.211Z
895,1571,TX20240108767405,TRF_FEE,25,MRU,8492,PLATFORM,COLLECTED,2024-01-08T09:47:02.856Z
896,1572,TX20240912865876,WIT_FEE,50,MRU,6892,PLATFORM,COLLECTED,2024-09-12T11:12:13.312Z
897,1574,TX20240214681984,TRF_FEE,25,MRU,4094,PLATFORM,COLLECTED,2024-02-14T10:24:57.932Z
898,1577,TX20240622406115,WIT_FEE,50,MRU,2445,PLATFORM,COLLECTED,2024-06-22T08:47:09.615Z
899,1585,TX20240503735746,WIT_FEE,200,MRU,8877,PLATFORM,COLLECTED,2024-05-03T08:48:33.722Z
900,1586,TX20241127184353,TRF_FEE,25,MRU,9342,PLATFORM,COLLECTED,2024-11-27T09:43:08.822Z
901,1587,TX20240722450732,WIT_FEE,50,MRU,4025,PLATFORM,COLLECTED,2024-07-22T07:50:39.681Z
902,1590,TX20241123123692,WIT_FEE,50,MRU,9762,PLATFORM,COLLECTED,2024-11-23T10:14:23.410Z
903,1593,TX20241123020545,TRF_FEE,25,MRU,5610,PLATFORM,COLLECTED,2024-11-23T16:12:15.260Z
904,1595,TX20240627315717,WIT_FEE,50,MRU,9128,PLATFORM,COLLECTED,2024-06-27T10:07:27.310Z
905,1597,TX20241207777940,PAY_FEE,12,MRU,7424,MERCHANT,COLLECTED,2024-12-07T05:27:26.899Z
906,1598,TX20240408411603,TRF_FEE,25,MRU,4445,PLATFORM,COLLECTED,2024-04-08T06:49:59.781Z
907,1600,TX20240415756961,TRF_FEE,50,MRU,3906,PLATFORM,COLLECTED,2024-04-15T15:31:04.719Z
908,1602,TX20240313862625,PAY_FEE,150,MRU,8384,MERCHANT,COLLECTED,2024-03-13T11:34:00.358Z
909,1607,TX20241215949676,PAY_FEE,92,MRU,4932,MERCHANT,COLLECTED,2024-12-15T09:31:19.989Z
910,1608,TX20240414052666,WIT_FEE,50,MRU,7046,PLATFORM,COLLECTED,2024-04-14T10:51:29.737Z
911,1610,TX20241225346047,TRF_FEE,25,MRU,9639,PLATFORM,COLLECTED,2024-12-25T12:51:04.348Z
912,1611,TX20240616620460,WIT_FEE,50,MRU,7138,PLATFORM,COLLECTED,2024-06-16T08:43:09.752Z
913,1613,TX20241116033858,WIT_FEE,50,MRU,4329,PLATFORM,COLLECTED,2024-11-16T17:54:43.002Z
914,1614,TX20240301227600,WIT_FEE,50,MRU,3131,PLATFORM,COLLECTED,2024-03-01T08:02:45.004Z
915,1615,TX20240530521770,TRF_FEE,25,MRU,9835,PLATFORM,COLLECTED,2024-05-30T12:54:51.975Z
916,1617,TX20241022694345,PAY_FEE,255,MRU,2224,MERCHANT,COLLECTED,2024-10-22T07:56:43.968Z
917,1618,TX20241207236412,WIT_FEE,260,MRU,6272,PLATFORM,COLLECTED,2024-12-07T18:22:31.450Z
918,1619,TX20240724596580,WIT_FEE,50,MRU,6292,PLATFORM,COLLECTED,2024-07-24T08:43:03.117Z
919,1621,TX20241009765410,TRF_FEE,25,MRU,8430,PLATFORM,COLLECTED,2024-10-09T07:02:07.884Z
920,1622,TX20241224996694,SAL_FEE,1310,MRU,5305,PLATFORM,COLLECTED,2024-12-24T14:42:13.157Z
921,1624,TX20240628896501,WIT_FEE,50,MRU,4349,PLATFORM,COLLECTED,2024-06-28T09:24:20.427Z
922,1627,TX20240602159805,PAY_FEE,65,MRU,6768,MERCHANT,COLLECTED,2024-06-02T08:19:44.679Z
923,1628,TX20240104708289,TRF_FEE,25,MRU,6647,PLATFORM,COLLECTED,2024-01-04T09:25:16.121Z
924,1631,TX20240828805453,TRF_FEE,50,MRU,6106,PLATFORM,COLLECTED,2024-08-28T17:52:12.011Z
925,1632,TX20241205890592,TRF_FEE,50,MRU,6307,PLATFORM,COLLECTED,2024-12-05T08:02:55.019Z
926,1633,TX20241226924750,PAY_FEE,8,MRU,5165,MERCHANT,COLLECTED,2024-12-26T07:54:14.476Z
927,1634,TX20241113481352,TRF_FEE,10,MRU,3471,PLATFORM,COLLECTED,2024-11-13T11:10:32.930Z
928,1635,TX20240917333036,TRF_FEE,25,MRU,1225,PLATFORM,COLLECTED,2024-09-17T13:10:11.820Z
929,1637,TX20240212535301,TRF_FEE,50,MRU,2452,PLATFORM,COLLECTED,2024-02-12T10:56:00.321Z
930,1643,TX20241010253713,TRF_FEE,50,MRU,6283,PLATFORM,COLLECTED,2024-10-10T13:38:34.762Z
931,1644,TX20240516641882,WIT_FEE,86,MRU,1366,PLATFORM,COLLECTED,2024-05-16T09:10:30.932Z
932,1647,TX20240105003101,WIT_FEE,50,MRU,5084,PLATFORM,COLLECTED,2024-01-05T08:44:28.661Z
933,1648,TX20240627047166,WIT_FEE,360,MRU,10758,PLATFORM,COLLECTED,2024-06-27T19:35:51.895Z
934,1649,TX20240506372821,PAY_FEE,48,MRU,1278,MERCHANT,COLLECTED,2024-05-06T05:08:37.601Z
935,1651,TX20240404834895,TRF_FEE,25,MRU,6078,PLATFORM,COLLECTED,2024-04-04T16:46:51.467Z
936,1652,TX20241127743834,TRF_FEE,25,MRU,4965,PLATFORM,COLLECTED,2024-11-27T11:17:30.767Z
937,1654,TX20240430772204,TRF_FEE,50,MRU,7255,PLATFORM,COLLECTED,2024-04-30T11:28:31.149Z
938,1657,TX20241107186881,TRF_FEE,25,MRU,7038,PLATFORM,COLLECTED,2024-11-07T18:39:45.372Z
939,1660,TX20240807679236,WIT_FEE,50,MRU,7139,PLATFORM,COLLECTED,2024-08-07T11:19:03.147Z
940,1661,TX20240828950199,TRF_FEE,25,MRU,8553,PLATFORM,COLLECTED,2024-08-28T08:53:47.501Z
941,1662,TX20240309181454,PAY_FEE,5,MRU,5238,MERCHANT,COLLECTED,2024-03-09T10:00:01.069Z
942,1663,TX20240815843598,TRF_FEE,50,MRU,9569,PLATFORM,COLLECTED,2024-08-15T12:19:21.912Z
943,1665,TX20241212813677,TRF_FEE,25,MRU,6196,PLATFORM,COLLECTED,2024-12-12T15:08:18.629Z
944,1666,TX20241123602613,PAY_FEE,42,MRU,7576,MERCHANT,COLLECTED,2024-11-23T15:08:29.042Z
945,1667,TX20241114410980,WIT_FEE,50,MRU,9075,PLATFORM,COLLECTED,2024-11-14T11:20:11.037Z
946,1670,TX20240827240958,PAY_FEE,96,MRU,1056,MERCHANT,COLLECTED,2024-08-27T09:51:25.137Z
947,1673,TX20241106901112,TRF_FEE,25,MRU,3597,PLATFORM,COLLECTED,2024-11-06T09:34:05.957Z
948,1675,TX20240414475081,TRF_FEE,25,MRU,9449,PLATFORM,COLLECTED,2024-04-14T16:29:23.973Z
949,1676,TX20240802499650,WIT_FEE,200,MRU,5536,PLATFORM,COLLECTED,2024-08-02T12:54:40.754Z
950,1678,TX20240522397204,PAY_FEE,54,MRU,6469,MERCHANT,COLLECTED,2024-05-22T13:10:18.102Z
951,1679,TX20240407067396,TRF_FEE,50,MRU,5006,PLATFORM,COLLECTED,2024-04-07T15:48:35.225Z
952,1680,TX20240323197722,TRF_FEE,10,MRU,461,PLATFORM,COLLECTED,2024-03-23T19:43:52.675Z
953,1682,TX20241004555492,TRF_FEE,25,MRU,2190,PLATFORM,COLLECTED,2024-10-04T14:38:12.423Z
954,1683,TX20240210861089,WIT_FEE,50,MRU,5796,PLATFORM,COLLECTED,2024-02-10T04:37:41.508Z
955,1687,TX20240509781091,TRF_FEE,50,MRU,5318,PLATFORM,COLLECTED,2024-05-09T15:44:10.839Z
956,1689,TX20240104147760,TRF_FEE,25,MRU,7390,PLATFORM,COLLECTED,2024-01-04T08:36:40.270Z
957,1690,TX20240703119596,PAY_FEE,59,MRU,1370,MERCHANT,COLLECTED,2024-07-03T08:04:25.546Z
958,1691,TX20240204123603,TRF_FEE,50,MRU,9854,PLATFORM,COLLECTED,2024-02-04T15:46:30.106Z
959,1692,TX20240320836872,TRF_FEE,25,MRU,7917,PLATFORM,COLLECTED,2024-03-20T08:36:44.638Z
960,1693,TX20241008793161,PAY_FEE,126,MRU,5365,MERCHANT,COLLECTED,2024-10-08T05:22:38.285Z
961,1694,TX20240712725185,TRF_FEE,50,MRU,6354,PLATFORM,COLLECTED,2024-07-12T10:12:36.244Z
962,1695,TX20240701440116,PAY_FEE,24,MRU,9389,MERCHANT,COLLECTED,2024-07-01T15:29:46.930Z
963,1696,TX20240319437951,TRF_FEE,25,MRU,3383,PLATFORM,COLLECTED,2024-03-19T08:30:41.260Z
964,1698,TX20240519405452,WIT_FEE,100,MRU,5695,PLATFORM,COLLECTED,2024-05-19T18:01:59.113Z
965,1699,TX20241118393090,WIT_FEE,200,MRU,6432,PLATFORM,COLLECTED,2024-11-18T18:19:17.758Z
966,1702,TX20241001007724,SAL_FEE,1775,MRU,926,PLATFORM,COLLECTED,2024-10-01T15:58:02.070Z
967,1703,TX20240101397054,WIT_FEE,50,MRU,4032,PLATFORM,COLLECTED,2024-01-01T16:55:00.156Z
968,1705,TX20241229128441,WIT_FEE,100,MRU,1824,PLATFORM,COLLECTED,2024-12-29T18:57:45.297Z
969,1706,TX20240205401802,PAY_FEE,8,MRU,6437,MERCHANT,COLLECTED,2024-02-05T16:49:20.522Z
970,1707,TX20240327292596,PAY_FEE,68,MRU,3586,MERCHANT,COLLECTED,2024-03-27T16:59:04.160Z
971,1708,TX20240302320205,WIT_FEE,90,MRU,3698,PLATFORM,COLLECTED,2024-03-02T12:13:06.688Z
972,1709,TX20241016857459,WIT_FEE,67,MRU,4759,PLATFORM,COLLECTED,2024-10-16T05:57:22.960Z
973,1710,TX20240327630057,TRF_FEE,25,MRU,1198,PLATFORM,COLLECTED,2024-03-27T19:43:43.391Z
974,1713,TX20240418480390,WIT_FEE,50,MRU,3346,PLATFORM,COLLECTED,2024-04-18T07:48:16.870Z
975,1714,TX20240401009823,WIT_FEE,60,MRU,7739,PLATFORM,COLLECTED,2024-04-01T10:35:26.796Z
976,1715,TX20240106654823,PAY_FEE,104,MRU,5491,MERCHANT,COLLECTED,2024-01-06T12:03:54.818Z
977,1716,TX20240723773919,PAY_FEE,122,MRU,4555,MERCHANT,COLLECTED,2024-07-23T16:34:50.389Z
978,1718,TX20240106275019,TRF_FEE,10,MRU,136,PLATFORM,COLLECTED,2024-01-06T06:48:43.079Z
979,1721,TX20240209909475,PAY_FEE,62,MRU,7239,MERCHANT,COLLECTED,2024-02-09T18:03:09.130Z
980,1722,TX20241129405292,BIL_FEE,100,MRU,805,PLATFORM,COLLECTED,2024-11-29T09:49:35.129Z
981,1723,TX20240609450752,WIT_FEE,170,MRU,5361,PLATFORM,COLLECTED,2024-06-09T13:36:23.727Z
982,1724,TX20240606033971,TRF_FEE,25,MRU,8644,PLATFORM,COLLECTED,2024-06-06T09:55:04.555Z
983,1725,TX20240723383380,PAY_FEE,14,MRU,4418,MERCHANT,COLLECTED,2024-07-23T04:49:48.108Z
984,1726,TX20241027752619,TRF_FEE,25,MRU,7517,PLATFORM,COLLECTED,2024-10-27T19:19:05.154Z
985,1727,TX20240203497368,TRF_FEE,50,MRU,603,PLATFORM,COLLECTED,2024-02-03T09:48:01.996Z
986,1728,TX20240924812824,TRF_FEE,50,MRU,913,PLATFORM,COLLECTED,2024-09-24T11:51:48.130Z
987,1729,TX20241030892579,TRF_FEE,50,MRU,1733,PLATFORM,COLLECTED,2024-10-30T19:46:41.838Z
988,1730,TX20240219237471,TRF_FEE,50,MRU,5925,PLATFORM,COLLECTED,2024-02-19T15:06:30.251Z
989,1732,TX20240401147657,WIT_FEE,270,MRU,283,PLATFORM,COLLECTED,2024-04-01T16:21:58.901Z
990,1736,TX20241213570553,WIT_FEE,50,MRU,6241,PLATFORM,COLLECTED,2024-12-13T15:53:23.673Z
991,1743,TX20241230232554,WIT_FEE,50,MRU,9555,PLATFORM,COLLECTED,2024-12-30T15:16:26.501Z
992,1744,TX20241213302419,TRF_FEE,25,MRU,8803,PLATFORM,COLLECTED,2024-12-13T11:24:56.453Z
993,1745,TX20240201171361,WIT_FEE,50,MRU,4318,PLATFORM,COLLECTED,2024-02-01T11:26:37.018Z
994,1746,TX20240523005420,TRF_FEE,50,MRU,6402,PLATFORM,COLLECTED,2024-05-23T07:12:13.083Z
995,1747,TX20240823013905,PAY_FEE,116,MRU,890,MERCHANT,COLLECTED,2024-08-23T06:15:47.017Z
996,1748,TX20240612201116,TRF_FEE,50,MRU,1066,PLATFORM,COLLECTED,2024-06-12T07:04:28.830Z
997,1751,TX20240508301829,TRF_FEE,50,MRU,3722,PLATFORM,COLLECTED,2024-05-08T08:35:41.143Z
998,1753,TX20240412045035,TRF_FEE,50,MRU,616,PLATFORM,COLLECTED,2024-04-12T07:46:22.661Z
999,1756,TX20240825693758,TRF_FEE,25,MRU,2088,PLATFORM,COLLECTED,2024-08-25T07:24:11.915Z
1000,1758,TX20240414536339,TRF_FEE,50,MRU,10364,PLATFORM,COLLECTED,2024-04-14T14:10:35.371Z
1001,1759,TX20240529081076,TRF_FEE,50,MRU,10735,PLATFORM,COLLECTED,2024-05-29T14:39:42.197Z
1002,1760,TX20240321687563,WIT_FEE,50,MRU,3047,PLATFORM,COLLECTED,2024-03-21T14:11:26.406Z
1003,1761,TX20241026987274,TRF_FEE,50,MRU,6350,PLATFORM,COLLECTED,2024-10-26T13:36:55.642Z
1004,1762,TX20240516323682,PAY_FEE,116,MRU,5169,MERCHANT,COLLECTED,2024-05-16T10:31:44.297Z
1005,1763,TX20240104274079,TRF_FEE,25,MRU,2235,PLATFORM,COLLECTED,2024-01-04T17:39:12.196Z
1006,1764,TX20240616088220,TRF_FEE,50,MRU,2815,PLATFORM,COLLECTED,2024-06-16T08:24:12.825Z
1007,1766,TX20241220526479,PAY_FEE,98,MRU,7530,MERCHANT,COLLECTED,2024-12-20T18:32:22.970Z
1008,1767,TX20240809122215,WIT_FEE,50,MRU,7121,PLATFORM,COLLECTED,2024-08-09T16:10:56.396Z
1009,1769,TX20240916772448,PAY_FEE,390,MRU,9657,MERCHANT,COLLECTED,2024-09-16T10:47:44.517Z
1010,1771,TX20240221418532,WIT_FEE,100,MRU,269,PLATFORM,COLLECTED,2024-02-21T11:23:44.593Z
1011,1772,TX20240929028956,PAY_FEE,59,MRU,5158,MERCHANT,COLLECTED,2024-09-29T14:59:20.239Z
1012,1773,TX20240620463060,TRF_FEE,25,MRU,6309,PLATFORM,COLLECTED,2024-06-20T09:09:38.273Z
1013,1774,TX20240810503776,BIL_FEE,100,MRU,3802,PLATFORM,COLLECTED,2024-08-10T17:02:06.065Z
1014,1777,TX20240815957603,WIT_FEE,50,MRU,4584,PLATFORM,COLLECTED,2024-08-15T06:42:25.277Z
1015,1780,TX20241017704745,WIT_FEE,50,MRU,7592,PLATFORM,COLLECTED,2024-10-17T06:30:42.534Z
1016,1783,TX20241127311954,WIT_FEE,50,MRU,4220,PLATFORM,COLLECTED,2024-11-27T07:59:08.575Z
1017,1785,TX20240731246228,PAY_FEE,41,MRU,8470,MERCHANT,COLLECTED,2024-07-31T13:36:06.454Z
1018,1786,TX20240816827672,WIT_FEE,430,MRU,7422,PLATFORM,COLLECTED,2024-08-16T09:04:06.166Z
1019,1787,TX20240517787196,WIT_FEE,100,MRU,7312,PLATFORM,COLLECTED,2024-05-17T12:41:39.123Z
1020,1788,TX20240421091372,PAY_FEE,60,MRU,8172,MERCHANT,COLLECTED,2024-04-21T07:21:16.681Z
1021,1789,TX20241117091186,TRF_FEE,50,MRU,6012,PLATFORM,COLLECTED,2024-11-17T09:54:22.702Z
1022,1790,TX20241104026648,TRF_FEE,25,MRU,4733,PLATFORM,COLLECTED,2024-11-04T09:02:18.159Z
1023,1791,TX20240321718801,TRF_FEE,25,MRU,9530,PLATFORM,COLLECTED,2024-03-21T10:20:11.282Z
1024,1792,TX20240830311505,WIT_FEE,50,MRU,6432,PLATFORM,COLLECTED,2024-08-30T07:56:00.241Z
1025,1793,TX20240610397275,WIT_FEE,110,MRU,9231,PLATFORM,COLLECTED,2024-06-10T15:09:58.811Z
1026,1794,TX20241007164128,TRF_FEE,25,MRU,1299,PLATFORM,COLLECTED,2024-10-07T08:18:02.406Z
1027,1799,TX20240830161545,TRF_FEE,50,MRU,2710,PLATFORM,COLLECTED,2024-08-30T13:19:44.477Z
1028,1803,TX20240718630997,TRF_FEE,10,MRU,111,PLATFORM,COLLECTED,2024-07-18T09:27:10.284Z
1029,1806,TX20240227778553,PAY_FEE,63,MRU,6128,MERCHANT,COLLECTED,2024-02-27T09:31:02.234Z
1030,1807,TX20240803760398,WIT_FEE,50,MRU,9908,PLATFORM,COLLECTED,2024-08-03T06:18:49.594Z
1031,1809,TX20240531882244,WIT_FEE,50,MRU,1393,PLATFORM,COLLECTED,2024-05-31T13:14:29.398Z
1032,1813,TX20240125133117,TRF_FEE,25,MRU,3940,PLATFORM,COLLECTED,2024-01-25T11:04:57.939Z
1033,1818,TX20241009100217,TRF_FEE,10,MRU,4226,PLATFORM,COLLECTED,2024-10-09T10:47:23.694Z
1034,1819,TX20241027574078,WIT_FEE,110,MRU,8579,PLATFORM,COLLECTED,2024-10-27T15:47:02.238Z
1035,1821,TX20240611299130,SAL_FEE,1505,MRU,10473,PLATFORM,COLLECTED,2024-06-11T07:08:40.831Z
1036,1824,TX20240830346047,WIT_FEE,50,MRU,3862,PLATFORM,COLLECTED,2024-08-30T20:29:51.073Z
1037,1828,TX20240513924922,TRF_FEE,50,MRU,50,PLATFORM,COLLECTED,2024-05-13T07:11:02.758Z
1038,1829,TX20240821103055,TRF_FEE,50,MRU,9950,PLATFORM,COLLECTED,2024-08-21T03:32:24.498Z
1039,1832,TX20240724376986,SAL_FEE,2355,MRU,3673,PLATFORM,COLLECTED,2024-07-24T13:38:30.176Z
1040,1833,TX20241009250077,WIT_FEE,100,MRU,10013,PLATFORM,COLLECTED,2024-10-09T12:19:34.488Z
1041,1834,TX20240131637446,TRF_FEE,50,MRU,6272,PLATFORM,COLLECTED,2024-01-31T15:58:39.183Z
1042,1836,TX20241227714467,WIT_FEE,140,MRU,1677,PLATFORM,COLLECTED,2024-12-27T17:27:22.375Z
1043,1837,TX20240320019744,SAL_FEE,2285,MRU,6338,PLATFORM,COLLECTED,2024-03-20T08:35:36.012Z
1044,1839,TX20241205855756,TRF_FEE,25,MRU,1161,PLATFORM,COLLECTED,2024-12-05T17:58:03.429Z
1045,1841,TX20240713322441,WIT_FEE,150,MRU,9241,PLATFORM,COLLECTED,2024-07-13T15:11:19.241Z
1046,1843,TX20240507451500,WIT_FEE,100,MRU,5633,PLATFORM,COLLECTED,2024-05-07T06:12:36.386Z
1047,1844,TX20241227893007,WIT_FEE,66,MRU,8484,PLATFORM,COLLECTED,2024-12-27T08:42:25.220Z
1048,1845,TX20240226011997,TRF_FEE,25,MRU,9743,PLATFORM,COLLECTED,2024-02-26T10:38:13.706Z
1049,1850,TX20241230705687,TRF_FEE,25,MRU,8246,PLATFORM,COLLECTED,2024-12-30T09:21:53.322Z
1050,1853,TX20240525220858,PAY_FEE,44,MRU,6727,MERCHANT,COLLECTED,2024-05-25T07:48:26.098Z
1051,1854,TX20241116479767,TRF_FEE,50,MRU,3991,PLATFORM,COLLECTED,2024-11-16T05:21:22.290Z
1052,1857,TX20240301636192,PAY_FEE,30,MRU,2931,MERCHANT,COLLECTED,2024-03-01T17:46:22.914Z
1053,1858,TX20240118170356,TRF_FEE,25,MRU,3637,PLATFORM,COLLECTED,2024-01-18T13:22:35.733Z
1054,1859,TX20240924554576,TRF_FEE,25,MRU,4322,PLATFORM,COLLECTED,2024-09-24T10:25:04.917Z
1055,1860,TX20240718190158,SAL_FEE,2310,MRU,221,PLATFORM,COLLECTED,2024-07-18T08:54:55.103Z
1056,1861,TX20240604879069,WIT_FEE,500,MRU,4619,PLATFORM,COLLECTED,2024-06-04T08:08:01.330Z
1057,1862,TX20241008497392,TRF_FEE,25,MRU,6783,PLATFORM,COLLECTED,2024-10-08T18:35:29.744Z
1058,1864,TX20240212024028,TRF_FEE,25,MRU,3533,PLATFORM,COLLECTED,2024-02-12T10:30:03.855Z
1059,1865,TX20240212304512,TRF_FEE,25,MRU,6979,PLATFORM,COLLECTED,2024-02-12T08:56:25.247Z
1060,1867,TX20240807808180,TRF_FEE,25,MRU,5409,PLATFORM,COLLECTED,2024-08-07T09:40:09.608Z
1061,1869,TX20241030129904,TRF_FEE,25,MRU,2735,PLATFORM,COLLECTED,2024-10-30T16:11:57.405Z
1062,1870,TX20240410193361,WIT_FEE,50,MRU,4327,PLATFORM,COLLECTED,2024-04-10T17:44:08.977Z
1063,1873,TX20240625205794,TRF_FEE,50,MRU,9274,PLATFORM,COLLECTED,2024-06-25T17:49:06.414Z
1064,1874,TX20241217399453,WIT_FEE,120,MRU,610,PLATFORM,COLLECTED,2024-12-17T08:11:23.396Z
1065,1877,TX20240706109745,PAY_FEE,89,MRU,3153,MERCHANT,COLLECTED,2024-07-06T11:19:04.473Z
1066,1878,TX20240925968314,WIT_FEE,340,MRU,9513,PLATFORM,COLLECTED,2024-09-25T09:00:36.388Z
1067,1879,TX20240531016662,WIT_FEE,50,MRU,2054,PLATFORM,COLLECTED,2024-05-31T17:12:17.967Z
1068,1883,TX20240816898089,WIT_FEE,73,MRU,439,PLATFORM,COLLECTED,2024-08-16T15:46:44.315Z
1069,1884,TX20240807549006,TRF_FEE,50,MRU,2833,PLATFORM,COLLECTED,2024-08-07T10:14:27.093Z
1070,1885,TX20240828219504,TRF_FEE,25,MRU,7499,PLATFORM,COLLECTED,2024-08-28T09:38:46.023Z
1071,1886,TX20240306341047,WIT_FEE,50,MRU,3212,PLATFORM,COLLECTED,2024-03-06T09:28:07.187Z
1072,1888,TX20240227830571,PAY_FEE,98,MRU,1170,MERCHANT,COLLECTED,2024-02-27T16:15:22.731Z
1073,1889,TX20240602093003,WIT_FEE,82,MRU,6294,PLATFORM,COLLECTED,2024-06-02T09:55:11.959Z
1074,1894,TX20240612423431,TRF_FEE,25,MRU,5017,PLATFORM,COLLECTED,2024-06-12T10:19:59.351Z
1075,1897,TX20241126677695,TRF_FEE,25,MRU,2165,PLATFORM,COLLECTED,2024-11-26T20:11:27.600Z
1076,1898,TX20241009478477,PAY_FEE,56,MRU,9644,MERCHANT,COLLECTED,2024-10-09T05:44:35.848Z
1077,1900,TX20240308135188,WIT_FEE,50,MRU,2889,PLATFORM,COLLECTED,2024-03-08T09:46:23.027Z
1078,1903,TX20240913053356,WIT_FEE,51,MRU,4322,PLATFORM,COLLECTED,2024-09-13T13:29:10.311Z
1079,1905,TX20240920900367,TRF_FEE,25,MRU,7551,PLATFORM,COLLECTED,2024-09-20T21:42:32.993Z
1080,1906,TX20240504067721,SAL_FEE,2100,MRU,8770,PLATFORM,COLLECTED,2024-05-04T11:39:09.788Z
1081,1908,TX20240819333807,PAY_FEE,24,MRU,2160,MERCHANT,COLLECTED,2024-08-19T07:41:50.545Z
1082,1912,TX20240817580734,WIT_FEE,50,MRU,3889,PLATFORM,COLLECTED,2024-08-17T15:25:36.083Z
1083,1916,TX20240420601226,TRF_FEE,10,MRU,1827,PLATFORM,COLLECTED,2024-04-20T09:05:57.186Z
1084,1918,TX20240215915799,WIT_FEE,150,MRU,9704,PLATFORM,COLLECTED,2024-02-15T19:30:02.988Z
1085,1920,TX20240809988491,TRF_FEE,50,MRU,6200,PLATFORM,COLLECTED,2024-08-09T16:37:12.688Z
1086,1922,TX20240611552079,TRF_FEE,25,MRU,1928,PLATFORM,COLLECTED,2024-06-11T08:32:08.972Z
1087,1923,TX20240429257851,TRF_FEE,25,MRU,2961,PLATFORM,COLLECTED,2024-04-29T13:35:27.175Z
1088,1924,TX20240624699936,TRF_FEE,10,MRU,9767,PLATFORM,COLLECTED,2024-06-24T07:23:22.405Z
1089,1928,TX20240531288950,TRF_FEE,50,MRU,7829,PLATFORM,COLLECTED,2024-05-31T13:42:40.052Z
1090,1929,TX20240903853218,TRF_FEE,50,MRU,6981,PLATFORM,COLLECTED,2024-09-03T20:32:46.558Z
1091,1932,TX20240812349849,WIT_FEE,50,MRU,8029,PLATFORM,COLLECTED,2024-08-12T16:23:14.526Z
1092,1933,TX20241017278681,PAY_FEE,11,MRU,10349,MERCHANT,COLLECTED,2024-10-17T16:51:52.069Z
1093,1934,TX20240321194771,WIT_FEE,470,MRU,3837,PLATFORM,COLLECTED,2024-03-21T09:14:53.495Z
1094,1936,TX20240731434891,TRF_FEE,50,MRU,1116,PLATFORM,COLLECTED,2024-07-31T09:05:55.153Z
1095,1937,TX20240912958611,WIT_FEE,50,MRU,4855,PLATFORM,COLLECTED,2024-09-12T09:11:44.831Z
1096,1938,TX20241107279032,TRF_FEE,25,MRU,5328,PLATFORM,COLLECTED,2024-11-07T17:58:26.579Z
1097,1939,TX20240731963225,TRF_FEE,25,MRU,7457,PLATFORM,COLLECTED,2024-07-31T08:07:22.795Z
1098,1943,TX20240405028655,WIT_FEE,50,MRU,3618,PLATFORM,COLLECTED,2024-04-05T15:27:18.138Z
1099,1945,TX20240217394876,TRF_FEE,50,MRU,2687,PLATFORM,COLLECTED,2024-02-17T19:04:00.615Z
1100,1946,TX20240923190406,TRF_FEE,50,MRU,7026,PLATFORM,COLLECTED,2024-09-23T10:12:08.984Z
1101,1950,TX20240608374183,WIT_FEE,50,MRU,1128,PLATFORM,COLLECTED,2024-06-08T10:05:24.702Z
1102,1951,TX20240714561369,WIT_FEE,100,MRU,10344,PLATFORM,COLLECTED,2024-07-14T07:05:48.999Z
1103,1952,TX20240511993024,PAY_FEE,41,MRU,10727,MERCHANT,COLLECTED,2024-05-11T17:02:35.066Z
1104,1955,TX20240614328300,PAY_FEE,68,MRU,6422,MERCHANT,COLLECTED,2024-06-14T06:30:09.683Z
1105,1956,TX20240228507372,WIT_FEE,120,MRU,6782,PLATFORM,COLLECTED,2024-02-28T08:08:45.095Z
1106,1957,TX20240726162650,PAY_FEE,13,MRU,2771,MERCHANT,COLLECTED,2024-07-26T15:29:50.024Z
1107,1958,TX20241225858237,TRF_FEE,50,MRU,5280,PLATFORM,COLLECTED,2024-12-25T09:05:37.945Z
1108,1959,TX20240819035294,TRF_FEE,50,MRU,3817,PLATFORM,COLLECTED,2024-08-19T13:49:47.573Z
1109,1960,TX20240823967292,TRF_FEE,25,MRU,2687,PLATFORM,COLLECTED,2024-08-23T06:10:11.290Z
1110,1963,TX20241127565874,TRF_FEE,10,MRU,6512,PLATFORM,COLLECTED,2024-11-27T09:37:17.680Z
1111,1967,TX20241017960850,SAL_FEE,1185,MRU,6351,PLATFORM,COLLECTED,2024-10-17T10:41:49.290Z
1112,1968,TX20240529533981,WIT_FEE,50,MRU,3997,PLATFORM,COLLECTED,2024-05-29T11:35:45.555Z
1113,1970,TX20241111583632,BIL_FEE,100,MRU,2789,PLATFORM,COLLECTED,2024-11-11T15:35:35.658Z
1114,1972,TX20240122726413,TRF_FEE,50,MRU,1707,PLATFORM,COLLECTED,2024-01-22T13:32:38.429Z
1115,1973,TX20240502357721,WIT_FEE,200,MRU,4488,PLATFORM,COLLECTED,2024-05-02T14:23:41.729Z
1116,1974,TX20240627559512,TRF_FEE,25,MRU,9014,PLATFORM,COLLECTED,2024-06-27T08:35:24.439Z
1117,1977,TX20240227013276,TRF_FEE,25,MRU,673,PLATFORM,COLLECTED,2024-02-27T07:41:17.293Z
1118,1978,TX20240115127963,TRF_FEE,50,MRU,10443,PLATFORM,COLLECTED,2024-01-15T07:24:54.622Z
1119,1981,TX20240610627892,WIT_FEE,100,MRU,5159,PLATFORM,COLLECTED,2024-06-10T14:07:44.999Z
1120,1983,TX20240114974366,WIT_FEE,50,MRU,3326,PLATFORM,COLLECTED,2024-01-14T18:08:27.382Z
1121,1984,TX20240305938839,WIT_FEE,140,MRU,10776,PLATFORM,COLLECTED,2024-03-05T08:43:30.637Z
1122,1985,TX20240416345218,TRF_FEE,50,MRU,86,PLATFORM,COLLECTED,2024-04-16T13:43:10.767Z
1123,1986,TX20240927364095,TRF_FEE,10,MRU,6240,PLATFORM,COLLECTED,2024-09-27T19:14:08.059Z
1124,1988,TX20240228438503,WIT_FEE,51,MRU,1104,PLATFORM,COLLECTED,2024-02-28T08:50:09.237Z
1125,1989,TX20240323287063,PAY_FEE,180,MRU,10829,MERCHANT,COLLECTED,2024-03-23T10:26:04.409Z
1126,1991,TX20240829457230,WIT_FEE,200,MRU,4150,PLATFORM,COLLECTED,2024-08-29T14:49:15.212Z
1127,1992,TX20240108423858,TRF_FEE,50,MRU,5922,PLATFORM,COLLECTED,2024-01-08T10:39:07.132Z
1128,1995,TX20240213674062,WIT_FEE,200,MRU,184,PLATFORM,COLLECTED,2024-02-13T12:25:54.350Z
1129,1996,TX20241203012115,TRF_FEE,50,MRU,2319,PLATFORM,COLLECTED,2024-12-03T11:19:58.744Z
1130,1997,TX20241020691755,TRF_FEE,25,MRU,1748,PLATFORM,COLLECTED,2024-10-20T10:28:57.302Z
1131,1999,TX20240213276026,TRF_FEE,50,MRU,7172,PLATFORM,COLLECTED,2024-02-13T10:07:44.469Z
1132,2003,TX20240501097486,TRF_FEE,25,MRU,7785,PLATFORM,COLLECTED,2024-05-01T15:01:34.961Z
1133,2004,TX20240206109723,WIT_FEE,50,MRU,10338,PLATFORM,COLLECTED,2024-02-06T06:14:07.197Z
1134,2006,TX20241114009053,TRF_FEE,10,MRU,1369,PLATFORM,COLLECTED,2024-11-14T07:00:45.692Z
1135,2007,TX20240422266393,BIL_FEE,100,MRU,7366,PLATFORM,COLLECTED,2024-04-22T08:20:44.243Z
1136,2011,TX20240202253952,PAY_FEE,180,MRU,3877,MERCHANT,COLLECTED,2024-02-02T08:38:30.465Z
1137,2012,TX20240909828393,WIT_FEE,50,MRU,2821,PLATFORM,COLLECTED,2024-09-09T14:49:39.337Z
1138,2018,TX20240923131856,TRF_FEE,10,MRU,79,PLATFORM,COLLECTED,2024-09-23T16:21:09.518Z
1139,2024,TX20241016936588,TRF_FEE,10,MRU,4847,PLATFORM,COLLECTED,2024-10-16T10:08:31.511Z
1140,2025,TX20240207911430,PAY_FEE,360,MRU,2810,MERCHANT,COLLECTED,2024-02-07T13:10:12.695Z
1141,2026,TX20240225965998,PAY_FEE,29,MRU,6194,MERCHANT,COLLECTED,2024-02-25T13:07:02.153Z
1142,2027,TX20240723103046,WIT_FEE,200,MRU,8652,PLATFORM,COLLECTED,2024-07-23T04:12:07.627Z
1143,2028,TX20240111366999,WIT_FEE,85,MRU,5313,PLATFORM,COLLECTED,2024-01-11T15:01:01.093Z
1144,2031,TX20240906829910,BIL_FEE,100,MRU,10650,PLATFORM,COLLECTED,2024-09-06T07:13:13.821Z
1145,2033,TX20240822663352,TRF_FEE,50,MRU,1916,PLATFORM,COLLECTED,2024-08-22T10:47:32.151Z
1146,2034,TX20240928966654,TRF_FEE,50,MRU,5681,PLATFORM,COLLECTED,2024-09-28T16:59:59.932Z
1147,2035,TX20240709029855,SAL_FEE,1050,MRU,7901,PLATFORM,COLLECTED,2024-07-09T04:54:56.854Z
1148,2036,TX20240802458985,BIL_FEE,100,MRU,2679,PLATFORM,COLLECTED,2024-08-02T08:05:40.687Z
1149,2043,TX20240915373247,PAY_FEE,23,MRU,624,MERCHANT,COLLECTED,2024-09-15T13:52:28.907Z
1150,2044,TX20240214581034,TRF_FEE,25,MRU,668,PLATFORM,COLLECTED,2024-02-14T15:00:25.638Z
1151,2045,TX20240222042308,WIT_FEE,100,MRU,3861,PLATFORM,COLLECTED,2024-02-22T07:14:22.775Z
1152,2046,TX20241203086445,WIT_FEE,200,MRU,4663,PLATFORM,COLLECTED,2024-12-03T12:58:53.134Z
1153,2047,TX20240714732259,TRF_FEE,50,MRU,10279,PLATFORM,COLLECTED,2024-07-14T18:41:10.376Z
1154,2048,TX20240304556233,WIT_FEE,50,MRU,1413,PLATFORM,COLLECTED,2024-03-04T21:06:14.753Z
1155,2050,TX20241208128481,PAY_FEE,128,MRU,3803,MERCHANT,COLLECTED,2024-12-08T07:01:52.873Z
1156,2051,TX20241230023630,SAL_FEE,1455,MRU,7115,PLATFORM,COLLECTED,2024-12-30T12:36:54.260Z
1157,2052,TX20240423383678,WIT_FEE,50,MRU,9037,PLATFORM,COLLECTED,2024-04-23T08:12:50.162Z
1158,2054,TX20240907792771,TRF_FEE,50,MRU,508,PLATFORM,COLLECTED,2024-09-07T07:34:01.556Z
1159,2056,TX20240611610590,WIT_FEE,50,MRU,715,PLATFORM,COLLECTED,2024-06-11T04:44:50.504Z
1160,2058,TX20241227138773,WIT_FEE,470,MRU,3094,PLATFORM,COLLECTED,2024-12-27T14:58:47.962Z
1161,2059,TX20240417108979,WIT_FEE,50,MRU,8535,PLATFORM,COLLECTED,2024-04-17T17:30:15.635Z
1162,2064,TX20241019927468,PAY_FEE,17,MRU,153,MERCHANT,COLLECTED,2024-10-19T06:44:31.972Z
1163,2065,TX20240903807635,TRF_FEE,25,MRU,7392,PLATFORM,COLLECTED,2024-09-03T16:04:43.782Z
1164,2066,TX20240320589934,TRF_FEE,50,MRU,4440,PLATFORM,COLLECTED,2024-03-20T10:50:16.306Z
1165,2067,TX20241002673185,PAY_FEE,29,MRU,5694,MERCHANT,COLLECTED,2024-10-02T13:47:32.736Z
1166,2069,TX20240518153253,WIT_FEE,50,MRU,1058,PLATFORM,COLLECTED,2024-05-18T08:20:36.875Z
1167,2076,TX20240723033050,PAY_FEE,36,MRU,3106,MERCHANT,COLLECTED,2024-07-23T09:18:45.192Z
1168,2079,TX20240206009688,WIT_FEE,500,MRU,8124,PLATFORM,COLLECTED,2024-02-06T17:02:44.742Z
1169,2081,TX20240908095738,PAY_FEE,13,MRU,11010,MERCHANT,COLLECTED,2024-09-08T16:23:24.117Z
1170,2082,TX20240214282326,TRF_FEE,10,MRU,2410,PLATFORM,COLLECTED,2024-02-14T21:51:13.690Z
1171,2083,TX20241008767606,TRF_FEE,50,MRU,4645,PLATFORM,COLLECTED,2024-10-08T16:17:07.857Z
1172,2085,TX20240204318323,WIT_FEE,100,MRU,3923,PLATFORM,COLLECTED,2024-02-04T10:23:29.841Z
1173,2086,TX20240309395005,TRF_FEE,10,MRU,3714,PLATFORM,COLLECTED,2024-03-09T09:09:26.139Z
1174,2087,TX20240223900324,PAY_FEE,12,MRU,8155,MERCHANT,COLLECTED,2024-02-23T11:29:33.756Z
1175,2088,TX20240802509537,TRF_FEE,25,MRU,4552,PLATFORM,COLLECTED,2024-08-02T20:17:25.803Z
1176,2089,TX20241215608409,WIT_FEE,50,MRU,6153,PLATFORM,COLLECTED,2024-12-15T07:39:46.679Z
1177,2090,TX20240303276131,TRF_FEE,25,MRU,7033,PLATFORM,COLLECTED,2024-03-03T16:44:57.394Z
1178,2093,TX20240527196197,WIT_FEE,50,MRU,6116,PLATFORM,COLLECTED,2024-05-27T12:29:01.071Z
1179,2094,TX20240101120965,TRF_FEE,25,MRU,3508,PLATFORM,COLLECTED,2024-01-01T22:00:48.110Z
1180,2095,TX20240422382320,TRF_FEE,50,MRU,32,PLATFORM,COLLECTED,2024-04-22T05:36:00.333Z
1181,2096,TX20240701522118,TRF_FEE,50,MRU,5686,PLATFORM,COLLECTED,2024-07-01T13:10:24.334Z
1182,2100,TX20241018333816,PAY_FEE,57,MRU,7445,MERCHANT,COLLECTED,2024-10-18T14:08:22.572Z
1183,2103,TX20240210852288,PAY_FEE,45,MRU,1329,MERCHANT,COLLECTED,2024-02-10T10:45:14.733Z
1184,2104,TX20241102482957,WIT_FEE,50,MRU,2644,PLATFORM,COLLECTED,2024-11-02T12:23:58.855Z
1185,2105,TX20240702499650,TRF_FEE,25,MRU,1633,PLATFORM,COLLECTED,2024-07-02T17:40:45.500Z
1186,2107,TX20240813971702,WIT_FEE,50,MRU,3850,PLATFORM,COLLECTED,2024-08-13T07:18:06.585Z
1187,2111,TX20240910555492,PAY_FEE,15,MRU,528,MERCHANT,COLLECTED,2024-09-10T14:12:25.197Z
1188,2112,TX20240210249504,WIT_FEE,50,MRU,5796,PLATFORM,COLLECTED,2024-02-10T04:37:41.508Z
1189,2115,TX20240525241497,TRF_FEE,50,MRU,5534,PLATFORM,COLLECTED,2024-05-25T18:46:03.256Z
1190,2116,TX20240927629330,PAY_FEE,62,MRU,1735,MERCHANT,COLLECTED,2024-09-27T07:50:28.744Z
1191,2118,TX20240903000045,TRF_FEE,25,MRU,4120,PLATFORM,COLLECTED,2024-09-03T08:40:12.339Z
1192,2120,TX20240701519034,PAY_FEE,36,MRU,3451,MERCHANT,COLLECTED,2024-07-01T06:53:37.059Z
1193,2122,TX20240825457774,WIT_FEE,50,MRU,6465,PLATFORM,COLLECTED,2024-08-25T08:29:50.159Z
1194,2123,TX20240728626091,WIT_FEE,50,MRU,10737,PLATFORM,COLLECTED,2024-07-28T11:55:33.549Z
1195,2124,TX20240425117453,PAY_FEE,41,MRU,6404,MERCHANT,COLLECTED,2024-04-25T08:20:18.440Z
1196,2125,TX20240202260797,WIT_FEE,200,MRU,4851,PLATFORM,COLLECTED,2024-02-02T12:25:05.981Z
1197,2128,TX20240731413630,PAY_FEE,143,MRU,6113,MERCHANT,COLLECTED,2024-07-31T10:46:18.326Z
1198,2129,TX20240922280287,TRF_FEE,25,MRU,2272,PLATFORM,COLLECTED,2024-09-22T06:27:12.649Z
1199,2130,TX20240917535536,WIT_FEE,50,MRU,9669,PLATFORM,COLLECTED,2024-09-17T06:20:52.844Z
1200,2132,TX20240516699158,TRF_FEE,25,MRU,4396,PLATFORM,COLLECTED,2024-05-16T21:25:10.382Z
1201,2133,TX20240903714513,PAY_FEE,51,MRU,2675,MERCHANT,COLLECTED,2024-09-03T08:38:04.410Z
1202,2134,TX20240418978759,PAY_FEE,20,MRU,185,MERCHANT,COLLECTED,2024-04-18T07:32:55.227Z
1203,2136,TX20241001631778,WIT_FEE,50,MRU,3089,PLATFORM,COLLECTED,2024-10-01T20:04:09.323Z
1204,2139,TX20241213046615,WIT_FEE,100,MRU,9139,PLATFORM,COLLECTED,2024-12-13T16:43:23.109Z
1205,2140,TX20240110920615,WIT_FEE,50,MRU,8174,PLATFORM,COLLECTED,2024-01-10T11:01:23.571Z
1206,2142,TX20240418051052,WIT_FEE,50,MRU,3346,PLATFORM,COLLECTED,2024-04-18T07:48:16.870Z
1207,2143,TX20240613558152,WIT_FEE,50,MRU,10278,PLATFORM,COLLECTED,2024-06-13T13:26:47.702Z
1208,2151,TX20240217441051,TRF_FEE,50,MRU,3486,PLATFORM,COLLECTED,2024-02-17T07:10:31.835Z
1209,2154,TX20240108528083,TRF_FEE,10,MRU,9819,PLATFORM,COLLECTED,2024-01-08T17:48:06.399Z
1210,2156,TX20240816022216,TRF_FEE,10,MRU,10985,PLATFORM,COLLECTED,2024-08-16T06:14:48.022Z
1211,2159,TX20241109155259,TRF_FEE,10,MRU,5536,PLATFORM,COLLECTED,2024-11-09T14:08:38.101Z
1212,2160,TX20241013891827,WIT_FEE,270,MRU,5613,PLATFORM,COLLECTED,2024-10-13T06:43:59.236Z
1213,2161,TX20240401556293,WIT_FEE,270,MRU,283,PLATFORM,COLLECTED,2024-04-01T16:21:58.901Z
1214,2162,TX20240927083968,WIT_FEE,250,MRU,9618,PLATFORM,COLLECTED,2024-09-27T14:04:12.289Z
1215,2163,TX20240524887828,TRF_FEE,25,MRU,251,PLATFORM,COLLECTED,2024-05-24T04:47:39.521Z
1216,2166,TX20240322117104,WIT_FEE,50,MRU,9940,PLATFORM,COLLECTED,2024-03-22T19:14:11.801Z
1217,2168,TX20241117978569,BIL_FEE,100,MRU,2243,PLATFORM,COLLECTED,2024-11-16T23:40:27.948Z
1218,2170,TX20240909719234,WIT_FEE,82,MRU,1867,PLATFORM,COLLECTED,2024-09-09T10:09:13.885Z
1219,2171,TX20240722034875,WIT_FEE,50,MRU,9203,PLATFORM,COLLECTED,2024-07-22T12:44:17.866Z
1220,2174,TX20240612951142,TRF_FEE,50,MRU,4608,PLATFORM,COLLECTED,2024-06-12T13:01:23.490Z
1221,2177,TX20241030756579,TRF_FEE,50,MRU,5052,PLATFORM,COLLECTED,2024-10-30T07:58:47.218Z
1222,2178,TX20240418428302,TRF_FEE,25,MRU,8953,PLATFORM,COLLECTED,2024-04-18T09:45:12.957Z
1223,2179,TX20240423428768,PAY_FEE,23,MRU,6961,MERCHANT,COLLECTED,2024-04-23T06:22:17.980Z
1224,2181,TX20241207801287,TRF_FEE,50,MRU,7416,PLATFORM,COLLECTED,2024-12-07T10:28:55.117Z
1225,2184,TX20240307699851,PAY_FEE,18,MRU,6024,MERCHANT,COLLECTED,2024-03-07T14:50:20.430Z
1226,2186,TX20240212520791,WIT_FEE,68,MRU,2064,PLATFORM,COLLECTED,2024-02-12T17:39:38.015Z
1227,2188,TX20240313488439,PAY_FEE,9,MRU,7581,MERCHANT,COLLECTED,2024-03-13T20:08:07.872Z
1228,2189,TX20240528338191,TRF_FEE,50,MRU,638,PLATFORM,COLLECTED,2024-05-28T08:24:20.165Z
1229,2190,TX20241204877665,TRF_FEE,50,MRU,6936,PLATFORM,COLLECTED,2024-12-04T15:34:53.780Z
1230,2191,TX20240418718309,PAY_FEE,33,MRU,7698,MERCHANT,COLLECTED,2024-04-18T11:38:08.522Z
1231,2195,TX20241220423238,WIT_FEE,50,MRU,1487,PLATFORM,COLLECTED,2024-12-20T15:21:38.259Z
1232,2196,TX20241214362815,TRF_FEE,50,MRU,4478,PLATFORM,COLLECTED,2024-12-14T08:20:19.253Z
1233,2197,TX20240512526380,TRF_FEE,25,MRU,5787,PLATFORM,COLLECTED,2024-05-12T05:03:11.460Z
1234,2198,TX20241115317548,TRF_FEE,50,MRU,8528,PLATFORM,COLLECTED,2024-11-15T15:30:33.941Z
1235,2199,TX20240528617050,TRF_FEE,25,MRU,5418,PLATFORM,COLLECTED,2024-05-28T15:24:46.419Z
1236,2200,TX20241211460692,TRF_FEE,25,MRU,7676,PLATFORM,COLLECTED,2024-12-11T18:31:42.418Z
1237,2202,TX20240727452308,WIT_FEE,200,MRU,5861,PLATFORM,COLLECTED,2024-07-27T17:14:14.338Z
1238,2208,TX20240115041544,PAY_FEE,27,MRU,6994,MERCHANT,COLLECTED,2024-01-15T08:57:10.772Z
1239,2209,TX20240905527947,WIT_FEE,100,MRU,10670,PLATFORM,COLLECTED,2024-09-05T15:53:42.042Z
1240,2210,TX20240126622666,PAY_FEE,18,MRU,7193,MERCHANT,COLLECTED,2024-01-26T17:55:07.103Z
1241,2211,TX20240530332575,TRF_FEE,25,MRU,1389,PLATFORM,COLLECTED,2024-05-30T11:30:28.161Z
1242,2213,TX20241107168128,TRF_FEE,50,MRU,9818,PLATFORM,COLLECTED,2024-11-07T13:54:28.783Z
1243,2214,TX20240720194455,PAY_FEE,32,MRU,8970,MERCHANT,COLLECTED,2024-07-20T08:23:08.942Z
1244,2217,TX20240927947529,TRF_FEE,50,MRU,997,PLATFORM,COLLECTED,2024-09-27T15:47:47.617Z
1245,2218,TX20240111823460,TRF_FEE,50,MRU,994,PLATFORM,COLLECTED,2024-01-11T19:12:55.271Z
1246,2219,TX20240909875058,TRF_FEE,25,MRU,291,PLATFORM,COLLECTED,2024-09-09T08:07:49.894Z
1247,2224,TX20240901159629,WIT_FEE,59,MRU,216,PLATFORM,COLLECTED,2024-09-01T08:03:54.485Z
1248,2225,TX20241024452255,WIT_FEE,50,MRU,76,PLATFORM,COLLECTED,2024-10-24T07:53:19.573Z
1249,2226,TX20240615261994,TRF_FEE,50,MRU,488,PLATFORM,COLLECTED,2024-06-15T15:58:23.886Z
1250,2227,TX20240820557628,TRF_FEE,25,MRU,4903,PLATFORM,COLLECTED,2024-08-20T09:18:33.730Z
1251,2229,TX20241225773222,SAL_FEE,1935,MRU,1391,PLATFORM,COLLECTED,2024-12-25T14:02:32.032Z
1252,2230,TX20240622691147,TRF_FEE,25,MRU,333,PLATFORM,COLLECTED,2024-06-22T15:12:29.394Z
1253,2232,TX20240818635490,PAY_FEE,6,MRU,4406,MERCHANT,COLLECTED,2024-08-18T16:39:03.488Z
1254,2233,TX20240731644469,TRF_FEE,25,MRU,10351,PLATFORM,COLLECTED,2024-07-31T04:07:55.597Z
1255,2235,TX20241125373142,PAY_FEE,65,MRU,10721,MERCHANT,COLLECTED,2024-11-25T11:34:56.039Z
1256,2236,TX20241029395102,TRF_FEE,10,MRU,222,PLATFORM,COLLECTED,2024-10-29T10:45:19.090Z
1257,2238,TX20241217621965,PAY_FEE,123,MRU,7870,MERCHANT,COLLECTED,2024-12-17T11:39:52.610Z
1258,2241,TX20241227054855,PAY_FEE,69,MRU,9429,MERCHANT,COLLECTED,2024-12-27T16:24:26.524Z
1259,2243,TX20240709571784,PAY_FEE,180,MRU,10773,MERCHANT,COLLECTED,2024-07-09T06:43:21.195Z
1260,2244,TX20240909525139,WIT_FEE,50,MRU,2630,PLATFORM,COLLECTED,2024-09-09T18:41:51.650Z
1261,2245,TX20240726845060,TRF_FEE,25,MRU,3223,PLATFORM,COLLECTED,2024-07-26T03:21:45.943Z
1262,2246,TX20240820350976,TRF_FEE,25,MRU,4640,PLATFORM,COLLECTED,2024-08-20T11:47:40.346Z
1263,2247,TX20240523100217,PAY_FEE,14,MRU,1499,MERCHANT,COLLECTED,2024-05-23T16:23:41.382Z
1264,2248,TX20241027199520,WIT_FEE,50,MRU,8579,PLATFORM,COLLECTED,2024-10-27T15:47:02.238Z
1265,2249,TX20241210161842,WIT_FEE,50,MRU,6408,PLATFORM,COLLECTED,2024-12-10T19:39:22.432Z
1266,2252,TX20240322751610,WIT_FEE,50,MRU,1887,PLATFORM,COLLECTED,2024-03-22T18:31:38.590Z
1267,2253,TX20241215859317,BIL_FEE,100,MRU,5465,PLATFORM,COLLECTED,2024-12-15T10:31:40.839Z
1268,2255,TX20240424920929,PAY_FEE,21,MRU,2321,MERCHANT,COLLECTED,2024-04-24T14:45:46.709Z
1269,2257,TX20240102273508,PAY_FEE,117,MRU,1060,MERCHANT,COLLECTED,2024-01-02T09:45:33.439Z
1270,2258,TX20240630184415,TRF_FEE,50,MRU,10985,PLATFORM,COLLECTED,2024-06-30T17:51:58.891Z
1271,2259,TX20240705054116,TRF_FEE,25,MRU,9878,PLATFORM,COLLECTED,2024-07-05T07:10:59.028Z
1272,2260,TX20241022476287,PAY_FEE,255,MRU,2224,MERCHANT,COLLECTED,2024-10-22T07:56:43.968Z
1273,2262,TX20240622134591,BIL_FEE,100,MRU,7994,PLATFORM,COLLECTED,2024-06-22T15:13:33.250Z
1274,2264,TX20240813441433,WIT_FEE,50,MRU,8531,PLATFORM,COLLECTED,2024-08-13T14:08:23.681Z
1275,2268,TX20240207114182,WIT_FEE,50,MRU,2424,PLATFORM,COLLECTED,2024-02-07T17:58:40.468Z
1276,2269,TX20240603592581,TRF_FEE,50,MRU,6444,PLATFORM,COLLECTED,2024-06-03T18:20:56.522Z
1277,2270,TX20240422054081,TRF_FEE,25,MRU,3106,PLATFORM,COLLECTED,2024-04-22T09:44:40.612Z
1278,2271,TX20240601253846,WIT_FEE,50,MRU,7986,PLATFORM,COLLECTED,2024-06-01T08:07:36.023Z
1279,2272,TX20240613340916,WIT_FEE,50,MRU,6670,PLATFORM,COLLECTED,2024-06-13T05:17:01.937Z
1280,2274,TX20241115805453,BIL_FEE,100,MRU,1373,PLATFORM,COLLECTED,2024-11-15T08:00:33.819Z
1281,2275,TX20241205578598,TRF_FEE,50,MRU,6307,PLATFORM,COLLECTED,2024-12-05T08:02:55.019Z
1282,2276,TX20240213144707,SAL_FEE,360,MRU,7890,PLATFORM,COLLECTED,2024-02-13T18:14:28.466Z
1283,2277,TX20240721481352,WIT_FEE,50,MRU,10266,PLATFORM,COLLECTED,2024-07-21T16:24:10.537Z
1284,2278,TX20240917608118,TRF_FEE,25,MRU,1225,PLATFORM,COLLECTED,2024-09-17T13:10:11.820Z
1285,2284,TX20240619483127,TRF_FEE,50,MRU,112,PLATFORM,COLLECTED,2024-06-19T18:01:42.461Z
1286,2286,TX20241005610308,TRF_FEE,25,MRU,6808,PLATFORM,COLLECTED,2024-10-05T13:26:49.703Z
1287,2288,TX20241012079373,TRF_FEE,50,MRU,3387,PLATFORM,COLLECTED,2024-10-12T08:11:14.338Z
1288,2291,TX20240627169069,WIT_FEE,50,MRU,10758,PLATFORM,COLLECTED,2024-06-27T19:35:51.895Z
1289,2292,TX20240121144785,WIT_FEE,160,MRU,8335,PLATFORM,COLLECTED,2024-01-21T08:37:36.116Z
1290,2294,TX20240619121529,PAY_FEE,63,MRU,7455,MERCHANT,COLLECTED,2024-06-19T12:49:36.175Z
1291,2295,TX20240702411311,WIT_FEE,420,MRU,6619,PLATFORM,COLLECTED,2024-07-02T15:26:34.586Z
1292,2296,TX20241228217150,TRF_FEE,50,MRU,9612,PLATFORM,COLLECTED,2024-12-28T10:31:02.054Z
1293,2297,TX20240328419470,TRF_FEE,50,MRU,6490,PLATFORM,COLLECTED,2024-03-28T20:25:40.736Z
1294,2298,TX20240915542766,TRF_FEE,25,MRU,10544,PLATFORM,COLLECTED,2024-09-15T17:41:02.302Z
1295,2300,TX20240624571616,TRF_FEE,50,MRU,2071,PLATFORM,COLLECTED,2024-06-24T08:29:08.578Z
1296,2301,TX20240515782635,PAY_FEE,165,MRU,4477,MERCHANT,COLLECTED,2024-05-15T07:04:45.147Z
1297,2302,TX20240107677990,WIT_FEE,50,MRU,10922,PLATFORM,COLLECTED,2024-01-07T17:02:33.587Z
1298,2303,TX20240222395333,TRF_FEE,25,MRU,8589,PLATFORM,COLLECTED,2024-02-22T10:57:06.665Z
1299,2304,TX20241009451167,TRF_FEE,25,MRU,8187,PLATFORM,COLLECTED,2024-10-09T14:36:10.754Z
1300,2305,TX20240618649186,TRF_FEE,50,MRU,9133,PLATFORM,COLLECTED,2024-06-18T05:27:13.181Z
1301,2307,TX20241217197340,WIT_FEE,50,MRU,5501,PLATFORM,COLLECTED,2024-12-17T19:18:24.545Z
1302,2308,TX20240901587458,TRF_FEE,25,MRU,8981,PLATFORM,COLLECTED,2024-09-01T14:00:59.004Z
1303,2309,TX20241228753700,TRF_FEE,50,MRU,51,PLATFORM,COLLECTED,2024-12-28T13:18:03.602Z
1304,2311,TX20240120151416,TRF_FEE,25,MRU,9423,PLATFORM,COLLECTED,2024-01-20T13:45:53.917Z
1305,2312,TX20240423243935,TRF_FEE,50,MRU,1577,PLATFORM,COLLECTED,2024-04-23T07:57:37.771Z
1306,2314,TX20240219664772,TRF_FEE,50,MRU,3846,PLATFORM,COLLECTED,2024-02-19T10:34:40.454Z
1307,2315,TX20240830817799,TRF_FEE,25,MRU,5590,PLATFORM,COLLECTED,2024-08-30T14:35:30.528Z
1308,2316,TX20240926072965,WIT_FEE,110,MRU,9942,PLATFORM,COLLECTED,2024-09-26T14:13:06.310Z
1309,2317,TX20240327809810,PAY_FEE,65,MRU,2695,MERCHANT,COLLECTED,2024-03-27T16:07:17.575Z
1310,2320,TX20240828003002,PAY_FEE,68,MRU,9840,MERCHANT,COLLECTED,2024-08-28T08:12:34.709Z
1311,2321,TX20240604210883,PAY_FEE,45,MRU,3368,MERCHANT,COLLECTED,2024-06-04T16:23:37.171Z
1312,2322,TX20241102838217,TRF_FEE,10,MRU,6493,PLATFORM,COLLECTED,2024-11-02T14:16:46.806Z
1313,2325,TX20241004360455,TRF_FEE,25,MRU,2190,PLATFORM,COLLECTED,2024-10-04T14:38:12.423Z
1314,2328,TX20240117539410,TRF_FEE,25,MRU,8915,PLATFORM,COLLECTED,2024-01-17T05:56:23.408Z
1315,2329,TX20240831241497,WIT_FEE,50,MRU,2842,PLATFORM,COLLECTED,2024-08-31T10:56:46.060Z
1316,2330,TX20240927847629,PAY_FEE,62,MRU,1735,MERCHANT,COLLECTED,2024-09-27T07:50:28.744Z
1317,2336,TX20240414457774,TRF_FEE,50,MRU,5630,PLATFORM,COLLECTED,2024-04-14T11:50:09.584Z
1318,2337,TX20240728226154,WIT_FEE,50,MRU,10737,PLATFORM,COLLECTED,2024-07-28T11:55:33.549Z
1319,2338,TX20240412351272,WIT_FEE,50,MRU,10303,PLATFORM,COLLECTED,2024-04-12T09:18:26.578Z
1320,2339,TX20240205868277,TRF_FEE,50,MRU,5360,PLATFORM,COLLECTED,2024-02-05T21:26:13.799Z
1321,2340,TX20241005871671,PAY_FEE,180,MRU,8724,MERCHANT,COLLECTED,2024-10-05T06:14:31.644Z
1322,2341,TX20240412713096,PAY_FEE,8,MRU,6233,MERCHANT,COLLECTED,2024-04-12T19:26:06.405Z
1323,2342,TX20240526598675,TRF_FEE,25,MRU,10467,PLATFORM,COLLECTED,2024-05-26T15:18:19.551Z
1324,2346,TX20241229803232,WIT_FEE,50,MRU,5158,PLATFORM,COLLECTED,2024-12-29T11:10:22.397Z
1325,2347,TX20240823642227,WIT_FEE,60,MRU,555,PLATFORM,COLLECTED,2024-08-23T06:24:14.295Z
1326,2349,TX20240731321707,TRF_FEE,50,MRU,4448,PLATFORM,COLLECTED,2024-07-31T05:06:48.774Z
1327,2350,TX20240411686428,WIT_FEE,50,MRU,10149,PLATFORM,COLLECTED,2024-04-11T17:16:22.292Z
1328,2351,TX20240526069908,TRF_FEE,25,MRU,2605,PLATFORM,COLLECTED,2024-05-26T08:17:19.671Z
1329,2353,TX20240726717437,PAY_FEE,225,MRU,9223,MERCHANT,COLLECTED,2024-07-26T18:08:55.630Z
1330,2354,TX20240727806775,WIT_FEE,50,MRU,6069,PLATFORM,COLLECTED,2024-07-27T15:34:09.962Z
1331,2356,TX20240315552105,WIT_FEE,50,MRU,10689,PLATFORM,COLLECTED,2024-03-15T14:04:36.322Z
1332,2357,TX20241206913482,PAY_FEE,87,MRU,5483,MERCHANT,COLLECTED,2024-12-06T11:57:47.162Z
1333,2362,TX20241027082545,SAL_FEE,995,MRU,10308,PLATFORM,COLLECTED,2024-10-27T18:57:01.396Z
1334,2368,TX20240209989467,PAY_FEE,50,MRU,10949,MERCHANT,COLLECTED,2024-02-09T11:53:14.586Z
1335,2371,TX20240217317731,PAY_FEE,62,MRU,1778,MERCHANT,COLLECTED,2024-02-17T07:46:04.285Z
1336,2372,TX20240908140648,PAY_FEE,33,MRU,442,MERCHANT,COLLECTED,2024-09-08T16:09:07.778Z
1337,2374,TX20241226891827,PAY_FEE,65,MRU,5387,MERCHANT,COLLECTED,2024-12-26T09:30:45.543Z
1338,2375,TX20240401528257,WIT_FEE,270,MRU,283,PLATFORM,COLLECTED,2024-04-01T16:21:58.901Z
1339,2376,TX20240830083968,PAY_FEE,5,MRU,9765,MERCHANT,COLLECTED,2024-08-30T06:12:17.871Z
1340,2377,TX20240524143753,TRF_FEE,25,MRU,251,PLATFORM,COLLECTED,2024-05-24T04:47:39.521Z
1341,2378,TX20240129124215,PAY_FEE,17,MRU,7233,MERCHANT,COLLECTED,2024-01-29T10:55:57.401Z
1342,2380,TX20241210848364,WIT_FEE,50,MRU,8706,PLATFORM,COLLECTED,2024-12-10T09:11:48.900Z
1343,2383,TX20240531961875,WIT_FEE,50,MRU,4657,PLATFORM,COLLECTED,2024-05-31T18:49:06.421Z
1344,2385,TX20241112030579,WIT_FEE,110,MRU,48,PLATFORM,COLLECTED,2024-11-12T17:15:01.437Z
1345,2386,TX20240124510776,WIT_FEE,50,MRU,2582,PLATFORM,COLLECTED,2024-01-24T16:04:29.525Z
1346,2389,TX20240131560195,WIT_FEE,50,MRU,5236,PLATFORM,COLLECTED,2024-01-31T14:12:50.096Z
1347,2392,TX20241002515217,WIT_FEE,50,MRU,6602,PLATFORM,COLLECTED,2024-10-02T07:57:48.549Z
1348,2394,TX20240320538752,TRF_FEE,50,MRU,1656,PLATFORM,COLLECTED,2024-03-20T13:40:48.301Z
1349,2395,TX20241203219066,TRF_FEE,10,MRU,8506,PLATFORM,COLLECTED,2024-12-03T07:40:32.833Z
1350,2396,TX20240211344802,TRF_FEE,50,MRU,3874,PLATFORM,COLLECTED,2024-02-11T13:15:32.045Z
1351,2397,TX20240225416802,TRF_FEE,25,MRU,6548,PLATFORM,COLLECTED,2024-02-25T11:32:56.333Z
1352,2398,TX20241106026203,TRF_FEE,25,MRU,2207,PLATFORM,COLLECTED,2024-11-06T10:25:32.286Z
1353,2399,TX20240713150794,BIL_FEE,100,MRU,3651,PLATFORM,COLLECTED,2024-07-13T13:18:57.693Z
1354,2403,TX20240410281973,TRF_FEE,25,MRU,1970,PLATFORM,COLLECTED,2024-04-10T10:20:09.058Z
1355,2405,TX20240613543093,WIT_FEE,50,MRU,7002,PLATFORM,COLLECTED,2024-06-13T12:44:17.467Z
1356,2406,TX20240319343039,TRF_FEE,25,MRU,5322,PLATFORM,COLLECTED,2024-03-19T08:12:45.446Z
1357,2409,TX20240906409718,SAL_FEE,2445,MRU,5828,PLATFORM,COLLECTED,2024-09-06T09:38:15.134Z
1358,2411,TX20240329852471,TRF_FEE,10,MRU,605,PLATFORM,COLLECTED,2024-03-29T10:25:21.041Z
1359,2412,TX20241013864718,TRF_FEE,50,MRU,5617,PLATFORM,COLLECTED,2024-10-13T15:31:52.710Z
1360,2414,TX20240110760024,TRF_FEE,25,MRU,5801,PLATFORM,COLLECTED,2024-01-10T05:41:56.910Z
1361,2415,TX20240328826940,WIT_FEE,50,MRU,10696,PLATFORM,COLLECTED,2024-03-28T12:44:45.151Z
1362,2416,TX20240727099404,WIT_FEE,50,MRU,5861,PLATFORM,COLLECTED,2024-07-27T17:14:14.338Z
1363,2421,TX20241219633228,SAL_FEE,1030,MRU,1713,PLATFORM,COLLECTED,2024-12-19T10:43:59.833Z
1364,2424,TX20241212792636,TRF_FEE,25,MRU,1430,PLATFORM,COLLECTED,2024-12-12T17:04:51.918Z
1365,2426,TX20240301052060,TRF_FEE,25,MRU,3457,PLATFORM,COLLECTED,2024-03-01T13:21:26.220Z
1366,2428,TX20240706194455,WIT_FEE,140,MRU,1602,PLATFORM,COLLECTED,2024-07-06T16:33:14.398Z
1367,2431,TX20241018165403,PAY_FEE,480,MRU,866,MERCHANT,COLLECTED,2024-10-18T13:05:09.760Z
1368,2433,TX20240909615041,TRF_FEE,25,MRU,291,PLATFORM,COLLECTED,2024-09-09T08:07:49.894Z
1369,2435,TX20240731888938,WIT_FEE,50,MRU,1301,PLATFORM,COLLECTED,2024-07-31T07:32:42.392Z
1370,2437,TX20240117634884,WIT_FEE,50,MRU,3886,PLATFORM,COLLECTED,2024-01-17T11:07:46.691Z
1371,2438,TX20240325159629,TRF_FEE,50,MRU,7111,PLATFORM,COLLECTED,2024-03-25T06:54:29.019Z
1372,2439,TX20241024365225,WIT_FEE,50,MRU,76,PLATFORM,COLLECTED,2024-10-24T07:53:19.573Z
1373,2440,TX20241002054006,TRF_FEE,50,MRU,10170,PLATFORM,COLLECTED,2024-10-02T20:23:53.044Z
1374,2441,TX20240424643352,WIT_FEE,50,MRU,2762,PLATFORM,COLLECTED,2024-04-24T13:43:26.379Z
1375,2444,TX20240416259814,WIT_FEE,50,MRU,3,PLATFORM,COLLECTED,2024-04-16T08:34:38.691Z
1376,2445,TX20241001440009,WIT_FEE,54,MRU,875,PLATFORM,COLLECTED,2024-10-01T08:02:13.989Z
1377,2447,TX20240222070692,TRF_FEE,50,MRU,2152,PLATFORM,COLLECTED,2024-02-22T11:38:38.465Z
1378,2449,TX20240516136373,PAY_FEE,20,MRU,1615,MERCHANT,COLLECTED,2024-05-16T07:20:34.468Z
1379,2451,TX20240925783399,WIT_FEE,50,MRU,4252,PLATFORM,COLLECTED,2024-09-25T13:23:12.148Z
1380,2453,TX20240614651149,TRF_FEE,25,MRU,2572,PLATFORM,COLLECTED,2024-06-14T10:16:23.417Z
1381,2455,TX20240609283026,SAL_FEE,925,MRU,2703,PLATFORM,COLLECTED,2024-06-09T15:57:54.773Z
1382,2459,TX20241110469982,WIT_FEE,200,MRU,2607,PLATFORM,COLLECTED,2024-11-10T14:53:50.977Z
1383,2460,TX20241018431615,WIT_FEE,50,MRU,7645,PLATFORM,COLLECTED,2024-10-18T10:21:01.760Z
1384,2461,TX20240206523548,WIT_FEE,50,MRU,9916,PLATFORM,COLLECTED,2024-02-06T10:30:34.655Z
1385,2463,TX20240810146248,PAY_FEE,110,MRU,1792,MERCHANT,COLLECTED,2024-08-10T15:33:59.561Z
1386,2464,TX20241010135187,TRF_FEE,50,MRU,6353,PLATFORM,COLLECTED,2024-10-10T13:40:02.433Z
1387,2465,TX20241011421054,PAY_FEE,60,MRU,6137,MERCHANT,COLLECTED,2024-10-11T09:05:44.397Z
1388,2468,TX20241014596808,TRF_FEE,50,MRU,10088,PLATFORM,COLLECTED,2024-10-14T11:44:14.564Z
1389,2472,TX20240207881629,TRF_FEE,50,MRU,5209,PLATFORM,COLLECTED,2024-02-07T07:37:31.184Z
1390,2473,TX20240724462214,TRF_FEE,25,MRU,546,PLATFORM,COLLECTED,2024-07-24T15:21:09.054Z
1391,2474,TX20240709554963,TRF_FEE,25,MRU,6481,PLATFORM,COLLECTED,2024-07-09T07:51:41.476Z
1392,2476,TX20240219714222,TRF_FEE,50,MRU,9549,PLATFORM,COLLECTED,2024-02-19T15:10:00.898Z
1393,2481,TX20240629250685,TRF_FEE,50,MRU,9887,PLATFORM,COLLECTED,2024-06-29T09:49:18.842Z
1394,2484,TX20240930760633,WIT_FEE,50,MRU,6076,PLATFORM,COLLECTED,2024-09-30T14:36:16.851Z
1395,2489,TX20241205808112,TRF_FEE,50,MRU,6307,PLATFORM,COLLECTED,2024-12-05T08:02:55.019Z
1396,2493,TX20240511210271,PAY_FEE,240,MRU,5986,MERCHANT,COLLECTED,2024-05-11T07:32:27.355Z
1397,2495,TX20241017250682,WIT_FEE,50,MRU,5941,PLATFORM,COLLECTED,2024-10-17T15:36:21.605Z
1398,2496,TX20241005467815,PAY_FEE,68,MRU,6465,MERCHANT,COLLECTED,2024-10-05T05:26:10.706Z
1399,2497,TX20240829734164,TRF_FEE,50,MRU,8462,PLATFORM,COLLECTED,2024-08-29T07:00:01.733Z
1400,2500,TX20240726610308,PAY_FEE,39,MRU,1585,MERCHANT,COLLECTED,2024-07-26T10:49:42.616Z
1401,2502,TX20240409079373,PAY_FEE,24,MRU,5885,MERCHANT,COLLECTED,2024-04-09T07:14:20.305Z
1402,2505,TX20241223047166,TRF_FEE,50,MRU,9312,PLATFORM,COLLECTED,2024-12-23T14:51:53.976Z
1403,2506,TX20240506094173,PAY_FEE,48,MRU,1278,MERCHANT,COLLECTED,2024-05-06T05:08:37.601Z
1404,2507,TX20240801367468,TRF_FEE,50,MRU,8698,PLATFORM,COLLECTED,2024-08-01T06:44:06.547Z
1405,2508,TX20241019931661,WIT_FEE,50,MRU,9096,PLATFORM,COLLECTED,2024-10-19T15:51:28.548Z
1406,2509,TX20240418393862,TRF_FEE,25,MRU,6480,PLATFORM,COLLECTED,2024-04-18T12:46:26.580Z
1407,2510,TX20240912232217,TRF_FEE,25,MRU,588,PLATFORM,COLLECTED,2024-09-12T21:19:31.042Z
1408,2511,TX20240224130176,TRF_FEE,25,MRU,7501,PLATFORM,COLLECTED,2024-02-24T15:14:58.425Z
1409,2512,TX20240622174714,TRF_FEE,50,MRU,464,PLATFORM,COLLECTED,2024-06-22T14:42:53.683Z
1410,2513,TX20240323841951,PAY_FEE,105,MRU,4290,MERCHANT,COLLECTED,2024-03-23T15:15:24.357Z
1411,2514,TX20240930443192,TRF_FEE,10,MRU,5411,PLATFORM,COLLECTED,2024-09-30T09:38:28.282Z
1412,2517,TX20240618778117,TRF_FEE,25,MRU,5628,PLATFORM,COLLECTED,2024-06-18T09:03:08.647Z
1413,2519,TX20240309827501,PAY_FEE,5,MRU,5238,MERCHANT,COLLECTED,2024-03-09T10:00:01.069Z
1414,2520,TX20240720750127,TRF_FEE,50,MRU,10181,PLATFORM,COLLECTED,2024-07-20T09:21:54.867Z
1415,2523,TX20241113541384,SAL_FEE,1795,MRU,463,PLATFORM,COLLECTED,2024-11-13T18:40:08.494Z
1416,2524,TX20240213230083,PAY_FEE,6,MRU,3697,MERCHANT,COLLECTED,2024-02-13T13:20:52.423Z
1417,2525,TX20240419522945,WIT_FEE,50,MRU,3588,PLATFORM,COLLECTED,2024-04-19T16:34:29.114Z
1418,2526,TX20240812310565,PAY_FEE,62,MRU,7259,MERCHANT,COLLECTED,2024-08-12T11:57:05.236Z
1419,2529,TX20240326670448,WIT_FEE,50,MRU,1146,PLATFORM,COLLECTED,2024-03-26T07:17:09.825Z
1420,2532,TX20240104238611,WIT_FEE,200,MRU,6416,PLATFORM,COLLECTED,2024-01-04T15:50:09.658Z
1421,2533,TX20240407754822,PAY_FEE,165,MRU,2594,MERCHANT,COLLECTED,2024-04-07T11:20:58.854Z
1422,2534,TX20241114892152,WIT_FEE,50,MRU,5970,PLATFORM,COLLECTED,2024-11-14T19:00:40.825Z
1423,2535,TX20240311102570,TRF_FEE,25,MRU,4708,PLATFORM,COLLECTED,2024-03-11T17:32:18.743Z
1424,2536,TX20240426225966,PAY_FEE,60,MRU,6549,MERCHANT,COLLECTED,2024-04-26T09:33:31.839Z
1425,2539,TX20240423197461,TRF_FEE,25,MRU,6260,PLATFORM,COLLECTED,2024-04-23T08:02:50.091Z
1426,2541,TX20240210011398,PAY_FEE,18,MRU,5818,MERCHANT,COLLECTED,2024-02-10T05:36:17.254Z
1427,2542,TX20240322408249,WIT_FEE,50,MRU,2905,PLATFORM,COLLECTED,2024-03-22T20:52:05.095Z
1428,2546,TX20241029270102,TRF_FEE,50,MRU,3564,PLATFORM,COLLECTED,2024-10-29T11:03:11.197Z
1429,2550,TX20241103056672,PAY_FEE,26,MRU,5559,MERCHANT,COLLECTED,2024-11-03T16:37:36.371Z
1430,2551,TX20241023531033,BIL_FEE,100,MRU,3839,PLATFORM,COLLECTED,2024-10-23T14:51:18.236Z
1431,2554,TX20240715036749,PAY_FEE,132,MRU,5570,MERCHANT,COLLECTED,2024-07-15T14:03:35.603Z
1432,2555,TX20240610948866,PAY_FEE,255,MRU,5380,MERCHANT,COLLECTED,2024-06-10T08:01:29.521Z
1433,2556,TX20240614883661,PAY_FEE,69,MRU,6892,MERCHANT,COLLECTED,2024-06-14T14:57:57.274Z
1434,2561,TX20241130101069,TRF_FEE,25,MRU,6786,PLATFORM,COLLECTED,2024-11-30T10:36:14.397Z
1435,2563,TX20241226840372,WIT_FEE,50,MRU,2782,PLATFORM,COLLECTED,2024-12-26T13:28:04.719Z
1436,2564,TX20240315237828,TRF_FEE,50,MRU,8009,PLATFORM,COLLECTED,2024-03-15T11:18:39.381Z
1437,2565,TX20241126474646,TRF_FEE,50,MRU,4118,PLATFORM,COLLECTED,2024-11-26T10:27:16.654Z
1438,2566,TX20240911054011,WIT_FEE,250,MRU,5558,PLATFORM,COLLECTED,2024-09-11T16:07:20.890Z
1439,2568,TX20240507651042,TRF_FEE,25,MRU,2326,PLATFORM,COLLECTED,2024-05-07T16:59:34.421Z
1440,2570,TX20240410038268,PAY_FEE,4,MRU,3338,MERCHANT,COLLECTED,2024-04-10T08:23:27.646Z
1441,2574,TX20240315705030,TRF_FEE,25,MRU,8728,PLATFORM,COLLECTED,2024-03-15T17:13:59.098Z
1442,2575,TX20240922992366,TRF_FEE,25,MRU,7401,PLATFORM,COLLECTED,2024-09-22T14:26:40.644Z
1443,2576,TX20241106128959,PAY_FEE,32,MRU,1282,MERCHANT,COLLECTED,2024-11-06T17:04:56.576Z
1444,2577,TX20240401510368,WIT_FEE,50,MRU,10262,PLATFORM,COLLECTED,2024-04-01T17:29:20.638Z
1445,2578,TX20241230968067,TRF_FEE,50,MRU,2526,PLATFORM,COLLECTED,2024-12-30T08:40:12.905Z
1446,2581,TX20241223067595,PAY_FEE,32,MRU,2964,MERCHANT,COLLECTED,2024-12-23T11:34:28.251Z
1447,2582,TX20240414963225,TRF_FEE,25,MRU,5496,PLATFORM,COLLECTED,2024-04-14T06:22:47.676Z
1448,2584,TX20240508599468,TRF_FEE,25,MRU,1112,PLATFORM,COLLECTED,2024-05-08T09:43:56.688Z
1449,2585,TX20240612580068,TRF_FEE,25,MRU,7801,PLATFORM,COLLECTED,2024-06-12T17:56:07.210Z
1450,2586,TX20241009262521,WIT_FEE,50,MRU,1149,PLATFORM,COLLECTED,2024-10-09T10:18:08.326Z
1451,2587,TX20240727859511,WIT_FEE,50,MRU,5815,PLATFORM,COLLECTED,2024-07-27T16:38:01.476Z
1452,2588,TX20241109086963,WIT_FEE,50,MRU,10082,PLATFORM,COLLECTED,2024-11-09T20:43:22.462Z
1453,2589,TX20241124388680,TRF_FEE,50,MRU,9754,PLATFORM,COLLECTED,2024-11-24T07:11:38.755Z
1454,2590,TX20240908025511,WIT_FEE,50,MRU,4189,PLATFORM,COLLECTED,2024-09-08T15:45:29.041Z
1455,2591,TX20241229020613,WIT_FEE,50,MRU,10945,PLATFORM,COLLECTED,2024-12-29T19:09:01.902Z
1456,2594,TX20240204944217,PAY_FEE,26,MRU,2767,MERCHANT,COLLECTED,2024-02-04T10:04:33.487Z
1457,2596,TX20240507002789,WIT_FEE,500,MRU,5054,PLATFORM,COLLECTED,2024-05-07T17:09:03.408Z
1458,2597,TX20240309283464,WIT_FEE,100,MRU,5501,PLATFORM,COLLECTED,2024-03-09T12:02:42.691Z
1459,2599,TX20240704866697,TRF_FEE,10,MRU,6952,PLATFORM,COLLECTED,2024-07-04T06:24:21.328Z
1460,2601,TX20241109453009,PAY_FEE,32,MRU,5049,MERCHANT,COLLECTED,2024-11-09T07:18:26.300Z
1461,2602,TX20240922389910,WIT_FEE,50,MRU,1791,PLATFORM,COLLECTED,2024-09-22T05:59:32.176Z
1462,2606,TX20241125298033,TRF_FEE,25,MRU,4459,PLATFORM,COLLECTED,2024-11-25T14:44:39.283Z
1463,2609,TX20240707930134,TRF_FEE,25,MRU,4929,PLATFORM,COLLECTED,2024-07-07T09:11:05.359Z
1464,2610,TX20240407778165,TRF_FEE,25,MRU,7314,PLATFORM,COLLECTED,2024-04-07T07:20:22.695Z
1465,2611,TX20240928660080,TRF_FEE,25,MRU,1440,PLATFORM,COLLECTED,2024-09-28T06:26:15.275Z
1466,2612,TX20240724817039,TRF_FEE,50,MRU,5305,PLATFORM,COLLECTED,2024-07-24T14:05:24.770Z
1467,2613,TX20241127197181,WIT_FEE,50,MRU,8273,PLATFORM,COLLECTED,2024-11-27T20:15:35.964Z
1468,2614,TX20240207380336,PAY_FEE,345,MRU,2765,MERCHANT,COLLECTED,2024-02-07T13:05:20.867Z
1469,2615,TX20241227182205,PAY_FEE,180,MRU,4670,MERCHANT,COLLECTED,2024-12-27T09:07:40.391Z
1470,2618,TX20240815607972,TRF_FEE,50,MRU,67,PLATFORM,COLLECTED,2024-08-15T08:59:20.679Z
1471,2619,TX20240106529786,TRF_FEE,50,MRU,5754,PLATFORM,COLLECTED,2024-01-06T17:51:33.964Z
1472,2620,TX20240101196611,WIT_FEE,50,MRU,1645,PLATFORM,COLLECTED,2024-01-01T10:54:12.339Z
1473,2621,TX20240222825786,TRF_FEE,25,MRU,5743,PLATFORM,COLLECTED,2024-02-22T06:29:30.149Z
1474,2623,TX20240509682884,TRF_FEE,50,MRU,8727,PLATFORM,COLLECTED,2024-05-09T08:52:50.637Z
1475,2627,TX20240214008691,TRF_FEE,50,MRU,6800,PLATFORM,COLLECTED,2024-02-14T10:43:52.979Z
1476,2628,TX20240105024884,TRF_FEE,10,MRU,3173,PLATFORM,COLLECTED,2024-01-05T16:23:00.117Z
1477,2629,TX20240417340153,PAY_FEE,555,MRU,8633,MERCHANT,COLLECTED,2024-04-17T09:41:58.314Z
1478,2631,TX20240526608238,TRF_FEE,50,MRU,3274,PLATFORM,COLLECTED,2024-05-26T10:06:05.123Z
1479,2633,TX20240311254618,WIT_FEE,50,MRU,10974,PLATFORM,COLLECTED,2024-03-11T17:02:59.407Z
1480,2634,TX20240615414147,TRF_FEE,25,MRU,8566,PLATFORM,COLLECTED,2024-06-15T12:32:33.968Z
1481,2635,TX20240916867808,TRF_FEE,25,MRU,6356,PLATFORM,COLLECTED,2024-09-16T12:33:05.826Z
1482,2636,TX20241117765874,PAY_FEE,90,MRU,10018,MERCHANT,COLLECTED,2024-11-17T18:28:16.486Z
1483,2637,TX20241121734324,TRF_FEE,25,MRU,8779,PLATFORM,COLLECTED,2024-11-21T05:36:02.308Z
1484,2638,TX20240703598812,TRF_FEE,50,MRU,2133,PLATFORM,COLLECTED,2024-07-03T10:06:54.958Z
1485,2643,TX20240516860736,TRF_FEE,25,MRU,3466,PLATFORM,COLLECTED,2024-05-16T14:27:12.222Z
1486,2644,TX20241218663039,TRF_FEE,10,MRU,2653,PLATFORM,COLLECTED,2024-12-18T19:14:54.734Z
1487,2647,TX20240125427623,WIT_FEE,200,MRU,699,PLATFORM,COLLECTED,2024-01-25T07:13:42.949Z
1488,2648,TX20240515443256,WIT_FEE,50,MRU,6793,PLATFORM,COLLECTED,2024-05-15T11:14:47.160Z
1489,2649,TX20240315392011,WIT_FEE,50,MRU,1963,PLATFORM,COLLECTED,2024-03-15T13:44:15.665Z
1490,2651,TX20240111691155,TRF_FEE,50,MRU,3051,PLATFORM,COLLECTED,2024-01-11T20:50:37.767Z
1491,2654,TX20240605753962,PAY_FEE,23,MRU,2781,MERCHANT,COLLECTED,2024-06-05T10:13:20.937Z
1492,2656,TX20240828367329,PAY_FEE,63,MRU,5285,MERCHANT,COLLECTED,2024-08-28T14:34:19.735Z
1493,2657,TX20240910983538,PAY_FEE,32,MRU,2042,MERCHANT,COLLECTED,2024-09-10T12:29:45.581Z
1494,2658,TX20240512486247,TRF_FEE,25,MRU,2204,PLATFORM,COLLECTED,2024-05-12T17:39:45.358Z
1495,2659,TX20240531234556,WIT_FEE,86,MRU,6969,PLATFORM,COLLECTED,2024-05-31T11:08:22.096Z
1496,2661,TX20240529938891,WIT_FEE,50,MRU,7393,PLATFORM,COLLECTED,2024-05-29T17:50:28.788Z
1497,2662,TX20240831821361,TRF_FEE,50,MRU,10285,PLATFORM,COLLECTED,2024-08-31T04:29:44.337Z
1498,2663,TX20240523973244,BIL_FEE,100,MRU,4978,PLATFORM,COLLECTED,2024-05-23T10:31:46.902Z
1499,2664,TX20240922090262,BIL_FEE,100,MRU,9141,PLATFORM,COLLECTED,2024-09-22T07:15:15.507Z
1500,2670,TX20240322843095,WIT_FEE,50,MRU,898,PLATFORM,COLLECTED,2024-03-22T09:31:04.431Z
1501,2672,TX20240911003281,WIT_FEE,260,MRU,3993,PLATFORM,COLLECTED,2024-09-11T17:48:34.598Z
1502,2675,TX20241210597426,WIT_FEE,50,MRU,5674,PLATFORM,COLLECTED,2024-12-10T08:01:57.654Z
1503,2678,TX20240710418308,WIT_FEE,420,MRU,1618,PLATFORM,COLLECTED,2024-07-10T09:59:26.174Z
1504,2681,TX20240627883369,SAL_FEE,1025,MRU,9419,PLATFORM,COLLECTED,2024-06-27T16:04:20.873Z
1505,2683,TX20241202776394,PAY_FEE,240,MRU,1959,MERCHANT,COLLECTED,2024-12-02T08:53:19.561Z
1506,2685,TX20240127559986,WIT_FEE,50,MRU,1832,PLATFORM,COLLECTED,2024-01-27T16:02:35.365Z
1507,2686,TX20240724891713,TRF_FEE,10,MRU,5942,PLATFORM,COLLECTED,2024-07-24T08:27:38.016Z
1508,2687,TX20240308895586,WIT_FEE,50,MRU,480,PLATFORM,COLLECTED,2024-03-08T11:49:25.892Z
1509,2688,TX20241209200470,TRF_FEE,50,MRU,8423,PLATFORM,COLLECTED,2024-12-09T10:53:35.431Z
1510,2689,TX20240807763734,TRF_FEE,25,MRU,10311,PLATFORM,COLLECTED,2024-08-07T14:30:10.331Z
1511,2690,TX20240627117650,TRF_FEE,10,MRU,8256,PLATFORM,COLLECTED,2024-06-27T17:14:54.475Z
1512,2691,TX20240828637446,SAL_FEE,1575,MRU,7667,PLATFORM,COLLECTED,2024-08-28T07:33:50.232Z
1513,2693,TX20241023973680,SAL_FEE,2415,MRU,7540,PLATFORM,COLLECTED,2024-10-23T11:22:22.151Z
1514,2694,TX20240911019744,TRF_FEE,50,MRU,6595,PLATFORM,COLLECTED,2024-09-11T05:58:13.140Z
1515,2699,TX20240222794187,SAL_FEE,2250,MRU,4445,PLATFORM,COLLECTED,2024-02-22T22:43:24.743Z
1516,2700,TX20240219386269,BIL_FEE,100,MRU,3869,PLATFORM,COLLECTED,2024-02-19T08:54:58.303Z
1517,2701,TX20240425709529,PAY_FEE,29,MRU,8370,MERCHANT,COLLECTED,2024-04-25T06:08:10.538Z
1518,2702,TX20241113362831,TRF_FEE,50,MRU,4978,PLATFORM,COLLECTED,2024-11-13T08:55:56.108Z
1519,2705,TX20241009884530,PAY_FEE,68,MRU,5463,MERCHANT,COLLECTED,2024-10-09T06:01:14.716Z
1520,2709,TX20240827638630,SAL_FEE,345,MRU,2143,PLATFORM,COLLECTED,2024-08-27T13:50:17.631Z
1521,2710,TX20240225808297,WIT_FEE,50,MRU,5079,PLATFORM,COLLECTED,2024-02-25T12:58:40.792Z
1522,2717,TX20240106914600,TRF_FEE,10,MRU,4130,PLATFORM,COLLECTED,2024-01-06T10:11:05.868Z
1523,2719,TX20240514744954,TRF_FEE,50,MRU,9536,PLATFORM,COLLECTED,2024-05-14T06:22:12.818Z
1524,2720,TX20240619110166,WIT_FEE,50,MRU,10228,PLATFORM,COLLECTED,2024-06-19T15:17:51.651Z
1525,2721,TX20240223960034,WIT_FEE,50,MRU,6969,PLATFORM,COLLECTED,2024-02-23T14:34:27.080Z
1526,2722,TX20240211633015,PAY_FEE,42,MRU,1276,MERCHANT,COLLECTED,2024-02-11T07:22:45.472Z
1527,2725,TX20240128460880,BIL_FEE,100,MRU,2168,PLATFORM,COLLECTED,2024-01-28T12:45:00.476Z
1528,2726,TX20240903405726,WIT_FEE,100,MRU,2586,PLATFORM,COLLECTED,2024-09-03T13:11:20.370Z
1529,2728,TX20240626133707,PAY_FEE,420,MRU,8368,MERCHANT,COLLECTED,2024-06-26T06:59:08.702Z
1530,2729,TX20240127677758,PAY_FEE,165,MRU,2739,MERCHANT,COLLECTED,2024-01-27T11:49:14.208Z
1531,2730,TX20240203113360,TRF_FEE,10,MRU,979,PLATFORM,COLLECTED,2024-02-03T08:00:24.711Z
1532,2732,TX20241217498668,PAY_FEE,53,MRU,2768,MERCHANT,COLLECTED,2024-12-17T13:39:49.125Z
1533,2735,TX20240513612067,TRF_FEE,25,MRU,6496,PLATFORM,COLLECTED,2024-05-13T10:58:15.592Z
1534,2737,TX20241129830540,PAY_FEE,51,MRU,7362,MERCHANT,COLLECTED,2024-11-29T19:19:00.734Z
1535,2738,TX20240417436765,TRF_FEE,50,MRU,10364,PLATFORM,COLLECTED,2024-04-17T04:44:09.339Z
1536,2739,TX20240111240596,PAY_FEE,60,MRU,9046,MERCHANT,COLLECTED,2024-01-11T16:12:59.510Z
1537,2740,TX20241028315599,TRF_FEE,25,MRU,2043,PLATFORM,COLLECTED,2024-10-28T14:34:34.058Z
1538,2741,TX20240721241427,PAY_FEE,165,MRU,7438,MERCHANT,COLLECTED,2024-07-21T13:55:41.465Z
1539,2744,TX20240625236754,PAY_FEE,27,MRU,6913,MERCHANT,COLLECTED,2024-06-25T13:48:49.295Z
1540,2746,TX20240221339283,TRF_FEE,50,MRU,6566,PLATFORM,COLLECTED,2024-02-21T08:15:58.439Z
1541,2748,TX20240323135513,TRF_FEE,25,MRU,6320,PLATFORM,COLLECTED,2024-03-23T09:38:31.219Z
1542,2749,TX20240905051620,BIL_FEE,100,MRU,10434,PLATFORM,COLLECTED,2024-09-05T10:20:25.531Z
1543,2750,TX20241220484011,TRF_FEE,50,MRU,1371,PLATFORM,COLLECTED,2024-12-20T18:47:49.005Z
1544,2753,TX20240506711108,TRF_FEE,50,MRU,4568,PLATFORM,COLLECTED,2024-05-06T09:53:37.211Z
1545,2755,TX20240401797858,PAY_FEE,36,MRU,9320,MERCHANT,COLLECTED,2024-04-01T13:38:01.915Z
1546,2757,TX20240308736546,PAY_FEE,45,MRU,2823,MERCHANT,COLLECTED,2024-03-08T09:32:43.891Z
1547,2758,TX20241115118818,WIT_FEE,200,MRU,3676,PLATFORM,COLLECTED,2024-11-15T17:43:35.241Z
1548,2759,TX20240513125889,PAY_FEE,69,MRU,3017,MERCHANT,COLLECTED,2024-05-13T15:37:50.259Z
1549,2762,TX20240510062900,BIL_FEE,100,MRU,8676,PLATFORM,COLLECTED,2024-05-10T16:07:44.720Z
1550,2763,TX20240122706398,TRF_FEE,25,MRU,4392,PLATFORM,COLLECTED,2024-01-22T09:44:27.123Z
1551,2765,TX20240228446434,PAY_FEE,99,MRU,355,MERCHANT,COLLECTED,2024-02-28T14:30:47.149Z
1552,2768,TX20240202133620,WIT_FEE,200,MRU,4851,PLATFORM,COLLECTED,2024-02-02T12:25:05.981Z
1553,2771,TX20240526389056,TRF_FEE,25,MRU,10467,PLATFORM,COLLECTED,2024-05-26T15:18:19.551Z
1554,2772,TX20240314877128,TRF_FEE,50,MRU,9575,PLATFORM,COLLECTED,2024-03-14T15:12:34.542Z
1555,2773,TX20241114809562,WIT_FEE,50,MRU,824,PLATFORM,COLLECTED,2024-11-14T17:52:30.016Z
1556,2775,TX20240303850581,TRF_FEE,25,MRU,5672,PLATFORM,COLLECTED,2024-03-03T10:23:27.559Z
1557,2777,TX20240107920086,WIT_FEE,50,MRU,10778,PLATFORM,COLLECTED,2024-01-07T09:12:07.143Z
1558,2778,TX20241009495479,PAY_FEE,107,MRU,6621,MERCHANT,COLLECTED,2024-10-09T10:58:11.496Z
1559,2779,TX20240514680068,WIT_FEE,50,MRU,7794,PLATFORM,COLLECTED,2024-05-14T08:55:03.631Z
1560,2780,TX20240416340027,WIT_FEE,500,MRU,2759,PLATFORM,COLLECTED,2024-04-16T09:40:14.193Z
1561,2781,TX20240722210424,PAY_FEE,36,MRU,4468,MERCHANT,COLLECTED,2024-07-22T16:49:44.018Z
1562,2782,TX20240220448326,BIL_FEE,100,MRU,4991,PLATFORM,COLLECTED,2024-02-20T18:37:50.046Z
1563,2783,TX20240927806775,TRF_FEE,50,MRU,2528,PLATFORM,COLLECTED,2024-09-27T13:09:57.547Z
1564,2786,TX20241206329540,PAY_FEE,87,MRU,5483,MERCHANT,COLLECTED,2024-12-06T11:57:47.162Z
1565,2787,TX20240630075979,PAY_FEE,270,MRU,7221,MERCHANT,COLLECTED,2024-06-30T09:18:05.450Z
1566,2788,TX20240530674075,WIT_FEE,50,MRU,8542,PLATFORM,COLLECTED,2024-05-30T15:48:10.750Z
1567,2789,TX20240816471112,BIL_FEE,100,MRU,8770,PLATFORM,COLLECTED,2024-08-16T12:30:45.000Z
1568,2790,TX20240420136716,TRF_FEE,25,MRU,10926,PLATFORM,COLLECTED,2024-04-20T16:25:16.694Z
1569,2791,TX20241217388794,BIL_FEE,100,MRU,8037,PLATFORM,COLLECTED,2024-12-17T05:23:56.330Z
1570,2793,TX20240731658815,TRF_FEE,50,MRU,10830,PLATFORM,COLLECTED,2024-07-31T16:50:21.909Z
1571,2795,TX20241202716327,TRF_FEE,50,MRU,531,PLATFORM,COLLECTED,2024-12-02T09:57:16.450Z
1572,2796,TX20240621008045,PAY_FEE,47,MRU,2251,MERCHANT,COLLECTED,2024-06-21T09:33:55.033Z
1573,2797,TX20241120815006,WIT_FEE,50,MRU,7035,PLATFORM,COLLECTED,2024-11-20T09:35:59.383Z
1574,2798,TX20240825862816,WIT_FEE,100,MRU,6484,PLATFORM,COLLECTED,2024-08-25T15:59:45.570Z
1575,2799,TX20240819187626,SAL_FEE,800,MRU,627,PLATFORM,COLLECTED,2024-08-19T04:29:04.337Z
1576,2800,TX20240130024368,PAY_FEE,26,MRU,6336,MERCHANT,COLLECTED,2024-01-30T09:09:29.812Z
1577,2802,TX20240223280665,PAY_FEE,720,MRU,9829,MERCHANT,COLLECTED,2024-02-23T21:09:48.237Z
1578,2806,TX20240829228562,PAY_FEE,117,MRU,6120,MERCHANT,COLLECTED,2024-08-29T12:01:33.635Z
1579,2808,TX20240724821470,TRF_FEE,50,MRU,8804,PLATFORM,COLLECTED,2024-07-24T09:44:13.842Z
1580,2809,TX20241124499356,PAY_FEE,11,MRU,1813,MERCHANT,COLLECTED,2024-11-24T16:17:31.141Z
1581,2810,TX20241112884452,WIT_FEE,50,MRU,6523,PLATFORM,COLLECTED,2024-11-12T16:16:08.338Z
1582,2811,TX20241212023702,TRF_FEE,25,MRU,10776,PLATFORM,COLLECTED,2024-12-12T08:01:36.138Z
1583,2812,TX20241213961875,TRF_FEE,10,MRU,10790,PLATFORM,COLLECTED,2024-12-13T17:06:25.420Z
1584,2814,TX20241112123898,WIT_FEE,85,MRU,48,PLATFORM,COLLECTED,2024-11-12T17:15:01.437Z
1585,2817,TX20240628985925,WIT_FEE,200,MRU,2244,PLATFORM,COLLECTED,2024-06-28T10:03:09.312Z
1586,2818,TX20240314278914,TRF_FEE,50,MRU,59,PLATFORM,COLLECTED,2024-03-14T17:05:28.376Z
1587,2820,TX20241014756579,SAL_FEE,825,MRU,10523,PLATFORM,COLLECTED,2024-10-14T07:27:08.201Z
1588,2821,TX20240418083884,TRF_FEE,25,MRU,8953,PLATFORM,COLLECTED,2024-04-18T09:45:12.957Z
1589,2822,TX20240219434338,WIT_FEE,50,MRU,5529,PLATFORM,COLLECTED,2024-02-19T10:17:58.631Z
1590,2823,TX20240320786898,TRF_FEE,50,MRU,1656,PLATFORM,COLLECTED,2024-03-20T13:40:48.301Z
1591,2829,TX20240825520791,PAY_FEE,150,MRU,2026,MERCHANT,COLLECTED,2024-08-25T14:00:11.646Z
1592,2831,TX20240219154016,SAL_FEE,1370,MRU,883,PLATFORM,COLLECTED,2024-02-19T07:52:41.880Z
1593,2836,TX20240402847521,PAY_FEE,33,MRU,7867,MERCHANT,COLLECTED,2024-04-02T06:55:42.442Z
1594,2838,TX20240906680918,SAL_FEE,2445,MRU,5828,PLATFORM,COLLECTED,2024-09-06T09:38:15.134Z
1595,2840,TX20240329090137,TRF_FEE,10,MRU,605,PLATFORM,COLLECTED,2024-03-29T10:25:21.041Z
1596,2842,TX20240218660554,WIT_FEE,100,MRU,8413,PLATFORM,COLLECTED,2024-02-18T01:41:33.405Z
1597,2843,TX20240110825347,TRF_FEE,25,MRU,5801,PLATFORM,COLLECTED,2024-01-10T05:41:56.910Z
1598,2844,TX20240619185888,WIT_FEE,50,MRU,4536,PLATFORM,COLLECTED,2024-06-19T15:45:09.970Z
1599,2845,TX20241201452308,TRF_FEE,50,MRU,5126,PLATFORM,COLLECTED,2024-12-01T09:14:20.529Z
1600,2849,TX20241028336901,WIT_FEE,50,MRU,2807,PLATFORM,COLLECTED,2024-10-28T20:54:00.671Z
1601,2850,TX20240919935334,WIT_FEE,50,MRU,528,PLATFORM,COLLECTED,2024-09-19T21:49:09.346Z
1602,2855,TX20240630904026,WIT_FEE,330,MRU,568,PLATFORM,COLLECTED,2024-06-30T12:43:19.955Z
1603,2857,TX20240223732669,WIT_FEE,50,MRU,10540,PLATFORM,COLLECTED,2024-02-23T19:48:40.393Z
1604,2863,TX20240129255936,TRF_FEE,50,MRU,3457,PLATFORM,COLLECTED,2024-01-29T17:25:00.523Z
1605,2864,TX20241113140208,WIT_FEE,50,MRU,166,PLATFORM,COLLECTED,2024-11-13T19:26:13.888Z
1606,2865,TX20240124667842,WIT_FEE,50,MRU,4416,PLATFORM,COLLECTED,2024-01-24T11:42:51.995Z
1607,2868,TX20241211784888,WIT_FEE,50,MRU,2919,PLATFORM,COLLECTED,2024-12-11T10:05:27.365Z
1608,2870,TX20240511465556,TRF_FEE,50,MRU,7090,PLATFORM,COLLECTED,2024-05-11T11:33:48.285Z
1609,2872,TX20240426162434,WIT_FEE,50,MRU,10668,PLATFORM,COLLECTED,2024-04-26T07:51:43.072Z
1610,2873,TX20240214406674,TRF_FEE,50,MRU,2881,PLATFORM,COLLECTED,2024-02-14T10:18:56.444Z
1611,2875,TX20240904805756,PAY_FEE,20,MRU,2261,MERCHANT,COLLECTED,2024-09-04T13:35:10.282Z
1612,2877,TX20240629301559,TRF_FEE,50,MRU,7670,PLATFORM,COLLECTED,2024-06-29T16:44:14.328Z
1613,2882,TX20240325103504,TRF_FEE,25,MRU,657,PLATFORM,COLLECTED,2024-03-25T11:15:18.619Z
1614,2883,TX20241123131531,WIT_FEE,100,MRU,5071,PLATFORM,COLLECTED,2024-11-23T17:13:31.077Z
1615,2884,TX20241013783572,WIT_FEE,50,MRU,6539,PLATFORM,COLLECTED,2024-10-13T08:51:27.800Z
1616,2886,TX20240304237855,TRF_FEE,50,MRU,2300,PLATFORM,COLLECTED,2024-03-04T15:10:09.456Z
1617,2887,TX20240301793859,WIT_FEE,50,MRU,614,PLATFORM,COLLECTED,2024-03-01T11:36:24.527Z
1618,2888,TX20240222808637,TRF_FEE,50,MRU,7525,PLATFORM,COLLECTED,2024-02-22T14:12:34.917Z
1619,2891,TX20240704654601,TRF_FEE,25,MRU,10857,PLATFORM,COLLECTED,2024-07-04T10:44:51.998Z
1620,2892,TX20241101029855,PAY_FEE,54,MRU,10444,MERCHANT,COLLECTED,2024-11-01T21:31:01.901Z
1621,2896,TX20241026547509,TRF_FEE,50,MRU,4102,PLATFORM,COLLECTED,2024-10-26T07:48:12.113Z
1622,2902,TX20240222835394,WIT_FEE,50,MRU,3861,PLATFORM,COLLECTED,2024-02-22T07:14:22.775Z
1623,2903,TX20240625761690,BIL_FEE,100,MRU,714,PLATFORM,COLLECTED,2024-06-25T20:53:08.421Z
1624,2904,TX20240629731995,TRF_FEE,50,MRU,2026,PLATFORM,COLLECTED,2024-06-29T10:32:56.691Z
1625,2905,TX20240428304257,PAY_FEE,450,MRU,2682,MERCHANT,COLLECTED,2024-04-28T09:10:58.111Z
1626,2909,TX20240318560132,WIT_FEE,100,MRU,3338,PLATFORM,COLLECTED,2024-03-18T17:09:49.490Z
1627,2910,TX20240725868393,BIL_FEE,100,MRU,3584,PLATFORM,COLLECTED,2024-07-25T13:24:30.469Z
1628,2913,TX20240109610590,TRF_FEE,25,MRU,329,PLATFORM,COLLECTED,2024-01-09T16:50:30.065Z
1629,2916,TX20241113871066,TRF_FEE,25,MRU,5549,PLATFORM,COLLECTED,2024-11-13T14:14:17.885Z
1630,2917,TX20240619421599,WIT_FEE,50,MRU,1963,PLATFORM,COLLECTED,2024-06-19T06:23:00.643Z
1631,2918,TX20240109748070,PAY_FEE,17,MRU,8503,MERCHANT,COLLECTED,2024-01-09T06:33:52.435Z
1632,2920,TX20241123771920,TRF_FEE,10,MRU,10684,PLATFORM,COLLECTED,2024-11-23T09:20:47.899Z
1633,2921,TX20240726927468,WIT_FEE,50,MRU,5724,PLATFORM,COLLECTED,2024-07-26T16:47:05.745Z
1634,2923,TX20240320835468,TRF_FEE,50,MRU,4440,PLATFORM,COLLECTED,2024-03-20T10:50:16.306Z
1635,2924,TX20240727458528,PAY_FEE,39,MRU,4144,MERCHANT,COLLECTED,2024-07-27T15:32:44.514Z
1636,2926,TX20240205995092,PAY_FEE,10,MRU,7417,MERCHANT,COLLECTED,2024-02-05T14:35:00.114Z
1637,2927,TX20240902336562,PAY_FEE,69,MRU,4970,MERCHANT,COLLECTED,2024-09-02T06:04:07.218Z
1638,2930,TX20240815967983,TRF_FEE,10,MRU,9440,PLATFORM,COLLECTED,2024-08-15T16:43:19.583Z
1639,2931,TX20240723407909,TRF_FEE,50,MRU,4324,PLATFORM,COLLECTED,2024-07-23T16:52:28.014Z
1640,2932,TX20240810236584,TRF_FEE,50,MRU,7361,PLATFORM,COLLECTED,2024-08-10T13:31:30.589Z
1641,2933,TX20240113769700,TRF_FEE,50,MRU,1310,PLATFORM,COLLECTED,2024-01-13T18:53:27.369Z
1642,2936,TX20240208851946,PAY_FEE,62,MRU,2121,MERCHANT,COLLECTED,2024-02-08T17:01:21.921Z
1643,2937,TX20240503211310,PAY_FEE,72,MRU,9086,MERCHANT,COLLECTED,2024-05-03T08:00:39.226Z
1644,2940,TX20241015623604,TRF_FEE,25,MRU,8473,PLATFORM,COLLECTED,2024-10-15T08:15:55.809Z
1645,2941,TX20240920572970,TRF_FEE,10,MRU,5514,PLATFORM,COLLECTED,2024-09-20T10:33:44.580Z
1646,2942,TX20240501864782,PAY_FEE,56,MRU,7976,MERCHANT,COLLECTED,2024-05-01T13:06:44.318Z
1647,2944,TX20240208009942,PAY_FEE,114,MRU,5397,MERCHANT,COLLECTED,2024-02-08T11:13:54.538Z
1648,2945,TX20240102085718,PAY_FEE,330,MRU,9873,MERCHANT,COLLECTED,2024-01-02T15:11:30.152Z
1649,2946,TX20240418657145,WIT_FEE,100,MRU,6722,PLATFORM,COLLECTED,2024-04-18T15:23:13.971Z
1650,2947,TX20240409218028,TRF_FEE,25,MRU,6865,PLATFORM,COLLECTED,2024-04-09T12:27:57.276Z
1651,2948,TX20240802629295,PAY_FEE,30,MRU,7378,MERCHANT,COLLECTED,2024-08-02T17:38:38.438Z
1652,2949,TX20240324445078,TRF_FEE,50,MRU,8469,PLATFORM,COLLECTED,2024-03-24T11:00:21.000Z
1653,2950,TX20241130936824,WIT_FEE,65,MRU,4531,PLATFORM,COLLECTED,2024-11-30T20:11:20.196Z
1654,2951,TX20241109332500,TRF_FEE,50,MRU,1839,PLATFORM,COLLECTED,2024-11-09T14:58:07.383Z
1655,2953,TX20241130510310,WIT_FEE,340,MRU,3487,PLATFORM,COLLECTED,2024-11-30T09:43:31.949Z
1656,2954,TX20240225184452,TRF_FEE,25,MRU,6374,PLATFORM,COLLECTED,2024-02-25T11:33:50.255Z
1657,2956,TX20240331301628,BIL_FEE,100,MRU,1552,PLATFORM,COLLECTED,2024-03-31T10:21:09.324Z
1658,2958,TX20240508626561,TRF_FEE,25,MRU,8709,PLATFORM,COLLECTED,2024-05-08T17:30:49.836Z
1659,2964,TX20240207820802,WIT_FEE,50,MRU,820,PLATFORM,COLLECTED,2024-02-07T14:20:41.210Z
1660,2965,TX20241123763102,TRF_FEE,50,MRU,735,PLATFORM,COLLECTED,2024-11-23T07:36:50.325Z
1661,2968,TX20240302010405,TRF_FEE,50,MRU,6018,PLATFORM,COLLECTED,2024-03-02T14:12:33.360Z
1662,2969,TX20240504147836,WIT_FEE,50,MRU,6514,PLATFORM,COLLECTED,2024-05-04T13:52:51.249Z
1663,2970,TX20240711878875,PAY_FEE,66,MRU,10573,MERCHANT,COLLECTED,2024-07-11T15:34:43.227Z
1664,2972,TX20241115313943,WIT_FEE,50,MRU,3676,PLATFORM,COLLECTED,2024-11-15T17:43:35.241Z
1665,2973,TX20241012478490,WIT_FEE,200,MRU,8417,PLATFORM,COLLECTED,2024-10-12T13:50:15.272Z
1666,2975,TX20240218749470,SAL_FEE,2430,MRU,340,PLATFORM,COLLECTED,2024-02-17T23:42:14.712Z
1667,2976,TX20241019595753,WIT_FEE,200,MRU,9622,PLATFORM,COLLECTED,2024-10-19T06:44:43.785Z
1668,2979,TX20241016798533,TRF_FEE,25,MRU,5071,PLATFORM,COLLECTED,2024-10-16T07:01:09.295Z
1669,2980,TX20240921197510,SAL_FEE,1660,MRU,5094,PLATFORM,COLLECTED,2024-09-21T05:43:57.978Z
1670,2981,TX20240503063069,WIT_FEE,370,MRU,5539,PLATFORM,COLLECTED,2024-05-03T08:26:34.934Z
1671,2984,TX20240412643744,PAY_FEE,8,MRU,6233,MERCHANT,COLLECTED,2024-04-12T19:26:06.405Z
1672,2985,TX20241012389056,TRF_FEE,25,MRU,4975,PLATFORM,COLLECTED,2024-10-12T08:19:33.949Z
1673,2986,TX20240314251904,TRF_FEE,50,MRU,9575,PLATFORM,COLLECTED,2024-03-14T15:12:34.542Z
1674,2987,TX20241104932038,PAY_FEE,60,MRU,9842,MERCHANT,COLLECTED,2024-11-04T18:30:00.075Z
1675,2990,TX20241015735191,BIL_FEE,100,MRU,4544,PLATFORM,COLLECTED,2024-10-15T14:17:38.074Z
1676,2992,TX20241102980024,WIT_FEE,50,MRU,5781,PLATFORM,COLLECTED,2024-11-02T07:45:49.339Z
1677,2993,TX20241001707161,WIT_FEE,50,MRU,3089,PLATFORM,COLLECTED,2024-10-01T20:04:09.323Z
1678,2996,TX20240327835386,TRF_FEE,25,MRU,1198,PLATFORM,COLLECTED,2024-03-27T19:43:43.391Z
1679,2997,TX20240419227502,TRF_FEE,25,MRU,6324,PLATFORM,COLLECTED,2024-04-19T04:25:01.384Z
1680,2999,TX20240418472887,WIT_FEE,50,MRU,3346,PLATFORM,COLLECTED,2024-04-18T07:48:16.870Z
1681,3001,TX20240106887464,PAY_FEE,104,MRU,5491,MERCHANT,COLLECTED,2024-01-06T12:03:54.818Z
1682,3002,TX20241113278884,TRF_FEE,50,MRU,7912,PLATFORM,COLLECTED,2024-11-13T14:50:23.411Z
1683,3005,TX20241027386601,SAL_FEE,995,MRU,10308,PLATFORM,COLLECTED,2024-10-27T18:57:01.396Z
1684,3006,TX20240111799535,TRF_FEE,50,MRU,5943,PLATFORM,COLLECTED,2024-01-11T06:01:53.032Z
1685,3009,TX20240611604235,TRF_FEE,50,MRU,4992,PLATFORM,COLLECTED,2024-06-11T18:18:57.276Z
1686,3010,TX20241104056749,PAY_FEE,56,MRU,375,MERCHANT,COLLECTED,2024-11-04T12:21:33.924Z
1687,3012,TX20240816851559,TRF_FEE,25,MRU,8302,PLATFORM,COLLECTED,2024-08-16T09:38:45.991Z
1688,3016,TX20240223241267,PAY_FEE,720,MRU,9829,MERCHANT,COLLECTED,2024-02-23T21:09:48.237Z
1689,3019,TX20241114805945,WIT_FEE,50,MRU,5077,PLATFORM,COLLECTED,2024-11-14T18:47:01.799Z
1690,3020,TX20240109187508,TRF_FEE,50,MRU,8478,PLATFORM,COLLECTED,2024-01-09T14:38:33.472Z
1691,3022,TX20240520809891,TRF_FEE,25,MRU,6925,PLATFORM,COLLECTED,2024-05-20T15:13:50.797Z
1692,3023,TX20241014499356,BIL_FEE,100,MRU,2911,PLATFORM,COLLECTED,2024-10-14T08:31:08.163Z
1693,3024,TX20241112750976,WIT_FEE,50,MRU,6523,PLATFORM,COLLECTED,2024-11-12T16:16:08.338Z
1694,3026,TX20240531723737,WIT_FEE,50,MRU,4657,PLATFORM,COLLECTED,2024-05-31T18:49:06.421Z
1695,3028,TX20240402030579,PAY_FEE,11,MRU,2246,MERCHANT,COLLECTED,2024-04-02T04:26:00.786Z
1696,3029,TX20240124360193,WIT_FEE,50,MRU,2582,PLATFORM,COLLECTED,2024-01-24T16:04:29.525Z
1697,3030,TX20240302288349,TRF_FEE,50,MRU,1798,PLATFORM,COLLECTED,2024-03-02T11:13:18.366Z
1698,3031,TX20240125278308,TRF_FEE,25,MRU,10487,PLATFORM,COLLECTED,2024-01-25T08:18:12.171Z
1699,3033,TX20241004465651,SAL_FEE,2095,MRU,2756,PLATFORM,COLLECTED,2024-10-04T06:46:00.704Z
1700,3034,TX20240205871064,PAY_FEE,285,MRU,1552,MERCHANT,COLLECTED,2024-02-05T20:47:13.456Z
1701,3035,TX20240506083884,WIT_FEE,50,MRU,6091,PLATFORM,COLLECTED,2024-05-06T15:12:57.810Z
1702,3036,TX20240219442663,WIT_FEE,50,MRU,5529,PLATFORM,COLLECTED,2024-02-19T10:17:58.631Z
1703,3043,TX20240428447352,WIT_FEE,100,MRU,173,PLATFORM,COLLECTED,2024-04-28T06:51:39.636Z
1704,3044,TX20241209902877,WIT_FEE,50,MRU,7920,PLATFORM,COLLECTED,2024-12-09T10:57:56.144Z
1705,3045,TX20240219488439,SAL_FEE,1370,MRU,883,PLATFORM,COLLECTED,2024-02-19T07:52:41.880Z
1706,3046,TX20240528281973,TRF_FEE,50,MRU,638,PLATFORM,COLLECTED,2024-05-28T08:24:20.165Z
1707,3048,TX20240925718309,TRF_FEE,25,MRU,5779,PLATFORM,COLLECTED,2024-09-25T08:28:38.145Z
1708,3050,TX20240131814408,WIT_FEE,50,MRU,963,PLATFORM,COLLECTED,2024-01-31T19:42:26.714Z
1709,3051,TX20241023738250,WIT_FEE,50,MRU,10200,PLATFORM,COLLECTED,2024-10-23T09:43:25.935Z
1710,3056,TX20240528811897,TRF_FEE,25,MRU,5418,PLATFORM,COLLECTED,2024-05-28T15:24:46.419Z
1711,3058,TX20240927185888,TRF_FEE,50,MRU,319,PLATFORM,COLLECTED,2024-09-27T15:09:58.410Z
1712,3059,TX20241201099404,TRF_FEE,50,MRU,5126,PLATFORM,COLLECTED,2024-12-01T09:14:20.529Z
1713,3061,TX20240422044450,TRF_FEE,10,MRU,2947,PLATFORM,COLLECTED,2024-04-22T11:42:32.203Z
1714,3063,TX20241215451398,PAY_FEE,29,MRU,6809,MERCHANT,COLLECTED,2024-12-15T18:00:40.253Z
1715,3065,TX20240115377370,PAY_FEE,27,MRU,6994,MERCHANT,COLLECTED,2024-01-15T08:57:10.772Z
1716,3066,TX20241014527947,TRF_FEE,50,MRU,1295,PLATFORM,COLLECTED,2024-10-14T17:42:02.968Z
1717,3067,TX20240126196762,PAY_FEE,18,MRU,7193,MERCHANT,COLLECTED,2024-01-26T17:55:07.103Z
1718,3068,TX20240624798571,TRF_FEE,50,MRU,9356,PLATFORM,COLLECTED,2024-06-24T12:28:09.126Z
1719,3070,TX20240701168128,PAY_FEE,180,MRU,5983,MERCHANT,COLLECTED,2024-07-01T17:28:46.890Z
1720,3071,TX20240720289036,PAY_FEE,32,MRU,8970,MERCHANT,COLLECTED,2024-07-20T08:23:08.942Z
1721,3072,TX20240820193571,SAL_FEE,2310,MRU,3300,PLATFORM,COLLECTED,2024-08-20T10:49:02.036Z
1722,3073,TX20240508283255,TRF_FEE,50,MRU,5655,PLATFORM,COLLECTED,2024-05-08T18:13:53.139Z
1723,3074,TX20240927979923,TRF_FEE,50,MRU,997,PLATFORM,COLLECTED,2024-09-27T15:47:47.617Z
1724,3076,TX20240417615041,TRF_FEE,50,MRU,9322,PLATFORM,COLLECTED,2024-04-17T06:49:53.026Z
1725,3078,TX20240301888938,TRF_FEE,50,MRU,7422,PLATFORM,COLLECTED,2024-03-01T13:42:23.118Z
1726,3081,TX20240325930376,TRF_FEE,50,MRU,7111,PLATFORM,COLLECTED,2024-03-25T06:54:29.019Z
1727,3082,TX20240226086241,PAY_FEE,21,MRU,164,MERCHANT,COLLECTED,2024-02-26T18:19:34.006Z
1728,3083,TX20240531261994,WIT_FEE,200,MRU,9781,PLATFORM,COLLECTED,2024-05-31T10:45:58.394Z
1729,3084,TX20240820812968,TRF_FEE,25,MRU,4903,PLATFORM,COLLECTED,2024-08-20T09:18:33.730Z
1730,3085,TX20241001976409,WIT_FEE,50,MRU,6680,PLATFORM,COLLECTED,2024-10-01T07:43:07.697Z
1731,3087,TX20240416613025,WIT_FEE,50,MRU,6641,PLATFORM,COLLECTED,2024-04-16T13:38:41.000Z
1732,3088,TX20240404232695,PAY_FEE,20,MRU,8087,MERCHANT,COLLECTED,2024-04-04T05:13:59.080Z
1733,3089,TX20240115282543,PAY_FEE,44,MRU,8235,MERCHANT,COLLECTED,2024-01-15T10:52:38.938Z
1734,3091,TX20240704032529,WIT_FEE,340,MRU,5471,PLATFORM,COLLECTED,2024-07-04T15:41:59.695Z
1735,3092,TX20240305711072,WIT_FEE,50,MRU,1726,PLATFORM,COLLECTED,2024-03-05T10:34:28.146Z
1736,3093,TX20241112266913,WIT_FEE,73,MRU,8792,PLATFORM,COLLECTED,2024-11-12T04:01:47.643Z
1737,3094,TX20240315037190,WIT_FEE,50,MRU,2322,PLATFORM,COLLECTED,2024-03-15T08:23:50.231Z
1738,3096,TX20240611204816,WIT_FEE,50,MRU,7181,PLATFORM,COLLECTED,2024-06-11T08:18:37.060Z
1739,3098,TX20240617783572,PAY_FEE,18,MRU,6188,MERCHANT,COLLECTED,2024-06-17T16:35:51.260Z
1740,3104,TX20240601735798,TRF_FEE,10,MRU,1683,PLATFORM,COLLECTED,2024-06-01T14:26:47.548Z
1741,3105,TX20240614051232,TRF_FEE,25,MRU,10287,PLATFORM,COLLECTED,2024-06-14T15:51:59.985Z
1742,3107,TX20240328780089,TRF_FEE,25,MRU,2814,PLATFORM,COLLECTED,2024-03-28T07:40:41.241Z
1743,3108,TX20241010175371,TRF_FEE,25,MRU,9251,PLATFORM,COLLECTED,2024-10-10T13:29:10.969Z
1744,3109,TX20241018945207,PAY_FEE,36,MRU,5269,MERCHANT,COLLECTED,2024-10-18T08:15:03.363Z
1745,3115,TX20240102811539,TRF_FEE,25,MRU,7962,PLATFORM,COLLECTED,2024-01-02T11:38:03.510Z
1746,3117,TX20241203348964,WIT_FEE,200,MRU,4663,PLATFORM,COLLECTED,2024-12-03T12:58:53.134Z
1747,3122,TX20241230172370,SAL_FEE,1455,MRU,7115,PLATFORM,COLLECTED,2024-12-30T12:36:54.260Z
1748,3123,TX20240323161239,WIT_FEE,50,MRU,5427,PLATFORM,COLLECTED,2024-03-23T08:50:09.818Z
1749,3126,TX20240904154678,PAY_FEE,8,MRU,504,MERCHANT,COLLECTED,2024-09-04T15:46:10.880Z
1750,3127,TX20241022029880,TRF_FEE,25,MRU,4933,PLATFORM,COLLECTED,2024-10-22T03:49:28.258Z
1751,3128,TX20240510666177,WIT_FEE,50,MRU,10435,PLATFORM,COLLECTED,2024-05-10T07:01:26.650Z
1752,3131,TX20240423178733,TRF_FEE,10,MRU,7087,PLATFORM,COLLECTED,2024-04-23T11:05:23.016Z
1753,3133,TX20240606756029,TRF_FEE,50,MRU,8587,PLATFORM,COLLECTED,2024-06-06T12:17:15.762Z
1754,3134,TX20240603183880,PAY_FEE,17,MRU,9926,MERCHANT,COLLECTED,2024-06-03T17:17:20.797Z
1755,3138,TX20240427374164,TRF_FEE,50,MRU,8318,PLATFORM,COLLECTED,2024-04-27T13:55:28.853Z
1756,3139,TX20240704186155,PAY_FEE,98,MRU,3053,MERCHANT,COLLECTED,2024-07-04T15:21:51.134Z
1757,3140,TX20240606594713,PAY_FEE,66,MRU,3710,MERCHANT,COLLECTED,2024-06-06T12:18:22.251Z
1758,3142,TX20240410214543,WIT_FEE,50,MRU,10615,PLATFORM,COLLECTED,2024-04-10T12:58:00.867Z
1759,3143,TX20240610987453,WIT_FEE,200,MRU,5023,PLATFORM,COLLECTED,2024-06-10T16:47:40.433Z
1760,3148,TX20240527712908,PAY_FEE,27,MRU,4934,MERCHANT,COLLECTED,2024-05-27T05:56:22.927Z
1761,3150,TX20240208112258,PAY_FEE,62,MRU,2121,MERCHANT,COLLECTED,2024-02-08T17:01:21.921Z
1762,3151,TX20240423705346,WIT_FEE,50,MRU,8482,PLATFORM,COLLECTED,2024-04-22T22:39:13.823Z
1763,3152,TX20240806837529,WIT_FEE,50,MRU,8945,PLATFORM,COLLECTED,2024-08-06T07:05:05.719Z
1764,3154,TX20240405370012,WIT_FEE,50,MRU,4229,PLATFORM,COLLECTED,2024-04-05T17:48:46.588Z
1765,3156,TX20240207985816,TRF_FEE,25,MRU,3752,PLATFORM,COLLECTED,2024-02-07T16:19:43.610Z
1766,3159,TX20240309730936,TRF_FEE,50,MRU,7883,PLATFORM,COLLECTED,2024-03-09T13:09:53.260Z
1767,3160,TX20240324249827,WIT_FEE,50,MRU,9216,PLATFORM,COLLECTED,2024-03-24T20:36:20.617Z
1768,3161,TX20241214962469,TRF_FEE,50,MRU,14,PLATFORM,COLLECTED,2024-12-14T09:37:53.349Z
1769,3162,TX20240819043922,TRF_FEE,25,MRU,2238,PLATFORM,COLLECTED,2024-08-19T10:40:17.650Z
1770,3163,TX20240101459301,WIT_FEE,50,MRU,5315,PLATFORM,COLLECTED,2024-01-01T16:35:51.348Z
1771,3166,TX20240326998144,WIT_FEE,60,MRU,228,PLATFORM,COLLECTED,2024-03-26T06:25:27.295Z
1772,3168,TX20240725760261,WIT_FEE,50,MRU,6961,PLATFORM,COLLECTED,2024-07-25T16:15:34.826Z
1773,3169,TX20241201435519,WIT_FEE,120,MRU,10203,PLATFORM,COLLECTED,2024-12-01T18:51:33.630Z
1774,3170,TX20240221646522,WIT_FEE,260,MRU,2329,PLATFORM,COLLECTED,2024-02-21T09:17:16.301Z
1775,3172,TX20240727792570,TRF_FEE,50,MRU,3808,PLATFORM,COLLECTED,2024-07-27T16:49:17.626Z
1776,3176,TX20240408957663,WIT_FEE,50,MRU,7752,PLATFORM,COLLECTED,2024-04-08T14:31:13.570Z
1777,3177,TX20240505532448,TRF_FEE,50,MRU,3201,PLATFORM,COLLECTED,2024-05-05T10:31:56.122Z
1778,3179,TX20240329987934,WIT_FEE,50,MRU,3157,PLATFORM,COLLECTED,2024-03-29T16:22:07.909Z
1779,3180,TX20241113349219,PAY_FEE,68,MRU,4710,MERCHANT,COLLECTED,2024-11-13T12:40:50.661Z
1780,3181,TX20240318023496,TRF_FEE,25,MRU,6976,PLATFORM,COLLECTED,2024-03-18T11:22:12.863Z
1781,3182,TX20240709195262,TRF_FEE,50,MRU,6129,PLATFORM,COLLECTED,2024-07-09T06:00:04.465Z
1782,3184,TX20241216586573,WIT_FEE,50,MRU,9692,PLATFORM,COLLECTED,2024-12-16T12:10:10.936Z
1783,3187,TX20240404262583,PAY_FEE,90,MRU,4784,MERCHANT,COLLECTED,2024-04-04T08:45:25.871Z
1784,3188,TX20240909702311,TRF_FEE,25,MRU,1310,PLATFORM,COLLECTED,2024-09-09T07:57:09.687Z
1785,3190,TX20241013722896,PAY_FEE,510,MRU,3925,MERCHANT,COLLECTED,2024-10-13T17:29:58.062Z
1786,3191,TX20240208341857,WIT_FEE,50,MRU,7785,PLATFORM,COLLECTED,2024-02-08T13:48:23.935Z
1787,3192,TX20241007190091,WIT_FEE,50,MRU,7358,PLATFORM,COLLECTED,2024-10-07T11:16:03.051Z
1788,3193,TX20240616194736,WIT_FEE,50,MRU,5909,PLATFORM,COLLECTED,2024-06-16T13:26:48.806Z
1789,3194,TX20240816186824,TRF_FEE,50,MRU,1178,PLATFORM,COLLECTED,2024-08-16T08:11:29.014Z
1790,3196,TX20240405371507,TRF_FEE,25,MRU,6946,PLATFORM,COLLECTED,2024-04-05T06:52:16.002Z
1791,3197,TX20240808350783,PAY_FEE,35,MRU,6933,MERCHANT,COLLECTED,2024-08-08T16:09:36.243Z
1792,3199,TX20240531754160,WIT_FEE,50,MRU,4038,PLATFORM,COLLECTED,2024-05-31T11:35:23.502Z
1793,3200,TX20241106057942,WIT_FEE,50,MRU,689,PLATFORM,COLLECTED,2024-11-06T08:52:15.459Z
1794,3201,TX20240630186542,TRF_FEE,25,MRU,440,PLATFORM,COLLECTED,2024-06-30T18:48:29.027Z
1795,3202,TX20240315348720,TRF_FEE,50,MRU,9110,PLATFORM,COLLECTED,2024-03-15T17:12:52.924Z
1796,3203,TX20241206039807,TRF_FEE,50,MRU,6982,PLATFORM,COLLECTED,2024-12-06T17:47:51.792Z
1797,3206,TX20240427596340,WIT_FEE,50,MRU,4502,PLATFORM,COLLECTED,2024-04-27T16:40:29.694Z
1798,3208,TX20240305597131,WIT_FEE,50,MRU,6021,PLATFORM,COLLECTED,2024-03-05T18:40:04.390Z
1799,3209,TX20240218394907,TRF_FEE,50,MRU,8048,PLATFORM,COLLECTED,2024-02-18T08:43:08.210Z
1800,3213,TX20241015705376,TRF_FEE,50,MRU,10078,PLATFORM,COLLECTED,2024-10-15T15:35:33.955Z
1801,3214,TX20241026986957,TRF_FEE,25,MRU,7946,PLATFORM,COLLECTED,2024-10-26T07:54:19.581Z
1802,3216,TX20241115448309,WIT_FEE,50,MRU,571,PLATFORM,COLLECTED,2024-11-15T16:05:02.674Z
1803,3217,TX20241101370804,PAY_FEE,14,MRU,1400,MERCHANT,COLLECTED,2024-11-01T12:50:18.882Z
1804,3219,TX20240521426753,TRF_FEE,50,MRU,7884,PLATFORM,COLLECTED,2024-05-21T14:53:27.926Z
1805,3223,TX20240918462837,TRF_FEE,50,MRU,5376,PLATFORM,COLLECTED,2024-09-18T15:51:38.465Z
1806,3226,TX20241030408653,PAY_FEE,7,MRU,199,MERCHANT,COLLECTED,2024-10-30T17:51:09.576Z
1807,3227,TX20240309698587,WIT_FEE,210,MRU,9569,PLATFORM,COLLECTED,2024-03-09T08:46:43.317Z
1808,3228,TX20240524332280,WIT_FEE,50,MRU,7618,PLATFORM,COLLECTED,2024-05-24T08:12:51.565Z
1809,3229,TX20240714094321,PAY_FEE,45,MRU,8130,MERCHANT,COLLECTED,2024-07-14T21:11:43.328Z
1810,3230,TX20240330942916,WIT_FEE,50,MRU,6987,PLATFORM,COLLECTED,2024-03-30T16:00:55.954Z
1811,3231,TX20240225729838,TRF_FEE,50,MRU,810,PLATFORM,COLLECTED,2024-02-25T09:14:44.246Z
1812,3232,TX20240210899693,PAY_FEE,35,MRU,168,MERCHANT,COLLECTED,2024-02-10T06:35:11.655Z
1813,3233,TX20241021833711,WIT_FEE,200,MRU,7870,PLATFORM,COLLECTED,2024-10-21T13:27:26.715Z
1814,3237,TX20241116791267,WIT_FEE,100,MRU,3943,PLATFORM,COLLECTED,2024-11-16T07:26:23.023Z
1815,3241,TX20240901638245,TRF_FEE,50,MRU,5863,PLATFORM,COLLECTED,2024-09-01T15:53:01.574Z
1816,3243,TX20240616113694,WIT_FEE,200,MRU,7647,PLATFORM,COLLECTED,2024-06-16T10:30:21.349Z
1817,3247,TX20241026269433,WIT_FEE,50,MRU,7770,PLATFORM,COLLECTED,2024-10-26T17:27:57.708Z
1818,3248,TX20241003751882,WIT_FEE,50,MRU,8009,PLATFORM,COLLECTED,2024-10-03T16:01:24.063Z
1819,3250,TX20241104053064,WIT_FEE,50,MRU,4902,PLATFORM,COLLECTED,2024-11-04T11:25:54.434Z
1820,3252,TX20241019726634,TRF_FEE,50,MRU,7670,PLATFORM,COLLECTED,2024-10-19T11:17:13.601Z
1821,3260,TX20240301342997,WIT_FEE,120,MRU,2735,PLATFORM,COLLECTED,2024-03-01T06:10:59.687Z
1822,3262,TX20240819697672,TRF_FEE,25,MRU,8057,PLATFORM,COLLECTED,2024-08-19T07:31:41.323Z
1823,3263,TX20240611978444,PAY_FEE,2100,MRU,5714,MERCHANT,COLLECTED,2024-06-11T11:25:41.274Z
1824,3264,TX20240131349027,WIT_FEE,50,MRU,963,PLATFORM,COLLECTED,2024-01-31T19:42:26.714Z
1825,3266,TX20240820473443,WIT_FEE,100,MRU,1549,PLATFORM,COLLECTED,2024-08-20T08:08:31.975Z
1826,3267,TX20240501930171,WIT_FEE,50,MRU,4216,PLATFORM,COLLECTED,2024-05-01T08:24:07.913Z
1827,3269,TX20241209951450,TRF_FEE,25,MRU,9400,PLATFORM,COLLECTED,2024-12-09T16:07:07.864Z
1828,3270,TX20240602311708,PAY_FEE,1875,MRU,1785,MERCHANT,COLLECTED,2024-06-02T11:45:39.660Z
1829,3271,TX20240915934603,TRF_FEE,25,MRU,8393,PLATFORM,COLLECTED,2024-09-15T10:41:29.338Z
1830,3272,TX20240529977017,SAL_FEE,2110,MRU,5162,PLATFORM,COLLECTED,2024-05-29T04:28:08.841Z
1831,3275,TX20241228377759,TRF_FEE,50,MRU,7723,PLATFORM,COLLECTED,2024-12-28T08:36:18.486Z
1832,3279,TX20241006343463,TRF_FEE,50,MRU,1727,PLATFORM,COLLECTED,2024-10-06T07:06:46.040Z
1833,3281,TX20240220874196,TRF_FEE,50,MRU,760,PLATFORM,COLLECTED,2024-02-20T10:35:56.849Z
1834,3282,TX20240320847595,PAY_FEE,360,MRU,5299,MERCHANT,COLLECTED,2024-03-20T09:13:26.412Z
1835,3286,TX20240518827672,TRF_FEE,50,MRU,9501,PLATFORM,COLLECTED,2024-05-18T06:06:10.672Z
1836,3287,TX20240517211565,WIT_FEE,50,MRU,7312,PLATFORM,COLLECTED,2024-05-17T12:41:39.123Z
1837,3288,TX20240226079412,WIT_FEE,240,MRU,8596,PLATFORM,COLLECTED,2024-02-26T10:16:40.740Z
1838,3290,TX20241104844443,TRF_FEE,25,MRU,4733,PLATFORM,COLLECTED,2024-11-04T09:02:18.159Z
1839,3291,TX20240505078643,WIT_FEE,50,MRU,10585,PLATFORM,COLLECTED,2024-05-05T09:11:16.863Z
1840,3293,TX20241009397275,TRF_FEE,50,MRU,9481,PLATFORM,COLLECTED,2024-10-09T07:58:48.836Z
1841,3294,TX20241007078955,TRF_FEE,25,MRU,1299,PLATFORM,COLLECTED,2024-10-07T08:18:02.406Z
1842,3295,TX20240929215393,TRF_FEE,50,MRU,10025,PLATFORM,COLLECTED,2024-09-29T09:40:13.053Z
1843,3298,TX20240826442698,TRF_FEE,25,MRU,6459,PLATFORM,COLLECTED,2024-08-26T17:58:30.748Z
1844,3299,TX20240925604628,WIT_FEE,100,MRU,8179,PLATFORM,COLLECTED,2024-09-25T11:14:50.988Z
1845,3301,TX20240613292838,BIL_FEE,100,MRU,4370,PLATFORM,COLLECTED,2024-06-13T11:44:12.486Z
1846,3304,TX20240622149324,PAY_FEE,71,MRU,240,MERCHANT,COLLECTED,2024-06-22T15:40:31.582Z
1847,3306,TX20240602722971,WIT_FEE,50,MRU,6276,PLATFORM,COLLECTED,2024-06-02T12:46:54.449Z
1848,3307,TX20240704395102,WIT_FEE,50,MRU,983,PLATFORM,COLLECTED,2024-07-04T16:21:45.330Z
1849,3315,TX20240909508407,WIT_FEE,50,MRU,2630,PLATFORM,COLLECTED,2024-09-09T18:41:51.650Z
1850,3316,TX20240105977354,TRF_FEE,50,MRU,2968,PLATFORM,COLLECTED,2024-01-05T10:45:56.290Z
1851,3317,TX20240626018499,TRF_FEE,25,MRU,10382,PLATFORM,COLLECTED,2024-06-26T15:40:20.418Z
1852,3318,TX20241018568969,WIT_FEE,200,MRU,6601,PLATFORM,COLLECTED,2024-10-18T09:41:22.135Z
1853,3319,TX20240115199520,PAY_FEE,83,MRU,6101,MERCHANT,COLLECTED,2024-01-15T09:46:41.643Z
1854,3322,TX20240926554243,PAY_FEE,27,MRU,9515,MERCHANT,COLLECTED,2024-09-26T12:01:23.052Z
1855,3323,TX20241115751610,WIT_FEE,100,MRU,8359,PLATFORM,COLLECTED,2024-11-15T13:38:35.169Z
1856,3324,TX20241215924528,BIL_FEE,100,MRU,5465,PLATFORM,COLLECTED,2024-12-15T10:31:40.839Z
1857,3325,TX20240118056785,WIT_FEE,50,MRU,5169,PLATFORM,COLLECTED,2024-01-18T17:59:37.788Z
1858,3327,TX20240321705958,TRF_FEE,50,MRU,374,PLATFORM,COLLECTED,2024-03-21T07:04:08.505Z
1859,3328,TX20241003004431,WIT_FEE,110,MRU,8498,PLATFORM,COLLECTED,2024-10-03T13:26:05.924Z
1860,3329,TX20241121470758,SAL_FEE,1425,MRU,6840,PLATFORM,COLLECTED,2024-11-21T22:36:06.107Z
1861,3331,TX20241022586126,PAY_FEE,255,MRU,2224,MERCHANT,COLLECTED,2024-10-22T07:56:43.968Z
1862,3333,TX20240622659109,BIL_FEE,100,MRU,7994,PLATFORM,COLLECTED,2024-06-22T15:13:33.250Z
1863,3334,TX20241031799881,TRF_FEE,50,MRU,7026,PLATFORM,COLLECTED,2024-10-31T09:41:35.530Z
1864,3337,TX20241125717086,TRF_FEE,25,MRU,108,PLATFORM,COLLECTED,2024-11-25T11:01:07.014Z
1865,3338,TX20240502235318,TRF_FEE,25,MRU,3542,PLATFORM,COLLECTED,2024-05-02T10:23:29.493Z
1866,3340,TX20240603001462,TRF_FEE,50,MRU,6444,PLATFORM,COLLECTED,2024-06-03T18:20:56.522Z
1867,3342,TX20240214557035,WIT_FEE,50,MRU,7136,PLATFORM,COLLECTED,2024-02-14T14:01:43.398Z
1868,3344,TX20240519213154,PAY_FEE,51,MRU,10755,MERCHANT,COLLECTED,2024-05-19T07:04:21.417Z
1869,3347,TX20240619122616,TRF_FEE,50,MRU,10197,PLATFORM,COLLECTED,2024-06-19T15:02:40.144Z
1870,3348,TX20240128968438,WIT_FEE,50,MRU,5325,PLATFORM,COLLECTED,2024-01-28T14:35:44.256Z
1871,3349,TX20240602579367,TRF_FEE,50,MRU,7526,PLATFORM,COLLECTED,2024-06-02T09:10:19.608Z
1872,3350,TX20240716484746,WIT_FEE,86,MRU,2332,PLATFORM,COLLECTED,2024-07-16T15:48:36.941Z
1873,3351,TX20241226886068,TRF_FEE,50,MRU,10086,PLATFORM,COLLECTED,2024-12-26T15:04:17.958Z
1874,3353,TX20241218852399,TRF_FEE,50,MRU,3105,PLATFORM,COLLECTED,2024-12-18T08:56:36.467Z
1875,3354,TX20241025379427,PAY_FEE,210,MRU,7571,MERCHANT,COLLECTED,2024-10-24T23:43:42.734Z
1876,3356,TX20241109547761,SAL_FEE,1065,MRU,6983,PLATFORM,COLLECTED,2024-11-09T13:10:48.977Z
1877,3357,TX20240813347483,PAY_FEE,50,MRU,8578,MERCHANT,COLLECTED,2024-08-13T07:15:29.860Z
1878,3360,TX20240827444948,TRF_FEE,25,MRU,1240,PLATFORM,COLLECTED,2024-08-27T13:21:00.355Z
1879,3361,TX20240524192592,WIT_FEE,50,MRU,34,PLATFORM,COLLECTED,2024-05-24T05:02:20.956Z
1880,3362,TX20241113672798,PAY_FEE,32,MRU,516,MERCHANT,COLLECTED,2024-11-13T09:20:34.272Z
1881,3366,TX20240612117492,PAY_FEE,315,MRU,9201,MERCHANT,COLLECTED,2024-06-12T13:35:35.742Z
1882,3368,TX20240224857409,TRF_FEE,25,MRU,7501,PLATFORM,COLLECTED,2024-02-24T15:14:58.425Z
1883,3370,TX20240904332386,WIT_FEE,50,MRU,1019,PLATFORM,COLLECTED,2024-09-04T08:24:21.387Z
1884,3371,TX20240413571616,TRF_FEE,10,MRU,3145,PLATFORM,COLLECTED,2024-04-13T11:08:34.186Z
1885,3373,TX20240107188840,WIT_FEE,50,MRU,10922,PLATFORM,COLLECTED,2024-01-07T17:02:33.587Z
1886,3375,TX20240902511177,PAY_FEE,50,MRU,10478,MERCHANT,COLLECTED,2024-09-02T13:10:45.742Z
1887,3379,TX20240817858517,WIT_FEE,50,MRU,10940,PLATFORM,COLLECTED,2024-08-17T13:40:38.000Z
1888,3384,TX20240317166491,TRF_FEE,50,MRU,10218,PLATFORM,COLLECTED,2024-03-17T13:14:47.694Z
1889,3385,TX20240728242535,WIT_FEE,50,MRU,444,PLATFORM,COLLECTED,2024-07-28T14:27:20.551Z
1890,3386,TX20240707482913,TRF_FEE,25,MRU,3906,PLATFORM,COLLECTED,2024-07-07T12:30:01.575Z
1891,3387,TX20240207024893,WIT_FEE,50,MRU,4365,PLATFORM,COLLECTED,2024-02-07T09:54:44.207Z
1892,3389,TX20240725012863,WIT_FEE,50,MRU,5342,PLATFORM,COLLECTED,2024-07-25T19:57:57.475Z
1893,3392,TX20240303971702,TRF_FEE,50,MRU,7704,PLATFORM,COLLECTED,2024-03-03T09:06:35.347Z
1894,3394,TX20241115438011,PAY_FEE,45,MRU,1147,MERCHANT,COLLECTED,2024-11-15T15:02:10.475Z
1895,3395,TX20241212672003,PAY_FEE,42,MRU,8588,MERCHANT,COLLECTED,2024-12-12T16:47:13.131Z
1896,3396,TX20240820543266,TRF_FEE,10,MRU,7388,PLATFORM,COLLECTED,2024-08-20T07:25:11.048Z
1897,3400,TX20241208510713,WIT_FEE,110,MRU,4270,PLATFORM,COLLECTED,2024-12-08T16:03:15.500Z
1898,3403,TX20240903707838,TRF_FEE,25,MRU,4120,PLATFORM,COLLECTED,2024-09-03T08:40:12.339Z
1899,3404,TX20240718872179,TRF_FEE,50,MRU,3947,PLATFORM,COLLECTED,2024-07-18T06:01:46.897Z
1900,3407,TX20240825603203,WIT_FEE,50,MRU,6465,PLATFORM,COLLECTED,2024-08-25T08:29:50.159Z
1901,3408,TX20240629626091,TRF_FEE,25,MRU,7994,PLATFORM,COLLECTED,2024-06-29T18:33:32.974Z
1902,3413,TX20241012502058,TRF_FEE,25,MRU,4975,PLATFORM,COLLECTED,2024-10-12T08:19:33.949Z
1903,3415,TX20241104809562,PAY_FEE,60,MRU,9842,MERCHANT,COLLECTED,2024-11-04T18:30:00.075Z
1904,3421,TX20240514744710,WIT_FEE,50,MRU,7794,PLATFORM,COLLECTED,2024-05-14T08:55:03.631Z
1905,3422,TX20240426817719,WIT_FEE,150,MRU,1968,PLATFORM,COLLECTED,2024-04-26T14:14:11.249Z
1906,3423,TX20241109646139,TRF_FEE,25,MRU,1467,PLATFORM,COLLECTED,2024-11-09T17:44:01.403Z
1907,3425,TX20240726806775,PAY_FEE,13,MRU,2505,MERCHANT,COLLECTED,2024-07-26T07:57:32.227Z
1908,3427,TX20240127955964,TRF_FEE,50,MRU,557,PLATFORM,COLLECTED,2024-01-27T14:19:58.480Z
1909,3430,TX20241104783589,TRF_FEE,50,MRU,1858,PLATFORM,COLLECTED,2024-11-04T10:24:43.800Z
1910,3432,TX20240713136716,WIT_FEE,91,MRU,7652,PLATFORM,COLLECTED,2024-07-13T08:50:25.275Z
1911,3433,TX20241217660924,BIL_FEE,100,MRU,8037,PLATFORM,COLLECTED,2024-12-17T05:23:56.330Z
1912,3435,TX20241021870859,TRF_FEE,25,MRU,9343,PLATFORM,COLLECTED,2024-10-21T16:21:54.983Z
1913,3436,TX20241031723303,TRF_FEE,10,MRU,8123,PLATFORM,COLLECTED,2024-10-31T10:24:06.942Z
1914,3437,TX20240421604235,BIL_FEE,100,MRU,8533,PLATFORM,COLLECTED,2024-04-21T19:16:27.048Z
1915,3438,TX20241104008045,PAY_FEE,56,MRU,375,MERCHANT,COLLECTED,2024-11-04T12:21:33.924Z
1916,3439,TX20241120718658,WIT_FEE,50,MRU,7035,PLATFORM,COLLECTED,2024-11-20T09:35:59.383Z
1917,3440,TX20241002862816,TRF_FEE,25,MRU,6097,PLATFORM,COLLECTED,2024-10-02T20:45:34.586Z
1918,3441,TX20240819211240,SAL_FEE,800,MRU,627,PLATFORM,COLLECTED,2024-08-19T04:29:04.337Z
1919,3443,TX20240115017256,PAY_FEE,38,MRU,1556,MERCHANT,COLLECTED,2024-01-15T17:43:53.530Z
1920,3450,TX20240520472144,TRF_FEE,25,MRU,6925,PLATFORM,COLLECTED,2024-05-20T15:13:50.797Z
1921,3454,TX20241213723737,TRF_FEE,10,MRU,10790,PLATFORM,COLLECTED,2024-12-13T17:06:25.420Z
1922,3456,TX20240112697489,WIT_FEE,50,MRU,384,PLATFORM,COLLECTED,2024-01-12T11:00:47.202Z
1923,3460,TX20240205488987,PAY_FEE,14,MRU,9211,MERCHANT,COLLECTED,2024-02-05T12:22:00.134Z
1924,3461,TX20241004961146,SAL_FEE,2095,MRU,2756,PLATFORM,COLLECTED,2024-10-04T06:46:00.704Z
1925,3463,TX20240315083884,PAY_FEE,165,MRU,4875,MERCHANT,COLLECTED,2024-03-15T20:48:32.597Z
1926,3464,TX20240219148194,WIT_FEE,50,MRU,5529,PLATFORM,COLLECTED,2024-02-19T10:17:58.631Z
1927,3465,TX20240904688458,TRF_FEE,50,MRU,1877,PLATFORM,COLLECTED,2024-09-04T16:18:08.833Z
1928,3467,TX20240405806662,TRF_FEE,50,MRU,592,PLATFORM,COLLECTED,2024-04-05T12:02:20.600Z
1929,3468,TX20240718731531,TRF_FEE,25,MRU,8121,PLATFORM,COLLECTED,2024-07-18T18:20:35.861Z
1930,3469,TX20240606040701,WIT_FEE,73,MRU,7236,PLATFORM,COLLECTED,2024-06-06T12:17:11.249Z
1931,3470,TX20241215974409,WIT_FEE,100,MRU,4252,PLATFORM,COLLECTED,2024-12-15T15:19:10.721Z
1932,3471,TX20240307223380,TRF_FEE,25,MRU,5762,PLATFORM,COLLECTED,2024-03-07T10:59:27.447Z
1933,3474,TX20240908342997,SAL_FEE,2145,MRU,7884,PLATFORM,COLLECTED,2024-09-08T08:54:20.281Z
1934,3476,TX20240223232449,TRF_FEE,25,MRU,4777,PLATFORM,COLLECTED,2024-02-23T13:41:19.730Z
1935,3477,TX20240624348322,TRF_FEE,25,MRU,3338,PLATFORM,COLLECTED,2024-06-24T10:41:16.516Z
1936,3478,TX20240916806381,BIL_FEE,100,MRU,5573,PLATFORM,COLLECTED,2024-09-16T10:42:05.405Z
1937,3480,TX20240820789282,WIT_FEE,100,MRU,1549,PLATFORM,COLLECTED,2024-08-20T08:08:31.975Z
1938,3481,TX20240402689407,WIT_FEE,50,MRU,3305,PLATFORM,COLLECTED,2024-04-02T10:07:54.381Z
1939,3482,TX20240710678973,TRF_FEE,25,MRU,7065,PLATFORM,COLLECTED,2024-07-10T12:28:51.090Z
1940,3484,TX20241007311708,TRF_FEE,10,MRU,7285,PLATFORM,COLLECTED,2024-10-07T10:29:45.650Z
1941,3485,TX20240915388677,TRF_FEE,25,MRU,8393,PLATFORM,COLLECTED,2024-09-15T10:41:29.338Z
1942,3486,TX20240111482946,TRF_FEE,50,MRU,9127,PLATFORM,COLLECTED,2024-01-11T12:08:50.466Z
1943,3487,TX20240618055784,TRF_FEE,50,MRU,2851,PLATFORM,COLLECTED,2024-06-18T19:07:00.868Z
1944,3488,TX20240503917702,TRF_FEE,10,MRU,5557,PLATFORM,COLLECTED,2024-05-03T16:41:59.796Z
1945,3490,TX20240510282497,PAY_FEE,50,MRU,5752,MERCHANT,COLLECTED,2024-05-10T18:46:52.064Z
1946,3494,TX20241119527947,PAY_FEE,7,MRU,10594,MERCHANT,COLLECTED,2024-11-19T15:02:58.117Z
1947,3495,TX20240126138727,PAY_FEE,18,MRU,7193,MERCHANT,COLLECTED,2024-01-26T17:55:07.103Z
1948,3498,TX20241130140803,TRF_FEE,50,MRU,700,PLATFORM,COLLECTED,2024-11-30T12:46:53.540Z
1949,3499,TX20240525231851,WIT_FEE,100,MRU,4352,PLATFORM,COLLECTED,2024-05-25T07:56:48.669Z
1950,3500,TX20240117280920,PAY_FEE,51,MRU,2144,MERCHANT,COLLECTED,2024-01-17T06:17:54.942Z
1951,3506,TX20241210104198,PAY_FEE,47,MRU,1323,MERCHANT,COLLECTED,2024-12-10T11:13:53.015Z
1952,3507,TX20240525680824,TRF_FEE,10,MRU,10967,PLATFORM,COLLECTED,2024-05-25T05:24:42.856Z
1953,3508,TX20240229362324,TRF_FEE,25,MRU,3979,PLATFORM,COLLECTED,2024-02-29T07:42:28.634Z
1954,3510,TX20240103721356,TRF_FEE,25,MRU,4126,PLATFORM,COLLECTED,2024-01-03T04:34:14.947Z
1955,3511,TX20241119703083,WIT_FEE,50,MRU,9845,PLATFORM,COLLECTED,2024-11-19T06:55:12.028Z
1956,3512,TX20240610891246,PAY_FEE,240,MRU,5297,MERCHANT,COLLECTED,2024-06-10T09:14:31.359Z
1957,3513,TX20240213381811,PAY_FEE,102,MRU,6256,MERCHANT,COLLECTED,2024-02-13T15:36:39.061Z
1958,3515,TX20240416019214,WIT_FEE,50,MRU,6641,PLATFORM,COLLECTED,2024-04-16T13:38:41.000Z
1959,3516,TX20240114347132,WIT_FEE,50,MRU,3534,PLATFORM,COLLECTED,2024-01-14T08:59:04.733Z
1960,3517,TX20240820214269,PAY_FEE,96,MRU,6556,MERCHANT,COLLECTED,2024-08-20T18:44:40.563Z
1961,3519,TX20240907032529,PAY_FEE,27,MRU,8219,MERCHANT,COLLECTED,2024-09-07T20:41:29.797Z
1962,3520,TX20240305489348,WIT_FEE,50,MRU,1726,PLATFORM,COLLECTED,2024-03-05T10:34:28.146Z
1963,3521,TX20240106496909,PAY_FEE,10,MRU,9283,MERCHANT,COLLECTED,2024-01-06T05:47:38.796Z
1964,3522,TX20240520366338,TRF_FEE,10,MRU,2567,PLATFORM,COLLECTED,2024-05-20T07:08:23.835Z
1965,3523,TX20240711985734,PAY_FEE,8,MRU,4507,MERCHANT,COLLECTED,2024-07-11T05:32:38.891Z
1966,3524,TX20240409052938,TRF_FEE,25,MRU,2944,PLATFORM,COLLECTED,2024-04-09T09:25:13.445Z
1967,3525,TX20240411667895,PAY_FEE,38,MRU,2482,MERCHANT,COLLECTED,2024-04-11T14:21:53.848Z
1968,3527,TX20240707911456,WIT_FEE,50,MRU,8496,PLATFORM,COLLECTED,2024-07-07T12:24:19.487Z
1969,3530,TX20240420207574,WIT_FEE,50,MRU,9843,PLATFORM,COLLECTED,2024-04-20T16:39:46.091Z
1970,3531,TX20240728062484,TRF_FEE,50,MRU,6842,PLATFORM,COLLECTED,2024-07-28T14:13:26.124Z
1971,3535,TX20240115528574,TRF_FEE,10,MRU,2506,PLATFORM,COLLECTED,2024-01-15T11:34:11.932Z
1972,3537,TX20240409167828,PAY_FEE,62,MRU,9166,MERCHANT,COLLECTED,2024-04-09T11:20:45.267Z
1973,3539,TX20240725811862,WIT_FEE,80,MRU,9784,PLATFORM,COLLECTED,2024-07-25T17:31:55.056Z
1974,3540,TX20240803999320,BIL_FEE,100,MRU,1019,PLATFORM,COLLECTED,2024-08-03T08:27:29.187Z
1975,3541,TX20240807203577,PAY_FEE,47,MRU,870,MERCHANT,COLLECTED,2024-08-07T11:02:42.735Z
1976,3544,TX20241005652723,TRF_FEE,50,MRU,5286,PLATFORM,COLLECTED,2024-10-05T09:09:03.049Z
1977,3545,TX20240225369402,TRF_FEE,25,MRU,7220,PLATFORM,COLLECTED,2024-02-25T17:41:28.586Z
1978,3548,TX20240822452037,TRF_FEE,50,MRU,8541,PLATFORM,COLLECTED,2024-08-22T09:47:45.130Z
1979,3552,TX20240629993835,TRF_FEE,50,MRU,9887,PLATFORM,COLLECTED,2024-06-29T09:49:18.842Z
1980,3554,TX20241211746636,WIT_FEE,50,MRU,560,PLATFORM,COLLECTED,2024-12-11T13:34:37.152Z
1981,3555,TX20240412809672,TRF_FEE,50,MRU,4392,PLATFORM,COLLECTED,2024-04-12T16:32:12.159Z
1982,3556,TX20240525250387,PAY_FEE,38,MRU,1422,MERCHANT,COLLECTED,2024-05-25T14:34:08.708Z
1983,3560,TX20240520189123,PAY_FEE,4,MRU,4297,MERCHANT,COLLECTED,2024-05-20T08:53:34.808Z
1984,3562,TX20240928806249,TRF_FEE,50,MRU,9266,PLATFORM,COLLECTED,2024-09-28T08:28:59.283Z
1985,3563,TX20240514333572,TRF_FEE,50,MRU,2940,PLATFORM,COLLECTED,2024-05-14T07:19:36.682Z
1986,3565,TX20241029528429,TRF_FEE,50,MRU,3202,PLATFORM,COLLECTED,2024-10-29T13:59:38.069Z
1987,3566,TX20240714475982,TRF_FEE,25,MRU,10087,PLATFORM,COLLECTED,2024-07-14T06:12:56.661Z
1988,3567,TX20241218134971,TRF_FEE,50,MRU,3105,PLATFORM,COLLECTED,2024-12-18T08:56:36.467Z
1989,3568,TX20240103334724,PAY_FEE,1530,MRU,9594,MERCHANT,COLLECTED,2024-01-03T16:42:44.686Z
1990,3571,TX20241110433309,TRF_FEE,10,MRU,1985,PLATFORM,COLLECTED,2024-11-10T16:36:17.630Z
1991,3572,TX20240705058221,TRF_FEE,50,MRU,6052,PLATFORM,COLLECTED,2024-07-05T07:49:36.096Z
1992,3573,TX20240509865965,TRF_FEE,25,MRU,865,PLATFORM,COLLECTED,2024-05-09T06:48:36.834Z
1993,3575,TX20241215581112,WIT_FEE,200,MRU,4179,PLATFORM,COLLECTED,2024-12-14T23:57:49.560Z
1994,3576,TX20240118445537,WIT_FEE,120,MRU,7423,PLATFORM,COLLECTED,2024-01-18T08:41:46.269Z
1995,3580,TX20241024719783,TRF_FEE,10,MRU,1781,PLATFORM,COLLECTED,2024-10-24T10:24:07.998Z
1996,3581,TX20241112726857,SAL_FEE,1080,MRU,6262,PLATFORM,COLLECTED,2024-11-12T09:41:13.211Z
1997,3583,TX20240116565997,TRF_FEE,50,MRU,5047,PLATFORM,COLLECTED,2024-01-16T09:57:50.456Z
1998,3584,TX20240521738768,WIT_FEE,50,MRU,9297,PLATFORM,COLLECTED,2024-05-21T06:18:23.499Z
1999,3587,TX20240802152125,TRF_FEE,25,MRU,4552,PLATFORM,COLLECTED,2024-08-02T20:17:25.803Z
2000,3589,TX20240902451167,PAY_FEE,50,MRU,10478,MERCHANT,COLLECTED,2024-09-02T13:10:45.742Z
2001,3590,TX20240618634293,TRF_FEE,50,MRU,9133,PLATFORM,COLLECTED,2024-06-18T05:27:13.181Z
2002,3592,TX20240718196197,TRF_FEE,50,MRU,9885,PLATFORM,COLLECTED,2024-07-18T12:01:04.552Z
2003,3593,TX20240101383537,TRF_FEE,25,MRU,3508,PLATFORM,COLLECTED,2024-01-01T22:00:48.110Z
2004,3594,TX20240120038406,WIT_FEE,500,MRU,9199,PLATFORM,COLLECTED,2024-01-20T14:00:20.002Z
2005,3595,TX20240302314778,TRF_FEE,25,MRU,2640,PLATFORM,COLLECTED,2024-03-02T11:20:30.242Z
2006,3599,TX20240903242535,TRF_FEE,10,MRU,3701,PLATFORM,COLLECTED,2024-09-03T10:20:33.040Z
2007,3601,TX20240207219965,WIT_FEE,50,MRU,4365,PLATFORM,COLLECTED,2024-02-07T09:54:44.207Z
2008,3602,TX20240729439437,WIT_FEE,210,MRU,5327,PLATFORM,COLLECTED,2024-07-29T08:10:51.554Z
2009,3607,TX20241101120456,TRF_FEE,10,MRU,10109,PLATFORM,COLLECTED,2024-11-01T10:04:33.186Z
2010,3610,TX20240314072163,TRF_FEE,25,MRU,2440,PLATFORM,COLLECTED,2024-03-14T13:21:32.354Z
2011,3611,TX20240816768597,WIT_FEE,100,MRU,6991,PLATFORM,COLLECTED,2024-08-16T17:51:14.589Z
2012,3613,TX20240308394355,PAY_FEE,45,MRU,2823,MERCHANT,COLLECTED,2024-03-08T09:32:43.891Z
2013,3616,TX20240122687077,PAY_FEE,15,MRU,7483,MERCHANT,COLLECTED,2024-01-22T06:50:41.077Z
2014,3619,TX20240122451394,TRF_FEE,25,MRU,4392,PLATFORM,COLLECTED,2024-01-22T09:44:27.123Z
2015,3622,TX20240719487960,TRF_FEE,25,MRU,10576,PLATFORM,COLLECTED,2024-07-19T19:43:02.718Z
2016,3623,TX20240421118216,WIT_FEE,50,MRU,9955,PLATFORM,COLLECTED,2024-04-21T10:34:56.500Z
2017,3624,TX20240608133620,SAL_FEE,1300,MRU,10674,PLATFORM,COLLECTED,2024-06-08T07:47:29.510Z
2018,3626,TX20240412279777,PAY_FEE,8,MRU,6233,MERCHANT,COLLECTED,2024-04-12T19:26:06.405Z
2019,3627,TX20240422389056,PAY_FEE,33,MRU,4351,MERCHANT,COLLECTED,2024-04-22T09:33:56.449Z
2020,3628,TX20240314459940,TRF_FEE,50,MRU,9575,PLATFORM,COLLECTED,2024-03-14T15:12:34.542Z
2021,3629,TX20241115809562,PAY_FEE,42,MRU,9276,MERCHANT,COLLECTED,2024-11-15T13:00:04.892Z
2022,3631,TX20240525633258,WIT_FEE,460,MRU,3276,PLATFORM,COLLECTED,2024-05-25T11:33:30.584Z
2023,3632,TX20240417500205,WIT_FEE,50,MRU,1009,PLATFORM,COLLECTED,2024-04-17T05:44:25.714Z
2024,3634,TX20241223231963,TRF_FEE,25,MRU,3564,PLATFORM,COLLECTED,2024-12-23T08:29:35.384Z
2025,3635,TX20240120680068,BIL_FEE,100,MRU,10920,PLATFORM,COLLECTED,2024-01-20T14:42:25.081Z
2026,3636,TX20240416817719,WIT_FEE,500,MRU,2759,PLATFORM,COLLECTED,2024-04-16T09:40:14.193Z
2027,3637,TX20241109982691,TRF_FEE,25,MRU,1467,PLATFORM,COLLECTED,2024-11-09T17:44:01.403Z
2028,3638,TX20241031533718,TRF_FEE,25,MRU,7908,PLATFORM,COLLECTED,2024-10-31T06:27:11.706Z
2029,3639,TX20240324684038,TRF_FEE,50,MRU,260,PLATFORM,COLLECTED,2024-03-24T09:55:08.918Z
2030,3641,TX20241220575591,WIT_FEE,50,MRU,8798,PLATFORM,COLLECTED,2024-12-20T12:03:28.790Z
2031,3643,TX20240827013392,TRF_FEE,25,MRU,830,PLATFORM,COLLECTED,2024-08-27T17:52:42.239Z
2032,3646,TX20240910322754,WIT_FEE,50,MRU,8913,PLATFORM,COLLECTED,2024-09-10T20:12:43.441Z
2033,3647,TX20240923467480,WIT_FEE,95,MRU,7290,PLATFORM,COLLECTED,2024-09-23T06:23:33.388Z
2034,3648,TX20241206208102,BIL_FEE,100,MRU,1060,PLATFORM,COLLECTED,2024-12-06T17:04:14.858Z
2035,3649,TX20241104535736,SAL_FEE,2210,MRU,7266,PLATFORM,COLLECTED,2024-11-04T21:16:16.089Z
2036,3650,TX20240528129278,WIT_FEE,50,MRU,4886,PLATFORM,COLLECTED,2024-05-28T06:56:44.233Z
2037,3651,TX20240613486199,WIT_FEE,50,MRU,5033,PLATFORM,COLLECTED,2024-06-13T05:46:00.747Z
2038,3653,TX20240711631625,TRF_FEE,25,MRU,1889,PLATFORM,COLLECTED,2024-07-11T09:59:02.530Z
2039,3654,TX20240802018333,TRF_FEE,50,MRU,8121,PLATFORM,COLLECTED,2024-08-02T12:41:19.851Z
2040,3656,TX20241229691210,TRF_FEE,25,MRU,2681,PLATFORM,COLLECTED,2024-12-29T10:21:44.024Z
2041,3657,TX20240221328186,TRF_FEE,25,MRU,186,PLATFORM,COLLECTED,2024-02-21T15:48:42.910Z
2042,3659,TX20240315278626,TRF_FEE,25,MRU,2115,PLATFORM,COLLECTED,2024-03-15T18:47:23.201Z
2043,3660,TX20240825061581,TRF_FEE,50,MRU,2993,PLATFORM,COLLECTED,2024-08-25T08:08:33.528Z
2044,3661,TX20240112590729,PAY_FEE,53,MRU,10897,MERCHANT,COLLECTED,2024-01-12T17:27:04.083Z
2045,3665,TX20240221076613,TRF_FEE,50,MRU,9364,PLATFORM,COLLECTED,2024-02-21T08:15:07.905Z
2046,3667,TX20240220803446,TRF_FEE,50,MRU,3512,PLATFORM,COLLECTED,2024-02-20T20:48:16.659Z
2047,3668,TX20240602867500,TRF_FEE,50,MRU,9288,PLATFORM,COLLECTED,2024-06-02T20:05:23.542Z
2048,3672,TX20240320212516,WIT_FEE,50,MRU,9458,PLATFORM,COLLECTED,2024-03-20T09:21:09.717Z
2049,3674,TX20240517027201,TRF_FEE,25,MRU,1741,PLATFORM,COLLECTED,2024-05-16T23:08:50.237Z
2050,3681,TX20240718964132,WIT_FEE,50,MRU,562,PLATFORM,COLLECTED,2024-07-18T05:20:36.054Z
2051,3683,TX20240606585152,WIT_FEE,50,MRU,7236,PLATFORM,COLLECTED,2024-06-06T12:17:11.249Z
2052,3685,TX20240106442518,TRF_FEE,25,MRU,11018,PLATFORM,COLLECTED,2024-01-06T08:38:10.364Z
2053,3688,TX20240507843086,TRF_FEE,50,MRU,7581,PLATFORM,COLLECTED,2024-05-07T07:03:10.987Z
2054,3689,TX20241123061564,TRF_FEE,50,MRU,10879,PLATFORM,COLLECTED,2024-11-23T16:37:04.224Z
2055,3690,TX20240819232449,TRF_FEE,25,MRU,8057,PLATFORM,COLLECTED,2024-08-19T07:31:41.323Z
2056,3691,TX20240624206160,TRF_FEE,25,MRU,3338,PLATFORM,COLLECTED,2024-06-24T10:41:16.516Z
2057,3693,TX20241023113618,WIT_FEE,50,MRU,10200,PLATFORM,COLLECTED,2024-10-23T09:43:25.935Z
2058,3694,TX20240219760146,WIT_FEE,50,MRU,7509,PLATFORM,COLLECTED,2024-02-19T13:58:08.409Z
2059,3695,TX20240527231344,WIT_FEE,50,MRU,1819,PLATFORM,COLLECTED,2024-05-27T06:54:22.298Z
2060,3696,TX20240704968437,TRF_FEE,50,MRU,5827,PLATFORM,COLLECTED,2024-07-04T11:51:05.640Z
2061,3697,TX20240215402299,PAY_FEE,20,MRU,3520,MERCHANT,COLLECTED,2024-02-15T07:51:51.055Z
2062,3698,TX20240627597545,TRF_FEE,50,MRU,4634,PLATFORM,COLLECTED,2024-06-27T15:39:39.161Z
2063,3700,TX20240111266258,TRF_FEE,50,MRU,9127,PLATFORM,COLLECTED,2024-01-11T12:08:50.466Z
2064,3701,TX20241218328437,TRF_FEE,50,MRU,5009,PLATFORM,COLLECTED,2024-12-18T07:00:52.257Z
2065,3702,TX20241031469329,WIT_FEE,50,MRU,3154,PLATFORM,COLLECTED,2024-10-31T15:59:47.502Z
2066,3704,TX20241116311296,PAY_FEE,24,MRU,9911,MERCHANT,COLLECTED,2024-11-16T06:31:26.636Z
2067,3712,TX20240619328208,BIL_FEE,100,MRU,6366,PLATFORM,COLLECTED,2024-06-19T15:53:32.063Z
2068,3713,TX20240330541948,TRF_FEE,50,MRU,7388,PLATFORM,COLLECTED,2024-03-30T11:08:56.812Z
2069,3714,TX20240607344505,TRF_FEE,50,MRU,10090,PLATFORM,COLLECTED,2024-06-07T16:02:02.297Z
2070,3716,TX20241011947529,PAY_FEE,6,MRU,1767,MERCHANT,COLLECTED,2024-10-11T15:47:37.091Z
2071,3717,TX20240111917256,TRF_FEE,50,MRU,994,PLATFORM,COLLECTED,2024-01-11T19:12:55.271Z
2072,3718,TX20240417245801,TRF_FEE,50,MRU,9322,PLATFORM,COLLECTED,2024-04-17T06:49:53.026Z
2073,3719,TX20240528613350,TRF_FEE,25,MRU,859,PLATFORM,COLLECTED,2024-05-28T07:48:43.529Z
2074,3720,TX20240918120408,TRF_FEE,25,MRU,9583,PLATFORM,COLLECTED,2024-09-18T10:07:40.311Z
2075,3721,TX20240319995201,PAY_FEE,132,MRU,4398,MERCHANT,COLLECTED,2024-03-19T07:54:52.684Z
2076,3722,TX20240213359287,TRF_FEE,50,MRU,6933,PLATFORM,COLLECTED,2024-02-13T16:41:21.984Z
2077,3723,TX20240120684653,WIT_FEE,110,MRU,10483,PLATFORM,COLLECTED,2024-01-20T18:29:01.645Z
2078,3725,TX20241223788004,PAY_FEE,68,MRU,2299,MERCHANT,COLLECTED,2024-12-23T11:53:02.922Z
2079,3726,TX20240518285716,TRF_FEE,10,MRU,4200,PLATFORM,COLLECTED,2024-05-18T09:33:43.442Z
2080,3727,TX20240229984442,PAY_FEE,27,MRU,7213,MERCHANT,COLLECTED,2024-02-29T16:07:41.604Z
2081,3728,TX20240115727217,TRF_FEE,25,MRU,1030,PLATFORM,COLLECTED,2024-01-15T13:01:07.748Z
2082,3729,TX20240112938891,WIT_FEE,50,MRU,7141,PLATFORM,COLLECTED,2024-01-12T10:17:17.583Z
2083,3730,TX20241108090994,TRF_FEE,50,MRU,2420,PLATFORM,COLLECTED,2024-11-08T09:45:15.037Z
2084,3731,TX20241104203868,WIT_FEE,50,MRU,10344,PLATFORM,COLLECTED,2024-11-04T06:21:52.635Z
2085,3733,TX20240322032529,WIT_FEE,100,MRU,7665,PLATFORM,COLLECTED,2024-03-22T13:46:41.988Z
2086,3734,TX20240305174527,WIT_FEE,50,MRU,1726,PLATFORM,COLLECTED,2024-03-05T10:34:28.146Z
2087,3738,TX20240407204816,TRF_FEE,25,MRU,4678,PLATFORM,COLLECTED,2024-04-07T09:37:03.651Z
2088,3740,TX20241019835598,TRF_FEE,50,MRU,255,PLATFORM,COLLECTED,2024-10-19T13:51:15.558Z
2089,3741,TX20240322392096,TRF_FEE,50,MRU,303,PLATFORM,COLLECTED,2024-03-22T18:18:07.239Z
2090,3742,TX20240303356834,TRF_FEE,10,MRU,10027,PLATFORM,COLLECTED,2024-03-03T08:27:12.424Z
2091,3744,TX20240316408457,TRF_FEE,50,MRU,2469,PLATFORM,COLLECTED,2024-03-16T14:55:40.220Z
2092,3745,TX20240123353825,PAY_FEE,51,MRU,10209,MERCHANT,COLLECTED,2024-01-23T16:51:26.732Z
2093,3747,TX20240614966654,TRF_FEE,25,MRU,10287,PLATFORM,COLLECTED,2024-06-14T15:51:59.985Z
2094,3748,TX20240709050776,SAL_FEE,1050,MRU,7901,PLATFORM,COLLECTED,2024-07-09T04:54:56.854Z
2095,3749,TX20240328225796,TRF_FEE,25,MRU,2814,PLATFORM,COLLECTED,2024-03-28T07:40:41.241Z
2096,3750,TX20240729175371,PAY_FEE,74,MRU,10847,MERCHANT,COLLECTED,2024-07-29T11:10:58.837Z
2097,3751,TX20241018781443,PAY_FEE,36,MRU,5269,MERCHANT,COLLECTED,2024-10-18T08:15:03.363Z
2098,3753,TX20241225799968,WIT_FEE,50,MRU,2166,PLATFORM,COLLECTED,2024-12-25T16:23:02.311Z
2099,3754,TX20240827977743,TRF_FEE,25,MRU,5215,PLATFORM,COLLECTED,2024-08-27T10:25:24.307Z
2100,3757,TX20240920461858,TRF_FEE,50,MRU,6426,PLATFORM,COLLECTED,2024-09-20T15:45:38.934Z
2101,3758,TX20240514492865,WIT_FEE,100,MRU,7674,PLATFORM,COLLECTED,2024-05-14T16:36:48.872Z
2102,3759,TX20240124581273,TRF_FEE,25,MRU,5517,PLATFORM,COLLECTED,2024-01-24T17:20:19.761Z
2103,3760,TX20241206330281,WIT_FEE,50,MRU,28,PLATFORM,COLLECTED,2024-12-06T18:50:16.731Z
2104,3762,TX20240529050969,SAL_FEE,2475,MRU,4976,PLATFORM,COLLECTED,2024-05-29T06:04:24.224Z
2105,3764,TX20240405835442,BIL_FEE,100,MRU,1919,PLATFORM,COLLECTED,2024-04-05T14:32:52.023Z
2106,3766,TX20240528548092,TRF_FEE,50,MRU,7490,PLATFORM,COLLECTED,2024-05-28T12:28:19.373Z
2107,3770,TX20240525900128,TRF_FEE,50,MRU,7347,PLATFORM,COLLECTED,2024-05-25T20:41:54.632Z
2108,3771,TX20241017122765,SAL_FEE,1870,MRU,5605,PLATFORM,COLLECTED,2024-10-17T19:16:42.948Z
2109,3772,TX20240327944763,TRF_FEE,25,MRU,7003,PLATFORM,COLLECTED,2024-03-27T09:53:30.256Z
2110,3773,TX20240107520378,WIT_FEE,50,MRU,10677,PLATFORM,COLLECTED,2024-01-07T15:10:29.476Z
2111,3775,TX20241011240192,PAY_FEE,59,MRU,260,MERCHANT,COLLECTED,2024-10-11T15:01:35.245Z
2112,3776,TX20241018960567,WIT_FEE,50,MRU,9777,PLATFORM,COLLECTED,2024-10-18T17:58:09.373Z
2113,3779,TX20240421042084,WIT_FEE,150,MRU,10780,PLATFORM,COLLECTED,2024-04-21T10:15:04.526Z
2114,3780,TX20240706020282,PAY_FEE,146,MRU,7426,MERCHANT,COLLECTED,2024-07-06T09:09:29.977Z
2115,3781,TX20241218190674,PAY_FEE,35,MRU,1161,MERCHANT,COLLECTED,2024-12-18T08:47:04.088Z
2116,3786,TX20241024601095,TRF_FEE,50,MRU,4170,PLATFORM,COLLECTED,2024-10-24T15:19:35.855Z
2117,3788,TX20240804137487,TRF_FEE,25,MRU,194,PLATFORM,COLLECTED,2024-08-04T12:30:35.667Z
2118,3790,TX20240316258562,TRF_FEE,25,MRU,3241,PLATFORM,COLLECTED,2024-03-16T10:23:27.712Z
2119,3795,TX20240719226793,WIT_FEE,50,MRU,10189,PLATFORM,COLLECTED,2024-07-19T05:36:27.468Z
2120,3796,TX20240519830729,TRF_FEE,25,MRU,2133,PLATFORM,COLLECTED,2024-05-19T21:19:40.623Z
2121,3798,TX20240503922656,TRF_FEE,50,MRU,1050,PLATFORM,COLLECTED,2024-05-03T19:18:51.484Z
2122,3799,TX20240617883575,TRF_FEE,50,MRU,9141,PLATFORM,COLLECTED,2024-06-17T21:49:04.396Z
2123,3801,TX20240918193378,WIT_FEE,97,MRU,8244,PLATFORM,COLLECTED,2024-09-18T06:53:05.558Z
2124,3802,TX20241002492961,PAY_FEE,75,MRU,1386,MERCHANT,COLLECTED,2024-10-02T19:31:39.832Z
2125,3805,TX20240101280226,WIT_FEE,50,MRU,5315,PLATFORM,COLLECTED,2024-01-01T16:35:51.348Z
2126,3806,TX20241206006932,TRF_FEE,25,MRU,6381,PLATFORM,COLLECTED,2024-12-06T19:22:11.611Z
2127,3807,TX20240301498980,WIT_FEE,50,MRU,10314,PLATFORM,COLLECTED,2024-03-01T15:57:46.914Z
2128,3809,TX20240905240596,WIT_FEE,100,MRU,10906,PLATFORM,COLLECTED,2024-09-05T16:01:47.213Z
2129,3811,TX20240721460422,PAY_FEE,165,MRU,7438,MERCHANT,COLLECTED,2024-07-21T13:55:41.465Z
2130,3812,TX20240414023995,WIT_FEE,50,MRU,5742,PLATFORM,COLLECTED,2024-04-14T08:18:12.868Z
2131,3817,TX20240501080185,WIT_FEE,100,MRU,10425,PLATFORM,COLLECTED,2024-05-01T03:21:08.419Z
2132,3818,TX20240711283624,TRF_FEE,25,MRU,5207,PLATFORM,COLLECTED,2024-07-11T07:34:42.483Z
2133,3822,TX20241023349219,TRF_FEE,50,MRU,7298,PLATFORM,COLLECTED,2024-10-23T16:27:40.837Z
2134,3823,TX20240318442533,TRF_FEE,25,MRU,6976,PLATFORM,COLLECTED,2024-03-18T11:22:12.863Z
2135,3824,TX20240215948549,TRF_FEE,50,MRU,9985,PLATFORM,COLLECTED,2024-02-15T02:04:27.553Z
2136,3826,TX20240306410993,TRF_FEE,50,MRU,4915,PLATFORM,COLLECTED,2024-03-06T08:56:52.188Z
2137,3828,TX20240705677553,WIT_FEE,50,MRU,7894,PLATFORM,COLLECTED,2024-07-05T17:52:00.295Z
2138,3829,TX20241005254490,WIT_FEE,220,MRU,2943,PLATFORM,COLLECTED,2024-10-05T10:52:25.125Z
2139,3831,TX20240112285536,PAY_FEE,63,MRU,959,MERCHANT,COLLECTED,2024-01-12T20:23:44.547Z
2140,3832,TX20241223993713,TRF_FEE,25,MRU,9923,PLATFORM,COLLECTED,2024-12-23T06:21:08.683Z
2141,3833,TX20241207788459,WIT_FEE,50,MRU,9953,PLATFORM,COLLECTED,2024-12-07T15:27:06.187Z
2142,3835,TX20241019490550,TRF_FEE,50,MRU,1740,PLATFORM,COLLECTED,2024-10-19T16:32:47.633Z
2143,3836,TX20240313685884,WIT_FEE,500,MRU,10873,PLATFORM,COLLECTED,2024-03-13T12:00:06.160Z
2144,3838,TX20240101977650,WIT_FEE,50,MRU,3477,PLATFORM,COLLECTED,2024-01-01T14:13:39.274Z
2145,3839,TX20241010264488,TRF_FEE,25,MRU,4281,PLATFORM,COLLECTED,2024-10-10T10:36:04.350Z
2146,3840,TX20240304643665,TRF_FEE,25,MRU,1919,PLATFORM,COLLECTED,2024-03-04T10:16:24.701Z
2147,3842,TX20241207038789,TRF_FEE,50,MRU,7002,PLATFORM,COLLECTED,2024-12-07T07:33:18.057Z
2148,3843,TX20240420649443,TRF_FEE,10,MRU,1827,PLATFORM,COLLECTED,2024-04-20T09:05:57.186Z
2149,3844,TX20241023527705,SAL_FEE,1380,MRU,3967,PLATFORM,COLLECTED,2024-10-23T10:28:20.565Z
2150,3845,TX20240819356628,PAY_FEE,300,MRU,5717,MERCHANT,COLLECTED,2024-08-19T20:13:07.936Z
2151,3847,TX20241214688528,WIT_FEE,50,MRU,8292,PLATFORM,COLLECTED,2024-12-14T13:41:55.712Z
2152,3848,TX20240902596340,PAY_FEE,615,MRU,4396,MERCHANT,COLLECTED,2024-09-02T11:41:24.231Z
2153,3850,TX20240305462268,WIT_FEE,50,MRU,6021,PLATFORM,COLLECTED,2024-03-05T18:40:04.390Z
2154,3853,TX20240221029067,BIL_FEE,100,MRU,5765,PLATFORM,COLLECTED,2024-02-21T18:01:48.922Z
2155,3854,TX20240412712267,PAY_FEE,36,MRU,3121,MERCHANT,COLLECTED,2024-04-12T17:55:38.539Z
2156,3855,TX20241220415071,WIT_FEE,50,MRU,8798,PLATFORM,COLLECTED,2024-12-20T12:03:28.790Z
2157,3856,TX20240104674114,TRF_FEE,25,MRU,3651,PLATFORM,COLLECTED,2024-01-04T14:49:12.913Z
2158,3857,TX20241115013392,BIL_FEE,100,MRU,7746,PLATFORM,COLLECTED,2024-11-15T15:14:04.572Z
2159,3860,TX20240610044721,PAY_FEE,102,MRU,132,MERCHANT,COLLECTED,2024-06-10T16:23:08.564Z
2160,3862,TX20240129596691,PAY_FEE,20,MRU,5373,MERCHANT,COLLECTED,2024-01-29T09:51:05.166Z
2161,3865,TX20240918016515,TRF_FEE,50,MRU,5376,PLATFORM,COLLECTED,2024-09-18T15:51:38.465Z
2162,3867,TX20240919933990,PAY_FEE,60,MRU,4946,MERCHANT,COLLECTED,2024-09-19T10:40:02.631Z
2163,3868,TX20241030531492,PAY_FEE,7,MRU,199,MERCHANT,COLLECTED,2024-10-30T17:51:09.576Z
2164,3870,TX20240524260831,WIT_FEE,50,MRU,7618,PLATFORM,COLLECTED,2024-05-24T08:12:51.565Z
2165,3871,TX20241230903617,TRF_FEE,25,MRU,6440,PLATFORM,COLLECTED,2024-12-30T08:43:19.737Z
2166,3872,TX20240106942916,PAY_FEE,35,MRU,3249,MERCHANT,COLLECTED,2024-01-06T19:57:38.947Z
2167,3873,TX20240225413888,TRF_FEE,50,MRU,810,PLATFORM,COLLECTED,2024-02-25T09:14:44.246Z
2168,3877,TX20240130702463,WIT_FEE,110,MRU,3389,PLATFORM,COLLECTED,2024-01-30T18:03:59.106Z
2169,3878,TX20240324095851,TRF_FEE,10,MRU,7593,PLATFORM,COLLECTED,2024-03-24T08:48:12.371Z
2170,3879,TX20240522885361,TRF_FEE,50,MRU,7549,PLATFORM,COLLECTED,2024-05-22T04:21:00.744Z
2171,3880,TX20241215979217,PAY_FEE,74,MRU,8219,MERCHANT,COLLECTED,2024-12-15T21:17:49.618Z
2172,3881,TX20241203708639,PAY_FEE,39,MRU,3128,MERCHANT,COLLECTED,2024-12-03T08:59:49.736Z
2173,3884,TX20241101567040,TRF_FEE,50,MRU,1699,PLATFORM,COLLECTED,2024-11-01T19:20:35.011Z
2174,3885,TX20240910084965,WIT_FEE,50,MRU,3082,PLATFORM,COLLECTED,2024-09-10T05:58:29.251Z
2175,3886,TX20240318823478,WIT_FEE,50,MRU,10062,PLATFORM,COLLECTED,2024-03-18T06:01:34.638Z
2176,3887,TX20241018176538,TRF_FEE,50,MRU,3764,PLATFORM,COLLECTED,2024-10-18T09:52:41.165Z
2177,3890,TX20240125294166,PAY_FEE,1500,MRU,436,MERCHANT,COLLECTED,2024-01-25T11:51:49.634Z
2178,3891,TX20240925723757,WIT_FEE,200,MRU,5555,PLATFORM,COLLECTED,2024-09-25T19:42:13.215Z
2179,3893,TX20240121202032,TRF_FEE,50,MRU,9112,PLATFORM,COLLECTED,2024-01-21T06:31:26.740Z
2180,3894,TX20240611689295,TRF_FEE,50,MRU,8011,PLATFORM,COLLECTED,2024-06-11T16:07:22.780Z
2181,3895,TX20240429555184,PAY_FEE,36,MRU,3668,MERCHANT,COLLECTED,2024-04-29T19:02:45.406Z
2182,3898,TX20240117126478,PAY_FEE,10,MRU,2809,MERCHANT,COLLECTED,2024-01-17T14:28:58.010Z
2183,3899,TX20240617154044,TRF_FEE,25,MRU,6737,PLATFORM,COLLECTED,2024-06-17T10:59:02.223Z
2184,3901,TX20241204816418,PAY_FEE,125,MRU,7523,MERCHANT,COLLECTED,2024-12-04T11:04:57.828Z
2185,3905,TX20241209404986,SAL_FEE,335,MRU,4865,PLATFORM,COLLECTED,2024-12-09T10:12:30.366Z
2186,3907,TX20240809894455,TRF_FEE,25,MRU,8140,PLATFORM,COLLECTED,2024-08-09T15:00:45.745Z
2187,3908,TX20240307696749,TRF_FEE,50,MRU,8713,PLATFORM,COLLECTED,2024-03-07T11:45:23.473Z
2188,3909,TX20240229319456,WIT_FEE,50,MRU,10260,PLATFORM,COLLECTED,2024-02-29T10:23:11.128Z
2189,3912,TX20240813291574,TRF_FEE,25,MRU,6602,PLATFORM,COLLECTED,2024-08-13T16:21:18.822Z
2190,3913,TX20240617957687,WIT_FEE,390,MRU,9146,PLATFORM,COLLECTED,2024-06-17T07:01:56.388Z
2191,3914,TX20241015911297,SAL_FEE,2295,MRU,10605,PLATFORM,COLLECTED,2024-10-15T14:34:28.266Z
2192,3915,TX20240403377071,PAY_FEE,27,MRU,10446,MERCHANT,COLLECTED,2024-04-03T10:05:12.271Z
2193,3916,TX20241017302828,SAL_FEE,705,MRU,2355,PLATFORM,COLLECTED,2024-10-17T12:17:26.189Z
2194,3917,TX20240315957006,TRF_FEE,50,MRU,7620,PLATFORM,COLLECTED,2024-03-15T09:13:32.377Z
2195,3922,TX20240914527947,BIL_FEE,100,MRU,938,PLATFORM,COLLECTED,2024-09-14T05:58:07.961Z
2196,3923,TX20240126412346,PAY_FEE,18,MRU,7193,MERCHANT,COLLECTED,2024-01-26T17:55:07.103Z
2197,3925,TX20240612114645,WIT_FEE,500,MRU,8038,PLATFORM,COLLECTED,2024-06-12T07:18:29.544Z
2198,3927,TX20240330418103,TRF_FEE,50,MRU,7388,PLATFORM,COLLECTED,2024-03-30T11:08:56.812Z
2199,3928,TX20241029280920,TRF_FEE,10,MRU,10394,PLATFORM,COLLECTED,2024-10-29T06:02:17.915Z
2200,3932,TX20240626193351,PAY_FEE,5,MRU,6790,MERCHANT,COLLECTED,2024-06-26T04:12:16.875Z
2201,3934,TX20241113423975,WIT_FEE,50,MRU,166,PLATFORM,COLLECTED,2024-11-13T19:26:13.888Z
2202,3938,TX20241211826752,WIT_FEE,50,MRU,2919,PLATFORM,COLLECTED,2024-12-11T10:05:27.365Z
2203,3940,TX20240401156505,WIT_FEE,50,MRU,8974,PLATFORM,COLLECTED,2024-04-01T12:21:28.557Z
2204,3941,TX20240123677137,TRF_FEE,25,MRU,7912,PLATFORM,COLLECTED,2024-01-23T14:51:10.984Z
2205,3942,TX20240423538669,PAY_FEE,42,MRU,796,MERCHANT,COLLECTED,2024-04-23T09:09:51.727Z
2206,3943,TX20240909075061,TRF_FEE,25,MRU,3468,PLATFORM,COLLECTED,2024-09-08T22:36:07.380Z
2207,3945,TX20240820903785,PAY_FEE,96,MRU,6556,MERCHANT,COLLECTED,2024-08-20T18:44:40.563Z
2208,3948,TX20240727174527,WIT_FEE,50,MRU,3656,PLATFORM,COLLECTED,2024-07-27T11:08:09.203Z
2209,3951,TX20241121137798,TRF_FEE,50,MRU,10671,PLATFORM,COLLECTED,2024-11-21T11:46:03.808Z
2210,3952,TX20240407695314,TRF_FEE,25,MRU,4678,PLATFORM,COLLECTED,2024-04-07T09:37:03.651Z
2211,3954,TX20240617453272,PAY_FEE,18,MRU,6188,MERCHANT,COLLECTED,2024-06-17T16:35:51.260Z
2212,3956,TX20240304436794,TRF_FEE,50,MRU,2300,PLATFORM,COLLECTED,2024-03-04T15:10:09.456Z
2213,3959,TX20240123659249,PAY_FEE,51,MRU,10209,MERCHANT,COLLECTED,2024-01-23T16:51:26.732Z
2214,3960,TX20240601663352,TRF_FEE,10,MRU,1683,PLATFORM,COLLECTED,2024-06-01T14:26:47.548Z
2215,3961,TX20240928540291,TRF_FEE,50,MRU,5681,PLATFORM,COLLECTED,2024-09-28T16:59:59.932Z
2216,3962,TX20240109572993,TRF_FEE,50,MRU,3946,PLATFORM,COLLECTED,2024-01-09T18:56:51.716Z
2217,3963,TX20240907665277,TRF_FEE,50,MRU,217,PLATFORM,COLLECTED,2024-09-07T08:15:16.688Z
2218,3964,TX20240303402194,TRF_FEE,25,MRU,10698,PLATFORM,COLLECTED,2024-03-03T20:50:59.332Z
2219,3965,TX20240124297736,WIT_FEE,100,MRU,6548,PLATFORM,COLLECTED,2024-01-24T10:28:03.073Z
2220,3967,TX20240312200076,WIT_FEE,180,MRU,10131,PLATFORM,COLLECTED,2024-03-12T13:23:03.678Z
2221,3969,TX20240918760907,SAL_FEE,970,MRU,5387,PLATFORM,COLLECTED,2024-09-18T13:25:23.206Z
2222,3970,TX20240104567224,PAY_FEE,11,MRU,10234,MERCHANT,COLLECTED,2024-01-04T10:51:13.147Z
2223,3972,TX20240514689829,WIT_FEE,50,MRU,7674,PLATFORM,COLLECTED,2024-05-14T16:36:48.872Z
2224,3975,TX20241001083966,WIT_FEE,50,MRU,4991,PLATFORM,COLLECTED,2024-10-01T06:08:43.304Z
2225,3978,TX20240823977982,WIT_FEE,180,MRU,5170,PLATFORM,COLLECTED,2024-08-23T12:52:01.172Z
2226,3980,TX20240516429739,WIT_FEE,50,MRU,6740,PLATFORM,COLLECTED,2024-05-16T14:24:52.823Z
2227,3982,TX20240405716167,BIL_FEE,100,MRU,480,PLATFORM,COLLECTED,2024-04-05T07:54:47.431Z
2228,3984,TX20240818303475,BIL_FEE,100,MRU,1495,PLATFORM,COLLECTED,2024-08-18T14:24:52.917Z
2229,3991,TX20241019057525,PAY_FEE,17,MRU,153,MERCHANT,COLLECTED,2024-10-19T06:44:31.972Z
2230,3992,TX20241108568338,TRF_FEE,25,MRU,736,PLATFORM,COLLECTED,2024-11-08T07:43:46.670Z
2231,3994,TX20240727627075,PAY_FEE,39,MRU,4144,MERCHANT,COLLECTED,2024-07-27T15:32:44.514Z
2232,3995,TX20240819190674,WIT_FEE,50,MRU,836,PLATFORM,COLLECTED,2024-08-19T16:57:11.788Z
2233,3999,TX20241127875833,BIL_FEE,100,MRU,4340,PLATFORM,COLLECTED,2024-11-27T15:33:03.987Z
2234,4001,TX20241112868332,TRF_FEE,50,MRU,9624,PLATFORM,COLLECTED,2024-11-12T18:39:33.866Z
2235,4003,TX20240610864249,WIT_FEE,50,MRU,9881,PLATFORM,COLLECTED,2024-06-10T16:34:01.907Z
2236,4007,TX20240423496122,WIT_FEE,50,MRU,8482,PLATFORM,COLLECTED,2024-04-22T22:39:13.823Z
2237,4008,TX20240312837529,TRF_FEE,50,MRU,3420,PLATFORM,COLLECTED,2024-03-12T07:05:43.810Z
2238,4010,TX20241201232959,WIT_FEE,50,MRU,10960,PLATFORM,COLLECTED,2024-12-01T17:46:35.382Z
2239,4012,TX20240207134339,TRF_FEE,25,MRU,3752,PLATFORM,COLLECTED,2024-02-07T16:19:43.610Z
2240,4014,TX20241124263241,WIT_FEE,50,MRU,5012,PLATFORM,COLLECTED,2024-11-24T13:29:06.746Z
2241,4015,TX20240225326698,TRF_FEE,25,MRU,9898,PLATFORM,COLLECTED,2024-02-25T18:15:42.082Z
2242,4016,TX20240810832286,SAL_FEE,1425,MRU,10607,PLATFORM,COLLECTED,2024-08-10T09:37:50.754Z
2243,4017,TX20240705962469,WIT_FEE,50,MRU,9774,PLATFORM,COLLECTED,2024-07-05T10:57:16.621Z
2244,4018,TX20240819027592,TRF_FEE,25,MRU,2238,PLATFORM,COLLECTED,2024-08-19T10:40:17.650Z
2245,4021,TX20240301945729,WIT_FEE,50,MRU,10314,PLATFORM,COLLECTED,2024-03-01T15:57:46.914Z
2246,4022,TX20240618996262,TRF_FEE,25,MRU,3767,PLATFORM,COLLECTED,2024-06-18T08:01:44.159Z
2247,4023,TX20241110240596,TRF_FEE,50,MRU,5648,PLATFORM,COLLECTED,2024-11-10T05:47:12.989Z
2248,4025,TX20240818093100,TRF_FEE,25,MRU,1839,PLATFORM,COLLECTED,2024-08-18T18:41:27.674Z
2249,4026,TX20240410679909,WIT_FEE,50,MRU,5933,PLATFORM,COLLECTED,2024-04-10T08:12:52.519Z
2250,4027,TX20240325289941,TRF_FEE,25,MRU,3879,PLATFORM,COLLECTED,2024-03-25T08:05:08.617Z
2251,4028,TX20240816582804,WIT_FEE,400,MRU,2624,PLATFORM,COLLECTED,2024-08-16T09:19:56.775Z
2252,4029,TX20241222404141,PAY_FEE,18,MRU,8547,MERCHANT,COLLECTED,2024-12-22T18:56:51.157Z
2253,4030,TX20241126493957,TRF_FEE,50,MRU,3763,PLATFORM,COLLECTED,2024-11-26T08:58:20.419Z
2254,4034,TX20241102611556,BIL_FEE,100,MRU,849,PLATFORM,COLLECTED,2024-11-02T08:29:32.484Z
2255,4036,TX20241113352069,PAY_FEE,68,MRU,4710,MERCHANT,COLLECTED,2024-11-13T12:40:50.661Z
2256,4038,TX20240215407371,TRF_FEE,50,MRU,9985,PLATFORM,COLLECTED,2024-02-15T02:04:27.553Z
2257,4039,TX20241014718540,TRF_FEE,25,MRU,529,PLATFORM,COLLECTED,2024-10-14T07:46:47.774Z
2258,4041,TX20240831609057,TRF_FEE,25,MRU,2579,PLATFORM,COLLECTED,2024-08-31T04:44:23.185Z
2259,4042,TX20240104677553,BIL_FEE,100,MRU,443,PLATFORM,COLLECTED,2024-01-04T09:42:07.313Z
2260,4043,TX20241005837116,WIT_FEE,120,MRU,2943,PLATFORM,COLLECTED,2024-10-05T10:52:25.125Z
2261,4044,TX20240213390379,TRF_FEE,25,MRU,3011,PLATFORM,COLLECTED,2024-02-13T10:16:24.576Z
2262,4047,TX20240613788459,PAY_FEE,38,MRU,10789,MERCHANT,COLLECTED,2024-06-13T06:11:54.571Z
2263,4050,TX20240323184413,TRF_FEE,25,MRU,1777,PLATFORM,COLLECTED,2024-03-23T08:29:00.107Z
2264,4052,TX20240218210909,WIT_FEE,50,MRU,2478,PLATFORM,COLLECTED,2024-02-18T17:16:00.629Z
2265,4053,TX20240226866469,PAY_FEE,9,MRU,4765,MERCHANT,COLLECTED,2024-02-26T14:14:37.775Z
2266,4054,TX20240823172357,PAY_FEE,24,MRU,1922,MERCHANT,COLLECTED,2024-08-23T08:53:36.684Z
2267,4055,TX20240806342770,TRF_FEE,50,MRU,5884,PLATFORM,COLLECTED,2024-08-06T09:30:21.588Z
2268,4056,TX20240301306578,PAY_FEE,285,MRU,1343,MERCHANT,COLLECTED,2024-03-01T18:15:27.063Z
2269,4057,TX20240714094416,PAY_FEE,138,MRU,300,MERCHANT,COLLECTED,2024-07-14T12:55:48.491Z
2270,4059,TX20240418936375,TRF_FEE,25,MRU,9388,PLATFORM,COLLECTED,2024-04-18T14:55:48.792Z
2271,4060,TX20240917292421,TRF_FEE,25,MRU,10965,PLATFORM,COLLECTED,2024-09-17T06:24:31.642Z
2272,4061,TX20240215751716,SAL_FEE,2320,MRU,7546,PLATFORM,COLLECTED,2024-02-15T06:13:57.521Z
2273,4062,TX20241223397127,TRF_FEE,25,MRU,3564,PLATFORM,COLLECTED,2024-12-23T08:29:35.384Z
2274,4064,TX20240326827131,TRF_FEE,10,MRU,7522,PLATFORM,COLLECTED,2024-03-26T08:14:10.882Z
2275,4065,TX20241030646139,PAY_FEE,87,MRU,2247,MERCHANT,COLLECTED,2024-10-30T16:01:24.133Z
2276,4067,TX20240227521012,TRF_FEE,50,MRU,10148,PLATFORM,COLLECTED,2024-02-27T20:32:13.225Z
2277,4069,TX20240315955964,WIT_FEE,50,MRU,10689,PLATFORM,COLLECTED,2024-03-15T14:04:36.322Z
2278,4072,TX20240530052299,WIT_FEE,50,MRU,8542,PLATFORM,COLLECTED,2024-05-30T15:48:10.750Z
2279,4073,TX20240716882999,TRF_FEE,50,MRU,6524,PLATFORM,COLLECTED,2024-07-16T12:45:00.794Z
2280,4074,TX20240410817971,TRF_FEE,25,MRU,4893,PLATFORM,COLLECTED,2024-04-10T14:59:12.731Z
2281,4075,TX20241207487935,WIT_FEE,50,MRU,6195,PLATFORM,COLLECTED,2024-12-07T10:43:04.386Z
2282,4077,TX20240510439813,PAY_FEE,41,MRU,2973,MERCHANT,COLLECTED,2024-05-10T17:58:50.988Z
2283,4080,TX20240621206343,PAY_FEE,47,MRU,2251,MERCHANT,COLLECTED,2024-06-21T09:33:55.033Z
2284,4084,TX20241110994636,TRF_FEE,50,MRU,884,PLATFORM,COLLECTED,2024-11-10T17:07:05.782Z
2285,4086,TX20240219891195,TRF_FEE,50,MRU,5925,PLATFORM,COLLECTED,2024-02-19T15:06:30.251Z
2286,4087,TX20241226787639,PAY_FEE,65,MRU,5387,MERCHANT,COLLECTED,2024-12-26T09:30:45.543Z
2287,4088,TX20241018556293,WIT_FEE,50,MRU,8090,PLATFORM,COLLECTED,2024-10-18T09:58:54.025Z
2288,4089,TX20240927988927,WIT_FEE,52,MRU,9618,PLATFORM,COLLECTED,2024-09-27T14:04:12.289Z
2289,4090,TX20240110228562,WIT_FEE,280,MRU,6224,PLATFORM,COLLECTED,2024-01-10T17:39:31.023Z
2290,4092,TX20240925158251,WIT_FEE,100,MRU,9151,PLATFORM,COLLECTED,2024-09-25T07:50:47.627Z
2291,4093,TX20240709076613,WIT_FEE,150,MRU,9985,PLATFORM,COLLECTED,2024-07-09T07:09:15.117Z
2292,4096,TX20241223789486,TRF_FEE,25,MRU,1345,PLATFORM,COLLECTED,2024-12-23T07:23:32.841Z
2293,4097,TX20240919095767,WIT_FEE,120,MRU,7385,PLATFORM,COLLECTED,2024-09-19T06:45:27.451Z
2294,4105,TX20240806704561,TRF_FEE,25,MRU,4743,PLATFORM,COLLECTED,2024-08-06T10:38:31.935Z
2295,4106,TX20240701701890,TRF_FEE,25,MRU,4733,PLATFORM,COLLECTED,2024-07-01T08:13:50.428Z
2296,4107,TX20240420055159,PAY_FEE,42,MRU,2234,MERCHANT,COLLECTED,2024-04-20T07:49:10.457Z
2297,4108,TX20240718446037,TRF_FEE,25,MRU,8850,PLATFORM,COLLECTED,2024-07-18T16:46:18.457Z
2298,4109,TX20240718035835,WIT_FEE,50,MRU,562,PLATFORM,COLLECTED,2024-07-18T05:20:36.054Z
2299,4110,TX20240804523573,WIT_FEE,50,MRU,4072,PLATFORM,COLLECTED,2024-08-04T16:44:58.571Z
2300,4114,TX20240826071606,PAY_FEE,36,MRU,3516,MERCHANT,COLLECTED,2024-08-26T15:18:14.902Z
2301,4116,TX20240331883330,TRF_FEE,25,MRU,9308,PLATFORM,COLLECTED,2024-03-31T17:20:16.715Z
2302,4117,TX20241029775138,SAL_FEE,785,MRU,673,PLATFORM,COLLECTED,2024-10-29T00:40:52.212Z
2303,4118,TX20240912293388,TRF_FEE,50,MRU,7917,PLATFORM,COLLECTED,2024-09-12T09:43:25.543Z
2304,4119,TX20240906513201,TRF_FEE,50,MRU,3802,PLATFORM,COLLECTED,2024-09-06T08:30:18.669Z
2305,4121,TX20240923326403,WIT_FEE,50,MRU,6714,PLATFORM,COLLECTED,2024-09-23T10:56:55.590Z
2306,4123,TX20240527947971,WIT_FEE,50,MRU,1819,PLATFORM,COLLECTED,2024-05-27T06:54:22.298Z
2307,4124,TX20240622412102,TRF_FEE,25,MRU,5428,PLATFORM,COLLECTED,2024-06-22T16:05:38.526Z
2308,4126,TX20240825324957,PAY_FEE,26,MRU,8962,MERCHANT,COLLECTED,2024-08-25T14:09:25.617Z
2309,4127,TX20240626692295,TRF_FEE,50,MRU,5102,PLATFORM,COLLECTED,2024-06-26T09:45:49.312Z
2310,4128,TX20240219962295,TRF_FEE,25,MRU,10760,PLATFORM,COLLECTED,2024-02-19T17:27:49.185Z
2311,4130,TX20240503302828,TRF_FEE,10,MRU,5557,PLATFORM,COLLECTED,2024-05-03T16:41:59.796Z
2312,4131,TX20240315068592,TRF_FEE,50,MRU,7620,PLATFORM,COLLECTED,2024-03-15T09:13:32.377Z
2313,4132,TX20241116198361,PAY_FEE,24,MRU,9911,MERCHANT,COLLECTED,2024-11-16T06:31:26.636Z
2314,4133,TX20240402742505,TRF_FEE,25,MRU,6023,PLATFORM,COLLECTED,2024-04-02T13:04:36.626Z
2315,4139,TX20240717904026,TRF_FEE,50,MRU,10269,PLATFORM,COLLECTED,2024-07-17T15:19:57.052Z
2316,4145,TX20240104589572,TRF_FEE,10,MRU,503,PLATFORM,COLLECTED,2024-01-04T17:55:04.946Z
2317,4147,TX20240104912402,TRF_FEE,50,MRU,8205,PLATFORM,COLLECTED,2024-01-04T13:18:36.775Z
2318,4148,TX20240322966141,TRF_FEE,50,MRU,6659,PLATFORM,COLLECTED,2024-03-22T18:00:07.330Z
2319,4149,TX20240917781206,TRF_FEE,50,MRU,7199,PLATFORM,COLLECTED,2024-09-17T16:59:23.472Z
2320,4151,TX20240319979339,SAL_FEE,950,MRU,7547,PLATFORM,COLLECTED,2024-03-19T13:03:09.930Z
2321,4152,TX20240103547286,TRF_FEE,25,MRU,4126,PLATFORM,COLLECTED,2024-01-03T04:34:14.947Z
2322,4153,TX20240117017156,BIL_FEE,100,MRU,5837,PLATFORM,COLLECTED,2024-01-17T19:12:01.892Z
2323,4154,TX20240923891246,TRF_FEE,25,MRU,3980,PLATFORM,COLLECTED,2024-09-23T10:22:14.528Z
2324,4155,TX20240213872303,PAY_FEE,102,MRU,6256,MERCHANT,COLLECTED,2024-02-13T15:36:39.061Z
2325,4157,TX20240731019214,WIT_FEE,50,MRU,1326,PLATFORM,COLLECTED,2024-07-31T14:41:00.601Z
2326,4158,TX20240114719097,WIT_FEE,50,MRU,3534,PLATFORM,COLLECTED,2024-01-14T08:59:04.733Z
2327,4159,TX20241208545128,TRF_FEE,50,MRU,1944,PLATFORM,COLLECTED,2024-12-08T16:40:33.592Z
2328,4160,TX20240819103110,TRF_FEE,50,MRU,10543,PLATFORM,COLLECTED,2024-08-19T11:11:03.923Z
2329,4161,TX20240910032529,SAL_FEE,1815,MRU,3636,PLATFORM,COLLECTED,2024-09-10T11:47:44.238Z
2330,4162,TX20240305152573,WIT_FEE,50,MRU,1726,PLATFORM,COLLECTED,2024-03-05T10:34:28.146Z
2331,4164,TX20241101303494,WIT_FEE,51,MRU,8692,PLATFORM,COLLECTED,2024-11-01T09:12:35.658Z
2332,4165,TX20240528441605,BIL_FEE,100,MRU,10861,PLATFORM,COLLECTED,2024-05-28T15:03:48.968Z
2333,4166,TX20240611695314,WIT_FEE,50,MRU,7181,PLATFORM,COLLECTED,2024-06-11T08:18:37.060Z
2334,4170,TX20240303065951,TRF_FEE,10,MRU,10027,PLATFORM,COLLECTED,2024-03-03T08:27:12.424Z
2335,4171,TX20240531205599,TRF_FEE,50,MRU,4307,PLATFORM,COLLECTED,2024-05-31T12:03:49.062Z
2336,4172,TX20240316829910,TRF_FEE,50,MRU,2469,PLATFORM,COLLECTED,2024-03-16T14:55:40.220Z
2337,4174,TX20240609489705,TRF_FEE,50,MRU,5376,PLATFORM,COLLECTED,2024-06-09T15:32:09.172Z
2338,4175,TX20241106966654,PAY_FEE,480,MRU,4393,MERCHANT,COLLECTED,2024-11-06T22:59:55.513Z
2339,4176,TX20240709875952,SAL_FEE,1050,MRU,7901,PLATFORM,COLLECTED,2024-07-09T04:54:56.854Z
2340,4177,TX20240204744610,WIT_FEE,50,MRU,2973,PLATFORM,COLLECTED,2024-02-04T15:41:14.253Z
2341,4178,TX20240627749184,TRF_FEE,25,MRU,3682,PLATFORM,COLLECTED,2024-06-27T07:58:50.984Z
2342,4179,TX20240404001890,WIT_FEE,50,MRU,801,PLATFORM,COLLECTED,2024-04-04T05:21:28.051Z
2343,4180,TX20240321620064,WIT_FEE,67,MRU,7904,PLATFORM,COLLECTED,2024-03-21T10:18:47.547Z
2344,4182,TX20240526903777,TRF_FEE,10,MRU,9585,PLATFORM,COLLECTED,2024-05-26T08:28:03.520Z
2345,4183,TX20240112760907,TRF_FEE,50,MRU,4632,PLATFORM,COLLECTED,2024-01-12T03:59:42.597Z
2346,4184,TX20240104564148,PAY_FEE,11,MRU,10234,MERCHANT,COLLECTED,2024-01-04T10:51:13.147Z
2347,4185,TX20240821388717,PAY_FEE,38,MRU,6315,MERCHANT,COLLECTED,2024-08-21T18:34:48.107Z
2348,4189,TX20241001665511,WIT_FEE,50,MRU,4991,PLATFORM,COLLECTED,2024-10-01T06:08:43.304Z
2349,4190,TX20240529182105,SAL_FEE,2475,MRU,4976,PLATFORM,COLLECTED,2024-05-29T06:04:24.224Z
2350,4191,TX20241115830575,PAY_FEE,87,MRU,5625,MERCHANT,COLLECTED,2024-11-15T10:23:50.806Z
2351,4194,TX20240707639386,TRF_FEE,50,MRU,4562,PLATFORM,COLLECTED,2024-07-07T11:19:22.679Z
2352,4195,TX20240117118863,TRF_FEE,50,MRU,10380,PLATFORM,COLLECTED,2024-01-17T10:53:47.508Z
2353,4196,TX20240305124182,PAY_FEE,36,MRU,1603,MERCHANT,COLLECTED,2024-03-05T09:09:55.262Z
2354,4198,TX20241226303475,WIT_FEE,330,MRU,4468,PLATFORM,COLLECTED,2024-12-26T15:54:37.666Z
2355,4200,TX20240403757670,TRF_FEE,50,MRU,9609,PLATFORM,COLLECTED,2024-04-03T14:46:19.639Z
2356,4208,TX20241013627075,TRF_FEE,50,MRU,1678,PLATFORM,COLLECTED,2024-10-13T12:44:30.374Z
2357,4209,TX20240819439917,WIT_FEE,50,MRU,836,PLATFORM,COLLECTED,2024-08-19T16:57:11.788Z
2358,4210,TX20240805099080,TRF_FEE,50,MRU,1698,PLATFORM,COLLECTED,2024-08-04T22:06:40.022Z
2359,4214,TX20240426733937,PAY_FEE,59,MRU,10103,MERCHANT,COLLECTED,2024-04-26T13:51:22.481Z
2360,4216,TX20240804021351,TRF_FEE,25,MRU,194,PLATFORM,COLLECTED,2024-08-04T12:30:35.667Z
2361,4218,TX20241204520161,WIT_FEE,120,MRU,5164,PLATFORM,COLLECTED,2024-12-04T11:12:19.399Z
2362,4219,TX20240202117099,TRF_FEE,25,MRU,1623,PLATFORM,COLLECTED,2024-02-02T05:47:35.311Z
2363,4221,TX20240323546437,TRF_FEE,10,MRU,7005,PLATFORM,COLLECTED,2024-03-23T17:46:27.343Z
2364,4223,TX20240413008036,PAY_FEE,18,MRU,5190,MERCHANT,COLLECTED,2024-04-13T12:02:36.458Z
2365,4226,TX20240914864782,TRF_FEE,25,MRU,3527,PLATFORM,COLLECTED,2024-09-14T09:33:06.738Z
2366,4232,TX20240219650332,BIL_FEE,100,MRU,6994,PLATFORM,COLLECTED,2024-02-19T17:35:54.649Z
2367,4233,TX20240930865130,PAY_FEE,3,MRU,46,MERCHANT,COLLECTED,2024-09-30T16:33:13.395Z
2368,4236,TX20240102422786,TRF_FEE,50,MRU,9646,PLATFORM,COLLECTED,2024-01-02T10:00:49.105Z
2369,4240,TX20240317324289,TRF_FEE,50,MRU,10218,PLATFORM,COLLECTED,2024-03-17T13:14:47.694Z
2370,4241,TX20240903952312,TRF_FEE,10,MRU,3701,PLATFORM,COLLECTED,2024-09-03T10:20:33.040Z
2371,4242,TX20240711569653,TRF_FEE,50,MRU,10140,PLATFORM,COLLECTED,2024-07-11T12:01:34.352Z
2372,4245,TX20241218012863,TRF_FEE,50,MRU,6040,PLATFORM,COLLECTED,2024-12-18T19:57:28.482Z
2373,4249,TX20241123371114,TRF_FEE,50,MRU,735,PLATFORM,COLLECTED,2024-11-23T07:36:50.325Z
2374,4250,TX20240208466170,TRF_FEE,50,MRU,4851,PLATFORM,COLLECTED,2024-02-08T20:34:11.396Z
2375,4255,TX20240529581228,WIT_FEE,50,MRU,2061,PLATFORM,COLLECTED,2024-05-29T16:11:17.714Z
2376,4257,TX20240928432533,TRF_FEE,50,MRU,8626,PLATFORM,COLLECTED,2024-09-28T07:48:49.366Z
2377,4260,TX20241123062900,PAY_FEE,660,MRU,7941,MERCHANT,COLLECTED,2024-11-23T10:48:07.740Z
2378,4261,TX20240122112509,TRF_FEE,25,MRU,4392,PLATFORM,COLLECTED,2024-01-22T09:44:27.123Z
2379,4267,TX20240823775893,TRF_FEE,50,MRU,6680,PLATFORM,COLLECTED,2024-08-23T15:08:22.712Z
2380,4270,TX20240716122108,TRF_FEE,50,MRU,9375,PLATFORM,COLLECTED,2024-07-16T16:55:08.280Z
2381,4271,TX20240107040089,TRF_FEE,50,MRU,5930,PLATFORM,COLLECTED,2024-01-07T07:53:50.793Z
2382,4273,TX20240619986594,WIT_FEE,100,MRU,7705,PLATFORM,COLLECTED,2024-06-19T13:30:35.295Z
2383,4274,TX20240119635740,WIT_FEE,50,MRU,4432,PLATFORM,COLLECTED,2024-01-19T16:25:42.092Z
2384,4276,TX20240313694340,SAL_FEE,1765,MRU,8886,PLATFORM,COLLECTED,2024-03-13T12:35:23.321Z
2385,4277,TX20240416744710,WIT_FEE,200,MRU,4614,PLATFORM,COLLECTED,2024-04-16T17:03:37.707Z
2386,4278,TX20240426827131,WIT_FEE,76,MRU,1968,PLATFORM,COLLECTED,2024-04-26T14:14:11.249Z
2387,4282,TX20240111455759,PAY_FEE,42,MRU,10127,MERCHANT,COLLECTED,2024-01-11T06:51:16.912Z
2388,4283,TX20240127913814,TRF_FEE,50,MRU,557,PLATFORM,COLLECTED,2024-01-27T14:19:58.480Z
2389,4284,TX20241214720861,TRF_FEE,50,MRU,6179,PLATFORM,COLLECTED,2024-12-14T16:09:29.009Z
2390,4285,TX20240422164400,WIT_FEE,50,MRU,9653,PLATFORM,COLLECTED,2024-04-22T06:27:39.887Z
2391,4287,TX20241002759978,TRF_FEE,50,MRU,9224,PLATFORM,COLLECTED,2024-10-01T22:47:35.799Z
2392,4288,TX20241227322754,TRF_FEE,10,MRU,4387,PLATFORM,COLLECTED,2024-12-27T08:43:26.807Z
2393,4289,TX20240923484206,WIT_FEE,51,MRU,7290,PLATFORM,COLLECTED,2024-09-23T06:23:33.388Z
2394,4291,TX20240408368911,SAL_FEE,1455,MRU,4872,PLATFORM,COLLECTED,2024-04-08T08:05:39.870Z
2395,4293,TX20240118486199,TRF_FEE,50,MRU,6674,PLATFORM,COLLECTED,2024-01-18T16:00:44.454Z
2396,4299,TX20240712997801,BIL_FEE,100,MRU,10045,PLATFORM,COLLECTED,2024-07-12T07:37:48.706Z
2397,4301,TX20240315245397,TRF_FEE,25,MRU,2115,PLATFORM,COLLECTED,2024-03-15T18:47:23.201Z
2398,4302,TX20240325587071,TRF_FEE,25,MRU,7518,PLATFORM,COLLECTED,2024-03-25T08:33:31.270Z
2399,4305,TX20241110081713,TRF_FEE,50,MRU,7485,PLATFORM,COLLECTED,2024-11-10T06:32:07.124Z
2400,4306,TX20241018247102,PAY_FEE,123,MRU,9591,MERCHANT,COLLECTED,2024-10-18T13:49:34.784Z
2401,4307,TX20240221440568,TRF_FEE,50,MRU,9364,PLATFORM,COLLECTED,2024-02-21T08:15:07.905Z
2402,4308,TX20240110856843,TRF_FEE,25,MRU,837,PLATFORM,COLLECTED,2024-01-10T08:18:31.965Z
2403,4310,TX20240204121066,SAL_FEE,1880,MRU,10601,PLATFORM,COLLECTED,2024-02-04T11:32:50.122Z
2404,4313,TX20240710693967,TRF_FEE,25,MRU,3825,PLATFORM,COLLECTED,2024-07-10T08:01:43.880Z
2405,4314,TX20240320051686,WIT_FEE,50,MRU,9458,PLATFORM,COLLECTED,2024-03-20T09:21:09.717Z
2406,4317,TX20241026626657,WIT_FEE,50,MRU,7770,PLATFORM,COLLECTED,2024-10-26T17:27:57.708Z
2407,4319,TX20240713502021,TRF_FEE,50,MRU,3760,PLATFORM,COLLECTED,2024-07-13T18:25:05.515Z
2408,4320,TX20241104122886,WIT_FEE,50,MRU,4902,PLATFORM,COLLECTED,2024-11-04T11:25:54.434Z
2409,4321,TX20240314226952,TRF_FEE,25,MRU,600,PLATFORM,COLLECTED,2024-03-14T09:32:47.688Z
2410,4322,TX20240623726634,PAY_FEE,8,MRU,4941,MERCHANT,COLLECTED,2024-06-23T08:13:36.695Z
2411,4324,TX20240727523573,SAL_FEE,2345,MRU,10979,PLATFORM,COLLECTED,2024-07-27T09:25:25.731Z
2412,4329,TX20240226682342,TRF_FEE,25,MRU,8920,PLATFORM,COLLECTED,2024-02-26T12:53:15.223Z
2413,4330,TX20241129294693,WIT_FEE,50,MRU,10343,PLATFORM,COLLECTED,2024-11-29T10:16:42.843Z
2414,4332,TX20240919686998,TRF_FEE,50,MRU,6279,PLATFORM,COLLECTED,2024-09-19T07:07:41.232Z
2415,4336,TX20240307120670,TRF_FEE,50,MRU,8713,PLATFORM,COLLECTED,2024-03-07T11:45:23.473Z
2416,4339,TX20240618505158,WIT_FEE,200,MRU,5839,PLATFORM,COLLECTED,2024-06-18T09:08:57.402Z
2417,4341,TX20240617235834,WIT_FEE,70,MRU,9146,PLATFORM,COLLECTED,2024-06-17T07:01:56.388Z
2418,4343,TX20240206849002,TRF_FEE,50,MRU,3639,PLATFORM,COLLECTED,2024-02-06T08:16:56.055Z
2419,4344,TX20240611445533,WIT_FEE,50,MRU,3357,PLATFORM,COLLECTED,2024-06-11T07:12:12.917Z
2420,4346,TX20240331682304,BIL_FEE,100,MRU,2199,PLATFORM,COLLECTED,2024-03-31T08:33:53.311Z
2421,4347,TX20240816020215,TRF_FEE,25,MRU,4385,PLATFORM,COLLECTED,2024-08-16T12:27:20.648Z
2422,4350,TX20240711119655,SAL_FEE,395,MRU,9084,PLATFORM,COLLECTED,2024-07-11T19:43:15.469Z
2423,4353,TX20241214450542,WIT_FEE,130,MRU,1258,PLATFORM,COLLECTED,2024-12-14T06:55:39.182Z
2424,4354,TX20240302117998,TRF_FEE,25,MRU,8777,PLATFORM,COLLECTED,2024-03-02T10:08:29.171Z
2425,4357,TX20240704559182,TRF_FEE,50,MRU,6932,PLATFORM,COLLECTED,2024-07-04T16:02:05.302Z
2426,4358,TX20240301208069,SAL_FEE,1035,MRU,777,PLATFORM,COLLECTED,2024-03-01T06:13:23.599Z
2427,4359,TX20240104158175,TRF_FEE,10,MRU,503,PLATFORM,COLLECTED,2024-01-04T17:55:04.946Z
2428,4360,TX20241115239771,WIT_FEE,50,MRU,94,PLATFORM,COLLECTED,2024-11-15T14:14:01.337Z
2429,4361,TX20240423596209,TRF_FEE,10,MRU,2247,PLATFORM,COLLECTED,2024-04-23T13:46:44.144Z
2430,4362,TX20240106966141,BIL_FEE,100,MRU,9426,PLATFORM,COLLECTED,2024-01-06T07:19:36.111Z
2431,4363,TX20240917025497,TRF_FEE,50,MRU,7199,PLATFORM,COLLECTED,2024-09-17T16:59:23.472Z
2432,4364,TX20240819478896,TRF_FEE,25,MRU,1616,PLATFORM,COLLECTED,2024-08-19T09:48:35.434Z
2433,4366,TX20240201088213,WIT_FEE,50,MRU,7952,PLATFORM,COLLECTED,2024-02-01T11:21:15.250Z
2434,4368,TX20240623220347,WIT_FEE,440,MRU,9830,PLATFORM,COLLECTED,2024-06-23T13:48:17.643Z
2435,4369,TX20240303108446,PAY_FEE,8,MRU,9623,MERCHANT,COLLECTED,2024-03-03T21:43:58.381Z
2436,4373,TX20240724352566,TRF_FEE,50,MRU,283,PLATFORM,COLLECTED,2024-07-24T13:10:16.203Z
2437,4377,TX20241017866233,TRF_FEE,25,MRU,10972,PLATFORM,COLLECTED,2024-10-17T16:32:04.196Z
2438,4378,TX20240317362811,WIT_FEE,50,MRU,4057,PLATFORM,COLLECTED,2024-03-17T14:39:47.783Z
2439,4379,TX20240120511236,PAY_FEE,36,MRU,7167,MERCHANT,COLLECTED,2024-01-20T17:58:59.153Z
2440,4380,TX20240814253459,WIT_FEE,50,MRU,4958,PLATFORM,COLLECTED,2024-08-14T05:39:25.052Z
2441,4383,TX20241128549753,WIT_FEE,50,MRU,7511,PLATFORM,COLLECTED,2024-11-28T10:07:14.027Z
2442,4385,TX20240531754812,TRF_FEE,50,MRU,4307,PLATFORM,COLLECTED,2024-05-31T12:03:49.062Z
2443,4388,TX20241017233280,TRF_FEE,25,MRU,8404,PLATFORM,COLLECTED,2024-10-17T12:09:10.486Z
2444,4390,TX20240109449106,TRF_FEE,50,MRU,3946,PLATFORM,COLLECTED,2024-01-09T18:56:51.716Z
2445,4391,TX20240329328919,TRF_FEE,50,MRU,5083,PLATFORM,COLLECTED,2024-03-29T09:16:41.020Z
2446,4398,TX20240321461532,PAY_FEE,45,MRU,2968,MERCHANT,COLLECTED,2024-03-21T08:55:58.084Z
2447,4400,TX20241019641355,TRF_FEE,50,MRU,7016,PLATFORM,COLLECTED,2024-10-19T17:41:02.835Z
2448,4401,TX20240506981928,PAY_FEE,147,MRU,3871,MERCHANT,COLLECTED,2024-05-06T09:45:29.086Z
2449,4403,TX20240216483187,PAY_FEE,87,MRU,10797,MERCHANT,COLLECTED,2024-02-16T08:43:18.450Z
2450,4407,TX20240323560132,WIT_FEE,50,MRU,5427,PLATFORM,COLLECTED,2024-03-23T08:50:09.818Z
2451,4410,TX20240117145175,BIL_FEE,100,MRU,2911,PLATFORM,COLLECTED,2024-01-17T18:02:43.177Z
2452,4413,TX20240409316954,WIT_FEE,50,MRU,8785,PLATFORM,COLLECTED,2024-04-09T09:59:35.978Z
2453,4415,TX20240423439024,TRF_FEE,10,MRU,7087,PLATFORM,COLLECTED,2024-04-23T11:05:23.016Z
2454,4416,TX20241015748070,TRF_FEE,25,MRU,4821,PLATFORM,COLLECTED,2024-10-15T04:04:33.868Z
2455,4418,TX20240417199215,BIL_FEE,100,MRU,1785,PLATFORM,COLLECTED,2024-04-17T09:47:53.969Z
2456,4423,TX20241020965867,PAY_FEE,24,MRU,1490,MERCHANT,COLLECTED,2024-10-20T12:43:21.852Z
2457,4424,TX20241113594713,TRF_FEE,25,MRU,2784,PLATFORM,COLLECTED,2024-11-13T11:29:18.379Z
2458,4427,TX20241106987453,TRF_FEE,50,MRU,2436,PLATFORM,COLLECTED,2024-11-06T16:40:25.453Z
2459,4429,TX20241118097479,WIT_FEE,400,MRU,6209,PLATFORM,COLLECTED,2024-11-18T11:51:52.652Z
2460,4431,TX20240414818599,WIT_FEE,50,MRU,10013,PLATFORM,COLLECTED,2024-04-14T10:52:34.033Z
2461,4435,TX20240102496122,WIT_FEE,50,MRU,4994,PLATFORM,COLLECTED,2024-01-02T15:13:49.768Z
2462,4436,TX20240312948401,TRF_FEE,50,MRU,3420,PLATFORM,COLLECTED,2024-03-12T07:05:43.810Z
2463,4437,TX20240413476094,PAY_FEE,18,MRU,5190,MERCHANT,COLLECTED,2024-04-13T12:02:36.458Z
2464,4445,TX20241214389950,TRF_FEE,50,MRU,14,PLATFORM,COLLECTED,2024-12-14T09:37:53.349Z
2465,4448,TX20241206349571,TRF_FEE,25,MRU,6381,PLATFORM,COLLECTED,2024-12-06T19:22:11.611Z
2466,4451,TX20241110764308,TRF_FEE,50,MRU,5648,PLATFORM,COLLECTED,2024-11-10T05:47:12.989Z
2467,4452,TX20240818315599,PAY_FEE,35,MRU,4180,MERCHANT,COLLECTED,2024-08-18T13:34:03.184Z
2468,4454,TX20240414679909,WIT_FEE,50,MRU,5742,PLATFORM,COLLECTED,2024-04-14T08:18:12.868Z
2469,4455,TX20240325939570,TRF_FEE,25,MRU,3879,PLATFORM,COLLECTED,2024-03-25T08:05:08.617Z
2470,4457,TX20240920160465,WIT_FEE,130,MRU,1742,PLATFORM,COLLECTED,2024-09-20T19:52:56.855Z
2471,4458,TX20240222749275,BIL_FEE,100,MRU,10285,PLATFORM,COLLECTED,2024-02-22T20:20:25.339Z
2472,4459,TX20240224857802,WIT_FEE,50,MRU,2556,PLATFORM,COLLECTED,2024-02-24T11:56:02.942Z
2473,4460,TX20240625106923,PAY_FEE,15,MRU,7721,MERCHANT,COLLECTED,2024-06-25T11:59:26.135Z
2474,4462,TX20240312061136,PAY_FEE,33,MRU,10643,MERCHANT,COLLECTED,2024-03-12T12:32:29.077Z
2475,4464,TX20241101219041,TRF_FEE,25,MRU,2370,PLATFORM,COLLECTED,2024-11-01T15:25:03.888Z
2476,4465,TX20240818051926,PAY_FEE,35,MRU,6979,MERCHANT,COLLECTED,2024-08-18T05:42:55.566Z
2477,4467,TX20241018121471,PAY_FEE,24,MRU,9370,MERCHANT,COLLECTED,2024-10-18T15:02:44.586Z
2478,4470,TX20240115170851,WIT_FEE,200,MRU,912,PLATFORM,COLLECTED,2024-01-15T07:38:20.677Z
2479,4472,TX20240629379649,TRF_FEE,25,MRU,3289,PLATFORM,COLLECTED,2024-06-29T07:18:23.733Z
2480,4474,TX20240920035252,TRF_FEE,25,MRU,7551,PLATFORM,COLLECTED,2024-09-20T21:42:32.993Z
2481,4475,TX20240624710987,WIT_FEE,50,MRU,9071,PLATFORM,COLLECTED,2024-06-24T14:09:47.794Z
2482,4477,TX20240312905316,TRF_FEE,50,MRU,3701,PLATFORM,COLLECTED,2024-03-12T09:29:19.913Z
2483,4478,TX20240309421125,TRF_FEE,10,MRU,5342,PLATFORM,COLLECTED,2024-03-09T08:40:41.351Z
2484,4479,TX20241104043643,PAY_FEE,180,MRU,5067,MERCHANT,COLLECTED,2024-11-04T16:13:37.510Z
2485,4480,TX20240412538794,WIT_FEE,500,MRU,2993,PLATFORM,COLLECTED,2024-04-12T09:03:12.998Z
2486,4481,TX20240521292945,WIT_FEE,50,MRU,7194,PLATFORM,COLLECTED,2024-05-21T16:22:43.744Z
2487,4486,TX20240725789430,WIT_FEE,50,MRU,644,PLATFORM,COLLECTED,2024-07-25T09:30:19.527Z
2488,4487,TX20241117374358,SAL_FEE,1520,MRU,6147,PLATFORM,COLLECTED,2024-11-17T20:21:07.070Z
2489,4488,TX20240620141846,WIT_FEE,250,MRU,9426,PLATFORM,COLLECTED,2024-06-20T10:35:42.272Z
2490,4489,TX20240815533520,PAY_FEE,59,MRU,1346,MERCHANT,COLLECTED,2024-08-15T07:41:33.263Z
2491,4490,TX20240812495956,PAY_FEE,51,MRU,7406,MERCHANT,COLLECTED,2024-08-12T12:35:46.866Z
2492,4491,TX20240611905704,TRF_FEE,25,MRU,1928,PLATFORM,COLLECTED,2024-06-11T08:32:08.972Z
2493,4492,TX20240725806413,WIT_FEE,50,MRU,3648,PLATFORM,COLLECTED,2024-07-25T13:27:10.267Z
2494,4498,TX20240717385040,WIT_FEE,51,MRU,6184,PLATFORM,COLLECTED,2024-07-17T14:59:32.769Z
2495,4499,TX20241121847976,SAL_FEE,2180,MRU,67,PLATFORM,COLLECTED,2024-11-21T13:36:37.095Z
2496,4500,TX20241022991362,TRF_FEE,25,MRU,3214,PLATFORM,COLLECTED,2024-10-22T09:06:26.934Z
2497,4501,TX20240830644984,WIT_FEE,50,MRU,4385,PLATFORM,COLLECTED,2024-08-30T07:22:36.840Z
2498,4504,TX20240805905841,TRF_FEE,25,MRU,6069,PLATFORM,COLLECTED,2024-08-05T16:44:37.809Z
2499,4506,TX20240802199836,TRF_FEE,50,MRU,2182,PLATFORM,COLLECTED,2024-08-02T15:15:41.384Z
2500,4507,TX20240107449018,TRF_FEE,25,MRU,10776,PLATFORM,COLLECTED,2024-01-07T15:39:51.818Z
2501,4510,TX20240529483946,TRF_FEE,50,MRU,3997,PLATFORM,COLLECTED,2024-05-29T12:01:28.350Z
2502,4511,TX20241106526825,TRF_FEE,50,MRU,10155,PLATFORM,COLLECTED,2024-11-06T15:11:32.448Z
2503,4512,TX20240501266879,SAL_FEE,985,MRU,1527,PLATFORM,COLLECTED,2024-05-01T08:46:27.311Z
2504,4513,TX20240516637024,WIT_FEE,100,MRU,3723,PLATFORM,COLLECTED,2024-05-16T06:03:54.710Z
2505,4515,TX20240531884317,PAY_FEE,11,MRU,9920,MERCHANT,COLLECTED,2024-05-31T07:08:59.637Z
2506,4518,TX20240116326585,TRF_FEE,10,MRU,2489,PLATFORM,COLLECTED,2024-01-16T17:34:47.284Z
2507,4523,TX20240926835318,PAY_FEE,7,MRU,9589,MERCHANT,COLLECTED,2024-09-26T08:52:30.167Z
2508,4524,TX20240607798597,WIT_FEE,50,MRU,1115,PLATFORM,COLLECTED,2024-06-07T18:01:48.454Z
2509,4525,TX20240821291503,TRF_FEE,10,MRU,8290,PLATFORM,COLLECTED,2024-08-21T09:09:11.143Z
2510,4529,TX20241115528487,WIT_FEE,50,MRU,1263,PLATFORM,COLLECTED,2024-11-15T15:09:20.919Z
2511,4530,TX20240509158412,TRF_FEE,25,MRU,10584,PLATFORM,COLLECTED,2024-05-09T13:40:06.073Z
2512,4531,TX20240816181717,WIT_FEE,50,MRU,1215,PLATFORM,COLLECTED,2024-08-16T16:34:36.936Z
2513,4532,TX20240626597426,PAY_FEE,270,MRU,3169,MERCHANT,COLLECTED,2024-06-26T13:54:17.629Z
2514,4535,TX20240323841980,PAY_FEE,165,MRU,2241,MERCHANT,COLLECTED,2024-03-23T17:02:58.120Z
2515,4536,TX20240922415045,PAY_FEE,63,MRU,4483,MERCHANT,COLLECTED,2024-09-22T07:01:59.795Z
2516,4537,TX20240528510440,PAY_FEE,119,MRU,8394,MERCHANT,COLLECTED,2024-05-28T09:24:27.586Z
2517,4541,TX20240115017236,SAL_FEE,1700,MRU,5908,PLATFORM,COLLECTED,2024-01-15T09:36:03.529Z
2518,4542,TX20240611405622,PAY_FEE,30,MRU,3708,MERCHANT,COLLECTED,2024-06-11T16:52:04.324Z
2519,4543,TX20241021816418,WIT_FEE,250,MRU,9142,PLATFORM,COLLECTED,2024-10-21T18:26:04.962Z
2520,4546,TX20240325045100,TRF_FEE,25,MRU,1742,PLATFORM,COLLECTED,2024-03-25T14:17:48.443Z
2521,4548,TX20241021584734,TRF_FEE,50,MRU,9456,PLATFORM,COLLECTED,2024-10-21T16:20:46.368Z
2522,4550,TX20241002747260,TRF_FEE,25,MRU,1971,PLATFORM,COLLECTED,2024-10-02T10:28:47.760Z
2523,4551,TX20240524217710,WIT_FEE,140,MRU,2569,PLATFORM,COLLECTED,2024-05-24T07:07:55.689Z
2524,4553,TX20240618637765,WIT_FEE,200,MRU,5839,PLATFORM,COLLECTED,2024-06-18T09:08:57.402Z
2525,4554,TX20240423767194,WIT_FEE,50,MRU,10558,PLATFORM,COLLECTED,2024-04-23T16:35:19.705Z
2526,4558,TX20240310445533,TRF_FEE,50,MRU,5194,PLATFORM,COLLECTED,2024-03-10T08:12:55.302Z
2527,4560,TX20240413210960,WIT_FEE,50,MRU,1356,PLATFORM,COLLECTED,2024-04-13T12:53:18.198Z
2528,4561,TX20240524534723,TRF_FEE,25,MRU,5436,PLATFORM,COLLECTED,2024-05-24T07:44:35.173Z
2529,4563,TX20241107088268,TRF_FEE,50,MRU,1307,PLATFORM,COLLECTED,2024-11-07T06:37:29.268Z
2530,4564,TX20240620214341,WIT_FEE,200,MRU,5237,PLATFORM,COLLECTED,2024-06-20T16:03:19.119Z
2531,4565,TX20240607376435,PAY_FEE,74,MRU,4956,MERCHANT,COLLECTED,2024-06-07T11:09:27.923Z
2532,4569,TX20240325979942,TRF_FEE,50,MRU,5222,PLATFORM,COLLECTED,2024-03-25T16:54:22.171Z
2533,4571,TX20240817494005,WIT_FEE,50,MRU,7412,PLATFORM,COLLECTED,2024-08-17T14:07:20.946Z
2534,4572,TX20240815433448,WIT_FEE,50,MRU,8761,PLATFORM,COLLECTED,2024-08-15T07:29:32.333Z
2535,4573,TX20240803197331,SAL_FEE,775,MRU,692,PLATFORM,COLLECTED,2024-08-03T07:00:13.100Z
2536,4575,TX20240222011532,PAY_FEE,180,MRU,10061,MERCHANT,COLLECTED,2024-02-22T08:15:35.043Z
2537,4576,TX20240808748770,WIT_FEE,50,MRU,4697,PLATFORM,COLLECTED,2024-08-08T06:51:06.140Z
2538,4577,TX20240829449775,TRF_FEE,50,MRU,8627,PLATFORM,COLLECTED,2024-08-29T18:40:54.667Z
2539,4578,TX20240223352486,TRF_FEE,50,MRU,10263,PLATFORM,COLLECTED,2024-02-23T20:21:49.593Z
2540,4579,TX20241223841296,WIT_FEE,50,MRU,8681,PLATFORM,COLLECTED,2024-12-23T07:08:10.533Z
2541,4580,TX20240718465922,PAY_FEE,18,MRU,9125,MERCHANT,COLLECTED,2024-07-18T11:54:22.784Z
2542,4582,TX20241023574967,TRF_FEE,50,MRU,9684,PLATFORM,COLLECTED,2024-10-23T08:38:53.864Z
2543,4586,TX20240322762114,WIT_FEE,100,MRU,2319,PLATFORM,COLLECTED,2024-03-22T09:05:13.440Z
2544,4587,TX20240304518375,TRF_FEE,25,MRU,9970,PLATFORM,COLLECTED,2024-03-04T09:12:01.214Z
2545,4588,TX20241215349818,BIL_FEE,100,MRU,120,PLATFORM,COLLECTED,2024-12-15T20:50:04.830Z
2546,4591,TX20241102634272,PAY_FEE,50,MRU,5500,MERCHANT,COLLECTED,2024-11-02T13:04:11.995Z
2547,4593,TX20241121527393,TRF_FEE,50,MRU,10671,PLATFORM,COLLECTED,2024-11-21T11:46:03.808Z
2548,4594,TX20240424695314,WIT_FEE,100,MRU,577,PLATFORM,COLLECTED,2024-04-24T13:03:39.422Z
2549,4596,TX20240803350158,PAY_FEE,300,MRU,2291,MERCHANT,COLLECTED,2024-08-03T16:15:33.023Z
2550,4597,TX20241128341856,WIT_FEE,50,MRU,7511,PLATFORM,COLLECTED,2024-11-28T10:07:14.027Z
2551,4599,TX20240711754812,TRF_FEE,50,MRU,3034,PLATFORM,COLLECTED,2024-07-11T05:49:03.388Z
2552,4601,TX20241109644292,PAY_FEE,35,MRU,641,MERCHANT,COLLECTED,2024-11-09T11:43:55.823Z
2553,4602,TX20240822489705,TRF_FEE,50,MRU,1916,PLATFORM,COLLECTED,2024-08-22T10:47:32.151Z
2554,4603,TX20241106540291,PAY_FEE,480,MRU,4393,MERCHANT,COLLECTED,2024-11-06T22:59:55.513Z
2555,4605,TX20240329287087,TRF_FEE,50,MRU,5083,PLATFORM,COLLECTED,2024-03-29T09:16:41.020Z
2556,4607,TX20240124662852,WIT_FEE,50,MRU,6548,PLATFORM,COLLECTED,2024-01-24T10:28:03.073Z
2557,4608,TX20240423459080,WIT_FEE,290,MRU,3045,PLATFORM,COLLECTED,2024-04-23T15:32:43.980Z
2558,4611,TX20240918044906,SAL_FEE,970,MRU,5387,PLATFORM,COLLECTED,2024-09-18T13:25:23.206Z
2559,4613,TX20241207444253,TRF_FEE,25,MRU,8023,PLATFORM,COLLECTED,2024-12-07T14:48:06.570Z
2560,4614,TX20241114641355,PAY_FEE,27,MRU,5015,MERCHANT,COLLECTED,2024-11-14T15:02:50.636Z
2561,4618,TX20240216679928,TRF_FEE,50,MRU,10907,PLATFORM,COLLECTED,2024-02-16T07:24:13.449Z
2562,4619,TX20241102376743,WIT_FEE,50,MRU,9339,PLATFORM,COLLECTED,2024-11-02T17:30:07.556Z
2563,4621,TX20240520374033,WIT_FEE,220,MRU,1310,PLATFORM,COLLECTED,2024-05-20T07:33:04.149Z
2564,4624,TX20240405190971,BIL_FEE,100,MRU,480,PLATFORM,COLLECTED,2024-04-05T07:54:47.431Z
2565,4626,TX20240527606957,TRF_FEE,25,MRU,9928,PLATFORM,COLLECTED,2024-05-27T17:55:08.138Z
2566,4627,TX20240919709529,TRF_FEE,25,MRU,5969,PLATFORM,COLLECTED,2024-09-19T09:07:08.176Z
2567,4628,TX20241113644706,TRF_FEE,50,MRU,4978,PLATFORM,COLLECTED,2024-11-13T08:55:56.108Z
2568,4629,TX20240602114707,TRF_FEE,50,MRU,3142,PLATFORM,COLLECTED,2024-06-02T15:27:31.476Z
2569,4630,TX20241220252883,PAY_FEE,131,MRU,9901,MERCHANT,COLLECTED,2024-12-20T14:18:56.993Z
2570,4631,TX20241009183706,PAY_FEE,68,MRU,5463,MERCHANT,COLLECTED,2024-10-09T06:01:14.716Z
2571,4633,TX20240808322751,TRF_FEE,50,MRU,8971,PLATFORM,COLLECTED,2024-08-08T18:03:50.642Z
2572,4635,TX20240827666922,SAL_FEE,345,MRU,2143,PLATFORM,COLLECTED,2024-08-27T13:50:17.631Z
2573,4639,TX20241129086505,PAY_FEE,18,MRU,4667,MERCHANT,COLLECTED,2024-11-29T13:20:31.557Z
2574,4640,TX20240109135767,TRF_FEE,50,MRU,8254,PLATFORM,COLLECTED,2024-01-09T18:33:09.942Z
2575,4644,TX20240825984416,BIL_FEE,100,MRU,232,PLATFORM,COLLECTED,2024-08-25T08:25:14.137Z
2576,4646,TX20240416110166,PAY_FEE,45,MRU,5754,MERCHANT,COLLECTED,2024-04-16T16:39:55.457Z
2577,4647,TX20240223386523,WIT_FEE,50,MRU,6969,PLATFORM,COLLECTED,2024-02-23T14:34:27.080Z
2578,4649,TX20240630122387,PAY_FEE,44,MRU,8887,MERCHANT,COLLECTED,2024-06-30T12:08:50.146Z
2579,4657,TX20240929709072,TRF_FEE,50,MRU,10610,PLATFORM,COLLECTED,2024-09-29T15:51:19.220Z
2580,4658,TX20241030412944,TRF_FEE,25,MRU,6589,PLATFORM,COLLECTED,2024-10-30T07:14:59.678Z
2581,4661,TX20240405612067,SAL_FEE,975,MRU,8123,PLATFORM,COLLECTED,2024-04-05T13:35:27.280Z
2582,4663,TX20241207830540,BIL_FEE,100,MRU,5595,PLATFORM,COLLECTED,2024-12-07T10:00:44.667Z
2583,4664,TX20240417292914,TRF_FEE,50,MRU,10364,PLATFORM,COLLECTED,2024-04-17T04:44:09.339Z
2584,4666,TX20240727945211,TRF_FEE,50,MRU,6916,PLATFORM,COLLECTED,2024-07-27T13:03:11.377Z
2585,4667,TX20241203255435,TRF_FEE,25,MRU,5751,PLATFORM,COLLECTED,2024-12-03T15:27:40.165Z
2586,4669,TX20240309007296,WIT_FEE,50,MRU,1993,PLATFORM,COLLECTED,2024-03-09T07:08:37.349Z
2587,4670,TX20240429155740,WIT_FEE,50,MRU,8750,PLATFORM,COLLECTED,2024-04-29T18:46:14.943Z
2588,4671,TX20241212456249,PAY_FEE,23,MRU,4083,MERCHANT,COLLECTED,2024-12-12T17:09:46.258Z
2589,4677,TX20240229116468,WIT_FEE,180,MRU,3689,PLATFORM,COLLECTED,2024-02-29T09:26:26.397Z
2590,4678,TX20240120654792,TRF_FEE,10,MRU,3902,PLATFORM,COLLECTED,2024-01-20T18:12:26.349Z
2591,4680,TX20241217622596,BIL_FEE,100,MRU,10462,PLATFORM,COLLECTED,2024-12-17T08:27:36.195Z
2592,4681,TX20241018478477,PAY_FEE,24,MRU,9370,MERCHANT,COLLECTED,2024-10-18T15:02:44.586Z
2593,4690,TX20240519643307,TRF_FEE,50,MRU,351,PLATFORM,COLLECTED,2024-05-19T05:56:54.941Z
2594,4691,TX20240713320622,PAY_FEE,71,MRU,9348,MERCHANT,COLLECTED,2024-07-13T16:37:09.683Z
2595,4695,TX20241010580734,TRF_FEE,25,MRU,4281,PLATFORM,COLLECTED,2024-10-10T10:36:04.350Z
2596,4701,TX20241016988025,PAY_FEE,285,MRU,2479,MERCHANT,COLLECTED,2024-10-16T16:47:37.986Z
2597,4702,TX20240713587006,TRF_FEE,50,MRU,5536,PLATFORM,COLLECTED,2024-07-13T14:59:57.693Z
2598,4703,TX20241214560080,WIT_FEE,50,MRU,8292,PLATFORM,COLLECTED,2024-12-14T13:41:55.712Z
2599,4707,TX20240219405214,PAY_FEE,12,MRU,4772,MERCHANT,COLLECTED,2024-02-19T08:43:38.982Z
2600,4710,TX20241201679340,BIL_FEE,100,MRU,5045,PLATFORM,COLLECTED,2024-12-01T15:32:16.853Z
2601,4711,TX20240624913814,SAL_FEE,1490,MRU,6566,PLATFORM,COLLECTED,2024-06-24T05:28:47.796Z
2602,4712,TX20241214886498,TRF_FEE,50,MRU,6179,PLATFORM,COLLECTED,2024-12-14T16:09:29.009Z
2603,4716,TX20241227028718,TRF_FEE,10,MRU,4387,PLATFORM,COLLECTED,2024-12-27T08:43:26.807Z
2604,4719,TX20241128368911,WIT_FEE,50,MRU,3000,PLATFORM,COLLECTED,2024-11-28T21:50:59.268Z
2605,4728,TX20241214947821,TRF_FEE,50,MRU,2698,PLATFORM,COLLECTED,2024-12-14T17:27:16.241Z
2606,4729,TX20240314432239,WIT_FEE,50,MRU,7709,PLATFORM,COLLECTED,2024-03-14T08:57:26.908Z
2607,4730,TX20240408076658,TRF_FEE,10,MRU,1205,PLATFORM,COLLECTED,2024-04-08T14:13:37.794Z
2608,4737,TX20241024973473,SAL_FEE,535,MRU,256,PLATFORM,COLLECTED,2024-10-24T08:39:19.998Z
2609,4745,TX20241121813468,PAY_FEE,66,MRU,2711,MERCHANT,COLLECTED,2024-11-21T12:57:42.705Z
2610,4746,TX20240417039731,WIT_FEE,50,MRU,697,PLATFORM,COLLECTED,2024-04-17T15:52:01.408Z
2611,4747,TX20241207119766,TRF_FEE,25,MRU,8094,PLATFORM,COLLECTED,2024-12-07T11:05:30.338Z
2612,4750,TX20240423124707,PAY_FEE,210,MRU,2433,MERCHANT,COLLECTED,2024-04-23T11:48:28.298Z
2613,4752,TX20240804319165,WIT_FEE,50,MRU,4072,PLATFORM,COLLECTED,2024-08-04T16:44:58.571Z
2614,4753,TX20240827864562,WIT_FEE,50,MRU,9666,PLATFORM,COLLECTED,2024-08-27T14:49:16.026Z
2615,4756,TX20240329689692,WIT_FEE,50,MRU,9048,PLATFORM,COLLECTED,2024-03-29T18:19:50.446Z
2616,4758,TX20241129184888,WIT_FEE,50,MRU,10343,PLATFORM,COLLECTED,2024-11-29T10:16:42.843Z
2617,4759,TX20241116020436,TRF_FEE,25,MRU,8555,PLATFORM,COLLECTED,2024-11-16T08:03:14.607Z
2618,4762,TX20240710130807,PAY_FEE,30,MRU,4086,MERCHANT,COLLECTED,2024-07-10T16:48:20.776Z
2619,4766,TX20240628456651,TRF_FEE,25,MRU,10672,PLATFORM,COLLECTED,2024-06-28T18:35:28.678Z
2620,4767,TX20240618978593,WIT_FEE,200,MRU,5839,PLATFORM,COLLECTED,2024-06-18T09:08:57.402Z
2621,4768,TX20241027007740,WIT_FEE,50,MRU,5012,PLATFORM,COLLECTED,2024-10-27T14:19:42.957Z
2622,4774,TX20240413902450,WIT_FEE,50,MRU,1356,PLATFORM,COLLECTED,2024-04-13T12:53:18.198Z
2623,4775,TX20240222092704,WIT_FEE,50,MRU,219,PLATFORM,COLLECTED,2024-02-22T16:35:10.491Z
2624,4776,TX20240222129695,WIT_FEE,50,MRU,10770,PLATFORM,COLLECTED,2024-02-22T13:03:08.490Z
2625,4777,TX20240213546148,WIT_FEE,50,MRU,2883,PLATFORM,COLLECTED,2024-02-13T19:00:25.649Z
2626,4779,TX20241203693199,TRF_FEE,50,MRU,2319,PLATFORM,COLLECTED,2024-12-03T11:19:58.744Z
2627,4781,TX20240302081663,PAY_FEE,17,MRU,5036,MERCHANT,COLLECTED,2024-03-02T11:55:47.274Z
2628,4783,TX20240131659328,TRF_FEE,50,MRU,10792,PLATFORM,COLLECTED,2024-01-31T17:42:16.631Z
2629,4784,TX20240109273584,BIL_FEE,100,MRU,3164,PLATFORM,COLLECTED,2024-01-09T15:28:04.000Z
2630,4786,TX20240316433448,TRF_FEE,50,MRU,363,PLATFORM,COLLECTED,2024-03-16T12:32:20.793Z
2631,4787,TX20240803937608,SAL_FEE,775,MRU,692,PLATFORM,COLLECTED,2024-08-03T07:00:13.100Z
2632,4789,TX20240803503212,WIT_FEE,50,MRU,9614,PLATFORM,COLLECTED,2024-08-03T05:54:30.596Z
2633,4794,TX20240626644009,TRF_FEE,25,MRU,963,PLATFORM,COLLECTED,2024-06-26T17:22:47.826Z
2634,4795,TX20240128952158,PAY_FEE,495,MRU,6980,MERCHANT,COLLECTED,2024-01-28T16:45:18.692Z
2635,4796,TX20241111073578,BIL_FEE,100,MRU,1997,PLATFORM,COLLECTED,2024-11-11T18:24:09.465Z
2636,4797,TX20240519160929,SAL_FEE,495,MRU,264,PLATFORM,COLLECTED,2024-05-19T17:43:07.677Z
2637,4798,TX20240127071800,PAY_FEE,38,MRU,5966,MERCHANT,COLLECTED,2024-01-27T20:32:18.750Z
2638,4799,TX20241208120780,WIT_FEE,50,MRU,820,PLATFORM,COLLECTED,2024-12-08T11:15:36.019Z
2639,4800,TX20240203675951,WIT_FEE,180,MRU,7925,PLATFORM,COLLECTED,2024-02-03T09:26:12.347Z
2640,4803,TX20240911262873,WIT_FEE,50,MRU,837,PLATFORM,COLLECTED,2024-09-11T07:01:29.839Z
2641,4804,TX20240219684096,TRF_FEE,50,MRU,1689,PLATFORM,COLLECTED,2024-02-19T08:42:29.174Z
2642,4807,TX20241219310947,PAY_FEE,26,MRU,4892,MERCHANT,COLLECTED,2024-12-19T21:09:38.793Z
2643,4809,TX20240831333200,TRF_FEE,50,MRU,1449,PLATFORM,COLLECTED,2024-08-31T17:42:09.533Z
2644,4810,TX20241109488247,TRF_FEE,50,MRU,1328,PLATFORM,COLLECTED,2024-11-09T09:33:01.206Z
2645,4811,TX20240425988555,BIL_FEE,100,MRU,188,PLATFORM,COLLECTED,2024-04-25T06:14:01.681Z
2646,4815,TX20240607717182,PAY_FEE,270,MRU,2584,MERCHANT,COLLECTED,2024-06-07T15:55:49.058Z
2647,4816,TX20240609233280,TRF_FEE,50,MRU,5376,PLATFORM,COLLECTED,2024-06-09T15:32:09.172Z
2648,4822,TX20240423288873,WIT_FEE,290,MRU,3045,PLATFORM,COLLECTED,2024-04-23T15:32:43.980Z
2649,4823,TX20240522897808,TRF_FEE,25,MRU,8832,PLATFORM,COLLECTED,2024-05-22T05:40:55.682Z
2650,4827,TX20240209417743,PAY_FEE,17,MRU,9813,MERCHANT,COLLECTED,2024-02-09T14:43:49.461Z
2651,4828,TX20240116888910,TRF_FEE,25,MRU,3797,PLATFORM,COLLECTED,2024-01-16T17:38:27.082Z
2652,4830,TX20240408579620,PAY_FEE,59,MRU,178,MERCHANT,COLLECTED,2024-04-08T15:00:43.471Z
2653,4832,TX20240216706577,TRF_FEE,50,MRU,10907,PLATFORM,COLLECTED,2024-02-16T07:24:13.449Z
2654,4833,TX20241021376743,PAY_FEE,14,MRU,816,MERCHANT,COLLECTED,2024-10-21T12:07:33.846Z
2655,4835,TX20240228491493,WIT_FEE,66,MRU,10199,PLATFORM,COLLECTED,2024-02-28T14:04:08.119Z
2656,4836,TX20240810238697,PAY_FEE,17,MRU,9125,MERCHANT,COLLECTED,2024-08-10T12:32:38.929Z
2657,4837,TX20241210237592,PAY_FEE,630,MRU,7710,MERCHANT,COLLECTED,2024-12-10T12:06:01.118Z
2658,4840,TX20241201386269,PAY_FEE,12,MRU,3364,MERCHANT,COLLECTED,2024-12-01T07:08:54.977Z
2659,4842,TX20241113227676,TRF_FEE,50,MRU,4978,PLATFORM,COLLECTED,2024-11-13T08:55:56.108Z
2660,4843,TX20240921695843,TRF_FEE,10,MRU,7317,PLATFORM,COLLECTED,2024-09-21T10:31:28.283Z
2661,4844,TX20240808965699,SAL_FEE,1165,MRU,454,PLATFORM,COLLECTED,2024-08-08T08:56:59.897Z
2662,4847,TX20240808747740,TRF_FEE,50,MRU,8971,PLATFORM,COLLECTED,2024-08-08T18:03:50.642Z
2663,4848,TX20241021670181,TRF_FEE,50,MRU,7534,PLATFORM,COLLECTED,2024-10-21T13:01:48.013Z
2664,4850,TX20240902137679,SAL_FEE,1865,MRU,219,PLATFORM,COLLECTED,2024-09-02T15:27:37.788Z
2665,4851,TX20240128024772,PAY_FEE,17,MRU,2039,MERCHANT,COLLECTED,2024-01-28T07:06:51.009Z
2666,4855,TX20240523508800,SAL_FEE,1660,MRU,2348,PLATFORM,COLLECTED,2024-05-23T09:12:30.875Z
2667,4856,TX20240426429054,PAY_FEE,59,MRU,10103,MERCHANT,COLLECTED,2024-04-26T13:51:22.481Z
2668,4857,TX20240620545562,PAY_FEE,17,MRU,9579,MERCHANT,COLLECTED,2024-06-20T03:23:11.097Z
2669,4863,TX20240505804758,TRF_FEE,25,MRU,7772,PLATFORM,COLLECTED,2024-05-05T14:12:27.204Z
2670,4864,TX20240422354275,PAY_FEE,44,MRU,827,MERCHANT,COLLECTED,2024-04-22T07:10:14.192Z
2671,4866,TX20241229186356,WIT_FEE,50,MRU,3782,PLATFORM,COLLECTED,2024-12-29T10:40:37.192Z
2672,4867,TX20240517912806,PAY_FEE,71,MRU,2249,MERCHANT,COLLECTED,2024-05-17T07:34:05.387Z
2673,4868,TX20241222303614,WIT_FEE,100,MRU,10862,PLATFORM,COLLECTED,2024-12-22T09:51:29.095Z
2674,4871,TX20240130161364,PAY_FEE,17,MRU,8060,MERCHANT,COLLECTED,2024-01-30T18:05:33.747Z
2675,4872,TX20241031492961,TRF_FEE,25,MRU,9191,PLATFORM,COLLECTED,2024-10-31T16:57:31.657Z
2676,4875,TX20240804459301,PAY_FEE,23,MRU,4929,MERCHANT,COLLECTED,2024-08-04T16:20:28.364Z
2677,4880,TX20240818039993,PAY_FEE,35,MRU,4180,MERCHANT,COLLECTED,2024-08-18T13:34:03.184Z
2678,4881,TX20240818255435,TRF_FEE,25,MRU,1839,PLATFORM,COLLECTED,2024-08-18T18:41:27.674Z
2679,4884,TX20240429007532,WIT_FEE,50,MRU,8750,PLATFORM,COLLECTED,2024-04-29T18:46:14.943Z
2680,4888,TX20241226903638,TRF_FEE,25,MRU,3142,PLATFORM,COLLECTED,2024-12-26T11:08:42.957Z
2681,4889,TX20240119803772,TRF_FEE,25,MRU,581,PLATFORM,COLLECTED,2024-01-19T17:29:31.532Z
2682,4890,TX20240625735369,TRF_FEE,50,MRU,6754,PLATFORM,COLLECTED,2024-06-25T06:57:48.411Z
2683,4891,TX20240609423431,WIT_FEE,100,MRU,3898,PLATFORM,COLLECTED,2024-06-09T10:23:19.987Z
2684,4895,TX20241009476722,PAY_FEE,56,MRU,9644,MERCHANT,COLLECTED,2024-10-09T05:44:35.848Z
2685,4896,TX20241114358550,PAY_FEE,51,MRU,2430,MERCHANT,COLLECTED,2024-11-14T18:20:35.410Z
2686,4901,TX20240224022921,WIT_FEE,50,MRU,6691,PLATFORM,COLLECTED,2024-02-24T08:28:20.820Z
2687,4902,TX20240427937669,TRF_FEE,50,MRU,5341,PLATFORM,COLLECTED,2024-04-27T14:53:09.385Z
2688,4903,TX20241016525900,PAY_FEE,6,MRU,3487,MERCHANT,COLLECTED,2024-10-16T16:28:04.217Z
2689,4905,TX20240628866620,WIT_FEE,50,MRU,8760,PLATFORM,COLLECTED,2024-06-28T09:54:20.388Z
2690,4906,TX20240907916637,TRF_FEE,10,MRU,7004,PLATFORM,COLLECTED,2024-09-07T09:28:19.480Z
2691,4907,TX20240817663482,WIT_FEE,50,MRU,9361,PLATFORM,COLLECTED,2024-08-17T12:27:33.573Z
2692,4909,TX20240518292945,PAY_FEE,23,MRU,6423,MERCHANT,COLLECTED,2024-05-18T15:44:39.264Z
2693,4911,TX20240414300868,TRF_FEE,50,MRU,8474,PLATFORM,COLLECTED,2024-04-14T17:08:33.697Z
2694,4912,TX20240105055731,TRF_FEE,25,MRU,426,PLATFORM,COLLECTED,2024-01-05T21:49:59.199Z
2695,4916,TX20240802974375,TRF_FEE,50,MRU,5571,PLATFORM,COLLECTED,2024-08-02T14:16:51.604Z
2696,4918,TX20241008656290,TRF_FEE,25,MRU,3416,PLATFORM,COLLECTED,2024-10-08T16:40:23.057Z
2697,4920,TX20240305340078,TRF_FEE,25,MRU,6674,PLATFORM,COLLECTED,2024-03-05T09:19:15.283Z
2698,4921,TX20240527403575,WIT_FEE,350,MRU,9840,PLATFORM,COLLECTED,2024-05-27T17:08:24.498Z
2699,4924,TX20240917463771,PAY_FEE,47,MRU,8097,MERCHANT,COLLECTED,2024-09-17T15:24:19.527Z
2700,4926,TX20240903385040,TRF_FEE,50,MRU,6981,PLATFORM,COLLECTED,2024-09-03T20:32:46.558Z
2701,4927,TX20241121729365,SAL_FEE,2180,MRU,67,PLATFORM,COLLECTED,2024-11-21T13:36:37.095Z
2702,4928,TX20240502991362,PAY_FEE,18,MRU,5154,MERCHANT,COLLECTED,2024-05-02T06:26:56.290Z
2703,4929,TX20240830670772,WIT_FEE,50,MRU,4385,PLATFORM,COLLECTED,2024-08-30T07:22:36.840Z
2704,4932,TX20240926227349,PAY_FEE,15,MRU,7515,MERCHANT,COLLECTED,2024-09-26T13:48:32.211Z
2705,4939,TX20240912697371,PAY_FEE,119,MRU,10349,MERCHANT,COLLECTED,2024-09-12T07:32:26.921Z
2706,4940,TX20240615354866,TRF_FEE,50,MRU,5037,PLATFORM,COLLECTED,2024-06-15T20:19:15.773Z
2707,4941,TX20240204824973,WIT_FEE,50,MRU,6334,PLATFORM,COLLECTED,2024-02-04T06:54:42.335Z
2708,4944,TX20241124740654,SAL_FEE,1000,MRU,3449,PLATFORM,COLLECTED,2024-11-24T05:58:28.204Z
2709,4945,TX20240217681475,SAL_FEE,360,MRU,4787,PLATFORM,COLLECTED,2024-02-17T18:49:26.833Z
2710,4950,TX20240417979217,SAL_FEE,980,MRU,10828,PLATFORM,COLLECTED,2024-04-17T16:37:44.867Z
2711,4951,TX20241203048849,PAY_FEE,39,MRU,3128,MERCHANT,COLLECTED,2024-12-03T08:59:49.736Z
2712,4952,TX20241015504397,PAY_FEE,62,MRU,10386,MERCHANT,COLLECTED,2024-10-15T15:48:16.434Z
2713,4954,TX20241202567040,PAY_FEE,26,MRU,1783,MERCHANT,COLLECTED,2024-12-02T10:35:00.153Z
2714,4955,TX20240910632945,WIT_FEE,50,MRU,3082,PLATFORM,COLLECTED,2024-09-10T05:58:29.251Z
2715,4957,TX20241018197206,TRF_FEE,50,MRU,3764,PLATFORM,COLLECTED,2024-10-18T09:52:41.165Z
2716,4958,TX20240423349278,WIT_FEE,50,MRU,7468,PLATFORM,COLLECTED,2024-04-23T05:35:21.612Z
2717,4962,TX20240224335759,TRF_FEE,50,MRU,6797,PLATFORM,COLLECTED,2024-02-24T11:42:36.662Z
2718,4963,TX20240908970071,PAY_FEE,41,MRU,8171,MERCHANT,COLLECTED,2024-09-08T05:03:31.437Z
2719,4965,TX20240122555184,WIT_FEE,50,MRU,8396,PLATFORM,COLLECTED,2024-01-22T17:19:57.035Z
2720,4969,TX20240709643337,TRF_FEE,10,MRU,441,PLATFORM,COLLECTED,2024-07-09T13:27:26.984Z
2721,4970,TX20241125729078,WIT_FEE,50,MRU,9598,PLATFORM,COLLECTED,2024-11-25T10:50:26.819Z
2722,4971,TX20240322439328,WIT_FEE,180,MRU,10604,PLATFORM,COLLECTED,2024-03-22T17:55:26.071Z
2723,4974,TX20240325686354,TRF_FEE,25,MRU,1742,PLATFORM,COLLECTED,2024-03-25T14:17:48.443Z
2724,4975,TX20240316635959,WIT_FEE,200,MRU,1319,PLATFORM,COLLECTED,2024-03-16T13:21:26.038Z
2725,4977,TX20240926382148,PAY_FEE,270,MRU,298,MERCHANT,COLLECTED,2024-09-26T06:19:28.227Z
2726,4978,TX20240525747260,PAY_FEE,35,MRU,6600,MERCHANT,COLLECTED,2024-05-25T11:47:45.177Z
2727,4979,TX20240524125077,WIT_FEE,50,MRU,2569,PLATFORM,COLLECTED,2024-05-24T07:07:55.689Z
2728,4981,TX20240618781182,WIT_FEE,200,MRU,5839,PLATFORM,COLLECTED,2024-06-18T09:08:57.402Z
2729,4982,TX20240806767194,PAY_FEE,47,MRU,6309,MERCHANT,COLLECTED,2024-08-06T09:42:57.452Z
2730,4984,TX20240731281547,TRF_FEE,50,MRU,4475,PLATFORM,COLLECTED,2024-07-31T11:15:57.908Z
2731,4985,TX20241211876507,WIT_FEE,50,MRU,4174,PLATFORM,COLLECTED,2024-12-11T06:19:38.991Z
2732,4987,TX20241026736747,PAY_FEE,255,MRU,7009,MERCHANT,COLLECTED,2024-10-26T19:04:37.128Z
2733,4988,TX20240720210960,WIT_FEE,340,MRU,2846,PLATFORM,COLLECTED,2024-07-20T17:18:11.123Z
2734,4989,TX20240524262506,TRF_FEE,25,MRU,5436,PLATFORM,COLLECTED,2024-05-24T07:44:35.173Z
2735,4990,TX20240525734868,WIT_FEE,51,MRU,5423,PLATFORM,COLLECTED,2024-05-25T07:33:03.137Z
2736,4991,TX20240626709038,TRF_FEE,25,MRU,4626,PLATFORM,COLLECTED,2024-06-26T08:07:55.003Z
2737,4997,TX20240303180042,WIT_FEE,100,MRU,7734,PLATFORM,COLLECTED,2024-03-03T12:34:05.822Z
2738,4998,TX20241129249660,WIT_FEE,50,MRU,4,PLATFORM,COLLECTED,2024-11-29T05:38:28.071Z
2739,4999,TX20240723625073,TRF_FEE,25,MRU,6569,PLATFORM,COLLECTED,2024-07-23T13:40:10.554Z
2740,5001,TX20240206222091,WIT_FEE,50,MRU,10338,PLATFORM,COLLECTED,2024-02-06T06:14:07.197Z
2741,5003,TX20240212932320,PAY_FEE,59,MRU,2219,MERCHANT,COLLECTED,2024-02-12T03:45:41.124Z
2742,5004,TX20240402931234,WIT_FEE,260,MRU,4155,PLATFORM,COLLECTED,2024-04-02T09:44:14.667Z
2743,5005,TX20240917824318,PAY_FEE,27,MRU,7459,MERCHANT,COLLECTED,2024-09-17T10:08:32.942Z
2744,5006,TX20240703294446,PAY_FEE,210,MRU,10038,MERCHANT,COLLECTED,2024-07-03T07:21:29.552Z
2745,5007,TX20240425248771,TRF_FEE,50,MRU,9148,PLATFORM,COLLECTED,2024-04-25T12:46:19.841Z
2746,5011,TX20240405137432,WIT_FEE,56,MRU,6194,PLATFORM,COLLECTED,2024-04-05T07:35:01.432Z
2747,5012,TX20240127681850,WIT_FEE,50,MRU,3583,PLATFORM,COLLECTED,2024-01-27T09:04:08.558Z
2748,5013,TX20240214902931,PAY_FEE,14,MRU,4708,MERCHANT,COLLECTED,2024-02-14T10:19:05.253Z
2749,5014,TX20241005546977,PAY_FEE,30,MRU,4765,MERCHANT,COLLECTED,2024-10-05T08:40:27.093Z
2750,5015,TX20240228375861,WIT_FEE,50,MRU,9965,PLATFORM,COLLECTED,2024-02-28T13:00:14.421Z
2751,5016,TX20240914047811,TRF_FEE,50,MRU,1802,PLATFORM,COLLECTED,2024-09-14T14:51:48.915Z
2752,5017,TX20240317042593,TRF_FEE,25,MRU,4228,PLATFORM,COLLECTED,2024-03-17T13:15:11.061Z
2753,5018,TX20241222594071,TRF_FEE,10,MRU,3921,PLATFORM,COLLECTED,2024-12-22T06:41:06.314Z
2754,5020,TX20240325235427,WIT_FEE,50,MRU,4077,PLATFORM,COLLECTED,2024-03-25T10:16:16.712Z
2755,5022,TX20240402048569,TRF_FEE,25,MRU,10050,PLATFORM,COLLECTED,2024-04-02T04:48:20.295Z
2756,5023,TX20241023620088,TRF_FEE,25,MRU,321,PLATFORM,COLLECTED,2024-10-23T09:19:57.965Z
2757,5024,TX20241101068077,TRF_FEE,25,MRU,1131,PLATFORM,COLLECTED,2024-11-01T10:29:58.210Z
2758,5026,TX20240327574795,TRF_FEE,25,MRU,846,PLATFORM,COLLECTED,2024-03-27T11:21:03.131Z
2759,5027,TX20240124586282,PAY_FEE,15,MRU,7711,MERCHANT,COLLECTED,2024-01-24T16:48:12.754Z
2760,5028,TX20241027187237,WIT_FEE,50,MRU,9164,PLATFORM,COLLECTED,2024-10-27T20:12:48.408Z
2761,5031,TX20240524735045,TRF_FEE,50,MRU,10649,PLATFORM,COLLECTED,2024-05-24T19:38:39.051Z
2762,5032,TX20240510232211,PAY_FEE,143,MRU,1809,MERCHANT,COLLECTED,2024-05-10T05:01:03.875Z
2763,5033,TX20240908490022,WIT_FEE,310,MRU,2508,PLATFORM,COLLECTED,2024-09-08T04:27:56.780Z
2764,5034,TX20241220521088,WIT_FEE,100,MRU,8263,PLATFORM,COLLECTED,2024-12-20T12:26:10.676Z
2765,5036,TX20240918720386,TRF_FEE,10,MRU,6780,PLATFORM,COLLECTED,2024-09-18T20:16:47.578Z
2766,5037,TX20240120561560,WIT_FEE,200,MRU,7999,PLATFORM,COLLECTED,2024-01-20T15:55:40.799Z
2767,5038,TX20241113904557,TRF_FEE,50,MRU,10430,PLATFORM,COLLECTED,2024-11-13T08:30:58.694Z
2768,5039,TX20240601187815,TRF_FEE,50,MRU,790,PLATFORM,COLLECTED,2024-06-01T10:12:29.319Z
2769,5042,TX20240820599043,PAY_FEE,71,MRU,7603,MERCHANT,COLLECTED,2024-08-20T10:04:20.492Z
2770,5043,TX20240201176568,TRF_FEE,25,MRU,6429,PLATFORM,COLLECTED,2024-02-01T10:27:58.189Z
2771,5045,TX20240410183079,SAL_FEE,1745,MRU,914,PLATFORM,COLLECTED,2024-04-10T12:22:20.483Z
2772,5050,TX20240904429739,WIT_FEE,100,MRU,5538,PLATFORM,COLLECTED,2024-09-04T10:52:49.610Z
2773,5052,TX20240223836758,WIT_FEE,50,MRU,1369,PLATFORM,COLLECTED,2024-02-23T18:47:25.043Z
2774,5054,TX20240219509150,BIL_FEE,100,MRU,3869,PLATFORM,COLLECTED,2024-02-19T08:54:58.303Z
2775,5055,TX20240214768598,WIT_FEE,500,MRU,2856,PLATFORM,COLLECTED,2024-02-14T08:10:32.758Z
2776,5056,TX20241210644706,BIL_FEE,100,MRU,9731,PLATFORM,COLLECTED,2024-12-10T07:26:45.225Z
2777,5057,TX20240602695843,TRF_FEE,50,MRU,3142,PLATFORM,COLLECTED,2024-06-02T15:27:31.476Z
2778,5058,TX20240808252883,SAL_FEE,1165,MRU,454,PLATFORM,COLLECTED,2024-08-08T08:56:59.897Z
2779,5059,TX20241009619597,PAY_FEE,68,MRU,5463,MERCHANT,COLLECTED,2024-10-09T06:01:14.716Z
2780,5060,TX20240309382611,PAY_FEE,9,MRU,1837,MERCHANT,COLLECTED,2024-03-09T15:01:49.960Z
2781,5061,TX20240808015954,TRF_FEE,50,MRU,8971,PLATFORM,COLLECTED,2024-08-08T18:03:50.642Z
2782,5062,TX20240726670181,PAY_FEE,195,MRU,10480,MERCHANT,COLLECTED,2024-07-26T04:48:00.683Z
2783,5064,TX20241016608941,TRF_FEE,50,MRU,7899,PLATFORM,COLLECTED,2024-10-16T11:37:47.020Z
2784,5065,TX20240104360211,PAY_FEE,29,MRU,9685,MERCHANT,COLLECTED,2024-01-04T08:05:11.439Z
2785,5067,TX20241129081683,PAY_FEE,18,MRU,4667,MERCHANT,COLLECTED,2024-11-29T13:20:31.557Z
2786,5074,TX20240825921466,PAY_FEE,62,MRU,11015,MERCHANT,COLLECTED,2024-08-25T18:27:31.258Z
2787,5075,TX20240614647841,TRF_FEE,50,MRU,5612,PLATFORM,COLLECTED,2024-06-14T06:37:07.314Z
2788,5077,TX20240630507325,PAY_FEE,44,MRU,8887,MERCHANT,COLLECTED,2024-06-30T12:08:50.146Z
2789,5080,TX20240515935003,WIT_FEE,50,MRU,8606,PLATFORM,COLLECTED,2024-05-15T08:10:41.830Z
2790,5084,TX20240727205794,WIT_FEE,260,MRU,4583,PLATFORM,COLLECTED,2024-07-27T11:53:49.113Z
2791,5085,TX20241217041040,WIT_FEE,84,MRU,610,PLATFORM,COLLECTED,2024-12-17T08:11:23.396Z
2792,5086,TX20240701608728,TRF_FEE,50,MRU,3699,PLATFORM,COLLECTED,2024-07-01T06:39:14.412Z
2793,5088,TX20240616579840,TRF_FEE,25,MRU,1326,PLATFORM,COLLECTED,2024-06-16T09:04:28.284Z
2794,5089,TX20240101352769,WIT_FEE,50,MRU,8647,PLATFORM,COLLECTED,2024-01-01T14:23:51.682Z
2795,5090,TX20240317742469,BIL_FEE,100,MRU,9837,PLATFORM,COLLECTED,2024-03-17T09:58:11.513Z
2796,5091,TX20241211274987,TRF_FEE,25,MRU,6649,PLATFORM,COLLECTED,2024-12-11T17:59:37.495Z
2797,5093,TX20241027314343,PAY_FEE,56,MRU,10761,MERCHANT,COLLECTED,2024-10-27T09:45:13.581Z
2798,5096,TX20240529680331,TRF_FEE,50,MRU,259,PLATFORM,COLLECTED,2024-05-29T14:19:38.781Z
2799,5099,TX20241212404718,PAY_FEE,23,MRU,4083,MERCHANT,COLLECTED,2024-12-12T17:09:46.258Z
2800,5101,TX20241211857802,TRF_FEE,50,MRU,878,PLATFORM,COLLECTED,2024-12-11T06:56:13.600Z
2801,5102,TX20240625217956,PAY_FEE,15,MRU,7721,MERCHANT,COLLECTED,2024-06-25T11:59:26.135Z
2802,5104,TX20240716270124,TRF_FEE,50,MRU,4556,PLATFORM,COLLECTED,2024-07-16T11:04:57.802Z
2803,5106,TX20240120176226,TRF_FEE,10,MRU,3902,PLATFORM,COLLECTED,2024-01-20T18:12:26.349Z
2804,5108,TX20241126910102,TRF_FEE,25,MRU,2165,PLATFORM,COLLECTED,2024-11-26T20:11:27.600Z
2805,5109,TX20240118476722,PAY_FEE,126,MRU,3220,MERCHANT,COLLECTED,2024-01-18T16:35:50.874Z
2806,5110,TX20241114319186,PAY_FEE,51,MRU,2430,MERCHANT,COLLECTED,2024-11-14T18:20:35.410Z
2807,5111,TX20241007592154,WIT_FEE,50,MRU,6728,PLATFORM,COLLECTED,2024-10-07T09:01:15.377Z
2808,5114,TX20240629679285,TRF_FEE,25,MRU,3289,PLATFORM,COLLECTED,2024-06-29T07:18:23.733Z
2809,5115,TX20240414953050,TRF_FEE,50,MRU,9059,PLATFORM,COLLECTED,2024-04-14T07:08:28.344Z
2810,5118,TX20240213198201,PAY_FEE,32,MRU,320,MERCHANT,COLLECTED,2024-02-13T16:30:38.014Z
2811,5119,TX20240312812885,TRF_FEE,50,MRU,3701,PLATFORM,COLLECTED,2024-03-12T09:29:19.913Z
2812,5121,TX20241006894739,PAY_FEE,255,MRU,6167,MERCHANT,COLLECTED,2024-10-06T08:37:30.457Z
2813,5122,TX20240515650339,WIT_FEE,50,MRU,4351,PLATFORM,COLLECTED,2024-05-15T05:12:59.270Z
2814,5123,TX20241112023341,WIT_FEE,50,MRU,2932,PLATFORM,COLLECTED,2024-11-12T10:43:44.652Z
2815,5124,TX20240607961245,PAY_FEE,240,MRU,7093,MERCHANT,COLLECTED,2024-06-07T08:56:30.540Z
2816,5126,TX20240105129380,TRF_FEE,25,MRU,426,PLATFORM,COLLECTED,2024-01-05T21:49:59.199Z
2817,5127,TX20240630894127,WIT_FEE,50,MRU,7160,PLATFORM,COLLECTED,2024-06-30T12:07:00.601Z
2818,5128,TX20240711929963,WIT_FEE,50,MRU,2360,PLATFORM,COLLECTED,2024-07-11T05:28:00.972Z
2819,5133,TX20240221303525,TRF_FEE,25,MRU,2987,PLATFORM,COLLECTED,2024-02-21T13:54:19.458Z
2820,5134,TX20240310199749,TRF_FEE,25,MRU,3771,PLATFORM,COLLECTED,2024-03-10T09:41:48.116Z
2821,5136,TX20241110724335,TRF_FEE,50,MRU,6283,PLATFORM,COLLECTED,2024-11-10T12:20:51.996Z
2822,5137,TX20241002824442,PAY_FEE,47,MRU,373,MERCHANT,COLLECTED,2024-10-02T09:29:35.701Z
2823,5141,TX20240702494577,BIL_FEE,100,MRU,9481,PLATFORM,COLLECTED,2024-07-02T13:37:05.006Z
2824,5142,TX20240208330292,WIT_FEE,50,MRU,7198,PLATFORM,COLLECTED,2024-02-08T11:56:17.465Z
2825,5143,TX20241102751765,TRF_FEE,25,MRU,7383,PLATFORM,COLLECTED,2024-11-02T11:14:31.728Z
2826,5145,TX20240321807765,WIT_FEE,470,MRU,3837,PLATFORM,COLLECTED,2024-03-21T09:14:53.495Z
2827,5147,TX20240202372102,WIT_FEE,210,MRU,10160,PLATFORM,COLLECTED,2024-02-02T19:09:06.378Z
2828,5149,TX20240611067595,SAL_FEE,1130,MRU,4972,PLATFORM,COLLECTED,2024-06-11T13:28:15.267Z
2829,5150,TX20240414046994,TRF_FEE,25,MRU,5496,PLATFORM,COLLECTED,2024-04-14T06:22:47.676Z
2830,5151,TX20241004523833,WIT_FEE,50,MRU,5909,PLATFORM,COLLECTED,2024-10-04T10:03:01.068Z
2831,5153,TX20241208639247,BIL_FEE,100,MRU,7685,PLATFORM,COLLECTED,2024-12-08T07:12:42.115Z
2832,5154,TX20240615028655,PAY_FEE,30,MRU,7013,MERCHANT,COLLECTED,2024-06-15T08:08:19.104Z
2833,5157,TX20240314842574,TRF_FEE,25,MRU,1206,PLATFORM,COLLECTED,2024-03-14T08:59:38.899Z
2834,5160,TX20240629309060,TRF_FEE,50,MRU,10512,PLATFORM,COLLECTED,2024-06-29T07:42:19.063Z
2835,5162,TX20241230249759,PAY_FEE,18,MRU,1018,MERCHANT,COLLECTED,2024-12-30T19:51:35.860Z
2836,5164,TX20241127295065,WIT_FEE,50,MRU,5088,PLATFORM,COLLECTED,2024-11-27T21:45:51.360Z
2837,5165,TX20241007497001,TRF_FEE,10,MRU,3942,PLATFORM,COLLECTED,2024-10-07T10:50:13.006Z
2838,5166,TX20240730393995,TRF_FEE,50,MRU,3637,PLATFORM,COLLECTED,2024-07-30T07:53:47.590Z
2839,5169,TX20240421089393,SAL_FEE,1960,MRU,474,PLATFORM,COLLECTED,2024-04-21T06:37:56.477Z
2840,5170,TX20240613974802,TRF_FEE,25,MRU,9090,PLATFORM,COLLECTED,2024-06-13T11:26:38.620Z
2841,5171,TX20241201091944,WIT_FEE,50,MRU,1961,PLATFORM,COLLECTED,2024-12-01T07:25:38.099Z
2842,5172,TX20240207397810,TRF_FEE,10,MRU,9557,PLATFORM,COLLECTED,2024-02-07T07:57:23.677Z
2843,5173,TX20240810421642,TRF_FEE,25,MRU,8349,PLATFORM,COLLECTED,2024-08-10T18:06:01.651Z
2844,5174,TX20241127902842,TRF_FEE,10,MRU,6512,PLATFORM,COLLECTED,2024-11-27T09:37:17.680Z
2845,5175,TX20240710912133,TRF_FEE,25,MRU,4621,PLATFORM,COLLECTED,2024-07-10T15:48:04.862Z
2846,5178,TX20240527174863,PAY_FEE,144,MRU,4595,MERCHANT,COLLECTED,2024-05-27T14:49:17.573Z
2847,5179,TX20241004112613,TRF_FEE,25,MRU,5649,PLATFORM,COLLECTED,2024-10-04T12:21:38.037Z
2848,5180,TX20240609083691,WIT_FEE,100,MRU,5372,PLATFORM,COLLECTED,2024-06-09T09:11:24.215Z
2849,5181,TX20240402261064,TRF_FEE,50,MRU,4547,PLATFORM,COLLECTED,2024-04-02T09:55:48.583Z
2850,5184,TX20241010803683,TRF_FEE,50,MRU,3962,PLATFORM,COLLECTED,2024-10-10T17:23:45.097Z
2851,5185,TX20240618101492,PAY_FEE,59,MRU,6194,MERCHANT,COLLECTED,2024-06-18T09:19:29.991Z
2852,5186,TX20240508255663,PAY_FEE,13,MRU,7899,MERCHANT,COLLECTED,2024-05-08T18:22:25.071Z
2853,5189,TX20240309994506,BIL_FEE,100,MRU,8706,PLATFORM,COLLECTED,2024-03-09T15:27:36.127Z
2854,5191,TX20241106543445,WIT_FEE,100,MRU,6875,PLATFORM,COLLECTED,2024-11-06T06:04:14.450Z
2855,5192,TX20240403066959,TRF_FEE,25,MRU,10605,PLATFORM,COLLECTED,2024-04-03T15:32:25.501Z
2856,5194,TX20240405301465,WIT_FEE,50,MRU,1361,PLATFORM,COLLECTED,2024-04-05T11:58:59.972Z
2857,5195,TX20241012122447,SAL_FEE,2360,MRU,10314,PLATFORM,COLLECTED,2024-10-12T09:55:43.149Z
2858,5196,TX20240920013236,TRF_FEE,50,MRU,9563,PLATFORM,COLLECTED,2024-09-20T07:46:00.445Z
2859,5202,TX20240906457230,TRF_FEE,50,MRU,2341,PLATFORM,COLLECTED,2024-09-06T16:15:12.374Z
2860,5203,TX20240108711436,TRF_FEE,50,MRU,5922,PLATFORM,COLLECTED,2024-01-08T10:39:07.132Z
2861,5204,TX20241223903464,TRF_FEE,50,MRU,2705,PLATFORM,COLLECTED,2024-12-23T07:24:24.129Z
2862,5205,TX20240825023592,TRF_FEE,25,MRU,7814,PLATFORM,COLLECTED,2024-08-25T08:05:33.368Z
2863,5206,TX20240107113571,WIT_FEE,340,MRU,7617,PLATFORM,COLLECTED,2024-01-07T08:58:12.998Z
2864,5207,TX20240317584521,PAY_FEE,9,MRU,5245,MERCHANT,COLLECTED,2024-03-17T10:57:01.293Z
2865,5212,TX20240623964810,TRF_FEE,25,MRU,7691,PLATFORM,COLLECTED,2024-06-23T06:00:17.034Z
2866,5213,TX20240902328628,TRF_FEE,50,MRU,5463,PLATFORM,COLLECTED,2024-09-02T07:33:35.652Z
2867,5214,TX20240113097486,PAY_FEE,62,MRU,8256,MERCHANT,COLLECTED,2024-01-13T14:57:42.090Z
2868,5218,TX20240504839319,WIT_FEE,76,MRU,10266,PLATFORM,COLLECTED,2024-05-04T15:14:40.375Z
2869,5219,TX20240613126739,PAY_FEE,26,MRU,638,MERCHANT,COLLECTED,2024-06-13T07:32:56.676Z
2870,5220,TX20240307956497,TRF_FEE,25,MRU,5746,PLATFORM,COLLECTED,2024-03-07T10:29:33.910Z
2871,5221,TX20241009884288,TRF_FEE,50,MRU,10543,PLATFORM,COLLECTED,2024-10-09T09:50:49.337Z
2872,5223,TX20240825189696,PAY_FEE,14,MRU,3082,MERCHANT,COLLECTED,2024-08-25T09:15:57.873Z
2873,5224,TX20240728722813,WIT_FEE,50,MRU,9651,PLATFORM,COLLECTED,2024-07-28T16:46:04.617Z
2874,5225,TX20240228822781,WIT_FEE,50,MRU,7983,PLATFORM,COLLECTED,2024-02-28T14:01:25.559Z
2875,5227,TX20240214347050,PAY_FEE,14,MRU,4708,MERCHANT,COLLECTED,2024-02-14T10:19:05.253Z
2876,5228,TX20240330332369,PAY_FEE,7,MRU,3237,MERCHANT,COLLECTED,2024-03-30T15:27:05.430Z
2877,5230,TX20240914696777,TRF_FEE,50,MRU,1802,PLATFORM,COLLECTED,2024-09-14T14:51:48.915Z
2878,5232,TX20240118301359,SAL_FEE,1575,MRU,3152,PLATFORM,COLLECTED,2024-01-18T15:06:18.353Z
2879,5234,TX20240325488006,WIT_FEE,50,MRU,4077,PLATFORM,COLLECTED,2024-03-25T10:16:16.712Z
2880,5235,TX20240423118818,TRF_FEE,10,MRU,10328,PLATFORM,COLLECTED,2024-04-23T11:50:06.902Z
2881,5237,TX20240501825153,WIT_FEE,50,MRU,5159,PLATFORM,COLLECTED,2024-05-01T19:57:01.970Z
2882,5238,TX20241222954320,TRF_FEE,10,MRU,2484,PLATFORM,COLLECTED,2024-12-22T08:06:15.391Z
2883,5239,TX20240504522261,TRF_FEE,50,MRU,8686,PLATFORM,COLLECTED,2024-05-04T17:25:22.179Z
2884,5242,TX20241029636232,TRF_FEE,50,MRU,10009,PLATFORM,COLLECTED,2024-10-29T08:25:19.175Z
2885,5244,TX20240925662432,WIT_FEE,50,MRU,4830,PLATFORM,COLLECTED,2024-09-25T14:29:13.812Z
2886,5246,TX20240229174186,PAY_FEE,165,MRU,2578,MERCHANT,COLLECTED,2024-02-29T14:26:45.956Z
2887,5247,TX20240323541436,PAY_FEE,24,MRU,4723,MERCHANT,COLLECTED,2024-03-23T16:39:19.287Z
2888,5248,TX20240305330825,TRF_FEE,50,MRU,10578,PLATFORM,COLLECTED,2024-03-05T15:44:24.819Z
2889,5250,TX20241224720386,PAY_FEE,24,MRU,698,MERCHANT,COLLECTED,2024-12-24T09:47:34.613Z
2890,5251,TX20240120176326,WIT_FEE,100,MRU,7999,PLATFORM,COLLECTED,2024-01-20T15:55:40.799Z
2891,5252,TX20240315904557,PAY_FEE,23,MRU,9970,MERCHANT,COLLECTED,2024-03-15T13:58:41.945Z
2892,5253,TX20240601041111,TRF_FEE,50,MRU,790,PLATFORM,COLLECTED,2024-06-01T10:12:29.319Z
2893,5254,TX20241219016409,BIL_FEE,100,MRU,6243,PLATFORM,COLLECTED,2024-12-19T07:16:46.567Z
2894,5255,TX20240209892121,PAY_FEE,17,MRU,9813,MERCHANT,COLLECTED,2024-02-09T14:43:49.461Z
2895,5257,TX20240201331370,TRF_FEE,25,MRU,6429,PLATFORM,COLLECTED,2024-02-01T10:27:58.189Z
2896,5259,TX20240410566535,SAL_FEE,1745,MRU,914,PLATFORM,COLLECTED,2024-04-10T12:22:20.483Z
2897,5260,TX20240323618345,TRF_FEE,50,MRU,2019,PLATFORM,COLLECTED,2024-03-23T11:59:32.050Z
2898,5263,TX20240228357291,WIT_FEE,53,MRU,10199,PLATFORM,COLLECTED,2024-02-28T14:04:08.119Z
2899,5264,TX20240701795894,TRF_FEE,25,MRU,10740,PLATFORM,COLLECTED,2024-07-01T12:38:55.826Z
2900,5265,TX20240209277742,TRF_FEE,50,MRU,3980,PLATFORM,COLLECTED,2024-02-09T05:07:41.349Z
2901,5271,TX20240921920609,TRF_FEE,10,MRU,7317,PLATFORM,COLLECTED,2024-09-21T10:31:28.283Z
2902,5272,TX20240423016008,TRF_FEE,50,MRU,4488,PLATFORM,COLLECTED,2024-04-23T18:59:53.041Z
2903,5274,TX20240108305925,TRF_FEE,25,MRU,931,PLATFORM,COLLECTED,2024-01-08T17:57:09.325Z
2904,5276,TX20240110390750,TRF_FEE,25,MRU,685,PLATFORM,COLLECTED,2024-01-10T17:00:41.950Z
2905,5278,TX20240616608941,PAY_FEE,38,MRU,4404,MERCHANT,COLLECTED,2024-06-16T13:47:01.716Z
2906,5279,TX20240104838728,PAY_FEE,29,MRU,9685,MERCHANT,COLLECTED,2024-01-04T08:05:11.439Z
2907,5280,TX20241027881806,TRF_FEE,50,MRU,2267,PLATFORM,COLLECTED,2024-10-27T22:49:39.099Z
2908,5281,TX20240720086505,BIL_FEE,100,MRU,4446,PLATFORM,COLLECTED,2024-07-20T09:31:33.421Z
2909,5284,TX20241219495194,PAY_FEE,63,MRU,795,MERCHANT,COLLECTED,2024-12-19T14:44:25.417Z
2910,5285,TX20240122023506,WIT_FEE,56,MRU,10085,PLATFORM,COLLECTED,2024-01-22T11:59:32.263Z
2911,5286,TX20240327879069,TRF_FEE,50,MRU,949,PLATFORM,COLLECTED,2024-03-27T08:01:19.417Z
2912,5287,TX20241008451596,TRF_FEE,25,MRU,6783,PLATFORM,COLLECTED,2024-10-08T18:35:29.744Z
2913,5288,TX20240404560172,TRF_FEE,50,MRU,1798,PLATFORM,COLLECTED,2024-04-04T21:51:48.110Z
2914,5291,TX20240223400288,PAY_FEE,39,MRU,7932,MERCHANT,COLLECTED,2024-02-23T17:03:56.233Z
2915,5292,TX20240807471108,TRF_FEE,25,MRU,5409,PLATFORM,COLLECTED,2024-08-07T09:40:09.608Z
2916,5293,TX20241218329198,WIT_FEE,50,MRU,3233,PLATFORM,COLLECTED,2024-12-18T16:27:29.460Z
2917,5294,TX20240309271879,PAY_FEE,71,MRU,6310,MERCHANT,COLLECTED,2024-03-09T19:24:14.889Z
2918,5295,TX20241129160081,WIT_FEE,50,MRU,1850,PLATFORM,COLLECTED,2024-11-29T16:08:58.390Z
2919,5298,TX20241026205794,BIL_FEE,100,MRU,9858,PLATFORM,COLLECTED,2024-10-26T06:24:50.589Z
2920,5299,TX20241217366333,WIT_FEE,59,MRU,610,PLATFORM,COLLECTED,2024-12-17T08:11:23.396Z
2921,5300,TX20240127387342,TRF_FEE,50,MRU,2639,PLATFORM,COLLECTED,2024-01-27T15:14:24.333Z
2922,5302,TX20240917109745,TRF_FEE,50,MRU,5240,PLATFORM,COLLECTED,2024-09-17T12:27:19.076Z
2923,5303,TX20240925764223,WIT_FEE,69,MRU,9513,PLATFORM,COLLECTED,2024-09-25T09:00:36.388Z
2924,5304,TX20241122016662,TRF_FEE,50,MRU,5681,PLATFORM,COLLECTED,2024-11-22T08:17:58.185Z
2925,5307,TX20240328300695,PAY_FEE,24,MRU,2128,MERCHANT,COLLECTED,2024-03-28T16:13:34.977Z
2926,5308,TX20240928967530,PAY_FEE,56,MRU,8911,MERCHANT,COLLECTED,2024-09-28T09:02:56.146Z
2927,5309,TX20240608077013,TRF_FEE,50,MRU,313,PLATFORM,COLLECTED,2024-06-08T08:27:05.255Z
2928,5310,TX20240429064700,TRF_FEE,25,MRU,555,PLATFORM,COLLECTED,2024-04-29T14:46:01.679Z
2929,5314,TX20241206973920,WIT_FEE,50,MRU,5463,PLATFORM,COLLECTED,2024-12-06T08:57:34.749Z
2930,5316,TX20241215418805,PAY_FEE,68,MRU,2420,MERCHANT,COLLECTED,2024-12-15T09:31:44.106Z
2931,5318,TX20240530823271,PAY_FEE,225,MRU,10298,MERCHANT,COLLECTED,2024-05-30T13:07:03.971Z
2932,5319,TX20240501941442,WIT_FEE,50,MRU,6659,PLATFORM,COLLECTED,2024-05-01T20:21:27.664Z
2933,5320,TX20240508018076,WIT_FEE,50,MRU,7785,PLATFORM,COLLECTED,2024-05-08T08:28:49.219Z
2934,5321,TX20240602543208,TRF_FEE,25,MRU,1370,PLATFORM,COLLECTED,2024-06-02T12:03:21.713Z
2935,5323,TX20241105755018,TRF_FEE,25,MRU,1337,PLATFORM,COLLECTED,2024-11-05T18:17:43.828Z
2936,5324,TX20240530374993,TRF_FEE,25,MRU,1246,PLATFORM,COLLECTED,2024-05-30T07:00:18.995Z
2937,5325,TX20240517407193,WIT_FEE,50,MRU,9397,PLATFORM,COLLECTED,2024-05-17T13:10:10.621Z
2938,5327,TX20241101077836,WIT_FEE,50,MRU,3412,PLATFORM,COLLECTED,2024-11-01T05:35:31.507Z
2939,5328,TX20240924440657,WIT_FEE,50,MRU,7539,PLATFORM,COLLECTED,2024-09-24T08:24:44.901Z
2940,5330,TX20241122140570,TRF_FEE,25,MRU,388,PLATFORM,COLLECTED,2024-11-22T08:23:28.900Z
2941,5331,TX20240621753322,PAY_FEE,135,MRU,421,MERCHANT,COLLECTED,2024-06-21T06:13:18.552Z
2942,5332,TX20240106602670,TRF_FEE,25,MRU,7819,PLATFORM,COLLECTED,2024-01-06T05:14:24.203Z
2943,5333,TX20240501866620,BIL_FEE,100,MRU,10542,PLATFORM,COLLECTED,2024-05-01T09:47:59.454Z
2944,5334,TX20240907378768,TRF_FEE,10,MRU,7004,PLATFORM,COLLECTED,2024-09-07T09:28:19.480Z
2945,5338,TX20241209872061,WIT_FEE,100,MRU,8507,PLATFORM,COLLECTED,2024-12-09T13:32:38.269Z
2946,5341,TX20240718894127,TRF_FEE,25,MRU,5583,PLATFORM,COLLECTED,2024-07-18T06:00:36.649Z
2947,5342,TX20240711244402,WIT_FEE,50,MRU,2360,PLATFORM,COLLECTED,2024-07-11T05:28:00.972Z
2948,5344,TX20240219953980,TRF_FEE,50,MRU,3643,PLATFORM,COLLECTED,2024-02-18T23:08:12.141Z
2949,5346,TX20240902381036,PAY_FEE,72,MRU,5489,MERCHANT,COLLECTED,2024-09-02T10:03:18.110Z
2950,5347,TX20240304329217,SAL_FEE,1490,MRU,1548,PLATFORM,COLLECTED,2024-03-04T11:16:34.469Z
2951,5348,TX20240806806413,TRF_FEE,25,MRU,2893,PLATFORM,COLLECTED,2024-08-06T11:10:16.329Z
2952,5351,TX20241025490517,PAY_FEE,360,MRU,663,MERCHANT,COLLECTED,2024-10-25T09:49:28.913Z
2953,5355,TX20241121494577,SAL_FEE,2180,MRU,67,PLATFORM,COLLECTED,2024-11-21T13:36:37.095Z
2954,5356,TX20240208915236,WIT_FEE,50,MRU,7198,PLATFORM,COLLECTED,2024-02-08T11:56:17.465Z
2955,5358,TX20240215594672,TRF_FEE,50,MRU,9385,PLATFORM,COLLECTED,2024-02-15T16:51:47.830Z
2956,5360,TX20240926965063,PAY_FEE,15,MRU,7515,MERCHANT,COLLECTED,2024-09-26T13:48:32.211Z
2957,5361,TX20240922909702,PAY_FEE,44,MRU,10238,MERCHANT,COLLECTED,2024-09-22T10:34:21.088Z
2958,5363,TX20240107391069,TRF_FEE,25,MRU,10776,PLATFORM,COLLECTED,2024-01-07T15:39:51.818Z
2959,5364,TX20240829340510,WIT_FEE,100,MRU,4137,PLATFORM,COLLECTED,2024-08-29T10:34:17.130Z
2960,5365,TX20240619720097,TRF_FEE,50,MRU,705,PLATFORM,COLLECTED,2024-06-19T17:14:45.449Z
2961,5366,TX20240508122220,TRF_FEE,25,MRU,1112,PLATFORM,COLLECTED,2024-05-08T09:43:56.688Z
2962,5367,TX20241202639247,TRF_FEE,25,MRU,1269,PLATFORM,COLLECTED,2024-12-02T19:07:12.707Z
2963,5368,TX20240615031025,PAY_FEE,30,MRU,7013,MERCHANT,COLLECTED,2024-06-15T08:08:19.104Z
2964,5369,TX20240502223832,PAY_FEE,32,MRU,5267,MERCHANT,COLLECTED,2024-05-02T13:48:38.017Z
2965,5373,TX20240905476823,PAY_FEE,68,MRU,1812,MERCHANT,COLLECTED,2024-09-05T03:14:59.944Z
2966,5374,TX20240320309060,TRF_FEE,25,MRU,9962,PLATFORM,COLLECTED,2024-03-20T15:19:03.953Z
2967,5380,TX20240207213731,TRF_FEE,50,MRU,2281,PLATFORM,COLLECTED,2024-02-07T13:09:41.580Z
2968,5382,TX20240726897572,PAY_FEE,13,MRU,2771,MERCHANT,COLLECTED,2024-07-26T15:29:50.024Z
2969,5383,TX20240421558555,SAL_FEE,1960,MRU,474,PLATFORM,COLLECTED,2024-04-21T06:37:56.477Z
2970,5384,TX20240626244252,TRF_FEE,25,MRU,8666,PLATFORM,COLLECTED,2024-06-26T10:38:37.823Z
2971,5386,TX20240509660858,TRF_FEE,25,MRU,10584,PLATFORM,COLLECTED,2024-05-09T13:40:06.073Z
2972,5387,TX20241019181717,TRF_FEE,50,MRU,294,PLATFORM,COLLECTED,2024-10-19T13:36:56.110Z
2973,5388,TX20240626253666,PAY_FEE,270,MRU,3169,MERCHANT,COLLECTED,2024-06-26T13:54:17.629Z
2974,5389,TX20240211449856,PAY_FEE,65,MRU,8966,MERCHANT,COLLECTED,2024-02-11T11:29:31.723Z
2975,5391,TX20241020516593,WIT_FEE,50,MRU,5898,PLATFORM,COLLECTED,2024-10-20T05:58:07.202Z
2976,5393,TX20240802743032,TRF_FEE,25,MRU,412,PLATFORM,COLLECTED,2024-08-02T15:33:21.642Z
2977,5394,TX20240324669528,WIT_FEE,50,MRU,2394,PLATFORM,COLLECTED,2024-03-24T11:22:11.408Z
2978,5397,TX20240226990299,TRF_FEE,25,MRU,528,PLATFORM,COLLECTED,2024-02-26T05:08:47.124Z
2979,5399,TX20240526179751,TRF_FEE,50,MRU,3600,PLATFORM,COLLECTED,2024-05-26T10:48:27.391Z
2980,5402,TX20240123001787,WIT_FEE,50,MRU,8596,PLATFORM,COLLECTED,2024-01-23T06:41:47.291Z
2981,5404,TX20240801028033,TRF_FEE,50,MRU,8465,PLATFORM,COLLECTED,2024-08-01T07:54:40.737Z
2982,5405,TX20240519543445,WIT_FEE,50,MRU,4985,PLATFORM,COLLECTED,2024-05-19T16:03:04.245Z
2983,5406,TX20240403040573,TRF_FEE,25,MRU,10605,PLATFORM,COLLECTED,2024-04-03T15:32:25.501Z
2984,5407,TX20240501318558,WIT_FEE,50,MRU,8493,PLATFORM,COLLECTED,2024-05-01T06:39:14.531Z
2985,5408,TX20241230301465,SAL_FEE,270,MRU,2110,PLATFORM,COLLECTED,2024-12-30T20:07:58.612Z
2986,5409,TX20241012338581,SAL_FEE,2360,MRU,10314,PLATFORM,COLLECTED,2024-10-12T09:55:43.149Z
2987,5410,TX20240304013236,PAY_FEE,57,MRU,2144,MERCHANT,COLLECTED,2024-03-04T16:00:26.866Z
2988,5412,TX20241004762123,PAY_FEE,69,MRU,5870,MERCHANT,COLLECTED,2024-10-04T08:58:50.625Z
2989,5414,TX20240510676014,WIT_FEE,50,MRU,8740,PLATFORM,COLLECTED,2024-05-10T10:04:24.983Z
2990,5415,TX20241015038724,PAY_FEE,26,MRU,2855,MERCHANT,COLLECTED,2024-10-15T09:44:14.536Z
2991,5416,TX20241027545313,TRF_FEE,25,MRU,9956,PLATFORM,COLLECTED,2024-10-27T09:12:22.210Z
2992,5418,TX20240210108825,SAL_FEE,2320,MRU,8102,PLATFORM,COLLECTED,2024-02-10T11:24:07.244Z
2993,5425,TX20241125979942,PAY_FEE,108,MRU,912,MERCHANT,COLLECTED,2024-11-25T10:10:28.571Z
2994,5427,TX20240829652736,TRF_FEE,25,MRU,6191,PLATFORM,COLLECTED,2024-08-29T06:20:56.671Z
2995,5429,TX20241221937608,PAY_FEE,81,MRU,1105,MERCHANT,COLLECTED,2024-12-21T14:09:00.226Z
2996,5431,TX20240117503212,TRF_FEE,50,MRU,1287,PLATFORM,COLLECTED,2024-01-17T18:30:35.871Z
2997,5433,TX20241012058571,TRF_FEE,50,MRU,7861,PLATFORM,COLLECTED,2024-10-12T04:54:01.804Z
2998,5434,TX20241205048284,TRF_FEE,10,MRU,2005,PLATFORM,COLLECTED,2024-12-05T12:58:47.504Z
2999,5435,TX20241014141459,TRF_FEE,50,MRU,8544,PLATFORM,COLLECTED,2024-10-14T06:30:18.517Z
3000,5436,TX20241013253952,WIT_FEE,50,MRU,5642,PLATFORM,COLLECTED,2024-10-13T16:05:11.635Z
3001,5439,TX20240228846295,WIT_FEE,50,MRU,7983,PLATFORM,COLLECTED,2024-02-28T14:01:25.559Z
3002,5440,TX20240129919655,WIT_FEE,50,MRU,3941,PLATFORM,COLLECTED,2024-01-29T07:33:19.448Z
3003,5441,TX20240501144951,WIT_FEE,50,MRU,1347,PLATFORM,COLLECTED,2024-05-01T06:15:25.028Z
3004,5442,TX20240204009925,TRF_FEE,25,MRU,7356,PLATFORM,COLLECTED,2024-02-04T11:17:37.094Z
3005,5443,TX20241125884945,TRF_FEE,25,MRU,2461,PLATFORM,COLLECTED,2024-11-25T10:01:07.879Z
3006,5444,TX20241130677717,PAY_FEE,7,MRU,7746,MERCHANT,COLLECTED,2024-11-30T08:56:50.640Z
3007,5445,TX20240310394072,WIT_FEE,50,MRU,1730,PLATFORM,COLLECTED,2024-03-10T06:22:41.721Z
3008,5448,TX20240408126372,WIT_FEE,50,MRU,3401,PLATFORM,COLLECTED,2024-04-08T15:22:54.086Z
3009,5449,TX20241104581127,TRF_FEE,50,MRU,6790,PLATFORM,COLLECTED,2024-11-04T07:54:56.129Z
3010,5451,TX20240501991147,WIT_FEE,50,MRU,5159,PLATFORM,COLLECTED,2024-05-01T19:57:01.970Z
3011,5452,TX20240317431494,SAL_FEE,1445,MRU,2744,PLATFORM,COLLECTED,2024-03-17T07:15:23.223Z
3012,5453,TX20240523621545,SAL_FEE,655,MRU,4066,PLATFORM,COLLECTED,2024-05-23T12:20:53.422Z
3013,5454,TX20240729810241,TRF_FEE,50,MRU,1450,PLATFORM,COLLECTED,2024-07-29T08:26:21.065Z
3014,5455,TX20241004548377,WIT_FEE,300,MRU,8328,PLATFORM,COLLECTED,2024-10-04T05:47:48.205Z
3015,5460,TX20241211572993,BIL_FEE,100,MRU,328,PLATFORM,COLLECTED,2024-12-11T17:43:21.041Z
3016,5461,TX20240907328919,TRF_FEE,50,MRU,217,PLATFORM,COLLECTED,2024-09-07T08:15:16.688Z
3017,5463,TX20240622985011,WIT_FEE,50,MRU,10423,PLATFORM,COLLECTED,2024-06-22T05:04:35.465Z
3018,5464,TX20241016288873,WIT_FEE,50,MRU,8768,PLATFORM,COLLECTED,2024-10-16T12:43:58.275Z
3019,5465,TX20240522327848,TRF_FEE,25,MRU,8832,PLATFORM,COLLECTED,2024-05-22T05:40:55.682Z
3020,5469,TX20240922423685,TRF_FEE,50,MRU,2059,PLATFORM,COLLECTED,2024-09-22T16:27:53.388Z
3021,5470,TX20240614762732,TRF_FEE,25,MRU,7069,PLATFORM,COLLECTED,2024-06-14T06:20:29.689Z
3022,5471,TX20240614908865,WIT_FEE,120,MRU,6238,PLATFORM,COLLECTED,2024-06-14T20:11:34.981Z
3023,5473,TX20240504530397,WIT_FEE,50,MRU,7274,PLATFORM,COLLECTED,2024-05-04T11:05:39.979Z
3024,5475,TX20240407973680,PAY_FEE,53,MRU,4159,MERCHANT,COLLECTED,2024-04-07T20:48:27.376Z
3025,5476,TX20240911122211,TRF_FEE,50,MRU,6595,PLATFORM,COLLECTED,2024-09-11T05:58:13.140Z
3026,5477,TX20241010334249,BIL_FEE,100,MRU,4142,PLATFORM,COLLECTED,2024-10-10T07:04:51.126Z
3027,5478,TX20240821103291,TRF_FEE,50,MRU,4758,PLATFORM,COLLECTED,2024-08-21T18:49:58.061Z
3028,5482,TX20240420950201,SAL_FEE,1395,MRU,4276,PLATFORM,COLLECTED,2024-04-20T09:06:12.606Z
3029,5485,TX20240622450780,TRF_FEE,50,MRU,8638,PLATFORM,COLLECTED,2024-06-22T08:39:13.601Z
3030,5489,TX20240822683817,PAY_FEE,165,MRU,4026,MERCHANT,COLLECTED,2024-08-22T16:34:59.303Z
3031,5490,TX20240110943572,TRF_FEE,25,MRU,685,PLATFORM,COLLECTED,2024-01-10T17:00:41.950Z
3032,5491,TX20240818051038,WIT_FEE,50,MRU,7356,PLATFORM,COLLECTED,2024-08-18T07:02:54.638Z
3033,5495,TX20241129162177,PAY_FEE,18,MRU,4667,MERCHANT,COLLECTED,2024-11-29T13:20:31.557Z
3034,5496,TX20240720264340,BIL_FEE,100,MRU,9399,PLATFORM,COLLECTED,2024-07-20T07:56:44.165Z
3035,5497,TX20240319332889,WIT_FEE,50,MRU,519,PLATFORM,COLLECTED,2024-03-19T13:52:12.626Z
3036,5499,TX20240122919125,WIT_FEE,56,MRU,10085,PLATFORM,COLLECTED,2024-01-22T11:59:32.263Z
3037,5500,TX20240220012040,WIT_FEE,86,MRU,10845,PLATFORM,COLLECTED,2024-02-20T05:19:25.086Z
3038,5506,TX20240901935276,WIT_FEE,100,MRU,8055,PLATFORM,COLLECTED,2024-09-01T07:36:29.791Z
3039,5507,TX20240617329198,PAY_FEE,42,MRU,7910,MERCHANT,COLLECTED,2024-06-17T11:27:17.865Z
3040,5508,TX20240309402286,PAY_FEE,71,MRU,6310,MERCHANT,COLLECTED,2024-03-09T19:24:14.889Z
3041,5510,TX20240423687036,PAY_FEE,210,MRU,5332,MERCHANT,COLLECTED,2024-04-23T18:08:18.133Z
3042,5512,TX20241118245174,TRF_FEE,25,MRU,6520,PLATFORM,COLLECTED,2024-11-18T17:06:24.839Z
3043,5515,TX20241217259367,WIT_FEE,50,MRU,10056,PLATFORM,COLLECTED,2024-12-17T10:22:04.052Z
3044,5519,TX20240216488748,TRF_FEE,25,MRU,6848,PLATFORM,COLLECTED,2024-02-16T13:56:49.991Z
3045,5521,TX20240912885983,PAY_FEE,18,MRU,6432,MERCHANT,COLLECTED,2024-09-12T16:14:45.220Z
3046,5522,TX20241004898089,TRF_FEE,50,MRU,10423,PLATFORM,COLLECTED,2024-10-04T15:44:18.039Z
3047,5523,TX20240807077013,TRF_FEE,50,MRU,2833,PLATFORM,COLLECTED,2024-08-07T10:14:27.093Z
3048,5524,TX20240429644570,TRF_FEE,25,MRU,555,PLATFORM,COLLECTED,2024-04-29T14:46:01.679Z
3049,5525,TX20240619080554,WIT_FEE,470,MRU,80,PLATFORM,COLLECTED,2024-06-19T06:11:17.939Z
3050,5526,TX20240606980669,WIT_FEE,50,MRU,1725,PLATFORM,COLLECTED,2024-06-06T18:24:34.545Z
3051,5529,TX20240130967874,TRF_FEE,50,MRU,829,PLATFORM,COLLECTED,2024-01-30T20:25:23.857Z
3052,5532,TX20240811697866,TRF_FEE,50,MRU,2991,PLATFORM,COLLECTED,2024-08-11T06:03:58.933Z
3053,5533,TX20240508584347,SAL_FEE,1790,MRU,1278,PLATFORM,COLLECTED,2024-05-08T10:39:36.564Z
3054,5535,TX20240819109847,TRF_FEE,25,MRU,567,PLATFORM,COLLECTED,2024-08-19T04:26:25.539Z
3055,5536,TX20240807070090,TRF_FEE,25,MRU,3015,PLATFORM,COLLECTED,2024-08-07T07:56:24.600Z
3056,5537,TX20241105201826,TRF_FEE,25,MRU,1337,PLATFORM,COLLECTED,2024-11-05T18:17:43.828Z
3057,5539,TX20240517289632,WIT_FEE,50,MRU,9397,PLATFORM,COLLECTED,2024-05-17T13:10:10.621Z
3058,5542,TX20240924060150,WIT_FEE,50,MRU,7539,PLATFORM,COLLECTED,2024-09-24T08:24:44.901Z
3059,5543,TX20241026322122,WIT_FEE,110,MRU,7061,PLATFORM,COLLECTED,2024-10-26T13:10:48.883Z
3060,5547,TX20241016136341,WIT_FEE,78,MRU,8974,PLATFORM,COLLECTED,2024-10-16T20:27:57.905Z
3061,5548,TX20240819314469,TRF_FEE,25,MRU,10691,PLATFORM,COLLECTED,2024-08-19T07:35:25.537Z
3062,5549,TX20241105433487,TRF_FEE,25,MRU,5989,PLATFORM,COLLECTED,2024-11-05T10:02:53.061Z
3063,5551,TX20240119291689,TRF_FEE,25,MRU,253,PLATFORM,COLLECTED,2024-01-19T05:51:26.292Z
3064,5552,TX20240408494018,TRF_FEE,25,MRU,10509,PLATFORM,COLLECTED,2024-04-08T15:27:40.961Z
3065,5554,TX20240313141590,SAL_FEE,750,MRU,2138,PLATFORM,COLLECTED,2024-03-13T06:07:31.416Z
3066,5556,TX20240426929963,TRF_FEE,10,MRU,10719,PLATFORM,COLLECTED,2024-04-26T12:03:28.005Z
3067,5558,TX20240219440417,TRF_FEE,50,MRU,3643,PLATFORM,COLLECTED,2024-02-18T23:08:12.141Z
3068,5559,TX20240524532576,PAY_FEE,10,MRU,7932,MERCHANT,COLLECTED,2024-05-24T20:32:28.070Z
3069,5561,TX20240620303525,TRF_FEE,25,MRU,5073,PLATFORM,COLLECTED,2024-06-20T07:33:54.329Z
3070,5562,TX20240310254683,TRF_FEE,25,MRU,3771,PLATFORM,COLLECTED,2024-03-10T09:41:48.116Z
3071,5564,TX20240620129529,PAY_FEE,63,MRU,4672,MERCHANT,COLLECTED,2024-06-20T09:51:59.567Z
3072,5568,TX20240406596595,WIT_FEE,50,MRU,2219,PLATFORM,COLLECTED,2024-04-06T14:00:51.385Z
3073,5569,TX20241105125867,WIT_FEE,50,MRU,453,PLATFORM,COLLECTED,2024-11-05T16:29:16.224Z
3074,5572,TX20241030922991,PAY_FEE,180,MRU,6373,MERCHANT,COLLECTED,2024-10-30T17:52:04.938Z
3075,5574,TX20240318035851,TRF_FEE,50,MRU,2242,PLATFORM,COLLECTED,2024-03-18T15:59:10.680Z
3076,5575,TX20240202358128,WIT_FEE,100,MRU,10160,PLATFORM,COLLECTED,2024-02-02T19:09:06.378Z
3077,5576,TX20241030902735,PAY_FEE,47,MRU,2216,MERCHANT,COLLECTED,2024-10-30T11:33:01.991Z
3078,5577,TX20241223542421,PAY_FEE,32,MRU,2964,MERCHANT,COLLECTED,2024-12-23T11:34:28.251Z
3079,5578,TX20240217927014,WIT_FEE,50,MRU,3613,PLATFORM,COLLECTED,2024-02-17T10:47:40.496Z
3080,5579,TX20240613518395,PAY_FEE,56,MRU,3052,MERCHANT,COLLECTED,2024-06-13T05:01:04.533Z
3081,5580,TX20241207785272,PAY_FEE,78,MRU,858,MERCHANT,COLLECTED,2024-12-07T15:06:56.483Z
3082,5581,TX20241208835100,BIL_FEE,100,MRU,7685,PLATFORM,COLLECTED,2024-12-08T07:12:42.115Z
3083,5583,TX20240727584158,WIT_FEE,50,MRU,5815,PLATFORM,COLLECTED,2024-07-27T16:38:01.476Z
3084,5584,TX20241219784430,PAY_FEE,39,MRU,4373,MERCHANT,COLLECTED,2024-12-19T16:22:27.914Z
3085,5585,TX20240820797315,SAL_FEE,2240,MRU,8342,PLATFORM,COLLECTED,2024-08-20T17:06:11.634Z
3086,5586,TX20240621378454,SAL_FEE,1955,MRU,8168,PLATFORM,COLLECTED,2024-06-21T07:18:20.687Z
3087,5588,TX20240322406666,WIT_FEE,50,MRU,7724,PLATFORM,COLLECTED,2024-03-22T08:28:29.218Z
3088,5589,TX20240913470577,TRF_FEE,25,MRU,1463,PLATFORM,COLLECTED,2024-09-13T06:16:38.096Z
3089,5592,TX20240930161916,SAL_FEE,1035,MRU,4071,PLATFORM,COLLECTED,2024-09-30T16:21:27.598Z
3090,5595,TX20240205100570,PAY_FEE,56,MRU,3229,MERCHANT,COLLECTED,2024-02-05T14:53:32.787Z
3091,5596,TX20240929834531,TRF_FEE,50,MRU,8951,PLATFORM,COLLECTED,2024-09-29T11:50:01.250Z
3092,5602,TX20240905283393,WIT_FEE,50,MRU,2812,PLATFORM,COLLECTED,2024-09-05T13:13:29.597Z
3093,5604,TX20240305299329,WIT_FEE,50,MRU,5184,PLATFORM,COLLECTED,2024-03-05T20:16:03.711Z
3094,5607,TX20240712492613,TRF_FEE,50,MRU,2866,PLATFORM,COLLECTED,2024-07-12T12:44:06.444Z
3095,5608,TX20240925173048,PAY_FEE,39,MRU,4481,MERCHANT,COLLECTED,2024-09-25T12:33:40.083Z
3096,5609,TX20240923193540,TRF_FEE,50,MRU,2894,PLATFORM,COLLECTED,2024-09-23T07:18:54.962Z
3097,5611,TX20240216182205,WIT_FEE,50,MRU,7371,PLATFORM,COLLECTED,2024-02-16T16:59:17.124Z
3098,5614,TX20240403927372,TRF_FEE,25,MRU,6503,PLATFORM,COLLECTED,2024-04-03T20:20:40.006Z
3099,5617,TX20240222253970,TRF_FEE,25,MRU,5743,PLATFORM,COLLECTED,2024-02-22T06:29:30.149Z
3100,5618,TX20241005240266,WIT_FEE,55,MRU,1510,PLATFORM,COLLECTED,2024-10-05T12:33:44.673Z
3101,5619,TX20240407635748,WIT_FEE,260,MRU,10694,PLATFORM,COLLECTED,2024-04-07T16:50:38.790Z
3102,5620,TX20240619341464,TRF_FEE,25,MRU,1889,PLATFORM,COLLECTED,2024-06-19T14:23:36.813Z
3103,5622,TX20240409941632,WIT_FEE,120,MRU,8658,PLATFORM,COLLECTED,2024-04-09T17:43:42.403Z
3104,5625,TX20240822028956,PAY_FEE,9,MRU,8164,MERCHANT,COLLECTED,2024-08-22T21:20:14.465Z
3105,5627,TX20240810674000,BIL_FEE,100,MRU,3802,PLATFORM,COLLECTED,2024-08-10T17:02:06.065Z
3106,5628,TX20241123700834,TRF_FEE,50,MRU,5111,PLATFORM,COLLECTED,2024-11-23T17:42:40.726Z
3107,5630,TX20240211903100,TRF_FEE,25,MRU,2351,PLATFORM,COLLECTED,2024-02-11T15:25:16.414Z
3108,5631,TX20240322719230,PAY_FEE,74,MRU,7232,MERCHANT,COLLECTED,2024-03-22T08:17:52.789Z
3109,5635,TX20240610126053,WIT_FEE,50,MRU,2415,PLATFORM,COLLECTED,2024-06-10T08:47:12.272Z
3110,5637,TX20240408890085,TRF_FEE,25,MRU,5457,PLATFORM,COLLECTED,2024-04-08T13:24:13.868Z
3111,5638,TX20240207812523,TRF_FEE,50,MRU,9612,PLATFORM,COLLECTED,2024-02-07T11:46:19.512Z
3112,5640,TX20240828087207,TRF_FEE,50,MRU,2417,PLATFORM,COLLECTED,2024-08-28T06:39:21.946Z
3113,5643,TX20240403026648,PAY_FEE,8,MRU,7614,MERCHANT,COLLECTED,2024-04-03T05:18:09.427Z
3114,5644,TX20240321529152,TRF_FEE,25,MRU,9530,PLATFORM,COLLECTED,2024-03-21T10:20:11.282Z
3115,5645,TX20240305311505,TRF_FEE,25,MRU,1831,PLATFORM,COLLECTED,2024-03-05T19:00:14.581Z
3116,5646,TX20240610063135,WIT_FEE,110,MRU,9231,PLATFORM,COLLECTED,2024-06-10T15:09:58.811Z
3117,5647,TX20240410164128,PAY_FEE,29,MRU,8622,MERCHANT,COLLECTED,2024-04-10T09:02:24.118Z
3118,5650,TX20241205892598,WIT_FEE,100,MRU,10790,PLATFORM,COLLECTED,2024-12-05T09:24:27.753Z
3119,5651,TX20240930359324,TRF_FEE,25,MRU,6202,PLATFORM,COLLECTED,2024-09-30T13:38:22.312Z
3120,5652,TX20241226061676,PAY_FEE,54,MRU,8039,MERCHANT,COLLECTED,2024-12-26T16:22:45.161Z
3121,5653,TX20240502317739,WIT_FEE,50,MRU,6049,PLATFORM,COLLECTED,2024-05-02T20:59:37.038Z
3122,5654,TX20240314000203,PAY_FEE,27,MRU,3231,MERCHANT,COLLECTED,2024-03-14T12:23:01.315Z
3123,5657,TX20240731634362,TRF_FEE,25,MRU,10351,PLATFORM,COLLECTED,2024-07-31T04:07:55.597Z
3124,5659,TX20241125175343,PAY_FEE,65,MRU,10721,MERCHANT,COLLECTED,2024-11-25T11:34:56.039Z
3125,5661,TX20240224260688,TRF_FEE,25,MRU,7724,PLATFORM,COLLECTED,2024-02-24T07:41:17.326Z
3126,5662,TX20241028850971,WIT_FEE,140,MRU,6743,PLATFORM,COLLECTED,2024-10-28T20:25:39.882Z
3127,5663,TX20240318421054,TRF_FEE,25,MRU,9590,PLATFORM,COLLECTED,2024-03-18T19:57:12.793Z
3128,5665,TX20241227978606,PAY_FEE,69,MRU,9429,MERCHANT,COLLECTED,2024-12-27T16:24:26.524Z
3129,5667,TX20240921079106,WIT_FEE,50,MRU,2172,PLATFORM,COLLECTED,2024-09-21T12:04:43.352Z
3130,5668,TX20241212525139,TRF_FEE,50,MRU,37,PLATFORM,COLLECTED,2024-12-12T15:51:39.237Z
3131,5669,TX20240726977354,TRF_FEE,25,MRU,3223,PLATFORM,COLLECTED,2024-07-26T03:21:45.943Z
3132,5670,TX20240626760482,TRF_FEE,25,MRU,10382,PLATFORM,COLLECTED,2024-06-26T15:40:20.418Z
3133,5671,TX20240520568969,PAY_FEE,30,MRU,1559,MERCHANT,COLLECTED,2024-05-20T14:22:08.597Z
3134,5672,TX20240115011617,PAY_FEE,83,MRU,6101,MERCHANT,COLLECTED,2024-01-15T09:46:41.643Z
3135,5675,TX20240101778444,SAL_FEE,370,MRU,4335,PLATFORM,COLLECTED,2024-01-01T17:44:31.027Z
3136,5676,TX20240920105182,TRF_FEE,25,MRU,9645,PLATFORM,COLLECTED,2024-09-20T09:26:18.222Z
3137,5680,TX20241126033858,PAY_FEE,8,MRU,2438,MERCHANT,COLLECTED,2024-11-26T16:00:23.550Z
3138,5682,TX20240530184415,TRF_FEE,25,MRU,9835,PLATFORM,COLLECTED,2024-05-30T12:54:51.975Z
3139,5683,TX20240705049865,TRF_FEE,25,MRU,9878,PLATFORM,COLLECTED,2024-07-05T07:10:59.028Z
3140,5684,TX20240318476287,PAY_FEE,93,MRU,7505,MERCHANT,COLLECTED,2024-03-18T19:43:58.200Z
3141,5686,TX20240930010059,TRF_FEE,10,MRU,698,PLATFORM,COLLECTED,2024-09-30T07:33:15.725Z
3142,5687,TX20240911759015,WIT_FEE,100,MRU,9921,PLATFORM,COLLECTED,2024-09-11T13:31:38.234Z
3143,5688,TX20241009645013,TRF_FEE,25,MRU,8430,PLATFORM,COLLECTED,2024-10-09T07:02:07.884Z
3144,5689,TX20240803996694,SAL_FEE,1250,MRU,5211,PLATFORM,COLLECTED,2024-08-03T15:13:09.479Z
3145,5693,TX20240629152303,SAL_FEE,1560,MRU,5777,PLATFORM,COLLECTED,2024-06-29T10:55:20.945Z
3146,5694,TX20240419548357,TRF_FEE,25,MRU,3571,PLATFORM,COLLECTED,2024-04-19T17:48:25.308Z
3147,5697,TX20240927079271,PAY_FEE,390,MRU,8012,MERCHANT,COLLECTED,2024-09-27T07:53:05.469Z
3148,5698,TX20240915349708,WIT_FEE,50,MRU,9663,PLATFORM,COLLECTED,2024-09-15T17:32:39.895Z
3149,5699,TX20241020743069,BIL_FEE,100,MRU,10237,PLATFORM,COLLECTED,2024-10-20T10:55:13.042Z
3150,5706,TX20241111966861,TRF_FEE,25,MRU,8428,PLATFORM,COLLECTED,2024-11-11T05:13:17.804Z
3151,5707,TX20240906006097,WIT_FEE,50,MRU,2040,PLATFORM,COLLECTED,2024-09-06T06:28:33.661Z
3152,5709,TX20240101807998,WIT_FEE,50,MRU,3516,PLATFORM,COLLECTED,2024-01-01T14:14:29.095Z
3153,5710,TX20241005291714,TRF_FEE,25,MRU,6808,PLATFORM,COLLECTED,2024-10-05T13:26:49.703Z
3154,5716,TX20240121892602,WIT_FEE,50,MRU,8335,PLATFORM,COLLECTED,2024-01-21T08:37:36.116Z
3155,5717,TX20240210834074,PAY_FEE,143,MRU,10128,MERCHANT,COLLECTED,2024-02-10T13:47:02.105Z
3156,5718,TX20241111121529,PAY_FEE,60,MRU,1949,MERCHANT,COLLECTED,2024-11-11T12:32:49.606Z
3157,5719,TX20240702117492,WIT_FEE,420,MRU,6619,PLATFORM,COLLECTED,2024-07-02T15:26:34.586Z
3158,5722,TX20240915722989,TRF_FEE,25,MRU,10544,PLATFORM,COLLECTED,2024-09-15T17:41:02.302Z
3159,5723,TX20240530560407,WIT_FEE,200,MRU,4414,PLATFORM,COLLECTED,2024-05-30T09:23:05.316Z
3160,5724,TX20240627167197,WIT_FEE,50,MRU,1768,PLATFORM,COLLECTED,2024-06-27T07:34:11.283Z
3161,5728,TX20240807953347,TRF_FEE,25,MRU,4366,PLATFORM,COLLECTED,2024-08-07T07:45:44.950Z
3162,5729,TX20240118634293,TRF_FEE,50,MRU,10099,PLATFORM,COLLECTED,2024-01-18T11:13:10.827Z
3163,5732,TX20240101165543,TRF_FEE,25,MRU,3508,PLATFORM,COLLECTED,2024-01-01T22:00:48.110Z
3164,5734,TX20240302679495,TRF_FEE,25,MRU,2640,PLATFORM,COLLECTED,2024-03-02T11:20:30.242Z
3165,5743,TX20240702692964,TRF_FEE,25,MRU,1633,PLATFORM,COLLECTED,2024-07-02T17:40:45.500Z
3166,5744,TX20240315306852,WIT_FEE,50,MRU,9932,PLATFORM,COLLECTED,2024-03-15T14:42:53.205Z
3167,5745,TX20240303872617,TRF_FEE,50,MRU,7704,PLATFORM,COLLECTED,2024-03-03T09:06:35.347Z
3168,5746,TX20240323090641,TRF_FEE,50,MRU,9258,PLATFORM,COLLECTED,2024-03-23T11:53:08.609Z
3169,5747,TX20240903696596,PAY_FEE,72,MRU,10735,MERCHANT,COLLECTED,2024-09-03T05:10:28.104Z
3170,5749,TX20240820354511,TRF_FEE,10,MRU,7388,PLATFORM,COLLECTED,2024-08-20T07:25:11.048Z
3171,5750,TX20240910589217,TRF_FEE,25,MRU,3589,PLATFORM,COLLECTED,2024-09-10T12:31:57.022Z
3172,5754,TX20240927259886,PAY_FEE,62,MRU,1735,MERCHANT,COLLECTED,2024-09-27T07:50:28.744Z
3173,5755,TX20241130177028,TRF_FEE,25,MRU,574,PLATFORM,COLLECTED,2024-11-30T20:03:45.057Z
3174,5759,TX20240919272817,TRF_FEE,50,MRU,7025,PLATFORM,COLLECTED,2024-09-19T05:35:43.356Z
3175,5760,TX20240626446434,WIT_FEE,50,MRU,8757,PLATFORM,COLLECTED,2024-06-26T16:09:35.508Z
3176,5762,TX20240412063069,WIT_FEE,50,MRU,10303,PLATFORM,COLLECTED,2024-04-12T09:18:26.578Z
3177,5765,TX20240210609397,TRF_FEE,25,MRU,6948,PLATFORM,COLLECTED,2024-02-10T11:33:53.070Z
3178,5766,TX20240720531333,WIT_FEE,50,MRU,4579,PLATFORM,COLLECTED,2024-07-20T18:26:23.349Z
3179,5768,TX20240107431916,TRF_FEE,50,MRU,5930,PLATFORM,COLLECTED,2024-01-07T07:53:50.793Z
3180,5769,TX20241207825221,PAY_FEE,18,MRU,2254,MERCHANT,COLLECTED,2024-12-07T09:09:00.683Z
3181,5770,TX20240619223103,WIT_FEE,50,MRU,7705,PLATFORM,COLLECTED,2024-06-19T13:30:35.295Z
3182,5774,TX20240915456016,TRF_FEE,25,MRU,7567,PLATFORM,COLLECTED,2024-09-15T10:04:59.872Z
3183,5775,TX20240311327587,WIT_FEE,50,MRU,763,PLATFORM,COLLECTED,2024-03-11T09:10:52.682Z
3184,5776,TX20240107430494,PAY_FEE,555,MRU,1506,MERCHANT,COLLECTED,2024-01-07T11:07:12.729Z
3185,5777,TX20240118533718,PAY_FEE,8,MRU,4966,MERCHANT,COLLECTED,2024-01-18T11:11:42.717Z
3186,5778,TX20240324029067,TRF_FEE,50,MRU,260,PLATFORM,COLLECTED,2024-03-24T09:55:08.918Z
3187,5779,TX20240412679340,PAY_FEE,36,MRU,3121,MERCHANT,COLLECTED,2024-04-12T17:55:38.539Z
3188,5780,TX20240624605350,SAL_FEE,1490,MRU,6566,PLATFORM,COLLECTED,2024-06-24T05:28:47.796Z
3189,5783,TX20241019674075,PAY_FEE,240,MRU,3087,MERCHANT,COLLECTED,2024-10-19T07:45:46.447Z
3190,5784,TX20240816846406,BIL_FEE,100,MRU,8770,PLATFORM,COLLECTED,2024-08-16T12:30:45.000Z
3191,5785,TX20241102011940,WIT_FEE,50,MRU,2247,PLATFORM,COLLECTED,2024-11-02T11:16:41.991Z
3192,5787,TX20240319485958,TRF_FEE,50,MRU,8826,PLATFORM,COLLECTED,2024-03-19T18:33:53.931Z
3193,5788,TX20241128091804,WIT_FEE,50,MRU,3000,PLATFORM,COLLECTED,2024-11-28T21:50:59.268Z
3194,5792,TX20241227781100,WIT_FEE,100,MRU,7921,PLATFORM,COLLECTED,2024-12-27T06:31:10.815Z
3195,5793,TX20240501271483,TRF_FEE,10,MRU,9410,PLATFORM,COLLECTED,2024-05-01T16:44:49.862Z
3196,5794,TX20240426451799,WIT_FEE,500,MRU,8009,PLATFORM,COLLECTED,2024-04-26T09:11:12.767Z
3197,5799,TX20240325183977,TRF_FEE,25,MRU,7518,PLATFORM,COLLECTED,2024-03-25T08:33:31.270Z
3198,5800,TX20240616444729,PAY_FEE,38,MRU,7520,MERCHANT,COLLECTED,2024-06-16T06:05:59.433Z
3199,5802,TX20240125081713,PAY_FEE,11,MRU,709,MERCHANT,COLLECTED,2024-01-25T13:07:07.678Z
3200,5803,TX20241018620445,PAY_FEE,123,MRU,9591,MERCHANT,COLLECTED,2024-10-18T13:49:34.784Z
3201,5811,TX20240513017173,WIT_FEE,50,MRU,5173,PLATFORM,COLLECTED,2024-05-13T07:43:51.443Z
3202,5816,TX20240609225891,TRF_FEE,25,MRU,914,PLATFORM,COLLECTED,2024-06-09T14:31:56.428Z
3203,5817,TX20240405614517,TRF_FEE,25,MRU,10053,PLATFORM,COLLECTED,2024-04-05T08:50:25.427Z
3204,5821,TX20241110523573,TRF_FEE,25,MRU,4614,PLATFORM,COLLECTED,2024-11-10T16:58:34.367Z
3205,5824,TX20240804429774,TRF_FEE,50,MRU,2482,PLATFORM,COLLECTED,2024-08-04T11:26:59.040Z
3206,5825,TX20240425384749,BIL_FEE,100,MRU,781,PLATFORM,COLLECTED,2024-04-25T16:26:49.870Z
3207,5826,TX20241121223402,TRF_FEE,50,MRU,4852,PLATFORM,COLLECTED,2024-11-21T09:13:48.925Z
3208,5827,TX20240413066167,WIT_FEE,50,MRU,4300,PLATFORM,COLLECTED,2024-04-13T15:50:56.342Z
3209,5828,TX20240318075801,PAY_FEE,27,MRU,10073,MERCHANT,COLLECTED,2024-03-18T06:14:36.775Z
3210,5830,TX20241223946848,WIT_FEE,50,MRU,4052,PLATFORM,COLLECTED,2024-12-23T19:20:12.513Z
3211,5831,TX20241024584734,PAY_FEE,38,MRU,4030,MERCHANT,COLLECTED,2024-10-24T09:46:22.856Z
3212,5833,TX20240525999565,PAY_FEE,35,MRU,6600,MERCHANT,COLLECTED,2024-05-25T11:47:45.177Z
3213,5834,TX20240310125077,WIT_FEE,330,MRU,10455,PLATFORM,COLLECTED,2024-03-10T07:55:41.231Z
3214,5836,TX20240522505158,TRF_FEE,25,MRU,500,PLATFORM,COLLECTED,2024-05-22T07:57:24.527Z
3215,5838,TX20240222957687,TRF_FEE,50,MRU,7630,PLATFORM,COLLECTED,2024-02-22T05:56:23.828Z
3216,5839,TX20241015902362,SAL_FEE,2295,MRU,10605,PLATFORM,COLLECTED,2024-10-15T14:34:28.266Z
3217,5840,TX20240614849002,WIT_FEE,50,MRU,607,PLATFORM,COLLECTED,2024-06-14T06:12:16.947Z
3218,5841,TX20240611079690,WIT_FEE,50,MRU,3357,PLATFORM,COLLECTED,2024-06-11T07:12:12.917Z
3219,5843,TX20240720902450,WIT_FEE,340,MRU,2846,PLATFORM,COLLECTED,2024-07-20T17:18:11.123Z
3220,5844,TX20240222233732,WIT_FEE,100,MRU,219,PLATFORM,COLLECTED,2024-02-22T16:35:10.491Z
3221,5847,TX20240213111803,WIT_FEE,100,MRU,184,PLATFORM,COLLECTED,2024-02-13T12:25:54.350Z
3222,5850,TX20241026081663,WIT_FEE,50,MRU,3035,PLATFORM,COLLECTED,2024-10-26T07:27:55.787Z
3223,5854,TX20240902410326,TRF_FEE,50,MRU,5463,PLATFORM,COLLECTED,2024-09-02T07:33:35.652Z
3224,5859,TX20240930959242,WIT_FEE,50,MRU,7086,PLATFORM,COLLECTED,2024-09-30T08:40:22.930Z
3225,5860,TX20240223597302,TRF_FEE,25,MRU,6362,PLATFORM,COLLECTED,2024-02-23T13:56:40.058Z
3226,5861,TX20240627526218,WIT_FEE,50,MRU,5110,PLATFORM,COLLECTED,2024-06-27T12:54:31.048Z
3227,5862,TX20241029294358,PAY_FEE,54,MRU,4189,MERCHANT,COLLECTED,2024-10-29T10:57:08.206Z
3228,5863,TX20240507991644,TRF_FEE,25,MRU,2815,PLATFORM,COLLECTED,2024-05-07T14:33:30.398Z
3229,5864,TX20241213863165,WIT_FEE,93,MRU,5290,PLATFORM,COLLECTED,2024-12-13T18:16:12.141Z
3230,5865,TX20241115658615,TRF_FEE,25,MRU,8837,PLATFORM,COLLECTED,2024-11-15T07:14:20.235Z
3231,5866,TX20240723550730,TRF_FEE,50,MRU,3213,PLATFORM,COLLECTED,2024-07-23T15:21:27.908Z
3232,5868,TX20240204375629,WIT_FEE,50,MRU,1625,PLATFORM,COLLECTED,2024-02-04T09:25:01.122Z
3233,5874,TX20241026709426,WIT_FEE,50,MRU,116,PLATFORM,COLLECTED,2024-10-26T19:23:15.522Z
3234,5875,TX20240916450227,WIT_FEE,50,MRU,3190,PLATFORM,COLLECTED,2024-09-16T09:54:05.306Z
3235,5876,TX20240211581127,PAY_FEE,29,MRU,369,MERCHANT,COLLECTED,2024-02-11T18:56:07.614Z
3236,5878,TX20241218991147,WIT_FEE,500,MRU,3836,PLATFORM,COLLECTED,2024-12-18T20:01:58.466Z
3237,5879,TX20240317082403,SAL_FEE,1445,MRU,2744,PLATFORM,COLLECTED,2024-03-17T07:15:23.223Z
3238,5880,TX20240719522261,WIT_FEE,50,MRU,1990,PLATFORM,COLLECTED,2024-07-19T09:53:25.366Z
3239,5882,TX20240912567477,PAY_FEE,585,MRU,6482,MERCHANT,COLLECTED,2024-09-12T13:17:59.888Z
3240,5883,TX20241029485957,TRF_FEE,50,MRU,10009,PLATFORM,COLLECTED,2024-10-29T08:25:19.175Z
3241,5884,TX20240918799249,TRF_FEE,25,MRU,312,PLATFORM,COLLECTED,2024-09-18T09:21:56.210Z
3242,5885,TX20240627785733,TRF_FEE,10,MRU,6040,PLATFORM,COLLECTED,2024-06-27T08:48:26.465Z
3243,5888,TX20240323986573,PAY_FEE,24,MRU,4723,MERCHANT,COLLECTED,2024-03-23T16:39:19.287Z
3244,5891,TX20240410288873,SAL_FEE,930,MRU,6844,PLATFORM,COLLECTED,2024-04-10T15:34:36.063Z
3245,5892,TX20240522561560,TRF_FEE,25,MRU,8832,PLATFORM,COLLECTED,2024-05-22T05:40:55.682Z
3246,5893,TX20241113719742,TRF_FEE,50,MRU,10430,PLATFORM,COLLECTED,2024-11-13T08:30:58.694Z
3247,5894,TX20240524041111,TRF_FEE,25,MRU,8404,PLATFORM,COLLECTED,2024-05-24T07:29:19.072Z
3248,5896,TX20240209043915,PAY_FEE,17,MRU,9813,MERCHANT,COLLECTED,2024-02-09T14:43:49.461Z
3249,5897,TX20240820431231,PAY_FEE,71,MRU,7603,MERCHANT,COLLECTED,2024-08-20T10:04:20.492Z
3250,5900,TX20240722695693,WIT_FEE,120,MRU,7339,PLATFORM,COLLECTED,2024-07-22T09:20:28.083Z
3251,5901,TX20240717618345,SAL_FEE,1840,MRU,7499,PLATFORM,COLLECTED,2024-07-17T05:10:38.875Z
3252,5903,TX20240920012762,TRF_FEE,50,MRU,518,PLATFORM,COLLECTED,2024-09-20T18:50:33.698Z
3253,5905,TX20240810257304,PAY_FEE,17,MRU,9125,MERCHANT,COLLECTED,2024-08-10T12:32:38.929Z
3254,5909,TX20241114386269,TRF_FEE,25,MRU,10765,PLATFORM,COLLECTED,2024-11-14T18:08:08.900Z
3255,5911,TX20240301362831,PAY_FEE,66,MRU,8363,MERCHANT,COLLECTED,2024-03-01T19:56:06.449Z
3256,5913,TX20241220854679,PAY_FEE,131,MRU,9901,MERCHANT,COLLECTED,2024-12-20T14:18:56.993Z
3257,5914,TX20240216183706,PAY_FEE,23,MRU,7793,MERCHANT,COLLECTED,2024-02-16T06:14:42.493Z
3258,5916,TX20241204747740,TRF_FEE,25,MRU,6315,PLATFORM,COLLECTED,2024-12-04T06:50:38.812Z
3259,5917,TX20241021116769,TRF_FEE,50,MRU,7534,PLATFORM,COLLECTED,2024-10-21T13:01:48.013Z
3260,5919,TX20240616620154,PAY_FEE,38,MRU,4404,MERCHANT,COLLECTED,2024-06-16T13:47:01.716Z
3261,5921,TX20241229881806,PAY_FEE,60,MRU,10524,MERCHANT,COLLECTED,2024-12-29T17:39:05.204Z
3262,5922,TX20240720081683,BIL_FEE,100,MRU,4446,PLATFORM,COLLECTED,2024-07-20T09:31:33.421Z
3263,5924,TX20241115332889,TRF_FEE,25,MRU,4185,PLATFORM,COLLECTED,2024-11-15T08:37:02.508Z
3264,5927,TX20240327298446,TRF_FEE,50,MRU,949,PLATFORM,COLLECTED,2024-03-27T08:01:19.417Z
3265,5928,TX20241208497392,PAY_FEE,24,MRU,9960,MERCHANT,COLLECTED,2024-12-08T14:29:44.614Z
3266,5930,TX20240704445050,WIT_FEE,50,MRU,4278,PLATFORM,COLLECTED,2024-07-04T05:51:19.960Z
3267,5932,TX20240223567400,PAY_FEE,39,MRU,7932,MERCHANT,COLLECTED,2024-02-23T17:03:56.233Z
3268,5933,TX20240509471108,TRF_FEE,25,MRU,8743,PLATFORM,COLLECTED,2024-05-09T14:09:36.489Z
3269,5934,TX20241218476525,WIT_FEE,50,MRU,3233,PLATFORM,COLLECTED,2024-12-18T16:27:29.460Z
3270,5936,TX20240224160081,PAY_FEE,210,MRU,7232,MERCHANT,COLLECTED,2024-02-24T20:23:09.058Z
3271,5940,TX20240524464980,WIT_FEE,480,MRU,7443,PLATFORM,COLLECTED,2024-05-24T05:42:18.157Z
3272,5941,TX20240326456060,TRF_FEE,25,MRU,812,PLATFORM,COLLECTED,2024-03-26T11:20:14.057Z
3273,5942,TX20241025186317,WIT_FEE,100,MRU,2876,PLATFORM,COLLECTED,2024-10-24T23:32:11.137Z
3274,5943,TX20240413551321,TRF_FEE,25,MRU,1206,PLATFORM,COLLECTED,2024-04-13T06:08:18.411Z
3275,5948,TX20241006493406,WIT_FEE,200,MRU,8091,PLATFORM,COLLECTED,2024-10-06T07:34:58.192Z
3276,5955,TX20240930671094,TRF_FEE,50,MRU,8449,PLATFORM,COLLECTED,2024-09-30T11:05:28.857Z
3277,5956,TX20240603260170,SAL_FEE,2160,MRU,488,PLATFORM,COLLECTED,2024-06-03T09:51:04.499Z
3278,5957,TX20241215971789,PAY_FEE,68,MRU,2420,MERCHANT,COLLECTED,2024-12-15T09:31:44.106Z
3279,5960,TX20240525584347,TRF_FEE,25,MRU,7330,PLATFORM,COLLECTED,2024-05-25T09:59:21.453Z
3280,5963,TX20240807024909,TRF_FEE,25,MRU,3015,PLATFORM,COLLECTED,2024-08-07T07:56:24.600Z
3281,5965,TX20240802374993,WIT_FEE,50,MRU,10973,PLATFORM,COLLECTED,2024-08-02T10:13:00.309Z
3282,5966,TX20240517010602,WIT_FEE,50,MRU,9397,PLATFORM,COLLECTED,2024-05-17T13:10:10.621Z
3283,5967,TX20240903193866,PAY_FEE,56,MRU,1903,MERCHANT,COLLECTED,2024-09-03T17:25:51.412Z
3284,5971,TX20241122847610,TRF_FEE,25,MRU,388,PLATFORM,COLLECTED,2024-11-22T08:23:28.900Z
3285,5972,TX20240125648115,TRF_FEE,10,MRU,7834,PLATFORM,COLLECTED,2024-01-25T08:18:33.038Z
3286,5974,TX20240521843388,WIT_FEE,310,MRU,9987,PLATFORM,COLLECTED,2024-05-21T15:59:27.956Z
3287,5975,TX20240624314469,WIT_FEE,460,MRU,5945,PLATFORM,COLLECTED,2024-06-24T14:09:35.421Z
3288,5979,TX20241008883661,WIT_FEE,320,MRU,3033,PLATFORM,COLLECTED,2024-10-08T10:40:57.953Z
3289,5981,TX20240311210531,TRF_FEE,25,MRU,1565,PLATFORM,COLLECTED,2024-03-11T09:03:07.702Z
3290,5982,TX20241003719460,TRF_FEE,50,MRU,10149,PLATFORM,COLLECTED,2024-10-03T11:42:07.894Z
3291,5983,TX20240309156892,TRF_FEE,50,MRU,10258,PLATFORM,COLLECTED,2024-03-09T16:08:59.349Z
3292,5987,TX20240827160061,WIT_FEE,120,MRU,8534,PLATFORM,COLLECTED,2024-08-27T09:43:04.006Z
3293,5988,TX20240826682560,WIT_FEE,50,MRU,3366,PLATFORM,COLLECTED,2024-08-26T09:46:13.031Z
3294,5990,TX20241008391133,TRF_FEE,50,MRU,1211,PLATFORM,COLLECTED,2024-10-08T20:30:06.958Z
3295,5994,TX20240225589623,TRF_FEE,25,MRU,1524,PLATFORM,COLLECTED,2024-02-25T17:35:23.437Z
3296,5997,TX20240508747879,WIT_FEE,50,MRU,7907,PLATFORM,COLLECTED,2024-05-08T14:47:04.978Z
3297,6001,TX20240124157413,PAY_FEE,12,MRU,1138,MERCHANT,COLLECTED,2024-01-24T10:02:58.468Z
3298,6002,TX20241211129603,TRF_FEE,50,MRU,3967,PLATFORM,COLLECTED,2024-12-11T11:35:46.372Z
3299,6005,TX20240801108156,WIT_FEE,50,MRU,514,PLATFORM,COLLECTED,2024-08-01T13:20:54.963Z
3300,6006,TX20241225625692,WIT_FEE,120,MRU,5796,PLATFORM,COLLECTED,2024-12-25T16:10:11.518Z
3301,6007,TX20240806942301,TRF_FEE,50,MRU,1012,PLATFORM,COLLECTED,2024-08-06T06:47:39.626Z
3302,6008,TX20240821081209,TRF_FEE,50,MRU,5200,PLATFORM,COLLECTED,2024-08-21T16:48:38.731Z
3303,6010,TX20240322535049,BIL_FEE,100,MRU,7117,PLATFORM,COLLECTED,2024-03-22T13:51:35.135Z
3304,6016,TX20240516673198,TRF_FEE,50,MRU,2296,PLATFORM,COLLECTED,2024-05-16T11:28:16.312Z
3305,6017,TX20240127900888,WIT_FEE,50,MRU,5908,PLATFORM,COLLECTED,2024-01-27T14:29:14.727Z
3306,6018,TX20241228341222,BIL_FEE,100,MRU,2440,PLATFORM,COLLECTED,2024-12-28T07:51:40.175Z
3307,6019,TX20240229880600,BIL_FEE,100,MRU,9795,PLATFORM,COLLECTED,2024-02-29T06:24:27.295Z
3308,6021,TX20240429218138,TRF_FEE,25,MRU,5610,PLATFORM,COLLECTED,2024-04-29T07:12:37.882Z
3309,6022,TX20240221296873,WIT_FEE,50,MRU,3975,PLATFORM,COLLECTED,2024-02-21T15:30:06.411Z
3310,6024,TX20240202952342,BIL_FEE,100,MRU,3456,PLATFORM,COLLECTED,2024-02-02T14:48:51.102Z
3311,6025,TX20240324447244,WIT_FEE,50,MRU,388,PLATFORM,COLLECTED,2024-03-24T21:58:14.726Z
3312,6026,TX20240119169525,TRF_FEE,25,MRU,558,PLATFORM,COLLECTED,2024-01-19T07:05:58.449Z
3313,6027,TX20240113127119,TRF_FEE,50,MRU,10154,PLATFORM,COLLECTED,2024-01-13T11:31:50.428Z
3314,6029,TX20240613432333,WIT_FEE,50,MRU,7308,PLATFORM,COLLECTED,2024-06-13T13:54:35.742Z
3315,6031,TX20240620597940,PAY_FEE,180,MRU,4876,MERCHANT,COLLECTED,2024-06-20T08:16:24.906Z
3316,6034,TX20240928171625,TRF_FEE,25,MRU,1440,PLATFORM,COLLECTED,2024-09-28T06:26:15.275Z
3317,6036,TX20241127915566,WIT_FEE,50,MRU,8273,PLATFORM,COLLECTED,2024-11-27T20:15:35.964Z
3318,6038,TX20240215322700,WIT_FEE,100,MRU,6415,PLATFORM,COLLECTED,2024-02-15T15:23:25.327Z
3319,6039,TX20240903974541,PAY_FEE,102,MRU,4542,MERCHANT,COLLECTED,2024-09-03T12:54:37.631Z
3320,6041,TX20241227573858,WIT_FEE,100,MRU,8821,PLATFORM,COLLECTED,2024-12-27T10:40:00.588Z
3321,6042,TX20240724297387,PAY_FEE,72,MRU,7948,MERCHANT,COLLECTED,2024-07-24T19:31:46.151Z
3322,6043,TX20241125753342,WIT_FEE,100,MRU,5810,PLATFORM,COLLECTED,2024-11-25T08:20:08.331Z
3323,6046,TX20240509364953,TRF_FEE,50,MRU,8727,PLATFORM,COLLECTED,2024-05-09T08:52:50.637Z
3324,6048,TX20240430055673,WIT_FEE,50,MRU,6113,PLATFORM,COLLECTED,2024-04-30T09:45:53.157Z
3325,6049,TX20240322557436,TRF_FEE,25,MRU,4471,PLATFORM,COLLECTED,2024-03-22T09:54:43.710Z
3326,6050,TX20240221767365,TRF_FEE,25,MRU,98,PLATFORM,COLLECTED,2024-02-21T18:57:20.133Z
3327,6051,TX20240221696502,WIT_FEE,100,MRU,269,PLATFORM,COLLECTED,2024-02-21T11:23:44.593Z
3328,6052,TX20240822482914,PAY_FEE,9,MRU,8164,MERCHANT,COLLECTED,2024-08-22T21:20:14.465Z
3329,6053,TX20240424965430,TRF_FEE,50,MRU,10139,PLATFORM,COLLECTED,2024-04-24T07:38:16.569Z
3330,6054,TX20241122835477,TRF_FEE,10,MRU,3562,PLATFORM,COLLECTED,2024-11-22T06:06:03.343Z
3331,6058,TX20240322993803,PAY_FEE,74,MRU,7232,MERCHANT,COLLECTED,2024-03-22T08:17:52.789Z
3332,6062,TX20240412126053,TRF_FEE,10,MRU,4810,PLATFORM,COLLECTED,2024-04-12T16:12:16.217Z
3333,6064,TX20240730063899,WIT_FEE,100,MRU,9406,PLATFORM,COLLECTED,2024-07-30T10:13:52.493Z
3334,6065,TX20241007393145,TRF_FEE,50,MRU,2729,PLATFORM,COLLECTED,2024-10-07T09:30:52.551Z
3335,6066,TX20241110942680,TRF_FEE,50,MRU,4822,PLATFORM,COLLECTED,2024-11-10T17:07:58.636Z
3336,6068,TX20240906947529,WIT_FEE,50,MRU,6819,PLATFORM,COLLECTED,2024-09-06T15:46:47.799Z
3337,6069,TX20240111081582,TRF_FEE,50,MRU,994,PLATFORM,COLLECTED,2024-01-11T19:12:55.271Z
3338,6070,TX20240217018193,WIT_FEE,50,MRU,5385,PLATFORM,COLLECTED,2024-02-17T17:53:01.844Z
3339,6071,TX20240227775508,TRF_FEE,50,MRU,9199,PLATFORM,COLLECTED,2024-02-27T17:43:31.078Z
3340,6072,TX20240523120408,PAY_FEE,20,MRU,10396,MERCHANT,COLLECTED,2024-05-23T06:40:18.868Z
3341,6073,TX20240319399049,PAY_FEE,132,MRU,4398,MERCHANT,COLLECTED,2024-03-19T07:54:52.684Z
3342,6076,TX20240226452255,PAY_FEE,21,MRU,164,MERCHANT,COLLECTED,2024-02-26T18:19:34.006Z
3343,6077,TX20240615788004,TRF_FEE,50,MRU,488,PLATFORM,COLLECTED,2024-06-15T15:58:23.886Z
3344,6078,TX20240518643352,TRF_FEE,10,MRU,4200,PLATFORM,COLLECTED,2024-05-18T09:33:43.442Z
3345,6081,TX20240731075061,WIT_FEE,50,MRU,1326,PLATFORM,COLLECTED,2024-07-31T14:41:00.601Z
3346,6083,TX20241208729298,TRF_FEE,50,MRU,1944,PLATFORM,COLLECTED,2024-12-08T16:40:33.592Z
3347,6087,TX20241102866233,PAY_FEE,50,MRU,5500,MERCHANT,COLLECTED,2024-11-02T13:04:11.995Z
3348,6088,TX20240317269084,WIT_FEE,50,MRU,4057,PLATFORM,COLLECTED,2024-03-17T14:39:47.783Z
3349,6090,TX20240603801127,TRF_FEE,50,MRU,6129,PLATFORM,COLLECTED,2024-06-03T05:26:47.103Z
3350,6091,TX20240831964803,TRF_FEE,50,MRU,1449,PLATFORM,COLLECTED,2024-08-31T17:42:09.533Z
3351,6092,TX20240405488247,PAY_FEE,36,MRU,6923,MERCHANT,COLLECTED,2024-04-05T13:01:12.121Z
3352,6093,TX20240425392096,BIL_FEE,100,MRU,188,PLATFORM,COLLECTED,2024-04-25T06:14:01.681Z
3353,6094,TX20240303131669,TRF_FEE,10,MRU,10027,PLATFORM,COLLECTED,2024-03-03T08:27:12.424Z
3354,6097,TX20240924358467,TRF_FEE,25,MRU,4863,PLATFORM,COLLECTED,2024-09-24T18:49:03.232Z
3355,6098,TX20240719233280,PAY_FEE,345,MRU,2224,MERCHANT,COLLECTED,2024-07-19T07:10:29.760Z
3356,6102,TX20241225959788,PAY_FEE,57,MRU,1949,MERCHANT,COLLECTED,2024-12-25T10:58:28.447Z
3357,6103,TX20240622488486,WIT_FEE,50,MRU,10423,PLATFORM,COLLECTED,2024-06-22T05:04:35.465Z
3358,6104,TX20240718459080,PAY_FEE,8,MRU,6401,MERCHANT,COLLECTED,2024-07-18T15:58:16.794Z
3359,6107,TX20240601758571,TRF_FEE,50,MRU,790,PLATFORM,COLLECTED,2024-06-01T10:12:29.319Z
3360,6110,TX20240614808451,TRF_FEE,25,MRU,7069,PLATFORM,COLLECTED,2024-06-14T06:20:29.689Z
3361,6111,TX20241223908865,TRF_FEE,25,MRU,6650,PLATFORM,COLLECTED,2024-12-23T08:34:58.563Z
3362,6113,TX20240625637446,WIT_FEE,200,MRU,2028,PLATFORM,COLLECTED,2024-06-25T06:39:58.659Z
3363,6115,TX20240616714467,PAY_FEE,74,MRU,10614,MERCHANT,COLLECTED,2024-06-16T09:22:09.683Z
3364,6116,TX20240320122211,SAL_FEE,2285,MRU,6338,PLATFORM,COLLECTED,2024-03-20T08:35:36.012Z
3365,6117,TX20241010427877,BIL_FEE,100,MRU,4142,PLATFORM,COLLECTED,2024-10-10T07:04:51.126Z
3366,6120,TX20240918322441,TRF_FEE,50,MRU,6829,PLATFORM,COLLECTED,2024-09-18T07:19:14.836Z
3367,6122,TX20240209045744,WIT_FEE,50,MRU,3767,PLATFORM,COLLECTED,2024-02-09T08:36:23.509Z
3368,6124,TX20241118209810,WIT_FEE,440,MRU,2529,PLATFORM,COLLECTED,2024-11-18T13:09:21.644Z
3369,6128,TX20240201820219,WIT_FEE,100,MRU,458,PLATFORM,COLLECTED,2024-02-01T14:29:22.209Z
3370,6129,TX20240512534081,WIT_FEE,50,MRU,7539,PLATFORM,COLLECTED,2024-05-12T17:19:44.015Z
3371,6130,TX20240520893927,TRF_FEE,25,MRU,10405,PLATFORM,COLLECTED,2024-05-20T06:40:07.390Z
3372,6131,TX20240605600447,TRF_FEE,25,MRU,3865,PLATFORM,COLLECTED,2024-06-05T04:23:13.472Z
3373,6132,TX20240611763228,PAY_FEE,20,MRU,9525,MERCHANT,COLLECTED,2024-06-11T06:36:37.563Z
3374,6133,TX20240518001354,WIT_FEE,50,MRU,3931,PLATFORM,COLLECTED,2024-05-18T08:21:50.785Z
3375,6134,TX20241029713040,PAY_FEE,149,MRU,1915,MERCHANT,COLLECTED,2024-10-29T16:52:02.225Z
3376,6135,TX20240825565509,SAL_FEE,1050,MRU,2106,PLATFORM,COLLECTED,2024-08-25T06:04:09.879Z
3377,6137,TX20240518932508,TRF_FEE,25,MRU,3715,PLATFORM,COLLECTED,2024-05-18T13:44:19.688Z
3378,6138,TX20240601272037,TRF_FEE,25,MRU,4395,PLATFORM,COLLECTED,2024-06-01T06:55:23.919Z
3379,6139,TX20241129937448,WIT_FEE,50,MRU,10763,PLATFORM,COLLECTED,2024-11-29T19:06:01.915Z
3380,6140,TX20240201472714,TRF_FEE,25,MRU,10682,PLATFORM,COLLECTED,2024-02-01T21:54:33.485Z
3381,6141,TX20240812978908,PAY_FEE,36,MRU,6625,MERCHANT,COLLECTED,2024-08-12T17:17:17.237Z
3382,6142,TX20241021822751,PAY_FEE,50,MRU,163,MERCHANT,COLLECTED,2024-10-21T06:09:18.921Z
3383,6146,TX20240509819087,TRF_FEE,25,MRU,8743,PLATFORM,COLLECTED,2024-05-09T14:09:36.489Z
3384,6148,TX20241030271879,TRF_FEE,25,MRU,2735,PLATFORM,COLLECTED,2024-10-30T16:11:57.405Z
3385,6149,TX20241129502357,WIT_FEE,50,MRU,1850,PLATFORM,COLLECTED,2024-11-29T16:08:58.390Z
3386,6150,TX20240218658788,WIT_FEE,50,MRU,4563,PLATFORM,COLLECTED,2024-02-18T12:25:02.831Z
3387,6152,TX20241102223085,TRF_FEE,50,MRU,981,PLATFORM,COLLECTED,2024-11-02T14:53:28.287Z
3388,6154,TX20240530895680,WIT_FEE,100,MRU,10727,PLATFORM,COLLECTED,2024-05-30T09:14:03.074Z
3389,6156,TX20240214912981,WIT_FEE,50,MRU,9081,PLATFORM,COLLECTED,2024-02-14T08:18:24.109Z
3390,6159,TX20240720494394,TRF_FEE,50,MRU,4183,PLATFORM,COLLECTED,2024-07-20T13:29:09.274Z
3391,6160,TX20241001037282,TRF_FEE,50,MRU,5788,PLATFORM,COLLECTED,2024-10-01T16:22:45.118Z
3392,6161,TX20240417594341,PAY_FEE,24,MRU,6356,MERCHANT,COLLECTED,2024-04-17T17:18:18.861Z
3393,6162,TX20241029748001,PAY_FEE,74,MRU,5162,MERCHANT,COLLECTED,2024-10-29T18:58:46.615Z
3394,6163,TX20240924137835,WIT_FEE,240,MRU,1114,PLATFORM,COLLECTED,2024-09-24T13:32:04.686Z
3395,6164,TX20240321797341,TRF_FEE,25,MRU,252,PLATFORM,COLLECTED,2024-03-21T06:38:17.112Z
3396,6165,TX20240103834005,SAL_FEE,2105,MRU,1820,PLATFORM,COLLECTED,2024-01-03T10:13:04.295Z
3397,6166,TX20240226573981,TRF_FEE,50,MRU,1554,PLATFORM,COLLECTED,2024-02-26T00:30:15.347Z
3398,6167,TX20241030871111,TRF_FEE,10,MRU,3454,PLATFORM,COLLECTED,2024-10-30T22:59:49.000Z
3399,6168,TX20241006580077,PAY_FEE,63,MRU,114,MERCHANT,COLLECTED,2024-10-06T06:09:58.235Z
3400,6171,TX20241104809388,PAY_FEE,375,MRU,7652,MERCHANT,COLLECTED,2024-11-03T23:48:00.046Z
3401,6175,TX20240119295100,TRF_FEE,10,MRU,7326,PLATFORM,COLLECTED,2024-01-19T10:42:07.865Z
3402,6177,TX20240214110156,PAY_FEE,18,MRU,9454,MERCHANT,COLLECTED,2024-02-14T12:28:36.466Z
3403,6178,TX20241229869978,WIT_FEE,50,MRU,6429,PLATFORM,COLLECTED,2024-12-29T07:21:19.877Z
3404,6184,TX20240224050047,BIL_FEE,100,MRU,2106,PLATFORM,COLLECTED,2024-02-24T10:28:54.035Z
3405,6187,TX20240427866620,TRF_FEE,50,MRU,10931,PLATFORM,COLLECTED,2024-04-27T17:20:23.793Z
3406,6188,TX20240907895825,TRF_FEE,10,MRU,7004,PLATFORM,COLLECTED,2024-09-07T09:28:19.480Z
3407,6189,TX20240616882466,TRF_FEE,50,MRU,476,PLATFORM,COLLECTED,2024-06-16T13:34:50.390Z
3408,6190,TX20240523242593,WIT_FEE,50,MRU,9615,PLATFORM,COLLECTED,2024-05-23T19:04:00.651Z
3409,6191,TX20240731291689,WIT_FEE,50,MRU,3246,PLATFORM,COLLECTED,2024-07-31T05:01:51.443Z
3410,6192,TX20240408311991,TRF_FEE,25,MRU,10509,PLATFORM,COLLECTED,2024-04-08T15:27:40.961Z
3411,6199,TX20240524967546,PAY_FEE,10,MRU,7932,MERCHANT,COLLECTED,2024-05-24T20:32:28.070Z
3412,6200,TX20240210861140,WIT_FEE,50,MRU,7239,PLATFORM,COLLECTED,2024-02-10T12:12:27.315Z
3413,6203,TX20240912110120,PAY_FEE,74,MRU,4468,MERCHANT,COLLECTED,2024-09-12T17:45:26.012Z
3414,6204,TX20241107048832,WIT_FEE,100,MRU,814,PLATFORM,COLLECTED,2024-11-07T22:34:25.209Z
3415,6206,TX20240520868173,WIT_FEE,200,MRU,283,PLATFORM,COLLECTED,2024-05-20T11:38:18.443Z
3416,6207,TX20240415840740,TRF_FEE,25,MRU,1667,PLATFORM,COLLECTED,2024-04-15T10:57:47.448Z
3417,6209,TX20240629125867,PAY_FEE,50,MRU,5078,MERCHANT,COLLECTED,2024-06-29T08:13:02.136Z
3418,6211,TX20240611029946,TRF_FEE,25,MRU,8292,PLATFORM,COLLECTED,2024-06-11T14:38:40.403Z
3419,6212,TX20240126439111,PAY_FEE,69,MRU,4362,MERCHANT,COLLECTED,2024-01-26T19:34:07.594Z
3420,6213,TX20240629807765,BIL_FEE,100,MRU,1604,PLATFORM,COLLECTED,2024-06-29T09:38:55.299Z
3421,6216,TX20241030251321,PAY_FEE,47,MRU,2216,MERCHANT,COLLECTED,2024-10-30T11:33:01.991Z
3422,6217,TX20240611542421,SAL_FEE,1130,MRU,4972,PLATFORM,COLLECTED,2024-06-11T13:28:15.267Z
3423,6219,TX20240613523833,PAY_FEE,56,MRU,3052,MERCHANT,COLLECTED,2024-06-13T05:01:04.533Z
3424,6222,TX20240615262521,PAY_FEE,30,MRU,7013,MERCHANT,COLLECTED,2024-06-15T08:08:19.104Z
3425,6224,TX20241219086963,PAY_FEE,39,MRU,4373,MERCHANT,COLLECTED,2024-12-19T16:22:27.914Z
3426,6225,TX20241124250611,TRF_FEE,50,MRU,9754,PLATFORM,COLLECTED,2024-11-24T07:11:38.755Z
3427,6226,TX20240927025511,TRF_FEE,25,MRU,114,PLATFORM,COLLECTED,2024-09-27T15:29:02.378Z
3428,6227,TX20241229584202,WIT_FEE,50,MRU,10945,PLATFORM,COLLECTED,2024-12-29T19:09:01.902Z
3429,6230,TX20240802301883,PAY_FEE,135,MRU,6214,MERCHANT,COLLECTED,2024-08-02T16:05:20.071Z
3430,6232,TX20240806649635,TRF_FEE,25,MRU,570,PLATFORM,COLLECTED,2024-08-06T09:20:55.161Z
3431,6233,TX20240320802354,PAY_FEE,53,MRU,512,MERCHANT,COLLECTED,2024-03-20T00:21:11.458Z
3432,6235,TX20241014249216,TRF_FEE,10,MRU,5613,PLATFORM,COLLECTED,2024-10-14T08:19:08.673Z
3433,6236,TX20241023437204,WIT_FEE,420,MRU,9899,PLATFORM,COLLECTED,2024-10-23T05:50:56.162Z
3434,6239,TX20240119204176,TRF_FEE,25,MRU,558,PLATFORM,COLLECTED,2024-01-19T07:05:58.449Z
3435,6241,TX20240602479697,TRF_FEE,25,MRU,8127,PLATFORM,COLLECTED,2024-06-02T08:41:13.544Z
3436,6242,TX20240725432333,TRF_FEE,50,MRU,3139,PLATFORM,COLLECTED,2024-07-25T17:35:44.662Z
3437,6244,TX20240328143409,TRF_FEE,25,MRU,8738,PLATFORM,COLLECTED,2024-03-28T09:24:54.440Z
3438,6245,TX20240308372728,WIT_FEE,50,MRU,5177,PLATFORM,COLLECTED,2024-03-08T07:21:26.855Z
3439,6246,TX20240519465477,WIT_FEE,50,MRU,7273,PLATFORM,COLLECTED,2024-05-19T14:39:32.655Z
3440,6247,TX20240410153067,WIT_FEE,74,MRU,5449,PLATFORM,COLLECTED,2024-04-10T06:30:16.212Z
3441,6249,TX20240804886809,WIT_FEE,50,MRU,6868,PLATFORM,COLLECTED,2024-08-04T19:45:21.659Z
3442,6251,TX20240523956490,TRF_FEE,10,MRU,7662,PLATFORM,COLLECTED,2024-05-23T10:19:34.286Z
3443,6252,TX20240714126863,TRF_FEE,25,MRU,7242,PLATFORM,COLLECTED,2024-07-14T17:37:37.410Z
3444,6253,TX20241005347946,TRF_FEE,10,MRU,6421,PLATFORM,COLLECTED,2024-10-05T06:54:14.221Z
3445,6254,TX20240905780113,WIT_FEE,100,MRU,9054,PLATFORM,COLLECTED,2024-09-04T23:35:47.474Z
3446,6258,TX20240108523650,WIT_FEE,50,MRU,8417,PLATFORM,COLLECTED,2024-01-08T09:01:23.372Z
3447,6259,TX20240322539792,TRF_FEE,25,MRU,9581,PLATFORM,COLLECTED,2024-03-22T10:32:21.266Z
3448,6260,TX20240731396699,WIT_FEE,120,MRU,5159,PLATFORM,COLLECTED,2024-07-31T09:04:02.670Z
3449,6261,TX20240209432176,WIT_FEE,50,MRU,8318,PLATFORM,COLLECTED,2024-02-09T08:16:19.318Z
3450,6262,TX20241121517723,TRF_FEE,25,MRU,10094,PLATFORM,COLLECTED,2024-11-21T09:41:13.271Z
3451,6263,TX20240922405691,WIT_FEE,50,MRU,9637,PLATFORM,COLLECTED,2024-09-22T17:58:36.141Z
3452,6264,TX20240106910430,WIT_FEE,300,MRU,4390,PLATFORM,COLLECTED,2024-01-06T07:17:08.441Z
3453,6265,TX20240424465937,SAL_FEE,1015,MRU,11014,PLATFORM,COLLECTED,2024-04-24T15:49:44.643Z
3454,6266,TX20240529919844,WIT_FEE,50,MRU,5925,PLATFORM,COLLECTED,2024-05-29T07:47:17.499Z
3455,6267,TX20240101387957,WIT_FEE,50,MRU,6720,PLATFORM,COLLECTED,2024-01-01T12:33:07.901Z
3456,6270,TX20240414097794,PAY_FEE,20,MRU,3073,MERCHANT,COLLECTED,2024-04-14T13:06:42.418Z
3457,6272,TX20240626155981,WIT_FEE,200,MRU,10342,PLATFORM,COLLECTED,2024-06-26T17:07:34.440Z
3458,6273,TX20241017042588,WIT_FEE,50,MRU,7592,PLATFORM,COLLECTED,2024-10-17T06:30:42.534Z
3459,6275,TX20240412847595,TRF_FEE,10,MRU,4810,PLATFORM,COLLECTED,2024-04-12T16:12:16.217Z
3460,6278,TX20240811942561,TRF_FEE,25,MRU,5669,PLATFORM,COLLECTED,2024-08-11T06:27:46.325Z
3461,6280,TX20240910211565,TRF_FEE,50,MRU,10444,PLATFORM,COLLECTED,2024-09-10T14:07:39.350Z
3462,6281,TX20240226712508,WIT_FEE,50,MRU,8596,PLATFORM,COLLECTED,2024-02-26T10:16:40.740Z
3463,6282,TX20240913008118,WIT_FEE,50,MRU,10258,PLATFORM,COLLECTED,2024-09-13T12:01:55.200Z
3464,6284,TX20241111523122,WIT_FEE,270,MRU,8947,PLATFORM,COLLECTED,2024-11-11T20:26:24.157Z
3465,6285,TX20240301015157,TRF_FEE,50,MRU,7422,PLATFORM,COLLECTED,2024-03-01T13:42:23.118Z
3466,6286,TX20241109856804,PAY_FEE,17,MRU,7549,MERCHANT,COLLECTED,2024-11-09T08:07:54.872Z
3467,6288,TX20240120310415,WIT_FEE,88,MRU,10483,PLATFORM,COLLECTED,2024-01-20T18:29:01.645Z
3468,6290,TX20240531788004,WIT_FEE,200,MRU,9781,PLATFORM,COLLECTED,2024-05-31T10:45:58.394Z
3469,6291,TX20240518891246,TRF_FEE,10,MRU,4200,PLATFORM,COLLECTED,2024-05-18T09:33:43.442Z
3470,6294,TX20240824019214,TRF_FEE,50,MRU,4211,PLATFORM,COLLECTED,2024-08-24T14:00:36.120Z
3471,6295,TX20240114658112,WIT_FEE,50,MRU,3534,PLATFORM,COLLECTED,2024-01-14T08:59:04.733Z
3472,6298,TX20240910492396,SAL_FEE,1815,MRU,3636,PLATFORM,COLLECTED,2024-09-10T11:47:44.238Z
3473,6300,TX20241112642692,WIT_FEE,50,MRU,8792,PLATFORM,COLLECTED,2024-11-12T04:01:47.643Z
3474,6303,TX20240424253459,WIT_FEE,50,MRU,577,PLATFORM,COLLECTED,2024-04-24T13:03:39.422Z
3475,6305,TX20240803488247,PAY_FEE,300,MRU,2291,MERCHANT,COLLECTED,2024-08-03T16:15:33.023Z
3476,6306,TX20240425549753,BIL_FEE,100,MRU,188,PLATFORM,COLLECTED,2024-04-25T06:14:01.681Z
3477,6309,TX20241130207200,TRF_FEE,50,MRU,9073,PLATFORM,COLLECTED,2024-11-30T15:13:13.227Z
3478,6310,TX20241109717182,PAY_FEE,35,MRU,641,MERCHANT,COLLECTED,2024-11-09T11:43:55.823Z
3479,6314,TX20240402426621,WIT_FEE,50,MRU,10434,PLATFORM,COLLECTED,2024-04-02T08:41:01.458Z
3480,6315,TX20241225245887,PAY_FEE,57,MRU,1949,MERCHANT,COLLECTED,2024-12-25T10:58:28.447Z
3481,6316,TX20240119985011,TRF_FEE,50,MRU,8630,PLATFORM,COLLECTED,2024-01-19T07:35:27.945Z
3482,6317,TX20241016720386,WIT_FEE,50,MRU,8768,PLATFORM,COLLECTED,2024-10-16T12:43:58.275Z
3483,6318,TX20240120710736,WIT_FEE,50,MRU,7999,PLATFORM,COLLECTED,2024-01-20T15:55:40.799Z
3484,6323,TX20240131808451,TRF_FEE,50,MRU,10383,PLATFORM,COLLECTED,2024-01-31T10:29:41.641Z
3485,6324,TX20241223376986,TRF_FEE,25,MRU,6650,PLATFORM,COLLECTED,2024-12-23T08:34:58.563Z
3486,6325,TX20241009725174,WIT_FEE,50,MRU,10013,PLATFORM,COLLECTED,2024-10-09T12:19:34.488Z
3487,6327,TX20241115039056,TRF_FEE,10,MRU,7382,PLATFORM,COLLECTED,2024-11-15T15:42:21.618Z
3488,6328,TX20241023981133,SAL_FEE,2415,MRU,7540,PLATFORM,COLLECTED,2024-10-23T11:22:22.151Z
3489,6329,TX20240118122211,TRF_FEE,25,MRU,6792,PLATFORM,COLLECTED,2024-01-18T20:13:08.596Z
3490,6332,TX20240507924570,TRF_FEE,25,MRU,1928,PLATFORM,COLLECTED,2024-05-07T09:12:05.237Z
3491,6333,TX20240918748528,TRF_FEE,50,MRU,6829,PLATFORM,COLLECTED,2024-09-18T07:19:14.836Z
3492,6334,TX20240928121916,TRF_FEE,50,MRU,1699,PLATFORM,COLLECTED,2024-09-28T10:53:41.794Z
3493,6338,TX20240413929698,TRF_FEE,25,MRU,5318,PLATFORM,COLLECTED,2024-04-13T14:13:36.782Z
3494,6342,TX20240822912652,PAY_FEE,165,MRU,4026,MERCHANT,COLLECTED,2024-08-22T16:34:59.303Z
3495,6344,TX20240818405561,WIT_FEE,50,MRU,7356,PLATFORM,COLLECTED,2024-08-18T07:02:54.638Z
3496,6349,TX20241011762860,PAY_FEE,48,MRU,7079,MERCHANT,COLLECTED,2024-10-11T09:54:15.135Z
3497,6350,TX20240518123993,TRF_FEE,25,MRU,3715,PLATFORM,COLLECTED,2024-05-18T13:44:19.688Z
3498,6351,TX20240127197015,TRF_FEE,50,MRU,5482,PLATFORM,COLLECTED,2024-01-27T18:23:55.397Z
3499,6352,TX20241206430742,BIL_FEE,100,MRU,2107,PLATFORM,COLLECTED,2024-12-06T07:01:54.977Z
3500,6354,TX20240626490137,TRF_FEE,10,MRU,3148,PLATFORM,COLLECTED,2024-06-26T15:36:54.285Z
3501,6359,TX20240226935276,TRF_FEE,25,MRU,3207,PLATFORM,COLLECTED,2024-02-26T14:29:47.730Z
3502,6360,TX20240617476525,PAY_FEE,42,MRU,7910,MERCHANT,COLLECTED,2024-06-17T11:27:17.865Z
3503,6365,TX20240803223085,PAY_FEE,24,MRU,2285,MERCHANT,COLLECTED,2024-08-03T17:28:17.090Z
3504,6367,TX20240501238432,TRF_FEE,25,MRU,3300,PLATFORM,COLLECTED,2024-05-01T08:03:04.973Z
3505,6370,TX20241210234461,PAY_FEE,18,MRU,8437,MERCHANT,COLLECTED,2024-12-10T10:24:30.968Z
3506,6371,TX20241121303175,TRF_FEE,10,MRU,181,PLATFORM,COLLECTED,2024-11-21T06:57:17.742Z
3507,6374,TX20240417286919,PAY_FEE,24,MRU,6356,MERCHANT,COLLECTED,2024-04-17T17:18:18.861Z
3508,6375,TX20241123815136,PAY_FEE,21,MRU,10618,MERCHANT,COLLECTED,2024-11-23T20:46:36.466Z
3509,6376,TX20240806863365,PAY_FEE,57,MRU,8046,MERCHANT,COLLECTED,2024-08-06T12:04:41.101Z
3510,6377,TX20240320834572,WIT_FEE,50,MRU,3180,PLATFORM,COLLECTED,2024-03-20T15:13:03.644Z
3511,6380,TX20241030790210,TRF_FEE,10,MRU,3454,PLATFORM,COLLECTED,2024-10-30T22:59:49.000Z
3512,6381,TX20240203285106,PAY_FEE,9,MRU,7406,MERCHANT,COLLECTED,2024-02-03T08:58:14.010Z
3513,6382,TX20240117233830,TRF_FEE,10,MRU,9548,PLATFORM,COLLECTED,2024-01-17T17:14:15.967Z
3514,6384,TX20240102545498,PAY_FEE,99,MRU,7490,MERCHANT,COLLECTED,2024-01-02T17:00:02.694Z
3515,6385,TX20241206849640,SAL_FEE,570,MRU,9087,PLATFORM,COLLECTED,2024-12-06T09:44:56.086Z
3516,6386,TX20240614230943,WIT_FEE,100,MRU,7553,PLATFORM,COLLECTED,2024-06-14T14:36:33.116Z
3517,6389,TX20240815725259,WIT_FEE,50,MRU,765,PLATFORM,COLLECTED,2024-08-15T14:54:56.738Z
3518,6391,TX20240426262156,WIT_FEE,50,MRU,6273,PLATFORM,COLLECTED,2024-04-26T17:34:21.374Z
3519,6395,TX20240120617849,TRF_FEE,50,MRU,9148,PLATFORM,COLLECTED,2024-01-20T10:40:03.695Z
3520,6397,TX20240625734809,WIT_FEE,50,MRU,6710,PLATFORM,COLLECTED,2024-06-25T17:02:11.646Z
3521,6398,TX20240720217370,WIT_FEE,50,MRU,4160,PLATFORM,COLLECTED,2024-07-20T05:42:10.525Z
3522,6399,TX20240313702256,PAY_FEE,375,MRU,6657,MERCHANT,COLLECTED,2024-03-13T15:50:43.632Z
3523,6400,TX20241215434905,TRF_FEE,25,MRU,3343,PLATFORM,COLLECTED,2024-12-15T18:48:41.866Z
3524,6402,TX20240116695528,WIT_FEE,50,MRU,7316,PLATFORM,COLLECTED,2024-01-16T18:03:32.146Z
3525,6404,TX20240610024636,PAY_FEE,255,MRU,5380,MERCHANT,COLLECTED,2024-06-10T08:01:29.521Z
3526,6405,TX20240905320560,TRF_FEE,25,MRU,9621,PLATFORM,COLLECTED,2024-09-05T19:57:16.624Z
3527,6408,TX20241003983210,TRF_FEE,50,MRU,10149,PLATFORM,COLLECTED,2024-10-03T11:42:07.894Z
3528,6410,TX20240525790387,WIT_FEE,50,MRU,10321,PLATFORM,COLLECTED,2024-05-25T13:52:34.960Z
3529,6411,TX20240107897423,SAL_FEE,1110,MRU,4878,PLATFORM,COLLECTED,2024-01-07T12:57:39.953Z
3530,6412,TX20240620097441,TRF_FEE,25,MRU,10476,PLATFORM,COLLECTED,2024-06-20T06:43:15.089Z
3531,6416,TX20241127694039,TRF_FEE,25,MRU,8514,PLATFORM,COLLECTED,2024-11-27T16:26:00.403Z
3532,6417,TX20241229048832,PAY_FEE,12,MRU,5937,MERCHANT,COLLECTED,2024-12-29T14:25:12.074Z
3533,6419,TX20240618297405,WIT_FEE,50,MRU,2340,PLATFORM,COLLECTED,2024-06-18T14:18:26.026Z
3534,6421,TX20240520576825,PAY_FEE,26,MRU,6566,MERCHANT,COLLECTED,2024-05-20T07:58:03.151Z
3535,6422,TX20240629186019,PAY_FEE,50,MRU,5078,MERCHANT,COLLECTED,2024-06-29T08:13:02.136Z
3536,6426,TX20240506526294,TRF_FEE,50,MRU,1809,PLATFORM,COLLECTED,2024-05-06T14:55:17.145Z
3537,6429,TX20240609439099,PAY_FEE,44,MRU,1343,MERCHANT,COLLECTED,2024-06-09T12:01:59.199Z
3538,6430,TX20240730432317,TRF_FEE,25,MRU,4329,PLATFORM,COLLECTED,2024-07-30T11:15:16.449Z
3539,6432,TX20240613822738,PAY_FEE,56,MRU,3052,MERCHANT,COLLECTED,2024-06-13T05:01:04.533Z
3540,6433,TX20240206092662,TRF_FEE,50,MRU,5421,PLATFORM,COLLECTED,2024-02-06T19:29:04.821Z
3541,6435,TX20240208780593,WIT_FEE,50,MRU,4480,PLATFORM,COLLECTED,2024-02-08T15:16:21.743Z
3542,6436,TX20240710101101,TRF_FEE,50,MRU,2486,PLATFORM,COLLECTED,2024-07-10T14:38:49.905Z
3543,6437,TX20240617507419,WIT_FEE,50,MRU,5543,PLATFORM,COLLECTED,2024-06-17T17:23:19.498Z
3544,6438,TX20241002970475,TRF_FEE,10,MRU,6983,PLATFORM,COLLECTED,2024-10-02T17:11:47.842Z
3545,6439,TX20240116078069,TRF_FEE,25,MRU,1166,PLATFORM,COLLECTED,2024-01-16T10:00:16.611Z
3546,6442,TX20240626384611,WIT_FEE,190,MRU,4424,PLATFORM,COLLECTED,2024-06-26T11:16:18.206Z
3547,6443,TX20240627788738,TRF_FEE,25,MRU,2465,PLATFORM,COLLECTED,2024-06-27T08:43:32.301Z
3548,6445,TX20240229002789,BIL_FEE,100,MRU,9795,PLATFORM,COLLECTED,2024-02-29T06:24:27.295Z
3549,6446,TX20240309414670,WIT_FEE,50,MRU,5501,PLATFORM,COLLECTED,2024-03-09T12:02:42.691Z
3550,6448,TX20240206833389,TRF_FEE,25,MRU,2760,PLATFORM,COLLECTED,2024-02-06T11:21:19.630Z
3551,6449,TX20241115866071,BIL_FEE,100,MRU,7249,PLATFORM,COLLECTED,2024-11-15T17:08:19.999Z
3552,6451,TX20240330085593,SAL_FEE,615,MRU,1962,PLATFORM,COLLECTED,2024-03-30T16:02:59.534Z
3553,6452,TX20240711392524,WIT_FEE,50,MRU,10659,PLATFORM,COLLECTED,2024-07-11T13:03:05.084Z
3554,6454,TX20240307924599,SAL_FEE,1475,MRU,2520,PLATFORM,COLLECTED,2024-03-07T13:25:15.693Z
3555,6455,TX20240325018750,TRF_FEE,25,MRU,6263,PLATFORM,COLLECTED,2024-03-25T13:35:15.449Z
3556,6456,TX20241215197366,TRF_FEE,25,MRU,10057,PLATFORM,COLLECTED,2024-12-15T11:05:06.938Z
3557,6459,TX20240531279596,TRF_FEE,25,MRU,1944,PLATFORM,COLLECTED,2024-05-31T07:57:27.266Z
3558,6460,TX20240712620896,TRF_FEE,50,MRU,2866,PLATFORM,COLLECTED,2024-07-12T12:44:06.444Z
3559,6461,TX20240706830701,PAY_FEE,71,MRU,8509,MERCHANT,COLLECTED,2024-07-06T13:40:05.404Z
3560,6464,TX20240925327707,PAY_FEE,51,MRU,3177,MERCHANT,COLLECTED,2024-09-25T09:07:46.990Z
3561,6465,TX20240205630946,PAY_FEE,62,MRU,5320,MERCHANT,COLLECTED,2024-02-05T10:03:08.458Z
3562,6466,TX20241227234933,TRF_FEE,25,MRU,2114,PLATFORM,COLLECTED,2024-12-27T14:38:46.179Z
3563,6467,TX20241014588079,PAY_FEE,27,MRU,2837,MERCHANT,COLLECTED,2024-10-14T06:24:38.623Z
3564,6470,TX20240224519153,PAY_FEE,150,MRU,1594,MERCHANT,COLLECTED,2024-02-24T20:59:59.516Z
3565,6471,TX20241201746044,BIL_FEE,100,MRU,4423,PLATFORM,COLLECTED,2024-12-01T10:01:13.028Z
3566,6472,TX20240815835510,TRF_FEE,10,MRU,2471,PLATFORM,COLLECTED,2024-08-15T07:34:41.642Z
3567,6473,TX20240702655018,TRF_FEE,50,MRU,6445,PLATFORM,COLLECTED,2024-07-02T19:37:22.370Z
3568,6474,TX20240328753981,TRF_FEE,50,MRU,2811,PLATFORM,COLLECTED,2024-03-28T13:46:08.554Z
3569,6476,TX20240514979679,PAY_FEE,14,MRU,10351,MERCHANT,COLLECTED,2024-05-14T18:43:08.935Z
3570,6478,TX20240311314517,TRF_FEE,25,MRU,4032,PLATFORM,COLLECTED,2024-03-11T14:07:11.151Z
3571,6479,TX20240816798088,PAY_FEE,57,MRU,9825,MERCHANT,COLLECTED,2024-08-16T12:19:55.758Z
3572,6480,TX20240819490743,PAY_FEE,21,MRU,4856,MERCHANT,COLLECTED,2024-08-19T05:11:24.401Z
3573,6481,TX20241016930546,SAL_FEE,2465,MRU,4474,PLATFORM,COLLECTED,2024-10-16T13:12:07.287Z
3574,6482,TX20240521407062,PAY_FEE,11,MRU,7064,MERCHANT,COLLECTED,2024-05-21T15:14:32.257Z
3575,6483,TX20240318968386,WIT_FEE,50,MRU,6356,PLATFORM,COLLECTED,2024-03-18T10:12:54.035Z
3576,6485,TX20240217486279,TRF_FEE,50,MRU,1195,PLATFORM,COLLECTED,2024-02-17T09:44:55.129Z
3577,6487,TX20240319454758,SAL_FEE,1415,MRU,1227,PLATFORM,COLLECTED,2024-03-19T22:41:38.674Z
3578,6488,TX20240928012115,SAL_FEE,1315,MRU,3253,PLATFORM,COLLECTED,2024-09-28T07:22:57.030Z
3579,6489,TX20241020930815,TRF_FEE,25,MRU,1748,PLATFORM,COLLECTED,2024-10-20T10:28:57.302Z
3580,6490,TX20241204922396,TRF_FEE,25,MRU,2119,PLATFORM,COLLECTED,2024-12-04T16:16:27.362Z
3581,6492,TX20240412700888,PAY_FEE,17,MRU,1803,MERCHANT,COLLECTED,2024-04-12T13:58:45.783Z
3582,6493,TX20240623922100,TRF_FEE,25,MRU,7691,PLATFORM,COLLECTED,2024-06-23T06:00:17.034Z
3583,6494,TX20240302410326,TRF_FEE,50,MRU,9843,PLATFORM,COLLECTED,2024-03-02T13:35:39.494Z
3584,6496,TX20240215949186,WIT_FEE,90,MRU,9192,PLATFORM,COLLECTED,2024-02-15T08:56:41.129Z
3585,6497,TX20240113475903,BIL_FEE,100,MRU,10515,PLATFORM,COLLECTED,2024-01-13T20:08:59.517Z
3586,6499,TX20240330839319,PAY_FEE,74,MRU,4942,MERCHANT,COLLECTED,2024-03-30T15:22:55.642Z
3587,6500,TX20240613450449,PAY_FEE,26,MRU,638,MERCHANT,COLLECTED,2024-06-13T07:32:56.676Z
3588,6502,TX20240426884288,PAY_FEE,30,MRU,1564,MERCHANT,COLLECTED,2024-04-26T16:49:20.956Z
3589,6504,TX20240503092045,TRF_FEE,10,MRU,2359,PLATFORM,COLLECTED,2024-05-03T08:57:52.278Z
3590,6505,TX20241010722813,PAY_FEE,41,MRU,2673,MERCHANT,COLLECTED,2024-10-10T06:37:52.103Z
3591,6506,TX20240228693225,WIT_FEE,50,MRU,7983,PLATFORM,COLLECTED,2024-02-28T14:01:25.559Z
3592,6508,TX20240501375629,WIT_FEE,50,MRU,1347,PLATFORM,COLLECTED,2024-05-01T06:15:25.028Z
3593,6510,TX20240112788938,WIT_FEE,50,MRU,4162,PLATFORM,COLLECTED,2024-01-12T07:52:13.898Z
3594,6513,TX20240509507148,WIT_FEE,500,MRU,9065,PLATFORM,COLLECTED,2024-05-09T08:35:04.301Z
3595,6514,TX20240709134959,WIT_FEE,50,MRU,1384,PLATFORM,COLLECTED,2024-07-09T01:04:24.479Z
3596,6517,TX20241128899799,WIT_FEE,50,MRU,4848,PLATFORM,COLLECTED,2024-11-28T21:22:03.613Z
3597,6523,TX20240305941662,WIT_FEE,320,MRU,1278,PLATFORM,COLLECTED,2024-03-05T18:54:11.850Z
3598,6526,TX20240213579307,PAY_FEE,51,MRU,10397,MERCHANT,COLLECTED,2024-02-13T17:37:42.311Z
3599,6527,TX20240710776365,WIT_FEE,420,MRU,1618,PLATFORM,COLLECTED,2024-07-10T09:59:26.174Z
3600,6528,TX20240821862158,PAY_FEE,5,MRU,8145,MERCHANT,COLLECTED,2024-08-21T12:59:00.824Z
3601,6529,TX20240709169508,PAY_FEE,41,MRU,2473,MERCHANT,COLLECTED,2024-07-09T15:19:26.307Z
3602,6530,TX20241112839810,TRF_FEE,50,MRU,3818,PLATFORM,COLLECTED,2024-11-12T07:20:52.853Z
3603,6531,TX20240225788596,PAY_FEE,645,MRU,3096,MERCHANT,COLLECTED,2024-02-25T16:38:49.954Z
3604,6533,TX20240120219437,BIL_FEE,100,MRU,7934,PLATFORM,COLLECTED,2024-01-20T09:52:49.904Z
3605,6534,TX20240127439763,WIT_FEE,50,MRU,1832,PLATFORM,COLLECTED,2024-01-27T16:02:35.365Z
3606,6536,TX20240308502417,WIT_FEE,50,MRU,480,PLATFORM,COLLECTED,2024-03-08T11:49:25.892Z
3607,6538,TX20240807507594,TRF_FEE,25,MRU,10311,PLATFORM,COLLECTED,2024-08-07T14:30:10.331Z
3608,6540,TX20240307643332,TRF_FEE,25,MRU,6510,PLATFORM,COLLECTED,2024-03-07T14:50:13.695Z
3609,6542,TX20240616229941,PAY_FEE,74,MRU,10614,MERCHANT,COLLECTED,2024-06-16T09:22:09.683Z
3610,6547,TX20240329280582,WIT_FEE,50,MRU,8856,PLATFORM,COLLECTED,2024-03-29T17:37:17.891Z
3611,6548,TX20240909601673,BIL_FEE,100,MRU,3320,PLATFORM,COLLECTED,2024-09-09T15:09:33.009Z
3612,6557,TX20241210638043,WIT_FEE,50,MRU,9163,PLATFORM,COLLECTED,2024-12-10T04:19:13.584Z
3613,6558,TX20240119661319,WIT_FEE,100,MRU,6635,PLATFORM,COLLECTED,2024-01-19T11:14:47.746Z
3614,6561,TX20241212604905,TRF_FEE,25,MRU,1925,PLATFORM,COLLECTED,2024-12-12T05:42:27.010Z
3615,6562,TX20240326977827,TRF_FEE,50,MRU,4976,PLATFORM,COLLECTED,2024-03-26T12:05:19.024Z
3616,6563,TX20240726291714,PAY_FEE,39,MRU,1585,MERCHANT,COLLECTED,2024-07-26T10:49:42.616Z
3617,6565,TX20240409806142,PAY_FEE,24,MRU,5885,MERCHANT,COLLECTED,2024-04-09T07:14:20.305Z
3618,6566,TX20241105072374,TRF_FEE,25,MRU,7247,PLATFORM,COLLECTED,2024-11-05T19:33:49.612Z
3619,6568,TX20240805578905,SAL_FEE,760,MRU,9597,PLATFORM,COLLECTED,2024-08-05T16:53:58.843Z
3620,6569,TX20240419692651,TRF_FEE,50,MRU,6898,PLATFORM,COLLECTED,2024-04-19T16:20:03.148Z
3621,6571,TX20240421675976,TRF_FEE,25,MRU,8584,PLATFORM,COLLECTED,2024-04-21T06:35:15.800Z
3622,6572,TX20240726742409,TRF_FEE,25,MRU,5548,PLATFORM,COLLECTED,2024-07-26T12:54:27.297Z
3623,6574,TX20240717425281,TRF_FEE,50,MRU,5254,PLATFORM,COLLECTED,2024-07-17T15:36:19.476Z
3624,6577,TX20240907282711,TRF_FEE,25,MRU,10140,PLATFORM,COLLECTED,2024-09-07T09:28:30.853Z
3625,6580,TX20241215143262,TRF_FEE,50,MRU,5149,PLATFORM,COLLECTED,2024-12-15T11:02:21.599Z
3626,6588,TX20241119662617,WIT_FEE,50,MRU,5457,PLATFORM,COLLECTED,2024-11-19T10:18:51.574Z
3627,6589,TX20241219815136,BIL_FEE,100,MRU,962,PLATFORM,COLLECTED,2024-12-19T16:36:27.963Z
3628,6590,TX20240806430395,PAY_FEE,57,MRU,8046,MERCHANT,COLLECTED,2024-08-06T12:04:41.101Z
3629,6592,TX20240103012120,SAL_FEE,2105,MRU,1820,PLATFORM,COLLECTED,2024-01-03T10:13:04.295Z
3630,6594,TX20241230871111,PAY_FEE,7,MRU,3322,MERCHANT,COLLECTED,2024-12-30T21:49:00.311Z
3631,6595,TX20241006285106,PAY_FEE,63,MRU,114,MERCHANT,COLLECTED,2024-10-06T06:09:58.235Z
3632,6596,TX20240117587526,TRF_FEE,10,MRU,9548,PLATFORM,COLLECTED,2024-01-17T17:14:15.967Z
3633,6603,TX20240815593553,WIT_FEE,50,MRU,765,PLATFORM,COLLECTED,2024-08-15T14:54:56.738Z
3634,6604,TX20240811254191,TRF_FEE,50,MRU,10585,PLATFORM,COLLECTED,2024-08-11T11:51:45.201Z
3635,6610,TX20241213256675,TRF_FEE,10,MRU,8679,PLATFORM,COLLECTED,2024-12-13T15:01:52.853Z
3636,6612,TX20240303217370,PAY_FEE,116,MRU,7143,MERCHANT,COLLECTED,2024-03-03T13:22:11.753Z
3637,6614,TX20241215213738,TRF_FEE,25,MRU,3343,PLATFORM,COLLECTED,2024-12-15T18:48:41.866Z
3638,6615,TX20240715772675,TRF_FEE,25,MRU,10041,PLATFORM,COLLECTED,2024-07-15T19:54:22.895Z
3639,6618,TX20240109514534,WIT_FEE,50,MRU,9429,PLATFORM,COLLECTED,2024-01-09T12:31:29.174Z
3640,6621,TX20240121713405,WIT_FEE,200,MRU,8265,PLATFORM,COLLECTED,2024-01-21T07:42:08.401Z
3641,6622,TX20240915043492,TRF_FEE,50,MRU,1006,PLATFORM,COLLECTED,2024-09-15T06:53:55.548Z
3642,6624,TX20240525674962,WIT_FEE,50,MRU,10321,PLATFORM,COLLECTED,2024-05-25T13:52:34.960Z
3643,6628,TX20240515991334,TRF_FEE,50,MRU,1871,PLATFORM,COLLECTED,2024-05-15T15:13:01.303Z
3644,6630,TX20240105724485,TRF_FEE,50,MRU,1110,PLATFORM,COLLECTED,2024-01-05T11:46:58.512Z
3645,6633,TX20240110807746,TRF_FEE,50,MRU,9123,PLATFORM,COLLECTED,2024-01-10T08:47:02.933Z
3646,6636,TX20240116582788,WIT_FEE,50,MRU,9279,PLATFORM,COLLECTED,2024-01-16T07:27:17.046Z
3647,6637,TX20240508913599,WIT_FEE,50,MRU,7907,PLATFORM,COLLECTED,2024-05-08T14:47:04.978Z
3648,6641,TX20240114836973,WIT_FEE,50,MRU,1172,PLATFORM,COLLECTED,2024-01-14T20:28:06.805Z
3649,6643,TX20240401304256,BIL_FEE,100,MRU,8023,PLATFORM,COLLECTED,2024-04-01T10:34:36.387Z
3650,6647,TX20240826970902,PAY_FEE,54,MRU,240,MERCHANT,COLLECTED,2024-08-26T13:05:14.809Z
3651,6651,TX20240501171321,TRF_FEE,25,MRU,2625,PLATFORM,COLLECTED,2024-05-01T15:05:43.986Z
3652,6655,TX20241115956968,TRF_FEE,50,MRU,10661,PLATFORM,COLLECTED,2024-11-15T09:07:40.836Z
3653,6656,TX20240412735463,TRF_FEE,25,MRU,7821,PLATFORM,COLLECTED,2024-04-12T09:12:23.950Z
3654,6657,TX20240401293475,TRF_FEE,50,MRU,10412,PLATFORM,COLLECTED,2024-04-01T15:32:18.221Z
3655,6659,TX20240417018148,TRF_FEE,10,MRU,9711,PLATFORM,COLLECTED,2024-04-17T17:15:38.925Z
3656,6660,TX20240630107753,TRF_FEE,25,MRU,9795,PLATFORM,COLLECTED,2024-06-30T07:48:24.787Z
3657,6661,TX20240707444329,TRF_FEE,50,MRU,2423,PLATFORM,COLLECTED,2024-07-07T10:41:26.163Z
3658,6664,TX20240419392799,TRF_FEE,50,MRU,10307,PLATFORM,COLLECTED,2024-04-19T10:57:23.408Z
3659,6666,TX20240905840435,PAY_FEE,20,MRU,2264,MERCHANT,COLLECTED,2024-09-05T07:37:23.169Z
3660,6667,TX20240725081809,BIL_FEE,100,MRU,1400,PLATFORM,COLLECTED,2024-07-25T16:09:46.644Z
3661,6668,TX20240323970052,TRF_FEE,50,MRU,4969,PLATFORM,COLLECTED,2024-03-23T13:44:55.463Z
3662,6669,TX20240928755254,TRF_FEE,25,MRU,4663,PLATFORM,COLLECTED,2024-09-28T14:17:24.018Z
3663,6670,TX20240414135346,TRF_FEE,25,MRU,919,PLATFORM,COLLECTED,2024-04-14T16:51:36.197Z
3664,6671,TX20240601216582,WIT_FEE,50,MRU,3889,PLATFORM,COLLECTED,2024-06-01T17:26:47.559Z
3665,6672,TX20240611117505,WIT_FEE,65,MRU,7518,PLATFORM,COLLECTED,2024-06-11T16:28:05.332Z
3666,6673,TX20240718527442,TRF_FEE,25,MRU,8590,PLATFORM,COLLECTED,2024-07-18T14:39:16.205Z
3667,6675,TX20240611337116,TRF_FEE,25,MRU,9020,PLATFORM,COLLECTED,2024-06-11T17:10:49.039Z
3668,6678,TX20240603144194,WIT_FEE,50,MRU,2020,PLATFORM,COLLECTED,2024-06-03T09:34:17.695Z
3669,6680,TX20240527411656,TRF_FEE,50,MRU,2459,PLATFORM,COLLECTED,2024-05-27T15:07:54.234Z
3670,6682,TX20240106735613,TRF_FEE,50,MRU,5754,PLATFORM,COLLECTED,2024-01-06T17:51:33.964Z
3671,6685,TX20241005811913,WIT_FEE,50,MRU,1510,PLATFORM,COLLECTED,2024-10-05T12:33:44.673Z
3672,6686,TX20241113259322,WIT_FEE,50,MRU,10006,PLATFORM,COLLECTED,2024-11-13T17:38:47.970Z
3673,6687,TX20240827332249,TRF_FEE,25,MRU,10408,PLATFORM,COLLECTED,2024-08-27T09:36:48.169Z
3674,6689,TX20241130772448,WIT_FEE,500,MRU,8198,PLATFORM,COLLECTED,2024-11-30T16:42:24.784Z
3675,6693,TX20240424117598,TRF_FEE,50,MRU,10139,PLATFORM,COLLECTED,2024-04-24T07:38:16.569Z
3676,6695,TX20241123547535,TRF_FEE,50,MRU,5111,PLATFORM,COLLECTED,2024-11-23T17:42:40.726Z
3677,6696,TX20241213768244,WIT_FEE,50,MRU,617,PLATFORM,COLLECTED,2024-12-13T09:33:17.668Z
3678,6697,TX20240411671004,TRF_FEE,50,MRU,1073,PLATFORM,COLLECTED,2024-04-11T10:12:19.586Z
3679,6700,TX20240915968247,TRF_FEE,50,MRU,3443,PLATFORM,COLLECTED,2024-09-15T12:41:44.058Z
3680,6702,TX20241018394500,WIT_FEE,50,MRU,4567,PLATFORM,COLLECTED,2024-10-18T07:16:13.434Z
3681,6704,TX20240531063899,TRF_FEE,25,MRU,5540,PLATFORM,COLLECTED,2024-05-31T08:52:29.852Z
3682,6706,TX20241110193571,TRF_FEE,50,MRU,4822,PLATFORM,COLLECTED,2024-11-10T17:07:58.636Z
3683,6707,TX20240508448690,TRF_FEE,50,MRU,5655,PLATFORM,COLLECTED,2024-05-08T18:13:53.139Z
3684,6708,TX20241011979923,PAY_FEE,6,MRU,1767,MERCHANT,COLLECTED,2024-10-11T15:47:37.091Z
3685,6710,TX20240217337857,WIT_FEE,50,MRU,5385,PLATFORM,COLLECTED,2024-02-17T17:53:01.844Z
3686,6712,TX20240213111569,WIT_FEE,500,MRU,4976,PLATFORM,COLLECTED,2024-02-13T15:18:52.942Z
3687,6715,TX20240120358803,WIT_FEE,69,MRU,10483,PLATFORM,COLLECTED,2024-01-20T18:29:01.645Z
3688,6716,TX20240728721356,WIT_FEE,50,MRU,10451,PLATFORM,COLLECTED,2024-07-27T23:00:34.240Z
3689,6717,TX20241119074568,WIT_FEE,50,MRU,9845,PLATFORM,COLLECTED,2024-11-19T06:55:12.028Z
3690,6718,TX20240518878123,TRF_FEE,25,MRU,6172,PLATFORM,COLLECTED,2024-05-18T08:31:21.479Z
3691,6719,TX20240808727518,TRF_FEE,25,MRU,1919,PLATFORM,COLLECTED,2024-08-08T14:03:33.865Z
3692,6720,TX20240204312998,PAY_FEE,6,MRU,9383,MERCHANT,COLLECTED,2024-02-04T16:18:19.153Z
3693,6721,TX20240731095055,WIT_FEE,50,MRU,1326,PLATFORM,COLLECTED,2024-07-31T14:41:00.601Z
3694,6727,TX20241102630182,PAY_FEE,50,MRU,5500,MERCHANT,COLLECTED,2024-11-02T13:04:11.995Z
3695,6729,TX20240120437545,PAY_FEE,36,MRU,7167,MERCHANT,COLLECTED,2024-01-20T17:58:59.153Z
3696,6730,TX20240123253459,TRF_FEE,10,MRU,8784,PLATFORM,COLLECTED,2024-01-23T15:25:03.447Z
3697,6733,TX20240425341856,BIL_FEE,100,MRU,188,PLATFORM,COLLECTED,2024-04-25T06:14:01.681Z
3698,6735,TX20240121699750,TRF_FEE,50,MRU,8385,PLATFORM,COLLECTED,2024-01-21T17:03:23.274Z
3699,6736,TX20241130428953,TRF_FEE,50,MRU,9073,PLATFORM,COLLECTED,2024-11-30T15:13:13.227Z
3700,6741,TX20240402850671,WIT_FEE,50,MRU,10434,PLATFORM,COLLECTED,2024-04-02T08:41:01.458Z
3701,6742,TX20240501819286,SAL_FEE,1935,MRU,7465,PLATFORM,COLLECTED,2024-05-01T19:28:26.175Z
3702,6744,TX20241016150600,WIT_FEE,50,MRU,8768,PLATFORM,COLLECTED,2024-10-16T12:43:58.275Z
3703,6746,TX20241113002893,TRF_FEE,50,MRU,10430,PLATFORM,COLLECTED,2024-11-13T08:30:58.694Z
3704,6748,TX20241011891713,WIT_FEE,50,MRU,7061,PLATFORM,COLLECTED,2024-10-11T13:33:14.461Z
3705,6749,TX20240308563909,WIT_FEE,50,MRU,480,PLATFORM,COLLECTED,2024-03-08T11:49:25.892Z
3706,6750,TX20241120863442,WIT_FEE,50,MRU,2350,PLATFORM,COLLECTED,2024-11-20T14:25:45.808Z
3707,6753,TX20241031759738,TRF_FEE,50,MRU,7026,PLATFORM,COLLECTED,2024-10-31T09:41:35.530Z
3708,6757,TX20240530580707,WIT_FEE,50,MRU,5459,PLATFORM,COLLECTED,2024-05-30T09:25:23.492Z
3709,6758,TX20241219114182,PAY_FEE,23,MRU,5802,MERCHANT,COLLECTED,2024-12-19T15:28:13.075Z
3710,6759,TX20240603973574,TRF_FEE,50,MRU,6444,PLATFORM,COLLECTED,2024-06-03T18:20:56.522Z
3711,6760,TX20240930023277,WIT_FEE,50,MRU,6076,PLATFORM,COLLECTED,2024-09-30T14:36:16.851Z
3712,6761,TX20240109250387,TRF_FEE,50,MRU,1600,PLATFORM,COLLECTED,2024-01-09T16:23:38.580Z
3713,6764,TX20240507083406,WIT_FEE,50,MRU,4088,PLATFORM,COLLECTED,2024-05-07T15:48:51.314Z
3714,6765,TX20241121066985,WIT_FEE,50,MRU,133,PLATFORM,COLLECTED,2024-11-21T14:48:23.726Z
3715,6768,TX20240302569418,WIT_FEE,160,MRU,10507,PLATFORM,COLLECTED,2024-03-02T10:36:40.265Z
3716,6769,TX20240807484746,PAY_FEE,11,MRU,7756,MERCHANT,COLLECTED,2024-08-07T18:12:46.296Z
3717,6770,TX20241226620553,TRF_FEE,50,MRU,10086,PLATFORM,COLLECTED,2024-12-26T15:04:17.958Z
3718,6773,TX20241028315470,PAY_FEE,66,MRU,8094,MERCHANT,COLLECTED,2024-10-28T17:00:43.701Z
3719,6775,TX20241225867242,TRF_FEE,25,MRU,10768,PLATFORM,COLLECTED,2024-12-25T17:30:10.807Z
3720,6776,TX20240629433309,WIT_FEE,50,MRU,6953,PLATFORM,COLLECTED,2024-06-29T16:46:36.291Z
3721,6777,TX20240705923084,TRF_FEE,50,MRU,6052,PLATFORM,COLLECTED,2024-07-05T07:49:36.096Z
3722,6778,TX20240130652016,WIT_FEE,50,MRU,6412,PLATFORM,COLLECTED,2024-01-30T17:36:50.079Z
3723,6781,TX20240118205546,WIT_FEE,160,MRU,7423,PLATFORM,COLLECTED,2024-01-18T08:41:46.269Z
3724,6782,TX20240222087915,PAY_FEE,36,MRU,3052,MERCHANT,COLLECTED,2024-02-22T18:19:12.183Z
3725,6783,TX20240206378070,WIT_FEE,500,MRU,8124,PLATFORM,COLLECTED,2024-02-06T17:02:44.742Z
3726,6785,TX20240530173573,WIT_FEE,50,MRU,6618,PLATFORM,COLLECTED,2024-05-30T06:59:09.238Z
3727,6787,TX20240325623604,PAY_FEE,75,MRU,6512,MERCHANT,COLLECTED,2024-03-25T09:55:48.767Z
3728,6788,TX20240920088117,TRF_FEE,10,MRU,5514,PLATFORM,COLLECTED,2024-09-20T10:33:44.580Z
3729,6789,TX20240723985816,WIT_FEE,200,MRU,6738,PLATFORM,COLLECTED,2024-07-23T06:44:19.723Z
3730,6791,TX20241124571686,WIT_FEE,50,MRU,5012,PLATFORM,COLLECTED,2024-11-24T13:29:06.746Z
3731,6793,TX20240507678203,TRF_FEE,50,MRU,5781,PLATFORM,COLLECTED,2024-05-07T13:50:45.962Z
3732,6794,TX20240815082836,WIT_FEE,200,MRU,503,PLATFORM,COLLECTED,2024-08-15T17:20:00.213Z
3733,6796,TX20241111736611,TRF_FEE,10,MRU,10720,PLATFORM,COLLECTED,2024-11-11T10:28:21.445Z
3734,6799,TX20240115525223,WIT_FEE,50,MRU,8218,PLATFORM,COLLECTED,2024-01-15T11:27:17.020Z
3735,6800,TX20240905764308,WIT_FEE,100,MRU,10906,PLATFORM,COLLECTED,2024-09-05T16:01:47.213Z
3736,6801,TX20240818945211,PAY_FEE,35,MRU,4180,MERCHANT,COLLECTED,2024-08-18T13:34:03.184Z
3737,6805,TX20241211007532,WIT_FEE,500,MRU,3633,PLATFORM,COLLECTED,2024-12-11T16:14:56.792Z
3738,6809,TX20240625251567,PAY_FEE,15,MRU,7721,MERCHANT,COLLECTED,2024-06-25T11:59:26.135Z
3739,6810,TX20240712803772,WIT_FEE,50,MRU,5895,PLATFORM,COLLECTED,2024-07-12T05:50:29.522Z
3740,6811,TX20240625945044,TRF_FEE,50,MRU,6754,PLATFORM,COLLECTED,2024-06-25T06:57:48.411Z
3741,6812,TX20240612584347,TRF_FEE,25,MRU,5017,PLATFORM,COLLECTED,2024-06-12T10:19:59.351Z
3742,6816,TX20240416201826,PAY_FEE,1560,MRU,5273,MERCHANT,COLLECTED,2024-04-16T15:49:07.478Z
3743,6818,TX20240810289632,WIT_FEE,100,MRU,8305,PLATFORM,COLLECTED,2024-08-10T07:10:37.851Z
3744,6821,TX20240529183765,WIT_FEE,50,MRU,4202,PLATFORM,COLLECTED,2024-05-29T15:54:41.053Z
3745,6822,TX20240809786102,PAY_FEE,24,MRU,10508,MERCHANT,COLLECTED,2024-08-09T07:48:53.640Z
3746,6823,TX20240224140570,BIL_FEE,100,MRU,2106,PLATFORM,COLLECTED,2024-02-24T10:28:54.035Z
3747,6824,TX20240621648115,PAY_FEE,135,MRU,421,MERCHANT,COLLECTED,2024-06-21T06:13:18.552Z
3748,6826,TX20241016566511,WIT_FEE,50,MRU,8974,PLATFORM,COLLECTED,2024-10-16T20:27:57.905Z
3749,6827,TX20240227722235,TRF_FEE,50,MRU,10107,PLATFORM,COLLECTED,2024-02-27T14:25:32.970Z
3750,6828,TX20240522433487,PAY_FEE,66,MRU,1619,MERCHANT,COLLECTED,2024-05-22T05:53:03.540Z
3751,6831,TX20241216320560,TRF_FEE,25,MRU,10033,PLATFORM,COLLECTED,2024-12-16T19:16:37.872Z
3752,6836,TX20240812674962,WIT_FEE,50,MRU,153,PLATFORM,COLLECTED,2024-08-12T16:34:57.935Z
3753,6839,TX20240519160061,TRF_FEE,50,MRU,7057,PLATFORM,COLLECTED,2024-05-19T15:04:00.773Z
3754,6840,TX20240826552074,WIT_FEE,50,MRU,3366,PLATFORM,COLLECTED,2024-08-26T09:46:13.031Z
3755,6841,TX20241201960581,SAL_FEE,2415,MRU,588,PLATFORM,COLLECTED,2024-12-01T16:11:15.792Z
3756,6847,TX20240624906209,TRF_FEE,25,MRU,9837,PLATFORM,COLLECTED,2024-06-24T12:35:33.576Z
3757,6848,TX20240118411824,WIT_FEE,130,MRU,8269,PLATFORM,COLLECTED,2024-01-18T17:04:07.186Z
3758,6856,TX20240411845965,TRF_FEE,50,MRU,4791,PLATFORM,COLLECTED,2024-04-11T06:32:01.499Z
3759,6857,TX20241125586674,WIT_FEE,50,MRU,6193,PLATFORM,COLLECTED,2024-11-25T20:02:55.781Z
3760,6859,TX20240826634084,PAY_FEE,54,MRU,240,MERCHANT,COLLECTED,2024-08-26T13:05:14.809Z
3761,6860,TX20241020285304,PAY_FEE,9,MRU,8919,MERCHANT,COLLECTED,2024-10-20T14:43:28.861Z
3762,6862,TX20240219411647,TRF_FEE,50,MRU,5925,PLATFORM,COLLECTED,2024-02-19T15:06:30.251Z
3763,6863,TX20240327204697,SAL_FEE,635,MRU,5643,PLATFORM,COLLECTED,2024-03-27T13:45:32.487Z
3764,6865,TX20240110799170,TRF_FEE,50,MRU,2266,PLATFORM,COLLECTED,2024-01-10T10:44:39.078Z
3765,6866,TX20241027552616,TRF_FEE,25,MRU,8826,PLATFORM,COLLECTED,2024-10-27T05:35:23.026Z
3766,6867,TX20241101066080,TRF_FEE,50,MRU,4223,PLATFORM,COLLECTED,2024-11-01T20:10:52.077Z
3767,6868,TX20241213784702,WIT_FEE,50,MRU,6241,PLATFORM,COLLECTED,2024-12-13T15:53:23.673Z
3768,6869,TX20240312499356,WIT_FEE,50,MRU,5767,PLATFORM,COLLECTED,2024-03-12T17:54:47.293Z
3769,6870,TX20241112708645,WIT_FEE,50,MRU,6523,PLATFORM,COLLECTED,2024-11-12T16:16:08.338Z
3770,6872,TX20240209723737,PAY_FEE,65,MRU,4383,MERCHANT,COLLECTED,2024-02-09T11:25:58.093Z
3771,6875,TX20240325041912,TRF_FEE,25,MRU,5081,PLATFORM,COLLECTED,2024-03-25T05:43:52.344Z
3772,6881,TX20241207842323,TRF_FEE,25,MRU,8094,PLATFORM,COLLECTED,2024-12-07T11:05:30.338Z
3773,6882,TX20240605122886,TRF_FEE,25,MRU,4634,PLATFORM,COLLECTED,2024-06-05T17:26:26.148Z
3774,6883,TX20240314802871,TRF_FEE,25,MRU,600,PLATFORM,COLLECTED,2024-03-14T09:32:47.688Z
3775,6884,TX20240419018981,TRF_FEE,10,MRU,9244,PLATFORM,COLLECTED,2024-04-19T07:36:41.446Z
3776,6887,TX20241029634047,TRF_FEE,50,MRU,446,PLATFORM,COLLECTED,2024-10-29T09:01:52.047Z
3777,6889,TX20240617017236,TRF_FEE,25,MRU,6737,PLATFORM,COLLECTED,2024-06-17T10:59:02.223Z
3778,6890,TX20240611580387,PAY_FEE,30,MRU,3708,MERCHANT,COLLECTED,2024-06-11T16:52:04.324Z
3779,6891,TX20241204464391,PAY_FEE,125,MRU,7523,MERCHANT,COLLECTED,2024-12-04T11:04:57.828Z
3780,6892,TX20240521368132,WIT_FEE,50,MRU,3266,PLATFORM,COLLECTED,2024-05-21T12:10:52.037Z
3781,6893,TX20241129048341,PAY_FEE,15,MRU,221,MERCHANT,COLLECTED,2024-11-29T14:02:56.698Z
3782,6897,TX20240211851044,PAY_FEE,15,MRU,6645,MERCHANT,COLLECTED,2024-02-11T10:28:13.027Z
3783,6898,TX20240621256042,WIT_FEE,100,MRU,3104,PLATFORM,COLLECTED,2024-06-21T15:45:10.597Z
3784,6900,TX20240623262768,TRF_FEE,50,MRU,420,PLATFORM,COLLECTED,2024-06-23T14:58:24.259Z
3785,6902,TX20241027445670,WIT_FEE,50,MRU,5012,PLATFORM,COLLECTED,2024-10-27T14:19:42.957Z
3786,6903,TX20240909563882,PAY_FEE,13,MRU,8181,MERCHANT,COLLECTED,2024-09-09T16:08:38.647Z
3787,6908,TX20241122210960,TRF_FEE,50,MRU,7289,PLATFORM,COLLECTED,2024-11-22T09:11:07.256Z
3788,6909,TX20240524092704,TRF_FEE,25,MRU,5436,PLATFORM,COLLECTED,2024-05-24T07:44:35.173Z
3789,6910,TX20240222108825,WIT_FEE,50,MRU,10770,PLATFORM,COLLECTED,2024-02-22T13:03:08.490Z
3790,6912,TX20241128518473,TRF_FEE,25,MRU,2380,PLATFORM,COLLECTED,2024-11-28T10:01:08.970Z
3791,6914,TX20241020161017,TRF_FEE,25,MRU,1748,PLATFORM,COLLECTED,2024-10-20T10:28:57.302Z
3792,6916,TX20240213788518,TRF_FEE,50,MRU,7172,PLATFORM,COLLECTED,2024-02-13T10:07:44.469Z
3793,6918,TX20240623249395,TRF_FEE,25,MRU,7691,PLATFORM,COLLECTED,2024-06-23T06:00:17.034Z
3794,6920,TX20241216639153,TRF_FEE,25,MRU,8860,PLATFORM,COLLECTED,2024-12-16T15:05:44.433Z
3795,6921,TX20240215063854,WIT_FEE,68,MRU,9192,PLATFORM,COLLECTED,2024-02-15T08:56:41.129Z
3796,6924,TX20240517067999,TRF_FEE,50,MRU,10884,PLATFORM,COLLECTED,2024-05-17T18:38:26.266Z
3797,6925,TX20241210028249,TRF_FEE,50,MRU,7914,PLATFORM,COLLECTED,2024-12-10T15:03:34.310Z
3798,6926,TX20241128288573,TRF_FEE,50,MRU,3264,PLATFORM,COLLECTED,2024-11-28T13:02:27.560Z
3799,6928,TX20240823428856,WIT_FEE,50,MRU,9822,PLATFORM,COLLECTED,2024-08-23T13:30:23.253Z
3800,6929,TX20240411863165,PAY_FEE,7,MRU,2102,MERCHANT,COLLECTED,2024-04-11T07:08:28.828Z
3801,6930,TX20241115663420,TRF_FEE,25,MRU,8837,PLATFORM,COLLECTED,2024-11-15T07:14:20.235Z
3802,6931,TX20240921497570,TRF_FEE,50,MRU,8058,PLATFORM,COLLECTED,2024-09-21T09:27:54.290Z
3803,6932,TX20240428752988,TRF_FEE,25,MRU,9310,PLATFORM,COLLECTED,2024-04-28T10:21:33.168Z
3804,6937,TX20240907778553,WIT_FEE,50,MRU,465,PLATFORM,COLLECTED,2024-09-07T15:09:16.519Z
3805,6938,TX20240803330939,WIT_FEE,50,MRU,9908,PLATFORM,COLLECTED,2024-08-03T06:18:49.594Z
3806,6939,TX20240624700939,TRF_FEE,50,MRU,9574,PLATFORM,COLLECTED,2024-06-24T06:25:20.709Z
3807,6943,TX20240408275718,TRF_FEE,25,MRU,4445,PLATFORM,COLLECTED,2024-04-08T06:49:59.781Z
3808,6945,TX20240921642079,WIT_FEE,50,MRU,2172,PLATFORM,COLLECTED,2024-09-21T12:04:43.352Z
3809,6948,TX20240820018499,TRF_FEE,25,MRU,4640,PLATFORM,COLLECTED,2024-08-20T11:47:40.346Z
3810,6949,TX20241018655937,WIT_FEE,200,MRU,6601,PLATFORM,COLLECTED,2024-10-18T09:41:22.135Z
3811,6954,TX20241115267078,WIT_FEE,100,MRU,8359,PLATFORM,COLLECTED,2024-11-15T13:38:35.169Z
3812,6956,TX20240118887092,WIT_FEE,50,MRU,5169,PLATFORM,COLLECTED,2024-01-18T17:59:37.788Z
3813,6957,TX20240317491985,PAY_FEE,45,MRU,6184,MERCHANT,COLLECTED,2024-03-17T18:14:13.225Z
3814,6959,TX20240609600739,TRF_FEE,10,MRU,2529,PLATFORM,COLLECTED,2024-06-09T06:55:46.952Z
3815,6960,TX20241229196128,BIL_FEE,100,MRU,5772,PLATFORM,COLLECTED,2024-12-29T14:06:06.619Z
3816,6964,TX20240321898295,PAY_FEE,465,MRU,1293,MERCHANT,COLLECTED,2024-03-21T14:15:43.063Z
3817,6965,TX20240802773728,TRF_FEE,25,MRU,5856,PLATFORM,COLLECTED,2024-08-02T12:38:14.899Z
3818,6966,TX20240905645013,WIT_FEE,50,MRU,9753,PLATFORM,COLLECTED,2024-09-05T15:08:02.132Z
3819,6967,TX20240803689710,SAL_FEE,1250,MRU,5211,PLATFORM,COLLECTED,2024-08-03T15:13:09.479Z
3820,6969,TX20240605580707,WIT_FEE,100,MRU,9063,PLATFORM,COLLECTED,2024-06-05T10:29:29.319Z
3821,6970,TX20241219013574,PAY_FEE,23,MRU,5802,MERCHANT,COLLECTED,2024-12-19T15:28:13.075Z
3822,6975,TX20240308870855,WIT_FEE,50,MRU,3551,PLATFORM,COLLECTED,2024-03-08T07:21:25.976Z
3823,6976,TX20240929083406,WIT_FEE,50,MRU,3991,PLATFORM,COLLECTED,2024-09-29T16:51:18.369Z
3824,6977,TX20241121557479,WIT_FEE,50,MRU,133,PLATFORM,COLLECTED,2024-11-21T14:48:23.726Z
3825,6978,TX20240816264678,PAY_FEE,35,MRU,10845,MERCHANT,COLLECTED,2024-08-16T11:14:07.004Z
3826,6981,TX20240807514179,PAY_FEE,11,MRU,7756,MERCHANT,COLLECTED,2024-08-07T18:12:46.296Z
3827,6982,TX20240820528429,SAL_FEE,675,MRU,503,PLATFORM,COLLECTED,2024-08-20T06:17:57.914Z
3828,6984,TX20241218275925,TRF_FEE,50,MRU,3105,PLATFORM,COLLECTED,2024-12-18T08:56:36.467Z
3829,6986,TX20240625671771,WIT_FEE,200,MRU,8440,PLATFORM,COLLECTED,2024-06-25T13:36:03.497Z
3830,6987,TX20241222208220,PAY_FEE,66,MRU,10677,MERCHANT,COLLECTED,2024-12-22T15:21:16.547Z
3831,6988,TX20240810453747,PAY_FEE,36,MRU,4889,MERCHANT,COLLECTED,2024-08-10T08:37:10.347Z
3832,6989,TX20240223923084,TRF_FEE,50,MRU,1673,PLATFORM,COLLECTED,2024-02-23T17:36:05.546Z
3833,6990,TX20240130560886,WIT_FEE,50,MRU,6412,PLATFORM,COLLECTED,2024-01-30T17:36:50.079Z
3834,6994,TX20240204087915,WIT_FEE,50,MRU,2280,PLATFORM,COLLECTED,2024-02-04T17:08:53.327Z
3835,6995,TX20240206494731,WIT_FEE,200,MRU,8124,PLATFORM,COLLECTED,2024-02-06T17:02:44.742Z
3836,6996,TX20241011211310,WIT_FEE,50,MRU,7241,PLATFORM,COLLECTED,2024-10-11T16:20:18.003Z
3837,6999,TX20240325192452,PAY_FEE,75,MRU,6512,MERCHANT,COLLECTED,2024-03-25T09:55:48.767Z
3838,7001,TX20240501484912,PAY_FEE,56,MRU,7976,MERCHANT,COLLECTED,2024-05-01T13:06:44.318Z
3839,7003,TX20240208404078,PAY_FEE,114,MRU,5397,MERCHANT,COLLECTED,2024-02-08T11:13:54.538Z
3840,7005,TX20241220993803,WIT_FEE,50,MRU,8325,PLATFORM,COLLECTED,2024-12-20T14:20:37.834Z
3841,7007,TX20240825862091,BIL_FEE,100,MRU,7172,PLATFORM,COLLECTED,2024-08-25T14:26:40.294Z
3842,7008,TX20240102592728,WIT_FEE,50,MRU,9545,PLATFORM,COLLECTED,2024-01-02T10:00:46.592Z
3843,7010,TX20241224734807,TRF_FEE,50,MRU,10575,PLATFORM,COLLECTED,2024-12-24T07:23:09.640Z
3844,7011,TX20240115339679,PAY_FEE,39,MRU,5148,MERCHANT,COLLECTED,2024-01-15T10:14:02.422Z
3845,7016,TX20240410095184,WIT_FEE,150,MRU,2686,PLATFORM,COLLECTED,2024-04-10T10:39:49.219Z
3846,7019,TX20240729594045,WIT_FEE,94,MRU,5327,PLATFORM,COLLECTED,2024-07-29T08:10:51.554Z
3847,7024,TX20240220398335,BIL_FEE,100,MRU,6198,PLATFORM,COLLECTED,2024-02-20T14:50:19.067Z
3848,7025,TX20240116634265,TRF_FEE,10,MRU,6355,PLATFORM,COLLECTED,2024-01-16T08:28:06.974Z
3849,7026,TX20240322892898,PAY_FEE,51,MRU,9380,MERCHANT,COLLECTED,2024-03-22T07:46:01.539Z
3850,7027,TX20240313421871,TRF_FEE,25,MRU,2221,PLATFORM,COLLECTED,2024-03-13T06:40:10.622Z
3851,7028,TX20240710028054,TRF_FEE,50,MRU,6911,PLATFORM,COLLECTED,2024-07-10T19:01:19.339Z
3852,7030,TX20241021581228,TRF_FEE,25,MRU,3128,PLATFORM,COLLECTED,2024-10-21T07:17:42.185Z
3853,7038,TX20240626802187,WIT_FEE,50,MRU,8757,PLATFORM,COLLECTED,2024-06-26T16:09:35.508Z
3854,7041,TX20240405968632,TRF_FEE,25,MRU,1075,PLATFORM,COLLECTED,2024-04-05T08:05:28.420Z
3855,7045,TX20240927542075,TRF_FEE,10,MRU,8030,PLATFORM,COLLECTED,2024-09-27T20:01:40.646Z
3856,7046,TX20240309876575,BIL_FEE,100,MRU,1023,PLATFORM,COLLECTED,2024-03-09T13:12:22.713Z
3857,7047,TX20240203007724,TRF_FEE,50,MRU,10830,PLATFORM,COLLECTED,2024-02-03T12:59:45.719Z
3858,7048,TX20240101465928,WIT_FEE,50,MRU,4032,PLATFORM,COLLECTED,2024-01-01T16:55:00.156Z
3859,7050,TX20241229143675,WIT_FEE,50,MRU,1824,PLATFORM,COLLECTED,2024-12-29T18:57:45.297Z
3860,7052,TX20241227052443,PAY_FEE,30,MRU,9859,MERCHANT,COLLECTED,2024-12-27T07:09:19.279Z
3861,7054,TX20241016830719,WIT_FEE,58,MRU,4759,PLATFORM,COLLECTED,2024-10-16T05:57:22.960Z
3862,7055,TX20241213450687,WIT_FEE,50,MRU,9139,PLATFORM,COLLECTED,2024-12-13T16:43:23.109Z
3863,7059,TX20240613820908,WIT_FEE,50,MRU,10278,PLATFORM,COLLECTED,2024-06-13T13:26:47.702Z
3864,7060,TX20240122700029,TRF_FEE,25,MRU,3419,PLATFORM,COLLECTED,2024-01-22T18:49:29.346Z
3865,7061,TX20241104097185,TRF_FEE,50,MRU,1858,PLATFORM,COLLECTED,2024-11-04T10:24:43.800Z
3866,7062,TX20240930835562,PAY_FEE,120,MRU,8338,MERCHANT,COLLECTED,2024-09-30T17:37:32.503Z
3867,7063,TX20240713564787,WIT_FEE,50,MRU,7652,PLATFORM,COLLECTED,2024-07-13T08:50:25.275Z
3868,7066,TX20241101870859,PAY_FEE,24,MRU,10897,MERCHANT,COLLECTED,2024-11-01T10:54:58.846Z
3869,7067,TX20241031846026,TRF_FEE,10,MRU,8123,PLATFORM,COLLECTED,2024-10-31T10:24:06.942Z
3870,7068,TX20241215646671,WIT_FEE,220,MRU,146,PLATFORM,COLLECTED,2024-12-15T09:27:02.772Z
3871,7069,TX20241203162959,TRF_FEE,50,MRU,3015,PLATFORM,COLLECTED,2024-12-03T06:12:19.599Z
3872,7071,TX20241002852502,TRF_FEE,25,MRU,6097,PLATFORM,COLLECTED,2024-10-02T20:45:34.586Z
3873,7072,TX20240109726461,TRF_FEE,25,MRU,2698,PLATFORM,COLLECTED,2024-01-09T13:04:20.057Z
3874,7076,TX20240626699620,TRF_FEE,25,MRU,9836,PLATFORM,COLLECTED,2024-06-26T12:10:40.204Z
3875,7077,TX20240403794561,TRF_FEE,25,MRU,6157,PLATFORM,COLLECTED,2024-04-03T13:38:13.147Z
3876,7078,TX20241119293217,PAY_FEE,450,MRU,878,MERCHANT,COLLECTED,2024-11-19T16:01:47.458Z
3877,7079,TX20240709076795,TRF_FEE,50,MRU,5226,PLATFORM,COLLECTED,2024-07-09T04:33:38.552Z
3878,7080,TX20241215064842,BIL_FEE,100,MRU,5964,PLATFORM,COLLECTED,2024-12-15T11:39:51.066Z
3879,7081,TX20240724809891,TRF_FEE,50,MRU,8804,PLATFORM,COLLECTED,2024-07-24T09:44:13.842Z
3880,7082,TX20241014901566,BIL_FEE,100,MRU,2911,PLATFORM,COLLECTED,2024-10-14T08:31:08.163Z
3881,7083,TX20240927884452,PAY_FEE,105,MRU,268,MERCHANT,COLLECTED,2024-09-27T08:08:20.589Z
3882,7084,TX20241212127536,TRF_FEE,25,MRU,10776,PLATFORM,COLLECTED,2024-12-12T08:01:36.138Z
3883,7087,TX20241031787983,PAY_FEE,13,MRU,8688,MERCHANT,COLLECTED,2024-10-31T09:01:26.004Z
3884,7088,TX20240515344957,PAY_FEE,5,MRU,5816,MERCHANT,COLLECTED,2024-05-15T05:46:04.497Z
3885,7090,TX20240818734977,TRF_FEE,25,MRU,720,PLATFORM,COLLECTED,2024-08-18T04:23:29.416Z
3886,7092,TX20240107890961,PAY_FEE,54,MRU,8545,MERCHANT,COLLECTED,2024-01-07T07:58:45.134Z
3887,7093,TX20241030871064,TRF_FEE,50,MRU,5052,PLATFORM,COLLECTED,2024-10-30T07:58:47.218Z
3888,7094,TX20240506515217,WIT_FEE,50,MRU,6091,PLATFORM,COLLECTED,2024-05-06T15:12:57.810Z
3889,7096,TX20240904055159,TRF_FEE,50,MRU,1877,PLATFORM,COLLECTED,2024-09-04T16:18:08.833Z
3890,7098,TX20240718760253,WIT_FEE,50,MRU,562,PLATFORM,COLLECTED,2024-07-18T05:20:36.054Z
3891,7099,TX20241110319165,TRF_FEE,25,MRU,4614,PLATFORM,COLLECTED,2024-11-10T16:58:34.367Z
3892,7100,TX20240827634047,WIT_FEE,50,MRU,9666,PLATFORM,COLLECTED,2024-08-27T14:49:16.026Z
3893,7102,TX20240610017236,TRF_FEE,25,MRU,636,PLATFORM,COLLECTED,2024-06-10T20:02:13.609Z
3894,7103,TX20240611777001,PAY_FEE,30,MRU,3708,MERCHANT,COLLECTED,2024-06-11T16:52:04.324Z
3895,7104,TX20240608439328,BIL_FEE,100,MRU,5412,PLATFORM,COLLECTED,2024-06-08T06:57:49.682Z
3896,7109,TX20241108077312,WIT_FEE,50,MRU,7542,PLATFORM,COLLECTED,2024-11-08T10:53:48.130Z
3897,7111,TX20240305761959,PAY_FEE,75,MRU,1325,MERCHANT,COLLECTED,2024-03-05T14:16:26.696Z
3898,7114,TX20240221978593,WIT_FEE,50,MRU,8181,PLATFORM,COLLECTED,2024-02-21T19:24:31.045Z
3899,7115,TX20241027866907,WIT_FEE,50,MRU,5012,PLATFORM,COLLECTED,2024-10-27T14:19:42.957Z
3900,7116,TX20241021129314,TRF_FEE,50,MRU,10554,PLATFORM,COLLECTED,2024-10-21T07:38:38.741Z
3901,7117,TX20240527625259,BIL_FEE,100,MRU,8386,PLATFORM,COLLECTED,2024-05-27T17:54:08.824Z
3902,7118,TX20240820188912,WIT_FEE,50,MRU,9371,PLATFORM,COLLECTED,2024-08-20T20:22:09.200Z
3903,7119,TX20241226214729,TRF_FEE,10,MRU,4934,PLATFORM,COLLECTED,2024-12-26T08:50:13.357Z
3904,7122,TX20240304779174,TRF_FEE,10,MRU,1390,PLATFORM,COLLECTED,2024-03-04T12:01:22.657Z
3905,7123,TX20240120129695,TRF_FEE,50,MRU,4501,PLATFORM,COLLECTED,2024-01-20T08:29:58.109Z
3906,7124,TX20240213466501,WIT_FEE,50,MRU,2883,PLATFORM,COLLECTED,2024-02-13T19:00:25.649Z
3907,7125,TX20241128505832,TRF_FEE,25,MRU,2380,PLATFORM,COLLECTED,2024-11-28T10:01:08.970Z
3908,7126,TX20241222352863,WIT_FEE,50,MRU,333,PLATFORM,COLLECTED,2024-12-22T16:12:22.953Z
3909,7127,TX20241218173705,TRF_FEE,50,MRU,2157,PLATFORM,COLLECTED,2024-12-18T09:09:43.345Z
3910,7128,TX20240615463350,WIT_FEE,100,MRU,1796,PLATFORM,COLLECTED,2024-06-15T09:11:50.436Z
3911,7129,TX20240825599732,TRF_FEE,50,MRU,209,PLATFORM,COLLECTED,2024-08-25T15:46:02.531Z
3912,7130,TX20241001464641,SAL_FEE,1090,MRU,7271,PLATFORM,COLLECTED,2024-10-01T15:09:58.180Z
3913,7131,TX20240127922100,TRF_FEE,25,MRU,3013,PLATFORM,COLLECTED,2024-01-26T23:17:02.697Z
3914,7132,TX20240302963725,TRF_FEE,50,MRU,9843,PLATFORM,COLLECTED,2024-03-02T13:35:39.494Z
3915,7133,TX20241216757971,TRF_FEE,25,MRU,8860,PLATFORM,COLLECTED,2024-12-16T15:05:44.433Z
3916,7137,TX20240831067999,WIT_FEE,140,MRU,2951,PLATFORM,COLLECTED,2024-08-31T09:55:38.446Z
3917,7138,TX20241210969316,TRF_FEE,50,MRU,7914,PLATFORM,COLLECTED,2024-12-10T15:03:34.310Z
3918,7141,TX20240823435439,WIT_FEE,50,MRU,9822,PLATFORM,COLLECTED,2024-08-23T13:30:23.253Z
3919,7151,TX20240803090262,WIT_FEE,50,MRU,9908,PLATFORM,COLLECTED,2024-08-03T06:18:49.594Z
3920,7157,TX20240712133117,WIT_FEE,50,MRU,10361,PLATFORM,COLLECTED,2024-07-12T06:25:04.954Z
3921,7158,TX20240415642079,TRF_FEE,50,MRU,3906,PLATFORM,COLLECTED,2024-04-15T15:31:04.719Z
3922,7160,TX20240726235066,TRF_FEE,25,MRU,3223,PLATFORM,COLLECTED,2024-07-26T03:21:45.943Z
3923,7162,TX20240520655937,PAY_FEE,30,MRU,1559,MERCHANT,COLLECTED,2024-05-20T14:22:08.597Z
3924,7164,TX20240517308790,TRF_FEE,25,MRU,6735,PLATFORM,COLLECTED,2024-05-17T10:34:45.813Z
3925,7166,TX20240926788478,PAY_FEE,27,MRU,9515,MERCHANT,COLLECTED,2024-09-26T12:01:23.052Z
3926,7167,TX20240707348461,PAY_FEE,120,MRU,1154,MERCHANT,COLLECTED,2024-07-07T14:35:10.757Z
3927,7170,TX20240827306226,WIT_FEE,50,MRU,9771,PLATFORM,COLLECTED,2024-08-27T15:46:42.209Z
3928,7171,TX20240321735518,TRF_FEE,50,MRU,374,PLATFORM,COLLECTED,2024-03-21T07:04:08.505Z
3929,7173,TX20241111184415,BIL_FEE,100,MRU,1132,PLATFORM,COLLECTED,2024-11-11T20:53:59.600Z
3930,7174,TX20240705478022,TRF_FEE,25,MRU,9878,PLATFORM,COLLECTED,2024-07-05T07:10:59.028Z
3931,7176,TX20240613276423,TRF_FEE,25,MRU,3544,PLATFORM,COLLECTED,2024-06-13T13:45:30.936Z
3932,7177,TX20240921615654,WIT_FEE,50,MRU,7269,PLATFORM,COLLECTED,2024-09-21T05:07:34.134Z
3933,7179,TX20240224765410,PAY_FEE,180,MRU,343,MERCHANT,COLLECTED,2024-02-24T06:07:53.763Z
3934,7180,TX20241224689710,SAL_FEE,1310,MRU,5305,PLATFORM,COLLECTED,2024-12-24T14:42:13.157Z
3935,7182,TX20240523580707,TRF_FEE,50,MRU,3339,PLATFORM,COLLECTED,2024-05-23T11:29:19.820Z
3936,7185,TX20240930436547,WIT_FEE,50,MRU,6076,PLATFORM,COLLECTED,2024-09-30T14:36:16.851Z
3937,7190,TX20240704501964,TRF_FEE,50,MRU,9823,PLATFORM,COLLECTED,2024-07-04T16:44:23.249Z
3938,7191,TX20240918004049,TRF_FEE,25,MRU,1949,PLATFORM,COLLECTED,2024-09-18T05:40:08.924Z
3939,7193,TX20240902138334,WIT_FEE,99,MRU,6719,PLATFORM,COLLECTED,2024-09-02T10:22:10.333Z
3940,7194,TX20240919484746,TRF_FEE,25,MRU,8601,PLATFORM,COLLECTED,2024-09-19T16:36:56.210Z
3941,7195,TX20241226217921,TRF_FEE,50,MRU,10086,PLATFORM,COLLECTED,2024-12-26T15:04:17.958Z
3942,7199,TX20240808671771,TRF_FEE,25,MRU,2127,PLATFORM,COLLECTED,2024-08-08T13:03:29.764Z
3943,7200,TX20241222870546,PAY_FEE,66,MRU,10677,MERCHANT,COLLECTED,2024-12-22T15:21:16.547Z
3944,7201,TX20240416914333,TRF_FEE,25,MRU,9390,PLATFORM,COLLECTED,2024-04-16T13:10:20.441Z
3945,7203,TX20240130866649,WIT_FEE,50,MRU,6412,PLATFORM,COLLECTED,2024-01-30T17:36:50.079Z
3946,7204,TX20240707528430,WIT_FEE,50,MRU,265,PLATFORM,COLLECTED,2024-07-07T16:08:26.157Z
3947,7207,TX20240222024977,PAY_FEE,36,MRU,3052,MERCHANT,COLLECTED,2024-02-22T18:19:12.183Z
3948,7210,TX20240212162491,TRF_FEE,50,MRU,2163,PLATFORM,COLLECTED,2024-02-12T22:09:14.598Z
3949,7211,TX20240320924149,TRF_FEE,10,MRU,8014,PLATFORM,COLLECTED,2024-03-20T08:33:22.948Z
3950,7212,TX20241015192452,TRF_FEE,25,MRU,8473,PLATFORM,COLLECTED,2024-10-15T08:15:55.809Z
3951,7214,TX20240723134339,WIT_FEE,100,MRU,6738,PLATFORM,COLLECTED,2024-07-23T06:44:19.723Z
3952,7216,TX20240627571686,TRF_FEE,25,MRU,2012,PLATFORM,COLLECTED,2024-06-27T06:44:27.091Z
3953,7218,TX20240813492961,WIT_FEE,50,MRU,7249,PLATFORM,COLLECTED,2024-08-13T16:45:57.522Z
3954,7221,TX20240507736611,PAY_FEE,27,MRU,2901,MERCHANT,COLLECTED,2024-05-07T11:21:26.973Z
3955,7223,TX20240301830540,WIT_FEE,50,MRU,10314,PLATFORM,COLLECTED,2024-03-01T15:57:46.914Z
3956,7224,TX20240417565761,TRF_FEE,50,MRU,10364,PLATFORM,COLLECTED,2024-04-17T04:44:09.339Z
3957,7226,TX20240818146811,PAY_FEE,35,MRU,4180,MERCHANT,COLLECTED,2024-08-18T13:34:03.184Z
3958,7227,TX20240912093100,BIL_FEE,100,MRU,6643,PLATFORM,COLLECTED,2024-09-12T11:40:09.519Z
3959,7228,TX20240410050772,WIT_FEE,50,MRU,5933,PLATFORM,COLLECTED,2024-04-10T08:12:52.519Z
3960,7229,TX20240309618084,WIT_FEE,50,MRU,1993,PLATFORM,COLLECTED,2024-03-09T07:08:37.349Z
3961,7230,TX20241211507496,WIT_FEE,500,MRU,3633,PLATFORM,COLLECTED,2024-12-11T16:14:56.792Z
3962,7231,TX20240227998820,PAY_FEE,98,MRU,1170,MERCHANT,COLLECTED,2024-02-27T16:15:22.731Z
3963,7232,TX20240503093003,TRF_FEE,50,MRU,8264,PLATFORM,COLLECTED,2024-05-03T18:11:57.568Z
3964,7234,TX20241215289255,PAY_FEE,68,MRU,2420,MERCHANT,COLLECTED,2024-12-15T09:31:44.106Z
3965,7235,TX20240120810433,TRF_FEE,50,MRU,33,PLATFORM,COLLECTED,2024-01-20T06:42:47.843Z
3966,7237,TX20240508373547,SAL_FEE,1790,MRU,1278,PLATFORM,COLLECTED,2024-05-08T10:39:36.564Z
3967,7239,TX20240819573874,TRF_FEE,25,MRU,567,PLATFORM,COLLECTED,2024-08-19T04:26:25.539Z
3968,7241,TX20241105960331,TRF_FEE,25,MRU,1337,PLATFORM,COLLECTED,2024-11-05T18:17:43.828Z
3969,7246,TX20240529197681,WIT_FEE,50,MRU,4202,PLATFORM,COLLECTED,2024-05-29T15:54:41.053Z
3970,7247,TX20240304554189,TRF_FEE,50,MRU,7676,PLATFORM,COLLECTED,2024-03-04T17:53:38.953Z
3971,7248,TX20240625665192,WIT_FEE,50,MRU,6710,PLATFORM,COLLECTED,2024-06-25T17:02:11.646Z
3972,7249,TX20240115635746,TRF_FEE,25,MRU,2143,PLATFORM,COLLECTED,2024-01-15T15:10:31.375Z
3973,7252,TX20240227500013,TRF_FEE,50,MRU,10107,PLATFORM,COLLECTED,2024-02-27T14:25:32.970Z
3974,7253,TX20240116260418,WIT_FEE,50,MRU,7316,PLATFORM,COLLECTED,2024-01-16T18:03:32.146Z
3975,7258,TX20240121093688,WIT_FEE,200,MRU,8265,PLATFORM,COLLECTED,2024-01-21T07:42:08.401Z
3976,7259,TX20240213043492,PAY_FEE,114,MRU,5154,MERCHANT,COLLECTED,2024-02-13T18:55:32.092Z
3977,7261,TX20241114285031,TRF_FEE,50,MRU,1111,PLATFORM,COLLECTED,2024-11-14T14:57:56.013Z
3978,7262,TX20241214548434,TRF_FEE,50,MRU,10964,PLATFORM,COLLECTED,2024-12-14T15:57:26.382Z
3979,7265,TX20240323682560,PAY_FEE,53,MRU,2407,MERCHANT,COLLECTED,2024-03-23T05:18:10.474Z
3980,7267,TX20241224391133,PAY_FEE,72,MRU,7648,MERCHANT,COLLECTED,2024-12-24T13:06:57.110Z
3981,7278,TX20240209983210,PAY_FEE,62,MRU,7239,MERCHANT,COLLECTED,2024-02-09T18:03:09.130Z
3982,7283,TX20240710991029,TRF_FEE,25,MRU,1717,PLATFORM,COLLECTED,2024-07-10T16:55:19.093Z
3983,7284,TX20240816497368,TRF_FEE,10,MRU,10985,PLATFORM,COLLECTED,2024-08-16T06:14:48.022Z
3984,7285,TX20240924572458,TRF_FEE,50,MRU,913,PLATFORM,COLLECTED,2024-09-24T11:51:48.130Z
3985,7286,TX20241206892579,PAY_FEE,8,MRU,1389,MERCHANT,COLLECTED,2024-12-06T16:41:50.156Z
3986,7287,TX20240219955745,TRF_FEE,50,MRU,5925,PLATFORM,COLLECTED,2024-02-19T15:06:30.251Z
3987,7288,TX20240704191054,WIT_FEE,65,MRU,1908,PLATFORM,COLLECTED,2024-07-04T15:32:29.509Z
3988,7289,TX20241124147657,SAL_FEE,1710,MRU,6612,PLATFORM,COLLECTED,2024-11-24T05:44:32.256Z
3989,7293,TX20240902821470,WIT_FEE,320,MRU,9298,PLATFORM,COLLECTED,2024-09-02T13:23:44.219Z
3990,7294,TX20241124901566,PAY_FEE,11,MRU,1813,MERCHANT,COLLECTED,2024-11-24T16:17:31.141Z
3991,7296,TX20241212832213,TRF_FEE,25,MRU,10776,PLATFORM,COLLECTED,2024-12-12T08:01:36.138Z
3992,7297,TX20240209436533,PAY_FEE,65,MRU,4383,MERCHANT,COLLECTED,2024-02-09T11:25:58.093Z
3993,7302,TX20240925687120,TRF_FEE,25,MRU,8958,PLATFORM,COLLECTED,2024-09-25T16:40:59.278Z
3994,7303,TX20240327035308,PAY_FEE,150,MRU,10909,MERCHANT,COLLECTED,2024-03-27T08:33:16.488Z
3995,7306,TX20241207113744,TRF_FEE,25,MRU,8094,PLATFORM,COLLECTED,2024-12-07T11:05:30.338Z
3996,7309,TX20240419987603,TRF_FEE,10,MRU,9244,PLATFORM,COLLECTED,2024-04-19T07:36:41.446Z
3997,7310,TX20240505586403,TRF_FEE,25,MRU,395,PLATFORM,COLLECTED,2024-05-05T05:48:19.964Z
3998,7311,TX20240601439142,WIT_FEE,50,MRU,9903,PLATFORM,COLLECTED,2024-06-01T10:43:59.931Z
3999,7314,TX20241225149473,TRF_FEE,25,MRU,5859,PLATFORM,COLLECTED,2024-12-25T06:13:36.058Z
4000,7316,TX20241204391603,PAY_FEE,125,MRU,7523,MERCHANT,COLLECTED,2024-12-04T11:04:57.828Z
4001,7317,TX20240719425966,WIT_FEE,50,MRU,2048,PLATFORM,COLLECTED,2024-07-19T07:52:02.294Z
4002,7318,TX20240722048341,BIL_FEE,100,MRU,829,PLATFORM,COLLECTED,2024-07-22T05:56:41.020Z
4003,7320,TX20240513450182,TRF_FEE,50,MRU,10032,PLATFORM,COLLECTED,2024-05-13T10:02:07.404Z
4004,7321,TX20241108899529,WIT_FEE,50,MRU,7542,PLATFORM,COLLECTED,2024-11-08T10:53:48.130Z
4005,7322,TX20240111187217,WIT_FEE,50,MRU,4229,PLATFORM,COLLECTED,2024-01-11T14:53:10.356Z
4006,7323,TX20240610375538,WIT_FEE,50,MRU,5159,PLATFORM,COLLECTED,2024-06-10T14:07:44.999Z
4007,7327,TX20240804759244,WIT_FEE,50,MRU,4935,PLATFORM,COLLECTED,2024-08-04T15:10:46.007Z
4008,7328,TX20240221694775,WIT_FEE,50,MRU,1424,PLATFORM,COLLECTED,2024-02-21T06:33:11.557Z
4009,7329,TX20241224298652,WIT_FEE,50,MRU,10216,PLATFORM,COLLECTED,2024-12-24T17:37:31.325Z
4010,7331,TX20241016560854,SAL_FEE,2465,MRU,4474,PLATFORM,COLLECTED,2024-10-16T13:12:07.287Z
4011,7332,TX20240925098981,WIT_FEE,200,MRU,3243,PLATFORM,COLLECTED,2024-09-25T08:32:15.640Z
4012,7333,TX20240318284766,WIT_FEE,50,MRU,7241,PLATFORM,COLLECTED,2024-03-18T18:02:34.587Z
4013,7334,TX20240405574387,TRF_FEE,25,MRU,4696,PLATFORM,COLLECTED,2024-04-05T06:14:46.520Z
4014,7339,TX20240227516142,WIT_FEE,50,MRU,1149,PLATFORM,COLLECTED,2024-02-27T16:20:11.091Z
4015,7340,TX20240310848064,WIT_FEE,50,MRU,8684,PLATFORM,COLLECTED,2024-03-10T17:26:09.081Z
4016,7341,TX20241010751648,PAY_FEE,645,MRU,8704,MERCHANT,COLLECTED,2024-10-10T05:31:01.276Z
4017,7342,TX20241013312689,PAY_FEE,1440,MRU,4127,MERCHANT,COLLECTED,2024-10-13T07:58:10.659Z
4018,7343,TX20240113239348,WIT_FEE,100,MRU,2766,PLATFORM,COLLECTED,2024-01-13T15:16:38.273Z
4019,7344,TX20240629838590,TRF_FEE,25,MRU,1344,PLATFORM,COLLECTED,2024-06-29T17:08:51.625Z
4020,7348,TX20240910357463,PAY_FEE,9,MRU,7623,MERCHANT,COLLECTED,2024-09-10T06:12:30.761Z
4021,7350,TX20240223465298,TRF_FEE,25,MRU,6362,PLATFORM,COLLECTED,2024-02-23T13:56:40.058Z
4022,7351,TX20240720526218,TRF_FEE,50,MRU,6200,PLATFORM,COLLECTED,2024-07-20T17:31:02.461Z
4023,7352,TX20241029191514,PAY_FEE,54,MRU,4189,MERCHANT,COLLECTED,2024-10-29T10:57:08.206Z
4024,7353,TX20240823231623,WIT_FEE,50,MRU,9822,PLATFORM,COLLECTED,2024-08-23T13:30:23.253Z
4025,7355,TX20240327477955,WIT_FEE,330,MRU,970,PLATFORM,COLLECTED,2024-03-27T17:33:43.803Z
4026,7357,TX20240612198755,WIT_FEE,180,MRU,7297,PLATFORM,COLLECTED,2024-06-12T09:33:10.843Z
4027,7358,TX20240111632046,TRF_FEE,25,MRU,3849,PLATFORM,COLLECTED,2024-01-11T07:08:29.902Z
4028,7359,TX20240816408597,WIT_FEE,50,MRU,5156,PLATFORM,COLLECTED,2024-08-16T06:40:32.332Z
4029,7367,TX20240608535238,TRF_FEE,50,MRU,5147,PLATFORM,COLLECTED,2024-06-08T05:45:56.024Z
4030,7369,TX20240331936164,WIT_FEE,50,MRU,10521,PLATFORM,COLLECTED,2024-03-31T12:04:25.082Z
4031,7370,TX20241222584600,TRF_FEE,25,MRU,780,PLATFORM,COLLECTED,2024-12-22T11:17:43.522Z
4032,7371,TX20240728499066,PAY_FEE,51,MRU,7698,MERCHANT,COLLECTED,2024-07-28T13:21:41.948Z
4033,7372,TX20240802943910,BIL_FEE,100,MRU,6282,PLATFORM,COLLECTED,2024-08-02T12:47:11.433Z
4034,7373,TX20240305343198,WIT_FEE,320,MRU,1278,PLATFORM,COLLECTED,2024-03-05T18:54:11.850Z
4035,7375,TX20240418550801,TRF_FEE,50,MRU,8676,PLATFORM,COLLECTED,2024-04-18T12:23:49.662Z
4036,7376,TX20240213757810,PAY_FEE,51,MRU,10397,MERCHANT,COLLECTED,2024-02-13T17:37:42.311Z
4037,7379,TX20241209757337,WIT_FEE,50,MRU,4878,PLATFORM,COLLECTED,2024-12-09T15:31:43.330Z
4038,7380,TX20240127667955,PAY_FEE,72,MRU,10569,MERCHANT,COLLECTED,2024-01-27T10:52:51.344Z
4039,7381,TX20240920738578,WIT_FEE,50,MRU,10520,PLATFORM,COLLECTED,2024-09-20T07:45:38.824Z
4040,7383,TX20240919947348,BIL_FEE,100,MRU,1344,PLATFORM,COLLECTED,2024-09-18T22:23:33.219Z
4041,7385,TX20240530470758,TRF_FEE,25,MRU,9835,PLATFORM,COLLECTED,2024-05-30T12:54:51.975Z
4042,7387,TX20240318586126,PAY_FEE,93,MRU,7505,MERCHANT,COLLECTED,2024-03-18T19:43:58.200Z
4043,7389,TX20240930898295,TRF_FEE,10,MRU,698,PLATFORM,COLLECTED,2024-09-30T07:33:15.725Z
4044,7390,TX20240802759015,TRF_FEE,25,MRU,5856,PLATFORM,COLLECTED,2024-08-02T12:38:14.899Z
4045,7391,TX20241009396642,TRF_FEE,25,MRU,8430,PLATFORM,COLLECTED,2024-10-09T07:02:07.884Z
4046,7394,TX20240426993835,TRF_FEE,50,MRU,5086,PLATFORM,COLLECTED,2024-04-26T16:18:50.896Z
4047,7398,TX20240214047731,WIT_FEE,50,MRU,7136,PLATFORM,COLLECTED,2024-02-14T14:01:43.398Z
4048,7401,TX20240507399806,WIT_FEE,50,MRU,4088,PLATFORM,COLLECTED,2024-05-07T15:48:51.314Z
4049,7402,TX20240730790954,BIL_FEE,100,MRU,5553,PLATFORM,COLLECTED,2024-07-30T16:23:43.012Z
4050,7404,TX20240624293538,WIT_FEE,50,MRU,2285,PLATFORM,COLLECTED,2024-06-24T21:16:50.059Z
4051,7405,TX20240810799868,WIT_FEE,290,MRU,8624,PLATFORM,COLLECTED,2024-08-10T14:15:57.968Z
4052,7407,TX20240820019668,SAL_FEE,675,MRU,503,PLATFORM,COLLECTED,2024-08-20T06:17:57.914Z
4053,7408,TX20240217924116,TRF_FEE,50,MRU,7860,PLATFORM,COLLECTED,2024-02-17T08:56:39.914Z
4054,7410,TX20241006315470,PAY_FEE,53,MRU,7729,MERCHANT,COLLECTED,2024-10-06T16:49:00.724Z
4055,7412,TX20241109968942,SAL_FEE,1065,MRU,6983,PLATFORM,COLLECTED,2024-11-09T13:10:48.977Z
4056,7413,TX20240222793490,TRF_FEE,25,MRU,6740,PLATFORM,COLLECTED,2024-02-22T09:29:51.777Z
4057,7415,TX20240809422880,TRF_FEE,10,MRU,9214,PLATFORM,COLLECTED,2024-08-09T09:04:48.615Z
4058,7418,TX20240323403224,PAY_FEE,59,MRU,1883,MERCHANT,COLLECTED,2024-03-23T10:34:16.047Z
4059,7419,TX20240819183915,PAY_FEE,68,MRU,9574,MERCHANT,COLLECTED,2024-08-19T12:41:22.094Z
4060,7421,TX20241027866272,TRF_FEE,50,MRU,9218,PLATFORM,COLLECTED,2024-10-27T14:10:40.798Z
4061,7422,TX20240731998994,TRF_FEE,50,MRU,8203,PLATFORM,COLLECTED,2024-07-31T13:35:44.833Z
4062,7423,TX20240713565745,WIT_FEE,430,MRU,1341,PLATFORM,COLLECTED,2024-07-13T05:03:52.602Z
4063,7424,TX20240604857409,SAL_FEE,900,MRU,9594,PLATFORM,COLLECTED,2024-06-04T14:44:35.772Z
4064,7427,TX20240413047297,TRF_FEE,10,MRU,3145,PLATFORM,COLLECTED,2024-04-13T11:08:34.186Z
4065,7428,TX20240308226773,WIT_FEE,100,MRU,5369,PLATFORM,COLLECTED,2024-03-08T07:45:08.404Z
4066,7430,TX20241215348124,WIT_FEE,50,MRU,6153,PLATFORM,COLLECTED,2024-12-15T07:39:46.679Z
4067,7432,TX20240325668859,TRF_FEE,50,MRU,8826,PLATFORM,COLLECTED,2024-03-25T08:49:54.134Z
4068,7433,TX20240621767262,PAY_FEE,8,MRU,2532,MERCHANT,COLLECTED,2024-06-21T16:45:49.564Z
4069,7436,TX20240120422786,WIT_FEE,500,MRU,9199,PLATFORM,COLLECTED,2024-01-20T14:00:20.002Z
4070,7439,TX20241008898898,TRF_FEE,50,MRU,8523,PLATFORM,COLLECTED,2024-10-08T07:42:01.934Z
4071,7440,TX20240328140380,TRF_FEE,10,MRU,10072,PLATFORM,COLLECTED,2024-03-28T16:41:55.124Z
4072,7441,TX20240615952312,TRF_FEE,25,MRU,3032,PLATFORM,COLLECTED,2024-06-15T09:33:02.333Z
4073,7442,TX20240711808547,TRF_FEE,50,MRU,10140,PLATFORM,COLLECTED,2024-07-11T12:01:34.352Z
4074,7444,TX20240306904300,WIT_FEE,50,MRU,6815,PLATFORM,COLLECTED,2024-03-06T17:33:28.809Z
4075,7446,TX20240303570784,TRF_FEE,25,MRU,6863,PLATFORM,COLLECTED,2024-03-03T16:29:41.047Z
4076,7449,TX20240428120456,PAY_FEE,21,MRU,988,MERCHANT,COLLECTED,2024-04-28T06:33:11.916Z
4077,7451,TX20241106863037,TRF_FEE,50,MRU,9848,PLATFORM,COLLECTED,2024-11-06T19:40:20.335Z
4078,7453,TX20241116768597,TRF_FEE,50,MRU,308,PLATFORM,COLLECTED,2024-11-16T17:14:35.634Z
4079,7456,TX20240919118818,PAY_FEE,4,MRU,9880,MERCHANT,COLLECTED,2024-09-19T13:14:19.510Z
4080,7457,TX20240513265544,PAY_FEE,69,MRU,3017,MERCHANT,COLLECTED,2024-05-13T15:37:50.259Z
4081,7458,TX20240907282268,PAY_FEE,210,MRU,10558,MERCHANT,COLLECTED,2024-09-07T06:40:41.177Z
4082,7460,TX20241019722896,WIT_FEE,50,MRU,9622,PLATFORM,COLLECTED,2024-10-19T06:44:43.785Z
4083,7461,TX20240208481267,WIT_FEE,50,MRU,7785,PLATFORM,COLLECTED,2024-02-08T13:48:23.935Z
4084,7462,TX20240618031945,PAY_FEE,420,MRU,4213,MERCHANT,COLLECTED,2024-06-18T08:03:03.667Z
4085,7466,TX20240320223032,TRF_FEE,50,MRU,5157,PLATFORM,COLLECTED,2024-03-20T17:29:30.968Z
4086,7467,TX20240823430083,TRF_FEE,50,MRU,6680,PLATFORM,COLLECTED,2024-08-23T15:08:22.712Z
4087,7468,TX20241122314368,TRF_FEE,50,MRU,7094,PLATFORM,COLLECTED,2024-11-22T07:37:53.713Z
4088,7469,TX20240523922868,TRF_FEE,25,MRU,4308,PLATFORM,COLLECTED,2024-05-23T09:24:29.598Z
4089,7472,TX20241207285335,PAY_FEE,18,MRU,2254,MERCHANT,COLLECTED,2024-12-07T09:09:00.683Z
4090,7473,TX20240723986594,TRF_FEE,50,MRU,10289,PLATFORM,COLLECTED,2024-07-23T12:35:17.699Z
4091,7474,TX20240119007610,WIT_FEE,50,MRU,4432,PLATFORM,COLLECTED,2024-01-19T16:25:42.092Z
4092,7478,TX20240326663077,TRF_FEE,10,MRU,7522,PLATFORM,COLLECTED,2024-03-26T08:14:10.882Z
4093,7479,TX20240926982691,PAY_FEE,12,MRU,8039,MERCHANT,COLLECTED,2024-09-26T04:24:07.202Z
4094,7480,TX20241031141409,TRF_FEE,25,MRU,7908,PLATFORM,COLLECTED,2024-10-31T06:27:11.706Z
4095,7481,TX20240323851762,WIT_FEE,200,MRU,8909,PLATFORM,COLLECTED,2024-03-23T18:08:55.024Z
4096,7482,TX20241129780415,WIT_FEE,100,MRU,9423,PLATFORM,COLLECTED,2024-11-29T18:38:32.281Z
4097,7485,TX20241115202266,BIL_FEE,100,MRU,7746,PLATFORM,COLLECTED,2024-11-15T15:14:04.572Z
4098,7486,TX20240411105492,TRF_FEE,50,MRU,7436,PLATFORM,COLLECTED,2024-04-11T17:47:05.034Z
4099,7487,TX20241018370804,TRF_FEE,50,MRU,9739,PLATFORM,COLLECTED,2024-10-18T16:28:50.315Z
4100,7489,TX20240829291235,WIT_FEE,85,MRU,5396,PLATFORM,COLLECTED,2024-08-29T17:27:55.715Z
4101,7490,TX20240205625271,PAY_FEE,47,MRU,7871,MERCHANT,COLLECTED,2024-02-05T08:29:24.208Z
4102,7491,TX20241113725999,TRF_FEE,50,MRU,1002,PLATFORM,COLLECTED,2024-11-13T11:32:49.368Z
4103,7495,TX20240528966354,PAY_FEE,63,MRU,3368,MERCHANT,COLLECTED,2024-05-28T14:02:37.446Z
4104,7496,TX20241110531492,PAY_FEE,23,MRU,4794,MERCHANT,COLLECTED,2024-11-10T17:09:34.018Z
4105,7498,TX20240403260831,WIT_FEE,50,MRU,153,PLATFORM,COLLECTED,2024-04-03T07:51:33.691Z
4106,7499,TX20241230710392,TRF_FEE,25,MRU,6440,PLATFORM,COLLECTED,2024-12-30T08:43:19.737Z
4107,7501,TX20240330149102,WIT_FEE,50,MRU,1188,PLATFORM,COLLECTED,2024-03-30T16:14:04.432Z
4108,7503,TX20240611049991,TRF_FEE,50,MRU,1425,PLATFORM,COLLECTED,2024-06-11T15:42:21.983Z
4109,7504,TX20240627469951,TRF_FEE,50,MRU,9238,PLATFORM,COLLECTED,2024-06-27T06:04:33.041Z
4110,7506,TX20240324805882,TRF_FEE,10,MRU,7593,PLATFORM,COLLECTED,2024-03-24T08:48:12.371Z
4111,7507,TX20240109599711,WIT_FEE,77,MRU,9258,PLATFORM,COLLECTED,2024-01-09T10:00:44.684Z
4112,7508,TX20240417750341,SAL_FEE,980,MRU,10828,PLATFORM,COLLECTED,2024-04-17T16:37:44.867Z
4113,7510,TX20240214101451,TRF_FEE,50,MRU,3082,PLATFORM,COLLECTED,2024-02-14T17:47:45.805Z
4114,7512,TX20241101747451,TRF_FEE,50,MRU,1699,PLATFORM,COLLECTED,2024-11-01T19:20:35.011Z
4115,7513,TX20240116084965,TRF_FEE,25,MRU,5819,PLATFORM,COLLECTED,2024-01-16T20:29:15.278Z
4116,7514,TX20240318784766,WIT_FEE,50,MRU,10062,PLATFORM,COLLECTED,2024-03-18T06:01:34.638Z
4117,7515,TX20240520176538,PAY_FEE,135,MRU,10132,MERCHANT,COLLECTED,2024-05-20T17:41:09.339Z
4118,7517,TX20241219651971,PAY_FEE,141,MRU,6308,MERCHANT,COLLECTED,2024-12-19T17:16:37.800Z
4119,7519,TX20240323812155,PAY_FEE,38,MRU,1248,MERCHANT,COLLECTED,2024-03-23T08:30:07.842Z
4120,7521,TX20240121532651,TRF_FEE,50,MRU,9112,PLATFORM,COLLECTED,2024-01-21T06:31:26.740Z
4121,7522,TX20241101820544,TRF_FEE,50,MRU,1665,PLATFORM,COLLECTED,2024-11-01T07:22:46.726Z
4122,7523,TX20241217037351,WIT_FEE,100,MRU,4540,PLATFORM,COLLECTED,2024-12-17T06:45:24.331Z
4123,7531,TX20240809048341,WIT_FEE,50,MRU,10296,PLATFORM,COLLECTED,2024-08-09T15:54:33.041Z
4124,7533,TX20240609127963,WIT_FEE,460,MRU,6869,PLATFORM,COLLECTED,2024-06-09T05:07:24.909Z
4125,7535,TX20241122572944,TRF_FEE,50,MRU,570,PLATFORM,COLLECTED,2024-11-22T08:21:22.851Z
4126,7536,TX20240911627892,TRF_FEE,25,MRU,2840,PLATFORM,COLLECTED,2024-09-11T06:44:59.466Z
4127,7539,TX20240305414658,WIT_FEE,190,MRU,10776,PLATFORM,COLLECTED,2024-03-05T08:43:30.637Z
4128,7540,TX20240804386643,WIT_FEE,50,MRU,4935,PLATFORM,COLLECTED,2024-08-04T15:10:46.007Z
4129,7542,TX20240816298652,PAY_FEE,57,MRU,9825,MERCHANT,COLLECTED,2024-08-16T12:19:55.758Z
4130,7544,TX20240731151672,PAY_FEE,71,MRU,10857,MERCHANT,COLLECTED,2024-07-31T07:07:17.404Z
4131,7545,TX20240714115367,WIT_FEE,50,MRU,9459,PLATFORM,COLLECTED,2024-07-14T08:38:17.193Z
4132,7549,TX20240915509569,WIT_FEE,50,MRU,9842,PLATFORM,COLLECTED,2024-09-15T06:16:32.466Z
4133,7552,TX20240312088002,WIT_FEE,86,MRU,1783,PLATFORM,COLLECTED,2024-03-12T07:06:41.930Z
4134,7553,TX20240229462774,TRF_FEE,25,MRU,1743,PLATFORM,COLLECTED,2024-02-29T07:47:55.082Z
4135,7556,TX20240409375259,TRF_FEE,25,MRU,10631,PLATFORM,COLLECTED,2024-04-09T14:16:14.482Z
4136,7557,TX20241121732459,TRF_FEE,50,MRU,3641,PLATFORM,COLLECTED,2024-11-21T08:51:37.122Z
4137,7558,TX20240607483707,PAY_FEE,99,MRU,10333,MERCHANT,COLLECTED,2024-06-07T16:53:20.097Z
4138,7564,TX20240720288573,TRF_FEE,50,MRU,6200,PLATFORM,COLLECTED,2024-07-20T17:31:02.461Z
4139,7566,TX20240722428856,TRF_FEE,25,MRU,5056,PLATFORM,COLLECTED,2024-07-22T12:23:15.890Z
4140,7567,TX20240411645396,PAY_FEE,7,MRU,2102,MERCHANT,COLLECTED,2024-04-11T07:08:28.828Z
4141,7568,TX20240207658615,PAY_FEE,62,MRU,6235,MERCHANT,COLLECTED,2024-02-07T09:20:14.800Z
4142,7571,TX20240604632046,WIT_FEE,50,MRU,9961,PLATFORM,COLLECTED,2024-06-04T04:07:08.491Z
4143,7572,TX20240816164141,WIT_FEE,50,MRU,5156,PLATFORM,COLLECTED,2024-08-16T06:40:32.332Z
4144,7573,TX20240321525062,PAY_FEE,63,MRU,4543,MERCHANT,COLLECTED,2024-03-21T18:22:14.385Z
4145,7574,TX20240913932438,TRF_FEE,50,MRU,7473,PLATFORM,COLLECTED,2024-09-13T07:02:41.071Z
4146,7576,TX20241026090262,WIT_FEE,50,MRU,2921,PLATFORM,COLLECTED,2024-10-26T13:53:43.201Z
4147,7578,TX20240627815674,WIT_FEE,50,MRU,9128,PLATFORM,COLLECTED,2024-06-27T10:07:27.310Z
4148,7579,TX20240731729100,TRF_FEE,50,MRU,10490,PLATFORM,COLLECTED,2024-07-31T06:51:32.212Z
4149,7581,TX20240408054855,TRF_FEE,25,MRU,4445,PLATFORM,COLLECTED,2024-04-08T06:49:59.781Z
4150,7583,TX20240127642079,TRF_FEE,25,MRU,1866,PLATFORM,COLLECTED,2024-01-27T16:21:11.978Z
4151,7585,TX20240105235066,TRF_FEE,50,MRU,2968,PLATFORM,COLLECTED,2024-01-05T10:45:56.290Z
4152,7587,TX20240910898871,WIT_FEE,50,MRU,9699,PLATFORM,COLLECTED,2024-09-10T09:08:35.140Z
4153,7588,TX20241010501680,WIT_FEE,68,MRU,2613,PLATFORM,COLLECTED,2024-10-10T14:38:33.607Z
4154,7589,TX20240607713243,WIT_FEE,200,MRU,8698,PLATFORM,COLLECTED,2024-06-07T13:45:48.609Z
4155,7590,TX20240419585445,TRF_FEE,25,MRU,442,PLATFORM,COLLECTED,2024-04-19T10:46:37.680Z
4156,7593,TX20240316616528,TRF_FEE,25,MRU,3287,PLATFORM,COLLECTED,2024-03-16T08:42:51.924Z
4157,7594,TX20240401291468,PAY_FEE,65,MRU,618,MERCHANT,COLLECTED,2024-04-01T13:54:31.926Z
4158,7595,TX20240323999320,WIT_FEE,50,MRU,5122,PLATFORM,COLLECTED,2024-03-23T14:55:35.306Z
4159,7596,TX20240807515538,PAY_FEE,47,MRU,870,MERCHANT,COLLECTED,2024-08-07T11:02:42.735Z
4160,7597,TX20240409567916,WIT_FEE,50,MRU,6638,PLATFORM,COLLECTED,2024-04-09T10:48:16.004Z
4161,7600,TX20240802923960,TRF_FEE,25,MRU,9254,PLATFORM,COLLECTED,2024-08-02T14:27:18.099Z
4162,7601,TX20240327536215,WIT_FEE,200,MRU,10839,PLATFORM,COLLECTED,2024-03-27T09:16:58.023Z
4163,7602,TX20240805365370,PAY_FEE,165,MRU,7869,MERCHANT,COLLECTED,2024-08-05T21:19:36.879Z
4164,7604,TX20240108023759,PAY_FEE,13,MRU,6029,MERCHANT,COLLECTED,2024-01-08T16:38:23.743Z
4165,7606,TX20240101960013,PAY_FEE,36,MRU,3343,MERCHANT,COLLECTED,2024-01-01T07:43:58.146Z
4166,7607,TX20241103034259,WIT_FEE,50,MRU,6423,PLATFORM,COLLECTED,2024-11-03T18:27:14.005Z
4167,7610,TX20240318819108,TRF_FEE,50,MRU,506,PLATFORM,COLLECTED,2024-03-18T08:23:03.903Z
4168,7611,TX20240730028202,TRF_FEE,50,MRU,5287,PLATFORM,COLLECTED,2024-07-30T07:42:07.253Z
4169,7613,TX20240601609568,WIT_FEE,50,MRU,1192,PLATFORM,COLLECTED,2024-06-01T19:19:39.445Z
4170,7614,TX20241021466161,PAY_FEE,315,MRU,1592,MERCHANT,COLLECTED,2024-10-21T16:18:22.360Z
4171,7615,TX20240401066985,WIT_FEE,50,MRU,8014,PLATFORM,COLLECTED,2024-04-01T17:34:48.388Z
4172,7617,TX20241102899978,WIT_FEE,50,MRU,10672,PLATFORM,COLLECTED,2024-11-02T06:12:32.298Z
4173,7618,TX20241213517300,WIT_FEE,50,MRU,1528,PLATFORM,COLLECTED,2024-12-13T20:46:56.579Z
4174,7619,TX20240913670150,WIT_FEE,100,MRU,5361,PLATFORM,COLLECTED,2024-09-13T12:06:48.990Z
4175,7622,TX20240704788886,PAY_FEE,98,MRU,3053,MERCHANT,COLLECTED,2024-07-04T15:21:51.134Z
4176,7623,TX20240701114756,TRF_FEE,50,MRU,6785,PLATFORM,COLLECTED,2024-07-01T09:22:15.334Z
4177,7631,TX20240408330390,PAY_FEE,690,MRU,10407,MERCHANT,COLLECTED,2024-04-08T14:46:24.047Z
4178,7635,TX20240908099472,PAY_FEE,13,MRU,11010,MERCHANT,COLLECTED,2024-09-08T16:23:24.117Z
4179,7638,TX20241215498266,WIT_FEE,50,MRU,10524,PLATFORM,COLLECTED,2024-12-15T17:27:27.174Z
4180,7639,TX20240525610105,WIT_FEE,50,MRU,7787,PLATFORM,COLLECTED,2024-05-25T12:50:21.462Z
4181,7640,TX20240228461043,WIT_FEE,50,MRU,6328,PLATFORM,COLLECTED,2024-02-28T11:08:20.189Z
4182,7642,TX20240603715110,WIT_FEE,50,MRU,34,PLATFORM,COLLECTED,2024-06-03T16:24:19.720Z
4183,7645,TX20240307650332,WIT_FEE,330,MRU,6505,PLATFORM,COLLECTED,2024-03-07T17:54:08.799Z
4184,7646,TX20240930348538,PAY_FEE,3,MRU,46,MERCHANT,COLLECTED,2024-09-30T16:33:13.395Z
4185,7651,TX20240830569782,WIT_FEE,100,MRU,4385,PLATFORM,COLLECTED,2024-08-30T08:12:30.151Z
4186,7653,TX20240331210065,BIL_FEE,100,MRU,1552,PLATFORM,COLLECTED,2024-03-31T10:21:09.324Z
4187,7654,TX20240410142551,WIT_FEE,150,MRU,2686,PLATFORM,COLLECTED,2024-04-10T10:39:49.219Z
4188,7655,TX20241025946887,TRF_FEE,25,MRU,8928,PLATFORM,COLLECTED,2024-10-25T16:47:28.569Z
4189,7656,TX20240803855548,WIT_FEE,200,MRU,2443,PLATFORM,COLLECTED,2024-08-03T06:43:31.024Z
4190,7657,TX20240813340409,PAY_FEE,68,MRU,4867,MERCHANT,COLLECTED,2024-08-13T07:12:15.971Z
4191,7660,TX20240630288845,TRF_FEE,25,MRU,4938,PLATFORM,COLLECTED,2024-06-30T09:18:55.681Z
4192,7661,TX20241007541233,WIT_FEE,50,MRU,9062,PLATFORM,COLLECTED,2024-10-07T12:58:52.796Z
4193,7662,TX20240309256346,TRF_FEE,50,MRU,8426,PLATFORM,COLLECTED,2024-03-09T18:05:23.241Z
4194,7663,TX20240608888197,WIT_FEE,100,MRU,9588,PLATFORM,COLLECTED,2024-06-08T14:51:38.811Z
4195,7664,TX20240502566496,WIT_FEE,100,MRU,4159,PLATFORM,COLLECTED,2024-05-02T17:37:12.412Z
4196,7668,TX20241121767545,PAY_FEE,128,MRU,298,MERCHANT,COLLECTED,2024-11-21T09:57:34.668Z
4197,7669,TX20240329121099,TRF_FEE,25,MRU,119,PLATFORM,COLLECTED,2024-03-29T10:30:53.882Z
4198,7677,TX20240617986767,SAL_FEE,490,MRU,161,PLATFORM,COLLECTED,2024-06-17T13:13:11.487Z
4199,7680,TX20241015430083,TRF_FEE,10,MRU,9617,PLATFORM,COLLECTED,2024-10-15T07:22:42.604Z
4200,7681,TX20241122280711,TRF_FEE,50,MRU,7094,PLATFORM,COLLECTED,2024-11-22T07:37:53.713Z
4201,7682,TX20240507152187,WIT_FEE,50,MRU,5555,PLATFORM,COLLECTED,2024-05-07T10:29:35.389Z
4202,7684,TX20241016381273,PAY_FEE,8,MRU,5436,MERCHANT,COLLECTED,2024-10-16T12:29:55.809Z
4203,7685,TX20240228436427,WIT_FEE,100,MRU,2288,PLATFORM,COLLECTED,2024-02-27T23:41:12.812Z
4204,7687,TX20240917469670,TRF_FEE,25,MRU,10965,PLATFORM,COLLECTED,2024-09-17T06:24:31.642Z
4205,7689,TX20240520614627,TRF_FEE,50,MRU,7651,PLATFORM,COLLECTED,2024-05-20T09:48:40.495Z
4206,7690,TX20240130242717,TRF_FEE,50,MRU,7501,PLATFORM,COLLECTED,2024-01-30T21:52:41.916Z
4207,7695,TX20240412407970,TRF_FEE,50,MRU,7848,PLATFORM,COLLECTED,2024-04-12T16:27:34.584Z
4208,7696,TX20240804672238,PAY_FEE,33,MRU,8499,MERCHANT,COLLECTED,2024-08-04T12:57:54.605Z
4209,7697,TX20240316986957,PAY_FEE,114,MRU,9778,MERCHANT,COLLECTED,2024-03-16T18:19:34.720Z
4210,7699,TX20241013105492,PAY_FEE,23,MRU,185,MERCHANT,COLLECTED,2024-10-13T06:02:40.052Z
4211,7700,TX20241018614414,TRF_FEE,50,MRU,9739,PLATFORM,COLLECTED,2024-10-18T16:28:50.315Z
4212,7702,TX20240521933189,TRF_FEE,50,MRU,7884,PLATFORM,COLLECTED,2024-05-21T14:53:27.926Z
4213,7703,TX20241109809072,WIT_FEE,250,MRU,2307,PLATFORM,COLLECTED,2024-11-09T07:10:29.404Z
4214,7704,TX20240609725999,PAY_FEE,18,MRU,8910,MERCHANT,COLLECTED,2024-06-09T12:49:22.091Z
4215,7706,TX20241004462837,PAY_FEE,60,MRU,6050,MERCHANT,COLLECTED,2024-10-04T16:38:27.486Z
4216,7708,TX20240919966354,PAY_FEE,60,MRU,4946,MERCHANT,COLLECTED,2024-09-19T10:40:02.631Z
4217,7709,TX20241110019573,PAY_FEE,23,MRU,4794,MERCHANT,COLLECTED,2024-11-10T17:09:34.018Z
4218,7711,TX20240403773641,WIT_FEE,50,MRU,153,PLATFORM,COLLECTED,2024-04-03T07:51:33.691Z
4219,7713,TX20241004082982,WIT_FEE,50,MRU,10454,PLATFORM,COLLECTED,2024-10-04T03:55:57.633Z
4220,7716,TX20240611829317,TRF_FEE,50,MRU,1425,PLATFORM,COLLECTED,2024-06-11T15:42:21.983Z
4221,7717,TX20240210493508,TRF_FEE,25,MRU,6432,PLATFORM,COLLECTED,2024-02-10T07:33:02.836Z
4222,7718,TX20240120400191,BIL_FEE,100,MRU,4108,PLATFORM,COLLECTED,2024-01-20T22:06:18.715Z
4223,7719,TX20240814095851,WIT_FEE,50,MRU,4111,PLATFORM,COLLECTED,2024-08-14T08:12:48.211Z
4224,7720,TX20240522034941,TRF_FEE,50,MRU,7549,PLATFORM,COLLECTED,2024-05-22T04:21:00.744Z
4225,7722,TX20241203641308,PAY_FEE,39,MRU,3128,MERCHANT,COLLECTED,2024-12-03T08:59:49.736Z
4226,7723,TX20241002150962,PAY_FEE,36,MRU,323,MERCHANT,COLLECTED,2024-10-02T16:16:26.942Z
4227,7724,TX20241225095828,TRF_FEE,50,MRU,7036,PLATFORM,COLLECTED,2024-12-25T07:50:12.617Z
4228,7725,TX20240506567040,BIL_FEE,100,MRU,1418,PLATFORM,COLLECTED,2024-05-06T13:00:09.161Z
4229,7726,TX20240910945917,WIT_FEE,50,MRU,3082,PLATFORM,COLLECTED,2024-09-10T05:58:29.251Z
4230,7728,TX20240520197206,PAY_FEE,135,MRU,10132,MERCHANT,COLLECTED,2024-05-20T17:41:09.339Z
4231,7729,TX20240423436983,WIT_FEE,50,MRU,7468,PLATFORM,COLLECTED,2024-04-23T05:35:21.612Z
4232,7730,TX20240408645022,PAY_FEE,180,MRU,10324,MERCHANT,COLLECTED,2024-04-08T13:48:34.609Z
4233,7731,TX20240115498963,TRF_FEE,25,MRU,3261,PLATFORM,COLLECTED,2024-01-15T16:29:37.909Z
4234,7732,TX20240213958288,TRF_FEE,50,MRU,5786,PLATFORM,COLLECTED,2024-02-13T17:06:27.488Z
4235,7733,TX20240120957440,TRF_FEE,50,MRU,3723,PLATFORM,COLLECTED,2024-01-20T07:04:09.823Z
4236,7734,TX20241028740779,PAY_FEE,165,MRU,1327,MERCHANT,COLLECTED,2024-10-28T09:48:02.970Z
4237,7735,TX20241012202681,WIT_FEE,100,MRU,8785,PLATFORM,COLLECTED,2024-10-12T15:09:01.987Z
4238,7736,TX20240430618221,TRF_FEE,25,MRU,6146,PLATFORM,COLLECTED,2024-04-30T10:27:35.760Z
4239,7739,TX20241206877309,WIT_FEE,79,MRU,958,PLATFORM,COLLECTED,2024-12-06T07:47:12.126Z
4240,7740,TX20240822126524,TRF_FEE,50,MRU,8703,PLATFORM,COLLECTED,2024-08-22T10:09:01.149Z
4241,7742,TX20240526190860,TRF_FEE,50,MRU,3600,PLATFORM,COLLECTED,2024-05-26T10:48:27.391Z
4242,7743,TX20241014255663,WIT_FEE,72,MRU,782,PLATFORM,COLLECTED,2024-10-14T09:56:22.425Z
4243,7746,TX20240309516677,BIL_FEE,100,MRU,8706,PLATFORM,COLLECTED,2024-03-09T15:27:36.127Z
4244,7748,TX20241106355595,WIT_FEE,100,MRU,6875,PLATFORM,COLLECTED,2024-11-06T06:04:14.450Z
4245,7750,TX20240209318558,WIT_FEE,50,MRU,1593,PLATFORM,COLLECTED,2024-02-09T15:14:31.769Z
4246,7751,TX20241230684113,SAL_FEE,270,MRU,2110,PLATFORM,COLLECTED,2024-12-30T20:07:58.612Z
4247,7752,TX20240514615987,PAY_FEE,14,MRU,10351,MERCHANT,COLLECTED,2024-05-14T18:43:08.935Z
4248,7755,TX20240712499969,TRF_FEE,25,MRU,8416,PLATFORM,COLLECTED,2024-07-12T09:55:45.890Z
4249,7757,TX20240319567311,TRF_FEE,25,MRU,7455,PLATFORM,COLLECTED,2024-03-19T07:17:24.985Z
4250,7758,TX20240821237143,WIT_FEE,100,MRU,10835,PLATFORM,COLLECTED,2024-08-21T08:11:51.038Z
4251,7759,TX20240802710401,TRF_FEE,50,MRU,6178,PLATFORM,COLLECTED,2024-08-02T14:27:32.545Z
4252,7760,TX20241011170878,WIT_FEE,100,MRU,6237,PLATFORM,COLLECTED,2024-10-11T12:25:42.532Z
4253,7762,TX20240718688689,WIT_FEE,100,MRU,445,PLATFORM,COLLECTED,2024-07-18T11:53:01.603Z
4254,7768,TX20240912120697,WIT_FEE,50,MRU,6892,PLATFORM,COLLECTED,2024-09-12T11:12:13.312Z
4255,7770,TX20240214740993,TRF_FEE,25,MRU,4094,PLATFORM,COLLECTED,2024-02-14T10:24:57.932Z
4256,7773,TX20240327443256,TRF_FEE,50,MRU,3816,PLATFORM,COLLECTED,2024-03-27T16:09:36.220Z
4257,7774,TX20240315118482,WIT_FEE,50,MRU,1963,PLATFORM,COLLECTED,2024-03-15T13:44:15.665Z
4258,7777,TX20240318645244,WIT_FEE,66,MRU,4125,PLATFORM,COLLECTED,2024-03-18T15:08:26.746Z
4259,7779,TX20240325886850,TRF_FEE,25,MRU,3091,PLATFORM,COLLECTED,2024-03-25T10:56:15.929Z
4260,7781,TX20240830729098,TRF_FEE,50,MRU,2710,PLATFORM,COLLECTED,2024-08-30T13:19:44.477Z
4261,7783,TX20240510315921,PAY_FEE,150,MRU,8094,MERCHANT,COLLECTED,2024-05-10T07:54:27.476Z
4262,7786,TX20241031597999,BIL_FEE,100,MRU,6442,PLATFORM,COLLECTED,2024-10-31T12:47:40.525Z
4263,7789,TX20240314191477,PAY_FEE,17,MRU,4056,MERCHANT,COLLECTED,2024-03-14T09:15:30.828Z
4264,7790,TX20240503289672,TRF_FEE,25,MRU,1490,PLATFORM,COLLECTED,2024-05-03T14:52:40.150Z
4265,7791,TX20240525315717,TRF_FEE,25,MRU,10618,PLATFORM,COLLECTED,2024-05-25T06:27:18.827Z
4266,7794,TX20240205054855,WIT_FEE,200,MRU,4909,PLATFORM,COLLECTED,2024-02-05T17:59:46.401Z
4267,7797,TX20241108200709,TRF_FEE,25,MRU,53,PLATFORM,COLLECTED,2024-11-08T15:14:00.499Z
4268,7800,TX20241018898871,WIT_FEE,50,MRU,6601,PLATFORM,COLLECTED,2024-10-18T09:41:22.135Z
4269,7801,TX20241010437609,WIT_FEE,50,MRU,2613,PLATFORM,COLLECTED,2024-10-10T14:38:33.607Z
4270,7802,TX20240730990175,TRF_FEE,25,MRU,6233,PLATFORM,COLLECTED,2024-07-30T15:48:36.787Z
4271,7803,TX20240601135187,WIT_FEE,50,MRU,4801,PLATFORM,COLLECTED,2024-06-01T15:37:40.040Z
4272,7804,TX20241011018030,PAY_FEE,60,MRU,6137,MERCHANT,COLLECTED,2024-10-11T09:05:44.397Z
4273,7805,TX20240208810768,PAY_FEE,92,MRU,3866,MERCHANT,COLLECTED,2024-02-08T17:47:16.457Z
4274,7806,TX20241102312295,TRF_FEE,25,MRU,9486,PLATFORM,COLLECTED,2024-11-02T12:12:12.700Z
4275,7807,TX20240926291468,TRF_FEE,50,MRU,10212,PLATFORM,COLLECTED,2024-09-26T08:33:54.519Z
4276,7808,TX20240323818130,WIT_FEE,50,MRU,5122,PLATFORM,COLLECTED,2024-03-23T14:55:35.306Z
4277,7809,TX20240621969419,TRF_FEE,50,MRU,3083,PLATFORM,COLLECTED,2024-06-21T05:42:44.079Z
4278,7810,TX20240529869933,WIT_FEE,110,MRU,2195,PLATFORM,COLLECTED,2024-05-29T16:16:00.600Z
4279,7811,TX20240225422312,TRF_FEE,25,MRU,9723,PLATFORM,COLLECTED,2024-02-25T08:06:37.062Z
4280,7813,TX20240827981833,TRF_FEE,25,MRU,6144,PLATFORM,COLLECTED,2024-08-27T10:18:05.837Z
4281,7814,TX20240410691517,WIT_FEE,50,MRU,8190,PLATFORM,COLLECTED,2024-04-10T19:01:59.273Z
4282,7816,TX20241025540051,PAY_FEE,17,MRU,4284,MERCHANT,COLLECTED,2024-10-25T07:05:27.452Z
4283,7822,TX20240101884469,TRF_FEE,50,MRU,7479,PLATFORM,COLLECTED,2024-01-01T20:25:12.746Z
4284,7825,TX20241221991195,BIL_FEE,100,MRU,1615,PLATFORM,COLLECTED,2024-12-21T10:33:37.709Z
4285,7826,TX20240427441419,SAL_FEE,1260,MRU,1921,PLATFORM,COLLECTED,2024-04-27T14:26:06.213Z
4286,7827,TX20240507016376,WIT_FEE,50,MRU,4088,PLATFORM,COLLECTED,2024-05-07T15:48:51.314Z
4287,7829,TX20240816762313,PAY_FEE,35,MRU,10845,MERCHANT,COLLECTED,2024-08-16T11:14:07.004Z
4288,7830,TX20241102969651,WIT_FEE,50,MRU,10672,PLATFORM,COLLECTED,2024-11-02T06:12:32.298Z
4289,7833,TX20241216266846,WIT_FEE,50,MRU,5849,PLATFORM,COLLECTED,2024-12-16T18:02:11.793Z
4290,7837,TX20240808117245,TRF_FEE,25,MRU,9676,PLATFORM,COLLECTED,2024-08-08T05:29:45.191Z
4291,7838,TX20240819482157,SAL_FEE,2200,MRU,158,PLATFORM,COLLECTED,2024-08-19T09:16:32.968Z
4292,7839,TX20241010433309,PAY_FEE,255,MRU,3853,MERCHANT,COLLECTED,2024-10-10T13:17:37.179Z
4293,7840,TX20240705600723,TRF_FEE,50,MRU,6052,PLATFORM,COLLECTED,2024-07-05T07:49:36.096Z
4294,7844,TX20240118330390,WIT_FEE,170,MRU,7423,PLATFORM,COLLECTED,2024-01-18T08:41:46.269Z
4295,7849,TX20240514466333,TRF_FEE,25,MRU,451,PLATFORM,COLLECTED,2024-05-14T18:43:16.549Z
4296,7850,TX20240405232959,WIT_FEE,50,MRU,4229,PLATFORM,COLLECTED,2024-04-05T17:48:46.588Z
4297,7853,TX20240524828266,SAL_FEE,410,MRU,9083,PLATFORM,COLLECTED,2024-05-24T17:39:27.992Z
4298,7855,TX20240309851626,TRF_FEE,50,MRU,7883,PLATFORM,COLLECTED,2024-03-09T13:09:53.260Z
4299,7856,TX20241220678203,WIT_FEE,67,MRU,8325,PLATFORM,COLLECTED,2024-12-20T14:20:37.834Z
4300,7857,TX20240815052143,WIT_FEE,500,MRU,503,PLATFORM,COLLECTED,2024-08-15T17:20:00.213Z
4301,7858,TX20240825459570,WIT_FEE,50,MRU,9514,PLATFORM,COLLECTED,2024-08-25T07:55:37.559Z
4302,7859,TX20240624612067,WIT_FEE,50,MRU,6553,PLATFORM,COLLECTED,2024-06-24T09:26:58.261Z
4303,7862,TX20240108565761,WIT_FEE,200,MRU,4575,PLATFORM,COLLECTED,2024-01-08T16:09:20.939Z
4304,7864,TX20240727146811,TRF_FEE,50,MRU,6916,PLATFORM,COLLECTED,2024-07-27T13:03:11.377Z
4305,7865,TX20240912255435,BIL_FEE,100,MRU,6643,PLATFORM,COLLECTED,2024-09-12T11:40:09.519Z
4306,7868,TX20240327007532,PAY_FEE,4395,MRU,10288,MERCHANT,COLLECTED,2024-03-27T19:47:19.429Z
4307,7870,TX20240602150986,WIT_FEE,50,MRU,6294,PLATFORM,COLLECTED,2024-06-02T09:55:11.959Z
4308,7875,TX20240501140138,WIT_FEE,50,MRU,6659,PLATFORM,COLLECTED,2024-05-01T20:21:27.664Z
4309,7876,TX20240405407055,WIT_FEE,50,MRU,7221,PLATFORM,COLLECTED,2024-04-05T11:49:13.706Z
4310,7885,TX20241026554189,WIT_FEE,50,MRU,7061,PLATFORM,COLLECTED,2024-10-26T13:10:48.883Z
4311,7886,TX20240625094722,WIT_FEE,50,MRU,6710,PLATFORM,COLLECTED,2024-06-25T17:02:11.646Z
4312,7892,TX20241114036749,TRF_FEE,50,MRU,6671,PLATFORM,COLLECTED,2024-11-14T13:39:03.599Z
4313,7893,TX20240610997370,PAY_FEE,255,MRU,5380,MERCHANT,COLLECTED,2024-06-10T08:01:29.521Z
4314,7894,TX20241216293730,TRF_FEE,25,MRU,10033,PLATFORM,COLLECTED,2024-12-16T19:16:37.872Z
4315,7897,TX20240213070258,PAY_FEE,114,MRU,5154,MERCHANT,COLLECTED,2024-02-13T18:55:32.092Z
4316,7900,TX20240107951518,SAL_FEE,1110,MRU,4878,PLATFORM,COLLECTED,2024-01-07T12:57:39.953Z
4317,7901,TX20240126817758,TRF_FEE,50,MRU,5574,PLATFORM,COLLECTED,2024-01-26T16:15:05.949Z
4318,7902,TX20240827323809,WIT_FEE,50,MRU,8534,PLATFORM,COLLECTED,2024-08-27T09:43:04.006Z
4319,7903,TX20240515682560,TRF_FEE,50,MRU,1871,PLATFORM,COLLECTED,2024-05-15T15:13:01.303Z
4320,7905,TX20240706724485,SAL_FEE,2395,MRU,2623,PLATFORM,COLLECTED,2024-07-06T06:57:06.694Z
4321,7909,TX20240802442109,PAY_FEE,23,MRU,7443,MERCHANT,COLLECTED,2024-08-02T10:26:08.840Z
4322,7911,TX20240118717803,WIT_FEE,58,MRU,8269,PLATFORM,COLLECTED,2024-01-18T17:04:07.186Z
4323,7914,TX20240201963628,BIL_FEE,100,MRU,10583,PLATFORM,COLLECTED,2024-02-01T17:30:49.794Z
4324,7916,TX20240207357820,TRF_FEE,25,MRU,1742,PLATFORM,COLLECTED,2024-02-07T17:06:55.066Z
4325,7917,TX20241203107017,WIT_FEE,50,MRU,1427,PLATFORM,COLLECTED,2024-12-03T18:16:49.592Z
4326,7918,TX20240728450752,TRF_FEE,50,MRU,7416,PLATFORM,COLLECTED,2024-07-28T13:23:43.484Z
4327,7919,TX20240606203026,TRF_FEE,25,MRU,8644,PLATFORM,COLLECTED,2024-06-06T09:55:04.555Z
4328,7920,TX20240108338483,TRF_FEE,10,MRU,9819,PLATFORM,COLLECTED,2024-01-08T17:48:06.399Z
4329,7922,TX20240109337452,PAY_FEE,4,MRU,10697,MERCHANT,COLLECTED,2024-01-09T22:03:36.942Z
4330,7923,TX20241110317731,TRF_FEE,50,MRU,884,PLATFORM,COLLECTED,2024-11-10T17:07:05.782Z
4331,7924,TX20240908632535,PAY_FEE,33,MRU,442,MERCHANT,COLLECTED,2024-09-08T16:09:07.778Z
4332,7926,TX20240704958195,WIT_FEE,52,MRU,1908,PLATFORM,COLLECTED,2024-07-04T15:32:29.509Z
4333,7927,TX20240110270296,BIL_FEE,100,MRU,7159,PLATFORM,COLLECTED,2024-01-10T16:32:15.598Z
4334,7928,TX20240129988927,TRF_FEE,50,MRU,8721,PLATFORM,COLLECTED,2024-01-29T08:17:52.885Z
4335,7929,TX20240110207261,WIT_FEE,280,MRU,6224,PLATFORM,COLLECTED,2024-01-10T17:39:31.023Z
4336,7931,TX20240925247102,WIT_FEE,50,MRU,9151,PLATFORM,COLLECTED,2024-09-25T07:50:47.627Z
4337,7934,TX20241024803446,SAL_FEE,535,MRU,256,PLATFORM,COLLECTED,2024-10-24T08:39:19.998Z
4338,7935,TX20240602789486,TRF_FEE,50,MRU,9288,PLATFORM,COLLECTED,2024-06-02T20:05:23.542Z
4339,7941,TX20240327599933,PAY_FEE,150,MRU,10909,MERCHANT,COLLECTED,2024-03-27T08:33:16.488Z
4340,7942,TX20241121269433,PAY_FEE,66,MRU,2711,MERCHANT,COLLECTED,2024-11-21T12:57:42.705Z
4341,7943,TX20241003486267,WIT_FEE,50,MRU,8009,PLATFORM,COLLECTED,2024-10-03T16:01:24.063Z
4342,7944,TX20240131113744,TRF_FEE,50,MRU,7764,PLATFORM,COLLECTED,2024-01-31T13:20:44.969Z
4343,7946,TX20240715970071,WIT_FEE,200,MRU,5868,PLATFORM,COLLECTED,2024-07-15T15:41:03.063Z
4344,7949,TX20240924408372,TRF_FEE,50,MRU,3538,PLATFORM,COLLECTED,2024-09-24T21:55:53.523Z
4345,7951,TX20240104687378,SAL_FEE,535,MRU,2389,PLATFORM,COLLECTED,2024-01-04T09:56:04.798Z
4346,7952,TX20241225788430,TRF_FEE,25,MRU,5859,PLATFORM,COLLECTED,2024-12-25T06:13:36.058Z
4347,7953,TX20241113777001,PAY_FEE,56,MRU,4259,MERCHANT,COLLECTED,2024-11-13T07:19:20.649Z
4348,7956,TX20240809208805,WIT_FEE,50,MRU,10296,PLATFORM,COLLECTED,2024-08-09T15:54:33.041Z
4349,7957,TX20241022778747,WIT_FEE,50,MRU,3239,PLATFORM,COLLECTED,2024-10-22T10:09:04.686Z
4350,7958,TX20240609788752,WIT_FEE,460,MRU,6869,PLATFORM,COLLECTED,2024-06-09T05:07:24.909Z
4351,7960,TX20240621450215,WIT_FEE,50,MRU,1884,PLATFORM,COLLECTED,2024-06-21T08:01:36.894Z
4352,7962,TX20241212239648,WIT_FEE,50,MRU,7740,PLATFORM,COLLECTED,2024-12-12T17:39:04.319Z
4353,7963,TX20240404972020,TRF_FEE,25,MRU,4234,PLATFORM,COLLECTED,2024-04-04T05:53:08.456Z
4354,7966,TX20241021196400,TRF_FEE,50,MRU,10554,PLATFORM,COLLECTED,2024-10-21T07:38:38.741Z
4355,7967,TX20241128926685,TRF_FEE,50,MRU,3118,PLATFORM,COLLECTED,2024-11-28T18:08:49.759Z
4356,7968,TX20240228104698,WIT_FEE,50,MRU,1104,PLATFORM,COLLECTED,2024-02-28T08:50:09.237Z
4357,7969,TX20240510930546,WIT_FEE,50,MRU,8740,PLATFORM,COLLECTED,2024-05-10T10:04:24.983Z
4358,7970,TX20240521995894,PAY_FEE,11,MRU,7064,MERCHANT,COLLECTED,2024-05-21T15:14:32.257Z
4359,7973,TX20240217908278,TRF_FEE,50,MRU,1195,PLATFORM,COLLECTED,2024-02-17T09:44:55.129Z
4360,7978,TX20240512463350,TRF_FEE,50,MRU,889,PLATFORM,COLLECTED,2024-05-12T07:50:26.162Z
4361,7979,TX20240825751648,TRF_FEE,50,MRU,209,PLATFORM,COLLECTED,2024-08-25T15:46:02.531Z
4362,7981,TX20240113375259,WIT_FEE,50,MRU,2766,PLATFORM,COLLECTED,2024-01-13T15:16:38.273Z
4363,7982,TX20241121304256,TRF_FEE,50,MRU,3641,PLATFORM,COLLECTED,2024-11-21T08:51:37.122Z
4364,7983,TX20241019306749,TRF_FEE,50,MRU,3050,PLATFORM,COLLECTED,2024-10-19T17:20:05.937Z
4365,7990,TX20241215120642,WIT_FEE,50,MRU,7888,PLATFORM,COLLECTED,2024-12-15T08:12:22.248Z
4366,7991,TX20240525231623,TRF_FEE,50,MRU,6655,PLATFORM,COLLECTED,2024-05-25T08:53:27.403Z
4367,7993,TX20241019244698,WIT_FEE,50,MRU,8901,PLATFORM,COLLECTED,2024-10-19T13:43:48.088Z
4368,7994,TX20240923335974,WIT_FEE,200,MRU,6100,PLATFORM,COLLECTED,2024-09-23T07:49:50.693Z
4369,7995,TX20240829476010,PAY_FEE,18,MRU,8306,MERCHANT,COLLECTED,2024-08-29T14:21:55.656Z
4370,7998,TX20241123927445,WIT_FEE,50,MRU,9762,PLATFORM,COLLECTED,2024-11-23T10:14:23.410Z
4371,7999,TX20240127507429,TRF_FEE,50,MRU,8263,PLATFORM,COLLECTED,2024-01-27T15:39:01.484Z
4372,8001,TX20240314538757,PAY_FEE,17,MRU,4056,MERCHANT,COLLECTED,2024-03-14T09:15:30.828Z
4373,8002,TX20240916843036,WIT_FEE,50,MRU,7576,PLATFORM,COLLECTED,2024-09-16T16:40:09.134Z
4374,8004,TX20240201668075,TRF_FEE,50,MRU,10551,PLATFORM,COLLECTED,2024-02-01T17:32:12.951Z
4375,8011,TX20240506574453,TRF_FEE,25,MRU,8802,PLATFORM,COLLECTED,2024-05-06T10:56:20.356Z
4376,8012,TX20240519898871,TRF_FEE,25,MRU,4218,PLATFORM,COLLECTED,2024-05-19T06:35:08.879Z
4377,8013,TX20241010268059,WIT_FEE,50,MRU,2613,PLATFORM,COLLECTED,2024-10-10T14:38:33.607Z
4378,8014,TX20241003990175,TRF_FEE,50,MRU,10964,PLATFORM,COLLECTED,2024-10-03T16:36:47.563Z
4379,8015,TX20240601747275,WIT_FEE,50,MRU,4801,PLATFORM,COLLECTED,2024-06-01T15:37:40.040Z
4380,8016,TX20240427018030,PAY_FEE,50,MRU,8704,MERCHANT,COLLECTED,2024-04-27T06:44:23.554Z
4381,8017,TX20240208988773,PAY_FEE,92,MRU,3866,MERCHANT,COLLECTED,2024-02-08T17:47:16.457Z
4382,8019,TX20240619395730,PAY_FEE,15,MRU,5743,MERCHANT,COLLECTED,2024-06-19T15:14:33.914Z
4383,8020,TX20240321046373,WIT_FEE,50,MRU,3395,PLATFORM,COLLECTED,2024-03-21T09:33:55.589Z
4384,8027,TX20240321865521,PAY_FEE,465,MRU,1293,MERCHANT,COLLECTED,2024-03-21T14:15:43.063Z
4385,8028,TX20240712759015,TRF_FEE,50,MRU,7090,PLATFORM,COLLECTED,2024-07-12T14:14:53.528Z
4386,8032,TX20240426783587,TRF_FEE,50,MRU,5086,PLATFORM,COLLECTED,2024-04-26T16:18:50.896Z
4387,8037,TX20240101332472,TRF_FEE,10,MRU,10739,PLATFORM,COLLECTED,2024-01-01T07:33:41.910Z
4388,8039,TX20240929399806,WIT_FEE,50,MRU,3991,PLATFORM,COLLECTED,2024-09-29T16:51:18.369Z
4389,8040,TX20240730023598,BIL_FEE,100,MRU,5553,PLATFORM,COLLECTED,2024-07-30T16:23:43.012Z
4390,8041,TX20240305516784,BIL_FEE,100,MRU,1349,PLATFORM,COLLECTED,2024-03-05T17:37:28.244Z
4391,8042,TX20240624337846,WIT_FEE,50,MRU,2285,PLATFORM,COLLECTED,2024-06-24T21:16:50.059Z
4392,8044,TX20241209676401,TRF_FEE,50,MRU,5549,PLATFORM,COLLECTED,2024-12-09T08:46:17.703Z
4393,8045,TX20240126217921,TRF_FEE,25,MRU,2081,PLATFORM,COLLECTED,2024-01-26T09:57:54.045Z
4394,8051,TX20240629453747,WIT_FEE,50,MRU,6953,PLATFORM,COLLECTED,2024-06-29T16:46:36.291Z
4395,8053,TX20240130872385,WIT_FEE,50,MRU,6412,PLATFORM,COLLECTED,2024-01-30T17:36:50.079Z
4396,8054,TX20241022528430,TRF_FEE,50,MRU,7475,PLATFORM,COLLECTED,2024-10-22T07:26:09.024Z
4397,8056,TX20240902712908,WIT_FEE,170,MRU,4123,PLATFORM,COLLECTED,2024-09-02T15:24:02.943Z
4398,8060,TX20240312680939,TRF_FEE,50,MRU,3420,PLATFORM,COLLECTED,2024-03-12T07:05:43.810Z
4399,8061,TX20240719966189,WIT_FEE,50,MRU,10189,PLATFORM,COLLECTED,2024-07-19T05:36:27.468Z
4400,8062,TX20241229953886,WIT_FEE,50,MRU,3782,PLATFORM,COLLECTED,2024-12-29T10:40:37.192Z
4401,8063,TX20240309977595,WIT_FEE,120,MRU,211,PLATFORM,COLLECTED,2024-03-09T14:05:23.202Z
4402,8064,TX20240626481988,PAY_FEE,420,MRU,8368,MERCHANT,COLLECTED,2024-06-26T06:59:08.702Z
4403,8070,TX20240723473800,TRF_FEE,25,MRU,6016,PLATFORM,COLLECTED,2024-07-23T16:23:02.027Z
4404,8071,TX20241221861963,TRF_FEE,25,MRU,3102,PLATFORM,COLLECTED,2024-12-21T09:35:35.459Z
4405,8072,TX20241207967830,TRF_FEE,25,MRU,75,PLATFORM,COLLECTED,2024-12-07T14:20:10.915Z
4406,8082,TX20240503150986,TRF_FEE,50,MRU,8264,PLATFORM,COLLECTED,2024-05-03T18:11:57.568Z
4407,8087,TX20240614406265,WIT_FEE,100,MRU,7553,PLATFORM,COLLECTED,2024-06-14T14:36:33.116Z
4408,8090,TX20240807353403,TRF_FEE,50,MRU,10340,PLATFORM,COLLECTED,2024-08-07T08:37:40.910Z
4409,8091,TX20241029796948,PAY_FEE,57,MRU,5167,MERCHANT,COLLECTED,2024-10-29T07:28:28.612Z
4410,8096,TX20240925183765,TRF_FEE,25,MRU,7492,PLATFORM,COLLECTED,2024-09-25T17:41:03.379Z
4411,8097,TX20240809322122,PAY_FEE,24,MRU,10508,MERCHANT,COLLECTED,2024-08-09T07:48:53.640Z
4412,8100,TX20240526313699,WIT_FEE,50,MRU,9297,PLATFORM,COLLECTED,2024-05-26T07:42:11.709Z
4413,8102,TX20240428910549,TRF_FEE,50,MRU,4663,PLATFORM,COLLECTED,2024-04-28T11:38:09.599Z
4414,8104,TX20241222242593,WIT_FEE,50,MRU,5967,PLATFORM,COLLECTED,2024-12-22T07:00:39.871Z
4415,8105,TX20240731382580,WIT_FEE,50,MRU,3246,PLATFORM,COLLECTED,2024-07-31T05:01:51.443Z
4416,8106,TX20241008918789,WIT_FEE,50,MRU,3033,PLATFORM,COLLECTED,2024-10-08T10:40:57.953Z
4417,8107,TX20240312666836,TRF_FEE,25,MRU,8706,PLATFORM,COLLECTED,2024-03-12T14:18:29.644Z
4418,8109,TX20240616719460,PAY_FEE,147,MRU,6072,MERCHANT,COLLECTED,2024-06-16T14:07:53.920Z
4419,8112,TX20241221297232,WIT_FEE,50,MRU,10518,PLATFORM,COLLECTED,2024-12-21T05:28:57.658Z
4420,8113,TX20240401817758,PAY_FEE,128,MRU,10662,MERCHANT,COLLECTED,2024-04-01T06:56:30.532Z
4421,8115,TX20240515552074,TRF_FEE,50,MRU,1871,PLATFORM,COLLECTED,2024-05-15T15:13:01.303Z
4422,8116,TX20241201429782,SAL_FEE,2415,MRU,588,PLATFORM,COLLECTED,2024-12-01T16:11:15.792Z
4423,8120,TX20240115301837,PAY_FEE,122,MRU,3600,MERCHANT,COLLECTED,2024-01-15T19:49:39.868Z
4424,8121,TX20240802796639,PAY_FEE,23,MRU,7443,MERCHANT,COLLECTED,2024-08-02T10:26:08.840Z
4425,8122,TX20240624818791,TRF_FEE,25,MRU,9837,PLATFORM,COLLECTED,2024-06-24T12:35:33.576Z
4426,8125,TX20240106694432,TRF_FEE,10,MRU,136,PLATFORM,COLLECTED,2024-01-06T06:48:43.079Z
4427,8130,TX20240609048705,WIT_FEE,87,MRU,5361,PLATFORM,COLLECTED,2024-06-09T13:36:23.727Z
4428,8131,TX20240505203026,TRF_FEE,25,MRU,9337,PLATFORM,COLLECTED,2024-05-05T18:04:33.782Z
4429,8132,TX20240108989467,TRF_FEE,10,MRU,9819,PLATFORM,COLLECTED,2024-01-08T17:48:06.399Z
4430,8135,TX20241021994636,PAY_FEE,24,MRU,3161,MERCHANT,COLLECTED,2024-10-21T06:05:46.081Z
4431,8138,TX20241226391346,PAY_FEE,65,MRU,5387,MERCHANT,COLLECTED,2024-12-26T09:30:45.543Z
4432,8139,TX20240512147657,PAY_FEE,47,MRU,5935,MERCHANT,COLLECTED,2024-05-12T19:54:01.733Z
4433,8141,TX20240524228562,TRF_FEE,25,MRU,251,PLATFORM,COLLECTED,2024-05-24T04:47:39.521Z
4434,8144,TX20241014773540,BIL_FEE,100,MRU,2911,PLATFORM,COLLECTED,2024-10-14T08:31:08.163Z
4435,8145,TX20240410884452,PAY_FEE,81,MRU,1689,MERCHANT,COLLECTED,2024-04-10T07:20:35.024Z
4436,8146,TX20241212973473,TRF_FEE,25,MRU,10776,PLATFORM,COLLECTED,2024-12-12T08:01:36.138Z
4437,8148,TX20240213984147,PAY_FEE,23,MRU,8581,MERCHANT,COLLECTED,2024-02-13T16:27:27.669Z
4438,8149,TX20240314922166,PAY_FEE,8,MRU,335,MERCHANT,COLLECTED,2024-03-14T06:11:37.787Z
4439,8150,TX20240325968812,TRF_FEE,25,MRU,5081,PLATFORM,COLLECTED,2024-03-25T05:43:52.344Z
4440,8151,TX20240513572361,WIT_FEE,50,MRU,5173,PLATFORM,COLLECTED,2024-05-13T07:43:51.443Z
4441,8155,TX20241003629247,WIT_FEE,50,MRU,8009,PLATFORM,COLLECTED,2024-10-03T16:01:24.063Z
4442,8159,TX20240623150484,PAY_FEE,8,MRU,4941,MERCHANT,COLLECTED,2024-06-23T08:13:36.695Z
4443,8161,TX20240727319165,SAL_FEE,2345,MRU,10979,PLATFORM,COLLECTED,2024-07-27T09:25:25.731Z
4444,8162,TX20240827593902,WIT_FEE,50,MRU,9666,PLATFORM,COLLECTED,2024-08-27T14:49:16.026Z
4445,8164,TX20240804154044,TRF_FEE,50,MRU,2482,PLATFORM,COLLECTED,2024-08-04T11:26:59.040Z
4446,8165,TX20241103879535,WIT_FEE,50,MRU,3591,PLATFORM,COLLECTED,2024-11-03T11:49:52.071Z
4447,8166,TX20240127391603,TRF_FEE,25,MRU,2482,PLATFORM,COLLECTED,2024-01-27T20:49:40.489Z
4448,8167,TX20240719071737,WIT_FEE,50,MRU,2048,PLATFORM,COLLECTED,2024-07-19T07:52:02.294Z
4449,8168,TX20240116547986,TRF_FEE,25,MRU,563,PLATFORM,COLLECTED,2024-01-16T19:41:01.075Z
4450,8169,TX20240227017805,TRF_FEE,25,MRU,673,PLATFORM,COLLECTED,2024-02-27T07:41:17.293Z
4451,8175,TX20241219975625,TRF_FEE,25,MRU,1601,PLATFORM,COLLECTED,2024-12-19T11:15:02.887Z
4452,8176,TX20240711368897,TRF_FEE,25,MRU,1626,PLATFORM,COLLECTED,2024-07-11T05:44:20.175Z
4453,8177,TX20240428445670,TRF_FEE,25,MRU,3229,PLATFORM,COLLECTED,2024-04-28T14:57:27.569Z
4454,8178,TX20240909191879,PAY_FEE,13,MRU,8181,MERCHANT,COLLECTED,2024-09-09T16:08:38.647Z
4455,8179,TX20241217530041,WIT_FEE,380,MRU,1547,PLATFORM,COLLECTED,2024-12-17T18:24:54.902Z
4456,8180,TX20241227188912,TRF_FEE,50,MRU,1721,PLATFORM,COLLECTED,2024-12-27T10:09:12.849Z
4457,8181,TX20241226120344,TRF_FEE,10,MRU,4934,PLATFORM,COLLECTED,2024-12-26T08:50:13.357Z
4458,8182,TX20240216292633,TRF_FEE,50,MRU,4300,PLATFORM,COLLECTED,2024-02-16T15:02:50.789Z
4459,8192,TX20240818222223,WIT_FEE,100,MRU,10666,PLATFORM,COLLECTED,2024-08-18T20:45:47.162Z
4460,8194,TX20240804932174,TRF_FEE,50,MRU,9528,PLATFORM,COLLECTED,2024-08-04T14:29:53.146Z
4461,8197,TX20241203475903,PAY_FEE,21,MRU,5728,MERCHANT,COLLECTED,2024-12-03T06:57:08.990Z
4462,8199,TX20240517548032,TRF_FEE,50,MRU,10884,PLATFORM,COLLECTED,2024-05-17T18:38:26.266Z
4463,8201,TX20241128211911,TRF_FEE,50,MRU,3264,PLATFORM,COLLECTED,2024-11-28T13:02:27.560Z
4464,8202,TX20241215331146,WIT_FEE,50,MRU,7888,PLATFORM,COLLECTED,2024-12-15T08:12:22.248Z
4465,8203,TX20240402937774,WIT_FEE,94,MRU,9090,PLATFORM,COLLECTED,2024-04-02T17:27:24.602Z
4466,8204,TX20241029914561,TRF_FEE,25,MRU,1074,PLATFORM,COLLECTED,2024-10-29T08:03:05.807Z
4467,8205,TX20241019835086,WIT_FEE,50,MRU,8901,PLATFORM,COLLECTED,2024-10-19T13:43:48.088Z
4468,8206,TX20240220335974,PAY_FEE,90,MRU,5506,MERCHANT,COLLECTED,2024-02-20T17:50:41.550Z
4469,8207,TX20240829734251,PAY_FEE,18,MRU,8306,MERCHANT,COLLECTED,2024-08-29T14:21:55.656Z
4470,8208,TX20241125615250,TRF_FEE,10,MRU,4159,PLATFORM,COLLECTED,2024-11-25T10:24:28.144Z
4471,8211,TX20240913900536,TRF_FEE,50,MRU,7473,PLATFORM,COLLECTED,2024-09-13T07:02:41.071Z
4472,8212,TX20240708949353,WIT_FEE,50,MRU,4365,PLATFORM,COLLECTED,2024-07-08T05:14:33.922Z
4473,8213,TX20240804090262,PAY_FEE,255,MRU,2888,MERCHANT,COLLECTED,2024-08-04T17:43:12.263Z
4474,8215,TX20240525815674,TRF_FEE,25,MRU,10618,PLATFORM,COLLECTED,2024-05-25T06:27:18.827Z
4475,8216,TX20240731668075,TRF_FEE,50,MRU,10490,PLATFORM,COLLECTED,2024-07-31T06:51:32.212Z
4476,8220,TX20240709079106,PAY_FEE,180,MRU,10773,MERCHANT,COLLECTED,2024-07-09T06:43:21.195Z
4477,8221,TX20241212508407,TRF_FEE,50,MRU,37,PLATFORM,COLLECTED,2024-12-12T15:51:39.237Z
4478,8222,TX20240105303397,TRF_FEE,50,MRU,2968,PLATFORM,COLLECTED,2024-01-05T10:45:56.290Z
4479,8224,TX20240520898871,PAY_FEE,30,MRU,1559,MERCHANT,COLLECTED,2024-05-20T14:22:08.597Z
4480,8226,TX20241003146248,TRF_FEE,50,MRU,10964,PLATFORM,COLLECTED,2024-10-03T16:36:47.563Z
4481,8227,TX20241010747275,TRF_FEE,50,MRU,6353,PLATFORM,COLLECTED,2024-10-10T13:40:02.433Z
4482,8228,TX20240427741661,PAY_FEE,50,MRU,8704,MERCHANT,COLLECTED,2024-04-27T06:44:23.554Z
4483,8230,TX20240316819385,TRF_FEE,25,MRU,3287,PLATFORM,COLLECTED,2024-03-16T08:42:51.924Z
4484,8231,TX20240725976753,WIT_FEE,50,MRU,9784,PLATFORM,COLLECTED,2024-07-25T17:31:55.056Z
4485,8233,TX20240113481966,TRF_FEE,10,MRU,6572,PLATFORM,COLLECTED,2024-01-13T15:44:04.278Z
4486,8234,TX20241024869933,TRF_FEE,50,MRU,9140,PLATFORM,COLLECTED,2024-10-24T08:00:36.197Z
4487,8235,TX20240225638815,TRF_FEE,25,MRU,9723,PLATFORM,COLLECTED,2024-02-25T08:06:37.062Z
4488,8237,TX20240827895340,TRF_FEE,25,MRU,6144,PLATFORM,COLLECTED,2024-08-27T10:18:05.837Z
4489,8238,TX20241222182866,WIT_FEE,50,MRU,5235,PLATFORM,COLLECTED,2024-12-22T05:59:16.742Z
4490,8239,TX20240812753070,WIT_FEE,50,MRU,8809,PLATFORM,COLLECTED,2024-08-12T17:42:19.507Z
4491,8240,TX20240614974393,TRF_FEE,25,MRU,10924,PLATFORM,COLLECTED,2024-06-14T09:22:03.406Z
4492,8241,TX20240326343127,TRF_FEE,50,MRU,9433,PLATFORM,COLLECTED,2024-03-26T19:01:01.707Z
4493,8242,TX20240315645690,PAY_FEE,95,MRU,11011,MERCHANT,COLLECTED,2024-03-15T16:59:03.978Z
4494,8244,TX20241228469771,WIT_FEE,460,MRU,1511,PLATFORM,COLLECTED,2024-12-28T16:24:14.034Z
4495,8246,TX20240904927864,PAY_FEE,8,MRU,504,MERCHANT,COLLECTED,2024-09-04T15:46:10.880Z
4496,8247,TX20240106029880,PAY_FEE,63,MRU,250,MERCHANT,COLLECTED,2024-01-06T17:28:15.445Z
4497,8248,TX20240510403611,WIT_FEE,50,MRU,10435,PLATFORM,COLLECTED,2024-05-10T07:01:26.650Z
4498,8249,TX20240409122765,WIT_FEE,50,MRU,8785,PLATFORM,COLLECTED,2024-04-09T09:59:35.978Z
4499,8250,TX20240327108979,TRF_FEE,25,MRU,7003,PLATFORM,COLLECTED,2024-03-27T09:53:30.256Z
4500,8252,TX20240607946427,PAY_FEE,74,MRU,240,MERCHANT,COLLECTED,2024-06-07T15:31:18.658Z
4501,8253,TX20241011716259,PAY_FEE,59,MRU,260,MERCHANT,COLLECTED,2024-10-11T15:01:35.245Z
4502,8256,TX20241012814956,PAY_FEE,600,MRU,2286,MERCHANT,COLLECTED,2024-10-12T14:04:29.558Z
4503,8258,TX20241013788702,TRF_FEE,50,MRU,1678,PLATFORM,COLLECTED,2024-10-13T12:44:30.374Z
4504,8259,TX20241110190674,TRF_FEE,50,MRU,963,PLATFORM,COLLECTED,2024-11-10T20:11:47.076Z
4505,8265,TX20240106931680,TRF_FEE,10,MRU,4130,PLATFORM,COLLECTED,2024-01-06T10:11:05.868Z
4506,8266,TX20240831086989,TRF_FEE,50,MRU,4724,PLATFORM,COLLECTED,2024-08-31T04:53:39.238Z
4507,8267,TX20240213902892,WIT_FEE,340,MRU,5010,PLATFORM,COLLECTED,2024-02-13T10:12:49.864Z
4508,8268,TX20240416162360,PAY_FEE,45,MRU,5754,MERCHANT,COLLECTED,2024-04-16T16:39:55.457Z
4509,8270,TX20240211929862,PAY_FEE,42,MRU,1276,MERCHANT,COLLECTED,2024-02-11T07:22:45.472Z
4510,8271,TX20240315719712,TRF_FEE,50,MRU,9257,PLATFORM,COLLECTED,2024-03-15T15:29:32.146Z
4511,8272,TX20240311730563,WIT_FEE,100,MRU,6639,PLATFORM,COLLECTED,2024-03-11T07:50:56.680Z
4512,8273,TX20241005717608,TRF_FEE,25,MRU,10645,PLATFORM,COLLECTED,2024-10-05T00:28:11.226Z
4513,8274,TX20240326935003,WIT_FEE,64,MRU,2065,PLATFORM,COLLECTED,2024-03-26T08:41:49.779Z
4514,8276,TX20240423382102,PAY_FEE,210,MRU,5332,MERCHANT,COLLECTED,2024-04-23T18:08:18.133Z
4515,8279,TX20240321957221,WIT_FEE,50,MRU,4392,PLATFORM,COLLECTED,2024-03-21T20:09:11.395Z
4516,8281,TX20240131808443,WIT_FEE,50,MRU,9030,PLATFORM,COLLECTED,2024-01-31T06:54:02.307Z
4517,8282,TX20240706822593,PAY_FEE,89,MRU,3153,MERCHANT,COLLECTED,2024-07-06T11:19:04.473Z
4518,8283,TX20240427512909,PAY_FEE,71,MRU,7522,MERCHANT,COLLECTED,2024-04-26T22:36:23.861Z
4519,8287,TX20240912314343,PAY_FEE,18,MRU,6432,MERCHANT,COLLECTED,2024-09-12T16:14:45.220Z
4520,8290,TX20240429287106,TRF_FEE,25,MRU,555,PLATFORM,COLLECTED,2024-04-29T14:46:01.679Z
4521,8291,TX20240215080554,TRF_FEE,50,MRU,6822,PLATFORM,COLLECTED,2024-02-15T08:17:56.007Z
4522,8292,TX20240606036099,WIT_FEE,50,MRU,1725,PLATFORM,COLLECTED,2024-06-06T18:24:34.545Z
4523,8294,TX20240629671094,PAY_FEE,74,MRU,1016,MERCHANT,COLLECTED,2024-06-29T06:28:51.765Z
4524,8295,TX20240603967874,SAL_FEE,2160,MRU,488,PLATFORM,COLLECTED,2024-06-03T09:51:04.499Z
4525,8297,TX20240120643205,TRF_FEE,50,MRU,33,PLATFORM,COLLECTED,2024-01-20T06:42:47.843Z
4526,8298,TX20240218849640,TRF_FEE,50,MRU,8107,PLATFORM,COLLECTED,2024-02-18T06:58:56.270Z
4527,8299,TX20240614474923,WIT_FEE,100,MRU,7553,PLATFORM,COLLECTED,2024-06-14T14:36:33.116Z
4528,8302,TX20241128593553,TRF_FEE,10,MRU,8920,PLATFORM,COLLECTED,2024-11-28T19:44:04.024Z
4529,8303,TX20240811525715,TRF_FEE,50,MRU,10585,PLATFORM,COLLECTED,2024-08-11T11:51:45.201Z
4530,8305,TX20240219712210,PAY_FEE,4,MRU,4506,MERCHANT,COLLECTED,2024-02-19T14:05:24.271Z
4531,8306,TX20241107021129,TRF_FEE,50,MRU,6990,PLATFORM,COLLECTED,2024-11-07T11:10:48.724Z
4532,8307,TX20240422977697,TRF_FEE,50,MRU,6035,PLATFORM,COLLECTED,2024-04-21T22:04:28.015Z
4533,8309,TX20241026068446,WIT_FEE,50,MRU,7061,PLATFORM,COLLECTED,2024-10-26T13:10:48.883Z
4534,8310,TX20241124665192,TRF_FEE,50,MRU,10339,PLATFORM,COLLECTED,2024-11-24T06:11:38.607Z
4535,8311,TX20240115217370,TRF_FEE,25,MRU,2143,PLATFORM,COLLECTED,2024-01-15T15:10:31.375Z
4536,8313,TX20241023434905,BIL_FEE,100,MRU,3839,PLATFORM,COLLECTED,2024-10-23T14:51:18.236Z
4537,8318,TX20240905293730,TRF_FEE,25,MRU,9621,PLATFORM,COLLECTED,2024-09-05T19:57:16.624Z
4538,8321,TX20240213085010,PAY_FEE,114,MRU,5154,MERCHANT,COLLECTED,2024-02-13T18:55:32.092Z
4539,8322,TX20240507364145,SAL_FEE,285,MRU,10230,PLATFORM,COLLECTED,2024-05-07T18:14:00.741Z
4540,8323,TX20240525285031,WIT_FEE,50,MRU,10321,PLATFORM,COLLECTED,2024-05-25T13:52:34.960Z
4541,8328,TX20240313982195,PAY_FEE,138,MRU,4112,MERCHANT,COLLECTED,2024-03-13T09:47:03.961Z
4542,8333,TX20240525702165,TRF_FEE,10,MRU,2951,PLATFORM,COLLECTED,2024-05-25T10:08:50.674Z
4543,8336,TX20241016843914,PAY_FEE,35,MRU,10935,MERCHANT,COLLECTED,2024-10-16T06:58:43.141Z
4544,8337,TX20241228839308,WIT_FEE,220,MRU,420,PLATFORM,COLLECTED,2024-12-28T19:01:36.014Z
4545,8338,TX20241202024799,TRF_FEE,50,MRU,8768,PLATFORM,COLLECTED,2024-12-02T07:49:30.817Z
4546,8341,TX20241029233610,WIT_FEE,130,MRU,5856,PLATFORM,COLLECTED,2024-10-29T14:07:04.178Z
4547,8342,TX20240922747494,WIT_FEE,50,MRU,3374,PLATFORM,COLLECTED,2024-09-22T11:40:26.922Z
4548,8345,TX20240516736414,TRF_FEE,25,MRU,6312,PLATFORM,COLLECTED,2024-05-16T14:45:59.752Z
4549,8346,TX20241209187626,TRF_FEE,50,MRU,859,PLATFORM,COLLECTED,2024-12-09T20:38:01.497Z
4550,8347,TX20240130242086,PAY_FEE,26,MRU,6336,MERCHANT,COLLECTED,2024-01-30T09:09:29.812Z
4551,8350,TX20240303699620,TRF_FEE,50,MRU,4332,PLATFORM,COLLECTED,2024-03-03T15:12:53.787Z
4552,8351,TX20240403109686,TRF_FEE,25,MRU,6157,PLATFORM,COLLECTED,2024-04-03T13:38:13.147Z
4553,8352,TX20241015293217,BIL_FEE,100,MRU,914,PLATFORM,COLLECTED,2024-10-15T04:47:27.080Z
4554,8353,TX20240709187508,TRF_FEE,50,MRU,5226,PLATFORM,COLLECTED,2024-07-09T04:33:38.552Z
4555,8355,TX20240925620445,WIT_FEE,50,MRU,9151,PLATFORM,COLLECTED,2024-09-25T07:50:47.627Z
4556,8358,TX20240412187247,PAY_FEE,74,MRU,1404,MERCHANT,COLLECTED,2024-04-12T14:19:59.023Z
4557,8359,TX20240204867500,SAL_FEE,1880,MRU,10601,PLATFORM,COLLECTED,2024-02-04T11:32:50.122Z
4558,8363,TX20240320017173,WIT_FEE,50,MRU,9458,PLATFORM,COLLECTED,2024-03-20T09:21:09.717Z
4559,8373,TX20240925523573,PAY_FEE,150,MRU,4632,MERCHANT,COLLECTED,2024-09-25T19:34:22.416Z
4560,8376,TX20240617149473,TRF_FEE,25,MRU,6737,PLATFORM,COLLECTED,2024-06-17T10:59:02.223Z
4561,8379,TX20240521425966,WIT_FEE,50,MRU,3266,PLATFORM,COLLECTED,2024-05-21T12:10:52.037Z
4562,8380,TX20240722208805,BIL_FEE,100,MRU,829,PLATFORM,COLLECTED,2024-07-22T05:56:41.020Z
4563,8381,TX20241022013276,WIT_FEE,50,MRU,3239,PLATFORM,COLLECTED,2024-10-22T10:09:04.686Z
4564,8382,TX20240115788752,TRF_FEE,50,MRU,10443,PLATFORM,COLLECTED,2024-01-15T07:24:54.622Z
4565,8384,TX20240111572944,WIT_FEE,50,MRU,4229,PLATFORM,COLLECTED,2024-01-11T14:53:10.356Z
4566,8385,TX20240911375538,TRF_FEE,25,MRU,2840,PLATFORM,COLLECTED,2024-09-11T06:44:59.466Z
4567,8387,TX20240519661977,TRF_FEE,50,MRU,11009,PLATFORM,COLLECTED,2024-05-19T08:15:28.975Z
4568,8388,TX20240820338581,TRF_FEE,50,MRU,7914,PLATFORM,COLLECTED,2024-08-20T19:46:22.925Z
4569,8389,TX20240304759244,PAY_FEE,57,MRU,2144,MERCHANT,COLLECTED,2024-03-04T16:00:26.866Z
4570,8390,TX20240221982889,WIT_FEE,50,MRU,1424,PLATFORM,COLLECTED,2024-02-21T06:33:11.557Z
4571,8391,TX20241105410568,SAL_FEE,2255,MRU,8373,PLATFORM,COLLECTED,2024-11-05T14:31:19.926Z
4572,8392,TX20240206000009,WIT_FEE,50,MRU,4521,PLATFORM,COLLECTED,2024-02-06T18:38:02.188Z
4573,8393,TX20241224151672,TRF_FEE,50,MRU,3180,PLATFORM,COLLECTED,2024-12-24T16:34:12.120Z
4574,8394,TX20240714896242,WIT_FEE,50,MRU,9459,PLATFORM,COLLECTED,2024-07-14T08:38:17.193Z
4575,8397,TX20241201131752,PAY_FEE,900,MRU,9966,MERCHANT,COLLECTED,2024-12-01T07:06:52.880Z
4576,8398,TX20240915708242,WIT_FEE,50,MRU,9842,PLATFORM,COLLECTED,2024-09-15T06:16:32.466Z
4577,8400,TX20241201281243,TRF_FEE,50,MRU,6464,PLATFORM,COLLECTED,2024-12-01T04:41:47.352Z
4578,8404,TX20240618860736,PAY_FEE,8,MRU,4189,MERCHANT,COLLECTED,2024-06-18T07:13:18.624Z
4579,8405,TX20241218350490,TRF_FEE,10,MRU,2653,PLATFORM,COLLECTED,2024-12-18T19:14:54.734Z
4580,8406,TX20240529778695,WIT_FEE,50,MRU,8077,PLATFORM,COLLECTED,2024-05-29T19:55:22.838Z
4581,8408,TX20241212293645,PAY_FEE,60,MRU,379,MERCHANT,COLLECTED,2024-12-12T06:30:50.254Z
4582,8409,TX20240327406115,TRF_FEE,50,MRU,3816,PLATFORM,COLLECTED,2024-03-27T16:09:36.220Z
4583,8415,TX20240502922651,WIT_FEE,100,MRU,4595,PLATFORM,COLLECTED,2024-05-02T18:15:55.279Z
4584,8416,TX20241129379436,TRF_FEE,25,MRU,7030,PLATFORM,COLLECTED,2024-11-29T20:30:44.584Z
4585,8417,TX20240623697646,PAY_FEE,62,MRU,4070,MERCHANT,COLLECTED,2024-06-23T08:50:59.741Z
4586,8419,TX20240313583276,WIT_FEE,50,MRU,2239,PLATFORM,COLLECTED,2024-03-13T18:27:28.734Z
4587,8420,TX20240813258580,TRF_FEE,25,MRU,10134,PLATFORM,COLLECTED,2024-08-13T08:27:36.113Z
4588,8422,TX20240901606413,PAY_FEE,42,MRU,10227,MERCHANT,COLLECTED,2024-09-01T12:34:01.123Z
4589,8423,TX20240930508636,TRF_FEE,50,MRU,6734,PLATFORM,COLLECTED,2024-09-30T09:55:54.094Z
4590,8424,TX20241011373142,TRF_FEE,50,MRU,435,PLATFORM,COLLECTED,2024-10-11T17:26:34.949Z
4591,8425,TX20241029337428,TRF_FEE,10,MRU,222,PLATFORM,COLLECTED,2024-10-29T10:45:19.090Z
4592,8432,TX20240921141694,WIT_FEE,50,MRU,2172,PLATFORM,COLLECTED,2024-09-21T12:04:43.352Z
4593,8433,TX20241108667947,TRF_FEE,25,MRU,53,PLATFORM,COLLECTED,2024-11-08T15:14:00.499Z
4594,8434,TX20241004817478,WIT_FEE,500,MRU,9519,PLATFORM,COLLECTED,2024-10-04T18:17:16.290Z
4595,8436,TX20240519717273,TRF_FEE,25,MRU,4218,PLATFORM,COLLECTED,2024-05-19T06:35:08.879Z
4596,8440,TX20240711554243,PAY_FEE,7,MRU,8592,MERCHANT,COLLECTED,2024-07-11T04:23:03.862Z
4597,8441,TX20241115830109,WIT_FEE,100,MRU,8359,PLATFORM,COLLECTED,2024-11-15T13:38:35.169Z
4598,8442,TX20240708022295,WIT_FEE,430,MRU,2381,PLATFORM,COLLECTED,2024-07-08T14:50:29.205Z
4599,8443,TX20241014395730,TRF_FEE,50,MRU,10088,PLATFORM,COLLECTED,2024-10-14T11:44:14.564Z
4600,8444,TX20240321999320,WIT_FEE,50,MRU,3395,PLATFORM,COLLECTED,2024-03-21T09:33:55.589Z
4601,8445,TX20240807969419,PAY_FEE,47,MRU,870,MERCHANT,COLLECTED,2024-08-07T11:02:42.735Z
4602,8446,TX20240529469497,WIT_FEE,110,MRU,2195,PLATFORM,COLLECTED,2024-05-29T16:16:00.600Z
4603,8449,TX20240614981833,TRF_FEE,50,MRU,4092,PLATFORM,COLLECTED,2024-06-14T08:05:50.554Z
4604,8450,TX20240410182866,WIT_FEE,50,MRU,8190,PLATFORM,COLLECTED,2024-04-10T19:01:59.273Z
4605,8451,TX20240812128451,WIT_FEE,50,MRU,8809,PLATFORM,COLLECTED,2024-08-12T17:42:19.507Z
4606,8452,TX20240521974393,TRF_FEE,50,MRU,5980,PLATFORM,COLLECTED,2024-05-21T09:03:24.991Z
4607,8461,TX20240907991195,TRF_FEE,50,MRU,6888,PLATFORM,COLLECTED,2024-09-07T17:58:20.556Z
4608,8462,TX20240427870855,SAL_FEE,1260,MRU,1921,PLATFORM,COLLECTED,2024-04-27T14:26:06.213Z
4609,8463,TX20240929016376,WIT_FEE,50,MRU,3991,PLATFORM,COLLECTED,2024-09-29T16:51:18.369Z
4610,8465,TX20240619777953,TRF_FEE,25,MRU,6027,PLATFORM,COLLECTED,2024-06-19T08:07:00.984Z
4611,8466,TX20240122797862,PAY_FEE,68,MRU,8903,MERCHANT,COLLECTED,2024-01-22T08:32:17.968Z
4612,8467,TX20240406086560,TRF_FEE,25,MRU,6409,PLATFORM,COLLECTED,2024-04-06T18:58:46.943Z
4613,8470,TX20241129783395,TRF_FEE,50,MRU,3560,PLATFORM,COLLECTED,2024-11-29T16:15:09.484Z
4614,8471,TX20240619632945,TRF_FEE,50,MRU,8036,PLATFORM,COLLECTED,2024-06-19T08:52:48.508Z
4615,8472,TX20240925875721,PAY_FEE,21,MRU,3496,MERCHANT,COLLECTED,2024-09-25T14:52:25.499Z
4616,8473,TX20240808070063,TRF_FEE,25,MRU,2127,PLATFORM,COLLECTED,2024-08-08T13:03:29.764Z
4617,8474,TX20240512952814,TRF_FEE,25,MRU,9568,PLATFORM,COLLECTED,2024-05-12T08:32:58.014Z
4618,8475,TX20240306707552,TRF_FEE,25,MRU,7497,PLATFORM,COLLECTED,2024-03-06T10:26:51.793Z
4619,8479,TX20240723907834,PAY_FEE,36,MRU,3106,MERCHANT,COLLECTED,2024-07-23T09:18:45.192Z
4620,8481,TX20240222792211,PAY_FEE,36,MRU,3052,MERCHANT,COLLECTED,2024-02-22T18:19:12.183Z
4621,8484,TX20240523719783,PAY_FEE,11,MRU,2649,MERCHANT,COLLECTED,2024-05-23T10:07:59.160Z
4622,8485,TX20241112282326,SAL_FEE,1080,MRU,6262,PLATFORM,COLLECTED,2024-11-12T09:41:13.211Z
4623,8486,TX20241008588965,TRF_FEE,50,MRU,4645,PLATFORM,COLLECTED,2024-10-08T16:17:07.857Z
4624,8489,TX20240309894930,TRF_FEE,10,MRU,3714,PLATFORM,COLLECTED,2024-03-09T09:09:26.139Z
4625,8492,TX20241215617747,WIT_FEE,50,MRU,6153,PLATFORM,COLLECTED,2024-12-15T07:39:46.679Z
4626,8495,TX20240621592194,PAY_FEE,8,MRU,2532,MERCHANT,COLLECTED,2024-06-21T16:45:49.564Z
4627,8496,TX20240109932556,TRF_FEE,50,MRU,10115,PLATFORM,COLLECTED,2024-01-09T07:33:53.314Z
4628,8498,TX20240422234074,TRF_FEE,50,MRU,32,PLATFORM,COLLECTED,2024-04-22T05:36:00.333Z
4629,8503,TX20240615302821,TRF_FEE,25,MRU,3032,PLATFORM,COLLECTED,2024-06-15T09:33:02.333Z
4630,8504,TX20240703823525,TRF_FEE,50,MRU,5671,PLATFORM,COLLECTED,2024-07-03T04:34:21.919Z
4631,8505,TX20240926024893,BIL_FEE,100,MRU,6513,PLATFORM,COLLECTED,2024-09-26T07:23:00.341Z
4632,8512,TX20240208672680,TRF_FEE,50,MRU,4851,PLATFORM,COLLECTED,2024-02-08T20:34:11.396Z
4633,8515,TX20241110768597,PAY_FEE,41,MRU,10095,MERCHANT,COLLECTED,2024-11-10T09:35:38.028Z
4634,8517,TX20240715767545,WIT_FEE,50,MRU,6428,PLATFORM,COLLECTED,2024-07-15T15:53:15.956Z
4635,8518,TX20240329648496,TRF_FEE,25,MRU,119,PLATFORM,COLLECTED,2024-03-29T10:30:53.882Z
4636,8519,TX20240404567873,PAY_FEE,90,MRU,4784,MERCHANT,COLLECTED,2024-04-04T08:45:25.871Z
4637,8520,TX20240305630382,TRF_FEE,10,MRU,4063,PLATFORM,COLLECTED,2024-03-05T20:09:41.119Z
4638,8524,TX20241007869807,WIT_FEE,50,MRU,7358,PLATFORM,COLLECTED,2024-10-07T11:16:03.051Z
4639,8525,TX20240808194736,TRF_FEE,50,MRU,8814,PLATFORM,COLLECTED,2024-08-08T10:48:48.533Z
4640,8526,TX20240816184413,TRF_FEE,50,MRU,1178,PLATFORM,COLLECTED,2024-08-16T08:11:29.014Z
4641,8529,TX20240226378618,PAY_FEE,9,MRU,4765,MERCHANT,COLLECTED,2024-02-26T14:14:37.775Z
4642,8530,TX20240412435173,TRF_FEE,10,MRU,3483,PLATFORM,COLLECTED,2024-04-12T17:36:41.172Z
4643,8531,TX20240702878067,WIT_FEE,50,MRU,10172,PLATFORM,COLLECTED,2024-07-02T09:35:31.492Z
4644,8533,TX20240111546252,TRF_FEE,50,MRU,1031,PLATFORM,COLLECTED,2024-01-11T06:25:18.381Z
4645,8537,TX20241214263234,WIT_FEE,50,MRU,8292,PLATFORM,COLLECTED,2024-12-14T13:41:55.712Z
4646,8538,TX20240910671124,TRF_FEE,25,MRU,8984,PLATFORM,COLLECTED,2024-09-10T10:13:23.209Z
4647,8541,TX20240107481310,PAY_FEE,555,MRU,1506,MERCHANT,COLLECTED,2024-01-07T11:07:12.729Z
4648,8545,TX20240624769686,SAL_FEE,1490,MRU,6566,PLATFORM,COLLECTED,2024-06-24T05:28:47.796Z
4649,8547,TX20240422593754,WIT_FEE,50,MRU,9653,PLATFORM,COLLECTED,2024-04-22T06:27:39.887Z
4650,8550,TX20241227044721,TRF_FEE,10,MRU,4387,PLATFORM,COLLECTED,2024-12-27T08:43:26.807Z
4651,8552,TX20240205809072,PAY_FEE,47,MRU,7871,MERCHANT,COLLECTED,2024-02-05T08:29:24.208Z
4652,8553,TX20240609451562,PAY_FEE,18,MRU,8910,MERCHANT,COLLECTED,2024-06-09T12:49:22.091Z
4653,8554,TX20241104793241,PAY_FEE,11,MRU,9850,MERCHANT,COLLECTED,2024-11-04T11:07:24.050Z
4654,8555,TX20241004016515,PAY_FEE,60,MRU,6050,MERCHANT,COLLECTED,2024-10-04T16:38:27.486Z
4655,8557,TX20240903468132,TRF_FEE,50,MRU,8626,PLATFORM,COLLECTED,2024-09-03T05:37:26.303Z
4656,8558,TX20240226471376,PAY_FEE,20,MRU,3006,MERCHANT,COLLECTED,2024-02-26T14:01:25.032Z
4657,8559,TX20240922191052,PAY_FEE,72,MRU,2601,MERCHANT,COLLECTED,2024-09-22T09:52:52.704Z
4658,8560,TX20240403455060,WIT_FEE,50,MRU,153,PLATFORM,COLLECTED,2024-04-03T07:51:33.691Z
4659,8562,TX20241214082982,BIL_FEE,100,MRU,4782,PLATFORM,COLLECTED,2024-12-14T15:56:17.328Z
4660,8566,TX20240210218023,TRF_FEE,25,MRU,6432,PLATFORM,COLLECTED,2024-02-10T07:33:02.836Z
4661,8569,TX20240109066270,WIT_FEE,65,MRU,9258,PLATFORM,COLLECTED,2024-01-09T10:00:44.684Z
4662,8571,TX20240926217305,PAY_FEE,7,MRU,9589,MERCHANT,COLLECTED,2024-09-26T08:52:30.167Z
4663,8572,TX20241209798597,TRF_FEE,25,MRU,5579,PLATFORM,COLLECTED,2024-12-09T05:48:27.101Z
4664,8573,TX20240821326858,TRF_FEE,10,MRU,8290,PLATFORM,COLLECTED,2024-08-21T09:09:11.143Z
4665,8577,TX20241201084491,WIT_FEE,50,MRU,1961,PLATFORM,COLLECTED,2024-12-01T07:25:38.099Z
4666,8580,TX20241127592849,TRF_FEE,10,MRU,6512,PLATFORM,COLLECTED,2024-11-27T09:37:17.680Z
4667,8581,TX20240921470674,TRF_FEE,50,MRU,10561,PLATFORM,COLLECTED,2024-09-21T16:04:51.417Z
4668,8582,TX20240512416331,WIT_FEE,50,MRU,10552,PLATFORM,COLLECTED,2024-05-12T18:36:13.175Z
4669,8584,TX20241026695430,TRF_FEE,25,MRU,10591,PLATFORM,COLLECTED,2024-10-26T08:34:24.202Z
4670,8585,TX20240822130827,WIT_FEE,50,MRU,5854,PLATFORM,COLLECTED,2024-08-22T05:30:39.618Z
4671,8586,TX20240319479593,TRF_FEE,25,MRU,5675,PLATFORM,COLLECTED,2024-03-19T12:01:48.735Z
4672,8591,TX20240618522958,PAY_FEE,59,MRU,6194,MERCHANT,COLLECTED,2024-06-18T09:19:29.991Z
4673,8592,TX20241211336399,WIT_FEE,50,MRU,8687,PLATFORM,COLLECTED,2024-12-11T10:25:04.716Z
4674,8596,TX20240926762301,TRF_FEE,50,MRU,3754,PLATFORM,COLLECTED,2024-09-26T15:04:53.918Z
4675,8601,TX20241204141008,WIT_FEE,50,MRU,4591,PLATFORM,COLLECTED,2024-12-04T16:08:56.938Z
4676,8607,TX20240416237143,TRF_FEE,50,MRU,4503,PLATFORM,COLLECTED,2024-04-16T07:51:02.983Z
4677,8608,TX20240802418210,TRF_FEE,50,MRU,6178,PLATFORM,COLLECTED,2024-08-02T14:27:32.545Z
4678,8609,TX20240709224065,PAY_FEE,90,MRU,968,MERCHANT,COLLECTED,2024-07-09T10:42:31.563Z
4679,8610,TX20240217131752,BIL_FEE,100,MRU,5287,PLATFORM,COLLECTED,2024-02-17T07:52:52.903Z
4680,8611,TX20240915534462,WIT_FEE,50,MRU,9842,PLATFORM,COLLECTED,2024-09-15T06:16:32.466Z
4681,8612,TX20240210415145,TRF_FEE,50,MRU,10086,PLATFORM,COLLECTED,2024-02-10T13:30:27.113Z
4682,8613,TX20240105441655,BIL_FEE,100,MRU,109,PLATFORM,COLLECTED,2024-01-05T15:47:21.584Z
4683,8615,TX20240229270622,TRF_FEE,25,MRU,1743,PLATFORM,COLLECTED,2024-02-29T07:47:55.082Z
4684,8616,TX20240108325428,TRF_FEE,25,MRU,8492,PLATFORM,COLLECTED,2024-01-08T09:47:02.856Z
4685,8617,TX20240618865876,PAY_FEE,8,MRU,4189,MERCHANT,COLLECTED,2024-06-18T07:13:18.624Z
4686,8622,TX20240327157271,TRF_FEE,50,MRU,3816,PLATFORM,COLLECTED,2024-03-27T16:09:36.220Z
4687,8623,TX20240925392011,TRF_FEE,10,MRU,140,PLATFORM,COLLECTED,2024-09-25T08:39:10.936Z
4688,8628,TX20240608394550,TRF_FEE,10,MRU,10253,PLATFORM,COLLECTED,2024-06-08T08:20:56.251Z
4689,8629,TX20241209560313,TRF_FEE,25,MRU,5686,PLATFORM,COLLECTED,2024-12-09T15:39:54.968Z
4690,8630,TX20240728729098,TRF_FEE,25,MRU,9220,PLATFORM,COLLECTED,2024-07-28T09:44:28.244Z
4691,8632,TX20240313648020,WIT_FEE,50,MRU,2239,PLATFORM,COLLECTED,2024-03-13T18:27:28.734Z
4692,8633,TX20240329037643,TRF_FEE,50,MRU,2601,PLATFORM,COLLECTED,2024-03-29T12:36:06.919Z
4693,8636,TX20240503508636,PAY_FEE,62,MRU,5613,MERCHANT,COLLECTED,2024-05-03T18:54:05.609Z
4694,8637,TX20241011175343,TRF_FEE,50,MRU,435,PLATFORM,COLLECTED,2024-10-11T17:26:34.949Z
4695,8640,TX20240828528342,TRF_FEE,50,MRU,9004,PLATFORM,COLLECTED,2024-08-28T17:36:42.315Z
4696,8644,TX20240619410593,WIT_FEE,50,MRU,5944,PLATFORM,COLLECTED,2024-06-19T12:50:50.936Z
4697,8645,TX20240312611901,WIT_FEE,50,MRU,8355,PLATFORM,COLLECTED,2024-03-12T20:10:35.259Z
4698,8646,TX20240102581085,WIT_FEE,50,MRU,9792,PLATFORM,COLLECTED,2024-01-02T13:00:51.502Z
4699,8647,TX20240415892473,WIT_FEE,50,MRU,10763,PLATFORM,COLLECTED,2024-04-15T16:34:53.845Z
4700,8648,TX20240510619807,WIT_FEE,160,MRU,8398,PLATFORM,COLLECTED,2024-05-10T16:24:21.018Z
4701,8650,TX20240720268059,TRF_FEE,50,MRU,2213,PLATFORM,COLLECTED,2024-07-20T13:14:57.574Z
4702,8653,TX20240427105746,PAY_FEE,50,MRU,8704,MERCHANT,COLLECTED,2024-04-27T06:44:23.554Z
4703,8654,TX20241014299545,PAY_FEE,15,MRU,2958,MERCHANT,COLLECTED,2024-10-14T08:27:20.751Z
4704,8655,TX20240316204725,TRF_FEE,25,MRU,3287,PLATFORM,COLLECTED,2024-03-16T08:42:51.924Z
4705,8656,TX20241129811862,TRF_FEE,25,MRU,9362,PLATFORM,COLLECTED,2024-11-29T13:55:03.887Z
4706,8657,TX20240803818130,BIL_FEE,100,MRU,1019,PLATFORM,COLLECTED,2024-08-03T08:27:29.187Z
4707,8658,TX20240621481966,TRF_FEE,50,MRU,3083,PLATFORM,COLLECTED,2024-06-21T05:42:44.079Z
4708,8659,TX20241024469497,TRF_FEE,50,MRU,9140,PLATFORM,COLLECTED,2024-10-24T08:00:36.197Z
4709,8661,TX20241224348051,WIT_FEE,50,MRU,4724,PLATFORM,COLLECTED,2024-12-24T08:41:27.652Z
4710,8662,TX20240206421093,WIT_FEE,200,MRU,9559,PLATFORM,COLLECTED,2024-02-06T17:33:22.626Z
4711,8666,TX20240717032686,PAY_FEE,65,MRU,257,MERCHANT,COLLECTED,2024-07-17T13:14:56.029Z
4712,8668,TX20241019818570,PAY_FEE,18,MRU,3434,MERCHANT,COLLECTED,2024-10-19T15:02:57.250Z
4713,8673,TX20240722986745,TRF_FEE,25,MRU,311,PLATFORM,COLLECTED,2024-07-22T05:15:21.181Z
4714,8674,TX20240722279515,WIT_FEE,50,MRU,3023,PLATFORM,COLLECTED,2024-07-22T13:42:08.332Z
4715,8679,TX20241219183880,WIT_FEE,450,MRU,3744,PLATFORM,COLLECTED,2024-12-19T17:25:53.293Z
4716,8682,TX20240108526339,TRF_FEE,25,MRU,9237,PLATFORM,COLLECTED,2024-01-08T18:37:13.330Z
4717,8683,TX20241203486958,TRF_FEE,25,MRU,8650,PLATFORM,COLLECTED,2024-12-03T12:51:45.570Z
4718,8684,TX20240510076491,PAY_FEE,146,MRU,6979,MERCHANT,COLLECTED,2024-05-10T16:08:16.274Z
4719,8688,TX20240610391916,WIT_FEE,100,MRU,5023,PLATFORM,COLLECTED,2024-06-10T16:47:40.433Z
4720,8692,TX20240311369159,PAY_FEE,69,MRU,6427,MERCHANT,COLLECTED,2024-03-11T09:17:26.867Z
4721,8693,TX20240902292412,WIT_FEE,96,MRU,4123,PLATFORM,COLLECTED,2024-09-02T15:24:02.943Z
4722,8696,TX20240323146676,TRF_FEE,10,MRU,7005,PLATFORM,COLLECTED,2024-03-23T17:46:27.343Z
4723,8698,TX20240116226793,TRF_FEE,50,MRU,809,PLATFORM,COLLECTED,2024-01-16T14:27:28.924Z
4724,8699,TX20240519779403,TRF_FEE,25,MRU,2133,PLATFORM,COLLECTED,2024-05-19T21:19:40.623Z
4725,8700,TX20241023912806,TRF_FEE,50,MRU,4284,PLATFORM,COLLECTED,2024-10-23T09:11:34.088Z
4726,8701,TX20241222133707,WIT_FEE,100,MRU,10862,PLATFORM,COLLECTED,2024-12-22T09:51:29.095Z
4727,8702,TX20240127022335,PAY_FEE,165,MRU,2739,MERCHANT,COLLECTED,2024-01-27T11:49:14.208Z
4728,8704,TX20240201193378,BIL_FEE,100,MRU,3618,PLATFORM,COLLECTED,2024-02-01T14:44:43.851Z
4729,8705,TX20241002498668,PAY_FEE,75,MRU,1386,MERCHANT,COLLECTED,2024-10-02T19:31:39.832Z
4730,8707,TX20240817459570,BIL_FEE,100,MRU,301,PLATFORM,COLLECTED,2024-08-17T13:51:23.043Z
4731,8708,TX20240624388900,WIT_FEE,50,MRU,6553,PLATFORM,COLLECTED,2024-06-24T09:26:58.261Z
4732,8709,TX20240729289083,TRF_FEE,10,MRU,10095,PLATFORM,COLLECTED,2024-07-29T18:34:20.177Z
4733,8711,TX20240417393506,TRF_FEE,50,MRU,10364,PLATFORM,COLLECTED,2024-04-17T04:44:09.339Z
4734,8713,TX20240122807001,TRF_FEE,25,MRU,8511,PLATFORM,COLLECTED,2024-01-22T08:22:37.760Z
4735,8714,TX20240619070883,TRF_FEE,10,MRU,4824,PLATFORM,COLLECTED,2024-06-19T14:09:31.601Z
4736,8717,TX20241211257047,WIT_FEE,500,MRU,3633,PLATFORM,COLLECTED,2024-12-11T16:14:56.792Z
4737,8723,TX20240218318665,TRF_FEE,50,MRU,8107,PLATFORM,COLLECTED,2024-02-18T06:58:56.270Z
4738,8724,TX20240830230943,TRF_FEE,25,MRU,4692,PLATFORM,COLLECTED,2024-08-30T13:33:06.685Z
4739,8741,TX20240715465685,PAY_FEE,132,MRU,5570,MERCHANT,COLLECTED,2024-07-15T14:03:35.603Z
4740,8742,TX20240417113351,TRF_FEE,25,MRU,1944,PLATFORM,COLLECTED,2024-04-17T04:29:31.486Z
4741,8744,TX20240312646449,TRF_FEE,25,MRU,8706,PLATFORM,COLLECTED,2024-03-12T14:18:29.644Z
4742,8745,TX20240121345547,WIT_FEE,50,MRU,8265,PLATFORM,COLLECTED,2024-01-21T07:42:08.401Z
4743,8747,TX20240507596234,SAL_FEE,285,MRU,10230,PLATFORM,COLLECTED,2024-05-07T18:14:00.741Z
4744,8748,TX20240812285031,WIT_FEE,50,MRU,153,PLATFORM,COLLECTED,2024-08-12T16:34:57.935Z
4745,8752,TX20241011552074,WIT_FEE,50,MRU,5250,PLATFORM,COLLECTED,2024-10-11T08:01:18.168Z
4746,8753,TX20241201955024,SAL_FEE,2415,MRU,588,PLATFORM,COLLECTED,2024-12-01T16:11:15.792Z
4747,8754,TX20241224109170,PAY_FEE,72,MRU,7648,MERCHANT,COLLECTED,2024-12-24T13:06:57.110Z
4748,8755,TX20241108384774,TRF_FEE,25,MRU,532,PLATFORM,COLLECTED,2024-11-08T07:43:39.644Z
4749,8756,TX20240119809124,TRF_FEE,50,MRU,3670,PLATFORM,COLLECTED,2024-01-19T17:30:40.340Z
4750,8758,TX20240608437684,WIT_FEE,100,MRU,2759,PLATFORM,COLLECTED,2024-06-08T07:50:40.266Z
4751,8759,TX20240722346407,TRF_FEE,50,MRU,155,PLATFORM,COLLECTED,2024-07-22T13:53:51.713Z
4752,8761,TX20240221540660,PAY_FEE,57,MRU,425,MERCHANT,COLLECTED,2024-02-21T22:19:26.643Z
4753,8762,TX20240106991461,TRF_FEE,10,MRU,136,PLATFORM,COLLECTED,2024-01-06T06:48:43.079Z
4754,8763,TX20241025728829,TRF_FEE,50,MRU,9800,PLATFORM,COLLECTED,2024-10-25T15:57:59.823Z
4755,8764,TX20240104931591,WIT_FEE,50,MRU,9891,PLATFORM,COLLECTED,2024-01-04T14:01:03.028Z
4756,8767,TX20240611716327,TRF_FEE,50,MRU,4992,PLATFORM,COLLECTED,2024-06-11T18:18:57.276Z
4757,8768,TX20240621599471,PAY_FEE,47,MRU,2251,MERCHANT,COLLECTED,2024-06-21T09:33:55.033Z
4758,8769,TX20240802673974,WIT_FEE,50,MRU,3752,PLATFORM,COLLECTED,2024-08-02T21:23:38.528Z
4759,8771,TX20240819767499,SAL_FEE,800,MRU,627,PLATFORM,COLLECTED,2024-08-19T04:29:04.337Z
4760,8772,TX20240228206852,WIT_FEE,200,MRU,3522,PLATFORM,COLLECTED,2024-02-28T12:48:34.994Z
4761,8776,TX20240325655859,TRF_FEE,25,MRU,7518,PLATFORM,COLLECTED,2024-03-25T08:33:31.270Z
4762,8777,TX20240130714348,TRF_FEE,25,MRU,3249,PLATFORM,COLLECTED,2024-01-30T07:59:25.682Z
4763,8778,TX20241007074416,TRF_FEE,25,MRU,839,PLATFORM,COLLECTED,2024-10-07T17:08:13.207Z
4764,8779,TX20240214998310,TRF_FEE,25,MRU,244,PLATFORM,COLLECTED,2024-02-14T07:40:03.132Z
4765,8780,TX20240727215569,PAY_FEE,23,MRU,5224,MERCHANT,COLLECTED,2024-07-27T15:52:49.809Z
4766,8781,TX20240212355895,WIT_FEE,100,MRU,8539,PLATFORM,COLLECTED,2024-02-12T18:50:29.901Z
4767,8782,TX20240708817770,WIT_FEE,120,MRU,7810,PLATFORM,COLLECTED,2024-07-08T19:04:53.750Z
4768,8784,TX20240717434126,WIT_FEE,100,MRU,4835,PLATFORM,COLLECTED,2024-07-17T16:07:57.723Z
4769,8785,TX20240613617867,TRF_FEE,50,MRU,6357,PLATFORM,COLLECTED,2024-06-13T14:46:53.025Z
4770,8787,TX20240616661083,WIT_FEE,50,MRU,7647,PLATFORM,COLLECTED,2024-06-16T10:30:21.349Z
4771,8788,TX20240205451545,TRF_FEE,25,MRU,564,PLATFORM,COLLECTED,2024-02-05T09:13:15.212Z
4772,8791,TX20241216800156,TRF_FEE,50,MRU,9658,PLATFORM,COLLECTED,2024-12-16T15:42:14.899Z
4773,8794,TX20240605082749,TRF_FEE,25,MRU,4634,PLATFORM,COLLECTED,2024-06-05T17:26:26.148Z
4774,8797,TX20240122360756,WIT_FEE,50,MRU,8396,PLATFORM,COLLECTED,2024-01-22T17:19:57.035Z
4775,8798,TX20241229380208,PAY_FEE,20,MRU,556,MERCHANT,COLLECTED,2024-12-29T19:53:31.319Z
4776,8800,TX20240117087852,PAY_FEE,10,MRU,2809,MERCHANT,COLLECTED,2024-01-17T14:28:58.010Z
4777,8801,TX20240610149473,TRF_FEE,25,MRU,636,PLATFORM,COLLECTED,2024-06-10T20:02:13.609Z
4778,8803,TX20240127325064,TRF_FEE,25,MRU,2482,PLATFORM,COLLECTED,2024-01-27T20:49:40.489Z
4779,8805,TX20241129208805,PAY_FEE,15,MRU,221,MERCHANT,COLLECTED,2024-11-29T14:02:56.698Z
4780,8806,TX20241022017805,WIT_FEE,50,MRU,3239,PLATFORM,COLLECTED,2024-10-22T10:09:04.686Z
4781,8810,TX20240911370941,TRF_FEE,25,MRU,2840,PLATFORM,COLLECTED,2024-09-11T06:44:59.466Z
4782,8811,TX20240913108781,WIT_FEE,50,MRU,1195,PLATFORM,COLLECTED,2024-09-13T07:07:20.332Z
4783,8813,TX20241223877883,TRF_FEE,50,MRU,1650,PLATFORM,COLLECTED,2024-12-23T16:22:55.718Z
4784,8816,TX20241105175579,SAL_FEE,2255,MRU,8373,PLATFORM,COLLECTED,2024-11-05T14:31:19.926Z
4785,8818,TX20241224111897,TRF_FEE,50,MRU,3180,PLATFORM,COLLECTED,2024-12-24T16:34:12.120Z
4786,8819,TX20240404115367,TRF_FEE,25,MRU,425,PLATFORM,COLLECTED,2024-04-04T14:17:11.856Z
4787,8823,TX20240205100325,PAY_FEE,6,MRU,255,MERCHANT,COLLECTED,2024-02-05T09:32:27.892Z
4788,8826,TX20240312990883,WIT_FEE,71,MRU,1783,PLATFORM,COLLECTED,2024-03-12T07:06:41.930Z
4789,8828,TX20241014325428,WIT_FEE,50,MRU,8291,PLATFORM,COLLECTED,2024-10-14T05:51:46.599Z
4790,8829,TX20240618120697,PAY_FEE,8,MRU,4189,MERCHANT,COLLECTED,2024-06-18T07:13:18.624Z
4791,8833,TX20241212130107,PAY_FEE,60,MRU,379,MERCHANT,COLLECTED,2024-12-12T06:30:50.254Z
4792,8834,TX20241015157271,WIT_FEE,50,MRU,3831,PLATFORM,COLLECTED,2024-10-15T07:36:13.344Z
4793,8835,TX20240925118482,TRF_FEE,10,MRU,140,PLATFORM,COLLECTED,2024-09-25T08:39:10.936Z
4794,8838,TX20240318950746,WIT_FEE,51,MRU,4125,PLATFORM,COLLECTED,2024-03-18T15:08:26.746Z
4795,8840,TX20240502207290,WIT_FEE,100,MRU,4595,PLATFORM,COLLECTED,2024-05-02T18:15:55.279Z
4796,8841,TX20241219442698,BIL_FEE,100,MRU,4201,PLATFORM,COLLECTED,2024-12-19T13:44:35.637Z
4797,8842,TX20240925654126,WIT_FEE,100,MRU,8179,PLATFORM,COLLECTED,2024-09-25T11:14:50.988Z
4798,8843,TX20240521773222,TRF_FEE,50,MRU,421,PLATFORM,COLLECTED,2024-05-21T09:59:59.630Z
4799,8844,TX20240622000203,TRF_FEE,25,MRU,333,PLATFORM,COLLECTED,2024-06-22T15:12:29.394Z
4800,8846,TX20240818938190,PAY_FEE,6,MRU,4406,MERCHANT,COLLECTED,2024-08-18T16:39:03.488Z
4801,8847,TX20240109634362,TRF_FEE,25,MRU,1651,PLATFORM,COLLECTED,2024-01-09T07:55:35.938Z
4802,8850,TX20240704337428,WIT_FEE,50,MRU,983,PLATFORM,COLLECTED,2024-07-04T16:21:45.330Z
4803,8852,TX20240828053762,TRF_FEE,50,MRU,9004,PLATFORM,COLLECTED,2024-08-28T17:36:42.315Z
4804,8854,TX20240113684458,TRF_FEE,25,MRU,257,PLATFORM,COLLECTED,2024-01-13T12:32:46.818Z
4805,8856,TX20241103769540,TRF_FEE,25,MRU,1693,PLATFORM,COLLECTED,2024-11-03T17:56:32.133Z
4806,8858,TX20240102194009,TRF_FEE,25,MRU,5626,PLATFORM,COLLECTED,2024-01-02T17:30:53.525Z
4807,8859,TX20241110430112,WIT_FEE,200,MRU,2607,PLATFORM,COLLECTED,2024-11-10T14:53:50.977Z
4808,8860,TX20240530619807,PAY_FEE,20,MRU,6356,MERCHANT,COLLECTED,2024-05-30T09:01:45.693Z
4809,8862,TX20240809660947,TRF_FEE,25,MRU,129,PLATFORM,COLLECTED,2024-08-09T08:57:34.199Z
4810,8863,TX20241023990175,PAY_FEE,240,MRU,6218,MERCHANT,COLLECTED,2024-10-23T13:47:33.994Z
4811,8864,TX20240601207379,WIT_FEE,50,MRU,4801,PLATFORM,COLLECTED,2024-06-01T15:37:40.040Z
4812,8865,TX20240203192853,WIT_FEE,73,MRU,8720,PLATFORM,COLLECTED,2024-02-03T16:23:33.788Z
4813,8866,TX20240409171928,PAY_FEE,62,MRU,9166,MERCHANT,COLLECTED,2024-04-09T11:20:45.267Z
4814,8868,TX20241129976753,TRF_FEE,25,MRU,9362,PLATFORM,COLLECTED,2024-11-29T13:55:03.887Z
4815,8874,TX20240614895340,TRF_FEE,50,MRU,4092,PLATFORM,COLLECTED,2024-06-14T08:05:50.554Z
4816,8875,TX20241222376161,WIT_FEE,50,MRU,5235,PLATFORM,COLLECTED,2024-12-22T05:59:16.742Z
4817,8876,TX20241117128451,TRF_FEE,50,MRU,3593,PLATFORM,COLLECTED,2024-11-17T16:19:30.798Z
4818,8877,TX20240521408882,TRF_FEE,50,MRU,5980,PLATFORM,COLLECTED,2024-05-21T09:03:24.991Z
4819,8878,TX20241207839002,WIT_FEE,50,MRU,10335,PLATFORM,COLLECTED,2024-12-07T05:01:42.854Z
4820,8882,TX20240618943723,WIT_FEE,50,MRU,6161,PLATFORM,COLLECTED,2024-06-18T14:11:34.017Z
4821,8883,TX20240117901619,BIL_FEE,100,MRU,2911,PLATFORM,COLLECTED,2024-01-17T18:02:43.177Z
4822,8885,TX20240825917695,TRF_FEE,25,MRU,7663,PLATFORM,COLLECTED,2024-08-25T18:27:23.986Z
4823,8886,TX20241227176277,WIT_FEE,470,MRU,3094,PLATFORM,COLLECTED,2024-12-27T14:58:47.962Z
4824,8887,TX20241119449445,WIT_FEE,240,MRU,3567,PLATFORM,COLLECTED,2024-11-19T13:15:38.773Z
4825,8888,TX20240305476254,TRF_FEE,25,MRU,1982,PLATFORM,COLLECTED,2024-03-05T12:28:58.459Z
4826,8890,TX20241011493953,PAY_FEE,59,MRU,260,MERCHANT,COLLECTED,2024-10-11T15:01:35.245Z
4827,8893,TX20241108026287,TRF_FEE,25,MRU,736,PLATFORM,COLLECTED,2024-11-08T07:43:46.670Z
4828,8894,TX20241101631685,WIT_FEE,500,MRU,781,PLATFORM,COLLECTED,2024-11-01T09:18:24.266Z
4829,8895,TX20240714627075,PAY_FEE,53,MRU,5384,MERCHANT,COLLECTED,2024-07-14T15:30:22.151Z
4830,8896,TX20240819878238,WIT_FEE,50,MRU,836,PLATFORM,COLLECTED,2024-08-19T16:57:11.788Z
4831,8897,TX20240102204424,TRF_FEE,50,MRU,5497,PLATFORM,COLLECTED,2024-01-02T07:40:01.153Z
4832,8900,TX20240508688649,WIT_FEE,50,MRU,6915,PLATFORM,COLLECTED,2024-05-08T07:30:52.211Z
4833,8901,TX20241130919437,TRF_FEE,25,MRU,8091,PLATFORM,COLLECTED,2024-11-30T15:45:58.601Z
4834,8905,TX20241204014865,TRF_FEE,50,MRU,9452,PLATFORM,COLLECTED,2024-12-04T12:31:15.999Z
4835,8906,TX20240130239331,TRF_FEE,25,MRU,705,PLATFORM,COLLECTED,2024-01-30T15:07:18.507Z
4836,8907,TX20240930599226,WIT_FEE,50,MRU,4691,PLATFORM,COLLECTED,2024-09-30T11:06:10.935Z
4837,8908,TX20240223787906,TRF_FEE,25,MRU,10466,PLATFORM,COLLECTED,2024-02-23T17:08:48.060Z
4838,8911,TX20240326860139,WIT_FEE,50,MRU,2065,PLATFORM,COLLECTED,2024-03-26T08:41:49.779Z
4839,8915,TX20241026245174,BIL_FEE,100,MRU,9858,PLATFORM,COLLECTED,2024-10-26T06:24:50.589Z
4840,8919,TX20240616888864,TRF_FEE,25,MRU,1326,PLATFORM,COLLECTED,2024-06-16T09:04:28.284Z
4841,8922,TX20241211377827,TRF_FEE,25,MRU,6649,PLATFORM,COLLECTED,2024-12-11T17:59:37.495Z
4842,8924,TX20240912300695,PAY_FEE,18,MRU,6432,MERCHANT,COLLECTED,2024-09-12T16:14:45.220Z
4843,8925,TX20240928775456,PAY_FEE,56,MRU,8911,MERCHANT,COLLECTED,2024-09-28T09:02:56.146Z
4844,8927,TX20240429112486,TRF_FEE,25,MRU,555,PLATFORM,COLLECTED,2024-04-29T14:46:01.679Z
4845,8929,TX20241206980669,TRF_FEE,25,MRU,83,PLATFORM,COLLECTED,2024-12-06T11:34:32.155Z
4846,8933,TX20240713933089,WIT_FEE,50,MRU,9969,PLATFORM,COLLECTED,2024-07-13T15:06:13.251Z
4847,8936,TX20240830406265,TRF_FEE,25,MRU,4692,PLATFORM,COLLECTED,2024-08-30T13:33:06.685Z
4848,8938,TX20240119049037,TRF_FEE,10,MRU,7326,PLATFORM,COLLECTED,2024-01-19T10:42:07.865Z
4849,8940,TX20240811671683,TRF_FEE,50,MRU,10585,PLATFORM,COLLECTED,2024-08-11T11:51:45.201Z
4850,8941,TX20240512044397,TRF_FEE,50,MRU,10736,PLATFORM,COLLECTED,2024-05-12T09:34:19.223Z
4851,8942,TX20240409667978,TRF_FEE,25,MRU,10302,PLATFORM,COLLECTED,2024-04-09T10:17:00.928Z
4852,8943,TX20240819355896,PAY_FEE,33,MRU,3562,MERCHANT,COLLECTED,2024-08-19T14:11:12.839Z
4853,8944,TX20240106260328,TRF_FEE,50,MRU,5638,PLATFORM,COLLECTED,2024-01-06T13:34:04.835Z
4854,8949,TX20240918649845,PAY_FEE,54,MRU,10519,MERCHANT,COLLECTED,2024-09-18T14:36:22.502Z
4855,8950,TX20241112244057,TRF_FEE,25,MRU,1505,PLATFORM,COLLECTED,2024-11-12T09:14:20.843Z
4856,8951,TX20241130764404,SAL_FEE,1875,MRU,3484,PLATFORM,COLLECTED,2024-11-30T10:53:54.341Z
4857,8954,TX20240709186372,TRF_FEE,50,MRU,4234,PLATFORM,COLLECTED,2024-07-09T11:10:51.291Z
4858,8955,TX20240816402045,WIT_FEE,260,MRU,3458,PLATFORM,COLLECTED,2024-08-16T17:54:25.494Z
4859,8956,TX20241014463866,TRF_FEE,25,MRU,10898,PLATFORM,COLLECTED,2024-10-14T17:23:33.740Z
4860,8957,TX20240221093688,PAY_FEE,75,MRU,2087,MERCHANT,COLLECTED,2024-02-21T11:44:01.908Z
4861,8958,TX20240213678827,PAY_FEE,114,MRU,5154,MERCHANT,COLLECTED,2024-02-13T18:55:32.092Z
4862,8959,TX20241205172241,WIT_FEE,50,MRU,172,PLATFORM,COLLECTED,2024-12-05T09:00:44.927Z
4863,8962,TX20240713102669,TRF_FEE,25,MRU,8439,PLATFORM,COLLECTED,2024-07-13T19:22:50.097Z
4864,8964,TX20240302671076,WIT_FEE,50,MRU,3698,PLATFORM,COLLECTED,2024-03-02T12:13:06.688Z
4865,8965,TX20240120558598,PAY_FEE,8,MRU,10528,MERCHANT,COLLECTED,2024-01-20T20:22:57.429Z
4866,8967,TX20240118962946,TRF_FEE,25,MRU,342,PLATFORM,COLLECTED,2024-01-18T11:18:01.425Z
4867,8968,TX20240430043563,WIT_FEE,50,MRU,6766,PLATFORM,COLLECTED,2024-04-30T04:00:53.611Z
4868,8969,TX20240428322519,PAY_FEE,74,MRU,9598,MERCHANT,COLLECTED,2024-04-28T08:09:48.275Z
4869,8970,TX20240903954934,PAY_FEE,210,MRU,4897,MERCHANT,COLLECTED,2024-09-03T08:14:27.589Z
4870,8973,TX20240221503176,PAY_FEE,57,MRU,425,MERCHANT,COLLECTED,2024-02-21T22:19:26.643Z
4871,8978,TX20240804736625,PAY_FEE,33,MRU,9219,MERCHANT,COLLECTED,2024-08-04T06:04:10.528Z
4872,8979,TX20240521772928,TRF_FEE,50,MRU,10166,PLATFORM,COLLECTED,2024-05-21T15:29:40.445Z
4873,8980,TX20241206599366,WIT_FEE,50,MRU,5237,PLATFORM,COLLECTED,2024-12-06T07:33:46.845Z
4874,8981,TX20241024338483,PAY_FEE,30,MRU,6487,MERCHANT,COLLECTED,2024-10-24T06:23:53.243Z
4875,8985,TX20240227814936,PAY_FEE,255,MRU,7914,MERCHANT,COLLECTED,2024-02-27T07:46:02.838Z
4876,8986,TX20240402809291,TRF_FEE,50,MRU,1720,PLATFORM,COLLECTED,2024-04-02T12:50:08.991Z
4877,8987,TX20241001191054,TRF_FEE,50,MRU,7482,PLATFORM,COLLECTED,2024-10-01T12:29:30.171Z
4878,8988,TX20241124556293,SAL_FEE,1710,MRU,6612,PLATFORM,COLLECTED,2024-11-24T05:44:32.256Z
4879,8989,TX20240927433297,WIT_FEE,50,MRU,9618,PLATFORM,COLLECTED,2024-09-27T14:04:12.289Z
4880,8994,TX20240410750976,PAY_FEE,81,MRU,1689,MERCHANT,COLLECTED,2024-04-10T07:20:35.024Z
4881,8996,TX20241213436533,TRF_FEE,10,MRU,10790,PLATFORM,COLLECTED,2024-12-13T17:06:25.420Z
4882,8999,TX20240325494769,TRF_FEE,25,MRU,5081,PLATFORM,COLLECTED,2024-03-25T05:43:52.344Z
4883,9001,TX20240904165568,PAY_FEE,125,MRU,5755,MERCHANT,COLLECTED,2024-09-04T20:16:48.514Z
4884,9002,TX20240227612062,WIT_FEE,50,MRU,6327,PLATFORM,COLLECTED,2024-02-27T14:16:29.989Z
4885,9003,TX20241216569661,TRF_FEE,50,MRU,9658,PLATFORM,COLLECTED,2024-12-16T15:42:14.899Z
4886,9006,TX20240610823103,TRF_FEE,50,MRU,7301,PLATFORM,COLLECTED,2024-06-10T07:25:42.614Z
4887,9007,TX20241014970071,TRF_FEE,50,MRU,4840,PLATFORM,COLLECTED,2024-10-14T14:03:03.529Z
4888,9009,TX20240429360756,PAY_FEE,36,MRU,3668,MERCHANT,COLLECTED,2024-04-29T19:02:45.406Z
4889,9010,TX20241229184502,PAY_FEE,20,MRU,556,MERCHANT,COLLECTED,2024-12-29T19:53:31.319Z
4890,9012,TX20240104148651,SAL_FEE,535,MRU,2389,PLATFORM,COLLECTED,2024-01-04T09:56:04.798Z
4891,9013,TX20240115149473,SAL_FEE,1700,MRU,5908,PLATFORM,COLLECTED,2024-01-15T09:36:03.529Z
4892,9017,TX20240722862609,BIL_FEE,100,MRU,829,PLATFORM,COLLECTED,2024-07-22T05:56:41.020Z
4893,9018,TX20240610291804,PAY_FEE,5,MRU,3249,MERCHANT,COLLECTED,2024-06-10T07:04:41.292Z
4894,9019,TX20240513602506,TRF_FEE,50,MRU,10032,PLATFORM,COLLECTED,2024-05-13T10:02:07.404Z
4895,9020,TX20240512766891,PAY_FEE,270,MRU,6466,MERCHANT,COLLECTED,2024-05-12T17:48:07.684Z
4896,9021,TX20240621623014,WIT_FEE,50,MRU,1884,PLATFORM,COLLECTED,2024-06-21T08:01:36.894Z
4897,9022,TX20240412501358,TRF_FEE,25,MRU,11015,PLATFORM,COLLECTED,2024-04-12T10:41:07.747Z
4898,9026,TX20240423007740,WIT_FEE,50,MRU,10558,PLATFORM,COLLECTED,2024-04-23T16:35:19.705Z
4899,9028,TX20241217325035,WIT_FEE,360,MRU,1547,PLATFORM,COLLECTED,2024-12-17T18:24:54.902Z
4900,9030,TX20241226287063,TRF_FEE,10,MRU,4934,PLATFORM,COLLECTED,2024-12-26T08:50:13.357Z
4901,9032,TX20241027545995,TRF_FEE,25,MRU,9956,PLATFORM,COLLECTED,2024-10-27T09:12:22.210Z
4902,9033,TX20240828563595,WIT_FEE,100,MRU,1012,PLATFORM,COLLECTED,2024-08-28T06:07:32.262Z
4903,9035,TX20240404040618,TRF_FEE,10,MRU,1074,PLATFORM,COLLECTED,2024-04-04T06:33:22.709Z
4904,9039,TX20240310990881,WIT_FEE,50,MRU,8684,PLATFORM,COLLECTED,2024-03-10T17:26:09.081Z
4905,9040,TX20240115582224,PAY_FEE,59,MRU,529,MERCHANT,COLLECTED,2024-01-15T13:01:16.788Z
4906,9041,TX20240229624571,PAY_FEE,12,MRU,7724,MERCHANT,COLLECTED,2024-02-29T20:10:39.372Z
4907,9043,TX20240629732459,TRF_FEE,25,MRU,1344,PLATFORM,COLLECTED,2024-06-29T17:08:51.625Z
4908,9044,TX20240607879891,PAY_FEE,99,MRU,10333,MERCHANT,COLLECTED,2024-06-07T16:53:20.097Z
4909,9052,TX20240402251086,WIT_FEE,50,MRU,9090,PLATFORM,COLLECTED,2024-04-02T17:27:24.602Z
4910,9054,TX20240327244698,WIT_FEE,330,MRU,970,PLATFORM,COLLECTED,2024-03-27T17:33:43.803Z
4911,9055,TX20240923988923,WIT_FEE,200,MRU,6100,PLATFORM,COLLECTED,2024-09-23T07:49:50.693Z
4912,9056,TX20240905486247,TRF_FEE,50,MRU,3973,PLATFORM,COLLECTED,2024-09-05T09:55:39.752Z
4913,9057,TX20240531631868,WIT_FEE,60,MRU,6969,PLATFORM,COLLECTED,2024-05-31T11:08:22.096Z
4914,9059,TX20241031938891,BIL_FEE,100,MRU,6442,PLATFORM,COLLECTED,2024-10-31T12:47:40.525Z
4915,9061,TX20240523095503,BIL_FEE,100,MRU,4978,PLATFORM,COLLECTED,2024-05-23T10:31:46.902Z
4916,9062,TX20240314419584,PAY_FEE,17,MRU,4056,MERCHANT,COLLECTED,2024-03-14T09:15:30.828Z
4917,9063,TX20241112761846,PAY_FEE,54,MRU,3198,MERCHANT,COLLECTED,2024-11-12T15:09:08.687Z
4918,9064,TX20240216579063,WIT_FEE,50,MRU,4615,PLATFORM,COLLECTED,2024-02-16T11:18:49.963Z
4919,9067,TX20240610962326,TRF_FEE,50,MRU,4553,PLATFORM,COLLECTED,2024-06-10T12:51:12.920Z
4920,9068,TX20240706410593,TRF_FEE,10,MRU,1467,PLATFORM,COLLECTED,2024-07-06T16:50:56.536Z
4921,9069,TX20240312164874,WIT_FEE,50,MRU,8355,PLATFORM,COLLECTED,2024-03-12T20:10:35.259Z
4922,9071,TX20240407892473,WIT_FEE,50,MRU,9328,PLATFORM,COLLECTED,2024-04-07T08:51:34.884Z
4923,9072,TX20240510431615,WIT_FEE,63,MRU,8398,PLATFORM,COLLECTED,2024-05-10T16:24:21.018Z
4924,9073,TX20240206423540,WIT_FEE,50,MRU,9916,PLATFORM,COLLECTED,2024-02-06T10:30:34.655Z
4925,9074,TX20240313459712,TRF_FEE,25,MRU,4847,PLATFORM,COLLECTED,2024-03-13T03:56:42.501Z
4926,9075,TX20241229123279,TRF_FEE,50,MRU,7859,PLATFORM,COLLECTED,2024-12-29T14:09:18.718Z
4927,9077,TX20240525192853,PAY_FEE,5,MRU,7891,MERCHANT,COLLECTED,2024-05-25T12:47:47.645Z
4928,9078,TX20240409890998,PAY_FEE,62,MRU,9166,MERCHANT,COLLECTED,2024-04-09T11:20:45.267Z
4929,9079,TX20241109204725,PAY_FEE,27,MRU,242,MERCHANT,COLLECTED,2024-11-09T19:17:24.639Z
4930,9082,TX20240925378836,PAY_FEE,81,MRU,5275,MERCHANT,COLLECTED,2024-09-25T06:16:35.176Z
4931,9084,TX20240225061180,TRF_FEE,25,MRU,9723,PLATFORM,COLLECTED,2024-02-25T08:06:37.062Z
4932,9085,TX20241224366971,WIT_FEE,50,MRU,4724,PLATFORM,COLLECTED,2024-12-24T08:41:27.652Z
4933,9087,TX20240410376161,SAL_FEE,1455,MRU,4449,PLATFORM,COLLECTED,2024-04-10T15:28:25.494Z
4934,9089,TX20240521126752,TRF_FEE,50,MRU,5980,PLATFORM,COLLECTED,2024-05-21T09:03:24.991Z
4935,9094,TX20240309943723,TRF_FEE,50,MRU,3618,PLATFORM,COLLECTED,2024-03-09T14:01:33.046Z
4936,9095,TX20240117789669,BIL_FEE,100,MRU,2911,PLATFORM,COLLECTED,2024-01-17T18:02:43.177Z
4937,9096,TX20240611989263,WIT_FEE,50,MRU,715,PLATFORM,COLLECTED,2024-06-11T04:44:50.504Z
4938,9098,TX20241017138773,SAL_FEE,1870,MRU,5605,PLATFORM,COLLECTED,2024-10-17T19:16:42.948Z
4939,9099,TX20240417449445,WIT_FEE,50,MRU,8535,PLATFORM,COLLECTED,2024-04-17T17:30:15.635Z
4940,9100,TX20240305283668,TRF_FEE,25,MRU,1982,PLATFORM,COLLECTED,2024-03-05T12:28:58.459Z
4941,9105,TX20241012013567,PAY_FEE,600,MRU,2286,MERCHANT,COLLECTED,2024-10-12T14:04:29.558Z
4942,9106,TX20240421901112,WIT_FEE,60,MRU,10780,PLATFORM,COLLECTED,2024-04-21T10:15:04.526Z
4943,9111,TX20240908778852,PAY_FEE,345,MRU,1686,MERCHANT,COLLECTED,2024-09-08T12:01:54.550Z
4944,9113,TX20240624919437,WIT_FEE,130,MRU,6641,PLATFORM,COLLECTED,2024-06-24T17:40:45.967Z
4945,9115,TX20240604298446,WIT_FEE,500,MRU,4619,PLATFORM,COLLECTED,2024-06-04T08:08:01.330Z
4946,9116,TX20241208451596,PAY_FEE,24,MRU,9960,MERCHANT,COLLECTED,2024-12-08T14:29:44.614Z
4947,9117,TX20240404298412,TRF_FEE,50,MRU,1798,PLATFORM,COLLECTED,2024-04-04T21:51:48.110Z
4948,9118,TX20240704585250,WIT_FEE,50,MRU,4278,PLATFORM,COLLECTED,2024-07-04T05:51:19.960Z
4949,9119,TX20240331800415,TRF_FEE,25,MRU,8082,PLATFORM,COLLECTED,2024-03-31T14:55:27.755Z
4950,9122,TX20240629475051,TRF_FEE,50,MRU,5000,PLATFORM,COLLECTED,2024-06-29T11:17:51.717Z
4951,9125,TX20241202513042,WIT_FEE,200,MRU,4765,PLATFORM,COLLECTED,2024-12-02T07:18:08.481Z
4952,9128,TX20241217599999,WIT_FEE,50,MRU,610,PLATFORM,COLLECTED,2024-12-17T08:11:23.396Z
4953,9131,TX20240129621737,WIT_FEE,50,MRU,3404,PLATFORM,COLLECTED,2024-01-29T12:17:07.140Z
4954,9132,TX20241110847513,WIT_FEE,100,MRU,4435,PLATFORM,COLLECTED,2024-11-10T15:46:56.350Z
4955,9139,TX20240429023278,TRF_FEE,25,MRU,555,PLATFORM,COLLECTED,2024-04-29T14:46:01.679Z
4956,9141,TX20240731643340,TRF_FEE,50,MRU,2851,PLATFORM,COLLECTED,2024-07-31T12:09:00.507Z
4957,9143,TX20240629838115,PAY_FEE,74,MRU,1016,MERCHANT,COLLECTED,2024-06-29T06:28:51.765Z
4958,9144,TX20240522481240,TRF_FEE,25,MRU,9377,PLATFORM,COLLECTED,2024-05-22T16:04:29.044Z
4959,9151,TX20240904725259,TRF_FEE,50,MRU,269,PLATFORM,COLLECTED,2024-09-04T17:56:44.070Z
4960,9155,TX20240921355896,PAY_FEE,5,MRU,9276,MERCHANT,COLLECTED,2024-09-21T14:40:11.213Z
4961,9158,TX20240109546473,TRF_FEE,50,MRU,6136,PLATFORM,COLLECTED,2024-01-09T17:51:47.322Z
4962,9160,TX20240517638101,TRF_FEE,25,MRU,3894,PLATFORM,COLLECTED,2024-05-17T07:45:38.302Z
4963,9162,TX20241112574210,TRF_FEE,25,MRU,1505,PLATFORM,COLLECTED,2024-11-12T09:14:20.843Z
4964,9163,TX20240518772675,BIL_FEE,100,MRU,7961,PLATFORM,COLLECTED,2024-05-18T17:54:20.314Z
4965,9167,TX20240816783098,WIT_FEE,50,MRU,3458,PLATFORM,COLLECTED,2024-08-16T17:54:25.494Z
4966,9168,TX20241127463866,PAY_FEE,195,MRU,344,MERCHANT,COLLECTED,2024-11-27T10:33:44.989Z
4967,9169,TX20240221345547,PAY_FEE,75,MRU,2087,MERCHANT,COLLECTED,2024-02-21T11:44:01.908Z
4968,9171,TX20241205382407,WIT_FEE,50,MRU,172,PLATFORM,COLLECTED,2024-12-05T09:00:44.927Z
4969,9174,TX20240202059951,WIT_FEE,50,MRU,4178,PLATFORM,COLLECTED,2024-02-02T19:30:31.967Z
4970,9176,TX20240112290184,WIT_FEE,170,MRU,1249,PLATFORM,COLLECTED,2024-01-12T09:10:28.216Z
4971,9182,TX20240802702165,PAY_FEE,23,MRU,7443,MERCHANT,COLLECTED,2024-08-02T10:26:08.840Z
4972,9187,TX20241025082545,TRF_FEE,50,MRU,9800,PLATFORM,COLLECTED,2024-10-25T15:57:59.823Z
4973,9193,TX20241228407114,TRF_FEE,25,MRU,10904,PLATFORM,COLLECTED,2024-12-28T10:38:31.338Z
4974,9194,TX20241227852502,PAY_FEE,65,MRU,7569,MERCHANT,COLLECTED,2024-12-27T16:34:35.550Z
4975,9195,TX20240109317208,TRF_FEE,25,MRU,2698,PLATFORM,COLLECTED,2024-01-09T13:04:20.057Z
4976,9196,TX20241023860938,TRF_FEE,50,MRU,8131,PLATFORM,COLLECTED,2024-10-23T13:59:19.352Z
4977,9197,TX20241121997801,PAY_FEE,5,MRU,7787,MERCHANT,COLLECTED,2024-11-21T13:08:37.814Z
4978,9199,TX20241014278626,BIL_FEE,100,MRU,4905,PLATFORM,COLLECTED,2024-10-14T09:12:11.958Z
4979,9200,TX20240825587071,TRF_FEE,50,MRU,2993,PLATFORM,COLLECTED,2024-08-25T08:08:33.528Z
4980,9202,TX20240621109936,TRF_FEE,50,MRU,2299,PLATFORM,COLLECTED,2024-06-21T15:53:08.228Z
4981,9204,TX20240727800365,PAY_FEE,23,MRU,5224,MERCHANT,COLLECTED,2024-07-27T15:52:49.809Z
4982,9206,TX20240708618381,WIT_FEE,83,MRU,7810,PLATFORM,COLLECTED,2024-07-08T19:04:53.750Z
4983,9207,TX20241230879442,WIT_FEE,50,MRU,8874,PLATFORM,COLLECTED,2024-12-30T05:07:49.973Z
4984,9211,TX20240607113694,TRF_FEE,25,MRU,458,PLATFORM,COLLECTED,2024-06-07T12:21:20.693Z
4985,9213,TX20240904339340,PAY_FEE,125,MRU,5755,MERCHANT,COLLECTED,2024-09-04T20:16:48.514Z
4986,9216,TX20241003909042,WIT_FEE,50,MRU,8009,PLATFORM,COLLECTED,2024-10-03T16:01:24.063Z
4987,9219,TX20240314043989,TRF_FEE,25,MRU,600,PLATFORM,COLLECTED,2024-03-14T09:32:47.688Z
4988,9222,TX20241229408372,PAY_FEE,20,MRU,556,MERCHANT,COLLECTED,2024-12-29T19:53:31.319Z
4989,9226,TX20240825059171,WIT_FEE,150,MRU,6420,PLATFORM,COLLECTED,2024-08-25T09:41:43.405Z
4990,9227,TX20240322776553,TRF_FEE,25,MRU,5143,PLATFORM,COLLECTED,2024-03-22T14:24:26.816Z
4991,9230,TX20240123377674,WIT_FEE,50,MRU,8596,PLATFORM,COLLECTED,2024-01-23T06:41:47.291Z
4992,9231,TX20240309144256,BIL_FEE,100,MRU,8706,PLATFORM,COLLECTED,2024-03-09T15:27:36.127Z
4993,9233,TX20240519355595,WIT_FEE,50,MRU,4985,PLATFORM,COLLECTED,2024-05-19T16:03:04.245Z
4994,9239,TX20240311781776,TRF_FEE,25,MRU,4032,PLATFORM,COLLECTED,2024-03-11T14:07:11.151Z
4995,9240,TX20240712535109,TRF_FEE,25,MRU,8416,PLATFORM,COLLECTED,2024-07-12T09:55:45.890Z
4996,9243,TX20240311554267,WIT_FEE,50,MRU,10974,PLATFORM,COLLECTED,2024-03-11T17:02:59.407Z
4997,9244,TX20240718414147,TRF_FEE,50,MRU,3154,PLATFORM,COLLECTED,2024-07-18T12:33:58.775Z
4998,9245,TX20240916789185,TRF_FEE,25,MRU,6356,PLATFORM,COLLECTED,2024-09-16T12:33:05.826Z
4999,9246,TX20241125587787,BIL_FEE,100,MRU,1451,PLATFORM,COLLECTED,2024-11-25T12:16:29.908Z
5000,9247,TX20240619058557,TRF_FEE,50,MRU,3420,PLATFORM,COLLECTED,2024-06-19T17:01:36.040Z
5001,9248,TX20240615598812,TRF_FEE,50,MRU,337,PLATFORM,COLLECTED,2024-06-15T06:54:57.192Z
5002,9253,TX20240316120697,TRF_FEE,50,MRU,853,PLATFORM,COLLECTED,2024-03-16T09:18:37.378Z
5003,9255,TX20240529785927,WIT_FEE,50,MRU,8077,PLATFORM,COLLECTED,2024-05-29T19:55:22.838Z
5004,9258,TX20241015810411,WIT_FEE,50,MRU,3831,PLATFORM,COLLECTED,2024-10-15T07:36:13.344Z
5005,9259,TX20240405392011,PAY_FEE,99,MRU,2679,MERCHANT,COLLECTED,2024-04-05T14:10:56.012Z
5006,9261,TX20240815984035,PAY_FEE,60,MRU,4500,MERCHANT,COLLECTED,2024-08-15T15:16:18.045Z
5007,9266,TX20240925061676,WIT_FEE,100,MRU,8179,PLATFORM,COLLECTED,2024-09-25T11:14:50.988Z
5008,9267,TX20240502153485,WIT_FEE,50,MRU,6049,PLATFORM,COLLECTED,2024-05-02T20:59:37.038Z
5009,9270,TX20240827746948,PAY_FEE,132,MRU,426,MERCHANT,COLLECTED,2024-08-27T05:29:23.845Z
5010,9274,TX20240430865901,PAY_FEE,53,MRU,4647,MERCHANT,COLLECTED,2024-04-30T06:01:11.538Z
5011,9275,TX20240415383427,TRF_FEE,50,MRU,8413,PLATFORM,COLLECTED,2024-04-15T09:42:15.289Z
5012,9276,TX20240828539894,TRF_FEE,50,MRU,9004,PLATFORM,COLLECTED,2024-08-28T17:36:42.315Z
5013,9278,TX20240714898116,TRF_FEE,50,MRU,5546,PLATFORM,COLLECTED,2024-07-14T15:49:01.558Z
5014,9281,TX20240302483403,SAL_FEE,1695,MRU,863,PLATFORM,COLLECTED,2024-03-02T14:15:45.571Z
5015,9282,TX20240327926147,TRF_FEE,25,MRU,5557,PLATFORM,COLLECTED,2024-03-26T23:29:00.861Z
5016,9283,TX20241210303397,PAY_FEE,65,MRU,6336,MERCHANT,COLLECTED,2024-12-10T09:16:17.862Z
5017,9285,TX20240910717273,WIT_FEE,50,MRU,9699,PLATFORM,COLLECTED,2024-09-10T09:08:35.140Z
5018,9287,TX20240517718306,TRF_FEE,25,MRU,6735,PLATFORM,COLLECTED,2024-05-17T10:34:45.813Z
5019,9288,TX20240802225750,TRF_FEE,25,MRU,7501,PLATFORM,COLLECTED,2024-08-02T08:25:46.631Z
5020,9290,TX20240803830109,TRF_FEE,10,MRU,8692,PLATFORM,COLLECTED,2024-08-03T07:45:06.801Z
5021,9291,TX20240708662294,WIT_FEE,430,MRU,2381,PLATFORM,COLLECTED,2024-07-08T14:50:29.205Z
5022,9292,TX20240619291468,PAY_FEE,15,MRU,5743,MERCHANT,COLLECTED,2024-06-19T15:14:33.914Z
5023,9293,TX20240323802990,WIT_FEE,50,MRU,5122,PLATFORM,COLLECTED,2024-03-23T14:55:35.306Z
5024,9294,TX20240113378836,TRF_FEE,10,MRU,6572,PLATFORM,COLLECTED,2024-01-13T15:44:04.278Z
5025,9297,TX20240319374635,SAL_FEE,575,MRU,3818,PLATFORM,COLLECTED,2024-03-19T15:27:39.426Z
5026,9299,TX20241222931807,WIT_FEE,50,MRU,5235,PLATFORM,COLLECTED,2024-12-22T05:59:16.742Z
5027,9301,TX20240614408882,TRF_FEE,25,MRU,10924,PLATFORM,COLLECTED,2024-06-14T09:22:03.406Z
5028,9302,TX20241207806854,WIT_FEE,50,MRU,10335,PLATFORM,COLLECTED,2024-12-07T05:01:42.854Z
5029,9303,TX20240123881183,SAL_FEE,835,MRU,10036,PLATFORM,COLLECTED,2024-01-23T20:59:28.611Z
5030,9309,TX20240722695390,TRF_FEE,25,MRU,311,PLATFORM,COLLECTED,2024-07-22T05:15:21.181Z
5031,9310,TX20240815279515,TRF_FEE,25,MRU,4046,PLATFORM,COLLECTED,2024-08-15T14:08:19.273Z
5032,9312,TX20240530459253,TRF_FEE,10,MRU,4427,PLATFORM,COLLECTED,2024-05-30T10:18:27.083Z
5033,9314,TX20240717031219,SAL_FEE,2000,MRU,8418,PLATFORM,COLLECTED,2024-07-17T10:31:17.264Z
5034,9317,TX20240418075483,PAY_FEE,41,MRU,10911,MERCHANT,COLLECTED,2024-04-18T14:30:06.800Z
5035,9318,TX20241216306065,WIT_FEE,50,MRU,5849,PLATFORM,COLLECTED,2024-12-16T18:02:11.793Z
5036,9319,TX20240229514513,WIT_FEE,380,MRU,5265,PLATFORM,COLLECTED,2024-02-29T12:19:34.924Z
5037,9320,TX20241020186155,PAY_FEE,24,MRU,1490,MERCHANT,COLLECTED,2024-10-20T12:43:21.852Z
5038,9321,TX20240606004217,PAY_FEE,66,MRU,3710,MERCHANT,COLLECTED,2024-06-06T12:18:22.251Z
5039,9327,TX20240227667364,TRF_FEE,25,MRU,7196,PLATFORM,COLLECTED,2024-02-27T05:40:07.908Z
5040,9328,TX20240311119272,PAY_FEE,69,MRU,6427,MERCHANT,COLLECTED,2024-03-11T09:17:26.867Z
5041,9329,TX20241007292412,TRF_FEE,50,MRU,10220,PLATFORM,COLLECTED,2024-10-07T10:02:56.372Z
5042,9331,TX20240107075822,PAY_FEE,53,MRU,4185,MERCHANT,COLLECTED,2024-01-07T10:55:11.009Z
5043,9332,TX20240102546437,WIT_FEE,50,MRU,4994,PLATFORM,COLLECTED,2024-01-02T15:13:49.768Z
5044,9334,TX20240719731716,WIT_FEE,50,MRU,10189,PLATFORM,COLLECTED,2024-07-19T05:36:27.468Z
5045,9337,TX20240810758030,PAY_FEE,74,MRU,5363,MERCHANT,COLLECTED,2024-08-10T09:58:18.864Z
5046,9338,TX20241122514748,WIT_FEE,100,MRU,786,PLATFORM,COLLECTED,2024-11-22T15:27:59.822Z
5047,9339,TX20240208481973,TRF_FEE,25,MRU,111,PLATFORM,COLLECTED,2024-02-08T16:27:05.181Z
5048,9340,TX20240405326698,BIL_FEE,100,MRU,6180,PLATFORM,COLLECTED,2024-04-05T15:04:53.085Z
5049,9341,TX20240810125712,SAL_FEE,1425,MRU,10607,PLATFORM,COLLECTED,2024-08-10T09:37:50.754Z
5050,9342,TX20240613363164,TRF_FEE,50,MRU,3877,PLATFORM,COLLECTED,2024-06-13T18:16:37.886Z
5051,9343,TX20240825399380,BIL_FEE,100,MRU,7172,PLATFORM,COLLECTED,2024-08-25T14:26:40.294Z
5052,9346,TX20240214332500,SAL_FEE,2305,MRU,8548,PLATFORM,COLLECTED,2024-02-14T10:09:38.959Z
5053,9349,TX20240318058064,WIT_FEE,50,MRU,9381,PLATFORM,COLLECTED,2024-03-18T13:09:23.565Z
5054,9352,TX20240720498170,WIT_FEE,80,MRU,7330,PLATFORM,COLLECTED,2024-07-20T05:20:16.417Z
5055,9357,TX20240303703378,TRF_FEE,25,MRU,6863,PLATFORM,COLLECTED,2024-03-03T16:29:41.047Z
5056,9360,TX20240125163846,WIT_FEE,50,MRU,4408,PLATFORM,COLLECTED,2024-01-25T14:11:55.090Z
5057,9364,TX20240401774122,PAY_FEE,36,MRU,9320,MERCHANT,COLLECTED,2024-04-01T13:38:01.915Z
5058,9365,TX20240924871467,TRF_FEE,50,MRU,1932,PLATFORM,COLLECTED,2024-09-24T08:57:29.178Z
5059,9366,TX20240919767545,TRF_FEE,25,MRU,7370,PLATFORM,COLLECTED,2024-09-19T17:15:57.581Z
5060,9369,TX20240305493144,TRF_FEE,10,MRU,4063,PLATFORM,COLLECTED,2024-03-05T20:09:41.119Z
5061,9370,TX20240329893270,PAY_FEE,74,MRU,8266,MERCHANT,COLLECTED,2024-03-29T16:01:58.399Z
5062,9372,TX20241024481267,TRF_FEE,50,MRU,1235,PLATFORM,COLLECTED,2024-10-24T09:56:42.451Z
5063,9375,TX20240816668318,TRF_FEE,50,MRU,1178,PLATFORM,COLLECTED,2024-08-16T08:11:29.014Z
5064,9379,TX20241123941797,WIT_FEE,100,MRU,3107,PLATFORM,COLLECTED,2024-11-23T14:41:10.314Z
5065,9380,TX20240802557335,WIT_FEE,50,MRU,1685,PLATFORM,COLLECTED,2024-08-02T12:29:55.086Z
5066,9386,TX20241029533520,TRF_FEE,50,MRU,2919,PLATFORM,COLLECTED,2024-10-29T14:12:41.560Z
5067,9387,TX20240812204385,PAY_FEE,51,MRU,7406,MERCHANT,COLLECTED,2024-08-12T12:35:46.866Z
5068,9388,TX20240329905704,TRF_FEE,10,MRU,5039,PLATFORM,COLLECTED,2024-03-29T13:08:58.173Z
5069,9389,TX20240725116867,WIT_FEE,50,MRU,3648,PLATFORM,COLLECTED,2024-07-25T13:27:10.267Z
5070,9390,TX20240519403575,WIT_FEE,50,MRU,5515,PLATFORM,COLLECTED,2024-05-19T10:53:08.411Z
5071,9392,TX20241029016545,WIT_FEE,100,MRU,8825,PLATFORM,COLLECTED,2024-10-29T12:54:03.871Z
5072,9393,TX20240528301162,PAY_FEE,195,MRU,3052,MERCHANT,COLLECTED,2024-05-28T09:31:44.862Z
5073,9394,TX20240902420921,PAY_FEE,71,MRU,1694,MERCHANT,COLLECTED,2024-09-02T05:42:54.191Z
5074,9403,TX20240520958611,TRF_FEE,50,MRU,6118,PLATFORM,COLLECTED,2024-05-20T07:44:49.438Z
5075,9404,TX20241107067595,TRF_FEE,25,MRU,5328,PLATFORM,COLLECTED,2024-11-07T17:58:26.579Z
5076,9405,TX20240414927014,TRF_FEE,25,MRU,5496,PLATFORM,COLLECTED,2024-04-14T06:22:47.676Z
5077,9406,TX20240613926757,PAY_FEE,56,MRU,3052,MERCHANT,COLLECTED,2024-06-13T05:01:04.533Z
5078,9409,TX20240407780593,TRF_FEE,50,MRU,340,PLATFORM,COLLECTED,2024-04-07T09:44:24.028Z
5079,9410,TX20240710500282,TRF_FEE,50,MRU,2486,PLATFORM,COLLECTED,2024-07-10T14:38:49.905Z
5080,9411,TX20241129507419,TRF_FEE,50,MRU,3677,PLATFORM,COLLECTED,2024-11-29T11:19:29.500Z
5081,9412,TX20241002901142,TRF_FEE,10,MRU,6983,PLATFORM,COLLECTED,2024-10-02T17:11:47.842Z
5082,9416,TX20240620384611,TRF_FEE,50,MRU,10485,PLATFORM,COLLECTED,2024-06-20T08:18:12.399Z
5083,9417,TX20240627293475,TRF_FEE,25,MRU,2465,PLATFORM,COLLECTED,2024-06-27T08:43:32.301Z
5084,9421,TX20240909119659,WIT_FEE,50,MRU,1867,PLATFORM,COLLECTED,2024-09-09T10:09:13.885Z
5085,9422,TX20240701192354,TRF_FEE,25,MRU,2794,PLATFORM,COLLECTED,2024-07-01T15:17:52.833Z
5086,9425,TX20240107852123,TRF_FEE,50,MRU,1769,PLATFORM,COLLECTED,2024-01-07T10:29:24.065Z
5087,9426,TX20240131278914,WIT_FEE,50,MRU,5236,PLATFORM,COLLECTED,2024-01-31T14:12:50.096Z
5088,9428,TX20240320408122,PAY_FEE,35,MRU,2845,MERCHANT,COLLECTED,2024-03-20T11:08:12.954Z
5089,9429,TX20240315515217,PAY_FEE,165,MRU,4875,MERCHANT,COLLECTED,2024-03-15T20:48:32.597Z
5090,9431,TX20241024055159,TRF_FEE,50,MRU,5066,PLATFORM,COLLECTED,2024-10-24T08:08:49.168Z
5091,9433,TX20240117964132,TRF_FEE,25,MRU,1313,PLATFORM,COLLECTED,2024-01-17T10:36:03.051Z
5092,9435,TX20240717040701,TRF_FEE,25,MRU,7712,PLATFORM,COLLECTED,2024-07-17T08:11:14.655Z
5093,9436,TX20241215010842,WIT_FEE,50,MRU,4252,PLATFORM,COLLECTED,2024-12-15T15:19:10.721Z
5094,9438,TX20240826324364,PAY_FEE,36,MRU,3516,MERCHANT,COLLECTED,2024-08-26T15:18:14.902Z
5095,9441,TX20241029913528,SAL_FEE,785,MRU,673,PLATFORM,COLLECTED,2024-10-29T00:40:52.212Z
5096,9442,TX20240428808975,TRF_FEE,25,MRU,1651,PLATFORM,COLLECTED,2024-04-28T15:25:32.718Z
5097,9443,TX20240410366052,TRF_FEE,50,MRU,3100,PLATFORM,COLLECTED,2024-04-10T12:18:40.343Z
5098,9444,TX20240202368892,PAY_FEE,62,MRU,5800,MERCHANT,COLLECTED,2024-02-02T11:30:45.847Z
5099,9445,TX20240602113618,PAY_FEE,345,MRU,8782,MERCHANT,COLLECTED,2024-06-02T18:55:35.607Z
5100,9446,TX20240219177616,WIT_FEE,50,MRU,7509,PLATFORM,COLLECTED,2024-02-19T13:58:08.409Z
5101,9447,TX20240214231344,TRF_FEE,50,MRU,4019,PLATFORM,COLLECTED,2024-02-14T18:22:17.164Z
5102,9448,TX20240704412102,TRF_FEE,50,MRU,5827,PLATFORM,COLLECTED,2024-07-04T11:51:05.640Z
5103,9450,TX20240829957970,TRF_FEE,50,MRU,4022,PLATFORM,COLLECTED,2024-08-29T07:25:37.811Z
5104,9451,TX20241004638469,WIT_FEE,50,MRU,343,PLATFORM,COLLECTED,2024-10-04T16:18:27.143Z
5105,9452,TX20241028911297,TRF_FEE,25,MRU,6446,PLATFORM,COLLECTED,2024-10-28T08:58:47.670Z
5106,9453,TX20240403159187,PAY_FEE,27,MRU,10446,MERCHANT,COLLECTED,2024-04-03T10:05:12.271Z
5107,9454,TX20240702152208,PAY_FEE,51,MRU,2244,MERCHANT,COLLECTED,2024-07-02T08:26:11.212Z
5108,9455,TX20240716635724,WIT_FEE,350,MRU,5981,PLATFORM,COLLECTED,2024-07-16T09:41:41.044Z
5109,9456,TX20240607660799,TRF_FEE,25,MRU,6120,PLATFORM,COLLECTED,2024-06-07T14:53:14.282Z
5110,9458,TX20240229137101,TRF_FEE,25,MRU,10315,PLATFORM,COLLECTED,2024-02-29T18:03:25.827Z
5111,9459,TX20240116118897,PAY_FEE,195,MRU,9418,MERCHANT,COLLECTED,2024-01-16T10:57:49.604Z
5112,9461,TX20240815447505,PAY_FEE,39,MRU,8649,MERCHANT,COLLECTED,2024-08-15T07:08:24.837Z
5113,9462,TX20240501437575,WIT_FEE,200,MRU,2223,PLATFORM,COLLECTED,2024-05-01T16:23:39.026Z
5114,9464,TX20240803542580,PAY_FEE,45,MRU,1915,MERCHANT,COLLECTED,2024-08-03T07:19:08.484Z
5115,9466,TX20240903022110,TRF_FEE,25,MRU,5481,PLATFORM,COLLECTED,2024-09-03T09:20:16.126Z
5116,9467,TX20240704624642,TRF_FEE,50,MRU,6932,PLATFORM,COLLECTED,2024-07-04T16:02:05.302Z
5117,9470,TX20240107952874,WIT_FEE,50,MRU,8002,PLATFORM,COLLECTED,2024-01-07T10:00:56.193Z
5118,9471,TX20240928117254,PAY_FEE,39,MRU,478,MERCHANT,COLLECTED,2024-09-28T07:12:15.589Z
5119,9474,TX20240607180825,TRF_FEE,25,MRU,6565,PLATFORM,COLLECTED,2024-06-07T07:57:21.817Z
5120,9476,TX20240401465922,WIT_FEE,410,MRU,4093,PLATFORM,COLLECTED,2024-04-01T15:32:29.909Z
5121,9478,TX20240414574967,PAY_FEE,38,MRU,4464,MERCHANT,COLLECTED,2024-04-14T14:53:51.878Z
5122,9480,TX20240127307896,PAY_FEE,38,MRU,5966,MERCHANT,COLLECTED,2024-01-27T20:32:18.750Z
5123,9482,TX20240322246126,WIT_FEE,50,MRU,2319,PLATFORM,COLLECTED,2024-03-22T09:05:13.440Z
5124,9485,TX20240429502317,WIT_FEE,50,MRU,9275,PLATFORM,COLLECTED,2024-04-29T14:10:01.492Z
5125,9486,TX20240828047009,TRF_FEE,10,MRU,1941,PLATFORM,COLLECTED,2024-08-28T06:13:42.489Z
5126,9487,TX20240127370096,TRF_FEE,25,MRU,7083,PLATFORM,COLLECTED,2024-01-27T08:59:29.266Z
5127,9489,TX20240120310947,PAY_FEE,36,MRU,7167,MERCHANT,COLLECTED,2024-01-20T17:58:59.153Z
5128,9491,TX20241128964803,TRF_FEE,10,MRU,425,PLATFORM,COLLECTED,2024-11-28T15:09:32.131Z
5129,9492,TX20240405976788,PAY_FEE,36,MRU,6923,MERCHANT,COLLECTED,2024-04-05T13:01:12.121Z
5130,9493,TX20240213890047,WIT_FEE,50,MRU,188,PLATFORM,COLLECTED,2024-02-13T09:01:40.017Z
5131,9495,TX20240121599562,TRF_FEE,50,MRU,8385,PLATFORM,COLLECTED,2024-01-21T17:03:23.274Z
5132,9496,TX20240906207200,BIL_FEE,100,MRU,10650,PLATFORM,COLLECTED,2024-09-06T07:13:13.821Z
5133,9497,TX20241109366220,PAY_FEE,35,MRU,641,MERCHANT,COLLECTED,2024-11-09T11:43:55.823Z
5134,9501,TX20240402490022,WIT_FEE,50,MRU,10434,PLATFORM,COLLECTED,2024-04-02T08:41:01.458Z
5135,9502,TX20241220721562,WIT_FEE,50,MRU,8263,PLATFORM,COLLECTED,2024-12-20T12:26:10.676Z
5136,9503,TX20241211348113,TRF_FEE,50,MRU,3297,PLATFORM,COLLECTED,2024-12-11T16:15:57.001Z
5137,9504,TX20240410720386,SAL_FEE,930,MRU,6844,PLATFORM,COLLECTED,2024-04-10T15:34:36.063Z
5138,9505,TX20240120313047,WIT_FEE,50,MRU,7999,PLATFORM,COLLECTED,2024-01-20T15:55:40.799Z
5139,9506,TX20241222391027,TRF_FEE,50,MRU,2966,PLATFORM,COLLECTED,2024-12-22T15:56:54.053Z
5140,9509,TX20241120178624,TRF_FEE,50,MRU,4625,PLATFORM,COLLECTED,2024-11-20T10:11:26.824Z
5141,9510,TX20240628727487,WIT_FEE,50,MRU,9806,PLATFORM,COLLECTED,2024-06-28T14:38:56.338Z
5142,9511,TX20241224450399,TRF_FEE,50,MRU,1961,PLATFORM,COLLECTED,2024-12-24T14:36:38.508Z
5143,9512,TX20240430725174,TRF_FEE,25,MRU,10061,PLATFORM,COLLECTED,2024-04-30T13:29:54.238Z
5144,9516,TX20240320014353,SAL_FEE,2285,MRU,6338,PLATFORM,COLLECTED,2024-03-20T08:35:36.012Z
5145,9517,TX20240311392895,PAY_FEE,33,MRU,5436,MERCHANT,COLLECTED,2024-03-11T07:51:07.374Z
5146,9520,TX20240713748528,WIT_FEE,150,MRU,9241,PLATFORM,COLLECTED,2024-07-13T15:11:19.241Z
5147,9521,TX20240928601673,TRF_FEE,50,MRU,1699,PLATFORM,COLLECTED,2024-09-28T10:53:41.794Z
5148,9523,TX20240602854208,PAY_FEE,38,MRU,9812,MERCHANT,COLLECTED,2024-06-02T07:46:44.207Z
5149,9529,TX20241129801853,TRF_FEE,25,MRU,1925,PLATFORM,COLLECTED,2024-11-29T07:52:42.361Z
5150,9530,TX20241210069493,WIT_FEE,50,MRU,9163,PLATFORM,COLLECTED,2024-12-10T04:19:13.584Z
5151,9532,TX20240415467815,WIT_FEE,210,MRU,2019,PLATFORM,COLLECTED,2024-04-15T16:45:03.436Z
5152,9535,TX20240326633401,TRF_FEE,50,MRU,4976,PLATFORM,COLLECTED,2024-03-26T12:05:19.024Z
5153,9536,TX20240611630400,TRF_FEE,50,MRU,2812,PLATFORM,COLLECTED,2024-06-11T16:42:37.143Z
5154,9544,TX20241111225829,PAY_FEE,60,MRU,1949,MERCHANT,COLLECTED,2024-11-11T12:32:49.606Z
5155,9545,TX20241007411311,TRF_FEE,25,MRU,8188,PLATFORM,COLLECTED,2024-10-07T10:34:35.598Z
5156,9546,TX20241228211567,TRF_FEE,50,MRU,9612,PLATFORM,COLLECTED,2024-12-28T10:31:02.054Z
5157,9547,TX20241221230291,WIT_FEE,87,MRU,8526,PLATFORM,COLLECTED,2024-12-21T11:40:44.586Z
5158,9550,TX20240627978864,WIT_FEE,50,MRU,1768,PLATFORM,COLLECTED,2024-06-27T07:34:11.283Z
5159,9552,TX20241227152125,TRF_FEE,50,MRU,3659,PLATFORM,COLLECTED,2024-12-27T09:25:48.411Z
5160,9554,TX20240807276131,TRF_FEE,25,MRU,4366,PLATFORM,COLLECTED,2024-08-07T07:45:44.950Z
5161,9556,TX20241103865130,TRF_FEE,25,MRU,4381,PLATFORM,COLLECTED,2024-11-03T16:49:33.227Z
5162,9559,TX20240102464932,TRF_FEE,50,MRU,9646,PLATFORM,COLLECTED,2024-01-02T10:00:49.105Z
5163,9560,TX20240502862412,TRF_FEE,25,MRU,3338,PLATFORM,COLLECTED,2024-05-02T12:14:14.915Z
5164,9564,TX20240506963958,TRF_FEE,50,MRU,4624,PLATFORM,COLLECTED,2024-05-06T12:02:20.273Z
5165,9565,TX20240111823525,TRF_FEE,50,MRU,9028,PLATFORM,COLLECTED,2024-01-11T14:21:55.512Z
5166,9566,TX20240926219965,BIL_FEE,100,MRU,6513,PLATFORM,COLLECTED,2024-09-26T07:23:00.341Z
5167,9567,TX20240729904300,WIT_FEE,50,MRU,5327,PLATFORM,COLLECTED,2024-07-29T08:10:51.554Z
5168,9571,TX20241007484011,WIT_FEE,50,MRU,9062,PLATFORM,COLLECTED,2024-10-07T12:58:52.796Z
5169,9574,TX20241121632975,WIT_FEE,50,MRU,2351,PLATFORM,COLLECTED,2024-11-21T14:12:24.375Z
5170,9575,TX20240628600865,TRF_FEE,50,MRU,5154,PLATFORM,COLLECTED,2024-06-28T12:07:00.072Z
5171,9577,TX20240306218763,TRF_FEE,50,MRU,4915,PLATFORM,COLLECTED,2024-03-06T08:56:52.188Z
5172,9578,TX20240831170956,TRF_FEE,25,MRU,2579,PLATFORM,COLLECTED,2024-08-31T04:44:23.185Z
5173,9583,TX20240223893497,WIT_FEE,210,MRU,10975,PLATFORM,COLLECTED,2024-02-23T15:53:35.722Z
5174,9585,TX20240118029064,WIT_FEE,64,MRU,2106,PLATFORM,COLLECTED,2024-01-18T19:54:56.031Z
5175,9586,TX20240819388585,PAY_FEE,24,MRU,2160,MERCHANT,COLLECTED,2024-08-19T07:41:50.545Z
5176,9589,TX20240101068416,WIT_FEE,50,MRU,3477,PLATFORM,COLLECTED,2024-01-01T14:13:39.274Z
5177,9590,TX20240606264488,PAY_FEE,110,MRU,9558,MERCHANT,COLLECTED,2024-06-06T13:04:21.386Z
5178,9591,TX20240304269972,TRF_FEE,25,MRU,1919,PLATFORM,COLLECTED,2024-03-04T10:16:24.701Z
5179,9594,TX20240519504693,WIT_FEE,50,MRU,3555,PLATFORM,COLLECTED,2024-05-19T06:57:11.164Z
5180,9596,TX20240215374358,WIT_FEE,92,MRU,9704,PLATFORM,COLLECTED,2024-02-15T19:30:02.988Z
5181,9597,TX20240620328871,WIT_FEE,250,MRU,9426,PLATFORM,COLLECTED,2024-06-20T10:35:42.272Z
5182,9598,TX20240318719642,TRF_FEE,25,MRU,10957,PLATFORM,COLLECTED,2024-03-18T15:33:15.122Z
5183,9599,TX20241008381036,TRF_FEE,25,MRU,3416,PLATFORM,COLLECTED,2024-10-08T16:40:23.057Z
5184,9600,TX20240304458000,SAL_FEE,1490,MRU,1548,PLATFORM,COLLECTED,2024-03-04T11:16:34.469Z
5185,9601,TX20240617340078,TRF_FEE,50,MRU,3145,PLATFORM,COLLECTED,2024-06-17T07:16:19.261Z
5186,9602,TX20240527771159,WIT_FEE,350,MRU,9840,PLATFORM,COLLECTED,2024-05-27T17:08:24.498Z
5187,9603,TX20241127074420,PAY_FEE,270,MRU,9409,MERCHANT,COLLECTED,2024-11-27T11:51:28.348Z
5188,9605,TX20240427026035,TRF_FEE,10,MRU,3453,PLATFORM,COLLECTED,2024-04-27T12:44:51.275Z
5189,9610,TX20241102513026,TRF_FEE,25,MRU,7383,PLATFORM,COLLECTED,2024-11-02T11:14:31.728Z
5190,9611,TX20241111278681,PAY_FEE,45,MRU,759,MERCHANT,COLLECTED,2024-11-11T16:49:51.868Z
5191,9612,TX20240321510368,WIT_FEE,470,MRU,3837,PLATFORM,COLLECTED,2024-03-21T09:14:53.495Z
5192,9613,TX20241230468952,TRF_FEE,50,MRU,2526,PLATFORM,COLLECTED,2024-12-30T08:40:12.905Z
5193,9615,TX20240312902735,WIT_FEE,85,MRU,222,PLATFORM,COLLECTED,2024-03-12T16:49:26.552Z
5194,9616,TX20241223027658,PAY_FEE,32,MRU,2964,MERCHANT,COLLECTED,2024-12-23T11:34:28.251Z
5195,9618,TX20240613319533,PAY_FEE,56,MRU,3052,MERCHANT,COLLECTED,2024-06-13T05:01:04.533Z
5196,9623,TX20240617751817,WIT_FEE,50,MRU,5543,PLATFORM,COLLECTED,2024-06-17T17:23:19.498Z
5197,9624,TX20241118970475,PAY_FEE,21,MRU,1810,MERCHANT,COLLECTED,2024-11-18T08:47:50.633Z
5198,9625,TX20240116204377,TRF_FEE,25,MRU,1166,PLATFORM,COLLECTED,2024-01-16T10:00:16.611Z
5199,9631,TX20241201682671,WIT_FEE,50,MRU,3270,PLATFORM,COLLECTED,2024-12-01T08:03:24.456Z
5200,9634,TX20240206252235,TRF_FEE,25,MRU,2760,PLATFORM,COLLECTED,2024-02-06T11:21:19.630Z
5201,9635,TX20241031063158,PAY_FEE,375,MRU,3067,MERCHANT,COLLECTED,2024-10-31T08:19:59.657Z
5202,9636,TX20240207797390,PAY_FEE,33,MRU,10500,MERCHANT,COLLECTED,2024-02-07T09:26:18.455Z
5203,9641,TX20240804432333,BIL_FEE,100,MRU,204,PLATFORM,COLLECTED,2024-08-04T15:39:17.402Z
5204,9643,TX20240410636056,WIT_FEE,50,MRU,6195,PLATFORM,COLLECTED,2024-04-10T10:54:26.791Z
5205,9646,TX20240217410791,WIT_FEE,50,MRU,6853,PLATFORM,COLLECTED,2024-02-17T13:16:12.492Z
5206,9647,TX20240611430590,TRF_FEE,25,MRU,9020,PLATFORM,COLLECTED,2024-06-11T17:10:49.039Z
5207,9648,TX20240828956676,WIT_FEE,50,MRU,2186,PLATFORM,COLLECTED,2024-08-28T13:39:11.414Z
5208,9650,TX20240414820558,TRF_FEE,50,MRU,10364,PLATFORM,COLLECTED,2024-04-14T14:10:35.371Z
5209,9651,TX20240827498882,TRF_FEE,50,MRU,1493,PLATFORM,COLLECTED,2024-08-27T14:42:11.974Z
5210,9652,TX20240730246812,WIT_FEE,50,MRU,4553,PLATFORM,COLLECTED,2024-07-30T07:26:24.275Z
5211,9653,TX20240726987274,PAY_FEE,50,MRU,9902,MERCHANT,COLLECTED,2024-07-26T13:55:38.573Z
5212,9655,TX20240104516301,TRF_FEE,25,MRU,2235,PLATFORM,COLLECTED,2024-01-04T17:39:12.196Z
5213,9656,TX20240410503818,TRF_FEE,25,MRU,911,PLATFORM,COLLECTED,2024-04-10T10:12:49.253Z
5214,9657,TX20240710607627,WIT_FEE,50,MRU,8962,PLATFORM,COLLECTED,2024-07-10T05:08:23.240Z
5215,9658,TX20240518183274,TRF_FEE,10,MRU,2876,PLATFORM,COLLECTED,2024-05-18T19:40:21.635Z
5216,9659,TX20240823362815,WIT_FEE,50,MRU,2815,PLATFORM,COLLECTED,2024-08-23T18:11:20.332Z
5217,9661,TX20241115465076,TRF_FEE,50,MRU,8528,PLATFORM,COLLECTED,2024-11-15T15:30:33.941Z
5218,9662,TX20241005811897,TRF_FEE,25,MRU,8371,PLATFORM,COLLECTED,2024-10-05T10:46:25.489Z
5219,9665,TX20241201214376,TRF_FEE,50,MRU,5126,PLATFORM,COLLECTED,2024-12-01T09:14:20.529Z
5220,9666,TX20240702212351,WIT_FEE,150,MRU,7582,PLATFORM,COLLECTED,2024-07-02T12:40:20.835Z
5221,9668,TX20240510552621,PAY_FEE,50,MRU,5752,MERCHANT,COLLECTED,2024-05-10T18:46:52.064Z
5222,9670,TX20240919276925,WIT_FEE,86,MRU,528,PLATFORM,COLLECTED,2024-09-19T21:49:09.346Z
5223,9671,TX20240819853220,PAY_FEE,146,MRU,454,MERCHANT,COLLECTED,2024-08-19T14:20:34.838Z
5224,9675,TX20240717024786,TRF_FEE,50,MRU,10269,PLATFORM,COLLECTED,2024-07-17T15:19:57.052Z
5225,9676,TX20240124700282,TRF_FEE,10,MRU,3636,PLATFORM,COLLECTED,2024-01-24T14:45:35.168Z
5226,9677,TX20241215571335,WIT_FEE,100,MRU,4628,PLATFORM,COLLECTED,2024-12-15T08:11:17.541Z
5227,9679,TX20240612559182,WIT_FEE,230,MRU,3356,PLATFORM,COLLECTED,2024-06-12T12:51:02.091Z
5228,9680,TX20240301496796,SAL_FEE,1035,MRU,777,PLATFORM,COLLECTED,2024-03-01T06:13:23.599Z
5229,9682,TX20241115728686,WIT_FEE,50,MRU,94,PLATFORM,COLLECTED,2024-11-15T14:14:01.337Z
5230,9683,TX20240811117254,WIT_FEE,50,MRU,2839,PLATFORM,COLLECTED,2024-08-11T15:44:08.202Z
5231,9686,TX20240607352486,TRF_FEE,25,MRU,6565,PLATFORM,COLLECTED,2024-06-07T07:57:21.817Z
5232,9687,TX20241223828732,WIT_FEE,50,MRU,8681,PLATFORM,COLLECTED,2024-12-23T07:08:10.533Z
5233,9688,TX20240626557010,TRF_FEE,25,MRU,963,PLATFORM,COLLECTED,2024-06-26T17:22:47.826Z
5234,9690,TX20240227241404,TRF_FEE,50,MRU,9579,PLATFORM,COLLECTED,2024-02-27T12:10:13.574Z
5235,9692,TX20241201448682,TRF_FEE,50,MRU,783,PLATFORM,COLLECTED,2024-12-01T08:09:18.260Z
5236,9694,TX20240919625868,WIT_FEE,100,MRU,8416,PLATFORM,COLLECTED,2024-09-19T14:56:49.858Z
5237,9695,TX20240923879403,TRF_FEE,10,MRU,79,PLATFORM,COLLECTED,2024-09-23T16:21:09.518Z
5238,9696,TX20240803702914,WIT_FEE,430,MRU,9434,PLATFORM,COLLECTED,2024-08-03T09:25:42.647Z
5239,9697,TX20240121519569,WIT_FEE,50,MRU,2121,PLATFORM,COLLECTED,2024-01-21T13:12:30.262Z
5240,9698,TX20240605594071,WIT_FEE,50,MRU,3482,PLATFORM,COLLECTED,2024-06-05T19:02:41.114Z
5241,9700,TX20240512488006,WIT_FEE,50,MRU,9973,PLATFORM,COLLECTED,2024-05-12T08:16:42.368Z
5242,9701,TX20240423412480,TRF_FEE,10,MRU,10328,PLATFORM,COLLECTED,2024-04-23T11:50:06.902Z
5243,9703,TX20240501781959,WIT_FEE,50,MRU,5159,PLATFORM,COLLECTED,2024-05-01T19:57:01.970Z
5244,9705,TX20240603522261,BIL_FEE,100,MRU,10746,PLATFORM,COLLECTED,2024-06-03T09:10:47.621Z
5245,9708,TX20240316636232,PAY_FEE,65,MRU,10100,MERCHANT,COLLECTED,2024-03-16T11:19:10.907Z
5246,9710,TX20240830822846,PAY_FEE,99,MRU,5151,MERCHANT,COLLECTED,2024-08-30T11:13:48.436Z
5247,9711,TX20240119709272,TRF_FEE,25,MRU,6470,PLATFORM,COLLECTED,2024-01-19T20:32:04.332Z
5248,9713,TX20240928824021,WIT_FEE,200,MRU,9389,PLATFORM,COLLECTED,2024-09-28T14:19:17.426Z
5249,9716,TX20241016824640,WIT_FEE,50,MRU,3348,PLATFORM,COLLECTED,2024-10-16T13:36:03.620Z
5250,9717,TX20241019313047,TRF_FEE,25,MRU,2219,PLATFORM,COLLECTED,2024-10-19T15:28:52.921Z
5251,9718,TX20241222550592,TRF_FEE,50,MRU,2966,PLATFORM,COLLECTED,2024-12-22T15:56:54.053Z
5252,9719,TX20240426758422,TRF_FEE,50,MRU,4049,PLATFORM,COLLECTED,2024-04-26T06:45:02.590Z
5253,9720,TX20240726863504,PAY_FEE,33,MRU,178,MERCHANT,COLLECTED,2024-07-26T13:14:27.640Z
5254,9721,TX20241120999445,TRF_FEE,50,MRU,4625,PLATFORM,COLLECTED,2024-11-20T10:11:26.824Z
5255,9722,TX20240908727487,TRF_FEE,50,MRU,6620,PLATFORM,COLLECTED,2024-09-08T14:56:20.888Z
5256,9723,TX20241224566540,TRF_FEE,50,MRU,1961,PLATFORM,COLLECTED,2024-12-24T14:36:38.508Z
5257,9724,TX20240730117650,WIT_FEE,50,MRU,5257,PLATFORM,COLLECTED,2024-07-30T11:54:14.912Z
5258,9725,TX20240828234985,SAL_FEE,1575,MRU,7667,PLATFORM,COLLECTED,2024-08-28T07:33:50.232Z
5259,9726,TX20241115132448,TRF_FEE,10,MRU,7382,PLATFORM,COLLECTED,2024-11-15T15:42:21.618Z
5260,9727,TX20240616157853,PAY_FEE,74,MRU,10614,MERCHANT,COLLECTED,2024-06-16T09:22:09.683Z
5261,9729,TX20240216319553,PAY_FEE,128,MRU,3705,MERCHANT,COLLECTED,2024-02-16T10:29:21.411Z
5262,9732,TX20241101851948,WIT_FEE,50,MRU,4655,PLATFORM,COLLECTED,2024-11-01T14:17:53.801Z
5263,9734,TX20241212113767,WIT_FEE,50,MRU,5001,PLATFORM,COLLECTED,2024-12-12T17:46:20.237Z
5264,9735,TX20240316417008,PAY_FEE,30,MRU,9849,MERCHANT,COLLECTED,2024-03-16T18:05:28.726Z
5265,9736,TX20240715288157,BIL_FEE,100,MRU,132,PLATFORM,COLLECTED,2024-07-15T14:53:52.209Z
5266,9737,TX20241202385806,TRF_FEE,50,MRU,460,PLATFORM,COLLECTED,2024-12-02T17:27:55.220Z
5267,9739,TX20240721998951,WIT_FEE,50,MRU,10266,PLATFORM,COLLECTED,2024-07-21T16:24:10.537Z
5268,9740,TX20240805333036,PAY_FEE,35,MRU,2591,MERCHANT,COLLECTED,2024-08-05T07:11:49.111Z
5269,9741,TX20240131801853,BIL_FEE,100,MRU,5912,PLATFORM,COLLECTED,2024-01-31T18:42:21.172Z
5270,9742,TX20241210288938,WIT_FEE,50,MRU,9163,PLATFORM,COLLECTED,2024-12-10T04:19:13.584Z
5271,9747,TX20240204362290,TRF_FEE,50,MRU,9476,PLATFORM,COLLECTED,2024-02-04T10:01:26.985Z
5272,9748,TX20241031179009,TRF_FEE,50,MRU,5477,PLATFORM,COLLECTED,2024-10-31T15:37:08.253Z
5273,9749,TX20240310096735,PAY_FEE,117,MRU,7075,MERCHANT,COLLECTED,2024-03-10T15:58:41.912Z
5274,9751,TX20241029808380,TRF_FEE,50,MRU,67,PLATFORM,COLLECTED,2024-10-29T14:39:34.351Z
5275,9752,TX20240616302854,TRF_FEE,50,MRU,3871,PLATFORM,COLLECTED,2024-06-16T08:23:03.034Z
5276,9754,TX20240121327621,WIT_FEE,62,MRU,8335,PLATFORM,COLLECTED,2024-01-21T08:37:36.116Z
5277,9756,TX20241027339474,TRF_FEE,50,MRU,9218,PLATFORM,COLLECTED,2024-10-27T14:10:40.798Z
5278,9757,TX20240801160859,TRF_FEE,25,MRU,7592,PLATFORM,COLLECTED,2024-08-01T13:44:49.743Z
5279,9758,TX20240116565745,TRF_FEE,50,MRU,10886,PLATFORM,COLLECTED,2024-01-16T06:52:36.121Z
5280,9759,TX20240604419470,SAL_FEE,900,MRU,9594,PLATFORM,COLLECTED,2024-06-04T14:44:35.772Z
5281,9760,TX20240915425348,TRF_FEE,25,MRU,10544,PLATFORM,COLLECTED,2024-09-15T17:41:02.302Z
5282,9761,TX20240510560407,TRF_FEE,25,MRU,5524,PLATFORM,COLLECTED,2024-05-10T09:05:18.398Z
5283,9762,TX20240627395005,WIT_FEE,50,MRU,1768,PLATFORM,COLLECTED,2024-06-27T07:34:11.283Z
5284,9763,TX20240223538153,PAY_FEE,12,MRU,8155,MERCHANT,COLLECTED,2024-02-23T11:29:33.756Z
5285,9766,TX20240303621935,TRF_FEE,25,MRU,7033,PLATFORM,COLLECTED,2024-03-03T16:44:57.394Z
5286,9767,TX20240325294016,TRF_FEE,50,MRU,8826,PLATFORM,COLLECTED,2024-03-25T08:49:54.134Z
5287,9768,TX20241103348538,TRF_FEE,25,MRU,4381,PLATFORM,COLLECTED,2024-11-03T16:49:33.227Z
5288,9771,TX20240102020893,WIT_FEE,50,MRU,439,PLATFORM,COLLECTED,2024-01-02T17:06:52.753Z
5289,9772,TX20240329791729,TRF_FEE,25,MRU,5776,PLATFORM,COLLECTED,2024-03-29T09:54:18.729Z
5290,9775,TX20241204275625,TRF_FEE,25,MRU,4041,PLATFORM,COLLECTED,2024-12-04T07:54:14.439Z
5291,9776,TX20240115498170,TRF_FEE,50,MRU,9110,PLATFORM,COLLECTED,2024-01-15T10:16:25.664Z
5292,9779,TX20240721904300,PAY_FEE,435,MRU,2392,MERCHANT,COLLECTED,2024-07-21T11:48:37.139Z
5293,9786,TX20240506931808,TRF_FEE,50,MRU,4568,PLATFORM,COLLECTED,2024-05-06T09:53:37.211Z
5294,9787,TX20240321465993,WIT_FEE,50,MRU,116,PLATFORM,COLLECTED,2024-03-21T11:29:31.123Z
5295,9789,TX20240306009617,TRF_FEE,50,MRU,4915,PLATFORM,COLLECTED,2024-03-06T08:56:52.188Z
5296,9790,TX20240111170956,TRF_FEE,50,MRU,8472,PLATFORM,COLLECTED,2024-01-11T16:23:11.232Z
5297,9792,TX20240215584481,TRF_FEE,25,MRU,6286,PLATFORM,COLLECTED,2024-02-15T09:38:28.262Z
5298,9793,TX20240413409117,WIT_FEE,50,MRU,6952,PLATFORM,COLLECTED,2024-04-13T10:34:16.702Z
5299,9794,TX20240719344853,PAY_FEE,15,MRU,7041,MERCHANT,COLLECTED,2024-07-19T06:33:50.893Z
5300,9800,TX20240415573647,TRF_FEE,25,MRU,8457,PLATFORM,COLLECTED,2024-04-15T11:51:47.845Z
5301,9801,TX20240829001456,WIT_FEE,50,MRU,635,PLATFORM,COLLECTED,2024-08-29T08:18:16.371Z
5302,9802,TX20240808049406,TRF_FEE,25,MRU,4191,PLATFORM,COLLECTED,2024-08-08T06:21:23.866Z
5303,9803,TX20240412770398,WIT_FEE,100,MRU,4820,PLATFORM,COLLECTED,2024-04-12T10:42:10.820Z
5304,9806,TX20240204096995,WIT_FEE,50,MRU,5488,PLATFORM,COLLECTED,2024-02-04T19:11:09.320Z
5305,9809,TX20240103001425,TRF_FEE,50,MRU,7779,PLATFORM,COLLECTED,2024-01-03T09:28:26.587Z
5306,9810,TX20240814394843,TRF_FEE,25,MRU,7590,PLATFORM,COLLECTED,2024-08-14T13:49:37.212Z
5307,9811,TX20240317495956,WIT_FEE,130,MRU,8513,PLATFORM,COLLECTED,2024-03-17T17:36:32.596Z
5308,9812,TX20240611329217,TRF_FEE,25,MRU,1928,PLATFORM,COLLECTED,2024-06-11T08:32:08.972Z
5309,9813,TX20240806116867,TRF_FEE,25,MRU,2893,PLATFORM,COLLECTED,2024-08-06T11:10:16.329Z
5310,9816,TX20240621033741,PAY_FEE,39,MRU,8313,MERCHANT,COLLECTED,2024-06-21T17:03:52.799Z
5311,9817,TX20240925646837,PAY_FEE,53,MRU,9519,MERCHANT,COLLECTED,2024-09-25T10:19:31.734Z
5312,9818,TX20240914420921,TRF_FEE,10,MRU,2119,PLATFORM,COLLECTED,2024-09-14T14:03:42.900Z
5313,9821,TX20240618352094,WIT_FEE,200,MRU,10925,PLATFORM,COLLECTED,2024-06-18T14:12:50.217Z
5314,9822,TX20240711992366,WIT_FEE,50,MRU,7108,PLATFORM,COLLECTED,2024-07-11T15:40:26.673Z
5315,9823,TX20241106221551,PAY_FEE,32,MRU,1282,MERCHANT,COLLECTED,2024-11-06T17:04:56.576Z
5316,9824,TX20241119313116,WIT_FEE,50,MRU,3319,PLATFORM,COLLECTED,2024-11-19T12:20:38.930Z
5317,9827,TX20240912319320,WIT_FEE,50,MRU,4855,PLATFORM,COLLECTED,2024-09-12T09:11:44.831Z
5318,9828,TX20241025279032,PAY_FEE,36,MRU,2789,MERCHANT,COLLECTED,2024-10-25T19:26:34.481Z
5319,9829,TX20240731046994,TRF_FEE,25,MRU,7457,PLATFORM,COLLECTED,2024-07-31T08:07:22.795Z
5320,9834,TX20240821859511,PAY_FEE,675,MRU,7022,MERCHANT,COLLECTED,2024-08-21T04:28:31.693Z
5321,9835,TX20241109722936,WIT_FEE,50,MRU,10082,PLATFORM,COLLECTED,2024-11-09T20:43:22.462Z
5322,9837,TX20240501533242,WIT_FEE,50,MRU,456,PLATFORM,COLLECTED,2024-05-01T14:44:45.487Z
5323,9839,TX20240429120909,PAY_FEE,33,MRU,3014,MERCHANT,COLLECTED,2024-04-29T05:57:54.130Z
5324,9840,TX20240823399539,WIT_FEE,50,MRU,5109,PLATFORM,COLLECTED,2024-08-23T06:07:44.619Z
5325,9843,TX20240511295065,PAY_FEE,47,MRU,10135,MERCHANT,COLLECTED,2024-05-11T11:35:22.348Z
5326,9844,TX20241007203554,TRF_FEE,10,MRU,3942,PLATFORM,COLLECTED,2024-10-07T10:50:13.006Z
5327,9845,TX20240316393995,TRF_FEE,25,MRU,2106,PLATFORM,COLLECTED,2024-03-16T18:47:35.328Z
5328,9847,TX20241104321779,TRF_FEE,50,MRU,9231,PLATFORM,COLLECTED,2024-11-04T05:15:48.035Z
5329,9852,TX20241003463592,TRF_FEE,25,MRU,5840,PLATFORM,COLLECTED,2024-10-03T18:38:59.181Z
5330,9853,TX20240701421121,WIT_FEE,50,MRU,9960,PLATFORM,COLLECTED,2024-07-01T13:15:26.565Z
5331,9856,TX20240712332226,PAY_FEE,35,MRU,909,MERCHANT,COLLECTED,2024-07-12T12:30:21.184Z
5332,9858,TX20240713620896,TRF_FEE,10,MRU,3049,PLATFORM,COLLECTED,2024-07-13T15:06:26.258Z
5333,9859,TX20240706039386,PAY_FEE,71,MRU,8509,MERCHANT,COLLECTED,2024-07-06T13:40:05.404Z
5334,9863,TX20240624703457,TRF_FEE,25,MRU,10081,PLATFORM,COLLECTED,2024-06-24T21:48:40.536Z
5335,9865,TX20240403642833,TRF_FEE,25,MRU,6503,PLATFORM,COLLECTED,2024-04-03T20:20:40.006Z
5336,9867,TX20240101201562,WIT_FEE,50,MRU,1645,PLATFORM,COLLECTED,2024-01-01T10:54:12.339Z
5337,9870,TX20240407259322,WIT_FEE,110,MRU,10694,PLATFORM,COLLECTED,2024-04-07T16:50:38.790Z
5338,9871,TX20240827253983,TRF_FEE,25,MRU,10408,PLATFORM,COLLECTED,2024-08-27T09:36:48.169Z
5339,9873,TX20240409772448,WIT_FEE,59,MRU,8658,PLATFORM,COLLECTED,2024-04-09T17:43:42.403Z
5340,9875,TX20240524696502,TRF_FEE,50,MRU,7553,PLATFORM,COLLECTED,2024-05-24T15:35:01.024Z
5341,9876,TX20240822134349,PAY_FEE,9,MRU,8164,MERCHANT,COLLECTED,2024-08-22T21:20:14.465Z
5342,9877,TX20240225002960,WIT_FEE,50,MRU,2737,PLATFORM,COLLECTED,2024-02-25T15:16:34.919Z
5343,9879,TX20240922220184,TRF_FEE,25,MRU,3428,PLATFORM,COLLECTED,2024-09-22T11:59:09.607Z
5344,9880,TX20240415064323,TRF_FEE,25,MRU,6233,PLATFORM,COLLECTED,2024-04-15T14:03:01.091Z
5345,9881,TX20240318616811,TRF_FEE,50,MRU,9127,PLATFORM,COLLECTED,2024-03-18T10:35:05.246Z
5346,9882,TX20241015346374,PAY_FEE,149,MRU,3752,MERCHANT,COLLECTED,2024-10-15T14:07:59.967Z
5347,9883,TX20241006576874,TRF_FEE,50,MRU,1727,PLATFORM,COLLECTED,2024-10-06T07:06:46.040Z
5348,9884,TX20240122086228,PAY_FEE,285,MRU,7766,MERCHANT,COLLECTED,2024-01-22T09:40:47.886Z
5349,9887,TX20240519327483,TRF_FEE,25,MRU,4952,PLATFORM,COLLECTED,2024-05-19T10:10:33.356Z
5350,9890,TX20241112942680,PAY_FEE,26,MRU,9135,MERCHANT,COLLECTED,2024-11-12T07:58:38.435Z
5351,9895,TX20240227743996,TRF_FEE,50,MRU,9199,PLATFORM,COLLECTED,2024-02-27T17:43:31.078Z
5352,9896,TX20240213853941,WIT_FEE,500,MRU,4976,PLATFORM,COLLECTED,2024-02-13T15:18:52.942Z
5353,9897,TX20240907932107,PAY_FEE,32,MRU,9458,MERCHANT,COLLECTED,2024-09-07T10:03:24.712Z
5354,9898,TX20240817590390,SAL_FEE,1060,MRU,7000,PLATFORM,COLLECTED,2024-08-17T07:04:42.482Z
5355,9901,TX20240524261994,SAL_FEE,2260,MRU,308,PLATFORM,COLLECTED,2024-05-24T17:02:55.207Z
5356,9902,TX20240820285716,TRF_FEE,25,MRU,4903,PLATFORM,COLLECTED,2024-08-20T09:18:33.730Z
5357,9903,TX20240229717897,PAY_FEE,27,MRU,7213,MERCHANT,COLLECTED,2024-02-29T16:07:41.604Z
5358,9905,TX20240416075061,WIT_FEE,50,MRU,3,PLATFORM,COLLECTED,2024-04-16T08:34:38.691Z
5359,9908,TX20240819293512,TRF_FEE,50,MRU,10543,PLATFORM,COLLECTED,2024-08-19T11:11:03.923Z
5360,9909,TX20240629056853,TRF_FEE,50,MRU,7670,PLATFORM,COLLECTED,2024-06-29T16:44:14.328Z
5361,9913,TX20240528137798,BIL_FEE,100,MRU,10861,PLATFORM,COLLECTED,2024-05-28T15:03:48.968Z
5362,9914,TX20240407253459,TRF_FEE,25,MRU,4678,PLATFORM,COLLECTED,2024-04-07T09:37:03.651Z
5363,9916,TX20240405210332,PAY_FEE,36,MRU,6923,MERCHANT,COLLECTED,2024-04-05T13:01:12.121Z
5364,9923,TX20241206540291,SAL_FEE,365,MRU,7218,PLATFORM,COLLECTED,2024-12-06T13:23:57.634Z
5365,9925,TX20240408850671,WIT_FEE,200,MRU,8615,PLATFORM,COLLECTED,2024-04-08T14:01:27.946Z
5366,9926,TX20240501959788,SAL_FEE,1935,MRU,7465,PLATFORM,COLLECTED,2024-05-01T19:28:26.175Z
5367,9928,TX20240718288873,PAY_FEE,8,MRU,6401,MERCHANT,COLLECTED,2024-07-18T15:58:16.794Z
5368,9929,TX20240522176326,TRF_FEE,25,MRU,8832,PLATFORM,COLLECTED,2024-05-22T05:40:55.682Z
5369,9930,TX20240315719742,PAY_FEE,23,MRU,9970,MERCHANT,COLLECTED,2024-03-15T13:58:41.945Z
5370,9934,TX20240131211760,TRF_FEE,50,MRU,10383,PLATFORM,COLLECTED,2024-01-31T10:29:41.641Z
5371,9935,TX20240310934913,SAL_FEE,1395,MRU,7021,PLATFORM,COLLECTED,2024-03-10T14:58:33.602Z
5372,9936,TX20240107748440,TRF_FEE,50,MRU,6411,PLATFORM,COLLECTED,2024-01-07T09:46:31.330Z
5373,9937,TX20240516695693,TRF_FEE,50,MRU,10785,PLATFORM,COLLECTED,2024-05-16T09:28:05.665Z
5374,9938,TX20240717669266,SAL_FEE,1840,MRU,7499,PLATFORM,COLLECTED,2024-07-17T05:10:38.875Z
5375,9941,TX20240228411593,WIT_FEE,50,MRU,10199,PLATFORM,COLLECTED,2024-02-28T14:04:08.119Z
5376,9942,TX20240719352445,TRF_FEE,50,MRU,677,PLATFORM,COLLECTED,2024-07-19T14:55:49.975Z
5377,9949,TX20240413220827,TRF_FEE,25,MRU,5318,PLATFORM,COLLECTED,2024-04-13T14:13:36.782Z
5378,9951,TX20240918871076,WIT_FEE,96,MRU,10080,PLATFORM,COLLECTED,2024-09-18T11:42:54.465Z
5379,9953,TX20241023083671,TRF_FEE,25,MRU,9854,PLATFORM,COLLECTED,2024-10-23T13:59:18.363Z
5380,9954,TX20240105943572,PAY_FEE,104,MRU,4257,MERCHANT,COLLECTED,2024-01-05T15:57:03.651Z
5381,9955,TX20240818242302,WIT_FEE,50,MRU,7356,PLATFORM,COLLECTED,2024-08-18T07:02:54.638Z
5382,9956,TX20240525288448,PAY_FEE,44,MRU,6727,MERCHANT,COLLECTED,2024-05-25T07:48:26.098Z
5383,9958,TX20240206504186,TRF_FEE,50,MRU,9165,PLATFORM,COLLECTED,2024-02-06T08:57:01.782Z
5384,9959,TX20240602001032,TRF_FEE,50,MRU,942,PLATFORM,COLLECTED,2024-06-02T10:12:58.651Z
5385,9960,TX20240301579591,PAY_FEE,30,MRU,2931,MERCHANT,COLLECTED,2024-03-01T17:46:22.914Z
5386,9962,TX20240605554576,PAY_FEE,78,MRU,10135,MERCHANT,COLLECTED,2024-06-05T10:04:55.390Z
5387,9963,TX20240718023506,SAL_FEE,2310,MRU,221,PLATFORM,COLLECTED,2024-07-18T08:54:55.103Z
5388,9967,TX20240704081411,WIT_FEE,50,MRU,4278,PLATFORM,COLLECTED,2024-07-04T05:51:19.960Z
5389,9968,TX20240819863326,WIT_FEE,50,MRU,6622,PLATFORM,COLLECTED,2024-08-19T18:27:45.733Z
5390,9969,TX20240919767238,WIT_FEE,50,MRU,4432,PLATFORM,COLLECTED,2024-09-19T06:30:28.787Z
5391,9970,TX20240923699450,PAY_FEE,42,MRU,5212,MERCHANT,COLLECTED,2024-09-23T08:58:30.808Z
5392,9971,TX20240416149972,TRF_FEE,25,MRU,8401,PLATFORM,COLLECTED,2024-04-16T16:43:27.543Z
5393,9972,TX20241120661728,WIT_FEE,50,MRU,1430,PLATFORM,COLLECTED,2024-11-20T14:20:56.860Z
5394,9975,TX20241004807822,TRF_FEE,50,MRU,92,PLATFORM,COLLECTED,2024-10-03T22:08:21.889Z
5395,9978,TX20240327788998,WIT_FEE,50,MRU,6725,PLATFORM,COLLECTED,2024-03-27T06:04:58.297Z
5396,9982,TX20241121629051,TRF_FEE,10,MRU,181,PLATFORM,COLLECTED,2024-11-21T06:57:17.742Z
5397,9984,TX20241029037282,PAY_FEE,35,MRU,3713,MERCHANT,COLLECTED,2024-10-29T10:45:07.523Z
5398,9985,TX20240417662617,PAY_FEE,24,MRU,6356,MERCHANT,COLLECTED,2024-04-17T17:18:18.861Z
5399,9986,TX20241219181663,BIL_FEE,100,MRU,962,PLATFORM,COLLECTED,2024-12-19T16:36:27.963Z
5400,9987,TX20240719137835,TRF_FEE,25,MRU,5178,PLATFORM,COLLECTED,2024-07-19T06:41:06.729Z
5401,9988,TX20240321695760,TRF_FEE,25,MRU,252,PLATFORM,COLLECTED,2024-03-21T06:38:17.112Z
5402,9990,TX20240507737248,WIT_FEE,50,MRU,7090,PLATFORM,COLLECTED,2024-05-07T07:29:58.036Z
5403,9991,TX20240101374928,PAY_FEE,390,MRU,3894,MERCHANT,COLLECTED,2024-01-01T09:17:32.032Z
5404,9993,TX20240405667773,WIT_FEE,69,MRU,3708,PLATFORM,COLLECTED,2024-04-05T19:51:16.481Z
5405,9994,TX20240415659354,SAL_FEE,1465,MRU,9112,PLATFORM,COLLECTED,2024-04-15T16:55:00.676Z
5406,9997,TX20240516952694,TRF_FEE,50,MRU,4495,PLATFORM,COLLECTED,2024-05-16T18:08:39.230Z
5407,10001,TX20240314010849,PAY_FEE,137,MRU,6718,MERCHANT,COLLECTED,2024-03-14T20:47:06.023Z
5408,10002,TX20240516017147,WIT_FEE,50,MRU,9596,PLATFORM,COLLECTED,2024-05-16T13:19:13.974Z
5409,10003,TX20240528939595,WIT_FEE,50,MRU,7847,PLATFORM,COLLECTED,2024-05-28T08:00:55.933Z
5410,10004,TX20240311839379,TRF_FEE,25,MRU,7926,PLATFORM,COLLECTED,2024-03-11T08:50:19.021Z
5411,10007,TX20240109124259,TRF_FEE,50,MRU,6136,PLATFORM,COLLECTED,2024-01-09T17:51:47.322Z
5412,10011,TX20240420244057,PAY_FEE,1470,MRU,6271,MERCHANT,COLLECTED,2024-04-20T08:20:50.136Z
5413,10012,TX20241130494342,SAL_FEE,1875,MRU,3484,PLATFORM,COLLECTED,2024-11-30T10:53:54.341Z
5414,10015,TX20240109186372,WIT_FEE,50,MRU,9429,PLATFORM,COLLECTED,2024-01-09T12:31:29.174Z
5415,10017,TX20241127202504,PAY_FEE,195,MRU,344,MERCHANT,COLLECTED,2024-11-27T10:33:44.989Z
5416,10019,TX20241202070258,BIL_FEE,100,MRU,8285,PLATFORM,COLLECTED,2024-12-02T13:05:27.986Z
5417,10024,TX20240821277240,PAY_FEE,17,MRU,862,MERCHANT,COLLECTED,2024-08-21T16:14:45.990Z
5418,10025,TX20240112320205,WIT_FEE,140,MRU,1249,PLATFORM,COLLECTED,2024-01-12T09:10:28.216Z
5419,10026,TX20241016739398,WIT_FEE,50,MRU,4759,PLATFORM,COLLECTED,2024-10-16T05:57:22.960Z
5420,10030,TX20240225051052,WIT_FEE,50,MRU,2266,PLATFORM,COLLECTED,2024-02-25T17:16:52.301Z
5421,10031,TX20240613206624,WIT_FEE,50,MRU,10278,PLATFORM,COLLECTED,2024-06-13T13:26:47.702Z
5422,10033,TX20240522783589,PAY_FEE,35,MRU,8272,MERCHANT,COLLECTED,2024-05-22T10:43:48.167Z
5423,10035,TX20240420564787,TRF_FEE,25,MRU,10926,PLATFORM,COLLECTED,2024-04-20T16:25:16.694Z
5424,10040,TX20240421716327,BIL_FEE,100,MRU,8533,PLATFORM,COLLECTED,2024-04-21T19:16:27.048Z
5425,10041,TX20240621093441,PAY_FEE,47,MRU,2251,MERCHANT,COLLECTED,2024-06-21T09:33:55.033Z
5426,10042,TX20241228673974,TRF_FEE,25,MRU,10904,PLATFORM,COLLECTED,2024-12-28T10:38:31.338Z
5427,10044,TX20240109867309,TRF_FEE,25,MRU,2698,PLATFORM,COLLECTED,2024-01-09T13:04:20.057Z
5428,10045,TX20240728860938,PAY_FEE,20,MRU,264,MERCHANT,COLLECTED,2024-07-28T21:19:21.737Z
5429,10046,TX20241121195746,PAY_FEE,5,MRU,7787,MERCHANT,COLLECTED,2024-11-21T13:08:37.814Z
5430,10047,TX20240327015498,PAY_FEE,21,MRU,5039,MERCHANT,COLLECTED,2024-03-27T18:24:57.809Z
5431,10049,TX20240325015409,TRF_FEE,25,MRU,7518,PLATFORM,COLLECTED,2024-03-25T08:33:31.270Z
5432,10051,TX20241120074416,PAY_FEE,45,MRU,2078,MERCHANT,COLLECTED,2024-11-20T08:13:12.076Z
5433,10052,TX20240214106786,TRF_FEE,25,MRU,244,PLATFORM,COLLECTED,2024-02-14T07:40:03.132Z
5434,10053,TX20241013211739,TRF_FEE,25,MRU,1750,PLATFORM,COLLECTED,2024-10-13T16:49:48.472Z
5435,10054,TX20241105023812,BIL_FEE,100,MRU,9671,PLATFORM,COLLECTED,2024-11-05T13:54:46.323Z
5436,10057,TX20240204789486,SAL_FEE,1880,MRU,10601,PLATFORM,COLLECTED,2024-02-04T11:32:50.122Z
5437,10063,TX20240411677167,TRF_FEE,50,MRU,3892,PLATFORM,COLLECTED,2024-04-11T11:59:34.027Z
5438,10066,TX20240131452333,TRF_FEE,50,MRU,7764,PLATFORM,COLLECTED,2024-01-31T13:20:44.969Z
5439,10070,TX20241217510440,WIT_FEE,100,MRU,4540,PLATFORM,COLLECTED,2024-12-17T06:45:24.331Z
5440,10072,TX20241022803893,TRF_FEE,25,MRU,6565,PLATFORM,COLLECTED,2024-10-22T14:54:51.634Z
5441,10073,TX20240104567139,SAL_FEE,535,MRU,2389,PLATFORM,COLLECTED,2024-01-04T09:56:04.798Z
5442,10077,TX20240719716639,WIT_FEE,50,MRU,2048,PLATFORM,COLLECTED,2024-07-19T07:52:02.294Z
5443,10083,TX20240412962292,TRF_FEE,25,MRU,11015,PLATFORM,COLLECTED,2024-04-12T10:41:07.747Z
5444,10084,TX20240826239648,PAY_FEE,56,MRU,1378,MERCHANT,COLLECTED,2024-08-26T05:19:42.217Z
5445,10085,TX20240404123541,TRF_FEE,25,MRU,4234,PLATFORM,COLLECTED,2024-04-04T05:53:08.456Z
5446,10086,TX20240504718064,PAY_FEE,60,MRU,7029,MERCHANT,COLLECTED,2024-05-04T07:08:43.505Z
5447,10088,TX20240220557232,PAY_FEE,56,MRU,2615,MERCHANT,COLLECTED,2024-02-20T15:38:44.957Z
5448,10091,TX20240620120344,WIT_FEE,50,MRU,3962,PLATFORM,COLLECTED,2024-06-20T20:09:50.226Z
5449,10092,TX20240216193883,TRF_FEE,50,MRU,4300,PLATFORM,COLLECTED,2024-02-16T15:02:50.789Z
5450,10093,TX20240829545313,WIT_FEE,100,MRU,4150,PLATFORM,COLLECTED,2024-08-29T14:49:15.212Z
5451,10101,TX20240118767405,PAY_FEE,195,MRU,6439,MERCHANT,COLLECTED,2024-01-18T17:46:35.751Z
5452,10102,TX20240912980447,WIT_FEE,50,MRU,6892,PLATFORM,COLLECTED,2024-09-12T11:12:13.312Z
5453,10103,TX20241128886987,WIT_FEE,50,MRU,7651,PLATFORM,COLLECTED,2024-11-28T16:14:22.519Z
5454,10108,TX20240405118482,PAY_FEE,99,MRU,2679,MERCHANT,COLLECTED,2024-04-05T14:10:56.012Z
5455,10110,TX20240815628382,PAY_FEE,60,MRU,4500,MERCHANT,COLLECTED,2024-08-15T15:16:18.045Z
5456,10111,TX20240220645244,PAY_FEE,69,MRU,2572,MERCHANT,COLLECTED,2024-02-20T11:44:22.670Z
5457,10115,TX20240623604628,PAY_FEE,62,MRU,4070,MERCHANT,COLLECTED,2024-06-23T08:50:59.741Z
5458,10117,TX20240622601104,TRF_FEE,25,MRU,333,PLATFORM,COLLECTED,2024-06-22T15:12:29.394Z
5459,10118,TX20240211080240,TRF_FEE,25,MRU,2780,PLATFORM,COLLECTED,2024-02-11T18:14:37.855Z
5460,10119,TX20241025746948,TRF_FEE,10,MRU,9329,PLATFORM,COLLECTED,2024-10-25T14:03:29.398Z
5461,10121,TX20240704797186,TRF_FEE,25,MRU,5628,PLATFORM,COLLECTED,2024-07-03T22:49:21.222Z
5462,10124,TX20240415231187,WIT_FEE,50,MRU,8116,PLATFORM,COLLECTED,2024-04-15T15:50:08.260Z
5463,10125,TX20241024779433,WIT_FEE,50,MRU,8213,PLATFORM,COLLECTED,2024-10-24T13:45:37.850Z
5464,10126,TX20240831314120,PAY_FEE,81,MRU,4318,MERCHANT,COLLECTED,2024-08-31T10:27:25.271Z
5465,10127,TX20240109223354,PAY_FEE,270,MRU,3074,MERCHANT,COLLECTED,2024-01-09T14:30:26.787Z
5466,10128,TX20240410283026,TRF_FEE,50,MRU,10605,PLATFORM,COLLECTED,2024-04-10T05:58:26.725Z
5467,10130,TX20240129575654,TRF_FEE,50,MRU,6757,PLATFORM,COLLECTED,2024-01-29T15:08:21.483Z
5468,10131,TX20240710433644,BIL_FEE,100,MRU,8961,PLATFORM,COLLECTED,2024-07-10T12:12:40.926Z
5469,10136,TX20240730146248,TRF_FEE,25,MRU,6233,PLATFORM,COLLECTED,2024-07-30T15:48:36.787Z
5470,10137,TX20241010528574,TRF_FEE,50,MRU,6353,PLATFORM,COLLECTED,2024-10-10T13:40:02.433Z
5471,10140,TX20241109814771,PAY_FEE,27,MRU,242,MERCHANT,COLLECTED,2024-11-09T19:17:24.639Z
5472,10143,TX20240621378836,TRF_FEE,50,MRU,3083,PLATFORM,COLLECTED,2024-06-21T05:42:44.079Z
5473,10146,TX20241224847702,WIT_FEE,50,MRU,4724,PLATFORM,COLLECTED,2024-12-24T08:41:27.652Z
5474,10147,TX20240721421093,PAY_FEE,74,MRU,10187,MERCHANT,COLLECTED,2024-07-21T09:37:51.262Z
5475,10149,TX20240429128451,PAY_FEE,24,MRU,1931,MERCHANT,COLLECTED,2024-04-29T12:47:19.365Z
5476,10154,TX20240401679064,TRF_FEE,25,MRU,6244,PLATFORM,COLLECTED,2024-04-01T05:08:55.923Z
5477,10156,TX20241015927864,TRF_FEE,25,MRU,9756,PLATFORM,COLLECTED,2024-10-15T15:10:52.046Z
5478,10157,TX20240106397133,PAY_FEE,63,MRU,250,MERCHANT,COLLECTED,2024-01-06T17:28:15.445Z
5479,10158,TX20240307403611,WIT_FEE,100,MRU,5158,PLATFORM,COLLECTED,2024-03-07T05:26:39.946Z
5480,10159,TX20240409138773,WIT_FEE,50,MRU,8785,PLATFORM,COLLECTED,2024-04-09T09:59:35.978Z
5481,10160,TX20240417757670,WIT_FEE,50,MRU,8535,PLATFORM,COLLECTED,2024-04-17T17:30:15.635Z
5482,10162,TX20240711897767,PAY_FEE,26,MRU,10689,MERCHANT,COLLECTED,2024-07-11T08:39:01.748Z
5483,10168,TX20240714788702,PAY_FEE,53,MRU,5384,MERCHANT,COLLECTED,2024-07-14T15:30:22.151Z
5484,10169,TX20241110439917,TRF_FEE,50,MRU,963,PLATFORM,COLLECTED,2024-11-10T20:11:47.076Z
5485,10170,TX20240805204424,TRF_FEE,50,MRU,1698,PLATFORM,COLLECTED,2024-08-04T22:06:40.022Z
5486,10172,TX20240908369437,PAY_FEE,345,MRU,1686,MERCHANT,COLLECTED,2024-09-08T12:01:54.550Z
5487,10173,TX20240523378020,SAL_FEE,1660,MRU,2348,PLATFORM,COLLECTED,2024-05-23T09:12:30.875Z
5488,10175,TX20240106103004,TRF_FEE,10,MRU,4130,PLATFORM,COLLECTED,2024-01-06T10:11:05.868Z
5489,10176,TX20240107984416,TRF_FEE,50,MRU,2623,PLATFORM,COLLECTED,2024-01-07T18:39:14.426Z
5490,10178,TX20241106921466,WIT_FEE,85,MRU,2868,PLATFORM,COLLECTED,2024-11-06T15:55:27.520Z
5491,10179,TX20240614239331,TRF_FEE,50,MRU,5612,PLATFORM,COLLECTED,2024-06-14T06:37:07.314Z
5492,10180,TX20240930304512,WIT_FEE,50,MRU,4691,PLATFORM,COLLECTED,2024-09-30T11:06:10.935Z
5493,10182,TX20240509935276,TRF_FEE,25,MRU,8743,PLATFORM,COLLECTED,2024-05-09T14:09:36.489Z
5494,10183,TX20240617475051,PAY_FEE,42,MRU,7910,MERCHANT,COLLECTED,2024-06-17T11:27:17.865Z
5495,10188,TX20241122385791,TRF_FEE,50,MRU,2717,PLATFORM,COLLECTED,2024-11-22T12:17:05.205Z
5496,10189,TX20240420326594,PAY_FEE,120,MRU,4423,MERCHANT,COLLECTED,2024-04-20T07:40:40.957Z
5497,10190,TX20240530788998,WIT_FEE,100,MRU,10727,PLATFORM,COLLECTED,2024-05-30T09:14:03.074Z
5498,10192,TX20240530923502,WIT_FEE,230,MRU,7500,PLATFORM,COLLECTED,2024-05-30T06:49:34.888Z
5499,10193,TX20240706305503,TRF_FEE,50,MRU,7864,PLATFORM,COLLECTED,2024-07-06T19:45:21.211Z
5500,10195,TX20240627687195,TRF_FEE,25,MRU,9581,PLATFORM,COLLECTED,2024-06-27T07:16:22.971Z
5501,10196,TX20240514822105,PAY_FEE,110,MRU,9623,MERCHANT,COLLECTED,2024-05-14T15:07:31.335Z
5502,10197,TX20241119053162,WIT_FEE,50,MRU,5457,PLATFORM,COLLECTED,2024-11-19T10:18:51.574Z
5503,10199,TX20240719096197,TRF_FEE,25,MRU,5178,PLATFORM,COLLECTED,2024-07-19T06:41:06.729Z
5504,10202,TX20240221710085,WIT_FEE,100,MRU,9400,PLATFORM,COLLECTED,2024-02-21T12:58:02.643Z
5505,10205,TX20240407500244,PAY_FEE,165,MRU,2594,MERCHANT,COLLECTED,2024-04-07T11:20:58.854Z
5506,10207,TX20241022171236,TRF_FEE,25,MRU,3393,PLATFORM,COLLECTED,2024-10-22T14:11:48.545Z
5507,10211,TX20240717207592,TRF_FEE,10,MRU,9250,PLATFORM,COLLECTED,2024-07-17T12:18:17.049Z
5508,10215,TX20240415939595,TRF_FEE,25,MRU,5324,PLATFORM,COLLECTED,2024-04-15T01:55:56.712Z
5509,10216,TX20240311480741,TRF_FEE,25,MRU,7926,PLATFORM,COLLECTED,2024-03-11T08:50:19.021Z
5510,10221,TX20240824718308,PAY_FEE,465,MRU,2414,MERCHANT,COLLECTED,2024-08-24T08:21:23.635Z
5511,10223,TX20240327923238,WIT_FEE,50,MRU,5881,PLATFORM,COLLECTED,2024-03-27T10:50:08.566Z
5512,10224,TX20241128850626,BIL_FEE,100,MRU,8439,PLATFORM,COLLECTED,2024-11-28T10:18:43.500Z
5513,10226,TX20240808684425,TRF_FEE,50,MRU,4989,PLATFORM,COLLECTED,2024-08-08T12:56:14.206Z
5514,10227,TX20240709809505,TRF_FEE,50,MRU,4234,PLATFORM,COLLECTED,2024-07-09T11:10:51.291Z
5515,10228,TX20241114402045,TRF_FEE,25,MRU,9747,PLATFORM,COLLECTED,2024-11-14T18:25:29.311Z
5516,10229,TX20241014202504,TRF_FEE,25,MRU,10898,PLATFORM,COLLECTED,2024-10-14T17:23:33.740Z
5517,10232,TX20240507372943,SAL_FEE,285,MRU,10230,PLATFORM,COLLECTED,2024-05-07T18:14:00.741Z
5518,10233,TX20241114645864,TRF_FEE,50,MRU,1111,PLATFORM,COLLECTED,2024-11-14T14:57:56.013Z
5519,10235,TX20240202102669,WIT_FEE,50,MRU,4178,PLATFORM,COLLECTED,2024-02-02T19:30:31.967Z
5520,10238,TX20241016018704,WIT_FEE,50,MRU,4759,PLATFORM,COLLECTED,2024-10-16T05:57:22.960Z
5521,10239,TX20240921046615,PAY_FEE,42,MRU,10166,MERCHANT,COLLECTED,2024-09-21T09:06:49.567Z
5522,10240,TX20240110140202,WIT_FEE,50,MRU,8174,PLATFORM,COLLECTED,2024-01-10T11:01:23.571Z
5523,10242,TX20240410051052,PAY_FEE,26,MRU,793,MERCHANT,COLLECTED,2024-04-10T16:18:12.594Z
5524,10245,TX20240530017057,WIT_FEE,50,MRU,8542,PLATFORM,COLLECTED,2024-05-30T15:48:10.750Z
5525,10246,TX20240702127169,TRF_FEE,25,MRU,8825,PLATFORM,COLLECTED,2024-07-02T15:00:47.590Z
5526,10247,TX20240910028718,WIT_FEE,50,MRU,8913,PLATFORM,COLLECTED,2024-09-10T20:12:43.441Z
5527,10249,TX20241124714378,TRF_FEE,50,MRU,9476,PLATFORM,COLLECTED,2024-11-24T19:47:04.233Z
5528,10252,TX20240118546279,TRF_FEE,50,MRU,6674,PLATFORM,COLLECTED,2024-01-18T16:00:44.454Z
5529,10254,TX20241227824457,WIT_FEE,50,MRU,7921,PLATFORM,COLLECTED,2024-12-27T06:31:10.815Z
5530,10255,TX20241106408653,WIT_FEE,50,MRU,1701,PLATFORM,COLLECTED,2024-11-06T16:49:51.852Z
5531,10256,TX20240309191052,WIT_FEE,59,MRU,9569,PLATFORM,COLLECTED,2024-03-09T08:46:43.317Z
5532,10257,TX20240403311803,WIT_FEE,50,MRU,153,PLATFORM,COLLECTED,2024-04-03T07:51:33.691Z
5533,10258,TX20240429335765,PAY_FEE,8,MRU,4132,MERCHANT,COLLECTED,2024-04-29T15:34:35.309Z
5534,10262,TX20240918829317,TRF_FEE,25,MRU,10135,PLATFORM,COLLECTED,2024-09-18T15:21:58.129Z
5535,10263,TX20240210700876,TRF_FEE,25,MRU,6432,PLATFORM,COLLECTED,2024-02-10T07:33:02.836Z
5536,10265,TX20240319999472,WIT_FEE,50,MRU,488,PLATFORM,COLLECTED,2024-03-19T17:12:22.688Z
5537,10269,TX20240411205390,PAY_FEE,39,MRU,5026,MERCHANT,COLLECTED,2024-04-11T10:56:01.815Z
5538,10270,TX20240314884780,PAY_FEE,57,MRU,2160,MERCHANT,COLLECTED,2024-03-14T14:38:19.158Z
5539,10271,TX20240105250018,TRF_FEE,25,MRU,6402,PLATFORM,COLLECTED,2024-01-05T08:09:07.317Z
5540,10272,TX20240411759005,WIT_FEE,50,MRU,10835,PLATFORM,COLLECTED,2024-04-11T12:06:39.405Z
5541,10274,TX20240907290215,PAY_FEE,11,MRU,4650,MERCHANT,COLLECTED,2024-09-07T07:20:55.114Z
5542,10275,TX20240113436983,WIT_FEE,500,MRU,1120,PLATFORM,COLLECTED,2024-01-13T14:21:36.677Z
5543,10276,TX20240408985917,PAY_FEE,180,MRU,10324,MERCHANT,COLLECTED,2024-04-08T13:48:34.609Z
5544,10280,TX20241020360790,WIT_FEE,50,MRU,5898,PLATFORM,COLLECTED,2024-10-20T05:58:07.202Z
5545,10281,TX20241017466530,SAL_FEE,1185,MRU,6351,PLATFORM,COLLECTED,2024-10-17T10:41:49.290Z
5546,10286,TX20240122736691,TRF_FEE,50,MRU,1707,PLATFORM,COLLECTED,2024-01-22T13:32:38.429Z
5547,10287,TX20240825141220,WIT_FEE,50,MRU,6420,PLATFORM,COLLECTED,2024-08-25T09:41:43.405Z
5548,10288,TX20240803179751,WIT_FEE,50,MRU,4337,PLATFORM,COLLECTED,2024-08-03T10:26:48.464Z
5549,10293,TX20241006762301,PAY_FEE,5,MRU,227,MERCHANT,COLLECTED,2024-10-06T06:53:55.338Z
5550,10295,TX20240719670928,PAY_FEE,435,MRU,4158,MERCHANT,COLLECTED,2024-07-19T10:30:57.627Z
5551,10296,TX20240209753981,WIT_FEE,50,MRU,1593,PLATFORM,COLLECTED,2024-02-09T15:14:31.769Z
5552,10301,TX20241204152052,WIT_FEE,200,MRU,4541,PLATFORM,COLLECTED,2024-12-04T16:53:45.342Z
5553,10302,TX20240208035517,TRF_FEE,50,MRU,5429,PLATFORM,COLLECTED,2024-02-08T07:07:17.000Z
5554,10303,TX20241225669244,TRF_FEE,10,MRU,1679,PLATFORM,COLLECTED,2024-12-25T15:55:33.113Z
5555,10305,TX20240615211894,TRF_FEE,25,MRU,8566,PLATFORM,COLLECTED,2024-06-15T12:32:33.968Z
5556,10306,TX20240713789185,PAY_FEE,20,MRU,9963,MERCHANT,COLLECTED,2024-07-13T13:05:49.574Z
5557,10308,TX20240619310604,TRF_FEE,50,MRU,3420,PLATFORM,COLLECTED,2024-06-19T17:01:36.040Z
5558,10309,TX20240211949139,TRF_FEE,25,MRU,1714,PLATFORM,COLLECTED,2024-02-11T18:57:11.030Z
5559,10310,TX20240801412800,WIT_FEE,100,MRU,4892,PLATFORM,COLLECTED,2024-08-01T00:00:12.389Z
5560,10312,TX20240618493384,PAY_FEE,33,MRU,2996,MERCHANT,COLLECTED,2024-06-18T09:50:59.462Z
5561,10313,TX20241007512290,PAY_FEE,36,MRU,6774,MERCHANT,COLLECTED,2024-10-07T13:45:34.608Z
5562,10314,TX20240316980447,TRF_FEE,50,MRU,853,PLATFORM,COLLECTED,2024-03-16T09:18:37.378Z
5563,10315,TX20241128139829,WIT_FEE,50,MRU,7651,PLATFORM,COLLECTED,2024-11-28T16:14:22.519Z
5564,10316,TX20241102091372,WIT_FEE,370,MRU,2960,PLATFORM,COLLECTED,2024-11-02T16:18:09.358Z
5565,10317,TX20241117751836,TRF_FEE,50,MRU,6012,PLATFORM,COLLECTED,2024-11-17T09:54:22.702Z
5566,10318,TX20240403844443,PAY_FEE,8,MRU,7614,MERCHANT,COLLECTED,2024-04-03T05:18:09.427Z
5567,10319,TX20240505833018,WIT_FEE,50,MRU,10585,PLATFORM,COLLECTED,2024-05-05T09:11:16.863Z
5568,10321,TX20240610412890,WIT_FEE,110,MRU,9231,PLATFORM,COLLECTED,2024-06-10T15:09:58.811Z
5569,10323,TX20240325684653,TRF_FEE,50,MRU,7111,PLATFORM,COLLECTED,2024-03-25T06:54:29.019Z
5570,10325,TX20241119741768,WIT_FEE,50,MRU,9845,PLATFORM,COLLECTED,2024-11-19T06:55:12.028Z
5571,10327,TX20240123024398,TRF_FEE,25,MRU,7912,PLATFORM,COLLECTED,2024-01-23T14:51:10.984Z
5572,10328,TX20240426313539,WIT_FEE,50,MRU,10668,PLATFORM,COLLECTED,2024-04-26T07:51:43.072Z
5573,10330,TX20240421675951,WIT_FEE,60,MRU,3850,PLATFORM,COLLECTED,2024-04-21T06:13:26.209Z
5574,10334,TX20240627314234,PAY_FEE,8,MRU,4755,MERCHANT,COLLECTED,2024-06-27T07:09:23.235Z
5575,10336,TX20241013270348,PAY_FEE,21,MRU,4172,MERCHANT,COLLECTED,2024-10-13T09:02:02.631Z
5576,10337,TX20241219489857,PAY_FEE,26,MRU,4892,MERCHANT,COLLECTED,2024-12-19T21:09:38.793Z
5577,10338,TX20240603333969,TRF_FEE,50,MRU,6129,PLATFORM,COLLECTED,2024-06-03T05:26:47.103Z
5578,10339,TX20241128965998,TRF_FEE,10,MRU,425,PLATFORM,COLLECTED,2024-11-28T15:09:32.131Z
5579,10340,TX20240723250241,WIT_FEE,200,MRU,8652,PLATFORM,COLLECTED,2024-07-23T04:12:07.627Z
5580,10343,TX20240123599562,PAY_FEE,20,MRU,8766,MERCHANT,COLLECTED,2024-01-23T10:16:45.063Z
5581,10344,TX20240906428953,BIL_FEE,100,MRU,10650,PLATFORM,COLLECTED,2024-09-06T07:13:13.821Z
5582,10346,TX20240719812559,PAY_FEE,345,MRU,2224,MERCHANT,COLLECTED,2024-07-19T07:10:29.760Z
5583,10348,TX20241211449106,BIL_FEE,100,MRU,328,PLATFORM,COLLECTED,2024-12-11T17:43:21.041Z
5584,10350,TX20240501245887,SAL_FEE,1935,MRU,7465,PLATFORM,COLLECTED,2024-05-01T19:28:26.175Z
5585,10351,TX20240119488486,TRF_FEE,50,MRU,8630,PLATFORM,COLLECTED,2024-01-19T07:35:27.945Z
5586,10353,TX20240522710736,TRF_FEE,25,MRU,8832,PLATFORM,COLLECTED,2024-05-22T05:40:55.682Z
5587,10357,TX20240308763115,WIT_FEE,50,MRU,480,PLATFORM,COLLECTED,2024-03-08T11:49:25.892Z
5588,10359,TX20240807936802,TRF_FEE,25,MRU,10311,PLATFORM,COLLECTED,2024-08-07T14:30:10.331Z
5589,10361,TX20241223899445,TRF_FEE,25,MRU,2576,PLATFORM,COLLECTED,2024-12-23T15:10:33.835Z
5590,10363,TX20241023591502,SAL_FEE,2415,MRU,7540,PLATFORM,COLLECTED,2024-10-23T11:22:22.151Z
5591,10365,TX20240311492677,PAY_FEE,33,MRU,5436,MERCHANT,COLLECTED,2024-03-11T07:51:07.374Z
5592,10366,TX20241221968712,PAY_FEE,116,MRU,2855,MERCHANT,COLLECTED,2024-12-21T06:25:06.238Z
5593,10367,TX20240507343574,TRF_FEE,25,MRU,1928,PLATFORM,COLLECTED,2024-05-07T09:12:05.237Z
5594,10368,TX20240310322441,PAY_FEE,36,MRU,3323,MERCHANT,COLLECTED,2024-03-10T10:14:50.618Z
5595,10372,TX20240823124566,WIT_FEE,210,MRU,7259,PLATFORM,COLLECTED,2024-08-23T08:42:52.537Z
5596,10374,TX20241227715865,PAY_FEE,83,MRU,1306,MERCHANT,COLLECTED,2024-12-27T04:14:43.986Z
5597,10376,TX20240907333036,WIT_FEE,50,MRU,9055,PLATFORM,COLLECTED,2024-09-07T15:35:10.190Z
5598,10377,TX20240131601909,BIL_FEE,100,MRU,5912,PLATFORM,COLLECTED,2024-01-31T18:42:21.172Z
5599,10380,TX20240112966861,PAY_FEE,18,MRU,659,MERCHANT,COLLECTED,2024-01-12T08:17:48.763Z
5600,10381,TX20240906724675,WIT_FEE,50,MRU,2040,PLATFORM,COLLECTED,2024-09-06T06:28:33.661Z
5601,10382,TX20240619604905,TRF_FEE,50,MRU,112,PLATFORM,COLLECTED,2024-06-19T18:01:42.461Z
5602,10383,TX20240326362290,TRF_FEE,50,MRU,4976,PLATFORM,COLLECTED,2024-03-26T12:05:19.024Z
5603,10384,TX20241031347483,TRF_FEE,50,MRU,5477,PLATFORM,COLLECTED,2024-10-31T15:37:08.253Z
5604,10386,TX20240713318663,WIT_FEE,120,MRU,866,PLATFORM,COLLECTED,2024-07-13T08:30:36.353Z
5605,10387,TX20240726024433,TRF_FEE,10,MRU,791,PLATFORM,COLLECTED,2024-07-26T09:00:21.113Z
5606,10389,TX20240323047227,PAY_FEE,59,MRU,1883,MERCHANT,COLLECTED,2024-03-23T10:34:16.047Z
5607,10390,TX20240712946625,TRF_FEE,25,MRU,1599,PLATFORM,COLLECTED,2024-07-12T14:22:05.867Z
5608,10393,TX20240928598906,TRF_FEE,50,MRU,4360,PLATFORM,COLLECTED,2024-09-28T16:44:41.814Z
5609,10395,TX20240926919296,TRF_FEE,25,MRU,1432,PLATFORM,COLLECTED,2024-09-26T13:46:52.288Z
5610,10397,TX20240204723594,WIT_FEE,100,MRU,3923,PLATFORM,COLLECTED,2024-02-04T10:23:29.841Z
5611,10400,TX20240603082038,WIT_FEE,50,MRU,34,PLATFORM,COLLECTED,2024-06-03T16:24:19.720Z
5612,10401,TX20240721754527,TRF_FEE,25,MRU,2531,PLATFORM,COLLECTED,2024-07-21T08:17:47.395Z
5613,10403,TX20240307201816,WIT_FEE,150,MRU,6505,PLATFORM,COLLECTED,2024-03-07T17:54:08.799Z
5614,10404,TX20241026348538,PAY_FEE,117,MRU,3995,MERCHANT,COLLECTED,2024-10-26T13:13:23.004Z
5615,10406,TX20240830935276,WIT_FEE,50,MRU,1328,PLATFORM,COLLECTED,2024-08-30T11:51:35.982Z
5616,10408,TX20240329213153,TRF_FEE,25,MRU,5776,PLATFORM,COLLECTED,2024-03-29T09:54:18.729Z
5617,10409,TX20240318184452,WIT_FEE,50,MRU,9381,PLATFORM,COLLECTED,2024-03-18T13:09:23.565Z
5618,10410,TX20240330165579,TRF_FEE,25,MRU,9404,PLATFORM,COLLECTED,2024-03-30T11:17:55.898Z
5619,10411,TX20240513535917,TRF_FEE,25,MRU,3167,PLATFORM,COLLECTED,2024-05-13T07:19:08.229Z
5620,10412,TX20241028617590,TRF_FEE,50,MRU,10622,PLATFORM,COLLECTED,2024-10-28T08:14:57.302Z
5621,10415,TX20240624966850,TRF_FEE,25,MRU,2891,PLATFORM,COLLECTED,2024-06-24T16:37:08.215Z
5622,10416,TX20240718046926,TRF_FEE,10,MRU,3681,PLATFORM,COLLECTED,2024-07-18T07:11:12.337Z
5623,10418,TX20240520529637,TRF_FEE,25,MRU,3795,PLATFORM,COLLECTED,2024-05-20T08:55:40.445Z
5624,10419,TX20240719496390,PAY_FEE,270,MRU,61,MERCHANT,COLLECTED,2024-07-19T19:52:47.820Z
5625,10421,TX20240608213733,WIT_FEE,100,MRU,9588,PLATFORM,COLLECTED,2024-06-08T14:51:38.811Z
5626,10423,TX20240628195262,TRF_FEE,50,MRU,5154,PLATFORM,COLLECTED,2024-06-28T12:07:00.072Z
5627,10426,TX20240402767545,BIL_FEE,100,MRU,8122,PLATFORM,COLLECTED,2024-04-02T18:34:40.027Z
5628,10428,TX20240409418433,WIT_FEE,100,MRU,1388,PLATFORM,COLLECTED,2024-04-09T15:25:52.431Z
5629,10431,TX20240627702962,PAY_FEE,47,MRU,7537,MERCHANT,COLLECTED,2024-06-27T20:03:21.147Z
5630,10432,TX20241024666217,TRF_FEE,50,MRU,1235,PLATFORM,COLLECTED,2024-10-24T09:56:42.451Z
5631,10437,TX20240409210909,PAY_FEE,24,MRU,3040,MERCHANT,COLLECTED,2024-04-08T22:37:13.661Z
5632,10438,TX20240226719148,PAY_FEE,9,MRU,4765,MERCHANT,COLLECTED,2024-02-26T14:14:37.775Z
5633,10439,TX20241123509134,WIT_FEE,100,MRU,3107,PLATFORM,COLLECTED,2024-11-23T14:41:10.314Z
5634,10440,TX20240713557335,TRF_FEE,10,MRU,8321,PLATFORM,COLLECTED,2024-07-13T11:55:05.152Z
5635,10442,TX20240420504693,TRF_FEE,10,MRU,1827,PLATFORM,COLLECTED,2024-04-20T09:05:57.186Z
5636,10445,TX20240620974375,WIT_FEE,250,MRU,9426,PLATFORM,COLLECTED,2024-06-20T10:35:42.272Z
5637,10447,TX20241112656290,PAY_FEE,18,MRU,1210,MERCHANT,COLLECTED,2024-11-12T15:23:03.308Z
5638,10450,TX20241119403575,TRF_FEE,50,MRU,9201,PLATFORM,COLLECTED,2024-11-19T08:24:29.892Z
5639,10455,TX20240819151903,TRF_FEE,25,MRU,80,PLATFORM,COLLECTED,2024-08-19T11:14:15.707Z
5640,10457,TX20240826352094,TRF_FEE,25,MRU,1083,PLATFORM,COLLECTED,2024-08-26T07:50:13.991Z
5641,10458,TX20240711938307,WIT_FEE,50,MRU,7108,PLATFORM,COLLECTED,2024-07-11T15:40:26.673Z
5642,10459,TX20241112221551,PAY_FEE,24,MRU,6573,MERCHANT,COLLECTED,2024-11-12T07:56:34.116Z
5643,10460,TX20241119526294,WIT_FEE,50,MRU,3319,PLATFORM,COLLECTED,2024-11-19T12:20:38.930Z
5644,10463,TX20240720605910,TRF_FEE,25,MRU,6612,PLATFORM,COLLECTED,2024-07-20T04:59:11.122Z
5645,10464,TX20240401343878,TRF_FEE,25,MRU,3088,PLATFORM,COLLECTED,2024-04-01T08:26:23.447Z
5646,10465,TX20240630020883,TRF_FEE,50,MRU,9971,PLATFORM,COLLECTED,2024-06-30T09:35:36.340Z
5647,10468,TX20240212469822,PAY_FEE,63,MRU,6416,MERCHANT,COLLECTED,2024-02-12T15:32:31.810Z
5648,10470,TX20240710251884,TRF_FEE,50,MRU,2486,PLATFORM,COLLECTED,2024-07-10T14:38:49.905Z
5649,10471,TX20240524236874,BIL_FEE,100,MRU,8661,PLATFORM,COLLECTED,2024-05-24T09:29:30.331Z
5650,10474,TX20241229394739,WIT_FEE,50,MRU,10945,PLATFORM,COLLECTED,2024-12-29T19:09:01.902Z
5651,10475,TX20240217167582,BIL_FEE,100,MRU,3426,PLATFORM,COLLECTED,2024-02-17T09:52:24.875Z
5652,10476,TX20240814709739,PAY_FEE,117,MRU,3090,MERCHANT,COLLECTED,2024-08-14T11:22:29.470Z
5653,10477,TX20241110248648,TRF_FEE,25,MRU,5396,PLATFORM,COLLECTED,2024-11-10T07:20:04.561Z
5654,10479,TX20241201464846,WIT_FEE,50,MRU,3270,PLATFORM,COLLECTED,2024-12-01T08:03:24.456Z
5655,10480,TX20240118414670,TRF_FEE,50,MRU,8862,PLATFORM,COLLECTED,2024-01-18T15:41:29.203Z
5656,10484,TX20240207797253,PAY_FEE,33,MRU,10500,MERCHANT,COLLECTED,2024-02-07T09:26:18.455Z
5657,10487,TX20240708017469,WIT_FEE,50,MRU,9105,PLATFORM,COLLECTED,2024-07-08T16:25:55.565Z
5658,10488,TX20240910970052,WIT_FEE,50,MRU,5133,PLATFORM,COLLECTED,2024-09-10T08:32:44.924Z
5659,10489,TX20240928203920,TRF_FEE,25,MRU,4663,PLATFORM,COLLECTED,2024-09-28T14:17:24.018Z
5660,10490,TX20241028296561,WIT_FEE,50,MRU,1428,PLATFORM,COLLECTED,2024-10-28T17:36:11.084Z
5661,10493,TX20240519113724,WIT_FEE,50,MRU,7273,PLATFORM,COLLECTED,2024-05-19T14:39:32.655Z
5662,10494,TX20240217546933,WIT_FEE,50,MRU,6853,PLATFORM,COLLECTED,2024-02-17T13:16:12.492Z
5663,10495,TX20241130430590,TRF_FEE,50,MRU,10378,PLATFORM,COLLECTED,2024-11-30T08:49:02.817Z
5664,10496,TX20240828693758,WIT_FEE,50,MRU,2186,PLATFORM,COLLECTED,2024-08-28T13:39:11.414Z
5665,10498,TX20240910653241,WIT_FEE,170,MRU,3574,PLATFORM,COLLECTED,2024-09-10T07:35:22.940Z
5666,10499,TX20240830545670,TRF_FEE,25,MRU,1397,PLATFORM,COLLECTED,2024-08-30T14:11:58.135Z
5667,10500,TX20240312246812,TRF_FEE,50,MRU,3860,PLATFORM,COLLECTED,2024-03-12T11:24:16.411Z
5668,10501,TX20240726827417,PAY_FEE,50,MRU,9902,MERCHANT,COLLECTED,2024-07-26T13:55:38.573Z
5669,10502,TX20240613718309,WIT_FEE,50,MRU,7002,PLATFORM,COLLECTED,2024-06-13T12:44:17.467Z
5670,10505,TX20241023326403,WIT_FEE,50,MRU,10200,PLATFORM,COLLECTED,2024-10-23T09:43:25.935Z
5671,10508,TX20240704259435,TRF_FEE,50,MRU,5827,PLATFORM,COLLECTED,2024-07-04T11:51:05.640Z
5672,10510,TX20240829452590,TRF_FEE,50,MRU,4022,PLATFORM,COLLECTED,2024-08-29T07:25:37.811Z
5673,10511,TX20241028638469,PAY_FEE,63,MRU,10308,MERCHANT,COLLECTED,2024-10-28T10:27:08.031Z
5674,10512,TX20241028902362,TRF_FEE,25,MRU,6446,PLATFORM,COLLECTED,2024-10-28T08:58:47.670Z
5675,10513,TX20240614155352,WIT_FEE,50,MRU,607,PLATFORM,COLLECTED,2024-06-14T06:12:16.947Z
5676,10514,TX20240310079690,TRF_FEE,50,MRU,5194,PLATFORM,COLLECTED,2024-03-10T08:12:55.302Z
5677,10516,TX20240423374763,BIL_FEE,100,MRU,7523,PLATFORM,COLLECTED,2024-04-23T07:07:15.660Z
5678,10517,TX20240824262506,WIT_FEE,50,MRU,1931,PLATFORM,COLLECTED,2024-08-24T10:08:44.585Z
5679,10518,TX20240525919374,WIT_FEE,50,MRU,5423,PLATFORM,COLLECTED,2024-05-25T07:33:03.137Z
5680,10524,TX20240213856684,WIT_FEE,50,MRU,8571,PLATFORM,COLLECTED,2024-02-13T16:28:39.796Z
5681,10525,TX20240818312689,WIT_FEE,100,MRU,10666,PLATFORM,COLLECTED,2024-08-18T20:45:47.162Z
5682,10526,TX20240113519553,WIT_FEE,50,MRU,2766,PLATFORM,COLLECTED,2024-01-13T15:16:38.273Z
5683,10528,TX20240203757971,PAY_FEE,71,MRU,3730,MERCHANT,COLLECTED,2024-02-03T16:26:48.891Z
5684,10533,TX20241210845623,TRF_FEE,50,MRU,7914,PLATFORM,COLLECTED,2024-12-10T15:03:34.310Z
5685,10536,TX20240722435439,TRF_FEE,25,MRU,5056,PLATFORM,COLLECTED,2024-07-22T12:23:15.890Z
5686,10538,TX20240503477955,WIT_FEE,200,MRU,8877,PLATFORM,COLLECTED,2024-05-03T08:48:33.722Z
5687,10540,TX20240509198755,TRF_FEE,50,MRU,7518,PLATFORM,COLLECTED,2024-05-09T12:10:50.661Z
5688,10541,TX20240111617567,TRF_FEE,25,MRU,3849,PLATFORM,COLLECTED,2024-01-11T07:08:29.902Z
5689,10542,TX20240204408597,TRF_FEE,50,MRU,1944,PLATFORM,COLLECTED,2024-02-04T15:32:19.465Z
5690,10544,TX20240913094867,TRF_FEE,50,MRU,7473,PLATFORM,COLLECTED,2024-09-13T07:02:41.071Z
5691,10545,TX20240116039565,TRF_FEE,50,MRU,4642,PLATFORM,COLLECTED,2024-01-16T09:33:55.394Z
5692,10546,TX20241123191477,TRF_FEE,25,MRU,5610,PLATFORM,COLLECTED,2024-11-23T16:12:15.260Z
5693,10547,TX20240503761846,TRF_FEE,25,MRU,1490,PLATFORM,COLLECTED,2024-05-03T14:52:40.150Z
5694,10552,TX20240706324862,TRF_FEE,10,MRU,1467,PLATFORM,COLLECTED,2024-07-06T16:50:56.536Z
5695,10555,TX20240415469982,WIT_FEE,50,MRU,10763,PLATFORM,COLLECTED,2024-04-15T16:34:53.845Z
5696,10556,TX20241018801013,WIT_FEE,50,MRU,7645,PLATFORM,COLLECTED,2024-10-18T10:21:01.760Z
5697,10559,TX20240810612513,PAY_FEE,110,MRU,1792,MERCHANT,COLLECTED,2024-08-10T15:33:59.561Z
5698,10560,TX20240818135187,PAY_FEE,20,MRU,2113,MERCHANT,COLLECTED,2024-08-18T14:02:25.574Z
5699,10561,TX20241011741661,PAY_FEE,60,MRU,6137,MERCHANT,COLLECTED,2024-10-11T09:05:44.397Z
5700,10565,TX20240617662323,WIT_FEE,200,MRU,974,PLATFORM,COLLECTED,2024-06-17T11:11:05.261Z
5701,10566,TX20240130330988,PAY_FEE,435,MRU,2258,MERCHANT,COLLECTED,2024-01-30T09:35:10.476Z
5702,10567,TX20240102057357,WIT_FEE,140,MRU,457,PLATFORM,COLLECTED,2024-01-02T14:11:49.202Z
5703,10569,TX20240319775760,SAL_FEE,575,MRU,3818,PLATFORM,COLLECTED,2024-03-19T15:27:39.426Z
5704,10570,TX20240421895340,TRF_FEE,25,MRU,6915,PLATFORM,COLLECTED,2024-04-21T06:50:33.369Z
5705,10571,TX20241222876739,WIT_FEE,50,MRU,5235,PLATFORM,COLLECTED,2024-12-22T05:59:16.742Z
5706,10572,TX20240429141243,PAY_FEE,24,MRU,1931,MERCHANT,COLLECTED,2024-04-29T12:47:19.365Z
5707,10573,TX20240516126752,WIT_FEE,60,MRU,7554,PLATFORM,COLLECTED,2024-05-16T05:24:59.540Z
5708,10577,TX20240113868393,WIT_FEE,50,MRU,6613,PLATFORM,COLLECTED,2024-01-13T07:55:55.564Z
5709,10580,TX20240109989263,TRF_FEE,25,MRU,329,PLATFORM,COLLECTED,2024-01-09T16:50:30.065Z
5710,10582,TX20241217538999,PAY_FEE,26,MRU,7931,MERCHANT,COLLECTED,2024-12-17T09:42:56.506Z
5711,10584,TX20240107476254,WIT_FEE,50,MRU,10677,PLATFORM,COLLECTED,2024-01-07T15:10:29.476Z
5712,10590,TX20240421638630,WIT_FEE,50,MRU,10780,PLATFORM,COLLECTED,2024-04-21T10:15:04.526Z
5713,10594,TX20240720162177,BIL_FEE,100,MRU,4446,PLATFORM,COLLECTED,2024-07-20T09:31:33.421Z
5714,10596,TX20240319374370,WIT_FEE,50,MRU,519,PLATFORM,COLLECTED,2024-03-19T13:52:12.626Z
5715,10598,TX20240122174726,WIT_FEE,56,MRU,10085,PLATFORM,COLLECTED,2024-01-22T11:59:32.263Z
5716,10606,TX20240617518061,TRF_FEE,25,MRU,6023,PLATFORM,COLLECTED,2024-06-17T08:51:43.451Z
5717,10608,TX20240522160081,SAL_FEE,845,MRU,7527,PLATFORM,COLLECTED,2024-05-22T07:03:39.384Z
5718,10611,TX20240803734187,PAY_FEE,24,MRU,2285,MERCHANT,COLLECTED,2024-08-03T17:28:17.090Z
5719,10613,TX20240530501437,WIT_FEE,50,MRU,10727,PLATFORM,COLLECTED,2024-05-30T09:14:03.074Z
5720,10615,TX20240530096098,WIT_FEE,100,MRU,7500,PLATFORM,COLLECTED,2024-05-30T06:49:34.888Z
5721,10616,TX20241219497046,TRF_FEE,50,MRU,9356,PLATFORM,COLLECTED,2024-12-19T16:21:12.713Z
5722,10618,TX20241220602613,WIT_FEE,100,MRU,5470,PLATFORM,COLLECTED,2024-12-20T17:53:40.147Z
5723,10619,TX20241114334365,WIT_FEE,50,MRU,9075,PLATFORM,COLLECTED,2024-11-14T11:20:11.037Z
5724,10620,TX20240624663988,WIT_FEE,50,MRU,579,PLATFORM,COLLECTED,2024-06-24T10:35:17.662Z
5725,10621,TX20240930019456,TRF_FEE,25,MRU,2030,PLATFORM,COLLECTED,2024-09-30T16:10:27.310Z
5726,10622,TX20241111913471,WIT_FEE,50,MRU,6904,PLATFORM,COLLECTED,2024-11-11T11:08:05.937Z
5727,10623,TX20241018273956,PAY_FEE,57,MRU,7445,MERCHANT,COLLECTED,2024-10-18T14:08:22.572Z
5728,10627,TX20240414482957,TRF_FEE,25,MRU,9449,PLATFORM,COLLECTED,2024-04-14T16:29:23.973Z
5729,10628,TX20240702047158,TRF_FEE,25,MRU,1633,PLATFORM,COLLECTED,2024-07-02T17:40:45.500Z
5730,10631,TX20240323398335,TRF_FEE,50,MRU,9258,PLATFORM,COLLECTED,2024-03-23T11:53:08.609Z
5731,10632,TX20240116811594,TRF_FEE,10,MRU,6355,PLATFORM,COLLECTED,2024-01-16T08:28:06.974Z
5732,10633,TX20240218375556,WIT_FEE,50,MRU,10262,PLATFORM,COLLECTED,2024-02-18T16:01:32.849Z
5733,10636,TX20240711188085,PAY_FEE,66,MRU,10573,MERCHANT,COLLECTED,2024-07-11T15:34:43.227Z
5734,10637,TX20240308185268,PAY_FEE,45,MRU,2823,MERCHANT,COLLECTED,2024-03-08T09:32:43.891Z
5735,10638,TX20240919313943,PAY_FEE,4,MRU,9880,MERCHANT,COLLECTED,2024-09-19T13:14:19.510Z
5736,10639,TX20241012262583,WIT_FEE,100,MRU,8417,PLATFORM,COLLECTED,2024-10-12T13:50:15.272Z
5737,10640,TX20240909630382,TRF_FEE,25,MRU,1310,PLATFORM,COLLECTED,2024-09-09T07:57:09.687Z
5738,10645,TX20240713913280,PAY_FEE,71,MRU,9348,MERCHANT,COLLECTED,2024-07-13T16:37:09.683Z
5739,10646,TX20240106483001,TRF_FEE,50,MRU,10513,PLATFORM,COLLECTED,2024-01-06T07:09:59.324Z
5740,10648,TX20240322977650,TRF_FEE,50,MRU,4113,PLATFORM,COLLECTED,2024-03-22T15:16:18.279Z
5741,10649,TX20241010049406,TRF_FEE,25,MRU,4281,PLATFORM,COLLECTED,2024-10-10T10:36:04.350Z
5742,10650,TX20240412454071,WIT_FEE,50,MRU,4820,PLATFORM,COLLECTED,2024-04-12T10:42:10.820Z
5743,10652,TX20240421416618,TRF_FEE,50,MRU,9153,PLATFORM,COLLECTED,2024-04-21T05:38:00.990Z
5744,10655,TX20240115614129,TRF_FEE,25,MRU,1402,PLATFORM,COLLECTED,2024-01-15T21:52:58.356Z
5745,10658,TX20240812456516,PAY_FEE,51,MRU,7406,MERCHANT,COLLECTED,2024-08-12T12:35:46.866Z
5746,10659,TX20240717269681,WIT_FEE,50,MRU,3025,PLATFORM,COLLECTED,2024-07-17T07:58:10.455Z
5747,10661,TX20240527983313,WIT_FEE,350,MRU,9840,PLATFORM,COLLECTED,2024-05-27T17:08:24.498Z
5748,10662,TX20240528074420,BIL_FEE,100,MRU,10979,PLATFORM,COLLECTED,2024-05-28T16:28:20.852Z
5749,10666,TX20240915557552,WIT_FEE,50,MRU,10729,PLATFORM,COLLECTED,2024-09-14T23:51:23.200Z
5750,10669,TX20240902607417,TRF_FEE,50,MRU,5679,PLATFORM,COLLECTED,2024-09-02T14:40:24.751Z
5751,10672,TX20240314805231,TRF_FEE,50,MRU,710,PLATFORM,COLLECTED,2024-03-14T18:13:57.807Z
5752,10674,TX20240108605910,TRF_FEE,50,MRU,10564,PLATFORM,COLLECTED,2024-01-08T21:11:07.598Z
5753,10675,TX20240401932247,TRF_FEE,25,MRU,3088,PLATFORM,COLLECTED,2024-04-01T08:26:23.447Z
5754,10676,TX20240429832170,TRF_FEE,50,MRU,10614,PLATFORM,COLLECTED,2024-04-29T13:36:20.903Z
5755,10678,TX20240129022127,TRF_FEE,25,MRU,8671,PLATFORM,COLLECTED,2024-01-29T17:29:35.122Z
5756,10679,TX20240716807641,TRF_FEE,25,MRU,9220,PLATFORM,COLLECTED,2024-07-16T12:48:34.639Z
5757,10680,TX20240509838032,WIT_FEE,300,MRU,2911,PLATFORM,COLLECTED,2024-05-09T15:24:01.031Z
5758,10682,TX20241129751817,TRF_FEE,50,MRU,3677,PLATFORM,COLLECTED,2024-11-29T11:19:29.500Z
5759,10683,TX20241118901142,PAY_FEE,21,MRU,1810,MERCHANT,COLLECTED,2024-11-18T08:47:50.633Z
5760,10687,TX20240814894394,PAY_FEE,117,MRU,3090,MERCHANT,COLLECTED,2024-08-14T11:22:29.470Z
5761,10690,TX20241201948951,WIT_FEE,50,MRU,3270,PLATFORM,COLLECTED,2024-12-01T08:03:24.456Z
5762,10692,TX20241118528845,TRF_FEE,50,MRU,4827,PLATFORM,COLLECTED,2024-11-18T13:30:23.690Z
5763,10694,TX20240222773880,PAY_FEE,66,MRU,4842,MERCHANT,COLLECTED,2024-02-22T10:59:39.277Z
5764,10696,TX20240714018763,SAL_FEE,1255,MRU,4473,PLATFORM,COLLECTED,2024-07-14T07:09:19.085Z
5765,10698,TX20240708081809,WIT_FEE,50,MRU,9105,PLATFORM,COLLECTED,2024-07-08T16:25:55.565Z
5766,10699,TX20240323787227,TRF_FEE,50,MRU,4969,PLATFORM,COLLECTED,2024-03-23T13:44:55.463Z
5767,10700,TX20240829755254,PAY_FEE,69,MRU,5345,MERCHANT,COLLECTED,2024-08-29T08:24:01.421Z
5768,10701,TX20240414372737,TRF_FEE,25,MRU,919,PLATFORM,COLLECTED,2024-04-14T16:51:36.197Z
5769,10702,TX20241127216582,TRF_FEE,25,MRU,3319,PLATFORM,COLLECTED,2024-11-27T11:47:33.350Z
5770,10703,TX20240611672172,WIT_FEE,50,MRU,7518,PLATFORM,COLLECTED,2024-06-11T16:28:05.332Z
5771,10704,TX20240827260534,TRF_FEE,50,MRU,4125,PLATFORM,COLLECTED,2024-08-27T14:16:12.778Z
5772,10706,TX20240611543807,TRF_FEE,25,MRU,9020,PLATFORM,COLLECTED,2024-06-11T17:10:49.039Z
5773,10707,TX20240815956676,TRF_FEE,50,MRU,10095,PLATFORM,COLLECTED,2024-08-15T14:11:24.197Z
5774,10710,TX20240830154016,TRF_FEE,25,MRU,1397,PLATFORM,COLLECTED,2024-08-30T14:11:58.135Z
5775,10712,TX20240728212718,TRF_FEE,50,MRU,2493,PLATFORM,COLLECTED,2024-07-28T17:46:37.082Z
5776,10713,TX20240619697672,WIT_FEE,110,MRU,3585,PLATFORM,COLLECTED,2024-06-19T14:08:31.698Z
5777,10715,TX20240131776343,WIT_FEE,50,MRU,963,PLATFORM,COLLECTED,2024-01-31T19:42:26.714Z
5778,10716,TX20240923471416,WIT_FEE,50,MRU,6714,PLATFORM,COLLECTED,2024-09-23T10:56:55.590Z
5779,10717,TX20241221177616,TRF_FEE,25,MRU,4687,PLATFORM,COLLECTED,2024-12-21T08:24:40.183Z
5780,10719,TX20240622259435,TRF_FEE,25,MRU,5428,PLATFORM,COLLECTED,2024-06-22T16:05:38.526Z
5781,10721,TX20240228569819,TRF_FEE,25,MRU,3455,PLATFORM,COLLECTED,2024-02-28T11:37:48.363Z
5782,10722,TX20240424638469,PAY_FEE,53,MRU,4305,MERCHANT,COLLECTED,2024-04-24T11:08:01.934Z
5783,10723,TX20241028139876,TRF_FEE,25,MRU,6446,PLATFORM,COLLECTED,2024-10-28T08:58:47.670Z
5784,10724,TX20240206155352,TRF_FEE,50,MRU,3639,PLATFORM,COLLECTED,2024-02-06T08:16:56.055Z
5785,10725,TX20240310409261,TRF_FEE,50,MRU,5194,PLATFORM,COLLECTED,2024-03-10T08:12:55.302Z
5786,10727,TX20240720035051,WIT_FEE,340,MRU,2846,PLATFORM,COLLECTED,2024-07-20T17:18:11.123Z
5787,10731,TX20240107914667,WIT_FEE,340,MRU,7617,PLATFORM,COLLECTED,2024-01-07T08:58:12.998Z
5788,10734,TX20240310462774,WIT_FEE,50,MRU,8684,PLATFORM,COLLECTED,2024-03-10T17:26:09.081Z
5789,10737,TX20240625350490,WIT_FEE,50,MRU,8101,PLATFORM,COLLECTED,2024-06-25T19:55:14.910Z
5790,10738,TX20240529799089,WIT_FEE,50,MRU,8077,PLATFORM,COLLECTED,2024-05-29T19:55:22.838Z
5791,10740,TX20241212831026,PAY_FEE,60,MRU,379,MERCHANT,COLLECTED,2024-12-12T06:30:50.254Z
5792,10742,TX20240315672764,WIT_FEE,50,MRU,1963,PLATFORM,COLLECTED,2024-03-15T13:44:15.665Z
5793,10743,TX20240430872489,TRF_FEE,50,MRU,8961,PLATFORM,COLLECTED,2024-04-30T10:46:09.968Z
5794,10748,TX20240930479167,TRF_FEE,25,MRU,6202,PLATFORM,COLLECTED,2024-09-30T13:38:22.312Z
5795,10749,TX20240927654126,SAL_FEE,1820,MRU,1310,PLATFORM,COLLECTED,2024-09-27T09:45:09.729Z
5796,10750,TX20240521311879,TRF_FEE,50,MRU,421,PLATFORM,COLLECTED,2024-05-21T09:59:59.630Z
5797,10751,TX20240925000203,TRF_FEE,25,MRU,3501,PLATFORM,COLLECTED,2024-09-25T07:29:23.030Z
5798,10753,TX20241025676937,TRF_FEE,10,MRU,9329,PLATFORM,COLLECTED,2024-10-25T14:03:29.398Z
5799,10755,TX20240704745423,TRF_FEE,25,MRU,5628,PLATFORM,COLLECTED,2024-07-03T22:49:21.222Z
5800,10756,TX20240204146152,SAL_FEE,1025,MRU,1949,PLATFORM,COLLECTED,2024-02-04T17:12:43.373Z
5801,10758,TX20240403384175,PAY_FEE,180,MRU,2889,MERCHANT,COLLECTED,2024-04-03T08:45:50.146Z
5802,10760,TX20241113231629,PAY_FEE,23,MRU,5020,MERCHANT,COLLECTED,2024-11-13T16:43:40.403Z
5803,10761,TX20240714848523,TRF_FEE,50,MRU,5546,PLATFORM,COLLECTED,2024-07-14T15:49:01.558Z
5804,10765,TX20240102433644,TRF_FEE,25,MRU,5626,PLATFORM,COLLECTED,2024-01-02T17:30:53.525Z
5805,10767,TX20240510801013,WIT_FEE,50,MRU,8398,PLATFORM,COLLECTED,2024-05-10T16:24:21.018Z
5806,10769,TX20240313411207,TRF_FEE,25,MRU,4847,PLATFORM,COLLECTED,2024-03-13T03:56:42.501Z
5807,10772,TX20240721775690,WIT_FEE,200,MRU,4662,PLATFORM,COLLECTED,2024-07-21T15:47:38.715Z
5808,10773,TX20241001248059,WIT_FEE,50,MRU,10894,PLATFORM,COLLECTED,2024-10-01T08:49:17.810Z
5809,10774,TX20240529320079,WIT_FEE,100,MRU,6805,PLATFORM,COLLECTED,2024-05-29T14:01:39.312Z
5810,10776,TX20240617655910,WIT_FEE,100,MRU,974,PLATFORM,COLLECTED,2024-06-17T11:11:05.261Z
5811,10778,TX20240313375243,TRF_FEE,50,MRU,7810,PLATFORM,COLLECTED,2024-03-13T17:12:02.752Z
5812,10781,TX20240721065370,PAY_FEE,74,MRU,10187,MERCHANT,COLLECTED,2024-07-21T09:37:51.262Z
5813,10782,TX20240410931807,SAL_FEE,1455,MRU,4449,PLATFORM,COLLECTED,2024-04-10T15:28:25.494Z
5814,10789,TX20240309488837,TRF_FEE,50,MRU,3618,PLATFORM,COLLECTED,2024-03-09T14:01:33.046Z
5815,10794,TX20240819882217,WIT_FEE,230,MRU,1852,PLATFORM,COLLECTED,2024-08-19T15:19:38.871Z
5816,10795,TX20241219601191,TRF_FEE,25,MRU,7977,PLATFORM,COLLECTED,2024-12-19T12:10:26.421Z
5817,10797,TX20240109884530,WIT_FEE,250,MRU,2661,PLATFORM,COLLECTED,2024-01-09T16:46:07.033Z
5818,10799,TX20241204015954,TRF_FEE,25,MRU,6315,PLATFORM,COLLECTED,2024-12-04T06:50:38.812Z
5819,10800,TX20240726116769,PAY_FEE,195,MRU,10480,MERCHANT,COLLECTED,2024-07-26T04:48:00.683Z
5820,10802,TX20240816563045,TRF_FEE,25,MRU,1519,PLATFORM,COLLECTED,2024-08-16T15:01:43.397Z
5821,10804,TX20240829225040,PAY_FEE,35,MRU,8646,MERCHANT,COLLECTED,2024-08-29T06:12:57.032Z
5822,10805,TX20240712355156,WIT_FEE,50,MRU,10828,PLATFORM,COLLECTED,2024-07-12T13:25:24.210Z
5823,10807,TX20240318332889,PAY_FEE,27,MRU,6513,MERCHANT,COLLECTED,2024-03-18T14:02:30.378Z
5824,10809,TX20241225919125,TRF_FEE,50,MRU,1131,PLATFORM,COLLECTED,2024-12-25T13:15:54.931Z
5825,10810,TX20240220203398,WIT_FEE,50,MRU,10845,PLATFORM,COLLECTED,2024-02-20T05:19:25.086Z
5826,10811,TX20240626978908,TRF_FEE,10,MRU,3148,PLATFORM,COLLECTED,2024-06-26T15:36:54.285Z
5827,10812,TX20241021346277,PAY_FEE,50,MRU,163,MERCHANT,COLLECTED,2024-10-21T06:09:18.921Z
5828,10814,TX20240331777623,TRF_FEE,25,MRU,8082,PLATFORM,COLLECTED,2024-03-31T14:55:27.755Z
5829,10816,TX20240226431036,TRF_FEE,25,MRU,3207,PLATFORM,COLLECTED,2024-02-26T14:29:47.730Z
5830,10817,TX20240629518061,TRF_FEE,50,MRU,5000,PLATFORM,COLLECTED,2024-06-29T11:17:51.717Z
5831,10819,TX20240301676618,WIT_FEE,50,MRU,2931,PLATFORM,COLLECTED,2024-03-01T06:39:23.682Z
5832,10821,TX20240101661050,PAY_FEE,24,MRU,5396,MERCHANT,COLLECTED,2024-01-01T08:21:53.008Z
5833,10824,TX20240501895680,TRF_FEE,25,MRU,3300,PLATFORM,COLLECTED,2024-05-01T08:03:04.973Z
5834,10828,TX20240114139692,BIL_FEE,100,MRU,2026,PLATFORM,COLLECTED,2024-01-14T20:17:44.016Z
5835,10829,TX20240831494394,TRF_FEE,50,MRU,3043,PLATFORM,COLLECTED,2024-08-31T12:34:29.157Z
5836,10831,TX20240424594341,BIL_FEE,100,MRU,1257,PLATFORM,COLLECTED,2024-04-24T08:51:34.493Z
5837,10832,TX20241029815136,PAY_FEE,74,MRU,5162,MERCHANT,COLLECTED,2024-10-29T18:58:46.615Z
5838,10837,TX20240419121022,WIT_FEE,50,MRU,9609,PLATFORM,COLLECTED,2024-04-19T12:01:21.682Z
5839,10838,TX20241101347496,TRF_FEE,25,MRU,9278,PLATFORM,COLLECTED,2024-11-01T08:39:34.285Z
5840,10839,TX20240624434187,WIT_FEE,200,MRU,6497,PLATFORM,COLLECTED,2024-06-24T09:58:51.233Z
5841,10840,TX20241028968413,TRF_FEE,25,MRU,2264,PLATFORM,COLLECTED,2024-10-28T13:49:39.225Z
5842,10841,TX20240421210883,TRF_FEE,25,MRU,6816,PLATFORM,COLLECTED,2024-04-21T15:25:50.391Z
5843,10842,TX20241102325403,TRF_FEE,10,MRU,6493,PLATFORM,COLLECTED,2024-11-02T14:16:46.806Z
5844,10843,TX20240719574331,TRF_FEE,50,MRU,7448,PLATFORM,COLLECTED,2024-07-19T08:57:43.874Z
5845,10845,TX20240910360455,PAY_FEE,15,MRU,528,MERCHANT,COLLECTED,2024-09-10T14:12:25.197Z
5846,10849,TX20240525331683,TRF_FEE,50,MRU,5534,PLATFORM,COLLECTED,2024-05-25T18:46:03.256Z
5847,10850,TX20240306847629,PAY_FEE,60,MRU,8882,MERCHANT,COLLECTED,2024-03-06T17:28:44.156Z
5848,10852,TX20240903241557,TRF_FEE,25,MRU,4120,PLATFORM,COLLECTED,2024-09-03T08:40:12.339Z
5849,10853,TX20240215488418,TRF_FEE,25,MRU,8849,PLATFORM,COLLECTED,2024-02-15T05:46:53.356Z
5850,10855,TX20240119272817,PAY_FEE,32,MRU,9242,MERCHANT,COLLECTED,2024-01-19T14:43:21.637Z
5851,10856,TX20240626806989,WIT_FEE,50,MRU,8757,PLATFORM,COLLECTED,2024-06-26T16:09:35.508Z
5852,10857,TX20240719014662,TRF_FEE,25,MRU,10576,PLATFORM,COLLECTED,2024-07-19T19:43:02.718Z
5853,10860,TX20240823603988,TRF_FEE,50,MRU,6680,PLATFORM,COLLECTED,2024-08-23T15:08:22.712Z
5854,10861,TX20240126172660,BIL_FEE,100,MRU,3098,PLATFORM,COLLECTED,2024-01-26T14:53:42.643Z
5855,10866,TX20240525986594,WIT_FEE,50,MRU,3276,PLATFORM,COLLECTED,2024-05-25T11:33:30.584Z
5856,10867,TX20240119292421,WIT_FEE,50,MRU,4432,PLATFORM,COLLECTED,2024-01-19T16:25:42.092Z
5857,10868,TX20240215468118,SAL_FEE,2320,MRU,7546,PLATFORM,COLLECTED,2024-02-15T06:13:57.521Z
5858,10869,TX20240313407015,SAL_FEE,1765,MRU,8886,PLATFORM,COLLECTED,2024-03-13T12:35:23.321Z
5859,10870,TX20241202811191,WIT_FEE,280,MRU,890,PLATFORM,COLLECTED,2024-12-02T06:37:42.416Z
5860,10871,TX20240902827131,WIT_FEE,50,MRU,9727,PLATFORM,COLLECTED,2024-09-02T08:11:14.177Z
5861,10874,TX20240323818305,WIT_FEE,95,MRU,8909,PLATFORM,COLLECTED,2024-03-23T18:08:55.024Z
5862,10876,TX20240119590990,TRF_FEE,50,MRU,6115,PLATFORM,COLLECTED,2024-01-19T12:47:47.594Z
5863,10880,TX20241018840543,TRF_FEE,50,MRU,9739,PLATFORM,COLLECTED,2024-10-18T16:28:50.315Z
5864,10881,TX20240219864405,WIT_FEE,50,MRU,3574,PLATFORM,COLLECTED,2024-02-19T14:00:49.658Z
5865,10883,TX20241109547746,WIT_FEE,75,MRU,2307,PLATFORM,COLLECTED,2024-11-09T07:10:29.404Z
5866,10884,TX20240714580903,TRF_FEE,50,MRU,40,PLATFORM,COLLECTED,2024-07-14T16:22:05.806Z
5867,10885,TX20240611258155,PAY_FEE,27,MRU,1,MERCHANT,COLLECTED,2024-06-11T06:24:03.893Z
5868,10888,TX20240528693768,PAY_FEE,63,MRU,3368,MERCHANT,COLLECTED,2024-05-28T14:02:37.446Z
5869,10889,TX20241107019573,PAY_FEE,50,MRU,359,MERCHANT,COLLECTED,2024-11-07T08:34:01.432Z
5870,10891,TX20240316773641,WIT_FEE,100,MRU,3762,PLATFORM,COLLECTED,2024-03-16T17:33:41.013Z
5871,10893,TX20240106082982,PAY_FEE,35,MRU,3249,MERCHANT,COLLECTED,2024-01-06T19:57:38.947Z
5872,10896,TX20240917829317,PAY_FEE,630,MRU,9172,MERCHANT,COLLECTED,2024-09-17T09:58:07.919Z
5873,10897,TX20240210326585,TRF_FEE,25,MRU,6432,PLATFORM,COLLECTED,2024-02-10T07:33:02.836Z
5874,10899,TX20240908093225,WIT_FEE,100,MRU,1788,PLATFORM,COLLECTED,2024-09-08T05:22:19.535Z
5875,10900,TX20241005529123,PAY_FEE,6,MRU,385,MERCHANT,COLLECTED,2024-10-05T07:47:21.885Z
5876,10901,TX20241112348466,PAY_FEE,29,MRU,8276,MERCHANT,COLLECTED,2024-11-12T21:19:54.979Z
5877,10902,TX20240704006783,PAY_FEE,71,MRU,7069,MERCHANT,COLLECTED,2024-07-04T07:52:42.048Z
5878,10907,TX20240725228080,BIL_FEE,100,MRU,6844,PLATFORM,COLLECTED,2024-07-25T10:29:26.633Z
5879,10908,TX20240301528487,TRF_FEE,50,MRU,7120,PLATFORM,COLLECTED,2024-03-01T10:55:06.419Z
5880,10909,TX20240509035023,TRF_FEE,25,MRU,10584,PLATFORM,COLLECTED,2024-05-09T13:40:06.073Z
5881,10910,TX20240727181717,PAY_FEE,69,MRU,7190,MERCHANT,COLLECTED,2024-07-27T13:56:06.026Z
5882,10912,TX20240211099870,PAY_FEE,65,MRU,8966,MERCHANT,COLLECTED,2024-02-11T11:29:31.723Z
5883,10914,TX20240117516593,PAY_FEE,57,MRU,5839,MERCHANT,COLLECTED,2024-01-17T20:07:12.532Z
5884,10916,TX20241004444818,TRF_FEE,25,MRU,5649,PLATFORM,COLLECTED,2024-10-04T12:21:38.037Z
5885,10917,TX20240518083691,TRF_FEE,25,MRU,314,PLATFORM,COLLECTED,2024-05-18T07:24:12.485Z
5886,10918,TX20240402593294,TRF_FEE,50,MRU,4547,PLATFORM,COLLECTED,2024-04-02T09:55:48.583Z
5887,10919,TX20240224083382,TRF_FEE,50,MRU,2455,PLATFORM,COLLECTED,2024-02-24T14:49:55.994Z
5888,10921,TX20240521674237,PAY_FEE,77,MRU,1562,MERCHANT,COLLECTED,2024-05-21T15:05:21.059Z
5889,10922,TX20240523404159,TRF_FEE,50,MRU,7134,PLATFORM,COLLECTED,2024-05-23T09:29:59.559Z
5890,10926,TX20240309042525,BIL_FEE,100,MRU,8706,PLATFORM,COLLECTED,2024-03-09T15:27:36.127Z
5891,10927,TX20240926498922,TRF_FEE,50,MRU,3754,PLATFORM,COLLECTED,2024-09-26T15:04:53.918Z
5892,10929,TX20240702391972,TRF_FEE,50,MRU,6445,PLATFORM,COLLECTED,2024-07-02T19:37:22.370Z
5893,10930,TX20240713157354,WIT_FEE,50,MRU,1193,PLATFORM,COLLECTED,2024-07-13T15:08:33.253Z
5894,10933,TX20241001396586,PAY_FEE,11,MRU,4279,MERCHANT,COLLECTED,2024-10-01T09:27:00.759Z
5895,10939,TX20240615321553,TRF_FEE,25,MRU,8566,PLATFORM,COLLECTED,2024-06-15T12:32:33.968Z
5896,10940,TX20240724655697,TRF_FEE,50,MRU,8000,PLATFORM,COLLECTED,2024-07-24T06:49:34.903Z
5897,10941,TX20240623765874,BIL_FEE,100,MRU,6409,PLATFORM,COLLECTED,2024-06-23T08:29:54.131Z
5898,10942,TX20241121058557,TRF_FEE,25,MRU,8779,PLATFORM,COLLECTED,2024-11-21T05:36:02.308Z
5899,10943,TX20240615949139,TRF_FEE,50,MRU,337,PLATFORM,COLLECTED,2024-06-15T06:54:57.192Z
5900,10944,TX20240801479370,WIT_FEE,100,MRU,4892,PLATFORM,COLLECTED,2024-08-01T00:00:12.389Z
5901,10946,TX20240502500640,TRF_FEE,50,MRU,6400,PLATFORM,COLLECTED,2024-05-02T16:59:27.270Z
5902,10947,TX20241001246228,TRF_FEE,25,MRU,5028,PLATFORM,COLLECTED,2024-10-01T13:36:36.102Z
5903,10948,TX20240816045844,WIT_FEE,430,MRU,7422,PLATFORM,COLLECTED,2024-08-16T09:04:06.166Z
5904,10949,TX20240708211565,WIT_FEE,50,MRU,3886,PLATFORM,COLLECTED,2024-07-08T14:39:07.663Z
5905,10951,TX20240913823460,WIT_FEE,50,MRU,10258,PLATFORM,COLLECTED,2024-09-13T12:01:55.200Z
5906,10952,TX20240909245801,TRF_FEE,25,MRU,291,PLATFORM,COLLECTED,2024-09-09T08:07:49.894Z
5907,10953,TX20240528775508,TRF_FEE,25,MRU,859,PLATFORM,COLLECTED,2024-05-28T07:48:43.529Z
5908,10954,TX20240523330333,PAY_FEE,20,MRU,10396,MERCHANT,COLLECTED,2024-05-23T06:40:18.868Z
5909,10959,TX20240615054006,TRF_FEE,50,MRU,488,PLATFORM,COLLECTED,2024-06-15T15:58:23.886Z
5910,10960,TX20240424891246,WIT_FEE,50,MRU,2762,PLATFORM,COLLECTED,2024-04-24T13:43:26.379Z
5911,10962,TX20240204750612,PAY_FEE,6,MRU,9383,MERCHANT,COLLECTED,2024-02-04T16:18:19.153Z
5912,10963,TX20240824075061,TRF_FEE,50,MRU,4211,PLATFORM,COLLECTED,2024-08-24T14:00:36.120Z
5913,10965,TX20240904352566,PAY_FEE,20,MRU,2261,MERCHANT,COLLECTED,2024-09-04T13:35:10.282Z