id,nni,first_name,last_name,full_name,gender,birth_date,phone,email,wilaya_id,wilaya_name,profile_type,kyc_level,status,registration_date,last_login,created_at,updated_at
1,8102289033,Bakary,Thiam,Bakary Thiam,M,1981-04-03,+22246223085,,2,Nouakchott-Ouest,STANDARD,,ACTIVE,2022-02-10,2023-09-17T06:27:58.609Z,2022-02-10T23:07:10.861Z,2023-09-17T06:27:58.609Z
2,8101508597,Ahmed Baba,Ould Horma,Ahmed Baba Ould Horma,M,1981-04-02,+22223958573,ahmedbaba.ouldhorma665@hotmail.fr,1,Nouakchott-Nord,STANDARD,,ACTIVE,2024-05-09,2024-08-10T08:30:49.066Z,2024-05-09T02:13:12.825Z,2024-08-10T08:30:49.066Z
3,9402672314,Bintou,Tall,Bintou Tall,F,1994-09-27,+22224451167,,2,Nouakchott-Ouest,OCCASIONAL,,INACTIVE,2022-01-02,2022-08-23T11:14:33.576Z,2022-01-02T03:08:00.078Z,2022-08-23T11:14:33.576Z
4,8904650338,Adama,Thiam,Adama Thiam,M,1989-08-13,+22225629295,,4,Dakhlet Nouadhibou,ACTIVE,,ACTIVE,2023-08-18,2024-08-09T06:31:59.804Z,2023-08-18T15:43:24.054Z,2024-08-09T06:31:59.804Z
5,8004459303,Leila,Mint Habiboullah,Leila Mint Habiboullah,F,1980-12-08,+22224321406,leila.minthabiboullah612@yahoo.fr,4,Dakhlet Nouadhibou,ACTIVE,,ACTIVE,2023-01-19,2023-10-31T12:25:35.918Z,2023-01-19T13:44:53.142Z,2023-10-31T12:25:35.918Z
6,6901891969,Cheikh Sidiya,Ould Limam,Cheikh Sidiya Ould Limam,M,1969-04-28,+22225299558,,1,Nouakchott-Nord,DORMANT,,ACTIVE,2024-02-07,2024-03-24T02:45:31.289Z,2024-02-07T08:15:17.797Z,2024-03-24T02:45:31.289Z
7,6715896923,Tacko,Doucouré,Tacko Doucouré,F,1967-04-11,+22232494394,tacko.doucouré687@hotmail.fr,15,Tiris Zemmour,STANDARD,,ACTIVE,2022-01-06,2023-01-04T14:02:55.171Z,2022-01-06T01:14:58.335Z,2023-01-04T14:02:55.171Z
8,7003410982,Cheibany,Ould El Mokhtar,Cheibany Ould El Mokhtar,M,1970-09-14,+22224242026,cheibany.ouldelmokhtar915@yahoo.fr,3,Nouakchott-Sud,STANDARD,,PENDING_KYC,2024-01-15,2024-11-12T17:07:14.597Z,2024-01-15T01:08:59.760Z,2024-11-12T17:07:14.597Z
9,8303255387,Wedadi,Barry,Wedadi Barry,M,1983-02-12,+22236631273,,3,Nouakchott-Sud,STANDARD,,ACTIVE,2023-11-18,2024-09-24T00:54:56.014Z,2023-11-18T09:07:40.644Z,2024-09-24T00:54:56.014Z
10,8803165573,Aïda,Koita,Aïda Koita,F,1988-12-20,+22235435519,aïda.koita460@gmail.com,3,Nouakchott-Sud,OCCASIONAL,,ACTIVE,2024-03-13,2024-09-04T13:00:44.635Z,2024-03-13T09:14:38.618Z,2024-09-04T13:00:44.635Z
11,9501390298,Boubacar,Soumaré,Boubacar Soumaré,M,1995-01-20,+22224219504,boubacar.soumaré644@yahoo.fr,1,Nouakchott-Nord,OCCASIONAL,,ACTIVE,2022-10-21,2024-08-07T15:04:23.498Z,2022-10-21T01:00:43.277Z,2024-08-07T15:04:23.498Z
12,6308834002,Noura,Mint Vall,Noura Mint Vall,F,1963-04-05,+22222867528,,8,Guidimaka,STANDARD,,ACTIVE,2023-08-02,2024-04-19T10:21:40.950Z,2023-08-02T07:53:48.960Z,2024-04-19T10:21:40.950Z
13,0405102170,Mouna,Mint Sidi,Mouna Mint Sidi,F,2004-04-21,+22225737167,mouna.mintsidi394@gmail.com,5,Trarza,STANDARD,,ACTIVE,2023-08-05,2023-08-17T19:32:32.841Z,2023-08-05T00:28:14.238Z,2023-08-17T19:32:32.841Z
14,8504215522,Tekber,Mint Jiddou,Tekber Mint Jiddou,F,1985-06-23,+22225439437,,4,Dakhlet Nouadhibou,ACTIVE,,PENDING_KYC,2023-04-05,2023-11-07T07:24:09.745Z,2023-04-05T19:02:32.985Z,2023-11-07T07:24:09.745Z
15,7614942586,Mohamed Mahmoud,Ould Ahmed,Mohamed Mahmoud Ould Ahmed,M,1976-02-12,+22224080633,,14,Inchiri,OCCASIONAL,,ACTIVE,2024-07-28,2024-08-09T02:19:14.960Z,2024-07-28T07:02:14.816Z,2024-08-09T02:19:14.960Z
16,9203106922,Harouna,Wane,Harouna Wane,M,1992-12-08,+22223903638,harouna.wane833@yahoo.fr,3,Nouakchott-Sud,PREMIUM,,INACTIVE,2022-01-05,2024-01-13T14:49:43.799Z,2022-01-05T18:12:47.604Z,2024-01-13T14:49:43.799Z
17,6207192625,Halima,Mint Ahmed,Halima Mint Ahmed,F,1962-09-20,+22245306107,,7,Gorgol,STANDARD,,ACTIVE,2022-07-07,2023-04-09T03:44:17.804Z,2022-07-07T12:05:32.944Z,2023-04-09T03:44:17.804Z
18,9806587137,Hamoud,Ould El Ghassem,Hamoud Ould El Ghassem,M,1998-08-08,+22223895821,hamoud.ouldelghassem610@hotmail.fr,6,Brakna,OCCASIONAL,,ACTIVE,2024-10-01,2024-10-09T06:19:58.420Z,2024-10-01T00:24:34.200Z,2024-10-09T06:19:58.420Z
19,6402438018,Tekber,Mint Abeih,Tekber Mint Abeih,F,1964-12-17,+22237634265,,2,Nouakchott-Ouest,ACTIVE,,ACTIVE,2023-12-26,2024-06-01T03:12:44.847Z,2023-12-26T14:21:46.320Z,2024-06-01T03:12:44.847Z
20,8802863038,Noura,Mint Limam,Noura Mint Limam,F,1988-03-12,+22232711108,,2,Nouakchott-Ouest,STANDARD,,ACTIVE,2023-04-04,2024-03-13T07:16:42.670Z,2023-04-04T23:20:35.963Z,2024-03-13T07:16:42.670Z
21,0404948548,Souleymane,Thiam,Souleymane Thiam,M,2004-03-14,+22224272391,,4,Dakhlet Nouadhibou,STANDARD,,PENDING_KYC,2022-03-18,2022-04-13T02:43:29.340Z,2022-03-18T17:59:07.639Z,2022-04-13T02:43:29.340Z
22,8203755011,Ibrahima,Dia,Ibrahima Dia,M,1982-06-18,+22225796948,ibrahima.dia24@outlook.com,3,Nouakchott-Sud,OCCASIONAL,,ACTIVE,2022-01-12,2022-08-27T19:13:05.382Z,2022-01-12T21:08:12.325Z,2022-08-27T19:13:05.382Z
23,6406044396,Souleymane,Ould Hadrami,Souleymane Ould Hadrami,M,1964-02-08,+22225387198,,6,Brakna,ACTIVE,,ACTIVE,2022-07-23,2023-04-01T09:15:44.471Z,2022-07-23T15:16:17.252Z,2023-04-01T09:15:44.471Z
24,6202834971,Naima,Mint Messoud,Naima Mint Messoud,F,1962-04-15,+22235241497,naima.mintmessoud511@hotmail.fr,2,Nouakchott-Ouest,ACTIVE,,ACTIVE,2022-05-11,2023-03-10T00:40:48.298Z,2022-05-11T02:32:51.409Z,2023-03-10T00:40:48.298Z
25,9502265548,Aichetou,Gaye,Aichetou Gaye,F,1995-06-25,+22234262583,,2,Nouakchott-Ouest,STANDARD,,ACTIVE,2022-02-01,2023-10-16T06:14:50.816Z,2022-02-01T21:27:49.940Z,2023-10-16T06:14:50.816Z
26,9201390374,Abdoul,Gaye,Abdoul Gaye,M,1992-08-14,+22233409117,,1,Nouakchott-Nord,ACTIVE,,ACTIVE,2024-01-14,2024-02-01T22:08:30.405Z,2024-01-14T19:37:47.656Z,2024-02-01T22:08:30.405Z
27,9707640698,Saadbouh,Ould Mokhtar,Saadbouh Ould Mokhtar,M,1997-08-05,+22247022921,,7,Gorgol,ACTIVE,,ACTIVE,2022-03-16,2024-08-18T03:57:50.902Z,2022-03-16T22:46:05.526Z,2024-08-18T03:57:50.902Z
28,0309158095,Messoud,Ould Horma,Messoud Ould Horma,M,2003-01-04,+22235094722,,9,Assaba,ACTIVE,,ACTIVE,2023-11-20,2023-12-14T17:33:31.474Z,2023-11-20T08:58:48.784Z,2023-12-14T17:33:31.474Z
29,6905718309,Sidi Mohamed,Ould Ghali,Sidi Mohamed Ould Ghali,M,1969-02-18,+22224836872,sidimohamed.ouldghali393@hotmail.fr,5,Trarza,STANDARD,,ACTIVE,2024-01-01,2024-05-19T05:53:36.854Z,2024-01-01T10:40:49.130Z,2024-05-19T05:53:36.854Z
30,6604802185,Ahmed Baba,Bâ,Ahmed Baba Bâ,M,1966-04-13,+22245798533,,4,Dakhlet Nouadhibou,OCCASIONAL,,ACTIVE,2022-08-02,2023-02-16T00:59:54.621Z,2022-08-02T05:40:28.975Z,2023-02-16T00:59:54.621Z
31,6402469382,Vadel,Ould Ahmed,Vadel Ould Ahmed,M,1964-02-28,+22222668318,,2,Nouakchott-Ouest,STANDARD,,ACTIVE,2023-11-27,2024-01-29T04:01:57.166Z,2023-11-27T15:03:19.326Z,2024-01-29T04:01:57.166Z
32,7003573645,Adja,Fall,Adja Fall,F,1970-08-15,+22244043643,,3,Nouakchott-Sud,DORMANT,,ACTIVE,2024-08-24,2024-09-25T10:42:55.665Z,2024-08-24T07:13:15.840Z,2024-09-25T10:42:55.665Z
33,8404503464,Messoud,Ould Hadrami,Messoud Ould Hadrami,M,1984-08-02,+22243206494,,4,Dakhlet Nouadhibou,OCCASIONAL,,ACTIVE,2023-06-14,2024-07-05T16:12:02.375Z,2023-06-14T22:04:52.281Z,2024-07-05T16:12:02.375Z
34,7301113354,Leila,Sène,Leila Sène,F,1973-05-27,+22233809505,leila.sène966@yahoo.fr,1,Nouakchott-Nord,OCCASIONAL,,ACTIVE,2022-03-18,2023-12-20T05:19:12.516Z,2022-03-18T22:53:17.948Z,2023-12-20T05:19:12.516Z
35,7414393090,Dado,Guèye,Dado Guèye,F,1974-04-16,+22223485727,,14,Inchiri,STANDARD,,ACTIVE,2023-08-05,2024-04-14T15:10:18.998Z,2023-08-05T19:26:57.286Z,2024-04-14T15:10:18.998Z
36,9902063054,Hafsata,Gaye,Hafsata Gaye,F,1999-02-25,+22224935757,hafsata.gaye553@yahoo.fr,2,Nouakchott-Ouest,DORMANT,,ACTIVE,2024-06-26,2024-12-28T01:33:23.101Z,2024-06-26T22:26:58.082Z,2024-12-28T01:33:23.101Z
37,6401495818,Abdellahi,Camara,Abdellahi Camara,M,1964-12-06,+22232004429,,1,Nouakchott-Nord,STANDARD,,ACTIVE,2024-04-08,2024-08-08T08:16:34.108Z,2024-04-08T09:53:18.424Z,2024-08-08T08:16:34.108Z
38,6215468394,Bilal,Fofana,Bilal Fofana,M,1962-06-01,+22225134382,,15,Tiris Zemmour,STANDARD,,ACTIVE,2024-03-22,2024-12-10T13:49:51.575Z,2024-03-22T23:49:15.970Z,2024-12-10T13:49:51.575Z
39,8815013837,Mahfoudh,Cissé,Mahfoudh Cissé,M,1988-11-17,+22222065309,,15,Tiris Zemmour,ACTIVE,,ACTIVE,2023-12-09,2024-01-07T00:09:25.879Z,2023-12-09T05:18:22.273Z,2024-01-07T00:09:25.879Z
40,0102548437,Binta,Thiaw,Binta Thiaw,F,2001-12-22,+22243017115,binta.thiaw207@gmail.com,2,Nouakchott-Ouest,OCCASIONAL,,ACTIVE,2022-09-02,2024-11-23T13:20:55.102Z,2022-09-02T19:58:42.698Z,2024-11-23T13:20:55.102Z
41,7803384452,Boubacar,Ould Messoud,Boubacar Ould Messoud,M,1978-12-06,+22225672883,,3,Nouakchott-Sud,STANDARD,,ACTIVE,2022-08-18,2024-07-23T01:33:57.188Z,2022-08-18T19:30:41.558Z,2024-07-23T01:33:57.188Z
42,9105792935,Tourad,Ould Hadrami,Tourad Ould Hadrami,M,1991-11-20,+22234242717,,5,Trarza,OCCASIONAL,,ACTIVE,2022-10-27,2024-02-01T19:20:18.134Z,2022-10-27T08:06:39.849Z,2024-02-01T19:20:18.134Z
43,8601329335,Seynabou,Sall,Seynabou Sall,F,1986-08-13,+22223604255,seynabou.sall258@outlook.com,1,Nouakchott-Nord,ACTIVE,,ACTIVE,2023-07-05,2024-12-25T03:39:21.618Z,2023-07-05T03:12:16.748Z,2024-12-25T03:39:21.618Z
44,9203403573,Cheikh,Sarr,Cheikh Sarr,M,1992-11-22,+22237512822,cheikh.sarr958@gmail.com,3,Nouakchott-Sud,STANDARD,,PENDING_KYC,2024-03-04,2024-06-30T07:29:28.031Z,2024-03-04T07:29:08.337Z,2024-06-30T07:29:28.031Z
45,8902425415,Aichetou,Mint Ghali,Aichetou Mint Ghali,F,1989-01-13,+22223571171,,2,Nouakchott-Ouest,STANDARD,,PENDING_KYC,2022-09-07,2023-03-16T23:37:01.799Z,2022-09-07T02:46:04.520Z,2023-03-16T23:37:01.799Z
46,6010043565,Fanta,Bah,Fanta Bah,F,1960-10-27,+22243912573,,10,Hodh Ech Chargui,STANDARD,,ACTIVE,2023-05-15,2024-04-20T22:38:18.571Z,2023-05-15T01:21:03.355Z,2024-04-20T22:38:18.571Z
47,6207552108,Rokaya,Mint Abdel Kader,Rokaya Mint Abdel Kader,F,1962-06-23,+22249605350,,7,Gorgol,STANDARD,,ACTIVE,2024-01-07,2024-01-25T19:44:04.389Z,2024-01-07T02:25:59.672Z,2024-01-25T19:44:04.389Z
48,8304548204,Karamoko,Sy,Karamoko Sy,M,1983-05-16,+22235633140,,4,Dakhlet Nouadhibou,OCCASIONAL,,ACTIVE,2024-07-23,2024-09-23T03:50:28.586Z,2024-07-23T06:34:29.764Z,2024-09-23T03:50:28.586Z
49,6402729369,Fanta,Sissoko,Fanta Sissoko,F,1964-01-25,+22233224567,fanta.sissoko137@yahoo.fr,2,Nouakchott-Ouest,OCCASIONAL,,ACTIVE,2022-05-18,2022-11-12T21:04:48.890Z,2022-05-18T19:48:27.775Z,2022-11-12T21:04:48.890Z
50,7207978628,Noura,Mint Nagi,Noura Mint Nagi,F,1972-05-20,+22232992318,noura.mintnagi436@outlook.com,7,Gorgol,DORMANT,,ACTIVE,2023-11-18,2024-06-26T05:31:50.993Z,2023-11-18T05:15:03.931Z,2024-06-26T05:31:50.993Z
51,6303839305,Boubacar,Ould Wedadi,Boubacar Ould Wedadi,M,1963-01-08,+22223694432,,3,Nouakchott-Sud,OCCASIONAL,,ACTIVE,2023-03-10,2023-06-09T08:46:27.678Z,2023-03-10T23:53:04.044Z,2023-06-09T08:46:27.678Z
52,7502388799,Habiba,Mint Nagi,Habiba Mint Nagi,F,1975-09-03,+22237464027,,2,Nouakchott-Ouest,STANDARD,,BLOCKED,2023-06-15,2023-07-03T18:34:31.151Z,2023-06-15T04:56:20.157Z,2023-07-03T18:34:31.151Z
53,6702686960,Ethmane,Ould Sidi,Ethmane Ould Sidi,M,1967-06-12,+22236738965,,2,Nouakchott-Ouest,ACTIVE,,ACTIVE,2024-12-30,2024-12-30T18:25:30.635Z,2024-12-30T17:16:14.572Z,2024-12-30T18:25:30.635Z
54,9302928463,Lemrabott,Ould Vadel,Lemrabott Ould Vadel,M,1993-06-17,+22222378165,,2,Nouakchott-Ouest,ACTIVE,,PENDING_KYC,2023-10-16,2024-09-26T09:16:35.825Z,2023-10-16T20:57:59.252Z,2024-09-26T09:16:35.825Z
55,8502598344,Ibrahima,Diakité,Ibrahima Diakité,M,1985-01-28,+22243902735,ibrahima.diakité439@outlook.com,2,Nouakchott-Ouest,STANDARD,,ACTIVE,2024-01-07,2024-06-14T21:13:48.415Z,2024-01-07T00:57:50.219Z,2024-06-14T21:13:48.415Z
56,8213555302,Hamadi,Ould Mohamed,Hamadi Ould Mohamed,M,1982-06-10,+22237473512,hamadi.ouldmohamed556@hotmail.fr,13,Tagant,DORMANT,,ACTIVE,2022-10-26,2022-12-10T11:51:10.269Z,2022-10-26T06:44:18.092Z,2022-12-10T11:51:10.269Z
57,0503989464,Mahfoudh,Koné,Mahfoudh Koné,M,2005-05-18,+22224169686,,3,Nouakchott-Sud,STANDARD,,ACTIVE,2023-11-23,2024-05-21T18:25:20.002Z,2023-11-23T15:07:45.117Z,2024-05-21T18:25:20.002Z
58,9309576942,Mariam,Sène,Mariam Sène,F,1993-10-25,+22223032632,mariam.sène634@yahoo.fr,9,Assaba,STANDARD,,ACTIVE,2023-01-31,2024-06-23T12:55:21.784Z,2023-01-31T02:14:40.322Z,2024-06-23T12:55:21.784Z
59,8001448308,Safiya,Sy,Safiya Sy,F,1980-11-20,+22249120920,safiya.sy708@gmail.com,1,Nouakchott-Nord,STANDARD,,ACTIVE,2023-09-28,2024-07-18T02:48:00.790Z,2023-09-28T04:11:35.188Z,2024-07-18T02:48:00.790Z
60,6402404774,Mokhtar,Ould Mokhtar,Mokhtar Ould Mokhtar,M,1964-08-08,+22222262521,,2,Nouakchott-Ouest,STANDARD,,PENDING_KYC,2024-01-23,2024-11-05T14:07:21.877Z,2024-01-23T21:12:37.901Z,2024-11-05T14:07:21.877Z
61,8501101107,Fatou,Bah,Fatou Bah,F,1985-11-17,+22233535049,,1,Nouakchott-Nord,OCCASIONAL,,ACTIVE,2022-09-18,2024-10-01T03:38:54.932Z,2022-09-18T00:45:22.577Z,2024-10-01T03:38:54.932Z
62,8401204694,Meymouna,Mint Soufi,Meymouna Mint Soufi,F,1984-06-15,+22248391346,meymouna.mintsoufi191@hotmail.fr,1,Nouakchott-Nord,STANDARD,,ACTIVE,2022-11-02,2023-05-14T22:28:58.907Z,2022-11-02T02:18:13.252Z,2023-05-14T22:28:58.907Z
63,7204109687,Hamoud,Ould El Ghassem,Hamoud Ould El Ghassem,M,1972-09-07,+22224183977,,4,Dakhlet Nouadhibou,DORMANT,,ACTIVE,2024-12-03,2024-12-28T04:50:48.283Z,2024-12-03T02:31:10.139Z,2024-12-28T04:50:48.283Z
64,9215919387,Hawa,Diakité,Hawa Diakité,F,1992-09-10,+22244833711,,15,Tiris Zemmour,DORMANT,,ACTIVE,2022-10-01,2024-12-28T12:44:50.246Z,2022-10-01T11:42:13.391Z,2024-12-28T12:44:50.246Z
65,7003700872,Lala,Gaye,Lala Gaye,F,1970-02-14,+22222953438,,3,Nouakchott-Sud,OCCASIONAL,,INACTIVE,2024-08-16,2024-09-27T22:08:44.916Z,2024-08-16T20:11:45.817Z,2024-09-27T22:08:44.916Z
66,9302470577,Abdel Aziz,Wane,Abdel Aziz Wane,M,1993-08-13,+22223206960,abdelaziz.wane950@outlook.com,2,Nouakchott-Ouest,ACTIVE,,ACTIVE,2023-02-26,2024-07-05T17:47:58.300Z,2023-02-26T03:35:23.615Z,2024-07-05T17:47:58.300Z
67,7002900884,Pathé,Ly,Pathé Ly,M,1970-12-07,+22233521223,pathé.ly164@yahoo.fr,2,Nouakchott-Ouest,OCCASIONAL,,ACTIVE,2024-09-14,2024-12-06T14:11:20.688Z,2024-09-14T05:10:37.820Z,2024-12-06T14:11:20.688Z
68,6103076586,Mohamed Vall,Ould Horma,Mohamed Vall Ould Horma,M,1961-02-09,+22247708645,,3,Nouakchott-Sud,OCCASIONAL,,PENDING_KYC,2022-11-18,2024-08-12T00:08:36.519Z,2022-11-18T06:50:52.014Z,2024-08-12T00:08:36.519Z
69,9812988577,Cheikh,Wane,Cheikh Wane,M,1998-12-23,+22247282484,,12,Adrar,STANDARD,,INACTIVE,2022-02-23,2023-12-23T10:04:02.865Z,2022-02-23T11:45:50.041Z,2023-12-23T10:04:02.865Z
70,6101150969,Hawa,Mint Saad,Hawa Mint Saad,F,1961-10-13,+22235205390,,1,Nouakchott-Nord,ACTIVE,,ACTIVE,2022-08-23,2024-02-17T16:32:24.313Z,2022-08-23T00:51:55.166Z,2024-02-17T16:32:24.313Z
71,8502673999,Oumou,Mint Hadrami,Oumou Mint Hadrami,F,1985-10-09,+22232411180,oumou.minthadrami329@outlook.com,2,Nouakchott-Ouest,OCCASIONAL,,ACTIVE,2022-11-22,2024-09-19T08:48:27.660Z,2022-11-22T01:50:37.231Z,2024-09-19T08:48:27.660Z
72,0503866075,Habiba,Sall,Habiba Sall,F,2005-08-08,+22222773880,habiba.sall498@outlook.com,3,Nouakchott-Sud,OCCASIONAL,,ACTIVE,2023-01-13,2023-12-08T18:44:06.670Z,2023-01-13T17:28:45.143Z,2023-12-08T18:44:06.670Z
73,7802717866,Haby,Tall,Haby Tall,F,1978-03-09,+22244467454,haby.tall289@gmail.com,2,Nouakchott-Ouest,OCCASIONAL,,ACTIVE,2023-09-19,2024-07-14T15:04:04.260Z,2023-09-19T17:40:04.572Z,2024-07-14T15:04:04.260Z
74,7203384434,Aïssata,Thiaw,Aïssata Thiaw,F,1972-10-15,+22247165568,aïssata.thiaw919@gmail.com,3,Nouakchott-Sud,STANDARD,,ACTIVE,2022-08-04,2023-04-17T01:23:10.365Z,2022-08-04T22:35:06.655Z,2023-04-17T01:23:10.365Z
75,9115677949,Horma,Sakho,Horma Sakho,M,1991-02-03,+22244436983,horma.sakho661@gmail.com,15,Tiris Zemmour,STANDARD,,ACTIVE,2024-10-05,2024-11-23T14:02:12.785Z,2024-10-05T19:06:38.377Z,2024-11-23T14:02:12.785Z
76,6802226792,Koumba,Thiaw,Koumba Thiaw,F,1968-07-12,+22236924599,,2,Nouakchott-Ouest,STANDARD,,ACTIVE,2024-06-28,2024-07-16T01:37:14.192Z,2024-06-28T00:11:36.300Z,2024-07-16T01:37:14.192Z
77,7803432333,Seynabou,Gaye,Seynabou Gaye,F,1978-01-12,+22223755254,seynabou.gaye957@hotmail.fr,3,Nouakchott-Sud,STANDARD,,ACTIVE,2023-08-05,2024-11-27T22:48:41.618Z,2023-08-05T20:20:09.003Z,2024-11-27T22:48:41.618Z
78,0502843776,Ahmed Baba,Ould Isselmou,Ahmed Baba Ould Isselmou,M,2005-08-14,+22223911740,,2,Nouakchott-Ouest,STANDARD,,ACTIVE,2023-11-04,2024-08-10T08:35:50.730Z,2023-11-04T21:30:44.411Z,2024-08-10T08:35:50.730Z
79,8401529795,Yacoub,Ndiaye,Yacoub Ndiaye,M,1984-10-20,+22224825475,yacoub.ndiaye803@gmail.com,1,Nouakchott-Nord,PREMIUM,,ACTIVE,2023-08-01,2024-03-22T04:40:34.592Z,2023-08-01T17:08:28.861Z,2024-03-22T04:40:34.592Z
80,6002820547,Karounga,Anne,Karounga Anne,M,1960-12-23,+22224415045,karounga.anne960@yahoo.fr,2,Nouakchott-Ouest,OCCASIONAL,,ACTIVE,2024-02-01,2024-09-09T16:54:57.501Z,2024-02-01T11:55:12.957Z,2024-09-09T16:54:57.501Z
81,8401258288,Sory,Sakho,Sory Sakho,M,1984-07-21,+22222510487,sory.sakho213@yahoo.fr,1,Nouakchott-Nord,STANDARD,,ACTIVE,2024-10-29,2024-12-04T16:06:32.746Z,2024-10-29T03:23:53.564Z,2024-12-04T16:06:32.746Z
82,6708738133,Hapsatou,Wade,Hapsatou Wade,F,1967-10-02,+22224849498,hapsatou.wade431@outlook.com,8,Guidimaka,OCCASIONAL,,ACTIVE,2024-02-06,2024-11-05T02:00:34.491Z,2024-02-06T08:06:14.520Z,2024-11-05T02:00:34.491Z
83,0401384156,Fatou,Thiam,Fatou Thiam,F,2004-09-10,+22225756746,fatou.thiam580@yahoo.fr,1,Nouakchott-Nord,PREMIUM,,ACTIVE,2022-03-20,2024-06-09T14:14:33.075Z,2022-03-20T23:11:35.781Z,2024-06-09T14:14:33.075Z
84,0504529016,Kadiatou,Diakité,Kadiatou Diakité,F,2005-01-07,+22235429774,kadiatou.diakité18@gmail.com,4,Dakhlet Nouadhibou,ACTIVE,,ACTIVE,2024-03-17,2024-06-21T04:08:36.307Z,2024-03-17T16:14:44.534Z,2024-06-21T04:08:36.307Z
85,9506357724,Dado,Koné,Dado Koné,F,1995-11-11,+22222458735,,6,Brakna,VIP,,ACTIVE,2024-09-28,2024-11-26T07:46:55.718Z,2024-09-28T00:59:45.895Z,2024-11-26T07:46:55.718Z
86,6803761944,Koumba,Guèye,Koumba Guèye,F,1968-03-03,+22225234933,koumba.guèye580@gmail.com,3,Nouakchott-Sud,STANDARD,,ACTIVE,2023-01-17,2023-05-15T11:25:48.847Z,2023-01-17T00:01:19.703Z,2023-05-15T11:25:48.847Z
87,9712573857,Tamba,Diarra,Tamba Diarra,M,1997-07-18,+22248628738,tamba.diarra225@hotmail.fr,12,Adrar,ACTIVE,,ACTIVE,2022-08-21,2022-10-14T00:00:20.905Z,2022-08-21T22:14:30.607Z,2022-10-14T00:00:20.905Z
88,7403149345,Meymouna,Mint Vadel,Meymouna Mint Vadel,F,1974-09-13,+22224232449,,3,Nouakchott-Sud,OCCASIONAL,,ACTIVE,2022-03-20,2024-02-16T21:58:08.847Z,2022-03-20T18:15:58.066Z,2024-02-16T21:58:08.847Z
89,7602038860,Souleymane,Ould Saad,Souleymane Ould Saad,M,1976-03-15,+22223909758,,2,Nouakchott-Ouest,PREMIUM,,ACTIVE,2023-05-08,2024-05-05T16:31:40.121Z,2023-05-08T22:47:06.269Z,2024-05-05T16:31:40.121Z
90,8604766894,Aziza,Bathily,Aziza Bathily,F,1986-03-26,+22225918159,aziza.bathily21@gmail.com,4,Dakhlet Nouadhibou,DORMANT,,ACTIVE,2023-07-01,2024-05-06T04:04:25.064Z,2023-07-01T07:40:34.245Z,2024-05-06T04:04:25.064Z
91,9202355590,Habiboullah,Koné,Habiboullah Koné,M,1992-08-07,+22225835510,,2,Nouakchott-Ouest,ACTIVE,,SUSPENDED,2023-02-19,2024-12-11T05:28:19.495Z,2023-02-19T17:30:07.686Z,2024-12-11T05:28:19.495Z
92,9007943811,Saleck,Ould Abeih,Saleck Ould Abeih,M,1990-05-17,+22224954435,saleck.ouldabeih342@yahoo.fr,7,Gorgol,OCCASIONAL,,ACTIVE,2023-02-22,2023-09-12T06:50:31.956Z,2023-02-22T04:41:25.821Z,2023-09-12T06:50:31.956Z
93,6203476299,Lehbib,Diallo,Lehbib Diallo,M,1962-03-13,+22241640957,,3,Nouakchott-Sud,STANDARD,,ACTIVE,2024-01-14,2024-12-19T21:43:11.801Z,2024-01-14T11:25:18.896Z,2024-12-19T21:43:11.801Z
94,6202951454,Ghali,Ould Jiddou,Ghali Ould Jiddou,M,1962-04-14,+22234175530,ghali.ouldjiddou730@outlook.com,2,Nouakchott-Ouest,STANDARD,,ACTIVE,2024-10-10,2024-12-08T03:17:30.723Z,2024-10-10T21:46:45.715Z,2024-12-08T03:17:30.723Z
95,8706445677,Sira,Ly,Sira Ly,F,1987-09-05,+22242856761,,6,Brakna,STANDARD,,ACTIVE,2023-02-28,2023-03-10T06:37:44.388Z,2023-02-28T08:59:19.724Z,2023-03-10T06:37:44.388Z
96,6909368988,Mouna,Mint Brahim,Mouna Mint Brahim,F,1969-02-11,+22237314517,,9,Assaba,ACTIVE,,ACTIVE,2023-01-08,2023-06-30T08:11:36.914Z,2023-01-08T11:14:43.267Z,2023-06-30T08:11:36.914Z
97,7303152056,El Mokhtar,Mbaye,El Mokhtar Mbaye,M,1973-06-15,+22233569782,,3,Nouakchott-Sud,OCCASIONAL,,ACTIVE,2023-05-23,2024-12-10T16:11:44.151Z,2023-05-23T01:13:02.525Z,2024-12-10T16:11:44.151Z
98,7503674002,Aissata,Mint Dah,Aissata Mint Dah,F,1975-04-11,+22225687646,,3,Nouakchott-Sud,ACTIVE,,ACTIVE,2022-07-27,2023-01-31T22:17:20.718Z,2022-07-27T10:59:27.722Z,2023-01-31T22:17:20.718Z
99,7202694932,Saidou,Barry,Saidou Barry,M,1972-03-16,+22224785280,,2,Nouakchott-Ouest,PREMIUM,,ACTIVE,2023-11-28,2023-12-13T19:09:19.855Z,2023-11-28T02:51:04.390Z,2023-12-13T19:09:19.855Z
100,8502256547,Aicha,Gaye,Aicha Gaye,F,1985-11-09,+22236822163,aicha.gaye213@yahoo.fr,2,Nouakchott-Ouest,OCCASIONAL,,ACTIVE,2023-10-06,2024-07-28T19:59:30.349Z,2023-10-06T08:13:56.857Z,2024-07-28T19:59:30.349Z
101,6502233731,Sidi Mohamed,Ould Ahmedou,Sidi Mohamed Ould Ahmedou,M,1965-02-15,+22235423858,,2,Nouakchott-Ouest,STANDARD,,ACTIVE,2023-09-21,2024-11-15T20:25:00.286Z,2023-09-21T22:54:28.667Z,2024-11-15T20:25:00.286Z
102,0002908278,Aissata,Mint Hadrami,Aissata Mint Hadrami,F,2000-11-14,+22224440269,,2,Nouakchott-Ouest,STANDARD,,ACTIVE,2024-04-22,2024-05-03T00:56:17.260Z,2024-04-22T22:37:11.606Z,2024-05-03T00:56:17.260Z
103,9102786463,Gaoussou,Fofana,Gaoussou Fofana,M,1991-09-02,+22247042588,,2,Nouakchott-Ouest,OCCASIONAL,,ACTIVE,2023-11-19,2024-12-23T21:05:58.033Z,2023-11-19T19:17:17.619Z,2024-12-23T21:05:58.033Z
104,6402792639,Issa,Wane,Issa Wane,M,1964-08-25,+22233138727,,2,Nouakchott-Ouest,ACTIVE,,ACTIVE,2022-06-25,2023-08-20T11:56:29.263Z,2022-06-25T07:11:22.079Z,2023-08-20T11:56:29.263Z
105,6108199767,Tourad,Touré,Tourad Touré,M,1961-03-03,+22236437575,,8,Guidimaka,PREMIUM,,ACTIVE,2023-01-14,2023-06-02T14:31:30.827Z,2023-01-14T02:44:45.918Z,2023-06-02T14:31:30.827Z
106,7201436722,Maguette,Mbaye,Maguette Mbaye,M,1972-06-11,+22222786554,,1,Nouakchott-Nord,OCCASIONAL,,ACTIVE,2023-01-03,2024-09-11T10:11:07.820Z,2023-01-03T05:19:06.650Z,2024-09-11T10:11:07.820Z
107,9606751644,Sidi,Gaye,Sidi Gaye,M,1996-01-24,+22235613459,sidi.gaye454@hotmail.fr,6,Brakna,OCCASIONAL,,INACTIVE,2022-09-27,2023-08-22T21:31:50.120Z,2022-09-27T14:52:39.266Z,2023-08-22T21:31:50.120Z
108,9915435354,Lemrabott,Ould Ahmedou,Lemrabott Ould Ahmedou,M,1999-11-04,+22241036561,lemrabott.ouldahmedou915@hotmail.fr,15,Tiris Zemmour,OCCASIONAL,,ACTIVE,2023-01-13,2023-08-02T20:51:41.744Z,2023-01-13T05:36:32.223Z,2023-08-02T20:51:41.744Z
109,7309091481,Boubacar,Ould Khatri,Boubacar Ould Khatri,M,1973-06-15,+22224660667,boubacar.ouldkhatri347@hotmail.fr,9,Assaba,STANDARD,,ACTIVE,2022-07-03,2023-11-21T04:00:58.558Z,2022-07-03T02:06:33.046Z,2023-11-21T04:00:58.558Z
110,8501961392,Youssouf,Doucouré,Youssouf Doucouré,M,1985-05-23,+22232748436,,1,Nouakchott-Nord,ACTIVE,,ACTIVE,2024-10-23,2024-11-11T02:49:34.749Z,2024-10-23T03:26:06.156Z,2024-11-11T02:49:34.749Z
111,9801222093,Dramane,Wane,Dramane Wane,M,1998-12-07,+22237063854,,1,Nouakchott-Nord,ACTIVE,,ACTIVE,2022-06-25,2023-07-23T11:25:16.548Z,2022-06-25T02:36:33.420Z,2023-07-23T11:25:16.548Z
112,8802282853,Ahmedou,Ould El Hacen,Ahmedou Ould El Hacen,M,1988-03-10,+22249443256,,2,Nouakchott-Ouest,OCCASIONAL,,ACTIVE,2022-03-28,2024-07-15T12:49:33.036Z,2022-03-28T02:45:09.966Z,2024-07-15T12:49:33.036Z
113,9204868737,Cheikh Sidiya,Fofana,Cheikh Sidiya Fofana,M,1992-05-04,+22245222473,,4,Dakhlet Nouadhibou,DORMANT,,ACTIVE,2022-05-03,2024-08-10T21:50:34.846Z,2022-05-03T04:02:38.235Z,2024-08-10T21:50:34.846Z
114,0504932104,Kalilou,Sène,Kalilou Sène,M,2005-05-14,+22237667842,,4,Dakhlet Nouadhibou,DORMANT,,ACTIVE,2024-02-21,2024-07-11T07:37:37.445Z,2024-02-21T03:50:53.846Z,2024-07-11T07:37:37.445Z
115,0207180828,Jemila,Mint Horma,Jemila Mint Horma,F,2002-06-28,+22223552365,,7,Gorgol,STANDARD,,ACTIVE,2022-11-19,2023-02-16T06:02:58.398Z,2022-11-19T10:03:00.212Z,2023-02-16T06:02:58.398Z
116,7502248772,Jemila,Mint Hamadi,Jemila Mint Hamadi,F,1975-12-04,+22237070389,jemila.minthamadi192@gmail.com,2,Nouakchott-Ouest,OCCASIONAL,,ACTIVE,2022-09-25,2024-04-14T06:41:32.666Z,2022-09-25T20:32:48.870Z,2024-04-14T06:41:32.666Z
117,7902251084,Seynabou,Guèye,Seynabou Guèye,F,1979-06-07,+22243415109,,2,Nouakchott-Ouest,ACTIVE,,ACTIVE,2022-02-18,2024-10-11T01:59:08.271Z,2022-02-18T20:43:38.483Z,2024-10-11T01:59:08.271Z
118,8903442695,Fatoumata,Koné,Fatoumata Koné,F,1989-05-09,+22222528666,fatoumata.koné479@outlook.com,3,Nouakchott-Sud,ACTIVE,,ACTIVE,2024-08-05,2024-12-12T23:07:21.370Z,2024-08-05T00:13:17.686Z,2024-12-12T23:07:21.370Z
119,6715872309,Mouna,Mint Jiddou,Mouna Mint Jiddou,F,1967-12-21,+22232677137,mouna.mintjiddou109@gmail.com,15,Tiris Zemmour,OCCASIONAL,,ACTIVE,2023-04-19,2024-04-01T07:29:22.071Z,2023-04-19T17:03:40.791Z,2024-04-01T07:29:22.071Z
120,7402134540,Mouna,Tall,Mouna Tall,F,1974-04-03,+22233448682,mouna.tall556@gmail.com,2,Nouakchott-Ouest,ACTIVE,,ACTIVE,2024-10-04,2024-11-30T19:07:33.469Z,2024-10-04T00:32:42.119Z,2024-11-30T19:07:33.469Z
121,6602474346,Moulaye,Dia,Moulaye Dia,M,1966-06-26,+22223096362,,2,Nouakchott-Ouest,STANDARD,,ACTIVE,2022-05-05,2024-10-13T16:28:45.317Z,2022-05-05T00:04:55.224Z,2024-10-13T16:28:45.317Z
122,6708054785,Taleb,Cissé,Taleb Cissé,M,1967-11-18,+22234845099,taleb.cissé365@hotmail.fr,8,Guidimaka,STANDARD,,ACTIVE,2023-09-09,2024-06-19T08:59:30.289Z,2023-09-09T19:33:54.321Z,2024-06-19T08:59:30.289Z
123,8901923495,Habiba,Diakité,Habiba Diakité,F,1989-08-14,+22249844531,habiba.diakité830@gmail.com,1,Nouakchott-Nord,OCCASIONAL,,ACTIVE,2023-04-12,2024-06-28T06:13:13.981Z,2023-04-12T00:50:40.402Z,2024-06-28T06:13:13.981Z
124,9802519329,Mariem,Mint Abdel Kader,Mariem Mint Abdel Kader,F,1998-01-08,+22224262873,mariem.mintabdelkader62@yahoo.fr,2,Nouakchott-Ouest,STANDARD,,ACTIVE,2023-07-23,2023-08-15T08:04:13.634Z,2023-07-23T22:17:35.366Z,2023-08-15T08:04:13.634Z
125,7601821128,Mohamed Lemine,Thiam,Mohamed Lemine Thiam,M,1976-04-17,+22237726781,mohamedlemine.thiam264@yahoo.fr,1,Nouakchott-Nord,STANDARD,,ACTIVE,2022-12-29,2023-03-05T12:10:50.796Z,2022-12-29T09:05:49.750Z,2023-03-05T12:10:50.796Z
126,9104326016,Wedadi,Ould Jiddou,Wedadi Ould Jiddou,M,1991-02-04,+22233289672,,4,Dakhlet Nouadhibou,ACTIVE,,ACTIVE,2023-09-08,2024-03-10T06:58:35.711Z,2023-09-08T09:33:52.533Z,2024-03-10T06:58:35.711Z
127,8609528345,Mahjouba,Niang,Mahjouba Niang,F,1986-10-18,+22224636859,,9,Assaba,STANDARD,,ACTIVE,2024-11-26,2024-12-30T12:09:01.917Z,2024-11-26T09:21:50.697Z,2024-12-30T12:09:01.917Z
128,7201422312,Khalil,Diakité,Khalil Diakité,M,1972-04-18,+22223795629,khalil.diakité553@gmail.com,1,Nouakchott-Nord,OCCASIONAL,,ACTIVE,2024-05-27,2024-08-07T23:05:12.404Z,2024-05-27T05:38:31.869Z,2024-08-07T23:05:12.404Z
129,6107333205,Minetou,Mint Abdallah,Minetou Mint Abdallah,F,1961-02-16,+22249029162,,7,Gorgol,STANDARD,,ACTIVE,2023-11-10,2024-03-01T15:22:08.637Z,2023-11-10T23:55:40.145Z,2024-03-01T15:22:08.637Z
130,7102068071,Youssouf,Sy,Youssouf Sy,M,1971-05-07,+22222954320,,2,Nouakchott-Ouest,STANDARD,,ACTIVE,2024-07-12,2024-12-20T00:46:31.400Z,2024-07-12T04:32:51.701Z,2024-12-20T00:46:31.400Z
131,6302167803,Yahya,Ould El Ghassem,Yahya Ould El Ghassem,M,1963-09-10,+22233756961,,2,Nouakchott-Ouest,DORMANT,,ACTIVE,2023-06-14,2024-05-25T11:06:42.897Z,2023-06-14T07:49:59.244Z,2024-05-25T11:06:42.897Z
132,0002926144,Ghali,Ould Abdel Aziz,Ghali Ould Abdel Aziz,M,2000-07-15,+22243581085,ghali.ouldabdelaziz434@hotmail.fr,2,Nouakchott-Ouest,OCCASIONAL,,ACTIVE,2023-03-31,2024-03-03T17:14:00.244Z,2023-03-31T20:54:36.412Z,2024-03-03T17:14:00.244Z
133,7503582358,Aliou,Diakité,Aliou Diakité,M,1975-06-05,+22247220350,aliou.diakité228@hotmail.fr,3,Nouakchott-Sud,PREMIUM,,ACTIVE,2024-06-27,2024-08-05T08:13:25.157Z,2024-06-27T18:02:54.204Z,2024-08-05T08:13:25.157Z
134,6202644295,Lamine,Sarr,Lamine Sarr,M,1962-03-13,+22234358467,,2,Nouakchott-Ouest,OCCASIONAL,,PENDING_KYC,2023-07-16,2024-08-31T22:54:15.022Z,2023-07-16T11:49:10.298Z,2024-08-31T22:54:15.022Z
135,8103822846,Boubacar,Ould Khalil,Boubacar Ould Khalil,M,1981-07-09,+22236040923,boubacar.ouldkhalil777@outlook.com,3,Nouakchott-Sud,STANDARD,,ACTIVE,2024-11-13,2024-12-10T15:59:00.116Z,2024-11-13T06:12:33.935Z,2024-12-10T15:59:00.116Z
136,7907787993,Seynabou,Camara,Seynabou Camara,F,1979-07-22,+22237561807,seynabou.camara309@outlook.com,7,Gorgol,STANDARD,,ACTIVE,2023-05-05,2023-09-14T04:48:10.805Z,2023-05-05T03:30:48.575Z,2023-09-14T04:48:10.805Z
137,8602915854,Hamoud,Gaye,Hamoud Gaye,M,1986-02-21,+22233094430,,2,Nouakchott-Ouest,STANDARD,,ACTIVE,2024-01-24,2024-01-31T17:40:06.316Z,2024-01-24T21:28:49.748Z,2024-01-31T17:40:06.316Z
138,6715970982,Abdoul,Doucouré,Abdoul Doucouré,M,1967-12-24,+22236402194,,15,Tiris Zemmour,PREMIUM,,PENDING_KYC,2023-07-25,2024-08-06T23:38:45.056Z,2023-07-25T14:12:19.028Z,2024-08-06T23:38:45.056Z
139,9010348117,Mohamed,Ly,Mohamed Ly,M,1990-12-14,+22248344313,,10,Hodh Ech Chargui,ACTIVE,,ACTIVE,2024-01-02,2024-11-02T18:10:11.436Z,2024-01-02T09:52:15.654Z,2024-11-02T18:10:11.436Z
140,7215788592,Oumou,Mbow,Oumou Mbow,F,1972-01-25,+22236249427,,15,Tiris Zemmour,ACTIVE,,SUSPENDED,2024-08-29,2024-12-12T05:31:58.715Z,2024-08-29T08:46:53.532Z,2024-12-12T05:31:58.715Z
141,0203187832,Zein,Ould El Mamy,Zein Ould El Mamy,M,2002-08-09,+22223089415,zein.ouldelmamy999@hotmail.fr,3,Nouakchott-Sud,ACTIVE,,ACTIVE,2023-12-20,2024-05-23T11:09:01.949Z,2023-12-20T05:20:24.963Z,2024-05-23T11:09:01.949Z
142,8201978601,Youssouf,Ould Tourad,Youssouf Ould Tourad,M,1982-05-10,+22232011812,,1,Nouakchott-Nord,STANDARD,,ACTIVE,2022-08-15,2023-10-12T12:57:50.394Z,2022-08-15T08:07:42.251Z,2023-10-12T12:57:50.394Z
143,7015267918,Hafsata,Mint Jiddou,Hafsata Mint Jiddou,F,1970-02-26,+22235564148,hafsata.mintjiddou462@outlook.com,15,Tiris Zemmour,DORMANT,,ACTIVE,2024-09-14,2024-12-16T08:08:39.333Z,2024-09-14T14:12:44.011Z,2024-12-16T08:08:39.333Z
144,7902162771,El Mokhtar,Ould Hamoud,El Mokhtar Ould Hamoud,M,1979-11-02,+22225028938,,2,Nouakchott-Ouest,STANDARD,,ACTIVE,2022-06-21,2022-08-10T19:33:00.157Z,2022-06-21T20:33:52.086Z,2022-08-10T19:33:00.157Z
145,6901694342,Karounga,Ndour,Karounga Ndour,M,1969-09-15,+22235654625,,1,Nouakchott-Nord,OCCASIONAL,,ACTIVE,2023-02-09,2024-04-17T06:14:42.777Z,2023-02-09T11:54:28.201Z,2024-04-17T06:14:42.777Z
146,7215742569,Abdel Aziz,Ould Isselmou,Abdel Aziz Ould Isselmou,M,1972-12-01,+22234494362,,15,Tiris Zemmour,STANDARD,,ACTIVE,2023-02-16,2024-11-14T10:00:53.155Z,2023-02-16T21:31:59.710Z,2024-11-14T10:00:53.155Z
147,7601753076,Tamba,Sall,Tamba Sall,M,1976-03-28,+22222721188,tamba.sall451@hotmail.fr,1,Nouakchott-Nord,OCCASIONAL,,ACTIVE,2023-06-14,2023-07-31T14:35:14.437Z,2023-06-14T02:10:19.622Z,2023-07-31T14:35:14.437Z
148,7003182102,Cheikh,Ould Zein,Cheikh Ould Zein,M,1970-06-28,+22237679928,,3,Nouakchott-Sud,STANDARD,,ACTIVE,2023-03-06,2024-06-02T00:53:44.715Z,2023-03-06T22:13:33.016Z,2024-06-02T00:53:44.715Z
149,7715973683,Kadiatou,Camara,Kadiatou Camara,F,1977-02-20,+22246714467,kadiatou.camara158@yahoo.fr,15,Tiris Zemmour,STANDARD,,PENDING_KYC,2024-01-26,2024-05-31T23:06:27.103Z,2024-01-26T05:34:56.977Z,2024-05-31T23:06:27.103Z
150,9805146801,Yahya,Ould Salem,Yahya Ould Salem,M,1998-01-03,+22225800243,,5,Trarza,DORMANT,,ACTIVE,2022-09-05,2023-03-02T23:44:16.963Z,2022-09-05T04:09:28.167Z,2023-03-02T23:44:16.963Z
151,9601926339,Aicha,Thiaw,Aicha Thiaw,F,1996-05-07,+22246598411,,1,Nouakchott-Nord,STANDARD,,ACTIVE,2024-01-14,2024-06-07T12:01:17.700Z,2024-01-14T13:48:10.292Z,2024-06-07T12:01:17.700Z
152,8511508671,Naha,Mint Ahmed,Naha Mint Ahmed,F,1985-01-10,+22248943723,,11,Hodh El Gharbi,OCCASIONAL,,ACTIVE,2023-01-19,2023-10-02T00:20:42.616Z,2023-01-19T05:34:28.442Z,2023-10-02T00:20:42.616Z
153,6203190977,Soumaïla,Diakité,Soumaïla Diakité,M,1962-02-08,+22222836758,,3,Nouakchott-Sud,OCCASIONAL,,ACTIVE,2022-12-04,2023-08-05T20:37:58.581Z,2022-12-04T15:54:36.692Z,2023-08-05T20:37:58.581Z
154,9601418313,Codou,Bathily,Codou Bathily,F,1996-02-16,+22222601673,codou.bathily724@yahoo.fr,1,Nouakchott-Nord,STANDARD,,ACTIVE,2022-05-22,2023-01-19T11:06:28.026Z,2022-05-22T09:25:25.584Z,2023-01-19T11:06:28.026Z
155,6004974932,Nouh,Ould Horma,Nouh Ould Horma,M,1960-02-16,+22224624171,,4,Dakhlet Nouadhibou,OCCASIONAL,,ACTIVE,2024-12-21,2024-12-27T00:37:55.252Z,2024-12-21T08:36:46.980Z,2024-12-27T00:37:55.252Z
156,8010236639,Salem,Ould El Hacen,Salem Ould El Hacen,M,1980-03-13,+22225501612,salem.ouldelhacen635@hotmail.fr,10,Hodh Ech Chargui,OCCASIONAL,,INACTIVE,2024-10-07,2024-12-26T07:30:33.903Z,2024-10-07T03:28:35.790Z,2024-12-26T07:30:33.903Z
157,0403723728,Leila,Mint Abeih,Leila Mint Abeih,F,2004-06-06,+22235476254,leila.mintabeih663@gmail.com,3,Nouakchott-Sud,STANDARD,,ACTIVE,2024-02-01,2024-12-04T13:24:33.008Z,2024-02-01T22:45:15.628Z,2024-12-04T13:24:33.008Z
158,7802990982,Daba,Diallo,Daba Diallo,F,1978-03-28,+22222727101,,2,Nouakchott-Ouest,OCCASIONAL,,ACTIVE,2023-05-26,2024-07-18T01:02:07.630Z,2023-05-26T22:08:01.249Z,2024-07-18T01:02:07.630Z
159,6702587656,Adama,Cissé,Adama Cissé,M,1967-07-27,+22236256650,,2,Nouakchott-Ouest,VIP,,ACTIVE,2022-08-14,2023-11-24T06:22:10.819Z,2022-08-14T08:44:22.385Z,2023-11-24T06:22:10.819Z
160,8715780950,Lemrabott,Ould Mokhtar,Lemrabott Ould Mokhtar,M,1987-09-08,+22246138334,lemrabott.ouldmokhtar569@hotmail.fr,15,Tiris Zemmour,ACTIVE,,ACTIVE,2024-12-01,2024-12-01T18:20:52.287Z,2024-12-01T08:29:45.001Z,2024-12-01T18:20:52.287Z
161,9105670154,Maimouna,Dramé,Maimouna Dramé,F,1991-11-03,+22223558981,maimouna.dramé694@hotmail.fr,5,Trarza,STANDARD,,ACTIVE,2024-01-19,2024-12-13T19:23:09.386Z,2024-01-19T06:22:08.056Z,2024-12-13T19:23:09.386Z
162,8704042083,Pape,Soumaré,Pape Soumaré,M,1987-11-09,+22246666922,,4,Dakhlet Nouadhibou,DORMANT,,ACTIVE,2023-01-17,2023-02-22T20:01:30.674Z,2023-01-17T09:56:03.778Z,2023-02-22T20:01:30.674Z
163,8004863087,Mounina,Mint Hamoud,Mounina Mint Hamoud,F,1980-02-18,+22222288448,,4,Dakhlet Nouadhibou,ACTIVE,,ACTIVE,2024-02-13,2024-08-19T11:05:00.211Z,2024-02-13T13:01:14.965Z,2024-08-19T11:05:00.211Z
164,9001766694,Leila,Mint El Mamy,Leila Mint El Mamy,F,1990-03-01,+22248006097,,1,Nouakchott-Nord,STANDARD,,ACTIVE,2023-04-17,2024-02-22T23:16:03.363Z,2023-04-17T05:41:03.500Z,2024-02-22T23:16:03.363Z
165,8703191953,Khadijetou,Mint Abdel Kader,Khadijetou Mint Abdel Kader,F,1987-08-02,+22245599226,,3,Nouakchott-Sud,ACTIVE,,ACTIVE,2022-05-23,2022-12-16T23:09:59.022Z,2022-05-23T02:22:59.862Z,2022-12-16T23:09:59.022Z
166,8207046546,Kelthoum,Mint Tourad,Kelthoum Mint Tourad,F,1982-03-25,+22232907750,,7,Gorgol,OCCASIONAL,,ACTIVE,2024-07-21,2024-11-25T01:17:53.859Z,2024-07-21T10:58:20.790Z,2024-11-25T01:17:53.859Z
167,6903589033,Youssouf,Ould Hadrami,Youssouf Ould Hadrami,M,1969-08-02,+22233688649,youssouf.ouldhadrami333@yahoo.fr,3,Nouakchott-Sud,STANDARD,,ACTIVE,2022-05-16,2024-03-19T15:23:21.235Z,2022-05-16T18:33:09.842Z,2024-03-19T15:23:21.235Z
168,7002235469,Leila,Mint Soufi,Leila Mint Soufi,F,1970-07-22,+22223531397,leila.mintsoufi504@outlook.com,2,Nouakchott-Ouest,STANDARD,,ACTIVE,2024-07-02,2024-07-17T03:36:20.645Z,2024-07-02T18:55:07.882Z,2024-07-17T03:36:20.645Z
169,7602808382,Rokaya,Ba,Rokaya Ba,F,1976-02-03,+22223157872,rokaya.ba678@gmail.com,2,Nouakchott-Ouest,ACTIVE,,ACTIVE,2023-08-02,2024-04-23T04:39:08.997Z,2023-08-02T15:08:46.604Z,2024-04-23T04:39:08.997Z
170,8001895876,Khadijetou,Mint Isselmou,Khadijetou Mint Isselmou,F,1980-11-17,+22234119272,khadijetou.mintisselmou215@hotmail.fr,1,Nouakchott-Nord,ACTIVE,,ACTIVE,2023-10-03,2024-05-12T02:23:21.928Z,2023-10-03T19:04:58.599Z,2024-05-12T02:23:21.928Z
171,8903999580,Yahya,Sène,Yahya Sène,M,1989-12-13,+22248110166,yahya.sène317@hotmail.fr,3,Nouakchott-Sud,DORMANT,,ACTIVE,2022-11-23,2024-08-16T19:56:17.447Z,2022-11-23T18:16:55.623Z,2024-08-16T19:56:17.447Z
172,8901217660,Rokaya,Mint Lemrabott,Rokaya Mint Lemrabott,F,1989-03-07,+22224081411,,1,Nouakchott-Nord,OCCASIONAL,,ACTIVE,2022-04-26,2024-10-12T09:24:59.014Z,2022-04-26T00:26:06.418Z,2024-10-12T09:24:59.014Z
173,9908175313,Halima,Mint Messoud,Halima Mint Messoud,F,1999-06-16,+22236834895,,8,Guidimaka,PREMIUM,,ACTIVE,2024-08-06,2024-09-25T06:40:28.355Z,2024-08-06T13:38:23.939Z,2024-09-25T06:40:28.355Z
174,9102998996,Adama,Diop,Adama Diop,F,1991-10-12,+22222598906,adama.diop96@gmail.com,2,Nouakchott-Ouest,STANDARD,,ACTIVE,2022-07-10,2023-02-16T22:09:24.303Z,2022-07-10T01:31:17.777Z,2023-02-16T22:09:24.303Z
175,8503924146,Karounga,Gaye,Karounga Gaye,M,1985-01-18,+22223762047,karounga.gaye476@gmail.com,3,Nouakchott-Sud,OCCASIONAL,,ACTIVE,2023-06-26,2024-03-07T17:35:02.614Z,2023-06-26T20:25:49.251Z,2024-03-07T17:35:02.614Z
176,9101405729,Zein,Ould El Mokhtar,Zein Ould El Mokhtar,M,1991-10-22,+22225569851,zein.ouldelmokhtar935@hotmail.fr,1,Nouakchott-Nord,OCCASIONAL,,ACTIVE,2024-04-20,2024-08-25T09:06:53.286Z,2024-04-20T16:51:12.781Z,2024-08-25T09:06:53.286Z
177,9101155091,Nagi,Ould Lemrabott,Nagi Ould Lemrabott,M,1991-04-06,+22223357824,nagi.ouldlemrabott94@yahoo.fr,1,Nouakchott-Nord,STANDARD,,ACTIVE,2023-05-22,2024-07-11T03:28:41.988Z,2023-05-22T04:55:00.097Z,2024-07-11T03:28:41.988Z
178,6803335109,Ahmed Baba,Koné,Ahmed Baba Koné,M,1968-04-05,+22224047297,ahmedbaba.koné978@yahoo.fr,3,Nouakchott-Sud,ACTIVE,,ACTIVE,2024-06-19,2024-07-03T22:40:09.819Z,2024-06-19T22:38:57.679Z,2024-07-03T22:40:09.819Z
179,8405091760,Hamoud,Thiam,Hamoud Thiam,M,1984-06-03,+22222404078,,5,Trarza,OCCASIONAL,,ACTIVE,2024-08-26,2024-12-08T08:59:39.717Z,2024-08-26T04:56:40.475Z,2024-12-08T08:59:39.717Z
180,9302161361,Mouna,Mint Soufi,Mouna Mint Soufi,F,1993-11-10,+22223396816,mouna.mintsoufi709@yahoo.fr,2,Nouakchott-Ouest,OCCASIONAL,,ACTIVE,2023-03-14,2023-04-10T09:22:15.397Z,2023-03-14T09:39:03.823Z,2023-04-10T09:22:15.397Z
181,7501297810,Limam,Diagana,Limam Diagana,M,1975-03-02,+22234121508,,1,Nouakchott-Nord,STANDARD,,INACTIVE,2023-07-04,2024-08-30T04:18:23.696Z,2023-07-04T01:47:17.097Z,2024-08-30T04:18:23.696Z
182,9701069282,Aissata,Mbaye,Aissata Mbaye,F,1997-03-10,+22234047266,,1,Nouakchott-Nord,OCCASIONAL,,ACTIVE,2022-05-28,2024-06-23T23:57:11.194Z,2022-05-28T05:53:24.106Z,2024-06-23T23:57:11.194Z
183,9406564701,Khadijetou,Niang,Khadijetou Niang,F,1994-06-24,+22223004128,khadijetou.niang1@hotmail.fr,6,Brakna,STANDARD,,ACTIVE,2023-02-03,2023-12-10T16:39:57.303Z,2023-02-03T20:31:11.564Z,2023-12-10T16:39:57.303Z
184,7802611577,Aziza,Mint Moulaye,Aziza Mint Moulaye,F,1978-12-27,+22237582218,aziza.mintmoulaye178@hotmail.fr,2,Nouakchott-Ouest,DORMANT,,ACTIVE,2022-08-18,2023-04-25T21:20:25.432Z,2022-08-18T18:20:00.972Z,2023-04-25T21:20:25.432Z
185,8314991971,Yahya,Ould Ahmedou,Yahya Ould Ahmedou,M,1983-02-14,+22234601937,,14,Inchiri,STANDARD,,ACTIVE,2022-10-29,2023-08-25T01:32:49.835Z,2022-10-29T02:40:38.926Z,2023-08-25T01:32:49.835Z
186,7902118097,Souleymane,Cissé,Souleymane Cissé,M,1979-10-24,+22234872279,,2,Nouakchott-Ouest,STANDARD,,ACTIVE,2022-07-22,2023-02-12T19:57:32.588Z,2022-07-22T11:26:55.980Z,2023-02-12T19:57:32.588Z
187,7404662616,Mariama,Dia,Mariama Dia,F,1974-06-13,+22224759273,,4,Dakhlet Nouadhibou,ACTIVE,,ACTIVE,2022-11-11,2023-04-25T22:45:28.529Z,2022-11-11T10:39:35.322Z,2023-04-25T22:45:28.529Z
188,6613597467,Ismaila,Guèye,Ismaila Guèye,M,1966-09-01,+22223289964,,13,Tagant,ACTIVE,,ACTIVE,2024-10-10,2024-12-06T09:50:26.179Z,2024-10-10T06:13:52.244Z,2024-12-06T09:50:26.179Z
189,6602210063,Isselmou,Ould Taleb,Isselmou Ould Taleb,M,1966-03-09,+22245535917,,2,Nouakchott-Ouest,STANDARD,,ACTIVE,2022-01-27,2024-01-23T21:52:05.643Z,2022-01-27T06:36:08.032Z,2024-01-23T21:52:05.643Z
190,7603187899,Taleb,Ould Ethmane,Taleb Ould Ethmane,M,1976-03-08,+22225007296,,3,Nouakchott-Sud,PREMIUM,,ACTIVE,2022-09-12,2022-11-19T13:51:03.512Z,2022-09-12T21:41:45.469Z,2022-11-19T13:51:03.512Z
191,6702140550,Ténin,Kanouté,Ténin Kanouté,F,1967-01-15,+22237036099,,2,Nouakchott-Ouest,ACTIVE,,ACTIVE,2024-11-14,2024-11-29T07:01:57.966Z,2024-11-14T01:02:49.465Z,2024-11-29T07:01:57.966Z
192,6110109974,Mohamed Salem,Ould El Mamy,Mohamed Salem Ould El Mamy,M,1961-05-20,+22225238157,,10,Hodh Ech Chargui,OCCASIONAL,,ACTIVE,2022-07-16,2024-08-20T07:40:28.217Z,2022-07-16T18:19:53.802Z,2024-08-20T07:40:28.217Z
193,7015958050,Souleymane,Ould Jiddou,Souleymane Ould Jiddou,M,1970-05-16,+22234545290,souleymane.ouldjiddou194@gmail.com,15,Tiris Zemmour,STANDARD,,ACTIVE,2022-06-14,2023-07-09T14:13:28.447Z,2022-06-14T00:18:25.347Z,2023-07-09T14:13:28.447Z
194,7202703371,Oumou,Mint Vall,Oumou Mint Vall,F,1972-08-15,+22234986598,,2,Nouakchott-Ouest,OCCASIONAL,,PENDING_KYC,2023-08-07,2024-08-21T16:22:13.903Z,2023-08-07T10:24:43.668Z,2024-08-21T16:22:13.903Z
195,9803035233,Moustapha,Ould Cheikh,Moustapha Ould Cheikh,M,1998-06-15,+22236843907,moustapha.ouldcheikh803@gmail.com,3,Nouakchott-Sud,DORMANT,,ACTIVE,2023-12-06,2024-02-19T13:33:12.286Z,2023-12-06T07:25:54.360Z,2024-02-19T13:33:12.286Z
196,6304318667,Aichetou,Mint Saad,Aichetou Mint Saad,F,1963-10-04,+22224530071,,4,Dakhlet Nouadhibou,STANDARD,,ACTIVE,2023-10-05,2024-01-16T01:38:22.942Z,2023-10-05T21:52:20.007Z,2024-01-16T01:38:22.942Z
197,8505675220,Mokhtar,Kanouté,Mokhtar Kanouté,M,1985-03-27,+22222475196,mokhtar.kanouté974@outlook.com,5,Trarza,OCCASIONAL,,ACTIVE,2024-07-30,2024-11-04T23:15:07.522Z,2024-07-30T19:09:45.118Z,2024-11-04T23:15:07.522Z
198,0202625849,Minetou,Mint Jiddou,Minetou Mint Jiddou,F,2002-09-10,+22223375556,minetou.mintjiddou863@outlook.com,2,Nouakchott-Ouest,DORMANT,,PENDING_KYC,2023-11-25,2023-12-04T13:14:26.337Z,2023-11-25T02:36:27.374Z,2023-12-04T13:14:26.337Z
199,8502600865,Moulaye,Ould Abeih,Moulaye Ould Abeih,M,1985-11-27,+22225407371,,2,Nouakchott-Ouest,OCCASIONAL,,ACTIVE,2024-10-23,2024-12-13T04:42:39.161Z,2024-10-23T19:42:10.783Z,2024-12-13T04:42:39.161Z
200,9803466848,Halima,Ndiaye,Halima Ndiaye,F,1998-02-14,+22247201826,,3,Nouakchott-Sud,ACTIVE,,ACTIVE,2022-11-20,2023-06-04T17:00:16.492Z,2022-11-20T15:12:48.534Z,2023-06-04T17:00:16.492Z
201,7001262154,Hamoud,Ould Mokhtar,Hamoud Ould Mokhtar,M,1970-12-25,+22234044397,hamoud.ouldmokhtar944@yahoo.fr,1,Nouakchott-Nord,STANDARD,,ACTIVE,2024-02-22,2024-04-20T09:12:36.484Z,2024-02-22T05:10:15.152Z,2024-04-20T09:12:36.484Z
202,6202718567,Naima,Mint Messoud,Naima Mint Messoud,F,1962-04-15,+22233331683,,2,Nouakchott-Ouest,ACTIVE,,ACTIVE,2024-02-24,2024-04-01T04:45:54.515Z,2024-02-24T06:42:02.743Z,2024-04-01T04:45:54.515Z
203,7210125884,Aïda,Dieng,Aïda Dieng,F,1972-10-13,+22224478490,aïda.dieng568@outlook.com,10,Hodh Ech Chargui,STANDARD,,ACTIVE,2023-10-03,2024-05-30T01:23:21.592Z,2023-10-03T00:10:59.973Z,2024-05-30T01:23:21.592Z
204,8202296841,Aicha,Mint Ethmane,Aicha Mint Ethmane,F,1982-03-09,+22224901711,,2,Nouakchott-Ouest,DORMANT,,ACTIVE,2024-02-01,2024-11-03T22:22:43.379Z,2024-02-01T17:09:10.292Z,2024-11-03T22:22:43.379Z
205,0004870470,Leila,Niang,Leila Niang,F,2000-08-27,+22248322122,,4,Dakhlet Nouadhibou,DORMANT,,ACTIVE,2022-03-31,2023-05-25T15:32:34.201Z,2022-03-31T02:19:30.638Z,2023-05-25T15:32:34.201Z
206,6701777364,Ethmane,Ould Horma,Ethmane Ould Horma,M,1967-09-19,+22232893498,,1,Nouakchott-Nord,DORMANT,,ACTIVE,2022-05-16,2023-06-01T04:15:18.525Z,2022-05-16T08:17:45.171Z,2023-06-01T04:15:18.525Z
207,6202836872,Koumba,Ndiaye,Koumba Ndiaye,F,1962-08-21,+22223768759,,2,Nouakchott-Ouest,OCCASIONAL,,ACTIVE,2023-02-21,2023-03-26T14:53:31.346Z,2023-02-21T21:50:20.501Z,2023-03-26T14:53:31.346Z
208,8707798534,Mohamed Salem,Ould Abeih,Mohamed Salem Ould Abeih,M,1987-06-23,+22232683545,,7,Gorgol,STANDARD,,ACTIVE,2022-12-18,2024-10-27T11:42:04.921Z,2022-12-18T01:57:05.654Z,2024-10-27T11:42:04.921Z
209,0301685889,Tourad,Ould Taleb,Tourad Ould Taleb,M,2003-06-06,+22223323853,,1,Nouakchott-Nord,STANDARD,,ACTIVE,2023-08-12,2024-12-15T22:31:36.170Z,2023-08-12T02:54:42.123Z,2024-12-15T22:31:36.170Z
210,8601061596,Kadiatou,Koita,Kadiatou Koita,F,1986-11-11,+22232663482,,1,Nouakchott-Nord,OCCASIONAL,,ACTIVE,2022-08-19,2023-11-06T14:13:41.826Z,2022-08-19T18:34:56.692Z,2023-11-06T14:13:41.826Z
211,8302168536,Naha,Mint Horma,Naha Mint Horma,F,1983-12-07,+22223953362,,2,Nouakchott-Ouest,STANDARD,,ACTIVE,2022-05-05,2022-12-31T05:32:53.889Z,2022-05-05T22:13:51.762Z,2022-12-31T05:32:53.889Z
212,8302436141,Zahra,Mint Brahim,Zahra Mint Brahim,F,1983-03-23,+22223563211,,2,Nouakchott-Ouest,DORMANT,,INACTIVE,2023-12-06,2024-03-25T00:59:49.289Z,2023-12-06T21:37:01.834Z,2024-03-25T00:59:49.289Z
213,7604502059,Hawa,Cissé,Hawa Cissé,F,1976-05-14,+22224531333,,4,Dakhlet Nouadhibou,ACTIVE,,ACTIVE,2023-01-11,2023-12-24T18:51:17.696Z,2023-01-11T07:59:53.601Z,2023-12-24T18:51:17.696Z
214,0302635111,Brahim,Ould El Mamy,Brahim Ould El Mamy,M,2003-01-16,+22225829164,,2,Nouakchott-Ouest,OCCASIONAL,,ACTIVE,2023-04-02,2023-08-03T10:12:01.930Z,2023-04-02T04:44:44.997Z,2023-08-03T10:12:01.930Z
215,6604096999,Vadel,Ould El Mamy,Vadel Ould El Mamy,M,1966-01-17,+22232894127,,4,Dakhlet Nouadhibou,STANDARD,,ACTIVE,2024-04-02,2024-10-15T13:03:38.263Z,2024-04-02T11:14:52.864Z,2024-10-15T13:03:38.263Z
216,0205015799,Zahra,Mint Habiboullah,Zahra Mint Habiboullah,F,2002-03-01,+22223596234,zahra.minthabiboullah995@yahoo.fr,5,Trarza,OCCASIONAL,,ACTIVE,2023-09-05,2024-05-09T19:26:29.562Z,2023-09-05T12:04:20.555Z,2024-05-09T19:26:29.562Z
217,6302735196,Ghalia,Soumaré,Ghalia Soumaré,F,1963-05-07,+22224092408,,2,Nouakchott-Ouest,STANDARD,,BLOCKED,2024-01-30,2024-07-16T07:07:58.405Z,2024-01-30T10:56:52.878Z,2024-07-16T07:07:58.405Z
218,7004712562,Mohamed Yahya,Sow,Mohamed Yahya Sow,M,1970-12-15,+22234619226,,4,Dakhlet Nouadhibou,ACTIVE,,ACTIVE,2023-09-06,2024-01-11T02:11:30.674Z,2023-09-06T06:54:36.085Z,2024-01-11T02:11:30.674Z
219,8806671129,Salem,Ould Hamoud,Salem Ould Hamoud,M,1988-07-17,+22222308066,salem.ouldhamoud496@gmail.com,6,Brakna,STANDARD,,ACTIVE,2024-03-06,2024-03-29T07:35:43.119Z,2024-03-06T11:34:30.178Z,2024-03-29T07:35:43.119Z
220,0102371914,Hafsata,Kanouté,Hafsata Kanouté,F,2001-04-13,+22233031574,hafsata.kanouté169@yahoo.fr,2,Nouakchott-Ouest,OCCASIONAL,,ACTIVE,2024-12-21,2024-12-27T23:42:40.435Z,2024-12-21T12:16:31.140Z,2024-12-27T23:42:40.435Z
221,9602429787,Minetou,Dieng,Minetou Dieng,F,1996-01-27,+22242077688,,2,Nouakchott-Ouest,ACTIVE,,INACTIVE,2024-03-20,2024-03-25T23:28:44.231Z,2024-03-20T15:22:46.264Z,2024-03-25T23:28:44.231Z
222,0204046613,Cheibany,Ould Khatri,Cheibany Ould Khatri,M,2002-02-26,+22233706711,,4,Dakhlet Nouadhibou,STANDARD,,ACTIVE,2022-05-25,2023-10-14T21:17:53.818Z,2022-05-25T16:30:42.543Z,2023-10-14T21:17:53.818Z
223,6103396356,Ahmed Salem,Wade,Ahmed Salem Wade,M,1961-10-26,+22232851762,,3,Nouakchott-Sud,STANDARD,,ACTIVE,2022-03-08,2024-08-20T08:22:32.618Z,2022-03-08T14:47:15.941Z,2024-08-20T08:22:32.618Z
224,9502527954,Aïssata,Tall,Aïssata Tall,F,1995-09-21,+22237275766,aïssata.tall384@yahoo.fr,2,Nouakchott-Ouest,STANDARD,,ACTIVE,2022-08-19,2024-07-03T10:07:27.246Z,2022-08-19T22:29:08.918Z,2024-07-03T10:07:27.246Z
225,7307150597,Samba,Cissé,Samba Cissé,M,1973-06-28,+22246398037,,7,Gorgol,OCCASIONAL,,ACTIVE,2022-09-30,2023-10-07T00:35:33.649Z,2022-09-30T20:35:02.560Z,2023-10-07T00:35:33.649Z
226,8711713996,Bocar,Fofana,Bocar Fofana,M,1987-07-17,+22223057743,,11,Hodh El Gharbi,ACTIVE,,ACTIVE,2022-04-05,2023-06-30T03:37:30.318Z,2022-04-05T13:51:23.869Z,2023-06-30T03:37:30.318Z
227,7707750014,Ténin,Sène,Ténin Sène,F,1977-05-21,+22234278884,,7,Gorgol,ACTIVE,,ACTIVE,2022-02-27,2022-03-16T23:15:22.731Z,2022-02-27T06:25:51.052Z,2022-03-16T23:15:22.731Z
228,9802127166,Bakary,Mbaye,Bakary Mbaye,M,1998-06-24,+22233663164,bakary.mbaye371@outlook.com,2,Nouakchott-Ouest,ACTIVE,,ACTIVE,2024-03-08,2024-09-23T14:01:24.185Z,2024-03-08T06:51:06.577Z,2024-09-23T14:01:24.185Z
229,6507850258,Mohamed,Ould Horma,Mohamed Ould Horma,M,1965-10-25,+22241938689,,7,Gorgol,OCCASIONAL,,ACTIVE,2024-10-07,2024-10-18T13:12:53.139Z,2024-10-07T16:13:46.329Z,2024-10-18T13:12:53.139Z
230,0201194771,Rokaya,Sissoko,Rokaya Sissoko,F,2002-04-05,+22245313116,,1,Nouakchott-Nord,OCCASIONAL,,ACTIVE,2023-09-22,2023-10-05T15:16:56.712Z,2023-09-22T04:02:58.582Z,2023-10-05T15:16:56.712Z
231,6412157411,Sidina,Ould Abeih,Sidina Ould Abeih,M,1964-10-03,+22224582525,,12,Adrar,ACTIVE,,SUSPENDED,2024-07-15,2024-12-29T03:14:11.277Z,2024-07-15T19:53:15.314Z,2024-12-29T03:14:11.277Z
232,9801736622,Lemrabott,Ould El Ghassem,Lemrabott Ould El Ghassem,M,1998-04-12,+22223377950,,1,Nouakchott-Nord,ACTIVE,,ACTIVE,2022-05-22,2023-06-23T02:04:54.257Z,2022-05-22T13:26:24.175Z,2023-06-23T02:04:54.257Z
233,8709465942,Defa,Mint Khalil,Defa Mint Khalil,F,1987-09-22,+22235816824,defa.mintkhalil701@gmail.com,9,Assaba,STANDARD,,ACTIVE,2024-07-22,2024-12-01T16:02:17.902Z,2024-07-22T17:54:07.170Z,2024-12-01T16:02:17.902Z
234,6403287156,Hafsata,Mint Horma,Hafsata Mint Horma,F,1964-03-19,+22223795528,,3,Nouakchott-Sud,STANDARD,,ACTIVE,2023-01-08,2024-10-22T13:51:44.432Z,2023-01-08T20:36:11.109Z,2024-10-22T13:51:44.432Z
235,6315174816,Tekber,Bâ,Tekber Bâ,F,1963-07-08,+22249319533,tekber.bâ155@outlook.com,15,Tiris Zemmour,STANDARD,,ACTIVE,2024-12-21,2024-12-28T13:41:04.456Z,2024-12-21T04:16:04.183Z,2024-12-28T13:41:04.456Z
236,6215022211,Sidi,Thiaw,Sidi Thiaw,M,1962-08-27,+22232337452,sidi.thiaw244@yahoo.fr,15,Tiris Zemmour,OCCASIONAL,,ACTIVE,2024-03-06,2024-06-09T11:40:53.530Z,2024-03-06T11:23:58.602Z,2024-06-09T11:40:53.530Z
237,9302206855,Mahjouba,Diop,Mahjouba Diop,F,1993-01-07,+22246691210,mahjouba.diop339@yahoo.fr,2,Nouakchott-Ouest,STANDARD,,BLOCKED,2022-10-13,2024-06-30T18:53:56.000Z,2022-10-13T14:38:52.944Z,2024-06-30T18:53:56.000Z
238,8701903615,Defa,Mint Khatri,Defa Mint Khatri,F,1987-04-11,+22234572211,,1,Nouakchott-Nord,STANDARD,,ACTIVE,2024-01-30,2024-08-31T08:36:48.674Z,2024-01-30T21:04:01.310Z,2024-08-31T08:36:48.674Z
239,0403394878,Mahfoudh,Sow,Mahfoudh Sow,M,2004-09-11,+22223500915,mahfoudh.sow784@gmail.com,3,Nouakchott-Sud,STANDARD,,ACTIVE,2024-04-03,2024-08-28T21:18:46.285Z,2024-04-03T05:46:20.580Z,2024-08-28T21:18:46.285Z
240,7702901141,Khady,Tall,Khady Tall,F,1977-04-23,+22224536097,khady.tall598@outlook.com,2,Nouakchott-Ouest,OCCASIONAL,,ACTIVE,2022-10-23,2024-04-20T18:17:07.062Z,2022-10-23T23:23:38.250Z,2024-04-20T18:17:07.062Z
241,9601433297,Koumba,Bâ,Koumba Bâ,F,1996-06-03,+22233805945,,1,Nouakchott-Nord,STANDARD,,ACTIVE,2023-01-25,2024-12-19T05:41:53.246Z,2023-01-25T12:24:37.649Z,2024-12-19T05:41:53.246Z
242,8203836673,Mohamed Vall,Ould Horma,Mohamed Vall Ould Horma,M,1982-02-03,+22236284538,mohamedvall.ouldhorma149@yahoo.fr,3,Nouakchott-Sud,STANDARD,,ACTIVE,2022-03-11,2024-11-13T05:44:39.175Z,2022-03-11T05:48:27.256Z,2024-11-13T05:44:39.175Z
243,9204132663,Ely,Ould Nenni,Ely Ould Nenni,M,1992-02-08,+22235461404,ely.ouldnenni485@yahoo.fr,4,Dakhlet Nouadhibou,OCCASIONAL,,ACTIVE,2024-11-07,2024-12-15T09:04:24.680Z,2024-11-07T04:18:36.276Z,2024-12-15T09:04:24.680Z
244,8203221929,Moulaye,Ould El Mamy,Moulaye Ould El Mamy,M,1982-03-21,+22243194552,,3,Nouakchott-Sud,ACTIVE,,ACTIVE,2022-06-04,2022-11-05T09:33:19.489Z,2022-06-04T13:36:13.122Z,2022-11-05T09:33:19.489Z
245,9402024753,Mohamed Vall,Ould Jiddou,Mohamed Vall Ould Jiddou,M,1994-04-05,+22223517700,,2,Nouakchott-Ouest,DORMANT,,ACTIVE,2024-09-19,2024-10-22T09:43:33.291Z,2024-09-19T12:34:35.168Z,2024-10-22T09:43:33.291Z
246,6115925807,Bilal,Thiaw,Bilal Thiaw,M,1961-02-24,+22233879442,,15,Tiris Zemmour,OCCASIONAL,,ACTIVE,2023-12-04,2024-10-01T11:24:23.467Z,2023-12-04T05:35:33.052Z,2024-10-01T11:24:23.467Z
247,9703683668,Mansour,Bâ,Mansour Bâ,M,1997-06-03,+22233887369,,3,Nouakchott-Sud,STANDARD,,ACTIVE,2023-11-23,2024-11-13T09:54:04.167Z,2023-11-23T10:25:39.430Z,2024-11-13T09:54:04.167Z
248,7304100577,Rougui,Mbaye,Rougui Mbaye,F,1973-04-04,+22223328652,,4,Dakhlet Nouadhibou,OCCASIONAL,,ACTIVE,2022-11-22,2024-09-19T08:48:27.660Z,2022-11-22T01:50:37.231Z,2024-09-19T08:48:27.660Z
249,9003371542,Noura,Mint Eleya,Noura Mint Eleya,F,1990-04-13,+22225076180,,3,Nouakchott-Sud,STANDARD,,ACTIVE,2024-08-21,2024-10-06T00:54:09.454Z,2024-08-21T18:26:17.126Z,2024-10-06T00:54:09.454Z
250,7001856872,Houda,Camara,Houda Camara,F,1970-04-11,+22222259780,houda.camara52@gmail.com,1,Nouakchott-Nord,STANDARD,,SUSPENDED,2023-05-10,2024-02-26T11:14:59.265Z,2023-05-10T10:36:31.943Z,2024-02-26T11:14:59.265Z
251,7701919251,Oumou,Mbaye,Oumou Mbaye,F,1977-11-20,+22223646120,oumou.mbaye177@gmail.com,1,Nouakchott-Nord,OCCASIONAL,,ACTIVE,2022-02-26,2022-06-02T07:08:18.035Z,2022-02-26T20:15:42.169Z,2022-06-02T07:08:18.035Z
252,9901035029,Souleymane,Touré,Souleymane Touré,M,1999-05-13,+22224846282,,1,Nouakchott-Nord,ACTIVE,,ACTIVE,2024-04-30,2024-10-05T00:24:47.258Z,2024-04-30T06:12:49.232Z,2024-10-05T00:24:47.258Z
253,7012448679,Aichetou,Bathily,Aichetou Bathily,F,1970-07-21,+22222479697,,12,Adrar,OCCASIONAL,,ACTIVE,2023-05-15,2023-08-07T03:02:53.364Z,2023-05-15T13:51:28.559Z,2023-08-07T03:02:53.364Z
254,7302810966,Saad,Diakité,Saad Diakité,M,1973-05-22,+22235440073,,2,Nouakchott-Ouest,STANDARD,,ACTIVE,2023-07-19,2024-01-15T02:34:40.193Z,2023-07-19T03:55:37.951Z,2024-01-15T02:34:40.193Z
255,7002434336,Nana,Dieng,Nana Dieng,F,1970-11-13,+22222418570,,2,Nouakchott-Ouest,STANDARD,,ACTIVE,2022-05-15,2022-08-03T00:53:21.042Z,2022-05-15T13:27:43.738Z,2022-08-03T00:53:21.042Z
256,6205226957,Assa,Sow,Assa Sow,F,1962-07-13,+22241970071,assa.sow202@outlook.com,5,Trarza,STANDARD,,ACTIVE,2023-08-05,2024-05-04T13:32:36.798Z,2023-08-05T00:26:21.457Z,2024-05-04T13:32:36.798Z
257,7302466536,Assa,Niang,Assa Niang,F,1973-07-12,+22222343020,assa.niang695@outlook.com,2,Nouakchott-Ouest,STANDARD,,ACTIVE,2022-08-14,2024-06-21T00:12:34.271Z,2022-08-14T00:28:50.355Z,2024-06-21T00:12:34.271Z
258,6602620899,Messoud,Gaye,Messoud Gaye,M,1966-07-08,+22233017156,,2,Nouakchott-Ouest,STANDARD,,ACTIVE,2024-11-04,2024-11-23T00:09:37.229Z,2024-11-04T00:12:16.118Z,2024-11-23T00:09:37.229Z
259,8602286541,Dialika,Baldé,Dialika Baldé,F,1986-11-10,+22222655945,,2,Nouakchott-Ouest,ACTIVE,,ACTIVE,2022-02-22,2022-04-05T19:53:33.066Z,2022-02-22T09:25:57.169Z,2022-04-05T19:53:33.066Z
260,7706579742,Tekber,Mint Wedadi,Tekber Mint Wedadi,F,1977-02-27,+22237010842,tekber.mintwedadi933@gmail.com,6,Brakna,ACTIVE,,ACTIVE,2024-01-23,2024-03-14T13:34:12.651Z,2024-01-23T16:17:39.660Z,2024-03-14T13:34:12.651Z
261,8401149478,Taleb,Fofana,Taleb Fofana,M,1984-08-13,+22232048418,,1,Nouakchott-Nord,ACTIVE,,ACTIVE,2024-12-20,2024-12-23T10:11:04.261Z,2024-12-20T09:04:00.386Z,2024-12-23T10:11:04.261Z
262,6401480856,Binta,Fall,Binta Fall,F,1964-05-02,+22248674237,,1,Nouakchott-Nord,ACTIVE,,ACTIVE,2023-12-20,2024-08-27T01:43:27.947Z,2023-12-20T23:05:49.531Z,2024-08-27T01:43:27.947Z
263,9502580469,Youssouf,Ould Nenni,Youssouf Ould Nenni,M,1995-02-26,+22223406031,youssouf.ouldnenni412@yahoo.fr,2,Nouakchott-Ouest,OCCASIONAL,,ACTIVE,2024-01-23,2024-04-17T07:42:30.109Z,2024-01-23T21:10:22.563Z,2024-04-17T07:42:30.109Z
264,0101987275,Koumba,Koné,Koumba Koné,F,2001-10-18,+22241677599,,1,Nouakchott-Nord,OCCASIONAL,,ACTIVE,2024-04-28,2024-12-09T17:00:39.850Z,2024-04-28T18:38:45.547Z,2024-12-09T17:00:39.850Z
265,6503808976,Karamoko,Anne,Karamoko Anne,M,1965-09-07,+22222071927,,3,Nouakchott-Sud,OCCASIONAL,,ACTIVE,2024-01-22,2024-10-20T17:00:49.541Z,2024-01-22T13:23:53.902Z,2024-10-20T17:00:49.541Z
266,7814188164,Dah,Dia,Dah Dia,M,1978-11-18,+22234602506,dah.dia788@gmail.com,14,Inchiri,PREMIUM,,BLOCKED,2022-06-07,2022-07-17T19:24:40.392Z,2022-06-07T23:03:02.530Z,2022-07-17T19:24:40.392Z
267,7501372544,Mariam,Mint Nagi,Mariam Mint Nagi,F,1975-01-07,+22234564718,,1,Nouakchott-Nord,STANDARD,,ACTIVE,2023-07-28,2023-08-22T10:19:50.992Z,2023-07-28T09:31:57.803Z,2023-08-22T10:19:50.992Z
268,9815539796,Khadijetou,Mint Jiddou,Khadijetou Mint Jiddou,F,1998-08-23,+22225682884,khadijetou.mintjiddou636@yahoo.fr,15,Tiris Zemmour,OCCASIONAL,,PENDING_KYC,2023-03-25,2024-06-07T18:12:40.119Z,2023-03-25T15:24:11.961Z,2024-06-07T18:12:40.119Z
269,7501381005,Minetou,Diop,Minetou Diop,F,1975-04-12,+22222362815,minetou.diop192@gmail.com,1,Nouakchott-Nord,PREMIUM,,ACTIVE,2024-06-03,2024-10-19T08:12:24.889Z,2024-06-03T18:08:20.157Z,2024-10-19T08:12:24.889Z
270,8715259434,Mariama,Mbow,Mariama Mbow,F,1987-06-20,+22225145027,,15,Tiris Zemmour,STANDARD,,ACTIVE,2024-12-04,2024-12-30T23:17:35.484Z,2024-12-04T07:25:33.651Z,2024-12-30T23:17:35.484Z
271,9315368892,Tekber,Mint Abdallah,Tekber Mint Abdallah,F,1993-07-18,+22247149194,,15,Tiris Zemmour,PREMIUM,,ACTIVE,2024-03-07,2024-11-24T13:43:38.501Z,2024-03-07T16:41:06.771Z,2024-11-24T13:43:38.501Z
272,9401386641,Saadbouh,Sène,Saadbouh Sène,M,1994-05-13,+22222286457,saadbouh.sène441@yahoo.fr,1,Nouakchott-Nord,ACTIVE,,ACTIVE,2024-01-21,2024-12-12T18:43:32.976Z,2024-01-21T04:49:18.738Z,2024-12-12T18:43:32.976Z
273,8902740347,Djimé,Diop,Djimé Diop,M,1989-12-10,+22232970773,,2,Nouakchott-Ouest,DORMANT,,ACTIVE,2023-05-26,2024-09-20T20:59:28.345Z,2023-05-26T15:52:38.778Z,2024-09-20T20:59:28.345Z
274,8401868623,Mbarka,Mint Mokhtar,Mbarka Mint Mokhtar,F,1984-06-28,+22223947138,mbarka.mintmokhtar329@outlook.com,1,Nouakchott-Nord,VIP,,ACTIVE,2024-07-18,2024-08-13T08:15:54.779Z,2024-07-18T15:47:34.908Z,2024-08-13T08:15:54.779Z
275,8108357754,Maloum,Ould Isselmou,Maloum Ould Isselmou,M,1981-12-05,+22222409261,,8,Guidimaka,ACTIVE,,ACTIVE,2022-11-11,2023-09-22T20:29:55.603Z,2022-11-11T08:01:02.200Z,2023-09-22T20:29:55.603Z
276,7004193880,Binta,Diop,Binta Diop,F,1970-07-08,+22241983467,,4,Dakhlet Nouadhibou,VIP,,ACTIVE,2024-09-08,2024-10-05T07:53:23.888Z,2024-09-08T09:15:35.793Z,2024-10-05T07:53:23.888Z
277,8502114584,Rougui,Kanouté,Rougui Kanouté,F,1985-12-22,+22234277770,,2,Nouakchott-Ouest,OCCASIONAL,,ACTIVE,2022-09-27,2024-08-10T05:39:26.282Z,2022-09-27T23:54:36.999Z,2024-08-10T05:39:26.282Z
278,9901967719,Tekber,Mint Isselmou,Tekber Mint Isselmou,F,1999-10-19,+22224993803,,1,Nouakchott-Nord,OCCASIONAL,,ACTIVE,2022-06-28,2024-10-06T03:36:50.392Z,2022-06-28T03:03:54.530Z,2024-10-06T03:36:50.392Z
279,7501963753,Mountaga,Soumaré,Mountaga Soumaré,M,1975-07-24,+22246853220,mountaga.soumaré629@yahoo.fr,1,Nouakchott-Nord,OCCASIONAL,,SUSPENDED,2023-04-03,2024-05-21T17:56:56.476Z,2023-04-03T13:13:05.559Z,2024-05-21T17:56:56.476Z
280,7402350067,Djimé,Sow,Djimé Sow,M,1974-02-14,+22222970522,djimé.sow998@outlook.com,2,Nouakchott-Ouest,STANDARD,,ACTIVE,2023-07-08,2024-03-10T23:06:03.739Z,2023-07-08T21:16:23.631Z,2024-03-10T23:06:03.739Z
281,7301783706,Saad,Ould Mohamed,Saad Ould Mohamed,M,1973-06-26,+22224009749,saad.ouldmohamed212@yahoo.fr,1,Nouakchott-Nord,STANDARD,,ACTIVE,2022-10-26,2023-04-17T17:37:40.003Z,2022-10-26T14:07:57.351Z,2023-04-17T17:37:40.003Z
282,6403405709,Mbareck,Thiam,Mbareck Thiam,M,1964-12-04,+22224356462,,3,Nouakchott-Sud,OCCASIONAL,,ACTIVE,2024-03-09,2024-06-14T09:08:31.224Z,2024-03-09T04:13:37.411Z,2024-06-14T09:08:31.224Z
283,0211063890,Aïda,Dramé,Aïda Dramé,F,2002-06-22,+22236589896,aïda.dramé328@gmail.com,11,Hodh El Gharbi,STANDARD,,ACTIVE,2023-04-16,2024-06-26T19:13:59.215Z,2023-04-16T09:59:06.477Z,2024-06-26T19:13:59.215Z
284,7912171974,Mohamed Lemine,Ould El Ghassem,Mohamed Lemine Ould El Ghassem,M,1979-03-21,+22235083712,,12,Adrar,STANDARD,,ACTIVE,2024-04-04,2024-11-02T11:27:02.588Z,2024-04-04T05:47:30.175Z,2024-11-02T11:27:02.588Z
285,8901034511,Lehbib,Ould Mohamed,Lehbib Ould Mohamed,M,1989-06-02,+22233635134,lehbib.ouldmohamed250@yahoo.fr,1,Nouakchott-Nord,PREMIUM,,ACTIVE,2024-03-15,2024-05-24T03:09:19.763Z,2024-03-15T15:10:57.389Z,2024-05-24T03:09:19.763Z
286,6515369645,Kelthoum,Mint Ethmane,Kelthoum Mint Ethmane,F,1965-04-12,+22247304256,kelthoum.mintethmane358@yahoo.fr,15,Tiris Zemmour,STANDARD,,ACTIVE,2024-05-25,2024-10-07T21:59:19.521Z,2024-05-25T00:04:24.273Z,2024-10-07T21:59:19.521Z
287,8402271273,Saad,Yatabaré,Saad Yatabaré,M,1984-01-27,+22225764289,,2,Nouakchott-Ouest,STANDARD,,ACTIVE,2022-03-31,2024-11-06T17:05:34.225Z,2022-03-31T07:59:10.259Z,2024-11-06T17:05:34.225Z
288,6904018198,Cheick,Bâ,Cheick Bâ,M,1969-04-25,+22222937788,cheick.bâ726@gmail.com,4,Dakhlet Nouadhibou,PREMIUM,,ACTIVE,2024-11-02,2024-12-28T05:34:13.062Z,2024-11-02T06:22:18.948Z,2024-12-28T05:34:13.062Z
289,0110011532,Limam,Ould Cheikh,Limam Ould Cheikh,M,2001-07-17,+22236124213,limam.ouldcheikh503@hotmail.fr,10,Hodh Ech Chargui,STANDARD,,ACTIVE,2022-10-05,2023-07-24T17:54:52.792Z,2022-10-05T12:44:42.975Z,2023-07-24T17:54:52.792Z
290,8915931231,Nouh,Faye,Nouh Faye,M,1989-06-08,+22249146044,nouh.faye548@yahoo.fr,15,Tiris Zemmour,STANDARD,,ACTIVE,2024-06-07,2024-11-27T06:26:36.565Z,2024-06-07T23:41:55.304Z,2024-11-27T06:26:36.565Z
291,8802406839,Sidina,Ould Hamadi,Sidina Ould Hamadi,M,1988-10-08,+22225691155,sidina.ouldhamadi984@outlook.com,2,Nouakchott-Ouest,OCCASIONAL,,ACTIVE,2023-11-27,2024-04-18T20:12:35.374Z,2023-11-27T04:46:01.874Z,2024-04-18T20:12:35.374Z
292,0303159629,Zeinab,Soumaré,Zeinab Soumaré,F,2003-12-07,+22247310415,zeinab.soumaré979@gmail.com,3,Nouakchott-Sud,OCCASIONAL,,ACTIVE,2022-05-30,2023-09-15T21:41:16.263Z,2022-05-30T21:02:40.382Z,2023-09-15T21:41:16.263Z
293,8206088215,Wedadi,Ould El Mamy,Wedadi Ould El Mamy,M,1982-11-11,+22224509765,,6,Brakna,STANDARD,,ACTIVE,2023-03-13,2023-08-27T09:27:42.768Z,2023-03-13T01:16:01.561Z,2023-08-27T09:27:42.768Z
294,7102141501,Ndèye,Sall,Ndèye Sall,F,1971-12-25,+22236189696,ndèye.sall92@hotmail.fr,2,Nouakchott-Ouest,OCCASIONAL,,ACTIVE,2024-01-25,2024-09-04T07:06:12.801Z,2024-01-25T08:40:49.143Z,2024-09-04T07:06:12.801Z
295,6404325497,Coumba,Niang,Coumba Niang,F,1964-10-19,+22234244698,,4,Dakhlet Nouadhibou,VIP,,ACTIVE,2022-06-26,2024-04-26T06:47:47.671Z,2022-06-26T21:25:20.652Z,2024-04-26T06:47:47.671Z
296,7504546135,Leila,Mint Lemrabott,Leila Mint Lemrabott,F,1975-12-28,+22222748196,leila.mintlemrabott773@yahoo.fr,4,Dakhlet Nouadhibou,OCCASIONAL,,INACTIVE,2022-03-21,2024-11-28T12:25:53.224Z,2022-03-21T16:52:52.229Z,2024-11-28T12:25:53.224Z
297,8702444931,Assa,Ba,Assa Ba,F,1987-02-11,+22224019214,assa.ba95@gmail.com,2,Nouakchott-Ouest,STANDARD,,ACTIVE,2022-05-13,2023-05-04T05:54:11.808Z,2022-05-13T06:07:12.355Z,2023-05-04T05:54:11.808Z
298,0306675951,Wedadi,Ould Ahmedou,Wedadi Ould Ahmedou,M,2003-10-25,+22232430091,wedadi.ouldahmedou626@gmail.com,6,Brakna,STANDARD,,ACTIVE,2022-07-11,2023-03-25T12:38:05.192Z,2022-07-11T11:39:44.264Z,2023-03-25T12:38:05.192Z
299,0002385659,Mariem,Mint Abdallah,Mariem Mint Abdallah,F,2000-03-26,+22225834689,,2,Nouakchott-Ouest,ACTIVE,,ACTIVE,2022-01-25,2022-06-06T17:36:28.937Z,2022-01-25T07:05:57.406Z,2022-06-06T17:36:28.937Z
300,9411609673,Khadija,Doucouré,Khadija Doucouré,F,1994-05-27,+22232821361,khadija.doucouré223@outlook.com,11,Hodh El Gharbi,ACTIVE,,BLOCKED,2023-06-26,2024-09-09T17:56:42.464Z,2023-06-26T12:34:01.089Z,2024-09-09T17:56:42.464Z
301,6803155862,Aichetou,Mint Lemrabott,Aichetou Mint Lemrabott,F,1968-05-17,+22223485277,,3,Nouakchott-Sud,OCCASIONAL,,ACTIVE,2022-07-11,2022-11-26T00:25:45.042Z,2022-07-11T02:35:34.012Z,2022-11-26T00:25:45.042Z
302,6902141575,Rougui,Kane,Rougui Kane,F,1969-12-14,+22224866233,,2,Nouakchott-Ouest,STANDARD,,PENDING_KYC,2022-10-06,2023-12-07T08:32:15.019Z,2022-10-06T10:05:21.028Z,2023-12-07T08:32:15.019Z
303,7202086195,Zein,Ould Habiboullah,Zein Ould Habiboullah,M,1972-04-20,+22223415389,,2,Nouakchott-Ouest,OCCASIONAL,,ACTIVE,2023-05-08,2023-11-11T19:45:43.381Z,2023-05-08T23:58:57.343Z,2023-11-11T19:45:43.381Z
304,8803862689,Dah,Mbow,Dah Mbow,M,1988-02-12,+22233951425,,3,Nouakchott-Sud,OCCASIONAL,,INACTIVE,2024-03-09,2024-09-23T12:57:01.932Z,2024-03-09T08:45:48.176Z,2024-09-23T12:57:01.932Z
305,8108558803,Mariama,Bâ,Mariama Bâ,F,1981-07-22,+22234787152,mariama.bâ684@yahoo.fr,8,Guidimaka,ACTIVE,,ACTIVE,2022-03-26,2023-07-02T06:58:16.455Z,2022-03-26T22:48:51.402Z,2023-07-02T06:58:16.455Z
306,7102461449,Khady,Guèye,Khady Guèye,F,1971-04-22,+22246858773,khady.guèye559@gmail.com,2,Nouakchott-Ouest,OCCASIONAL,,ACTIVE,2023-05-12,2024-09-23T13:52:25.379Z,2023-05-12T08:00:01.094Z,2024-09-23T13:52:25.379Z
307,6101480291,Aissata,Mint Salem,Aissata Mint Salem,F,1961-09-01,+22244549753,aissata.mintsalem890@yahoo.fr,1,Nouakchott-Nord,STANDARD,,ACTIVE,2024-12-04,2024-12-15T17:14:49.656Z,2024-12-04T06:39:30.504Z,2024-12-15T17:14:49.656Z
308,7307598009,Moulaye,Ould Cheikh,Moulaye Ould Cheikh,M,1973-09-26,+22224948325,,7,Gorgol,ACTIVE,,ACTIVE,2023-07-01,2023-07-04T03:03:05.272Z,2023-07-01T11:28:39.975Z,2023-07-04T03:03:05.272Z
309,6014267950,Hawa,Mint Khatri,Hawa Mint Khatri,F,1960-05-22,+22225572386,,14,Inchiri,ACTIVE,,ACTIVE,2024-06-14,2024-10-23T11:50:38.894Z,2024-06-14T03:20:09.517Z,2024-10-23T11:50:38.894Z
310,7806574456,Aziza,Mint Maloum,Aziza Mint Maloum,F,1978-05-01,+22233447789,aziza.mintmaloum620@yahoo.fr,6,Brakna,ACTIVE,,ACTIVE,2022-03-10,2024-04-28T10:17:53.239Z,2022-03-10T10:05:00.008Z,2024-04-28T10:17:53.239Z
311,7901418156,Alioune,Faye,Alioune Faye,M,1979-07-12,+22234796021,,1,Nouakchott-Nord,OCCASIONAL,,ACTIVE,2022-08-08,2023-03-25T21:45:50.631Z,2022-08-08T13:31:21.026Z,2023-03-25T21:45:50.631Z
312,0502634392,Namory,Thiaw,Namory Thiaw,M,2005-12-15,+22232966654,,2,Nouakchott-Ouest,DORMANT,,ACTIVE,2024-03-15,2024-04-19T02:45:55.609Z,2024-03-15T21:00:03.737Z,2024-04-19T02:45:55.609Z
313,8615523134,Horma,Ould El Hacen,Horma Ould El Hacen,M,1986-06-22,+22225445306,horma.ouldelhacen147@outlook.com,15,Tiris Zemmour,ACTIVE,,ACTIVE,2022-11-24,2023-10-11T13:53:52.223Z,2022-11-24T13:08:30.101Z,2023-10-11T13:53:52.223Z
314,9701052666,Rokhaya,Ba,Rokhaya Ba,F,1997-09-15,+22248322361,rokhaya.ba743@yahoo.fr,1,Nouakchott-Nord,STANDARD,,ACTIVE,2024-02-23,2024-07-03T21:32:42.669Z,2024-02-23T21:54:47.525Z,2024-07-03T21:32:42.669Z
315,7608810763,Defa,Diallo,Defa Diallo,F,1976-10-08,+22243167828,defa.diallo891@hotmail.fr,8,Guidimaka,ACTIVE,,ACTIVE,2023-02-03,2024-01-01T03:27:26.613Z,2023-02-03T04:03:38.970Z,2024-01-01T03:27:26.613Z
316,6902312586,Mouna,Niang,Mouna Niang,F,1969-02-11,+22237275198,,2,Nouakchott-Ouest,STANDARD,,ACTIVE,2022-11-27,2023-11-13T13:53:58.801Z,2022-11-27T16:58:17.782Z,2023-11-13T13:53:58.801Z
317,9610200075,Issa,Bathily,Issa Bathily,M,1996-09-14,+22243561560,issa.bathily711@yahoo.fr,10,Hodh Ech Chargui,STANDARD,,ACTIVE,2022-08-18,2024-09-23T03:58:26.550Z,2022-08-18T04:51:33.639Z,2024-09-23T03:58:26.550Z
318,8501505150,Fatima,Camara,Fatima Camara,F,1985-03-04,+22225782252,,1,Nouakchott-Nord,STANDARD,,ACTIVE,2022-03-29,2023-01-04T01:21:08.265Z,2022-03-29T08:19:01.891Z,2023-01-04T01:21:08.265Z
319,9704828211,Khadijetou,Mint Nenni,Khadijetou Mint Nenni,F,1997-04-01,+22222752691,,4,Dakhlet Nouadhibou,STANDARD,,ACTIVE,2022-03-04,2023-03-27T03:07:50.800Z,2022-03-04T19:21:00.505Z,2023-03-27T03:07:50.800Z
320,9004510245,Ténin,Dia,Ténin Dia,F,1990-01-12,+22236751459,,4,Dakhlet Nouadhibou,PREMIUM,,ACTIVE,2023-09-17,2024-08-24T19:32:18.090Z,2023-09-17T13:24:50.980Z,2024-08-24T19:32:18.090Z
321,9601636371,Ethmane,Ould Ethmane,Ethmane Ould Ethmane,M,1996-11-20,+22232342481,,1,Nouakchott-Nord,STANDARD,,PENDING_KYC,2024-08-31,2024-11-12T05:26:13.963Z,2024-08-31T08:34:30.206Z,2024-11-12T05:26:13.963Z
322,8604508810,Pape,Baldé,Pape Baldé,M,1986-12-16,+22223934913,,4,Dakhlet Nouadhibou,STANDARD,,ACTIVE,2024-04-16,2024-08-25T14:37:30.606Z,2024-04-16T06:56:07.257Z,2024-08-25T14:37:30.606Z
323,7005117652,Alpha,Diop,Alpha Diop,M,1970-07-08,+22232659109,alpha.diop11@hotmail.fr,5,Trarza,ACTIVE,,BLOCKED,2023-11-06,2024-11-10T05:18:11.947Z,2023-11-06T03:24:43.099Z,2024-11-10T05:18:11.947Z
324,9501459474,Sakouba,Wane,Sakouba Wane,M,1995-10-23,+22234373035,sakouba.wane407@hotmail.fr,1,Nouakchott-Nord,STANDARD,,ACTIVE,2024-09-17,2024-12-14T06:43:00.617Z,2024-09-17T09:16:15.685Z,2024-12-14T06:43:00.617Z
325,9201878836,Moulaye,Bâ,Moulaye Bâ,M,1992-11-27,+22244386427,,1,Nouakchott-Nord,ACTIVE,,ACTIVE,2024-07-15,2024-07-28T02:56:31.362Z,2024-07-15T13:18:42.472Z,2024-07-28T02:56:31.362Z
326,6105835446,Pathé,Sy,Pathé Sy,M,1961-03-14,+22236047385,,5,Trarza,OCCASIONAL,,ACTIVE,2022-01-14,2023-09-25T23:41:14.559Z,2022-01-14T23:23:36.447Z,2023-09-25T23:41:14.559Z
327,9903411591,Minetou,Sow,Minetou Sow,F,1999-02-11,+22223392895,,3,Nouakchott-Sud,STANDARD,,ACTIVE,2024-07-11,2024-12-13T02:22:02.892Z,2024-07-11T00:53:05.615Z,2024-12-13T02:22:02.892Z
328,9001024039,Ethmane,Ould Tourad,Ethmane Ould Tourad,M,1990-06-07,+22225402627,ethmane.ouldtourad14@hotmail.fr,1,Nouakchott-Nord,OCCASIONAL,,ACTIVE,2024-10-27,2024-11-16T12:45:56.553Z,2024-10-27T18:02:18.510Z,2024-11-16T12:45:56.553Z
329,7904768258,Mohamed,Ndour,Mohamed Ndour,M,1979-03-21,+22225046015,,4,Dakhlet Nouadhibou,DORMANT,,ACTIVE,2022-06-19,2024-10-25T05:30:17.926Z,2022-06-19T08:56:37.566Z,2024-10-25T05:30:17.926Z
330,6103029887,Aichetou,Diakité,Aichetou Diakité,F,1961-09-24,+22224119657,,3,Nouakchott-Sud,DORMANT,,BLOCKED,2024-12-22,2024-12-28T14:24:59.468Z,2024-12-22T07:44:36.399Z,2024-12-28T14:24:59.468Z
331,0211303471,Dado,Sow,Dado Sow,F,2002-02-04,+22222210346,,11,Hodh El Gharbi,STANDARD,,ACTIVE,2024-06-28,2024-11-19T01:29:19.805Z,2024-06-28T04:53:39.168Z,2024-11-19T01:29:19.805Z
332,9206207152,Tourad,Ould Moulaye,Tourad Ould Moulaye,M,1992-06-07,+22237854208,tourad.ouldmoulaye184@gmail.com,6,Brakna,STANDARD,,PENDING_KYC,2023-12-25,2024-06-07T16:23:07.744Z,2023-12-25T05:31:17.448Z,2024-06-07T16:23:07.744Z
333,7307314410,Boubacar,Dia,Boubacar Dia,M,1973-05-21,+22223144069,,7,Gorgol,STANDARD,,ACTIVE,2022-04-02,2023-05-08T14:29:26.025Z,2022-04-02T07:55:39.826Z,2023-05-08T14:29:26.025Z
334,8303023593,Aichetou,Mint Ahmed,Aichetou Mint Ahmed,F,1983-02-06,+22224868244,,3,Nouakchott-Sud,ACTIVE,,ACTIVE,2022-01-25,2024-04-05T06:03:08.912Z,2022-01-25T06:34:00.120Z,2024-04-05T06:03:08.912Z
335,6101773960,Sidiki,Mbaye,Sidiki Mbaye,M,1961-08-07,+22222240192,,1,Nouakchott-Nord,STANDARD,,SUSPENDED,2024-09-27,2024-12-20T03:14:34.044Z,2024-09-27T21:46:09.398Z,2024-12-20T03:14:34.044Z
336,0401488195,Sidi,Sarr,Sidi Sarr,M,2004-02-10,+22222041977,sidi.sarr687@outlook.com,1,Nouakchott-Nord,STANDARD,,ACTIVE,2022-05-03,2022-12-16T06:50:07.680Z,2022-05-03T04:07:54.023Z,2022-12-16T06:50:07.680Z
337,6302534081,Aminetou,Mint Limam,Aminetou Mint Limam,F,1963-11-20,+22234540453,,2,Nouakchott-Ouest,ACTIVE,,PENDING_KYC,2024-05-03,2024-07-13T22:30:13.959Z,2024-05-03T02:55:44.228Z,2024-07-13T22:30:13.959Z
338,8401958960,Leila,Mint Hamadi,Leila Mint Hamadi,F,1984-12-18,+22241187790,,1,Nouakchott-Nord,STANDARD,,INACTIVE,2022-08-27,2023-06-06T07:10:28.748Z,2022-08-27T14:58:14.293Z,2023-06-06T07:10:28.748Z
339,8609570005,Saadbouh,Ould Taleb,Saadbouh Ould Taleb,M,1986-12-14,+22235736506,,9,Assaba,STANDARD,,ACTIVE,2024-01-08,2024-10-17T15:40:50.602Z,2024-01-08T03:18:39.481Z,2024-10-17T15:40:50.602Z
340,9601009061,N'Dèye,Baldé,N'Dèye Baldé,F,1996-01-03,+22222190674,,1,Nouakchott-Nord,ACTIVE,,ACTIVE,2022-11-14,2023-08-21T17:34:56.661Z,2022-11-14T18:18:42.348Z,2023-08-21T17:34:56.661Z
341,6906734050,Seynabou,Sy,Seynabou Sy,F,1969-12-01,+22241225040,seynabou.sy504@yahoo.fr,6,Brakna,PREMIUM,,ACTIVE,2022-01-12,2022-07-18T12:23:06.551Z,2022-01-12T01:10:05.381Z,2022-07-18T12:23:06.551Z
342,7002449264,Mohamed,Ould Khatri,Mohamed Ould Khatri,M,1970-06-03,+22248500524,mohamed.ouldkhatri808@hotmail.fr,2,Nouakchott-Ouest,STANDARD,,ACTIVE,2024-11-26,2024-11-27T11:31:14.549Z,2024-11-26T23:48:00.424Z,2024-11-27T11:31:14.549Z
343,8803793491,Fanta,Ly,Fanta Ly,F,1988-03-10,+22234453747,fanta.ly914@hotmail.fr,3,Nouakchott-Sud,STANDARD,,ACTIVE,2023-03-06,2023-10-26T06:13:28.311Z,2023-03-06T03:33:57.521Z,2023-10-26T06:13:28.311Z
344,9209481890,Fatou,Niang,Fatou Niang,F,1992-04-17,+22247763569,,9,Assaba,STANDARD,,ACTIVE,2022-03-21,2024-10-07T23:50:02.463Z,2022-03-21T16:14:31.486Z,2024-10-07T23:50:02.463Z
345,7802931684,Nouh,Sow,Nouh Sow,M,1978-12-16,+22222915328,,2,Nouakchott-Ouest,OCCASIONAL,,SUSPENDED,2023-04-17,2024-09-26T12:30:40.350Z,2023-04-17T15:55:12.044Z,2024-09-26T12:30:40.350Z
346,8202203399,Fallou,Koita,Fallou Koita,M,1982-12-25,+22234661035,,2,Nouakchott-Ouest,OCCASIONAL,,ACTIVE,2023-01-18,2024-11-30T04:55:06.932Z,2023-01-18T03:08:40.308Z,2024-11-30T04:55:06.932Z
347,0110336341,Bassirou,Sow,Bassirou Sow,M,2001-12-24,+22233047166,bassirou.sow689@hotmail.fr,10,Hodh Ech Chargui,OCCASIONAL,,ACTIVE,2022-02-21,2024-11-02T07:20:09.970Z,2022-02-21T17:08:53.333Z,2024-11-02T07:20:09.970Z
348,0101946629,Ghali,Ould Abdallah,Ghali Ould Abdallah,M,2001-04-06,+22237586325,ghali.ouldabdallah25@hotmail.fr,1,Nouakchott-Nord,STANDARD,,ACTIVE,2023-09-19,2024-04-18T18:04:05.427Z,2023-09-19T12:53:17.283Z,2024-04-18T18:04:05.427Z
349,7709075825,Saadbouh,Ba,Saadbouh Ba,M,1977-06-20,+22225472021,saadbouh.ba178@hotmail.fr,9,Assaba,STANDARD,,ACTIVE,2023-05-24,2024-08-09T21:05:23.918Z,2023-05-24T23:43:04.142Z,2024-08-09T21:05:23.918Z
350,9702122384,Jemila,Mint Abdallah,Jemila Mint Abdallah,F,1997-01-27,+22234787906,,2,Nouakchott-Ouest,STANDARD,,SUSPENDED,2022-11-23,2023-12-13T17:42:17.526Z,2022-11-23T05:05:57.158Z,2023-12-13T17:42:17.526Z
351,9713553834,Zahra,Mint Abdel Aziz,Zahra Mint Abdel Aziz,F,1997-06-23,+22237318419,,13,Tagant,DORMANT,,INACTIVE,2022-05-14,2024-12-19T10:11:41.382Z,2022-05-14T09:39:38.593Z,2024-12-19T10:11:41.382Z
352,7904869801,Mahfoudh,Ndour,Mahfoudh Ndour,M,1979-09-21,+22222857409,,4,Dakhlet Nouadhibou,ACTIVE,,ACTIVE,2024-06-05,2024-11-12T13:27:50.935Z,2024-06-05T13:32:38.959Z,2024-11-12T13:27:50.935Z
353,8403580862,El Mokhtar,Mbow,El Mokhtar Mbow,M,1984-09-12,+22232620975,,3,Nouakchott-Sud,STANDARD,,ACTIVE,2023-02-28,2023-07-14T22:21:59.876Z,2023-02-28T19:41:28.713Z,2023-07-14T22:21:59.876Z
354,7301134335,Naima,Ndour,Naima Ndour,F,1973-11-14,+22236311944,,1,Nouakchott-Nord,OCCASIONAL,,ACTIVE,2023-04-16,2023-05-14T08:55:40.586Z,2023-04-16T22:12:56.384Z,2023-05-14T08:55:40.586Z
355,0001145607,Vall,Ould Abdel Aziz,Vall Ould Abdel Aziz,M,2000-06-19,+22236000717,vall.ouldabdelaziz356@hotmail.fr,1,Nouakchott-Nord,DORMANT,,ACTIVE,2023-03-02,2023-07-31T01:03:13.771Z,2023-03-02T14:15:22.151Z,2023-07-31T01:03:13.771Z
356,7104734185,Dah,Ould Moulaye,Dah Ould Moulaye,M,1971-04-23,+22223017090,,4,Dakhlet Nouadhibou,DORMANT,,ACTIVE,2022-11-21,2023-10-12T16:34:52.395Z,2022-11-21T04:11:45.197Z,2023-10-12T16:34:52.395Z
357,8315665161,Taleb,Ould Ghali,Taleb Ould Ghali,M,1983-02-10,+22236555913,taleb.ouldghali296@hotmail.fr,15,Tiris Zemmour,STANDARD,,PENDING_KYC,2023-01-17,2024-04-02T03:31:55.118Z,2023-01-17T04:43:28.210Z,2024-04-02T03:31:55.118Z
358,8302886072,Youssouf,Gaye,Youssouf Gaye,M,1983-06-27,+22222213314,youssouf.gaye218@hotmail.fr,2,Nouakchott-Ouest,STANDARD,,ACTIVE,2022-04-01,2022-05-24T01:44:56.131Z,2022-04-01T16:55:51.310Z,2022-05-24T01:44:56.131Z
359,9901712740,Malick,Koita,Malick Koita,M,1999-05-02,+22234331121,malick.koita474@yahoo.fr,1,Nouakchott-Nord,OCCASIONAL,,ACTIVE,2022-05-01,2024-07-11T01:24:26.736Z,2022-05-01T04:06:48.141Z,2024-07-11T01:24:26.736Z
360,9102512909,Souleymane,Sow,Souleymane Sow,M,1991-10-27,+22247352769,souleymane.sow713@hotmail.fr,2,Nouakchott-Ouest,ACTIVE,,PENDING_KYC,2022-12-01,2023-10-04T11:28:40.063Z,2022-12-01T12:37:42.688Z,2023-10-04T11:28:40.063Z
361,9204670783,Mahfoudh,Ould Saad,Mahfoudh Ould Saad,M,1992-02-09,+22225110353,mahfoudh.ouldsaad664@yahoo.fr,4,Dakhlet Nouadhibou,ACTIVE,,BLOCKED,2023-02-24,2023-06-16T17:16:40.978Z,2023-02-24T23:21:39.003Z,2023-06-16T17:16:40.978Z
362,0002038407,Cheibany,Ould Sidi,Cheibany Ould Sidi,M,2000-10-02,+22223295345,cheibany.ouldsidi745@gmail.com,2,Nouakchott-Ouest,STANDARD,,ACTIVE,2024-12-28,2024-12-30T00:50:56.898Z,2024-12-28T23:14:18.420Z,2024-12-30T00:50:56.898Z
363,0510700126,Halima,Mint Moulaye,Halima Mint Moulaye,F,2005-07-23,+22243764308,halima.mintmoulaye581@hotmail.fr,10,Hodh Ech Chargui,OCCASIONAL,,ACTIVE,2022-12-11,2023-07-24T23:11:18.709Z,2022-12-11T04:56:11.529Z,2023-07-24T23:11:18.709Z
364,9708967534,Saad,Ould Abdallah,Saad Ould Abdallah,M,1997-03-21,+22235466376,,8,Guidimaka,OCCASIONAL,,ACTIVE,2024-06-11,2024-07-18T08:20:53.152Z,2024-06-11T13:47:07.655Z,2024-07-18T08:20:53.152Z
365,9409137834,Aichetou,Mint Abeih,Aichetou Mint Abeih,F,1994-08-11,+22225625735,aichetou.mintabeih511@gmail.com,9,Assaba,ACTIVE,,SUSPENDED,2024-09-27,2024-10-20T17:01:29.276Z,2024-09-27T06:01:50.779Z,2024-10-20T17:01:29.276Z
366,8001273955,Khalil,Ould Bouha,Khalil Ould Bouha,M,1980-05-16,+22224825199,khalil.ouldbouha243@hotmail.fr,1,Nouakchott-Nord,OCCASIONAL,,ACTIVE,2022-07-26,2022-10-18T23:39:58.200Z,2022-07-26T09:44:51.189Z,2022-10-18T23:39:58.200Z
367,8602343512,Koumba,Doucouré,Koumba Doucouré,F,1986-10-24,+22225775631,koumba.doucouré943@hotmail.fr,2,Nouakchott-Ouest,OCCASIONAL,,PENDING_KYC,2023-10-01,2024-06-06T06:39:46.500Z,2023-10-01T04:06:13.900Z,2024-06-06T06:39:46.500Z
368,7101160466,Hawa,Guèye,Hawa Guèye,F,1971-05-21,+22234830571,,1,Nouakchott-Nord,VIP,,ACTIVE,2022-11-25,2024-01-16T13:57:43.628Z,2022-11-25T00:29:02.652Z,2024-01-16T13:57:43.628Z
369,6402671095,Tiémoko,Fall,Tiémoko Fall,M,1964-02-28,+22242658732,,2,Nouakchott-Ouest,OCCASIONAL,,ACTIVE,2024-12-01,2024-12-26T18:44:40.348Z,2024-12-01T16:52:45.337Z,2024-12-26T18:44:40.348Z
370,9903667774,Cheikhna,Ndour,Cheikhna Ndour,M,1999-03-17,+22235147958,,3,Nouakchott-Sud,STANDARD,,ACTIVE,2023-07-02,2024-07-15T18:44:29.686Z,2023-07-02T02:49:26.313Z,2024-07-15T18:44:29.686Z
371,0101497079,Codou,Barry,Codou Barry,F,2001-12-06,+22223924449,,1,Nouakchott-Nord,STANDARD,,ACTIVE,2024-11-01,2024-11-09T05:18:49.772Z,2024-11-01T23:51:54.226Z,2024-11-09T05:18:49.772Z
372,9711196127,Astou,Mbaye,Astou Mbaye,F,1997-01-04,+22235484011,astou.mbaye966@hotmail.fr,11,Hodh El Gharbi,STANDARD,,ACTIVE,2024-11-29,2024-12-28T21:51:34.095Z,2024-11-29T10:54:53.522Z,2024-12-28T21:51:34.095Z
373,7503602755,Harouna,Cissé,Harouna Cissé,M,1975-12-10,+22232685202,,3,Nouakchott-Sud,STANDARD,,PENDING_KYC,2023-12-30,2024-03-24T05:24:08.700Z,2023-12-30T14:37:44.209Z,2024-03-24T05:24:08.700Z
374,6503407050,Salif,Tall,Salif Tall,M,1965-02-10,+22223526986,,3,Nouakchott-Sud,DORMANT,,ACTIVE,2024-11-05,2024-12-16T07:58:50.250Z,2024-11-05T05:44:03.984Z,2024-12-16T07:58:50.250Z
375,6404207597,Sidi,Ould Hamadi,Sidi Ould Hamadi,M,1964-07-22,+22222048419,,4,Dakhlet Nouadhibou,OCCASIONAL,,ACTIVE,2023-01-30,2024-02-15T03:34:27.459Z,2023-01-30T16:45:30.077Z,2024-02-15T03:34:27.459Z
376,7410249502,Modou,Bâ,Modou Bâ,M,1974-05-18,+22235028054,,10,Hodh Ech Chargui,ACTIVE,,ACTIVE,2024-04-21,2024-11-09T18:43:26.478Z,2024-04-21T14:44:22.306Z,2024-11-09T18:43:26.478Z
377,6810443714,Rokaya,Mint Abdel Kader,Rokaya Mint Abdel Kader,F,1968-03-27,+22248905548,rokaya.mintabdelkader586@yahoo.fr,10,Hodh Ech Chargui,OCCASIONAL,,ACTIVE,2022-05-05,2023-04-18T08:41:20.078Z,2022-05-05T07:50:08.652Z,2023-04-18T08:41:20.078Z
378,8804752914,Abdel Rahman,Ould Lemrabott,Abdel Rahman Ould Lemrabott,M,1988-03-05,+22224099740,,4,Dakhlet Nouadhibou,OCCASIONAL,,ACTIVE,2024-10-13,2024-12-25T19:45:50.415Z,2024-10-13T13:50:23.844Z,2024-12-25T19:45:50.415Z
379,9301839823,Houda,Niang,Houda Niang,F,1993-08-20,+22222719148,,1,Nouakchott-Nord,STANDARD,,ACTIVE,2022-07-16,2024-08-08T15:49:12.371Z,2022-07-16T08:32:18.298Z,2024-08-08T15:49:12.371Z
380,9604961533,Maimouna,Dramé,Maimouna Dramé,F,1996-04-25,+22225057841,maimouna.dramé847@outlook.com,4,Dakhlet Nouadhibou,DORMANT,,ACTIVE,2024-11-14,2024-11-22T15:32:44.978Z,2024-11-14T23:59:30.654Z,2024-11-22T15:32:44.978Z
381,6601241550,Cheikhna,Ould Khalil,Cheikhna Ould Khalil,M,1966-12-04,+22232968062,cheikhna.ouldkhalil749@outlook.com,1,Nouakchott-Nord,OCCASIONAL,,ACTIVE,2023-12-01,2024-03-23T09:17:06.845Z,2023-12-01T10:33:54.160Z,2024-03-23T09:17:06.845Z
382,0115537114,Taleb,Ould Bouha,Taleb Ould Bouha,M,2001-08-21,+22247320367,,15,Tiris Zemmour,ACTIVE,,ACTIVE,2024-09-12,2024-09-16T17:57:30.422Z,2024-09-12T21:39:17.049Z,2024-09-16T17:57:30.422Z
383,9702552662,Ghalia,Mint Maloum,Ghalia Mint Maloum,F,1997-06-02,+22224170760,,2,Nouakchott-Ouest,STANDARD,,ACTIVE,2022-11-28,2023-08-23T20:45:18.291Z,2022-11-28T16:33:19.713Z,2023-08-23T20:45:18.291Z
384,9202954168,Aicha,Mint Hamadi,Aicha Mint Hamadi,F,1992-08-17,+22224769860,aicha.minthamadi378@outlook.com,2,Nouakchott-Ouest,OCCASIONAL,,ACTIVE,2023-10-03,2024-05-21T14:16:58.178Z,2023-10-03T03:44:09.750Z,2024-05-21T14:16:58.178Z
385,8603974737,Mahfoudh,Ould Salem,Mahfoudh Ould Salem,M,1986-06-26,+22232718338,,3,Nouakchott-Sud,PREMIUM,,ACTIVE,2022-08-05,2023-10-08T01:23:03.068Z,2022-08-05T06:34:11.847Z,2023-10-08T01:23:03.068Z
386,0101351270,Malick,Dramé,Malick Dramé,M,2001-09-04,+22222945286,,1,Nouakchott-Nord,OCCASIONAL,,INACTIVE,2024-07-15,2024-11-21T13:08:25.300Z,2024-07-15T06:42:39.405Z,2024-11-21T13:08:25.300Z
387,7002371505,Fatima,Mint Ethmane,Fatima Mint Ethmane,F,1970-08-08,+22222998518,fatima.mintethmane393@hotmail.fr,2,Nouakchott-Ouest,DORMANT,,ACTIVE,2023-08-13,2024-07-07T09:56:39.107Z,2023-08-13T23:31:45.571Z,2024-07-07T09:56:39.107Z
388,7201443258,Moussa,Soumaré,Moussa Soumaré,M,1972-07-02,+22222492196,,1,Nouakchott-Nord,STANDARD,,INACTIVE,2023-02-23,2024-11-26T10:19:29.236Z,2023-02-23T22:13:20.288Z,2024-11-26T10:19:29.236Z
389,8802311991,Maty,Gaye,Maty Gaye,F,1988-11-26,+22249320560,maty.gaye758@outlook.com,2,Nouakchott-Ouest,STANDARD,,ACTIVE,2023-08-28,2024-12-05T23:59:09.235Z,2023-08-28T09:18:06.537Z,2024-12-05T23:59:09.235Z
390,6504571851,Pape,Ndiaye,Pape Ndiaye,M,1965-06-06,+22237928774,pape.ndiaye281@hotmail.fr,4,Dakhlet Nouadhibou,OCCASIONAL,,ACTIVE,2022-03-11,2022-07-14T07:41:54.805Z,2022-03-11T01:01:02.961Z,2022-07-14T07:41:54.805Z
391,8407027514,Madou,Mbaye,Madou Mbaye,M,1984-06-27,+22223302415,madou.mbaye95@hotmail.fr,7,Gorgol,OCCASIONAL,,ACTIVE,2023-08-22,2023-10-27T04:20:12.420Z,2023-08-22T03:30:10.399Z,2023-10-27T04:20:12.420Z
392,8102320275,Amady,Diakité,Amady Diakité,M,1981-05-16,+22232479793,amady.diakité973@gmail.com,2,Nouakchott-Ouest,STANDARD,,ACTIVE,2024-12-18,2024-12-22T23:34:26.100Z,2024-12-18T16:03:54.746Z,2024-12-22T23:34:26.100Z
393,7702871901,Yaya,Wade,Yaya Wade,M,1977-08-07,+22237935866,yaya.wade101@gmail.com,2,Nouakchott-Ouest,DORMANT,,SUSPENDED,2024-01-10,2024-04-20T12:45:08.489Z,2024-01-10T02:00:54.178Z,2024-04-20T12:45:08.489Z
394,0506164473,Hapsatou,Camara,Hapsatou Camara,F,2005-11-27,+22237227919,hapsatou.camara290@gmail.com,6,Brakna,OCCASIONAL,,PENDING_KYC,2022-03-06,2022-10-23T01:00:13.321Z,2022-03-06T16:03:00.004Z,2022-10-23T01:00:13.321Z
395,7803321701,Boubacar,Ould Messoud,Boubacar Ould Messoud,M,1978-12-06,+22247495479,,3,Nouakchott-Sud,STANDARD,,ACTIVE,2024-06-10,2024-10-13T12:08:57.367Z,2024-06-10T07:37:01.867Z,2024-10-13T12:08:57.367Z
396,9107444087,Assa,Wade,Assa Wade,F,1991-09-23,+22224141864,,7,Gorgol,OCCASIONAL,,ACTIVE,2023-05-29,2023-08-19T02:34:05.519Z,2023-05-29T19:11:03.007Z,2023-08-19T02:34:05.519Z
397,6802604253,Bassirou,Diallo,Bassirou Diallo,M,1968-04-10,+22223698177,,2,Nouakchott-Ouest,OCCASIONAL,,INACTIVE,2024-12-19,2024-12-30T00:58:47.973Z,2024-12-19T05:57:19.255Z,2024-12-30T00:58:47.973Z
398,9402983319,Banna,Thiam,Banna Thiam,F,1994-06-01,+22232958724,banna.thiam694@gmail.com,2,Nouakchott-Ouest,PREMIUM,,ACTIVE,2022-04-30,2024-07-16T07:36:23.232Z,2022-04-30T12:59:45.417Z,2024-07-16T07:36:23.232Z
399,8002384779,Koumba,Diallo,Koumba Diallo,F,1980-04-01,+22236568073,koumba.diallo962@outlook.com,2,Nouakchott-Ouest,OCCASIONAL,,SUSPENDED,2024-10-02,2024-10-04T11:55:55.465Z,2024-10-02T08:10:00.832Z,2024-10-04T11:55:55.465Z
400,6212640539,Anta,Bâ,Anta Bâ,F,1962-11-08,+22233853699,,12,Adrar,STANDARD,,ACTIVE,2022-07-01,2024-06-13T09:42:55.739Z,2022-07-01T11:27:45.757Z,2024-06-13T09:42:55.739Z
401,0203590997,Rougui,Mbow,Rougui Mbow,F,2002-08-22,+22236052162,,3,Nouakchott-Sud,ACTIVE,,ACTIVE,2023-04-27,2023-12-30T11:33:24.437Z,2023-04-27T05:21:10.359Z,2023-12-30T11:33:24.437Z
402,8502707717,Rougui,Guèye,Rougui Guèye,F,1985-08-14,+22225385040,rougui.guèye973@gmail.com,2,Nouakchott-Ouest,OCCASIONAL,,ACTIVE,2023-10-16,2024-06-18T13:24:05.595Z,2023-10-16T06:31:04.413Z,2024-06-18T13:24:05.595Z
403,6601077300,Zein,Ould Mohamed,Zein Ould Mohamed,M,1966-06-09,+22222749779,,1,Nouakchott-Nord,STANDARD,,ACTIVE,2023-03-03,2023-12-04T01:11:38.903Z,2023-03-03T21:59:52.391Z,2023-12-04T01:11:38.903Z
404,7501747876,Hafsata,Thiaw,Hafsata Thiaw,F,1975-06-19,+22246540660,,1,Nouakchott-Nord,ACTIVE,,ACTIVE,2024-05-25,2024-11-24T21:14:46.114Z,2024-05-25T08:59:21.895Z,2024-11-24T21:14:46.114Z
405,9105807156,Abdoulaye,Gaye,Abdoulaye Gaye,M,1991-12-06,+22222564787,abdoulaye.gaye818@outlook.com,5,Trarza,OCCASIONAL,,ACTIVE,2023-10-27,2023-12-20T00:09:35.655Z,2023-10-27T14:23:23.322Z,2023-12-20T00:09:35.655Z
406,8203426757,Kiné,Ndiaye,Kiné Ndiaye,F,1982-12-14,+22243219378,kiné.ndiaye250@hotmail.fr,3,Nouakchott-Sud,STANDARD,,ACTIVE,2022-11-24,2023-03-16T05:22:43.586Z,2022-11-24T18:35:34.086Z,2023-03-16T05:22:43.586Z
407,0502227345,Naha,Bathily,Naha Bathily,F,2005-03-20,+22248064914,naha.bathily36@hotmail.fr,2,Nouakchott-Ouest,STANDARD,,ACTIVE,2024-10-01,2024-10-07T14:51:58.920Z,2024-10-01T14:25:43.932Z,2024-10-07T14:51:58.920Z
408,7712829523,Awa,Guèye,Awa Guèye,F,1977-05-26,+22232073648,awa.guèye529@hotmail.fr,12,Adrar,OCCASIONAL,,ACTIVE,2024-03-17,2024-05-23T23:27:00.133Z,2024-03-17T14:31:21.551Z,2024-05-23T23:27:00.133Z
409,7303772920,Harouna,Wade,Harouna Wade,M,1973-12-08,+22224454646,,3,Nouakchott-Sud,STANDARD,,INACTIVE,2023-05-26,2024-03-05T12:46:29.817Z,2023-05-26T04:55:07.801Z,2024-03-05T12:46:29.817Z
410,6901284662,Zeinab,Mint Ahmed,Zeinab Mint Ahmed,F,1969-08-03,+22225236904,zeinab.mintahmed606@gmail.com,1,Nouakchott-Nord,OCCASIONAL,,ACTIVE,2022-11-11,2023-02-20T23:09:30.844Z,2022-11-11T10:22:06.453Z,2023-02-20T23:09:30.844Z
411,0203236815,Djimé,Dia,Djimé Dia,M,2002-12-20,+22234064396,djimé.dia69@outlook.com,3,Nouakchott-Sud,OCCASIONAL,,ACTIVE,2022-07-22,2023-10-28T04:10:44.976Z,2022-07-22T12:18:06.457Z,2023-10-28T04:10:44.976Z
412,6304785272,Naima,Mint Abdel Kader,Naima Mint Abdel Kader,F,1963-10-14,+22235092662,naima.mintabdelkader809@gmail.com,4,Dakhlet Nouadhibou,VIP,,ACTIVE,2024-11-29,2024-12-19T08:11:20.045Z,2024-11-29T03:18:47.085Z,2024-12-19T08:11:20.045Z
413,9706285300,Kesso,Sow,Kesso Sow,F,1997-02-03,+22223812824,,6,Brakna,VIP,,ACTIVE,2022-01-27,2022-10-13T07:23:53.920Z,2022-01-27T16:23:54.815Z,2022-10-13T07:23:53.920Z
414,6605017252,Codou,Fofana,Codou Fofana,F,1966-08-23,+22235997801,codou.fofana724@yahoo.fr,5,Trarza,ACTIVE,,ACTIVE,2023-02-13,2023-04-19T06:12:23.000Z,2023-02-13T12:10:34.548Z,2023-04-19T06:12:23.000Z
415,8902553125,Naima,Mint Saad,Naima Mint Saad,F,1989-12-09,+22225082982,naima.mintsaad616@gmail.com,2,Nouakchott-Ouest,ACTIVE,,ACTIVE,2023-05-22,2024-11-10T12:08:55.760Z,2023-05-22T05:18:41.144Z,2024-11-10T12:08:55.760Z
416,0501634133,Mouna,Anne,Mouna Anne,F,2005-08-26,+22237190406,,1,Nouakchott-Nord,ACTIVE,,ACTIVE,2022-10-02,2024-07-19T14:12:19.069Z,2022-10-02T10:03:31.820Z,2024-07-19T14:12:19.069Z
417,7204025516,Sidi Mohamed,Ould Ahmed,Sidi Mohamed Ould Ahmed,M,1972-08-03,+22224665081,sidimohamed.ouldahmed205@yahoo.fr,4,Dakhlet Nouadhibou,ACTIVE,,ACTIVE,2024-05-25,2024-09-02T21:11:15.324Z,2024-05-25T02:12:04.958Z,2024-09-02T21:11:15.324Z
418,9003552611,Mariem,Mint Maloum,Mariem Mint Maloum,F,1990-07-01,+22236887828,mariem.mintmaloum229@gmail.com,3,Nouakchott-Sud,DORMANT,,ACTIVE,2023-06-20,2023-08-20T23:39:20.354Z,2023-06-20T11:21:16.165Z,2023-08-20T23:39:20.354Z
419,6101051958,Isselmou,Wane,Isselmou Wane,M,1961-05-11,+22241305678,,1,Nouakchott-Nord,STANDARD,,ACTIVE,2023-03-15,2024-06-18T13:56:09.609Z,2023-03-15T05:01:53.294Z,2024-06-18T13:56:09.609Z
420,9102161426,Moustapha,Fall,Moustapha Fall,M,1991-01-11,+22225999472,,2,Nouakchott-Ouest,ACTIVE,,INACTIVE,2023-01-07,2023-02-28T08:56:24.406Z,2023-01-07T15:47:06.204Z,2023-02-28T08:56:24.406Z
421,0409919237,Naha,Mint Dah,Naha Mint Dah,F,2004-06-15,+22241852561,,9,Assaba,OCCASIONAL,,ACTIVE,2022-03-29,2023-03-08T10:13:44.737Z,2022-03-29T17:15:18.460Z,2023-03-08T10:13:44.737Z
422,0012002780,Boubacar,Ly,Boubacar Ly,M,2000-04-19,+22234948951,boubacar.ly19@outlook.com,12,Adrar,OCCASIONAL,,ACTIVE,2023-12-24,2024-04-20T16:44:21.648Z,2023-12-24T16:47:45.593Z,2024-04-20T16:44:21.648Z
423,7901542806,Ibrahima,Dia,Ibrahima Dia,M,1979-06-28,+22242961875,,1,Nouakchott-Nord,STANDARD,,INACTIVE,2024-04-07,2024-11-09T00:37:30.944Z,2024-04-07T03:42:24.703Z,2024-11-09T00:37:30.944Z
424,6115839485,Siaka,Thiam,Siaka Thiam,M,1961-07-15,+22224638245,siaka.thiam159@gmail.com,15,Tiris Zemmour,OCCASIONAL,,ACTIVE,2024-08-26,2024-11-04T01:35:09.714Z,2024-08-26T20:01:44.779Z,2024-11-04T01:35:09.714Z
425,9401810801,Ablaye,Koita,Ablaye Koita,M,1994-06-24,+22225938343,ablaye.koita897@hotmail.fr,1,Nouakchott-Nord,ACTIVE,,ACTIVE,2023-12-21,2024-04-03T15:43:19.478Z,2023-12-21T14:27:37.591Z,2024-04-03T15:43:19.478Z
426,6402952345,Yacouba,Sow,Yacouba Sow,M,1964-04-13,+22223934507,,2,Nouakchott-Ouest,ACTIVE,,ACTIVE,2023-03-07,2023-07-30T16:46:30.722Z,2023-03-07T02:46:28.894Z,2023-07-30T16:46:30.722Z
427,7701312999,Malick,Bâ,Malick Bâ,M,1977-06-12,+22222951142,,1,Nouakchott-Nord,ACTIVE,,ACTIVE,2022-11-01,2024-08-04T01:46:49.829Z,2022-11-01T17:56:17.765Z,2024-08-04T01:46:49.829Z
428,9803488987,Mohamed,Ould Abdallah,Mohamed Ould Abdallah,M,1998-03-05,+22246027201,mohamed.ouldabdallah311@gmail.com,3,Nouakchott-Sud,STANDARD,,ACTIVE,2022-04-22,2022-07-03T22:29:14.614Z,2022-04-22T15:58:04.253Z,2022-07-03T22:29:14.614Z
429,7203936112,N'Dèye,Niang,N'Dèye Niang,F,1972-08-23,+22222651971,,3,Nouakchott-Sud,ACTIVE,,BLOCKED,2023-08-01,2024-03-06T20:48:09.727Z,2023-08-01T18:55:40.228Z,2024-03-06T20:48:09.727Z
430,8704449309,Wedadi,Bathily,Wedadi Bathily,M,1987-03-14,+22237592849,,4,Dakhlet Nouadhibou,STANDARD,,ACTIVE,2023-04-07,2024-02-07T10:46:53.238Z,2023-04-07T03:04:57.118Z,2024-02-07T10:46:53.238Z
431,7304084455,Ibou,Diarra,Ibou Diarra,M,1973-10-24,+22223631826,,4,Dakhlet Nouadhibou,OCCASIONAL,,ACTIVE,2024-12-09,2024-12-23T04:30:29.040Z,2024-12-09T19:35:58.904Z,2024-12-23T04:30:29.040Z
432,6602679219,Mahfoudh,Ould Vadel,Mahfoudh Ould Vadel,M,1966-05-18,+22243149699,,2,Nouakchott-Ouest,OCCASIONAL,,ACTIVE,2023-08-13,2024-09-14T08:52:20.000Z,2023-08-13T22:24:33.631Z,2024-09-14T08:52:20.000Z
433,7403219062,Adama,Guèye,Adama Guèye,F,1974-06-23,+22236446037,,3,Nouakchott-Sud,OCCASIONAL,,ACTIVE,2022-06-14,2022-07-02T10:29:57.740Z,2022-06-14T18:43:18.328Z,2022-07-02T10:29:57.740Z
434,6102457410,Boubacar,Mbow,Boubacar Mbow,M,1961-10-12,+22236555184,boubacar.mbow643@gmail.com,2,Nouakchott-Ouest,STANDARD,,ACTIVE,2023-08-08,2024-08-21T20:55:33.544Z,2023-08-08T17:01:45.052Z,2024-08-21T20:55:33.544Z
435,6908512832,Moctar,Ould Nenni,Moctar Ould Nenni,M,1969-06-01,+22236083691,,8,Guidimaka,ACTIVE,,ACTIVE,2022-07-09,2024-07-30T16:45:37.166Z,2022-07-09T11:43:14.696Z,2024-07-30T16:45:37.166Z
436,8702622287,Mor,Dieng,Mor Dieng,M,1987-12-22,+22233414823,mor.dieng915@gmail.com,2,Nouakchott-Ouest,ACTIVE,,ACTIVE,2024-11-13,2024-12-16T11:19:50.268Z,2024-11-13T13:27:28.760Z,2024-12-16T11:19:50.268Z
437,9901646319,Noura,Mint Brahim,Noura Mint Brahim,F,1999-08-18,+22223999809,,1,Nouakchott-Nord,STANDARD,,ACTIVE,2023-04-30,2024-12-21T08:35:37.891Z,2023-04-30T13:23:52.794Z,2024-12-21T08:35:37.891Z
438,7109819555,Fatoumata,Thiam,Fatoumata Thiam,F,1971-11-09,+22241324364,fatoumata.thiam649@yahoo.fr,9,Assaba,STANDARD,,ACTIVE,2024-04-30,2024-12-01T14:01:51.097Z,2024-04-30T19:36:20.514Z,2024-12-01T14:01:51.097Z
439,7003464396,Aïssata,Doucouré,Aïssata Doucouré,F,1970-08-12,+22223497435,,3,Nouakchott-Sud,STANDARD,,ACTIVE,2022-07-28,2022-10-26T21:58:17.415Z,2022-07-28T23:48:31.389Z,2022-10-26T21:58:17.415Z
440,9202623262,Hawa,Mint Dah,Hawa Mint Dah,F,1992-10-04,+22225336399,,2,Nouakchott-Ouest,DORMANT,,ACTIVE,2024-06-16,2024-10-06T17:03:01.568Z,2024-06-16T23:35:26.625Z,2024-10-06T17:03:01.568Z
441,8305450926,Sira,Ndour,Sira Ndour,F,1983-10-05,+22236297387,,5,Trarza,STANDARD,,ACTIVE,2022-12-21,2024-06-14T14:20:51.555Z,2022-12-21T10:22:38.384Z,2024-06-14T14:20:51.555Z
442,8004516307,Hacen,Ould Soufi,Hacen Ould Soufi,M,1980-06-12,+22224343039,hacen.ouldsoufi978@hotmail.fr,4,Dakhlet Nouadhibou,STANDARD,,ACTIVE,2023-04-27,2023-05-20T22:31:16.592Z,2023-04-27T01:52:48.527Z,2023-05-20T22:31:16.592Z
443,9702363909,Penda,Niang,Penda Niang,F,1997-05-22,+22248130807,,2,Nouakchott-Ouest,STANDARD,,SUSPENDED,2024-03-18,2024-10-25T00:36:12.552Z,2024-03-18T16:29:59.991Z,2024-10-25T00:36:12.552Z
444,7601245511,Doudou,Tall,Doudou Tall,M,1976-05-24,+22235187217,,1,Nouakchott-Nord,STANDARD,,ACTIVE,2023-08-19,2024-02-12T20:16:54.105Z,2023-08-19T01:45:22.690Z,2024-02-12T20:16:54.105Z
445,8804066956,Nana,Mbow,Nana Mbow,F,1988-05-11,+22224466002,,4,Dakhlet Nouadhibou,STANDARD,,ACTIVE,2024-10-30,2024-11-23T21:15:17.828Z,2024-10-30T11:32:47.498Z,2024-11-23T21:15:17.828Z
446,9403242510,Mohamed Mahmoud,Ould Taleb,Mohamed Mahmoud Ould Taleb,M,1994-11-05,+22223362329,mohamedmahmoud.ouldtaleb56@gmail.com,3,Nouakchott-Sud,STANDARD,,ACTIVE,2024-07-22,2024-08-06T00:25:22.808Z,2024-07-22T10:57:23.506Z,2024-08-06T00:25:22.808Z
447,8501864710,Gaoussou,Dramé,Gaoussou Dramé,M,1985-12-22,+22241317548,,1,Nouakchott-Nord,STANDARD,,PENDING_KYC,2023-08-01,2023-08-25T07:41:06.571Z,2023-08-01T18:27:03.129Z,2023-08-25T07:41:06.571Z
448,9708324957,Habiba,Mint Ethmane,Habiba Mint Ethmane,F,1997-05-09,+22237452590,,8,Guidimaka,OCCASIONAL,,ACTIVE,2024-04-20,2024-04-22T01:13:39.595Z,2024-04-20T01:52:21.008Z,2024-04-22T01:13:39.595Z
449,8902059531,Hafsata,Sissoko,Hafsata Sissoko,F,1989-09-27,+22233557232,hafsata.sissoko197@gmail.com,2,Nouakchott-Ouest,STANDARD,,ACTIVE,2024-01-31,2024-12-25T06:45:03.618Z,2024-01-31T18:42:30.788Z,2024-12-25T06:45:03.618Z
450,9402175570,Mariam,Wade,Mariam Wade,F,1994-11-22,+22233499969,,2,Nouakchott-Ouest,STANDARD,,ACTIVE,2022-10-27,2024-01-23T21:19:25.858Z,2022-10-27T19:04:44.660Z,2024-01-23T21:19:25.858Z
451,8701343040,Mohamed Yahya,Thiam,Mohamed Yahya Thiam,M,1987-11-01,+22223501392,,1,Nouakchott-Nord,STANDARD,,ACTIVE,2024-12-18,2024-12-28T09:40:17.809Z,2024-12-18T05:12:44.407Z,2024-12-28T09:40:17.809Z
452,9202542183,Abeih,Doucouré,Abeih Doucouré,M,1992-07-06,+22224694936,abeih.doucouré540@hotmail.fr,2,Nouakchott-Ouest,ACTIVE,,ACTIVE,2022-05-21,2024-01-18T06:07:41.776Z,2022-05-21T09:05:39.452Z,2024-01-18T06:07:41.776Z
453,0101660790,Khadijetou,Mint El Mamy,Khadijetou Mint El Mamy,F,2001-04-06,+22236256165,khadijetou.mintelmamy375@gmail.com,1,Nouakchott-Nord,ACTIVE,,ACTIVE,2023-12-20,2024-06-09T19:35:53.476Z,2023-12-20T19:29:28.377Z,2024-06-09T19:35:53.476Z
454,8402520854,Mohamed Yahya,Wane,Mohamed Yahya Wane,M,1984-04-03,+22224532495,,2,Nouakchott-Ouest,OCCASIONAL,,ACTIVE,2024-03-05,2024-05-11T22:38:38.231Z,2024-03-05T15:27:33.161Z,2024-05-11T22:38:38.231Z
455,8112579340,Babacar,Thiam,Babacar Thiam,M,1981-04-14,+22225587787,,12,Adrar,OCCASIONAL,,ACTIVE,2022-06-20,2024-11-29T18:37:23.442Z,2022-06-20T19:11:44.427Z,2024-11-29T18:37:23.442Z
456,9304886244,Pathé,Bathily,Pathé Bathily,M,1993-01-09,+22232968247,pathé.bathily961@gmail.com,4,Dakhlet Nouadhibou,DORMANT,,BLOCKED,2024-12-04,2024-12-23T13:54:16.434Z,2024-12-04T03:27:58.067Z,2024-12-23T13:54:16.434Z
457,6904138720,Messoud,Ould Hadrami,Messoud Ould Hadrami,M,1969-08-23,+22225783290,,4,Dakhlet Nouadhibou,STANDARD,,ACTIVE,2023-05-06,2023-11-22T01:11:51.328Z,2023-05-06T00:26:26.634Z,2023-11-22T01:11:51.328Z
458,6402802754,Cheikh,Barry,Cheikh Barry,M,1964-10-20,+22223966524,cheikh.barry158@outlook.com,2,Nouakchott-Ouest,STANDARD,,ACTIVE,2024-01-28,2024-12-07T15:33:45.048Z,2024-01-28T11:20:27.253Z,2024-12-07T15:33:45.048Z
459,6801786556,Houda,Mint Habiboullah,Houda Mint Habiboullah,F,1968-11-13,+22241157454,,1,Nouakchott-Nord,STANDARD,,ACTIVE,2023-05-22,2023-10-28T22:26:15.086Z,2023-05-22T17:42:06.237Z,2023-10-28T22:26:15.086Z
460,9503613456,Brahim,Sène,Brahim Sène,M,1995-08-22,+22223767405,brahim.sène512@hotmail.fr,3,Nouakchott-Sud,STANDARD,,ACTIVE,2024-10-29,2024-12-19T05:00:19.092Z,2024-10-29T02:30:28.102Z,2024-12-19T05:00:19.092Z
461,8901297769,Noura,Ndour,Noura Ndour,F,1989-06-24,+22249193571,,1,Nouakchott-Nord,STANDARD,,ACTIVE,2022-05-19,2023-09-04T22:11:57.564Z,2022-05-19T07:10:10.814Z,2023-09-04T22:11:57.564Z
462,8001302745,Abdoul,Gaye,Abdoul Gaye,M,1980-07-25,+22235121248,abdoul.gaye946@outlook.com,1,Nouakchott-Nord,STANDARD,,ACTIVE,2023-08-31,2024-06-16T06:55:14.358Z,2023-08-31T16:29:04.661Z,2024-06-16T06:55:14.358Z
463,8501706377,Youssouf,Doucouré,Youssouf Doucouré,M,1985-05-23,+22224433448,,1,Nouakchott-Nord,ACTIVE,,ACTIVE,2022-10-29,2024-03-19T18:09:59.162Z,2022-10-29T17:53:00.258Z,2024-03-19T18:09:59.162Z
464,9801709194,Dramane,Wane,Dramane Wane,M,1998-12-07,+22241501131,,1,Nouakchott-Nord,OCCASIONAL,,ACTIVE,2023-04-14,2024-06-20T04:51:04.075Z,2023-04-14T05:56:47.906Z,2024-06-20T04:51:04.075Z
465,7002863578,Sidi Ahmed,Sakho,Sidi Ahmed Sakho,M,1970-05-10,+22244406115,sidiahmed.sakho810@outlook.com,2,Nouakchott-Ouest,STANDARD,,ACTIVE,2022-01-11,2023-08-02T00:41:36.834Z,2022-01-11T22:10:12.189Z,2023-08-02T00:41:36.834Z
466,9014222471,Coumba,Dia,Coumba Dia,F,1990-04-25,+22241120408,coumba.dia603@gmail.com,14,Inchiri,ACTIVE,,ACTIVE,2024-11-23,2024-11-30T13:54:23.040Z,2024-11-23T22:11:34.593Z,2024-11-30T13:54:23.040Z
467,9012781200,Houda,Mint Ahmedou,Houda Mint Ahmedou,F,1990-12-20,+22225029458,,12,Adrar,STANDARD,,ACTIVE,2024-10-29,2024-12-10T14:47:51.691Z,2024-10-29T00:21:39.748Z,2024-12-10T14:47:51.691Z
468,8303910262,Oumou,Mbaye,Oumou Mbaye,F,1983-03-10,+22232461453,,3,Nouakchott-Sud,OCCASIONAL,,PENDING_KYC,2024-12-13,2024-12-22T12:50:52.436Z,2024-12-13T03:12:42.134Z,2024-12-22T12:50:52.436Z
469,7711294359,Ahmed Salem,Barry,Ahmed Salem Barry,M,1977-03-21,+22222086397,ahmedsalem.barry331@yahoo.fr,11,Hodh El Gharbi,OCCASIONAL,,ACTIVE,2022-06-18,2024-09-19T11:57:05.932Z,2022-06-18T13:11:51.371Z,2024-09-19T11:57:05.932Z
470,0302455403,Khalil,Sall,Khalil Sall,M,2003-04-27,+22237394550,,2,Nouakchott-Ouest,DORMANT,,ACTIVE,2024-09-04,2024-11-05T10:11:20.530Z,2024-09-04T09:29:58.974Z,2024-11-05T10:11:20.530Z
471,9302359326,Malouma,Mint El Mamy,Malouma Mint El Mamy,F,1993-06-11,+22235812968,malouma.mintelmamy643@hotmail.fr,2,Nouakchott-Ouest,ACTIVE,,ACTIVE,2023-05-25,2023-09-08T04:33:22.245Z,2023-05-25T18:49:43.691Z,2023-09-08T04:33:22.245Z
472,7701024393,Karamoko,Ndour,Karamoko Ndour,M,1977-11-21,+22222262393,karamoko.ndour589@gmail.com,1,Nouakchott-Nord,STANDARD,,ACTIVE,2023-05-17,2024-11-06T19:23:07.371Z,2023-05-17T11:38:58.494Z,2024-11-06T19:23:07.371Z
473,6302355745,Moulaye,Ould Taleb,Moulaye Ould Taleb,M,1963-02-16,+22233843309,,2,Nouakchott-Ouest,STANDARD,,SUSPENDED,2024-04-04,2024-07-10T12:40:16.197Z,2024-04-04T12:32:12.037Z,2024-07-10T12:40:16.197Z
474,7501096367,Vadel,Ould Limam,Vadel Ould Limam,M,1975-05-14,+22235242453,,1,Nouakchott-Nord,STANDARD,,SUSPENDED,2023-11-23,2024-11-02T18:07:14.824Z,2023-11-23T21:30:49.992Z,2024-11-02T18:07:14.824Z
475,8901398109,Cheikh Sidiya,Sène,Cheikh Sidiya Sène,M,1989-10-19,+22241365001,,1,Nouakchott-Nord,STANDARD,,ACTIVE,2023-09-09,2024-06-19T08:59:30.289Z,2023-09-09T19:33:54.321Z,2024-06-19T08:59:30.289Z
476,8901956581,Habiba,Diakité,Habiba Diakité,F,1989-08-14,+22248070692,,1,Nouakchott-Nord,DORMANT,,ACTIVE,2023-01-19,2023-11-18T01:24:18.405Z,2023-01-19T01:13:23.088Z,2023-11-18T01:24:18.405Z
477,8202056856,El Mokhtar,Bâ,El Mokhtar Bâ,M,1982-11-03,+22233502317,elmokhtar.bâ192@gmail.com,2,Nouakchott-Ouest,STANDARD,,ACTIVE,2022-10-26,2023-12-14T03:21:19.652Z,2022-10-26T02:08:02.027Z,2023-12-14T03:21:19.652Z
478,7404301357,Aminetou,Mint Brahim,Aminetou Mint Brahim,F,1974-05-08,+22246898462,,4,Dakhlet Nouadhibou,OCCASIONAL,,ACTIVE,2024-06-25,2024-09-02T19:02:48.305Z,2024-06-25T22:07:11.950Z,2024-09-02T19:02:48.305Z
479,9201687137,El Mokhtar,Ould Mokhtar,El Mokhtar Ould Mokhtar,M,1992-11-19,+22223700939,elmokhtar.ouldmokhtar290@hotmail.fr,1,Nouakchott-Nord,ACTIVE,,ACTIVE,2023-09-08,2024-03-10T06:58:35.711Z,2023-09-08T09:33:52.533Z,2024-03-10T06:58:35.711Z
480,8609053764,Mahjouba,Niang,Mahjouba Niang,F,1986-10-18,+22235891214,,9,Assaba,ACTIVE,,ACTIVE,2024-12-15,2024-12-17T18:34:44.020Z,2024-12-15T09:06:06.094Z,2024-12-17T18:34:44.020Z
481,7404052934,El Khalil,Ould Mahmoud,El Khalil Ould Mahmoud,M,1974-08-02,+22225103504,,4,Dakhlet Nouadhibou,OCCASIONAL,,ACTIVE,2022-01-20,2024-05-31T03:28:58.890Z,2022-01-20T15:51:55.325Z,2024-05-31T03:28:58.890Z
482,6603350283,Habiba,Fofana,Habiba Fofana,F,1966-01-05,+22225965998,habiba.fofana970@yahoo.fr,3,Nouakchott-Sud,STANDARD,,SUSPENDED,2022-10-21,2023-01-06T23:34:46.709Z,2022-10-21T20:48:18.644Z,2023-01-06T23:34:46.709Z
483,7001082402,Abdel Rahman,Ould Nenni,Abdel Rahman Ould Nenni,M,1970-03-15,+22249355636,,1,Nouakchott-Nord,STANDARD,,ACTIVE,2023-08-11,2023-10-18T10:43:38.847Z,2023-08-11T22:47:20.075Z,2023-10-18T10:43:38.847Z
484,7601259066,Vatma,Ndiaye,Vatma Ndiaye,F,1976-03-28,+22235079106,,1,Nouakchott-Nord,OCCASIONAL,,ACTIVE,2022-06-30,2022-11-11T17:06:03.600Z,2022-06-30T12:54:45.616Z,2022-11-11T17:06:03.600Z
485,9002194005,Néné,Barry,Néné Barry,F,1990-12-23,+22223614793,,2,Nouakchott-Ouest,STANDARD,,ACTIVE,2023-03-02,2023-09-02T08:30:30.950Z,2023-03-02T21:29:03.668Z,2023-09-02T08:30:30.950Z
486,6904222285,Ahmed Salem,Koné,Ahmed Salem Koné,M,1969-07-26,+22225966768,ahmedsalem.koné808@yahoo.fr,4,Dakhlet Nouadhibou,ACTIVE,,ACTIVE,2022-07-12,2024-10-08T10:56:47.342Z,2022-07-12T09:49:48.470Z,2024-10-08T10:56:47.342Z
487,9002944019,El Mokhtar,Ould Habiboullah,El Mokhtar Ould Habiboullah,M,1990-08-21,+22235773113,elmokhtar.ouldhabiboullah799@yahoo.fr,2,Nouakchott-Ouest,STANDARD,,ACTIVE,2022-06-04,2024-09-08T17:14:11.086Z,2022-06-04T09:02:20.854Z,2024-09-08T17:14:11.086Z
488,6104550809,Sory,Mbaye,Sory Mbaye,M,1961-03-22,+22233956400,,4,Dakhlet Nouadhibou,OCCASIONAL,,PENDING_KYC,2023-07-04,2024-02-28T03:01:00.564Z,2023-07-04T08:09:25.581Z,2024-02-28T03:01:00.564Z
489,0502713244,Koumba,Koita,Koumba Koita,F,2005-07-05,+22242612513,,2,Nouakchott-Ouest,OCCASIONAL,,ACTIVE,2024-12-09,2024-12-20T23:33:42.378Z,2024-12-09T23:55:00.198Z,2024-12-20T23:33:42.378Z
490,6904094439,Mohamed Vall,Diop,Mohamed Vall Diop,M,1969-07-26,+22236241836,mohamedvall.diop269@outlook.com,4,Dakhlet Nouadhibou,DORMANT,,PENDING_KYC,2022-09-05,2024-05-28T11:49:45.035Z,2022-09-05T05:56:25.436Z,2024-05-28T11:49:45.035Z
491,7503676981,Kéba,Thiaw,Kéba Thiaw,M,1975-12-14,+22234819286,,3,Nouakchott-Sud,OCCASIONAL,,ACTIVE,2024-03-01,2024-06-09T23:25:47.946Z,2024-03-01T02:40:08.039Z,2024-06-09T23:25:47.946Z
492,9010873839,Mohamed,Ly,Mohamed Ly,M,1990-12-14,+22244958853,,10,Hodh Ech Chargui,PREMIUM,,ACTIVE,2024-07-08,2024-10-03T06:35:25.901Z,2024-07-08T14:13:56.045Z,2024-10-03T06:35:25.901Z
493,9907738575,Ghalia,Diallo,Ghalia Diallo,F,1999-12-18,+22224914863,,7,Gorgol,ACTIVE,,INACTIVE,2023-10-16,2024-04-08T05:14:44.595Z,2023-10-16T12:08:06.140Z,2024-04-08T05:14:44.595Z
494,7401261900,Issa,Koné,Issa Koné,M,1974-06-14,+22222999320,,1,Nouakchott-Nord,ACTIVE,,ACTIVE,2023-12-20,2024-05-23T11:09:01.949Z,2023-12-20T05:20:24.963Z,2024-05-23T11:09:01.949Z
495,8201582163,Youssouf,Ould Tourad,Youssouf Ould Tourad,M,1982-05-10,+22222988138,,1,Nouakchott-Nord,STANDARD,,ACTIVE,2023-06-18,2023-12-14T15:21:06.324Z,2023-06-18T11:18:14.682Z,2023-12-14T15:21:06.324Z
496,7015778421,Hafsata,Mint Jiddou,Hafsata Mint Jiddou,F,1970-02-26,+22235243260,,15,Tiris Zemmour,STANDARD,,ACTIVE,2023-06-30,2024-11-07T02:45:29.443Z,2023-06-30T15:40:25.442Z,2024-11-07T02:45:29.443Z
497,9701511813,Vatma,Mint Khalil,Vatma Mint Khalil,F,1997-06-25,+22222999445,vatma.mintkhalil895@outlook.com,1,Nouakchott-Nord,STANDARD,,ACTIVE,2022-03-01,2022-04-21T21:45:05.334Z,2022-03-01T06:11:40.584Z,2022-04-21T21:45:05.334Z
498,9109476286,N'Dèye,Barry,N'Dèye Barry,F,1991-07-05,+22235454173,n'dèye.barry100@hotmail.fr,9,Assaba,STANDARD,,ACTIVE,2022-10-15,2024-10-30T14:22:37.414Z,2022-10-15T12:14:57.731Z,2024-10-30T14:22:37.414Z
499,0503494364,Souleymane,Ould Mohamed,Souleymane Ould Mohamed,M,2005-04-21,+22224933654,,3,Nouakchott-Sud,OCCASIONAL,,PENDING_KYC,2024-07-17,2024-08-31T20:50:09.437Z,2024-07-17T20:08:10.140Z,2024-08-31T20:50:09.437Z
500,6501721181,Lemrabott,Ould Eleya,Lemrabott Ould Eleya,M,1965-03-22,+22223980370,lemrabott.ouldeleya556@yahoo.fr,1,Nouakchott-Nord,STANDARD,,ACTIVE,2024-12-08,2024-12-23T06:54:30.443Z,2024-12-08T08:09:06.609Z,2024-12-23T06:54:30.443Z
501,6804353942,Sadio,Diallo,Sadio Diallo,M,1968-08-25,+22236144019,sadio.diallo681@hotmail.fr,4,Dakhlet Nouadhibou,OCCASIONAL,,ACTIVE,2024-04-16,2024-04-24T03:00:45.163Z,2024-04-16T00:11:47.951Z,2024-04-24T03:00:45.163Z
502,0502479546,Coumba,Ndour,Coumba Ndour,F,2005-08-21,+22234930121,,2,Nouakchott-Ouest,STANDARD,,ACTIVE,2022-05-30,2023-05-04T02:38:00.266Z,2022-05-30T02:04:11.079Z,2023-05-04T02:38:00.266Z
503,9202800247,Mohamed,Kane,Mohamed Kane,M,1992-12-05,+22232960013,mohamed.kane310@gmail.com,2,Nouakchott-Ouest,OCCASIONAL,,ACTIVE,2023-06-22,2023-12-07T03:39:00.084Z,2023-06-22T04:17:05.227Z,2023-12-07T03:39:00.084Z
504,0204516110,Abdallah,Ould Abdallah,Abdallah Ould Abdallah,M,2002-12-16,+22233373646,,4,Dakhlet Nouadhibou,STANDARD,,ACTIVE,2023-07-03,2024-04-27T19:26:56.871Z,2023-07-03T00:12:42.260Z,2024-04-27T19:26:56.871Z
505,0303027904,Souleymane,Dramé,Souleymane Dramé,M,2003-10-27,+22224349983,souleymane.dramé203@gmail.com,3,Nouakchott-Sud,OCCASIONAL,,ACTIVE,2024-12-13,2024-12-22T01:35:09.433Z,2024-12-13T08:32:34.730Z,2024-12-22T01:35:09.433Z
506,9811420409,Noura,Mint Salem,Noura Mint Salem,F,1998-08-09,+22223748528,,11,Hodh El Gharbi,STANDARD,,INACTIVE,2022-08-21,2023-01-06T05:47:37.271Z,2022-08-21T09:24:12.738Z,2023-01-06T05:47:37.271Z
507,8702580561,Vall,Dia,Vall Dia,M,1987-01-21,+22224129125,vall.dia478@outlook.com,2,Nouakchott-Ouest,DORMANT,,ACTIVE,2022-01-31,2023-05-20T07:19:56.544Z,2022-01-31T21:10:21.965Z,2023-05-20T07:19:56.544Z
508,8802365495,Naima,Koita,Naima Koita,F,1988-09-05,+22246978590,,2,Nouakchott-Ouest,PREMIUM,,ACTIVE,2023-07-09,2024-08-01T12:02:53.414Z,2023-07-09T16:54:23.813Z,2024-08-01T12:02:53.414Z
509,8306639027,Malouma,Mint Hadrami,Malouma Mint Hadrami,F,1983-04-18,+22242922506,,6,Brakna,OCCASIONAL,,ACTIVE,2024-08-24,2024-10-29T21:17:40.455Z,2024-08-24T00:39:53.486Z,2024-10-29T21:17:40.455Z
510,8002227405,Ibrahima,Ndiaye,Ibrahima Ndiaye,M,1980-07-14,+22236480787,ibrahima.ndiaye696@hotmail.fr,2,Nouakchott-Ouest,ACTIVE,,SUSPENDED,2022-02-16,2024-10-16T22:20:27.633Z,2022-02-16T02:03:53.496Z,2024-10-16T22:20:27.633Z
511,6015906175,Kelthoum,Mint Eleya,Kelthoum Mint Eleya,F,1960-03-21,+22223466595,,15,Tiris Zemmour,DORMANT,,ACTIVE,2022-07-12,2024-08-22T13:20:42.378Z,2022-07-12T01:16:27.836Z,2024-08-22T13:20:42.378Z
512,8702998957,Kelthoum,Kane,Kelthoum Kane,F,1987-08-21,+22225059503,kelthoum.kane537@yahoo.fr,2,Nouakchott-Ouest,PREMIUM,,ACTIVE,2022-11-18,2023-08-06T18:35:28.922Z,2022-11-18T10:11:14.525Z,2023-08-06T18:35:28.922Z
513,0302848409,Moussa,Guèye,Moussa Guèye,M,2003-07-04,+22232745131,,2,Nouakchott-Ouest,PREMIUM,,ACTIVE,2023-10-07,2024-07-06T00:32:39.007Z,2023-10-07T12:39:37.632Z,2024-07-06T00:32:39.007Z
514,9503205981,Vatma,Ndiaye,Vatma Ndiaye,F,1995-09-02,+22236568338,vatma.ndiaye815@gmail.com,3,Nouakchott-Sud,STANDARD,,ACTIVE,2023-02-26,2023-04-16T22:10:52.312Z,2023-02-26T01:55:34.916Z,2023-04-16T22:10:52.312Z
515,6104022128,Safiya,Mint El Mokhtar,Safiya Mint El Mokhtar,F,1961-11-18,+22222472665,safiya.mintelmokhtar51@yahoo.fr,4,Dakhlet Nouadhibou,OCCASIONAL,,ACTIVE,2023-02-01,2024-03-30T09:01:19.578Z,2023-02-01T05:06:07.924Z,2024-03-30T09:01:19.578Z
516,7301182103,Khadija,Bah,Khadija Bah,F,1973-10-22,+22235966861,khadija.bah942@outlook.com,1,Nouakchott-Nord,STANDARD,,INACTIVE,2023-07-12,2024-08-07T03:31:59.415Z,2023-07-12T05:01:42.837Z,2024-08-07T03:31:59.415Z
517,9210499767,Fatima,Ndiaye,Fatima Ndiaye,F,1992-09-20,+22223251346,fatima.ndiaye614@hotmail.fr,10,Hodh Ech Chargui,OCCASIONAL,,ACTIVE,2022-05-06,2024-02-17T07:44:20.633Z,2022-05-06T15:47:28.274Z,2024-02-17T07:44:20.633Z
518,6502128464,Diahara,Touré,Diahara Touré,F,1965-01-04,+22224913187,,2,Nouakchott-Ouest,STANDARD,,ACTIVE,2023-03-16,2023-08-01T12:34:02.514Z,2023-03-16T19:35:21.975Z,2023-08-01T12:34:02.514Z
519,8506851553,Zeinab,Thiam,Zeinab Thiam,F,1985-02-27,+22234914562,zeinab.thiam136@outlook.com,6,Brakna,ACTIVE,,ACTIVE,2024-04-15,2024-09-09T16:59:14.988Z,2024-04-15T07:59:03.512Z,2024-09-09T16:59:14.988Z
520,7501932502,Aicha,Mint Mokhtar,Aicha Mint Mokhtar,F,1975-05-11,+22224190359,,1,Nouakchott-Nord,PREMIUM,,SUSPENDED,2023-07-14,2023-10-01T09:44:47.715Z,2023-07-14T08:58:25.883Z,2023-10-01T09:44:47.715Z
521,8404079372,Mohamed Vall,Ould Taleb,Mohamed Vall Ould Taleb,M,1984-03-15,+22246834509,mohamedvall.ouldtaleb580@yahoo.fr,4,Dakhlet Nouadhibou,OCCASIONAL,,ACTIVE,2024-08-16,2024-11-13T07:56:29.640Z,2024-08-16T00:18:54.661Z,2024-11-13T07:56:29.640Z
522,6701652535,Ahmed Salem,Diakité,Ahmed Salem Diakité,M,1967-01-19,+22235528430,,1,Nouakchott-Nord,STANDARD,,ACTIVE,2023-12-14,2024-03-14T16:05:16.672Z,2023-12-14T04:55:24.690Z,2024-03-14T16:05:16.672Z
523,8102818592,Mariam,Mint Limam,Mariam Mint Limam,F,1981-05-04,+22245769700,,2,Nouakchott-Ouest,STANDARD,,ACTIVE,2024-09-15,2024-10-16T00:46:27.032Z,2024-09-15T16:01:24.710Z,2024-10-16T00:46:27.032Z
524,0501316422,Oumou,Dieng,Oumou Dieng,F,2005-11-23,+22241666572,,1,Nouakchott-Nord,STANDARD,,ACTIVE,2022-03-04,2022-08-04T08:48:12.827Z,2022-03-04T00:11:45.880Z,2022-08-04T08:48:12.827Z
525,6103081414,Mahfoudh,Bah,Mahfoudh Bah,M,1961-11-07,+22232547813,,3,Nouakchott-Sud,DORMANT,,SUSPENDED,2023-05-05,2023-12-14T01:11:01.820Z,2023-05-05T13:47:32.194Z,2023-12-14T01:11:01.820Z
526,9704834892,Kesso,Kanouté,Kesso Kanouté,F,1997-08-05,+22225866272,kesso.kanouté311@gmail.com,4,Dakhlet Nouadhibou,STANDARD,,ACTIVE,2023-05-09,2023-12-02T06:31:25.494Z,2023-05-09T18:44:05.544Z,2023-12-02T06:31:25.494Z
527,8701810230,Sidi Ahmed,Ndiaye,Sidi Ahmed Ndiaye,M,1987-03-03,+22222173573,sidiahmed.ndiaye193@gmail.com,1,Nouakchott-Nord,ACTIVE,,ACTIVE,2023-01-23,2024-05-10T11:13:53.245Z,2023-01-23T22:21:55.765Z,2024-05-10T11:13:53.245Z
528,6002731717,Houda,Mint Messoud,Houda Mint Messoud,F,1960-06-06,+22234460782,houda.mintmessoud865@outlook.com,2,Nouakchott-Ouest,STANDARD,,ACTIVE,2022-12-27,2023-12-12T11:50:16.749Z,2022-12-27T11:20:21.055Z,2023-12-12T11:50:16.749Z
529,0302009587,Yero,Diop,Yero Diop,M,2003-11-04,+22234475468,,2,Nouakchott-Ouest,STANDARD,,ACTIVE,2022-11-28,2024-11-27T21:59:14.166Z,2022-11-28T14:58:49.622Z,2024-11-27T21:59:14.166Z
530,7102316066,Hamoud,Touré,Hamoud Touré,M,1971-05-11,+22223841951,hamoud.touré462@outlook.com,2,Nouakchott-Ouest,STANDARD,,ACTIVE,2022-12-15,2024-06-07T16:20:43.753Z,2022-12-15T13:31:55.205Z,2024-06-07T16:20:43.753Z
531,8615894933,Mohamed Vall,Ould El Mokhtar,Mohamed Vall Ould El Mokhtar,M,1986-01-05,+22234992501,,15,Tiris Zemmour,DORMANT,,ACTIVE,2022-08-17,2023-03-19T08:50:30.149Z,2022-08-17T02:02:55.210Z,2023-03-19T08:50:30.149Z
532,6402089885,Zakaria,Ould Khalil,Zakaria Ould Khalil,M,1964-03-01,+22224481973,,2,Nouakchott-Ouest,ACTIVE,,ACTIVE,2023-10-08,2024-11-13T07:22:40.745Z,2023-10-08T16:48:29.013Z,2024-11-13T07:22:40.745Z
533,6702709078,Salka,Mint Tourad,Salka Mint Tourad,F,1967-03-12,+22222674750,,2,Nouakchott-Ouest,PREMIUM,,ACTIVE,2023-10-19,2024-05-10T15:52:01.940Z,2023-10-19T23:58:43.334Z,2024-05-10T15:52:01.940Z
534,6304121502,Abdel Aziz,Ould Cheikh,Abdel Aziz Ould Cheikh,M,1963-12-09,+22235238432,,4,Dakhlet Nouadhibou,ACTIVE,,ACTIVE,2023-10-21,2024-01-04T21:20:01.949Z,2023-10-21T17:28:56.298Z,2024-01-04T21:20:01.949Z
535,6301231860,Mohamed,Ould Mohamed,Mohamed Ould Mohamed,M,1963-06-14,+22225915984,mohamed.ouldmohamed799@outlook.com,1,Nouakchott-Nord,ACTIVE,,ACTIVE,2024-01-03,2024-04-19T00:15:56.631Z,2024-01-03T09:37:04.050Z,2024-04-19T00:15:56.631Z
536,7801592192,Sira,Bah,Sira Bah,F,1978-01-11,+22244480437,sira.bah445@hotmail.fr,1,Nouakchott-Nord,OCCASIONAL,,ACTIVE,2022-11-03,2024-06-06T09:50:05.536Z,2022-11-03T20:21:28.351Z,2024-06-06T09:50:05.536Z
537,0301006932,Mahmoud,Ould Khatri,Mahmoud Ould Khatri,M,2003-07-10,+22223895442,mahmoud.ouldkhatri289@hotmail.fr,1,Nouakchott-Nord,OCCASIONAL,,INACTIVE,2024-11-16,2024-11-29T13:21:06.609Z,2024-11-16T02:36:41.116Z,2024-11-29T13:21:06.609Z
538,8703157573,Fatou,Doucouré,Fatou Doucouré,F,1987-09-16,+22223971352,,3,Nouakchott-Sud,ACTIVE,,ACTIVE,2022-02-16,2024-02-07T00:34:01.943Z,2022-02-16T11:55:45.579Z,2024-02-07T00:34:01.943Z
539,0002822105,Meymouna,Mint Mokhtar,Meymouna Mint Mokhtar,F,2000-06-10,+22222674524,,2,Nouakchott-Ouest,STANDARD,,ACTIVE,2023-07-17,2023-11-23T11:09:09.723Z,2023-07-17T14:42:53.236Z,2023-11-23T11:09:09.723Z
540,9409663984,Mokhtar,Fofana,Mokhtar Fofana,M,1994-11-26,+22222514808,mokhtar.fofana396@outlook.com,9,Assaba,ACTIVE,,ACTIVE,2023-11-23,2024-07-10T07:08:18.230Z,2023-11-23T05:52:37.913Z,2024-07-10T07:08:18.230Z
541,0203925359,Habiba,Mint Isselmou,Habiba Mint Isselmou,F,2002-11-24,+22234674256,habiba.mintisselmou520@outlook.com,3,Nouakchott-Sud,STANDARD,,ACTIVE,2022-10-07,2022-10-30T20:57:13.664Z,2022-10-07T16:50:30.192Z,2022-10-30T20:57:13.664Z
542,9006679906,Ramatoulaye,Cissé,Ramatoulaye Cissé,F,1990-04-19,+22224390292,ramatoulaye.cissé680@gmail.com,6,Brakna,DORMANT,,ACTIVE,2022-01-26,2023-11-20T00:35:08.703Z,2022-01-26T11:45:10.208Z,2023-11-20T00:35:08.703Z
543,6001164187,Mansour,Ndour,Mansour Ndour,M,1960-05-07,+22241834005,mansour.ndour213@hotmail.fr,1,Nouakchott-Nord,STANDARD,,ACTIVE,2023-07-19,2024-04-24T20:40:48.526Z,2023-07-19T20:56:26.778Z,2024-04-24T20:40:48.526Z
544,7402310209,Abdel Aziz,Mbow,Abdel Aziz Mbow,M,1974-09-20,+22247207597,abdelaziz.mbow11@yahoo.fr,2,Nouakchott-Ouest,STANDARD,,ACTIVE,2022-01-28,2022-09-20T02:59:16.771Z,2022-01-28T06:11:43.799Z,2022-09-20T02:59:16.771Z
545,8201260829,Ethmane,Ould El Mamy,Ethmane Ould El Mamy,M,1982-10-18,+22244594045,,1,Nouakchott-Nord,OCCASIONAL,,ACTIVE,2023-01-07,2024-11-12T02:03:46.532Z,2023-01-07T12:21:58.920Z,2024-11-12T02:03:46.532Z
546,7914600872,Ahmed Salem,Ould Abdallah,Ahmed Salem Ould Abdallah,M,1979-12-02,+22224080185,,14,Inchiri,STANDARD,,INACTIVE,2023-07-02,2023-07-26T12:15:50.836Z,2023-07-02T01:15:52.613Z,2023-07-26T12:15:50.836Z
547,8402903635,Modou,Gaye,Modou Gaye,M,1984-09-03,+22225418805,,2,Nouakchott-Ouest,OCCASIONAL,,PENDING_KYC,2024-01-12,2024-10-30T05:29:14.400Z,2024-01-12T01:54:48.318Z,2024-10-30T05:29:14.400Z
548,9101545498,Mariem,Mint Bouha,Mariem Mint Bouha,F,1991-10-19,+22224425098,,1,Nouakchott-Nord,STANDARD,,ACTIVE,2022-04-23,2023-11-19T06:13:30.001Z,2022-04-23T07:32:50.505Z,2023-11-19T06:13:30.001Z
549,7204452037,Adja,Kouyaté,Adja Kouyaté,F,1972-10-23,+22242609769,,4,Dakhlet Nouadhibou,OCCASIONAL,,ACTIVE,2024-10-01,2024-10-09T06:19:58.420Z,2024-10-01T00:24:34.200Z,2024-10-09T06:19:58.420Z
550,0402696591,Saadbouh,Ould Sidi,Saadbouh Ould Sidi,M,2004-07-06,+22246811594,,2,Nouakchott-Ouest,STANDARD,,ACTIVE,2023-04-11,2023-05-15T13:21:14.754Z,2023-04-11T17:08:27.425Z,2023-05-15T13:21:14.754Z
551,7704711108,Naha,Diagana,Naha Diagana,F,1977-03-25,+22246632975,naha.diagana443@yahoo.fr,4,Dakhlet Nouadhibou,STANDARD,,ACTIVE,2022-05-17,2024-08-24T01:19:13.068Z,2022-05-17T01:33:27.791Z,2024-08-24T01:19:13.068Z
552,7212738864,Amadou,Kouyaté,Amadou Kouyaté,M,1972-08-19,+22222807780,amadou.kouyaté354@gmail.com,12,Adrar,STANDARD,,ACTIVE,2022-05-03,2022-05-17T15:17:18.563Z,2022-05-03T03:21:17.041Z,2022-05-17T15:17:18.563Z
553,6102671687,Tamba,Dia,Tamba Dia,M,1961-08-09,+22222154069,tamba.dia731@gmail.com,2,Nouakchott-Ouest,DORMANT,,ACTIVE,2024-05-12,2024-09-23T19:45:32.058Z,2024-05-12T22:08:47.653Z,2024-09-23T19:45:32.058Z
554,9705282430,Sidina,Cissé,Sidina Cissé,M,1997-03-09,+22236891818,sidina.cissé956@outlook.com,5,Trarza,STANDARD,,ACTIVE,2022-07-22,2023-02-15T01:37:40.466Z,2022-07-22T20:51:35.550Z,2023-02-15T01:37:40.466Z
555,0005313945,Yacoub,Ould Limam,Yacoub Ould Limam,M,2000-01-09,+22222648496,yacoub.ouldlimam677@gmail.com,5,Trarza,OCCASIONAL,,ACTIVE,2023-04-06,2024-09-28T19:07:28.462Z,2023-04-06T20:01:58.808Z,2024-09-28T19:07:28.462Z
556,7104507947,Bakary,Diagana,Bakary Diagana,M,1971-11-01,+22222073835,,4,Dakhlet Nouadhibou,DORMANT,,ACTIVE,2024-07-03,2024-10-03T15:20:15.149Z,2024-07-03T19:47:05.398Z,2024-10-03T15:20:15.149Z
557,7704440657,Aïssata,Diallo,Aïssata Diallo,F,1977-09-02,+22222197681,aïssata.diallo618@gmail.com,4,Dakhlet Nouadhibou,OCCASIONAL,,ACTIVE,2024-01-04,2024-03-17T23:50:39.029Z,2024-01-04T15:20:19.882Z,2024-03-17T23:50:39.029Z
558,8302124257,Lemrabott,Sow,Lemrabott Sow,M,1983-04-03,+22225897317,lemrabott.sow801@gmail.com,2,Nouakchott-Ouest,ACTIVE,,ACTIVE,2023-06-19,2024-12-19T16:40:14.031Z,2023-06-19T19:38:24.953Z,2024-12-19T16:40:14.031Z
559,6503391399,Yahya,Ould Abeih,Yahya Ould Abeih,M,1965-05-03,+22247451394,yahya.ouldabeih188@hotmail.fr,3,Nouakchott-Sud,STANDARD,,ACTIVE,2023-12-31,2024-02-26T02:34:00.369Z,2023-12-31T12:12:14.025Z,2024-02-26T02:34:00.369Z
560,0301869805,Saad,Diallo,Saad Diallo,M,2003-11-27,+22225504644,,1,Nouakchott-Nord,DORMANT,,ACTIVE,2022-08-11,2024-04-21T16:15:27.796Z,2022-08-11T17:32:14.117Z,2024-04-21T16:15:27.796Z
561,0207454642,Vadel,Ould Taleb,Vadel Ould Taleb,M,2002-05-11,+22249812885,,7,Gorgol,ACTIVE,,ACTIVE,2024-07-12,2024-08-04T21:24:07.715Z,2024-07-12T12:15:15.957Z,2024-08-04T21:24:07.715Z
562,0411341903,Ibrahima,Kanouté,Ibrahima Kanouté,M,2004-11-11,+22224500013,,11,Hodh El Gharbi,STANDARD,,PENDING_KYC,2022-12-14,2023-07-11T19:26:17.710Z,2022-12-14T10:57:22.638Z,2023-07-11T19:26:17.710Z
563,8302479823,Naha,Barry,Naha Barry,F,1983-09-08,+22222981311,,2,Nouakchott-Ouest,OCCASIONAL,,ACTIVE,2024-11-26,2024-12-12T15:42:07.359Z,2024-11-26T15:39:28.506Z,2024-12-12T15:42:07.359Z
564,7107367494,Kadiatou,Dia,Kadiatou Dia,F,1971-07-19,+22235871671,kadiatou.dia613@gmail.com,7,Gorgol,STANDARD,,ACTIVE,2022-04-01,2023-03-20T02:49:15.917Z,2022-04-01T21:25:58.016Z,2023-03-20T02:49:15.917Z
565,9102701549,Mariam,Mint Ethmane,Mariam Mint Ethmane,F,1991-03-09,+22225435173,mariam.mintethmane941@outlook.com,2,Nouakchott-Ouest,STANDARD,,ACTIVE,2023-05-13,2024-06-22T16:44:38.114Z,2023-05-13T05:00:21.106Z,2024-06-22T16:44:38.114Z
566,8515614583,Horma,Ould Abdallah,Horma Ould Abdallah,M,1985-09-22,+22224300868,,15,Tiris Zemmour,STANDARD,,SUSPENDED,2023-09-04,2024-08-27T11:02:23.998Z,2023-09-04T13:15:33.048Z,2024-08-27T11:02:23.998Z
567,9206908464,Cheikh,Ould Brahim,Cheikh Ould Brahim,M,1992-02-12,+22224210531,cheikh.ouldbrahim713@gmail.com,6,Brakna,STANDARD,,ACTIVE,2023-07-08,2023-07-17T18:22:15.885Z,2023-07-08T18:13:29.989Z,2023-07-17T18:22:15.885Z
568,6303040781,Rokhaya,Diallo,Rokhaya Diallo,F,1963-02-20,+22237248670,rokhaya.diallo4@outlook.com,3,Nouakchott-Sud,OCCASIONAL,,ACTIVE,2024-10-08,2024-12-16T11:13:50.499Z,2024-10-08T20:30:22.933Z,2024-12-16T11:13:50.499Z
569,9207792400,Ténin,Ly,Ténin Ly,F,1992-12-23,+22237223103,ténin.ly936@outlook.com,7,Gorgol,DORMANT,,INACTIVE,2023-01-26,2023-04-26T04:23:41.980Z,2023-01-26T12:12:03.939Z,2023-04-26T04:23:41.980Z
570,8105853910,Ahmed,Ly,Ahmed Ly,M,1981-06-17,+22222205937,ahmed.ly329@hotmail.fr,5,Trarza,DORMANT,,PENDING_KYC,2024-11-10,2024-12-02T19:14:38.760Z,2024-11-10T14:36:22.064Z,2024-12-02T19:14:38.760Z
571,7103967542,Vatma,Ndiaye,Vatma Ndiaye,F,1971-02-27,+22225097441,,3,Nouakchott-Sud,ACTIVE,,ACTIVE,2022-03-07,2022-06-21T07:54:59.988Z,2022-03-07T15:31:46.937Z,2022-06-21T07:54:59.988Z
572,6302277243,Defa,Mint Eleya,Defa Mint Eleya,F,1963-02-10,+22223920690,defa.minteleya632@outlook.com,2,Nouakchott-Ouest,STANDARD,,BLOCKED,2024-01-22,2024-12-02T06:49:12.924Z,2024-01-22T15:19:46.883Z,2024-12-02T06:49:12.924Z
573,6810069909,Saleck,Ould Vall,Saleck Ould Vall,M,1968-03-05,+22224340027,,10,Hodh Ech Chargui,ACTIVE,,ACTIVE,2023-10-16,2024-05-07T18:49:57.184Z,2023-10-16T20:37:41.211Z,2024-05-07T18:49:57.184Z
574,0502382189,Yahya,Ould Ghali,Yahya Ould Ghali,M,2005-06-14,+22225142346,,2,Nouakchott-Ouest,STANDARD,,ACTIVE,2024-09-22,2024-12-06T10:24:54.691Z,2024-09-22T07:01:13.504Z,2024-12-06T10:24:54.691Z
575,9909567599,Fatou,Cissé,Fatou Cissé,F,1999-06-10,+22222074420,,9,Assaba,ACTIVE,,ACTIVE,2023-12-07,2023-12-26T10:07:40.693Z,2023-12-07T09:31:30.092Z,2023-12-26T10:07:40.693Z
576,6204331245,Abdallah,Ould Ghali,Abdallah Ould Ghali,M,1962-10-15,+22222894014,,4,Dakhlet Nouadhibou,STANDARD,,ACTIVE,2024-11-02,2024-12-23T00:47:05.659Z,2024-11-02T00:19:32.114Z,2024-12-23T00:47:05.659Z
577,9702594040,Malouma,Mint El Hacen,Malouma Mint El Hacen,F,1997-04-25,+22224322519,,2,Nouakchott-Ouest,STANDARD,,ACTIVE,2024-05-22,2024-10-01T17:30:53.743Z,2024-05-22T15:13:30.918Z,2024-10-01T17:30:53.743Z
578,6703206622,Maty,Guèye,Maty Guèye,F,1967-06-01,+22243581122,,3,Nouakchott-Sud,ACTIVE,,ACTIVE,2024-01-09,2024-12-26T08:17:56.539Z,2024-01-09T03:44:26.514Z,2024-12-26T08:17:56.539Z
579,6101987732,Khalil,Ould Vadel,Khalil Ould Vadel,M,1961-02-17,+22245612339,,1,Nouakchott-Nord,OCCASIONAL,,INACTIVE,2024-07-17,2024-11-15T22:45:54.640Z,2024-07-17T12:49:15.654Z,2024-11-15T22:45:54.640Z
580,8108991365,Malick,Ly,Malick Ly,M,1981-08-06,+22225348701,malick.ly915@yahoo.fr,8,Guidimaka,STANDARD,,ACTIVE,2024-12-07,2024-12-24T09:12:22.499Z,2024-12-07T14:17:43.959Z,2024-12-24T09:12:22.499Z
581,7613607415,Fatoumata,Dramé,Fatoumata Dramé,F,1976-03-28,+22222806353,,13,Tagant,DORMANT,,ACTIVE,2022-11-27,2024-08-30T02:37:33.078Z,2022-11-27T05:42:32.823Z,2024-08-30T02:37:33.078Z
582,9608963629,Hamidou,Niang,Hamidou Niang,M,1996-12-28,+22223934674,hamidou.niang729@gmail.com,8,Guidimaka,STANDARD,,ACTIVE,2024-09-04,2024-10-29T06:26:45.476Z,2024-09-04T22:59:06.134Z,2024-10-29T06:26:45.476Z
583,9609166827,Daba,Faye,Daba Faye,F,1996-01-07,+22234208102,,9,Assaba,STANDARD,,ACTIVE,2023-11-16,2024-10-13T15:46:21.290Z,2023-11-16T16:08:00.380Z,2024-10-13T15:46:21.290Z
584,6005451562,Khadija,Mint Hamoud,Khadija Mint Hamoud,F,1960-03-05,+22234088029,,5,Trarza,OCCASIONAL,,ACTIVE,2024-09-23,2024-11-11T00:35:30.034Z,2024-09-23T02:58:12.779Z,2024-11-11T00:35:30.034Z
585,9303991970,Sidina,Barry,Sidina Barry,M,1993-10-13,+22222598342,,3,Nouakchott-Sud,OCCASIONAL,,ACTIVE,2023-09-20,2024-06-29T21:20:51.507Z,2023-09-20T19:42:20.469Z,2024-06-29T21:20:51.507Z
586,7201432313,Souleymane,Diallo,Souleymane Diallo,M,1972-01-16,+22225071153,,1,Nouakchott-Nord,ACTIVE,,ACTIVE,2023-09-01,2024-11-24T00:53:14.226Z,2023-09-01T12:45:00.209Z,2024-11-24T00:53:14.226Z
587,6402993496,Jemila,Mint Hamoud,Jemila Mint Hamoud,F,1964-05-25,+22224528083,jemila.minthamoud989@gmail.com,2,Nouakchott-Ouest,STANDARD,,ACTIVE,2023-03-22,2024-06-02T08:11:33.464Z,2023-03-22T18:58:31.735Z,2024-06-02T08:11:33.464Z
588,9909153578,Assa,Sall,Assa Sall,F,1999-09-24,+22232432576,assa.sall272@outlook.com,9,Assaba,STANDARD,,ACTIVE,2023-01-20,2023-10-03T14:27:26.076Z,2023-01-20T02:20:08.758Z,2023-10-03T14:27:26.076Z
589,8001921360,Safiya,Sy,Safiya Sy,F,1980-11-20,+22242210827,,1,Nouakchott-Nord,OCCASIONAL,,ACTIVE,2024-06-06,2024-10-05T01:02:35.195Z,2024-06-06T22:14:51.593Z,2024-10-05T01:02:35.195Z
590,6402028653,Mokhtar,Ould Mokhtar,Mokhtar Ould Mokhtar,M,1964-08-08,+22223941250,,2,Nouakchott-Ouest,ACTIVE,,ACTIVE,2024-07-06,2024-08-03T09:41:47.906Z,2024-07-06T15:30:22.400Z,2024-08-03T09:41:47.906Z
591,6603535042,Tiémoko,Koné,Tiémoko Koné,M,1966-08-03,+22242991361,tiémoko.koné808@gmail.com,3,Nouakchott-Sud,ACTIVE,,PENDING_KYC,2023-05-14,2023-10-28T20:58:06.399Z,2023-05-14T10:32:54.084Z,2023-10-28T20:58:06.399Z
592,0102958195,Saleck,Ould Moulaye,Saleck Ould Moulaye,M,2001-10-11,+22225699620,saleck.ouldmoulaye279@gmail.com,2,Nouakchott-Ouest,ACTIVE,,ACTIVE,2022-04-29,2022-08-07T17:38:33.016Z,2022-04-29T12:03:20.045Z,2022-08-07T17:38:33.016Z
593,8701741873,Malouma,Sow,Malouma Sow,F,1987-03-19,+22225899693,malouma.sow973@yahoo.fr,1,Nouakchott-Nord,OCCASIONAL,,ACTIVE,2024-03-22,2024-10-23T06:38:19.119Z,2024-03-22T00:23:46.713Z,2024-10-23T06:38:19.119Z
594,9802944523,Moussa,Diallo,Moussa Diallo,M,1998-09-01,+22222902763,,2,Nouakchott-Ouest,OCCASIONAL,,ACTIVE,2023-11-23,2024-10-20T14:20:16.258Z,2023-11-23T10:44:01.869Z,2024-10-20T14:20:16.258Z
595,0002678137,Aziza,Gaye,Aziza Gaye,F,2000-05-25,+22249167582,,2,Nouakchott-Ouest,DORMANT,,SUSPENDED,2023-03-16,2024-05-19T07:48:04.736Z,2023-03-16T08:54:12.197Z,2024-05-19T07:48:04.736Z
596,7802219245,Gaoussou,Thiam,Gaoussou Thiam,M,1978-09-16,+22248627573,,2,Nouakchott-Ouest,STANDARD,,INACTIVE,2024-06-05,2024-09-12T02:48:28.777Z,2024-06-05T19:56:51.503Z,2024-09-12T02:48:28.777Z
597,6503773540,Tekber,Mint Mahmoud,Tekber Mint Mahmoud,F,1965-11-24,+22225076613,,3,Nouakchott-Sud,STANDARD,,ACTIVE,2024-03-26,2024-10-03T19:13:53.644Z,2024-03-26T05:30:31.595Z,2024-10-03T19:13:53.644Z
598,0408745389,Mahjouba,Sène,Mahjouba Sène,F,2004-12-09,+22249324321,,8,Guidimaka,PREMIUM,,INACTIVE,2023-05-19,2024-05-07T07:40:47.349Z,2023-05-19T03:56:38.091Z,2024-05-07T07:40:47.349Z
599,9206835317,Houda,Sow,Houda Sow,F,1992-01-18,+22222355822,houda.sow458@gmail.com,6,Brakna,STANDARD,,ACTIVE,2024-05-28,2024-08-26T16:29:54.153Z,2024-05-28T13:52:44.411Z,2024-08-26T16:29:54.153Z
600,8903690410,Vatma,Mint Moulaye,Vatma Mint Moulaye,F,1989-11-15,+22222218138,,3,Nouakchott-Sud,OCCASIONAL,,ACTIVE,2023-05-02,2024-12-08T02:33:29.096Z,2023-05-02T12:58:03.081Z,2024-12-08T02:33:29.096Z
601,7302437837,El Hadj,Diop,El Hadj Diop,M,1973-11-24,+22225202482,elhadj.diop193@outlook.com,2,Nouakchott-Ouest,ACTIVE,,ACTIVE,2024-02-03,2024-11-07T05:45:24.852Z,2024-02-03T18:02:08.944Z,2024-11-07T05:45:24.852Z
602,7503349933,Yahya,Ould Hadrami,Yahya Ould Hadrami,M,1975-06-13,+22232968812,,3,Nouakchott-Sud,OCCASIONAL,,ACTIVE,2023-12-25,2024-05-24T12:25:48.048Z,2023-12-25T21:15:52.984Z,2024-05-24T12:25:48.048Z
603,8603486252,Sidi,Ould Ahmed,Sidi Ould Ahmed,M,1986-08-26,+22224620063,,3,Nouakchott-Sud,ACTIVE,,ACTIVE,2024-12-09,2024-12-30T10:50:57.498Z,2024-12-09T06:05:07.774Z,2024-12-30T10:50:57.498Z
604,6802597759,Pape,Sy,Pape Sy,M,1968-03-09,+22222084491,,2,Nouakchott-Ouest,STANDARD,,INACTIVE,2022-08-10,2024-02-05T12:43:21.518Z,2022-08-10T06:22:05.578Z,2024-02-05T12:43:21.518Z
605,0201644591,Makan,Diakité,Makan Diakité,M,2002-07-24,+22223784058,makan.diakité82@hotmail.fr,1,Nouakchott-Nord,ACTIVE,,ACTIVE,2024-02-10,2024-05-01T13:21:37.615Z,2024-02-10T22:10:57.430Z,2024-05-01T13:21:37.615Z
606,7002256361,Rokaya,Mint Maloum,Rokaya Mint Maloum,F,1970-06-04,+22225871064,rokaya.mintmaloum408@gmail.com,2,Nouakchott-Ouest,STANDARD,,ACTIVE,2024-06-23,2024-10-22T04:58:08.155Z,2024-06-23T07:18:47.549Z,2024-10-22T04:58:08.155Z
607,7505215881,Salka,Dramé,Salka Dramé,F,1975-09-28,+22232842323,salka.dramé452@yahoo.fr,5,Trarza,STANDARD,,ACTIVE,2024-08-02,2024-10-04T01:23:40.222Z,2024-08-02T00:55:09.756Z,2024-10-04T01:23:40.222Z
608,9714226551,Moulaye,Ould El Hacen,Moulaye Ould El Hacen,M,1997-05-11,+22225278611,moulaye.ouldelhacen711@yahoo.fr,14,Inchiri,OCCASIONAL,,ACTIVE,2023-04-27,2024-08-25T05:25:03.701Z,2023-04-27T23:42:23.416Z,2024-08-25T05:25:03.701Z
609,7602855979,Penda,Dramé,Penda Dramé,F,1976-03-03,+22232332226,,2,Nouakchott-Ouest,PREMIUM,,PENDING_KYC,2023-05-28,2024-11-16T08:44:15.448Z,2023-05-28T05:08:43.680Z,2024-11-16T08:44:15.448Z
610,6904465475,Seynabou,Gaye,Seynabou Gaye,F,1969-10-11,+22224260534,,4,Dakhlet Nouadhibou,DORMANT,,ACTIVE,2022-02-26,2022-06-30T13:57:44.599Z,2022-02-26T10:40:11.285Z,2022-06-30T13:57:44.599Z
611,7505571145,Saidou,Mbow,Saidou Mbow,M,1975-08-25,+22223418380,,5,Trarza,VIP,,INACTIVE,2022-12-16,2023-01-23T11:01:05.920Z,2022-12-16T11:40:51.743Z,2023-01-23T11:01:05.920Z
612,6207900431,Fatima,Mint Hadrami,Fatima Mint Hadrami,F,1962-01-17,+22246593902,,7,Gorgol,STANDARD,,ACTIVE,2024-05-30,2024-10-02T14:10:43.181Z,2024-05-30T06:19:22.539Z,2024-10-02T14:10:43.181Z
613,6403923085,Moustapha,Wane,Moustapha Wane,M,1964-09-05,+22242877309,,3,Nouakchott-Sud,STANDARD,,ACTIVE,2023-01-18,2024-09-27T14:46:17.740Z,2023-01-18T05:17:34.302Z,2024-09-27T14:46:17.740Z
614,0504421725,Aissata,Mint Messoud,Aissata Mint Messoud,F,2005-04-04,+22224286042,,4,Dakhlet Nouadhibou,OCCASIONAL,,ACTIVE,2022-12-20,2024-11-28T17:33:37.744Z,2022-12-20T08:34:31.520Z,2024-11-28T17:33:37.744Z
615,9002135314,Khady,Cissé,Khady Cissé,F,1990-08-20,+22225687623,,2,Nouakchott-Ouest,OCCASIONAL,,ACTIVE,2023-06-19,2024-10-30T16:44:33.889Z,2023-06-19T20:10:58.893Z,2024-10-30T16:44:33.889Z
616,6802338190,Isselmou,Ould Cheikh,Isselmou Ould Cheikh,M,1968-12-20,+22224843086,,2,Nouakchott-Ouest,STANDARD,,ACTIVE,2024-08-25,2024-08-29T23:44:47.523Z,2024-08-25T05:54:57.596Z,2024-08-29T23:44:47.523Z
617,7012041690,Naha,Sow,Naha Sow,F,1970-08-22,+22247020436,naha.sow52@hotmail.fr,12,Adrar,STANDARD,,ACTIVE,2023-08-24,2024-12-24T20:52:51.373Z,2023-08-24T01:05:07.517Z,2024-12-24T20:52:51.373Z
618,9106017802,Cheikh,Ould Cheikh,Cheikh Ould Cheikh,M,1991-10-09,+22234860524,cheikh.ouldcheikh2@yahoo.fr,6,Brakna,ACTIVE,,ACTIVE,2022-12-29,2024-01-18T01:20:11.427Z,2022-12-29T12:32:04.703Z,2024-01-18T01:20:11.427Z
619,6603519156,Seynabou,Dramé,Seynabou Dramé,F,1966-01-14,+22234274732,,3,Nouakchott-Sud,OCCASIONAL,,ACTIVE,2024-10-10,2024-12-07T09:51:17.243Z,2024-10-10T17:54:28.738Z,2024-12-07T09:51:17.243Z
620,8402811914,Oumou,Mint Taleb,Oumou Mint Taleb,F,1984-01-05,+22224419023,,2,Nouakchott-Ouest,ACTIVE,,ACTIVE,2022-01-19,2024-04-09T12:16:13.111Z,2022-01-19T03:27:31.915Z,2024-04-09T12:16:13.111Z
621,0404423232,Mounina,Mint El Ghassem,Mounina Mint El Ghassem,F,2004-02-12,+22234473443,,4,Dakhlet Nouadhibou,ACTIVE,,ACTIVE,2023-05-01,2024-06-29T01:47:18.670Z,2023-05-01T04:32:42.661Z,2024-06-29T01:47:18.670Z
622,0214654417,Moctar,Ould Brahim,Moctar Ould Brahim,M,2002-09-07,+22223702330,moctar.ouldbrahim125@yahoo.fr,14,Inchiri,STANDARD,,ACTIVE,2023-08-06,2024-09-03T16:31:38.398Z,2023-08-06T00:50:52.362Z,2024-09-03T16:31:38.398Z
623,8215974365,Mohamed Salem,Ould Mahmoud,Mohamed Salem Ould Mahmoud,M,1982-12-28,+22233008085,,15,Tiris Zemmour,ACTIVE,,ACTIVE,2022-10-25,2024-10-24T13:53:54.471Z,2022-10-25T16:18:11.185Z,2024-10-24T13:53:54.471Z
624,7515141004,Djenaba,Dia,Djenaba Dia,F,1975-09-25,+22249334672,djenaba.dia9@outlook.com,15,Tiris Zemmour,STANDARD,,ACTIVE,2024-04-20,2024-08-05T00:22:15.438Z,2024-04-20T06:22:24.894Z,2024-08-05T00:22:15.438Z
625,9103418534,Zeinab,Bâ,Zeinab Bâ,F,1991-12-26,+22234338195,,3,Nouakchott-Sud,ACTIVE,,ACTIVE,2022-02-04,2024-10-22T15:14:48.444Z,2022-02-04T07:38:39.329Z,2024-10-22T15:14:48.444Z
626,8115670727,Mohamed Vall,Sène,Mohamed Vall Sène,M,1981-10-06,+22234266258,,15,Tiris Zemmour,ACTIVE,,SUSPENDED,2022-06-03,2024-07-18T11:37:04.087Z,2022-06-03T03:56:40.652Z,2024-07-18T11:37:04.087Z
627,0502155356,Noura,Mint Ghali,Noura Mint Ghali,F,2005-05-05,+22222876507,,2,Nouakchott-Ouest,DORMANT,,ACTIVE,2023-04-26,2023-06-29T12:49:08.637Z,2023-04-26T03:52:02.589Z,2023-06-29T12:49:08.637Z
628,9601404161,Cheikh Sidiya,Ould Eleya,Cheikh Sidiya Ould Eleya,M,1996-07-07,+22247930546,,1,Nouakchott-Nord,OCCASIONAL,,ACTIVE,2024-09-08,2024-12-09T03:49:37.999Z,2024-09-08T13:17:39.234Z,2024-12-09T03:49:37.999Z
629,0501237143,Zahra,Mint Nenni,Zahra Mint Nenni,F,2005-02-12,+22243554267,zahra.mintnenni668@gmail.com,1,Nouakchott-Nord,DORMANT,,ACTIVE,2023-01-27,2024-11-25T05:47:35.245Z,2023-01-27T06:56:52.403Z,2024-11-25T05:47:35.245Z
630,6415012515,Mohamed Mahmoud,Ould Khatri,Mohamed Mahmoud Ould Khatri,M,1964-03-24,+22233616811,mohamedmahmoud.ouldkhatri607@outlook.com,15,Tiris Zemmour,STANDARD,,ACTIVE,2023-03-10,2023-06-13T14:16:32.020Z,2023-03-10T18:17:21.263Z,2023-06-13T14:16:32.020Z
631,7902142993,Mariam,Mint Cheikh,Mariam Mint Cheikh,F,1979-10-27,+22232137101,,2,Nouakchott-Ouest,PREMIUM,,ACTIVE,2022-05-22,2023-01-10T17:36:49.449Z,2022-05-22T20:10:09.647Z,2023-01-10T17:36:49.449Z
632,7901368374,Maloum,Ould Ahmed,Maloum Ould Ahmed,M,1979-08-08,+22232271009,,1,Nouakchott-Nord,STANDARD,,ACTIVE,2022-02-14,2023-01-04T13:57:07.019Z,2022-02-14T11:27:07.447Z,2023-01-04T13:57:07.019Z
633,8301958554,Yacine,Dia,Yacine Dia,F,1983-07-13,+22222154734,,1,Nouakchott-Nord,STANDARD,,ACTIVE,2024-11-05,2024-12-22T14:25:44.833Z,2024-11-05T07:23:41.404Z,2024-12-22T14:25:44.833Z
634,7202434169,Sidi Ahmed,Ould Khalil,Sidi Ahmed Ould Khalil,M,1972-10-07,+22223510921,,2,Nouakchott-Ouest,OCCASIONAL,,ACTIVE,2022-04-15,2024-11-23T16:20:12.595Z,2022-04-15T16:22:39.486Z,2024-11-23T16:20:12.595Z
635,7003327484,Jiddou,Diallo,Jiddou Diallo,M,1970-04-14,+22241931059,,3,Nouakchott-Sud,OCCASIONAL,,PENDING_KYC,2024-09-16,2024-09-19T12:20:45.963Z,2024-09-16T21:49:45.052Z,2024-09-19T12:20:45.963Z
636,8203700280,Noura,Mint Abdallah,Noura Mint Abdallah,F,1982-03-23,+22224117998,noura.mintabdallah121@outlook.com,3,Nouakchott-Sud,STANDARD,,ACTIVE,2022-02-14,2023-08-26T19:14:23.489Z,2022-02-14T00:26:02.185Z,2023-08-26T19:14:23.489Z
637,8906967858,Fodié,Gaye,Fodié Gaye,M,1989-12-22,+22224372633,,6,Brakna,STANDARD,,ACTIVE,2023-11-15,2024-04-19T11:11:02.471Z,2023-11-15T21:44:43.264Z,2024-04-19T11:11:02.471Z
638,0412239348,Mbarka,Mint Abdel Kader,Mbarka Mint Abdel Kader,F,2004-12-07,+22224694291,,12,Adrar,OCCASIONAL,,ACTIVE,2022-08-27,2024-09-25T04:25:36.383Z,2022-08-27T07:39:42.363Z,2024-09-25T04:25:36.383Z
639,7605785929,Jemila,Anne,Jemila Anne,F,1976-04-20,+22235091372,jemila.anne760@gmail.com,5,Trarza,STANDARD,,PENDING_KYC,2022-07-01,2022-08-18T21:44:31.209Z,2022-07-01T02:48:01.666Z,2022-08-18T21:44:31.209Z
640,0108081581,Abdellahi,Ould Messoud,Abdellahi Ould Messoud,M,2001-08-01,+22241178995,,8,Guidimaka,PREMIUM,,PENDING_KYC,2022-06-23,2022-07-03T07:18:54.848Z,2022-06-23T04:51:49.838Z,2022-07-03T07:18:54.848Z
641,0301643737,Mohamed Vall,Ould Ahmed,Mohamed Vall Ould Ahmed,M,2003-03-21,+22224946361,,1,Nouakchott-Nord,ACTIVE,,ACTIVE,2022-06-04,2024-12-22T04:41:52.869Z,2022-06-04T02:46:58.383Z,2024-12-22T04:41:52.869Z
642,9402761469,Noura,Ba,Noura Ba,F,1994-09-04,+22234009053,,2,Nouakchott-Ouest,OCCASIONAL,,ACTIVE,2024-03-14,2024-05-30T08:23:33.197Z,2024-03-14T23:40:07.977Z,2024-05-30T08:23:33.197Z
643,8615067991,Aichetou,Thiaw,Aichetou Thiaw,F,1986-12-24,+22233441347,,15,Tiris Zemmour,OCCASIONAL,,ACTIVE,2024-07-29,2024-08-31T12:30:45.063Z,2024-07-29T10:42:23.458Z,2024-08-31T12:30:45.063Z
644,9501118195,Makan,Sakho,Makan Sakho,M,1995-04-09,+22236350452,,1,Nouakchott-Nord,STANDARD,,ACTIVE,2023-06-13,2024-06-07T04:17:44.200Z,2023-06-13T13:06:29.726Z,2024-06-07T04:17:44.200Z
645,0303930378,Zeinab,Soumaré,Zeinab Soumaré,F,2003-12-07,+22233358803,,3,Nouakchott-Sud,OCCASIONAL,,ACTIVE,2024-05-10,2024-06-12T00:33:42.926Z,2024-05-10T23:51:32.950Z,2024-06-12T00:33:42.926Z
646,9312784880,Abdel Rahman,Ould Salem,Abdel Rahman Ould Salem,M,1993-07-14,+22235465922,abdelrahman.ouldsalem644@outlook.com,12,Adrar,STANDARD,,ACTIVE,2023-05-15,2024-01-11T00:14:16.779Z,2023-05-15T22:25:08.930Z,2024-01-11T00:14:16.779Z
647,7203189695,Saad,Ould Hadrami,Saad Ould Hadrami,M,1972-03-04,+22222807966,saad.ouldhadrami863@outlook.com,3,Nouakchott-Sud,PREMIUM,,ACTIVE,2024-11-26,2024-12-14T08:24:44.407Z,2024-11-26T18:14:10.425Z,2024-12-14T08:24:44.407Z
648,9005244699,Halima,Mint Ahmedou,Halima Mint Ahmedou,F,1990-07-10,+22249741557,halima.mintahmedou751@gmail.com,5,Trarza,STANDARD,,ACTIVE,2023-12-18,2024-01-10T15:04:04.883Z,2023-12-18T06:27:16.133Z,2024-01-10T15:04:04.883Z
649,6101311878,Aissata,Kanouté,Aissata Kanouté,F,1961-02-21,+22222850068,,1,Nouakchott-Nord,DORMANT,,ACTIVE,2024-04-01,2024-08-27T00:29:24.276Z,2024-04-01T22:06:21.014Z,2024-08-27T00:29:24.276Z
650,7402019216,Mohamed Salem,Camara,Mohamed Salem Camara,M,1974-12-13,+22222052473,,2,Nouakchott-Ouest,OCCASIONAL,,ACTIVE,2023-02-09,2023-09-26T21:29:44.026Z,2023-02-09T21:28:00.664Z,2023-09-26T21:29:44.026Z
651,0306466117,Wedadi,Ould Ahmedou,Wedadi Ould Ahmedou,M,2003-10-25,+22223292285,,6,Brakna,OCCASIONAL,,ACTIVE,2023-05-26,2023-09-05T07:25:44.627Z,2023-05-26T00:15:25.910Z,2023-09-05T07:25:44.627Z
652,0002410737,Mariem,Mint Abdallah,Mariem Mint Abdallah,F,2000-03-26,+22248474486,,2,Nouakchott-Ouest,STANDARD,,ACTIVE,2022-05-16,2024-10-22T09:06:29.968Z,2022-05-16T10:38:01.139Z,2024-10-22T09:06:29.968Z
653,9411507423,Khadija,Doucouré,Khadija Doucouré,F,1994-05-27,+22225364482,khadija.doucouré509@hotmail.fr,11,Hodh El Gharbi,STANDARD,,ACTIVE,2024-05-22,2024-11-04T11:07:27.193Z,2024-05-22T22:04:13.681Z,2024-11-04T11:07:27.193Z
654,6803203226,Aichetou,Mint Lemrabott,Aichetou Mint Lemrabott,F,1968-05-17,+22223659866,aichetou.mintlemrabott221@outlook.com,3,Nouakchott-Sud,STANDARD,,ACTIVE,2022-09-15,2023-09-10T06:56:56.900Z,2022-09-15T17:40:35.739Z,2023-09-10T06:56:56.900Z
655,8201634273,Vatma,Mint Eleya,Vatma Mint Eleya,F,1982-04-18,+22246370096,,1,Nouakchott-Nord,PREMIUM,,ACTIVE,2022-01-12,2022-03-26T20:47:29.526Z,2022-01-12T09:58:05.711Z,2022-03-26T20:47:29.526Z
656,7212306865,Ahmed Baba,Ould Mahmoud,Ahmed Baba Ould Mahmoud,M,1972-09-11,+22223588256,ahmedbaba.ouldmahmoud488@yahoo.fr,12,Adrar,OCCASIONAL,,ACTIVE,2024-11-21,2024-12-07T16:56:56.501Z,2024-11-21T01:12:01.480Z,2024-12-07T16:56:56.501Z
657,8603951428,Noura,Diagana,Noura Diagana,F,1986-02-25,+22242793400,,3,Nouakchott-Sud,ACTIVE,,ACTIVE,2023-05-12,2024-01-19T11:58:29.004Z,2023-05-12T11:54:58.785Z,2024-01-19T11:58:29.004Z
658,9503439339,Habiboullah,Ould El Ghassem,Habiboullah Ould El Ghassem,M,1995-10-01,+22233684458,habiboullah.ouldelghassem898@hotmail.fr,3,Nouakchott-Sud,OCCASIONAL,,ACTIVE,2023-08-31,2024-07-22T03:12:26.847Z,2023-08-31T14:30:36.605Z,2024-07-22T03:12:26.847Z
659,9603591362,Aminetou,Ly,Aminetou Ly,F,1996-04-24,+22222121007,,3,Nouakchott-Sud,ACTIVE,,ACTIVE,2023-06-19,2024-12-17T23:49:39.582Z,2023-06-19T15:09:25.916Z,2024-12-17T23:49:39.582Z
660,6015549752,Soueidatt,Ould Ahmed,Soueidatt Ould Ahmed,M,1960-02-14,+22225422171,soueidatt.ouldahmed180@hotmail.fr,15,Tiris Zemmour,STANDARD,,ACTIVE,2024-03-05,2024-08-09T05:08:58.567Z,2024-03-05T00:41:39.229Z,2024-08-09T05:08:58.567Z
661,9702948324,Vall,Ould Limam,Vall Ould Limam,M,1997-07-17,+22237650912,vall.ouldlimam4@yahoo.fr,2,Nouakchott-Ouest,DORMANT,,ACTIVE,2023-07-30,2024-04-19T09:15:07.653Z,2023-07-30T00:40:04.484Z,2024-04-19T09:15:07.653Z
662,7203845065,Mansour,Ly,Mansour Ly,M,1972-04-25,+22243303397,,3,Nouakchott-Sud,STANDARD,,ACTIVE,2023-05-30,2024-02-04T06:06:35.649Z,2023-05-30T15:08:13.560Z,2024-02-04T06:06:35.649Z
663,8603619801,Abdellahi,Ould Bouha,Abdellahi Ould Bouha,M,1986-08-07,+22225457010,abdellahi.ouldbouha774@gmail.com,3,Nouakchott-Sud,ACTIVE,,ACTIVE,2024-10-10,2024-12-16T16:32:29.689Z,2024-10-10T22:36:45.704Z,2024-12-16T16:32:29.689Z
664,8903172033,Mahmoud,Ould Zein,Mahmoud Ould Zein,M,1989-06-23,+22236200514,mahmoud.ouldzein736@outlook.com,3,Nouakchott-Sud,STANDARD,,ACTIVE,2023-05-25,2024-04-08T18:00:24.035Z,2023-05-25T10:53:44.590Z,2024-04-08T18:00:24.035Z
665,0402195517,Ndèye,Diallo,Ndèye Diallo,F,2004-07-02,+22232821751,,2,Nouakchott-Ouest,STANDARD,,PENDING_KYC,2023-12-28,2024-05-16T00:39:56.712Z,2023-12-28T23:18:06.741Z,2024-05-16T00:39:56.712Z
666,8004949677,Boubacar,Thiaw,Boubacar Thiaw,M,1980-03-05,+22235299130,,4,Dakhlet Nouadhibou,ACTIVE,,ACTIVE,2023-04-20,2024-04-10T17:19:54.265Z,2023-04-20T08:53:18.370Z,2024-04-10T17:19:54.265Z
667,9901397895,Hafsata,Mint Cheikh,Hafsata Mint Cheikh,F,1999-10-10,+22236789903,,1,Nouakchott-Nord,STANDARD,,ACTIVE,2022-04-26,2022-11-01T15:14:53.136Z,2022-04-26T19:00:43.043Z,2022-11-01T15:14:53.136Z
668,7302171922,Saleck,Sarr,Saleck Sarr,M,1973-10-28,+22248797512,saleck.sarr260@gmail.com,2,Nouakchott-Ouest,STANDARD,,ACTIVE,2023-10-11,2024-05-06T02:58:51.172Z,2023-10-11T09:54:34.660Z,2024-05-06T02:58:51.172Z
669,7007717087,Ahmed Baba,Ould Taleb,Ahmed Baba Ould Taleb,M,1970-04-09,+22243794053,,7,Gorgol,STANDARD,,ACTIVE,2023-05-18,2023-11-05T19:04:22.969Z,2023-05-18T16:38:15.239Z,2023-11-05T19:04:22.969Z
670,9610897808,Issa,Bathily,Issa Bathily,M,1996-09-14,+22224176326,,10,Hodh Ech Chargui,OCCASIONAL,,ACTIVE,2024-02-16,2024-04-23T09:48:56.798Z,2024-02-16T19:19:40.845Z,2024-04-23T09:48:56.798Z
671,7701134092,Coumba,Ba,Coumba Ba,F,1977-07-07,+22232947348,,1,Nouakchott-Nord,STANDARD,,ACTIVE,2024-03-16,2024-04-08T11:51:33.640Z,2024-03-16T09:25:18.792Z,2024-04-08T11:51:33.640Z
672,7202600737,Mariama,Bah,Mariama Bah,F,1972-05-23,+22225202758,mariama.bah752@outlook.com,2,Nouakchott-Ouest,STANDARD,,ACTIVE,2022-03-04,2023-03-27T03:07:50.800Z,2022-03-04T19:21:00.505Z,2023-03-27T03:07:50.800Z
673,9004722307,Ténin,Dia,Ténin Dia,F,1990-01-12,+22236639670,,4,Dakhlet Nouadhibou,STANDARD,,ACTIVE,2024-03-07,2024-11-07T09:07:29.074Z,2024-03-07T15:13:08.596Z,2024-11-07T09:07:29.074Z
674,0009452875,Daouda,Mbaye,Daouda Mbaye,M,2000-09-02,+22223492865,,9,Assaba,STANDARD,,ACTIVE,2023-10-18,2024-04-25T06:48:05.439Z,2023-10-18T22:51:35.108Z,2024-04-25T06:48:05.439Z
675,8503331373,Naha,Mint Eleya,Naha Mint Eleya,F,1985-08-18,+22249376986,,3,Nouakchott-Sud,STANDARD,,ACTIVE,2024-10-22,2024-11-13T22:14:32.995Z,2024-10-22T19:09:49.014Z,2024-11-13T22:14:32.995Z
676,7101134591,Hamadi,Koita,Hamadi Koita,M,1971-09-02,+22233010059,,1,Nouakchott-Nord,ACTIVE,,BLOCKED,2023-11-06,2024-11-10T05:18:11.947Z,2023-11-06T03:24:43.099Z,2024-11-10T05:18:11.947Z
677,9501452039,Sakouba,Wane,Sakouba Wane,M,1995-10-23,+22223059181,,1,Nouakchott-Nord,VIP,,ACTIVE,2022-07-15,2024-10-06T02:19:25.386Z,2022-07-15T20:16:13.053Z,2024-10-06T02:19:25.386Z
678,6113032680,Naima,Mint Mohamed,Naima Mint Mohamed,F,1961-09-24,+22248343127,naima.mintmohamed839@hotmail.fr,13,Tagant,STANDARD,,ACTIVE,2022-03-23,2024-07-12T07:43:13.417Z,2022-03-23T16:47:06.459Z,2024-07-12T07:43:13.417Z
679,6714554945,Awa,Bâ,Awa Bâ,F,1967-06-21,+22232977982,awa.bâ141@outlook.com,14,Inchiri,STANDARD,,ACTIVE,2023-03-27,2023-04-08T18:44:07.582Z,2023-03-27T01:07:04.619Z,2023-04-08T18:44:07.582Z
680,7702427874,Ethmane,Ould Brahim,Ethmane Ould Brahim,M,1977-06-11,+22223493617,ethmane.ouldbrahim821@yahoo.fr,2,Nouakchott-Ouest,ACTIVE,,ACTIVE,2022-01-07,2023-10-01T14:58:56.338Z,2022-01-07T13:23:25.921Z,2023-10-01T14:58:56.338Z
681,8409114186,Naha,Kane,Naha Kane,F,1984-01-08,+22225217897,naha.kane229@hotmail.fr,9,Assaba,PREMIUM,,ACTIVE,2022-07-25,2023-12-25T22:15:26.518Z,2022-07-25T08:35:24.805Z,2023-12-25T22:15:26.518Z
682,9501042696,Bakary,Mbaye,Bakary Mbaye,M,1995-03-25,+22233262543,bakary.mbaye927@yahoo.fr,1,Nouakchott-Nord,OCCASIONAL,,ACTIVE,2022-02-18,2022-06-28T02:40:33.390Z,2022-02-18T02:31:21.139Z,2022-06-28T02:40:33.390Z
683,8901989262,Abdallah,Ould Nenni,Abdallah Ould Nenni,M,1989-02-23,+22225723497,,1,Nouakchott-Nord,ACTIVE,,INACTIVE,2024-05-19,2024-06-23T04:44:49.598Z,2024-05-19T15:14:55.365Z,2024-06-23T04:44:49.598Z
684,8702830323,Ely,Ould Moulaye,Ely Ould Moulaye,M,1987-05-15,+22234237975,,2,Nouakchott-Ouest,DORMANT,,ACTIVE,2023-10-24,2023-10-24T15:27:39.314Z,2023-10-24T05:18:23.898Z,2023-10-24T15:27:39.314Z
685,9302079279,Salem,Diarra,Salem Diarra,M,1993-11-24,+22223976554,salem.diarra660@yahoo.fr,2,Nouakchott-Ouest,OCCASIONAL,,ACTIVE,2022-07-21,2023-08-20T01:53:47.748Z,2022-07-21T19:20:34.998Z,2023-08-20T01:53:47.748Z
686,7603400785,Anta,Thiam,Anta Thiam,F,1976-05-05,+22223083406,anta.thiam17@outlook.com,3,Nouakchott-Sud,OCCASIONAL,,ACTIVE,2023-05-18,2023-09-01T17:07:54.410Z,2023-05-18T21:10:37.282Z,2023-09-01T17:07:54.410Z
687,8002022161,Hamoud,Ould Jiddou,Hamoud Ould Jiddou,M,1980-10-15,+22237603364,hamoud.ouldjiddou946@hotmail.fr,2,Nouakchott-Ouest,ACTIVE,,ACTIVE,2024-11-23,2024-12-02T22:32:15.904Z,2024-11-23T10:35:06.218Z,2024-12-02T22:32:15.904Z
688,8203884531,Abdel Aziz,Ould Vadel,Abdel Aziz Ould Vadel,M,1982-09-26,+22224268561,abdelaziz.ouldvadel554@hotmail.fr,3,Nouakchott-Sud,STANDARD,,ACTIVE,2022-12-09,2023-02-04T01:24:26.475Z,2022-12-09T22:25:56.158Z,2023-02-04T01:24:26.475Z
689,9201111577,Mohamed Yahya,Ould Bouha,Mohamed Yahya Ould Bouha,M,1992-08-06,+22224419841,mohamedyahya.ouldbouha168@yahoo.fr,1,Nouakchott-Nord,STANDARD,,ACTIVE,2024-11-26,2024-12-23T10:56:43.084Z,2024-11-26T13:27:08.686Z,2024-12-23T10:56:43.084Z
690,8706703797,Karamoko,Mbaye,Karamoko Mbaye,M,1987-12-06,+22232800900,,6,Brakna,STANDARD,,ACTIVE,2022-03-24,2024-03-31T07:33:00.047Z,2022-03-24T15:42:06.144Z,2024-03-31T07:33:00.047Z
691,6002836577,Bilal,Ould El Ghassem,Bilal Ould El Ghassem,M,1960-11-18,+22223401046,bilal.ouldelghassem72@outlook.com,2,Nouakchott-Ouest,PREMIUM,,ACTIVE,2022-11-20,2024-03-21T20:24:13.436Z,2022-11-20T12:18:44.964Z,2024-03-21T20:24:13.436Z
692,8207627079,Aminata,Anne,Aminata Anne,F,1982-12-19,+22232716684,aminata.anne138@hotmail.fr,7,Gorgol,STANDARD,,ACTIVE,2023-09-09,2024-10-26T11:43:44.546Z,2023-09-09T12:50:31.406Z,2024-10-26T11:43:44.546Z
693,7602130043,Sidi Mohamed,Ould Isselmou,Sidi Mohamed Ould Isselmou,M,1976-11-22,+22235661496,sidimohamed.ouldisselmou2@gmail.com,2,Nouakchott-Ouest,ACTIVE,,ACTIVE,2022-01-07,2024-03-06T08:36:05.830Z,2022-01-07T16:15:11.333Z,2024-03-06T08:36:05.830Z
694,6004287760,Aichetou,Mint Abeih,Aichetou Mint Abeih,F,1960-03-01,+22235604538,aichetou.mintabeih498@hotmail.fr,4,Dakhlet Nouadhibou,OCCASIONAL,,ACTIVE,2023-09-04,2024-08-22T13:15:56.213Z,2023-09-04T04:44:16.474Z,2024-08-22T13:15:56.213Z
695,0415208224,Khadijetou,Mint El Mamy,Khadijetou Mint El Mamy,F,2004-01-25,+22248952814,khadijetou.mintelmamy215@hotmail.fr,15,Tiris Zemmour,STANDARD,,ACTIVE,2023-08-27,2023-11-09T23:10:37.585Z,2023-08-27T02:01:48.019Z,2023-11-09T23:10:37.585Z
696,0502875838,Sira,Sow,Sira Sow,F,2005-05-10,+22224047526,,2,Nouakchott-Ouest,STANDARD,,ACTIVE,2024-01-25,2024-05-18T09:01:09.318Z,2024-01-25T01:41:50.141Z,2024-05-18T09:01:09.318Z
697,7912919435,Bintou,Diop,Bintou Diop,F,1979-06-03,+22223745874,bintou.diop555@hotmail.fr,12,Adrar,OCCASIONAL,,ACTIVE,2022-12-01,2024-01-09T14:33:29.832Z,2022-12-01T10:54:14.065Z,2024-01-09T14:33:29.832Z
698,7903612705,Maloum,Ould El Mokhtar,Maloum Ould El Mokhtar,M,1979-11-27,+22235351458,maloum.ouldelmokhtar356@gmail.com,3,Nouakchott-Sud,DORMANT,,ACTIVE,2022-06-07,2023-07-29T09:21:28.716Z,2022-06-07T01:12:08.695Z,2023-07-29T09:21:28.716Z
699,6003302857,Ahmed Salem,Ould Tourad,Ahmed Salem Ould Tourad,M,1960-12-24,+22233280591,ahmedsalem.ouldtourad443@hotmail.fr,3,Nouakchott-Sud,STANDARD,,SUSPENDED,2023-05-22,2023-12-25T21:36:44.708Z,2023-05-22T17:42:28.793Z,2023-12-25T21:36:44.708Z
700,7702399681,Aissata,Faye,Aissata Faye,F,1977-12-13,+22236292412,,2,Nouakchott-Ouest,STANDARD,,ACTIVE,2022-10-11,2024-12-30T15:53:03.039Z,2022-10-11T03:01:04.590Z,2024-12-30T15:53:03.039Z
701,8001507348,Mahfoudh,Ould Khatri,Mahfoudh Ould Khatri,M,1980-01-18,+22225318887,,1,Nouakchott-Nord,STANDARD,,ACTIVE,2022-01-27,2024-07-29T14:46:51.062Z,2022-01-27T07:27:21.329Z,2024-07-29T14:46:51.062Z
702,8104082058,Mbareck,Ould Nagi,Mbareck Ould Nagi,M,1981-10-21,+22233800415,,4,Dakhlet Nouadhibou,ACTIVE,,ACTIVE,2023-10-27,2024-01-10T17:41:21.527Z,2023-10-27T05:08:20.656Z,2024-01-10T17:41:21.527Z
703,7303586068,Fatou,Diallo,Fatou Diallo,F,1973-07-22,+22236833212,,3,Nouakchott-Sud,STANDARD,,ACTIVE,2022-05-09,2024-12-30T00:40:18.695Z,2022-05-09T15:42:49.631Z,2024-12-30T00:40:18.695Z
704,6502217159,Ghali,Ould Horma,Ghali Ould Horma,M,1965-12-25,+22224369106,,2,Nouakchott-Ouest,STANDARD,,ACTIVE,2023-10-30,2024-05-13T09:19:06.422Z,2023-10-30T07:01:16.145Z,2024-05-13T09:19:06.422Z
705,9702323499,Mbarka,Mint Nagi,Mbarka Mint Nagi,F,1997-10-17,+22223232959,mbarka.mintnagi688@hotmail.fr,2,Nouakchott-Ouest,ACTIVE,,PENDING_KYC,2022-09-28,2024-09-30T11:34:43.325Z,2022-09-28T05:41:33.649Z,2024-09-30T11:34:43.325Z
706,0115166549,Hamoud,Gaye,Hamoud Gaye,M,2001-09-05,+22224384595,,15,Tiris Zemmour,OCCASIONAL,,ACTIVE,2022-06-19,2024-04-28T21:00:34.450Z,2022-06-19T19:50:11.702Z,2024-04-28T21:00:34.450Z
707,7709658787,Ousmane,Bathily,Ousmane Bathily,M,1977-06-15,+22234638465,,9,Assaba,OCCASIONAL,,ACTIVE,2022-07-24,2023-04-03T11:07:16.387Z,2022-07-24T15:14:37.675Z,2023-04-03T11:07:16.387Z
708,9701147526,Zein,Ould Ahmedou,Zein Ould Ahmedou,M,1997-05-06,+22223551747,,1,Nouakchott-Nord,ACTIVE,,ACTIVE,2022-09-06,2024-10-07T14:32:50.420Z,2022-09-06T07:36:27.339Z,2024-10-07T14:32:50.420Z
709,7801188845,Hawa,Mint Maloum,Hawa Mint Maloum,F,1978-04-21,+22232895098,hawa.mintmaloum715@gmail.com,1,Nouakchott-Nord,ACTIVE,,ACTIVE,2024-03-11,2024-11-17T06:51:10.003Z,2024-03-11T09:00:20.446Z,2024-11-17T06:51:10.003Z
710,0408249827,Kéba,Fall,Kéba Fall,M,2004-07-19,+22247596263,,8,Guidimaka,STANDARD,,ACTIVE,2023-03-29,2023-10-29T14:57:36.615Z,2023-03-29T04:10:27.489Z,2023-10-29T14:57:36.615Z
711,6202007771,Aziza,Mint Dah,Aziza Mint Dah,F,1962-11-02,+22233137432,aziza.mintdah434@hotmail.fr,2,Nouakchott-Ouest,PREMIUM,,ACTIVE,2022-07-24,2023-05-25T17:47:47.205Z,2022-07-24T00:25:54.570Z,2023-05-25T17:47:47.205Z
712,9704551326,Cheikh Sidiya,Ould Brahim,Cheikh Sidiya Ould Brahim,M,1997-07-25,+22223912981,,4,Dakhlet Nouadhibou,ACTIVE,,ACTIVE,2023-06-01,2024-10-01T10:57:01.714Z,2023-06-01T01:58:37.894Z,2024-10-01T10:57:01.714Z
713,7403071170,Rokaya,Mint Saad,Rokaya Mint Saad,F,1974-05-16,+22237314723,,3,Nouakchott-Sud,PREMIUM,,ACTIVE,2023-03-25,2024-11-17T09:34:05.423Z,2023-03-25T12:23:56.213Z,2024-11-17T09:34:05.423Z
714,8115383537,Noura,Mint Ahmedou,Noura Mint Ahmedou,F,1981-11-17,+22224959449,,15,Tiris Zemmour,ACTIVE,,ACTIVE,2024-03-15,2024-09-25T10:21:35.635Z,2024-03-15T14:44:52.192Z,2024-09-25T10:21:35.635Z
715,6002413376,Thierno,Ly,Thierno Ly,M,1960-09-05,+22225525223,,2,Nouakchott-Ouest,STANDARD,,ACTIVE,2023-03-08,2023-12-19T21:21:59.506Z,2023-03-08T23:44:10.118Z,2023-12-19T21:21:59.506Z
716,7103192036,Banna,Sarr,Banna Sarr,F,1971-10-07,+22233885983,banna.sarr301@hotmail.fr,3,Nouakchott-Sud,STANDARD,,ACTIVE,2023-06-10,2024-02-15T22:26:36.723Z,2023-06-10T07:35:00.565Z,2024-02-15T22:26:36.723Z
717,8801658129,N'Dèye,Guèye,N'Dèye Guèye,F,1988-06-27,+22236181663,,1,Nouakchott-Nord,OCCASIONAL,,PENDING_KYC,2024-04-25,2024-05-30T17:36:53.725Z,2024-04-25T01:40:14.739Z,2024-05-30T17:36:53.725Z
718,0303793791,Hafsata,Sy,Hafsata Sy,F,2003-08-06,+22237124480,,3,Nouakchott-Sud,OCCASIONAL,,ACTIVE,2022-12-22,2023-04-04T23:10:01.053Z,2022-12-22T02:20:23.390Z,2023-04-04T23:10:01.053Z
719,7208242533,Ely,Sall,Ely Sall,M,1972-06-19,+22243963958,,8,Guidimaka,OCCASIONAL,,ACTIVE,2023-11-08,2024-04-02T17:31:14.646Z,2023-11-08T06:16:46.460Z,2024-04-02T17:31:14.646Z
720,7302775630,Yacouba,Sarr,Yacouba Sarr,M,1973-08-10,+22225792570,yacouba.sarr430@hotmail.fr,2,Nouakchott-Ouest,STANDARD,,ACTIVE,2022-01-09,2023-07-14T18:29:33.772Z,2022-01-09T05:57:15.439Z,2023-07-14T18:29:33.772Z
721,6403830576,Hafsata,Mint Wedadi,Hafsata Mint Wedadi,F,1964-05-05,+22223299561,,3,Nouakchott-Sud,DORMANT,,ACTIVE,2024-05-15,2024-06-09T13:04:28.792Z,2024-05-15T06:44:27.477Z,2024-06-09T13:04:28.792Z
722,6602494326,Saleck,Ould Hamadi,Saleck Ould Hamadi,M,1966-08-17,+22225855991,saleck.ouldhamadi348@outlook.com,2,Nouakchott-Ouest,PREMIUM,,PENDING_KYC,2023-06-13,2024-04-17T13:27:50.065Z,2023-06-13T20:07:44.066Z,2024-04-17T13:27:50.065Z
723,9901499652,Nana,Anne,Nana Anne,F,1999-06-18,+22232621747,nana.anne269@outlook.com,1,Nouakchott-Nord,STANDARD,,ACTIVE,2023-06-14,2024-03-06T17:24:09.670Z,2023-06-14T15:55:53.268Z,2024-03-06T17:24:09.670Z
724,7901529632,Hapsatou,Diop,Hapsatou Diop,F,1979-07-27,+22225487955,,1,Nouakchott-Nord,STANDARD,,ACTIVE,2024-05-19,2024-11-25T18:28:12.403Z,2024-05-19T07:09:12.619Z,2024-11-25T18:28:12.403Z
725,7801933775,Sidina,Ould Maloum,Sidina Ould Maloum,M,1978-08-04,+22224945044,sidina.ouldmaloum823@gmail.com,1,Nouakchott-Nord,STANDARD,,ACTIVE,2023-09-05,2024-05-18T05:19:16.365Z,2023-09-05T10:04:13.815Z,2024-05-18T05:19:16.365Z
726,0302474921,Ténin,Fall,Ténin Fall,F,2003-02-19,+22224549528,ténin.fall952@outlook.com,2,Nouakchott-Ouest,ACTIVE,,ACTIVE,2023-06-05,2023-08-04T09:16:44.708Z,2023-06-05T08:09:43.032Z,2023-08-04T09:16:44.708Z
727,0302777983,Ethmane,Guèye,Ethmane Guèye,M,2003-09-23,+22224849735,,2,Nouakchott-Ouest,STANDARD,,ACTIVE,2023-11-17,2024-02-11T21:41:48.754Z,2023-11-17T07:19:28.142Z,2024-02-11T21:41:48.754Z
728,8402522586,Mouna,Mint Habiboullah,Mouna Mint Habiboullah,F,1984-05-07,+22222072163,,2,Nouakchott-Ouest,STANDARD,,PENDING_KYC,2023-05-26,2024-05-11T14:40:23.173Z,2023-05-26T06:18:04.286Z,2024-05-11T14:40:23.173Z
729,9605848819,Habiba,Guèye,Habiba Guèye,F,1996-10-02,+22243718540,,5,Trarza,OCCASIONAL,,ACTIVE,2023-05-27,2024-10-08T05:23:26.769Z,2023-05-27T04:35:48.077Z,2024-10-08T05:23:26.769Z
730,6510362902,Mohamed Yahya,Ould Eleya,Mohamed Yahya Ould Eleya,M,1965-05-09,+22224330665,mohamedyahya.ouldeleya974@hotmail.fr,10,Hodh Ech Chargui,OCCASIONAL,,ACTIVE,2023-04-15,2023-05-13T16:03:55.782Z,2023-04-15T22:01:15.213Z,2023-05-13T16:03:55.782Z
731,0201302200,Mohamed,Ould Nagi,Mohamed Ould Nagi,M,2002-09-14,+22234939595,,1,Nouakchott-Nord,DORMANT,,ACTIVE,2024-08-16,2024-12-08T13:10:29.205Z,2024-08-16T22:52:06.081Z,2024-12-08T13:10:29.205Z
732,9801822358,Mody,Baldé,Mody Baldé,M,1998-06-21,+22225629330,,1,Nouakchott-Nord,OCCASIONAL,,ACTIVE,2024-08-12,2024-10-12T05:14:51.726Z,2024-08-12T15:15:35.022Z,2024-10-12T05:14:51.726Z
733,6804366856,Aminetou,Mint Bouha,Aminetou Mint Bouha,F,1968-12-05,+22223576030,aminetou.mintbouha702@outlook.com,4,Dakhlet Nouadhibou,STANDARD,,ACTIVE,2024-03-13,2024-06-08T12:02:10.031Z,2024-03-13T17:58:33.648Z,2024-06-08T12:02:10.031Z
734,0101482231,Mouna,Mint Hamadi,Mouna Mint Hamadi,F,2001-08-08,+22225605488,mouna.minthamadi815@hotmail.fr,1,Nouakchott-Nord,STANDARD,,ACTIVE,2024-08-11,2024-12-10T03:50:15.175Z,2024-08-11T04:10:10.904Z,2024-12-10T03:50:15.175Z
735,6104050040,Saadbouh,Ould Limam,Saadbouh Ould Limam,M,1961-03-19,+22225602313,saadbouh.ouldlimam735@outlook.com,4,Dakhlet Nouadhibou,OCCASIONAL,,ACTIVE,2022-04-27,2024-09-17T17:50:35.986Z,2022-04-27T01:51:37.084Z,2024-09-17T17:50:35.986Z
736,6905050803,Sidi Mohamed,Ould Ghali,Sidi Mohamed Ould Ghali,M,1969-02-18,+22236356309,,5,Trarza,ACTIVE,,ACTIVE,2023-05-24,2023-10-31T19:52:06.598Z,2023-05-24T22:34:27.616Z,2023-10-31T19:52:06.598Z
737,9601457776,Naha,Mint Abdel Aziz,Naha Mint Abdel Aziz,F,1996-02-01,+22234802187,,1,Nouakchott-Nord,STANDARD,,ACTIVE,2024-01-19,2024-11-07T22:03:51.715Z,2024-01-19T11:34:10.141Z,2024-11-07T22:03:51.715Z
738,8201324189,Hamoud,Barry,Hamoud Barry,M,1982-01-04,+22245186824,hamoud.barry668@outlook.com,1,Nouakchott-Nord,STANDARD,,ACTIVE,2023-11-27,2024-01-29T04:01:57.166Z,2023-11-27T15:03:19.326Z,2024-01-29T04:01:57.166Z
739,8803848032,Kadiatou,Bah,Kadiatou Bah,F,1988-07-13,+22222894739,kadiatou.bah541@gmail.com,3,Nouakchott-Sud,STANDARD,,ACTIVE,2023-04-20,2023-09-01T12:57:25.632Z,2023-04-20T16:02:34.850Z,2023-09-01T12:57:25.632Z
740,8702450477,Tekber,Kouyaté,Tekber Kouyaté,F,1987-07-27,+22222465685,,2,Nouakchott-Ouest,STANDARD,,ACTIVE,2024-04-15,2024-05-15T06:23:32.867Z,2024-04-15T16:20:56.179Z,2024-05-15T06:23:32.867Z
741,8302112041,Zahra,Mint Brahim,Zahra Mint Brahim,F,1983-03-23,+22224895375,zahra.mintbrahim630@hotmail.fr,2,Nouakchott-Ouest,STANDARD,,ACTIVE,2023-10-30,2024-08-17T23:40:12.746Z,2023-10-30T06:57:50.319Z,2024-08-17T23:40:12.746Z
742,8203588745,Ahmed Salem,Ould Zein,Ahmed Salem Ould Zein,M,1982-08-11,+22234922868,ahmedsalem.ouldzein153@hotmail.fr,3,Nouakchott-Sud,STANDARD,,ACTIVE,2022-06-12,2023-11-14T07:08:24.551Z,2022-06-12T16:27:31.649Z,2023-11-14T07:08:24.551Z
743,6215984308,Mouna,Mint Taleb,Mouna Mint Taleb,F,1962-08-01,+22222123506,,15,Tiris Zemmour,STANDARD,,ACTIVE,2022-05-22,2024-03-22T04:31:11.381Z,2022-05-22T16:07:15.454Z,2024-03-22T04:31:11.381Z
744,8306707359,Mahfoudh,Ould Ghali,Mahfoudh Ould Ghali,M,1983-02-15,+22225920740,,6,Brakna,OCCASIONAL,,BLOCKED,2024-02-27,2024-12-25T20:13:06.844Z,2024-02-27T19:25:17.820Z,2024-12-25T20:13:06.844Z
745,6001364145,Naima,Mint Salem,Naima Mint Salem,F,1960-09-26,+22234995711,,1,Nouakchott-Nord,OCCASIONAL,,ACTIVE,2023-09-05,2024-05-09T19:26:29.562Z,2023-09-05T12:04:20.555Z,2024-05-09T19:26:29.562Z
746,6302422492,Ghalia,Soumaré,Ghalia Soumaré,F,1963-05-07,+22232400382,,2,Nouakchott-Ouest,STANDARD,,PENDING_KYC,2023-07-02,2024-06-14T15:35:57.163Z,2023-07-02T17:24:48.669Z,2024-06-14T15:35:57.163Z
747,9106619226,Saad,Ould Abdel Aziz,Saad Ould Abdel Aziz,M,1991-12-20,+22236623885,saad.ouldabdelaziz688@outlook.com,6,Brakna,OCCASIONAL,,BLOCKED,2023-03-09,2024-12-23T08:58:16.138Z,2023-03-09T08:28:58.720Z,2024-12-23T08:58:16.138Z
748,9901110067,Awa,Guèye,Awa Guèye,F,1999-09-12,+22233456516,awa.guèye656@yahoo.fr,1,Nouakchott-Nord,STANDARD,,ACTIVE,2023-12-03,2024-11-06T07:35:07.778Z,2023-12-03T04:37:57.191Z,2024-11-06T07:35:07.778Z
749,7701168280,Saleck,Soumaré,Saleck Soumaré,M,1977-10-07,+22233113818,,1,Nouakchott-Nord,STANDARD,,ACTIVE,2023-03-14,2023-09-11T04:37:31.843Z,2023-03-14T19:59:55.561Z,2023-09-11T04:37:31.843Z
750,7715077688,Mokhtar,Mbow,Mokhtar Mbow,M,1977-12-13,+22248558598,,15,Tiris Zemmour,ACTIVE,,ACTIVE,2022-05-26,2022-12-05T00:55:34.620Z,2022-05-26T17:28:49.418Z,2022-12-05T00:55:34.620Z
751,9801717430,Mariam,Mint Ethmane,Mariam Mint Ethmane,F,1998-01-13,+22224058734,,1,Nouakchott-Nord,OCCASIONAL,,ACTIVE,2022-07-26,2024-07-15T20:03:24.663Z,2022-07-26T08:26:59.214Z,2024-07-15T20:03:24.663Z
752,7809382603,Oumou,Camara,Oumou Camara,F,1978-09-01,+22245913609,oumou.camara871@hotmail.fr,9,Assaba,ACTIVE,,ACTIVE,2024-02-08,2024-02-19T01:57:18.107Z,2024-02-08T01:11:38.768Z,2024-02-19T01:57:18.107Z
753,9902646837,Moustapha,Ould Wedadi,Moustapha Ould Wedadi,M,1999-04-09,+22223026035,moustapha.ouldwedadi791@gmail.com,2,Nouakchott-Ouest,PREMIUM,,ACTIVE,2022-12-22,2023-07-30T16:58:17.688Z,2022-12-22T21:25:04.519Z,2023-07-30T16:58:17.688Z
754,8701674733,Habiba,Sow,Habiba Sow,F,1987-05-13,+22222451463,,1,Nouakchott-Nord,STANDARD,,ACTIVE,2023-04-25,2024-12-03T06:02:21.251Z,2023-04-25T06:20:58.599Z,2024-12-03T06:02:21.251Z
755,8208346405,Bintou,Ba,Bintou Ba,F,1982-01-26,+22222450383,,8,Guidimaka,ACTIVE,,ACTIVE,2022-03-25,2023-10-25T07:58:43.718Z,2022-03-25T04:44:06.078Z,2023-10-25T07:58:43.718Z
756,8006034494,Defa,Mint Messoud,Defa Mint Messoud,F,1980-04-25,+22232017057,,6,Brakna,STANDARD,,ACTIVE,2023-05-06,2024-11-21T10:57:57.047Z,2023-05-06T21:33:58.035Z,2024-11-21T10:57:57.047Z
757,9402614411,Mahjouba,Mint Brahim,Mahjouba Mint Brahim,F,1994-03-19,+22244238997,,2,Nouakchott-Ouest,STANDARD,,ACTIVE,2023-12-08,2024-08-25T00:22:07.760Z,2023-12-08T06:11:54.620Z,2024-08-25T00:22:07.760Z
758,9913116808,Lala,Sarr,Lala Sarr,F,1999-11-02,+22234278681,,13,Tagant,OCCASIONAL,,ACTIVE,2022-04-04,2024-07-16T07:26:39.958Z,2022-04-04T23:09:38.056Z,2024-07-16T07:26:39.958Z
759,6802172523,Isselmou,Ould Soufi,Isselmou Ould Soufi,M,1968-10-15,+22223009568,,2,Nouakchott-Ouest,DORMANT,,ACTIVE,2022-02-05,2023-08-28T11:32:40.499Z,2022-02-05T19:26:31.958Z,2023-08-28T11:32:40.499Z
760,6704836970,Mariam,Mint Dah,Mariam Mint Dah,F,1967-02-19,+22225983210,,4,Dakhlet Nouadhibou,VIP,,ACTIVE,2023-12-23,2024-11-12T18:04:51.318Z,2023-12-23T09:40:53.802Z,2024-11-12T18:04:51.318Z
761,9302775160,Abdel Kader,Faye,Abdel Kader Faye,M,1993-03-13,+22237445257,abdelkader.faye416@gmail.com,2,Nouakchott-Ouest,ACTIVE,,ACTIVE,2023-10-04,2024-09-28T07:53:40.782Z,2023-10-04T22:53:23.481Z,2024-09-28T07:53:40.782Z
762,8505462831,Kadiatou,Doucouré,Kadiatou Doucouré,F,1985-10-11,+22224660303,,5,Trarza,ACTIVE,,ACTIVE,2023-06-12,2023-11-02T08:21:49.400Z,2023-06-12T10:03:34.158Z,2023-11-02T08:21:49.400Z
763,8602676128,Nagi,Ould Khalil,Nagi Ould Khalil,M,1986-04-04,+22233583951,,2,Nouakchott-Ouest,STANDARD,,PENDING_KYC,2024-10-12,2024-12-13T13:10:15.355Z,2024-10-12T01:55:42.735Z,2024-12-13T13:10:15.355Z
764,0501523837,Moustapha,Ould Mahmoud,Moustapha Ould Mahmoud,M,2005-09-05,+22222681689,,1,Nouakchott-Nord,STANDARD,,ACTIVE,2024-04-04,2024-09-05T13:20:58.597Z,2024-04-04T02:51:11.268Z,2024-09-05T13:20:58.597Z
765,0301078717,Mokhtar,Sakho,Mokhtar Sakho,M,2003-12-18,+22222243697,mokhtar.sakho316@gmail.com,1,Nouakchott-Nord,OCCASIONAL,,ACTIVE,2024-08-07,2024-12-12T22:35:40.293Z,2024-08-07T16:53:21.310Z,2024-12-12T22:35:40.293Z
766,7102565994,Zakaria,Ould Mohamed,Zakaria Ould Mohamed,M,1971-05-08,+22232339158,zakaria.ouldmohamed668@yahoo.fr,2,Nouakchott-Ouest,VIP,,ACTIVE,2023-05-14,2023-11-16T08:19:42.249Z,2023-05-14T06:59:22.103Z,2023-11-16T08:19:42.249Z
767,7712335761,Awa,Thiam,Awa Thiam,F,1977-02-02,+22236638329,awa.thiam476@outlook.com,12,Adrar,STANDARD,,ACTIVE,2022-09-03,2023-12-13T02:20:35.492Z,2022-09-03T02:19:37.874Z,2023-12-13T02:20:35.492Z
768,8102500916,Diahara,Fall,Diahara Fall,F,1981-11-12,+22225086963,,2,Nouakchott-Ouest,VIP,,ACTIVE,2023-08-18,2024-04-18T13:33:29.529Z,2023-08-18T21:58:52.516Z,2024-04-18T13:33:29.529Z
769,9611733785,Hafsata,Mint Salem,Hafsata Mint Salem,F,1996-05-28,+22233598339,,11,Hodh El Gharbi,OCCASIONAL,,ACTIVE,2022-10-23,2024-04-20T18:17:07.062Z,2022-10-23T23:23:38.250Z,2024-04-20T18:17:07.062Z
770,9601682035,Koumba,Bâ,Koumba Bâ,F,1996-06-03,+22225590729,,1,Nouakchott-Nord,STANDARD,,ACTIVE,2024-12-12,2024-12-15T02:32:15.026Z,2024-12-12T17:49:52.526Z,2024-12-15T02:32:15.026Z
771,8203581546,Mohamed Vall,Ould Horma,Mohamed Vall Ould Horma,M,1982-02-03,+22233224101,mohamedvall.ouldhorma470@yahoo.fr,3,Nouakchott-Sud,OCCASIONAL,,ACTIVE,2024-11-10,2024-12-26T01:19:37.621Z,2024-11-10T00:22:05.680Z,2024-12-26T01:19:37.621Z
772,6401736478,Sidi Ahmed,Ould Vadel,Sidi Ahmed Ould Vadel,M,1964-04-19,+22234374183,,1,Nouakchott-Nord,STANDARD,,ACTIVE,2023-03-14,2024-11-28T16:23:30.622Z,2023-03-14T11:54:38.191Z,2024-11-28T16:23:30.622Z
773,8505301888,Noura,Mint Dah,Noura Mint Dah,F,1985-06-07,+22225248648,noura.mintdah801@hotmail.fr,5,Trarza,ACTIVE,,ACTIVE,2022-06-29,2023-02-24T13:19:51.650Z,2022-06-29T02:45:00.183Z,2023-02-24T13:19:51.650Z
774,9402152564,Mohamed Vall,Ould Jiddou,Mohamed Vall Ould Jiddou,M,1994-04-05,+22224965363,mohamedvall.ouldjiddou884@hotmail.fr,2,Nouakchott-Ouest,STANDARD,,ACTIVE,2024-11-15,2024-12-30T11:08:39.209Z,2024-11-15T04:13:58.453Z,2024-12-30T11:08:39.209Z
775,6507187240,Zahra,Mint Mohamed,Zahra Mint Mohamed,F,1965-10-28,+22248736780,zahra.mintmohamed879@outlook.com,7,Gorgol,OCCASIONAL,,ACTIVE,2023-12-04,2024-10-01T11:24:23.467Z,2023-12-04T05:35:33.052Z,2024-10-01T11:24:23.467Z
776,9703580541,Mansour,Bâ,Mansour Bâ,M,1997-06-03,+22225798597,,3,Nouakchott-Sud,OCCASIONAL,,ACTIVE,2024-08-23,2024-10-28T08:34:13.143Z,2024-08-23T21:07:37.633Z,2024-10-28T08:34:13.143Z
777,6601358874,Halima,Sall,Halima Sall,F,1966-09-15,+22224249216,,1,Nouakchott-Nord,STANDARD,,ACTIVE,2024-07-01,2024-08-16T13:54:12.934Z,2024-07-01T13:29:20.918Z,2024-08-16T13:54:12.934Z
778,7210063155,Tourad,Ould Ahmedou,Tourad Ould Ahmedou,M,1972-06-15,+22232497867,,10,Hodh Ech Chargui,OCCASIONAL,,ACTIVE,2023-01-13,2023-12-08T18:44:06.670Z,2023-01-13T17:28:45.143Z,2023-12-08T18:44:06.670Z
779,7001443054,Houda,Camara,Houda Camara,F,1970-04-11,+22232288349,houda.camara260@gmail.com,1,Nouakchott-Nord,DORMANT,,ACTIVE,2024-09-26,2024-11-19T12:07:46.803Z,2024-09-26T06:27:08.584Z,2024-11-19T12:07:46.803Z
780,9604339341,Kalidou,Fofana,Kalidou Fofana,M,1996-05-25,+22242419915,,4,Dakhlet Nouadhibou,OCCASIONAL,,ACTIVE,2022-09-23,2023-12-05T23:34:42.354Z,2022-09-23T17:11:26.117Z,2023-12-05T23:34:42.354Z
781,0410436985,Khadijetou,Kane,Khadijetou Kane,F,2004-05-19,+22224035023,khadijetou.kane518@hotmail.fr,10,Hodh Ech Chargui,STANDARD,,ACTIVE,2022-06-24,2024-06-08T05:39:17.581Z,2022-06-24T09:16:20.124Z,2024-06-08T05:39:17.581Z
782,9105463592,Ibrahima,Dieng,Ibrahima Dieng,M,1991-03-16,+22222067929,,5,Trarza,ACTIVE,,PENDING_KYC,2022-08-28,2023-09-22T15:01:27.462Z,2022-08-28T03:55:06.897Z,2023-09-22T15:01:27.462Z
783,7906957698,Bocar,Camara,Bocar Camara,M,1979-04-10,+22245597534,,6,Brakna,STANDARD,,PENDING_KYC,2022-04-02,2023-09-01T16:37:34.018Z,2022-04-02T20:29:36.496Z,2023-09-01T16:37:34.018Z
784,7002442661,Nana,Dieng,Nana Dieng,F,1970-11-13,+22223701890,,2,Nouakchott-Ouest,STANDARD,,ACTIVE,2022-04-01,2022-09-05T18:42:10.076Z,2022-04-01T14:39:51.567Z,2022-09-05T18:42:10.076Z
785,8408802875,Mounina,Sow,Mounina Sow,F,1984-06-21,+22225120897,mounina.sow533@outlook.com,8,Guidimaka,STANDARD,,ACTIVE,2023-08-06,2024-04-27T09:13:25.830Z,2023-08-06T18:28:09.150Z,2024-04-27T09:13:25.830Z
786,8615266060,Boubacar,Ly,Boubacar Ly,M,1986-05-06,+22223382947,,15,Tiris Zemmour,STANDARD,,ACTIVE,2022-11-03,2023-04-14T06:19:03.402Z,2022-11-03T03:47:29.481Z,2023-04-14T06:19:03.402Z
787,6602660084,Messoud,Gaye,Messoud Gaye,M,1966-07-08,+22222942595,,2,Nouakchott-Ouest,OCCASIONAL,,ACTIVE,2023-01-01,2024-03-08T07:44:00.400Z,2023-01-01T00:27:41.662Z,2024-03-08T07:44:00.400Z
788,8602198970,Dialika,Baldé,Dialika Baldé,F,1986-11-10,+22224699851,,2,Nouakchott-Ouest,OCCASIONAL,,INACTIVE,2022-02-14,2023-10-22T05:33:09.683Z,2022-02-14T13:38:22.417Z,2023-10-22T05:33:09.683Z
789,6601474659,Wedadi,Ould Lemrabott,Wedadi Ould Lemrabott,M,1966-12-22,+22241253404,,1,Nouakchott-Nord,DORMANT,,ACTIVE,2022-04-07,2024-02-22T18:04:00.836Z,2022-04-07T04:46:15.440Z,2024-02-22T18:04:00.836Z
790,8402017237,Mahfoudh,Ould Cheikh,Mahfoudh Ould Cheikh,M,1984-07-19,+22225124996,mahfoudh.ouldcheikh726@outlook.com,2,Nouakchott-Ouest,STANDARD,,ACTIVE,2022-11-11,2023-02-15T21:46:18.437Z,2022-11-11T01:24:08.381Z,2023-02-15T21:46:18.437Z
791,7603999621,Defa,Mint Sidi,Defa Mint Sidi,F,1976-01-04,+22247536299,,3,Nouakchott-Sud,STANDARD,,ACTIVE,2023-12-30,2024-09-13T06:13:24.072Z,2023-12-30T07:18:24.347Z,2024-09-13T06:13:24.072Z
792,7002406032,Mohamed Salem,Thiam,Mohamed Salem Thiam,M,1970-03-17,+22223347946,mohamedsalem.thiam59@gmail.com,2,Nouakchott-Ouest,VIP,,ACTIVE,2023-01-06,2023-07-29T15:51:16.088Z,2023-01-06T07:40:44.878Z,2023-07-29T15:51:16.088Z
793,6308677591,Kani,Sissoko,Kani Sissoko,F,1963-03-28,+22242061564,kani.sissoko607@hotmail.fr,8,Guidimaka,ACTIVE,,ACTIVE,2024-02-05,2024-02-11T21:39:27.822Z,2024-02-05T03:53:00.922Z,2024-02-11T21:39:27.822Z
794,7301686999,Khalil,Koita,Khalil Koita,M,1973-10-13,+22223061549,khalil.koita686@hotmail.fr,1,Nouakchott-Nord,OCCASIONAL,,ACTIVE,2023-10-17,2024-04-11T23:53:15.551Z,2023-10-17T17:31:49.749Z,2024-04-11T23:53:15.551Z
795,8901149585,Fatou,Baldé,Fatou Baldé,F,1989-06-17,+22249994506,,1,Nouakchott-Nord,OCCASIONAL,,ACTIVE,2022-06-14,2023-10-10T10:23:13.906Z,2022-06-14T05:01:07.689Z,2023-10-10T10:23:13.906Z
796,7803746049,Zein,Ould Mohamed,Zein Ould Mohamed,M,1978-05-22,+22232614597,zein.ouldmohamed524@gmail.com,3,Nouakchott-Sud,OCCASIONAL,,ACTIVE,2023-02-13,2024-06-27T19:29:30.473Z,2023-02-13T20:09:53.837Z,2024-06-27T19:29:30.473Z
797,7702259327,Fatou,Kanouté,Fatou Kanouté,F,1977-12-20,+22224975072,fatou.kanouté410@outlook.com,2,Nouakchott-Ouest,OCCASIONAL,,ACTIVE,2023-06-03,2024-08-31T12:06:15.331Z,2023-06-03T10:05:20.883Z,2024-08-31T12:06:15.331Z
798,7302128698,Lehbib,Ould Lemrabott,Lehbib Ould Lemrabott,M,1973-02-11,+22247231344,,2,Nouakchott-Ouest,ACTIVE,,ACTIVE,2024-02-09,2024-04-20T00:20:10.904Z,2024-02-09T01:14:29.866Z,2024-04-20T00:20:10.904Z
799,7811456653,Aïssata,Ndour,Aïssata Ndour,F,1978-04-02,+22223262768,,11,Hodh El Gharbi,PREMIUM,,PENDING_KYC,2024-12-02,2024-12-20T02:48:37.542Z,2024-12-02T22:20:39.181Z,2024-12-20T02:48:37.542Z
800,7601938835,Pape,Guèye,Pape Guèye,M,1976-12-21,+22222338581,,1,Nouakchott-Nord,ACTIVE,,ACTIVE,2024-08-14,2024-12-25T21:16:21.907Z,2024-08-14T17:35:55.196Z,2024-12-25T21:16:21.907Z
801,7702441218,Abdallah,Fall,Abdallah Fall,M,1977-01-04,+22224593398,abdallah.fall25@outlook.com,2,Nouakchott-Ouest,PREMIUM,,ACTIVE,2023-04-04,2024-06-20T18:15:48.187Z,2023-04-04T07:02:35.735Z,2024-06-20T18:15:48.187Z
802,9402482919,Habiboullah,Ould Soufi,Habiboullah Ould Soufi,M,1994-02-28,+22225466357,,2,Nouakchott-Ouest,OCCASIONAL,,ACTIVE,2023-10-01,2024-05-08T21:05:43.119Z,2023-10-01T08:00:37.756Z,2024-05-08T21:05:43.119Z
803,8002055785,Ghali,Ould Salem,Ghali Ould Salem,M,1980-02-07,+22224991131,ghali.ouldsalem160@gmail.com,2,Nouakchott-Ouest,ACTIVE,,ACTIVE,2024-08-17,2024-11-11T12:05:17.529Z,2024-08-17T18:37:23.291Z,2024-11-11T12:05:17.529Z
804,7001983086,Sidi Mohamed,Sarr,Sidi Mohamed Sarr,M,1970-05-13,+22235214729,sidimohamed.sarr287@yahoo.fr,1,Nouakchott-Nord,VIP,,PENDING_KYC,2022-05-05,2022-09-29T11:26:06.054Z,2022-05-05T05:43:27.177Z,2022-09-29T11:26:06.054Z
805,9902098984,Yahya,Baldé,Yahya Baldé,M,1999-01-28,+22222896242,yahya.baldé952@yahoo.fr,2,Nouakchott-Ouest,STANDARD,,ACTIVE,2022-01-21,2022-04-30T03:54:38.355Z,2022-01-21T11:45:45.691Z,2022-04-30T03:54:38.355Z
806,7202097793,Aicha,Mint Zein,Aicha Mint Zein,F,1972-05-06,+22225957603,,2,Nouakchott-Ouest,DORMANT,,ACTIVE,2022-03-27,2023-11-30T14:14:51.863Z,2022-03-27T12:18:15.127Z,2023-11-30T14:14:51.863Z
807,6704906361,Serigne,Sarr,Serigne Sarr,M,1967-05-02,+22223827233,,4,Dakhlet Nouadhibou,OCCASIONAL,,ACTIVE,2022-03-01,2022-07-21T03:11:28.410Z,2022-03-01T02:39:47.286Z,2022-07-21T03:11:28.410Z
808,9903118898,Djimé,Kouyaté,Djimé Kouyaté,M,1999-01-18,+22241417854,,3,Nouakchott-Sud,OCCASIONAL,,ACTIVE,2024-02-16,2024-03-18T13:54:11.654Z,2024-02-16T09:31:42.784Z,2024-03-18T13:54:11.654Z
809,6002691082,Ibou,Diop,Ibou Diop,M,1960-02-28,+22236111803,,2,Nouakchott-Ouest,STANDARD,,ACTIVE,2024-11-15,2024-11-24T08:20:43.052Z,2024-11-15T14:42:21.317Z,2024-11-24T08:20:43.052Z
810,9104011769,Issa,Ba,Issa Ba,M,1991-10-10,+22223441655,issa.ba798@gmail.com,4,Dakhlet Nouadhibou,OCCASIONAL,,ACTIVE,2023-06-09,2024-03-27T04:21:55.220Z,2023-06-09T21:51:33.180Z,2024-03-27T04:21:55.220Z
811,8601356469,Zahra,Mint Abdallah,Zahra Mint Abdallah,F,1986-05-12,+22222311954,,1,Nouakchott-Nord,STANDARD,,ACTIVE,2022-02-27,2024-10-20T10:33:35.085Z,2022-02-27T00:09:43.469Z,2024-10-20T10:33:35.085Z
812,0003589892,Aliou,Guèye,Aliou Guèye,M,2000-07-02,+22223140803,,3,Nouakchott-Sud,OCCASIONAL,,ACTIVE,2024-02-06,2024-06-28T13:47:12.485Z,2024-02-06T19:25:45.041Z,2024-06-28T13:47:12.485Z
813,7002472002,Hamadi,Ould Zein,Hamadi Ould Zein,M,1970-09-26,+22232822430,,2,Nouakchott-Ouest,OCCASIONAL,,PENDING_KYC,2024-05-08,2024-06-15T19:59:03.293Z,2024-05-08T07:44:00.447Z,2024-06-15T19:59:03.293Z
814,8202697981,Sidi,Soumaré,Sidi Soumaré,M,1982-01-01,+22224273584,sidi.soumaré483@hotmail.fr,2,Nouakchott-Ouest,ACTIVE,,SUSPENDED,2022-09-20,2023-07-29T15:28:48.528Z,2022-09-20T02:04:00.696Z,2023-07-29T15:28:48.528Z
815,7802732458,Noura,Sall,Noura Sall,F,1978-12-27,+22222358347,noura.sall682@outlook.com,2,Nouakchott-Ouest,ACTIVE,,ACTIVE,2022-04-11,2022-09-17T00:00:16.603Z,2022-04-11T01:16:19.809Z,2022-09-17T00:00:16.603Z
816,0202751838,Sadio,Bâ,Sadio Bâ,M,2002-03-27,+22237626917,sadio.bâ823@hotmail.fr,2,Nouakchott-Ouest,OCCASIONAL,,ACTIVE,2023-11-08,2024-12-06T02:01:39.423Z,2023-11-08T22:29:02.704Z,2024-12-06T02:01:39.423Z
817,8802937782,Mohamed Lemine,Ould Hadrami,Mohamed Lemine Ould Hadrami,M,1988-03-01,+22224172007,,2,Nouakchott-Ouest,STANDARD,,ACTIVE,2024-11-09,2024-12-19T14:37:14.780Z,2024-11-09T09:32:12.087Z,2024-12-19T14:37:14.780Z
818,0110756741,Limam,Ould Cheikh,Limam Ould Cheikh,M,2001-07-17,+22232200139,,10,Hodh Ech Chargui,ACTIVE,,ACTIVE,2024-10-17,2024-11-05T16:10:34.865Z,2024-10-17T21:22:46.783Z,2024-11-05T16:10:34.865Z
819,0202578925,Aminetou,Mint Lemrabott,Aminetou Mint Lemrabott,F,2002-08-13,+22248959242,aminetou.mintlemrabott68@outlook.com,2,Nouakchott-Ouest,OCCASIONAL,,ACTIVE,2024-11-26,2024-12-24T13:56:57.451Z,2024-11-26T21:11:17.264Z,2024-12-24T13:56:57.451Z
820,0406314356,Thierno,Bâ,Thierno Bâ,M,2004-11-18,+22223118196,,6,Brakna,STANDARD,,BLOCKED,2022-06-29,2022-09-09T23:41:17.534Z,2022-06-29T17:17:30.547Z,2022-09-09T23:41:17.534Z
821,8214215395,Zeinab,Mint Limam,Zeinab Mint Limam,F,1982-01-19,+22232159629,,14,Inchiri,STANDARD,,ACTIVE,2022-04-23,2022-09-07T04:29:19.973Z,2022-04-23T08:35:59.964Z,2022-09-07T04:29:19.973Z
822,7605486703,Khadija,Mint Khalil,Khadija Mint Khalil,F,1976-04-08,+22244784888,,5,Trarza,OCCASIONAL,,ACTIVE,2023-05-26,2023-12-16T15:18:55.118Z,2023-05-26T04:25:59.687Z,2023-12-16T15:18:55.118Z
823,8902952151,Jemila,Bathily,Jemila Bathily,F,1989-10-19,+22243212615,jemila.bathily478@hotmail.fr,2,Nouakchott-Ouest,OCCASIONAL,,ACTIVE,2022-04-18,2024-08-17T19:42:31.055Z,2022-04-18T02:23:39.592Z,2024-08-17T19:42:31.055Z
824,9607806073,Mohamed Vall,Ould Vall,Mohamed Vall Ould Vall,M,1996-07-21,+22224477955,mohamedvall.ouldvall835@hotmail.fr,7,Gorgol,ACTIVE,,ACTIVE,2024-03-09,2024-04-13T17:59:26.897Z,2024-03-09T08:42:16.710Z,2024-04-13T17:59:26.897Z
825,0501032832,Sidina,Sall,Sidina Sall,M,2005-12-18,+22224094278,,1,Nouakchott-Nord,OCCASIONAL,,ACTIVE,2024-03-07,2024-03-29T01:05:11.302Z,2024-03-07T07:17:12.314Z,2024-03-29T01:05:11.302Z
826,6002938895,Pape,Bathily,Pape Bathily,M,1960-08-04,+22223613025,pape.bathily75@gmail.com,2,Nouakchott-Ouest,DORMANT,,ACTIVE,2024-02-15,2024-03-25T01:47:20.862Z,2024-02-15T11:35:33.160Z,2024-03-25T01:47:20.862Z
827,9308762117,Youssouf,Diop,Youssouf Diop,M,1993-08-27,+22224466118,youssouf.diop430@yahoo.fr,8,Guidimaka,STANDARD,,ACTIVE,2022-12-30,2023-12-06T10:38:19.490Z,2022-12-30T22:40:08.633Z,2023-12-06T10:38:19.490Z
828,6102375868,El Hadji,Camara,El Hadji Camara,M,1961-02-25,+22223410730,,2,Nouakchott-Ouest,ACTIVE,,ACTIVE,2023-07-29,2024-05-27T21:07:02.508Z,2023-07-29T22:38:16.241Z,2024-05-27T21:07:02.508Z
829,8213094861,Sory,Bâ,Sory Bâ,M,1982-09-10,+22235003043,,13,Tagant,STANDARD,,ACTIVE,2024-01-22,2024-12-27T01:23:32.259Z,2024-01-22T13:31:19.389Z,2024-12-27T01:23:32.259Z
830,9902345260,Rokaya,Mint Sidi,Rokaya Mint Sidi,F,1999-03-21,+22234146152,rokaya.mintsidi204@yahoo.fr,2,Nouakchott-Ouest,STANDARD,,ACTIVE,2024-02-18,2024-07-22T10:36:41.900Z,2024-02-18T14:58:56.260Z,2024-07-22T10:36:41.900Z
831,9802496907,Ndongo,Mbaye,Ndongo Mbaye,M,1998-07-03,+22224141578,ndongo.mbaye634@hotmail.fr,2,Nouakchott-Ouest,STANDARD,,ACTIVE,2023-03-04,2023-08-21T10:43:00.910Z,2023-03-04T19:13:33.153Z,2023-08-21T10:43:00.910Z
832,7002368017,Nouh,Ly,Nouh Ly,M,1970-05-08,+22241306864,nouh.ly415@outlook.com,2,Nouakchott-Ouest,OCCASIONAL,,ACTIVE,2023-05-08,2023-11-11T19:45:43.381Z,2023-05-08T23:58:57.343Z,2023-11-11T19:45:43.381Z
833,8803544619,Dah,Mbow,Dah Mbow,M,1988-02-12,+22225957406,dah.mbow793@hotmail.fr,3,Nouakchott-Sud,ACTIVE,,ACTIVE,2023-05-12,2024-01-19T11:58:29.004Z,2023-05-12T11:54:58.785Z,2024-01-19T11:58:29.004Z
834,9503787155,Habiboullah,Ould El Ghassem,Habiboullah Ould El Ghassem,M,1995-10-01,+22224355175,,3,Nouakchott-Sud,ACTIVE,,ACTIVE,2023-05-17,2024-04-10T16:55:03.095Z,2023-05-17T05:24:12.677Z,2024-04-10T16:55:03.095Z
835,7309800557,Kani,Ndiaye,Kani Ndiaye,F,1973-10-08,+22237260784,,9,Assaba,DORMANT,,ACTIVE,2024-05-08,2024-08-23T10:22:01.594Z,2024-05-08T00:16:49.722Z,2024-08-23T10:22:01.594Z
836,6101988553,Aissata,Mint Salem,Aissata Mint Salem,F,1961-09-01,+22224341856,,1,Nouakchott-Nord,STANDARD,,ACTIVE,2023-11-12,2024-12-20T21:16:53.486Z,2023-11-12T14:13:13.003Z,2024-12-20T21:16:53.486Z
837,6304810248,Cheikh,Ould Abdallah,Cheikh Ould Abdallah,M,1963-01-09,+22235360357,,4,Dakhlet Nouadhibou,PREMIUM,,INACTIVE,2022-09-17,2022-09-20T13:45:50.719Z,2022-09-17T19:59:39.785Z,2022-09-20T13:45:50.719Z
838,8606290900,Minetou,Diakité,Minetou Diakité,F,1986-01-11,+22223862625,,6,Brakna,ACTIVE,,PENDING_KYC,2022-11-29,2024-08-13T18:37:49.627Z,2022-11-29T05:16:43.110Z,2024-08-13T18:37:49.627Z
839,9601693734,Ethmane,Diop,Ethmane Diop,M,1996-05-10,+22235222187,,1,Nouakchott-Nord,OCCASIONAL,,ACTIVE,2023-05-16,2023-08-10T17:54:41.464Z,2023-05-16T10:13:47.565Z,2023-08-10T17:54:41.464Z
840,8802423546,Coumba,Diallo,Coumba Diallo,F,1988-06-27,+22224418158,,2,Nouakchott-Ouest,STANDARD,,ACTIVE,2022-07-08,2023-09-22T03:57:24.049Z,2022-07-08T09:05:44.498Z,2023-09-22T03:57:24.049Z
841,9415513312,Idrissa,Diallo,Idrissa Diallo,M,1994-11-28,+22225634396,,15,Tiris Zemmour,DORMANT,,ACTIVE,2022-12-30,2024-03-02T16:14:59.526Z,2022-12-30T18:40:43.086Z,2024-03-02T16:14:59.526Z
842,6203751127,Mariem,Mint Mohamed,Mariem Mint Mohamed,F,1962-11-05,+22243523131,mariem.mintmohamed989@yahoo.fr,3,Nouakchott-Sud,OCCASIONAL,,ACTIVE,2024-11-05,2024-12-06T13:54:34.666Z,2024-11-05T21:29:33.091Z,2024-12-06T13:54:34.666Z
843,8408527598,Dialika,Sissoko,Dialika Sissoko,F,1984-12-01,+22223052666,,8,Guidimaka,ACTIVE,,ACTIVE,2023-03-12,2024-03-12T02:39:19.918Z,2023-03-12T16:42:07.092Z,2024-03-12T02:39:19.918Z
844,6402348467,Houda,Fall,Houda Fall,F,1964-10-23,+22233830109,houda.fall810@hotmail.fr,2,Nouakchott-Ouest,OCCASIONAL,,ACTIVE,2024-06-04,2024-11-18T16:05:25.150Z,2024-06-04T22:51:26.980Z,2024-11-18T16:05:25.150Z
845,7402209240,Cheikh,Touré,Cheikh Touré,M,1974-08-23,+22223320079,cheikh.touré313@yahoo.fr,2,Nouakchott-Ouest,ACTIVE,,ACTIVE,2022-10-29,2024-07-20T13:10:11.992Z,2022-10-29T08:13:40.992Z,2024-07-20T13:10:11.992Z
846,6801919116,Mariem,Mint Taleb,Mariem Mint Taleb,F,1968-07-11,+22236725644,,1,Nouakchott-Nord,ACTIVE,,ACTIVE,2022-12-25,2024-02-12T07:21:04.276Z,2022-12-25T23:51:47.257Z,2024-02-12T07:21:04.276Z
847,0302818305,Oumar,Bathily,Oumar Bathily,M,2003-11-02,+22247002893,oumar.bathily551@gmail.com,2,Nouakchott-Ouest,OCCASIONAL,,ACTIVE,2022-02-07,2024-11-05T07:09:42.968Z,2022-02-07T01:47:57.255Z,2024-11-05T07:09:42.968Z
848,8512952147,Khadijetou,Mint Soufi,Khadijetou Mint Soufi,F,1985-06-03,+22223408150,,12,Adrar,OCCASIONAL,,ACTIVE,2024-06-25,2024-08-03T00:50:14.108Z,2024-06-25T21:28:54.026Z,2024-08-03T00:50:14.108Z
849,6901977559,Houda,Mint El Hacen,Houda Mint El Hacen,F,1969-02-18,+22232664366,houda.mintelhacen422@outlook.com,1,Nouakchott-Nord,DORMANT,,ACTIVE,2024-04-02,2024-09-23T22:27:42.068Z,2024-04-02T20:22:03.566Z,2024-09-23T22:27:42.068Z
850,7702609191,Mokhtar,Ould Salem,Mokhtar Ould Salem,M,1977-10-10,+22248696232,mokhtar.ouldsalem835@outlook.com,2,Nouakchott-Ouest,STANDARD,,ACTIVE,2024-01-26,2024-08-31T04:35:26.113Z,2024-01-26T08:42:55.129Z,2024-08-31T04:35:26.113Z
851,7601981923,El Hadj,Kane,El Hadj Kane,M,1976-06-28,+22233331370,,1,Nouakchott-Nord,ACTIVE,,ACTIVE,2023-09-13,2024-09-09T20:37:21.203Z,2023-09-13T08:41:13.002Z,2024-09-09T20:37:21.203Z
852,9402063745,Mariam,Mint Abeih,Mariam Mint Abeih,F,1994-03-16,+22224134591,,2,Nouakchott-Ouest,OCCASIONAL,,INACTIVE,2023-10-16,2024-12-29T21:57:30.813Z,2023-10-16T06:07:57.200Z,2024-12-29T21:57:30.813Z
853,9606817906,Koumba,Fall,Koumba Fall,F,1996-10-04,+22223991219,,6,Brakna,STANDARD,,ACTIVE,2024-07-08,2024-12-26T12:26:41.700Z,2024-07-08T23:44:13.959Z,2024-12-26T12:26:41.700Z
854,9901873917,Fatima,Mint Vadel,Fatima Mint Vadel,F,1999-12-04,+22223839002,,1,Nouakchott-Nord,STANDARD,,ACTIVE,2022-03-23,2024-07-12T07:43:13.417Z,2022-03-23T16:47:06.459Z,2024-07-12T07:43:13.417Z
855,6714698179,Awa,Bâ,Awa Bâ,F,1967-06-21,+22225217398,awa.bâ597@outlook.com,14,Inchiri,DORMANT,,SUSPENDED,2022-01-22,2022-06-02T19:11:15.737Z,2022-01-22T14:52:35.281Z,2022-06-02T19:11:15.737Z
856,7702392897,Ethmane,Ould Brahim,Ethmane Ould Brahim,M,1977-06-11,+22234319553,,2,Nouakchott-Ouest,OCCASIONAL,,INACTIVE,2022-09-15,2022-09-20T16:31:29.629Z,2022-09-15T16:10:16.587Z,2022-09-20T16:31:29.629Z
857,8409013577,Naha,Kane,Naha Kane,F,1984-01-08,+22242377873,naha.kane838@hotmail.fr,9,Assaba,OCCASIONAL,,ACTIVE,2023-10-01,2023-10-09T01:30:35.672Z,2023-10-01T06:31:34.732Z,2023-10-09T01:30:35.672Z
858,9501718551,Bakary,Mbaye,Bakary Mbaye,M,1995-03-25,+22243145175,,1,Nouakchott-Nord,ACTIVE,,ACTIVE,2022-11-01,2023-12-27T17:23:54.828Z,2022-11-01T01:28:02.879Z,2023-12-27T17:23:54.828Z
859,9715992079,Messoud,Ould Brahim,Messoud Ould Brahim,M,1997-01-18,+22234743246,,15,Tiris Zemmour,ACTIVE,,ACTIVE,2023-08-31,2023-09-04T16:56:19.697Z,2023-08-31T01:13:06.224Z,2023-09-04T16:56:19.697Z
860,8702774274,Ely,Ould Moulaye,Ely Ould Moulaye,M,1987-05-15,+22222451500,ely.ouldmoulaye299@gmail.com,2,Nouakchott-Ouest,PREMIUM,,ACTIVE,2023-08-30,2024-07-30T19:18:33.210Z,2023-08-30T23:33:09.066Z,2024-07-30T19:18:33.210Z
861,7702976558,Cheikh,Sène,Cheikh Sène,M,1977-03-03,+22224445040,cheikh.sène213@gmail.com,2,Nouakchott-Ouest,STANDARD,,ACTIVE,2023-10-30,2024-02-08T15:25:23.778Z,2023-10-30T11:27:00.633Z,2024-02-08T15:25:23.778Z
862,8002083405,Ahmed Salem,Ould Abdallah,Ahmed Salem Ould Abdallah,M,1980-05-12,+22222643098,ahmedsalem.ouldabdallah484@yahoo.fr,2,Nouakchott-Ouest,PREMIUM,,ACTIVE,2023-04-07,2024-07-09T00:32:18.396Z,2023-04-07T15:38:28.764Z,2024-07-09T00:32:18.396Z
863,7406603365,Kadiatou,Fofana,Kadiatou Fofana,F,1974-08-01,+22225993890,,6,Brakna,DORMANT,,ACTIVE,2022-10-04,2024-09-03T02:44:27.318Z,2022-10-04T21:46:13.406Z,2024-09-03T02:44:27.318Z
864,9212183703,Wedadi,Ould Abdel Kader,Wedadi Ould Abdel Kader,M,1992-11-14,+22233277836,,12,Adrar,ACTIVE,,ACTIVE,2024-10-16,2024-11-08T22:22:00.296Z,2024-10-16T04:32:44.877Z,2024-11-08T22:22:00.296Z
865,9101820214,Sidi,Ould Taleb,Sidi Ould Taleb,M,1991-09-17,+22222673641,,1,Nouakchott-Nord,STANDARD,,ACTIVE,2024-01-18,2024-04-19T14:59:31.153Z,2024-01-18T10:16:50.075Z,2024-04-19T14:59:31.153Z
866,9313779100,Zahra,Kanouté,Zahra Kanouté,F,1993-10-17,+22224501522,zahra.kanouté801@hotmail.fr,13,Tagant,STANDARD,,ACTIVE,2022-03-24,2024-03-31T07:33:00.047Z,2022-03-24T15:42:06.144Z,2024-03-31T07:33:00.047Z
867,6002266844,Bilal,Ould El Ghassem,Bilal Ould El Ghassem,M,1960-11-18,+22223266395,bilal.ouldelghassem526@hotmail.fr,2,Nouakchott-Ouest,STANDARD,,ACTIVE,2023-11-23,2024-02-09T17:07:17.565Z,2023-11-23T16:41:41.374Z,2024-02-09T17:07:17.565Z
868,0403788707,Taleb,Ould Abdel Kader,Taleb Ould Abdel Kader,M,2004-09-23,+22224397931,taleb.ouldabdelkader808@yahoo.fr,3,Nouakchott-Sud,OCCASIONAL,,ACTIVE,2024-08-03,2024-08-07T18:00:36.766Z,2024-08-03T01:44:57.572Z,2024-08-07T18:00:36.766Z
869,7602479768,Sidi Mohamed,Ould Isselmou,Sidi Mohamed Ould Isselmou,M,1976-11-22,+22235184190,sidimohamed.ouldisselmou27@outlook.com,2,Nouakchott-Ouest,ACTIVE,,ACTIVE,2024-03-04,2024-10-01T22:49:03.547Z,2024-03-04T12:28:48.179Z,2024-10-01T22:49:03.547Z
870,6701483122,Boubacar,Ba,Boubacar Ba,M,1967-01-20,+22235055048,,1,Nouakchott-Nord,ACTIVE,,INACTIVE,2023-10-19,2024-06-20T02:30:43.842Z,2023-10-19T03:40:07.072Z,2024-06-20T02:30:43.842Z
871,7201963299,Khady,Fall,Khady Fall,F,1972-07-28,+22233870546,,1,Nouakchott-Nord,PREMIUM,,ACTIVE,2024-01-26,2024-07-18T14:33:54.117Z,2024-01-26T02:24:43.486Z,2024-07-18T14:33:54.117Z
872,0101391915,Hamadi,Wade,Hamadi Wade,M,2001-09-16,+22222514046,,1,Nouakchott-Nord,OCCASIONAL,,ACTIVE,2023-02-18,2024-03-26T02:26:47.885Z,2023-02-18T22:22:12.009Z,2024-03-26T02:26:47.885Z
873,9505417999,Ibou,Touré,Ibou Touré,M,1995-12-17,+22225390365,,5,Trarza,STANDARD,,ACTIVE,2023-08-31,2024-09-15T20:07:04.294Z,2023-08-31T06:15:32.771Z,2024-09-15T20:07:04.294Z
874,0201174724,Khadijetou,Bâ,Khadijetou Bâ,F,2002-12-06,+22225937448,,1,Nouakchott-Nord,ACTIVE,,ACTIVE,2023-01-20,2023-01-25T04:27:42.554Z,2023-01-20T20:20:24.300Z,2023-01-25T04:27:42.554Z
875,9002034132,Zakaria,Ould Abeih,Zakaria Ould Abeih,M,1990-06-07,+22225003101,,2,Nouakchott-Ouest,ACTIVE,,ACTIVE,2024-04-11,2024-06-01T00:26:57.656Z,2024-04-11T05:10:41.861Z,2024-06-01T00:26:57.656Z
876,6206672795,Khalil,Ould Mahmoud,Khalil Ould Mahmoud,M,1962-03-20,+22234047227,,6,Brakna,STANDARD,,ACTIVE,2022-12-28,2023-10-17T20:04:17.130Z,2022-12-28T18:39:31.565Z,2023-10-17T20:04:17.130Z
877,8001792210,Abdel Kader,Ould Saad,Abdel Kader Ould Saad,M,1980-12-17,+22233147049,,1,Nouakchott-Nord,STANDARD,,ACTIVE,2022-05-09,2023-03-09T14:47:32.137Z,2022-05-09T05:22:09.172Z,2023-03-09T14:47:32.137Z
878,7701935495,Malouma,Kane,Malouma Kane,F,1977-10-14,+22222633015,,1,Nouakchott-Nord,STANDARD,,ACTIVE,2022-11-30,2023-01-31T22:23:22.439Z,2022-11-30T10:36:03.798Z,2023-01-31T22:23:22.439Z
879,9303400289,Rokaya,Mint Vall,Rokaya Mint Vall,F,1993-02-15,+22235909317,,3,Nouakchott-Sud,OCCASIONAL,,ACTIVE,2023-09-29,2024-06-24T00:22:51.582Z,2023-09-29T00:45:36.259Z,2024-06-24T00:22:51.582Z
880,7915532439,Oumou,Faye,Oumou Faye,F,1979-07-20,+22222871317,,15,Tiris Zemmour,OCCASIONAL,,INACTIVE,2024-01-27,2024-04-10T01:36:11.231Z,2024-01-27T13:52:57.548Z,2024-04-10T01:36:11.231Z
881,8702857401,Aïssata,Diop,Aïssata Diop,F,1987-10-25,+22225230291,aïssata.diop919@hotmail.fr,2,Nouakchott-Ouest,ACTIVE,,ACTIVE,2022-12-21,2024-05-04T06:21:39.106Z,2022-12-21T05:28:39.354Z,2024-05-04T06:21:39.106Z
882,8604376149,Sira,Diop,Sira Diop,F,1986-06-02,+22224088117,sira.diop203@gmail.com,4,Dakhlet Nouadhibou,PREMIUM,,ACTIVE,2024-03-19,2024-05-01T11:01:37.996Z,2024-03-19T13:07:35.347Z,2024-05-01T11:01:37.996Z
883,9212303617,Souleymane,Ould Abdallah,Souleymane Ould Abdallah,M,1992-10-09,+22223430069,souleymane.ouldabdallah831@yahoo.fr,12,Adrar,STANDARD,,ACTIVE,2024-07-23,2024-12-18T03:06:11.009Z,2024-07-23T08:01:29.081Z,2024-12-18T03:06:11.009Z
884,6011487917,Saleck,Ould Soufi,Saleck Ould Soufi,M,1960-02-10,+22224388670,saleck.ouldsoufi661@hotmail.fr,11,Hodh El Gharbi,STANDARD,,ACTIVE,2022-06-11,2023-06-24T03:00:42.827Z,2022-06-11T12:51:08.570Z,2023-06-24T03:00:42.827Z
885,6003991053,Sidina,Cissé,Sidina Cissé,M,1960-11-02,+22223803172,,3,Nouakchott-Sud,STANDARD,,ACTIVE,2022-07-26,2023-10-22T08:40:44.576Z,2022-07-26T18:43:54.110Z,2023-10-22T08:40:44.576Z
886,7002971196,Aïssata,Koita,Aïssata Koita,F,1970-04-22,+22234617747,,2,Nouakchott-Ouest,ACTIVE,,ACTIVE,2024-06-30,2024-07-23T10:34:00.480Z,2024-06-30T08:29:07.782Z,2024-07-23T10:34:00.480Z
887,6002363167,Bassirou,Diop,Bassirou Diop,M,1960-03-02,+22244366990,bassirou.diop53@hotmail.fr,2,Nouakchott-Ouest,DORMANT,,ACTIVE,2023-08-11,2023-11-12T10:57:22.214Z,2023-08-11T09:11:57.916Z,2023-11-12T10:57:22.214Z
888,8103120735,Kalilou,Dramé,Kalilou Dramé,M,1981-04-03,+22223411406,kalilou.dramé822@outlook.com,3,Nouakchott-Sud,ACTIVE,,ACTIVE,2022-12-16,2023-09-14T22:02:19.986Z,2022-12-16T17:36:52.564Z,2023-09-14T22:02:19.986Z
889,9505821763,Kalidou,Ndour,Kalidou Ndour,M,1995-05-06,+22225937415,kalidou.ndour404@outlook.com,5,Trarza,STANDARD,,ACTIVE,2024-09-08,2024-10-14T03:58:15.818Z,2024-09-08T10:03:06.347Z,2024-10-14T03:58:15.818Z
890,0501664518,Koumba,Ba,Koumba Ba,F,2005-01-23,+22237587458,,1,Nouakchott-Nord,OCCASIONAL,,ACTIVE,2024-11-16,2024-12-20T23:39:08.046Z,2024-11-16T14:20:01.143Z,2024-12-20T23:39:08.046Z
891,7003020899,Aissata,Camara,Aissata Camara,F,1970-01-12,+22232339679,,3,Nouakchott-Sud,STANDARD,,BLOCKED,2024-12-26,2024-12-28T16:40:57.302Z,2024-12-26T21:47:09.964Z,2024-12-28T16:40:57.302Z
892,9705240591,Zahra,Mint Abdel Aziz,Zahra Mint Abdel Aziz,F,1997-11-22,+22233581477,,5,Trarza,OCCASIONAL,,ACTIVE,2022-12-11,2023-07-24T23:11:18.709Z,2022-12-11T04:56:11.529Z,2023-07-24T23:11:18.709Z
893,9708775452,Saad,Ould Abdallah,Saad Ould Abdallah,M,1997-03-21,+22234963536,saad.ouldabdallah237@outlook.com,8,Guidimaka,ACTIVE,,ACTIVE,2022-12-07,2023-04-24T10:29:24.848Z,2022-12-07T01:40:11.989Z,2023-04-24T10:29:24.848Z
894,7701937790,Hawa,Soumaré,Hawa Soumaré,F,1977-11-13,+22233511233,hawa.soumaré794@outlook.com,1,Nouakchott-Nord,ACTIVE,,SUSPENDED,2023-04-27,2023-12-07T10:25:50.203Z,2023-04-27T12:54:05.068Z,2023-12-07T10:25:50.203Z
895,6102825194,Rokaya,Kanouté,Rokaya Kanouté,F,1961-05-08,+22222952312,rokaya.kanouté963@yahoo.fr,2,Nouakchott-Ouest,OCCASIONAL,,ACTIVE,2023-11-08,2024-04-02T17:31:14.646Z,2023-11-08T06:16:46.460Z,2024-04-02T17:31:14.646Z
896,7302236755,Yacouba,Sarr,Yacouba Sarr,M,1973-08-10,+22248327992,,2,Nouakchott-Ouest,PREMIUM,,ACTIVE,2022-06-20,2022-06-27T11:59:17.616Z,2022-06-20T12:51:48.461Z,2022-06-27T11:59:17.616Z
897,9301404719,Messoud,Fall,Messoud Fall,M,1993-02-12,+22249989534,,1,Nouakchott-Nord,DORMANT,,ACTIVE,2022-02-05,2023-02-12T13:52:58.025Z,2022-02-05T08:27:42.033Z,2023-02-12T13:52:58.025Z
898,7009658735,Mounina,Mint Tourad,Mounina Mint Tourad,F,1970-01-19,+22233840055,,9,Assaba,STANDARD,,INACTIVE,2023-01-16,2024-02-24T07:38:52.966Z,2023-01-16T12:11:47.497Z,2024-02-24T07:38:52.966Z
899,8306147953,Safiya,Koné,Safiya Koné,F,1983-11-19,+22244618181,safiya.koné782@yahoo.fr,6,Brakna,STANDARD,,ACTIVE,2022-10-22,2024-03-19T19:59:05.373Z,2022-10-22T13:15:11.764Z,2024-03-19T19:59:05.373Z
900,8212445804,Fatima,Mint Nenni,Fatima Mint Nenni,F,1982-05-09,+22223531015,,12,Adrar,OCCASIONAL,,ACTIVE,2024-07-03,2024-09-29T14:07:43.588Z,2024-07-03T12:35:53.316Z,2024-09-29T14:07:43.588Z
901,9803077633,Aissata,Mint Limam,Aissata Mint Limam,F,1998-03-14,+22248411980,,3,Nouakchott-Sud,OCCASIONAL,,PENDING_KYC,2022-10-23,2024-06-02T12:05:08.501Z,2022-10-23T18:52:57.711Z,2024-06-02T12:05:08.501Z
902,7604116465,Mohamed Mahmoud,Ould Eleya,Mohamed Mahmoud Ould Eleya,M,1976-06-19,+22234584347,mohamedmahmoud.ouldeleya941@gmail.com,4,Dakhlet Nouadhibou,STANDARD,,ACTIVE,2022-03-01,2023-09-09T03:41:22.474Z,2022-03-01T18:04:35.797Z,2023-09-09T03:41:22.474Z
903,6002421724,Ahmed Salem,Ould Khalil,Ahmed Salem Ould Khalil,M,1960-05-08,+22224340147,,2,Nouakchott-Ouest,PREMIUM,,ACTIVE,2022-05-25,2024-06-02T23:12:05.750Z,2022-05-25T11:07:49.497Z,2024-06-02T23:12:05.750Z
904,6901169721,Assa,Sissoko,Assa Sissoko,F,1969-06-06,+22233555492,assa.sissoko543@yahoo.fr,1,Nouakchott-Nord,OCCASIONAL,,ACTIVE,2022-05-16,2022-05-26T03:52:44.915Z,2022-05-16T04:10:11.844Z,2022-05-26T03:52:44.915Z
905,8712527114,Anta,Ndiaye,Anta Ndiaye,F,1987-08-01,+22232768597,,12,Adrar,ACTIVE,,ACTIVE,2024-07-18,2024-12-10T04:26:18.992Z,2024-07-18T10:53:41.517Z,2024-12-10T04:26:18.992Z
906,0004218768,Hawa,Mint Hamadi,Hawa Mint Hamadi,F,2000-11-10,+22223995769,hawa.minthamadi359@yahoo.fr,4,Dakhlet Nouadhibou,ACTIVE,,ACTIVE,2023-09-13,2024-02-17T10:21:41.947Z,2023-09-13T13:06:37.754Z,2024-02-17T10:21:41.947Z
907,6602407195,Namory,Fall,Namory Fall,M,1966-08-03,+22222928380,,2,Nouakchott-Ouest,STANDARD,,ACTIVE,2022-11-27,2024-04-21T07:24:58.455Z,2022-11-27T22:04:18.614Z,2024-04-21T07:24:58.455Z
908,7410355892,Salka,Mint Hamadi,Salka Mint Hamadi,F,1974-01-21,+22236179320,,10,Hodh Ech Chargui,STANDARD,,ACTIVE,2024-06-19,2024-08-29T18:39:14.089Z,2024-06-19T11:32:25.351Z,2024-08-29T18:39:14.089Z
909,0401847004,Malick,Wade,Malick Wade,M,2004-01-22,+22232678462,,1,Nouakchott-Nord,OCCASIONAL,,ACTIVE,2022-05-11,2023-04-30T08:24:39.579Z,2022-05-11T12:35:51.722Z,2023-04-30T08:24:39.579Z
910,9201399687,Mohamed Vall,Ba,Mohamed Vall Ba,M,1992-03-20,+22235087949,,1,Nouakchott-Nord,ACTIVE,,ACTIVE,2022-06-13,2022-10-23T10:24:02.967Z,2022-06-13T19:04:30.833Z,2022-10-23T10:24:02.967Z
911,0515320365,Awa,Ndiaye,Awa Ndiaye,F,2005-09-16,+22237150114,awa.ndiaye483@hotmail.fr,15,Tiris Zemmour,DORMANT,,ACTIVE,2024-10-23,2024-10-27T03:55:20.936Z,2024-10-23T17:56:32.461Z,2024-10-27T03:55:20.936Z
912,6103193474,Mohamed Yahya,Ould El Mamy,Mohamed Yahya Ould El Mamy,M,1961-09-05,+22235302913,mohamedyahya.ouldelmamy388@outlook.com,3,Nouakchott-Sud,OCCASIONAL,,ACTIVE,2023-11-30,2024-09-10T08:55:11.424Z,2023-11-30T17:17:48.984Z,2024-09-10T08:55:11.424Z
913,9504485128,Ahmedou,Yatabaré,Ahmedou Yatabaré,M,1995-01-11,+22242584617,,4,Dakhlet Nouadhibou,ACTIVE,,ACTIVE,2022-11-20,2023-11-08T21:52:03.305Z,2022-11-20T22:31:51.478Z,2023-11-08T21:52:03.305Z
914,0405978452,Yaya,Kanouté,Yaya Kanouté,M,2004-09-02,+22235226154,yaya.kanouté488@gmail.com,5,Trarza,OCCASIONAL,,BLOCKED,2024-11-10,2024-12-03T23:23:50.601Z,2024-11-10T01:38:10.512Z,2024-12-03T23:23:50.601Z
915,6502862997,Ahmed Salem,Ould Cheikh,Ahmed Salem Ould Cheikh,M,1965-12-12,+22237766166,ahmedsalem.ouldcheikh627@outlook.com,2,Nouakchott-Ouest,STANDARD,,ACTIVE,2023-03-04,2023-04-03T02:37:16.754Z,2023-03-04T23:58:53.388Z,2023-04-03T02:37:16.754Z
916,7201651136,Salem,Ould Eleya,Salem Ould Eleya,M,1972-05-28,+22245650339,salem.ouldeleya600@outlook.com,1,Nouakchott-Nord,STANDARD,,ACTIVE,2023-05-09,2023-08-18T16:28:28.766Z,2023-05-09T06:31:51.501Z,2023-08-18T16:28:28.766Z
917,8202948867,Vadel,Ould Abdel Aziz,Vadel Ould Abdel Aziz,M,1982-03-24,+22225113351,,2,Nouakchott-Ouest,OCCASIONAL,,ACTIVE,2023-04-23,2023-07-01T18:13:30.915Z,2023-04-23T13:51:17.200Z,2023-07-01T18:13:30.915Z
918,9406326482,Mahjouba,Ly,Mahjouba Ly,F,1994-07-12,+22237449132,mahjouba.ly350@yahoo.fr,6,Brakna,STANDARD,,ACTIVE,2023-02-04,2024-03-19T21:28:50.857Z,2023-02-04T07:27:57.429Z,2024-03-19T21:28:50.857Z
919,7210459941,Kiné,Wane,Kiné Wane,F,1972-11-05,+22222557400,,10,Hodh Ech Chargui,OCCASIONAL,,ACTIVE,2023-11-27,2023-12-02T02:06:54.291Z,2023-11-27T10:41:54.236Z,2023-12-02T02:06:54.291Z
920,7315164737,Abdallah,Ould Zein,Abdallah Ould Zein,M,1973-05-03,+22223546252,abdallah.ouldzein5@outlook.com,15,Tiris Zemmour,STANDARD,,ACTIVE,2024-04-08,2024-08-08T08:16:34.108Z,2024-04-08T09:53:18.424Z,2024-08-08T08:16:34.108Z
921,8202188661,Youssouf,Ould Cheikh,Youssouf Ould Cheikh,M,1982-01-28,+22232988739,youssouf.ouldcheikh930@gmail.com,2,Nouakchott-Ouest,DORMANT,,SUSPENDED,2022-06-21,2023-05-23T23:26:54.658Z,2022-06-21T19:08:11.715Z,2023-05-23T23:26:54.658Z
922,0301427131,Tacko,Mbow,Tacko Mbow,F,2003-01-03,+22248674962,tacko.mbow646@gmail.com,1,Nouakchott-Nord,STANDARD,,ACTIVE,2024-03-16,2024-07-16T13:03:51.892Z,2024-03-16T00:50:08.196Z,2024-07-16T13:03:51.892Z
923,7002143670,Hamadi,Ould Nagi,Hamadi Ould Nagi,M,1970-01-09,+22242059058,hamadi.ouldnagi956@outlook.com,2,Nouakchott-Ouest,STANDARD,,ACTIVE,2023-05-28,2024-05-23T05:36:41.740Z,2023-05-28T14:09:19.647Z,2024-05-23T05:36:41.740Z
924,8202209878,Bilal,Ould Ahmedou,Bilal Ould Ahmedou,M,1982-09-12,+22246538233,,2,Nouakchott-Ouest,ACTIVE,,ACTIVE,2022-03-05,2023-01-16T23:10:22.608Z,2022-03-05T01:25:06.286Z,2023-01-16T23:10:22.608Z
925,6603581234,Mahfoudh,Kanouté,Mahfoudh Kanouté,M,1966-12-05,+22232552079,,3,Nouakchott-Sud,OCCASIONAL,,ACTIVE,2023-02-12,2024-08-02T00:13:34.418Z,2023-02-12T06:02:52.556Z,2024-08-02T00:13:34.418Z
926,9711989262,Mbarka,Mint Vadel,Mbarka Mint Vadel,F,1997-02-10,+22247199749,mbarka.mintvadel793@gmail.com,11,Hodh El Gharbi,PREMIUM,,PENDING_KYC,2024-11-11,2024-11-18T03:30:30.273Z,2024-11-11T18:03:21.236Z,2024-11-18T03:30:30.273Z
927,7005109170,Abdel Kader,Bathily,Abdel Kader Bathily,M,1970-12-21,+22246922404,abdelkader.bathily918@outlook.com,5,Trarza,ACTIVE,,ACTIVE,2024-02-13,2024-10-01T06:06:53.162Z,2024-02-13T20:22:24.789Z,2024-10-01T06:06:53.162Z
928,8512918116,Hawa,Mbow,Hawa Mbow,F,1985-03-07,+22225922757,,12,Adrar,STANDARD,,ACTIVE,2024-07-21,2024-12-01T12:10:35.253Z,2024-07-21T16:19:23.522Z,2024-12-01T12:10:35.253Z
929,8005165735,Ghalia,Sène,Ghalia Sène,F,1980-07-17,+22236736173,,5,Trarza,OCCASIONAL,,ACTIVE,2022-10-29,2023-07-03T23:18:20.526Z,2022-10-29T23:08:24.998Z,2023-07-03T23:18:20.526Z
930,6201458051,Fodié,Touré,Fodié Touré,M,1962-09-26,+22223288950,,1,Nouakchott-Nord,PREMIUM,,ACTIVE,2024-08-08,2024-11-01T07:59:04.890Z,2024-08-08T06:29:11.311Z,2024-11-01T07:59:04.890Z
931,7701593989,Ahmed,Sène,Ahmed Sène,M,1977-03-28,+22235596595,,1,Nouakchott-Nord,STANDARD,,INACTIVE,2022-01-16,2023-06-27T19:01:09.360Z,2022-01-16T09:09:09.818Z,2023-06-27T19:01:09.360Z
932,6803582787,Moctar,Wane,Moctar Wane,M,1968-09-21,+22244411824,,3,Nouakchott-Sud,ACTIVE,,ACTIVE,2023-05-05,2023-10-21T16:10:39.141Z,2023-05-05T22:18:26.212Z,2023-10-21T16:10:39.141Z
933,8806794282,Moussa,Wade,Moussa Wade,M,1988-07-15,+22236835562,,6,Brakna,ACTIVE,,INACTIVE,2024-04-12,2024-06-15T09:30:11.192Z,2024-04-12T04:14:23.161Z,2024-06-15T09:30:11.192Z
934,6608322759,Maimouna,Cissé,Maimouna Cissé,F,1966-07-01,+22222000576,,8,Guidimaka,OCCASIONAL,,INACTIVE,2024-06-27,2024-12-03T03:26:09.881Z,2024-06-27T23:25:50.070Z,2024-12-03T03:26:09.881Z
935,7902249812,Maimouna,Bâ,Maimouna Bâ,F,1979-12-09,+22245345889,,2,Nouakchott-Ouest,PREMIUM,,ACTIVE,2024-04-09,2024-05-31T12:07:04.625Z,2024-04-09T20:43:59.675Z,2024-05-31T12:07:04.625Z
936,6915064911,Leila,Bathily,Leila Bathily,F,1969-11-07,+22222968067,,15,Tiris Zemmour,OCCASIONAL,,ACTIVE,2022-03-14,2022-08-22T18:58:57.755Z,2022-03-14T21:34:13.419Z,2022-08-22T18:58:57.755Z
937,7602592337,Sidiki,Fall,Sidiki Fall,M,1976-12-26,+22237314684,,2,Nouakchott-Ouest,OCCASIONAL,,ACTIVE,2023-04-28,2023-12-16T06:36:18.750Z,2023-04-28T22:50:01.557Z,2023-12-16T06:36:18.750Z
938,7206747496,Abdellahi,Mbow,Abdellahi Mbow,M,1972-06-02,+22235716327,,6,Brakna,ACTIVE,,ACTIVE,2023-08-22,2024-09-30T23:51:18.754Z,2023-08-22T04:12:50.539Z,2024-09-30T23:51:18.754Z
939,8701137838,Mohamed,Ould Moulaye,Mohamed Ould Moulaye,M,1987-02-05,+22243373778,,1,Nouakchott-Nord,OCCASIONAL,,ACTIVE,2023-09-30,2024-02-08T14:25:48.791Z,2023-09-30T02:52:30.938Z,2024-02-08T14:25:48.791Z
940,0203760064,Djimé,Dia,Djimé Dia,M,2002-12-20,+22222024386,djimé.dia534@yahoo.fr,3,Nouakchott-Sud,VIP,,ACTIVE,2023-07-22,2024-04-23T21:22:17.826Z,2023-07-22T15:26:11.203Z,2024-04-23T21:22:17.826Z
941,9701653810,Cheick,Kane,Cheick Kane,M,1997-06-17,+22232243462,,1,Nouakchott-Nord,DORMANT,,ACTIVE,2024-10-28,2024-12-29T03:52:42.411Z,2024-10-28T19:40:27.632Z,2024-12-29T03:52:42.411Z
942,9706160661,Kesso,Sow,Kesso Sow,F,1997-02-03,+22236572458,,6,Brakna,OCCASIONAL,,ACTIVE,2022-09-23,2023-08-17T03:03:06.698Z,2022-09-23T02:01:53.604Z,2023-08-17T03:03:06.698Z
943,6605792892,Codou,Fofana,Codou Fofana,F,1966-08-23,+22237195746,,5,Trarza,OCCASIONAL,,ACTIVE,2022-12-06,2023-09-14T04:24:51.951Z,2022-12-06T05:35:19.032Z,2023-09-14T04:24:51.951Z
944,0302431463,Abdallah,Faye,Abdallah Faye,M,2003-08-27,+22232942916,abdallah.faye5@outlook.com,2,Nouakchott-Ouest,OCCASIONAL,,PENDING_KYC,2023-02-08,2023-12-25T04:49:44.001Z,2023-02-08T12:50:49.721Z,2023-12-25T04:49:44.001Z
945,0501755902,Mouna,Anne,Mouna Anne,F,2005-08-26,+22242797315,,1,Nouakchott-Nord,STANDARD,,ACTIVE,2024-05-25,2024-08-13T08:35:30.508Z,2024-05-25T14:39:01.517Z,2024-08-13T08:35:30.508Z
946,8803373518,Mohamed,Ould Mahmoud,Mohamed Ould Mahmoud,M,1988-02-19,+22235078069,mohamed.ouldmahmoud289@hotmail.fr,3,Nouakchott-Sud,ACTIVE,,ACTIVE,2023-05-17,2023-07-04T16:31:52.942Z,2023-05-17T20:58:33.554Z,2023-07-04T16:31:52.942Z
947,6103768146,Sekou,Fofana,Sekou Fofana,M,1961-07-18,+22242228562,sekou.fofana77@gmail.com,3,Nouakchott-Sud,STANDARD,,ACTIVE,2022-03-23,2023-10-17T16:59:30.613Z,2022-03-23T11:39:26.943Z,2023-10-17T16:59:30.613Z
948,7701106787,Ahmed,Ould Nenni,Ahmed Ould Nenni,M,1977-01-26,+22224371022,,1,Nouakchott-Nord,STANDARD,,ACTIVE,2022-04-23,2023-01-24T06:36:57.228Z,2022-04-23T10:08:06.259Z,2023-01-24T06:36:57.228Z
949,7401999470,Brahim,Fall,Brahim Fall,M,1974-07-05,+22248586639,,1,Nouakchott-Nord,OCCASIONAL,,ACTIVE,2023-06-19,2023-11-06T07:37:50.198Z,2023-06-19T06:29:41.825Z,2023-11-06T07:37:50.198Z
950,8412110906,Zahra,Mint Abdel Kader,Zahra Mint Abdel Kader,F,1984-11-23,+22247175828,zahra.mintabdelkader34@yahoo.fr,12,Adrar,OCCASIONAL,,INACTIVE,2022-10-28,2023-02-20T16:37:14.850Z,2022-10-28T14:40:06.948Z,2023-02-20T16:37:14.850Z
951,6014018145,Lamine,Sy,Lamine Sy,M,1960-09-14,+22232978569,,14,Inchiri,OCCASIONAL,,ACTIVE,2022-01-26,2022-06-12T07:07:43.301Z,2022-01-26T22:54:17.612Z,2022-06-12T07:07:43.301Z
952,6409961870,Ibrahima,Ndour,Ibrahima Ndour,M,1964-05-16,+22234121066,,9,Assaba,ACTIVE,,ACTIVE,2023-04-21,2024-11-25T02:10:31.679Z,2023-04-21T08:50:39.582Z,2024-11-25T02:10:31.679Z
953,8409617869,Zeinab,Koné,Zeinab Koné,F,1984-12-03,+22233158846,zeinab.koné144@hotmail.fr,9,Assaba,OCCASIONAL,,INACTIVE,2024-05-11,2024-07-18T19:50:05.145Z,2024-05-11T20:49:15.068Z,2024-07-18T19:50:05.145Z
954,8202035628,Sira,Diop,Sira Diop,F,1982-11-01,+22249162650,,2,Nouakchott-Ouest,ACTIVE,,ACTIVE,2024-12-30,2024-12-30T18:07:03.331Z,2024-12-30T06:50:29.602Z,2024-12-30T18:07:03.331Z
955,6402394547,Yacouba,Sow,Yacouba Sow,M,1964-04-13,+22225453009,,2,Nouakchott-Ouest,ACTIVE,,ACTIVE,2022-08-28,2023-05-14T09:39:50.321Z,2022-08-28T18:16:45.948Z,2023-05-14T09:39:50.321Z
956,7701202313,Malick,Bâ,Malick Bâ,M,1977-06-12,+22225557722,,1,Nouakchott-Nord,ACTIVE,,BLOCKED,2024-06-07,2024-09-21T17:40:04.109Z,2024-06-07T15:26:37.372Z,2024-09-21T17:40:04.109Z
957,6703571458,Cheikhna,Ould Vall,Cheikhna Ould Vall,M,1967-07-08,+22223311086,cheikhna.ouldvall600@yahoo.fr,3,Nouakchott-Sud,STANDARD,,ACTIVE,2024-11-17,2024-12-04T08:33:52.589Z,2024-11-17T08:34:28.185Z,2024-12-04T08:33:52.589Z
958,8804110574,Mariama,Gaye,Mariama Gaye,F,1988-10-16,+22224756285,,4,Dakhlet Nouadhibou,STANDARD,,ACTIVE,2023-04-07,2023-09-21T10:10:16.082Z,2023-04-07T16:45:23.786Z,2023-09-21T10:10:16.082Z
959,7002565870,Aminetou,Mint Horma,Aminetou Mint Horma,F,1970-06-17,+22246742600,,2,Nouakchott-Ouest,OCCASIONAL,,ACTIVE,2023-06-14,2024-01-14T09:52:46.067Z,2023-06-14T03:54:27.719Z,2024-01-14T09:52:46.067Z
960,9901330296,Ghalia,Sarr,Ghalia Sarr,F,1999-08-06,+22237310345,ghalia.sarr373@yahoo.fr,1,Nouakchott-Nord,VIP,,ACTIVE,2022-09-13,2024-08-21T20:01:24.320Z,2022-09-13T10:16:15.973Z,2024-08-21T20:01:24.320Z
961,8202833141,Mbareck,Ould Moulaye,Mbareck Ould Moulaye,M,1982-09-23,+22223201462,mbareck.ouldmoulaye539@hotmail.fr,2,Nouakchott-Ouest,STANDARD,,ACTIVE,2023-04-24,2024-07-24T07:12:06.627Z,2023-04-24T14:33:59.267Z,2024-07-24T07:12:06.627Z
962,8709368247,Jemila,Bah,Jemila Bah,F,1987-09-13,+22236150484,jemila.bah987@hotmail.fr,9,Assaba,STANDARD,,ACTIVE,2023-09-21,2024-04-02T02:18:24.614Z,2023-09-21T11:04:53.641Z,2024-04-02T02:18:24.614Z
963,9404510441,Boubacar,Koné,Boubacar Koné,M,1994-07-11,+22235528703,,4,Dakhlet Nouadhibou,ACTIVE,,ACTIVE,2022-10-29,2023-02-10T11:19:02.355Z,2022-10-29T16:25:13.361Z,2023-02-10T11:19:02.355Z
964,8301770657,Boubacar,Ould Wedadi,Boubacar Ould Wedadi,M,1983-07-19,+22234916858,boubacar.ouldwedadi830@gmail.com,1,Nouakchott-Nord,ACTIVE,,ACTIVE,2023-10-03,2024-10-23T14:15:11.961Z,2023-10-03T11:29:00.621Z,2024-10-23T14:15:11.961Z
965,6812886807,Ismaila,Soumaré,Ismaila Soumaré,M,1968-05-06,+22235311735,,12,Adrar,STANDARD,,ACTIVE,2023-02-25,2023-06-07T08:04:08.494Z,2023-02-25T15:32:05.285Z,2023-06-07T08:04:08.494Z
966,6803520790,Vatma,Mint Ghali,Vatma Mint Ghali,F,1968-05-28,+22234442518,,3,Nouakchott-Sud,DORMANT,,ACTIVE,2023-08-03,2024-05-04T12:04:59.835Z,2023-08-03T06:24:59.139Z,2024-05-04T12:04:59.835Z
967,9702649535,Jemila,Mint Khalil,Jemila Mint Khalil,F,1997-11-03,+22224729078,,2,Nouakchott-Ouest,STANDARD,,INACTIVE,2024-04-12,2024-05-08T02:46:59.128Z,2024-04-12T11:20:39.191Z,2024-05-08T02:46:59.128Z
968,8002497437,Limam,Ould Nenni,Limam Ould Nenni,M,1980-10-14,+22246647281,,2,Nouakchott-Ouest,OCCASIONAL,,ACTIVE,2023-03-19,2024-07-28T16:17:52.224Z,2023-03-19T13:18:35.058Z,2024-07-28T16:17:52.224Z
969,7902336392,Souleymane,Wane,Souleymane Wane,M,1979-08-18,+22232588079,,2,Nouakchott-Ouest,STANDARD,,ACTIVE,2024-10-12,2024-12-02T14:17:44.450Z,2024-10-12T11:21:15.876Z,2024-12-02T14:17:44.450Z
970,9303297384,Kadiatou,Anne,Kadiatou Anne,F,1993-05-13,+22235145782,,3,Nouakchott-Sud,STANDARD,,ACTIVE,2023-08-18,2024-08-12T01:35:45.874Z,2023-08-18T16:29:44.471Z,2024-08-12T01:35:45.874Z
971,7903669257,Harouna,Diarra,Harouna Diarra,M,1979-09-08,+22223978444,,3,Nouakchott-Sud,STANDARD,,ACTIVE,2023-04-27,2023-05-20T22:31:16.592Z,2023-04-27T01:52:48.527Z,2023-05-20T22:31:16.592Z
972,9702891691,Penda,Niang,Penda Niang,F,1997-05-22,+22242684133,,2,Nouakchott-Ouest,OCCASIONAL,,ACTIVE,2024-04-19,2024-05-09T11:32:45.124Z,2024-04-19T17:55:14.238Z,2024-05-09T11:32:45.124Z
973,7701450217,Houda,Diop,Houda Diop,F,1977-11-02,+22233572944,,1,Nouakchott-Nord,STANDARD,,ACTIVE,2023-01-25,2023-08-01T04:44:28.322Z,2023-01-25T09:03:30.026Z,2023-08-01T04:44:28.322Z
974,7702040572,Mor,Sissoko,Mor Sissoko,M,1977-05-17,+22234655018,mor.sissoko606@hotmail.fr,2,Nouakchott-Ouest,OCCASIONAL,,ACTIVE,2024-11-11,2024-11-20T19:52:55.632Z,2024-11-11T02:34:35.884Z,2024-11-20T19:52:55.632Z
975,8702041967,Hawa,Kanouté,Hawa Kanouté,F,1987-03-10,+22222460144,,2,Nouakchott-Ouest,STANDARD,,INACTIVE,2023-12-03,2024-06-27T19:05:53.091Z,2023-12-03T20:21:25.058Z,2024-06-27T19:05:53.091Z
976,9510055522,Safi,Faye,Safi Faye,F,1995-02-04,+22223389091,safi.faye951@yahoo.fr,10,Hodh Ech Chargui,STANDARD,,ACTIVE,2022-07-12,2022-11-22T05:05:52.879Z,2022-07-12T04:56:57.109Z,2022-11-22T05:05:52.879Z
977,8715569810,Malouma,Mint Hamoud,Malouma Mint Hamoud,F,1987-04-20,+22224721759,malouma.minthamoud767@gmail.com,15,Tiris Zemmour,STANDARD,,ACTIVE,2024-04-03,2024-07-06T00:22:49.335Z,2024-04-03T04:15:55.788Z,2024-07-06T00:22:49.335Z
978,8501151674,Mounina,Mint Cheikh,Mounina Mint Cheikh,F,1985-03-16,+22225293402,mounina.mintcheikh695@hotmail.fr,1,Nouakchott-Nord,OCCASIONAL,,ACTIVE,2023-12-06,2024-12-30T18:44:38.308Z,2023-12-06T06:58:27.750Z,2024-12-30T18:44:38.308Z
979,7303644322,El Mokhtar,Mbaye,El Mokhtar Mbaye,M,1973-06-15,+22224919844,elmokhtar.mbaye238@yahoo.fr,3,Nouakchott-Sud,STANDARD,,PENDING_KYC,2022-01-04,2024-08-09T13:46:44.293Z,2022-01-04T05:47:53.179Z,2024-08-09T13:46:44.293Z
980,9104796837,Yacoub,Ould Abdel Aziz,Yacoub Ould Abdel Aziz,M,1991-05-24,+22233444750,yacoub.ouldabdelaziz213@gmail.com,4,Dakhlet Nouadhibou,ACTIVE,,ACTIVE,2022-06-16,2024-07-29T14:31:09.212Z,2022-06-16T16:02:50.638Z,2024-07-29T14:31:09.212Z
981,9601128197,Aissata,Kanouté,Aissata Kanouté,F,1996-10-27,+22232849186,,1,Nouakchott-Nord,STANDARD,,ACTIVE,2022-10-09,2024-03-13T21:53:54.651Z,2022-10-09T19:34:59.608Z,2024-03-13T21:53:54.651Z
982,6911574418,Oumou,Dieng,Oumou Dieng,F,1969-05-06,+22235457230,,11,Hodh El Gharbi,STANDARD,,PENDING_KYC,2022-11-08,2024-03-10T04:24:59.697Z,2022-11-08T19:40:16.788Z,2024-03-10T04:24:59.697Z
983,9201574389,Lamine,Diagana,Lamine Diagana,M,1992-07-16,+22247224065,lamine.diagana288@hotmail.fr,1,Nouakchott-Nord,ACTIVE,,ACTIVE,2024-11-25,2024-12-07T14:46:03.346Z,2024-11-25T15:34:55.904Z,2024-12-07T14:46:03.346Z
984,9506155988,Maguette,Koné,Maguette Koné,F,1995-03-04,+22242772371,,6,Brakna,STANDARD,,ACTIVE,2022-02-15,2023-03-18T13:04:13.291Z,2022-02-15T11:46:42.301Z,2023-03-18T13:04:13.291Z
985,6501982517,Aissata,Ndour,Aissata Ndour,F,1965-12-03,+22237723683,aissata.ndour469@hotmail.fr,1,Nouakchott-Nord,DORMANT,,ACTIVE,2023-04-16,2024-11-05T12:13:25.329Z,2023-04-16T14:51:46.561Z,2024-11-05T12:13:25.329Z
986,7903447509,Kéba,Guèye,Kéba Guèye,M,1979-06-05,+22225744450,kéba.guèye377@hotmail.fr,3,Nouakchott-Sud,DORMANT,,ACTIVE,2022-01-14,2024-02-03T02:57:59.971Z,2022-01-14T06:23:29.913Z,2024-02-03T02:57:59.971Z
987,9301691751,Abdellahi,Anne,Abdellahi Anne,M,1993-05-06,+22242723899,abdellahi.anne103@outlook.com,1,Nouakchott-Nord,OCCASIONAL,,ACTIVE,2022-06-01,2023-11-26T13:10:14.674Z,2022-06-01T12:45:33.521Z,2023-11-26T13:10:14.674Z
988,7503578599,Yahya,Ould Abeih,Yahya Ould Abeih,M,1975-11-28,+22222868298,,3,Nouakchott-Sud,ACTIVE,,SUSPENDED,2024-05-07,2024-12-04T21:35:42.830Z,2024-05-07T12:59:23.261Z,2024-12-04T21:35:42.830Z
989,0002942568,Boubacar,Dramé,Boubacar Dramé,M,2000-07-07,+22247393145,,2,Nouakchott-Ouest,OCCASIONAL,,ACTIVE,2023-04-03,2023-08-29T13:17:33.825Z,2023-04-03T19:45:31.830Z,2023-08-29T13:17:33.825Z
990,6802280927,Lehbib,Ould Saad,Lehbib Ould Saad,M,1968-07-19,+22223945306,,2,Nouakchott-Ouest,OCCASIONAL,,SUSPENDED,2023-12-12,2024-06-13T07:48:32.054Z,2023-12-12T03:11:49.043Z,2024-06-13T07:48:32.054Z
991,6504624647,Mbareck,Ould Ahmedou,Mbareck Ould Ahmedou,M,1965-05-27,+22233554965,,4,Dakhlet Nouadhibou,STANDARD,,INACTIVE,2024-08-03,2024-11-04T22:26:35.479Z,2024-08-03T11:08:32.293Z,2024-11-04T22:26:35.479Z
992,9202891821,Mouna,Mint Tourad,Mouna Mint Tourad,F,1992-02-21,+22222937117,mouna.minttourad639@hotmail.fr,2,Nouakchott-Ouest,OCCASIONAL,,INACTIVE,2024-09-18,2024-10-28T02:04:08.146Z,2024-09-18T21:45:52.063Z,2024-10-28T02:04:08.146Z
993,0309034335,Salem,Ould Vadel,Salem Ould Vadel,M,2003-01-15,+22222427623,,9,Assaba,OCCASIONAL,,ACTIVE,2022-01-30,2024-07-18T04:55:30.892Z,2022-01-30T04:20:08.428Z,2024-07-18T04:55:30.892Z
994,0401718809,Mohamed Lemine,Ould Jiddou,Mohamed Lemine Ould Jiddou,M,2004-06-12,+22232833018,,1,Nouakchott-Nord,DORMANT,,ACTIVE,2024-04-29,2024-10-29T01:40:26.212Z,2024-04-29T04:21:50.376Z,2024-10-29T01:40:26.212Z
995,0002111566,Hawa,Bah,Hawa Bah,F,2000-01-04,+22241140208,,2,Nouakchott-Ouest,PREMIUM,,INACTIVE,2022-10-04,2023-07-11T10:47:24.075Z,2022-10-04T07:54:27.581Z,2023-07-11T10:47:24.075Z
996,9012804194,Aïssata,Thiam,Aïssata Thiam,F,1990-10-01,+22234146650,,12,Adrar,PREMIUM,,ACTIVE,2022-12-07,2024-06-01T05:42:26.518Z,2022-12-07T08:09:29.043Z,2024-06-01T05:42:26.518Z
997,8501560061,Ahmed Salem,Ould Abdel Kader,Ahmed Salem Ould Abdel Kader,M,1985-11-15,+22222956497,ahmedsalem.ouldabdelkader983@outlook.com,1,Nouakchott-Nord,OCCASIONAL,,ACTIVE,2023-05-04,2024-07-30T09:40:58.288Z,2023-05-04T08:55:26.838Z,2024-07-30T09:40:58.288Z
998,6801423071,Vatma,Ly,Vatma Ly,F,1968-02-03,+22224348548,,1,Nouakchott-Nord,OCCASIONAL,,ACTIVE,2022-01-08,2022-01-24T21:58:35.529Z,2022-01-08T15:25:01.992Z,2022-01-24T21:58:35.529Z
999,7915886857,Naima,Mint Mahmoud,Naima Mint Mahmoud,F,1979-06-22,+22225207290,naima.mintmahmoud892@outlook.com,15,Tiris Zemmour,OCCASIONAL,,ACTIVE,2022-01-19,2024-02-15T10:53:43.817Z,2022-01-19T18:52:31.703Z,2024-02-15T10:53:43.817Z
1000,8202891246,Moustapha,Ould Habiboullah,Moustapha Ould Habiboullah,M,1982-07-23,+22248403239,moustapha.ouldhabiboullah466@gmail.com,2,Nouakchott-Ouest,OCCASIONAL,,INACTIVE,2022-03-22,2023-12-08T17:50:29.169Z,2022-03-22T13:39:06.380Z,2023-12-08T17:50:29.169Z
1001,6401029664,Aminetou,Mint Mohamed,Aminetou Mint Mohamed,F,1964-03-08,+22224724336,aminetou.mintmohamed458@hotmail.fr,1,Nouakchott-Nord,OCCASIONAL,,ACTIVE,2024-07-15,2024-11-09T08:49:51.086Z,2024-07-15T16:39:27.539Z,2024-11-09T08:49:51.086Z
1002,6704919657,Jiddou,Koita,Jiddou Koita,M,1967-11-19,+22236358645,jiddou.koita905@yahoo.fr,4,Dakhlet Nouadhibou,STANDARD,,ACTIVE,2023-03-09,2023-03-29T04:05:23.089Z,2023-03-09T02:05:42.567Z,2023-03-29T04:05:23.089Z
1003,7101234558,Mbareck,Ould Ethmane,Mbareck Ould Ethmane,M,1971-06-18,+22237251001,,1,Nouakchott-Nord,OCCASIONAL,,ACTIVE,2022-03-29,2024-04-06T14:17:43.473Z,2022-03-29T20:42:49.540Z,2024-04-06T14:17:43.473Z
1004,6104746941,Tourad,Sène,Tourad Sène,M,1961-05-25,+22235592991,tourad.sène283@gmail.com,4,Dakhlet Nouadhibou,DORMANT,,SUSPENDED,2024-03-09,2024-11-03T10:08:23.988Z,2024-03-09T13:57:16.074Z,2024-11-03T10:08:23.988Z
1005,9801293518,Modou,Ndour,Modou Ndour,M,1998-01-24,+22234425602,,1,Nouakchott-Nord,STANDARD,,ACTIVE,2022-06-28,2024-11-05T13:12:36.214Z,2022-06-28T02:29:41.907Z,2024-11-05T13:12:36.214Z
1006,6901382065,Cheikh,Ould Abdel Aziz,Cheikh Ould Abdel Aziz,M,1969-07-08,+22236156243,cheikh.ouldabdelaziz520@gmail.com,1,Nouakchott-Nord,OCCASIONAL,,SUSPENDED,2023-04-05,2024-03-09T00:59:03.661Z,2023-04-05T01:43:38.637Z,2024-03-09T00:59:03.661Z
1007,8702260588,Malouma,Mint Hamoud,Malouma Mint Hamoud,F,1987-11-21,+22236366187,,2,Nouakchott-Ouest,STANDARD,,ACTIVE,2023-08-13,2024-03-12T20:30:49.342Z,2023-08-13T22:32:13.216Z,2024-03-12T20:30:49.342Z
1008,7302761848,Mounina,Mint Bouha,Mounina Mint Bouha,F,1973-04-20,+22242260688,,2,Nouakchott-Ouest,STANDARD,,ACTIVE,2023-02-25,2024-09-11T04:46:35.033Z,2023-02-25T16:08:05.051Z,2024-09-11T04:46:35.033Z
1009,9901636857,Hawa,Sakho,Hawa Sakho,F,1999-09-15,+22244779433,hawa.sakho808@hotmail.fr,1,Nouakchott-Nord,VIP,,ACTIVE,2023-04-29,2023-07-22T19:32:11.532Z,2023-04-29T13:24:13.424Z,2023-07-22T19:32:11.532Z
1010,7907553444,Taleb,Soumaré,Taleb Soumaré,M,1979-01-13,+22222695314,taleb.soumaré18@hotmail.fr,7,Gorgol,STANDARD,,SUSPENDED,2023-02-17,2023-03-30T08:09:41.593Z,2023-02-17T16:44:11.965Z,2023-03-30T08:09:41.593Z
1011,0415345787,Rokaya,Sall,Rokaya Sall,F,2004-12-01,+22225620088,rokaya.sall97@hotmail.fr,15,Tiris Zemmour,VIP,,ACTIVE,2023-07-28,2024-10-16T00:30:38.236Z,2023-07-28T23:38:12.045Z,2024-10-16T00:30:38.236Z
1012,0303842459,Hawa,Mint Dah,Hawa Mint Dah,F,2003-12-10,+22249536940,hawa.mintdah153@outlook.com,3,Nouakchott-Sud,OCCASIONAL,,ACTIVE,2022-12-22,2023-12-18T03:55:10.073Z,2022-12-22T17:23:32.093Z,2023-12-18T03:55:10.073Z
1013,6302611908,Defa,Mint Khatri,Defa Mint Khatri,F,1963-08-04,+22222826948,,2,Nouakchott-Ouest,PREMIUM,,ACTIVE,2022-07-06,2022-11-22T20:31:12.002Z,2022-07-06T03:20:08.582Z,2022-11-22T20:31:12.002Z
1014,9602415401,Saadbouh,Diakité,Saadbouh Diakité,M,1996-04-05,+22232818534,saadbouh.diakité389@yahoo.fr,2,Nouakchott-Ouest,ACTIVE,,ACTIVE,2022-08-14,2024-05-31T17:15:44.872Z,2022-08-14T03:08:59.341Z,2024-05-31T17:15:44.872Z
1015,7002408450,Oumou,Bah,Oumou Bah,F,1970-10-28,+22242428953,oumou.bah176@hotmail.fr,2,Nouakchott-Ouest,ACTIVE,,INACTIVE,2024-01-07,2024-08-22T13:19:07.170Z,2024-01-07T09:43:38.031Z,2024-08-22T13:19:07.170Z
1016,6904773118,Aziza,Mint Saad,Aziza Mint Saad,F,1969-01-27,+22225383746,,4,Dakhlet Nouadhibou,STANDARD,,ACTIVE,2024-08-21,2024-10-10T09:28:33.241Z,2024-08-21T03:01:42.713Z,2024-10-10T09:28:33.241Z
1017,7004607857,Koumba,Diallo,Koumba Diallo,F,1970-10-20,+22225574078,koumba.diallo12@hotmail.fr,4,Dakhlet Nouadhibou,STANDARD,,ACTIVE,2023-12-25,2024-05-04T15:48:23.931Z,2023-12-25T17:41:33.070Z,2024-05-04T15:48:23.931Z
1018,6705146245,Seynabou,Koita,Seynabou Koita,F,1967-04-21,+22234217963,seynabou.koita725@hotmail.fr,5,Trarza,VIP,,ACTIVE,2024-11-02,2024-12-22T13:31:25.610Z,2024-11-02T22:25:16.924Z,2024-12-22T13:31:25.610Z
1019,6402268424,Ténin,Ndiaye,Ténin Ndiaye,F,1964-09-20,+22232458985,,2,Nouakchott-Ouest,ACTIVE,,ACTIVE,2022-12-27,2023-07-26T03:05:34.639Z,2022-12-27T04:00:52.735Z,2023-07-26T03:05:34.639Z
1020,6802959784,Alpha,Diallo,Alpha Diallo,M,1968-09-21,+22225710321,,2,Nouakchott-Ouest,STANDARD,,ACTIVE,2022-09-01,2024-09-15T01:34:10.732Z,2022-09-01T17:53:12.605Z,2024-09-15T01:34:10.732Z
1021,7602883363,Anta,Kane,Anta Kane,F,1976-11-24,+22244517952,,2,Nouakchott-Ouest,ACTIVE,,ACTIVE,2024-02-06,2024-11-14T19:25:23.346Z,2024-02-06T16:00:23.660Z,2024-11-14T19:25:23.346Z
1022,9602914865,Serigne,Sakho,Serigne Sakho,M,1996-06-21,+22237056785,,2,Nouakchott-Ouest,ACTIVE,,ACTIVE,2022-08-01,2024-08-21T18:44:11.046Z,2022-08-01T14:21:30.088Z,2024-08-21T18:44:11.046Z
1023,6801999327,Houda,Mint Abdel Kader,Houda Mint Abdel Kader,F,1968-02-08,+22248326500,houda.mintabdelkader662@outlook.com,1,Nouakchott-Nord,STANDARD,,ACTIVE,2023-06-01,2023-07-03T06:23:32.725Z,2023-06-01T05:08:17.550Z,2023-07-03T06:23:32.725Z
1024,7401988131,Mohamed Mahmoud,Ould El Mokhtar,Mohamed Mahmoud Ould El Mokhtar,M,1974-12-17,+22235418370,mohamedmahmoud.ouldelmokhtar207@yahoo.fr,1,Nouakchott-Nord,OCCASIONAL,,ACTIVE,2023-10-09,2024-03-21T09:20:19.202Z,2023-10-09T04:51:50.163Z,2024-03-21T09:20:19.202Z
1025,7203461531,Moussa,Kane,Moussa Kane,M,1972-10-16,+22232536776,,3,Nouakchott-Sud,STANDARD,,INACTIVE,2024-09-03,2024-12-30T15:00:16.801Z,2024-09-03T10:14:02.127Z,2024-12-30T15:00:16.801Z
1026,8315895582,Ely,Diagana,Ely Diagana,M,1983-02-06,+22235763115,ely.diagana157@gmail.com,15,Tiris Zemmour,DORMANT,,ACTIVE,2022-08-23,2024-04-11T23:59:04.292Z,2022-08-23T04:55:51.388Z,2024-04-11T23:59:04.292Z
1027,8103099572,Kelthoum,Mint Bouha,Kelthoum Mint Bouha,F,1981-08-19,+22245369402,,3,Nouakchott-Sud,ACTIVE,,SUSPENDED,2024-12-11,2024-12-28T22:02:02.421Z,2024-12-11T02:34:59.832Z,2024-12-28T22:02:02.421Z
1028,8102933657,Soueidatt,Diop,Soueidatt Diop,M,1981-06-14,+22233376161,,2,Nouakchott-Ouest,ACTIVE,,ACTIVE,2022-01-03,2024-03-13T13:27:11.604Z,2022-01-03T18:01:04.507Z,2024-03-13T13:27:11.604Z
1029,9315556239,Mohamed Mahmoud,Wane,Mohamed Mahmoud Wane,M,1993-04-13,+22223483187,mohamedmahmoud.wane665@hotmail.fr,15,Tiris Zemmour,STANDARD,,ACTIVE,2022-09-12,2024-04-19T02:16:07.672Z,2022-09-12T01:17:30.862Z,2024-04-19T02:16:07.672Z
1030,9104144014,Mbareck,Ould Hadrami,Mbareck Ould Hadrami,M,1991-09-10,+22224772770,mbareck.ouldhadrami40@gmail.com,4,Dakhlet Nouadhibou,ACTIVE,,ACTIVE,2022-09-14,2024-06-29T04:00:08.712Z,2022-09-14T00:02:00.897Z,2024-06-29T04:00:08.712Z
1031,7003930125,Awa,Ndiaye,Awa Ndiaye,F,1970-02-14,+22247372991,,3,Nouakchott-Sud,DORMANT,,ACTIVE,2022-08-13,2024-05-06T15:41:58.789Z,2022-08-13T12:42:49.615Z,2024-05-06T15:41:58.789Z
1032,9615309766,Malouma,Mint Soufi,Malouma Mint Soufi,F,1996-09-02,+22222843396,malouma.mintsoufi818@yahoo.fr,15,Tiris Zemmour,OCCASIONAL,,ACTIVE,2022-12-27,2023-10-05T02:42:17.950Z,2022-12-27T04:14:36.040Z,2023-10-05T02:42:17.950Z
1033,8104868397,Dado,Dramé,Dado Dramé,F,1981-04-11,+22246500464,,4,Dakhlet Nouadhibou,STANDARD,,ACTIVE,2022-03-09,2023-05-25T06:06:03.908Z,2022-03-09T20:17:44.859Z,2023-05-25T06:06:03.908Z
1034,6102203093,Mariama,Dia,Mariama Dia,F,1961-02-20,+22222173220,,2,Nouakchott-Ouest,OCCASIONAL,,ACTIVE,2024-10-09,2024-11-06T18:46:08.278Z,2024-10-09T09:42:06.511Z,2024-11-06T18:46:08.278Z
1035,7302322447,Cheikhna,Ould Ethmane,Cheikhna Ould Ethmane,M,1973-11-23,+22236612868,cheikhna.ouldethmane852@outlook.com,2,Nouakchott-Ouest,OCCASIONAL,,ACTIVE,2024-09-15,2024-09-20T16:48:19.569Z,2024-09-15T19:14:35.831Z,2024-09-20T16:48:19.569Z
1036,8905253844,Aichetou,Mint Nenni,Aichetou Mint Nenni,F,1989-07-05,+22235047731,aichetou.mintnenni358@gmail.com,5,Trarza,DORMANT,,ACTIVE,2023-05-26,2024-01-14T04:46:26.978Z,2023-05-26T05:17:41.179Z,2024-01-14T04:46:26.978Z
1037,7515978596,Bintou,Anne,Bintou Anne,F,1975-04-11,+22237279515,,15,Tiris Zemmour,PREMIUM,,ACTIVE,2022-05-15,2022-09-25T17:32:03.771Z,2022-05-15T10:16:42.315Z,2022-09-25T17:32:03.771Z
1038,9510922503,Aicha,Sissoko,Aicha Sissoko,F,1995-04-18,+22241449445,,10,Hodh Ech Chargui,OCCASIONAL,,ACTIVE,2023-02-02,2024-04-27T02:41:18.741Z,2023-02-02T07:12:54.144Z,2024-04-27T02:41:18.741Z
1039,7304480781,Oumou,Diarra,Oumou Diarra,F,1973-08-07,+22224920609,,4,Dakhlet Nouadhibou,STANDARD,,ACTIVE,2024-10-13,2024-10-15T03:04:35.482Z,2024-10-13T15:10:54.065Z,2024-10-15T03:04:35.482Z
1040,9312476259,Mariem,Ndiaye,Mariem Ndiaye,F,1993-12-04,+22236049324,,12,Adrar,OCCASIONAL,,ACTIVE,2023-11-16,2024-05-26T10:56:42.127Z,2023-11-16T13:18:50.043Z,2024-05-26T10:56:42.127Z
1041,9415838941,Limam,Ould Horma,Limam Ould Horma,M,1994-04-14,+22222536892,limam.ouldhorma968@hotmail.fr,15,Tiris Zemmour,STANDARD,,ACTIVE,2024-05-23,2024-12-08T20:40:11.607Z,2024-05-23T15:49:15.693Z,2024-12-08T20:40:11.607Z
1042,6609086566,Mariama,Koné,Mariama Koné,F,1966-05-16,+22235972926,mariama.koné267@gmail.com,9,Assaba,STANDARD,,SUSPENDED,2024-07-12,2024-10-30T18:20:04.598Z,2024-07-12T18:48:43.949Z,2024-10-30T18:20:04.598Z
1043,6903814955,Leila,Mint El Mamy,Leila Mint El Mamy,F,1969-09-23,+22224384548,leila.mintelmamy670@gmail.com,3,Nouakchott-Sud,STANDARD,,ACTIVE,2022-08-30,2024-01-11T11:46:07.502Z,2022-08-30T18:31:40.774Z,2024-01-11T11:46:07.502Z
1044,7001242309,Zeinab,Camara,Zeinab Camara,F,1970-06-10,+22236600447,zeinab.camara605@outlook.com,1,Nouakchott-Nord,OCCASIONAL,,PENDING_KYC,2024-09-28,2024-12-04T06:07:09.881Z,2024-09-28T17:20:35.294Z,2024-12-04T06:07:09.881Z
1045,8614467815,El Khalil,Yatabaré,El Khalil Yatabaré,M,1986-12-06,+22225802871,,14,Inchiri,STANDARD,,INACTIVE,2022-10-30,2023-06-05T03:50:04.916Z,2022-10-30T03:18:39.039Z,2023-06-05T03:50:04.916Z
1046,8202614508,Astou,Diakité,Astou Diakité,F,1982-04-11,+22241591104,,2,Nouakchott-Ouest,DORMANT,,ACTIVE,2022-06-17,2023-09-21T05:31:56.698Z,2022-06-17T19:30:37.389Z,2023-09-21T05:31:56.698Z
1047,6501731092,Noura,Sow,Noura Sow,F,1965-03-13,+22245336562,,1,Nouakchott-Nord,STANDARD,,ACTIVE,2024-12-12,2024-12-24T11:56:49.246Z,2024-12-12T08:02:53.676Z,2024-12-24T11:56:49.246Z
1048,0309369437,Souleymane,Anne,Souleymane Anne,M,2003-09-05,+22243135767,,9,Assaba,ACTIVE,,ACTIVE,2024-04-15,2024-09-09T16:59:14.988Z,2024-04-15T07:59:03.512Z,2024-09-09T16:59:14.988Z
1049,7501123997,Aicha,Mint Mokhtar,Aicha Mint Mokhtar,F,1975-05-11,+22233639238,,1,Nouakchott-Nord,STANDARD,,ACTIVE,2022-06-11,2024-07-16T02:31:42.108Z,2022-06-11T13:38:30.664Z,2024-07-16T02:31:42.108Z
1050,8404806145,Mohamed Vall,Ould Taleb,Mohamed Vall Ould Taleb,M,1984-03-15,+22237079255,,4,Dakhlet Nouadhibou,OCCASIONAL,,INACTIVE,2024-08-06,2024-12-12T15:20:09.526Z,2024-08-06T05:34:00.140Z,2024-12-12T15:20:09.526Z
1051,6601127991,Youssouf,Ould Hamoud,Youssouf Ould Hamoud,M,1966-06-05,+22246609982,,1,Nouakchott-Nord,STANDARD,,ACTIVE,2022-01-20,2024-09-05T17:43:44.788Z,2022-01-20T16:45:40.876Z,2024-09-05T17:43:44.788Z
1052,0101214267,Khadija,Thiam,Khadija Thiam,F,2001-06-11,+22248452395,,1,Nouakchott-Nord,PREMIUM,,ACTIVE,2023-11-04,2024-11-19T23:36:58.717Z,2023-11-04T14:54:52.622Z,2024-11-19T23:36:58.717Z
1053,7107162363,Kadiatou,Fofana,Kadiatou Fofana,F,1971-12-24,+22225014865,,7,Gorgol,STANDARD,,ACTIVE,2023-01-15,2023-02-24T17:02:21.672Z,2023-01-15T04:10:19.403Z,2023-02-24T17:02:21.672Z
1054,7002585254,Safiya,Mint Salem,Safiya Mint Salem,F,1970-01-24,+22224111920,,2,Nouakchott-Ouest,ACTIVE,,ACTIVE,2024-08-31,2024-10-24T23:53:31.609Z,2024-08-31T19:30:08.402Z,2024-10-24T23:53:31.609Z
1055,8501798323,Anta,Diarra,Anta Diarra,F,1985-10-17,+22246931661,anta.diarra226@hotmail.fr,1,Nouakchott-Nord,ACTIVE,,ACTIVE,2023-12-20,2024-03-15T02:12:03.124Z,2023-12-20T21:04:48.912Z,2024-03-15T02:12:03.124Z
1056,6502195053,Coumba,Diagana,Coumba Diagana,F,1965-12-05,+22222719783,,2,Nouakchott-Ouest,OCCASIONAL,,ACTIVE,2022-07-30,2022-10-05T14:18:17.678Z,2022-07-30T17:24:02.961Z,2022-10-05T14:18:17.678Z
1057,8812466331,Minetou,Mint Mohamed,Minetou Mint Mohamed,F,1988-06-14,+22232476094,minetou.mintmohamed227@hotmail.fr,12,Adrar,ACTIVE,,ACTIVE,2022-11-16,2024-09-17T18:57:34.862Z,2022-11-16T13:57:52.125Z,2024-09-17T18:57:34.862Z
1058,9502889034,Soueidatt,Ould Hamadi,Soueidatt Ould Hamadi,M,1995-03-27,+22234935003,,2,Nouakchott-Ouest,OCCASIONAL,,ACTIVE,2024-04-20,2024-08-25T09:06:53.286Z,2024-04-20T16:51:12.781Z,2024-08-25T09:06:53.286Z
1059,9101733969,Nagi,Ould Lemrabott,Nagi Ould Lemrabott,M,1991-04-06,+22224256279,,1,Nouakchott-Nord,STANDARD,,ACTIVE,2023-03-13,2024-02-05T07:30:02.379Z,2023-03-13T16:42:09.018Z,2024-02-05T07:30:02.379Z
1060,7303283961,Safiya,Mint Abdel Kader,Safiya Mint Abdel Kader,F,1973-06-05,+22223139247,safiya.mintabdelkader190@outlook.com,3,Nouakchott-Sud,DORMANT,,PENDING_KYC,2024-09-06,2024-11-20T21:38:09.595Z,2024-09-06T22:46:56.906Z,2024-11-20T21:38:09.595Z
1061,6411487999,Dialika,Guèye,Dialika Guèye,F,1964-06-07,+22224452587,dialika.guèye182@gmail.com,11,Hodh El Gharbi,STANDARD,,ACTIVE,2023-09-18,2024-05-02T01:03:15.778Z,2023-09-18T23:55:05.732Z,2024-05-02T01:03:15.778Z
1062,8509220376,Mariam,Mint Dah,Mariam Mint Dah,F,1985-09-21,+22242193378,mariam.mintdah397@gmail.com,9,Assaba,STANDARD,,ACTIVE,2024-01-06,2024-12-15T14:57:17.314Z,2024-01-06T13:08:15.193Z,2024-12-15T14:57:17.314Z
1063,7801973836,Nagi,Ould Vall,Nagi Ould Vall,M,1978-05-07,+22224387342,nagi.ouldvall456@outlook.com,1,Nouakchott-Nord,OCCASIONAL,,ACTIVE,2024-04-28,2024-10-11T07:35:35.072Z,2024-04-28T15:36:37.018Z,2024-10-11T07:35:35.072Z
1064,6801473560,Halima,Mint Hamoud,Halima Mint Hamoud,F,1968-05-01,+22232455959,halima.minthamoud182@hotmail.fr,1,Nouakchott-Nord,ACTIVE,,ACTIVE,2024-09-13,2024-11-22T21:38:01.030Z,2024-09-13T09:35:04.254Z,2024-11-22T21:38:01.030Z
1065,9402004122,Kesso,Sène,Kesso Sène,F,1994-10-16,+22222767262,,2,Nouakchott-Ouest,ACTIVE,,ACTIVE,2023-05-03,2024-12-14T15:18:53.356Z,2023-05-03T08:40:19.840Z,2024-12-14T15:18:53.356Z
1066,0202576877,Hacen,Ould Nenni,Hacen Ould Nenni,M,2002-12-11,+22246342013,hacen.ouldnenni915@gmail.com,2,Nouakchott-Ouest,STANDARD,,INACTIVE,2022-11-13,2024-12-05T22:59:09.259Z,2022-11-13T13:06:30.230Z,2024-12-05T22:59:09.259Z
1067,6508620502,Tamba,Dramé,Tamba Dramé,M,1965-06-27,+22235667130,,8,Guidimaka,STANDARD,,ACTIVE,2023-02-18,2024-12-11T11:36:02.340Z,2023-02-18T17:18:26.514Z,2024-12-11T11:36:02.340Z
1068,9406523256,Hafsata,Mint Zein,Hafsata Mint Zein,F,1994-10-11,+22225423113,hafsata.mintzein195@gmail.com,6,Brakna,ACTIVE,,ACTIVE,2023-06-30,2024-05-06T20:08:05.228Z,2023-06-30T18:36:33.071Z,2024-05-06T20:08:05.228Z
1069,7303885385,Samba,Kouyaté,Samba Kouyaté,M,1973-08-02,+22248350374,,3,Nouakchott-Sud,OCCASIONAL,,ACTIVE,2023-03-10,2024-03-18T14:34:19.885Z,2023-03-10T18:21:20.924Z,2024-03-18T14:34:19.885Z
1070,0202289968,Aichetou,Mint Ahmed,Aichetou Mint Ahmed,F,2002-10-17,+22249851923,,2,Nouakchott-Ouest,STANDARD,,ACTIVE,2024-01-09,2024-03-08T08:55:24.259Z,2024-01-09T07:28:18.794Z,2024-03-08T08:55:24.259Z
1071,7302519018,Taleb,Ould Vall,Taleb Ould Vall,M,1973-04-09,+22234659468,taleb.ouldvall646@hotmail.fr,2,Nouakchott-Ouest,DORMANT,,ACTIVE,2023-03-04,2023-07-27T20:47:48.157Z,2023-03-04T08:53:26.528Z,2023-07-27T20:47:48.157Z
1072,6801942099,Habiboullah,Ould Brahim,Habiboullah Ould Brahim,M,1968-04-27,+22241341047,habiboullah.ouldbrahim81@yahoo.fr,1,Nouakchott-Nord,OCCASIONAL,,ACTIVE,2022-01-14,2022-09-01T21:34:21.283Z,2022-01-14T06:31:12.318Z,2022-09-01T21:34:21.283Z
1073,6102095070,Saadbouh,Ould Eleya,Saadbouh Ould Eleya,M,1961-08-24,+22243737248,,2,Nouakchott-Ouest,OCCASIONAL,,ACTIVE,2024-03-18,2024-05-16T22:41:09.424Z,2024-03-18T04:45:52.032Z,2024-05-16T22:41:09.424Z
1074,7002243446,Hafsata,Mint Soufi,Hafsata Mint Soufi,F,1970-09-04,+22225554904,,2,Nouakchott-Ouest,ACTIVE,,ACTIVE,2022-10-13,2024-12-08T02:01:09.011Z,2022-10-13T14:32:57.682Z,2024-12-08T02:01:09.011Z
1075,8502332014,Kesso,Doucouré,Kesso Doucouré,F,1985-03-06,+22223149783,,2,Nouakchott-Ouest,PREMIUM,,PENDING_KYC,2023-10-20,2023-11-25T04:44:31.970Z,2023-10-20T22:58:50.349Z,2023-11-25T04:44:31.970Z
1076,9215135512,Oumou,Koita,Oumou Koita,F,1992-06-14,+22237283624,,15,Tiris Zemmour,ACTIVE,,ACTIVE,2024-09-16,2024-10-05T22:58:21.500Z,2024-09-16T11:37:03.914Z,2024-10-05T22:58:21.500Z
1077,9201014311,Mounina,Bâ,Mounina Bâ,F,1992-10-24,+22224679048,,1,Nouakchott-Nord,STANDARD,,ACTIVE,2022-12-02,2024-06-19T02:48:00.650Z,2022-12-02T04:30:54.200Z,2024-06-19T02:48:00.650Z
1078,9202530078,Jemila,Mint Abdallah,Jemila Mint Abdallah,F,1992-11-09,+22246268145,,2,Nouakchott-Ouest,ACTIVE,,ACTIVE,2024-09-07,2024-09-23T12:57:27.762Z,2024-09-07T22:10:53.427Z,2024-09-23T12:57:27.762Z
1079,0304170005,Saidou,Bah,Saidou Bah,M,2003-09-25,+22232974531,,4,Dakhlet Nouadhibou,OCCASIONAL,,ACTIVE,2024-07-30,2024-11-04T23:15:07.522Z,2024-07-30T19:09:45.118Z,2024-11-04T23:15:07.522Z
1080,0202211378,Minetou,Mint Jiddou,Minetou Mint Jiddou,F,2002-09-10,+22223211928,,2,Nouakchott-Ouest,STANDARD,,ACTIVE,2023-09-13,2024-07-09T18:41:27.085Z,2023-09-13T07:32:02.642Z,2024-07-09T18:41:27.085Z
1081,8115465998,Fatima,Mint Dah,Fatima Mint Dah,F,1981-07-26,+22233948549,,15,Tiris Zemmour,STANDARD,,ACTIVE,2024-09-23,2024-12-24T20:54:02.785Z,2024-09-23T13:29:24.815Z,2024-12-24T20:54:02.785Z
1082,9803856504,Halima,Ndiaye,Halima Ndiaye,F,1998-02-14,+22233960331,,3,Nouakchott-Sud,OCCASIONAL,,ACTIVE,2022-10-06,2023-12-09T16:06:04.879Z,2022-10-06T08:08:59.851Z,2023-12-09T16:06:04.879Z
1083,7001764689,Hamoud,Ould Mokhtar,Hamoud Ould Mokhtar,M,1970-12-25,+22222017147,,1,Nouakchott-Nord,STANDARD,,ACTIVE,2022-11-20,2024-05-24T17:51:00.807Z,2022-11-20T22:10:53.964Z,2024-05-24T17:51:00.807Z
1084,0302385900,Saleck,Ould Nenni,Saleck Ould Nenni,M,2003-10-02,+22248718561,,2,Nouakchott-Ouest,OCCASIONAL,,ACTIVE,2024-08-24,2024-08-25T09:33:38.144Z,2024-08-24T00:45:06.455Z,2024-08-25T09:33:38.144Z
1085,8802432535,Aïssata,Guèye,Aïssata Guèye,F,1988-11-08,+22244125889,aïssata.guèye633@yahoo.fr,2,Nouakchott-Ouest,OCCASIONAL,,ACTIVE,2022-10-06,2024-08-20T00:47:48.448Z,2022-10-06T16:01:21.849Z,2024-08-20T00:47:48.448Z
1086,7203311805,Cheikh Sidiya,Ould Khatri,Cheikh Sidiya Ould Khatri,M,1972-09-18,+22224296842,,3,Nouakchott-Sud,ACTIVE,,ACTIVE,2023-02-20,2024-05-27T03:27:10.075Z,2023-02-20T17:10:39.504Z,2024-05-27T03:27:10.075Z
1087,9707953055,Saadbouh,Ould Mokhtar,Saadbouh Ould Mokhtar,M,1997-08-05,+22232870478,,7,Gorgol,ACTIVE,,ACTIVE,2024-08-08,2024-10-20T11:09:31.312Z,2024-08-08T06:11:42.443Z,2024-10-20T11:09:31.312Z
1088,9805094724,Mounina,Wane,Mounina Wane,F,1998-08-05,+22236500243,mounina.wane893@outlook.com,5,Trarza,DORMANT,,ACTIVE,2022-05-16,2023-06-01T04:15:18.525Z,2022-05-16T08:17:45.171Z,2023-06-01T04:15:18.525Z
1089,6202028976,Koumba,Ndiaye,Koumba Ndiaye,F,1962-08-21,+22225464785,koumba.ndiaye60@gmail.com,2,Nouakchott-Ouest,STANDARD,,ACTIVE,2024-09-27,2024-12-25T10:54:28.496Z,2024-09-27T00:45:26.829Z,2024-12-25T10:54:28.496Z
1090,9704683546,Harouna,Mbaye,Harouna Mbaye,M,1997-07-23,+22245194736,harouna.mbaye491@yahoo.fr,4,Dakhlet Nouadhibou,ACTIVE,,ACTIVE,2024-12-22,2024-12-26T04:44:53.725Z,2024-12-22T04:39:58.434Z,2024-12-26T04:44:53.725Z
1091,9102635275,Moctar,Ould Ahmedou,Moctar Ould Ahmedou,M,1991-05-14,+22224421125,,2,Nouakchott-Ouest,PREMIUM,,ACTIVE,2024-09-24,2024-10-27T12:59:32.313Z,2024-09-24T01:14:51.721Z,2024-10-27T12:59:32.313Z
1092,6204249771,Mariem,Mint Limam,Mariem Mint Limam,F,1962-07-05,+22234215806,mariem.mintlimam514@outlook.com,4,Dakhlet Nouadhibou,OCCASIONAL,,ACTIVE,2023-04-06,2023-06-08T01:26:22.138Z,2023-04-06T22:37:25.840Z,2023-06-08T01:26:22.138Z
1093,8104744367,El Hacen,Diallo,El Hacen Diallo,M,1981-12-14,+22232246687,,4,Dakhlet Nouadhibou,STANDARD,,ACTIVE,2024-02-20,2024-08-28T16:42:27.155Z,2024-02-20T14:58:54.473Z,2024-08-28T16:42:27.155Z
1094,8504713097,Malouma,Cissé,Malouma Cissé,F,1985-11-02,+22233896338,,4,Dakhlet Nouadhibou,STANDARD,,ACTIVE,2023-03-30,2024-06-22T11:38:05.922Z,2023-03-30T07:20:28.808Z,2024-06-22T11:38:05.922Z
1095,8712152185,Meymouna,Mint Habiboullah,Meymouna Mint Habiboullah,F,1987-07-14,+22234482796,meymouna.minthabiboullah878@gmail.com,12,Adrar,STANDARD,,ACTIVE,2022-01-11,2023-11-09T00:25:09.246Z,2022-01-11T11:42:56.994Z,2023-11-09T00:25:09.246Z
1096,9801517753,Abdallah,Thiaw,Abdallah Thiaw,M,1998-12-06,+22222223218,abdallah.thiaw130@outlook.com,1,Nouakchott-Nord,OCCASIONAL,,ACTIVE,2024-09-21,2024-10-10T15:26:27.699Z,2024-09-21T18:34:05.315Z,2024-10-10T15:26:27.699Z
1097,6503465537,Boubacar,Yatabaré,Boubacar Yatabaré,M,1965-11-26,+22247719460,,3,Nouakchott-Sud,DORMANT,,ACTIVE,2023-09-27,2023-10-01T04:24:11.593Z,2023-09-27T15:03:14.617Z,2023-10-01T04:24:11.593Z
1098,7701397059,Ahmed Baba,Ould Horma,Ahmed Baba Ould Horma,M,1977-12-12,+22235512556,,1,Nouakchott-Nord,OCCASIONAL,,PENDING_KYC,2024-05-17,2024-11-26T23:17:30.369Z,2024-05-17T06:05:48.030Z,2024-11-26T23:17:30.369Z
1099,9203994950,Yahya,Ould Zein,Yahya Ould Zein,M,1992-02-12,+22247500205,,3,Nouakchott-Sud,DORMANT,,ACTIVE,2023-10-05,2024-08-19T23:53:00.534Z,2023-10-05T18:31:57.497Z,2024-08-19T23:53:00.534Z
1100,8108212136,Bintou,Fall,Bintou Fall,F,1981-08-18,+22235263234,bintou.fall994@hotmail.fr,8,Guidimaka,STANDARD,,ACTIVE,2022-03-18,2024-03-20T13:50:09.948Z,2022-03-18T22:17:23.820Z,2024-03-20T13:50:09.948Z
1101,7402315125,Coumba,Sow,Coumba Sow,F,1974-02-14,+22234726467,coumba.sow7@hotmail.fr,2,Nouakchott-Ouest,STANDARD,,ACTIVE,2024-12-20,2024-12-21T04:50:32.416Z,2024-12-20T08:40:19.339Z,2024-12-21T04:50:32.416Z
1102,6103113814,Ghalia,Mint Vall,Ghalia Mint Vall,F,1961-04-05,+22234991334,,3,Nouakchott-Sud,STANDARD,,ACTIVE,2022-12-17,2024-04-30T03:46:55.457Z,2022-12-17T14:59:57.233Z,2024-04-30T03:46:55.457Z
1103,0315558591,Rokaya,Mint Zein,Rokaya Mint Zein,F,2003-02-03,+22248739398,rokaya.mintzein404@gmail.com,15,Tiris Zemmour,OCCASIONAL,,ACTIVE,2024-03-10,2024-09-17T08:30:25.806Z,2024-03-10T06:35:17.425Z,2024-09-17T08:30:25.806Z
1104,9204974128,Houda,Mint El Mokhtar,Houda Mint El Mokhtar,F,1992-09-13,+22224141409,houda.mintelmokhtar189@hotmail.fr,4,Dakhlet Nouadhibou,ACTIVE,,ACTIVE,2023-03-20,2024-10-02T05:41:37.041Z,2023-03-20T19:42:38.249Z,2024-10-02T05:41:37.041Z
1105,7712871014,Kelthoum,Mint Hamoud,Kelthoum Mint Hamoud,F,1977-10-14,+22236329750,,12,Adrar,STANDARD,,ACTIVE,2022-02-14,2023-12-22T14:08:51.903Z,2022-02-14T15:12:57.795Z,2023-12-22T14:08:51.903Z
1106,7702026037,Defa,Thiam,Defa Thiam,F,1977-06-19,+22225038268,,2,Nouakchott-Ouest,ACTIVE,,INACTIVE,2022-11-22,2023-03-20T06:29:32.727Z,2022-11-22T15:49:09.069Z,2023-03-20T06:29:32.727Z
1107,7809266356,Ghali,Ould Horma,Ghali Ould Horma,M,1978-06-04,+22223589623,,9,Assaba,ACTIVE,,PENDING_KYC,2024-11-11,2024-12-20T08:40:21.772Z,2024-11-11T15:40:52.396Z,2024-12-20T08:40:21.772Z
1108,6203308417,Mariem,Doucouré,Mariem Doucouré,F,1962-11-23,+22223654823,,3,Nouakchott-Sud,ACTIVE,,ACTIVE,2023-09-19,2024-08-13T21:01:22.675Z,2023-09-19T18:08:02.549Z,2024-08-13T21:01:22.675Z
1109,7201674074,Siaka,Diallo,Siaka Diallo,M,1972-11-22,+22222599120,,1,Nouakchott-Nord,ACTIVE,,ACTIVE,2024-10-20,2024-11-10T02:49:00.487Z,2024-10-20T07:46:17.800Z,2024-11-10T02:49:00.487Z
1110,7102840541,Mohamed Yahya,Fall,Mohamed Yahya Fall,M,1971-08-06,+22222526266,,2,Nouakchott-Ouest,STANDARD,,ACTIVE,2024-01-05,2024-05-29T22:44:41.568Z,2024-01-05T11:53:24.562Z,2024-05-29T22:44:41.568Z
1111,6301393948,Aïda,Sow,Aïda Sow,F,1963-12-17,+22225128959,aïda.sow439@hotmail.fr,1,Nouakchott-Nord,OCCASIONAL,,ACTIVE,2024-05-19,2024-12-22T00:04:55.812Z,2024-05-19T11:34:48.649Z,2024-12-22T00:04:55.812Z
1112,6701028914,Kelthoum,Fofana,Kelthoum Fofana,F,1967-06-10,+22222896863,kelthoum.fofana537@gmail.com,1,Nouakchott-Nord,ACTIVE,,INACTIVE,2024-05-25,2024-06-11T17:38:22.502Z,2024-05-25T11:48:09.676Z,2024-06-11T17:38:22.502Z
1113,0502089015,Zahra,Thiam,Zahra Thiam,F,2005-11-28,+22237439813,,2,Nouakchott-Ouest,ACTIVE,,ACTIVE,2022-01-04,2022-08-13T08:10:03.366Z,2022-01-04T19:11:47.018Z,2022-08-13T08:10:03.366Z
1114,8001000087,Coumba,Sène,Coumba Sène,F,1980-02-12,+22224586259,,1,Nouakchott-Nord,OCCASIONAL,,ACTIVE,2024-03-19,2024-11-12T18:57:01.795Z,2024-03-19T22:08:36.689Z,2024-11-12T18:57:01.795Z
1115,6009978582,Moctar,Diallo,Moctar Diallo,M,1960-08-19,+22224481661,moctar.diallo268@yahoo.fr,9,Assaba,STANDARD,,ACTIVE,2023-08-17,2023-08-31T19:26:31.179Z,2023-08-17T22:50:46.179Z,2023-08-31T19:26:31.179Z
1116,8715927010,Mariam,Koné,Mariam Koné,F,1987-05-26,+22235020883,,15,Tiris Zemmour,ACTIVE,,ACTIVE,2022-09-24,2024-01-23T16:53:12.254Z,2022-09-24T20:20:45.142Z,2024-01-23T16:53:12.254Z
1117,6702753303,Mahjouba,Sy,Mahjouba Sy,F,1967-09-18,+22247570129,,2,Nouakchott-Ouest,STANDARD,,ACTIVE,2024-03-17,2024-11-12T09:00:28.900Z,2024-03-17T08:57:54.108Z,2024-11-12T09:00:28.900Z
1118,7502187628,Leila,Mint Dah,Leila Mint Dah,F,1975-01-07,+22225726461,leila.mintdah867@hotmail.fr,2,Nouakchott-Ouest,STANDARD,,ACTIVE,2024-07-20,2024-11-11T14:19:47.531Z,2024-07-20T02:17:29.923Z,2024-11-11T14:19:47.531Z
1119,9102454825,Ethmane,Ould Khatri,Ethmane Ould Khatri,M,1991-01-10,+22243260831,,2,Nouakchott-Ouest,STANDARD,,ACTIVE,2022-04-25,2024-01-09T07:22:37.115Z,2022-04-25T16:29:33.482Z,2024-01-09T07:22:37.115Z
1120,9207017950,Cheikh,Ould Limam,Cheikh Ould Limam,M,1992-05-17,+22236905672,cheikh.ouldlimam548@hotmail.fr,7,Gorgol,STANDARD,,ACTIVE,2023-07-02,2023-11-17T15:19:12.432Z,2023-07-02T19:25:54.619Z,2023-11-17T15:19:12.432Z
1121,9615507418,Hamidou,Sall,Hamidou Sall,M,1996-02-21,+22235487216,,15,Tiris Zemmour,OCCASIONAL,,ACTIVE,2024-05-12,2024-08-11T11:12:17.845Z,2024-05-12T11:09:57.728Z,2024-08-11T11:12:17.845Z
1122,8404147659,Zeinab,Diop,Zeinab Diop,F,1984-04-17,+22235270296,,4,Dakhlet Nouadhibou,OCCASIONAL,,ACTIVE,2022-03-09,2023-11-02T16:30:02.065Z,2022-03-09T10:21:44.657Z,2023-11-02T16:30:02.065Z
1123,9104444725,Tourad,Ould Zein,Tourad Ould Zein,M,1991-04-23,+22236355723,,4,Dakhlet Nouadhibou,OCCASIONAL,,ACTIVE,2024-07-01,2024-09-18T13:32:37.771Z,2024-07-01T21:55:32.983Z,2024-09-18T13:32:37.771Z
1124,6107224103,Moulaye,Ould Khatri,Moulaye Ould Khatri,M,1961-11-17,+22223493508,moulaye.ouldkhatri701@yahoo.fr,7,Gorgol,DORMANT,,SUSPENDED,2022-10-26,2024-09-26T19:39:36.684Z,2022-10-26T02:43:44.876Z,2024-09-26T19:39:36.684Z
1125,6603485248,Messoud,Ould Sidi,Messoud Ould Sidi,M,1966-09-18,+22233312606,messoud.ouldsidi400@hotmail.fr,3,Nouakchott-Sud,STANDARD,,ACTIVE,2023-09-10,2024-03-12T04:13:40.303Z,2023-09-10T12:56:34.233Z,2024-03-12T04:13:40.303Z
1126,0307788733,Jemila,Bah,Jemila Bah,F,2003-03-06,+22224141156,jemila.bah263@gmail.com,7,Gorgol,ACTIVE,,ACTIVE,2024-04-27,2024-07-16T04:40:07.159Z,2024-04-27T00:38:28.079Z,2024-07-16T04:40:07.159Z
1127,7401750970,Cheikh,Anne,Cheikh Anne,M,1974-07-28,+22237320867,,1,Nouakchott-Nord,PREMIUM,,ACTIVE,2023-11-09,2024-09-15T14:29:39.119Z,2023-11-09T03:03:57.002Z,2024-09-15T14:29:39.119Z
1128,0208282484,Oumar,Mbaye,Oumar Mbaye,M,2002-03-28,+22245167551,,8,Guidimaka,STANDARD,,ACTIVE,2023-05-03,2024-09-21T21:00:34.160Z,2023-05-03T00:16:11.835Z,2024-09-21T21:00:34.160Z
1129,6404205393,Jemila,Mint Khalil,Jemila Mint Khalil,F,1964-07-05,+22248590180,jemila.mintkhalil190@gmail.com,4,Dakhlet Nouadhibou,STANDARD,,ACTIVE,2023-03-08,2024-06-08T13:38:33.916Z,2023-03-08T10:12:31.056Z,2024-06-08T13:38:33.916Z
1130,8302630349,Taleb,Ould Bouha,Taleb Ould Bouha,M,1983-02-12,+22224499325,,2,Nouakchott-Ouest,OCCASIONAL,,ACTIVE,2022-02-04,2023-05-15T00:52:23.300Z,2022-02-04T20:57:28.657Z,2023-05-15T00:52:23.300Z
1131,9906497868,Hawa,Mint Abdel Aziz,Hawa Mint Abdel Aziz,F,1999-05-02,+22233021875,,6,Brakna,ACTIVE,,ACTIVE,2023-07-14,2024-01-23T06:08:13.400Z,2023-07-14T07:12:25.005Z,2024-01-23T06:08:13.400Z
1132,6703095897,Mohamed Salem,Ould Habiboullah,Mohamed Salem Ould Habiboullah,M,1967-09-24,+22222017173,,3,Nouakchott-Sud,STANDARD,,ACTIVE,2023-06-17,2024-02-16T15:59:08.284Z,2023-06-17T10:53:09.942Z,2024-02-16T15:59:08.284Z
1133,0002114985,Tamba,Camara,Tamba Camara,M,2000-09-05,+22224099752,tamba.camara198@yahoo.fr,2,Nouakchott-Ouest,OCCASIONAL,,ACTIVE,2022-04-11,2022-07-04T16:35:26.342Z,2022-04-11T16:18:49.038Z,2022-07-04T16:35:26.342Z
1134,8001517608,Ablaye,Diop,Ablaye Diop,M,1980-02-19,+22244921275,,1,Nouakchott-Nord,ACTIVE,,ACTIVE,2022-05-20,2023-01-27T20:27:24.983Z,2022-05-20T04:42:39.390Z,2023-01-27T20:27:24.983Z
1135,0201479698,Minetou,Mint Wedadi,Minetou Mint Wedadi,F,2002-06-13,+22241970052,,1,Nouakchott-Nord,OCCASIONAL,,ACTIVE,2024-11-11,2024-11-23T23:30:21.137Z,2024-11-11T05:12:12.615Z,2024-11-23T23:30:21.137Z
1136,6903440073,Mohamed Vall,Ould Soufi,Mohamed Vall Ould Soufi,M,1969-12-23,+22235935595,,3,Nouakchott-Sud,OCCASIONAL,,ACTIVE,2024-11-27,2024-12-21T04:34:04.959Z,2024-11-27T19:06:38.956Z,2024-12-21T04:34:04.959Z
1137,0101701897,Moussa,Diagana,Moussa Diagana,M,2001-06-13,+22235615756,moussa.diagana123@gmail.com,1,Nouakchott-Nord,OCCASIONAL,,ACTIVE,2024-10-30,2024-12-06T21:53:39.474Z,2024-10-30T03:11:25.845Z,2024-12-06T21:53:39.474Z
1138,6202527598,Oumou,Mbaye,Oumou Mbaye,F,1962-12-04,+22236841980,,2,Nouakchott-Ouest,STANDARD,,ACTIVE,2022-04-02,2023-03-29T00:53:48.759Z,2022-04-02T09:19:55.258Z,2023-03-29T00:53:48.759Z
1139,0401382941,Ousmane,Barry,Ousmane Barry,M,2004-06-08,+22235547225,,1,Nouakchott-Nord,STANDARD,,ACTIVE,2023-02-12,2024-05-12T13:22:04.535Z,2023-02-12T19:36:58.235Z,2024-05-12T13:22:04.535Z
1140,6904017153,Yacoub,Ould Mahmoud,Yacoub Ould Mahmoud,M,1969-06-18,+22246153067,,4,Dakhlet Nouadhibou,STANDARD,,ACTIVE,2024-08-01,2024-11-20T22:49:44.267Z,2024-08-01T01:20:27.560Z,2024-11-20T22:49:44.267Z
1141,7502249335,Naha,Mint Jiddou,Naha Mint Jiddou,F,1975-06-16,+22236829867,naha.mintjiddou27@hotmail.fr,2,Nouakchott-Ouest,DORMANT,,ACTIVE,2024-01-02,2024-11-24T19:47:00.124Z,2024-01-02T15:49:12.866Z,2024-11-24T19:47:00.124Z
1142,8601933831,Sakouba,Diallo,Sakouba Diallo,M,1986-06-28,+22225215192,sakouba.diallo88@outlook.com,1,Nouakchott-Nord,OCCASIONAL,,ACTIVE,2024-12-24,2024-12-26T05:00:58.987Z,2024-12-24T20:23:49.890Z,2024-12-26T05:00:58.987Z
1143,6601736694,Hawa,Ba,Hawa Ba,F,1966-10-04,+22222767392,,1,Nouakchott-Nord,OCCASIONAL,,ACTIVE,2023-04-07,2023-11-01T07:11:57.797Z,2023-04-07T19:02:59.394Z,2023-11-01T07:11:57.797Z
1144,8204914198,Taleb,Ould Abeih,Taleb Ould Abeih,M,1982-12-23,+22235410620,,4,Dakhlet Nouadhibou,STANDARD,,ACTIVE,2022-05-29,2022-09-26T06:53:28.811Z,2022-05-29T04:02:20.644Z,2022-09-26T06:53:28.811Z
1145,8602411653,Limam,Bah,Limam Bah,M,1986-03-13,+22222058585,limam.bah987@outlook.com,2,Nouakchott-Ouest,OCCASIONAL,,ACTIVE,2024-02-23,2024-11-12T01:42:14.570Z,2024-02-23T04:15:46.414Z,2024-11-12T01:42:14.570Z
1146,0504212712,Salka,Bah,Salka Bah,F,2005-10-01,+22222607103,,4,Dakhlet Nouadhibou,ACTIVE,,ACTIVE,2024-02-05,2024-02-11T21:39:27.822Z,2024-02-05T03:53:00.922Z,2024-02-11T21:39:27.822Z
1147,7301292329,Khalil,Koita,Khalil Koita,M,1973-10-13,+22222045100,,1,Nouakchott-Nord,ACTIVE,,ACTIVE,2022-01-20,2023-10-25T13:40:13.158Z,2022-01-20T11:55:29.876Z,2023-10-25T13:40:13.158Z
1148,8901958921,Fatou,Baldé,Fatou Baldé,F,1989-06-17,+22249516677,fatou.baldé43@yahoo.fr,1,Nouakchott-Nord,STANDARD,,ACTIVE,2023-05-17,2023-10-27T18:52:57.044Z,2023-05-17T19:42:59.737Z,2023-10-27T18:52:57.044Z
1149,8501305530,Abdellahi,Ould Abdel Kader,Abdellahi Ould Abdel Kader,M,1985-09-19,+22232148106,abdellahi.ouldabdelkader241@hotmail.fr,1,Nouakchott-Nord,STANDARD,,ACTIVE,2024-10-09,2024-11-27T09:31:09.268Z,2024-10-09T21:42:13.113Z,2024-11-27T09:31:09.268Z
1150,8903140027,Bakary,Fall,Bakary Fall,M,1989-04-04,+22224183274,,3,Nouakchott-Sud,ACTIVE,,ACTIVE,2024-04-12,2024-05-29T00:13:31.758Z,2024-04-12T08:38:48.702Z,2024-05-29T00:13:31.758Z
1151,7601689401,Malouma,Mint El Hacen,Malouma Mint El Hacen,F,1976-05-06,+22225807996,,1,Nouakchott-Nord,DORMANT,,ACTIVE,2022-05-17,2023-04-08T09:25:46.563Z,2022-05-17T23:01:28.511Z,2023-04-08T09:25:46.563Z
1152,6103300058,Djenaba,Dieng,Djenaba Dieng,F,1961-11-05,+22223975625,,3,Nouakchott-Sud,PREMIUM,,PENDING_KYC,2022-07-28,2022-08-04T17:34:38.398Z,2022-07-28T13:33:26.455Z,2022-08-04T17:34:38.398Z
1153,9313122449,Aïssata,Wade,Aïssata Wade,F,1993-02-27,+22224877883,,13,Tagant,STANDARD,,INACTIVE,2023-01-02,2023-04-09T17:24:04.395Z,2023-01-02T11:10:57.426Z,2023-04-09T17:24:04.395Z
1154,6503742715,Sidina,Ba,Sidina Ba,M,1965-04-04,+22232024838,,3,Nouakchott-Sud,PREMIUM,,ACTIVE,2023-04-04,2024-06-20T18:15:48.187Z,2023-04-04T07:02:35.735Z,2024-06-20T18:15:48.187Z
1155,9402134340,Habiboullah,Ould Soufi,Habiboullah Ould Soufi,M,1994-02-28,+22245826940,habiboullah.ouldsoufi977@hotmail.fr,2,Nouakchott-Ouest,STANDARD,,ACTIVE,2024-11-19,2024-12-27T05:42:02.324Z,2024-11-19T17:07:13.198Z,2024-12-27T05:42:02.324Z
1156,7202991134,Abdel Aziz,Bah,Abdel Aziz Bah,M,1972-12-02,+22222200840,,2,Nouakchott-Ouest,OCCASIONAL,,ACTIVE,2023-11-26,2023-12-10T03:42:45.926Z,2023-11-26T04:40:44.159Z,2023-12-10T03:42:45.926Z
1157,7602791709,Jemila,Mint Vall,Jemila Mint Vall,F,1976-06-03,+22233120344,jemila.mintvall404@hotmail.fr,2,Nouakchott-Ouest,STANDARD,,ACTIVE,2022-06-16,2022-09-28T00:35:49.622Z,2022-06-16T01:57:24.327Z,2022-09-28T00:35:49.622Z
1158,6115410211,Vatma,Mint Jiddou,Vatma Mint Jiddou,F,1961-12-12,+22225237143,,15,Tiris Zemmour,OCCASIONAL,,ACTIVE,2022-03-04,2022-03-23T08:26:45.926Z,2022-03-04T00:32:15.199Z,2022-03-23T08:26:45.926Z
1159,7202246575,Aicha,Mint Zein,Aicha Mint Zein,F,1972-05-06,+22249903100,aicha.mintzein671@yahoo.fr,2,Nouakchott-Ouest,STANDARD,,ACTIVE,2023-08-19,2024-03-31T22:20:09.536Z,2023-08-19T10:07:26.635Z,2024-03-31T22:20:09.536Z
1160,6212422559,Hawa,Diop,Hawa Diop,F,1962-08-05,+22249276925,hawa.diop143@outlook.com,12,Adrar,DORMANT,,ACTIVE,2022-05-01,2023-06-01T19:08:11.245Z,2022-05-01T01:43:05.994Z,2023-06-01T19:08:11.245Z
1161,7201649773,Oumou,Mint Abdel Kader,Oumou Mint Abdel Kader,F,1972-02-27,+22222563727,oumou.mintabdelkader709@gmail.com,1,Nouakchott-Nord,OCCASIONAL,,ACTIVE,2022-01-26,2023-11-03T03:32:57.584Z,2022-01-26T20:00:36.599Z,2023-11-03T03:32:57.584Z
1162,9103113570,Diakaridia,Sissoko,Diakaridia Sissoko,M,1991-02-15,+22249192454,diakaridia.sissoko155@hotmail.fr,3,Nouakchott-Sud,STANDARD,,ACTIVE,2024-11-05,2024-12-22T14:25:44.833Z,2024-11-05T07:23:41.404Z,2024-12-22T14:25:44.833Z
1163,7202412806,Sidi Ahmed,Ould Khalil,Sidi Ahmed Ould Khalil,M,1972-10-07,+22235467598,sidiahmed.ouldkhalil126@hotmail.fr,2,Nouakchott-Ouest,STANDARD,,PENDING_KYC,2022-12-31,2024-08-05T18:57:30.674Z,2022-12-31T04:05:42.393Z,2024-08-05T18:57:30.674Z
1164,8515931057,Mohamed Yahya,Ould Abdel Kader,Mohamed Yahya Ould Abdel Kader,M,1985-09-10,+22233114645,,15,Tiris Zemmour,STANDARD,,ACTIVE,2024-06-16,2024-07-19T19:13:49.934Z,2024-06-16T11:09:57.472Z,2024-07-19T19:13:49.934Z
1165,6702435007,Taleb,Ould Abdel Kader,Taleb Ould Abdel Kader,M,1967-10-17,+22232347592,taleb.ouldabdelkader750@yahoo.fr,2,Nouakchott-Ouest,STANDARD,,ACTIVE,2023-08-06,2023-08-16T00:45:50.990Z,2023-08-06T04:29:17.575Z,2023-08-16T00:45:50.990Z
1166,0501180049,Ghalia,Sissoko,Ghalia Sissoko,F,2005-10-22,+22234700888,,1,Nouakchott-Nord,OCCASIONAL,,ACTIVE,2023-02-19,2023-04-13T11:22:18.636Z,2023-02-19T08:28:46.607Z,2023-04-13T11:22:18.636Z
1167,7102519555,Mor,Wade,Mor Wade,M,1971-11-21,+22235123364,,2,Nouakchott-Ouest,STANDARD,,ACTIVE,2022-06-03,2023-09-27T11:26:55.806Z,2022-06-03T02:42:59.616Z,2023-09-27T11:26:55.806Z
1168,9106617796,Ahmed Salem,Ould Mahmoud,Ahmed Salem Ould Mahmoud,M,1991-09-22,+22222760695,ahmedsalem.ouldmahmoud712@outlook.com,6,Brakna,PREMIUM,,ACTIVE,2022-09-11,2023-08-07T18:18:20.081Z,2022-09-11T21:20:46.029Z,2023-08-07T18:18:20.081Z
1169,6001045837,Daba,Sissoko,Daba Sissoko,F,1960-10-26,+22224940402,,1,Nouakchott-Nord,PREMIUM,,ACTIVE,2022-09-06,2022-11-30T07:49:24.980Z,2022-09-06T04:14:28.612Z,2022-11-30T07:49:24.980Z
1170,9304728687,Nouh,Ould El Mokhtar,Nouh Ould El Mokhtar,M,1993-03-28,+22249779259,,4,Dakhlet Nouadhibou,DORMANT,,ACTIVE,2023-07-21,2024-12-06T13:03:16.966Z,2023-07-21T22:30:07.150Z,2024-12-06T13:03:16.966Z
1171,9103691582,Fatima,Mint Soufi,Fatima Mint Soufi,F,1991-02-06,+22222932320,fatima.mintsoufi358@gmail.com,3,Nouakchott-Sud,STANDARD,,ACTIVE,2022-07-13,2024-11-03T15:11:14.221Z,2022-07-13T13:06:38.622Z,2024-11-03T15:11:14.221Z
1172,6602774710,Adja,Mbow,Adja Mbow,F,1966-01-16,+22225811860,,2,Nouakchott-Ouest,ACTIVE,,ACTIVE,2024-08-13,2024-11-16T23:26:54.755Z,2024-08-13T09:00:59.591Z,2024-11-16T23:26:54.755Z
1173,7804984033,Malouma,Mint Cheikh,Malouma Mint Cheikh,F,1978-02-22,+22232078955,,4,Dakhlet Nouadhibou,STANDARD,,ACTIVE,2023-10-09,2024-04-21T11:33:36.317Z,2023-10-09T11:28:24.245Z,2024-04-21T11:33:36.317Z
1174,8512310415,Rokhaya,Bah,Rokhaya Bah,F,1985-01-05,+22225102610,rokhaya.bah181@outlook.com,12,Adrar,ACTIVE,,ACTIVE,2023-07-21,2024-09-02T15:17:59.340Z,2023-07-21T17:16:35.191Z,2024-09-02T15:17:59.340Z
1175,7701635278,Mariama,Thiam,Mariama Thiam,F,1977-10-24,+22234349603,,1,Nouakchott-Nord,STANDARD,,ACTIVE,2024-09-02,2024-10-26T19:26:33.429Z,2024-09-02T01:00:26.042Z,2024-10-26T19:26:33.429Z
1176,0001828391,Mbarka,Mint Saad,Mbarka Mint Saad,F,2000-04-06,+22222092045,,1,Nouakchott-Nord,OCCASIONAL,,ACTIVE,2024-01-25,2024-09-04T07:06:12.801Z,2024-01-25T08:40:49.143Z,2024-09-04T07:06:12.801Z
1177,6404735740,Coumba,Niang,Coumba Niang,F,1964-10-19,+22233835086,,4,Dakhlet Nouadhibou,ACTIVE,,ACTIVE,2024-03-09,2024-04-13T17:59:26.897Z,2024-03-09T08:42:16.710Z,2024-04-13T17:59:26.897Z
1178,0501126241,Sidina,Sall,Sidina Sall,M,2005-12-18,+22232773222,sidina.sall318@gmail.com,1,Nouakchott-Nord,ACTIVE,,ACTIVE,2023-08-14,2024-01-19T07:48:17.238Z,2023-08-14T09:06:34.161Z,2024-01-19T07:48:17.238Z
1179,6513259810,Fatima,Kouyaté,Fatima Kouyaté,F,1965-05-09,+22232075061,fatima.kouyaté53@yahoo.fr,13,Tagant,OCCASIONAL,,ACTIVE,2023-02-09,2023-09-26T21:29:44.026Z,2023-02-09T21:28:00.664Z,2023-09-26T21:29:44.026Z
1180,0306093135,Wedadi,Ould Ahmedou,Wedadi Ould Ahmedou,M,2003-10-25,+22223625868,wedadi.ouldahmedou667@outlook.com,6,Brakna,STANDARD,,ACTIVE,2022-01-11,2022-11-12T15:54:31.186Z,2022-01-11T20:51:04.087Z,2022-11-12T15:54:31.186Z
1181,0102884946,Horma,Ould Vall,Horma Ould Vall,M,2001-05-07,+22245788938,,2,Nouakchott-Ouest,STANDARD,,ACTIVE,2024-10-12,2024-11-29T01:29:20.095Z,2024-10-12T13:15:32.992Z,2024-11-29T01:29:20.095Z
1182,0204003043,Moussa,Sall,Moussa Sall,M,2002-11-03,+22244222780,,4,Dakhlet Nouadhibou,ACTIVE,,BLOCKED,2023-06-26,2024-09-09T17:56:42.464Z,2023-06-26T12:34:01.089Z,2024-09-09T17:56:42.464Z
1183,6803329955,Aichetou,Mint Lemrabott,Aichetou Mint Lemrabott,F,1968-05-17,+22235136373,aichetou.mintlemrabott711@yahoo.fr,3,Nouakchott-Sud,OCCASIONAL,,ACTIVE,2023-04-16,2024-12-17T02:16:41.197Z,2023-04-16T05:38:20.860Z,2024-12-17T02:16:41.197Z
1184,7202866236,Tourad,Ould Abdel Kader,Tourad Ould Abdel Kader,M,1972-08-04,+22244254265,,2,Nouakchott-Ouest,DORMANT,,ACTIVE,2022-05-18,2023-07-06T06:24:35.367Z,2022-05-18T10:59:33.873Z,2023-07-06T06:24:35.367Z
1185,6302235427,Maloum,Thiam,Maloum Thiam,M,1963-04-09,+22234126372,,2,Nouakchott-Ouest,OCCASIONAL,,PENDING_KYC,2023-12-21,2024-11-16T20:02:08.036Z,2023-12-21T22:34:28.006Z,2024-11-16T20:02:08.036Z
1186,9914216158,Abdourahmane,Kane,Abdourahmane Kane,M,1999-07-06,+22236403786,,14,Inchiri,STANDARD,,ACTIVE,2022-09-11,2023-09-21T15:15:16.967Z,2022-09-11T15:13:45.437Z,2023-09-21T15:15:16.967Z
1187,8004898119,Mouna,Mint Abdel Aziz,Mouna Mint Abdel Aziz,F,1980-10-08,+22243531423,mouna.mintabdelaziz458@outlook.com,4,Dakhlet Nouadhibou,STANDARD,,ACTIVE,2023-08-08,2023-10-14T09:17:21.255Z,2023-08-08T04:49:16.912Z,2023-10-14T09:17:21.255Z
1188,8703206466,Thierno,Mbaye,Thierno Mbaye,M,1987-11-08,+22224783572,,3,Nouakchott-Sud,ACTIVE,,ACTIVE,2022-08-19,2022-11-16T10:00:51.487Z,2022-08-19T07:32:52.219Z,2022-11-16T10:00:51.487Z
1189,8203890044,Fatima,Mint Sidi,Fatima Mint Sidi,F,1982-12-11,+22223179426,,3,Nouakchott-Sud,STANDARD,,ACTIVE,2024-03-05,2024-08-09T05:08:58.567Z,2024-03-05T00:41:39.229Z,2024-08-09T05:08:58.567Z
1190,9702698450,Vall,Ould Limam,Vall Ould Limam,M,1997-07-17,+22246237290,vall.ouldlimam499@gmail.com,2,Nouakchott-Ouest,ACTIVE,,INACTIVE,2023-07-11,2023-10-27T17:55:01.863Z,2023-07-11T16:56:43.003Z,2023-10-27T17:55:01.863Z
1191,9909235063,Khadijetou,Mint Isselmou,Khadijetou Mint Isselmou,F,1999-07-25,+22225657229,,9,Assaba,OCCASIONAL,,ACTIVE,2022-12-28,2023-11-03T18:58:23.026Z,2022-12-28T04:41:42.020Z,2023-11-03T18:58:23.026Z
1192,7004801011,Tacko,Soumaré,Tacko Soumaré,F,1970-06-04,+22232773817,tacko.soumaré760@hotmail.fr,4,Dakhlet Nouadhibou,STANDARD,,SUSPENDED,2022-03-06,2022-11-01T08:28:56.473Z,2022-03-06T11:46:56.340Z,2022-11-01T08:28:56.473Z
1193,8001486186,Ibrahima,Sissoko,Ibrahima Sissoko,M,1980-10-16,+22233261976,,1,Nouakchott-Nord,STANDARD,,ACTIVE,2023-04-23,2024-02-04T20:51:42.493Z,2023-04-23T15:20:23.044Z,2024-02-04T20:51:42.493Z
1194,6201585186,Mountaga,Soumaré,Mountaga Soumaré,M,1962-12-16,+22224118018,,1,Nouakchott-Nord,STANDARD,,ACTIVE,2024-11-12,2024-12-14T16:44:40.092Z,2024-11-12T11:53:39.036Z,2024-12-14T16:44:40.092Z
1195,0501831581,Meymouna,Mint Taleb,Meymouna Mint Taleb,F,2005-06-05,+22246587121,meymouna.minttaleb418@hotmail.fr,1,Nouakchott-Nord,STANDARD,,ACTIVE,2023-09-21,2023-12-19T16:33:54.889Z,2023-09-21T17:23:39.118Z,2023-12-19T16:33:54.889Z
1196,9505554249,Sidi,Ould Jiddou,Sidi Ould Jiddou,M,1995-04-03,+22236645401,,5,Trarza,STANDARD,,ACTIVE,2022-07-31,2024-03-15T15:30:16.339Z,2022-07-31T04:10:36.986Z,2024-03-15T15:30:16.339Z
1197,7302890997,Saleck,Sarr,Saleck Sarr,M,1973-10-28,+22248248059,saleck.sarr66@yahoo.fr,2,Nouakchott-Ouest,STANDARD,,ACTIVE,2023-05-25,2024-11-28T21:47:19.869Z,2023-05-25T07:02:32.462Z,2024-11-28T21:47:19.869Z
1198,7403980797,Mohamed Mahmoud,Ould Vall,Mohamed Mahmoud Ould Vall,M,1974-04-23,+22225578646,,3,Nouakchott-Sud,DORMANT,,ACTIVE,2022-11-13,2024-05-27T06:27:52.536Z,2022-11-13T07:35:04.028Z,2024-05-27T06:27:52.536Z
1199,9312897807,Aïssata,Mbaye,Aïssata Mbaye,F,1993-06-25,+22233655032,,12,Adrar,ACTIVE,,ACTIVE,2022-09-28,2023-03-30T03:54:36.038Z,2022-09-28T22:28:08.156Z,2023-03-30T03:54:36.038Z
1200,7001033857,Hafsata,Mint El Mamy,Hafsata Mint El Mamy,F,1970-02-02,+22248601741,,1,Nouakchott-Nord,DORMANT,,ACTIVE,2022-11-02,2024-02-14T18:43:33.094Z,2022-11-02T01:01:20.487Z,2024-02-14T18:43:33.094Z
1201,9704202756,Khadijetou,Mint Nenni,Khadijetou Mint Nenni,F,1997-04-01,+22225708709,,4,Dakhlet Nouadhibou,ACTIVE,,SUSPENDED,2023-02-15,2024-01-01T06:36:02.093Z,2023-02-15T21:24:15.379Z,2024-01-01T06:36:02.093Z
1202,7903750797,Aminetou,Mint Ahmed,Aminetou Mint Ahmed,F,1979-08-02,+22235934869,,3,Nouakchott-Sud,ACTIVE,,ACTIVE,2024-06-17,2024-09-16T02:27:15.990Z,2024-06-17T05:10:46.849Z,2024-09-16T02:27:15.990Z
1203,6103342481,Astou,Bathily,Astou Bathily,F,1961-11-18,+22236641355,,3,Nouakchott-Sud,STANDARD,,ACTIVE,2024-04-15,2024-11-11T05:36:57.702Z,2024-04-15T04:35:51.829Z,2024-11-11T05:36:57.702Z
1204,8701934912,Pape,Koita,Pape Koita,M,1987-08-15,+22244530843,,1,Nouakchott-Nord,STANDARD,,ACTIVE,2022-12-17,2024-01-07T10:29:54.726Z,2022-12-17T03:26:54.685Z,2024-01-07T10:29:54.726Z
1205,9303659106,Mouna,Mint Salem,Mouna Mint Salem,F,1993-01-04,+22222898295,,3,Nouakchott-Sud,STANDARD,,ACTIVE,2024-08-20,2024-11-23T05:50:47.615Z,2024-08-20T21:09:35.914Z,2024-11-23T05:50:47.615Z
1206,9703387041,Ghalia,Mint Soufi,Ghalia Mint Soufi,F,1997-03-03,+22222406592,,3,Nouakchott-Sud,STANDARD,,ACTIVE,2024-09-17,2024-12-14T06:43:00.617Z,2024-09-17T09:16:15.685Z,2024-12-14T06:43:00.617Z
1207,9201873910,Moulaye,Bâ,Moulaye Bâ,M,1992-11-27,+22245128481,,1,Nouakchott-Nord,ACTIVE,,ACTIVE,2024-12-19,2024-12-28T18:35:32.463Z,2024-12-19T05:20:40.015Z,2024-12-28T18:35:32.463Z
1208,0304977987,Habiboullah,Ould Wedadi,Habiboullah Ould Wedadi,M,2003-11-16,+22222596834,,4,Dakhlet Nouadhibou,DORMANT,,SUSPENDED,2022-01-22,2022-06-02T19:11:15.737Z,2022-01-22T14:52:35.281Z,2022-06-02T19:11:15.737Z
1209,7702492674,Ethmane,Ould Brahim,Ethmane Ould Brahim,M,1977-06-11,+22233820925,ethmane.ouldbrahim842@hotmail.fr,2,Nouakchott-Ouest,STANDARD,,ACTIVE,2024-10-16,2024-11-04T02:46:16.560Z,2024-10-16T02:01:48.520Z,2024-11-04T02:46:16.560Z
1210,7201977496,Youssouf,Ould Mohamed,Youssouf Ould Mohamed,M,1972-11-12,+22223228453,,1,Nouakchott-Nord,PREMIUM,,ACTIVE,2022-07-25,2023-12-25T22:15:26.518Z,2022-07-25T08:35:24.805Z,2023-12-25T22:15:26.518Z
1211,9501177291,Bakary,Mbaye,Bakary Mbaye,M,1995-03-25,+22222927864,bakary.mbaye146@hotmail.fr,1,Nouakchott-Nord,ACTIVE,,ACTIVE,2022-11-01,2023-12-27T17:23:54.828Z,2022-11-01T01:28:02.879Z,2023-12-27T17:23:54.828Z
1212,9715723497,Messoud,Ould Brahim,Messoud Ould Brahim,M,1997-01-18,+22224401523,,15,Tiris Zemmour,STANDARD,,ACTIVE,2022-01-11,2022-12-02T05:01:39.365Z,2022-01-11T10:42:36.707Z,2022-12-02T05:01:39.365Z
1213,7714774276,Salem,Ould Horma,Salem Ould Horma,M,1977-07-10,+22223025509,,14,Inchiri,STANDARD,,ACTIVE,2024-01-22,2024-11-30T04:04:28.644Z,2024-01-22T06:21:48.810Z,2024-11-30T04:04:28.644Z
1214,6315660489,Aminata,Baldé,Aminata Baldé,F,1963-05-12,+22222213154,aminata.baldé450@gmail.com,15,Tiris Zemmour,STANDARD,,ACTIVE,2022-11-20,2024-10-03T23:47:45.396Z,2022-11-20T15:27:08.493Z,2024-10-03T23:47:45.396Z
1215,7801016373,El Mokhtar,Ould Nenni,El Mokhtar Ould Nenni,M,1978-04-14,+22233483683,,1,Nouakchott-Nord,PREMIUM,,ACTIVE,2023-04-07,2024-07-09T00:32:18.396Z,2023-04-07T15:38:28.764Z,2024-07-09T00:32:18.396Z
1216,7406310922,Kadiatou,Fofana,Kadiatou Fofana,F,1974-08-01,+22249897767,kadiatou.fofana406@gmail.com,6,Brakna,PREMIUM,,INACTIVE,2022-01-18,2022-10-13T12:39:47.096Z,2022-01-18T12:42:23.095Z,2022-10-13T12:39:47.096Z
1217,0204277833,El Hadji,Diarra,El Hadji Diarra,M,2002-11-06,+22237403848,elhadji.diarra537@hotmail.fr,4,Dakhlet Nouadhibou,OCCASIONAL,,ACTIVE,2024-03-25,2024-06-05T16:09:18.196Z,2024-03-25T17:53:40.973Z,2024-06-05T16:09:18.196Z
1218,9704367534,Leila,Baldé,Leila Baldé,F,1997-02-07,+22223608118,,4,Dakhlet Nouadhibou,OCCASIONAL,,PENDING_KYC,2024-10-30,2024-12-04T22:14:12.543Z,2024-10-30T00:19:37.614Z,2024-12-04T22:14:12.543Z
1219,6905107750,Bintou,Faye,Bintou Faye,F,1969-10-09,+22249484746,,5,Trarza,STANDARD,,ACTIVE,2024-05-06,2024-10-13T10:08:23.895Z,2024-05-06T18:39:46.069Z,2024-10-13T10:08:23.895Z
1220,7502266390,Hamady,Bah,Hamady Bah,M,1975-11-08,+22224978890,,2,Nouakchott-Ouest,STANDARD,,ACTIVE,2022-07-31,2022-09-06T23:47:36.969Z,2022-07-31T19:46:16.809Z,2022-09-06T23:47:36.969Z
1221,9607716680,Oumar,Touré,Oumar Touré,M,1996-06-18,+22222808297,,7,Gorgol,OCCASIONAL,,ACTIVE,2024-08-03,2024-08-07T18:00:36.766Z,2024-08-03T01:44:57.572Z,2024-08-07T18:00:36.766Z
1222,7602560433,Sidi Mohamed,Ould Isselmou,Sidi Mohamed Ould Isselmou,M,1976-11-22,+22224766696,,2,Nouakchott-Ouest,ACTIVE,,ACTIVE,2024-03-14,2024-09-30T19:36:46.050Z,2024-03-14T21:51:06.649Z,2024-09-30T19:36:46.050Z
1223,6504055049,Ahmed,Ould Bouha,Ahmed Ould Bouha,M,1965-04-14,+22236191957,,4,Dakhlet Nouadhibou,STANDARD,,ACTIVE,2024-01-06,2024-02-17T17:30:06.491Z,2024-01-06T14:09:54.427Z,2024-02-17T17:30:06.491Z
1224,9902793289,Moussa,Ba,Moussa Ba,M,1999-12-14,+22241214543,,2,Nouakchott-Ouest,STANDARD,,ACTIVE,2023-08-27,2023-11-09T23:10:37.585Z,2023-08-27T02:01:48.019Z,2023-11-09T23:10:37.585Z
1225,0502211607,Sira,Sow,Sira Sow,F,2005-05-10,+22232508800,sira.sow589@outlook.com,2,Nouakchott-Ouest,OCCASIONAL,,ACTIVE,2023-02-14,2023-11-06T06:20:10.958Z,2023-02-14T22:28:05.205Z,2023-11-06T06:20:10.958Z
1226,0202745875,Djenaba,Kane,Djenaba Kane,F,2002-05-26,+22224782339,djenaba.kane197@gmail.com,2,Nouakchott-Ouest,STANDARD,,ACTIVE,2023-07-06,2024-05-31T12:56:02.053Z,2023-07-06T14:49:43.439Z,2024-05-31T12:56:02.053Z
1227,9803006107,Malick,Kanouté,Malick Kanouté,M,1998-08-19,+22222072374,malick.kanouté516@hotmail.fr,3,Nouakchott-Sud,OCCASIONAL,,ACTIVE,2024-01-13,2024-02-27T06:52:48.065Z,2024-01-13T02:53:54.404Z,2024-02-27T06:52:48.065Z
1228,7701286584,Ibrahima,Koita,Ibrahima Koita,M,1977-04-22,+22225581112,ibrahima.koita907@hotmail.fr,1,Nouakchott-Nord,STANDARD,,ACTIVE,2022-08-23,2024-07-27T22:14:36.470Z,2022-08-23T14:53:24.635Z,2024-07-27T22:14:36.470Z
1229,7802651762,Mouna,Sall,Mouna Sall,F,1978-06-20,+22245520161,mouna.sall999@hotmail.fr,2,Nouakchott-Ouest,ACTIVE,,ACTIVE,2024-10-06,2024-10-07T06:49:34.242Z,2024-10-06T00:08:48.007Z,2024-10-07T06:49:34.242Z
1230,6215647843,Malouma,Mint Abdel Aziz,Malouma Mint Abdel Aziz,F,1962-11-09,+22222024028,,15,Tiris Zemmour,OCCASIONAL,,ACTIVE,2024-03-27,2024-04-27T21:58:06.565Z,2024-03-27T18:37:58.011Z,2024-04-27T21:58:06.565Z
1231,6307863328,Awa,Thiam,Awa Thiam,F,1963-08-08,+22235824069,,7,Gorgol,OCCASIONAL,,ACTIVE,2023-10-31,2024-12-01T19:58:48.010Z,2023-10-31T04:35:57.240Z,2024-12-01T19:58:48.010Z
1232,8608688701,Harouna,Koné,Harouna Koné,M,1986-08-21,+22244411311,harouna.koné998@gmail.com,8,Guidimaka,OCCASIONAL,,ACTIVE,2022-04-19,2024-03-29T16:26:58.799Z,2022-04-19T22:08:55.908Z,2024-03-29T16:26:58.799Z
1233,8605549591,Hamadi,Barry,Hamadi Barry,M,1986-05-27,+22224458480,,5,Trarza,ACTIVE,,ACTIVE,2022-01-09,2023-06-10T22:24:27.060Z,2022-01-09T19:12:07.926Z,2023-06-10T22:24:27.060Z
1234,9102232953,Zahra,Mint Taleb,Zahra Mint Taleb,F,1991-08-06,+22224830729,,2,Nouakchott-Ouest,OCCASIONAL,,ACTIVE,2024-08-31,2024-11-08T17:39:01.272Z,2024-08-31T11:54:41.439Z,2024-11-08T17:39:01.272Z
1235,0115058954,Hamoud,Gaye,Hamoud Gaye,M,2001-09-05,+22234682770,hamoud.gaye194@gmail.com,15,Tiris Zemmour,STANDARD,,ACTIVE,2024-01-11,2024-04-11T15:31:24.683Z,2024-01-11T21:32:46.926Z,2024-04-11T15:31:24.683Z
1236,9906638461,Leila,Mint Abdel Aziz,Leila Mint Abdel Aziz,F,1999-12-19,+22233489336,leila.mintabdelaziz578@gmail.com,6,Brakna,OCCASIONAL,,ACTIVE,2023-01-02,2023-05-21T03:55:30.353Z,2023-01-02T22:26:56.482Z,2023-05-21T03:55:30.353Z
1237,6603739442,Moulaye,Ould Soufi,Moulaye Ould Soufi,M,1966-05-14,+22232444343,moulaye.ouldsoufi900@outlook.com,3,Nouakchott-Sud,STANDARD,,ACTIVE,2022-04-11,2022-10-08T22:45:31.211Z,2022-04-11T11:40:11.997Z,2022-10-08T22:45:31.211Z
1238,6605897517,Habiboullah,Dramé,Habiboullah Dramé,M,1966-11-08,+22224747510,,5,Trarza,ACTIVE,,ACTIVE,2022-06-26,2022-12-21T06:35:22.188Z,2022-06-26T16:39:04.026Z,2022-12-21T06:35:22.188Z
1239,6504492965,Seynabou,Sarr,Seynabou Sarr,F,1965-03-28,+22232657420,seynabou.sarr413@yahoo.fr,4,Dakhlet Nouadhibou,OCCASIONAL,,ACTIVE,2022-11-23,2024-03-05T03:40:41.136Z,2022-11-23T02:29:56.291Z,2024-03-05T03:40:41.136Z
1240,6802931751,Ahmed,Kanouté,Ahmed Kanouté,M,1968-02-08,+22225813156,ahmed.kanouté343@gmail.com,2,Nouakchott-Ouest,DORMANT,,ACTIVE,2022-02-21,2023-06-12T10:24:13.226Z,2022-02-21T18:09:58.732Z,2023-06-12T10:24:13.226Z
1241,7612805548,Rougui,Thiam,Rougui Thiam,F,1976-11-25,+22234843598,,12,Adrar,ACTIVE,,ACTIVE,2022-01-05,2023-02-02T16:47:25.537Z,2022-01-05T12:30:07.532Z,2023-02-02T16:47:25.537Z
1242,8512197340,Zeinab,Sow,Zeinab Sow,F,1985-11-09,+22222409604,,12,Adrar,ACTIVE,,ACTIVE,2023-09-24,2024-12-01T17:30:28.668Z,2023-09-24T16:16:38.596Z,2024-12-01T17:30:28.668Z
1243,8912332503,Hafsata,Mint El Hacen,Hafsata Mint El Hacen,F,1989-12-22,+22224667447,,12,Adrar,OCCASIONAL,,PENDING_KYC,2024-12-22,2024-12-27T15:56:13.874Z,2024-12-22T05:01:35.422Z,2024-12-27T15:56:13.874Z
1244,0502565766,Ousmane,Tall,Ousmane Tall,M,2005-07-28,+22223431216,,2,Nouakchott-Ouest,ACTIVE,,ACTIVE,2023-07-27,2024-01-18T21:18:08.984Z,2023-07-27T23:15:28.282Z,2024-01-18T21:18:08.984Z
1245,7302574457,Minetou,Diop,Minetou Diop,F,1973-11-09,+22232324039,,2,Nouakchott-Ouest,STANDARD,,ACTIVE,2022-02-28,2023-08-24T09:30:38.792Z,2022-02-28T05:05:59.763Z,2023-08-24T09:30:38.792Z
1246,9403183288,Salka,Mint Ahmedou,Salka Mint Ahmedou,F,1994-10-06,+22246771753,salka.mintahmedou711@gmail.com,3,Nouakchott-Sud,PREMIUM,,ACTIVE,2023-04-04,2023-10-06T06:58:17.772Z,2023-04-04T19:42:10.750Z,2023-10-06T06:58:17.772Z
1247,0202364973,Bilal,Ould Bouha,Bilal Ould Bouha,M,2002-02-26,+22223140380,bilal.ouldbouha286@yahoo.fr,2,Nouakchott-Ouest,OCCASIONAL,,INACTIVE,2023-08-10,2024-03-06T10:58:35.489Z,2023-08-10T19:54:33.527Z,2024-03-06T10:58:35.489Z
1248,8201617599,Abdellahi,Mbow,Abdellahi Mbow,M,1982-03-06,+22222280602,,1,Nouakchott-Nord,OCCASIONAL,,ACTIVE,2022-01-08,2023-11-11T20:30:20.420Z,2022-01-08T23:45:13.156Z,2023-11-11T20:30:20.420Z
1249,7502545299,Naima,Mint Maloum,Naima Mint Maloum,F,1975-06-27,+22222507496,naima.mintmaloum348@gmail.com,2,Nouakchott-Ouest,STANDARD,,ACTIVE,2024-07-21,2024-09-02T01:55:58.190Z,2024-07-21T15:22:57.609Z,2024-09-02T01:55:58.190Z
1250,7401682581,Adama,Ba,Adama Ba,F,1974-04-16,+22248109977,adama.ba750@gmail.com,1,Nouakchott-Nord,ACTIVE,,ACTIVE,2022-09-24,2023-02-20T10:26:29.764Z,2022-09-24T13:44:19.519Z,2023-02-20T10:26:29.764Z
1251,9903954919,Coumba,Ndour,Coumba Ndour,F,1999-03-10,+22245482957,,3,Nouakchott-Sud,OCCASIONAL,,ACTIVE,2022-12-30,2023-01-08T23:04:29.246Z,2022-12-30T13:15:40.341Z,2023-01-08T23:04:29.246Z
1252,9102642497,Ghalia,Mint Abdel Kader,Ghalia Mint Abdel Kader,F,1991-01-18,+22233570784,,2,Nouakchott-Ouest,STANDARD,,BLOCKED,2022-05-29,2024-03-22T15:00:28.701Z,2022-05-29T09:17:22.828Z,2024-03-22T15:00:28.701Z
1253,6501487955,Oumar,Faye,Oumar Faye,M,1965-04-15,+22235053323,oumar.faye714@hotmail.fr,1,Nouakchott-Nord,ACTIVE,,ACTIVE,2022-02-21,2024-02-16T01:57:28.466Z,2022-02-21T03:59:05.003Z,2024-02-16T01:57:28.466Z
1254,0405086711,Mohamed Mahmoud,Sow,Mohamed Mahmoud Sow,M,2004-12-08,+22242697866,,5,Trarza,OCCASIONAL,,ACTIVE,2024-07-07,2024-10-20T05:18:22.864Z,2024-07-07T22:10:58.069Z,2024-10-20T05:18:22.864Z
1255,9003537456,Naima,Mint Abdallah,Naima Mint Abdallah,F,1990-03-12,+22233952694,,3,Nouakchott-Sud,ACTIVE,,ACTIVE,2023-06-05,2023-08-04T09:16:44.708Z,2023-06-05T08:09:43.032Z,2023-08-04T09:16:44.708Z
1256,0302019645,Ethmane,Guèye,Ethmane Guèye,M,2003-09-23,+22237930431,,2,Nouakchott-Ouest,STANDARD,,INACTIVE,2022-08-20,2023-08-12T01:14:36.222Z,2022-08-20T10:54:35.603Z,2023-08-12T01:14:36.222Z
1257,7003010405,Minetou,Mint Habiboullah,Minetou Mint Habiboullah,F,1970-06-14,+22223553490,,3,Nouakchott-Sud,PREMIUM,,ACTIVE,2022-08-02,2024-11-15T15:54:24.633Z,2022-08-02T19:29:14.350Z,2024-11-15T15:54:24.633Z
1258,6209290659,Tamba,Guèye,Tamba Guèye,M,1962-09-17,+22236121471,,9,Assaba,STANDARD,,ACTIVE,2024-04-06,2024-05-30T21:15:35.246Z,2024-04-06T17:52:33.861Z,2024-05-30T21:15:35.246Z
1259,7603374998,Tourad,Ould Brahim,Tourad Ould Brahim,M,1976-04-25,+22233223755,,3,Nouakchott-Sud,ACTIVE,,ACTIVE,2024-04-17,2024-08-05T21:51:13.061Z,2024-04-17T07:59:58.116Z,2024-08-05T21:51:13.061Z
1260,0201667978,Mohamed,Ould Nagi,Mohamed Ould Nagi,M,2002-09-14,+22225776092,mohamed.ouldnagi256@outlook.com,1,Nouakchott-Nord,STANDARD,,ACTIVE,2023-10-18,2024-02-01T08:15:25.787Z,2023-10-18T02:41:26.362Z,2024-02-01T08:15:25.787Z
1261,9606847628,Fatoumata,Anne,Fatoumata Anne,F,1996-10-11,+22225431611,fatoumata.anne266@outlook.com,6,Brakna,STANDARD,,ACTIVE,2023-04-04,2023-09-13T05:58:04.621Z,2023-04-04T04:26:23.591Z,2023-09-13T05:58:04.621Z
1262,7203390374,Cheikh Sidiya,Ould Khatri,Cheikh Sidiya Ould Khatri,M,1972-09-18,+22237683872,cheikhsidiya.ouldkhatri380@outlook.com,3,Nouakchott-Sud,DORMANT,,ACTIVE,2022-03-07,2022-09-12T23:36:32.083Z,2022-03-07T20:44:56.339Z,2022-09-12T23:36:32.083Z
1263,0310786106,Bassirou,Sissoko,Bassirou Sissoko,M,2003-09-01,+22224068446,,10,Hodh Ech Chargui,STANDARD,,ACTIVE,2023-08-22,2023-10-23T02:19:40.552Z,2023-08-22T09:19:13.928Z,2023-10-23T02:19:40.552Z
1264,6403893496,Aichetou,Mint Ahmedou,Aichetou Mint Ahmedou,F,1964-09-22,+22232311419,,3,Nouakchott-Sud,STANDARD,,ACTIVE,2023-07-23,2024-09-23T18:32:49.525Z,2023-07-23T08:14:01.837Z,2024-09-23T18:32:49.525Z
1265,7601768757,Naha,Mint Wedadi,Naha Mint Wedadi,F,1976-08-24,+22233059927,naha.mintwedadi667@yahoo.fr,1,Nouakchott-Nord,DORMANT,,SUSPENDED,2022-02-04,2022-08-25T11:32:14.940Z,2022-02-04T23:31:02.908Z,2022-08-25T11:32:14.940Z
1266,8401846810,Maimouna,Niang,Maimouna Niang,F,1984-10-18,+22233224329,,1,Nouakchott-Nord,OCCASIONAL,,ACTIVE,2024-05-18,2024-12-29T04:21:19.743Z,2024-05-18T20:40:15.921Z,2024-12-29T04:21:19.743Z
1267,9003480116,Meymouna,Baldé,Meymouna Baldé,F,1990-09-10,+22232599271,,3,Nouakchott-Sud,STANDARD,,SUSPENDED,2024-09-07,2024-12-20T19:06:41.644Z,2024-09-07T22:17:39.440Z,2024-12-20T19:06:41.644Z
1268,0101882460,Coumba,Diallo,Coumba Diallo,F,2001-01-16,+22224433487,coumba.diallo211@outlook.com,1,Nouakchott-Nord,STANDARD,,ACTIVE,2023-06-10,2024-02-05T04:16:23.131Z,2023-06-10T09:45:07.866Z,2024-02-05T04:16:23.131Z
1269,6103658560,El Khalil,Ould El Hacen,El Khalil Ould El Hacen,M,1961-06-27,+22236114087,elkhalil.ouldelhacen519@outlook.com,3,Nouakchott-Sud,ACTIVE,,ACTIVE,2023-10-25,2024-11-05T10:31:32.760Z,2023-10-25T00:54:53.854Z,2024-11-05T10:31:32.760Z
1270,0111643747,Cheikh Sidiya,Ould El Mamy,Cheikh Sidiya Ould El Mamy,M,2001-01-18,+22225609397,,11,Hodh El Gharbi,OCCASIONAL,,ACTIVE,2024-02-08,2024-04-04T12:31:43.305Z,2024-02-08T04:40:06.239Z,2024-04-04T12:31:43.305Z
1271,8401754166,Lehbib,Koné,Lehbib Koné,M,1984-06-26,+22223286655,,1,Nouakchott-Nord,OCCASIONAL,,ACTIVE,2024-12-20,2024-12-20T04:37:35.553Z,2024-12-20T02:07:05.444Z,2024-12-20T04:37:35.553Z
1272,9801416616,Abdallah,Thiaw,Abdallah Thiaw,M,1998-12-06,+22222055731,abdallah.thiaw702@gmail.com,1,Nouakchott-Nord,STANDARD,,ACTIVE,2022-07-26,2023-12-02T08:56:46.392Z,2022-07-26T03:45:35.820Z,2023-12-02T08:56:46.392Z
1273,0203751110,Mohamed Salem,Thiam,Mohamed Salem Thiam,M,2002-07-03,+22237043492,mohamedsalem.thiam85@outlook.com,3,Nouakchott-Sud,STANDARD,,ACTIVE,2024-10-21,2024-11-07T20:24:13.216Z,2024-10-21T06:12:54.484Z,2024-11-07T20:24:13.216Z
1274,7703584688,Abdoulaye,Tall,Abdoulaye Tall,M,1977-05-14,+22224932861,,3,Nouakchott-Sud,ACTIVE,,ACTIVE,2024-12-16,2024-12-19T14:18:29.216Z,2024-12-16T07:42:40.520Z,2024-12-19T14:18:29.216Z
1275,8904635746,Habiba,Mint El Ghassem,Habiba Mint El Ghassem,F,1989-12-27,+22223469670,,4,Dakhlet Nouadhibou,STANDARD,,ACTIVE,2023-10-24,2024-05-29T20:29:51.449Z,2023-10-24T13:51:33.254Z,2024-05-29T20:29:51.449Z
1276,8803122419,Daouda,Sarr,Daouda Sarr,M,1988-03-20,+22247394843,,3,Nouakchott-Sud,STANDARD,,ACTIVE,2022-10-02,2022-12-15T13:09:49.093Z,2022-10-02T23:35:22.161Z,2022-12-15T13:09:49.093Z
1277,6904726464,Ely,Ould Abdel Kader,Ely Ould Abdel Kader,M,1969-06-09,+22222773026,,4,Dakhlet Nouadhibou,ACTIVE,,ACTIVE,2022-03-28,2022-09-05T22:11:07.760Z,2022-03-28T12:03:26.079Z,2022-09-05T22:11:07.760Z
1278,7302688969,Hamoud,Bâ,Hamoud Bâ,M,1973-03-14,+22225682560,,2,Nouakchott-Ouest,STANDARD,,ACTIVE,2024-01-05,2024-03-30T10:09:19.691Z,2024-01-05T19:53:28.964Z,2024-03-30T10:09:19.691Z
1279,6303830711,Maty,Wane,Maty Wane,F,1963-12-23,+22232403533,maty.wane203@outlook.com,3,Nouakchott-Sud,OCCASIONAL,,ACTIVE,2024-12-12,2024-12-20T04:56:50.960Z,2024-12-12T01:07:37.417Z,2024-12-20T04:56:50.960Z
1280,6203260313,Hawa,Bathily,Hawa Bathily,F,1962-12-04,+22225905356,,3,Nouakchott-Sud,ACTIVE,,ACTIVE,2023-05-30,2023-12-18T22:00:57.337Z,2023-05-30T06:42:24.052Z,2023-12-18T22:00:57.337Z
1281,8110753601,Binta,Sarr,Binta Sarr,F,1981-11-02,+22223595724,,10,Hodh Ech Chargui,DORMANT,,ACTIVE,2022-02-26,2024-07-01T16:25:44.992Z,2022-02-26T12:12:03.482Z,2024-07-01T16:25:44.992Z
1282,7302038261,Habiboullah,Ould Ghali,Habiboullah Ould Ghali,M,1973-06-01,+22248651966,,2,Nouakchott-Ouest,OCCASIONAL,,ACTIVE,2022-10-29,2024-09-18T23:12:15.862Z,2022-10-29T09:11:12.107Z,2024-09-18T23:12:15.862Z
1283,9103442104,Mohamed Vall,Sène,Mohamed Vall Sène,M,1991-04-07,+22236931756,,3,Nouakchott-Sud,PREMIUM,,ACTIVE,2022-01-11,2023-09-08T22:19:11.969Z,2022-01-11T18:09:58.710Z,2023-09-08T22:19:11.969Z
1284,7404875241,Nana,Diop,Nana Diop,F,1974-02-13,+22233075979,,4,Dakhlet Nouadhibou,STANDARD,,ACTIVE,2022-01-15,2022-08-22T04:19:55.458Z,2022-01-15T15:57:57.873Z,2022-08-22T04:19:55.458Z
1285,9104808640,Khadijetou,Bâ,Khadijetou Bâ,F,1991-01-01,+22222448309,,4,Dakhlet Nouadhibou,OCCASIONAL,,ACTIVE,2024-07-01,2024-08-10T06:54:30.535Z,2024-07-01T14:13:34.103Z,2024-08-10T06:54:30.535Z
1286,9803669427,Hafsata,Mint Ethmane,Hafsata Mint Ethmane,F,1998-05-07,+22224644984,,3,Nouakchott-Sud,STANDARD,,ACTIVE,2022-09-15,2024-12-24T14:36:26.086Z,2022-09-15T17:43:41.828Z,2024-12-24T14:36:26.086Z
1287,6502128958,Naima,Mint Khatri,Naima Mint Khatri,F,1965-08-12,+22223922628,naima.mintkhatri832@outlook.com,2,Nouakchott-Ouest,ACTIVE,,PENDING_KYC,2024-06-21,2024-12-09T11:36:35.045Z,2024-06-21T03:41:48.709Z,2024-12-09T11:36:35.045Z
1288,7501028227,El Mokhtar,Diagana,El Mokhtar Diagana,M,1975-01-17,+22241536892,elmokhtar.diagana907@outlook.com,1,Nouakchott-Nord,ACTIVE,,ACTIVE,2022-09-14,2024-09-03T03:46:13.517Z,2022-09-14T03:55:31.182Z,2024-09-03T03:46:13.517Z
1289,9802658817,Mariam,Mint Eleya,Mariam Mint Eleya,F,1998-12-08,+22244535736,,2,Nouakchott-Ouest,STANDARD,,ACTIVE,2022-08-10,2023-01-07T08:39:07.306Z,2022-08-10T07:24:09.879Z,2023-01-07T08:39:07.306Z
1290,6511022490,Adja,Diakité,Adja Diakité,F,1965-05-02,+22235793241,adja.diakité699@yahoo.fr,11,Hodh El Gharbi,OCCASIONAL,,ACTIVE,2023-08-28,2023-09-07T23:49:46.322Z,2023-08-28T22:03:19.896Z,2023-09-07T23:49:46.322Z
1291,9903481666,Messoud,Ould Ahmedou,Messoud Ould Ahmedou,M,1999-10-28,+22223449018,messoud.ouldahmedou448@yahoo.fr,3,Nouakchott-Sud,DORMANT,,ACTIVE,2023-04-19,2023-11-19T03:31:10.185Z,2023-04-19T09:18:24.896Z,2023-11-19T03:31:10.185Z
1292,0112559418,Cellou,Diop,Cellou Diop,M,2001-12-02,+22225816191,cellou.diop399@hotmail.fr,12,Adrar,OCCASIONAL,,BLOCKED,2023-11-30,2024-06-27T00:07:46.410Z,2023-11-30T18:06:41.303Z,2024-06-27T00:07:46.410Z
1293,7715570125,Soueidatt,Ould Ethmane,Soueidatt Ould Ethmane,M,1977-08-22,+22235686637,soueidatt.ouldethmane851@outlook.com,15,Tiris Zemmour,ACTIVE,,INACTIVE,2023-09-24,2023-10-03T06:03:10.288Z,2023-09-24T18:13:47.705Z,2023-10-03T06:03:10.288Z
1294,6902875715,Mohamed Yahya,Ould El Mokhtar,Mohamed Yahya Ould El Mokhtar,M,1969-10-21,+22233104007,,2,Nouakchott-Ouest,ACTIVE,,ACTIVE,2023-05-06,2024-11-13T11:58:05.837Z,2023-05-06T21:27:43.037Z,2024-11-13T11:58:05.837Z
1295,9002773648,Noura,Mint Mahmoud,Noura Mint Mahmoud,F,1990-06-28,+22233138181,noura.mintmahmoud105@outlook.com,2,Nouakchott-Ouest,OCCASIONAL,,ACTIVE,2022-02-01,2022-03-06T09:02:21.684Z,2022-02-01T09:03:39.734Z,2022-03-06T09:02:21.684Z
1296,8104905670,Koumba,Bâ,Koumba Bâ,F,1981-07-20,+22224859511,,4,Dakhlet Nouadhibou,OCCASIONAL,,ACTIVE,2022-10-03,2023-12-16T02:51:21.774Z,2022-10-03T19:31:13.767Z,2023-12-16T02:51:21.774Z
1297,6402751814,Cheibany,Guèye,Cheibany Guèye,M,1964-09-28,+22234509821,cheibany.guèye678@gmail.com,2,Nouakchott-Ouest,ACTIVE,,ACTIVE,2022-07-29,2024-11-23T23:17:06.099Z,2022-07-29T04:55:06.056Z,2024-11-23T23:17:06.099Z
1298,8903270290,Aicha,Kouyaté,Aicha Kouyaté,F,1989-03-05,+22233629499,,3,Nouakchott-Sud,OCCASIONAL,,ACTIVE,2023-12-20,2023-12-25T23:21:00.098Z,2023-12-20T03:59:15.620Z,2023-12-25T23:21:00.098Z
1299,8705355722,Yahya,Niang,Yahya Niang,M,1987-06-13,+22242919388,,5,Trarza,STANDARD,,ACTIVE,2024-06-27,2024-11-01T11:15:00.876Z,2024-06-27T02:28:33.327Z,2024-11-01T11:15:00.876Z
1300,7303218026,Abdourahmane,Mbaye,Abdourahmane Mbaye,M,1973-03-05,+22233063234,,3,Nouakchott-Sud,ACTIVE,,ACTIVE,2023-03-22,2024-10-11T05:06:07.627Z,2023-03-22T07:11:34.604Z,2024-10-11T05:06:07.627Z
1301,9302279259,Abdel Aziz,Wane,Abdel Aziz Wane,M,1993-08-13,+22222399539,,2,Nouakchott-Ouest,STANDARD,,ACTIVE,2023-09-10,2024-03-12T04:13:40.303Z,2023-09-10T12:56:34.233Z,2024-03-12T04:13:40.303Z
1302,0307293475,Jemila,Bah,Jemila Bah,F,2003-03-06,+22232163574,jemila.bah117@hotmail.fr,7,Gorgol,ACTIVE,,SUSPENDED,2022-12-21,2024-09-30T17:53:53.006Z,2022-12-21T00:07:02.435Z,2024-09-30T17:53:53.006Z
1303,0406906410,Mohamed Yahya,Ould Abdel Aziz,Mohamed Yahya Ould Abdel Aziz,M,2004-01-25,+22225958151,,6,Brakna,OCCASIONAL,,ACTIVE,2024-08-07,2024-12-28T12:34:03.810Z,2024-08-07T14:17:20.443Z,2024-12-28T12:34:03.810Z
1304,9710167551,Meymouna,Thiaw,Meymouna Thiaw,F,1997-09-08,+22247048849,,10,Hodh Ech Chargui,ACTIVE,,ACTIVE,2022-01-08,2023-01-30T09:51:19.844Z,2022-01-08T10:15:52.251Z,2023-01-30T09:51:19.844Z
1305,8607328307,Sidi Mohamed,Bathily,Sidi Mohamed Bathily,M,1986-03-25,+22222631447,,7,Gorgol,STANDARD,,ACTIVE,2023-04-23,2023-08-02T07:35:47.743Z,2023-04-23T06:21:17.303Z,2023-08-02T07:35:47.743Z
1306,7602499322,Khadijetou,Diagana,Khadijetou Diagana,F,1976-04-18,+22233866697,,2,Nouakchott-Ouest,OCCASIONAL,,ACTIVE,2024-05-11,2024-06-27T23:45:00.345Z,2024-05-11T18:19:06.291Z,2024-06-27T23:45:00.345Z
1307,6203232558,Ablaye,Fall,Ablaye Fall,M,1962-10-03,+22224880153,ablaye.fall459@yahoo.fr,3,Nouakchott-Sud,STANDARD,,ACTIVE,2022-02-15,2024-11-28T06:45:21.087Z,2022-02-15T21:26:57.958Z,2024-11-28T06:45:21.087Z
1308,6402051682,Hapsatou,Diarra,Hapsatou Diarra,F,1964-04-07,+22224638297,,2,Nouakchott-Ouest,STANDARD,,ACTIVE,2023-11-25,2024-07-31T15:05:40.915Z,2023-11-25T22:57:41.531Z,2024-07-31T15:05:40.915Z
1309,6701646123,Mahjouba,Mint Bouha,Mahjouba Mint Bouha,F,1967-05-26,+22222197206,mahjouba.mintbouha243@outlook.com,1,Nouakchott-Nord,STANDARD,,ACTIVE,2024-11-25,2024-12-11T07:12:11.244Z,2024-11-25T04:27:13.087Z,2024-12-11T07:12:11.244Z
1310,6702846283,Rokaya,Diakité,Rokaya Diakité,F,1967-08-01,+22225565968,,2,Nouakchott-Ouest,OCCASIONAL,,ACTIVE,2022-10-17,2024-07-10T01:10:16.851Z,2022-10-17T10:49:32.844Z,2024-07-10T01:10:16.851Z
1311,0201830149,Minetou,Mint Wedadi,Minetou Mint Wedadi,F,2002-06-13,+22225787227,minetou.mintwedadi456@gmail.com,1,Nouakchott-Nord,OCCASIONAL,,ACTIVE,2024-04-08,2024-11-26T15:11:21.582Z,2024-04-08T10:54:01.267Z,2024-11-26T15:11:21.582Z
1312,8504935598,Rokaya,Mint Hamoud,Rokaya Mint Hamoud,F,1985-08-13,+22222515217,rokaya.minthamoud734@hotmail.fr,4,Dakhlet Nouadhibou,STANDARD,,ACTIVE,2022-05-12,2024-08-01T00:32:06.454Z,2022-05-12T03:28:31.668Z,2024-08-01T00:32:06.454Z
1313,7904053064,Hapsatou,Anne,Hapsatou Anne,F,1979-09-18,+22222156481,,4,Dakhlet Nouadhibou,STANDARD,,PENDING_KYC,2022-09-06,2023-02-01T13:24:15.184Z,2022-09-06T01:56:02.605Z,2023-02-01T13:24:15.184Z
1314,6503740779,Ely,Ndour,Ely Ndour,M,1965-03-15,+22245532209,,3,Nouakchott-Sud,STANDARD,,ACTIVE,2023-05-03,2024-10-04T11:28:05.048Z,2023-05-03T07:34:04.292Z,2024-10-04T11:28:05.048Z
1315,7202663286,Sidina,Ould Abeih,Sidina Ould Abeih,M,1972-03-10,+22235659549,sidina.ouldabeih206@hotmail.fr,2,Nouakchott-Ouest,STANDARD,,ACTIVE,2022-05-05,2023-09-29T09:31:00.567Z,2022-05-05T12:40:44.675Z,2023-09-29T09:31:00.567Z
1316,6703410797,Hamady,Soumaré,Hamady Soumaré,M,1967-01-27,+22237333350,,3,Nouakchott-Sud,ACTIVE,,PENDING_KYC,2023-02-07,2023-11-23T01:59:56.799Z,2023-02-07T09:51:05.881Z,2023-11-23T01:59:56.799Z
1317,6905273518,Sadio,Ly,Sadio Ly,M,1969-03-19,+22225047847,sadio.ly585@hotmail.fr,5,Trarza,STANDARD,,INACTIVE,2023-10-13,2024-06-29T13:02:09.313Z,2023-10-13T07:44:50.948Z,2024-06-29T13:02:09.313Z
1318,7107126475,Oumou,Ba,Oumou Ba,F,1971-12-03,+22224148651,,7,Gorgol,ACTIVE,,BLOCKED,2024-08-18,2024-12-15T16:56:59.454Z,2024-08-18T15:42:08.340Z,2024-12-15T16:56:59.454Z
1319,6505126522,Taleb,Ould Maloum,Taleb Ould Maloum,M,1965-01-21,+22237286811,taleb.ouldmaloum668@yahoo.fr,5,Trarza,STANDARD,,ACTIVE,2024-02-01,2024-04-02T02:33:40.228Z,2024-02-01T07:20:35.577Z,2024-04-02T02:33:40.228Z
1320,0202665113,Yacine,Kanouté,Yacine Kanouté,F,2002-08-18,+22233974541,yacine.kanouté127@hotmail.fr,2,Nouakchott-Ouest,STANDARD,,ACTIVE,2023-08-21,2023-11-06T03:08:14.554Z,2023-08-21T12:12:41.737Z,2023-11-06T03:08:14.554Z
1321,6204912464,Ghali,Tall,Ghali Tall,M,1962-03-28,+22223715230,,4,Dakhlet Nouadhibou,PREMIUM,,ACTIVE,2022-07-19,2024-09-17T13:50:47.764Z,2022-07-19T23:16:25.227Z,2024-09-17T13:50:47.764Z
1322,6206558349,Alassane,Barry,Alassane Barry,M,1962-03-17,+22225698777,alassane.barry76@gmail.com,6,Brakna,ACTIVE,,ACTIVE,2024-08-02,2024-10-23T23:56:42.368Z,2024-08-02T13:22:00.675Z,2024-10-23T23:56:42.368Z
1323,6207778748,Yahya,Ly,Yahya Ly,M,1962-01-20,+22222597927,,7,Gorgol,ACTIVE,,ACTIVE,2024-09-15,2024-10-07T06:21:37.185Z,2024-09-15T05:45:54.399Z,2024-10-07T06:21:37.185Z
1324,0403042520,Ghalia,Mint Abdallah,Ghalia Mint Abdallah,F,2004-12-28,+22235149962,,3,Nouakchott-Sud,STANDARD,,ACTIVE,2022-08-17,2024-08-01T23:51:55.903Z,2022-08-17T05:08:15.468Z,2024-08-01T23:51:55.903Z
1325,9002047990,Sira,Diop,Sira Diop,F,1990-02-18,+22223240266,,2,Nouakchott-Ouest,STANDARD,,ACTIVE,2024-10-09,2024-11-27T09:31:09.268Z,2024-10-09T21:42:13.113Z,2024-11-27T09:31:09.268Z
1326,8903409711,Bakary,Fall,Bakary Fall,M,1989-04-04,+22233423238,,3,Nouakchott-Sud,STANDARD,,ACTIVE,2022-07-14,2024-01-03T10:17:33.228Z,2022-07-14T11:45:28.386Z,2024-01-03T10:17:33.228Z
1327,6804947974,Ahmed Baba,Ould Nenni,Ahmed Baba Ould Nenni,M,1968-02-27,+22246066727,ahmedbaba.ouldnenni702@gmail.com,4,Dakhlet Nouadhibou,OCCASIONAL,,ACTIVE,2023-12-26,2024-03-24T15:05:36.664Z,2023-12-26T22:42:17.221Z,2024-03-24T15:05:36.664Z
1328,7703998890,Ahmed Baba,Diallo,Ahmed Baba Diallo,M,1977-04-08,+22242974366,,3,Nouakchott-Sud,OCCASIONAL,,ACTIVE,2022-11-27,2024-05-03T09:06:55.942Z,2022-11-27T02:31:11.664Z,2024-05-03T09:06:55.942Z
1329,0302877883,Habiba,Faye,Habiba Faye,F,2003-05-04,+22246141008,,2,Nouakchott-Ouest,PREMIUM,,ACTIVE,2024-01-28,2024-08-03T08:50:28.836Z,2024-01-28T07:35:46.689Z,2024-08-03T08:50:28.836Z
1330,8004024839,Mohamed Lemine,Ould Abdallah,Mohamed Lemine Ould Abdallah,M,1980-05-21,+22237910430,,4,Dakhlet Nouadhibou,STANDARD,,ACTIVE,2023-01-06,2024-07-10T02:17:32.968Z,2023-01-06T07:46:23.222Z,2024-07-10T02:17:32.968Z
1331,0403841404,Sakouba,Anne,Sakouba Anne,M,2004-05-01,+22236185888,,3,Nouakchott-Sud,ACTIVE,,ACTIVE,2022-10-19,2024-11-30T16:57:03.304Z,2022-10-19T13:17:07.226Z,2024-11-30T16:57:03.304Z
1332,6414328435,Messoud,Diallo,Messoud Diallo,M,1964-03-08,+22237377071,messoud.diallo201@hotmail.fr,14,Inchiri,OCCASIONAL,,ACTIVE,2023-11-26,2023-12-10T03:42:45.926Z,2023-11-26T04:40:44.159Z,2023-12-10T03:42:45.926Z
1333,7602583078,Jemila,Mint Vall,Jemila Mint Vall,F,1976-06-03,+22222287063,,2,Nouakchott-Ouest,VIP,,PENDING_KYC,2022-05-05,2022-09-29T11:26:06.054Z,2022-05-05T05:43:27.177Z,2022-09-29T11:26:06.054Z
1334,9902410218,Yahya,Baldé,Yahya Baldé,M,1999-01-28,+22224056641,yahya.baldé92@outlook.com,2,Nouakchott-Ouest,STANDARD,,PENDING_KYC,2024-08-20,2024-08-29T03:18:36.632Z,2024-08-20T14:57:02.616Z,2024-08-29T03:18:36.632Z
1335,9801253187,Abdel Aziz,Ndiaye,Abdel Aziz Ndiaye,M,1998-12-26,+22232607319,,1,Nouakchott-Nord,STANDARD,,ACTIVE,2023-03-10,2023-06-13T14:16:32.020Z,2023-03-10T18:17:21.263Z,2023-06-13T14:16:32.020Z
1336,7902556880,Mariam,Mint Cheikh,Mariam Mint Cheikh,F,1979-10-27,+22222490386,,2,Nouakchott-Ouest,OCCASIONAL,,ACTIVE,2022-09-25,2024-05-25T14:48:21.648Z,2022-09-25T13:12:49.535Z,2024-05-25T14:48:21.648Z
1337,7901709036,Maloum,Ould Ahmed,Maloum Ould Ahmed,M,1979-08-08,+22223546148,,1,Nouakchott-Nord,ACTIVE,,ACTIVE,2022-12-04,2024-07-28T22:36:11.114Z,2022-12-04T19:49:37.202Z,2024-07-28T22:36:11.114Z
1338,8301192453,Yacine,Dia,Yacine Dia,F,1983-07-13,+22222760093,,1,Nouakchott-Nord,OCCASIONAL,,ACTIVE,2024-07-18,2024-07-30T08:39:31.695Z,2024-07-18T20:45:47.697Z,2024-07-30T08:39:31.695Z
1339,6902479377,Vall,Mbaye,Vall Mbaye,M,1969-04-07,+22234161350,vall.mbaye847@yahoo.fr,2,Nouakchott-Ouest,OCCASIONAL,,ACTIVE,2024-05-24,2024-08-20T10:17:10.730Z,2024-05-24T10:27:06.866Z,2024-08-20T10:17:10.730Z
1340,9301654334,Vadel,Ould El Mamy,Vadel Ould El Mamy,M,1993-04-27,+22222963610,,1,Nouakchott-Nord,ACTIVE,,ACTIVE,2022-07-04,2023-08-18T21:06:42.610Z,2022-07-04T19:01:14.439Z,2023-08-18T21:06:42.610Z
1341,9605542584,Saadbouh,Ould El Hacen,Saadbouh Ould El Hacen,M,1996-07-13,+22223120352,,5,Trarza,STANDARD,,ACTIVE,2022-02-14,2023-08-26T19:14:23.489Z,2022-02-14T00:26:02.185Z,2023-08-26T19:14:23.489Z
1342,8906180046,Fodié,Gaye,Fodié Gaye,M,1989-12-22,+22233222223,fodié.gaye624@yahoo.fr,6,Brakna,DORMANT,,ACTIVE,2024-07-31,2024-12-10T13:07:41.174Z,2024-07-31T12:09:17.817Z,2024-12-10T13:07:41.174Z
1343,8301350493,Aminetou,Camara,Aminetou Camara,F,1983-09-19,+22242886987,aminetou.camara511@hotmail.fr,1,Nouakchott-Nord,OCCASIONAL,,ACTIVE,2022-11-07,2023-10-25T07:30:02.740Z,2022-11-07T03:57:01.093Z,2023-10-25T07:30:02.740Z
1344,6705947525,Fanta,Sy,Fanta Sy,F,1967-10-03,+22242053386,fanta.sy392@outlook.com,5,Trarza,DORMANT,,ACTIVE,2023-06-28,2024-04-25T00:57:14.806Z,2023-06-28T23:49:18.884Z,2024-04-25T00:57:14.806Z
1345,8815158174,Brahim,Baldé,Brahim Baldé,M,1988-12-22,+22222100551,brahim.baldé234@gmail.com,15,Tiris Zemmour,OCCASIONAL,,ACTIVE,2024-06-30,2024-12-19T01:50:26.852Z,2024-06-30T10:57:40.342Z,2024-12-19T01:50:26.852Z
1346,0201517758,Maty,Guèye,Maty Guèye,F,2002-01-27,+22243353360,maty.guèye476@gmail.com,1,Nouakchott-Nord,ACTIVE,,ACTIVE,2023-01-12,2023-09-17T23:19:18.037Z,2023-01-12T19:00:07.218Z,2023-09-17T23:19:18.037Z
1347,6902176753,Mbareck,Fall,Mbareck Fall,M,1969-07-21,+22241241827,,2,Nouakchott-Ouest,OCCASIONAL,,ACTIVE,2022-05-10,2024-02-19T03:10:44.546Z,2022-05-10T17:43:54.688Z,2024-02-19T03:10:44.546Z
1348,9702907071,Cheikh Sidiya,Ndour,Cheikh Sidiya Ndour,M,1997-11-25,+22247397275,cheikhsidiya.ndour413@outlook.com,2,Nouakchott-Ouest,ACTIVE,,ACTIVE,2023-12-16,2024-08-24T01:46:02.072Z,2023-12-16T19:46:26.985Z,2024-08-24T01:46:02.072Z
1349,8207434761,Khadija,Mint Vadel,Khadija Mint Vadel,F,1982-08-11,+22225362324,,7,Gorgol,STANDARD,,ACTIVE,2024-05-21,2024-09-11T05:08:53.254Z,2024-05-21T09:12:23.661Z,2024-09-11T05:08:53.254Z
1350,6801316409,Abdel Rahman,Wane,Abdel Rahman Wane,M,1968-07-23,+22236317749,,1,Nouakchott-Nord,ACTIVE,,PENDING_KYC,2022-08-15,2023-07-10T00:37:58.376Z,2022-08-15T07:41:03.573Z,2023-07-10T00:37:58.376Z
1351,7603253950,Idrissa,Diarra,Idrissa Diarra,M,1976-08-16,+22245403444,,3,Nouakchott-Sud,ACTIVE,,ACTIVE,2023-04-22,2023-09-12T23:52:19.556Z,2023-04-22T19:21:30.988Z,2023-09-12T23:52:19.556Z
1352,6409942240,Saadbouh,Sow,Saadbouh Sow,M,1964-10-03,+22235914561,,9,Assaba,STANDARD,,ACTIVE,2023-02-20,2023-09-21T05:21:51.650Z,2023-02-20T15:35:18.661Z,2023-09-21T05:21:51.650Z
1353,9802161546,Bocar,Ndiaye,Bocar Ndiaye,M,1998-12-21,+22232697646,,2,Nouakchott-Ouest,STANDARD,,ACTIVE,2022-07-08,2024-12-16T21:38:04.296Z,2022-07-08T18:08:55.539Z,2024-12-16T21:38:04.296Z
1354,6402850061,Aissata,Mint Soufi,Aissata Mint Soufi,F,1964-10-09,+22232968007,,2,Nouakchott-Ouest,OCCASIONAL,,ACTIVE,2022-08-13,2023-01-02T03:36:11.275Z,2022-08-13T19:11:44.112Z,2023-01-02T03:36:11.275Z
1355,7101052477,Nouh,Ould Khalil,Nouh Ould Khalil,M,1971-08-01,+22222353305,,1,Nouakchott-Nord,OCCASIONAL,,ACTIVE,2022-10-05,2023-09-17T18:36:21.245Z,2022-10-05T03:24:36.900Z,2023-09-17T18:36:21.245Z
1356,9503430093,Adama,Sow,Adama Sow,F,1995-03-19,+22224094312,,3,Nouakchott-Sud,STANDARD,,ACTIVE,2022-11-08,2022-11-16T07:01:59.131Z,2022-11-08T12:23:29.181Z,2022-11-16T07:01:59.131Z
1357,7002410734,Mokhtar,Ould Hadrami,Mokhtar Ould Hadrami,M,1970-11-11,+22236525062,,2,Nouakchott-Ouest,DORMANT,,SUSPENDED,2024-10-25,2024-11-04T01:51:56.485Z,2024-10-25T02:03:36.080Z,2024-11-04T01:51:56.485Z
1358,0103821364,Cheikhna,Faye,Cheikhna Faye,M,2001-02-18,+22222508636,,3,Nouakchott-Sud,STANDARD,,ACTIVE,2024-05-22,2024-11-04T11:07:27.193Z,2024-05-22T22:04:13.681Z,2024-11-04T11:07:27.193Z
1359,6803485273,Aichetou,Mint Lemrabott,Aichetou Mint Lemrabott,F,1968-05-17,+22232221164,,3,Nouakchott-Sud,STANDARD,,ACTIVE,2022-09-15,2023-09-10T06:56:56.900Z,2022-09-15T17:40:35.739Z,2023-09-10T06:56:56.900Z
1360,8201866236,Vatma,Mint Eleya,Vatma Mint Eleya,F,1982-04-18,+22232067785,,1,Nouakchott-Nord,STANDARD,,ACTIVE,2024-02-16,2024-11-18T22:57:51.704Z,2024-02-16T19:43:10.614Z,2024-11-18T22:57:51.704Z
1361,7903126378,Malouma,Mint Isselmou,Malouma Mint Isselmou,F,1979-08-07,+22233827049,,3,Nouakchott-Sud,STANDARD,,INACTIVE,2024-02-22,2024-05-30T22:58:27.205Z,2024-02-22T04:49:45.833Z,2024-05-30T22:58:27.205Z
1362,0307758976,Saidou,Barry,Saidou Barry,M,2003-12-07,+22234271688,saidou.barry418@gmail.com,7,Gorgol,STANDARD,,ACTIVE,2022-03-07,2024-01-07T00:40:28.628Z,2022-03-07T23:40:18.855Z,2024-01-07T00:40:28.628Z
1363,9901554890,Horma,Thiam,Horma Thiam,M,1999-03-15,+22237703538,horma.thiam533@gmail.com,1,Nouakchott-Nord,DORMANT,,ACTIVE,2023-01-19,2023-09-13T14:39:45.283Z,2023-01-19T13:23:38.710Z,2023-09-13T14:39:45.283Z
1364,6503350158,Cheikh,Barry,Cheikh Barry,M,1965-08-22,+22237210332,cheikh.barry250@yahoo.fr,3,Nouakchott-Sud,OCCASIONAL,,ACTIVE,2023-04-18,2023-06-08T18:49:09.928Z,2023-04-18T11:40:43.351Z,2023-06-08T18:49:09.928Z
1365,6815288660,Ibrahima,Fall,Ibrahima Fall,M,1968-10-18,+22235071541,,15,Tiris Zemmour,STANDARD,,PENDING_KYC,2023-10-03,2024-01-28T23:27:11.958Z,2023-10-03T03:18:24.643Z,2024-01-28T23:27:11.958Z
1366,9901004823,Massamba,Yatabaré,Massamba Yatabaré,M,1999-08-07,+22245887700,,1,Nouakchott-Nord,STANDARD,,ACTIVE,2024-06-07,2024-08-12T12:46:30.032Z,2024-06-07T23:20:52.151Z,2024-08-12T12:46:30.032Z
1367,9802657221,Abdoul,Sy,Abdoul Sy,M,1998-12-07,+22232892473,,2,Nouakchott-Ouest,STANDARD,,ACTIVE,2023-09-26,2023-12-31T06:36:20.905Z,2023-09-26T11:22:57.516Z,2023-12-31T06:36:20.905Z
1368,8803773815,Houda,Mint Brahim,Houda Mint Brahim,F,1988-06-23,+22225859853,,3,Nouakchott-Sud,ACTIVE,,ACTIVE,2022-09-12,2023-09-16T18:01:24.501Z,2022-09-12T20:57:49.201Z,2023-09-16T18:01:24.501Z
1369,9601760908,Koumba,Diakité,Koumba Diakité,F,1996-07-05,+22223735798,,1,Nouakchott-Nord,STANDARD,,ACTIVE,2023-05-25,2024-04-08T18:00:24.035Z,2023-05-25T10:53:44.590Z,2024-04-08T18:00:24.035Z
1370,0402735045,Ndèye,Diallo,Ndèye Diallo,F,2004-07-02,+22225618354,,2,Nouakchott-Ouest,OCCASIONAL,,PENDING_KYC,2023-02-18,2023-12-10T14:30:44.477Z,2023-02-18T17:41:11.171Z,2023-12-10T14:30:44.477Z
1371,6614587120,Harouna,Tall,Harouna Tall,M,1966-09-24,+22223776365,,14,Inchiri,STANDARD,,ACTIVE,2022-07-28,2024-10-31T21:55:46.744Z,2022-07-28T22:13:55.659Z,2024-10-31T21:55:46.744Z
1372,7402788477,Ghali,Ould Messoud,Ghali Ould Messoud,M,1974-02-21,+22235715902,,2,Nouakchott-Ouest,DORMANT,,ACTIVE,2024-01-06,2024-06-26T22:32:46.662Z,2024-01-06T06:30:36.262Z,2024-06-26T22:32:46.662Z
1373,9701890992,Jemila,Mint Isselmou,Jemila Mint Isselmou,F,1997-12-09,+22222363624,,1,Nouakchott-Nord,DORMANT,,ACTIVE,2024-11-01,2024-12-17T21:17:33.538Z,2024-11-01T00:03:42.823Z,2024-12-17T21:17:33.538Z
1374,7405275190,Salem,Ould Taleb,Salem Ould Taleb,M,1974-10-16,+22235613995,salem.ouldtaleb620@yahoo.fr,5,Trarza,STANDARD,,ACTIVE,2024-04-04,2024-09-26T14:47:18.647Z,2024-04-04T05:15:01.874Z,2024-09-26T14:47:18.647Z
1375,0202176323,Maimouna,Sow,Maimouna Sow,F,2002-03-26,+22225247430,maimouna.sow226@outlook.com,2,Nouakchott-Ouest,ACTIVE,,ACTIVE,2023-06-23,2023-10-06T05:04:06.115Z,2023-06-23T17:22:49.831Z,2023-10-06T05:04:06.115Z
1376,8105278573,Sidiki,Kouyaté,Sidiki Kouyaté,M,1981-01-20,+22233476909,sidiki.kouyaté516@hotmail.fr,5,Trarza,STANDARD,,ACTIVE,2022-12-15,2024-12-15T00:32:50.492Z,2022-12-15T08:31:58.093Z,2024-12-15T00:32:50.492Z
1377,0001466861,Gaoussou,Koita,Gaoussou Koita,M,2000-06-26,+22232373247,,1,Nouakchott-Nord,OCCASIONAL,,SUSPENDED,2022-04-03,2022-12-28T06:41:28.310Z,2022-04-03T18:19:11.384Z,2022-12-28T06:41:28.310Z
1378,8603820287,Koumba,Faye,Koumba Faye,F,1986-10-04,+22237388717,koumba.faye444@hotmail.fr,3,Nouakchott-Sud,STANDARD,,ACTIVE,2023-07-15,2023-10-10T10:55:06.967Z,2023-07-15T10:36:01.170Z,2023-10-10T10:55:06.967Z
1379,0006211763,Maguette,Sall,Maguette Sall,F,2000-08-13,+22247968561,maguette.sall680@outlook.com,6,Brakna,OCCASIONAL,,ACTIVE,2023-10-04,2024-07-27T11:30:01.024Z,2023-10-04T19:24:56.010Z,2024-07-27T11:30:01.024Z
1380,0303236412,Sambou,Dramé,Sambou Dramé,M,2003-04-15,+22223977234,sambou.dramé983@yahoo.fr,3,Nouakchott-Sud,ACTIVE,,ACTIVE,2023-03-17,2024-03-02T06:52:39.070Z,2023-03-17T03:23:58.409Z,2024-03-02T06:52:39.070Z
1381,9207365372,Oumou,Mint Hadrami,Oumou Mint Hadrami,F,1992-04-15,+22225111473,oumou.minthadrami753@gmail.com,7,Gorgol,OCCASIONAL,,ACTIVE,2024-12-09,2024-12-15T09:27:59.618Z,2024-12-09T12:08:14.345Z,2024-12-15T09:27:59.618Z
1382,0401224564,Mariam,Mint Hamadi,Mariam Mint Hamadi,F,2004-05-04,+22225543055,mariam.minthamadi182@outlook.com,1,Nouakchott-Nord,ACTIVE,,ACTIVE,2023-11-09,2024-08-14T18:46:41.058Z,2023-11-09T02:06:25.887Z,2024-08-14T18:46:41.058Z
1383,9702683959,Nagi,Thiaw,Nagi Thiaw,M,1997-06-11,+22247973680,,2,Nouakchott-Ouest,STANDARD,,ACTIVE,2023-06-10,2024-03-04T12:55:48.038Z,2023-06-10T02:25:08.531Z,2024-03-04T12:55:48.038Z
1384,6502259447,Djenaba,Bâ,Djenaba Bâ,F,1965-01-01,+22241073243,,2,Nouakchott-Ouest,PREMIUM,,ACTIVE,2024-05-26,2024-11-02T12:28:37.518Z,2024-05-26T06:24:41.902Z,2024-11-02T12:28:37.518Z
1385,7012993832,Doudou,Diallo,Doudou Diallo,M,1970-01-17,+22234249774,doudou.diallo137@hotmail.fr,12,Adrar,ACTIVE,,ACTIVE,2023-07-20,2024-03-25T01:24:40.067Z,2023-07-20T03:36:49.242Z,2024-03-25T01:24:40.067Z
1386,9101046359,Kelthoum,Diarra,Kelthoum Diarra,F,1991-03-17,+22237792771,,1,Nouakchott-Nord,STANDARD,,ACTIVE,2024-02-06,2024-05-31T05:09:09.303Z,2024-02-06T02:35:06.645Z,2024-05-31T05:09:09.303Z
1387,9601533119,Mounina,Mint Limam,Mounina Mint Limam,F,1996-06-02,+22233329365,mounina.mintlimam836@outlook.com,1,Nouakchott-Nord,OCCASIONAL,,ACTIVE,2022-12-04,2023-08-05T20:37:58.581Z,2022-12-04T15:54:36.692Z,2023-08-05T20:37:58.581Z
1388,9601281737,Codou,Bathily,Codou Bathily,F,1996-02-16,+22234647459,,1,Nouakchott-Nord,OCCASIONAL,,ACTIVE,2023-06-08,2024-04-21T21:33:32.738Z,2023-06-08T14:49:54.358Z,2024-04-21T21:33:32.738Z
1389,8515556791,Fatima,Dia,Fatima Dia,F,1985-09-26,+22236146180,fatima.dia273@yahoo.fr,15,Tiris Zemmour,VIP,,PENDING_KYC,2024-11-19,2024-12-01T03:24:01.151Z,2024-11-19T13:23:32.197Z,2024-12-01T03:24:01.151Z
1390,8811256102,El Mokhtar,Ould Hadrami,El Mokhtar Ould Hadrami,M,1988-03-09,+22236322059,,11,Hodh El Gharbi,ACTIVE,,SUSPENDED,2022-04-30,2023-07-12T20:12:59.494Z,2022-04-30T07:58:49.094Z,2023-07-12T20:12:59.494Z
1391,6805520376,Moussa,Diallo,Moussa Diallo,M,1968-06-12,+22233663574,moussa.diallo601@hotmail.fr,5,Trarza,STANDARD,,ACTIVE,2024-05-29,2024-09-03T21:27:42.661Z,2024-05-29T22:58:12.716Z,2024-09-03T21:27:42.661Z
1392,0415248723,Habiba,Mint Moulaye,Habiba Mint Moulaye,F,2004-04-24,+22237118876,,15,Tiris Zemmour,OCCASIONAL,,ACTIVE,2022-02-24,2024-01-25T09:43:40.472Z,2022-02-24T00:15:38.591Z,2024-01-25T09:43:40.472Z
1393,0204744056,Leila,Kanouté,Leila Kanouté,F,2002-04-03,+22223998951,leila.kanouté839@gmail.com,4,Dakhlet Nouadhibou,OCCASIONAL,,ACTIVE,2024-06-01,2024-08-30T09:38:49.273Z,2024-06-01T20:14:46.501Z,2024-08-30T09:38:49.273Z
1394,0314138336,Bakary,Dieng,Bakary Dieng,M,2003-12-22,+22224848404,,14,Inchiri,OCCASIONAL,,ACTIVE,2022-01-16,2022-10-31T09:42:59.680Z,2022-01-16T03:53:33.800Z,2022-10-31T09:42:59.680Z
1395,6304483817,Youssouf,Sène,Youssouf Sène,M,1963-09-22,+22233694557,,4,Dakhlet Nouadhibou,STANDARD,,ACTIVE,2024-01-19,2024-12-13T19:23:09.386Z,2024-01-19T06:22:08.056Z,2024-12-13T19:23:09.386Z
1396,8704901111,Pape,Soumaré,Pape Soumaré,M,1987-11-09,+22236429429,pape.soumaré391@gmail.com,4,Dakhlet Nouadhibou,STANDARD,,ACTIVE,2022-09-23,2024-07-13T14:13:07.612Z,2022-09-23T07:42:04.593Z,2024-07-13T14:13:07.612Z
1397,8801288443,Khadijetou,Sakho,Khadijetou Sakho,F,1988-07-25,+22247060459,,1,Nouakchott-Nord,OCCASIONAL,,ACTIVE,2022-07-20,2024-11-09T02:40:08.946Z,2022-07-20T05:26:43.187Z,2024-11-09T02:40:08.946Z
1398,9308724676,Fatima,Mint Mohamed,Fatima Mint Mohamed,F,1993-10-24,+22236686753,,8,Guidimaka,STANDARD,,ACTIVE,2022-10-03,2023-07-04T14:57:23.365Z,2022-10-03T05:23:29.299Z,2023-07-04T14:57:23.365Z
1399,9503558173,Mounina,Doucouré,Mounina Doucouré,F,1995-03-25,+22236117245,mounina.doucouré130@gmail.com,3,Nouakchott-Sud,STANDARD,,ACTIVE,2024-09-26,2024-11-18T10:34:37.718Z,2024-09-26T22:34:14.679Z,2024-11-18T10:34:37.718Z
1400,9601550769,Aissata,Bah,Aissata Bah,F,1996-09-15,+22225748376,aissata.bah851@hotmail.fr,1,Nouakchott-Nord,STANDARD,,ACTIVE,2023-12-05,2024-10-04T05:37:45.161Z,2023-12-05T06:36:51.655Z,2024-10-04T05:37:45.161Z
1401,8704332883,Meymouna,Mint Lemrabott,Meymouna Mint Lemrabott,F,1987-09-10,+22223170356,,4,Dakhlet Nouadhibou,PREMIUM,,ACTIVE,2023-12-01,2024-12-22T07:37:52.954Z,2023-12-01T23:10:31.543Z,2024-12-22T07:37:52.954Z
1402,9502305431,Hamadi,Koita,Hamadi Koita,M,1995-04-06,+22233503760,,2,Nouakchott-Ouest,STANDARD,,ACTIVE,2024-07-02,2024-07-17T03:36:20.645Z,2024-07-02T18:55:07.882Z,2024-07-17T03:36:20.645Z
1403,7602143429,Rokaya,Ba,Rokaya Ba,F,1976-02-03,+22222024433,,2,Nouakchott-Ouest,OCCASIONAL,,ACTIVE,2023-10-11,2024-06-03T07:46:40.181Z,2023-10-11T05:53:30.430Z,2024-06-03T07:46:40.181Z
1404,8001462775,Khadijetou,Mint Isselmou,Khadijetou Mint Isselmou,F,1980-11-17,+22222378608,khadijetou.mintisselmou818@hotmail.fr,1,Nouakchott-Nord,STANDARD,,PENDING_KYC,2023-06-18,2024-08-09T19:08:48.263Z,2023-06-18T12:31:52.899Z,2024-08-09T19:08:48.263Z
1405,0202856339,Kelthoum,Mint Ghali,Kelthoum Mint Ghali,F,2002-06-15,+22241162360,kelthoum.mintghali921@gmail.com,2,Nouakchott-Ouest,STANDARD,,ACTIVE,2024-06-19,2024-08-26T02:53:51.202Z,2024-06-19T21:54:13.479Z,2024-08-26T02:53:51.202Z
1406,7002081413,Safiya,Mint Salem,Safiya Mint Salem,F,1970-01-24,+22232105039,,2,Nouakchott-Ouest,ACTIVE,,ACTIVE,2024-07-02,2024-07-09T07:22:26.534Z,2024-07-02T07:28:42.889Z,2024-07-09T07:22:26.534Z
1407,9104121525,Bintou,Tall,Bintou Tall,F,1991-10-24,+22223003086,,4,Dakhlet Nouadhibou,OCCASIONAL,,ACTIVE,2023-01-12,2024-04-12T21:16:43.539Z,2023-01-12T01:58:16.362Z,2024-04-12T21:16:43.539Z
1408,6805308459,Mbarka,Mint Horma,Mbarka Mint Horma,F,1968-02-03,+22222245166,mbarka.minthorma76@hotmail.fr,5,Trarza,PREMIUM,,ACTIVE,2024-01-02,2024-02-27T18:53:48.749Z,2024-01-02T19:00:56.581Z,2024-02-27T18:53:48.749Z
1409,6002460884,Houda,Mint Messoud,Houda Mint Messoud,F,1960-06-06,+22234291855,,2,Nouakchott-Ouest,STANDARD,,ACTIVE,2023-10-21,2024-03-13T03:53:24.248Z,2023-10-21T10:48:56.390Z,2024-03-13T03:53:24.248Z
1410,8609271878,Aminetou,Sy,Aminetou Sy,F,1986-05-27,+22222767764,,9,Assaba,STANDARD,,ACTIVE,2024-01-19,2024-02-03T10:09:01.559Z,2024-01-19T16:33:55.975Z,2024-02-03T10:09:01.559Z
1411,9302357829,Yacoub,Ould El Hacen,Yacoub Ould El Hacen,M,1993-03-19,+22222316060,yacoub.ouldelhacen499@hotmail.fr,2,Nouakchott-Ouest,STANDARD,,ACTIVE,2023-09-06,2023-10-26T10:25:36.750Z,2023-09-06T15:30:57.170Z,2023-10-26T10:25:36.750Z
1412,8001047291,Khadijetou,Mint El Hacen,Khadijetou Mint El Hacen,F,1980-02-10,+22225395005,,1,Nouakchott-Nord,STANDARD,,BLOCKED,2022-03-21,2023-04-28T05:44:50.203Z,2022-03-21T00:03:28.551Z,2023-04-28T05:44:50.203Z
1413,8203181452,Jiddou,Ould El Ghassem,Jiddou Ould El Ghassem,M,1982-02-21,+22223711952,jiddou.ouldelghassem263@outlook.com,3,Nouakchott-Sud,STANDARD,,ACTIVE,2023-03-30,2024-09-19T02:40:06.512Z,2023-03-30T09:15:56.413Z,2024-09-19T02:40:06.512Z
1414,0402056029,Mariam,Bah,Mariam Bah,F,2004-02-06,+22233157187,,2,Nouakchott-Ouest,STANDARD,,ACTIVE,2023-02-06,2024-03-28T10:53:17.413Z,2023-02-06T03:15:14.985Z,2024-03-28T10:53:17.413Z
1415,6304456064,Abdel Aziz,Ould Cheikh,Abdel Aziz Ould Cheikh,M,1963-12-09,+22233895680,,4,Dakhlet Nouadhibou,STANDARD,,ACTIVE,2022-07-08,2024-05-22T03:52:51.580Z,2022-07-08T15:29:42.944Z,2024-05-22T03:52:51.580Z
1416,6301181459,Mohamed,Ould Mohamed,Mohamed Ould Mohamed,M,1963-06-14,+22235900821,,1,Nouakchott-Nord,STANDARD,,ACTIVE,2023-12-14,2024-02-29T09:16:33.186Z,2023-12-14T02:43:38.705Z,2024-02-29T09:16:33.186Z
1417,7604348530,Habiba,Mint Ahmed,Habiba Mint Ahmed,F,1976-01-22,+22234445078,,4,Dakhlet Nouadhibou,OCCASIONAL,,ACTIVE,2022-11-03,2024-06-06T09:50:05.536Z,2022-11-03T20:21:28.351Z,2024-06-06T09:50:05.536Z
1418,0301349572,Mahmoud,Ould Khatri,Mahmoud Ould Khatri,M,2003-07-10,+22225209830,mahmoud.ouldkhatri967@gmail.com,1,Nouakchott-Nord,STANDARD,,ACTIVE,2022-11-25,2024-06-16T11:28:51.278Z,2022-11-25T00:23:07.390Z,2024-06-16T11:28:51.278Z
1419,8703274988,Fatou,Doucouré,Fatou Doucouré,F,1987-09-16,+22225868503,,3,Nouakchott-Sud,STANDARD,,ACTIVE,2024-01-23,2024-12-28T17:53:57.664Z,2024-01-23T11:29:58.448Z,2024-12-28T17:53:57.664Z
1420,7901184910,Cheikhna,Sow,Cheikhna Sow,M,1979-05-06,+22224498425,,1,Nouakchott-Nord,OCCASIONAL,,ACTIVE,2022-09-23,2023-04-08T20:11:05.496Z,2022-09-23T00:26:55.670Z,2023-04-08T20:11:05.496Z
1421,0002287166,Meymouna,Mint Soufi,Meymouna Mint Soufi,F,2000-12-24,+22224151416,meymouna.mintsoufi565@hotmail.fr,2,Nouakchott-Ouest,OCCASIONAL,,ACTIVE,2023-09-16,2024-06-10T07:47:36.792Z,2023-09-16T21:52:51.081Z,2024-06-10T07:47:36.792Z
1422,0104699166,Yahya,Wade,Yahya Wade,M,2001-11-16,+22236165579,,4,Dakhlet Nouadhibou,STANDARD,,ACTIVE,2022-04-12,2022-12-22T14:33:09.154Z,2022-04-12T22:40:45.351Z,2022-12-22T14:33:09.154Z
1423,7804023992,Lamine,Kanouté,Lamine Kanouté,M,1978-08-10,+22232537108,lamine.kanouté218@outlook.com,4,Dakhlet Nouadhibou,OCCASIONAL,,ACTIVE,2022-05-04,2022-05-26T19:05:34.190Z,2022-05-04T04:09:14.896Z,2022-05-26T19:05:34.190Z
1424,6001825338,Mansour,Ndour,Mansour Ndour,M,1960-05-07,+22225012120,mansour.ndour867@outlook.com,1,Nouakchott-Nord,STANDARD,,ACTIVE,2023-08-02,2024-04-19T10:21:40.950Z,2023-08-02T07:53:48.960Z,2024-04-19T10:21:40.950Z
1425,7402901115,Abdel Aziz,Mbow,Abdel Aziz Mbow,M,1974-09-20,+22233394071,abdelaziz.mbow341@outlook.com,2,Nouakchott-Ouest,DORMANT,,ACTIVE,2022-08-29,2024-11-27T04:21:59.180Z,2022-08-29T20:41:34.519Z,2024-11-27T04:21:59.180Z
1426,9702971689,Souleymane,Diarra,Souleymane Diarra,M,1997-08-04,+22224904300,souleymane.diarra966@yahoo.fr,2,Nouakchott-Ouest,STANDARD,,PENDING_KYC,2024-11-17,2024-12-12T02:05:45.586Z,2024-11-17T04:13:20.012Z,2024-12-12T02:05:45.586Z
1427,7003971513,Brahim,Faye,Brahim Faye,M,1970-08-03,+22223857802,brahim.faye500@gmail.com,3,Nouakchott-Sud,ACTIVE,,ACTIVE,2024-08-05,2024-09-14T02:10:35.447Z,2024-08-05T15:15:10.262Z,2024-09-14T02:10:35.447Z
1428,6815871837,Abdel Rahman,Ould Limam,Abdel Rahman Ould Limam,M,1968-11-12,+22241676785,,15,Tiris Zemmour,STANDARD,,ACTIVE,2022-08-12,2023-12-22T06:55:40.226Z,2022-08-12T12:42:27.952Z,2023-12-22T06:55:40.226Z
1429,7409617576,Halima,Mint El Mamy,Halima Mint El Mamy,F,1974-09-12,+22223102570,,9,Assaba,STANDARD,,ACTIVE,2023-03-11,2024-07-31T19:30:12.904Z,2023-03-11T22:32:44.560Z,2024-07-31T19:30:12.904Z