id,user_id,account_number,account_type,account_type_label,currency,balance,available_balance,daily_limit,monthly_limit,status,is_primary,opened_date,last_activity,created_at,updated_at
3151,2870,NM699936628,MERCHANT,,MRU,38000,38000,500000,15000000,FROZEN,true,2024-09-20,2024-11-04T05:07:38.245Z,2024-09-20T18:31:03.291Z,2024-11-04T05:07:38.245Z
3152,2871,NW403575685,WALLET,,MRU,3851000,49000,500000,15000000,ACTIVE,true,2022-04-11,2023-09-03T12:21:50.285Z,2022-04-11T12:37:54.390Z,2023-09-03T12:21:50.285Z
3153,2872,NW958724767,WALLET,,MRU,1115021,35000,500000,15000000,ACTIVE,true,2023-02-25,2023-08-04T09:12:19.714Z,2023-02-25T21:32:48.059Z,2023-08-04T09:12:19.714Z
3154,2873,NC727201342,CORPORATE,,MRU,1300,7900,500000,15000000,ACTIVE,true,2023-05-06,2023-07-11T05:21:58.491Z,2023-05-06T04:43:46.425Z,2023-07-11T05:21:58.491Z
3155,2874,NM567565679,MERCHANT,,MRU,7300,7300,500000,15000000,FROZEN,true,2024-06-12,2024-12-14T13:38:59.992Z,2024-06-12T17:30:16.748Z,2024-12-14T13:38:59.992Z
3156,2875,NS835386872,SAVINGS,,MRU,23000,23000,500000,15000000,ACTIVE,true,2023-10-05,2023-12-30T10:24:41.334Z,2023-10-05T02:29:55.912Z,2023-12-30T10:24:41.334Z
3157,2876,NS717437625,SAVINGS,,MRU,25550,35000,500000,15000000,ACTIVE,true,2024-08-16,2024-08-24T21:33:30.260Z,2024-08-16T21:42:55.721Z,2024-08-24T21:33:30.260Z
3158,2877,NC533718854,CORPORATE,,MRU,425000,13000,500000,15000000,ACTIVE,true,2024-04-27,2024-06-12T20:19:09.848Z,2024-04-27T03:17:18.118Z,2024-06-12T20:19:09.848Z
3159,2878,NM905356288,MERCHANT,,MRU,40000,40000,500000,15000000,FROZEN,true,2024-09-18,2024-12-21T14:14:09.003Z,2024-09-18T17:04:51.225Z,2024-12-21T14:14:09.003Z
3160,2879,NW469661593,WALLET,,MRU,4700,17000,500000,15000000,ACTIVE,true,2023-06-18,2024-12-28T23:52:31.057Z,2023-06-18T12:02:22.229Z,2024-12-28T23:52:31.057Z
3161,2880,NW421936035,WALLET,,MRU,952,4200,500000,15000000,ACTIVE,true,2023-11-21,2024-06-25T21:12:14.963Z,2023-11-21T07:15:30.546Z,2024-06-25T21:12:14.963Z
3162,2881,NM129529714,MERCHANT,,MRU,661400,33000,500000,15000000,ACTIVE,true,2022-05-22,2024-01-26T19:37:49.621Z,2022-05-22T17:03:52.998Z,2024-01-26T19:37:49.621Z
3163,2882,NW448127418,WALLET,,MRU,1800,1800,500000,15000000,ACTIVE,true,2022-03-11,2023-05-21T14:46:09.302Z,2022-03-11T05:48:27.256Z,2023-05-21T14:46:09.302Z
3164,2883,NW571171641,WALLET,,MRU,167550,293000,500000,15000000,ACTIVE,true,2024-01-08,2024-03-04T15:10:32.709Z,2024-01-08T03:38:46.243Z,2024-03-04T15:10:32.709Z
3165,2883,NS547800779,SAVINGS,,MRU,320,128000,500000,15000000,ACTIVE,false,2024-01-08,2024-12-02T14:13:00.323Z,2024-01-08T03:38:46.243Z,2024-12-02T14:13:00.323Z
3166,2884,NW918118983,WALLET,,MRU,40000,40000,500000,15000000,ACTIVE,true,2022-12-21,2024-11-03T18:19:12.305Z,2022-12-21T00:07:02.435Z,2024-11-03T18:19:12.305Z
3167,2885,NW386882662,WALLET,,MRU,2275,34000,500000,15000000,ACTIVE,true,2024-09-20,2024-09-23T21:17:26.127Z,2024-09-20T22:47:46.427Z,2024-09-23T21:17:26.127Z
3168,2886,NM818305373,MERCHANT,,MRU,62000,42000,500000,15000000,ACTIVE,true,2022-07-25,2023-09-18T18:36:45.497Z,2022-07-25T09:58:52.305Z,2023-09-18T18:36:45.497Z
3169,2887,NA060836672,AGENT,,MRU,17460,40000,500000,15000000,ACTIVE,true,2022-06-29,2024-05-19T07:58:18.403Z,2022-06-29T02:59:37.059Z,2024-05-19T07:58:18.403Z
3170,2888,NW490517854,WALLET,,MRU,108700,35000,500000,15000000,ACTIVE,true,2022-07-30,2022-08-29T11:14:14.926Z,2022-07-30T15:04:57.128Z,2022-08-29T11:14:14.926Z
3171,2889,NW040761645,WALLET,,MRU,3100,3100,500000,15000000,ACTIVE,true,2024-11-26,2024-12-25T00:06:48.874Z,2024-11-26T20:24:17.726Z,2024-12-25T00:06:48.874Z
3172,2890,NW679743767,WALLET,,MRU,17000,17000,500000,15000000,ACTIVE,true,2023-11-10,2023-11-19T08:59:28.260Z,2023-11-10T23:15:49.177Z,2023-11-19T08:59:28.260Z
3173,2891,NW894014366,WALLET,,MRU,26520,31000,500000,15000000,ACTIVE,true,2024-11-25,2024-12-02T21:22:02.677Z,2024-11-25T04:27:13.087Z,2024-12-02T21:22:02.677Z
3174,2892,NW809124049,WALLET,,MRU,17000,17000,500000,15000000,DORMANT,true,2022-03-31,2022-04-29T03:39:07.501Z,2022-03-31T13:56:55.050Z,2022-04-29T03:39:07.501Z
3175,2893,NW858411208,WALLET,,MRU,45850,18000,500000,15000000,ACTIVE,true,2022-01-29,2024-10-05T08:45:11.105Z,2022-01-29T18:38:33.824Z,2024-10-05T08:45:11.105Z
3176,2894,NS539294839,SAVINGS,,MRU,43000,43000,500000,15000000,ACTIVE,true,2022-05-12,2023-07-25T10:20:08.149Z,2022-05-12T03:28:31.668Z,2023-07-25T10:20:08.149Z
3177,2895,NW584651112,WALLET,,MRU,2941,34000,500000,15000000,ACTIVE,true,2022-11-02,2023-03-12T23:53:02.356Z,2022-11-02T01:54:06.829Z,2023-03-12T23:53:02.356Z
3178,2896,NM714286804,MERCHANT,,MRU,5700,21000,500000,15000000,ACTIVE,true,2022-12-30,2023-08-23T10:56:44.443Z,2022-12-30T18:54:26.391Z,2023-08-23T10:56:44.443Z
3179,2897,NW862567902,WALLET,,MRU,16000,16000,500000,15000000,ACTIVE,true,2022-03-01,2023-04-03T01:16:18.958Z,2022-03-01T15:39:40.341Z,2023-04-03T01:16:18.958Z
3180,2898,NS301162719,SAVINGS,,MRU,5350,32000,500000,15000000,ACTIVE,true,2022-02-25,2022-10-02T22:44:30.586Z,2022-02-25T18:33:36.206Z,2022-10-02T22:44:30.586Z
3181,2898,NS038268089,SAVINGS,,MRU,417000,417000,500000,15000000,FROZEN,false,2022-02-25,2024-01-04T07:33:14.687Z,2022-02-25T18:33:36.206Z,2024-01-04T07:33:14.687Z
3182,2899,NM325015902,MERCHANT,,MRU,2714,3100,500000,15000000,ACTIVE,true,2023-10-02,2024-10-04T08:20:09.568Z,2023-10-02T01:52:25.782Z,2024-10-04T08:20:09.568Z
3183,2900,NW870172739,WALLET,,MRU,4200,4200,500000,15000000,ACTIVE,true,2024-08-08,2024-11-02T03:19:00.220Z,2024-08-08T00:03:59.557Z,2024-11-02T03:19:00.220Z
3184,2901,NS322519302,SAVINGS,,MRU,251000,251000,500000,15000000,DORMANT,true,2022-06-07,2022-07-25T17:37:50.101Z,2022-06-07T21:26:25.560Z,2022-07-25T17:37:50.101Z
3185,2901,NW790408492,WALLET,,MRU,290960,305000,500000,15000000,ACTIVE,false,2022-06-07,2023-11-07T06:36:30.494Z,2022-06-07T21:26:25.560Z,2023-11-07T06:36:30.494Z
3186,2902,NC913814425,CORPORATE,,MRU,15000,15000,500000,15000000,ACTIVE,true,2022-09-03,2024-01-05T06:45:47.913Z,2022-09-03T01:38:39.237Z,2024-01-05T06:45:47.913Z
3187,2903,NW590990424,WALLET,,MRU,13000,13000,500000,15000000,ACTIVE,true,2022-07-22,2022-09-07T00:14:11.249Z,2022-07-22T10:51:58.243Z,2022-09-07T00:14:11.249Z
3188,2904,NS900301218,SAVINGS,,MRU,8100,8100,500000,15000000,ACTIVE,true,2024-12-17,2024-12-23T15:36:41.331Z,2024-12-17T10:31:30.227Z,2024-12-23T15:36:41.331Z
3189,2905,NW402847469,WALLET,,MRU,8500,8500,500000,15000000,ACTIVE,true,2023-07-29,2024-12-12T10:13:00.381Z,2023-07-29T20:22:33.415Z,2024-12-12T10:13:00.381Z
3190,2906,NM448227167,MERCHANT,,MRU,500,17000,500000,15000000,ACTIVE,true,2023-04-30,2024-04-23T09:29:12.492Z,2023-04-30T16:54:35.603Z,2024-04-23T09:29:12.492Z
3191,2907,NW437255501,WALLET,,MRU,1142000,42000,500000,15000000,ACTIVE,true,2022-05-05,2024-02-19T07:18:06.509Z,2022-05-05T09:54:00.954Z,2024-02-19T07:18:06.509Z
3192,2908,NW249185085,WALLET,,MRU,67800,30000,500000,15000000,ACTIVE,true,2023-05-26,2024-02-08T20:03:55.120Z,2023-05-26T08:41:15.418Z,2024-02-08T20:03:55.120Z
3193,2909,NM702165127,MERCHANT,,MRU,8800,8800,500000,15000000,FROZEN,true,2022-08-22,2024-11-22T04:12:42.739Z,2022-08-22T11:38:52.641Z,2024-11-22T04:12:42.739Z
3194,2910,NM162072658,MERCHANT,,MRU,1000,1000,500000,15000000,ACTIVE,true,2023-07-21,2024-05-11T15:55:20.429Z,2023-07-21T21:45:56.784Z,2024-05-11T15:55:20.429Z
3195,2911,NM206624388,MERCHANT,,MRU,17000,17000,500000,15000000,FROZEN,true,2022-06-26,2023-12-12T06:11:12.770Z,2022-06-26T11:49:58.227Z,2023-12-12T06:11:12.770Z
3196,2912,NS886498213,SAVINGS,,MRU,46000,18000,500000,15000000,ACTIVE,true,2022-05-31,2023-10-26T01:20:02.331Z,2022-05-31T15:04:48.706Z,2023-10-26T01:20:02.331Z
3197,2913,NS986957312,SAVINGS,,MRU,2250,39000,500000,15000000,ACTIVE,true,2023-11-16,2024-07-02T22:09:54.829Z,2023-11-16T15:49:46.399Z,2024-07-02T22:09:54.829Z
3198,2914,NS464571714,SAVINGS,,MRU,1746,5400,500000,15000000,ACTIVE,true,2022-01-01,2024-02-14T22:52:42.751Z,2022-01-01T00:15:13.530Z,2024-02-14T22:52:42.751Z
3199,2915,NW853218224,WALLET,,MRU,300,10000,500000,15000000,ACTIVE,true,2023-05-21,2024-12-15T15:05:51.052Z,2023-05-21T10:33:30.123Z,2024-12-15T15:05:51.052Z
3200,2916,NW151903659,WALLET,,MRU,350080,24000,500000,15000000,ACTIVE,true,2022-03-12,2023-08-29T19:43:40.941Z,2022-03-12T10:25:33.179Z,2023-08-29T19:43:40.941Z
3201,2917,NW557552576,WALLET,,MRU,3750,45000,500000,15000000,ACTIVE,true,2022-06-07,2024-08-13T19:16:48.066Z,2022-06-07T00:59:55.615Z,2024-08-13T19:16:48.066Z
3202,2918,NS014046907,SAVINGS,,MRU,3400,1200,500000,15000000,ACTIVE,true,2022-05-23,2024-10-02T14:51:16.984Z,2022-05-23T00:23:21.318Z,2024-10-02T14:51:16.984Z
3203,2919,NM496073842,MERCHANT,,MRU,36870,16000,500000,15000000,ACTIVE,true,2023-07-12,2023-08-28T08:40:59.778Z,2023-07-12T23:28:31.418Z,2023-08-28T08:40:59.778Z
3204,2920,NW654823303,WALLET,,MRU,6300,44000,500000,15000000,ACTIVE,true,2022-05-23,2024-03-20T05:18:54.932Z,2022-05-23T07:28:43.777Z,2024-03-20T05:18:54.932Z
3205,2921,NW075979262,WALLET,,MRU,422910,35000,500000,15000000,ACTIVE,true,2022-01-29,2022-03-07T19:30:37.383Z,2022-01-29T21:27:32.883Z,2022-03-07T19:30:37.383Z
3206,2922,NW593754947,WALLET,,MRU,4100,4100,500000,15000000,ACTIVE,true,2022-10-28,2024-12-21T06:02:06.086Z,2022-10-28T08:12:08.841Z,2024-12-21T06:02:06.086Z
3207,2923,NA501839161,AGENT,,MRU,11750,32000,500000,15000000,ACTIVE,true,2024-05-13,2024-06-04T12:10:56.182Z,2024-05-13T10:15:28.990Z,2024-06-04T12:10:56.182Z
3208,2924,NW858802732,WALLET,,MRU,47400,42000,500000,15000000,ACTIVE,true,2024-12-09,2024-12-25T04:56:24.097Z,2024-12-09T14:10:16.686Z,2024-12-25T04:56:24.097Z
3209,2925,NW224567175,WALLET,,MRU,1200600,2800,500000,15000000,ACTIVE,true,2022-11-07,2023-11-02T00:20:22.846Z,2022-11-07T03:57:01.093Z,2023-11-02T00:20:22.846Z
3210,2926,NW046943306,WALLET,,MRU,844300,4300,500000,15000000,ACTIVE,true,2023-08-22,2023-10-23T18:50:34.910Z,2023-08-22T06:16:54.120Z,2023-10-23T18:50:34.910Z
3211,2927,NS716213584,SAVINGS,,MRU,437000,437000,500000,15000000,ACTIVE,true,2024-10-20,2024-12-01T07:44:16.788Z,2024-10-20T20:48:14.914Z,2024-12-01T07:44:16.788Z
3212,2927,NS389878153,SAVINGS,,MRU,1534800,365000,500000,15000000,ACTIVE,false,2024-10-20,2024-12-16T19:49:48.223Z,2024-10-20T20:48:14.914Z,2024-12-16T19:49:48.223Z
3213,2928,NW750018507,WALLET,,MRU,2450,9000,500000,15000000,ACTIVE,true,2022-08-30,2023-04-25T04:40:52.745Z,2022-08-30T00:55:51.392Z,2023-04-25T04:40:52.745Z
3214,2929,NA783589601,AGENT,,MRU,552950,2200,500000,15000000,ACTIVE,true,2024-08-09,2024-11-14T03:39:12.794Z,2024-08-09T06:16:57.337Z,2024-11-14T03:39:12.794Z
3215,2930,NW599120553,WALLET,,MRU,2026100,1627000,500000,15000000,ACTIVE,true,2023-12-25,2024-04-28T17:03:18.954Z,2023-12-25T15:51:12.795Z,2024-04-28T17:03:18.954Z
3216,2930,NW448309213,WALLET,,MRU,616000,616000,500000,15000000,FROZEN,false,2023-12-25,2024-06-15T12:39:26.763Z,2023-12-25T15:51:12.795Z,2024-06-15T12:39:26.763Z
3217,2931,NS203297257,SAVINGS,,MRU,71000,11000,500000,15000000,ACTIVE,true,2022-07-18,2024-12-23T06:03:17.550Z,2022-07-18T00:05:24.973Z,2024-12-23T06:03:17.550Z
3218,2932,NW790520221,WALLET,,MRU,6700,6700,500000,15000000,ACTIVE,true,2024-08-26,2024-12-20T06:14:29.146Z,2024-08-26T07:05:26.010Z,2024-12-20T06:14:29.146Z
3219,2933,NW352094531,WALLET,,MRU,16000,16000,500000,15000000,ACTIVE,true,2024-10-15,2024-10-20T17:20:39.382Z,2024-10-15T00:12:56.544Z,2024-10-20T17:20:39.382Z
3220,2934,NC717300176,CORPORATE,,MRU,7370,50000,500000,15000000,ACTIVE,true,2023-01-29,2023-09-17T14:48:23.218Z,2023-01-29T11:03:33.191Z,2023-09-17T14:48:23.218Z
3221,2935,NS038657426,SAVINGS,,MRU,379000,379000,500000,15000000,ACTIVE,true,2022-05-23,2024-10-09T17:46:17.619Z,2022-05-23T22:21:46.280Z,2024-10-09T17:46:17.619Z
3222,2935,NS540660023,SAVINGS,,MRU,454000,383000,500000,15000000,ACTIVE,false,2022-05-23,2022-05-24T03:24:36.798Z,2022-05-23T22:21:46.280Z,2022-05-24T03:24:36.798Z
3223,2936,NM590030074,MERCHANT,,MRU,1700,17000,500000,15000000,ACTIVE,true,2023-01-25,2023-12-23T21:22:33.645Z,2023-01-25T12:57:20.047Z,2023-12-23T21:22:33.645Z
3224,2937,NM315730929,MERCHANT,,MRU,2600,2600,500000,15000000,ACTIVE,true,2023-11-08,2024-09-21T11:42:22.427Z,2023-11-08T05:40:07.220Z,2024-09-21T11:42:22.427Z
3225,2938,NW663164377,WALLET,,MRU,19000,19000,500000,15000000,ACTIVE,true,2022-02-12,2023-11-21T04:24:27.924Z,2022-02-12T12:45:04.028Z,2023-11-21T04:24:27.924Z
3226,2939,NM396081566,MERCHANT,,MRU,5000,27000,500000,15000000,ACTIVE,true,2024-11-13,2024-12-18T01:46:39.238Z,2024-11-13T10:59:44.132Z,2024-12-18T01:46:39.238Z
3227,2940,NS444606304,SAVINGS,,MRU,32000,32000,500000,15000000,ACTIVE,true,2022-03-04,2024-01-25T23:47:24.262Z,2022-03-04T06:06:05.198Z,2024-01-25T23:47:24.262Z
3228,2941,NW751765728,WALLET,,MRU,1200,7100,500000,15000000,ACTIVE,true,2023-10-09,2024-01-22T17:12:45.843Z,2023-10-09T01:01:20.329Z,2024-01-22T17:12:45.843Z
3229,2942,NC938307762,CORPORATE,,MRU,2401,31000,500000,15000000,ACTIVE,true,2022-06-14,2022-06-28T04:50:04.864Z,2022-06-14T13:30:54.038Z,2022-06-28T04:50:04.864Z
3230,2943,NW806353584,WALLET,,MRU,4500,4500,500000,15000000,ACTIVE,true,2024-04-09,2024-04-12T21:44:59.527Z,2024-04-09T15:22:17.117Z,2024-04-12T21:44:59.527Z
3231,2944,NW533205986,WALLET,,MRU,816730,17000,500000,15000000,ACTIVE,true,2023-12-15,2024-05-25T22:45:22.373Z,2023-12-15T00:12:35.816Z,2024-05-25T22:45:22.373Z
3232,2945,NW694432258,WALLET,,MRU,4100,4100,500000,15000000,CLOSED,true,2024-06-07,2024-11-05T15:13:00.097Z,2024-06-07T18:04:19.742Z,2024-11-05T15:13:00.097Z
3233,2946,NW807158351,WALLET,,MRU,250,7300,500000,15000000,ACTIVE,true,2022-03-16,2023-10-13T21:14:18.545Z,2022-03-16T13:04:30.922Z,2023-10-13T21:14:18.545Z
3234,2947,NW817971494,WALLET,,MRU,6500,6500,500000,15000000,ACTIVE,true,2022-10-11,2022-11-03T23:27:15.588Z,2022-10-11T16:15:37.340Z,2022-11-03T23:27:15.588Z
3235,2948,NW000576272,WALLET,,MRU,2600,2600,500000,15000000,ACTIVE,true,2022-12-15,2024-07-18T17:02:49.133Z,2022-12-15T10:30:09.232Z,2024-07-18T17:02:49.133Z
3236,2949,NM796879768,MERCHANT,,MRU,43000,43000,500000,15000000,ACTIVE,true,2022-09-01,2024-09-09T20:21:37.960Z,2022-09-01T09:40:57.944Z,2024-09-09T20:21:37.960Z
3237,2950,NW938689262,WALLET,,MRU,1273,6300,500000,15000000,ACTIVE,true,2023-02-06,2024-03-24T16:58:39.932Z,2023-02-06T00:16:26.643Z,2024-03-24T16:58:39.932Z
3238,2951,NW278681039,WALLET,,MRU,6900,6900,500000,15000000,FROZEN,true,2022-09-19,2023-03-22T20:38:47.008Z,2022-09-19T02:40:06.995Z,2023-03-22T20:38:47.008Z
3239,2952,NW922628343,WALLET,,MRU,37050,42000,500000,15000000,ACTIVE,true,2024-12-25,2024-12-28T05:40:16.164Z,2024-12-25T10:34:00.974Z,2024-12-28T05:40:16.164Z
3240,2953,NM794047952,MERCHANT,,MRU,20000,20000,500000,15000000,DORMANT,true,2024-09-29,2024-12-14T18:32:50.108Z,2024-09-29T20:38:44.393Z,2024-12-14T18:32:50.108Z
3241,2954,NA963628769,AGENT,,MRU,23325,8000,500000,15000000,ACTIVE,true,2022-12-30,2024-11-13T05:25:52.597Z,2022-12-30T16:26:16.387Z,2024-11-13T05:25:52.597Z
3242,2955,NW728829384,WALLET,,MRU,7800,7800,500000,15000000,ACTIVE,true,2024-08-05,2024-10-27T05:47:00.830Z,2024-08-05T22:56:04.292Z,2024-10-27T05:47:00.830Z
3243,2956,NS893112063,SAVINGS,,MRU,265000,464000,500000,15000000,ACTIVE,true,2024-12-23,2024-12-28T23:22:30.445Z,2024-12-23T21:16:37.125Z,2024-12-28T23:22:30.445Z
3244,2956,NW992208838,WALLET,,MRU,252000,252000,500000,15000000,ACTIVE,false,2024-12-23,2024-12-24T02:53:22.818Z,2024-12-23T21:16:37.125Z,2024-12-24T02:53:22.818Z
3245,2957,NW933189750,WALLET,,MRU,211000,11000,500000,15000000,ACTIVE,true,2022-07-25,2023-02-19T02:48:50.417Z,2022-07-25T16:15:11.166Z,2023-02-19T02:48:50.417Z
3246,2958,NW885013163,WALLET,,MRU,8425,18000,500000,15000000,ACTIVE,true,2022-12-15,2024-04-05T08:04:04.090Z,2022-12-15T08:31:58.093Z,2024-04-05T08:04:04.090Z
3247,2959,NW163135796,WALLET,,MRU,113000,113000,500000,15000000,ACTIVE,true,2023-09-14,2024-09-30T21:38:53.527Z,2023-09-14T02:40:09.597Z,2024-09-30T21:38:53.527Z
3248,2959,NS313116908,SAVINGS,,MRU,103000,103000,500000,15000000,ACTIVE,false,2023-09-14,2024-03-29T14:12:18.271Z,2023-09-14T02:40:09.597Z,2024-03-29T14:12:18.271Z
3249,2959,NW009568452,WALLET,,MRU,1870,34000,500000,15000000,ACTIVE,false,2023-09-14,2023-10-10T21:47:27.958Z,2023-09-14T02:40:09.597Z,2023-10-10T21:47:27.958Z
3250,2960,NW032703280,WALLET,,MRU,11000,11000,500000,15000000,ACTIVE,true,2022-06-28,2024-10-07T05:58:44.382Z,2022-06-28T05:45:11.185Z,2024-10-07T05:58:44.382Z
3251,2961,NW899960637,WALLET,,MRU,40000,40000,500000,15000000,FROZEN,true,2023-06-06,2023-07-21T13:58:20.601Z,2023-06-06T12:49:21.210Z,2023-07-21T13:58:20.601Z
3252,2962,NW858324110,WALLET,,MRU,15762,3400,500000,15000000,ACTIVE,true,2023-06-26,2024-03-21T09:19:46.242Z,2023-06-26T07:50:11.079Z,2024-03-21T09:19:46.242Z
3253,2963,NW208102882,WALLET,,MRU,2591850,35000,500000,15000000,ACTIVE,true,2023-02-13,2024-03-29T03:30:31.162Z,2023-02-13T13:03:01.153Z,2024-03-29T03:30:31.162Z
3254,2964,NM738965154,MERCHANT,,MRU,4100,41000,500000,15000000,ACTIVE,true,2022-06-07,2023-11-03T02:28:52.811Z,2022-06-07T16:50:29.232Z,2023-11-03T02:28:52.811Z
3255,2965,NW681532532,WALLET,,MRU,9000,9000,500000,15000000,CLOSED,true,2023-02-13,2024-05-25T15:50:26.634Z,2023-02-13T10:12:20.591Z,2024-05-25T15:50:26.634Z
3256,2966,NW905841261,WALLET,,MRU,250,19000,500000,15000000,ACTIVE,true,2024-07-12,2024-11-28T00:15:06.034Z,2024-07-12T12:27:45.954Z,2024-11-28T00:15:06.034Z
3257,2967,NW341773659,WALLET,,MRU,976000,19000,500000,15000000,ACTIVE,true,2024-08-08,2024-10-15T11:18:11.442Z,2024-08-08T21:22:22.272Z,2024-10-15T11:18:11.442Z
3258,2968,NW805231959,WALLET,,MRU,46000,46000,500000,15000000,ACTIVE,true,2022-09-18,2022-11-12T17:49:22.047Z,2022-09-18T03:56:15.540Z,2022-11-12T17:49:22.047Z
3259,2969,NW130009234,WALLET,,MRU,5600,29000,500000,15000000,ACTIVE,true,2024-01-15,2024-10-24T04:42:48.327Z,2024-01-15T10:21:14.972Z,2024-10-24T04:42:48.327Z
3260,2970,NM357820987,MERCHANT,,MRU,49000,49000,500000,15000000,FROZEN,true,2022-07-19,2024-08-15T09:40:50.743Z,2022-07-19T01:53:09.280Z,2024-08-15T09:40:50.743Z
3261,2971,NC268408298,CORPORATE,,MRU,24275,4900,500000,15000000,ACTIVE,true,2022-06-01,2024-02-13T05:58:22.849Z,2022-06-01T22:58:45.674Z,2024-02-13T05:58:22.849Z
3262,2972,NA439813971,AGENT,,MRU,16000,16000,500000,15000000,ACTIVE,true,2024-02-13,2024-06-11T08:02:02.069Z,2024-02-13T20:44:01.776Z,2024-06-11T08:02:02.069Z
3263,2973,NW806845575,WALLET,,MRU,27000,11000,500000,15000000,ACTIVE,true,2024-03-24,2024-05-11T23:30:32.044Z,2024-03-24T15:51:50.804Z,2024-05-11T23:30:32.044Z
3264,2974,NS725999355,SAVINGS,,MRU,6900,29000,500000,15000000,ACTIVE,true,2024-05-01,2024-07-29T00:59:46.262Z,2024-05-01T20:37:16.562Z,2024-07-29T00:59:46.262Z
3265,2975,NW928460628,WALLET,,MRU,2100,2100,500000,15000000,ACTIVE,true,2024-11-17,2024-12-04T03:35:43.223Z,2024-11-17T19:42:13.822Z,2024-12-04T03:35:43.223Z
3266,2976,NA909702063,AGENT,,MRU,42050,47000,500000,15000000,ACTIVE,true,2022-04-02,2023-06-12T23:33:30.602Z,2022-04-02T14:53:19.881Z,2023-06-12T23:33:30.602Z
3267,2977,NW372102499,WALLET,,MRU,46000,46000,500000,15000000,ACTIVE,true,2022-11-13,2024-10-23T22:17:16.818Z,2022-11-13T09:17:33.441Z,2024-10-23T22:17:16.818Z
3268,2978,NW829521894,WALLET,,MRU,974,2700,500000,15000000,ACTIVE,true,2024-07-23,2024-08-04T03:40:36.520Z,2024-07-23T07:39:52.094Z,2024-08-04T03:40:36.520Z
3269,2979,NW528803318,WALLET,,MRU,6400,6400,500000,15000000,ACTIVE,true,2022-04-26,2023-05-28T15:01:47.997Z,2022-04-26T17:44:07.196Z,2023-05-28T15:01:47.997Z
3270,2980,NW942891270,WALLET,,MRU,815390,12000,500000,15000000,ACTIVE,true,2022-02-06,2023-05-19T03:17:45.478Z,2022-02-06T02:44:18.775Z,2023-05-19T03:17:45.478Z
3271,2981,NW619232058,WALLET,,MRU,9700,36000,500000,15000000,ACTIVE,true,2022-12-14,2024-09-06T21:35:16.089Z,2022-12-14T11:08:19.590Z,2024-09-06T21:35:16.089Z
3272,2982,NW129278540,WALLET,,MRU,3000,3000,500000,15000000,ACTIVE,true,2023-11-22,2024-11-17T17:09:32.970Z,2023-11-22T06:55:45.447Z,2024-11-17T17:09:32.970Z
3273,2983,NW022496846,WALLET,,MRU,412000,12000,500000,15000000,ACTIVE,true,2023-10-20,2024-10-01T14:29:08.950Z,2023-10-20T19:00:04.276Z,2024-10-01T14:29:08.950Z
3274,2984,NW698848963,WALLET,,MRU,11100,10000,500000,15000000,ACTIVE,true,2024-08-08,2024-11-23T07:59:16.206Z,2024-08-08T19:46:13.497Z,2024-11-23T07:59:16.206Z
3275,2985,NM438393712,MERCHANT,,MRU,98775,500,500000,15000000,ACTIVE,true,2023-06-16,2024-12-26T11:31:03.294Z,2023-06-16T23:36:06.037Z,2024-12-26T11:31:03.294Z
3276,2986,NW122053176,WALLET,,MRU,90,48000,500000,15000000,ACTIVE,true,2024-07-12,2024-09-05T08:35:01.626Z,2024-07-12T15:19:17.268Z,2024-09-05T08:35:01.626Z
3277,2987,NA251321554,AGENT,,MRU,638000,29000,500000,15000000,ACTIVE,true,2022-10-30,2024-02-22T11:54:53.963Z,2022-10-30T00:35:43.700Z,2024-02-22T11:54:53.963Z
3278,2988,NW727509260,WALLET,,MRU,88525,34000,500000,15000000,ACTIVE,true,2022-03-25,2023-06-18T15:45:53.109Z,2022-03-25T00:37:17.864Z,2023-06-18T15:45:53.109Z
3279,2989,NW957998991,WALLET,,MRU,236000,236000,500000,15000000,ACTIVE,true,2023-07-10,2023-08-05T19:08:00.635Z,2023-07-10T12:30:56.589Z,2023-08-05T19:08:00.635Z
3280,2989,NS013165593,SAVINGS,,MRU,738000,238000,500000,15000000,ACTIVE,false,2023-07-10,2024-05-31T11:50:33.580Z,2023-07-10T12:30:56.589Z,2024-05-31T11:50:33.580Z
3281,2989,NS759849191,SAVINGS,,MRU,330000,330000,500000,15000000,ACTIVE,false,2023-07-10,2024-03-17T21:16:27.290Z,2023-07-10T12:30:56.589Z,2024-03-17T21:16:27.290Z
3282,2990,NW546279073,WALLET,,MRU,2025,19000,500000,15000000,ACTIVE,true,2024-02-05,2024-09-23T13:16:49.111Z,2024-02-05T21:33:32.259Z,2024-09-23T13:16:49.111Z
3283,2991,NW462837845,WALLET,,MRU,32000,32000,500000,15000000,ACTIVE,true,2024-08-10,2024-11-12T13:40:35.633Z,2024-08-10T10:20:47.027Z,2024-11-12T13:40:35.633Z
3284,2992,NM818102360,MERCHANT,,MRU,23000,23000,500000,15000000,DORMANT,true,2023-09-29,2024-06-20T21:11:23.249Z,2023-09-29T01:08:09.638Z,2024-06-20T21:11:23.249Z
3285,2993,NW251821994,WALLET,,MRU,23000,23000,500000,15000000,ACTIVE,true,2022-05-29,2023-06-03T15:03:31.646Z,2022-05-29T11:12:13.779Z,2023-06-03T15:03:31.646Z
3286,2994,NW279032230,WALLET,,MRU,116,27000,500000,15000000,ACTIVE,true,2022-01-10,2022-02-09T01:10:08.198Z,2022-01-10T00:17:23.646Z,2022-02-09T01:10:08.198Z
3287,2995,NW432317614,WALLET,,MRU,63400,47000,500000,15000000,ACTIVE,true,2024-12-21,2024-12-21T21:39:48.999Z,2024-12-21T04:56:17.707Z,2024-12-21T21:39:48.999Z
3288,2996,NW782783270,WALLET,,MRU,18700,9500,500000,15000000,ACTIVE,true,2022-09-07,2023-07-13T00:33:03.776Z,2022-09-07T10:55:21.551Z,2023-07-13T00:33:03.776Z
3289,2997,NW924017668,WALLET,,MRU,152,11000,500000,15000000,ACTIVE,true,2022-08-27,2023-06-08T06:11:07.098Z,2022-08-27T17:47:44.367Z,2023-06-08T06:11:07.098Z
3290,2998,NW272402525,WALLET,,MRU,900,900,500000,15000000,ACTIVE,true,2023-06-03,2023-09-30T16:54:23.141Z,2023-06-03T19:28:33.047Z,2023-09-30T16:54:23.141Z
3291,2999,NW162959009,WALLET,,MRU,157000,157000,500000,15000000,ACTIVE,true,2024-02-21,2024-04-04T16:40:49.634Z,2024-02-21T11:30:43.026Z,2024-04-04T16:40:49.634Z
3292,2999,NS236904263,SAVINGS,,MRU,293462,311000,500000,15000000,ACTIVE,false,2024-02-21,2024-03-25T16:52:26.638Z,2024-02-21T11:30:43.026Z,2024-03-25T16:52:26.638Z
3293,2999,NW661415040,WALLET,,MRU,299000,299000,500000,15000000,ACTIVE,false,2024-02-21,2024-05-21T12:11:15.804Z,2024-02-21T11:30:43.026Z,2024-05-21T12:11:15.804Z
3294,3000,NW373446732,WALLET,,MRU,534000,34000,500000,15000000,ACTIVE,true,2024-12-22,2024-12-26T22:56:40.758Z,2024-12-22T23:15:02.946Z,2024-12-26T22:56:40.758Z
3295,3001,NW583951592,WALLET,,MRU,17000,17000,500000,15000000,ACTIVE,true,2022-09-14,2024-10-11T08:57:52.050Z,2022-09-14T07:29:22.900Z,2024-10-11T08:57:52.050Z
3296,3002,NW927014023,WALLET,,MRU,1141000,1141000,500000,15000000,ACTIVE,true,2024-05-06,2024-05-11T06:49:21.181Z,2024-05-06T07:11:14.196Z,2024-05-11T06:49:21.181Z
3297,3002,NS816191196,SAVINGS,,MRU,758250,828000,500000,15000000,ACTIVE,false,2024-05-06,2024-12-04T18:41:22.718Z,2024-05-06T07:11:14.196Z,2024-12-04T18:41:22.718Z
3298,3002,NW586674571,WALLET,,MRU,798000,798000,500000,15000000,CLOSED,false,2024-05-06,2024-10-05T14:55:35.563Z,2024-05-06T07:11:14.196Z,2024-10-05T14:55:35.563Z
3299,3003,NW338483810,WALLET,,MRU,2600,2600,500000,15000000,CLOSED,true,2024-09-10,2024-11-08T14:30:06.734Z,2024-09-10T09:47:00.278Z,2024-11-08T14:30:06.734Z
3300,3004,NW815006167,WALLET,,MRU,4619200,21000,500000,15000000,ACTIVE,true,2023-04-17,2024-06-10T15:39:53.199Z,2023-04-17T06:48:21.079Z,2024-06-10T15:39:53.199Z
3301,3005,NW631625920,WALLET,,MRU,1660,16000,500000,15000000,ACTIVE,true,2023-01-01,2024-07-24T07:39:23.983Z,2023-01-01T12:41:23.111Z,2024-07-24T07:39:23.983Z
3302,3006,NM122921109,MERCHANT,,MRU,48000,48000,500000,15000000,FROZEN,true,2022-11-20,2024-05-08T14:37:58.765Z,2022-11-20T01:37:46.465Z,2024-05-08T14:37:58.765Z
3303,3007,NW883625507,WALLET,,MRU,1950,38000,500000,15000000,ACTIVE,true,2023-02-08,2023-12-16T05:25:42.306Z,2023-02-08T14:15:47.446Z,2023-12-16T05:25:42.306Z
3304,3008,NW024386316,WALLET,,MRU,27000,27000,500000,15000000,ACTIVE,true,2022-09-16,2023-05-05T02:37:26.865Z,2022-09-16T07:46:55.620Z,2023-05-05T02:37:26.865Z
3305,3009,NC720097303,CORPORATE,,MRU,625,9700,500000,15000000,ACTIVE,true,2024-09-27,2024-11-15T12:51:06.676Z,2024-09-27T14:20:51.455Z,2024-11-15T12:51:06.676Z
3306,3010,NW822738171,WALLET,,MRU,6500,6500,500000,15000000,FROZEN,true,2023-02-25,2023-04-29T08:52:18.289Z,2023-02-25T13:47:45.910Z,2023-04-29T08:52:18.289Z
3307,3011,NW681689203,WALLET,,MRU,19000,19000,500000,15000000,ACTIVE,true,2022-08-03,2024-02-26T04:11:38.431Z,2022-08-03T18:11:27.121Z,2024-02-26T04:11:38.431Z
3308,3012,NM991029978,MERCHANT,,MRU,1231,29000,500000,15000000,ACTIVE,true,2023-09-10,2024-06-16T15:10:55.276Z,2023-09-10T19:26:36.400Z,2024-06-16T15:10:55.276Z
3309,3013,NW686637163,WALLET,,MRU,732000,17000,500000,15000000,ACTIVE,true,2024-03-18,2024-10-16T07:25:10.251Z,2024-03-18T20:12:02.308Z,2024-10-16T07:25:10.251Z
3310,3014,NM862816095,MERCHANT,,MRU,3200,3200,500000,15000000,ACTIVE,true,2023-11-14,2024-07-09T06:45:56.526Z,2023-11-14T00:06:09.041Z,2024-07-09T06:45:56.526Z
3311,3015,NW432576324,WALLET,,MRU,14000,14000,500000,15000000,ACTIVE,true,2024-05-23,2024-10-11T00:59:07.699Z,2024-05-23T15:43:03.514Z,2024-10-11T00:59:07.699Z
3312,3016,NW531492233,WALLET,,MRU,24000,24000,500000,15000000,ACTIVE,true,2024-12-26,2024-12-27T23:49:21.661Z,2024-12-26T08:49:32.247Z,2024-12-27T23:49:21.661Z
3313,3017,NW727875709,WALLET,,MRU,14000,14000,500000,15000000,FROZEN,true,2022-11-14,2023-01-31T21:16:06.371Z,2022-11-14T03:32:14.581Z,2023-01-31T21:16:06.371Z
3314,3018,NA483946204,AGENT,,MRU,2832,41000,500000,15000000,ACTIVE,true,2022-07-16,2023-09-29T22:07:39.664Z,2022-07-16T08:32:18.298Z,2023-09-29T22:07:39.664Z
3315,3019,NW122220277,WALLET,,MRU,33000,33000,500000,15000000,ACTIVE,true,2024-11-14,2024-12-13T19:30:17.195Z,2024-11-14T23:59:30.654Z,2024-12-13T19:30:17.195Z
3316,3020,NW243462711,WALLET,,MRU,550550,550,500000,15000000,ACTIVE,true,2023-12-01,2024-12-29T17:52:10.995Z,2023-12-01T10:33:54.160Z,2024-12-29T17:52:10.995Z
3317,3021,NW614094764,WALLET,,MRU,19000,19000,500000,15000000,DORMANT,true,2022-02-08,2023-12-10T10:43:46.840Z,2022-02-08T14:26:26.526Z,2023-12-10T10:43:46.840Z
3318,3022,NW497368242,WALLET,,MRU,31600,6800,500000,15000000,ACTIVE,true,2022-08-27,2022-10-15T09:39:29.968Z,2022-08-27T00:29:37.951Z,2022-10-15T09:39:29.968Z
3319,3023,NW318870186,WALLET,,MRU,100,9800,500000,15000000,ACTIVE,true,2024-05-18,2024-07-05T08:31:57.087Z,2024-05-18T12:17:15.585Z,2024-07-05T08:31:57.087Z
3320,3024,NM726461172,MERCHANT,,MRU,800,43000,500000,15000000,ACTIVE,true,2022-12-21,2024-09-30T00:35:32.881Z,2022-12-21T23:33:14.293Z,2024-09-30T00:35:32.881Z
3321,3025,NS234463453,SAVINGS,,MRU,25468,9100,500000,15000000,ACTIVE,true,2023-09-03,2024-10-19T09:54:30.642Z,2023-09-03T01:34:34.892Z,2024-10-19T09:54:30.642Z
3322,3026,NS191052198,SAVINGS,,MRU,18887,23000,500000,15000000,ACTIVE,true,2023-10-24,2024-11-26T21:33:58.727Z,2023-10-24T07:26:13.042Z,2024-11-26T21:33:58.727Z
3323,3027,NA120920777,AGENT,,MRU,18948,36000,500000,15000000,ACTIVE,true,2024-11-24,2024-11-28T07:36:10.321Z,2024-11-24T01:03:17.185Z,2024-11-28T07:36:10.321Z
3324,3028,NS541047215,SAVINGS,,MRU,41000,41000,500000,15000000,ACTIVE,true,2023-10-18,2024-06-29T11:03:36.731Z,2023-10-18T13:11:30.729Z,2024-06-29T11:03:36.731Z
3325,3029,NS835100770,SAVINGS,,MRU,13000,13000,500000,15000000,ACTIVE,true,2023-11-27,2024-09-14T21:54:58.379Z,2023-11-27T10:41:54.236Z,2024-09-14T21:54:58.379Z
3326,3030,NW861234784,WALLET,,MRU,0,6900,500000,15000000,ACTIVE,true,2023-05-16,2023-07-05T15:20:17.614Z,2023-05-16T20:01:34.348Z,2023-07-05T15:20:17.614Z
3327,3031,NM081209421,MERCHANT,,MRU,6750,8500,500000,15000000,ACTIVE,true,2023-10-15,2024-05-21T21:37:50.089Z,2023-10-15T21:01:54.167Z,2024-05-21T21:37:50.089Z
3328,3032,NM572458267,MERCHANT,,MRU,6400,6400,500000,15000000,CLOSED,true,2024-02-22,2024-06-11T14:07:06.011Z,2024-02-22T09:25:30.883Z,2024-06-11T14:07:06.011Z
3329,3033,NS024368286,SAVINGS,,MRU,20000,20000,500000,15000000,ACTIVE,true,2023-11-10,2024-02-24T19:41:00.846Z,2023-11-10T01:16:50.381Z,2024-02-24T19:41:00.846Z
3330,3034,NW860938102,WALLET,,MRU,80000,35000,500000,15000000,ACTIVE,true,2022-05-01,2022-05-15T01:33:38.143Z,2022-05-01T12:28:12.613Z,2022-05-15T01:33:38.143Z
3331,3035,NW272620558,WALLET,,MRU,9200,9200,500000,15000000,ACTIVE,true,2022-09-05,2024-12-18T03:30:43.239Z,2022-09-05T11:46:36.634Z,2024-12-18T03:30:43.239Z
3332,3036,NW260831356,WALLET,,MRU,23000,23000,500000,15000000,ACTIVE,true,2023-04-16,2023-10-28T07:08:57.757Z,2023-04-16T14:40:29.871Z,2023-10-28T07:08:57.757Z
3333,3037,NW326650172,WALLET,,MRU,13000,13000,500000,15000000,ACTIVE,true,2022-02-21,2022-11-26T15:42:22.230Z,2022-02-21T01:03:40.020Z,2022-11-26T15:42:22.230Z
3334,3038,NW743783235,WALLET,,MRU,2629900,1900,500000,15000000,ACTIVE,true,2024-01-20,2024-01-30T18:09:40.235Z,2024-01-20T00:32:41.429Z,2024-01-30T18:09:40.235Z
3335,3039,NW941250741,WALLET,,MRU,42000,42000,500000,15000000,ACTIVE,true,2024-03-15,2024-12-11T09:15:17.839Z,2024-03-15T06:44:00.211Z,2024-12-11T09:15:17.839Z
3336,3040,NM687565088,MERCHANT,,MRU,3200,3200,500000,15000000,ACTIVE,true,2023-05-06,2023-07-21T23:11:07.794Z,2023-05-06T19:24:35.847Z,2023-07-21T23:11:07.794Z
3337,3041,NM040336608,MERCHANT,,MRU,36000,36000,500000,15000000,ACTIVE,true,2024-07-21,2024-12-13T13:03:21.090Z,2024-07-21T11:56:45.476Z,2024-12-13T13:03:21.090Z
3338,3042,NW140648722,WALLET,,MRU,193,41000,500000,15000000,ACTIVE,true,2022-07-02,2024-04-07T05:53:28.744Z,2022-07-02T23:07:58.801Z,2024-04-07T05:53:28.744Z
3339,3043,NA017256021,AGENT,,MRU,1200,27000,500000,15000000,ACTIVE,true,2022-05-20,2024-12-28T21:33:39.171Z,2022-05-20T06:00:51.102Z,2024-12-28T21:33:39.171Z
3340,3044,NW724453240,WALLET,,MRU,1037000,37000,500000,15000000,ACTIVE,true,2024-07-20,2024-10-23T12:24:30.792Z,2024-07-20T00:36:05.360Z,2024-10-23T12:24:30.792Z
3341,3045,NW309801697,WALLET,,MRU,3585200,5200,500000,15000000,ACTIVE,true,2022-07-08,2022-08-31T11:06:32.075Z,2022-07-08T21:51:51.428Z,2022-08-31T11:06:32.075Z
3342,3046,NA710392713,AGENT,,MRU,139000,29000,500000,15000000,ACTIVE,true,2024-09-22,2024-12-12T08:51:57.818Z,2024-09-22T21:01:26.845Z,2024-12-12T08:51:57.818Z
3343,3047,NS017959356,SAVINGS,,MRU,1059911,27000,500000,15000000,ACTIVE,true,2024-07-15,2024-11-09T09:36:13.324Z,2024-07-15T09:35:01.471Z,2024-11-09T09:36:13.324Z
3344,3048,NS824973822,SAVINGS,,MRU,12000,12000,500000,15000000,FROZEN,true,2022-01-19,2023-09-01T13:20:08.752Z,2022-01-19T02:01:15.243Z,2023-09-01T13:20:08.752Z
3345,3049,NM584158540,MERCHANT,,MRU,32000,32000,500000,15000000,ACTIVE,true,2023-10-02,2023-11-17T11:39:55.760Z,2023-10-02T10:14:52.283Z,2023-11-17T11:39:55.760Z
3346,3050,NW251884341,WALLET,,MRU,700,42000,500000,15000000,ACTIVE,true,2022-06-19,2022-10-31T23:40:35.543Z,2022-06-19T16:09:11.414Z,2022-10-31T23:40:35.543Z
3347,3051,NC155259847,CORPORATE,,MRU,912000,12000,500000,15000000,ACTIVE,true,2023-01-05,2024-10-13T01:31:49.073Z,2023-01-05T12:14:49.317Z,2024-10-13T01:31:49.073Z
3348,3052,NW955745220,WALLET,,MRU,1500,9200,500000,15000000,ACTIVE,true,2024-01-27,2024-05-01T18:36:52.483Z,2024-01-27T21:00:55.082Z,2024-05-01T18:36:52.483Z
3349,3053,NW243739634,WALLET,,MRU,30900,1300,500000,15000000,ACTIVE,true,2024-06-08,2024-12-16T11:15:27.134Z,2024-06-08T04:36:50.725Z,2024-12-16T11:15:27.134Z
3350,3054,NC947821021,CORPORATE,,MRU,17000,17000,500000,15000000,ACTIVE,true,2024-12-16,2024-12-22T18:28:44.149Z,2024-12-16T12:34:35.491Z,2024-12-22T18:28:44.149Z
3351,3055,NW131213069,WALLET,,MRU,4600,4600,500000,15000000,DORMANT,true,2022-09-12,2022-09-16T05:43:14.437Z,2022-09-12T12:24:59.582Z,2022-09-16T05:43:14.437Z
3352,3056,NS242699146,SAVINGS,,MRU,48000,48000,500000,15000000,ACTIVE,true,2023-05-14,2024-07-23T09:27:29.800Z,2023-05-14T17:33:12.033Z,2024-07-23T09:27:29.800Z
3353,3057,NW914239764,WALLET,,MRU,13000,17000,500000,15000000,ACTIVE,true,2022-11-08,2023-12-03T22:30:39.662Z,2022-11-08T13:40:07.848Z,2023-12-03T22:30:39.662Z
3354,3058,NW331779837,WALLET,,MRU,13400,1800,500000,15000000,ACTIVE,true,2023-05-21,2024-07-20T14:21:56.578Z,2023-05-21T05:43:05.377Z,2024-07-20T14:21:56.578Z
3355,3059,NC236874342,CORPORATE,,MRU,415000,15000,500000,15000000,ACTIVE,true,2022-08-02,2023-11-24T05:00:26.490Z,2022-08-02T00:50:49.342Z,2023-11-24T05:00:26.490Z
3356,3060,NW509821534,WALLET,,MRU,97,34000,500000,15000000,ACTIVE,true,2024-11-23,2024-11-30T20:04:58.152Z,2024-11-23T01:45:32.843Z,2024-11-30T20:04:58.152Z
3357,3061,NA787639499,AGENT,,MRU,350,10000,500000,15000000,ACTIVE,true,2024-06-22,2024-07-28T19:11:10.299Z,2024-06-22T03:28:07.330Z,2024-07-28T19:11:10.299Z
3358,3062,NC442971229,CORPORATE,,MRU,35000,35000,500000,15000000,FROZEN,true,2024-01-19,2024-03-11T19:28:51.529Z,2024-01-19T14:38:11.452Z,2024-03-11T19:28:51.529Z
3359,3063,NW245397925,WALLET,,MRU,88900,13000,500000,15000000,ACTIVE,true,2022-12-26,2023-02-19T09:00:21.195Z,2022-12-26T20:58:42.004Z,2023-02-19T09:00:21.195Z
3360,3064,NW108221292,WALLET,,MRU,21000,21000,500000,15000000,ACTIVE,true,2023-06-30,2024-02-25T04:17:18.106Z,2023-06-30T03:57:27.972Z,2024-02-25T04:17:18.106Z
3361,3065,NS413888454,SAVINGS,,MRU,67900,7900,500000,15000000,ACTIVE,true,2022-08-31,2024-12-17T18:25:28.010Z,2022-08-31T01:03:24.444Z,2024-12-17T18:25:28.010Z
3362,3066,NS899369478,SAVINGS,,MRU,10000,10000,500000,15000000,ACTIVE,true,2022-05-06,2024-01-11T10:47:01.037Z,2022-05-06T21:53:46.926Z,2024-01-11T10:47:01.037Z
3363,3067,NM884317398,MERCHANT,,MRU,7520,40000,500000,15000000,ACTIVE,true,2023-12-25,2024-11-02T12:55:22.403Z,2023-12-25T15:21:33.666Z,2024-11-02T12:55:22.403Z
3364,3068,NS163271308,SAVINGS,,MRU,228,5100,500000,15000000,ACTIVE,true,2023-05-23,2024-09-04T07:37:33.225Z,2023-05-23T15:12:19.475Z,2024-09-04T07:37:33.225Z
3365,3069,NW970475912,WALLET,,MRU,600,600,500000,15000000,FROZEN,true,2024-11-14,2024-12-18T16:03:07.858Z,2024-11-14T16:18:25.346Z,2024-12-18T16:03:07.858Z
3366,3070,NW256509542,WALLET,,MRU,449,33000,500000,15000000,ACTIVE,true,2023-04-30,2023-09-19T13:38:11.370Z,2023-04-30T17:11:30.637Z,2023-09-19T13:38:11.370Z
3367,3071,NW556293666,WALLET,,MRU,148600,14000,500000,15000000,ACTIVE,true,2024-05-29,2024-10-23T07:37:44.764Z,2024-05-29T03:27:46.480Z,2024-10-23T07:37:44.764Z
3368,3072,NW629499942,WALLET,,MRU,723685,5900,500000,15000000,ACTIVE,true,2022-08-10,2022-10-03T16:49:37.233Z,2022-08-10T22:28:37.838Z,2022-10-03T16:49:37.233Z
3369,3073,NW183977603,WALLET,,MRU,15100,1300,500000,15000000,ACTIVE,true,2023-09-29,2023-11-03T12:13:21.797Z,2023-09-29T08:23:41.117Z,2023-11-03T12:13:21.797Z
3370,3074,NS300937771,SAVINGS,,MRU,18000,18000,500000,15000000,DORMANT,true,2024-02-06,2024-02-13T07:12:57.639Z,2024-02-06T08:06:14.520Z,2024-02-13T07:12:57.639Z
3371,3075,NW204465866,WALLET,,MRU,180000,180000,500000,15000000,ACTIVE,true,2022-03-20,2024-02-17T20:40:29.933Z,2022-03-20T23:11:35.781Z,2024-02-17T20:40:29.933Z
3372,3075,NS758002162,SAVINGS,,MRU,40000,40000,500000,15000000,ACTIVE,false,2022-03-20,2023-04-09T11:44:07.622Z,2022-03-20T23:11:35.781Z,2023-04-09T11:44:07.622Z
3373,3075,NW272568967,WALLET,,MRU,186200,71000,500000,15000000,ACTIVE,false,2022-03-20,2024-02-07T21:16:21.059Z,2022-03-20T23:11:35.781Z,2024-02-07T21:16:21.059Z
3374,3076,NW025511860,WALLET,,MRU,971790,15000,500000,15000000,ACTIVE,true,2022-12-29,2024-04-29T17:32:55.109Z,2022-12-29T16:13:16.269Z,2024-04-29T17:32:55.109Z
3375,3077,NW204377800,WALLET,,MRU,44000,44000,500000,15000000,ACTIVE,true,2024-12-03,2024-12-27T19:14:07.893Z,2024-12-03T02:57:20.621Z,2024-12-27T19:14:07.893Z
3376,3078,NM030827522,MERCHANT,,MRU,42200,23000,500000,15000000,ACTIVE,true,2022-11-05,2023-01-08T03:26:54.184Z,2022-11-05T18:15:58.397Z,2023-01-08T03:26:54.184Z
3377,3079,NW988927185,WALLET,,MRU,25900,34000,500000,15000000,ACTIVE,true,2024-10-19,2024-11-09T13:57:01.654Z,2024-10-19T05:59:21.425Z,2024-11-09T13:57:01.654Z
3378,3080,NM590729713,MERCHANT,,MRU,23000,23000,500000,15000000,ACTIVE,true,2022-01-20,2024-02-28T19:19:00.123Z,2022-01-20T11:55:29.876Z,2024-02-28T19:19:00.123Z
3379,3081,NS355723381,SAVINGS,,MRU,2700,2700,500000,15000000,CLOSED,true,2022-10-28,2024-10-27T23:32:51.269Z,2022-10-28T19:57:47.026Z,2024-10-27T23:32:51.269Z
3380,3082,NM438885569,MERCHANT,,MRU,22000,22000,500000,15000000,ACTIVE,true,2023-10-09,2023-11-01T04:50:32.791Z,2023-10-09T19:04:58.878Z,2023-11-01T04:50:32.791Z
3381,3083,NM681475401,MERCHANT,,MRU,5100,5100,500000,15000000,ACTIVE,true,2024-03-29,2024-12-30T04:02:20.616Z,2024-03-29T06:00:42.186Z,2024-12-30T04:02:20.616Z
3382,3084,NA163470029,AGENT,,MRU,18000,18000,500000,15000000,ACTIVE,true,2023-08-31,2024-12-27T15:19:39.237Z,2023-08-31T08:44:13.790Z,2024-12-27T15:19:39.237Z
3383,3085,NW385246306,WALLET,,MRU,750,4000,500000,15000000,ACTIVE,true,2023-03-19,2024-05-04T10:24:27.365Z,2023-03-19T05:56:06.287Z,2024-05-04T10:24:27.365Z
3384,3086,NM020613908,MERCHANT,,MRU,20000,20000,500000,15000000,ACTIVE,true,2023-12-14,2023-12-24T14:32:30.611Z,2023-12-14T11:28:04.751Z,2023-12-24T14:32:30.611Z
3385,3087,NM660764932,MERCHANT,,MRU,550,550,500000,15000000,ACTIVE,true,2024-06-26,2024-10-09T21:13:54.534Z,2024-06-26T09:08:28.490Z,2024-10-09T21:13:54.534Z
3386,3088,NS552616358,SAVINGS,,MRU,39000,39000,500000,15000000,ACTIVE,true,2022-11-05,2024-10-03T18:05:21.580Z,2022-11-05T07:03:36.446Z,2024-10-03T18:05:21.580Z
3387,3089,NW228562623,WALLET,,MRU,3750,4300,500000,15000000,ACTIVE,true,2022-11-20,2023-04-14T05:15:59.853Z,2022-11-20T13:40:45.058Z,2023-04-14T05:15:59.853Z
3388,3090,NW592972755,WALLET,,MRU,850,5900,500000,15000000,ACTIVE,true,2024-03-06,2024-03-28T17:58:25.706Z,2024-03-06T10:59:43.720Z,2024-03-28T17:58:25.706Z
3389,3091,NW041200399,WALLET,,MRU,220,29000,500000,15000000,ACTIVE,true,2024-08-20,2024-12-03T15:20:17.181Z,2024-08-20T14:57:02.616Z,2024-12-03T15:20:17.181Z
3390,3092,NW224101662,WALLET,,MRU,24000,24000,500000,15000000,ACTIVE,true,2022-07-10,2023-09-29T15:22:09.309Z,2022-07-10T00:44:04.142Z,2023-09-29T15:22:09.309Z
3391,3093,NW700876742,WALLET,,MRU,3600,3600,500000,15000000,ACTIVE,true,2024-08-22,2024-12-24T22:16:39.347Z,2024-08-22T14:18:45.725Z,2024-12-24T22:16:39.347Z
3392,3094,NA130515813,AGENT,,MRU,544000,44000,500000,15000000,ACTIVE,true,2024-03-15,2024-07-11T09:22:07.606Z,2024-03-15T02:02:25.539Z,2024-07-11T09:22:07.606Z
3393,3095,NA309060692,AGENT,,MRU,150,34000,500000,15000000,ACTIVE,true,2024-08-15,2024-12-08T12:08:53.082Z,2024-08-15T05:52:42.734Z,2024-12-08T12:08:53.082Z
3394,3096,NC167582988,CORPORATE,,MRU,4300,4300,500000,15000000,ACTIVE,true,2022-04-17,2023-04-29T12:24:27.726Z,2022-04-17T00:49:49.868Z,2023-04-29T12:24:27.726Z
3395,3097,NA956968546,AGENT,,MRU,12500,33000,500000,15000000,ACTIVE,true,2022-07-29,2024-08-31T09:44:11.075Z,2022-07-29T11:53:50.960Z,2024-08-31T09:44:11.075Z
3396,3098,NW538577348,WALLET,,MRU,6600,6600,500000,15000000,ACTIVE,true,2024-04-03,2024-10-04T14:49:35.871Z,2024-04-03T01:19:25.603Z,2024-10-04T14:49:35.871Z
3397,3099,NW132949620,WALLET,,MRU,20000,20000,500000,15000000,ACTIVE,true,2023-04-22,2023-12-19T09:51:12.428Z,2023-04-22T17:14:04.400Z,2023-12-19T09:51:12.428Z
3398,3100,NW915853709,WALLET,,MRU,310000,50000,500000,15000000,ACTIVE,true,2024-07-28,2024-08-13T17:27:54.707Z,2024-07-28T01:51:09.473Z,2024-08-13T17:27:54.707Z
3399,3101,NW715446114,WALLET,,MRU,8800,8800,500000,15000000,ACTIVE,true,2024-05-18,2024-08-16T20:21:28.797Z,2024-05-18T22:25:20.408Z,2024-08-16T20:21:28.797Z
3400,3102,NW400191456,WALLET,,MRU,2100,2100,500000,15000000,ACTIVE,true,2022-03-16,2022-12-28T06:22:49.480Z,2022-03-16T20:52:33.522Z,2022-12-28T06:22:49.480Z
3401,3103,NS096574664,SAVINGS,,MRU,250,15000,500000,15000000,ACTIVE,true,2023-01-14,2024-04-02T14:03:49.373Z,2023-01-14T09:10:06.130Z,2024-04-02T14:03:49.373Z
3402,3104,NW374183654,WALLET,,MRU,58700,9500,500000,15000000,ACTIVE,true,2022-09-01,2023-04-27T08:41:51.979Z,2022-09-01T14:36:46.936Z,2023-04-27T08:41:51.979Z
3403,3105,NW399539977,WALLET,,MRU,36000,36000,500000,15000000,DORMANT,true,2024-01-02,2024-11-22T14:09:29.553Z,2024-01-02T06:54:37.800Z,2024-11-22T14:09:29.553Z
3404,3106,NW673198104,WALLET,,MRU,2850,7800,500000,15000000,ACTIVE,true,2024-09-23,2024-12-05T00:10:56.723Z,2024-09-23T17:51:04.003Z,2024-12-05T00:10:56.723Z
3405,3107,NW797515631,WALLET,,MRU,42000,42000,500000,15000000,ACTIVE,true,2022-04-05,2023-10-28T09:12:48.629Z,2022-04-05T14:31:09.198Z,2023-10-28T09:12:48.629Z
3406,3108,NM869566679,MERCHANT,,MRU,41000,41000,500000,15000000,ACTIVE,true,2024-08-29,2024-10-26T14:23:03.708Z,2024-08-29T02:25:38.619Z,2024-10-26T14:23:03.708Z
3407,3109,NW247102528,WALLET,,MRU,12000,12000,500000,15000000,ACTIVE,true,2022-11-09,2023-04-27T11:10:04.694Z,2022-11-09T20:37:49.829Z,2023-04-27T11:10:04.694Z
3408,3110,NM211739301,MERCHANT,,MRU,8300,14000,500000,15000000,ACTIVE,true,2023-10-08,2023-10-28T06:25:40.360Z,2023-10-08T04:30:16.889Z,2023-10-28T06:25:40.360Z
3409,3111,NW324838638,WALLET,,MRU,8500,8500,500000,15000000,ACTIVE,true,2024-01-17,2024-02-20T00:26:09.785Z,2024-01-17T15:01:11.993Z,2024-02-20T00:26:09.785Z
3410,3112,NM999472380,MERCHANT,,MRU,17000,17000,500000,15000000,FROZEN,true,2024-10-03,2024-11-24T11:51:40.667Z,2024-10-03T16:27:02.193Z,2024-11-24T11:51:40.667Z
3411,3113,NW339413434,WALLET,,MRU,289000,289000,500000,15000000,ACTIVE,true,2023-10-12,2024-05-16T18:40:44.650Z,2023-10-12T07:48:45.863Z,2024-05-16T18:40:44.650Z
3412,3113,NW727908611,WALLET,,MRU,157700,165000,500000,15000000,ACTIVE,false,2023-10-12,2024-01-19T05:35:14.158Z,2023-10-12T07:48:45.863Z,2024-01-19T05:35:14.158Z
3413,3113,NS248648524,SAVINGS,,MRU,2691050,405000,500000,15000000,ACTIVE,false,2023-10-12,2024-11-16T19:52:54.051Z,2023-10-12T07:48:45.863Z,2024-11-16T19:52:54.051Z
3414,3114,NM293475866,MERCHANT,,MRU,54400,7500,500000,15000000,ACTIVE,true,2023-12-10,2024-02-12T02:06:03.258Z,2023-12-10T22:29:47.421Z,2024-02-12T02:06:03.258Z
3415,3115,NW117104947,WALLET,,MRU,17000,17000,500000,15000000,FROZEN,true,2022-09-14,2023-11-07T09:35:10.375Z,2022-09-14T21:04:27.789Z,2023-11-07T09:35:10.375Z
3416,3116,NA773540377,AGENT,,MRU,28100,44000,500000,15000000,ACTIVE,true,2022-04-09,2022-06-25T03:46:57.935Z,2022-04-09T20:06:31.488Z,2022-06-25T03:46:57.935Z
3417,3117,NW390340566,WALLET,,MRU,18000,18000,500000,15000000,ACTIVE,true,2023-02-25,2023-02-26T21:01:24.893Z,2023-02-25T16:08:05.051Z,2023-02-26T21:01:24.893Z
3418,3118,NS838276386,SAVINGS,,MRU,94000,94000,500000,15000000,ACTIVE,true,2024-05-18,2024-11-13T18:09:33.869Z,2024-05-18T15:57:44.858Z,2024-11-13T18:09:33.869Z
3419,3118,NW885361075,WALLET,,MRU,274745,308000,500000,15000000,ACTIVE,false,2024-05-18,2024-06-02T15:56:39.128Z,2024-05-18T15:57:44.858Z,2024-06-02T15:56:39.128Z
3420,3118,NS499750852,SAVINGS,,MRU,458600,433000,500000,15000000,ACTIVE,false,2024-05-18,2024-11-13T07:56:22.641Z,2024-05-18T15:57:44.858Z,2024-11-13T07:56:22.641Z
3421,3119,NA993024588,AGENT,,MRU,2600,17000,500000,15000000,ACTIVE,true,2022-03-07,2024-01-31T09:29:23.221Z,2022-03-07T05:25:12.339Z,2024-01-31T09:29:23.221Z
3422,3120,NW219702869,WALLET,,MRU,18000,18000,500000,15000000,ACTIVE,true,2024-07-24,2024-08-06T02:38:21.628Z,2024-07-24T07:38:01.238Z,2024-08-06T02:38:21.628Z
3423,3121,NW866736770,WALLET,,MRU,8125,5600,500000,15000000,ACTIVE,true,2022-12-22,2023-04-08T19:43:27.865Z,2022-12-22T17:23:32.093Z,2023-04-08T19:43:27.865Z
3424,3122,NW589968920,WALLET,,MRU,8100,8100,500000,15000000,ACTIVE,true,2022-06-18,2023-04-07T18:09:27.199Z,2022-06-18T07:55:55.616Z,2023-04-07T18:09:27.199Z
3425,3123,NW965363741,WALLET,,MRU,18000,18000,500000,15000000,ACTIVE,true,2022-11-23,2024-06-22T13:07:41.874Z,2022-11-23T04:27:47.693Z,2024-06-22T13:07:41.874Z
3426,3124,NS906414628,SAVINGS,,MRU,3000,17000,500000,15000000,ACTIVE,true,2024-05-09,2024-12-21T03:43:19.831Z,2024-05-09T17:54:45.090Z,2024-12-21T03:43:19.831Z
3427,3125,NC293411255,CORPORATE,,MRU,12000,12000,500000,15000000,ACTIVE,true,2022-12-20,2024-06-25T07:06:23.973Z,2022-12-20T20:42:00.790Z,2024-06-25T07:06:23.973Z
3428,3126,NM982969284,MERCHANT,,MRU,17525,45000,500000,15000000,ACTIVE,true,2024-12-14,2024-12-30T15:59:49.044Z,2024-12-14T22:54:49.542Z,2024-12-30T15:59:49.044Z
3429,3127,NM854602814,MERCHANT,,MRU,9200,9200,500000,15000000,ACTIVE,true,2024-11-13,2024-12-11T21:19:19.237Z,2024-11-13T09:52:03.997Z,2024-12-11T21:19:19.237Z
3430,3128,NW348466873,WALLET,,MRU,8500,8500,500000,15000000,FROZEN,true,2024-03-19,2024-04-03T21:45:43.999Z,2024-03-19T23:04:12.203Z,2024-04-03T21:45:43.999Z
3431,3129,NW456419646,WALLET,,MRU,44000,44000,500000,15000000,ACTIVE,true,2023-01-17,2023-07-24T19:52:29.950Z,2023-01-17T13:34:17.713Z,2023-07-24T19:52:29.950Z
3432,3130,NS925297260,SAVINGS,,MRU,650,650,500000,15000000,ACTIVE,true,2022-08-18,2024-03-31T05:35:51.054Z,2022-08-18T03:01:47.198Z,2024-03-31T05:35:51.054Z
3433,3131,NW948951960,WALLET,,MRU,11400,1400,500000,15000000,ACTIVE,true,2024-10-03,2024-11-25T17:24:17.734Z,2024-10-03T10:18:11.638Z,2024-11-25T17:24:17.734Z
3434,3132,NW978569537,WALLET,,MRU,11256,14000,500000,15000000,ACTIVE,true,2024-09-17,2024-11-25T11:12:01.552Z,2024-09-17T11:46:01.552Z,2024-11-25T11:12:01.552Z
3435,3133,NW998855591,WALLET,,MRU,6800,6800,500000,15000000,ACTIVE,true,2024-11-08,2024-12-22T05:00:23.514Z,2024-11-08T14:29:20.920Z,2024-12-22T05:00:23.514Z
3436,3134,NC803446770,CORPORATE,,MRU,9800,9800,500000,15000000,FROZEN,true,2022-05-13,2024-12-19T23:55:57.465Z,2022-05-13T04:38:40.345Z,2024-12-19T23:55:57.465Z
3437,3135,NM736780643,MERCHANT,,MRU,44000,44000,500000,15000000,ACTIVE,true,2024-05-26,2024-09-14T12:19:07.708Z,2024-05-26T08:10:08.945Z,2024-09-14T12:19:07.708Z
3438,3136,NW869322330,WALLET,,MRU,6030,1100,500000,15000000,ACTIVE,true,2023-10-22,2024-07-27T16:21:50.294Z,2023-10-22T04:46:00.204Z,2024-07-27T16:21:50.294Z
3439,3137,NM444759130,MERCHANT,,MRU,3600,11000,500000,15000000,ACTIVE,true,2024-03-05,2024-03-07T02:34:43.355Z,2024-03-05T01:35:13.502Z,2024-03-07T02:34:43.355Z
3440,3138,NW187594413,WALLET,,MRU,30450,1000,500000,15000000,ACTIVE,true,2022-07-15,2024-04-11T18:14:55.652Z,2022-07-15T10:02:41.163Z,2024-04-11T18:14:55.652Z
3441,3139,NS497001409,SAVINGS,,MRU,940000,40000,500000,15000000,ACTIVE,true,2024-10-23,2024-11-20T22:03:50.224Z,2024-10-23T07:50:09.141Z,2024-11-20T22:03:50.224Z
3442,3140,NM888070226,MERCHANT,,MRU,44450,15000,500000,15000000,ACTIVE,true,2023-05-27,2024-01-24T11:56:16.162Z,2023-05-27T13:31:19.534Z,2024-01-24T11:56:16.162Z
3443,3141,NC831629395,CORPORATE,,MRU,250,8500,500000,15000000,ACTIVE,true,2023-02-14,2023-11-29T21:47:50.990Z,2023-02-14T13:36:44.688Z,2023-11-29T21:47:50.990Z
3444,3142,NC093101978,CORPORATE,,MRU,27000,27000,500000,15000000,ACTIVE,true,2023-07-29,2024-10-09T05:19:15.862Z,2023-07-29T04:22:07.695Z,2024-10-09T05:19:15.862Z
3445,3143,NW961875349,WALLET,,MRU,1359800,8800,500000,15000000,ACTIVE,true,2024-04-21,2024-05-21T23:01:30.960Z,2024-04-21T05:41:39.461Z,2024-05-21T23:01:30.960Z
3446,3144,NM789486527,MERCHANT,,MRU,5080,40000,500000,15000000,ACTIVE,true,2023-12-10,2024-03-26T22:45:32.168Z,2023-12-10T05:05:26.006Z,2024-03-26T22:45:32.168Z
3447,3145,NA029285073,AGENT,,MRU,237000,238000,500000,15000000,ACTIVE,true,2022-08-19,2022-11-15T01:13:38.253Z,2022-08-19T07:54:20.748Z,2022-11-15T01:13:38.253Z
3448,3145,NS150962352,SAVINGS,,MRU,238400,299000,500000,15000000,ACTIVE,false,2022-08-19,2023-02-12T22:11:07.204Z,2022-08-19T07:54:20.748Z,2023-02-12T22:11:07.204Z
3449,3146,NA798597097,AGENT,,MRU,1617000,17000,500000,15000000,ACTIVE,true,2023-05-29,2023-09-17T08:58:07.034Z,2023-05-29T21:19:40.083Z,2023-09-17T08:58:07.034Z
3450,3147,NW631447017,WALLET,,MRU,838400,10000,500000,15000000,ACTIVE,true,2024-05-31,2024-09-18T16:33:19.237Z,2024-05-31T23:19:19.721Z,2024-09-18T16:33:19.237Z
3451,3148,NW690416813,WALLET,,MRU,27676,3400,500000,15000000,ACTIVE,true,2022-01-26,2022-09-17T01:33:28.294Z,2022-01-26T20:10:00.506Z,2022-09-17T01:33:28.294Z
3452,3149,NA167905092,AGENT,,MRU,11000,11000,500000,15000000,CLOSED,true,2022-05-20,2022-10-23T14:47:19.806Z,2022-05-20T13:24:27.542Z,2022-10-23T14:47:19.806Z
3453,3150,NW962374806,WALLET,,MRU,822792,14000,500000,15000000,ACTIVE,true,2023-06-19,2023-08-25T15:16:49.252Z,2023-06-19T13:50:51.649Z,2023-08-25T15:16:49.252Z
3454,3151,NM458557129,MERCHANT,,MRU,29920,34000,500000,15000000,ACTIVE,true,2023-01-31,2024-07-28T07:21:08.312Z,2023-01-31T12:32:31.610Z,2024-07-28T07:21:08.312Z
3455,3152,NA025617599,AGENT,,MRU,1571900,27000,500000,15000000,ACTIVE,true,2022-11-13,2024-12-18T15:45:39.524Z,2022-11-13T09:17:33.441Z,2024-12-18T15:45:39.524Z
3456,3153,NW839489967,WALLET,,MRU,500,31000,500000,15000000,ACTIVE,true,2024-05-07,2024-10-06T04:45:49.253Z,2024-05-07T19:38:38.057Z,2024-10-06T04:45:49.253Z
3457,3154,NW158846616,WALLET,,MRU,2124850,7600,500000,15000000,ACTIVE,true,2022-07-28,2024-05-24T19:53:12.102Z,2022-07-28T18:56:02.584Z,2024-05-24T19:53:12.102Z
3458,3155,NW614161163,WALLET,,MRU,90,28000,500000,15000000,ACTIVE,true,2022-07-08,2024-06-20T22:57:10.189Z,2022-07-08T07:02:17.571Z,2024-06-20T22:57:10.189Z
3459,3156,NW326858043,WALLET,,MRU,28500,34000,500000,15000000,ACTIVE,true,2024-12-06,2024-12-19T00:56:43.456Z,2024-12-06T17:17:54.962Z,2024-12-19T00:56:43.456Z
3460,3157,NW411180407,WALLET,,MRU,17000,17000,500000,15000000,ACTIVE,true,2023-05-12,2024-05-23T21:20:46.266Z,2023-05-12T20:29:15.810Z,2024-05-23T21:20:46.266Z
3461,3158,NW556848287,WALLET,,MRU,5900,37000,500000,15000000,ACTIVE,true,2023-04-15,2023-10-18T09:59:18.917Z,2023-04-15T19:33:53.141Z,2023-10-18T09:59:18.917Z
3462,3159,NM833389997,MERCHANT,,MRU,2100,2100,500000,15000000,ACTIVE,true,2024-06-25,2024-09-15T22:46:15.446Z,2024-06-25T08:25:57.702Z,2024-09-15T22:46:15.446Z
3463,3160,NW786998417,WALLET,,MRU,13800,2200,500000,15000000,ACTIVE,true,2023-02-18,2023-06-29T11:14:31.690Z,2023-02-18T08:23:40.171Z,2023-06-29T11:14:31.690Z
3464,3161,NS787983417,SAVINGS,,MRU,210,6600,500000,15000000,ACTIVE,true,2023-05-03,2023-06-18T17:42:25.455Z,2023-05-03T20:44:12.005Z,2023-06-18T17:42:25.455Z
3465,3162,NS837704539,SAVINGS,,MRU,18000,18000,500000,15000000,FROZEN,true,2022-12-11,2024-03-02T14:31:15.320Z,2022-12-11T18:20:33.563Z,2024-03-02T14:31:15.320Z
3466,3163,NW153365518,WALLET,,MRU,1050,6900,500000,15000000,ACTIVE,true,2023-10-01,2024-02-23T15:55:32.584Z,2023-10-01T19:11:43.580Z,2024-02-23T15:55:32.584Z
3467,3164,NW861852407,WALLET,,MRU,57300,37000,500000,15000000,ACTIVE,true,2024-03-23,2024-08-09T09:40:10.708Z,2024-03-23T22:32:00.065Z,2024-08-09T09:40:10.708Z
3468,3165,NM024578809,MERCHANT,,MRU,9750,16000,500000,15000000,ACTIVE,true,2023-09-12,2023-09-29T10:23:04.641Z,2023-09-12T11:47:22.086Z,2023-09-29T10:23:04.641Z
3469,3166,NM938343167,MERCHANT,,MRU,1091400,45000,500000,15000000,ACTIVE,true,2024-01-10,2024-11-16T12:38:26.921Z,2024-01-10T03:33:45.585Z,2024-11-16T12:38:26.921Z
3470,3167,NM144634246,MERCHANT,,MRU,68000,50000,500000,15000000,ACTIVE,true,2022-07-02,2024-02-22T02:56:10.504Z,2022-07-02T08:45:00.803Z,2024-02-22T02:56:10.504Z
3471,3168,NW437204361,WALLET,,MRU,36280,43000,500000,15000000,ACTIVE,true,2023-02-13,2023-10-26T07:01:08.146Z,2023-02-13T01:29:47.327Z,2023-10-26T07:01:08.146Z
3472,3169,NW773880035,WALLET,,MRU,10000,10000,500000,15000000,ACTIVE,true,2024-04-08,2024-08-26T14:38:32.023Z,2024-04-08T14:40:31.441Z,2024-08-26T14:38:32.023Z
3473,3170,NW021875172,WALLET,,MRU,18000,18000,500000,15000000,ACTIVE,true,2022-10-13,2023-07-19T19:43:48.652Z,2022-10-13T14:53:55.196Z,2023-07-19T19:43:48.652Z
3474,3171,NW434041977,WALLET,,MRU,12500,18000,500000,15000000,ACTIVE,true,2024-12-24,2024-12-26T14:08:50.409Z,2024-12-24T05:09:55.513Z,2024-12-26T14:08:50.409Z
3475,3172,NS041912078,SAVINGS,,MRU,25000,25000,500000,15000000,DORMANT,true,2023-08-11,2023-12-17T06:45:44.488Z,2023-08-11T09:11:57.916Z,2023-12-17T06:45:44.488Z
3476,3173,NW525814891,WALLET,,MRU,33000,33000,500000,15000000,ACTIVE,true,2023-08-27,2024-03-14T02:42:07.271Z,2023-08-27T16:43:45.111Z,2024-03-14T02:42:07.271Z
3477,3174,NC306092977,CORPORATE,,MRU,251500,32000,500000,15000000,ACTIVE,true,2023-08-28,2024-12-04T11:33:41.949Z,2023-08-28T16:08:16.876Z,2024-12-04T11:33:41.949Z
3478,3175,NW043437123,WALLET,,MRU,46000,46000,500000,15000000,ACTIVE,true,2022-07-01,2022-09-20T22:50:29.143Z,2022-07-01T06:29:38.607Z,2022-09-20T22:50:29.143Z
3479,3176,NW811091304,WALLET,,MRU,2100,2100,500000,15000000,ACTIVE,true,2022-07-14,2023-04-21T00:35:06.325Z,2022-07-14T02:58:35.725Z,2023-04-21T00:35:06.325Z
3480,3177,NW300069093,WALLET,,MRU,19000,19000,500000,15000000,ACTIVE,true,2024-03-14,2024-07-07T14:08:31.103Z,2024-03-14T15:07:35.275Z,2024-07-07T14:08:31.103Z
3481,3178,NW934507608,WALLET,,MRU,40000,40000,500000,15000000,ACTIVE,true,2022-09-17,2024-07-14T13:42:32.797Z,2022-09-17T07:55:50.439Z,2024-07-14T13:42:32.797Z
3482,3179,NW168460130,WALLET,,MRU,100,4500,500000,15000000,ACTIVE,true,2024-01-31,2024-05-11T08:07:40.560Z,2024-01-31T00:57:51.332Z,2024-05-11T08:07:40.560Z
3483,3180,NW162329673,WALLET,,MRU,150440,43000,500000,15000000,ACTIVE,true,2024-11-08,2024-12-01T22:00:54.572Z,2024-11-08T18:46:12.515Z,2024-12-01T22:00:54.572Z
3484,3181,NW095897555,WALLET,,MRU,4981000,11000,500000,15000000,ACTIVE,true,2022-09-17,2023-04-22T08:36:06.150Z,2022-09-17T05:54:21.933Z,2023-04-22T08:36:06.150Z
3485,3182,NW051686435,WALLET,,MRU,158,11000,500000,15000000,ACTIVE,true,2023-03-20,2024-05-09T05:31:40.667Z,2023-03-20T04:00:09.593Z,2024-05-09T05:31:40.667Z
3486,3183,NA566550731,AGENT,,MRU,250,25000,500000,15000000,ACTIVE,true,2022-11-09,2023-10-15T00:34:23.935Z,2022-11-09T04:35:14.410Z,2023-10-15T00:34:23.935Z
3487,3184,NS620063305,SAVINGS,,MRU,339,39000,500000,15000000,ACTIVE,true,2023-11-08,2024-07-05T11:36:30.190Z,2023-11-08T21:48:54.818Z,2024-07-05T11:36:30.190Z
3488,3185,NW228080272,WALLET,,MRU,49000,49000,500000,15000000,CLOSED,true,2023-08-05,2023-12-08T21:28:20.551Z,2023-08-05T11:05:04.619Z,2023-12-08T21:28:20.551Z
3489,3186,NS035294532,SAVINGS,,MRU,27000,27000,500000,15000000,CLOSED,true,2023-03-28,2023-07-19T21:18:57.010Z,2023-03-28T02:50:40.807Z,2023-07-19T21:18:57.010Z
3490,3187,NW329673707,WALLET,,MRU,4500,21000,500000,15000000,ACTIVE,true,2023-10-02,2024-04-23T10:04:02.504Z,2023-10-02T20:39:40.862Z,2024-04-23T10:04:02.504Z
3491,3188,NS018763661,SAVINGS,,MRU,17000,9900,500000,15000000,ACTIVE,true,2022-03-25,2023-05-20T10:26:07.078Z,2022-03-25T05:09:03.253Z,2023-05-20T10:26:07.078Z
3492,3189,NW159925133,WALLET,,MRU,11000,11000,500000,15000000,ACTIVE,true,2022-08-08,2023-01-05T08:46:41.948Z,2022-08-08T07:20:29.231Z,2023-01-05T08:46:41.948Z
3493,3190,NC557722330,CORPORATE,,MRU,103000,43000,500000,15000000,ACTIVE,true,2024-04-27,2024-10-12T04:06:01.774Z,2024-04-27T15:56:53.132Z,2024-10-12T04:06:01.774Z
3494,3191,NC278308153,CORPORATE,,MRU,10000,10000,500000,15000000,ACTIVE,true,2022-05-05,2023-09-22T08:07:21.210Z,2022-05-05T07:50:08.652Z,2023-09-22T08:07:21.210Z
3495,3192,NM384433984,MERCHANT,,MRU,35000,35000,500000,15000000,ACTIVE,true,2023-06-11,2023-09-14T00:33:28.325Z,2023-06-11T23:25:58.665Z,2023-09-14T00:33:28.325Z
3496,3193,NW919254899,WALLET,,MRU,9632,21000,500000,15000000,ACTIVE,true,2023-02-06,2024-04-29T12:43:32.215Z,2023-02-06T08:18:46.382Z,2024-04-29T12:43:32.215Z
3497,3194,NW176538974,WALLET,,MRU,1115000,15000,500000,15000000,ACTIVE,true,2023-03-23,2023-08-28T03:22:05.976Z,2023-03-23T20:39:30.029Z,2023-08-28T03:22:05.976Z
3498,3195,NW597752809,WALLET,,MRU,61900,1900,500000,15000000,ACTIVE,true,2023-01-13,2023-03-15T05:27:43.248Z,2023-01-13T14:45:07.511Z,2023-03-15T05:27:43.248Z
3499,3196,NC449946046,CORPORATE,,MRU,1602,43000,500000,15000000,ACTIVE,true,2024-10-23,2024-12-09T03:23:07.530Z,2024-10-23T17:56:32.461Z,2024-12-09T03:23:07.530Z
3500,3197,NW622917682,WALLET,,MRU,58500,3500,500000,15000000,ACTIVE,true,2024-02-26,2024-04-29T12:38:49.729Z,2024-02-26T13:09:30.867Z,2024-04-29T12:38:49.729Z
3501,3198,NW083241075,WALLET,,MRU,375,4100,500000,15000000,ACTIVE,true,2023-05-17,2024-09-27T06:15:39.375Z,2023-05-17T06:19:14.357Z,2024-09-27T06:15:39.375Z
3502,3199,NW473402649,WALLET,,MRU,750,750,500000,15000000,ACTIVE,true,2022-12-21,2023-03-31T03:49:55.861Z,2022-12-21T23:33:14.293Z,2023-03-31T03:49:55.861Z
3503,3200,NM237110614,MERCHANT,,MRU,2600,28000,500000,15000000,ACTIVE,true,2022-02-17,2022-12-06T20:55:13.604Z,2022-02-17T18:56:28.010Z,2022-12-06T20:55:13.604Z
3504,3201,NW989918947,WALLET,,MRU,1800,1800,500000,15000000,ACTIVE,true,2022-08-15,2023-06-16T04:41:37.528Z,2022-08-15T02:39:55.973Z,2023-06-16T04:41:37.528Z
3505,3202,NW035308122,WALLET,,MRU,518000,18000,500000,15000000,ACTIVE,true,2022-05-03,2023-12-19T19:21:06.607Z,2022-05-03T16:40:09.189Z,2023-12-19T19:21:06.607Z
3506,3203,NS101977467,SAVINGS,,MRU,36200,48000,500000,15000000,ACTIVE,true,2023-10-07,2024-03-31T02:02:50.256Z,2023-10-07T16:14:25.741Z,2024-03-31T02:02:50.256Z
3507,3204,NS866352320,SAVINGS,,MRU,77600,22000,500000,15000000,ACTIVE,true,2022-08-07,2022-12-24T02:32:05.318Z,2022-08-07T05:04:44.479Z,2022-12-24T02:32:05.318Z
3508,3205,NS035023331,SAVINGS,,MRU,175,26000,500000,15000000,ACTIVE,true,2024-10-05,2024-12-17T15:48:50.952Z,2024-10-05T05:03:24.585Z,2024-12-17T15:48:50.952Z
3509,3206,NW921275139,WALLET,,MRU,41000,41000,500000,15000000,ACTIVE,true,2022-07-08,2022-11-29T22:54:38.605Z,2022-07-08T14:31:04.160Z,2022-11-29T22:54:38.605Z
3510,3207,NM644592643,MERCHANT,,MRU,14000,14000,500000,15000000,ACTIVE,true,2023-12-05,2024-10-07T09:39:45.532Z,2023-12-05T05:43:48.397Z,2024-10-07T09:39:45.532Z
3511,3208,NW081809308,WALLET,,MRU,38000,38000,500000,15000000,CLOSED,true,2023-11-15,2024-01-09T12:44:57.007Z,2023-11-15T03:43:25.692Z,2024-01-09T12:44:57.007Z
3512,3209,NM013905882,MERCHANT,,MRU,1500,13000,500000,15000000,ACTIVE,true,2023-06-28,2024-09-22T15:52:08.043Z,2023-06-28T01:44:07.909Z,2024-09-22T15:52:08.043Z
3513,3210,NA465651393,AGENT,,MRU,36000,36000,500000,15000000,DORMANT,true,2022-07-04,2024-04-06T11:24:37.291Z,2022-07-04T06:36:24.760Z,2024-04-06T11:24:37.291Z
3514,3211,NA875720858,AGENT,,MRU,485000,485000,500000,15000000,ACTIVE,true,2024-05-23,2024-11-19T17:46:56.819Z,2024-05-23T19:25:25.569Z,2024-11-19T17:46:56.819Z
3515,3211,NW626657843,WALLET,,MRU,280,293000,500000,15000000,ACTIVE,false,2024-05-23,2024-10-05T15:08:48.490Z,2024-05-23T19:25:25.569Z,2024-10-05T15:08:48.490Z
3516,3212,NA110571742,AGENT,,MRU,78,13000,500000,15000000,ACTIVE,true,2024-01-27,2024-10-09T13:47:41.294Z,2024-01-27T19:06:37.965Z,2024-10-09T13:47:41.294Z
3517,3213,NA645022988,AGENT,,MRU,9500,9500,500000,15000000,CLOSED,true,2024-04-05,2024-08-25T13:28:14.996Z,2024-04-05T04:43:03.694Z,2024-08-25T13:28:14.996Z
3518,3214,NW263264060,WALLET,,MRU,4600,4600,500000,15000000,ACTIVE,true,2024-05-16,2024-09-17T16:51:56.712Z,2024-05-16T03:48:55.609Z,2024-09-17T16:51:56.712Z
3519,3215,NS924599409,SAVINGS,,MRU,1253200,23000,500000,15000000,ACTIVE,true,2023-10-08,2023-12-25T12:20:19.420Z,2023-10-08T15:19:00.612Z,2023-12-25T12:20:19.420Z
3520,3216,NW479697406,WALLET,,MRU,460,5300,500000,15000000,ACTIVE,true,2024-02-06,2024-12-21T03:55:01.609Z,2024-02-06T12:46:18.967Z,2024-12-21T03:55:01.609Z
3521,3217,NM218413949,MERCHANT,,MRU,7400,7400,500000,15000000,ACTIVE,true,2023-05-06,2023-09-05T09:26:30.223Z,2023-05-06T21:33:58.035Z,2023-09-05T09:26:30.223Z
3522,3218,NC256363630,CORPORATE,,MRU,313570,38000,500000,15000000,ACTIVE,true,2023-07-16,2024-10-23T05:55:57.777Z,2023-07-16T18:20:31.411Z,2024-10-23T05:55:57.777Z
3523,3219,NW408122804,WALLET,,MRU,36000,36000,500000,15000000,ACTIVE,true,2024-06-14,2024-06-27T21:45:48.102Z,2024-06-14T13:27:17.949Z,2024-06-27T21:45:48.102Z
3524,3220,NW863912105,WALLET,,MRU,35320,32000,500000,15000000,ACTIVE,true,2023-09-12,2023-10-01T14:19:45.973Z,2023-09-12T17:07:00.585Z,2023-10-01T14:19:45.973Z
3525,3221,NM486267924,MERCHANT,,MRU,45000,45000,500000,15000000,ACTIVE,true,2023-02-08,2023-08-31T05:45:23.888Z,2023-02-08T22:59:50.935Z,2023-08-31T05:45:23.888Z
3526,3222,NS286044478,SAVINGS,,MRU,522500,30000,500000,15000000,ACTIVE,true,2022-08-04,2023-02-23T14:57:57.744Z,2022-08-04T11:33:55.754Z,2023-02-23T14:57:57.744Z
3527,3223,NW253666162,WALLET,,MRU,4000,29000,500000,15000000,ACTIVE,true,2022-03-19,2024-09-23T04:22:56.150Z,2022-03-19T21:54:07.256Z,2024-09-23T04:22:56.150Z
3528,3224,NW742600679,WALLET,,MRU,22500,15000,500000,15000000,ACTIVE,true,2024-12-19,2024-12-24T02:44:01.263Z,2024-12-19T11:12:32.716Z,2024-12-24T02:44:01.263Z
3529,3225,NW421121861,WALLET,,MRU,19000,19000,500000,15000000,ACTIVE,true,2023-04-19,2024-01-13T07:00:47.570Z,2023-04-19T16:06:20.954Z,2024-01-13T07:00:47.570Z
3530,3226,NW346424341,WALLET,,MRU,2850,4200,500000,15000000,ACTIVE,true,2024-10-24,2024-12-28T03:51:45.315Z,2024-10-24T21:15:26.672Z,2024-12-28T03:51:45.315Z
3531,3227,NM549866795,MERCHANT,,MRU,26055,8900,500000,15000000,ACTIVE,true,2022-02-01,2023-12-19T14:04:39.999Z,2022-02-01T09:03:39.734Z,2023-12-19T14:04:39.999Z
3532,3228,NW428302884,WALLET,,MRU,26000,26000,500000,15000000,ACTIVE,true,2022-06-08,2023-04-22T05:57:43.538Z,2022-06-08T22:36:22.958Z,2023-04-22T05:57:43.538Z
3533,3229,NS969676971,SAVINGS,,MRU,1925,12000,500000,15000000,ACTIVE,true,2024-11-15,2024-11-25T02:33:57.971Z,2024-11-15T05:23:25.730Z,2024-11-25T02:33:57.971Z
3534,3230,NW119766950,WALLET,,MRU,150,6100,500000,15000000,ACTIVE,true,2022-11-26,2023-11-07T18:37:01.854Z,2022-11-26T12:38:40.727Z,2023-11-07T18:37:01.854Z
3535,3231,NW523100376,WALLET,,MRU,41000,41000,500000,15000000,ACTIVE,true,2022-06-28,2022-09-08T19:24:56.731Z,2022-06-28T23:59:32.589Z,2022-09-08T19:24:56.731Z
3536,3232,NM417455554,MERCHANT,,MRU,23000,23000,500000,15000000,DORMANT,true,2024-07-05,2024-07-23T01:20:26.553Z,2024-07-05T04:46:32.802Z,2024-07-23T01:20:26.553Z
3537,3233,NW938697636,WALLET,,MRU,24000,24000,500000,15000000,FROZEN,true,2024-05-23,2024-07-25T12:09:28.345Z,2024-05-23T06:42:38.826Z,2024-07-25T12:09:28.345Z
3538,3234,NM851922512,MERCHANT,,MRU,489500,10000,500000,15000000,ACTIVE,true,2024-08-18,2024-08-29T12:56:11.064Z,2024-08-18T03:35:35.461Z,2024-08-29T12:56:11.064Z
3539,3235,NW330299586,WALLET,,MRU,356000,44000,500000,15000000,ACTIVE,true,2022-12-22,2023-08-08T17:55:35.866Z,2022-12-22T03:10:31.838Z,2023-08-08T17:55:35.866Z
3540,3236,NW372737795,WALLET,,MRU,2310,49000,500000,15000000,ACTIVE,true,2023-01-25,2024-04-14T20:47:45.022Z,2023-01-25T15:01:17.636Z,2024-04-14T20:47:45.022Z
3541,3237,NW262630224,WALLET,,MRU,2900,42000,500000,15000000,ACTIVE,true,2022-07-03,2023-07-29T12:36:59.337Z,2022-07-03T20:32:44.973Z,2023-07-29T12:36:59.337Z
3542,3238,NW911740422,WALLET,,MRU,4300,22000,500000,15000000,ACTIVE,true,2022-07-30,2022-12-08T16:30:26.104Z,2022-07-30T15:04:57.128Z,2022-12-08T16:30:26.104Z
3543,3239,NW701890945,WALLET,,MRU,33000,33000,500000,15000000,ACTIVE,true,2022-11-01,2024-03-02T10:27:23.355Z,2022-11-01T23:13:46.565Z,2024-03-02T10:27:23.355Z
3544,3240,NW122886687,WALLET,,MRU,75,8200,500000,15000000,ACTIVE,true,2024-05-09,2024-11-19T07:24:49.040Z,2024-05-09T07:40:05.532Z,2024-11-19T07:24:49.040Z
3545,3241,NW362450957,WALLET,,MRU,31000,31000,500000,15000000,DORMANT,true,2023-05-08,2023-09-22T03:34:01.418Z,2023-05-08T16:34:55.528Z,2023-09-22T03:34:01.418Z
3546,3242,NW957440674,WALLET,,MRU,3100,3100,500000,15000000,ACTIVE,true,2022-05-28,2024-04-01T10:10:01.433Z,2022-05-28T05:34:13.735Z,2024-04-01T10:10:01.433Z
3547,3243,NW240944743,WALLET,,MRU,21000,21000,500000,15000000,ACTIVE,true,2024-03-06,2024-12-03T02:23:00.188Z,2024-03-06T09:25:13.629Z,2024-12-03T02:23:00.188Z
3548,3244,NW791563272,WALLET,,MRU,235,18000,500000,15000000,ACTIVE,true,2023-07-27,2023-12-31T02:32:43.679Z,2023-07-27T19:04:40.407Z,2023-12-31T02:32:43.679Z
3549,3245,NW698855638,WALLET,,MRU,24000,17000,500000,15000000,ACTIVE,true,2022-10-29,2024-03-17T08:51:15.898Z,2022-10-29T22:25:25.121Z,2024-03-17T08:51:15.898Z
3550,3246,NW497076660,WALLET,,MRU,60100,16000,500000,15000000,ACTIVE,true,2023-05-02,2023-11-02T07:51:15.732Z,2023-05-02T17:37:53.430Z,2023-11-02T07:51:15.732Z
3551,3247,NW833140880,WALLET,,MRU,200,9200,500000,15000000,ACTIVE,true,2023-10-20,2024-01-16T13:39:43.800Z,2023-10-20T09:52:19.740Z,2024-01-16T13:39:43.800Z
3552,3248,NW538752258,WALLET,,MRU,35000,35000,500000,15000000,ACTIVE,true,2023-07-28,2023-08-26T02:08:23.029Z,2023-07-28T07:30:54.673Z,2023-08-26T02:08:23.029Z
3553,3249,NW529798925,WALLET,,MRU,2375,37000,500000,15000000,ACTIVE,true,2024-10-14,2024-12-17T10:55:11.105Z,2024-10-14T09:20:16.598Z,2024-12-17T10:55:11.105Z
3554,3250,NW802871495,WALLET,,MRU,49000,49000,500000,15000000,ACTIVE,true,2023-01-18,2023-04-14T09:27:20.183Z,2023-01-18T05:17:34.302Z,2023-04-14T09:27:20.183Z
3555,3251,NW532651841,WALLET,,MRU,300,9100,500000,15000000,ACTIVE,true,2024-02-26,2024-10-12T02:55:06.132Z,2024-02-26T20:26:46.669Z,2024-10-12T02:55:06.132Z
3556,3252,NM530610323,MERCHANT,,MRU,75000,10000,500000,15000000,ACTIVE,true,2023-04-25,2023-12-03T16:55:12.397Z,2023-04-25T17:11:54.841Z,2023-12-03T16:55:12.397Z
3557,3253,NW083460122,WALLET,,MRU,23000,23000,500000,15000000,ACTIVE,true,2023-02-08,2024-09-22T08:23:03.245Z,2023-02-08T02:30:43.096Z,2024-09-22T08:23:03.245Z
3558,3254,NW099075794,WALLET,,MRU,34000,34000,500000,15000000,ACTIVE,true,2024-11-22,2024-12-28T07:13:31.890Z,2024-11-22T08:52:23.601Z,2024-12-28T07:13:31.890Z
3559,3255,NW935653090,WALLET,,MRU,169400,9400,500000,15000000,ACTIVE,true,2023-05-04,2024-11-14T13:15:51.964Z,2023-05-04T13:32:28.015Z,2024-11-14T13:15:51.964Z
3560,3256,NW672172457,WALLET,,MRU,2750,42000,500000,15000000,ACTIVE,true,2024-06-10,2024-11-14T07:38:07.385Z,2024-06-10T18:39:23.256Z,2024-11-14T07:38:07.385Z
3561,3257,NW457832098,WALLET,,MRU,300,9600,500000,15000000,ACTIVE,true,2022-07-05,2023-04-03T02:22:16.199Z,2022-07-05T07:24:50.810Z,2023-04-03T02:22:16.199Z
3562,3258,NW601996213,WALLET,,MRU,7163,23000,500000,15000000,ACTIVE,true,2023-02-16,2024-09-10T14:09:29.334Z,2023-02-16T05:08:52.153Z,2024-09-10T14:09:29.334Z
3563,3259,NW368243366,WALLET,,MRU,43700,36000,500000,15000000,ACTIVE,true,2022-09-23,2023-01-26T08:53:16.771Z,2022-09-23T13:14:13.088Z,2023-01-26T08:53:16.771Z
3564,3260,NW987603601,WALLET,,MRU,675,21000,500000,15000000,ACTIVE,true,2022-05-21,2024-03-09T12:20:23.989Z,2022-05-21T18:20:12.821Z,2024-03-09T12:20:23.989Z
3565,3261,NM290306329,MERCHANT,,MRU,1000,21000,500000,15000000,ACTIVE,true,2022-12-22,2023-05-21T15:29:01.898Z,2022-12-22T19:53:09.503Z,2023-05-21T15:29:01.898Z
3566,3262,NC466530442,CORPORATE,,MRU,9200,9200,500000,15000000,ACTIVE,true,2022-03-07,2023-02-23T10:32:12.821Z,2022-03-07T04:40:11.221Z,2023-02-23T10:32:12.821Z
3567,3263,NW695430755,WALLET,,MRU,410,28000,500000,15000000,ACTIVE,true,2023-03-26,2024-05-22T14:47:11.580Z,2023-03-26T13:44:44.925Z,2024-05-22T14:47:11.580Z
3568,3264,NS279596328,SAVINGS,,MRU,39000,39000,500000,15000000,ACTIVE,true,2023-01-11,2023-10-06T13:12:36.164Z,2023-01-11T15:09:55.195Z,2023-10-06T13:12:36.164Z
3569,3265,NS056536078,SAVINGS,,MRU,6100,6100,500000,15000000,ACTIVE,true,2022-08-30,2023-11-23T11:37:05.087Z,2022-08-30T02:26:16.183Z,2023-11-23T11:37:05.087Z
3570,3266,NW546144128,WALLET,,MRU,2275,7000,500000,15000000,ACTIVE,true,2022-12-07,2024-03-04T15:08:55.166Z,2022-12-07T20:52:27.064Z,2024-03-04T15:08:55.166Z
3571,3267,NW051547557,WALLET,,MRU,3825,32000,500000,15000000,ACTIVE,true,2022-05-26,2023-04-18T23:17:14.121Z,2022-05-26T14:56:03.100Z,2023-04-18T23:17:14.121Z
3572,3268,NW806662470,WALLET,,MRU,19000,19000,500000,15000000,ACTIVE,true,2024-09-16,2024-09-20T01:57:23.903Z,2024-09-16T07:02:32.172Z,2024-09-20T01:57:23.903Z
3573,3269,NM406461835,MERCHANT,,MRU,88400,8300,500000,15000000,ACTIVE,true,2024-01-25,2024-06-29T01:01:16.836Z,2024-01-25T02:46:18.548Z,2024-06-29T01:01:16.836Z
3574,3270,NW760158181,WALLET,,MRU,280,18000,500000,15000000,ACTIVE,true,2022-04-23,2024-01-15T08:45:02.790Z,2022-04-23T22:24:25.602Z,2024-01-15T08:45:02.790Z
3575,3271,NW510440021,WALLET,,MRU,12000,12000,500000,15000000,ACTIVE,true,2023-12-30,2024-07-11T04:19:13.369Z,2023-12-30T07:25:21.639Z,2024-07-11T04:19:13.369Z
3576,3272,NW743032455,WALLET,,MRU,9000,9000,500000,15000000,ACTIVE,true,2022-10-28,2023-05-21T14:05:15.109Z,2022-10-28T08:12:08.841Z,2023-05-21T14:05:15.109Z
3577,3273,NW130827307,WALLET,,MRU,5500,5500,500000,15000000,ACTIVE,true,2024-04-22,2024-06-15T00:39:06.229Z,2024-04-22T08:33:18.340Z,2024-06-15T00:39:06.229Z
3578,3274,NW620896458,WALLET,,MRU,99000,9000,500000,15000000,ACTIVE,true,2023-11-28,2023-12-05T17:53:15.875Z,2023-11-28T21:58:34.691Z,2023-12-05T17:53:15.875Z
3579,3275,NA581141352,AGENT,,MRU,21000,21000,500000,15000000,ACTIVE,true,2024-07-28,2024-10-21T08:33:35.450Z,2024-07-28T01:51:09.473Z,2024-10-21T08:33:35.450Z
3580,3276,NA333350896,AGENT,,MRU,120400,43000,500000,15000000,ACTIVE,true,2022-02-06,2024-03-26T21:38:02.655Z,2022-02-06T02:33:58.476Z,2024-03-26T21:38:02.655Z
3581,3277,NC571142912,CORPORATE,,MRU,8400,8400,500000,15000000,ACTIVE,true,2022-03-16,2023-05-17T16:08:15.452Z,2022-03-16T20:52:33.522Z,2023-05-17T16:08:15.452Z
3582,3278,NS996377706,SAVINGS,,MRU,45000,45000,500000,15000000,FROZEN,true,2024-08-03,2024-10-20T19:51:40.648Z,2024-08-03T14:41:05.064Z,2024-10-20T19:51:40.648Z
3583,3279,NW050934553,WALLET,,MRU,0,4800,500000,15000000,ACTIVE,true,2022-12-28,2023-06-13T22:29:00.363Z,2022-12-28T17:10:24.311Z,2023-06-13T22:29:00.363Z
3584,3280,NW380208313,WALLET,,MRU,1900,21000,500000,15000000,ACTIVE,true,2022-02-02,2022-09-19T12:05:15.786Z,2022-02-02T06:09:26.813Z,2022-09-19T12:05:15.786Z
3585,3281,NW816288855,WALLET,,MRU,173,26000,500000,15000000,ACTIVE,true,2022-05-06,2023-11-02T22:35:23.008Z,2022-05-06T21:44:23.018Z,2023-11-02T22:35:23.008Z
3586,3282,NS083691000,SAVINGS,,MRU,163024,15000,500000,15000000,ACTIVE,true,2024-01-20,2024-07-04T09:08:33.230Z,2024-01-20T20:22:20.856Z,2024-07-04T09:08:33.230Z
3587,3283,NA173048734,AGENT,,MRU,39000,39000,500000,15000000,ACTIVE,true,2024-10-07,2024-12-15T12:05:28.484Z,2024-10-07T07:16:36.189Z,2024-12-15T12:05:28.484Z
3588,3283,NS738132953,SAVINGS,,MRU,250500,301000,500000,15000000,ACTIVE,false,2024-10-07,2024-12-18T06:04:20.500Z,2024-10-07T07:16:36.189Z,2024-12-18T06:04:20.500Z
3589,3284,NW430590510,WALLET,,MRU,1525,15000,500000,15000000,ACTIVE,true,2024-09-02,2024-09-26T14:38:18.508Z,2024-09-02T21:57:11.769Z,2024-09-26T14:38:18.508Z
3590,3285,NW655945539,WALLET,,MRU,567000,17000,500000,15000000,ACTIVE,true,2023-09-05,2024-01-15T13:39:29.054Z,2023-09-05T15:14:00.210Z,2024-01-15T13:39:29.054Z
3591,3286,NW876369264,WALLET,,MRU,941,900,500000,15000000,ACTIVE,true,2023-02-02,2024-03-16T19:08:06.519Z,2023-02-02T20:51:50.235Z,2024-03-16T19:08:06.519Z
3592,3287,NM668181896,MERCHANT,,MRU,17000,17000,500000,15000000,FROZEN,true,2024-10-03,2024-11-28T16:20:47.869Z,2024-10-03T16:27:02.193Z,2024-11-28T16:20:47.869Z
3593,3288,NW585189342,WALLET,,MRU,5650,13000,500000,15000000,ACTIVE,true,2022-11-06,2023-08-05T19:31:29.445Z,2022-11-06T09:14:53.342Z,2023-08-05T19:31:29.445Z
3594,3289,NA803893566,AGENT,,MRU,21000,21000,500000,15000000,ACTIVE,true,2024-07-24,2024-11-17T21:33:53.636Z,2024-07-24T21:20:34.434Z,2024-11-17T21:33:53.636Z
3595,3290,NW301101237,WALLET,,MRU,48000,48000,500000,15000000,FROZEN,true,2023-03-08,2023-08-28T17:21:24.443Z,2023-03-08T12:13:34.186Z,2023-08-28T17:21:24.443Z
3596,3291,NW964333415,WALLET,,MRU,7300,7300,500000,15000000,ACTIVE,true,2023-04-05,2024-05-28T21:14:00.786Z,2023-04-05T10:40:40.318Z,2024-05-28T21:14:00.786Z
3597,3292,NS651164412,SAVINGS,,MRU,4400,21000,500000,15000000,ACTIVE,true,2024-07-04,2024-08-08T13:18:33.432Z,2024-07-04T01:50:51.443Z,2024-08-08T13:18:33.432Z
3598,3293,NA188363671,AGENT,,MRU,78590,27000,500000,15000000,ACTIVE,true,2023-04-25,2024-05-15T10:16:28.084Z,2023-04-25T02:41:03.160Z,2024-05-15T10:16:28.084Z
3599,3294,NW956676483,WALLET,,MRU,12600,17000,500000,15000000,ACTIVE,true,2022-02-23,2022-08-24T19:29:40.711Z,2022-02-23T04:23:43.826Z,2022-08-24T19:29:40.711Z
3600,3295,NS384152770,SAVINGS,,MRU,292,48000,500000,15000000,ACTIVE,true,2022-08-14,2024-06-02T14:02:40.654Z,2022-08-14T21:16:57.288Z,2024-06-02T14:02:40.654Z
3601,3296,NW579742700,WALLET,,MRU,49000,49000,500000,15000000,ACTIVE,true,2023-07-29,2023-08-04T06:23:49.800Z,2023-07-29T14:58:52.436Z,2023-08-04T06:23:49.800Z
3602,3297,NW933836460,WALLET,,MRU,16000,16000,500000,15000000,ACTIVE,true,2024-09-22,2024-10-13T22:53:04.199Z,2024-09-22T13:16:47.252Z,2024-10-13T22:53:04.199Z
3603,3298,NW087852776,WALLET,,MRU,1215900,7900,500000,15000000,ACTIVE,true,2023-10-19,2024-06-24T04:47:33.463Z,2023-10-19T12:29:26.349Z,2024-06-24T04:47:33.463Z
3604,3299,NM923087239,MERCHANT,,MRU,11000,11000,500000,15000000,CLOSED,true,2023-04-04,2024-10-13T22:40:35.787Z,2023-04-04T19:16:03.086Z,2024-10-13T22:40:35.787Z
3605,3300,NA103159308,AGENT,,MRU,400,4600,500000,15000000,ACTIVE,true,2024-02-25,2024-06-12T11:28:26.410Z,2024-02-25T09:56:15.000Z,2024-06-12T11:28:26.410Z
3606,3301,NM249536156,MERCHANT,,MRU,25800,37000,500000,15000000,ACTIVE,true,2024-03-23,2024-06-06T21:02:00.906Z,2024-03-23T20:31:53.325Z,2024-06-06T21:02:00.906Z
3607,3302,NS380336284,SAVINGS,,MRU,6200,6200,500000,15000000,ACTIVE,true,2024-08-17,2024-12-10T16:18:08.336Z,2024-08-17T04:01:11.593Z,2024-12-10T16:18:08.336Z
3608,3303,NS636561751,SAVINGS,,MRU,9700,9700,500000,15000000,ACTIVE,true,2023-08-16,2024-07-06T09:40:27.996Z,2023-08-16T20:57:20.708Z,2024-07-06T09:40:27.996Z
3609,3304,NW364411264,WALLET,,MRU,9400,9400,500000,15000000,CLOSED,true,2024-05-12,2024-08-24T08:36:53.667Z,2024-05-12T05:28:02.769Z,2024-08-24T08:36:53.667Z
3610,3305,NW592602491,WALLET,,MRU,22000,22000,500000,15000000,ACTIVE,true,2024-06-16,2024-12-27T21:01:41.551Z,2024-06-16T05:26:43.566Z,2024-12-27T21:01:41.551Z
3611,3306,NW223380833,WALLET,,MRU,1300,1300,500000,15000000,ACTIVE,true,2024-01-14,2024-07-18T09:19:51.958Z,2024-01-14T09:00:37.538Z,2024-07-18T09:19:51.958Z
3612,3307,NW643337607,WALLET,,MRU,69700,8100,500000,15000000,ACTIVE,true,2023-03-05,2023-03-16T16:02:39.308Z,2023-03-05T04:11:33.736Z,2023-03-16T16:02:39.308Z
3613,3308,NW788430363,WALLET,,MRU,3650,1100,500000,15000000,ACTIVE,true,2022-09-07,2024-05-13T14:33:21.898Z,2022-09-07T05:20:46.439Z,2024-05-13T14:33:21.898Z
3614,3309,NS126524686,SAVINGS,,MRU,50000,50000,500000,15000000,ACTIVE,true,2022-05-13,2023-02-13T08:05:47.035Z,2022-05-13T04:38:40.345Z,2023-02-13T08:05:47.035Z
3615,3310,NW668311626,WALLET,,MRU,471000,21000,500000,15000000,ACTIVE,true,2024-07-03,2024-08-31T19:46:35.313Z,2024-07-03T18:10:17.150Z,2024-08-31T19:46:35.313Z
3616,3311,NW286042094,WALLET,,MRU,300,9500,500000,15000000,ACTIVE,true,2022-07-13,2023-12-22T09:34:08.152Z,2022-07-13T08:12:28.314Z,2023-12-22T09:34:08.152Z
3617,3312,NW940036058,WALLET,,MRU,32950,48000,500000,15000000,ACTIVE,true,2023-12-23,2024-12-06T05:33:21.977Z,2023-12-23T17:23:40.613Z,2024-12-06T05:33:21.977Z
3618,3313,NW718586236,WALLET,,MRU,50,41000,500000,15000000,ACTIVE,true,2023-05-10,2024-06-05T22:31:41.240Z,2023-05-10T23:33:30.186Z,2024-06-05T22:31:41.240Z
3619,3314,NW242260098,WALLET,,MRU,172000,172000,500000,15000000,FROZEN,true,2024-08-14,2024-12-09T01:08:43.502Z,2024-08-14T22:26:50.956Z,2024-12-09T01:08:43.502Z
3620,3314,NW819553852,WALLET,,MRU,54000,54000,500000,15000000,ACTIVE,false,2024-08-14,2024-09-28T17:14:43.253Z,2024-08-14T22:26:50.956Z,2024-09-28T17:14:43.253Z
3621,3314,NW649536490,WALLET,,MRU,571000,351000,500000,15000000,ACTIVE,false,2024-08-14,2024-11-23T14:17:10.689Z,2024-08-14T22:26:50.956Z,2024-11-23T14:17:10.689Z
3622,3315,NW777001738,WALLET,,MRU,206000,206000,500000,15000000,ACTIVE,true,2022-02-21,2024-04-24T21:54:07.752Z,2022-02-21T21:17:00.494Z,2024-04-24T21:54:07.752Z
3623,3315,NW357721239,WALLET,,MRU,88000,88000,500000,15000000,ACTIVE,false,2022-02-21,2023-06-15T09:36:01.101Z,2022-02-21T21:17:00.494Z,2023-06-15T09:36:01.101Z
3624,3316,NW999628723,WALLET,,MRU,34000,34000,500000,15000000,ACTIVE,true,2023-06-24,2024-04-17T09:44:27.117Z,2023-06-24T11:33:14.393Z,2024-04-17T09:44:27.117Z
3625,3317,NA630946159,AGENT,,MRU,61500,21000,500000,15000000,ACTIVE,true,2022-05-06,2024-02-01T21:35:13.637Z,2022-05-06T00:43:40.450Z,2024-02-01T21:35:13.637Z
3626,3318,NS703457832,SAVINGS,,MRU,49000,49000,500000,15000000,ACTIVE,true,2022-02-20,2022-07-11T17:41:36.656Z,2022-02-20T09:17:14.522Z,2022-07-11T17:41:36.656Z
3627,3319,NW872476518,WALLET,,MRU,7150,18000,500000,15000000,ACTIVE,true,2024-12-19,2024-12-20T04:43:08.420Z,2024-12-19T05:50:33.241Z,2024-12-20T04:43:08.420Z
3628,3320,NW545670151,WALLET,,MRU,1450,25000,500000,15000000,ACTIVE,true,2022-02-20,2024-09-07T15:32:41.202Z,2022-02-20T02:09:36.725Z,2024-09-07T15:32:41.202Z
3629,3321,NW807795077,WALLET,,MRU,230000,230000,500000,15000000,FROZEN,true,2022-04-29,2022-07-08T13:19:05.423Z,2022-04-29T23:34:18.533Z,2022-07-08T13:19:05.423Z
3630,3321,NS828334093,SAVINGS,,MRU,1250,255000,500000,15000000,ACTIVE,false,2022-04-29,2022-12-04T00:38:31.392Z,2022-04-29T23:34:18.533Z,2022-12-04T00:38:31.392Z
3631,3322,NW401458382,WALLET,,MRU,41000,41000,500000,15000000,ACTIVE,true,2023-06-14,2024-03-03T04:26:39.913Z,2023-06-14T15:12:30.834Z,2024-03-03T04:26:39.913Z
3632,3323,NW991134763,WALLET,,MRU,315369,331000,500000,15000000,ACTIVE,true,2024-12-24,2024-12-29T12:07:21.780Z,2024-12-24T07:26:12.173Z,2024-12-29T12:07:21.780Z
3633,3323,NW190860301,WALLET,,MRU,8400,271000,500000,15000000,ACTIVE,false,2024-12-24,2024-12-27T00:19:47.568Z,2024-12-24T07:26:12.173Z,2024-12-27T00:19:47.568Z
3634,3324,NM117239832,MERCHANT,,MRU,12000,12000,500000,15000000,FROZEN,true,2022-11-01,2023-04-25T06:43:20.983Z,2022-11-01T05:33:15.228Z,2023-04-25T06:43:20.983Z
3635,3325,NW196558952,WALLET,,MRU,8200,8200,500000,15000000,ACTIVE,true,2022-07-04,2023-03-11T18:40:29.262Z,2022-07-04T00:15:18.306Z,2023-03-11T18:40:29.262Z
3636,3326,NW347946047,WALLET,,MRU,3153130,1300,500000,15000000,ACTIVE,true,2023-07-18,2023-10-20T10:12:43.681Z,2023-07-18T00:37:48.589Z,2023-10-20T10:12:43.681Z
3637,3327,NC687563658,CORPORATE,,MRU,225,18000,500000,15000000,ACTIVE,true,2023-12-20,2024-04-26T01:28:26.975Z,2023-12-20T20:25:17.989Z,2024-04-26T01:28:26.975Z
3638,3328,NW715230703,WALLET,,MRU,4650,47000,500000,15000000,ACTIVE,true,2024-06-04,2024-08-15T02:03:12.125Z,2024-06-04T02:03:00.311Z,2024-08-15T02:03:12.125Z
3639,3329,NW549404859,WALLET,,MRU,4750,44000,500000,15000000,ACTIVE,true,2022-01-02,2022-02-12T01:55:43.987Z,2022-01-02T11:35:11.353Z,2022-02-12T01:55:43.987Z
3640,3330,NW184888362,WALLET,,MRU,50500,7900,500000,15000000,ACTIVE,true,2023-10-24,2024-09-29T14:41:26.645Z,2023-10-24T23:16:24.102Z,2024-09-29T14:41:26.645Z
3641,3331,NA368132114,AGENT,,MRU,997450,54000,500000,15000000,ACTIVE,true,2024-05-18,2024-10-27T20:38:16.327Z,2024-05-18T15:29:10.579Z,2024-10-27T20:38:16.327Z
3642,3331,NS132341742,SAVINGS,,MRU,325000,325000,500000,15000000,ACTIVE,false,2024-05-18,2024-10-06T17:23:51.492Z,2024-05-18T15:29:10.579Z,2024-10-06T17:23:51.492Z
3643,3332,NW990022421,WALLET,,MRU,39660,14000,500000,15000000,ACTIVE,true,2023-02-18,2023-02-23T01:44:31.932Z,2023-02-18T22:22:12.009Z,2023-02-23T01:44:31.932Z
3644,3333,NW799039602,WALLET,,MRU,6360,16000,500000,15000000,ACTIVE,true,2022-08-04,2023-12-16T08:39:55.129Z,2022-08-04T17:34:27.251Z,2023-12-16T08:39:55.129Z
3645,3334,NS927372694,SAVINGS,,MRU,22000,29000,500000,15000000,ACTIVE,true,2022-05-04,2024-09-22T20:35:54.563Z,2022-05-04T17:51:36.813Z,2024-09-22T20:35:54.563Z
3646,3335,NM628738165,MERCHANT,,MRU,17550,4600,500000,15000000,ACTIVE,true,2024-08-07,2024-12-29T03:38:34.885Z,2024-08-07T18:21:53.319Z,2024-12-29T03:38:34.885Z
3647,3336,NM005690097,MERCHANT,,MRU,44000,44000,500000,15000000,ACTIVE,true,2024-10-12,2024-10-29T13:21:15.113Z,2024-10-12T16:25:46.483Z,2024-10-29T13:21:15.113Z
3648,3337,NW238768518,WALLET,,MRU,729550,39000,500000,15000000,ACTIVE,true,2022-03-31,2024-10-05T00:32:28.294Z,2022-03-31T03:29:26.110Z,2024-10-05T00:32:28.294Z
3649,3338,NW041697859,WALLET,,MRU,35000,35000,500000,15000000,FROZEN,true,2024-07-03,2024-07-06T21:44:01.162Z,2024-07-03T05:03:46.540Z,2024-07-06T21:44:01.162Z
3650,3339,NW051601186,WALLET,,MRU,12000,12000,500000,15000000,ACTIVE,true,2023-10-18,2023-11-09T00:49:22.458Z,2023-10-18T19:16:04.706Z,2023-11-09T00:49:22.458Z
3651,3340,NW862609088,WALLET,,MRU,2200,49000,500000,15000000,ACTIVE,true,2024-04-14,2024-07-30T12:59:58.351Z,2024-04-14T10:36:55.234Z,2024-07-30T12:59:58.351Z
3652,3341,NW008100032,WALLET,,MRU,1200,1200,500000,15000000,ACTIVE,true,2022-09-28,2024-08-06T00:01:37.776Z,2022-09-28T05:41:33.649Z,2024-08-06T00:01:37.776Z
3653,3342,NM563338756,MERCHANT,,MRU,10000,10000,500000,15000000,DORMANT,true,2022-10-08,2024-06-24T02:23:51.812Z,2022-10-08T15:01:05.414Z,2024-06-24T02:23:51.812Z
3654,3343,NW373904109,WALLET,,MRU,11000,11000,500000,15000000,ACTIVE,true,2022-02-21,2024-03-30T04:32:29.940Z,2022-02-21T18:58:28.496Z,2024-03-30T04:32:29.940Z
3655,3344,NW467007994,WALLET,,MRU,250,7700,500000,15000000,ACTIVE,true,2023-06-12,2024-04-04T03:06:21.463Z,2023-06-12T18:16:14.196Z,2024-04-04T03:06:21.463Z
3656,3345,NS323682546,SAVINGS,,MRU,400,8700,500000,15000000,ACTIVE,true,2024-11-14,2024-12-09T14:20:08.329Z,2024-11-14T03:46:41.195Z,2024-12-09T14:20:08.329Z
3657,3346,NS149342298,SAVINGS,,MRU,14000,14000,500000,15000000,ACTIVE,true,2024-04-28,2024-06-24T21:56:22.863Z,2024-04-28T15:36:37.018Z,2024-06-24T21:56:22.863Z
3658,3347,NW293388247,WALLET,,MRU,50980,8900,500000,15000000,ACTIVE,true,2023-12-12,2024-02-11T07:22:20.742Z,2023-12-12T20:36:53.104Z,2024-02-11T07:22:20.742Z
3659,3348,NW686998188,WALLET,,MRU,10804,15000,500000,15000000,ACTIVE,true,2023-10-06,2023-11-03T00:23:28.499Z,2023-10-06T05:00:31.639Z,2023-11-03T00:23:28.499Z
3660,3349,NW686354577,WALLET,,MRU,132100,5900,500000,15000000,ACTIVE,true,2023-07-17,2024-09-04T02:05:46.242Z,2023-07-17T01:36:05.710Z,2024-09-04T02:05:46.242Z
3661,3350,NW597927339,WALLET,,MRU,433000,433000,500000,15000000,ACTIVE,true,2022-06-11,2023-05-18T15:31:41.541Z,2022-06-11T18:40:34.655Z,2023-05-18T15:31:41.541Z
3662,3350,NW377674248,WALLET,,MRU,119000,119000,500000,15000000,FROZEN,false,2022-06-11,2023-04-24T17:27:22.170Z,2022-06-11T18:40:34.655Z,2023-04-24T17:27:22.170Z
3663,3351,NW331070572,WALLET,,MRU,3775,1000,500000,15000000,ACTIVE,true,2022-11-26,2024-08-29T13:32:35.684Z,2022-11-26T16:28:33.907Z,2024-08-29T13:32:35.684Z
3664,3352,NS215010166,SAVINGS,,MRU,10000,10000,500000,15000000,ACTIVE,true,2022-03-05,2024-04-20T14:13:59.155Z,2022-03-05T13:56:13.783Z,2024-04-20T14:13:59.155Z
3665,3353,NW481055617,WALLET,,MRU,24000,34000,500000,15000000,ACTIVE,true,2022-10-07,2023-05-19T03:47:34.370Z,2022-10-07T16:50:30.192Z,2023-05-19T03:47:34.370Z
3666,3354,NW301101565,WALLET,,MRU,3050,6900,500000,15000000,ACTIVE,true,2022-05-04,2023-01-31T07:35:21.729Z,2022-05-04T04:09:14.896Z,2023-01-31T07:35:21.729Z
3667,3355,NC942068577,CORPORATE,,MRU,100,11000,500000,15000000,ACTIVE,true,2023-07-19,2024-04-16T22:25:51.185Z,2023-07-19T20:56:26.778Z,2024-04-16T22:25:51.185Z
3668,3356,NW439340949,WALLET,,MRU,112840,6400,500000,15000000,ACTIVE,true,2024-11-17,2024-12-05T04:52:58.105Z,2024-11-17T15:29:24.707Z,2024-12-05T04:52:58.105Z
3669,3357,NA622405767,AGENT,,MRU,46000,46000,500000,15000000,DORMANT,true,2022-07-31,2023-01-13T18:46:44.550Z,2022-07-31T13:03:27.729Z,2023-01-13T18:46:44.550Z
3670,3358,NS450182080,SAVINGS,,MRU,319650,6800,500000,15000000,ACTIVE,true,2022-10-12,2024-07-12T20:46:05.387Z,2022-10-12T21:16:38.408Z,2024-07-12T20:46:05.387Z
3671,3359,NW958922893,WALLET,,MRU,50000,50000,500000,15000000,CLOSED,true,2022-08-12,2023-11-05T19:09:58.159Z,2022-08-12T12:42:27.952Z,2023-11-05T19:09:58.159Z
3672,3360,NW042525798,WALLET,,MRU,62800,10000,500000,15000000,ACTIVE,true,2023-08-25,2023-11-07T07:17:15.838Z,2023-08-25T06:16:14.786Z,2023-11-07T07:17:15.838Z
3673,3361,NW532585740,WALLET,,MRU,4244600,5600,500000,15000000,ACTIVE,true,2022-10-08,2023-09-06T06:18:58.712Z,2022-10-08T16:46:35.277Z,2023-09-06T06:18:58.712Z
3674,3362,NW825786739,WALLET,,MRU,4600,4600,500000,15000000,ACTIVE,true,2022-07-12,2024-10-25T01:33:56.286Z,2022-07-12T23:13:45.129Z,2024-10-25T01:33:56.286Z
3675,3363,NS442652583,SAVINGS,,MRU,4900,4900,500000,15000000,ACTIVE,true,2024-01-31,2024-06-15T03:18:48.690Z,2024-01-31T09:54:41.736Z,2024-06-15T03:18:48.690Z
3676,3364,NW762807131,WALLET,,MRU,200,26000,500000,15000000,ACTIVE,true,2024-08-18,2024-12-04T22:05:21.214Z,2024-08-18T07:17:57.515Z,2024-12-04T22:05:21.214Z
3677,3365,NM349027872,MERCHANT,,MRU,5300,19000,500000,15000000,ACTIVE,true,2024-08-12,2024-12-10T19:51:36.869Z,2024-08-12T06:09:54.546Z,2024-12-10T19:51:36.869Z
3678,3366,NW891696215,WALLET,,MRU,7000,7000,500000,15000000,ACTIVE,true,2022-04-20,2024-02-23T14:58:32.051Z,2022-04-20T05:10:15.887Z,2024-02-23T14:58:32.051Z
3679,3367,NW200122952,WALLET,,MRU,14000,14000,500000,15000000,FROZEN,true,2023-08-24,2024-08-23T08:34:10.203Z,2023-08-24T21:46:28.436Z,2024-08-23T08:34:10.203Z
3680,3368,NW899529010,WALLET,,MRU,183000,183000,500000,15000000,FROZEN,true,2022-02-27,2022-03-21T05:08:29.050Z,2022-02-27T14:35:56.015Z,2022-03-21T05:08:29.050Z
3681,3368,NW028033137,WALLET,,MRU,196210,199000,500000,15000000,ACTIVE,false,2022-02-27,2024-04-28T09:55:57.527Z,2022-02-27T14:35:56.015Z,2024-04-28T09:55:57.527Z
3682,3368,NW564718604,WALLET,,MRU,295425,343000,500000,15000000,ACTIVE,false,2022-02-27,2022-07-19T12:43:18.959Z,2022-02-27T14:35:56.015Z,2022-07-19T12:43:18.959Z
3683,3369,NS305532694,SAVINGS,,MRU,944050,2900,500000,15000000,ACTIVE,true,2022-06-04,2022-10-22T01:03:43.978Z,2022-06-04T19:02:12.258Z,2022-10-22T01:03:43.978Z
3684,3370,NW240266740,WALLET,,MRU,469000,19000,500000,15000000,ACTIVE,true,2023-10-27,2024-09-05T07:19:25.988Z,2023-10-27T22:38:31.694Z,2024-09-05T07:19:25.988Z
3685,3371,NW935823798,WALLET,,MRU,30000,30000,500000,15000000,FROZEN,true,2024-03-15,2024-09-07T21:00:40.372Z,2024-03-15T03:24:45.370Z,2024-09-07T21:00:40.372Z
3686,3372,NM016569972,MERCHANT,,MRU,44500,37000,500000,15000000,ACTIVE,true,2024-05-24,2024-11-03T06:09:07.579Z,2024-05-24T09:26:57.857Z,2024-11-03T06:09:07.579Z
3687,3373,NW326403051,WALLET,,MRU,1796000,12000,500000,15000000,ACTIVE,true,2024-01-22,2024-01-31T10:43:35.600Z,2024-01-22T01:03:01.064Z,2024-01-31T10:43:35.600Z
3688,3374,NS894455433,SAVINGS,,MRU,679600,18000,500000,15000000,ACTIVE,true,2024-08-24,2024-10-12T11:35:37.265Z,2024-08-24T07:13:15.840Z,2024-10-12T11:35:37.265Z
3689,3375,NW082362562,WALLET,,MRU,108740,236000,500000,15000000,ACTIVE,true,2024-03-26,2024-09-16T11:24:38.884Z,2024-03-26T02:00:08.832Z,2024-09-16T11:24:38.884Z
3690,3375,NW572944194,WALLET,,MRU,328000,328000,500000,15000000,ACTIVE,false,2024-03-26,2024-05-27T08:26:05.075Z,2024-03-26T02:00:08.832Z,2024-05-27T08:26:05.075Z
3691,3375,NW543445825,WALLET,,MRU,148100,148000,500000,15000000,ACTIVE,false,2024-03-26,2024-11-24T05:09:58.694Z,2024-03-26T02:00:08.832Z,2024-11-24T05:09:58.694Z
3692,3376,NM637910127,MERCHANT,,MRU,1399000,49000,500000,15000000,ACTIVE,true,2024-02-20,2024-12-01T19:12:40.468Z,2024-02-20T20:09:59.816Z,2024-12-01T19:12:40.468Z
3693,3377,NW378748178,WALLET,,MRU,34000,34000,500000,15000000,DORMANT,true,2022-06-16,2023-05-21T10:49:39.296Z,2022-06-16T15:28:40.833Z,2023-05-21T10:49:39.296Z
3694,3378,NW134678125,WALLET,,MRU,1521000,1951000,500000,15000000,ACTIVE,true,2023-07-21,2023-10-03T21:17:34.204Z,2023-07-21T22:42:51.245Z,2023-10-03T21:17:34.204Z
3695,3378,NW680918097,WALLET,,MRU,1748000,875000,500000,15000000,ACTIVE,false,2023-07-21,2024-08-23T20:45:14.919Z,2023-07-21T22:42:51.245Z,2024-08-23T20:45:14.919Z
3696,3378,NW473443269,WALLET,,MRU,1538300,1532000,500000,15000000,ACTIVE,false,2023-07-21,2023-10-23T17:41:49.541Z,2023-07-21T22:42:51.245Z,2023-10-23T17:41:49.541Z
3697,3379,NW280461907,WALLET,,MRU,30534,35000,500000,15000000,ACTIVE,true,2024-04-02,2024-05-05T08:31:24.324Z,2024-04-02T11:14:52.864Z,2024-05-05T08:31:24.324Z
3698,3380,NS999565601,SAVINGS,,MRU,110,13000,500000,15000000,ACTIVE,true,2023-05-26,2024-08-13T19:00:30.360Z,2023-05-26T04:36:19.986Z,2024-08-13T19:00:30.360Z
3699,3381,NW426548481,WALLET,,MRU,600,48000,500000,15000000,ACTIVE,true,2023-07-02,2024-06-10T08:30:55.892Z,2023-07-02T17:24:48.669Z,2024-06-10T08:30:55.892Z
3700,3382,NW370941639,WALLET,,MRU,19000,19000,500000,15000000,ACTIVE,true,2024-04-15,2024-05-02T16:10:16.894Z,2024-04-15T06:47:49.092Z,2024-05-02T16:10:16.894Z
3701,3383,NW670928895,WALLET,,MRU,320,13000,500000,15000000,ACTIVE,true,2022-03-25,2023-04-25T23:13:26.691Z,2022-03-25T11:29:41.511Z,2023-04-25T23:13:26.691Z
3702,3384,NS813166857,SAVINGS,,MRU,1057700,19000,500000,15000000,ACTIVE,true,2024-12-21,2024-12-25T06:36:48.944Z,2024-12-21T12:16:31.140Z,2024-12-25T06:36:48.944Z
3703,3385,NS954435945,SAVINGS,,MRU,17000,17000,500000,15000000,ACTIVE,true,2022-01-21,2023-01-13T11:44:32.331Z,2022-01-21T11:33:07.235Z,2023-01-13T11:44:32.331Z
3704,3386,NW404613971,WALLET,,MRU,46000,46000,500000,15000000,ACTIVE,true,2022-06-04,2023-05-29T01:03:02.273Z,2022-06-04T20:15:16.640Z,2023-05-29T01:03:02.273Z
3705,3387,NW164057612,WALLET,,MRU,2744,20000,500000,15000000,ACTIVE,true,2024-05-25,2024-07-06T10:01:53.264Z,2024-05-25T08:41:53.027Z,2024-07-06T10:01:53.264Z
3706,3388,NW930171668,WALLET,,MRU,6050,12000,500000,15000000,ACTIVE,true,2022-08-19,2024-11-16T01:03:20.286Z,2022-08-19T22:29:08.918Z,2024-11-16T01:03:20.286Z
3707,3389,NM654411197,MERCHANT,,MRU,18950,6500,500000,15000000,ACTIVE,true,2023-04-30,2024-07-02T03:45:29.111Z,2023-04-30T02:38:23.619Z,2024-07-02T03:45:29.111Z
3708,3390,NW125077039,WALLET,,MRU,47,17000,500000,15000000,ACTIVE,true,2022-09-20,2022-12-20T02:57:29.759Z,2022-09-20T12:07:34.844Z,2022-12-20T02:57:29.759Z
3709,3391,NS239648461,SAVINGS,,MRU,3835,15000,500000,15000000,ACTIVE,true,2024-07-01,2024-07-27T21:22:53.325Z,2024-07-01T14:13:34.103Z,2024-07-27T21:22:53.325Z
3710,3392,NW253615737,WALLET,,MRU,2068,11000,500000,15000000,ACTIVE,true,2024-12-22,2024-12-24T21:11:41.625Z,2024-12-22T15:23:15.091Z,2024-12-24T21:11:41.625Z
3711,3393,NW318558514,WALLET,,MRU,45000,45000,500000,15000000,ACTIVE,true,2024-12-19,2024-12-21T07:22:04.570Z,2024-12-19T11:55:35.413Z,2024-12-21T07:22:04.570Z
3712,3394,NW603171944,WALLET,,MRU,18000,18000,500000,15000000,ACTIVE,true,2022-03-28,2023-06-07T01:48:01.237Z,2022-03-28T00:23:37.517Z,2023-06-07T01:48:01.237Z
3713,3395,NW041963100,WALLET,,MRU,660,10000,500000,15000000,ACTIVE,true,2024-03-05,2024-07-22T00:38:26.790Z,2024-03-05T23:15:47.039Z,2024-07-22T00:38:26.790Z
3714,3396,NW509168982,WALLET,,MRU,42230,43000,500000,15000000,ACTIVE,true,2024-12-22,2024-12-23T00:01:56.359Z,2024-12-22T05:00:52.776Z,2024-12-23T00:01:56.359Z
3715,3397,NS526380777,SAVINGS,,MRU,28750,48000,500000,15000000,ACTIVE,true,2024-10-17,2024-12-01T04:32:12.861Z,2024-10-17T19:28:38.477Z,2024-12-01T04:32:12.861Z
3716,3398,NW678973436,WALLET,,MRU,8300,8300,500000,15000000,DORMANT,true,2023-11-30,2024-03-12T13:19:04.396Z,2023-11-30T18:06:41.303Z,2024-03-12T13:19:04.396Z
3717,3399,NW887516290,WALLET,,MRU,276575,23000,500000,15000000,ACTIVE,true,2022-06-18,2023-06-07T16:44:55.945Z,2022-06-18T03:49:49.695Z,2023-06-07T16:44:55.945Z
3718,3400,NW262768745,WALLET,,MRU,54400,49000,500000,15000000,ACTIVE,true,2023-05-06,2024-12-30T08:00:08.289Z,2023-05-06T21:27:43.037Z,2024-12-30T08:00:08.289Z
3719,3401,NC123541832,CORPORATE,,MRU,31000,31000,500000,15000000,DORMANT,true,2022-02-03,2022-08-25T01:36:04.070Z,2022-02-03T23:20:31.872Z,2022-08-25T01:36:04.070Z
3720,3402,NW661977704,WALLET,,MRU,6100,6100,500000,15000000,ACTIVE,true,2024-12-21,2024-12-28T00:17:15.735Z,2024-12-21T12:58:51.544Z,2024-12-28T00:17:15.735Z
3721,3403,NW271853238,WALLET,,MRU,36000,36000,500000,15000000,FROZEN,true,2023-05-01,2024-07-07T04:11:04.782Z,2023-05-01T01:17:02.105Z,2024-07-07T04:11:04.782Z
3722,3404,NW784209370,WALLET,,MRU,4350,10000,500000,15000000,ACTIVE,true,2024-03-23,2024-11-25T20:16:47.335Z,2024-03-23T08:30:51.742Z,2024-11-25T20:16:47.335Z
3723,3405,NS507835984,SAVINGS,,MRU,0,47000,500000,15000000,ACTIVE,true,2022-01-15,2024-04-29T00:58:27.552Z,2022-01-15T02:29:19.261Z,2024-04-29T00:58:27.552Z
3724,3406,NW128551632,WALLET,,MRU,43000,43000,500000,15000000,ACTIVE,true,2024-07-05,2024-07-15T03:02:53.974Z,2024-07-05T04:46:32.802Z,2024-07-15T03:02:53.974Z
3725,3407,NW465076565,WALLET,,MRU,7500,7500,500000,15000000,ACTIVE,true,2023-09-17,2024-12-08T04:04:58.205Z,2023-09-17T18:08:49.449Z,2024-12-08T04:04:58.205Z
3726,3408,NW527642727,WALLET,,MRU,15000,15000,500000,15000000,ACTIVE,true,2023-03-04,2023-10-17T03:43:39.012Z,2023-03-04T10:09:00.345Z,2023-10-17T03:43:39.012Z
3727,3409,NW147327333,WALLET,,MRU,26000,26000,500000,15000000,ACTIVE,true,2023-10-18,2024-07-24T16:58:40.767Z,2023-10-18T06:00:18.648Z,2024-07-24T16:58:40.767Z
3728,3410,NC781182766,CORPORATE,,MRU,46000,46000,500000,15000000,ACTIVE,true,2022-08-11,2024-04-29T02:55:58.745Z,2022-08-11T21:25:19.026Z,2024-04-29T02:55:58.745Z
3729,3411,NA414658904,AGENT,,MRU,896000,710000,500000,15000000,ACTIVE,true,2024-11-19,2024-12-19T18:37:45.834Z,2024-11-19T19:12:35.726Z,2024-12-19T18:37:45.834Z
3730,3411,NS979679346,SAVINGS,,MRU,293061,325000,500000,15000000,ACTIVE,false,2024-11-19,2024-12-25T19:08:40.231Z,2024-11-19T19:12:35.726Z,2024-12-25T19:08:40.231Z
3731,3412,NC334672093,CORPORATE,,MRU,950,950,500000,15000000,ACTIVE,true,2024-07-06,2024-11-06T04:41:31.456Z,2024-07-06T06:52:31.090Z,2024-11-06T04:41:31.456Z
3732,3413,NW405691027,WALLET,,MRU,8300,8300,500000,15000000,ACTIVE,true,2022-12-02,2024-07-07T05:42:42.107Z,2022-12-02T04:07:24.431Z,2024-07-07T05:42:42.107Z
3733,3414,NW489994406,WALLET,,MRU,26940,33000,500000,15000000,ACTIVE,true,2022-09-25,2024-03-25T02:15:38.007Z,2022-09-25T10:56:52.611Z,2024-03-25T02:15:38.007Z
3734,3415,NW418633371,WALLET,,MRU,41000,41000,500000,15000000,ACTIVE,true,2022-07-05,2023-05-31T20:05:24.805Z,2022-07-05T15:07:48.900Z,2023-05-31T20:05:24.805Z
3735,3416,NW822026014,WALLET,,MRU,2418,17000,500000,15000000,ACTIVE,true,2024-02-10,2024-09-26T10:54:22.494Z,2024-02-10T22:10:57.430Z,2024-09-26T10:54:22.494Z
3736,3417,NC452590704,CORPORATE,,MRU,7700,15000,500000,15000000,ACTIVE,true,2024-08-03,2024-10-31T05:47:13.609Z,2024-08-03T23:36:36.520Z,2024-10-31T05:47:13.609Z
3737,3418,NS172896146,SAVINGS,,MRU,250,250,500000,15000000,ACTIVE,true,2024-03-03,2024-07-16T07:45:31.192Z,2024-03-03T12:20:27.548Z,2024-07-16T07:45:31.192Z
3738,3419,NM193517327,MERCHANT,,MRU,0,15000,500000,15000000,ACTIVE,true,2022-09-21,2023-07-05T18:26:24.142Z,2022-09-21T20:01:40.271Z,2023-07-05T18:26:24.142Z
3739,3420,NW759244945,WALLET,,MRU,27000,27000,500000,15000000,ACTIVE,true,2023-05-28,2023-08-04T12:49:50.154Z,2023-05-28T05:08:43.680Z,2023-08-04T12:49:50.154Z
3740,3420,NW142093360,WALLET,,MRU,232700,210000,500000,15000000,ACTIVE,false,2023-05-28,2024-08-03T01:25:55.806Z,2023-05-28T05:08:43.680Z,2024-08-03T01:25:55.806Z
3741,3421,NW024884343,WALLET,,MRU,34000,34000,500000,15000000,ACTIVE,true,2023-01-13,2024-11-23T02:08:28.986Z,2023-01-13T13:24:57.379Z,2024-11-23T02:08:28.986Z
3742,3422,NA524276256,AGENT,,MRU,1512,21000,500000,15000000,ACTIVE,true,2022-09-18,2024-04-21T17:35:41.000Z,2022-09-18T12:09:35.052Z,2024-04-21T17:35:41.000Z
3743,3423,NW338195324,WALLET,,MRU,851000,41000,500000,15000000,ACTIVE,true,2022-11-26,2023-07-24T00:50:30.273Z,2022-11-26T16:56:25.894Z,2023-07-24T00:50:30.273Z
3744,3424,NW143508434,WALLET,,MRU,470800,19000,500000,15000000,ACTIVE,true,2024-01-30,2024-06-09T00:26:44.836Z,2024-01-30T16:35:58.665Z,2024-06-09T00:26:44.836Z
3745,3425,NM692295313,MERCHANT,,MRU,553600,2800,500000,15000000,ACTIVE,true,2023-12-17,2024-08-15T17:26:16.718Z,2023-12-17T07:11:35.851Z,2024-08-15T17:26:16.718Z
3746,3426,NS741746068,SAVINGS,,MRU,12000,12000,500000,15000000,DORMANT,true,2024-06-26,2024-07-22T12:26:02.010Z,2024-06-26T00:37:11.915Z,2024-07-22T12:26:02.010Z
3747,3427,NW563882202,WALLET,,MRU,17650,28000,500000,15000000,ACTIVE,true,2022-03-20,2022-07-29T23:51:22.357Z,2022-03-20T13:16:06.594Z,2022-07-29T23:51:22.357Z
3748,3428,NW151678383,WALLET,,MRU,98300,43000,500000,15000000,ACTIVE,true,2023-05-09,2023-11-02T04:03:43.366Z,2023-05-09T18:21:54.722Z,2023-11-02T04:03:43.366Z
3749,3429,NW694775820,WALLET,,MRU,16000,16000,500000,15000000,CLOSED,true,2022-10-28,2024-07-10T12:54:36.552Z,2022-10-28T02:48:05.306Z,2024-07-10T12:54:36.552Z
3750,3430,NM745992899,MERCHANT,,MRU,140000,50000,500000,15000000,ACTIVE,true,2023-02-08,2023-10-02T00:07:36.356Z,2023-02-08T22:30:20.265Z,2023-10-02T00:07:36.356Z
3751,3431,NW465937882,WALLET,,MRU,818000,38000,500000,15000000,ACTIVE,true,2024-07-20,2024-08-14T14:12:55.418Z,2024-07-20T21:26:16.352Z,2024-08-14T14:12:55.418Z
3752,3432,NW028956413,WALLET,,MRU,870588,84000,500000,15000000,ACTIVE,true,2023-10-01,2024-10-19T13:05:30.417Z,2023-10-01T03:44:36.913Z,2024-10-19T13:05:30.417Z
3753,3432,NW826940417,WALLET,,MRU,461590,489000,500000,15000000,ACTIVE,false,2023-10-01,2024-09-26T17:22:33.000Z,2023-10-01T03:44:36.913Z,2024-09-26T17:22:33.000Z
3754,3432,NS582953214,SAVINGS,,MRU,103550,148000,500000,15000000,ACTIVE,false,2023-10-01,2024-12-13T18:35:45.377Z,2023-10-01T03:44:36.913Z,2024-12-13T18:35:45.377Z
3755,3433,NA404306173,AGENT,,MRU,18000,18000,500000,15000000,FROZEN,true,2023-01-21,2023-04-30T12:18:06.441Z,2023-01-21T05:35:42.782Z,2023-04-30T12:18:06.441Z
3756,3434,NM281547188,MERCHANT,,MRU,426000,426000,500000,15000000,CLOSED,true,2024-08-04,2024-11-05T11:43:28.928Z,2024-08-04T20:48:07.583Z,2024-11-05T11:43:28.928Z
3757,3434,NS325035572,SAVINGS,,MRU,384000,384000,500000,15000000,FROZEN,false,2024-08-04,2024-12-14T19:40:51.042Z,2024-08-04T20:48:07.583Z,2024-12-14T19:40:51.042Z
3758,3434,NS342716694,SAVINGS,,MRU,104000,104000,500000,15000000,ACTIVE,false,2024-08-04,2024-12-01T02:09:53.811Z,2024-08-04T20:48:07.583Z,2024-12-01T02:09:53.811Z
3759,3435,NW499969840,WALLET,,MRU,24000,24000,500000,15000000,ACTIVE,true,2023-05-11,2023-11-15T15:52:22.309Z,2023-05-11T14:05:01.340Z,2023-11-15T15:52:22.309Z
3760,3436,NW644322306,WALLET,,MRU,2140,29000,500000,15000000,ACTIVE,true,2022-08-04,2024-10-21T11:13:30.868Z,2022-08-04T01:23:38.413Z,2024-10-21T11:13:30.868Z
3761,3437,NW237488508,WALLET,,MRU,27000,27000,500000,15000000,ACTIVE,true,2023-05-30,2024-02-23T03:12:41.102Z,2023-05-30T04:17:17.318Z,2024-02-23T03:12:41.102Z
3762,3438,NC117598176,CORPORATE,,MRU,450,43000,500000,15000000,ACTIVE,true,2023-01-05,2023-07-10T17:12:01.897Z,2023-01-05T03:49:53.380Z,2023-07-10T17:12:01.897Z
3763,3439,NW099404573,WALLET,,MRU,50,5500,500000,15000000,ACTIVE,true,2024-05-14,2024-12-18T19:03:01.687Z,2024-05-14T02:08:40.501Z,2024-12-18T19:03:01.687Z
3764,3440,NW328437119,WALLET,,MRU,1150,50000,500000,15000000,ACTIVE,true,2023-05-16,2023-12-26T18:33:32.991Z,2023-05-16T16:00:35.756Z,2023-12-26T18:33:32.991Z
3765,3441,NW200840503,WALLET,,MRU,390,8200,500000,15000000,ACTIVE,true,2024-12-17,2024-12-20T18:52:40.120Z,2024-12-17T14:30:38.857Z,2024-12-20T18:52:40.120Z
3766,3442,NW876507729,WALLET,,MRU,484200,2200,500000,15000000,ACTIVE,true,2024-07-06,2024-08-09T09:02:39.948Z,2024-07-06T22:12:26.369Z,2024-08-09T09:02:39.948Z
3767,3443,NW401706993,WALLET,,MRU,2300,5700,500000,15000000,ACTIVE,true,2023-06-03,2023-07-28T14:12:52.416Z,2023-06-03T10:55:57.525Z,2023-07-28T14:12:52.416Z
3768,3444,NW295497685,WALLET,,MRU,9900,9900,500000,15000000,ACTIVE,true,2022-11-18,2024-01-19T18:49:25.423Z,2022-11-18T09:17:20.162Z,2024-01-19T18:49:25.423Z
3769,3445,NW901673227,WALLET,,MRU,18000,18000,500000,15000000,ACTIVE,true,2022-04-07,2022-05-12T19:58:25.057Z,2022-04-07T08:43:00.273Z,2022-05-12T19:58:25.057Z
3770,3446,NW065399348,WALLET,,MRU,1012000,16000,500000,15000000,ACTIVE,true,2023-08-15,2024-02-26T21:02:32.501Z,2023-08-15T13:34:50.011Z,2024-02-26T21:02:32.501Z
3771,3447,NW503776192,WALLET,,MRU,13250,17000,500000,15000000,ACTIVE,true,2023-02-19,2024-09-10T02:23:17.716Z,2023-02-19T20:16:51.407Z,2024-09-10T02:23:17.716Z
3772,3448,NS988326192,SAVINGS,,MRU,180,25000,500000,15000000,ACTIVE,true,2022-10-01,2023-05-23T09:06:19.066Z,2022-10-01T09:04:51.110Z,2023-05-23T09:06:19.066Z
3773,3449,NW189459323,WALLET,,MRU,4100,4100,500000,15000000,ACTIVE,true,2024-01-17,2024-12-02T08:12:18.900Z,2024-01-17T18:32:28.637Z,2024-12-02T08:12:18.900Z
3774,3450,NW469329238,WALLET,,MRU,3100,3100,500000,15000000,CLOSED,true,2024-09-13,2024-12-12T23:44:29.897Z,2024-09-13T16:57:33.025Z,2024-12-12T23:44:29.897Z
3775,3451,NW357756048,WALLET,,MRU,3646400,4400,500000,15000000,ACTIVE,true,2022-07-08,2023-07-14T09:45:01.995Z,2022-07-08T08:21:20.034Z,2023-07-14T09:45:01.995Z
3776,3452,NC791706085,CORPORATE,,MRU,15500,4400,500000,15000000,ACTIVE,true,2024-01-28,2024-03-08T22:16:05.038Z,2024-01-28T06:51:42.315Z,2024-03-08T22:16:05.038Z
3777,3453,NW404167831,WALLET,,MRU,14000,14000,500000,15000000,CLOSED,true,2023-04-29,2024-11-18T12:19:59.942Z,2023-04-29T06:36:31.112Z,2024-11-18T12:19:59.942Z
3778,3454,NW113459825,WALLET,,MRU,13300,2300,500000,15000000,ACTIVE,true,2024-12-13,2024-12-23T10:28:14.484Z,2024-12-13T12:27:43.699Z,2024-12-23T10:28:14.484Z
3779,3455,NA807480931,AGENT,,MRU,34000,34000,500000,15000000,ACTIVE,true,2022-12-06,2024-06-07T10:34:13.907Z,2022-12-06T21:42:25.127Z,2024-06-07T10:34:13.907Z
3780,3456,NW993807435,WALLET,,MRU,31000,31000,500000,15000000,ACTIVE,true,2022-08-03,2023-05-02T18:57:31.430Z,2022-08-03T11:58:34.086Z,2023-05-02T18:57:31.430Z
3781,3457,NW700834632,WALLET,,MRU,211000,11000,500000,15000000,ACTIVE,true,2023-06-08,2023-11-07T18:52:36.046Z,2023-06-08T20:50:31.494Z,2023-11-07T18:52:36.046Z
3782,3458,NW542185575,WALLET,,MRU,24500,35000,500000,15000000,ACTIVE,true,2023-06-08,2024-07-09T14:44:24.128Z,2023-06-08T08:40:32.788Z,2024-07-09T14:44:24.128Z
3783,3459,NW540106922,WALLET,,MRU,39200,41000,500000,15000000,ACTIVE,true,2024-03-30,2024-12-19T03:29:40.563Z,2024-03-30T06:36:07.225Z,2024-12-19T03:29:40.563Z
3784,3460,NW623025924,WALLET,,MRU,3150,13000,500000,15000000,ACTIVE,true,2023-05-03,2023-05-27T02:16:13.501Z,2023-05-03T04:52:30.719Z,2023-05-27T02:16:13.501Z
3785,3461,NM388342499,MERCHANT,,MRU,132000,132000,500000,15000000,ACTIVE,true,2022-09-27,2023-12-14T13:18:39.414Z,2022-09-27T12:11:33.890Z,2023-12-14T13:18:39.414Z
3786,3461,NW640810013,WALLET,,MRU,62096,113000,500000,15000000,ACTIVE,false,2022-09-27,2024-09-03T22:34:44.479Z,2022-09-27T12:11:33.890Z,2024-09-03T22:34:44.479Z
3787,3461,NW983467013,WALLET,,MRU,514000,498000,500000,15000000,ACTIVE,false,2022-09-27,2022-12-18T05:11:51.010Z,2022-09-27T12:11:33.890Z,2022-12-18T05:11:51.010Z
3788,3462,NW115367054,WALLET,,MRU,12000,12000,500000,15000000,ACTIVE,true,2022-09-21,2024-11-21T11:00:55.861Z,2022-09-21T05:51:17.909Z,2024-11-21T11:00:55.861Z
3789,3463,NW554267287,WALLET,,MRU,34000,34000,500000,15000000,ACTIVE,true,2023-10-30,2023-11-23T19:18:56.795Z,2023-10-30T14:18:17.850Z,2023-11-23T19:18:56.795Z
3790,3464,NW091830547,WALLET,,MRU,1014000,14000,500000,15000000,ACTIVE,true,2022-06-10,2023-05-10T03:19:08.319Z,2022-06-10T00:52:41.545Z,2023-05-10T03:19:08.319Z
3791,3465,NA768244028,AGENT,,MRU,362300,3700,500000,15000000,ACTIVE,true,2022-11-01,2023-12-17T11:11:53.514Z,2022-11-01T09:13:24.765Z,2023-12-17T11:11:53.514Z
3792,3466,NW636336446,WALLET,,MRU,50,5100,500000,15000000,ACTIVE,true,2022-09-15,2023-05-10T07:14:08.969Z,2022-09-15T19:01:53.540Z,2023-05-10T07:14:08.969Z
3793,3467,NW893837571,WALLET,,MRU,4000,4000,500000,15000000,ACTIVE,true,2024-05-18,2024-06-15T14:59:40.746Z,2024-05-18T18:34:22.379Z,2024-06-15T14:59:40.746Z
3794,3468,NW660799801,WALLET,,MRU,78,41000,500000,15000000,ACTIVE,true,2023-01-24,2023-07-24T18:58:28.227Z,2023-01-24T22:00:09.426Z,2023-07-24T18:58:28.227Z
3795,3469,NW374763995,WALLET,,MRU,36000,45000,500000,15000000,ACTIVE,true,2023-09-05,2023-09-22T00:12:42.957Z,2023-09-05T01:57:45.957Z,2023-09-22T00:12:42.957Z
3796,3470,NW656449437,WALLET,,MRU,1187700,1113000,500000,15000000,ACTIVE,true,2024-09-01,2024-11-06T08:07:50.555Z,2024-09-01T14:26:58.668Z,2024-11-06T08:07:50.555Z
3797,3470,NS968386292,SAVINGS,,MRU,567750,605000,500000,15000000,ACTIVE,false,2024-09-01,2024-11-15T12:35:04.307Z,2024-09-01T14:26:58.668Z,2024-11-15T12:35:04.307Z
3798,3470,NW710401684,WALLET,,MRU,592000,592000,500000,15000000,ACTIVE,false,2024-09-01,2024-10-21T11:08:57.613Z,2024-09-01T14:26:58.668Z,2024-10-21T11:08:57.613Z
3799,3471,NW321553260,WALLET,,MRU,5300,5300,500000,15000000,ACTIVE,true,2024-01-29,2024-04-21T06:59:43.910Z,2024-01-29T06:16:01.392Z,2024-04-21T06:59:43.910Z
3800,3472,NC903100252,CORPORATE,,MRU,299750,342000,500000,15000000,ACTIVE,true,2024-08-02,2024-09-09T15:50:17.600Z,2024-08-02T13:47:51.421Z,2024-09-09T15:50:17.600Z
3801,3472,NS078093767,SAVINGS,,MRU,321000,321000,500000,15000000,ACTIVE,false,2024-08-02,2024-10-23T08:53:47.579Z,2024-08-02T13:47:51.421Z,2024-10-23T08:53:47.579Z
3802,3472,NW336901784,WALLET,,MRU,975,210000,500000,15000000,ACTIVE,false,2024-08-02,2024-08-24T03:33:43.254Z,2024-08-02T13:47:51.421Z,2024-08-24T03:33:43.254Z
3803,3473,NS585952759,SAVINGS,,MRU,7744,25000,500000,15000000,ACTIVE,true,2022-05-17,2022-06-05T16:14:23.135Z,2022-05-17T07:06:21.399Z,2022-06-05T16:14:23.135Z
3804,3474,NW657399535,WALLET,,MRU,750,7100,500000,15000000,ACTIVE,true,2023-04-27,2024-03-20T10:14:26.344Z,2023-04-27T05:29:20.959Z,2024-03-20T10:14:26.344Z
3805,3475,NW092704772,WALLET,,MRU,39000,39000,500000,15000000,ACTIVE,true,2022-03-15,2023-08-29T09:49:46.605Z,2022-03-15T04:57:27.303Z,2023-08-29T09:49:46.605Z
3806,3476,NW711436033,WALLET,,MRU,31000,11000,500000,15000000,ACTIVE,true,2022-06-10,2022-09-01T09:38:51.359Z,2022-06-10T10:21:43.332Z,2022-09-01T09:38:51.359Z
3807,3477,NM574387669,MERCHANT,,MRU,36000,36000,500000,15000000,FROZEN,true,2024-03-24,2024-05-26T13:12:50.278Z,2024-03-24T11:15:46.018Z,2024-05-26T13:12:50.278Z
3808,3478,NW287435591,WALLET,,MRU,406750,40000,500000,15000000,ACTIVE,true,2022-07-08,2024-02-22T19:23:10.028Z,2022-07-08T06:17:30.552Z,2024-02-22T19:23:10.028Z
3809,3479,NW987766772,WALLET,,MRU,6800,6800,500000,15000000,DORMANT,true,2024-02-25,2024-10-05T00:27:22.316Z,2024-02-25T04:54:56.122Z,2024-10-05T00:27:22.316Z
3810,3480,NC833324432,CORPORATE,,MRU,1900,18000,500000,15000000,ACTIVE,true,2022-08-08,2022-09-19T11:22:16.756Z,2022-08-08T02:01:18.928Z,2022-09-19T11:22:16.756Z
3811,3481,NS162673711,SAVINGS,,MRU,3000,3000,500000,15000000,FROZEN,true,2022-05-14,2023-06-24T23:33:50.042Z,2022-05-14T19:58:29.090Z,2023-06-24T23:33:50.042Z
3812,3482,NA276925563,AGENT,,MRU,89000,89000,500000,15000000,ACTIVE,true,2024-06-12,2024-10-02T18:04:50.142Z,2024-06-12T14:12:32.132Z,2024-10-02T18:04:50.142Z
3813,3482,NW137101560,WALLET,,MRU,489000,489000,500000,15000000,ACTIVE,false,2024-06-12,2024-07-04T16:15:19.851Z,2024-06-12T14:12:32.132Z,2024-07-04T16:15:19.851Z
3814,3482,NW407032370,WALLET,,MRU,133730,137000,500000,15000000,ACTIVE,false,2024-06-12,2024-11-07T14:24:31.315Z,2024-06-12T14:12:32.132Z,2024-11-07T14:24:31.315Z
3815,3483,NW879109085,WALLET,,MRU,499000,454000,500000,15000000,ACTIVE,true,2022-01-04,2023-06-10T05:46:10.285Z,2022-01-04T06:54:22.826Z,2023-06-10T05:46:10.285Z
3816,3483,NW908278465,WALLET,,MRU,239050,298000,500000,15000000,ACTIVE,false,2022-01-04,2023-04-29T22:27:26.426Z,2022-01-04T06:54:22.826Z,2023-04-29T22:27:26.426Z
3817,3483,NS587787032,SAVINGS,,MRU,6950,102000,500000,15000000,ACTIVE,false,2022-01-04,2022-05-06T13:20:19.441Z,2022-01-04T06:54:22.826Z,2022-05-06T13:20:19.441Z
3818,3484,NM040056705,MERCHANT,,MRU,1365850,48000,500000,15000000,ACTIVE,true,2022-02-16,2022-08-20T12:49:06.961Z,2022-02-16T07:52:09.093Z,2022-08-20T12:49:06.961Z
3819,3485,NM634291291,MERCHANT,,MRU,18000,18000,500000,15000000,ACTIVE,true,2022-12-29,2024-02-25T05:01:11.807Z,2022-12-29T20:24:49.256Z,2024-02-25T05:01:11.807Z
3820,3486,NM041544079,MERCHANT,,MRU,2700,48000,500000,15000000,ACTIVE,true,2024-08-05,2024-12-05T08:33:07.919Z,2024-08-05T17:54:45.413Z,2024-12-05T08:33:07.919Z
3821,3487,NS853220463,SAVINGS,,MRU,32000,32000,500000,15000000,ACTIVE,true,2023-03-22,2024-02-01T15:33:29.162Z,2023-03-22T05:15:10.608Z,2024-02-01T15:33:29.162Z
3822,3488,NW118897318,WALLET,,MRU,700,700,500000,15000000,FROZEN,true,2023-07-11,2024-02-21T14:24:51.644Z,2023-07-11T15:32:30.390Z,2024-02-21T14:24:51.644Z
3823,3489,NS260014295,SAVINGS,,MRU,28000,28000,500000,15000000,ACTIVE,true,2023-10-16,2024-03-27T03:45:58.572Z,2023-10-16T12:48:02.747Z,2024-03-27T03:45:58.572Z
3824,3490,NS097871899,SAVINGS,,MRU,3000,28000,500000,15000000,ACTIVE,true,2023-06-25,2024-03-10T04:21:11.606Z,2023-06-25T12:16:41.573Z,2024-03-10T04:21:11.606Z
3825,3491,NA023592472,AGENT,,MRU,875,2500,500000,15000000,ACTIVE,true,2022-08-27,2023-05-18T19:29:31.899Z,2022-08-27T14:20:16.106Z,2023-05-18T19:29:31.899Z
3826,3492,NM100325942,MERCHANT,,MRU,36000,36000,500000,15000000,ACTIVE,true,2024-08-26,2024-11-02T02:33:58.444Z,2024-08-26T11:51:56.734Z,2024-11-02T02:33:58.444Z
3827,3493,NS734324217,SAVINGS,,MRU,6300,6300,500000,15000000,ACTIVE,true,2024-12-19,2024-12-27T06:05:33.543Z,2024-12-19T05:50:33.241Z,2024-12-27T06:05:33.543Z
3828,3494,NA704745889,AGENT,,MRU,574000,485000,500000,15000000,ACTIVE,true,2022-09-18,2022-12-25T21:52:35.574Z,2022-09-18T13:59:10.214Z,2022-12-25T21:52:35.574Z
3829,3494,NS086228251,SAVINGS,,MRU,244800,322000,500000,15000000,ACTIVE,false,2022-09-18,2024-12-16T09:47:40.462Z,2022-09-18T13:59:10.214Z,2024-12-16T09:47:40.462Z
3830,3494,NS975474358,SAVINGS,,MRU,148000,148000,500000,15000000,ACTIVE,false,2022-09-18,2023-10-15T04:30:19.607Z,2022-09-18T13:59:10.214Z,2023-10-15T04:30:19.607Z
3831,3495,NM063427925,MERCHANT,,MRU,588000,2500,500000,15000000,ACTIVE,true,2022-08-22,2023-10-04T08:22:01.147Z,2022-08-22T09:42:08.908Z,2023-10-04T08:22:01.147Z
3832,3496,NW911126852,WALLET,,MRU,450,450,500000,15000000,ACTIVE,true,2022-07-13,2022-11-16T19:08:28.093Z,2022-07-13T13:20:10.649Z,2022-11-16T19:08:28.093Z
3833,3497,NC214341878,CORPORATE,,MRU,35000,35000,500000,15000000,CLOSED,true,2024-09-10,2024-11-20T01:31:01.848Z,2024-09-10T01:19:51.822Z,2024-11-20T01:31:01.848Z
3834,3498,NS111803293,SAVINGS,,MRU,10000,10000,500000,15000000,ACTIVE,true,2022-07-07,2023-08-24T08:35:14.802Z,2022-07-07T19:13:44.576Z,2023-08-24T08:35:14.802Z
3835,3499,NW914667278,WALLET,,MRU,10000,10000,500000,15000000,DORMANT,true,2024-01-18,2024-01-29T02:47:56.197Z,2024-01-18T10:16:50.075Z,2024-01-29T02:47:56.197Z
3836,3500,NM415145278,MERCHANT,,MRU,212800,663000,500000,15000000,ACTIVE,true,2024-07-25,2024-10-28T14:11:14.650Z,2024-07-25T22:43:52.581Z,2024-10-28T14:11:14.650Z
3837,3500,NS849191904,SAVINGS,,MRU,1285770,1713000,500000,15000000,ACTIVE,false,2024-07-25,2024-12-18T01:44:50.309Z,2024-07-25T22:43:52.581Z,2024-12-18T01:44:50.309Z
3838,3501,NW652247011,WALLET,,MRU,1856550,120000,500000,15000000,ACTIVE,true,2022-11-20,2024-03-17T17:06:49.363Z,2022-11-20T12:18:44.964Z,2024-03-17T17:06:49.363Z
3839,3501,NS622666478,SAVINGS,,MRU,2800,87000,500000,15000000,ACTIVE,false,2022-11-20,2023-10-04T15:11:55.790Z,2022-11-20T12:18:44.964Z,2023-10-04T15:11:55.790Z
3840,3502,NM783290386,MERCHANT,,MRU,39000,25000,500000,15000000,ACTIVE,true,2022-11-12,2023-03-17T14:02:53.917Z,2022-11-12T20:24:51.775Z,2023-03-17T14:02:53.917Z
3841,3503,NW923811793,WALLET,,MRU,15400,17000,500000,15000000,ACTIVE,true,2023-07-02,2024-12-17T19:38:21.717Z,2023-07-02T05:43:29.882Z,2024-12-17T19:38:21.717Z
3842,3504,NS209082603,SAVINGS,,MRU,388800,48000,500000,15000000,ACTIVE,true,2022-08-27,2022-09-22T19:57:15.715Z,2022-08-27T20:43:29.440Z,2022-09-22T19:57:15.715Z
3843,3505,NW474228739,WALLET,,MRU,350,350,500000,15000000,FROZEN,true,2024-07-21,2024-11-11T03:09:46.646Z,2024-07-21T10:58:20.790Z,2024-11-11T03:09:46.646Z
3844,3506,NM352863669,MERCHANT,,MRU,300,300,500000,15000000,ACTIVE,true,2024-02-08,2024-02-11T22:55:20.783Z,2024-02-08T02:36:39.312Z,2024-02-11T22:55:20.783Z
3845,3507,NW389197111,WALLET,,MRU,654000,14000,500000,15000000,ACTIVE,true,2023-11-06,2024-10-07T07:02:22.933Z,2023-11-06T05:19:00.215Z,2024-10-07T07:02:22.933Z
3846,3508,NW272683888,WALLET,,MRU,450,8700,500000,15000000,ACTIVE,true,2024-09-22,2024-11-02T08:10:27.659Z,2024-09-22T02:28:31.724Z,2024-11-02T08:10:27.659Z
3847,3509,NW510921955,WALLET,,MRU,8500,8500,500000,15000000,ACTIVE,true,2024-06-15,2024-07-10T09:43:10.814Z,2024-06-15T08:47:52.082Z,2024-07-10T09:43:10.814Z
3848,3510,NM394500017,MERCHANT,,MRU,848000,48000,500000,15000000,ACTIVE,true,2022-12-13,2023-07-03T20:09:17.095Z,2022-12-13T11:32:57.922Z,2023-07-03T20:09:17.095Z
3849,3511,NW798571229,WALLET,,MRU,30625,33000,500000,15000000,ACTIVE,true,2022-05-03,2022-05-29T05:07:23.043Z,2022-05-03T13:16:34.950Z,2022-05-29T05:07:23.043Z
3850,3512,NW096835255,WALLET,,MRU,10,35000,500000,15000000,ACTIVE,true,2022-05-14,2022-11-22T05:40:02.594Z,2022-05-14T01:47:27.874Z,2022-11-22T05:40:02.594Z
3851,3513,NW802752375,WALLET,,MRU,9500,9500,500000,15000000,ACTIVE,true,2024-06-06,2024-12-24T01:03:27.136Z,2024-06-06T04:59:54.085Z,2024-12-24T01:03:27.136Z
3852,3514,NW158002257,WALLET,,MRU,18000,18000,500000,15000000,ACTIVE,true,2024-08-05,2024-09-03T11:23:44.533Z,2024-08-05T20:10:39.517Z,2024-09-03T11:23:44.533Z
3853,3515,NW104740321,WALLET,,MRU,13680,47000,500000,15000000,ACTIVE,true,2023-12-26,2024-02-24T05:37:40.181Z,2023-12-26T14:13:18.803Z,2024-02-24T05:37:40.181Z
3854,3516,NS173705101,SAVINGS,,MRU,875,26000,500000,15000000,ACTIVE,true,2024-02-13,2024-05-04T22:20:34.526Z,2024-02-13T12:52:10.794Z,2024-05-04T22:20:34.526Z
3855,3517,NA088002920,AGENT,,MRU,7400,7400,500000,15000000,CLOSED,true,2024-12-22,2024-12-27T12:21:20.780Z,2024-12-22T18:55:59.141Z,2024-12-27T12:21:20.780Z
3856,3518,NW405706525,WALLET,,MRU,28000,28000,500000,15000000,ACTIVE,true,2024-07-08,2024-09-08T23:58:31.795Z,2024-07-08T09:45:19.565Z,2024-09-08T23:58:31.795Z
3857,3519,NW220205307,WALLET,,MRU,25000,25000,500000,15000000,ACTIVE,true,2023-05-25,2024-04-08T03:46:34.961Z,2023-05-25T03:41:47.395Z,2024-04-08T03:46:34.961Z
3858,3520,NS327483058,SAVINGS,,MRU,3100,3100,500000,15000000,DORMANT,true,2024-11-06,2024-12-27T05:46:25.444Z,2024-11-06T11:14:55.458Z,2024-12-27T05:46:25.444Z
3859,3521,NS182778596,SAVINGS,,MRU,48000,48000,500000,15000000,ACTIVE,true,2022-11-18,2024-04-14T08:32:10.961Z,2022-11-18T22:45:56.307Z,2024-04-14T08:32:10.961Z
3860,3522,NA024786949,AGENT,,MRU,5600,41000,500000,15000000,ACTIVE,true,2022-01-01,2022-07-05T07:47:28.694Z,2022-01-01T15:21:48.059Z,2022-07-05T07:47:28.694Z
3861,3523,NW928090453,WALLET,,MRU,250,14000,500000,15000000,ACTIVE,true,2022-01-19,2023-05-24T03:05:26.317Z,2022-01-19T05:54:08.874Z,2023-05-24T03:05:26.317Z
3862,3524,NW191320300,WALLET,,MRU,50,22000,500000,15000000,ACTIVE,true,2022-03-01,2022-08-16T07:24:44.507Z,2022-03-01T09:01:10.658Z,2022-08-16T07:24:44.507Z
3863,3525,NW786554992,WALLET,,MRU,1700,1700,500000,15000000,FROZEN,true,2024-03-10,2024-04-25T15:46:29.781Z,2024-03-10T01:26:44.338Z,2024-04-25T15:46:29.781Z
3864,3526,NS463350057,SAVINGS,,MRU,42000,42000,500000,15000000,ACTIVE,true,2022-07-21,2024-12-22T20:34:15.189Z,2022-07-21T23:24:59.416Z,2024-12-22T20:34:15.189Z
3865,3527,NW270622968,WALLET,,MRU,19450,8300,500000,15000000,ACTIVE,true,2022-02-01,2022-09-28T23:08:46.698Z,2022-02-01T02:53:44.330Z,2022-09-28T23:08:46.698Z
3866,3528,NM493384480,MERCHANT,,MRU,5564,25000,500000,15000000,ACTIVE,true,2023-09-20,2024-11-21T17:24:43.313Z,2023-09-20T10:12:13.832Z,2024-11-21T17:24:43.313Z
3867,3529,NW783142686,WALLET,,MRU,258000,27000,500000,15000000,ACTIVE,true,2024-07-05,2024-07-16T20:30:23.344Z,2024-07-05T10:40:40.841Z,2024-07-16T20:30:23.344Z
3868,3530,NW762702465,WALLET,,MRU,1008800,8800,500000,15000000,ACTIVE,true,2024-07-25,2024-09-15T17:45:09.839Z,2024-07-25T19:48:41.343Z,2024-09-15T17:45:09.839Z
3869,3531,NW484336287,WALLET,,MRU,4800,40000,500000,15000000,ACTIVE,true,2023-05-31,2024-04-28T03:07:29.490Z,2023-05-31T17:56:32.252Z,2024-04-28T03:07:29.490Z
3870,3532,NW700282693,WALLET,,MRU,27000,27000,500000,15000000,ACTIVE,true,2023-10-06,2023-11-28T15:16:34.588Z,2023-10-06T08:11:55.617Z,2023-11-28T15:16:34.588Z
3871,3533,NW120352268,WALLET,,MRU,2153,24000,500000,15000000,ACTIVE,true,2022-08-14,2024-03-02T01:33:15.285Z,2022-08-14T19:51:25.728Z,2024-03-02T01:33:15.285Z
3872,3534,NM776486754,MERCHANT,,MRU,2325,27000,500000,15000000,ACTIVE,true,2022-05-17,2022-06-04T14:04:50.219Z,2022-05-17T04:18:32.476Z,2022-06-04T14:04:50.219Z
3873,3535,NW788518190,WALLET,,MRU,45400,43000,500000,15000000,ACTIVE,true,2023-05-12,2024-08-14T19:52:53.535Z,2023-05-12T03:22:45.819Z,2024-08-14T19:52:53.535Z
3874,3536,NW751648545,WALLET,,MRU,3525,31000,500000,15000000,ACTIVE,true,2023-08-01,2024-06-13T18:59:56.965Z,2023-08-01T01:12:39.456Z,2024-06-13T18:59:56.965Z
3875,3537,NW454242855,WALLET,,MRU,88900,6600,500000,15000000,ACTIVE,true,2024-01-04,2024-07-07T16:11:07.313Z,2024-01-04T11:05:32.347Z,2024-07-07T16:11:07.313Z
3876,3538,NA551333427,AGENT,,MRU,42000,20000,500000,15000000,ACTIVE,true,2022-01-31,2022-07-05T04:02:04.472Z,2022-01-31T17:17:02.958Z,2022-07-05T04:02:04.472Z
3877,3539,NA812523246,AGENT,,MRU,270,20000,500000,15000000,ACTIVE,true,2023-03-27,2024-12-02T18:41:15.025Z,2023-03-27T00:54:28.982Z,2024-12-02T18:41:15.025Z
3878,3540,NW289036572,WALLET,,MRU,897000,221000,500000,15000000,ACTIVE,true,2022-11-07,2023-05-08T14:44:47.362Z,2022-11-07T19:04:57.389Z,2023-05-08T14:44:47.362Z
3879,3540,NS903895974,SAVINGS,,MRU,523675,103000,500000,15000000,ACTIVE,false,2022-11-07,2023-11-12T22:35:47.836Z,2022-11-07T19:04:57.389Z,2023-11-12T22:35:47.836Z
3880,3541,NW083712577,WALLET,,MRU,35000,35000,500000,15000000,ACTIVE,true,2022-10-12,2023-05-27T07:15:38.754Z,2022-10-12T13:49:02.308Z,2023-05-27T07:15:38.754Z
3881,3542,NS979942203,SAVINGS,,MRU,34500,39000,500000,15000000,ACTIVE,true,2023-06-24,2023-09-23T07:11:44.400Z,2023-06-24T23:50:16.029Z,2023-09-23T07:11:44.400Z
3882,3543,NC180042147,CORPORATE,,MRU,19500,7500,500000,15000000,ACTIVE,true,2024-11-09,2024-12-15T14:56:55.298Z,2024-11-09T14:10:23.753Z,2024-12-15T14:56:55.298Z
3883,3544,NW207364320,WALLET,,MRU,916000,16000,500000,15000000,ACTIVE,true,2022-04-14,2023-12-24T20:18:10.535Z,2022-04-14T17:18:38.450Z,2023-12-24T20:18:10.535Z
3884,3545,NW078044176,WALLET,,MRU,69760,8800,500000,15000000,ACTIVE,true,2023-03-07,2024-05-27T12:28:03.844Z,2023-03-07T12:34:37.880Z,2024-05-27T12:28:03.844Z
3885,3546,NM865876317,MERCHANT,,MRU,101000,49000,500000,15000000,ACTIVE,true,2023-11-25,2024-08-06T22:19:29.740Z,2023-11-25T05:01:56.664Z,2024-08-06T22:19:29.740Z
3886,3547,NW827672005,WALLET,,MRU,150,2300,500000,15000000,ACTIVE,true,2023-06-10,2023-11-27T05:41:46.382Z,2023-06-10T17:27:06.746Z,2023-11-27T05:41:46.382Z
3887,3548,NA942680359,AGENT,,MRU,29000,29000,500000,15000000,ACTIVE,true,2022-08-25,2024-03-25T22:28:13.936Z,2022-08-25T07:23:17.312Z,2024-03-25T22:28:13.936Z
3888,3549,NW344505667,WALLET,,MRU,6800,6800,500000,15000000,ACTIVE,true,2023-12-07,2024-06-17T04:26:39.878Z,2023-12-07T05:16:48.195Z,2024-06-17T04:26:39.878Z
3889,3550,NA575649976,AGENT,,MRU,250,17000,500000,15000000,ACTIVE,true,2024-01-20,2024-11-30T18:03:26.764Z,2024-01-20T08:16:47.188Z,2024-11-30T18:03:26.764Z
3890,3551,NW648523476,WALLET,,MRU,4000,4000,500000,15000000,ACTIVE,true,2022-06-12,2022-06-13T00:18:15.121Z,2022-06-12T16:27:31.649Z,2022-06-13T00:18:15.121Z
3891,3552,NW034514129,WALLET,,MRU,5500,5500,500000,15000000,ACTIVE,true,2024-02-09,2024-09-03T01:23:53.001Z,2024-02-09T00:16:58.751Z,2024-09-03T01:23:53.001Z
3892,3553,NW249660611,WALLET,,MRU,250,48000,500000,15000000,ACTIVE,true,2022-03-18,2024-10-12T16:38:15.302Z,2022-03-18T22:23:04.985Z,2024-10-12T16:38:15.302Z
3893,3554,NW910127282,WALLET,,MRU,3000,12000,500000,15000000,ACTIVE,true,2024-02-05,2024-06-08T04:44:06.405Z,2024-02-05T13:53:34.620Z,2024-06-08T04:44:06.405Z
3894,3555,NS657717705,SAVINGS,,MRU,13180,338000,500000,15000000,ACTIVE,true,2022-01-09,2023-01-25T04:48:10.450Z,2022-01-09T07:59:57.253Z,2023-01-25T04:48:10.450Z
3895,3555,NS217643141,SAVINGS,,MRU,87000,87000,500000,15000000,ACTIVE,false,2022-01-09,2023-07-18T16:31:56.092Z,2022-01-09T07:59:57.253Z,2023-07-18T16:31:56.092Z
3896,3555,NS211565613,SAVINGS,,MRU,406800,408000,500000,15000000,ACTIVE,false,2022-01-09,2023-09-28T08:44:29.886Z,2022-01-09T07:59:57.253Z,2023-09-28T08:44:29.886Z
3897,3556,NW448690176,WALLET,,MRU,5900,17000,500000,15000000,ACTIVE,true,2023-03-09,2023-04-02T15:32:07.963Z,2023-03-09T08:28:58.720Z,2023-04-02T15:32:07.963Z
3898,3557,NW302749812,WALLET,,MRU,257400,33000,500000,15000000,ACTIVE,true,2024-04-26,2024-05-26T14:22:23.534Z,2024-04-26T11:08:24.529Z,2024-05-26T14:22:23.534Z
3899,3558,NW946113706,WALLET,,MRU,28000,28000,500000,15000000,ACTIVE,true,2023-03-14,2024-04-28T07:51:12.220Z,2023-03-14T19:59:55.561Z,2024-04-28T07:51:12.220Z
3900,3559,NS167203545,SAVINGS,,MRU,30000,30000,500000,15000000,ACTIVE,true,2022-08-10,2024-03-02T18:44:46.445Z,2022-08-10T19:59:25.804Z,2024-03-02T18:44:46.445Z
3901,3560,NW892471313,WALLET,,MRU,17000,17000,500000,15000000,ACTIVE,true,2024-09-30,2024-11-26T15:32:07.735Z,2024-09-30T08:59:42.870Z,2024-11-26T15:32:07.735Z
3902,3561,NW328628927,WALLET,,MRU,881890,48000,500000,15000000,ACTIVE,true,2024-02-08,2024-12-08T19:47:23.185Z,2024-02-08T01:11:38.768Z,2024-12-08T19:47:23.185Z
3903,3562,NW838590860,WALLET,,MRU,56000,16000,500000,15000000,ACTIVE,true,2024-08-08,2024-08-31T00:49:17.834Z,2024-08-08T15:35:11.524Z,2024-08-31T00:49:17.834Z
3904,3563,NW267355561,WALLET,,MRU,93400,37000,500000,15000000,ACTIVE,true,2023-06-27,2024-08-30T16:33:11.885Z,2023-06-27T07:43:41.089Z,2024-08-30T16:33:11.885Z
3905,3564,NM799089551,MERCHANT,,MRU,5000,5000,500000,15000000,ACTIVE,true,2022-01-15,2022-07-07T06:05:03.250Z,2022-01-15T15:57:57.873Z,2022-07-07T06:05:03.250Z
3906,3565,NM079412698,MERCHANT,,MRU,462950,13000,500000,15000000,ACTIVE,true,2022-04-19,2024-11-09T05:09:02.787Z,2022-04-19T01:11:08.151Z,2024-11-09T05:09:02.787Z
3907,3566,NW053386718,WALLET,,MRU,319300,208000,500000,15000000,ACTIVE,true,2022-02-11,2023-11-04T17:45:54.842Z,2022-02-11T18:42:13.059Z,2023-11-04T17:45:54.842Z
3908,3566,NW349515348,WALLET,,MRU,120000,120000,500000,15000000,ACTIVE,false,2022-02-11,2023-07-20T00:23:07.835Z,2022-02-11T18:42:13.059Z,2023-07-20T00:23:07.835Z
3909,3566,NS333945393,SAVINGS,,MRU,34200,36000,500000,15000000,ACTIVE,false,2022-02-11,2023-10-08T10:29:24.842Z,2022-02-11T18:42:13.059Z,2023-10-08T10:29:24.842Z
3910,3567,NC706375599,CORPORATE,,MRU,31400,38000,500000,15000000,ACTIVE,true,2024-10-20,2024-11-20T11:22:01.706Z,2024-10-20T11:14:22.715Z,2024-11-20T11:22:01.706Z
3911,3568,NM891829371,MERCHANT,,MRU,39600,5300,500000,15000000,ACTIVE,true,2022-07-02,2024-11-03T15:07:55.972Z,2022-07-02T16:17:18.858Z,2024-11-03T15:07:55.972Z
3912,3569,NW639153719,WALLET,,MRU,132900,6900,500000,15000000,ACTIVE,true,2024-10-13,2024-11-20T13:20:32.039Z,2024-10-13T15:56:43.115Z,2024-11-20T13:20:32.039Z
3913,3570,NA306749463,AGENT,,MRU,7700,7700,500000,15000000,FROZEN,true,2022-12-16,2024-05-23T05:19:17.516Z,2022-12-16T15:44:28.229Z,2024-05-23T05:19:17.516Z
3914,3571,NW029265999,WALLET,,MRU,10000,10000,500000,15000000,FROZEN,true,2024-05-07,2024-12-14T08:34:46.068Z,2024-05-07T03:32:39.631Z,2024-12-14T08:34:46.068Z
3915,3572,NW091186523,WALLET,,MRU,38000,38000,500000,15000000,ACTIVE,true,2024-12-19,2024-12-29T20:37:33.303Z,2024-12-19T11:12:32.716Z,2024-12-29T20:37:33.303Z
3916,3573,NS008118510,SAVINGS,,MRU,148000,18000,500000,15000000,ACTIVE,true,2022-02-05,2022-05-03T03:36:14.160Z,2022-02-05T17:34:52.735Z,2022-05-03T03:36:14.160Z
3917,3574,NA045837163,AGENT,,MRU,33300,31000,500000,15000000,ACTIVE,true,2024-02-14,2024-12-11T22:14:59.232Z,2024-02-14T23:18:14.607Z,2024-12-11T22:14:59.232Z
3918,3575,NM973117351,MERCHANT,,MRU,98000,8300,500000,15000000,ACTIVE,true,2024-10-27,2024-10-28T08:59:22.945Z,2024-10-27T16:04:10.191Z,2024-10-28T08:59:22.945Z
3919,3576,NW100551396,WALLET,,MRU,12000,12000,500000,15000000,ACTIVE,true,2022-06-20,2022-10-13T02:05:52.004Z,2022-06-20T00:13:43.672Z,2022-10-13T02:05:52.004Z
3920,3577,NA697815180,AGENT,,MRU,420000,420000,500000,15000000,ACTIVE,true,2022-06-15,2024-10-31T14:04:58.031Z,2022-06-15T00:27:39.903Z,2024-10-31T14:04:58.031Z
3921,3577,NW068374276,WALLET,,MRU,150,127000,500000,15000000,ACTIVE,false,2022-06-15,2024-04-04T13:21:58.411Z,2022-06-15T00:27:39.903Z,2024-04-04T13:21:58.411Z
3922,3578,NA063854217,AGENT,,MRU,238500,17000,500000,15000000,ACTIVE,true,2024-12-02,2024-12-09T15:11:23.091Z,2024-12-02T07:54:29.102Z,2024-12-09T15:11:23.091Z
3923,3579,NW427623540,WALLET,,MRU,29700,161000,500000,15000000,ACTIVE,true,2024-12-23,2024-12-24T10:25:01.184Z,2024-12-23T10:50:52.155Z,2024-12-24T10:25:01.184Z
3924,3579,NS894217968,SAVINGS,,MRU,425000,425000,500000,15000000,ACTIVE,false,2024-12-23,2024-12-27T03:04:35.513Z,2024-12-23T10:50:52.155Z,2024-12-27T03:04:35.513Z
3925,3580,NW208637740,WALLET,,MRU,9490,44000,500000,15000000,ACTIVE,true,2022-03-27,2023-12-08T05:00:38.577Z,2022-03-27T01:04:00.394Z,2023-12-08T05:00:38.577Z
3926,3581,NW018193721,WALLET,,MRU,22900,900,500000,15000000,ACTIVE,true,2024-08-10,2024-12-22T02:45:08.035Z,2024-08-10T04:12:44.405Z,2024-12-22T02:45:08.035Z
3927,3582,NW725928813,WALLET,,MRU,49000,49000,500000,15000000,ACTIVE,true,2023-01-25,2024-04-23T17:29:03.429Z,2023-01-25T16:56:28.324Z,2024-04-23T17:29:03.429Z
3928,3583,NS946361184,SAVINGS,,MRU,1570000,1570000,500000,15000000,DORMANT,true,2024-04-01,2024-12-10T04:14:51.091Z,2024-04-01T14:58:20.661Z,2024-12-10T04:14:51.091Z
3929,3583,NW962573200,WALLET,,MRU,2032000,1982000,500000,15000000,ACTIVE,false,2024-04-01,2024-08-21T03:57:08.742Z,2024-04-01T14:58:20.661Z,2024-08-21T03:57:08.742Z
3930,3584,NC240239620,CORPORATE,,MRU,19000,19000,500000,15000000,ACTIVE,true,2023-06-29,2024-03-17T08:04:35.454Z,2023-06-29T05:11:49.374Z,2024-03-17T08:04:35.454Z
3931,3585,NW790787130,WALLET,,MRU,2300,12000,500000,15000000,ACTIVE,true,2023-05-18,2023-09-25T15:05:27.493Z,2023-05-18T02:52:52.871Z,2023-09-25T15:05:27.493Z
3932,3586,NW345554351,WALLET,,MRU,15000,15000,500000,15000000,ACTIVE,true,2022-06-17,2024-08-26T12:32:54.512Z,2022-06-17T22:26:45.018Z,2024-08-26T12:32:54.512Z
3933,3587,NW406115412,WALLET,,MRU,2217900,1630000,500000,15000000,ACTIVE,true,2024-11-01,2024-12-14T08:20:01.406Z,2024-11-01T18:42:19.109Z,2024-12-14T08:20:01.406Z
3934,3587,NS078643560,SAVINGS,,MRU,873000,873000,500000,15000000,ACTIVE,false,2024-11-01,2024-11-02T08:53:03.068Z,2024-11-01T18:42:19.109Z,2024-11-02T08:53:03.068Z
3935,3587,NS311880707,SAVINGS,,MRU,1514750,1562000,500000,15000000,ACTIVE,false,2024-11-01,2024-12-15T20:08:38.130Z,2024-11-01T18:42:19.109Z,2024-12-15T20:08:38.130Z
3936,3588,NW202623516,WALLET,,MRU,300,12000,500000,15000000,ACTIVE,true,2023-08-09,2023-08-31T21:55:08.630Z,2023-08-09T14:17:41.151Z,2023-08-31T21:55:08.630Z
3937,3589,NA507422328,AGENT,,MRU,17000,17000,500000,15000000,ACTIVE,true,2024-07-09,2024-07-29T18:20:29.464Z,2024-07-09T06:39:07.661Z,2024-07-29T18:20:29.464Z
3938,3590,NW756748970,WALLET,,MRU,2600,2600,500000,15000000,ACTIVE,true,2024-11-18,2024-11-26T23:17:26.215Z,2024-11-18T10:56:08.199Z,2024-11-26T23:17:26.215Z
3939,3591,NW761463880,WALLET,,MRU,19000,19000,500000,15000000,ACTIVE,true,2024-04-03,2024-04-05T18:29:54.076Z,2024-04-03T07:27:42.323Z,2024-04-05T18:29:54.076Z
3940,3592,NA253453016,AGENT,,MRU,1725,11000,500000,15000000,ACTIVE,true,2023-04-03,2024-02-23T20:19:51.980Z,2023-04-03T02:43:55.072Z,2024-02-23T20:19:51.980Z
3941,3593,NS262405038,SAVINGS,,MRU,890,9200,500000,15000000,ACTIVE,true,2024-09-20,2024-12-24T12:15:26.049Z,2024-09-20T00:41:50.340Z,2024-12-24T12:15:26.049Z
3942,3594,NW241827990,WALLET,,MRU,4172,8700,500000,15000000,ACTIVE,true,2024-10-08,2024-11-21T22:13:50.545Z,2024-10-08T03:11:51.141Z,2024-11-21T22:13:50.545Z
3943,3595,NS392011523,SAVINGS,,MRU,1721,34000,500000,15000000,ACTIVE,true,2022-12-25,2023-08-11T19:42:38.733Z,2022-12-25T08:26:13.634Z,2023-08-11T19:42:38.733Z
3944,3596,NM942915678,MERCHANT,,MRU,4500,4500,500000,15000000,ACTIVE,true,2022-07-22,2024-09-22T19:48:54.692Z,2022-07-22T00:43:47.781Z,2024-09-22T19:48:54.692Z
3945,3597,NW120408680,WALLET,,MRU,12000,12000,500000,15000000,ACTIVE,true,2023-01-30,2023-04-18T05:13:21.338Z,2023-01-30T00:12:05.041Z,2023-04-18T05:13:21.338Z
3946,3598,NM104198813,MERCHANT,,MRU,418,21000,500000,15000000,ACTIVE,true,2023-12-15,2024-12-18T01:44:32.555Z,2023-12-15T04:41:54.589Z,2024-12-18T01:44:32.555Z
3947,3599,NW884361535,WALLET,,MRU,6450,13000,500000,15000000,ACTIVE,true,2022-09-23,2023-07-04T04:15:29.615Z,2022-09-23T06:35:43.405Z,2023-07-04T04:15:29.615Z
3948,3600,NS243895173,SAVINGS,,MRU,92600,19000,500000,15000000,ACTIVE,true,2024-01-18,2024-12-06T22:20:12.332Z,2024-01-18T03:58:04.598Z,2024-12-06T22:20:12.332Z
3949,3601,NW266393303,WALLET,,MRU,298000,298000,500000,15000000,CLOSED,true,2024-02-24,2024-12-09T15:55:29.023Z,2024-02-24T17:16:29.327Z,2024-12-09T15:55:29.023Z
3950,3601,NS959242344,SAVINGS,,MRU,53000,53000,500000,15000000,ACTIVE,false,2024-02-24,2024-08-12T18:19:25.438Z,2024-02-24T17:16:29.327Z,2024-08-12T18:19:25.438Z
3951,3601,NW441347360,WALLET,,MRU,100000,100000,500000,15000000,ACTIVE,false,2024-02-24,2024-12-21T07:58:50.550Z,2024-02-24T17:16:29.327Z,2024-12-21T07:58:50.550Z
3952,3602,NM836264729,MERCHANT,,MRU,11000,11000,500000,15000000,ACTIVE,true,2022-06-15,2022-10-03T09:35:47.398Z,2022-06-15T19:07:12.579Z,2022-10-03T09:35:47.398Z
3953,3603,NA872489214,AGENT,,MRU,2800,20000,500000,15000000,ACTIVE,true,2022-10-28,2022-12-17T07:14:51.928Z,2022-10-28T02:48:05.306Z,2022-12-17T07:14:51.928Z
3954,3604,NW712108254,WALLET,,MRU,50000,50000,500000,15000000,ACTIVE,true,2024-07-27,2024-09-27T16:25:05.175Z,2024-07-27T01:19:44.096Z,2024-09-27T16:25:05.175Z
3955,3605,NW652807236,WALLET,,MRU,19000,19000,500000,15000000,ACTIVE,true,2022-02-27,2024-02-03T17:54:21.972Z,2022-02-27T03:47:46.125Z,2024-02-03T17:54:21.972Z
3956,3606,NA667842865,AGENT,,MRU,1800,1800,500000,15000000,ACTIVE,true,2023-05-26,2024-11-09T13:36:05.054Z,2023-05-26T06:33:03.718Z,2024-11-09T13:36:05.054Z
3957,3607,NW804194476,WALLET,,MRU,9100,9100,500000,15000000,ACTIVE,true,2022-02-15,2022-07-19T19:02:09.603Z,2022-02-15T22:47:25.007Z,2022-07-19T19:02:09.603Z
3958,3608,NW942479491,WALLET,,MRU,51300,1300,500000,15000000,ACTIVE,true,2022-03-02,2023-10-18T11:15:09.029Z,2022-03-02T19:12:40.414Z,2023-10-18T11:15:09.029Z
3959,3609,NW718068838,WALLET,,MRU,2600,2600,500000,15000000,ACTIVE,true,2023-09-16,2024-04-16T03:15:04.381Z,2023-09-16T22:50:56.030Z,2024-04-16T03:15:04.381Z
3960,3610,NW465298295,WALLET,,MRU,19000,19000,500000,15000000,ACTIVE,true,2022-06-16,2024-08-09T14:20:19.870Z,2022-06-16T02:06:28.498Z,2024-08-09T14:20:19.870Z
3961,3611,NS767438054,SAVINGS,,MRU,6400,6400,500000,15000000,ACTIVE,true,2023-08-09,2023-09-01T21:34:11.183Z,2023-08-09T22:40:30.209Z,2023-09-01T21:34:11.183Z
3962,3612,NW118196487,WALLET,,MRU,50,14000,500000,15000000,ACTIVE,true,2024-01-09,2024-05-13T03:09:27.678Z,2024-01-09T00:44:33.322Z,2024-05-13T03:09:27.678Z
3963,3613,NC628382683,CORPORATE,,MRU,795400,4400,500000,15000000,ACTIVE,true,2024-05-09,2024-10-22T14:52:51.934Z,2024-05-09T21:09:51.813Z,2024-10-22T14:52:51.934Z
3964,3614,NW634884596,WALLET,,MRU,41000,41000,500000,15000000,ACTIVE,true,2023-02-15,2024-03-25T13:37:49.440Z,2023-02-15T08:47:52.094Z,2024-03-25T13:37:49.440Z
3965,3615,NW146339178,WALLET,,MRU,18000,18000,500000,15000000,DORMANT,true,2022-04-08,2024-07-01T23:22:41.292Z,2022-04-08T05:07:03.602Z,2024-07-01T23:22:41.292Z
3966,3616,NW930535912,WALLET,,MRU,60000,49000,500000,15000000,ACTIVE,true,2022-07-06,2024-06-28T11:28:03.881Z,2022-07-06T12:56:04.841Z,2024-06-28T11:28:03.881Z
3967,3617,NW180825352,WALLET,,MRU,1266950,25000,500000,15000000,ACTIVE,true,2022-04-05,2023-10-10T02:32:49.058Z,2022-04-05T10:04:42.417Z,2023-10-10T02:32:49.058Z
3968,3618,NA519299984,AGENT,,MRU,23000,23000,500000,15000000,ACTIVE,true,2022-06-25,2023-11-22T09:26:36.675Z,2022-06-25T07:11:22.079Z,2023-11-22T09:26:36.675Z
3969,3619,NW114982485,WALLET,,MRU,2700,2700,500000,15000000,DORMANT,true,2022-08-02,2024-12-16T14:38:41.471Z,2022-08-02T01:31:59.258Z,2024-12-16T14:38:41.471Z
3970,3620,NW288573026,WALLET,,MRU,143800,36000,500000,15000000,ACTIVE,true,2023-05-22,2023-08-11T09:28:23.944Z,2023-05-22T17:42:06.237Z,2023-08-11T09:28:23.944Z
3971,3621,NW746802807,WALLET,,MRU,2500,34000,500000,15000000,ACTIVE,true,2022-06-08,2023-01-11T17:23:09.150Z,2022-06-08T21:44:41.466Z,2023-01-11T17:23:09.150Z
3972,3622,NW909007013,WALLET,,MRU,1500,1500,500000,15000000,ACTIVE,true,2023-06-27,2024-06-17T20:28:43.314Z,2023-06-27T02:13:25.375Z,2024-06-17T20:28:43.314Z
3973,3623,NC986750841,CORPORATE,,MRU,4350,27000,500000,15000000,ACTIVE,true,2022-07-03,2022-08-31T17:27:43.883Z,2022-07-03T02:06:33.046Z,2022-08-31T17:27:43.883Z
3974,3624,NW930376112,WALLET,,MRU,16000,16000,500000,15000000,ACTIVE,true,2023-12-01,2024-04-21T15:30:28.367Z,2023-12-01T20:57:35.070Z,2024-04-21T15:30:28.367Z
3975,3625,NC102610349,CORPORATE,,MRU,200,3700,500000,15000000,ACTIVE,true,2022-05-23,2023-10-13T20:44:40.307Z,2022-05-23T11:12:47.335Z,2023-10-13T20:44:40.307Z
3976,3626,NM136873841,MERCHANT,,MRU,16000,16000,500000,15000000,ACTIVE,true,2023-07-27,2024-04-23T01:48:26.987Z,2023-07-27T19:40:14.445Z,2024-04-23T01:48:26.987Z
3977,3627,NM317749977,MERCHANT,,MRU,17000,17000,500000,15000000,ACTIVE,true,2024-08-26,2024-10-08T01:49:13.407Z,2024-08-26T09:01:16.171Z,2024-10-08T01:49:13.407Z
3978,3628,NC141459465,CORPORATE,,MRU,7600,7600,500000,15000000,ACTIVE,true,2022-03-06,2022-11-17T14:02:29.397Z,2022-03-06T03:15:05.931Z,2022-11-17T14:02:29.397Z
3979,3629,NS884288072,SAVINGS,,MRU,42300,6000,500000,15000000,ACTIVE,true,2022-08-21,2023-02-02T07:29:44.296Z,2022-08-21T01:02:42.627Z,2023-02-02T07:29:44.296Z
3980,3630,NW086397230,WALLET,,MRU,950,17000,500000,15000000,ACTIVE,true,2023-09-20,2024-04-05T13:38:43.573Z,2023-09-20T23:46:08.233Z,2024-04-05T13:38:43.573Z
3981,3631,NW684793472,WALLET,,MRU,41000,41000,500000,15000000,ACTIVE,true,2024-09-04,2024-09-22T03:55:44.613Z,2024-09-04T00:00:34.983Z,2024-09-22T03:55:44.613Z
3982,3632,NA326632857,AGENT,,MRU,250,250,500000,15000000,ACTIVE,true,2023-09-22,2023-09-29T13:19:03.890Z,2023-09-22T14:09:02.518Z,2023-09-29T13:19:03.890Z
3983,3633,NW240289449,WALLET,,MRU,19000,19000,500000,15000000,DORMANT,true,2024-09-22,2024-09-30T15:22:57.702Z,2024-09-22T00:26:29.384Z,2024-09-30T15:22:57.702Z
3984,3634,NW365225792,WALLET,,MRU,13000,13000,500000,15000000,ACTIVE,true,2023-05-09,2024-07-16T09:50:50.076Z,2023-05-09T13:14:34.943Z,2024-07-16T09:50:50.076Z
3985,3635,NW486702919,WALLET,,MRU,7500,7500,500000,15000000,FROZEN,true,2022-08-27,2024-06-29T18:52:28.307Z,2022-08-27T15:18:23.875Z,2024-06-29T18:52:28.307Z
3986,3636,NM088213920,MERCHANT,,MRU,13000,13000,500000,15000000,ACTIVE,true,2024-06-01,2024-09-17T17:29:04.980Z,2024-06-01T07:16:12.394Z,2024-09-17T17:29:04.980Z
3987,3637,NW349603414,WALLET,,MRU,25160,28000,500000,15000000,ACTIVE,true,2024-02-02,2024-07-19T09:56:16.057Z,2024-02-02T23:18:59.163Z,2024-07-19T09:56:16.057Z
3988,3638,NW253952741,WALLET,,MRU,23000,23000,500000,15000000,ACTIVE,true,2024-11-05,2024-11-27T21:59:08.065Z,2024-11-05T13:00:09.297Z,2024-11-27T21:59:08.065Z
3989,3639,NS823558569,SAVINGS,,MRU,39000,39000,500000,15000000,CLOSED,true,2024-08-06,2024-10-08T03:13:41.672Z,2024-08-06T03:53:26.329Z,2024-10-08T03:13:41.672Z
3990,3640,NW231623411,WALLET,,MRU,47000,47000,500000,15000000,ACTIVE,true,2022-02-08,2022-11-01T03:27:00.017Z,2022-02-08T23:52:25.043Z,2022-11-01T03:27:00.017Z
3991,3641,NA279358506,AGENT,,MRU,800,9200,500000,15000000,ACTIVE,true,2024-09-15,2024-12-04T18:02:59.379Z,2024-09-15T07:36:56.968Z,2024-12-04T18:02:59.379Z
3992,3642,NC394550323,CORPORATE,,MRU,2700,2700,500000,15000000,ACTIVE,true,2022-01-28,2024-10-09T09:49:47.631Z,2022-01-28T05:34:30.724Z,2024-10-09T09:49:47.631Z
3993,3643,NW028032213,WALLET,,MRU,11046,27000,500000,15000000,ACTIVE,true,2023-03-27,2023-09-12T12:09:56.632Z,2023-03-27T16:56:08.010Z,2023-09-12T12:09:56.632Z
3994,3644,NM054006218,MERCHANT,,MRU,100,1300,500000,15000000,ACTIVE,true,2024-04-22,2024-10-17T01:43:35.283Z,2024-04-22T15:30:47.117Z,2024-10-17T01:43:35.283Z
3995,3645,NW741768867,WALLET,,MRU,7083,15000,500000,15000000,ACTIVE,true,2023-09-25,2024-08-10T17:52:41.100Z,2023-09-25T15:49:25.190Z,2024-08-10T17:52:41.100Z
3996,3646,NS824550986,SAVINGS,,MRU,1835200,17000,500000,15000000,ACTIVE,true,2023-10-04,2024-01-28T05:01:00.488Z,2023-10-04T23:30:36.555Z,2024-01-28T05:01:00.488Z
3997,3647,NA278462767,AGENT,,MRU,150,88000,500000,15000000,ACTIVE,true,2023-03-27,2024-01-30T01:49:27.387Z,2023-03-27T22:49:19.659Z,2024-01-30T01:49:27.387Z
3998,3647,NS189696073,SAVINGS,,MRU,86400,64000,500000,15000000,ACTIVE,false,2023-03-27,2024-08-29T07:42:24.519Z,2023-03-27T22:49:19.659Z,2024-08-29T07:42:24.519Z
3999,3647,NW863165527,WALLET,,MRU,472000,472000,500000,15000000,ACTIVE,false,2023-03-27,2024-06-13T15:30:01.302Z,2023-03-27T22:49:19.659Z,2024-06-13T15:30:01.302Z
4000,3648,NS914561748,SAVINGS,,MRU,26000,26000,500000,15000000,DORMANT,true,2023-05-14,2024-08-02T20:58:23.738Z,2023-05-14T11:23:05.351Z,2024-08-02T20:58:23.738Z
4001,3649,NS379588604,SAVINGS,,MRU,1543000,1143000,500000,15000000,ACTIVE,true,2023-03-11,2024-07-06T03:17:23.096Z,2023-03-11T13:15:30.477Z,2024-07-06T03:17:23.096Z
4002,3649,NW379436016,WALLET,,MRU,1171000,1081000,500000,15000000,ACTIVE,false,2023-03-11,2023-11-03T20:49:30.338Z,2023-03-11T13:15:30.477Z,2023-11-03T20:49:30.338Z
4003,3649,NW557628155,WALLET,,MRU,607000,607000,500000,15000000,ACTIVE,false,2023-03-11,2024-05-09T10:51:54.866Z,2023-03-11T13:15:30.477Z,2024-05-09T10:51:54.866Z
4004,3650,NA864848614,AGENT,,MRU,8100,8100,500000,15000000,ACTIVE,true,2024-11-13,2024-11-20T20:37:02.293Z,2024-11-13T09:52:03.997Z,2024-11-20T20:37:02.293Z
4005,3651,NW220347792,WALLET,,MRU,1743000,1743000,500000,15000000,ACTIVE,true,2023-08-01,2024-09-06T13:25:06.851Z,2023-08-01T17:14:29.762Z,2024-09-06T13:25:06.851Z
4006,3651,NW617266685,WALLET,,MRU,252000,252000,500000,15000000,ACTIVE,false,2023-08-01,2023-12-04T14:13:31.333Z,2023-08-01T17:14:29.762Z,2023-12-04T14:13:31.333Z
4007,3652,NW235600531,WALLET,,MRU,11000,11000,500000,15000000,ACTIVE,true,2022-10-20,2024-05-22T13:03:59.589Z,2022-10-20T10:49:58.359Z,2024-05-22T13:03:59.589Z
4008,3653,NM088929176,MERCHANT,,MRU,13000,13000,500000,15000000,ACTIVE,true,2023-02-10,2024-05-12T23:48:15.011Z,2023-02-10T16:31:05.929Z,2024-05-12T23:48:15.011Z
4009,3654,NW325498461,WALLET,,MRU,114000,24000,500000,15000000,ACTIVE,true,2024-05-25,2024-07-18T13:30:16.575Z,2024-05-25T23:09:44.257Z,2024-07-18T13:30:16.575Z
4010,3655,NM988872886,MERCHANT,,MRU,19000,19000,500000,15000000,ACTIVE,true,2023-08-26,2024-08-30T15:08:57.103Z,2023-08-26T21:34:02.291Z,2024-08-30T15:08:57.103Z
4011,3656,NW729098350,WALLET,,MRU,14000,14000,500000,15000000,ACTIVE,true,2022-11-01,2024-02-22T08:27:31.911Z,2022-11-01T05:33:03.950Z,2024-02-22T08:27:31.911Z
4012,3657,NS061676740,SAVINGS,,MRU,43000,43000,500000,15000000,ACTIVE,true,2024-03-01,2024-04-23T08:15:42.918Z,2024-03-01T22:16:49.273Z,2024-04-23T08:15:42.918Z
4013,3658,NC717897415,CORPORATE,,MRU,19000,19000,500000,15000000,DORMANT,true,2023-05-11,2024-10-15T11:54:42.859Z,2023-05-11T21:31:26.952Z,2024-10-15T11:54:42.859Z
4014,3659,NS130531311,SAVINGS,,MRU,2250,1700,500000,15000000,ACTIVE,true,2024-10-20,2024-10-28T11:01:56.514Z,2024-10-20T17:32:23.079Z,2024-10-28T11:01:56.514Z
4015,3660,NW262393534,WALLET,,MRU,12000,12000,500000,15000000,ACTIVE,true,2024-09-10,2024-09-13T22:29:37.503Z,2024-09-10T15:12:16.768Z,2024-09-13T22:29:37.503Z
4016,3661,NW559483766,WALLET,,MRU,1205000,18000,500000,15000000,ACTIVE,true,2024-12-21,2024-12-25T18:55:33.897Z,2024-12-21T09:14:45.167Z,2024-12-25T18:55:33.897Z
4017,3662,NA290052652,AGENT,,MRU,7300,7300,500000,15000000,ACTIVE,true,2024-06-02,2024-11-23T12:28:00.780Z,2024-06-02T12:08:54.403Z,2024-11-23T12:28:00.780Z
4018,3663,NM693225026,MERCHANT,,MRU,910000,10000,500000,15000000,ACTIVE,true,2023-09-20,2024-09-11T01:14:32.848Z,2023-09-20T00:20:43.954Z,2024-09-11T01:14:32.848Z
4019,3664,NW184353470,WALLET,,MRU,1800,7800,500000,15000000,ACTIVE,true,2024-09-08,2024-10-16T17:53:51.318Z,2024-09-08T16:04:11.677Z,2024-10-16T17:53:51.318Z
4020,3665,NC983538628,CORPORATE,,MRU,2400,2400,500000,15000000,ACTIVE,true,2022-12-04,2024-01-22T00:36:49.657Z,2022-12-04T02:53:02.134Z,2024-01-22T00:36:49.657Z
4021,3666,NW126240640,WALLET,,MRU,2000,2000,500000,15000000,ACTIVE,true,2022-06-08,2024-06-01T17:29:21.727Z,2022-06-08T23:12:17.086Z,2024-06-01T17:29:21.727Z
4022,3667,NW317739844,WALLET,,MRU,6150,17000,500000,15000000,ACTIVE,true,2024-03-24,2024-10-15T07:24:17.151Z,2024-03-24T20:30:25.026Z,2024-10-15T07:24:17.151Z
4023,3668,NW968007356,WALLET,,MRU,16000,16000,500000,15000000,ACTIVE,true,2022-11-24,2024-06-22T13:19:27.981Z,2022-11-24T08:07:59.155Z,2024-06-22T13:19:27.981Z
4024,3669,NW918555856,WALLET,,MRU,51400,8500,500000,15000000,ACTIVE,true,2023-07-04,2023-12-22T08:59:08.241Z,2023-07-04T06:21:54.477Z,2023-12-22T08:59:08.241Z
4025,3670,NW071800291,WALLET,,MRU,200,4400,500000,15000000,ACTIVE,true,2022-11-07,2023-02-21T03:33:29.714Z,2022-11-07T14:48:19.891Z,2023-02-21T03:33:29.714Z
4026,3671,NW323500394,WALLET,,MRU,4105,18000,500000,15000000,ACTIVE,true,2022-05-11,2023-10-29T15:17:24.556Z,2022-05-11T04:04:46.425Z,2023-10-29T15:17:24.556Z
4027,3672,NW843309194,WALLET,,MRU,14000,14000,500000,15000000,ACTIVE,true,2024-07-07,2024-09-09T17:21:55.503Z,2024-07-07T15:28:20.267Z,2024-09-09T17:21:55.503Z
4028,3673,NA656694531,AGENT,,MRU,7200,7200,500000,15000000,ACTIVE,true,2024-05-25,2024-07-08T09:53:37.019Z,2024-05-25T20:32:46.999Z,2024-07-08T09:53:37.019Z
4029,3674,NA450732231,AGENT,,MRU,37000,37000,500000,15000000,ACTIVE,true,2024-01-31,2024-04-08T01:51:47.650Z,2024-01-31T12:58:57.145Z,2024-04-08T01:51:47.650Z
4030,3675,NW394600272,WALLET,,MRU,210,16000,500000,15000000,ACTIVE,true,2024-03-28,2024-06-17T05:42:18.390Z,2024-03-28T04:47:52.796Z,2024-06-17T05:42:18.390Z
4031,3676,NW583276629,WALLET,,MRU,14000,14000,500000,15000000,ACTIVE,true,2024-03-09,2024-03-09T02:07:06.663Z,2024-03-09T00:40:05.430Z,2024-03-09T02:07:06.663Z
4032,3677,NS120795369,SAVINGS,,MRU,400,16000,500000,15000000,ACTIVE,true,2022-01-25,2024-10-26T14:29:17.392Z,2022-01-25T19:49:06.705Z,2024-10-26T14:29:17.392Z
4033,3678,NW259814739,WALLET,,MRU,1500,1500,500000,15000000,ACTIVE,true,2022-04-05,2022-06-19T19:19:58.191Z,2022-04-05T17:21:44.122Z,2022-06-19T19:19:58.191Z
4034,3679,NW052473291,WALLET,,MRU,1005100,5100,500000,15000000,ACTIVE,true,2024-02-10,2024-06-04T07:47:33.194Z,2024-02-10T18:33:59.975Z,2024-06-04T07:47:33.194Z
4035,3680,NS120780825,SAVINGS,,MRU,3950,17000,500000,15000000,ACTIVE,true,2022-01-16,2022-04-30T01:57:55.788Z,2022-01-16T19:44:32.793Z,2022-04-30T01:57:55.788Z
4036,3681,NW425053239,WALLET,,MRU,6600,6600,500000,15000000,ACTIVE,true,2024-08-13,2024-09-02T19:58:59.991Z,2024-08-13T06:18:01.433Z,2024-09-02T19:58:59.991Z
4037,3682,NW902931690,WALLET,,MRU,8300,8300,500000,15000000,ACTIVE,true,2022-04-06,2023-07-24T11:31:12.689Z,2022-04-06T06:05:21.616Z,2023-07-24T11:31:12.689Z
4038,3683,NW375629931,WALLET,,MRU,350,32000,500000,15000000,ACTIVE,true,2024-12-07,2024-12-22T04:01:30.106Z,2024-12-07T21:43:10.361Z,2024-12-22T04:01:30.106Z
4039,3684,NW463970452,WALLET,,MRU,6100,6100,500000,15000000,ACTIVE,true,2024-08-08,2024-12-19T07:46:50.596Z,2024-08-08T05:35:59.594Z,2024-12-19T07:46:50.596Z
4040,3685,NW631868869,WALLET,,MRU,3731500,5100,500000,15000000,ACTIVE,true,2024-10-06,2024-12-09T16:54:12.334Z,2024-10-06T02:29:40.982Z,2024-12-09T16:54:12.334Z
4041,3686,NW037643313,WALLET,,MRU,650,20000,500000,15000000,ACTIVE,true,2023-06-28,2023-08-11T12:38:16.762Z,2023-06-28T06:06:18.112Z,2023-08-11T12:38:16.762Z
4042,3687,NS319032073,SAVINGS,,MRU,16000,16000,500000,15000000,ACTIVE,true,2023-07-04,2023-08-22T17:29:38.511Z,2023-07-04T01:13:04.473Z,2023-08-22T17:29:38.511Z
4043,3688,NW440009772,WALLET,,MRU,2565,18000,500000,15000000,ACTIVE,true,2024-08-10,2024-11-20T22:51:02.032Z,2024-08-10T10:20:47.027Z,2024-11-20T22:51:02.032Z
4044,3689,NS947994113,SAVINGS,,MRU,43000,43000,500000,15000000,ACTIVE,true,2023-06-30,2024-08-22T07:21:07.623Z,2023-06-30T14:26:33.128Z,2024-08-22T07:21:07.623Z
4045,3690,NW675951361,WALLET,,MRU,5100,5100,500000,15000000,ACTIVE,true,2024-02-09,2024-06-28T13:40:11.112Z,2024-02-09T15:08:45.126Z,2024-06-28T13:40:11.112Z
4046,3691,NW625868559,WALLET,,MRU,925,34000,500000,15000000,ACTIVE,true,2024-01-11,2024-07-23T12:44:20.550Z,2024-01-11T18:44:55.536Z,2024-07-23T12:44:20.550Z
4047,3692,NW465763211,WALLET,,MRU,15000,15000,500000,15000000,ACTIVE,true,2023-03-08,2023-03-14T17:36:04.695Z,2023-03-08T03:27:26.637Z,2023-03-14T17:36:04.695Z
4048,3693,NW499909401,WALLET,,MRU,21000,21000,500000,15000000,ACTIVE,true,2023-03-09,2023-06-26T13:40:43.049Z,2023-03-09T21:22:28.317Z,2023-06-26T13:40:43.049Z
4049,3694,NM630997419,MERCHANT,,MRU,1950,33000,500000,15000000,ACTIVE,true,2022-02-20,2022-04-18T10:35:49.493Z,2022-02-20T04:58:07.589Z,2022-04-18T10:35:49.493Z
4050,3695,NW398100972,WALLET,,MRU,2400,2400,500000,15000000,ACTIVE,true,2022-03-26,2023-03-30T00:25:31.053Z,2022-03-26T00:03:04.347Z,2023-03-30T00:25:31.053Z
4051,3696,NA635490894,AGENT,,MRU,37000,37000,500000,15000000,FROZEN,true,2024-04-16,2024-10-08T14:14:28.430Z,2024-04-16T19:48:06.629Z,2024-10-08T14:14:28.430Z
4052,3697,NW592991352,WALLET,,MRU,750,5700,500000,15000000,ACTIVE,true,2024-01-05,2024-03-18T23:59:57.996Z,2024-01-05T12:09:34.484Z,2024-03-18T23:59:57.996Z
4053,3698,NW214269932,WALLET,,MRU,11000,11000,500000,15000000,FROZEN,true,2023-02-23,2024-06-30T21:47:57.990Z,2023-02-23T15:22:51.623Z,2024-06-30T21:47:57.990Z
4054,3699,NM352566242,MERCHANT,,MRU,26000,26000,500000,15000000,ACTIVE,true,2024-02-06,2024-02-09T00:26:34.044Z,2024-02-06T15:24:57.728Z,2024-02-09T00:26:34.044Z
4055,3700,NW421798587,WALLET,,MRU,7600,7600,500000,15000000,FROZEN,true,2024-06-26,2024-07-02T08:43:10.186Z,2024-06-26T06:32:50.180Z,2024-07-02T08:43:10.186Z
4056,3701,NW879403889,WALLET,,MRU,132,45000,500000,15000000,ACTIVE,true,2022-05-31,2023-05-21T18:27:48.131Z,2022-05-31T22:19:35.072Z,2023-05-21T18:27:48.131Z
4057,3702,NW385656267,WALLET,,MRU,98500,44000,500000,15000000,ACTIVE,true,2022-02-14,2024-07-10T07:37:55.417Z,2022-02-14T08:33:37.713Z,2024-07-10T07:37:55.417Z
4058,3703,NW788938284,WALLET,,MRU,26000,26000,500000,15000000,ACTIVE,true,2023-11-18,2024-07-13T06:44:02.826Z,2023-11-18T02:01:38.712Z,2024-07-13T06:44:02.826Z
4059,3704,NW123692300,WALLET,,MRU,12000,12000,500000,15000000,FROZEN,true,2024-03-12,2024-12-13T00:58:16.811Z,2024-03-12T02:32:24.265Z,2024-12-13T00:58:16.811Z
4060,3705,NW637791425,WALLET,,MRU,1000,7700,500000,15000000,ACTIVE,true,2024-12-02,2024-12-15T02:13:01.952Z,2024-12-02T10:37:41.710Z,2024-12-15T02:13:01.952Z
4061,3706,NS634362221,SAVINGS,,MRU,4000,4000,500000,15000000,ACTIVE,true,2024-01-02,2024-01-23T08:20:06.556Z,2024-01-02T05:05:47.750Z,2024-01-23T08:20:06.556Z
4062,3707,NC968823194,CORPORATE,,MRU,54000,54000,500000,15000000,ACTIVE,true,2023-06-29,2024-09-28T11:08:24.066Z,2023-06-29T07:06:00.852Z,2024-09-28T11:08:24.066Z
4063,3707,NW103110935,WALLET,,MRU,290880,303000,500000,15000000,ACTIVE,false,2023-06-29,2024-01-07T22:36:45.776Z,2023-06-29T07:06:00.852Z,2024-01-07T22:36:45.776Z
4064,3707,NW704688072,WALLET,,MRU,1074500,430000,500000,15000000,ACTIVE,false,2023-06-29,2024-09-14T10:07:59.189Z,2023-06-29T07:06:00.852Z,2024-09-14T10:07:59.189Z
4065,3708,NA162652015,AGENT,,MRU,17000,17000,500000,15000000,FROZEN,true,2022-03-27,2024-01-02T11:19:24.404Z,2022-03-27T00:16:38.300Z,2024-01-02T11:19:24.404Z
4066,3709,NS181966662,SAVINGS,,MRU,2022000,35000,500000,15000000,ACTIVE,true,2023-04-09,2023-05-25T01:19:11.757Z,2023-04-09T15:46:03.742Z,2023-05-25T01:19:11.757Z
4067,3710,NS665725112,SAVINGS,,MRU,24000,24000,500000,15000000,ACTIVE,true,2024-04-29,2024-10-30T09:57:53.087Z,2024-04-29T13:07:12.813Z,2024-10-30T09:57:53.087Z
4068,3711,NW932438731,WALLET,,MRU,5200,5200,500000,15000000,FROZEN,true,2023-08-18,2024-06-18T18:58:11.449Z,2023-08-18T21:03:02.905Z,2024-06-18T18:58:11.449Z
4069,3712,NW003043413,WALLET,,MRU,19000,19000,500000,15000000,ACTIVE,true,2024-05-23,2024-07-11T23:11:20.818Z,2024-05-23T15:43:03.514Z,2024-07-11T23:11:20.818Z
4070,3713,NW781823516,WALLET,,MRU,28218,49000,500000,15000000,ACTIVE,true,2023-02-02,2024-06-01T13:37:23.208Z,2023-02-02T09:03:56.712Z,2024-06-01T13:37:23.208Z
4071,3714,NW797186851,WALLET,,MRU,1676600,12000,500000,15000000,ACTIVE,true,2022-11-27,2023-08-05T16:16:18.688Z,2022-11-27T22:04:18.614Z,2023-08-05T16:16:18.688Z
4072,3715,NS172844767,SAVINGS,,MRU,600550,25000,500000,15000000,ACTIVE,true,2023-02-06,2024-09-10T20:51:50.068Z,2023-02-06T08:18:46.382Z,2024-09-10T20:51:50.068Z
4073,3716,NW274706870,WALLET,,MRU,3300,3300,500000,15000000,ACTIVE,true,2023-06-24,2024-04-08T05:22:39.775Z,2023-06-24T23:50:16.029Z,2024-04-08T05:22:39.775Z
4074,3717,NW502317697,WALLET,,MRU,10000,10000,500000,15000000,ACTIVE,true,2023-12-03,2023-12-27T16:56:22.894Z,2023-12-03T13:26:42.634Z,2023-12-27T16:56:22.894Z
4075,3718,NW687091172,WALLET,,MRU,8200,8200,500000,15000000,ACTIVE,true,2022-04-14,2023-01-09T13:47:10.351Z,2022-04-14T17:18:38.450Z,2023-01-09T13:47:10.351Z
4076,3719,NW042593836,WALLET,,MRU,28000,28000,500000,15000000,ACTIVE,true,2022-02-01,2024-10-09T16:12:40.965Z,2022-02-01T17:34:22.474Z,2024-10-09T16:12:40.965Z
4077,3720,NW419243812,WALLET,,MRU,12400,39000,500000,15000000,ACTIVE,true,2022-06-22,2024-10-02T09:42:47.746Z,2022-06-22T03:30:13.193Z,2024-10-02T09:42:47.746Z
4078,3721,NW566958427,WALLET,,MRU,2500,2500,500000,15000000,DORMANT,true,2023-06-10,2024-12-15T18:27:15.801Z,2023-06-10T17:27:06.746Z,2024-12-15T18:27:15.801Z
4079,3722,NW857866794,WALLET,,MRU,23000,14000,500000,15000000,ACTIVE,true,2023-08-17,2024-02-20T08:00:07.667Z,2023-08-17T00:36:31.034Z,2024-02-20T08:00:07.667Z
4080,3723,NW345262795,WALLET,,MRU,681000,24000,500000,15000000,ACTIVE,true,2022-09-28,2023-01-26T16:19:30.330Z,2022-09-28T02:56:34.251Z,2023-01-26T16:19:30.330Z
4081,3724,NW203220427,WALLET,,MRU,135000,25000,500000,15000000,ACTIVE,true,2022-11-04,2024-04-07T02:28:57.821Z,2022-11-04T09:05:11.485Z,2024-04-07T02:28:57.821Z
4082,3725,NW221164733,WALLET,,MRU,9800,9800,500000,15000000,ACTIVE,true,2024-02-03,2024-04-01T06:50:12.342Z,2024-02-03T09:55:55.183Z,2024-04-01T06:50:12.342Z
4083,3726,NW383662402,WALLET,,MRU,737089,22000,500000,15000000,ACTIVE,true,2022-04-13,2024-12-08T21:53:52.394Z,2022-04-13T14:08:11.755Z,2024-12-08T21:53:52.394Z
4084,3727,NW684096366,WALLET,,MRU,6400,6400,500000,15000000,ACTIVE,true,2022-08-11,2023-06-16T06:46:06.873Z,2022-08-11T15:22:54.748Z,2023-06-16T06:46:06.873Z
4085,3728,NW075504064,WALLET,,MRU,1562386,1651000,500000,15000000,ACTIVE,true,2023-07-20,2024-05-30T02:58:09.677Z,2023-07-20T15:43:53.136Z,2024-05-30T02:58:09.677Z
4086,3728,NS726781487,SAVINGS,,MRU,583600,564000,500000,15000000,ACTIVE,false,2023-07-20,2023-12-05T14:13:43.339Z,2023-07-20T15:43:53.136Z,2023-12-05T14:13:43.339Z
4087,3729,NW828238964,WALLET,,MRU,2294100,38000,500000,15000000,ACTIVE,true,2022-05-30,2023-04-08T17:22:36.140Z,2022-05-30T23:29:45.228Z,2023-04-08T17:22:36.140Z
4088,3730,NW020545512,WALLET,,MRU,15250,11000,500000,15000000,ACTIVE,true,2023-08-07,2024-03-08T22:13:56.791Z,2023-08-07T04:05:58.191Z,2024-03-08T22:13:56.791Z
4089,3731,NW395102173,WALLET,,MRU,1562816,1739000,500000,15000000,ACTIVE,true,2022-11-02,2022-11-15T12:19:56.164Z,2022-11-02T15:06:07.324Z,2022-11-15T12:19:56.164Z
4090,3731,NW795349605,WALLET,,MRU,1603000,1603000,500000,15000000,ACTIVE,false,2022-11-02,2024-08-27T04:49:21.580Z,2022-11-02T15:06:07.324Z,2024-08-27T04:49:21.580Z
4091,3731,NS073264479,SAVINGS,,MRU,1992000,1992000,500000,15000000,ACTIVE,false,2022-11-02,2023-11-29T21:00:14.605Z,2022-11-02T15:06:07.324Z,2023-11-29T21:00:14.605Z
4092,3732,NW642692089,WALLET,,MRU,311500,5600,500000,15000000,ACTIVE,true,2024-08-23,2024-11-13T18:24:07.880Z,2024-08-23T20:25:51.063Z,2024-11-13T18:24:07.880Z
4093,3733,NS370096564,SAVINGS,,MRU,1588720,1920000,500000,15000000,ACTIVE,true,2023-03-09,2023-11-23T06:47:25.963Z,2023-03-09T10:10:09.186Z,2023-11-23T06:47:25.963Z
4094,3733,NW522833705,WALLET,,MRU,133750,182000,500000,15000000,ACTIVE,false,2023-03-09,2023-11-30T16:34:46.649Z,2023-03-09T10:10:09.186Z,2023-11-30T16:34:46.649Z
4095,3733,NW125532448,WALLET,,MRU,715000,710000,500000,15000000,ACTIVE,false,2023-03-09,2024-06-21T11:20:38.564Z,2023-03-09T10:10:09.186Z,2024-06-21T11:20:38.564Z
4096,3734,NM677998781,MERCHANT,,MRU,7200,7200,500000,15000000,ACTIVE,true,2024-07-22,2024-11-10T10:20:22.115Z,2024-07-22T08:47:19.024Z,2024-11-10T10:20:22.115Z
4097,3735,NW326017379,WALLET,,MRU,13000,13000,500000,15000000,ACTIVE,true,2023-01-08,2023-08-06T02:55:55.225Z,2023-01-08T23:16:08.816Z,2023-08-06T02:55:55.225Z
4098,3736,NM843036652,MERCHANT,,MRU,5300,5300,500000,15000000,ACTIVE,true,2023-10-13,2024-09-04T15:28:33.899Z,2023-10-13T11:36:05.895Z,2024-09-04T15:28:33.899Z
4099,3737,NW383427024,WALLET,,MRU,7900,7900,500000,15000000,ACTIVE,true,2022-12-27,2023-10-05T21:21:57.343Z,2022-12-27T20:18:41.684Z,2023-10-05T21:21:57.343Z
4100,3738,NM231187582,MERCHANT,,MRU,29000,29000,500000,15000000,ACTIVE,true,2023-07-04,2024-06-27T20:28:09.992Z,2023-07-04T12:19:59.358Z,2024-06-27T20:28:09.992Z
4101,3739,NM783399105,MERCHANT,,MRU,250,800,500000,15000000,ACTIVE,true,2023-01-17,2023-02-13T08:26:11.966Z,2023-01-17T19:52:18.078Z,2023-02-13T08:26:11.966Z
4102,3740,NS376934290,SAVINGS,,MRU,300,12000,500000,15000000,ACTIVE,true,2024-06-01,2024-08-17T21:19:45.403Z,2024-06-01T22:58:19.904Z,2024-08-17T21:19:45.403Z
4103,3741,NW712090134,WALLET,,MRU,454000,454000,500000,15000000,ACTIVE,true,2022-12-28,2023-03-01T18:35:28.650Z,2022-12-28T13:14:06.263Z,2023-03-01T18:35:28.650Z
4104,3741,NW287871837,WALLET,,MRU,302000,302000,500000,15000000,ACTIVE,false,2022-12-28,2023-06-19T05:24:28.424Z,2022-12-28T13:14:06.263Z,2023-06-19T05:24:28.424Z
4105,3742,NW398592829,WALLET,,MRU,9100,9100,500000,15000000,ACTIVE,true,2022-08-16,2023-05-12T23:25:14.261Z,2022-08-16T20:56:37.460Z,2023-05-12T23:25:14.261Z
4106,3743,NM963515997,MERCHANT,,MRU,103400,33000,500000,15000000,ACTIVE,true,2022-06-17,2024-09-12T19:38:17.753Z,2022-06-17T19:22:29.962Z,2024-09-12T19:38:17.753Z
4107,3744,NS815674543,SAVINGS,,MRU,251700,384000,500000,15000000,ACTIVE,true,2023-04-26,2024-05-12T19:35:11.520Z,2023-04-26T19:31:25.156Z,2024-05-12T19:35:11.520Z
4108,3744,NS744838476,SAVINGS,,MRU,1800,46000,500000,15000000,ACTIVE,false,2023-04-26,2024-03-23T09:49:51.275Z,2023-04-26T19:31:25.156Z,2024-03-23T09:49:51.275Z
4109,3744,NS891214967,SAVINGS,,MRU,1595250,394000,500000,15000000,ACTIVE,false,2023-04-26,2023-05-29T04:35:17.248Z,2023-04-26T19:31:25.156Z,2023-05-29T04:35:17.248Z
4110,3745,NM968392849,MERCHANT,,MRU,8100,8100,500000,15000000,CLOSED,true,2022-02-07,2023-12-26T17:34:39.620Z,2022-02-07T04:46:20.222Z,2023-12-26T17:34:39.620Z
4111,3746,NM441605925,MERCHANT,,MRU,115,27000,500000,15000000,ACTIVE,true,2022-02-21,2023-08-09T03:37:15.627Z,2022-02-21T20:37:32.082Z,2023-08-09T03:37:15.627Z
4112,3747,NW310947656,WALLET,,MRU,4648,42000,500000,15000000,ACTIVE,true,2023-01-20,2023-04-11T12:38:00.160Z,2023-01-20T02:20:08.758Z,2023-04-11T12:38:00.160Z
4113,3748,NA936588883,AGENT,,MRU,4000,31000,500000,15000000,ACTIVE,true,2024-05-28,2024-06-05T00:57:42.523Z,2024-05-28T18:44:59.118Z,2024-06-05T00:57:42.523Z
4114,3749,NC118818640,CORPORATE,,MRU,2100,12000,500000,15000000,ACTIVE,true,2024-07-06,2024-07-21T22:08:14.011Z,2024-07-06T17:19:49.105Z,2024-07-21T22:08:14.011Z
4115,3750,NW212891221,WALLET,,MRU,480000,480000,500000,15000000,DORMANT,true,2022-09-22,2023-03-20T18:27:32.743Z,2022-09-22T04:30:52.786Z,2023-03-20T18:27:32.743Z
4116,3750,NS869470954,SAVINGS,,MRU,390000,370000,500000,15000000,ACTIVE,false,2022-09-22,2024-03-30T05:35:42.558Z,2022-09-22T04:30:52.786Z,2024-03-30T05:35:42.558Z
4117,3750,NW453421473,WALLET,,MRU,150000,150000,500000,15000000,ACTIVE,false,2022-09-22,2023-08-12T04:24:52.194Z,2022-09-22T04:30:52.786Z,2023-08-12T04:24:52.194Z
4118,3751,NW231629729,WALLET,,MRU,450,14000,500000,15000000,ACTIVE,true,2023-03-29,2023-10-17T02:01:29.230Z,2023-03-29T03:40:48.360Z,2023-10-17T02:01:29.230Z
4119,3752,NS060261487,SAVINGS,,MRU,816600,8500,500000,15000000,ACTIVE,true,2024-03-22,2024-04-06T01:12:05.198Z,2024-03-22T00:23:46.713Z,2024-04-06T01:12:05.198Z
4120,3753,NW795629501,WALLET,,MRU,325,11000,500000,15000000,ACTIVE,true,2023-10-02,2023-12-18T15:12:35.716Z,2023-10-02T16:49:50.149Z,2023-12-18T15:12:35.716Z
4121,3754,NS253459453,SAVINGS,,MRU,395550,405000,500000,15000000,ACTIVE,true,2022-03-14,2023-02-18T21:20:36.239Z,2022-03-14T08:35:28.034Z,2023-02-18T21:20:36.239Z
4122,3754,NW911430836,WALLET,,MRU,201000,201000,500000,15000000,CLOSED,false,2022-03-14,2022-05-14T06:34:03.847Z,2022-03-14T08:35:28.034Z,2022-05-14T06:34:03.847Z
4123,3755,NS437644839,SAVINGS,,MRU,382,38000,500000,15000000,ACTIVE,true,2023-11-11,2024-12-04T13:18:24.134Z,2023-11-11T09:18:15.656Z,2024-12-04T13:18:24.134Z
4124,3756,NW464829232,WALLET,,MRU,45000,45000,500000,15000000,ACTIVE,true,2024-05-16,2024-10-17T06:00:47.938Z,2024-05-16T10:31:13.675Z,2024-10-17T06:00:47.938Z
4125,3757,NW033081769,WALLET,,MRU,83,27000,500000,15000000,ACTIVE,true,2022-02-27,2024-05-14T13:11:23.540Z,2022-02-27T05:07:42.160Z,2024-05-14T13:11:23.540Z
4126,3758,NM023787140,MERCHANT,,MRU,21000,25000,500000,15000000,ACTIVE,true,2023-03-31,2024-01-06T15:33:54.883Z,2023-03-31T01:32:34.873Z,2024-01-06T15:33:54.883Z
4127,3759,NM277880787,MERCHANT,,MRU,554490,18000,500000,15000000,ACTIVE,true,2022-01-29,2024-09-13T07:05:52.918Z,2022-01-29T01:13:49.853Z,2024-09-13T07:05:52.918Z
4128,3760,NM223354935,MERCHANT,,MRU,686300,1600,500000,15000000,ACTIVE,true,2023-09-13,2024-04-17T22:03:52.825Z,2023-09-13T21:48:59.739Z,2024-04-17T22:03:52.825Z
4129,3761,NW667895198,WALLET,,MRU,35000,35000,500000,15000000,FROZEN,true,2023-09-04,2023-11-16T16:03:36.056Z,2023-09-04T14:49:46.222Z,2023-11-16T16:03:36.056Z
4130,3762,NW131531477,WALLET,,MRU,170,3200,500000,15000000,ACTIVE,true,2023-03-19,2024-03-18T12:43:37.474Z,2023-03-19T10:38:34.530Z,2024-03-18T12:43:37.474Z
4131,3763,NM350281357,MERCHANT,,MRU,5120,48000,500000,15000000,ACTIVE,true,2022-01-06,2024-11-23T23:17:27.224Z,2022-01-06T22:26:35.036Z,2024-11-23T23:17:27.224Z
4132,3764,NC466061234,CORPORATE,,MRU,31203,81000,500000,15000000,ACTIVE,true,2024-09-11,2024-12-22T20:46:45.337Z,2024-09-11T23:38:36.750Z,2024-12-22T20:46:45.337Z
4133,3764,NS268371582,SAVINGS,,MRU,490200,416000,500000,15000000,ACTIVE,false,2024-09-11,2024-12-30T00:37:33.523Z,2024-09-11T23:38:36.750Z,2024-12-30T00:37:33.523Z
4134,3765,NM401563644,MERCHANT,,MRU,100,26000,500000,15000000,ACTIVE,true,2023-11-21,2024-11-01T21:46:33.294Z,2023-11-21T18:41:44.261Z,2024-11-01T21:46:33.294Z
4135,3766,NA411603331,AGENT,,MRU,13825,46000,500000,15000000,ACTIVE,true,2024-10-24,2024-12-29T13:32:02.130Z,2024-10-24T20:58:26.000Z,2024-12-29T13:32:02.130Z
4136,3766,NW725248098,WALLET,,MRU,460000,460000,500000,15000000,DORMANT,false,2024-10-24,2024-12-15T18:50:02.566Z,2024-10-24T20:58:26.000Z,2024-12-15T18:50:02.566Z
4137,3767,NW301090955,WALLET,,MRU,200,15000,500000,15000000,ACTIVE,true,2022-11-24,2024-09-09T13:06:20.433Z,2022-11-24T18:22:02.059Z,2024-09-09T13:06:20.433Z
4138,3768,NW800552130,WALLET,,MRU,2750,43000,500000,15000000,ACTIVE,true,2023-05-17,2023-10-19T03:32:06.957Z,2023-05-17T07:49:39.148Z,2023-10-19T03:32:06.957Z
4139,3769,NW023543119,WALLET,,MRU,250,2500,500000,15000000,ACTIVE,true,2023-03-22,2024-05-02T21:07:53.494Z,2023-03-22T01:49:01.294Z,2024-05-02T21:07:53.494Z
4140,3770,NM453272462,MERCHANT,,MRU,12100,7100,500000,15000000,ACTIVE,true,2022-02-01,2023-07-05T14:16:08.874Z,2022-02-01T04:37:41.148Z,2023-07-05T14:16:08.874Z
4141,3771,NW250241696,WALLET,,MRU,115075,127000,500000,15000000,ACTIVE,true,2024-04-01,2024-06-08T03:17:16.920Z,2024-04-01T08:44:28.416Z,2024-06-08T03:17:16.920Z
4142,3771,NS068077445,SAVINGS,,MRU,9800,60000,500000,15000000,ACTIVE,false,2024-04-01,2024-12-18T12:00:43.965Z,2024-04-01T08:44:28.416Z,2024-12-18T12:00:43.965Z
4143,3771,NS468152165,SAVINGS,,MRU,408466,424000,500000,15000000,ACTIVE,false,2024-04-01,2024-11-18T01:34:01.325Z,2024-04-01T08:44:28.416Z,2024-11-18T01:34:01.325Z
4144,3772,NA133117795,AGENT,,MRU,1688,27000,500000,15000000,ACTIVE,true,2022-07-20,2023-04-23T15:31:09.336Z,2022-07-20T03:51:02.608Z,2023-04-23T15:31:09.336Z
4145,3773,NW410593271,WALLET,,MRU,44200,25000,500000,15000000,ACTIVE,true,2022-12-22,2024-07-13T12:01:14.565Z,2022-12-22T04:17:29.679Z,2024-07-13T12:01:14.565Z
4146,3774,NW170623064,WALLET,,MRU,650,11000,500000,15000000,ACTIVE,true,2022-07-28,2023-11-20T19:47:34.643Z,2022-07-28T23:48:31.389Z,2023-11-20T19:47:34.643Z
4147,3775,NW911456138,WALLET,,MRU,6400,6400,500000,15000000,ACTIVE,true,2024-10-12,2024-10-31T12:50:56.408Z,2024-10-12T11:21:15.876Z,2024-10-31T12:50:56.408Z
4148,3776,NW017382383,WALLET,,MRU,2000,2000,500000,15000000,ACTIVE,true,2024-02-26,2024-07-23T16:42:29.697Z,2024-02-26T13:09:53.423Z,2024-07-23T16:42:29.697Z
4149,3777,NC392096042,CORPORATE,,MRU,17000,17000,500000,15000000,ACTIVE,true,2024-09-23,2024-12-20T03:14:34.834Z,2024-09-23T04:27:24.262Z,2024-12-20T03:14:34.834Z
4150,3778,NW366999149,WALLET,,MRU,0,39000,500000,15000000,ACTIVE,true,2024-10-02,2024-11-27T02:01:51.897Z,2024-10-02T09:13:41.306Z,2024-11-27T02:01:51.897Z
4151,3779,NC428147316,CORPORATE,,MRU,361000,36000,500000,15000000,ACTIVE,true,2023-11-30,2024-06-24T13:58:28.065Z,2023-11-30T12:16:41.383Z,2024-06-24T13:58:28.065Z
4152,3780,NW719447166,WALLET,,MRU,55000,10000,500000,15000000,ACTIVE,true,2023-01-09,2024-12-15T07:45:06.330Z,2023-01-09T21:41:29.373Z,2024-12-15T07:45:06.330Z
4153,3781,NW584600717,WALLET,,MRU,38000,38000,500000,15000000,ACTIVE,true,2023-07-31,2024-05-22T22:07:33.383Z,2023-07-31T09:17:12.607Z,2024-05-22T22:07:33.383Z
4154,3782,NW642079025,WALLET,,MRU,19000,19000,500000,15000000,ACTIVE,true,2022-07-12,2023-09-21T14:52:06.379Z,2022-07-12T04:56:57.109Z,2023-09-21T14:52:06.379Z
4155,3783,NS164874911,SAVINGS,,MRU,306,41000,500000,15000000,ACTIVE,true,2023-01-14,2024-07-13T00:01:48.043Z,2023-01-14T00:20:46.853Z,2024-07-13T00:01:48.043Z
4156,3784,NW680730849,WALLET,,MRU,350000,350000,500000,15000000,ACTIVE,true,2024-03-27,2024-08-01T20:20:44.237Z,2024-03-27T20:41:36.215Z,2024-08-01T20:20:44.237Z
4157,3784,NW424162239,WALLET,,MRU,424000,424000,500000,15000000,FROZEN,false,2024-03-27,2024-09-03T04:18:59.935Z,2024-03-27T20:41:36.215Z,2024-09-03T04:18:59.935Z
4158,3784,NS237855315,SAVINGS,,MRU,497185,746000,500000,15000000,ACTIVE,false,2024-03-27,2024-04-15T04:56:14.159Z,2024-03-27T20:41:36.215Z,2024-04-15T04:56:14.159Z
4159,3785,NW077339351,WALLET,,MRU,327,15000,500000,15000000,ACTIVE,true,2023-08-03,2024-07-28T01:41:01.249Z,2023-08-03T11:16:06.178Z,2024-07-28T01:41:01.249Z
4160,3786,NA810241341,AGENT,,MRU,2100,12000,500000,15000000,ACTIVE,true,2022-08-10,2023-06-21T07:07:17.085Z,2022-08-10T12:55:13.833Z,2023-06-21T07:07:17.085Z
4161,3787,NS948325276,SAVINGS,,MRU,43000,43000,500000,15000000,ACTIVE,true,2022-10-09,2024-03-22T03:04:13.074Z,2022-10-09T19:34:59.608Z,2024-03-22T03:04:13.074Z
4162,3788,NW003281265,WALLET,,MRU,200,750,500000,15000000,ACTIVE,true,2023-11-13,2024-11-03T16:53:52.072Z,2023-11-13T09:45:01.005Z,2024-11-03T16:53:52.072Z
4163,3789,NW887700796,WALLET,,MRU,26000,26000,500000,15000000,ACTIVE,true,2024-11-25,2024-12-02T17:52:02.544Z,2024-11-25T15:34:55.904Z,2024-12-02T17:52:02.544Z
4164,3790,NS926147580,SAVINGS,,MRU,25000,16000,500000,15000000,ACTIVE,true,2023-02-18,2024-03-20T09:25:52.861Z,2023-02-18T05:17:48.897Z,2024-03-20T09:25:52.861Z
4165,3791,NW433644920,WALLET,,MRU,3300,15000,500000,15000000,ACTIVE,true,2022-06-03,2022-11-06T02:35:47.969Z,2022-06-03T08:21:22.758Z,2022-11-06T02:35:47.969Z
4166,3792,NW614793658,WALLET,,MRU,27000,27000,500000,15000000,ACTIVE,true,2022-01-13,2022-03-15T20:37:34.639Z,2022-01-13T21:13:09.950Z,2022-03-15T20:37:34.639Z
4167,3793,NM062259435,MERCHANT,,MRU,5600,5600,500000,15000000,ACTIVE,true,2022-07-02,2024-05-25T09:14:19.322Z,2022-07-02T14:58:53.049Z,2024-05-25T09:14:19.322Z
4168,3794,NW793859154,WALLET,,MRU,11000,11000,500000,15000000,ACTIVE,true,2024-04-15,2024-10-28T06:58:06.075Z,2024-04-15T03:49:14.847Z,2024-10-28T06:58:06.075Z
4169,3795,NS599562049,SAVINGS,,MRU,20000,20000,500000,15000000,ACTIVE,true,2022-07-08,2024-09-21T03:51:04.724Z,2022-07-08T07:29:49.821Z,2024-09-21T03:51:04.724Z
4170,3796,NW548377990,WALLET,,MRU,1550,10000,500000,15000000,ACTIVE,true,2024-02-04,2024-06-26T15:12:31.483Z,2024-02-04T07:09:44.402Z,2024-06-26T15:12:31.483Z
4171,3797,NW358175661,WALLET,,MRU,473000,473000,500000,15000000,ACTIVE,true,2022-11-30,2023-07-09T18:45:25.668Z,2022-11-30T03:51:55.770Z,2023-07-09T18:45:25.668Z
4172,3797,NW290153384,WALLET,,MRU,423632,295000,500000,15000000,ACTIVE,false,2022-11-30,2024-10-03T21:25:32.581Z,2022-11-30T03:51:55.770Z,2024-10-03T21:25:32.581Z
4173,3797,NS977354407,SAVINGS,,MRU,351400,166000,500000,15000000,ACTIVE,false,2022-11-30,2024-08-13T22:45:10.933Z,2022-11-30T03:51:55.770Z,2024-08-13T22:45:10.933Z
4174,3798,NS770873427,SAVINGS,,MRU,49650,18000,500000,15000000,ACTIVE,true,2024-04-03,2024-08-08T23:22:08.062Z,2024-04-03T06:16:16.625Z,2024-08-08T23:22:08.062Z
4175,3799,NW329859018,WALLET,,MRU,23000,3000,500000,15000000,ACTIVE,true,2024-10-23,2024-12-02T06:54:25.787Z,2024-10-23T21:04:55.637Z,2024-12-02T06:54:25.787Z
4176,3800,NW582350880,WALLET,,MRU,34000,34000,500000,15000000,FROZEN,true,2024-04-08,2024-06-06T07:58:56.016Z,2024-04-08T15:21:46.643Z,2024-06-06T07:58:56.016Z
4177,3801,NW227849423,WALLET,,MRU,59900,48000,500000,15000000,ACTIVE,true,2022-06-09,2022-12-17T22:05:44.921Z,2022-06-09T22:02:34.817Z,2022-12-17T22:05:44.921Z
4178,3802,NM408457994,MERCHANT,,MRU,650,11000,500000,15000000,ACTIVE,true,2023-03-22,2023-12-26T02:20:10.599Z,2023-03-22T11:40:02.625Z,2023-12-26T02:20:10.599Z
4179,3803,NW916122913,WALLET,,MRU,246200,428000,500000,15000000,ACTIVE,true,2022-03-13,2022-07-10T19:11:59.583Z,2022-03-13T14:43:51.286Z,2022-07-10T19:11:59.583Z
4180,3803,NS636232614,SAVINGS,,MRU,583650,397000,500000,15000000,ACTIVE,false,2022-03-13,2024-02-08T02:29:05.084Z,2022-03-13T14:43:51.286Z,2024-02-08T02:29:05.084Z
4181,3804,NW418998003,WALLET,,MRU,17000,17000,500000,15000000,DORMANT,true,2024-05-09,2024-08-01T08:39:32.338Z,2024-05-09T10:51:49.247Z,2024-08-01T08:39:32.338Z
4182,3805,NM350976228,MERCHANT,,MRU,11450,38000,500000,15000000,ACTIVE,true,2022-11-01,2024-05-03T00:35:32.316Z,2022-11-01T22:00:05.529Z,2024-05-03T00:35:32.316Z
4183,3806,NW222187280,WALLET,,MRU,10075,6700,500000,15000000,ACTIVE,true,2024-06-01,2024-10-11T06:26:42.583Z,2024-06-01T15:45:16.450Z,2024-10-11T06:26:42.583Z
4184,3807,NW801013946,WALLET,,MRU,19850,7700,500000,15000000,ACTIVE,true,2023-11-21,2024-09-30T08:52:52.678Z,2023-11-21T21:15:18.512Z,2024-09-30T08:52:52.678Z
4185,3808,NW759813219,WALLET,,MRU,3063,22000,500000,15000000,ACTIVE,true,2023-02-21,2024-07-02T19:12:14.037Z,2023-02-21T15:43:39.645Z,2024-07-02T19:12:14.037Z
4186,3809,NA823449850,AGENT,,MRU,4700,4700,500000,15000000,ACTIVE,true,2024-11-04,2024-11-29T01:22:25.814Z,2024-11-04T01:17:07.081Z,2024-11-29T01:22:25.814Z
4187,3810,NW659249961,WALLET,,MRU,36000,36000,500000,15000000,ACTIVE,true,2022-08-31,2023-07-09T18:47:12.336Z,2022-08-31T15:01:22.448Z,2023-07-09T18:47:12.336Z
4188,3811,NW944013596,WALLET,,MRU,67900,1900,500000,15000000,ACTIVE,true,2023-01-05,2024-11-29T05:21:44.528Z,2023-01-05T20:06:57.217Z,2024-11-29T05:21:44.528Z
4189,3812,NS512778520,SAVINGS,,MRU,152,20000,500000,15000000,ACTIVE,true,2023-09-18,2024-09-27T20:00:29.740Z,2023-09-18T22:15:50.867Z,2024-09-27T20:00:29.740Z
4190,3813,NW694938898,WALLET,,MRU,96300,7200,500000,15000000,ACTIVE,true,2024-12-26,2024-12-29T02:27:14.498Z,2024-12-26T06:51:46.484Z,2024-12-29T02:27:14.498Z
4191,3814,NW381187439,WALLET,,MRU,634525,16000,500000,15000000,ACTIVE,true,2022-10-22,2023-12-06T17:34:19.455Z,2022-10-22T15:32:33.274Z,2023-12-06T17:34:19.455Z
4192,3815,NW655937552,WALLET,,MRU,1054900,14000,500000,15000000,ACTIVE,true,2024-08-02,2024-10-10T12:03:22.730Z,2024-08-02T15:21:42.038Z,2024-10-10T12:03:22.730Z
4193,3816,NS455227732,SAVINGS,,MRU,21000,21000,500000,15000000,FROZEN,true,2023-07-03,2024-04-14T19:46:11.874Z,2023-07-03T22:18:04.513Z,2024-04-14T19:46:11.874Z
4194,3817,NW009780287,WALLET,,MRU,8900,8400,500000,15000000,ACTIVE,true,2024-07-23,2024-11-03T11:38:57.065Z,2024-07-23T12:07:43.461Z,2024-11-03T11:38:57.065Z
4195,3818,NW796021342,WALLET,,MRU,8000,8000,500000,15000000,ACTIVE,true,2022-04-13,2022-09-30T22:34:15.571Z,2022-04-13T03:09:45.092Z,2022-09-30T22:34:15.571Z
4196,3819,NW760904372,WALLET,,MRU,13000,13000,500000,15000000,ACTIVE,true,2024-06-06,2024-11-06T02:27:44.186Z,2024-06-06T05:08:32.880Z,2024-11-06T02:27:44.186Z
4197,3820,NS489705205,SAVINGS,,MRU,81000,41000,500000,15000000,ACTIVE,true,2024-10-30,2024-11-26T08:56:51.729Z,2024-10-30T13:58:47.803Z,2024-11-26T08:56:51.729Z
4198,3821,NW545296669,WALLET,,MRU,26000,26000,500000,15000000,ACTIVE,true,2024-01-30,2024-06-09T13:11:27.807Z,2024-01-30T15:20:24.848Z,2024-06-09T13:11:27.807Z
4199,3822,NM662432670,MERCHANT,,MRU,27700,2500,500000,15000000,ACTIVE,true,2023-04-03,2023-09-02T19:25:15.705Z,2023-04-03T21:12:56.171Z,2023-09-02T19:25:15.705Z
4200,3823,NM688411474,MERCHANT,,MRU,863,28000,500000,15000000,ACTIVE,true,2023-12-18,2024-08-04T16:29:22.590Z,2023-12-18T18:55:00.623Z,2024-08-04T16:29:22.590Z
4201,3824,NC574078679,CORPORATE,,MRU,9900,26000,500000,15000000,ACTIVE,true,2024-12-19,2024-12-30T05:45:37.831Z,2024-12-19T10:07:19.198Z,2024-12-30T05:45:37.831Z
4202,3824,NS501680255,SAVINGS,,MRU,117500,149000,500000,15000000,ACTIVE,false,2024-12-19,2024-12-27T01:47:04.873Z,2024-12-19T10:07:19.198Z,2024-12-27T01:47:04.873Z
4203,3825,NW368774771,WALLET,,MRU,23000,23000,500000,15000000,ACTIVE,true,2022-02-27,2023-04-30T05:27:43.989Z,2022-02-27T16:05:10.318Z,2023-04-30T05:27:43.989Z
4204,3826,NW453923106,WALLET,,MRU,17000,17000,500000,15000000,ACTIVE,true,2022-10-20,2024-12-29T16:11:31.187Z,2022-10-20T10:49:58.359Z,2024-12-29T16:11:31.187Z
4205,3827,NC932591438,CORPORATE,,MRU,20000,20000,500000,15000000,ACTIVE,true,2022-05-04,2024-11-25T10:10:34.828Z,2022-05-04T20:48:43.653Z,2024-11-25T10:10:34.828Z
4206,3828,NS654601097,SAVINGS,,MRU,53000,48000,500000,15000000,ACTIVE,true,2023-06-07,2024-04-11T14:05:56.630Z,2023-06-07T00:01:54.440Z,2024-04-11T14:05:56.630Z
4207,3829,NW332217604,WALLET,,MRU,10000,10000,500000,15000000,ACTIVE,true,2023-08-26,2024-08-22T14:46:30.327Z,2023-08-26T21:34:02.291Z,2024-08-22T14:46:30.327Z
4208,3830,NW821751743,WALLET,,MRU,69000,36000,500000,15000000,ACTIVE,true,2023-03-23,2023-10-11T21:53:13.267Z,2023-03-23T22:11:58.880Z,2023-10-11T21:53:13.267Z
4209,3831,NA955703735,AGENT,,MRU,14428,19000,500000,15000000,ACTIVE,true,2023-04-08,2024-01-07T05:21:50.098Z,2023-04-08T10:22:34.627Z,2024-01-07T05:21:50.098Z
4210,3832,NW813274383,WALLET,,MRU,40000,40000,500000,15000000,ACTIVE,true,2022-03-31,2023-10-19T01:58:19.985Z,2022-03-31T23:50:40.267Z,2023-10-19T01:58:19.985Z
4211,3833,NC161842346,CORPORATE,,MRU,8250,36000,500000,15000000,ACTIVE,true,2024-09-22,2024-12-02T09:12:57.570Z,2024-09-22T04:59:36.539Z,2024-12-02T09:12:57.570Z
4212,3834,NC146248817,CORPORATE,,MRU,9000,9000,500000,15000000,ACTIVE,true,2022-12-26,2023-06-04T19:53:10.226Z,2022-12-26T12:30:48.436Z,2023-06-04T19:53:10.226Z
4213,3835,NW724938690,WALLET,,MRU,20580,49000,500000,15000000,ACTIVE,true,2024-12-02,2024-12-17T15:01:03.766Z,2024-12-02T23:03:16.502Z,2024-12-17T15:01:03.766Z
4214,3836,NW901494052,WALLET,,MRU,17000,17000,500000,15000000,DORMANT,true,2024-06-28,2024-11-08T11:18:50.375Z,2024-06-28T11:30:52.723Z,2024-11-08T11:18:50.375Z
4215,3837,NW041217803,WALLET,,MRU,3000,3000,500000,15000000,ACTIVE,true,2022-01-11,2024-08-18T11:34:02.493Z,2022-01-11T14:19:00.328Z,2024-08-18T11:34:02.493Z
4216,3838,NW572993189,WALLET,,MRU,49650,15000,500000,15000000,ACTIVE,true,2022-10-02,2024-11-25T08:11:00.870Z,2022-10-02T12:00:38.109Z,2024-11-25T08:11:00.870Z
4217,3839,NW523131162,WALLET,,MRU,96500,20000,500000,15000000,ACTIVE,true,2022-02-20,2023-05-31T18:27:07.580Z,2022-02-20T18:18:46.880Z,2023-05-31T18:27:07.580Z
4218,3840,NW146513015,WALLET,,MRU,25000,42000,500000,15000000,ACTIVE,true,2023-08-07,2024-12-05T06:32:42.565Z,2023-08-07T18:20:34.311Z,2024-12-05T06:32:42.565Z
4219,3841,NW587121725,WALLET,,MRU,2271,21000,500000,15000000,ACTIVE,true,2023-09-28,2024-09-19T06:56:00.717Z,2023-09-28T17:13:43.581Z,2024-09-19T06:56:00.717Z
4220,3842,NS040321111,SAVINGS,,MRU,250,29000,500000,15000000,ACTIVE,true,2023-02-05,2023-06-17T18:39:33.513Z,2023-02-05T05:04:45.403Z,2023-06-17T18:39:33.513Z
4221,3843,NA225750923,AGENT,,MRU,12000,12000,500000,15000000,ACTIVE,true,2023-12-01,2024-01-24T04:07:37.315Z,2023-12-01T17:41:31.957Z,2024-01-24T04:07:37.315Z
4222,3844,NS207379579,SAVINGS,,MRU,46000,46000,500000,15000000,ACTIVE,true,2022-09-07,2024-01-16T15:59:43.808Z,2022-09-07T00:05:21.700Z,2024-01-16T15:59:43.808Z
4223,3845,NW682094633,WALLET,,MRU,460500,522000,500000,15000000,ACTIVE,true,2023-06-06,2023-10-30T01:51:15.326Z,2023-06-06T11:59:46.597Z,2023-10-30T01:51:15.326Z
4224,3845,NW688488602,WALLET,,MRU,906400,945000,500000,15000000,ACTIVE,false,2023-06-06,2024-11-30T03:24:41.275Z,2023-06-06T11:59:46.597Z,2024-11-30T03:24:41.275Z
4225,3846,NM225796818,MERCHANT,,MRU,13000,13000,500000,15000000,ACTIVE,true,2023-08-11,2024-01-25T16:38:55.541Z,2023-08-11T21:32:37.009Z,2024-01-25T16:38:55.541Z
4226,3847,NW426621914,WALLET,,MRU,24120,25000,500000,15000000,ACTIVE,true,2023-07-21,2024-08-14T10:41:58.980Z,2023-07-21T10:38:39.343Z,2024-08-14T10:41:58.980Z
4227,3848,NS541436672,SAVINGS,,MRU,650,650,500000,15000000,CLOSED,true,2022-01-15,2024-06-23T22:02:16.227Z,2022-01-15T20:32:35.254Z,2024-06-23T22:02:16.227Z
4228,3849,NS527596712,SAVINGS,,MRU,475,20000,500000,15000000,ACTIVE,true,2023-06-02,2023-07-02T23:32:01.067Z,2023-06-02T13:39:27.592Z,2023-07-02T23:32:01.067Z
4229,3850,NM778444886,MERCHANT,,MRU,500,5000,500000,15000000,ACTIVE,true,2023-10-03,2024-09-05T01:09:04.655Z,2023-10-03T02:53:55.664Z,2024-09-05T01:09:04.655Z
4230,3851,NW554243088,WALLET,,MRU,112000,40000,500000,15000000,ACTIVE,true,2022-12-12,2024-04-09T04:58:01.931Z,2022-12-12T10:34:22.851Z,2024-04-09T04:58:01.931Z
4231,3852,NS421054840,SAVINGS,,MRU,10450,15000,500000,15000000,ACTIVE,true,2023-05-07,2023-07-10T05:07:52.398Z,2023-05-07T09:12:24.831Z,2023-07-10T05:07:52.398Z
4232,3853,NW671480596,WALLET,,MRU,44600,39000,500000,15000000,ACTIVE,true,2022-07-01,2023-12-08T23:49:54.201Z,2022-07-01T08:09:38.585Z,2023-12-08T23:49:54.201Z
4233,3854,NW172015905,WALLET,,MRU,42000,42000,500000,15000000,DORMANT,true,2022-07-28,2024-12-17T08:05:57.433Z,2022-07-28T10:38:26.495Z,2024-12-17T08:05:57.433Z
4234,3855,NW970985413,WALLET,,MRU,0,23000,500000,15000000,ACTIVE,true,2022-10-04,2023-02-24T18:31:18.033Z,2022-10-04T04:09:16.355Z,2023-02-24T18:31:18.033Z
4235,3856,NS749184966,SAVINGS,,MRU,67400,41000,500000,15000000,ACTIVE,true,2023-10-08,2024-12-12T22:08:05.156Z,2023-10-08T10:29:54.814Z,2024-12-12T22:08:05.156Z
4236,3857,NW942148089,WALLET,,MRU,26000,26000,500000,15000000,ACTIVE,true,2023-10-03,2024-08-26T12:46:42.822Z,2023-10-03T19:04:58.599Z,2024-08-26T12:46:42.822Z
4237,3858,NW440437674,WALLET,,MRU,12000,12000,500000,15000000,ACTIVE,true,2022-05-08,2024-08-31T11:00:18.221Z,2022-05-08T11:12:41.000Z,2024-08-31T11:00:18.221Z
4238,3859,NW646252394,WALLET,,MRU,636500,8900,500000,15000000,ACTIVE,true,2024-03-19,2024-10-22T12:04:59.913Z,2024-03-19T14:36:10.176Z,2024-10-22T12:04:59.913Z
4239,3860,NW801292091,WALLET,,MRU,14000,14000,500000,15000000,ACTIVE,true,2023-11-27,2024-05-28T10:56:15.638Z,2023-11-27T18:27:38.678Z,2024-05-28T10:56:15.638Z
4240,3861,NM267078876,MERCHANT,,MRU,158000,158000,500000,15000000,ACTIVE,true,2024-01-02,2024-10-23T06:28:22.443Z,2024-01-02T19:00:56.581Z,2024-10-23T06:28:22.443Z
4241,3861,NS299545765,SAVINGS,,MRU,103000,103000,500000,15000000,ACTIVE,false,2024-01-02,2024-11-21T09:50:17.118Z,2024-01-02T19:00:56.581Z,2024-11-21T09:50:17.118Z
4242,3862,NM797512293,MERCHANT,,MRU,122946,13000,500000,15000000,ACTIVE,true,2023-07-22,2023-08-25T20:55:42.818Z,2023-07-22T06:39:12.902Z,2023-08-25T20:55:42.818Z
4243,3863,NW476406693,WALLET,,MRU,4100,4100,500000,15000000,ACTIVE,true,2023-08-18,2024-06-09T19:20:00.043Z,2023-08-18T07:54:42.333Z,2024-06-09T19:20:00.043Z
4244,3864,NW945207834,WALLET,,MRU,1175,14000,500000,15000000,ACTIVE,true,2023-06-15,2024-12-10T22:57:36.595Z,2023-06-15T23:30:37.045Z,2024-12-10T22:57:36.595Z
4245,3865,NW297736433,WALLET,,MRU,135400,49000,500000,15000000,ACTIVE,true,2022-01-25,2023-07-02T09:39:50.156Z,2022-01-25T10:59:02.315Z,2023-07-02T09:39:50.156Z
4246,3866,NM073769331,MERCHANT,,MRU,24000,44000,500000,15000000,ACTIVE,true,2023-03-08,2024-09-24T15:07:02.139Z,2023-03-08T03:27:26.637Z,2024-09-24T15:07:02.139Z
4247,3867,NW883369565,WALLET,,MRU,18000,18000,500000,15000000,DORMANT,true,2022-11-20,2023-12-25T06:33:12.699Z,2022-11-20T20:35:47.219Z,2023-12-25T06:33:12.699Z
4248,3868,NS839810967,SAVINGS,,MRU,11000,11000,500000,15000000,ACTIVE,true,2022-08-27,2023-02-27T08:01:23.875Z,2022-08-27T17:47:44.367Z,2023-02-27T08:01:23.875Z
4249,3869,NS859317541,SAVINGS,,MRU,15000,15000,500000,15000000,FROZEN,true,2022-03-26,2023-05-13T13:03:05.058Z,2022-03-26T00:03:04.347Z,2023-05-13T13:03:05.058Z
4250,3870,NS662294175,SAVINGS,,MRU,31000,31000,500000,15000000,ACTIVE,true,2024-07-17,2024-11-30T20:12:49.124Z,2024-07-17T00:39:00.032Z,2024-11-30T20:12:49.124Z
4251,3871,NW814771443,WALLET,,MRU,6100,6100,500000,15000000,ACTIVE,true,2024-06-09,2024-08-24T13:34:56.395Z,2024-06-09T23:27:10.649Z,2024-08-24T13:34:56.395Z
4252,3872,NW221243918,WALLET,,MRU,100,16000,500000,15000000,ACTIVE,true,2023-04-08,2024-08-22T22:00:37.401Z,2023-04-08T22:49:48.411Z,2024-08-22T22:00:37.401Z
4253,3873,NW717082023,WALLET,,MRU,14000,14000,500000,15000000,CLOSED,true,2024-06-19,2024-11-20T21:51:44.978Z,2024-06-19T08:13:33.065Z,2024-11-20T21:51:44.978Z
4254,3874,NW613995552,WALLET,,MRU,12000,12000,500000,15000000,ACTIVE,true,2024-11-25,2024-12-06T04:25:10.531Z,2024-11-25T10:42:49.655Z,2024-12-06T04:25:10.531Z
4255,3875,NW288873076,WALLET,,MRU,5986000,8000,500000,15000000,ACTIVE,true,2024-05-19,2024-11-05T03:55:54.082Z,2024-05-19T04:57:29.454Z,2024-11-05T03:55:54.082Z
4256,3876,NS954251051,SAVINGS,,MRU,2900,2900,500000,15000000,ACTIVE,true,2022-11-28,2024-09-18T12:49:36.170Z,2022-11-28T14:08:46.814Z,2024-09-18T12:49:36.170Z
4257,3877,NC788596630,CORPORATE,,MRU,5984,37000,500000,15000000,ACTIVE,true,2022-12-26,2023-06-27T16:36:53.539Z,2022-12-26T03:38:17.430Z,2023-06-27T16:36:53.539Z
4258,3878,NW914863110,WALLET,,MRU,46000,46000,500000,15000000,ACTIVE,true,2022-01-01,2022-03-04T20:49:28.960Z,2022-01-01T17:30:22.316Z,2022-03-04T20:49:28.960Z
4259,3879,NA848185420,AGENT,,MRU,566684,8000,500000,15000000,ACTIVE,true,2024-12-01,2024-12-10T05:48:59.303Z,2024-12-01T16:52:45.337Z,2024-12-10T05:48:59.303Z
4260,3880,NW851292997,WALLET,,MRU,49000,49000,500000,15000000,ACTIVE,true,2024-01-29,2024-06-03T06:44:16.000Z,2024-01-29T19:07:04.374Z,2024-06-03T06:44:16.000Z
4261,3881,NC777739763,CORPORATE,,MRU,2800,2800,500000,15000000,ACTIVE,true,2022-05-15,2023-03-10T20:05:34.763Z,2022-05-15T02:47:04.974Z,2023-03-10T20:05:34.763Z
4262,3882,NW553466946,WALLET,,MRU,3200,3200,500000,15000000,ACTIVE,true,2022-03-08,2024-02-04T20:56:12.506Z,2022-03-08T22:39:18.201Z,2024-02-04T20:56:12.506Z
4263,3883,NA682707667,AGENT,,MRU,36000,36000,500000,15000000,ACTIVE,true,2022-06-03,2023-08-26T07:12:31.690Z,2022-06-03T10:50:01.309Z,2023-08-26T07:12:31.690Z
4264,3884,NM921212554,MERCHANT,,MRU,36000,45000,500000,15000000,ACTIVE,true,2024-04-29,2024-07-19T00:26:14.433Z,2024-04-29T13:07:12.813Z,2024-07-19T00:26:14.433Z
4265,3885,NW176326990,WALLET,,MRU,16000,16000,500000,15000000,ACTIVE,true,2023-06-23,2024-06-22T04:15:44.200Z,2023-06-23T22:35:02.842Z,2024-06-22T04:15:44.200Z
4266,3886,NM776394009,MERCHANT,,MRU,11000,11000,500000,15000000,ACTIVE,true,2024-07-18,2024-12-12T02:27:12.254Z,2024-07-18T10:53:41.517Z,2024-12-12T02:27:12.254Z
4267,3887,NW225686580,WALLET,,MRU,22000,46000,500000,15000000,ACTIVE,true,2022-12-29,2024-03-04T21:31:01.381Z,2022-12-29T01:53:18.721Z,2024-03-04T21:31:01.381Z
4268,3888,NW462607622,WALLET,,MRU,803800,3800,500000,15000000,ACTIVE,true,2023-03-12,2023-05-13T04:45:50.161Z,2023-03-12T16:07:20.634Z,2023-05-13T04:45:50.161Z
4269,3889,NW089415490,WALLET,,MRU,354,50000,500000,15000000,ACTIVE,true,2024-07-17,2024-11-30T15:44:29.490Z,2024-07-17T03:41:53.674Z,2024-11-30T15:44:29.490Z
4270,3890,NM326500415,MERCHANT,,MRU,192,13000,500000,15000000,ACTIVE,true,2022-07-11,2024-02-24T02:41:26.412Z,2022-07-11T11:45:33.886Z,2024-02-24T02:41:26.412Z
4271,3891,NW432072162,WALLET,,MRU,6200,6200,500000,15000000,ACTIVE,true,2024-11-09,2024-12-03T19:50:03.198Z,2024-11-09T14:10:23.753Z,2024-12-03T19:50:03.198Z
4272,3892,NW520386249,WALLET,,MRU,4200,4200,500000,15000000,ACTIVE,true,2024-02-05,2024-07-23T17:29:29.247Z,2024-02-05T18:47:13.913Z,2024-07-23T17:29:29.247Z
4273,3893,NC694814443,CORPORATE,,MRU,45000,45000,500000,15000000,DORMANT,true,2023-03-07,2023-04-12T08:12:42.380Z,2023-03-07T12:34:37.880Z,2023-04-12T08:12:42.380Z
4274,3894,NW818301797,WALLET,,MRU,36000,36000,500000,15000000,FROZEN,true,2023-05-13,2023-05-15T13:33:49.887Z,2023-05-13T20:05:36.689Z,2023-05-15T13:33:49.887Z
4275,3895,NW550592363,WALLET,,MRU,6500,6500,500000,15000000,ACTIVE,true,2023-01-10,2023-02-27T11:34:16.183Z,2023-01-10T09:22:56.619Z,2023-02-27T11:34:16.183Z
4276,3896,NW505151391,WALLET,,MRU,2871200,47000,500000,15000000,ACTIVE,true,2023-06-10,2024-08-28T23:20:29.988Z,2023-06-10T09:45:07.866Z,2024-08-28T23:20:29.988Z
4277,3897,NS472865581,SAVINGS,,MRU,2950,35000,500000,15000000,ACTIVE,true,2022-09-24,2024-05-25T21:33:52.108Z,2022-09-24T13:57:28.989Z,2024-05-25T21:33:52.108Z
4278,3898,NW278577715,WALLET,,MRU,350,9300,500000,15000000,ACTIVE,true,2022-10-17,2023-11-05T19:02:28.491Z,2022-10-17T18:33:13.226Z,2023-11-05T19:02:28.491Z
4279,3899,NW969419956,WALLET,,MRU,837151,789000,500000,15000000,ACTIVE,true,2023-10-27,2024-03-18T00:39:33.391Z,2023-10-27T13:19:33.288Z,2024-03-18T00:39:33.391Z
4280,3899,NW318132907,WALLET,,MRU,1185000,1185000,500000,15000000,DORMANT,false,2023-10-27,2023-11-09T19:06:01.533Z,2023-10-27T13:19:33.288Z,2023-11-09T19:06:01.533Z
4281,3900,NW988138135,WALLET,,MRU,525,12000,500000,15000000,ACTIVE,true,2023-01-14,2023-11-10T04:32:38.204Z,2023-01-14T08:59:48.652Z,2023-11-10T04:32:38.204Z
4282,3901,NW319072842,WALLET,,MRU,385000,385000,500000,15000000,ACTIVE,true,2024-01-19,2024-02-03T20:52:36.576Z,2024-01-19T07:13:07.298Z,2024-02-03T20:52:36.576Z
4283,3901,NS365836501,SAVINGS,,MRU,330000,110000,500000,15000000,ACTIVE,false,2024-01-19,2024-02-02T13:17:48.304Z,2024-01-19T07:13:07.298Z,2024-02-02T13:17:48.304Z
4284,3902,NM004467248,MERCHANT,,MRU,31,38000,500000,15000000,ACTIVE,true,2022-05-17,2023-11-05T03:26:06.840Z,2022-05-17T06:20:21.071Z,2023-11-05T03:26:06.840Z
4285,3903,NW096681833,WALLET,,MRU,39000,39000,500000,15000000,FROZEN,true,2023-07-06,2024-12-04T23:47:10.155Z,2023-07-06T10:54:42.929Z,2024-12-04T23:47:10.155Z
4286,3904,NW273508221,WALLET,,MRU,71800,41000,500000,15000000,ACTIVE,true,2024-11-06,2024-11-21T10:28:13.606Z,2024-11-06T05:09:33.549Z,2024-11-21T10:28:13.606Z
4287,3905,NW197929382,WALLET,,MRU,0,4100,500000,15000000,ACTIVE,true,2022-06-25,2022-08-02T18:41:20.785Z,2022-06-25T06:25:33.029Z,2022-08-02T18:41:20.785Z
4288,3906,NM567916393,MERCHANT,,MRU,450,9400,500000,15000000,ACTIVE,true,2022-09-30,2024-10-16T06:00:19.222Z,2022-09-30T19:43:26.707Z,2024-10-16T06:00:19.222Z
4289,3907,NW375243693,WALLET,,MRU,15000,15000,500000,15000000,ACTIVE,true,2024-12-12,2024-12-12T05:12:32.652Z,2024-12-12T01:07:37.417Z,2024-12-12T05:12:32.652Z
4290,3908,NW857175708,WALLET,,MRU,95,7800,500000,15000000,ACTIVE,true,2023-01-18,2024-11-09T17:45:48.242Z,2023-01-18T02:11:59.946Z,2024-11-09T17:45:48.242Z
4291,3909,NC084715366,CORPORATE,,MRU,61,39000,500000,15000000,ACTIVE,true,2022-12-29,2024-02-18T02:01:19.950Z,2022-12-29T17:06:16.708Z,2024-02-18T02:01:19.950Z
4292,3910,NW461532473,WALLET,,MRU,450,450,500000,15000000,ACTIVE,true,2022-12-20,2024-01-22T08:41:13.648Z,2022-12-20T03:48:26.172Z,2024-01-22T08:41:13.648Z
4293,3911,NW498313307,WALLET,,MRU,17000,17000,500000,15000000,FROZEN,true,2024-02-29,2024-12-23T14:48:47.254Z,2024-02-29T08:13:56.111Z,2024-12-23T14:48:47.254Z
4294,3912,NA996839046,AGENT,,MRU,5600,5600,500000,15000000,ACTIVE,true,2022-01-07,2022-05-04T10:40:53.886Z,2022-01-07T15:24:40.329Z,2022-05-04T10:40:53.886Z
4295,3913,NS521770715,SAVINGS,,MRU,24000,24000,500000,15000000,ACTIVE,true,2023-01-21,2023-05-10T02:32:01.740Z,2023-01-21T13:02:39.409Z,2023-05-10T02:32:01.740Z
4296,3914,NW617248386,WALLET,,MRU,44000,44000,500000,15000000,ACTIVE,true,2022-03-29,2024-12-08T09:21:02.043Z,2022-03-29T11:23:03.202Z,2024-12-08T09:21:02.043Z
4297,3915,NW120724678,WALLET,,MRU,4718,650,500000,15000000,ACTIVE,true,2023-09-05,2024-03-27T09:56:38.692Z,2023-09-05T18:10:07.839Z,2024-03-27T09:56:38.692Z
4298,3916,NS061180591,SAVINGS,,MRU,40400,36000,500000,15000000,ACTIVE,true,2023-10-16,2024-09-11T22:38:04.907Z,2023-10-16T09:02:45.882Z,2024-09-11T22:38:04.907Z
4299,3917,NM639670729,MERCHANT,,MRU,12000,12000,500000,15000000,FROZEN,true,2024-09-23,2024-12-12T08:46:39.699Z,2024-09-23T02:58:12.779Z,2024-12-12T08:46:39.699Z
4300,3918,NW570373446,WALLET,,MRU,2600,41000,500000,15000000,ACTIVE,true,2024-03-07,2024-07-23T10:20:17.957Z,2024-03-07T14:56:36.118Z,2024-07-23T10:20:17.957Z
4301,3919,NA388717413,AGENT,,MRU,22000,22000,500000,15000000,ACTIVE,true,2022-08-11,2024-07-31T01:51:50.197Z,2022-08-11T07:32:17.074Z,2024-07-31T01:51:50.197Z
4302,3920,NW892121434,WALLET,,MRU,21000,21000,500000,15000000,ACTIVE,true,2023-05-05,2024-03-10T03:57:59.549Z,2023-05-05T00:08:55.840Z,2024-03-10T03:57:59.549Z
4303,3921,NW178624183,WALLET,,MRU,1900,1900,500000,15000000,CLOSED,true,2022-04-21,2024-09-19T05:46:53.969Z,2022-04-21T20:12:55.501Z,2024-09-19T05:46:53.969Z
4304,3922,NW563909292,WALLET,,MRU,822500,18000,500000,15000000,ACTIVE,true,2023-12-04,2024-02-03T21:56:25.914Z,2023-12-04T06:39:47.360Z,2024-02-03T21:56:25.914Z
4305,3923,NW049865901,WALLET,,MRU,2629,15000,500000,15000000,ACTIVE,true,2024-06-11,2024-12-27T11:38:05.447Z,2024-06-11T08:32:28.028Z,2024-12-27T11:38:05.447Z
4306,3924,NW694467574,WALLET,,MRU,137000,33000,500000,15000000,ACTIVE,true,2024-11-03,2024-11-28T05:49:37.691Z,2024-11-03T20:44:11.204Z,2024-11-28T05:49:37.691Z
4307,3925,NW144250273,WALLET,,MRU,2300,13000,500000,15000000,ACTIVE,true,2023-11-26,2024-04-24T11:14:18.304Z,2023-11-26T09:11:30.338Z,2024-04-24T11:14:18.304Z
4308,3926,NM348051786,MERCHANT,,MRU,12025,42000,500000,15000000,ACTIVE,true,2024-03-21,2024-09-10T20:25:45.247Z,2024-03-21T14:05:21.592Z,2024-09-10T20:25:45.247Z
4309,3927,NM872194052,MERCHANT,,MRU,1302600,2600,500000,15000000,ACTIVE,true,2023-06-02,2024-09-26T21:34:07.926Z,2023-06-02T05:55:07.736Z,2024-09-26T21:34:07.926Z
4310,3928,NS452873826,SAVINGS,,MRU,2790,17000,500000,15000000,ACTIVE,true,2024-12-29,2024-12-30T01:28:58.342Z,2024-12-29T03:35:57.608Z,2024-12-30T01:28:58.342Z
4311,3929,NS941744327,SAVINGS,,MRU,1045000,45000,500000,15000000,ACTIVE,true,2024-12-30,2024-12-30T18:26:25.424Z,2024-12-30T10:08:02.941Z,2024-12-30T18:26:25.424Z
4312,3930,NW762732029,WALLET,,MRU,341,11000,500000,15000000,ACTIVE,true,2022-05-02,2024-11-06T09:27:16.563Z,2022-05-02T10:29:38.025Z,2024-11-06T09:27:16.563Z
4313,3931,NS968561530,SAVINGS,,MRU,350,34000,500000,15000000,ACTIVE,true,2023-05-25,2024-03-25T22:00:33.023Z,2023-05-25T00:10:30.752Z,2024-03-25T22:00:33.023Z
4314,3932,NW863442689,WALLET,,MRU,24000,24000,500000,15000000,ACTIVE,true,2023-04-24,2024-04-19T15:24:21.274Z,2023-04-24T00:05:34.202Z,2024-04-19T15:24:21.274Z
4315,3933,NS454173684,SAVINGS,,MRU,2100,2100,500000,15000000,ACTIVE,true,2022-06-23,2024-08-03T16:32:05.668Z,2022-06-23T22:29:20.724Z,2024-08-03T16:32:05.668Z
4316,3934,NW369402885,WALLET,,MRU,17320,43000,500000,15000000,ACTIVE,true,2024-07-04,2024-08-20T18:05:13.854Z,2024-07-04T16:00:03.316Z,2024-08-20T18:05:13.854Z
4317,3935,NA483693123,AGENT,,MRU,45000,45000,500000,15000000,CLOSED,true,2024-10-20,2024-10-29T22:36:19.071Z,2024-10-20T06:51:35.857Z,2024-10-29T22:36:19.071Z
4318,3936,NW065370917,WALLET,,MRU,4307,18000,500000,15000000,ACTIVE,true,2022-07-07,2023-05-02T18:32:51.145Z,2022-07-07T15:22:07.072Z,2023-05-02T18:32:51.145Z
4319,3937,NM498552084,MERCHANT,,MRU,18000,18000,500000,15000000,ACTIVE,true,2023-01-20,2023-12-08T06:22:58.523Z,2023-01-20T11:26:25.536Z,2023-12-08T06:22:58.523Z
4320,3938,NC189692497,CORPORATE,,MRU,49000,49000,500000,15000000,ACTIVE,true,2022-05-02,2023-11-02T01:38:25.825Z,2022-05-02T01:49:31.377Z,2023-11-02T01:38:25.825Z
4321,3939,NS636929512,SAVINGS,,MRU,30200,9200,500000,15000000,ACTIVE,true,2024-09-15,2024-10-20T20:47:35.446Z,2024-09-15T14:42:27.885Z,2024-10-20T20:47:35.446Z
4322,3940,NA908865809,AGENT,,MRU,422,27000,500000,15000000,ACTIVE,true,2022-12-28,2023-11-23T23:11:08.976Z,2022-12-28T16:16:23.252Z,2023-11-23T23:11:08.976Z
4323,3941,NW763734221,WALLET,,MRU,27700,19000,500000,15000000,ACTIVE,true,2023-05-16,2023-11-22T18:41:44.138Z,2023-05-16T18:17:06.514Z,2023-11-22T18:41:44.138Z
4324,3942,NW501527667,WALLET,,MRU,2450,12000,500000,15000000,ACTIVE,true,2023-02-08,2023-08-27T13:11:12.302Z,2023-02-08T05:26:08.432Z,2023-08-27T13:11:12.302Z
4325,3943,NW977234125,WALLET,,MRU,89000,49000,500000,15000000,ACTIVE,true,2023-12-06,2024-03-22T03:31:16.340Z,2023-12-06T01:01:53.094Z,2024-03-22T03:31:16.340Z
4326,3944,NS473306894,SAVINGS,,MRU,51000,25000,500000,15000000,ACTIVE,true,2022-04-02,2023-05-10T22:44:15.291Z,2022-04-02T15:23:58.220Z,2023-05-10T22:44:15.291Z
4327,3945,NW933654070,WALLET,,MRU,3000,9600,500000,15000000,ACTIVE,true,2023-11-18,2024-04-20T08:58:24.714Z,2023-11-18T20:08:51.546Z,2024-04-20T08:58:24.714Z
4328,3946,NA876739621,AGENT,,MRU,114000,14000,500000,15000000,ACTIVE,true,2023-04-30,2024-07-20T09:34:07.360Z,2023-04-30T13:23:52.794Z,2024-07-20T09:34:07.360Z
4329,3947,NW471475482,WALLET,,MRU,75,16000,500000,15000000,ACTIVE,true,2023-09-28,2024-09-18T14:32:21.217Z,2023-09-28T12:35:43.193Z,2024-09-18T14:32:21.217Z
4330,3948,NW579620242,WALLET,,MRU,2420000,1820000,500000,15000000,ACTIVE,true,2022-07-16,2023-02-16T07:13:20.576Z,2022-07-16T19:52:45.210Z,2023-02-16T07:13:20.576Z
4331,3948,NS475274801,SAVINGS,,MRU,481000,481000,500000,15000000,ACTIVE,false,2022-07-16,2023-12-04T18:56:01.709Z,2022-07-16T19:52:45.210Z,2023-12-04T18:56:01.709Z
4332,3948,NW725174546,WALLET,,MRU,84055,279000,500000,15000000,ACTIVE,false,2022-07-16,2023-12-09T07:28:22.837Z,2022-07-16T19:52:45.210Z,2023-12-09T07:28:22.837Z
4333,3949,NW659109384,WALLET,,MRU,1000,1000,500000,15000000,ACTIVE,true,2023-09-13,2024-11-12T18:56:05.704Z,2023-09-13T23:16:12.802Z,2024-11-12T18:56:05.704Z
4334,3950,NM596580386,MERCHANT,,MRU,6600,6600,500000,15000000,CLOSED,true,2024-03-11,2024-09-08T16:21:26.353Z,2024-03-11T03:57:20.064Z,2024-09-08T16:21:26.353Z
4335,3951,NS328330040,SAVINGS,,MRU,1069000,403000,500000,15000000,ACTIVE,true,2023-02-05,2023-09-19T01:39:49.256Z,2023-02-05T19:51:35.726Z,2023-09-19T01:39:49.256Z
4336,3951,NW173562049,WALLET,,MRU,74000,74000,500000,15000000,CLOSED,false,2023-02-05,2023-07-23T22:33:19.371Z,2023-02-05T19:51:35.726Z,2023-07-23T22:33:19.371Z
4337,3951,NS128451585,SAVINGS,,MRU,316150,366000,500000,15000000,ACTIVE,false,2023-02-05,2023-09-05T00:49:50.559Z,2023-02-05T19:51:35.726Z,2023-09-05T00:49:50.559Z
4338,3952,NW980370522,WALLET,,MRU,351000,28000,500000,15000000,ACTIVE,true,2024-10-02,2024-11-04T19:40:46.827Z,2024-10-02T09:13:41.306Z,2024-11-04T19:40:46.827Z
4339,3953,NW483187675,WALLET,,MRU,45000,13000,500000,15000000,ACTIVE,true,2024-05-15,2024-12-26T06:00:11.112Z,2024-05-15T11:24:20.646Z,2024-12-26T06:00:11.112Z
4340,3954,NW835438132,WALLET,,MRU,430,354000,500000,15000000,ACTIVE,true,2022-10-06,2024-01-30T02:30:31.125Z,2022-10-06T02:40:25.641Z,2024-01-30T02:30:31.125Z
4341,3954,NS637446642,SAVINGS,,MRU,630075,452000,500000,15000000,ACTIVE,false,2022-10-06,2023-12-12T02:46:02.882Z,2022-10-06T02:40:25.641Z,2023-12-12T02:46:02.882Z
4342,3954,NS360502839,SAVINGS,,MRU,342750,385000,500000,15000000,ACTIVE,false,2022-10-06,2023-01-20T17:57:12.005Z,2022-10-06T02:40:25.641Z,2023-01-20T17:57:12.005Z
4343,3955,NM759015560,MERCHANT,,MRU,3700,3700,500000,15000000,ACTIVE,true,2024-11-08,2024-11-13T04:32:09.593Z,2024-11-08T07:32:59.812Z,2024-11-13T04:32:09.593Z
4344,3956,NW452037990,WALLET,,MRU,19000,19000,500000,15000000,ACTIVE,true,2022-06-11,2022-08-05T13:54:27.687Z,2022-06-11T07:45:44.392Z,2022-08-05T13:54:27.687Z
4345,3957,NW991219401,WALLET,,MRU,14000,14000,500000,15000000,ACTIVE,true,2023-05-14,2024-08-13T00:07:00.945Z,2023-05-14T05:41:55.504Z,2024-08-13T00:07:00.945Z
4346,3958,NW904462367,WALLET,,MRU,2450,49000,500000,15000000,ACTIVE,true,2022-09-19,2023-08-26T14:13:29.992Z,2022-09-19T23:45:06.142Z,2023-08-26T14:13:29.992Z
4347,3959,NW415746152,WALLET,,MRU,236000,236000,500000,15000000,ACTIVE,true,2022-10-09,2024-12-22T15:35:40.560Z,2022-10-09T10:32:30.860Z,2024-12-22T15:35:40.560Z
4348,3959,NS050969123,SAVINGS,,MRU,323200,325000,500000,15000000,ACTIVE,false,2022-10-09,2024-09-21T00:28:53.711Z,2022-10-09T10:32:30.860Z,2024-09-21T00:28:53.711Z
4349,3960,NS706577062,SAVINGS,,MRU,450,12000,500000,15000000,ACTIVE,true,2024-07-01,2024-10-31T18:26:50.647Z,2024-07-01T21:15:10.999Z,2024-10-31T18:26:50.647Z
4350,3961,NW392626553,WALLET,,MRU,450,15000,500000,15000000,ACTIVE,true,2023-03-22,2023-06-26T22:46:40.153Z,2023-03-22T17:35:49.348Z,2023-06-26T22:46:40.153Z
4351,3962,NW132448732,WALLET,,MRU,26953,15000,500000,15000000,ACTIVE,true,2023-03-30,2023-04-19T14:20:29.204Z,2023-03-30T11:47:35.062Z,2023-04-19T14:20:29.204Z
4352,3963,NW020193338,WALLET,,MRU,286900,330000,500000,15000000,ACTIVE,true,2024-07-01,2024-09-11T21:09:17.551Z,2024-07-01T11:45:57.934Z,2024-09-11T21:09:17.551Z
4353,3963,NS544254541,SAVINGS,,MRU,483000,132000,500000,15000000,ACTIVE,false,2024-07-01,2024-12-19T11:20:30.037Z,2024-07-01T11:45:57.934Z,2024-12-19T11:20:30.037Z
4354,3964,NW023759033,WALLET,,MRU,43000,43000,500000,15000000,ACTIVE,true,2023-10-25,2024-12-03T20:33:02.924Z,2023-10-25T04:38:01.021Z,2024-12-03T20:33:02.924Z
4355,3965,NW873913526,WALLET,,MRU,25000,205000,500000,15000000,ACTIVE,true,2023-11-26,2024-10-27T12:46:02.079Z,2023-11-26T13:43:01.629Z,2024-10-27T12:46:02.079Z
4356,3965,NS508353948,SAVINGS,,MRU,287000,287000,500000,15000000,ACTIVE,false,2023-11-26,2024-10-30T09:38:13.531Z,2023-11-26T13:43:01.629Z,2024-10-30T09:38:13.531Z
4357,3966,NW830575138,WALLET,,MRU,49000,49000,500000,15000000,ACTIVE,true,2022-11-04,2024-08-04T06:56:39.127Z,2022-11-04T23:04:05.879Z,2024-08-04T06:56:39.127Z
4358,3967,NW376743316,WALLET,,MRU,100,8000,500000,15000000,ACTIVE,true,2023-08-20,2024-07-26T08:57:07.563Z,2023-08-20T05:55:02.002Z,2024-07-26T08:57:07.563Z
4359,3968,NC723054766,CORPORATE,,MRU,20000,20000,500000,15000000,DORMANT,true,2022-07-08,2023-12-26T14:55:46.557Z,2022-07-08T07:36:47.112Z,2023-12-26T14:55:46.557Z
4360,3969,NS229941368,SAVINGS,,MRU,7900,24000,500000,15000000,ACTIVE,true,2022-11-03,2023-11-09T19:41:33.803Z,2022-11-03T08:10:27.616Z,2023-11-09T19:41:33.803Z
4361,3970,NW930121601,WALLET,,MRU,14000,14000,500000,15000000,CLOSED,true,2024-10-06,2024-11-07T12:23:26.737Z,2024-10-06T16:48:19.583Z,2024-11-07T12:23:26.737Z
4362,3971,NS016988277,SAVINGS,,MRU,50648,18000,500000,15000000,ACTIVE,true,2023-11-08,2024-08-29T02:39:26.576Z,2023-11-08T11:40:04.882Z,2024-08-29T02:39:26.576Z
4363,3972,NW726187259,WALLET,,MRU,1300,1300,500000,15000000,CLOSED,true,2024-12-01,2024-12-30T08:46:10.598Z,2024-12-01T13:31:26.436Z,2024-12-30T08:46:10.598Z
4364,3973,NW611478805,WALLET,,MRU,145000,145000,500000,15000000,FROZEN,true,2024-11-20,2024-12-16T11:30:35.968Z,2024-11-20T00:25:25.391Z,2024-12-16T11:30:35.968Z
4365,3973,NS881183624,SAVINGS,,MRU,40050,103000,500000,15000000,ACTIVE,false,2024-11-20,2024-12-09T03:55:55.461Z,2024-11-20T00:25:25.391Z,2024-12-09T03:55:55.461Z
4366,3973,NS945769310,SAVINGS,,MRU,267825,286000,500000,15000000,ACTIVE,false,2024-11-20,2024-12-18T15:07:40.161Z,2024-11-20T00:25:25.391Z,2024-12-18T15:07:40.161Z
4367,3974,NW977982551,WALLET,,MRU,45900,2900,500000,15000000,ACTIVE,true,2024-03-14,2024-09-04T16:09:21.681Z,2024-03-14T23:40:07.977Z,2024-09-04T16:09:21.681Z
4368,3975,NS012762308,SAVINGS,,MRU,45000,45000,500000,15000000,ACTIVE,true,2024-09-20,2024-11-01T01:40:34.934Z,2024-09-20T06:01:06.282Z,2024-11-01T01:40:34.934Z
4369,3976,NW122211720,WALLET,,MRU,4950,1000,500000,15000000,ACTIVE,true,2023-04-22,2023-10-14T16:24:24.375Z,2023-04-22T01:44:22.658Z,2023-10-14T16:24:24.375Z
4370,3977,NS259443879,SAVINGS,,MRU,862880,100,500000,15000000,ACTIVE,true,2024-04-27,2024-05-15T17:03:37.508Z,2024-04-27T14:09:10.751Z,2024-05-15T17:03:37.508Z
4371,3978,NS979820967,SAVINGS,,MRU,15000,15000,500000,15000000,ACTIVE,true,2024-05-04,2024-11-02T23:42:46.591Z,2024-05-04T10:31:55.411Z,2024-11-02T23:42:46.591Z
4372,3979,NM732641339,MERCHANT,,MRU,2700,48000,500000,15000000,ACTIVE,true,2023-10-02,2024-01-24T15:28:40.173Z,2023-10-02T14:36:20.193Z,2024-01-24T15:28:40.173Z
4373,3980,NW225728988,WALLET,,MRU,1700,42000,500000,15000000,ACTIVE,true,2022-07-08,2022-12-03T04:35:20.141Z,2022-07-08T18:08:55.539Z,2022-12-03T04:35:20.141Z
4374,3981,NM490574002,MERCHANT,,MRU,100,2000,500000,15000000,ACTIVE,true,2022-10-12,2024-05-07T17:45:08.674Z,2022-10-12T22:16:38.958Z,2024-05-07T17:45:08.674Z
4375,3982,NS328928589,SAVINGS,,MRU,1008500,8500,500000,15000000,ACTIVE,true,2023-06-22,2024-04-29T21:44:24.372Z,2023-06-22T19:12:37.165Z,2024-04-29T21:44:24.372Z
4376,3983,NW149374038,WALLET,,MRU,89200,46000,500000,15000000,ACTIVE,true,2024-07-20,2024-11-24T07:02:39.778Z,2024-07-20T11:37:35.998Z,2024-11-24T07:02:39.778Z
4377,3984,NW852437317,WALLET,,MRU,109000,200000,500000,15000000,ACTIVE,true,2022-06-08,2023-09-11T21:41:44.542Z,2022-06-08T17:40:31.146Z,2023-09-11T21:41:44.542Z
4378,3984,NW411593795,WALLET,,MRU,225000,225000,500000,15000000,ACTIVE,false,2022-06-08,2023-06-11T14:09:59.602Z,2022-06-08T17:40:31.146Z,2023-06-11T14:09:59.602Z
4379,3985,NW493617892,WALLET,,MRU,41000,41000,500000,15000000,ACTIVE,true,2022-07-09,2023-04-08T03:14:09.616Z,2022-07-09T06:21:37.777Z,2023-04-08T03:14:09.616Z
4380,3986,NM896501899,MERCHANT,,MRU,12000,12000,500000,15000000,ACTIVE,true,2023-01-23,2023-01-27T15:35:01.492Z,2023-01-23T09:52:41.049Z,2023-01-27T15:35:01.492Z
4381,3987,NW930670857,WALLET,,MRU,1825,50000,500000,15000000,ACTIVE,true,2022-11-12,2024-07-15T09:30:40.135Z,2022-11-12T21:55:33.484Z,2024-07-15T09:30:40.135Z
4382,3988,NW249774456,WALLET,,MRU,7300,7300,500000,15000000,ACTIVE,true,2024-03-26,2024-12-10T10:02:35.920Z,2024-03-26T14:21:18.587Z,2024-12-10T10:02:35.920Z
4383,3989,NA564196825,AGENT,,MRU,89175,21000,500000,15000000,ACTIVE,true,2023-05-06,2024-03-13T08:35:25.590Z,2023-05-06T05:14:50.139Z,2024-03-13T08:35:25.590Z
4384,3990,NW323642969,WALLET,,MRU,34000,34000,500000,15000000,ACTIVE,true,2022-02-01,2023-04-16T08:03:44.868Z,2022-02-01T22:22:43.160Z,2023-04-16T08:03:44.868Z
4385,3991,NM823685884,MERCHANT,,MRU,1025,25000,500000,15000000,ACTIVE,true,2024-10-25,2024-12-01T03:14:55.755Z,2024-10-25T21:56:38.514Z,2024-12-01T03:14:55.755Z
4386,3992,NS929819345,SAVINGS,,MRU,49000,49000,500000,15000000,ACTIVE,true,2022-06-05,2022-08-02T09:18:28.170Z,2022-06-05T03:43:57.590Z,2022-08-02T09:18:28.170Z
4387,3993,NW105730652,WALLET,,MRU,100,5200,500000,15000000,ACTIVE,true,2022-07-01,2024-06-27T11:21:20.168Z,2022-07-01T03:00:48.580Z,2024-06-27T11:21:20.168Z
4388,3994,NW103291988,WALLET,,MRU,48000,48000,500000,15000000,ACTIVE,true,2022-09-07,2024-03-29T07:33:25.175Z,2022-09-07T11:52:58.304Z,2024-03-29T07:33:25.175Z
4389,3995,NW218231558,WALLET,,MRU,8600,26000,500000,15000000,ACTIVE,true,2022-08-20,2022-09-09T18:33:53.064Z,2022-08-20T00:08:21.315Z,2022-09-09T18:33:53.064Z
4390,3996,NW857789516,WALLET,,MRU,166640,6200,500000,15000000,ACTIVE,true,2024-04-30,2024-05-04T07:14:10.761Z,2024-04-30T23:44:33.315Z,2024-05-04T07:14:10.761Z
4391,3997,NC217897176,CORPORATE,,MRU,4250,12000,500000,15000000,ACTIVE,true,2023-09-08,2024-10-14T05:37:20.460Z,2023-09-08T04:18:16.515Z,2024-10-14T05:37:20.460Z
4392,3998,NA307872295,AGENT,,MRU,150,34000,500000,15000000,ACTIVE,true,2023-10-05,2023-12-29T15:27:22.649Z,2023-10-05T20:18:54.765Z,2023-12-29T15:27:22.649Z
4393,3999,NW556682016,WALLET,,MRU,101200,687000,500000,15000000,ACTIVE,true,2023-05-05,2024-10-21T22:25:30.565Z,2023-05-05T18:02:25.368Z,2024-10-21T22:25:30.565Z
4394,3999,NS508677721,SAVINGS,,MRU,1596000,1596000,500000,15000000,DORMANT,false,2023-05-05,2024-11-26T22:32:09.230Z,2023-05-05T18:02:25.368Z,2024-11-26T22:32:09.230Z
4395,3999,NW108852624,WALLET,,MRU,159850,282000,500000,15000000,ACTIVE,false,2023-05-05,2024-07-02T05:00:29.458Z,2023-05-05T18:02:25.368Z,2024-07-02T05:00:29.458Z
4396,4000,NW237592756,WALLET,,MRU,1009395,906000,500000,15000000,ACTIVE,true,2023-01-17,2023-08-03T10:35:37.342Z,2023-01-17T04:25:50.884Z,2023-08-03T10:35:37.342Z
4397,4000,NS493658066,SAVINGS,,MRU,2312400,1853000,500000,15000000,ACTIVE,false,2023-01-17,2023-09-19T10:24:05.527Z,2023-01-17T04:25:50.884Z,2023-09-19T10:24:05.527Z
4398,4001,NW582750320,WALLET,,MRU,257680,347000,500000,15000000,ACTIVE,true,2024-03-19,2024-04-03T10:18:15.453Z,2024-03-19T17:50:17.688Z,2024-04-03T10:18:15.453Z
4399,4001,NW060209929,WALLET,,MRU,53000,53000,500000,15000000,ACTIVE,false,2024-03-19,2024-12-23T10:27:16.184Z,2024-03-19T17:50:17.688Z,2024-12-23T10:27:16.184Z
4400,4001,NW208207607,WALLET,,MRU,1373000,1373000,500000,15000000,ACTIVE,false,2024-03-19,2024-11-01T06:49:15.221Z,2024-03-19T17:50:17.688Z,2024-11-01T06:49:15.221Z
4401,4002,NM172771811,MERCHANT,,MRU,2800,2800,500000,15000000,ACTIVE,true,2022-04-08,2024-09-06T19:20:35.492Z,2022-04-08T21:50:20.741Z,2024-09-06T19:20:35.492Z
4402,4003,NW718555122,WALLET,,MRU,3000,13000,500000,15000000,ACTIVE,true,2024-12-07,2024-12-11T04:37:38.987Z,2024-12-07T13:38:35.284Z,2024-12-11T04:37:38.987Z
4403,4004,NA262155771,AGENT,,MRU,13500,18000,500000,15000000,ACTIVE,true,2023-09-10,2024-09-21T14:50:24.836Z,2023-09-10T17:49:48.151Z,2024-09-21T14:50:24.836Z
4404,4005,NW043931603,WALLET,,MRU,486082,14000,500000,15000000,ACTIVE,true,2022-07-15,2023-11-07T02:00:01.246Z,2022-07-15T14:14:36.707Z,2023-11-07T02:00:01.246Z
4405,4006,NS190971851,SAVINGS,,MRU,3000,12000,500000,15000000,ACTIVE,true,2023-05-13,2024-09-24T10:24:21.317Z,2023-05-13T07:41:03.927Z,2024-09-24T10:24:21.317Z
4406,4007,NS299704790,SAVINGS,,MRU,71534,40000,500000,15000000,ACTIVE,true,2023-08-11,2024-03-11T15:44:12.481Z,2023-08-11T03:43:55.073Z,2024-03-11T15:44:12.481Z
4407,4008,NW748528719,WALLET,,MRU,491200,12000,500000,15000000,ACTIVE,true,2023-05-09,2023-10-25T06:26:52.999Z,2023-05-09T11:56:23.232Z,2023-10-25T06:26:52.999Z
4408,4009,NM548357248,MERCHANT,,MRU,250,8400,500000,15000000,ACTIVE,true,2024-01-03,2024-05-26T13:23:36.597Z,2024-01-03T20:19:21.497Z,2024-05-26T13:23:36.597Z
4409,4010,NW903015345,WALLET,,MRU,878000,38000,500000,15000000,ACTIVE,true,2023-05-31,2023-06-14T06:10:54.833Z,2023-05-31T18:35:29.650Z,2023-06-14T06:10:54.833Z
4410,4011,NW809672594,WALLET,,MRU,41000,41000,500000,15000000,ACTIVE,true,2022-10-02,2023-11-01T08:59:18.850Z,2022-10-02T04:52:37.756Z,2023-11-01T08:59:18.850Z
4411,4012,NW023031473,WALLET,,MRU,21500,42000,500000,15000000,ACTIVE,true,2022-12-21,2023-12-29T17:27:41.328Z,2022-12-21T09:20:14.037Z,2023-12-29T17:27:41.328Z
4412,4013,NW397133525,WALLET,,MRU,114000,77000,500000,15000000,ACTIVE,true,2022-05-11,2024-07-01T16:20:12.374Z,2022-05-11T03:44:22.393Z,2024-07-01T16:20:12.374Z
4413,4013,NW610590365,WALLET,,MRU,89000,89000,500000,15000000,CLOSED,false,2022-05-11,2024-12-23T08:29:51.364Z,2022-05-11T03:44:22.393Z,2024-12-23T08:29:51.364Z
4414,4014,NS407119751,SAVINGS,,MRU,200,20000,500000,15000000,ACTIVE,true,2023-04-06,2024-10-21T15:09:41.537Z,2023-04-06T08:14:05.286Z,2024-10-21T15:09:41.537Z
4415,4015,NS794187546,SAVINGS,,MRU,17650,28000,500000,15000000,ACTIVE,true,2023-09-28,2023-10-03T02:23:08.120Z,2023-09-28T17:13:43.581Z,2023-10-03T02:23:08.120Z
4416,4016,NW418315291,WALLET,,MRU,250,6500,500000,15000000,ACTIVE,true,2022-10-27,2024-02-17T23:14:59.184Z,2022-10-27T02:11:01.584Z,2024-02-17T23:14:59.184Z
4417,4017,NW724521424,WALLET,,MRU,33000,33000,500000,15000000,ACTIVE,true,2022-12-19,2024-02-23T15:13:20.475Z,2022-12-19T15:44:11.451Z,2024-02-23T15:13:20.475Z
4418,4018,NW708289891,WALLET,,MRU,2946,13000,500000,15000000,ACTIVE,true,2023-12-28,2024-06-21T18:32:29.659Z,2023-12-28T14:44:23.551Z,2024-06-21T18:32:29.659Z
4419,4019,NW250387698,WALLET,,MRU,9500,9500,500000,15000000,ACTIVE,true,2022-05-11,2022-06-07T09:08:38.979Z,2022-05-11T04:04:46.425Z,2022-06-07T09:08:38.979Z
4420,4020,NW650341153,WALLET,,MRU,24000,24000,500000,15000000,DORMANT,true,2024-12-29,2024-12-30T07:25:40.452Z,2024-12-29T20:27:11.249Z,2024-12-30T07:25:40.452Z
4421,4021,NC695390224,CORPORATE,,MRU,32000,32000,500000,15000000,FROZEN,true,2023-01-01,2024-05-01T09:31:27.566Z,2023-01-01T06:17:10.567Z,2024-05-01T09:31:27.566Z
4422,4022,NW873803615,WALLET,,MRU,7200,7200,500000,15000000,FROZEN,true,2023-09-05,2023-11-11T01:26:00.585Z,2023-09-05T02:02:16.632Z,2023-11-11T01:26:00.585Z
4423,4023,NA977546930,AGENT,,MRU,632520,18000,500000,15000000,ACTIVE,true,2023-03-05,2023-05-16T17:01:48.830Z,2023-03-05T02:46:24.689Z,2023-05-16T17:01:48.830Z
4424,4024,NW606957137,WALLET,,MRU,310,26000,500000,15000000,ACTIVE,true,2022-07-19,2023-05-19T15:13:02.697Z,2022-07-19T09:41:11.880Z,2023-05-19T15:13:02.697Z
4425,4025,NC830323219,CORPORATE,,MRU,17000,17000,500000,15000000,ACTIVE,true,2023-01-02,2023-06-24T21:10:30.004Z,2023-01-02T12:32:54.700Z,2023-06-24T21:10:30.004Z
4426,4026,NW045744299,WALLET,,MRU,541600,600,500000,15000000,ACTIVE,true,2023-08-28,2024-11-30T07:35:54.671Z,2023-08-28T18:07:59.649Z,2024-11-30T07:35:54.671Z
4427,4027,NS000975370,SAVINGS,,MRU,64400,28000,500000,15000000,ACTIVE,true,2022-05-29,2024-03-08T22:23:37.595Z,2022-05-29T15:57:45.292Z,2024-03-08T22:23:37.595Z
4428,4028,NA974933863,AGENT,,MRU,28000,28000,500000,15000000,ACTIVE,true,2023-12-04,2024-08-05T14:57:14.114Z,2023-12-04T20:40:11.980Z,2024-08-05T14:57:14.114Z
4429,4029,NS332472115,SAVINGS,,MRU,7835,19000,500000,15000000,ACTIVE,true,2022-12-15,2024-12-24T10:20:51.433Z,2022-12-15T22:28:34.330Z,2024-12-24T10:20:51.433Z
4430,4030,NW978590965,WALLET,,MRU,48000,48000,500000,15000000,ACTIVE,true,2023-07-16,2023-12-12T06:42:42.767Z,2023-07-16T00:36:59.624Z,2023-12-12T06:42:42.767Z
4431,4031,NS948853493,SAVINGS,,MRU,9100,36000,500000,15000000,ACTIVE,true,2024-03-26,2024-06-23T05:49:43.421Z,2024-03-26T17:24:46.064Z,2024-06-23T05:49:43.421Z
4432,4032,NW138773948,WALLET,,MRU,400,27000,500000,15000000,ACTIVE,true,2022-11-23,2024-06-28T07:00:33.002Z,2022-11-23T18:16:55.623Z,2024-06-28T07:00:33.002Z
4433,4033,NW353058219,WALLET,,MRU,10000,10000,500000,15000000,CLOSED,true,2023-05-05,2024-07-08T03:24:08.209Z,2023-05-05T13:47:32.194Z,2024-07-08T03:24:08.209Z
4434,4034,NW220301985,WALLET,,MRU,37000,37000,500000,15000000,ACTIVE,true,2023-12-20,2024-03-07T19:04:39.156Z,2023-12-20T21:04:48.912Z,2024-03-07T19:04:39.156Z
4435,4035,NA469304710,AGENT,,MRU,250,18000,500000,15000000,ACTIVE,true,2024-11-04,2024-12-22T18:18:18.894Z,2024-11-04T11:59:24.528Z,2024-12-22T18:18:18.894Z
4436,4036,NW183973789,WALLET,,MRU,7400,7400,500000,15000000,ACTIVE,true,2023-08-19,2024-03-14T17:06:30.329Z,2023-08-19T08:35:09.062Z,2024-03-14T17:06:30.329Z
4437,4037,NC320435285,CORPORATE,,MRU,23000,23000,500000,15000000,ACTIVE,true,2024-01-19,2024-02-26T07:40:54.873Z,2024-01-19T16:33:55.975Z,2024-02-26T07:40:54.873Z
4438,4038,NW172560870,WALLET,,MRU,9600,9600,500000,15000000,ACTIVE,true,2022-12-30,2023-11-18T15:46:05.863Z,2022-12-30T23:07:12.687Z,2023-11-18T15:46:05.863Z
4439,4039,NA609568119,AGENT,,MRU,15000,15000,500000,15000000,ACTIVE,true,2023-03-11,2024-10-16T15:36:20.196Z,2023-03-11T14:12:41.854Z,2024-10-16T15:36:20.196Z
4440,4040,NW256104350,WALLET,,MRU,4500,39000,500000,15000000,ACTIVE,true,2024-07-08,2024-09-02T22:59:41.976Z,2024-07-08T09:45:19.565Z,2024-09-02T22:59:41.976Z
4441,4041,NS871066451,SAVINGS,,MRU,46000,46000,500000,15000000,ACTIVE,true,2022-06-11,2024-11-09T10:19:27.762Z,2022-06-11T09:11:15.951Z,2024-11-09T10:19:27.762Z
4442,4042,NW757670045,WALLET,,MRU,1543000,443000,500000,15000000,ACTIVE,true,2023-01-18,2024-01-22T23:17:16.480Z,2023-01-18T17:24:24.098Z,2024-01-22T23:17:16.480Z
4443,4042,NW362831622,WALLET,,MRU,190000,129000,500000,15000000,ACTIVE,false,2023-01-18,2024-06-05T02:35:01.269Z,2023-01-18T17:24:24.098Z,2024-06-05T02:35:01.269Z
4444,4043,NA537107229,AGENT,,MRU,33000,45000,500000,15000000,ACTIVE,true,2022-12-29,2024-10-01T05:49:22.675Z,2022-12-29T13:51:55.098Z,2024-10-01T05:49:22.675Z
4445,4044,NW011997967,WALLET,,MRU,4079975,41000,500000,15000000,ACTIVE,true,2022-08-20,2022-12-06T09:55:18.224Z,2022-08-20T21:36:41.772Z,2022-12-06T09:55:18.224Z
4446,4045,NW349708914,WALLET,,MRU,6700,40000,500000,15000000,ACTIVE,true,2022-01-06,2024-07-30T01:17:52.684Z,2022-01-06T07:32:36.143Z,2024-07-30T01:17:52.684Z
4447,4046,NW369030833,WALLET,,MRU,9752,7600,500000,15000000,ACTIVE,true,2023-04-08,2024-01-10T11:52:07.001Z,2023-04-08T22:49:48.411Z,2024-01-10T11:52:07.001Z
4448,4047,NW400786638,WALLET,,MRU,22500,24000,500000,15000000,ACTIVE,true,2024-04-16,2024-05-08T10:38:44.517Z,2024-04-16T22:01:36.937Z,2024-05-08T10:38:44.517Z
4449,4048,NW016376137,WALLET,,MRU,2628200,9200,500000,15000000,ACTIVE,true,2023-05-26,2024-03-04T07:22:05.306Z,2023-05-26T16:21:46.892Z,2024-03-04T07:22:05.306Z
4450,4049,NW968967438,WALLET,,MRU,3700,3700,500000,15000000,ACTIVE,true,2022-08-18,2023-09-02T07:56:25.285Z,2022-08-18T05:49:16.031Z,2023-09-02T07:56:25.285Z
4451,4050,NW723726153,WALLET,,MRU,4653600,26000,500000,15000000,ACTIVE,true,2024-11-08,2024-12-03T15:37:36.855Z,2024-11-08T18:46:12.515Z,2024-12-03T15:37:36.855Z
4452,4051,NW663574576,WALLET,,MRU,3850,12000,500000,15000000,ACTIVE,true,2023-04-16,2024-08-17T02:25:59.521Z,2023-04-16T18:50:18.536Z,2024-08-17T02:25:59.521Z
4453,4052,NW114707231,WALLET,,MRU,46000,46000,500000,15000000,ACTIVE,true,2024-06-26,2024-11-24T04:21:58.655Z,2024-06-26T12:31:51.451Z,2024-11-24T04:21:58.655Z
4454,4053,NW929698110,WALLET,,MRU,2600,2600,500000,15000000,ACTIVE,true,2023-03-11,2024-11-13T17:58:02.521Z,2023-03-11T18:34:06.945Z,2024-11-13T17:58:02.521Z
4455,4054,NW569617059,WALLET,,MRU,40000,40000,500000,15000000,ACTIVE,true,2024-01-29,2024-10-05T14:51:26.503Z,2024-01-29T19:07:04.374Z,2024-10-05T14:51:26.503Z
4456,4055,NW890592337,WALLET,,MRU,416000,408000,500000,15000000,ACTIVE,true,2022-02-26,2023-04-05T14:22:08.939Z,2022-02-26T12:34:59.417Z,2023-04-05T14:22:08.939Z
4457,4055,NS012089490,SAVINGS,,MRU,78000,78000,500000,15000000,ACTIVE,false,2022-02-26,2022-09-10T22:11:48.963Z,2022-02-26T12:34:59.417Z,2022-09-10T22:11:48.963Z
4458,4056,NW790954053,WALLET,,MRU,1567,3800,500000,15000000,ACTIVE,true,2024-10-19,2024-11-28T21:48:04.459Z,2024-10-19T11:31:04.544Z,2024-11-28T21:48:04.459Z
4459,4057,NM435303211,MERCHANT,,MRU,600,11000,500000,15000000,ACTIVE,true,2023-06-05,2023-11-30T08:48:49.512Z,2023-06-05T00:59:21.702Z,2023-11-30T08:48:49.512Z
4460,4058,NS022167682,SAVINGS,,MRU,49000,49000,500000,15000000,ACTIVE,true,2024-05-01,2024-09-25T13:48:31.943Z,2024-05-01T21:26:48.355Z,2024-09-25T13:48:31.943Z
4461,4059,NW946427822,WALLET,,MRU,45000,45000,500000,15000000,CLOSED,true,2023-07-27,2023-08-17T22:02:48.705Z,2023-07-27T05:35:27.961Z,2023-08-17T22:02:48.705Z
4462,4060,NW199414134,WALLET,,MRU,13000,13000,500000,15000000,DORMANT,true,2024-06-26,2024-12-03T17:03:48.379Z,2024-06-26T05:09:45.237Z,2024-12-03T17:03:48.379Z
4463,4061,NC016008615,CORPORATE,,MRU,36000,36000,500000,15000000,ACTIVE,true,2022-09-03,2024-12-19T20:02:09.916Z,2022-09-03T00:17:15.797Z,2024-12-19T20:02:09.916Z
4464,4062,NW906173974,WALLET,,MRU,901158,24000,500000,15000000,ACTIVE,true,2022-10-08,2023-10-23T12:40:43.123Z,2022-10-08T11:22:31.742Z,2023-10-23T12:40:43.123Z
4465,4063,NS049324989,SAVINGS,,MRU,7700,7700,500000,15000000,ACTIVE,true,2023-04-19,2024-11-14T05:47:52.445Z,2023-04-19T14:58:04.518Z,2024-11-14T05:47:52.445Z
4466,4064,NW855535298,WALLET,,MRU,13300,24000,500000,15000000,ACTIVE,true,2023-03-04,2023-08-14T12:10:51.209Z,2023-03-04T11:10:50.857Z,2023-08-14T12:10:51.209Z
4467,4065,NW004049450,WALLET,,MRU,27000,27000,500000,15000000,CLOSED,true,2024-08-11,2024-10-11T07:28:40.062Z,2024-08-11T04:10:10.904Z,2024-10-11T07:28:40.062Z
4468,4066,NW288711071,WALLET,,MRU,570,38000,500000,15000000,ACTIVE,true,2023-07-02,2024-08-31T11:43:52.011Z,2023-07-02T18:23:50.009Z,2024-08-31T11:43:52.011Z
4469,4067,NM031219005,MERCHANT,,MRU,5000,5000,500000,15000000,ACTIVE,true,2023-02-21,2023-03-10T04:56:22.601Z,2023-02-21T21:50:20.501Z,2023-03-10T04:56:22.601Z
4470,4068,NM773963332,MERCHANT,,MRU,45750,750,500000,15000000,ACTIVE,true,2024-09-27,2024-10-19T20:24:10.608Z,2024-09-27T01:00:17.803Z,2024-10-19T20:24:10.608Z
4471,4069,NS493953943,SAVINGS,,MRU,173100,45000,500000,15000000,ACTIVE,true,2024-09-07,2024-10-30T23:59:39.443Z,2024-09-07T22:17:39.440Z,2024-10-30T23:59:39.443Z
4472,4070,NA884530306,AGENT,,MRU,31000,31000,500000,15000000,ACTIVE,true,2022-08-27,2023-04-14T07:18:45.771Z,2022-08-27T04:49:35.635Z,2023-04-14T07:18:45.771Z
4473,4071,NW553700089,WALLET,,MRU,1905700,20000,500000,15000000,ACTIVE,true,2022-09-24,2023-02-13T15:53:11.046Z,2022-09-24T13:57:28.989Z,2023-02-13T15:53:11.046Z
4474,4072,NW930766582,WALLET,,MRU,4935100,1600,500000,15000000,ACTIVE,true,2024-10-28,2024-12-04T17:18:06.455Z,2024-10-28T06:27:02.550Z,2024-12-04T17:18:06.455Z
4475,4073,NW744059920,WALLET,,MRU,3300,24000,500000,15000000,ACTIVE,true,2022-11-26,2024-12-30T04:44:28.039Z,2022-11-26T10:50:01.955Z,2024-12-30T04:44:28.039Z
4476,4074,NW838944912,WALLET,,MRU,11000,11000,500000,15000000,ACTIVE,true,2022-08-19,2023-11-26T15:48:48.708Z,2022-08-19T12:46:46.734Z,2023-11-26T15:48:48.708Z
4477,4075,NW968438387,WALLET,,MRU,9835,21000,500000,15000000,ACTIVE,true,2022-09-30,2024-10-07T00:59:24.330Z,2022-09-30T07:03:12.220Z,2024-10-07T00:59:24.330Z
4478,4076,NW337846994,WALLET,,MRU,4800,45000,500000,15000000,ACTIVE,true,2022-09-02,2024-12-05T04:22:43.518Z,2022-09-02T07:09:38.137Z,2024-12-05T04:22:43.518Z
4479,4077,NW886428475,WALLET,,MRU,566000,116000,500000,15000000,ACTIVE,true,2023-12-22,2024-10-06T16:04:03.251Z,2023-12-22T20:57:41.683Z,2024-10-06T16:04:03.251Z
4480,4077,NW665520936,WALLET,,MRU,409850,417000,500000,15000000,ACTIVE,false,2023-12-22,2024-12-16T05:55:50.268Z,2023-12-22T20:57:41.683Z,2024-12-16T05:55:50.268Z
4481,4078,NW325569778,WALLET,,MRU,444,11000,500000,15000000,ACTIVE,true,2023-07-27,2024-04-07T11:54:40.896Z,2023-07-27T07:54:33.794Z,2024-04-07T11:54:40.896Z
4482,4079,NW209373355,WALLET,,MRU,709000,16000,500000,15000000,ACTIVE,true,2022-03-31,2024-02-20T02:23:06.356Z,2022-03-31T12:30:13.355Z,2024-02-20T02:23:06.356Z
4483,4080,NS595906973,SAVINGS,,MRU,1374,9900,500000,15000000,ACTIVE,true,2023-09-12,2024-10-06T10:13:23.014Z,2023-09-12T00:12:54.952Z,2024-10-06T10:13:23.014Z
4484,4081,NW233456164,WALLET,,MRU,3646100,8500,500000,15000000,ACTIVE,true,2024-07-01,2024-09-06T11:55:26.200Z,2024-07-01T09:00:10.604Z,2024-09-06T11:55:26.200Z
4485,4082,NW333036691,WALLET,,MRU,1210000,34000,500000,15000000,ACTIVE,true,2023-12-07,2024-03-19T17:49:02.465Z,2023-12-07T09:31:30.092Z,2024-03-19T17:49:02.465Z
4486,4083,NC968548417,CORPORATE,,MRU,19000,19000,500000,15000000,ACTIVE,true,2023-08-14,2024-06-01T19:15:57.392Z,2023-08-14T12:40:06.142Z,2024-06-01T19:15:57.392Z
4487,4084,NW333572536,WALLET,,MRU,1178400,42000,500000,15000000,ACTIVE,true,2024-02-12,2024-10-27T10:26:29.045Z,2024-02-12T09:17:40.496Z,2024-10-27T10:26:29.045Z
4488,4085,NW745131522,WALLET,,MRU,176750,49000,500000,15000000,ACTIVE,true,2022-01-09,2022-01-24T01:28:34.511Z,2022-01-09T00:14:43.826Z,2022-01-24T01:28:34.511Z
4489,4086,NW161544203,WALLET,,MRU,1363400,30000,500000,15000000,ACTIVE,true,2022-07-23,2024-10-27T08:26:22.154Z,2022-07-23T16:35:19.715Z,2024-10-27T08:26:22.154Z
4490,4087,NW843638211,WALLET,,MRU,51400,41000,500000,15000000,ACTIVE,true,2023-11-18,2024-07-08T08:57:00.859Z,2023-11-18T05:15:03.931Z,2024-07-08T08:57:00.859Z
4491,4088,NC303717613,CORPORATE,,MRU,15175,45000,500000,15000000,ACTIVE,true,2022-01-14,2022-12-29T06:24:39.972Z,2022-01-14T01:47:22.307Z,2022-12-29T06:24:39.972Z
4492,4089,NS015954017,SAVINGS,,MRU,4900,46000,500000,15000000,ACTIVE,true,2022-11-15,2023-01-19T20:10:14.296Z,2022-11-15T21:40:37.010Z,2023-01-19T20:10:14.296Z
4493,4090,NA705687880,AGENT,,MRU,41300,3500,500000,15000000,ACTIVE,true,2023-01-10,2024-01-30T04:27:06.598Z,2023-01-10T05:48:42.344Z,2024-01-30T04:27:06.598Z
4494,4091,NW355811834,WALLET,,MRU,36000,36000,500000,15000000,ACTIVE,true,2022-05-22,2024-06-25T03:36:00.737Z,2022-05-22T21:58:14.585Z,2024-06-25T03:36:00.737Z
4495,4092,NS210271597,SAVINGS,,MRU,6550,15000,500000,15000000,ACTIVE,true,2023-05-13,2024-07-07T02:46:00.624Z,2023-05-13T20:06:10.523Z,2024-07-07T02:46:00.624Z
4496,4093,NW107757210,WALLET,,MRU,50000,50000,500000,15000000,ACTIVE,true,2022-04-27,2023-08-14T14:03:32.956Z,2022-04-27T00:51:50.632Z,2023-08-14T14:03:32.956Z
4497,4094,NW676401138,WALLET,,MRU,49200,4200,500000,15000000,ACTIVE,true,2022-10-30,2024-05-29T20:12:10.271Z,2022-10-30T00:57:48.883Z,2024-05-29T20:12:10.271Z
4498,4095,NM670150637,MERCHANT,,MRU,564000,24000,500000,15000000,ACTIVE,true,2022-01-25,2023-09-15T18:29:26.878Z,2022-01-25T05:30:05.549Z,2023-09-15T18:29:26.878Z
4499,4096,NW694557935,WALLET,,MRU,358450,29000,500000,15000000,ACTIVE,true,2023-01-21,2023-02-09T15:07:54.822Z,2023-01-21T23:49:27.532Z,2023-02-09T15:07:54.822Z
4500,4097,NM013567090,MERCHANT,,MRU,15520,48000,500000,15000000,ACTIVE,true,2022-12-26,2023-02-10T10:49:06.402Z,2022-12-26T08:44:40.819Z,2023-02-10T10:49:06.402Z
4501,4098,NS384548187,SAVINGS,,MRU,2600,34000,500000,15000000,ACTIVE,true,2024-11-27,2024-12-01T06:25:13.117Z,2024-11-27T08:04:48.581Z,2024-12-01T06:25:13.117Z
4502,4099,NW943572760,WALLET,,MRU,101500,16000,500000,15000000,ACTIVE,true,2022-01-29,2022-09-21T22:15:15.632Z,2022-01-29T10:23:49.727Z,2022-09-21T22:15:15.632Z
4503,4100,NW829741597,WALLET,,MRU,4282550,7300,500000,15000000,ACTIVE,true,2024-01-17,2024-07-07T02:40:40.967Z,2024-01-17T19:48:58.845Z,2024-07-07T02:40:40.967Z
4504,4101,NM535301804,MERCHANT,,MRU,32000,32000,500000,15000000,CLOSED,true,2022-02-15,2022-04-29T01:47:55.147Z,2022-02-15T02:44:47.388Z,2022-04-29T01:47:55.147Z
4505,4102,NW958962321,WALLET,,MRU,1000,1000,500000,15000000,FROZEN,true,2022-05-26,2022-11-20T14:47:12.730Z,2022-05-26T06:21:46.075Z,2022-11-20T14:47:12.730Z
4506,4103,NM528429031,MERCHANT,,MRU,64714,44000,500000,15000000,ACTIVE,true,2022-11-27,2024-03-15T22:28:21.096Z,2022-11-27T13:29:27.754Z,2024-03-15T22:28:21.096Z
4507,4104,NW330082923,WALLET,,MRU,50378,5400,500000,15000000,ACTIVE,true,2022-01-28,2022-12-20T22:54:24.761Z,2022-01-28T02:37:49.261Z,2022-12-20T22:54:24.761Z
4508,4105,NW266395926,WALLET,,MRU,84000,11000,500000,15000000,ACTIVE,true,2024-10-10,2024-12-29T06:50:16.793Z,2024-10-10T18:03:27.270Z,2024-12-29T06:50:16.793Z
4509,4106,NW835468531,WALLET,,MRU,323000,323000,500000,15000000,ACTIVE,true,2022-04-22,2022-10-29T10:09:02.751Z,2022-04-22T02:07:59.931Z,2022-10-29T10:09:02.751Z
4510,4106,NW901112258,WALLET,,MRU,340000,340000,500000,15000000,ACTIVE,false,2022-04-22,2023-06-18T14:36:49.525Z,2022-04-22T02:07:59.931Z,2023-06-18T14:36:49.525Z
4511,4106,NW390973117,WALLET,,MRU,247000,247000,500000,15000000,ACTIVE,false,2022-04-22,2023-03-30T19:23:29.543Z,2022-04-22T02:07:59.931Z,2023-03-30T19:23:29.543Z
4512,4107,NW405561834,WALLET,,MRU,40000,40000,500000,15000000,ACTIVE,true,2022-06-04,2024-05-06T11:51:49.344Z,2022-06-04T21:15:59.483Z,2024-05-06T11:51:49.344Z
4513,4108,NS361837983,SAVINGS,,MRU,4511,27000,500000,15000000,ACTIVE,true,2024-08-06,2024-08-25T09:57:53.165Z,2024-08-06T08:21:51.531Z,2024-08-25T09:57:53.165Z
4514,4109,NW949834406,WALLET,,MRU,444,18000,500000,15000000,ACTIVE,true,2024-07-27,2024-11-16T01:33:31.146Z,2024-07-27T06:46:14.246Z,2024-11-16T01:33:31.146Z
4515,4110,NW163589716,WALLET,,MRU,270200,16000,500000,15000000,ACTIVE,true,2023-01-07,2024-03-02T04:50:56.432Z,2023-01-07T13:52:03.974Z,2024-03-02T04:50:56.432Z
4516,4111,NA475982785,AGENT,,MRU,9580,38000,500000,15000000,ACTIVE,true,2023-04-24,2024-04-09T21:48:13.711Z,2023-04-24T11:55:20.506Z,2024-04-09T21:48:13.711Z
4517,4112,NM536092400,MERCHANT,,MRU,50200,10000,500000,15000000,ACTIVE,true,2024-03-18,2024-07-03T19:17:12.326Z,2024-03-18T01:41:39.442Z,2024-07-03T19:17:12.326Z
4518,4113,NW486958652,WALLET,,MRU,34000,34000,500000,15000000,DORMANT,true,2024-06-07,2024-11-17T23:54:20.097Z,2024-06-07T00:05:23.147Z,2024-11-17T23:54:20.097Z
4519,4114,NW627075195,WALLET,,MRU,1500,1500,500000,15000000,ACTIVE,true,2022-06-12,2024-04-10T17:51:19.951Z,2022-06-12T06:33:43.966Z,2024-04-10T17:51:19.951Z
4520,4115,NW137679100,WALLET,,MRU,1650,22000,500000,15000000,ACTIVE,true,2022-02-18,2022-06-01T06:22:08.291Z,2022-02-18T04:02:19.765Z,2022-06-01T06:22:08.291Z
4521,4116,NS620154619,SAVINGS,,MRU,336300,17000,500000,15000000,ACTIVE,true,2024-11-18,2024-11-19T11:14:16.719Z,2024-11-18T03:08:19.697Z,2024-11-19T11:14:16.719Z
4522,4117,NW288448035,WALLET,,MRU,2925,15000,500000,15000000,ACTIVE,true,2022-10-25,2022-12-12T18:04:45.537Z,2022-10-25T12:56:38.186Z,2022-12-12T18:04:45.537Z
4523,4118,NW182103753,WALLET,,MRU,83,12000,500000,15000000,ACTIVE,true,2023-04-17,2024-12-10T08:06:58.178Z,2023-04-17T11:55:07.023Z,2024-12-10T08:06:58.178Z
4524,4119,NW942009002,WALLET,,MRU,9400,9400,500000,15000000,ACTIVE,true,2023-09-27,2024-02-03T21:39:12.072Z,2023-09-27T19:38:17.374Z,2024-02-03T21:39:12.072Z
4525,4120,NM802871108,MERCHANT,,MRU,77200,37000,500000,15000000,ACTIVE,true,2022-01-19,2023-02-09T19:04:42.314Z,2022-01-19T20:58:42.163Z,2023-02-09T19:04:42.314Z
4526,4121,NM134971499,MERCHANT,,MRU,5600,5600,500000,15000000,ACTIVE,true,2023-05-18,2024-05-27T10:51:25.616Z,2023-05-18T07:34:21.905Z,2024-05-27T10:51:25.616Z
4527,4122,NM965867281,MERCHANT,,MRU,830000,40000,500000,15000000,ACTIVE,true,2022-08-31,2022-11-04T14:41:48.475Z,2022-08-31T09:28:42.938Z,2022-11-04T14:41:48.475Z
4528,4123,NW105697691,WALLET,,MRU,950,950,500000,15000000,ACTIVE,true,2022-04-01,2022-10-03T03:09:58.510Z,2022-04-01T05:16:25.305Z,2022-10-03T03:09:58.510Z
4529,4124,NW190674811,WALLET,,MRU,18000,18000,500000,15000000,ACTIVE,true,2023-09-14,2023-09-25T19:11:54.741Z,2023-09-14T01:25:12.434Z,2023-09-25T19:11:54.741Z
4530,4125,NW379136085,WALLET,,MRU,18000,18000,500000,15000000,ACTIVE,true,2022-07-26,2024-08-09T15:17:28.625Z,2022-07-26T01:03:45.331Z,2024-08-09T15:17:28.625Z
4531,4126,NM354762077,MERCHANT,,MRU,335,6900,500000,15000000,ACTIVE,true,2022-01-31,2023-06-26T07:33:33.266Z,2022-01-31T16:42:39.056Z,2023-06-26T07:33:33.266Z
4532,4127,NW661496043,WALLET,,MRU,550,550,500000,15000000,ACTIVE,true,2023-08-15,2023-08-28T12:24:50.955Z,2023-08-15T01:44:29.873Z,2023-08-28T12:24:50.955Z
4533,4128,NS766696572,SAVINGS,,MRU,41000,41000,500000,15000000,ACTIVE,true,2022-11-23,2022-11-28T03:56:28.968Z,2022-11-23T11:28:05.642Z,2022-11-28T03:56:28.968Z
4534,4129,NS701309323,SAVINGS,,MRU,496000,34000,500000,15000000,ACTIVE,true,2023-03-28,2024-10-08T03:26:04.376Z,2023-03-28T06:03:54.747Z,2024-10-08T03:26:04.376Z
4535,4130,NW499761224,WALLET,,MRU,19000,19000,500000,15000000,ACTIVE,true,2023-02-08,2023-08-01T15:18:48.734Z,2023-02-08T22:38:13.947Z,2023-08-01T15:18:48.734Z
4536,4131,NW614506840,WALLET,,MRU,0,5300,500000,15000000,ACTIVE,true,2022-11-10,2024-02-15T12:25:23.487Z,2022-11-10T16:05:31.122Z,2024-02-15T12:25:23.487Z
4537,4132,NW004217624,WALLET,,MRU,15730,34000,500000,15000000,ACTIVE,true,2024-04-10,2024-04-16T20:43:19.464Z,2024-04-10T21:00:17.161Z,2024-04-16T20:43:19.464Z
4538,4133,NW496574640,WALLET,,MRU,43800,20000,500000,15000000,ACTIVE,true,2023-05-11,2024-09-13T03:33:15.399Z,2023-05-11T06:40:39.788Z,2024-09-13T03:33:15.399Z
4539,4134,NW204424172,WALLET,,MRU,114000,114000,500000,15000000,DORMANT,true,2023-01-27,2024-07-31T07:59:18.956Z,2023-01-27T17:49:44.246Z,2024-07-31T07:59:18.956Z
4540,4134,NS734051585,SAVINGS,,MRU,45000,146000,500000,15000000,ACTIVE,false,2023-01-27,2023-07-05T00:06:23.273Z,2023-01-27T17:49:44.246Z,2023-07-05T00:06:23.273Z
4541,4134,NW504186719,WALLET,,MRU,1737400,1899000,500000,15000000,ACTIVE,false,2023-01-27,2023-02-12T10:33:00.997Z,2023-01-27T17:49:44.246Z,2023-02-12T10:33:00.997Z
4542,4135,NS461089372,SAVINGS,,MRU,79982,9100,500000,15000000,ACTIVE,true,2022-02-12,2022-03-10T07:13:51.658Z,2022-02-12T09:40:28.883Z,2022-03-10T07:13:51.658Z
4543,4136,NS122301340,SAVINGS,,MRU,1174,9700,500000,15000000,ACTIVE,true,2023-04-03,2024-04-23T07:13:20.387Z,2023-04-03T22:33:34.499Z,2024-04-23T07:13:20.387Z
4544,4137,NS055048108,SAVINGS,,MRU,450,38000,500000,15000000,ACTIVE,true,2022-06-19,2022-12-14T00:22:17.020Z,2022-06-19T07:47:38.484Z,2022-12-14T00:22:17.020Z
4545,4138,NA470533251,AGENT,,MRU,138000,28000,500000,15000000,ACTIVE,true,2023-11-20,2024-09-12T11:34:56.836Z,2023-11-20T19:43:46.945Z,2024-09-12T11:34:56.836Z
4546,4139,NS117245078,SAVINGS,,MRU,2850,6900,500000,15000000,ACTIVE,true,2024-11-28,2024-12-05T18:19:14.254Z,2024-11-28T17:20:06.169Z,2024-12-05T18:19:14.254Z
4547,4140,NW128469228,WALLET,,MRU,1089250,37000,500000,15000000,ACTIVE,true,2023-10-03,2024-11-21T12:06:52.030Z,2023-10-03T01:12:59.296Z,2024-11-21T12:06:52.030Z
4548,4141,NW336562752,WALLET,,MRU,43950,28000,500000,15000000,ACTIVE,true,2023-08-30,2024-03-23T06:19:51.450Z,2023-08-30T08:06:13.677Z,2024-03-23T06:19:51.450Z
4549,4142,NW210181355,WALLET,,MRU,33000,33000,500000,15000000,CLOSED,true,2023-06-15,2023-08-03T04:38:52.960Z,2023-06-15T08:21:27.441Z,2023-08-03T04:38:52.960Z
4550,4143,NW162177026,WALLET,,MRU,3900,3900,500000,15000000,ACTIVE,true,2023-11-23,2024-04-15T02:40:42.510Z,2023-11-23T23:23:22.786Z,2024-04-15T02:40:42.510Z
4551,4144,NW565509107,WALLET,,MRU,559800,25000,500000,15000000,ACTIVE,true,2022-09-20,2022-12-08T13:11:13.271Z,2022-09-20T02:04:00.696Z,2022-12-08T13:11:13.271Z
4552,4145,NW024937391,WALLET,,MRU,6750,49000,500000,15000000,ACTIVE,true,2022-03-28,2024-08-10T04:54:27.600Z,2022-03-28T22:57:56.606Z,2024-08-10T04:54:27.600Z
4553,4146,NW182274580,WALLET,,MRU,700100,20000,500000,15000000,ACTIVE,true,2023-11-08,2024-07-30T17:43:37.394Z,2023-11-08T22:29:02.704Z,2024-07-30T17:43:37.394Z
4554,4147,NW276086330,WALLET,,MRU,19000,19000,500000,15000000,ACTIVE,true,2024-05-03,2024-05-06T18:14:16.997Z,2024-05-03T06:56:06.166Z,2024-05-06T18:14:16.997Z
4555,4148,NM963293552,MERCHANT,,MRU,528,11000,500000,15000000,ACTIVE,true,2022-10-05,2024-09-16T04:13:32.286Z,2022-10-05T12:44:42.975Z,2024-09-16T04:13:32.286Z
4556,4149,NM046540141,MERCHANT,,MRU,320,16000,500000,15000000,ACTIVE,true,2024-11-26,2024-12-20T09:49:55.913Z,2024-11-26T21:11:17.264Z,2024-12-20T09:49:55.913Z
4557,4150,NW023249626,WALLET,,MRU,11000,11000,500000,15000000,FROZEN,true,2023-11-27,2024-01-27T01:23:16.602Z,2023-11-27T04:46:01.874Z,2024-01-27T01:23:16.602Z
4558,4151,NA748376250,AGENT,,MRU,43000,43000,500000,15000000,ACTIVE,true,2022-12-13,2024-07-18T11:05:44.252Z,2022-12-13T11:01:51.387Z,2024-07-18T11:05:44.252Z
4559,4152,NW914562464,WALLET,,MRU,7200,7200,500000,15000000,ACTIVE,true,2023-03-18,2024-05-11T07:32:50.891Z,2023-03-18T18:30:34.865Z,2024-05-11T07:32:50.891Z
4560,4153,NM628167271,MERCHANT,,MRU,29000,29000,500000,15000000,ACTIVE,true,2024-03-30,2024-10-26T15:36:15.105Z,2024-03-30T10:10:41.236Z,2024-10-26T15:36:15.105Z
4561,4154,NW446299195,WALLET,,MRU,746000,35000,500000,15000000,ACTIVE,true,2023-09-11,2024-07-01T12:06:54.918Z,2023-09-11T20:52:12.705Z,2024-07-01T12:06:54.918Z
4562,4155,NW253713756,WALLET,,MRU,418500,17000,500000,15000000,ACTIVE,true,2022-08-13,2024-06-20T00:09:05.433Z,2022-08-13T19:11:44.112Z,2024-06-20T00:09:05.433Z
4563,4156,NS291714668,SAVINGS,,MRU,150,3700,500000,15000000,ACTIVE,true,2022-05-15,2023-04-14T00:22:15.164Z,2022-05-15T03:04:36.310Z,2023-04-14T00:22:15.164Z
4564,4157,NW850760341,WALLET,,MRU,14000,14000,500000,15000000,ACTIVE,true,2023-07-02,2024-02-24T16:20:34.806Z,2023-07-02T09:37:08.626Z,2024-02-24T16:20:34.806Z
4565,4158,NW914333254,WALLET,,MRU,36000,36000,500000,15000000,FROZEN,true,2023-10-27,2024-06-27T01:25:47.039Z,2023-10-27T00:33:31.997Z,2024-06-27T01:25:47.039Z
4566,4159,NW987453252,WALLET,,MRU,18000,18000,500000,15000000,ACTIVE,true,2022-10-28,2023-04-16T18:13:56.304Z,2022-10-28T19:17:47.599Z,2023-04-16T18:13:56.304Z
4567,4160,NW875833154,WALLET,,MRU,773750,13000,500000,15000000,ACTIVE,true,2022-03-24,2022-05-11T18:56:49.576Z,2022-03-24T16:14:48.543Z,2022-05-11T18:56:49.576Z
4568,4161,NW378020167,WALLET,,MRU,1182,37000,500000,15000000,ACTIVE,true,2022-11-12,2023-07-26T16:03:20.287Z,2022-11-12T21:55:33.484Z,2023-07-26T16:03:20.287Z
4569,4162,NS335275054,SAVINGS,,MRU,19000,19000,500000,15000000,ACTIVE,true,2023-11-29,2024-04-30T18:53:56.907Z,2023-11-29T08:39:21.913Z,2024-04-30T18:53:56.907Z
4570,4163,NW506143480,WALLET,,MRU,6600,6600,500000,15000000,FROZEN,true,2023-08-30,2024-08-07T00:36:32.102Z,2023-08-30T00:33:24.607Z,2024-08-07T00:36:32.102Z
4571,4164,NW639238030,WALLET,,MRU,35000,35000,500000,15000000,DORMANT,true,2022-02-01,2024-09-29T10:17:09.539Z,2022-02-01T22:22:43.160Z,2024-09-29T10:17:09.539Z
4572,4165,NW147551059,WALLET,,MRU,313000,313000,500000,15000000,ACTIVE,true,2023-07-16,2023-09-06T05:27:21.141Z,2023-07-16T15:09:44.086Z,2023-09-06T05:27:21.141Z
4573,4165,NS151055097,SAVINGS,,MRU,453000,453000,500000,15000000,ACTIVE,false,2023-07-16,2023-09-16T01:06:40.495Z,2023-07-16T15:09:44.086Z,2023-09-16T01:06:40.495Z
4574,4165,NS058221220,SAVINGS,,MRU,308000,308000,500000,15000000,FROZEN,false,2023-07-16,2024-06-12T15:35:18.270Z,2023-07-16T15:09:44.086Z,2024-06-12T15:35:18.270Z
4575,4166,NM716717481,MERCHANT,,MRU,100,29000,500000,15000000,ACTIVE,true,2023-02-03,2024-09-21T04:33:50.637Z,2023-02-03T11:18:36.615Z,2024-09-21T04:33:50.637Z
4576,4167,NW481895208,WALLET,,MRU,34000,34000,500000,15000000,FROZEN,true,2024-06-15,2024-11-14T00:29:07.835Z,2024-06-15T07:05:36.767Z,2024-11-14T00:29:07.835Z
4577,4168,NC601095915,CORPORATE,,MRU,8600,8600,500000,15000000,ACTIVE,true,2022-08-15,2023-08-13T18:08:23.665Z,2022-08-15T21:13:24.929Z,2023-08-13T18:08:23.665Z
4578,4169,NW917260915,WALLET,,MRU,30200,46000,500000,15000000,ACTIVE,true,2024-05-25,2024-08-20T11:00:32.403Z,2024-05-25T04:17:13.388Z,2024-08-20T11:00:32.403Z
4579,4170,NW745874524,WALLET,,MRU,3550,28000,500000,15000000,ACTIVE,true,2024-11-13,2024-12-20T14:36:22.278Z,2024-11-13T06:12:33.935Z,2024-12-20T14:36:22.278Z
4580,4171,NW197015762,WALLET,,MRU,6800,6800,500000,15000000,ACTIVE,true,2022-05-15,2023-03-05T05:07:38.776Z,2022-05-15T23:46:20.137Z,2023-03-05T05:07:38.776Z
4581,4172,NW224394083,WALLET,,MRU,3750,12000,500000,15000000,ACTIVE,true,2022-01-22,2023-02-05T23:35:43.963Z,2022-01-22T23:04:07.649Z,2023-02-05T23:35:43.963Z
4582,4173,NW806142956,WALLET,,MRU,0,42000,500000,15000000,ACTIVE,true,2024-10-28,2024-11-02T16:08:49.761Z,2024-10-28T15:39:06.484Z,2024-11-02T16:08:49.761Z
4583,4174,NW252212882,WALLET,,MRU,6742,44000,500000,15000000,ACTIVE,true,2023-01-14,2023-11-13T17:41:27.466Z,2023-01-14T22:07:43.847Z,2023-11-13T17:41:27.466Z
4584,4175,NM874897838,MERCHANT,,MRU,16400,11000,500000,15000000,ACTIVE,true,2024-10-11,2024-12-20T05:32:03.249Z,2024-10-11T05:44:57.335Z,2024-12-20T05:32:03.249Z
4585,4176,NW014901995,WALLET,,MRU,414000,414000,500000,15000000,ACTIVE,true,2023-01-04,2023-03-16T03:28:34.326Z,2023-01-04T07:22:38.323Z,2023-03-16T03:28:34.326Z
4586,4176,NS372917175,SAVINGS,,MRU,845000,845000,500000,15000000,ACTIVE,false,2023-01-04,2024-12-19T12:39:08.382Z,2023-01-04T07:22:38.323Z,2024-12-19T12:39:08.382Z
4587,4176,NS263219833,SAVINGS,,MRU,1867000,1867000,500000,15000000,FROZEN,false,2023-01-04,2023-03-20T03:50:20.967Z,2023-01-04T07:22:38.323Z,2023-03-20T03:50:20.967Z
4588,4177,NW915328439,WALLET,,MRU,9900,9900,500000,15000000,DORMANT,true,2022-03-21,2022-04-14T02:11:46.876Z,2022-03-21T05:08:10.436Z,2022-04-14T02:11:46.876Z
4589,4178,NA174726963,AGENT,,MRU,42000,42000,500000,15000000,ACTIVE,true,2024-09-14,2024-12-24T06:45:23.166Z,2024-09-14T14:12:44.011Z,2024-12-24T06:45:23.166Z
4590,4179,NW827718139,WALLET,,MRU,33000,33000,500000,15000000,ACTIVE,true,2022-03-01,2023-10-11T09:54:11.992Z,2022-03-01T06:11:40.584Z,2023-10-11T09:54:11.992Z
4591,4180,NW006109118,WALLET,,MRU,12950,6100,500000,15000000,ACTIVE,true,2024-10-08,2024-10-14T18:18:51.159Z,2024-10-08T17:41:12.596Z,2024-10-14T18:18:51.159Z
4592,4181,NW516239226,WALLET,,MRU,19600,7600,500000,15000000,ACTIVE,true,2022-01-03,2023-05-04T17:54:05.410Z,2022-01-03T18:01:04.507Z,2023-05-04T17:54:05.410Z
4593,4182,NW024433761,WALLET,,MRU,2600,2600,500000,15000000,ACTIVE,true,2023-11-30,2024-11-24T18:46:09.964Z,2023-11-30T00:05:51.927Z,2024-11-24T18:46:09.964Z
4594,4183,NS609982729,SAVINGS,,MRU,25900,27000,500000,15000000,ACTIVE,true,2023-03-11,2024-02-12T19:44:51.775Z,2023-03-11T07:46:33.710Z,2024-02-12T19:44:51.775Z
4595,4184,NW667364359,WALLET,,MRU,262,45000,500000,15000000,ACTIVE,true,2023-11-01,2024-08-04T06:37:33.877Z,2023-11-01T13:39:46.861Z,2024-08-04T06:37:33.877Z
4596,4185,NW426719933,WALLET,,MRU,100,7300,500000,15000000,ACTIVE,true,2023-09-06,2023-09-16T15:05:43.455Z,2023-09-06T08:16:24.901Z,2023-09-16T15:05:43.455Z
4597,4186,NW417324602,WALLET,,MRU,49000,49000,500000,15000000,ACTIVE,true,2022-04-26,2024-10-01T01:53:04.799Z,2022-04-26T18:36:05.605Z,2024-10-01T01:53:04.799Z
4598,4187,NW485829591,WALLET,,MRU,44000,44000,500000,15000000,DORMANT,true,2024-11-01,2024-11-19T07:17:49.998Z,2024-11-01T13:35:21.886Z,2024-11-19T07:17:49.998Z
4599,4188,NW472714662,WALLET,,MRU,3617,9200,500000,15000000,ACTIVE,true,2024-09-15,2024-10-10T03:45:19.055Z,2024-09-15T19:14:35.831Z,2024-10-10T03:45:19.055Z
4600,4189,NW056329369,WALLET,,MRU,18000,18000,500000,15000000,ACTIVE,true,2023-03-13,2024-12-02T13:01:47.073Z,2023-03-13T06:03:03.300Z,2024-12-02T13:01:47.073Z
4601,4190,NW962860611,WALLET,,MRU,28000,28000,500000,15000000,ACTIVE,true,2022-06-01,2023-05-23T22:40:53.530Z,2022-06-01T22:58:45.674Z,2023-05-23T22:40:53.530Z
4602,4191,NW759101152,WALLET,,MRU,14000,14000,500000,15000000,ACTIVE,true,2024-09-07,2024-10-10T05:03:57.464Z,2024-09-07T08:31:31.960Z,2024-10-10T05:03:57.464Z
4603,4192,NW867365479,WALLET,,MRU,550,2100,500000,15000000,ACTIVE,true,2024-09-02,2024-12-19T23:00:06.560Z,2024-09-02T04:45:59.825Z,2024-12-19T23:00:06.560Z
4604,4193,NW369159698,WALLET,,MRU,788000,788000,500000,15000000,ACTIVE,true,2022-11-13,2023-04-29T00:31:00.450Z,2022-11-13T03:19:37.019Z,2023-04-29T00:31:00.450Z
4605,4193,NS864249945,SAVINGS,,MRU,1551000,1551000,500000,15000000,ACTIVE,false,2022-11-13,2024-11-13T02:54:10.316Z,2022-11-13T03:19:37.019Z,2024-11-13T02:54:10.316Z
4606,4193,NS487234831,SAVINGS,,MRU,1248000,1248000,500000,15000000,ACTIVE,false,2022-11-13,2024-10-16T08:48:26.606Z,2022-11-13T03:19:37.019Z,2024-10-16T08:48:26.606Z
4607,4194,NW284234762,WALLET,,MRU,12000,12000,500000,15000000,ACTIVE,true,2022-08-07,2023-10-17T06:49:27.855Z,2022-08-07T03:23:05.818Z,2023-10-17T06:49:27.855Z
4608,4195,NW319460988,WALLET,,MRU,4750,49000,500000,15000000,ACTIVE,true,2023-02-03,2024-03-24T10:36:49.299Z,2023-02-03T01:28:20.397Z,2024-03-24T10:36:49.299Z
4609,4196,NM895659923,MERCHANT,,MRU,42000,42000,500000,15000000,DORMANT,true,2024-06-27,2024-12-06T18:38:47.700Z,2024-06-27T13:36:33.062Z,2024-12-06T18:38:47.700Z
4610,4197,NW336349040,WALLET,,MRU,570460,14000,500000,15000000,ACTIVE,true,2022-06-29,2022-08-11T07:54:09.311Z,2022-06-29T03:08:15.854Z,2022-08-11T07:54:09.311Z
4611,4198,NW689266503,WALLET,,MRU,5500,5500,500000,15000000,ACTIVE,true,2024-08-01,2024-11-11T09:17:13.585Z,2024-08-01T08:55:20.689Z,2024-11-11T09:17:13.585Z
4612,4199,NM403224945,MERCHANT,,MRU,47000,47000,500000,15000000,ACTIVE,true,2022-04-19,2023-04-21T17:34:38.892Z,2022-04-19T11:49:51.313Z,2023-04-21T17:34:38.892Z
4613,4200,NA445537924,AGENT,,MRU,35000,17000,500000,15000000,ACTIVE,true,2023-09-12,2024-03-20T09:21:48.053Z,2023-09-12T05:34:45.660Z,2024-03-20T09:21:48.053Z
4614,4201,NW712908983,WALLET,,MRU,4250,43000,500000,15000000,ACTIVE,true,2024-07-31,2024-11-07T21:08:32.065Z,2024-07-31T11:02:11.516Z,2024-11-07T21:08:32.065Z
4615,4202,NA457584619,AGENT,,MRU,550,5200,500000,15000000,ACTIVE,true,2023-10-20,2024-12-30T19:37:46.163Z,2023-10-20T19:00:04.276Z,2024-12-30T19:37:46.163Z
4616,4203,NM806626558,MERCHANT,,MRU,23700,3300,500000,15000000,ACTIVE,true,2023-03-23,2023-10-14T19:25:05.151Z,2023-03-23T15:51:34.719Z,2023-10-14T19:25:05.151Z
4617,4204,NA014865159,AGENT,,MRU,13000,13000,500000,15000000,ACTIVE,true,2023-06-16,2024-04-27T08:52:23.483Z,2023-06-16T23:36:06.037Z,2024-04-27T08:52:23.483Z
4618,4205,NM346277475,MERCHANT,,MRU,91000,91000,500000,15000000,ACTIVE,true,2024-12-05,2024-12-21T11:19:08.331Z,2024-12-05T14:03:53.983Z,2024-12-21T11:19:08.331Z
4619,4205,NS116408348,SAVINGS,,MRU,800,324000,500000,15000000,ACTIVE,false,2024-12-05,2024-12-19T01:09:54.415Z,2024-12-05T14:03:53.983Z,2024-12-19T01:09:54.415Z
4620,4206,NS372821688,SAVINGS,,MRU,43000,43000,500000,15000000,ACTIVE,true,2022-06-08,2022-10-22T03:01:43.795Z,2022-06-08T12:58:00.083Z,2022-10-22T03:01:43.795Z
4621,4207,NA327621579,AGENT,,MRU,1150,9600,500000,15000000,ACTIVE,true,2024-07-21,2024-09-04T14:20:16.738Z,2024-07-21T21:09:34.522Z,2024-09-04T14:20:16.738Z
4622,4208,NA455473423,AGENT,,MRU,30000,30000,500000,15000000,DORMANT,true,2022-05-15,2022-08-07T12:00:43.041Z,2022-05-15T00:21:01.850Z,2022-08-07T12:00:43.041Z
4623,4209,NM595396757,MERCHANT,,MRU,91000,91000,500000,15000000,ACTIVE,true,2024-12-22,2024-12-27T17:11:00.249Z,2024-12-22T20:14:10.852Z,2024-12-27T17:11:00.249Z
4624,4209,NS453004479,SAVINGS,,MRU,264990,323000,500000,15000000,ACTIVE,false,2024-12-22,2024-12-23T19:09:36.473Z,2024-12-22T20:14:10.852Z,2024-12-23T19:09:36.473Z
4625,4210,NW507346034,WALLET,,MRU,6350,17000,500000,15000000,ACTIVE,true,2024-05-15,2024-07-27T22:07:25.361Z,2024-05-15T20:21:22.328Z,2024-07-27T22:07:25.361Z
4626,4211,NC386523962,CORPORATE,,MRU,1350,12000,500000,15000000,ACTIVE,true,2023-02-16,2023-07-19T22:04:34.055Z,2023-02-16T21:07:42.008Z,2023-07-19T22:04:34.055Z
4627,4212,NW855538811,WALLET,,MRU,9000,9000,500000,15000000,ACTIVE,true,2024-10-07,2024-11-25T20:59:25.802Z,2024-10-07T07:25:23.442Z,2024-11-25T20:59:25.802Z
4628,4213,NW745914489,WALLET,,MRU,200,28000,500000,15000000,ACTIVE,true,2024-09-01,2024-12-05T08:48:43.979Z,2024-09-01T02:11:55.453Z,2024-12-05T08:48:43.979Z
4629,4214,NW105039387,WALLET,,MRU,45000,45000,500000,15000000,FROZEN,true,2023-08-29,2024-04-04T14:50:22.883Z,2023-08-29T23:24:25.525Z,2024-04-04T14:50:22.883Z
4630,4215,NW038503527,WALLET,,MRU,16600,37000,500000,15000000,ACTIVE,true,2024-05-09,2024-10-29T21:13:41.048Z,2024-05-09T02:13:12.825Z,2024-10-29T21:13:41.048Z
4631,4216,NW858664781,WALLET,,MRU,63100,18000,500000,15000000,ACTIVE,true,2024-11-19,2024-12-27T18:37:50.129Z,2024-11-19T21:41:50.579Z,2024-12-27T18:37:50.129Z
4632,4217,NW009688049,WALLET,,MRU,0,25000,500000,15000000,ACTIVE,true,2022-11-08,2024-04-26T19:15:58.180Z,2022-11-08T15:49:27.217Z,2024-04-26T19:15:58.180Z
4633,4218,NM112258315,MERCHANT,,MRU,99000,19000,500000,15000000,ACTIVE,true,2024-06-18,2024-11-12T05:30:37.772Z,2024-06-18T20:02:54.887Z,2024-11-12T05:30:37.772Z
4634,4219,NW116225481,WALLET,,MRU,525,47000,500000,15000000,ACTIVE,true,2022-05-01,2023-06-18T06:17:39.853Z,2022-05-01T20:05:21.080Z,2023-06-18T06:17:39.853Z
4635,4220,NW633015632,WALLET,,MRU,24000,24000,500000,15000000,FROZEN,true,2022-02-12,2024-04-17T20:09:30.216Z,2022-02-12T01:19:01.591Z,2024-04-17T20:09:30.216Z
4636,4221,NS599226951,SAVINGS,,MRU,4600,4600,500000,15000000,ACTIVE,true,2024-06-19,2024-10-10T21:38:23.821Z,2024-06-19T08:13:33.065Z,2024-10-10T21:38:23.821Z
4637,4222,NM777623534,MERCHANT,,MRU,484000,244000,500000,15000000,ACTIVE,true,2024-11-21,2024-12-12T23:25:23.056Z,2024-11-21T01:45:06.435Z,2024-12-12T23:25:23.056Z
4638,4222,NS606588244,SAVINGS,,MRU,400100,344000,500000,15000000,ACTIVE,false,2024-11-21,2024-12-22T22:44:57.246Z,2024-11-21T01:45:06.435Z,2024-12-22T22:44:57.246Z
4639,4223,NM610220670,MERCHANT,,MRU,2500,2500,500000,15000000,FROZEN,true,2024-01-31,2024-04-15T16:25:07.147Z,2024-01-31T00:57:51.332Z,2024-04-15T16:25:07.147Z
4640,4224,NM866272449,MERCHANT,,MRU,771154,16000,500000,15000000,ACTIVE,true,2022-11-28,2022-11-30T22:41:52.673Z,2022-11-28T14:08:46.814Z,2022-11-30T22:41:52.673Z
4641,4225,NS226557970,SAVINGS,,MRU,4500,15000,500000,15000000,ACTIVE,true,2023-04-16,2024-01-23T06:27:41.446Z,2023-04-16T18:50:18.536Z,2024-01-23T06:27:41.446Z
4642,4226,NW635405659,WALLET,,MRU,400,23000,500000,15000000,ACTIVE,true,2022-01-01,2022-08-13T11:18:53.236Z,2022-01-01T17:30:22.316Z,2022-08-13T11:18:53.236Z
4643,4227,NS496122718,SAVINGS,,MRU,21000,3000,500000,15000000,ACTIVE,true,2024-11-11,2024-12-23T00:13:07.243Z,2024-11-11T15:09:06.388Z,2024-12-23T00:13:07.243Z
4644,4228,NW804758817,WALLET,,MRU,47000,47000,500000,15000000,ACTIVE,true,2023-12-05,2024-03-05T17:52:39.831Z,2023-12-05T12:39:46.948Z,2024-03-05T17:52:39.831Z
4645,4229,NS122387766,SAVINGS,,MRU,24100,24000,500000,15000000,ACTIVE,true,2024-02-22,2024-10-25T16:49:20.390Z,2024-02-22T09:44:24.337Z,2024-10-25T16:49:20.390Z
4646,4230,NW537913561,WALLET,,MRU,239000,239000,500000,15000000,FROZEN,true,2024-02-04,2024-05-12T17:22:14.917Z,2024-02-04T03:56:24.823Z,2024-05-12T17:22:14.917Z
4647,4230,NS767238855,SAVINGS,,MRU,266470,299000,500000,15000000,ACTIVE,false,2024-02-04,2024-08-16T01:18:46.290Z,2024-02-04T03:56:24.823Z,2024-08-16T01:18:46.290Z
4648,4231,NW742409944,WALLET,,MRU,37000,37000,500000,15000000,ACTIVE,true,2024-11-09,2024-12-14T21:00:17.370Z,2024-11-09T04:48:13.618Z,2024-12-14T21:00:17.370Z
4649,4232,NM393862009,MERCHANT,,MRU,26300,6300,500000,15000000,ACTIVE,true,2023-01-14,2024-12-30T06:42:13.296Z,2023-01-14T12:25:12.853Z,2024-12-30T06:42:13.296Z
4650,4233,NW238926679,WALLET,,MRU,218,10000,500000,15000000,ACTIVE,true,2022-08-05,2022-10-28T09:00:29.601Z,2022-08-05T05:51:40.165Z,2022-10-28T09:00:29.601Z
4651,4234,NW719783991,WALLET,,MRU,35700,6200,500000,15000000,ACTIVE,true,2023-05-27,2023-08-30T01:19:59.307Z,2023-05-27T04:35:48.077Z,2023-08-30T01:19:59.307Z
4652,4235,NW245166123,WALLET,,MRU,4200,4200,500000,15000000,ACTIVE,true,2023-02-28,2024-09-12T23:30:03.406Z,2023-02-28T23:34:30.802Z,2024-09-12T23:30:03.406Z
4653,4236,NA680939674,AGENT,,MRU,18000,18000,500000,15000000,ACTIVE,true,2022-12-30,2024-05-02T06:17:56.745Z,2022-12-30T04:39:10.797Z,2024-05-02T06:17:56.745Z
4654,4237,NW608531028,WALLET,,MRU,16000,16000,500000,15000000,ACTIVE,true,2022-10-15,2024-05-27T10:30:38.283Z,2022-10-15T12:42:13.064Z,2024-05-27T10:30:38.283Z
4655,4238,NW982199073,WALLET,,MRU,6550,16000,500000,15000000,ACTIVE,true,2024-01-19,2024-06-30T22:03:10.549Z,2024-01-19T20:09:32.016Z,2024-06-30T22:03:10.549Z
4656,4239,NM935276985,MERCHANT,,MRU,28000,28000,500000,15000000,ACTIVE,true,2022-12-19,2024-05-21T21:49:33.817Z,2022-12-19T17:23:03.759Z,2024-05-21T21:49:33.817Z
4657,4240,NC318419456,CORPORATE,,MRU,0,2600,500000,15000000,ACTIVE,true,2022-03-07,2022-05-02T06:43:19.122Z,2022-03-07T14:12:27.557Z,2022-05-02T06:43:19.122Z
4658,4241,NS121828794,SAVINGS,,MRU,436000,436000,500000,15000000,CLOSED,true,2022-05-10,2022-12-20T15:39:03.836Z,2022-05-10T10:19:44.413Z,2022-12-20T15:39:03.836Z
4659,4241,NS217150330,SAVINGS,,MRU,292000,292000,500000,15000000,ACTIVE,false,2022-05-10,2023-05-01T19:52:16.582Z,2022-05-10T10:19:44.413Z,2023-05-01T19:52:16.582Z
4660,4241,NS726857900,SAVINGS,,MRU,258625,284000,500000,15000000,ACTIVE,false,2022-05-10,2022-06-19T06:42:24.532Z,2022-05-10T10:19:44.413Z,2022-06-19T06:42:24.532Z
4661,4242,NW074051499,WALLET,,MRU,2237600,1536000,500000,15000000,ACTIVE,true,2024-06-09,2024-06-10T18:08:17.192Z,2024-06-09T02:37:08.468Z,2024-06-10T18:08:17.192Z
4662,4242,NW195583343,WALLET,,MRU,1747884,1934000,500000,15000000,ACTIVE,false,2024-06-09,2024-11-06T00:44:58.728Z,2024-06-09T02:37:08.468Z,2024-11-06T00:44:58.728Z
4663,4242,NW494841337,WALLET,,MRU,301000,619000,500000,15000000,ACTIVE,false,2024-06-09,2024-12-03T11:08:35.605Z,2024-06-09T02:37:08.468Z,2024-12-03T11:08:35.605Z
4664,4243,NS451356649,SAVINGS,,MRU,160000,38000,500000,15000000,ACTIVE,true,2024-04-17,2024-09-19T03:37:17.912Z,2024-04-17T00:32:53.030Z,2024-09-19T03:37:17.912Z
4665,4244,NW476525068,WALLET,,MRU,22800,10000,500000,15000000,ACTIVE,true,2024-05-25,2024-06-27T00:32:21.395Z,2024-05-25T00:48:14.902Z,2024-06-27T00:32:21.395Z
4666,4245,NS240912556,SAVINGS,,MRU,22000,22000,500000,15000000,DORMANT,true,2023-11-20,2024-08-22T20:39:25.088Z,2023-11-20T04:24:56.516Z,2024-08-22T20:39:25.088Z
4667,4246,NS586963177,SAVINGS,,MRU,33038,44000,500000,15000000,ACTIVE,true,2024-01-15,2024-04-25T19:53:21.485Z,2024-01-15T14:00:02.742Z,2024-04-25T19:53:21.485Z
4668,4247,NW419470668,WALLET,,MRU,12000,12000,500000,15000000,ACTIVE,true,2024-03-21,2024-06-03T17:27:29.590Z,2024-03-21T15:41:58.562Z,2024-06-03T17:27:29.590Z
4669,4248,NA809647798,AGENT,,MRU,272,12000,500000,15000000,ACTIVE,true,2024-08-17,2024-10-08T12:06:04.917Z,2024-08-17T20:24:12.101Z,2024-10-08T12:06:04.917Z
4670,4249,NC323496103,CORPORATE,,MRU,16360,13000,500000,15000000,ACTIVE,true,2024-10-08,2024-10-24T20:32:40.004Z,2024-10-08T20:30:22.933Z,2024-10-24T20:32:40.004Z
4671,4250,NW370012879,WALLET,,MRU,139500,9500,500000,15000000,ACTIVE,true,2022-03-18,2024-02-17T18:37:30.973Z,2022-03-18T23:22:06.324Z,2024-02-17T18:37:30.973Z
4672,4251,NM779403925,MERCHANT,,MRU,1107,48000,500000,15000000,ACTIVE,true,2024-12-25,2024-12-27T16:52:04.959Z,2024-12-25T10:50:33.451Z,2024-12-27T16:52:04.959Z
4673,4252,NW569851994,WALLET,,MRU,47000,47000,500000,15000000,ACTIVE,true,2023-03-16,2024-09-30T09:18:10.859Z,2023-03-16T23:21:29.592Z,2024-09-30T09:18:10.859Z
4674,4253,NW271879822,WALLET,,MRU,141800,300,500000,15000000,ACTIVE,true,2024-09-30,2024-12-09T17:35:04.616Z,2024-09-30T10:09:49.621Z,2024-12-09T17:35:04.616Z
4675,4254,NW661728382,WALLET,,MRU,128000,18000,500000,15000000,ACTIVE,true,2022-07-12,2024-03-20T12:44:15.080Z,2022-07-12T08:55:51.641Z,2024-03-20T12:44:15.080Z
4676,4255,NW302853137,WALLET,,MRU,42000,42000,500000,15000000,DORMANT,true,2023-07-16,2024-03-15T20:17:08.856Z,2023-07-16T12:59:05.770Z,2024-03-15T20:17:08.856Z
4677,4256,NW174714922,WALLET,,MRU,27000,27000,500000,15000000,DORMANT,true,2023-09-18,2024-08-22T22:11:52.397Z,2023-09-18T10:23:26.669Z,2024-08-22T22:11:52.397Z
4678,4257,NW565997362,WALLET,,MRU,202,29000,500000,15000000,ACTIVE,true,2023-09-21,2024-05-10T18:51:56.699Z,2023-09-21T04:34:28.919Z,2024-05-10T18:51:56.699Z
4679,4258,NW620975762,WALLET,,MRU,19000,19000,500000,15000000,ACTIVE,true,2024-09-12,2024-10-03T10:46:26.293Z,2024-09-12T19:54:57.675Z,2024-10-03T10:46:26.293Z
4680,4259,NW088117599,WALLET,,MRU,115400,4100,500000,15000000,ACTIVE,true,2023-10-13,2023-10-22T01:35:50.043Z,2023-10-13T10:00:50.692Z,2023-10-22T01:35:50.043Z
4681,4260,NA223494649,AGENT,,MRU,46000,46000,500000,15000000,ACTIVE,true,2023-03-03,2024-07-09T05:29:22.128Z,2023-03-03T21:59:52.391Z,2024-07-09T05:29:22.128Z
4682,4261,NW977595836,WALLET,,MRU,58700,8700,500000,15000000,ACTIVE,true,2024-07-03,2024-07-14T13:20:34.774Z,2024-07-03T22:34:20.134Z,2024-07-14T13:20:34.774Z
4683,4262,NS384595632,SAVINGS,,MRU,14000,14000,500000,15000000,ACTIVE,true,2024-05-22,2024-07-04T14:09:59.773Z,2024-05-22T14:00:01.161Z,2024-07-04T14:09:59.773Z
4684,4263,NW155092716,WALLET,,MRU,4600,4600,500000,15000000,ACTIVE,true,2022-08-02,2024-03-20T20:48:18.708Z,2022-08-02T06:36:07.308Z,2024-03-20T20:48:18.708Z
4685,4264,NW411858797,WALLET,,MRU,7911,7800,500000,15000000,ACTIVE,true,2022-05-23,2022-08-20T06:24:24.509Z,2022-05-23T08:38:33.611Z,2022-08-20T06:24:24.509Z
4686,4265,NW841951966,WALLET,,MRU,231500,242000,500000,15000000,ACTIVE,true,2023-02-18,2024-06-14T00:48:13.443Z,2023-02-18T20:31:40.455Z,2024-06-14T00:48:13.443Z
4687,4265,NW560407758,WALLET,,MRU,302625,375000,500000,15000000,ACTIVE,false,2023-02-18,2023-09-23T16:18:23.326Z,2023-02-18T20:31:40.455Z,2023-09-23T16:18:23.326Z
4688,4266,NS338420868,SAVINGS,,MRU,16000,16000,500000,15000000,DORMANT,true,2024-06-13,2024-12-03T21:04:56.446Z,2024-06-13T10:08:57.572Z,2024-12-03T21:04:56.446Z
4689,4267,NW095743179,WALLET,,MRU,7100,7100,500000,15000000,CLOSED,true,2023-02-13,2024-06-10T03:20:12.954Z,2023-02-13T22:10:48.509Z,2024-06-10T03:20:12.954Z
4690,4268,NM311944365,MERCHANT,,MRU,2800,2800,500000,15000000,FROZEN,true,2024-06-19,2024-08-17T19:55:46.036Z,2024-06-19T21:33:32.882Z,2024-08-17T19:55:46.036Z
4691,4269,NW481988698,WALLET,,MRU,4350,2700,500000,15000000,ACTIVE,true,2022-12-16,2024-08-27T08:21:01.225Z,2022-12-16T03:54:30.647Z,2024-08-27T08:21:01.225Z
4692,4270,NW687036514,WALLET,,MRU,1400,24000,500000,15000000,ACTIVE,true,2024-01-03,2024-07-07T06:50:46.618Z,2024-01-03T02:30:22.644Z,2024-07-07T06:50:46.618Z
4693,4271,NM919891357,MERCHANT,,MRU,25800,38000,500000,15000000,ACTIVE,true,2023-11-30,2024-04-26T13:18:51.120Z,2023-11-30T23:17:35.367Z,2024-04-26T13:18:51.120Z
4694,4272,NS479505539,SAVINGS,,MRU,39000,25000,500000,15000000,ACTIVE,true,2022-12-30,2023-04-18T10:27:11.530Z,2022-12-30T07:10:26.891Z,2023-04-18T10:27:11.530Z
4695,4273,NW186881423,WALLET,,MRU,78800,8400,500000,15000000,ACTIVE,true,2024-03-14,2024-07-21T16:31:14.557Z,2024-03-14T11:54:20.982Z,2024-07-21T16:31:14.557Z
4696,4274,NW335100799,WALLET,,MRU,8000,29000,500000,15000000,ACTIVE,true,2023-04-20,2023-05-19T19:26:47.499Z,2023-04-20T11:02:57.475Z,2023-05-19T19:26:47.499Z
4697,4275,NW978864014,WALLET,,MRU,5650,18000,500000,15000000,ACTIVE,true,2024-07-05,2024-10-29T16:02:46.670Z,2024-07-05T03:48:19.394Z,2024-10-29T16:02:46.670Z
4698,4276,NW992501259,WALLET,,MRU,4100,4100,500000,15000000,ACTIVE,true,2022-11-02,2023-09-12T00:18:45.633Z,2022-11-02T18:46:08.402Z,2023-09-12T00:18:45.633Z
4699,4277,NM247179865,MERCHANT,,MRU,225000,5000,500000,15000000,ACTIVE,true,2022-11-18,2024-05-14T01:00:26.316Z,2022-11-18T08:32:44.773Z,2024-05-14T01:00:26.316Z
4700,4278,NA445566892,AGENT,,MRU,31000,31000,500000,15000000,ACTIVE,true,2024-02-15,2024-04-25T00:38:22.389Z,2024-02-15T23:12:55.106Z,2024-04-25T00:38:22.389Z
4701,4278,NW676512509,WALLET,,MRU,20000,20000,500000,15000000,ACTIVE,false,2024-02-15,2024-04-02T04:09:14.180Z,2024-02-15T23:12:55.106Z,2024-04-02T04:09:14.180Z
4702,4278,NW889581382,WALLET,,MRU,254000,254000,500000,15000000,ACTIVE,false,2024-02-15,2024-04-27T04:28:43.091Z,2024-02-15T23:12:55.106Z,2024-04-27T04:28:43.091Z
4703,4279,NW388670325,WALLET,,MRU,33000,33000,500000,15000000,ACTIVE,true,2023-07-11,2024-09-18T13:21:27.000Z,2023-07-11T17:30:55.626Z,2024-09-18T13:21:27.000Z
4704,4280,NW185391664,WALLET,,MRU,15000,15000,500000,15000000,ACTIVE,true,2022-12-26,2023-04-13T23:48:39.857Z,2022-12-26T11:43:48.898Z,2023-04-13T23:48:39.857Z
4705,4281,NW485563636,WALLET,,MRU,38000,38000,500000,15000000,ACTIVE,true,2024-08-07,2024-11-22T23:13:19.680Z,2024-08-07T00:47:56.718Z,2024-11-22T23:13:19.680Z
4706,4282,NM105387568,MERCHANT,,MRU,12000,12000,500000,15000000,ACTIVE,true,2024-01-30,2024-11-27T14:21:15.499Z,2024-01-30T21:28:27.470Z,2024-11-27T14:21:15.499Z
4707,4283,NW487999081,WALLET,,MRU,37000,37000,500000,15000000,ACTIVE,true,2023-09-20,2024-04-19T01:28:04.536Z,2023-09-20T10:58:39.536Z,2024-04-19T01:28:04.536Z
4708,4284,NW404078211,WALLET,,MRU,52199,63000,500000,15000000,ACTIVE,true,2024-01-15,2024-04-16T14:59:49.693Z,2024-01-15T07:24:10.953Z,2024-04-16T14:59:49.693Z
4709,4284,NS481973767,SAVINGS,,MRU,414000,414000,500000,15000000,ACTIVE,false,2024-01-15,2024-02-24T01:30:31.940Z,2024-01-15T07:24:10.953Z,2024-02-24T01:30:31.940Z
4710,4285,NW839640617,WALLET,,MRU,1035,18000,500000,15000000,ACTIVE,true,2022-09-30,2023-10-27T22:24:25.503Z,2022-09-30T10:39:22.095Z,2023-10-27T22:24:25.503Z
4711,4286,NW090069770,WALLET,,MRU,57825,13000,500000,15000000,ACTIVE,true,2023-11-21,2024-03-17T08:46:44.885Z,2023-11-21T00:36:46.765Z,2024-03-17T08:46:44.885Z
4712,4287,NS223085641,SAVINGS,,MRU,195900,205000,500000,15000000,ACTIVE,true,2024-10-24,2024-11-20T07:17:50.938Z,2024-10-24T20:58:26.000Z,2024-11-20T07:17:50.938Z
4713,4287,NW859140541,WALLET,,MRU,9920,286000,500000,15000000,ACTIVE,false,2024-10-24,2024-12-03T07:25:18.924Z,2024-10-24T20:58:26.000Z,2024-12-03T07:25:18.924Z
4714,4287,NS296050071,SAVINGS,,MRU,406000,406000,500000,15000000,ACTIVE,false,2024-10-24,2024-11-21T11:53:33.577Z,2024-10-24T20:58:26.000Z,2024-11-21T11:53:33.577Z
4715,4288,NW720108986,WALLET,,MRU,34000,34000,500000,15000000,ACTIVE,true,2023-10-17,2024-01-08T21:11:37.246Z,2023-10-17T17:52:52.198Z,2024-01-08T21:11:37.246Z
4716,4289,NW152125477,WALLET,,MRU,13000,13000,500000,15000000,ACTIVE,true,2024-03-06,2024-10-06T17:20:35.107Z,2024-03-06T15:58:02.148Z,2024-10-06T17:20:35.107Z
4717,4290,NW897513896,WALLET,,MRU,428000,28000,500000,15000000,ACTIVE,true,2023-12-27,2024-09-28T19:18:11.645Z,2023-12-27T21:26:14.315Z,2024-09-28T19:18:11.645Z
4718,4291,NS851626634,SAVINGS,,MRU,11000,11000,500000,15000000,ACTIVE,true,2023-06-10,2024-12-09T19:06:08.594Z,2023-06-10T03:42:18.213Z,2024-12-09T19:06:08.594Z
4719,4292,NW193378597,WALLET,,MRU,8000,8000,500000,15000000,ACTIVE,true,2022-07-26,2022-09-14T01:15:44.568Z,2022-07-26T06:11:50.222Z,2022-09-14T01:15:44.568Z
4720,4293,NS301307201,SAVINGS,,MRU,2190000,14000,500000,15000000,ACTIVE,true,2023-05-05,2024-06-15T08:22:59.517Z,2023-05-05T20:24:54.208Z,2024-06-15T08:22:59.517Z
4721,4294,NC399453997,CORPORATE,,MRU,19000,19000,500000,15000000,ACTIVE,true,2023-12-13,2024-07-30T11:55:12.458Z,2023-12-13T05:49:08.316Z,2024-07-30T11:55:12.458Z
4722,4295,NW326594114,WALLET,,MRU,7800,7800,500000,15000000,ACTIVE,true,2023-09-05,2024-07-14T03:19:24.385Z,2023-09-05T15:59:29.523Z,2024-07-14T03:19:24.385Z
4723,4296,NW143262386,WALLET,,MRU,159860,48000,500000,15000000,ACTIVE,true,2024-09-10,2024-09-21T16:58:40.819Z,2024-09-10T05:26:51.315Z,2024-09-21T16:58:40.819Z
4724,4297,NS778117895,SAVINGS,,MRU,12500,28000,500000,15000000,ACTIVE,true,2024-02-03,2024-04-21T20:40:37.599Z,2024-02-03T22:49:19.141Z,2024-04-21T20:40:37.599Z
4725,4298,NW784559369,WALLET,,MRU,1352,4600,500000,15000000,ACTIVE,true,2024-11-02,2024-12-29T07:46:06.621Z,2024-11-02T19:10:55.314Z,2024-12-29T07:46:06.621Z