id,nni,first_name,last_name,full_name,gender,birth_date,phone,email,wilaya_id,wilaya_name,profile_type,kyc_level,status,registration_date,last_login,created_at,updated_at
2859,8202813981,Bilal,Ould Ahmedou,Bilal Ould Ahmedou,M,1982-09-12,+22235596340,,2,Nouakchott-Ouest,ACTIVE,,ACTIVE,2022-12-04,2023-02-25T17:23:06.115Z,2022-12-04T07:59:17.064Z,2023-02-25T17:23:06.115Z
2860,0402469229,Hamadi,Ould Abdallah,Hamadi Ould Abdallah,M,2004-03-13,+22224905704,hamadi.ouldabdallah458@yahoo.fr,2,Nouakchott-Ouest,STANDARD,,ACTIVE,2022-02-04,2022-12-23T10:33:44.553Z,2022-02-04T13:46:19.395Z,2022-12-23T10:33:44.553Z
2861,7515724214,Yacouba,Dia,Yacouba Dia,M,1975-11-15,+22223792843,yacouba.dia961@yahoo.fr,15,Tiris Zemmour,PREMIUM,,PENDING_KYC,2022-03-27,2024-12-13T00:26:59.029Z,2022-03-27T01:39:12.228Z,2024-12-13T00:26:59.029Z
2862,9308922407,Rokaya,Mint Wedadi,Rokaya Mint Wedadi,F,1993-05-04,+22225630057,,8,Guidimaka,DORMANT,,ACTIVE,2024-02-25,2024-07-13T07:24:58.422Z,2024-02-25T14:15:38.851Z,2024-07-13T07:24:58.422Z
2863,7012806778,Saidou,Bah,Saidou Bah,M,1970-12-04,+22245386882,saidou.bah684@gmail.com,12,Adrar,ACTIVE,,ACTIVE,2023-06-02,2024-11-11T02:28:44.179Z,2023-06-02T10:13:12.639Z,2024-11-11T02:28:44.179Z
2864,9105407972,Adama,Yatabaré,Adama Yatabaré,M,1991-02-22,+22224734502,,5,Trarza,OCCASIONAL,,ACTIVE,2023-12-10,2024-04-04T18:00:32.799Z,2023-12-10T06:52:57.109Z,2024-04-04T18:00:32.799Z
2865,6702420922,El Hadji,Baldé,El Hadji Baldé,M,1967-06-13,+22248448227,elhadji.baldé867@outlook.com,2,Nouakchott-Ouest,STANDARD,,ACTIVE,2024-01-09,2024-04-13T16:54:32.560Z,2024-01-09T20:06:01.026Z,2024-04-13T16:54:32.560Z
2866,8203891911,Mounina,Mint Horma,Mounina Mint Horma,F,1982-07-17,+22247014046,,3,Nouakchott-Sud,DORMANT,,ACTIVE,2023-01-15,2023-08-24T01:02:42.814Z,2023-01-15T07:35:23.868Z,2023-08-24T01:02:42.814Z
2867,9805167095,Astou,Koné,Astou Koné,F,1998-05-12,+22225783589,astou.koné35@outlook.com,5,Trarza,DORMANT,,ACTIVE,2024-06-04,2024-08-14T00:37:16.774Z,2024-06-04T11:07:41.578Z,2024-08-14T00:37:16.774Z
2868,7406663169,Kesso,Sène,Kesso Sène,F,1974-11-04,+22223614414,,6,Brakna,STANDARD,,ACTIVE,2024-01-04,2024-06-12T23:04:26.250Z,2024-01-04T00:36:07.453Z,2024-06-12T23:04:26.250Z
2869,9610938680,Ghalia,Mint Jiddou,Ghalia Mint Jiddou,F,1996-10-24,+22232594672,ghalia.mintjiddou279@hotmail.fr,10,Hodh Ech Chargui,OCCASIONAL,,ACTIVE,2022-04-04,2024-07-16T07:26:39.958Z,2022-04-04T23:09:38.056Z,2024-07-16T07:26:39.958Z
2870,6802416726,Isselmou,Ould Soufi,Isselmou Ould Soufi,M,1968-10-15,+22222574583,isselmou.ouldsoufi57@gmail.com,2,Nouakchott-Ouest,ACTIVE,,ACTIVE,2024-09-20,2024-11-17T01:28:42.997Z,2024-09-20T18:31:03.291Z,2024-11-17T01:28:42.997Z
2871,9712846412,Nagi,Ould Khatri,Nagi Ould Khatri,M,1997-11-11,+22243270914,nagi.ouldkhatri659@hotmail.fr,12,Adrar,STANDARD,,ACTIVE,2022-04-11,2024-06-21T21:54:44.052Z,2022-04-11T12:37:54.390Z,2024-06-21T21:54:44.052Z
2872,9301050514,Mahmoud,Ould Messoud,Mahmoud Ould Messoud,M,1993-11-13,+22241022496,,1,Nouakchott-Nord,STANDARD,,ACTIVE,2023-02-25,2023-07-08T13:15:28.444Z,2023-02-25T21:32:48.059Z,2023-07-08T13:15:28.444Z
2873,8104818101,Aicha,Mint Dah,Aicha Mint Dah,F,1981-01-18,+22245579222,,4,Dakhlet Nouadhibou,OCCASIONAL,,ACTIVE,2023-05-06,2023-10-21T22:57:28.256Z,2023-05-06T04:43:46.425Z,2023-10-21T22:57:28.256Z
2874,9104340517,Ahmed Baba,Ould Maloum,Ahmed Baba Ould Maloum,M,1991-06-10,+22249046994,,4,Dakhlet Nouadhibou,ACTIVE,,ACTIVE,2024-06-12,2024-07-04T11:57:17.989Z,2024-06-12T17:30:16.748Z,2024-07-04T11:57:17.989Z
2875,8402154958,Vatma,Mint Abdel Aziz,Vatma Mint Abdel Aziz,F,1984-10-26,+22235374205,,2,Nouakchott-Ouest,ACTIVE,,ACTIVE,2023-10-05,2024-06-10T09:03:06.348Z,2023-10-05T02:29:55.912Z,2024-06-10T09:03:06.348Z
2876,0403337459,Oumou,Mint Saad,Oumou Mint Saad,F,2004-08-01,+22222318870,oumou.mintsaad188@gmail.com,3,Nouakchott-Sud,ACTIVE,,ACTIVE,2024-08-16,2024-11-20T17:53:26.744Z,2024-08-16T21:42:55.721Z,2024-11-20T17:53:26.744Z
2877,7809691213,Cheikh,Ndiaye,Cheikh Ndiaye,M,1978-04-06,+22223272620,,9,Assaba,STANDARD,,ACTIVE,2024-04-27,2024-08-17T22:18:43.023Z,2024-04-27T03:17:18.118Z,2024-08-17T22:18:43.023Z
2878,7712572214,Awa,Thiam,Awa Thiam,F,1977-02-02,+22246017959,,12,Adrar,STANDARD,,ACTIVE,2024-09-18,2024-10-11T19:56:39.888Z,2024-09-18T17:04:51.225Z,2024-10-11T19:56:39.888Z
2879,8102331772,Diahara,Fall,Diahara Fall,F,1981-11-12,+22232722936,,2,Nouakchott-Ouest,OCCASIONAL,,ACTIVE,2023-06-18,2024-03-30T18:22:27.708Z,2023-06-18T12:02:22.229Z,2024-03-30T18:22:27.708Z
2880,9611536090,Hafsata,Mint Salem,Hafsata Mint Salem,F,1996-05-28,+22224649341,hafsata.mintsalem148@outlook.com,11,Hodh El Gharbi,STANDARD,,ACTIVE,2023-11-21,2024-10-08T15:41:46.184Z,2023-11-21T07:15:30.546Z,2024-10-08T15:41:46.184Z
2881,6302293218,Halima,Mint Abeih,Halima Mint Abeih,F,1963-02-28,+22246455462,,2,Nouakchott-Ouest,STANDARD,,ACTIVE,2022-05-22,2024-10-15T03:42:05.767Z,2022-05-22T17:03:52.998Z,2024-10-15T03:42:05.767Z
2882,8203793316,Mohamed Vall,Ould Horma,Mohamed Vall Ould Horma,M,1982-02-03,+22222148461,,3,Nouakchott-Sud,STANDARD,,ACTIVE,2022-03-11,2024-11-13T05:44:39.175Z,2022-03-11T05:48:27.256Z,2024-11-13T05:44:39.175Z
2883,9204736472,Ely,Ould Nenni,Ely Ould Nenni,M,1992-02-08,+22234279253,ely.ouldnenni207@yahoo.fr,4,Dakhlet Nouadhibou,PREMIUM,,INACTIVE,2024-01-08,2024-07-27T23:09:30.229Z,2024-01-08T03:38:46.243Z,2024-07-27T23:09:30.229Z
2884,7002788732,Pathé,Ly,Pathé Ly,M,1970-12-07,+22223117104,,2,Nouakchott-Ouest,ACTIVE,,SUSPENDED,2022-12-21,2024-09-30T17:53:53.006Z,2022-12-21T00:07:02.435Z,2024-09-30T17:53:53.006Z
2885,0406320869,Mohamed Yahya,Ould Abdel Aziz,Mohamed Yahya Ould Abdel Aziz,M,2004-01-25,+22249988310,mohamedyahya.ouldabdelaziz817@outlook.com,6,Brakna,ACTIVE,,BLOCKED,2024-09-20,2024-12-28T21:35:53.789Z,2024-09-20T22:47:46.427Z,2024-12-28T21:35:53.789Z
2886,7201708634,Djimé,Diop,Djimé Diop,M,1972-11-15,+22224769520,,1,Nouakchott-Nord,ACTIVE,,ACTIVE,2022-07-25,2023-09-05T21:22:24.561Z,2022-07-25T09:58:52.305Z,2023-09-05T21:22:24.561Z
2887,6904190122,Soueidatt,Ould Khatri,Soueidatt Ould Khatri,M,1969-11-23,+22224882082,,4,Dakhlet Nouadhibou,STANDARD,,ACTIVE,2022-06-29,2023-01-14T21:53:30.635Z,2022-06-29T02:59:37.059Z,2023-01-14T21:53:30.635Z
2888,7602739598,Khadijetou,Diagana,Khadijetou Diagana,F,1976-04-18,+22225833389,khadijetou.diagana32@yahoo.fr,2,Nouakchott-Ouest,DORMANT,,ACTIVE,2022-07-30,2024-01-27T07:32:37.885Z,2022-07-30T15:04:57.128Z,2024-01-27T07:32:37.885Z
2889,8201880153,Abeih,Ould Dah,Abeih Ould Dah,M,1982-07-07,+22223434041,,1,Nouakchott-Nord,STANDARD,,ACTIVE,2024-11-26,2024-12-13T17:54:55.916Z,2024-11-26T20:24:17.726Z,2024-12-13T17:54:55.916Z
2890,6402017178,Hapsatou,Diarra,Hapsatou Diarra,F,1964-04-07,+22235912574,,2,Nouakchott-Ouest,STANDARD,,ACTIVE,2023-11-10,2024-10-18T13:28:35.728Z,2023-11-10T23:15:49.177Z,2024-10-18T13:28:35.728Z
2891,0204176538,Houda,Diop,Houda Diop,F,2002-02-12,+22223242663,,4,Dakhlet Nouadhibou,STANDARD,,ACTIVE,2024-11-25,2024-12-11T07:12:11.244Z,2024-11-25T04:27:13.087Z,2024-12-11T07:12:11.244Z
2892,6702428829,Rokaya,Diakité,Rokaya Diakité,F,1967-08-01,+22246824851,rokaya.diakité776@outlook.com,2,Nouakchott-Ouest,OCCASIONAL,,ACTIVE,2022-03-31,2024-12-11T00:16:14.075Z,2022-03-31T13:56:55.050Z,2024-12-11T00:16:14.075Z
2893,6708970052,Kadiatou,Diallo,Kadiatou Diallo,F,1967-01-14,+22233456235,kadiatou.diallo201@hotmail.fr,8,Guidimaka,OCCASIONAL,,ACTIVE,2022-01-29,2023-04-09T22:14:34.714Z,2022-01-29T18:38:33.824Z,2023-04-09T22:14:34.714Z
2894,8013083889,Rougui,Kouyaté,Rougui Kouyaté,F,1980-08-15,+22234734159,,13,Tagant,STANDARD,,ACTIVE,2022-05-12,2024-08-01T00:32:06.454Z,2022-05-12T03:28:31.668Z,2024-08-01T00:32:06.454Z
2895,7904122881,Hapsatou,Anne,Hapsatou Anne,F,1979-09-18,+22222823103,hapsatou.anne363@hotmail.fr,4,Dakhlet Nouadhibou,STANDARD,,ACTIVE,2022-11-02,2022-12-12T22:36:26.167Z,2022-11-02T01:54:06.829Z,2022-12-12T22:36:26.167Z
2896,8405530612,Mohamed Salem,Barry,Mohamed Salem Barry,M,1984-07-13,+22235360790,mohamedsalem.barry84@yahoo.fr,5,Trarza,STANDARD,,ACTIVE,2022-12-30,2024-05-12T07:25:22.066Z,2022-12-30T18:54:26.391Z,2024-05-12T07:25:22.066Z
2897,9104279596,Mohamed Vall,Ould Lemrabott,Mohamed Vall Ould Lemrabott,M,1991-08-16,+22232465477,mohamedvall.ouldlemrabott527@yahoo.fr,4,Dakhlet Nouadhibou,STANDARD,,ACTIVE,2022-03-01,2022-04-24T00:31:56.530Z,2022-03-01T15:39:40.341Z,2022-04-24T00:31:56.530Z
2898,7505367496,Saidou,Mbow,Saidou Mbow,M,1975-08-25,+22223731531,,5,Trarza,PREMIUM,,ACTIVE,2022-02-25,2024-09-12T03:10:22.103Z,2022-02-25T18:33:36.206Z,2024-09-12T03:10:22.103Z
2899,6104864560,Horma,Ould Cheikh,Horma Ould Cheikh,M,1961-08-23,+22235585189,,4,Dakhlet Nouadhibou,OCCASIONAL,,SUSPENDED,2023-10-02,2024-04-06T12:52:10.731Z,2023-10-02T01:52:25.782Z,2024-04-06T12:52:10.731Z
2900,6403994386,Moustapha,Wane,Moustapha Wane,M,1964-09-05,+22225886161,,3,Nouakchott-Sud,OCCASIONAL,,ACTIVE,2024-08-08,2024-09-13T04:26:08.750Z,2024-08-08T00:03:59.557Z,2024-09-13T04:26:08.750Z
2901,7302327701,Abeih,Ould Eleya,Abeih Ould Eleya,M,1973-02-19,+22233695256,abeih.ouldeleya584@yahoo.fr,2,Nouakchott-Ouest,PREMIUM,,PENDING_KYC,2022-06-07,2024-04-11T06:50:49.166Z,2022-06-07T21:26:25.560Z,2024-04-11T06:50:49.166Z
2902,6901687625,Sory,Yatabaré,Sory Yatabaré,M,1969-12-04,+22241498882,,1,Nouakchott-Nord,OCCASIONAL,,INACTIVE,2022-09-03,2024-07-20T15:20:08.230Z,2022-09-03T01:38:39.237Z,2024-07-20T15:20:08.230Z
2903,7102843083,Tourad,Ould Bouha,Tourad Ould Bouha,M,1971-11-10,+22244388299,,2,Nouakchott-Ouest,OCCASIONAL,,ACTIVE,2022-07-22,2022-09-19T12:14:47.669Z,2022-07-22T10:51:58.243Z,2022-09-19T12:14:47.669Z
2904,0213020435,Mahfoudh,Ould Messoud,Mahfoudh Ould Messoud,M,2002-07-02,+22222846634,,13,Tagant,DORMANT,,INACTIVE,2024-12-17,2024-12-23T00:18:28.494Z,2024-12-17T10:31:30.227Z,2024-12-23T00:18:28.494Z
2905,9601597928,Sidi,Ould Bouha,Sidi Ould Bouha,M,1996-04-22,+22225365260,sidi.ouldbouha378@hotmail.fr,1,Nouakchott-Nord,OCCASIONAL,,ACTIVE,2023-07-29,2023-08-04T10:32:34.289Z,2023-07-29T20:22:33.415Z,2023-08-04T10:32:34.289Z
2906,8203458280,Habiba,Diallo,Habiba Diallo,F,1982-07-05,+22223208414,,3,Nouakchott-Sud,OCCASIONAL,,SUSPENDED,2023-04-30,2024-07-09T11:32:54.240Z,2023-04-30T16:54:35.603Z,2024-07-09T11:32:54.240Z
2907,7105935820,Mounina,Mint Nenni,Mounina Mint Nenni,F,1971-10-11,+22246607627,,5,Trarza,DORMANT,,ACTIVE,2022-05-05,2023-03-18T05:09:55.823Z,2022-05-05T09:54:00.954Z,2023-03-18T05:09:55.823Z
2908,7903760147,Bakary,Baldé,Bakary Baldé,M,1979-10-12,+22224280461,,3,Nouakchott-Sud,STANDARD,,ACTIVE,2023-05-26,2023-10-23T01:18:22.807Z,2023-05-26T08:41:15.418Z,2023-10-23T01:18:22.807Z
2909,6302339680,Yacouba,Soumaré,Yacouba Soumaré,M,1963-04-20,+22222662051,yacouba.soumaré532@hotmail.fr,2,Nouakchott-Ouest,OCCASIONAL,,ACTIVE,2022-08-22,2023-04-10T13:21:56.139Z,2022-08-22T11:38:52.641Z,2023-04-10T13:21:56.139Z
2910,0401892105,Oumou,Dia,Oumou Dia,F,2004-08-06,+22224223258,oumou.dia915@outlook.com,1,Nouakchott-Nord,STANDARD,,ACTIVE,2023-07-21,2024-10-26T07:35:49.120Z,2023-07-21T21:45:56.784Z,2024-10-26T07:35:49.120Z
2911,7504405690,Mahjouba,Mint Tourad,Mahjouba Mint Tourad,F,1975-02-01,+22234767365,,4,Dakhlet Nouadhibou,STANDARD,,ACTIVE,2022-06-26,2023-07-16T00:15:24.720Z,2022-06-26T11:49:58.227Z,2023-07-16T00:15:24.720Z
2912,9206312722,Bintou,Diagana,Bintou Diagana,F,1992-06-10,+22232031341,,6,Brakna,STANDARD,,ACTIVE,2022-05-31,2024-01-24T13:55:44.850Z,2022-05-31T15:04:48.706Z,2024-01-24T13:55:44.850Z
2913,8615404301,Soumaïla,Touré,Soumaïla Touré,M,1986-06-08,+22249139876,,15,Tiris Zemmour,ACTIVE,,BLOCKED,2023-11-16,2024-06-21T03:45:56.928Z,2023-11-16T15:49:46.399Z,2024-06-21T03:45:56.928Z
2914,6710034821,Hacen,Ould Jiddou,Hacen Ould Jiddou,M,1967-03-03,+22223401706,,10,Hodh Ech Chargui,OCCASIONAL,,ACTIVE,2022-01-01,2023-06-22T08:51:47.936Z,2022-01-01T00:15:13.530Z,2023-06-22T08:51:47.936Z
2915,7812113452,Aissata,Mint Isselmou,Aissata Mint Isselmou,F,1978-12-19,+22222567311,,12,Adrar,ACTIVE,,ACTIVE,2023-05-21,2024-12-27T08:22:43.212Z,2023-05-21T10:33:30.123Z,2024-12-27T08:22:43.212Z
2916,0302056646,Jiddou,Ould Vall,Jiddou Ould Vall,M,2003-04-16,+22222563263,,2,Nouakchott-Ouest,STANDARD,,ACTIVE,2022-03-12,2023-08-27T03:49:34.711Z,2022-03-12T10:25:33.179Z,2023-08-27T03:49:34.711Z
2917,0404616810,Mbarka,Mint Hamadi,Mbarka Mint Hamadi,F,2004-11-01,+22224626976,,4,Dakhlet Nouadhibou,STANDARD,,ACTIVE,2022-06-07,2024-05-03T11:32:05.132Z,2022-06-07T00:59:55.615Z,2024-05-03T11:32:05.132Z
2918,7902053983,Mariam,Mint Cheikh,Mariam Mint Cheikh,F,1979-10-27,+22223978083,mariam.mintcheikh407@yahoo.fr,2,Nouakchott-Ouest,OCCASIONAL,,ACTIVE,2022-05-23,2022-09-03T17:24:50.634Z,2022-05-23T00:23:21.318Z,2022-09-03T17:24:50.634Z
2919,8501546144,Messoud,Kane,Messoud Kane,M,1985-05-20,+22237023592,,1,Nouakchott-Nord,DORMANT,,ACTIVE,2023-07-12,2024-07-27T07:40:19.689Z,2023-07-12T23:28:31.418Z,2024-07-27T07:40:19.689Z
2920,6501154732,Idrissa,Diallo,Idrissa Diallo,M,1965-11-27,+22234137376,idrissa.diallo599@hotmail.fr,1,Nouakchott-Nord,ACTIVE,,INACTIVE,2022-05-23,2022-08-29T13:37:40.871Z,2022-05-23T07:28:43.777Z,2022-08-29T13:37:40.871Z
2921,7903161355,Khadijetou,Mint Vall,Khadijetou Mint Vall,F,1979-05-14,+22225394500,khadijetou.mintvall962@yahoo.fr,3,Nouakchott-Sud,STANDARD,,ACTIVE,2022-01-29,2022-08-31T12:33:47.661Z,2022-01-29T21:27:32.883Z,2022-08-31T12:33:47.661Z
2922,0201662838,Rokaya,Mint Cheikh,Rokaya Mint Cheikh,F,2002-08-06,+22241272583,,1,Nouakchott-Nord,OCCASIONAL,,SUSPENDED,2022-10-28,2023-10-24T21:09:26.174Z,2022-10-28T08:12:08.841Z,2023-10-24T21:09:26.174Z
2923,8002749998,Haby,Yatabaré,Haby Yatabaré,F,1980-07-04,+22235796929,,2,Nouakchott-Ouest,DORMANT,,ACTIVE,2024-05-13,2024-05-24T15:36:31.648Z,2024-05-13T10:15:28.990Z,2024-05-24T15:36:31.648Z
2924,6704700880,Hawa,Guèye,Hawa Guèye,F,1967-12-06,+22224378404,hawa.guèye112@gmail.com,4,Dakhlet Nouadhibou,STANDARD,,INACTIVE,2024-12-09,2024-12-23T05:11:56.224Z,2024-12-09T14:10:16.686Z,2024-12-23T05:11:56.224Z
2925,9002217641,Youssouf,Ould Bouha,Youssouf Ould Bouha,M,1990-02-19,+22242511063,,2,Nouakchott-Ouest,OCCASIONAL,,ACTIVE,2022-11-07,2023-10-25T07:30:02.740Z,2022-11-07T03:57:01.093Z,2023-10-25T07:30:02.740Z
2926,6705979924,Fanta,Sy,Fanta Sy,F,1967-10-03,+22222231862,fanta.sy599@gmail.com,5,Trarza,STANDARD,,ACTIVE,2023-08-22,2024-02-04T03:29:04.601Z,2023-08-22T06:16:54.120Z,2024-02-04T03:29:04.601Z
2927,0304010952,Tekber,Mint Ethmane,Tekber Mint Ethmane,F,2003-10-28,+22222063364,tekber.mintethmane125@gmail.com,4,Dakhlet Nouadhibou,PREMIUM,,ACTIVE,2024-10-20,2024-11-07T09:37:53.067Z,2024-10-20T20:48:14.914Z,2024-11-07T09:37:53.067Z
2928,6115953684,Kani,Wade,Kani Wade,F,1961-12-04,+22223371651,,15,Tiris Zemmour,OCCASIONAL,,ACTIVE,2022-08-30,2023-06-19T21:19:34.760Z,2022-08-30T00:55:51.392Z,2023-06-19T21:19:34.760Z
2929,6902936364,Mbareck,Fall,Mbareck Fall,M,1969-07-21,+22222581457,mbareck.fall534@outlook.com,2,Nouakchott-Ouest,STANDARD,,ACTIVE,2024-08-09,2024-12-22T19:04:30.800Z,2024-08-09T06:16:57.337Z,2024-12-22T19:04:30.800Z
2930,6910397274,Adama,Sow,Adama Sow,F,1969-02-26,+22223712108,,10,Hodh Ech Chargui,VIP,,ACTIVE,2023-12-25,2024-12-05T18:56:09.213Z,2023-12-25T15:51:12.795Z,2024-12-05T18:56:09.213Z
2931,7602957938,Bocar,Sissoko,Bocar Sissoko,M,1976-10-17,+22225593870,,2,Nouakchott-Ouest,STANDARD,,ACTIVE,2022-07-18,2023-05-30T04:22:59.326Z,2022-07-18T00:05:24.973Z,2023-05-30T04:22:59.326Z
2932,9602774050,Lemrabott,Ould El Ghassem,Lemrabott Ould El Ghassem,M,1996-02-15,+22225828732,lemrabott.ouldelghassem956@gmail.com,2,Nouakchott-Ouest,OCCASIONAL,,ACTIVE,2024-08-26,2024-09-04T05:08:14.033Z,2024-08-26T07:05:26.010Z,2024-09-04T05:08:14.033Z
2933,7102823553,Nana,Cissé,Nana Cissé,F,1971-11-13,+22248428856,,2,Nouakchott-Ouest,OCCASIONAL,,PENDING_KYC,2024-10-15,2024-11-05T12:24:35.880Z,2024-10-15T00:12:56.544Z,2024-11-05T12:24:35.880Z
2934,9115748331,Pape,Faye,Pape Faye,M,1991-08-26,+22235379588,pape.faye560@outlook.com,15,Tiris Zemmour,STANDARD,,ACTIVE,2023-01-29,2023-12-31T14:46:24.221Z,2023-01-29T11:03:33.191Z,2023-12-31T14:46:24.221Z
2935,6504565179,Cheikh Sidiya,Ndiaye,Cheikh Sidiya Ndiaye,M,1965-09-17,+22242984442,,4,Dakhlet Nouadhibou,PREMIUM,,INACTIVE,2022-05-23,2024-02-27T14:42:24.683Z,2022-05-23T22:21:46.280Z,2024-02-27T14:42:24.683Z
2936,0406205298,Karounga,Kane,Karounga Kane,M,2004-07-09,+22223260208,karounga.kane308@gmail.com,6,Brakna,OCCASIONAL,,ACTIVE,2023-01-25,2024-02-21T18:59:44.258Z,2023-01-25T12:57:20.047Z,2024-02-21T18:59:44.258Z
2937,7502122492,Mohamed Salem,Fall,Mohamed Salem Fall,M,1975-02-08,+22223902931,mohamedsalem.fall414@yahoo.fr,2,Nouakchott-Ouest,OCCASIONAL,,ACTIVE,2023-11-08,2024-02-17T18:24:35.392Z,2023-11-08T05:40:07.220Z,2024-02-17T18:24:35.392Z
2938,6001164143,El Mokhtar,Gaye,El Mokhtar Gaye,M,1960-04-14,+22246816444,,1,Nouakchott-Nord,DORMANT,,ACTIVE,2022-02-12,2023-03-03T16:24:39.891Z,2022-02-12T12:45:04.028Z,2023-03-03T16:24:39.891Z
2939,0201606410,Zeinab,Dia,Zeinab Dia,F,2002-08-27,+22223644469,,1,Nouakchott-Nord,STANDARD,,ACTIVE,2024-11-13,2024-12-29T12:25:37.660Z,2024-11-13T10:59:44.132Z,2024-12-29T12:25:37.660Z
2940,9105328187,Demba,Thiaw,Demba Thiaw,M,1991-06-23,+22233032529,,5,Trarza,ACTIVE,,ACTIVE,2022-03-04,2023-08-22T14:07:30.313Z,2022-03-04T06:06:05.198Z,2023-08-22T14:07:30.313Z
2941,9201235372,Mohamed Vall,Bah,Mohamed Vall Bah,M,1992-06-05,+22225047009,,1,Nouakchott-Nord,OCCASIONAL,,ACTIVE,2023-10-09,2023-11-11T22:34:36.929Z,2023-10-09T01:01:20.329Z,2023-11-11T22:34:36.929Z
2942,0403067785,Aïssata,Niang,Aïssata Niang,F,2004-05-08,+22223125532,,3,Nouakchott-Sud,STANDARD,,INACTIVE,2022-06-14,2022-10-18T03:13:33.087Z,2022-06-14T13:30:54.038Z,2022-10-18T03:13:33.087Z
2943,7802963511,Limam,Doucouré,Limam Doucouré,M,1978-02-13,+22224882244,,2,Nouakchott-Ouest,STANDARD,,ACTIVE,2024-04-09,2024-09-21T16:26:11.685Z,2024-04-09T15:22:17.117Z,2024-09-21T16:26:11.685Z
2944,9605403782,Modou,Bah,Modou Bah,M,1996-11-22,+22223231629,,5,Trarza,OCCASIONAL,,ACTIVE,2023-12-15,2024-05-24T07:52:36.497Z,2023-12-15T00:12:35.816Z,2024-05-24T07:52:36.497Z
2945,9901667895,Horma,Thiam,Horma Thiam,M,1999-03-15,+22247151125,,1,Nouakchott-Nord,OCCASIONAL,,ACTIVE,2024-06-07,2024-08-18T23:56:22.557Z,2024-06-07T18:04:19.742Z,2024-08-18T23:56:22.557Z
2946,6906835591,Mouna,Mint Mohamed,Mouna Mint Mohamed,F,1969-02-18,+22223976788,mouna.mintmohamed103@yahoo.fr,6,Brakna,STANDARD,,ACTIVE,2022-03-16,2023-05-30T20:46:39.398Z,2022-03-16T13:04:30.922Z,2023-05-30T20:46:39.398Z
2947,7604428146,Mahjouba,Mint Zein,Mahjouba Mint Zein,F,1976-03-23,+22224522261,mahjouba.mintzein719@yahoo.fr,4,Dakhlet Nouadhibou,OCCASIONAL,,ACTIVE,2022-10-11,2024-06-16T19:37:34.378Z,2022-10-11T16:15:37.340Z,2024-06-16T19:37:34.378Z
2948,8903861465,Banna,Sène,Banna Sène,F,1989-03-01,+22237525139,,3,Nouakchott-Sud,OCCASIONAL,,SUSPENDED,2022-12-15,2024-02-22T06:06:21.314Z,2022-12-15T10:30:09.232Z,2024-02-22T06:06:21.314Z
2949,0408770871,Awa,Sène,Awa Sène,F,2004-03-09,+22223423266,awa.sène578@gmail.com,8,Guidimaka,STANDARD,,ACTIVE,2022-09-01,2023-03-14T10:32:29.659Z,2022-09-01T09:40:57.944Z,2023-03-14T10:32:29.659Z
2950,6202925972,Habiba,Guèye,Habiba Guèye,F,1962-10-25,+22241232761,,2,Nouakchott-Ouest,STANDARD,,ACTIVE,2023-02-06,2023-10-12T18:48:13.960Z,2023-02-06T00:16:26.643Z,2023-10-12T18:48:13.960Z
2951,7203812553,Sakouba,Barry,Sakouba Barry,M,1972-09-19,+22223545296,sakouba.barry522@yahoo.fr,3,Nouakchott-Sud,ACTIVE,,ACTIVE,2022-09-19,2024-06-28T04:12:44.342Z,2022-09-19T02:40:06.995Z,2024-06-28T04:12:44.342Z
2952,8814663905,Mohamed Salem,Sarr,Mohamed Salem Sarr,M,1988-09-09,+22223579307,,14,Inchiri,ACTIVE,,ACTIVE,2024-12-25,2024-12-28T13:31:50.341Z,2024-12-25T10:34:00.974Z,2024-12-28T13:31:50.341Z
2953,7904433213,Ténin,Ly,Ténin Ly,F,1979-10-18,+22233932188,ténin.ly277@outlook.com,4,Dakhlet Nouadhibou,OCCASIONAL,,ACTIVE,2024-09-29,2024-11-22T22:52:30.657Z,2024-09-29T20:38:44.393Z,2024-11-22T22:52:30.657Z
2954,7901671483,Koumba,Ndiaye,Koumba Ndiaye,F,1979-01-21,+22236575326,,1,Nouakchott-Nord,OCCASIONAL,,ACTIVE,2022-12-30,2024-12-09T18:44:55.229Z,2022-12-30T16:26:16.387Z,2024-12-09T18:44:55.229Z
2955,6301592152,Aicha,Dieng,Aicha Dieng,F,1963-05-14,+22237781443,aicha.dieng964@gmail.com,1,Nouakchott-Nord,OCCASIONAL,,BLOCKED,2024-08-05,2024-08-16T19:16:16.768Z,2024-08-05T22:56:04.292Z,2024-08-16T19:16:16.768Z
2956,6203720381,Abdourahmane,Sakho,Abdourahmane Sakho,M,1962-08-09,+22225647745,,3,Nouakchott-Sud,PREMIUM,,ACTIVE,2024-12-23,2024-12-28T07:12:13.645Z,2024-12-23T21:16:37.125Z,2024-12-28T07:12:13.645Z
2957,7406209312,El Mokhtar,Yatabaré,El Mokhtar Yatabaré,M,1974-08-22,+22243221131,elmokhtar.yatabaré559@hotmail.fr,6,Brakna,STANDARD,,ACTIVE,2022-07-25,2022-10-16T15:59:38.172Z,2022-07-25T16:15:11.166Z,2022-10-16T15:59:38.172Z
2958,6101176855,Bintou,Diarra,Bintou Diarra,F,1961-09-21,+22233515538,,1,Nouakchott-Nord,STANDARD,,ACTIVE,2022-12-15,2024-12-15T00:32:50.492Z,2022-12-15T08:31:58.093Z,2024-12-15T00:32:50.492Z
2959,0001739448,Gaoussou,Koita,Gaoussou Koita,M,2000-06-26,+22223857175,gaoussou.koita148@hotmail.fr,1,Nouakchott-Nord,PREMIUM,,ACTIVE,2023-09-14,2024-06-07T10:55:11.992Z,2023-09-14T02:40:09.597Z,2024-06-07T10:55:11.992Z
2960,8603388714,Mariama,Dia,Mariama Dia,F,1986-09-23,+22223824768,,3,Nouakchott-Sud,ACTIVE,,ACTIVE,2022-06-28,2022-12-08T23:53:11.338Z,2022-06-28T05:45:11.185Z,2022-12-08T23:53:11.338Z
2961,0006943912,Maguette,Sall,Maguette Sall,F,2000-08-13,+22237200470,,6,Brakna,STANDARD,,INACTIVE,2023-06-06,2024-05-07T15:47:29.091Z,2023-06-06T12:49:21.210Z,2024-05-07T15:47:29.091Z
2962,0303289577,Sambou,Dramé,Sambou Dramé,M,2003-04-15,+22225023286,,3,Nouakchott-Sud,OCCASIONAL,,ACTIVE,2023-06-26,2024-02-03T21:05:29.077Z,2023-06-26T07:50:11.079Z,2024-02-03T21:05:29.077Z
2963,0003365377,Mariam,Sakho,Mariam Sakho,F,2000-09-10,+22225128451,mariam.sakho721@yahoo.fr,3,Nouakchott-Sud,STANDARD,,ACTIVE,2023-02-13,2023-10-05T01:45:23.881Z,2023-02-13T13:03:01.153Z,2023-10-05T01:45:23.881Z
2964,7915050962,Aziza,Sow,Aziza Sow,F,1979-03-13,+22224875879,,15,Tiris Zemmour,STANDARD,,ACTIVE,2022-06-07,2023-06-10T17:02:16.923Z,2022-06-07T16:50:29.232Z,2023-06-10T17:02:16.923Z
2965,7715981132,Kadiatou,Camara,Kadiatou Camara,F,1977-02-20,+22236229941,kadiatou.camara480@yahoo.fr,15,Tiris Zemmour,STANDARD,,BLOCKED,2023-02-13,2024-04-03T11:22:01.956Z,2023-02-13T10:12:20.591Z,2024-04-03T11:22:01.956Z
2966,6301758842,Jemila,Mint Ahmed,Jemila Mint Ahmed,F,1963-09-28,+22247037049,,1,Nouakchott-Nord,OCCASIONAL,,ACTIVE,2024-07-12,2024-08-09T10:00:40.883Z,2024-07-12T12:27:45.954Z,2024-08-09T10:00:40.883Z
2967,7112564196,Souleymane,Cissé,Souleymane Cissé,M,1971-01-04,+22234516119,,12,Adrar,OCCASIONAL,,ACTIVE,2024-08-08,2024-12-05T14:11:42.774Z,2024-08-08T21:22:22.272Z,2024-12-05T14:11:42.774Z
2968,7503792777,Mouna,Mint Cheikh,Mouna Mint Cheikh,F,1975-11-23,+22245108852,mouna.mintcheikh119@outlook.com,3,Nouakchott-Sud,STANDARD,,ACTIVE,2022-09-18,2023-02-09T18:35:38.754Z,2022-09-18T03:56:15.540Z,2023-02-09T18:35:38.754Z
2969,8402836753,Brahim,Ould Mahmoud,Brahim Ould Mahmoud,M,1984-09-06,+22233891826,,2,Nouakchott-Ouest,STANDARD,,ACTIVE,2024-01-15,2024-08-17T06:48:47.039Z,2024-01-15T10:21:14.972Z,2024-08-17T06:48:47.039Z
2970,7301023556,Mouna,Mint Ahmed,Mouna Mint Ahmed,F,1973-06-08,+22232708289,mouna.mintahmed254@yahoo.fr,1,Nouakchott-Nord,STANDARD,,ACTIVE,2022-07-19,2022-08-13T08:18:30.022Z,2022-07-19T01:53:09.280Z,2022-08-13T08:18:30.022Z
2971,8501273141,Oumou,Diop,Oumou Diop,F,1985-08-20,+22248962153,oumou.diop703@hotmail.fr,1,Nouakchott-Nord,STANDARD,,ACTIVE,2022-06-01,2022-11-15T04:40:24.295Z,2022-06-01T22:58:45.674Z,2022-11-15T04:40:24.295Z
2972,7401944762,Mbareck,Ould Messoud,Mbareck Ould Messoud,M,1974-08-25,+22223757670,mbareck.ouldmessoud882@outlook.com,1,Nouakchott-Nord,OCCASIONAL,,ACTIVE,2024-02-13,2024-11-23T12:33:31.947Z,2024-02-13T20:44:01.776Z,2024-11-23T12:33:31.947Z
2973,8701450780,Nagi,Ould Vall,Nagi Ould Vall,M,1987-10-14,+22242042087,,1,Nouakchott-Nord,DORMANT,,ACTIVE,2024-03-24,2024-07-11T04:53:02.566Z,2024-03-24T15:51:50.804Z,2024-07-11T04:53:02.566Z
2974,8101924757,Mariam,Mint Vall,Mariam Mint Vall,F,1981-06-21,+22225544036,,1,Nouakchott-Nord,STANDARD,,ACTIVE,2024-05-01,2024-11-09T07:34:10.744Z,2024-05-01T20:37:16.562Z,2024-11-09T07:34:10.744Z
2975,0107969653,Yacouba,Diagana,Yacouba Diagana,M,2001-04-10,+22223886428,yacouba.diagana200@hotmail.fr,7,Gorgol,OCCASIONAL,,ACTIVE,2024-11-17,2024-11-24T23:05:24.295Z,2024-11-17T19:42:13.822Z,2024-11-24T23:05:24.295Z
2976,8709812588,Isselmou,Ould Horma,Isselmou Ould Horma,M,1987-12-02,+22237303717,isselmou.ouldhorma893@yahoo.fr,9,Assaba,ACTIVE,,ACTIVE,2022-04-02,2024-08-26T16:30:13.985Z,2022-04-02T14:53:19.881Z,2024-08-26T16:30:13.985Z
2977,9014220794,Sidina,Kane,Sidina Kane,M,1990-02-11,+22236893927,sidina.kane492@hotmail.fr,14,Inchiri,STANDARD,,ACTIVE,2022-11-13,2024-11-29T01:08:27.292Z,2022-11-13T09:17:33.441Z,2024-11-29T01:08:27.292Z
2978,8414914810,Zahra,Kouyaté,Zahra Kouyaté,F,1984-02-06,+22233163589,,14,Inchiri,OCCASIONAL,,SUSPENDED,2024-07-23,2024-11-21T11:27:17.320Z,2024-07-23T07:39:52.094Z,2024-11-21T11:27:17.320Z
2979,8309275925,Ghali,Ould Maloum,Ghali Ould Maloum,M,1983-09-11,+22224861526,,9,Assaba,OCCASIONAL,,ACTIVE,2022-04-26,2024-08-21T18:33:45.665Z,2022-04-26T17:44:07.196Z,2024-08-21T18:33:45.665Z
2980,8704153255,Khadijetou,Kouyaté,Khadijetou Kouyaté,F,1987-01-04,+22236995092,,4,Dakhlet Nouadhibou,STANDARD,,ACTIVE,2022-02-06,2024-05-15T03:08:29.760Z,2022-02-06T02:44:18.775Z,2024-05-15T03:08:29.760Z
2981,8502086504,Naima,Fofana,Naima Fofana,F,1985-06-12,+22222879724,naima.fofana355@gmail.com,2,Nouakchott-Ouest,STANDARD,,ACTIVE,2022-12-14,2023-01-02T02:32:13.385Z,2022-12-14T11:08:19.590Z,2023-01-02T02:32:13.385Z
2982,8603703906,Fatou,Sissoko,Fatou Sissoko,F,1986-10-16,+22232253713,,3,Nouakchott-Sud,ACTIVE,,ACTIVE,2023-11-22,2024-02-02T17:39:38.218Z,2023-11-22T06:55:45.447Z,2024-02-02T17:39:38.218Z
2983,8908096730,Assa,Wade,Assa Wade,F,1989-07-05,+22232014449,,8,Guidimaka,OCCASIONAL,,ACTIVE,2023-10-20,2024-07-18T22:48:53.271Z,2023-10-20T19:00:04.276Z,2024-07-18T22:48:53.271Z
2984,7410652016,Naha,Mint Salem,Naha Mint Salem,F,1974-11-12,+22237872385,,10,Hodh Ech Chargui,DORMANT,,ACTIVE,2024-08-08,2024-10-01T14:08:58.051Z,2024-08-08T19:46:13.497Z,2024-10-01T14:08:58.051Z
2985,8711238943,Penda,Dramé,Penda Dramé,F,1987-09-01,+22222137487,penda.dramé330@yahoo.fr,11,Hodh El Gharbi,OCCASIONAL,,SUSPENDED,2023-06-16,2024-12-13T19:27:25.726Z,2023-06-16T23:36:06.037Z,2024-12-13T19:27:25.726Z
2986,9402237579,Ténin,Doucouré,Ténin Doucouré,F,1994-08-26,+22234451596,ténin.doucouré490@hotmail.fr,2,Nouakchott-Ouest,STANDARD,,INACTIVE,2024-07-12,2024-12-08T17:38:36.678Z,2024-07-12T15:19:17.268Z,2024-12-08T17:38:36.678Z
2987,6204632799,Jemila,Mint Mokhtar,Jemila Mint Mokhtar,F,1962-02-18,+22236372821,jemila.mintmokhtar867@gmail.com,4,Dakhlet Nouadhibou,ACTIVE,,ACTIVE,2022-10-30,2024-11-18T16:12:32.011Z,2022-10-30T00:35:43.700Z,2024-11-18T16:12:32.011Z
2988,6105858665,Ely,Ould Hamadi,Ely Ould Hamadi,M,1961-09-21,+22223921556,ely.ouldhamadi10@yahoo.fr,5,Trarza,STANDARD,,INACTIVE,2022-03-25,2023-04-16T15:05:09.759Z,2022-03-25T00:37:17.864Z,2023-04-16T15:05:09.759Z
2989,8902496121,Hawa,Diop,Hawa Diop,F,1989-03-13,+22232838138,hawa.diop804@gmail.com,2,Nouakchott-Ouest,PREMIUM,,ACTIVE,2023-07-10,2024-03-24T04:25:25.612Z,2023-07-10T12:30:56.589Z,2024-03-24T04:25:25.612Z
2990,6707289447,Zahra,Touré,Zahra Touré,F,1967-08-14,+22245808180,,7,Gorgol,ACTIVE,,ACTIVE,2024-02-05,2024-12-28T13:09:47.991Z,2024-02-05T21:33:32.259Z,2024-12-28T13:09:47.991Z
2991,8703149978,Rougui,Fall,Rougui Fall,F,1987-04-14,+22233973280,,3,Nouakchott-Sud,STANDARD,,ACTIVE,2024-08-10,2024-09-20T14:57:34.812Z,2024-08-10T10:20:47.027Z,2024-09-20T14:57:34.812Z
2992,9115456089,Gaoussou,Sy,Gaoussou Sy,M,1991-01-09,+22233954637,,15,Tiris Zemmour,STANDARD,,ACTIVE,2023-09-29,2024-05-14T17:28:23.822Z,2023-09-29T01:08:09.638Z,2024-05-14T17:28:23.822Z
2993,7505723593,Houda,Mint Vadel,Houda Mint Vadel,F,1975-07-03,+22225484912,houda.mintvadel985@gmail.com,5,Trarza,STANDARD,,ACTIVE,2022-05-29,2023-03-12T20:21:11.359Z,2022-05-29T11:12:13.779Z,2023-03-12T20:21:11.359Z
2994,6903445562,Cheibany,Ould Salem,Cheibany Ould Salem,M,1969-03-20,+22232216464,cheibany.ouldsalem676@hotmail.fr,3,Nouakchott-Sud,DORMANT,,ACTIVE,2022-01-10,2023-06-23T21:15:58.115Z,2022-01-10T00:17:23.646Z,2023-06-23T21:15:58.115Z
2995,8102810235,Bakary,Thiam,Bakary Thiam,M,1981-04-03,+22233734187,bakary.thiam394@gmail.com,2,Nouakchott-Ouest,ACTIVE,,ACTIVE,2024-12-21,2024-12-24T02:31:41.877Z,2024-12-21T04:56:17.707Z,2024-12-24T02:31:41.877Z
2996,8902102710,Cheikh,Ould Abdallah,Cheikh Ould Abdallah,M,1989-07-05,+22236679236,,2,Nouakchott-Ouest,OCCASIONAL,,ACTIVE,2022-09-07,2024-12-06T15:30:49.702Z,2022-09-07T10:55:21.551Z,2024-12-06T15:30:49.702Z
2997,7802451164,Mody,Mbow,Mody Mbow,M,1978-08-19,+22243621935,,2,Nouakchott-Ouest,STANDARD,,ACTIVE,2022-08-27,2024-09-21T16:09:09.548Z,2022-08-27T17:47:44.367Z,2024-09-21T16:09:09.548Z
2998,7312559800,Hapsatou,Touré,Hapsatou Touré,F,1973-08-06,+22244043922,hapsatou.touré543@outlook.com,12,Adrar,STANDARD,,ACTIVE,2023-06-03,2023-11-14T19:21:21.538Z,2023-06-03T19:28:33.047Z,2023-11-14T19:21:21.538Z
2999,9304861966,Kadiatou,Gaye,Kadiatou Gaye,F,1993-04-01,+22236943713,kadiatou.gaye401@outlook.com,4,Dakhlet Nouadhibou,PREMIUM,,ACTIVE,2024-02-21,2024-11-13T04:36:56.833Z,2024-02-21T11:30:43.026Z,2024-11-13T04:36:56.833Z
3000,7301948923,Dah,Mbow,Dah Mbow,M,1973-09-01,+22232303175,,1,Nouakchott-Nord,STANDARD,,ACTIVE,2024-12-22,2024-12-23T00:11:10.600Z,2024-12-22T23:15:02.946Z,2024-12-23T00:11:10.600Z
3001,6103054223,Habiba,Doucouré,Habiba Doucouré,F,1961-09-28,+22232333532,habiba.doucouré833@gmail.com,3,Nouakchott-Sud,ACTIVE,,ACTIVE,2022-09-14,2022-10-16T12:33:03.424Z,2022-09-14T07:29:22.900Z,2022-10-16T12:33:03.424Z
3002,7005949509,Yacoub,Ould Salem,Yacoub Ould Salem,M,1970-11-09,+22224862412,yacoub.ouldsalem791@gmail.com,5,Trarza,VIP,,ACTIVE,2024-05-06,2024-10-20T10:06:03.057Z,2024-05-06T07:11:14.196Z,2024-10-20T10:06:03.057Z
3003,8602760267,Khady,Koita,Khady Koita,F,1986-01-06,+22236315599,khady.koita945@gmail.com,2,Nouakchott-Ouest,ACTIVE,,ACTIVE,2024-09-10,2024-12-27T09:02:27.222Z,2024-09-10T09:47:00.278Z,2024-12-27T09:02:27.222Z
3004,6105077017,Zein,Dieng,Zein Dieng,M,1961-01-07,+22232729725,,5,Trarza,ACTIVE,,ACTIVE,2023-04-17,2023-07-12T06:05:51.390Z,2023-04-17T06:48:21.079Z,2023-07-12T06:05:51.390Z
3005,6102834576,Wedadi,Dia,Wedadi Dia,M,1961-08-21,+22236136656,wedadi.dia573@outlook.com,2,Nouakchott-Ouest,STANDARD,,ACTIVE,2023-01-01,2023-07-20T08:56:09.676Z,2023-01-01T12:41:23.111Z,2023-07-20T08:56:09.676Z
3006,8301919911,Yacine,Kouyaté,Yacine Kouyaté,F,1983-07-15,+22236836935,,1,Nouakchott-Nord,STANDARD,,ACTIVE,2022-11-20,2024-03-17T17:32:01.730Z,2022-11-20T01:37:46.465Z,2024-03-17T17:32:01.730Z
3007,9302399432,Limam,Ould Dah,Limam Ould Dah,M,1993-07-01,+22237877154,,2,Nouakchott-Ouest,ACTIVE,,ACTIVE,2023-02-08,2024-06-28T10:17:57.028Z,2023-02-08T14:15:47.446Z,2024-06-28T10:17:57.028Z
3008,7513959975,Habiba,Ndour,Habiba Ndour,F,1975-06-10,+22236493957,habiba.ndour471@hotmail.fr,13,Tagant,ACTIVE,,ACTIVE,2022-09-16,2022-09-24T21:37:50.607Z,2022-09-16T07:46:55.620Z,2022-09-24T21:37:50.607Z
3009,6202865425,Moctar,Doucouré,Moctar Doucouré,M,1962-11-07,+22223334493,,2,Nouakchott-Ouest,ACTIVE,,ACTIVE,2024-09-27,2024-11-29T15:17:27.668Z,2024-09-27T14:20:51.455Z,2024-11-29T15:17:27.668Z
3010,9704204130,Fatima,Touré,Fatima Touré,F,1997-07-24,+22236892152,fatima.touré900@hotmail.fr,4,Dakhlet Nouadhibou,OCCASIONAL,,ACTIVE,2023-02-25,2023-09-20T12:34:14.327Z,2023-02-25T13:47:45.910Z,2023-09-20T12:34:14.327Z
3011,9202549090,Limam,Ould Mokhtar,Limam Ould Mokhtar,M,1992-03-03,+22248796001,,2,Nouakchott-Ouest,DORMANT,,INACTIVE,2022-08-03,2023-10-14T16:50:20.893Z,2022-08-03T18:11:27.121Z,2023-10-14T16:50:20.893Z
3012,9512163849,Habiba,Mint Salem,Habiba Mint Salem,F,1995-05-04,+22223447274,habiba.mintsalem333@hotmail.fr,12,Adrar,STANDARD,,ACTIVE,2023-09-10,2023-11-05T09:18:26.827Z,2023-09-10T19:26:36.400Z,2023-11-05T09:18:26.827Z
3013,8205128231,Ahmed Salem,Ould Salem,Ahmed Salem Ould Salem,M,1982-10-07,+22223442065,ahmedsalem.ouldsalem407@yahoo.fr,5,Trarza,OCCASIONAL,,ACTIVE,2024-03-18,2024-06-24T12:25:55.985Z,2024-03-18T20:12:02.308Z,2024-06-24T12:25:55.985Z
3014,7301759732,Rougui,Thiam,Rougui Thiam,F,1973-01-24,+22235207592,,1,Nouakchott-Nord,OCCASIONAL,,ACTIVE,2023-11-14,2024-02-04T17:15:03.415Z,2023-11-14T00:06:09.041Z,2024-02-04T17:15:03.415Z
3015,8301339636,Mbareck,Ould Bouha,Mbareck Ould Bouha,M,1983-07-27,+22224634058,mbareck.ouldbouha915@hotmail.fr,1,Nouakchott-Nord,STANDARD,,ACTIVE,2024-05-23,2024-11-11T00:04:36.188Z,2024-05-23T15:43:03.514Z,2024-11-11T00:04:36.188Z
3016,6701836146,Cheick,Baldé,Cheick Baldé,M,1967-12-25,+22249336928,,1,Nouakchott-Nord,STANDARD,,ACTIVE,2024-12-26,2024-12-26T21:26:54.175Z,2024-12-26T08:49:32.247Z,2024-12-26T21:26:54.175Z
3017,7101621109,Souleymane,Bâ,Souleymane Bâ,M,1971-05-18,+22247135188,,1,Nouakchott-Nord,OCCASIONAL,,ACTIVE,2022-11-14,2022-11-22T09:28:09.397Z,2022-11-14T03:32:14.581Z,2022-11-22T09:28:09.397Z
3018,6704193864,Aïda,Diagana,Aïda Diagana,F,1967-10-21,+22225321500,aïda.diagana719@hotmail.fr,4,Dakhlet Nouadhibou,STANDARD,,ACTIVE,2022-07-16,2024-08-08T15:49:12.371Z,2022-07-16T08:32:18.298Z,2024-08-08T15:49:12.371Z
3019,9604762936,Maimouna,Dramé,Maimouna Dramé,F,1996-04-25,+22222847001,,4,Dakhlet Nouadhibou,DORMANT,,ACTIVE,2024-11-14,2024-11-22T15:32:44.978Z,2024-11-14T23:59:30.654Z,2024-11-22T15:32:44.978Z
3020,6601031018,Cheikhna,Ould Khalil,Cheikhna Ould Khalil,M,1966-12-04,+22244749470,,1,Nouakchott-Nord,OCCASIONAL,,ACTIVE,2023-12-01,2024-03-23T09:17:06.845Z,2023-12-01T10:33:54.160Z,2024-03-23T09:17:06.845Z
3021,0115993716,Taleb,Ould Bouha,Taleb Ould Bouha,M,2001-08-21,+22233676052,,15,Tiris Zemmour,OCCASIONAL,,ACTIVE,2022-02-08,2022-08-28T11:16:23.642Z,2022-02-08T14:26:26.526Z,2022-08-28T11:16:23.642Z
3022,8102710986,Soumaïla,Sarr,Soumaïla Sarr,M,1981-01-07,+22224375697,soumaïla.sarr753@outlook.com,2,Nouakchott-Ouest,OCCASIONAL,,ACTIVE,2022-08-27,2023-01-11T23:13:06.301Z,2022-08-27T00:29:37.951Z,2023-01-11T23:13:06.301Z
3023,8305056670,Bintou,Fall,Bintou Fall,F,1983-12-09,+22224285424,,5,Trarza,ACTIVE,,ACTIVE,2024-05-18,2024-06-21T10:37:58.352Z,2024-05-18T12:17:15.585Z,2024-06-21T10:37:58.352Z
3024,8203725186,Mahfoudh,Koné,Mahfoudh Koné,M,1982-12-16,+22245626091,mahfoudh.koné198@yahoo.fr,3,Nouakchott-Sud,DORMANT,,ACTIVE,2022-12-21,2024-11-26T13:54:25.020Z,2022-12-21T23:33:14.293Z,2024-11-26T13:54:25.020Z
3025,6202475949,Mokhtar,Ould Habiboullah,Mokhtar Ould Habiboullah,M,1962-02-27,+22248845917,,2,Nouakchott-Ouest,OCCASIONAL,,ACTIVE,2023-09-03,2024-06-07T05:55:29.333Z,2023-09-03T01:34:34.892Z,2024-06-07T05:55:29.333Z
3026,6202977654,Mohamed Lemine,Ould Lemrabott,Mohamed Lemine Ould Lemrabott,M,1962-03-28,+22222651131,,2,Nouakchott-Ouest,STANDARD,,ACTIVE,2023-10-24,2024-05-29T15:46:06.989Z,2023-10-24T07:26:13.042Z,2024-05-29T15:46:06.989Z
3027,9901521434,Brahim,Bâ,Brahim Bâ,M,1999-06-09,+22223948866,brahim.bâ997@gmail.com,1,Nouakchott-Nord,STANDARD,,ACTIVE,2024-11-24,2024-12-10T03:53:25.045Z,2024-11-24T01:03:17.185Z,2024-12-10T03:53:25.045Z
3028,7302308597,Issa,Thiam,Issa Thiam,M,1973-10-17,+22224949042,,2,Nouakchott-Ouest,STANDARD,,ACTIVE,2023-10-18,2024-04-06T12:30:02.048Z,2023-10-18T13:11:30.729Z,2024-04-06T12:30:02.048Z
3029,9902877125,Mouna,Mint El Ghassem,Mouna Mint El Ghassem,F,1999-12-04,+22223063052,mouna.mintelghassem557@hotmail.fr,2,Nouakchott-Ouest,OCCASIONAL,,ACTIVE,2023-11-27,2023-12-02T02:06:54.291Z,2023-11-27T10:41:54.236Z,2023-12-02T02:06:54.291Z
3030,7315320786,Abdallah,Ould Zein,Abdallah Ould Zein,M,1973-05-03,+22235132905,abdallah.ouldzein601@outlook.com,15,Tiris Zemmour,STANDARD,,ACTIVE,2023-05-16,2024-07-10T02:54:56.854Z,2023-05-16T20:01:34.348Z,2024-07-10T02:54:56.854Z
3031,6003134388,Taleb,Diarra,Taleb Diarra,M,1960-12-06,+22244929963,taleb.diarra2@outlook.com,3,Nouakchott-Sud,ACTIVE,,ACTIVE,2023-10-15,2024-03-28T18:19:29.456Z,2023-10-15T21:01:54.167Z,2024-03-28T18:19:29.456Z
3032,6402790389,Maguette,Ba,Maguette Ba,F,1964-01-02,+22233645864,maguette.ba411@gmail.com,2,Nouakchott-Ouest,OCCASIONAL,,ACTIVE,2024-02-22,2024-03-22T06:43:44.391Z,2024-02-22T09:25:30.883Z,2024-03-22T06:43:44.391Z
3033,7301059050,Oumou,Ba,Oumou Ba,F,1973-03-04,+22225521127,,1,Nouakchott-Nord,ACTIVE,,ACTIVE,2023-11-10,2024-07-20T06:58:42.513Z,2023-11-10T01:16:50.381Z,2024-07-20T06:58:42.513Z
3034,8202614621,Bilal,Ould Ahmedou,Bilal Ould Ahmedou,M,1982-09-12,+22235771056,,2,Nouakchott-Ouest,STANDARD,,ACTIVE,2022-05-01,2023-08-27T19:39:59.258Z,2022-05-01T12:28:12.613Z,2023-08-27T19:39:59.258Z
3035,6703139896,Ahmed Salem,Ndour,Ahmed Salem Ndour,M,1967-06-08,+22237329217,,3,Nouakchott-Sud,OCCASIONAL,,ACTIVE,2022-09-05,2022-10-02T06:00:17.011Z,2022-09-05T11:46:36.634Z,2022-10-02T06:00:17.011Z
3036,6503918383,Vall,Ould Hamoud,Vall Ould Hamoud,M,1965-05-25,+22233254683,,3,Nouakchott-Sud,DORMANT,,ACTIVE,2023-04-16,2024-12-02T22:02:03.763Z,2023-04-16T14:40:29.871Z,2024-12-02T22:02:03.763Z
3037,9105391132,Sidina,Ould Brahim,Sidina Ould Brahim,M,1991-03-27,+22225567565,,5,Trarza,OCCASIONAL,,ACTIVE,2022-02-21,2023-06-06T12:59:54.176Z,2022-02-21T01:03:40.020Z,2023-06-06T12:59:54.176Z
3038,6702920613,Mody,Koita,Mody Koita,M,1967-12-16,+22225024056,,2,Nouakchott-Ouest,ACTIVE,,ACTIVE,2024-01-20,2024-01-30T01:54:16.812Z,2024-01-20T00:32:41.429Z,2024-01-30T01:54:16.812Z
3039,7203712260,Koumba,Kanouté,Koumba Kanouté,F,1972-11-13,+22232780415,,3,Nouakchott-Sud,ACTIVE,,ACTIVE,2024-03-15,2024-11-21T01:05:58.602Z,2024-03-15T06:44:00.211Z,2024-11-21T01:05:58.602Z
3040,9205191311,Djenaba,Kouyaté,Djenaba Kouyaté,F,1992-09-02,+22223439473,,5,Trarza,OCCASIONAL,,PENDING_KYC,2023-05-06,2023-08-05T19:03:23.193Z,2023-05-06T19:24:35.847Z,2023-08-05T19:03:23.193Z
3041,6002051037,Abdel Kader,Ould Vadel,Abdel Kader Ould Vadel,M,1960-11-11,+22224480851,,2,Nouakchott-Ouest,STANDARD,,ACTIVE,2024-07-21,2024-11-14T12:34:24.014Z,2024-07-21T11:56:45.476Z,2024-11-14T12:34:24.014Z
3042,9801716215,Zakaria,Diallo,Zakaria Diallo,M,1998-01-04,+22237582788,,1,Nouakchott-Nord,STANDARD,,ACTIVE,2022-07-02,2024-05-17T00:11:18.096Z,2022-07-02T23:07:58.801Z,2024-05-17T00:11:18.096Z
3043,9403000220,Dah,Sène,Dah Sène,M,1994-11-18,+22235799428,,3,Nouakchott-Sud,STANDARD,,ACTIVE,2022-05-20,2024-05-15T14:23:39.906Z,2022-05-20T06:00:51.102Z,2024-05-15T14:23:39.906Z
3044,7801658320,Samba,Niang,Samba Niang,M,1978-02-16,+22222044721,samba.niang607@gmail.com,1,Nouakchott-Nord,ACTIVE,,ACTIVE,2024-07-20,2024-12-09T09:43:29.112Z,2024-07-20T00:36:05.360Z,2024-12-09T09:43:29.112Z
3045,0202885016,Moulaye,Diagana,Moulaye Diagana,M,2002-04-07,+22243145262,moulaye.diagana758@gmail.com,2,Nouakchott-Ouest,ACTIVE,,ACTIVE,2022-07-08,2023-07-21T11:59:35.138Z,2022-07-08T21:51:51.428Z,2023-07-21T11:59:35.138Z
3046,7503805233,Yacouba,Sow,Yacouba Sow,M,1975-01-28,+22225066574,yacouba.sow130@outlook.com,3,Nouakchott-Sud,STANDARD,,ACTIVE,2024-09-22,2024-12-29T08:03:25.929Z,2024-09-22T21:01:26.845Z,2024-12-29T08:03:25.929Z
3047,6802107015,Aziza,Kane,Aziza Kane,F,1968-07-24,+22247233610,,2,Nouakchott-Ouest,STANDARD,,ACTIVE,2024-07-15,2024-09-28T11:16:45.049Z,2024-07-15T09:35:01.471Z,2024-09-28T11:16:45.049Z
3048,8006646673,Abdallah,Diop,Abdallah Diop,M,1980-08-21,+22234546279,,6,Brakna,STANDARD,,ACTIVE,2022-01-19,2023-12-08T12:50:06.097Z,2022-01-19T02:01:15.243Z,2023-12-08T12:50:06.097Z
3049,0204226152,Mohamed Lemine,Ould Abdallah,Mohamed Lemine Ould Abdallah,M,2002-03-11,+22234581844,mohamedlemine.ouldabdallah130@yahoo.fr,4,Dakhlet Nouadhibou,ACTIVE,,ACTIVE,2023-10-02,2024-07-04T06:39:33.693Z,2023-10-02T10:14:52.283Z,2024-07-04T06:39:33.693Z
3050,8001275834,Limam,Fall,Limam Fall,M,1980-01-01,+22247174815,limam.fall518@outlook.com,1,Nouakchott-Nord,ACTIVE,,ACTIVE,2022-06-19,2024-03-11T11:00:09.282Z,2022-06-19T16:09:11.414Z,2024-03-11T11:00:09.282Z
3051,8807996827,Ghalia,Mint Ahmedou,Ghalia Mint Ahmedou,F,1988-02-07,+22224942301,,7,Gorgol,STANDARD,,ACTIVE,2023-01-05,2023-02-16T07:34:01.381Z,2023-01-05T12:14:49.317Z,2023-02-16T07:34:01.381Z
3052,7307994638,Ahmedou,Ould Dah,Ahmedou Ould Dah,M,1973-02-14,+22223737474,ahmedou.oulddah242@yahoo.fr,7,Gorgol,OCCASIONAL,,INACTIVE,2024-01-27,2024-02-01T13:48:53.613Z,2024-01-27T21:00:55.082Z,2024-02-01T13:48:53.613Z
3053,8405737374,Mariem,Mbaye,Mariem Mbaye,F,1984-12-06,+22235309801,mariem.mbaye95@gmail.com,5,Trarza,ACTIVE,,ACTIVE,2024-06-08,2024-10-17T13:34:07.253Z,2024-06-08T04:36:50.725Z,2024-10-17T13:34:07.253Z
3054,0304858266,Souleymane,Wane,Souleymane Wane,M,2003-01-01,+22237394876,souleymane.wane498@outlook.com,4,Dakhlet Nouadhibou,STANDARD,,ACTIVE,2024-12-16,2024-12-19T22:52:20.036Z,2024-12-16T12:34:35.491Z,2024-12-19T22:52:20.036Z
3055,8902363494,Halima,Mint Hamadi,Halima Mint Hamadi,F,1989-02-11,+22249025966,,2,Nouakchott-Ouest,STANDARD,,ACTIVE,2022-09-12,2023-01-14T14:53:44.869Z,2022-09-12T12:24:59.582Z,2023-01-14T14:53:44.869Z
3056,0001458334,Vatma,Mint Isselmou,Vatma Mint Isselmou,F,2000-11-23,+22222988927,,1,Nouakchott-Nord,STANDARD,,ACTIVE,2023-05-14,2024-02-03T21:50:07.788Z,2023-05-14T17:33:12.033Z,2024-02-03T21:50:07.788Z
3057,7001592970,Bassirou,Anne,Bassirou Anne,M,1970-03-03,+22232074416,,1,Nouakchott-Nord,DORMANT,,ACTIVE,2022-11-08,2023-05-03T03:18:09.077Z,2022-11-08T13:40:07.848Z,2023-05-03T03:18:09.077Z
3058,6402397731,Mokhtar,Thiaw,Mokhtar Thiaw,M,1964-04-21,+22223702463,mokhtar.thiaw281@outlook.com,2,Nouakchott-Ouest,OCCASIONAL,,ACTIVE,2023-05-21,2023-12-27T22:01:08.660Z,2023-05-21T05:43:05.377Z,2023-12-27T22:01:08.660Z
3059,9901561360,Youssou,Faye,Youssou Faye,M,1999-08-25,+22233727908,,1,Nouakchott-Nord,OCCASIONAL,,PENDING_KYC,2022-08-02,2024-07-09T04:13:10.250Z,2022-08-02T00:50:49.342Z,2024-07-09T04:13:10.250Z
3060,6802341228,Kelthoum,Mint Bouha,Kelthoum Mint Bouha,F,1968-03-01,+22247274530,kelthoum.mintbouha339@outlook.com,2,Nouakchott-Ouest,DORMANT,,ACTIVE,2024-11-23,2024-11-25T23:28:02.517Z,2024-11-23T01:45:32.843Z,2024-11-25T23:28:02.517Z
3061,6602998853,Fatima,Mint Horma,Fatima Mint Horma,F,1966-12-23,+22222832213,,2,Nouakchott-Ouest,ACTIVE,,ACTIVE,2024-06-22,2024-11-10T11:59:53.650Z,2024-06-22T03:28:07.330Z,2024-11-10T11:59:53.650Z
3062,6506278543,Karounga,Diakité,Karounga Diakité,M,1965-11-23,+22225029285,,6,Brakna,STANDARD,,ACTIVE,2024-01-19,2024-08-07T16:55:42.942Z,2024-01-19T14:38:11.452Z,2024-08-07T16:55:42.942Z
3063,6801884780,Mariam,Anne,Mariam Anne,F,1968-02-22,+22236291503,mariam.anne142@outlook.com,1,Nouakchott-Nord,STANDARD,,ACTIVE,2022-12-26,2024-04-03T06:05:11.671Z,2022-12-26T20:58:42.004Z,2024-04-03T06:05:11.671Z
3064,0101657178,Malick,Tall,Malick Tall,M,2001-11-24,+22223501960,,1,Nouakchott-Nord,STANDARD,,ACTIVE,2023-06-30,2024-04-14T03:02:42.208Z,2023-06-30T03:57:27.972Z,2024-04-14T03:02:42.208Z
3065,8002392790,Habiba,Mint Nagi,Habiba Mint Nagi,F,1980-10-23,+22223366154,habiba.mintnagi718@hotmail.fr,2,Nouakchott-Ouest,STANDARD,,ACTIVE,2022-08-31,2023-04-09T15:00:08.926Z,2022-08-31T01:03:24.444Z,2023-04-09T15:00:08.926Z
3066,9902514123,Tidiane,Diop,Tidiane Diop,M,1999-09-28,+22236384433,,2,Nouakchott-Ouest,STANDARD,,ACTIVE,2022-05-06,2023-06-17T20:20:31.741Z,2022-05-06T21:53:46.926Z,2023-06-17T20:20:31.741Z
3067,6104101979,Aziza,Mint Taleb,Aziza Mint Taleb,F,1961-08-10,+22225389517,,4,Dakhlet Nouadhibou,ACTIVE,,ACTIVE,2023-12-25,2024-01-07T15:30:34.995Z,2023-12-25T15:21:33.666Z,2024-01-07T15:30:34.995Z
3068,8904181719,Malouma,Bâ,Malouma Bâ,F,1989-10-26,+22234263264,,4,Dakhlet Nouadhibou,OCCASIONAL,,ACTIVE,2023-05-23,2024-02-11T04:09:02.798Z,2023-05-23T15:12:19.475Z,2024-02-11T04:09:02.798Z
3069,8702018758,Yaya,Thiam,Yaya Thiam,M,1987-09-19,+22223378640,,2,Nouakchott-Ouest,OCCASIONAL,,ACTIVE,2024-11-14,2024-12-22T05:50:53.310Z,2024-11-14T16:18:25.346Z,2024-12-22T05:50:53.310Z
3070,8901296566,Mokhtar,Ould Mokhtar,Mokhtar Ould Mokhtar,M,1989-11-09,+22246499500,mokhtar.ouldmokhtar234@hotmail.fr,1,Nouakchott-Nord,STANDARD,,SUSPENDED,2023-04-30,2023-07-30T03:46:27.292Z,2023-04-30T17:11:30.637Z,2023-07-30T03:46:27.292Z
3071,6702786893,Mounina,Mint Hamadi,Mounina Mint Hamadi,F,1967-06-06,+22232063668,,2,Nouakchott-Ouest,STANDARD,,ACTIVE,2024-05-29,2024-06-07T15:21:04.014Z,2024-05-29T03:27:46.480Z,2024-06-07T15:21:04.014Z
3072,6505018982,Hapsatou,Sarr,Hapsatou Sarr,F,1965-05-22,+22248405026,,5,Trarza,ACTIVE,,ACTIVE,2022-08-10,2024-11-26T19:40:12.803Z,2022-08-10T22:28:37.838Z,2024-11-26T19:40:12.803Z
3073,7603618225,Sakouba,Koita,Sakouba Koita,M,1976-08-02,+22222492613,,3,Nouakchott-Sud,STANDARD,,ACTIVE,2023-09-29,2023-12-08T13:18:22.628Z,2023-09-29T08:23:41.117Z,2023-12-08T13:18:22.628Z
3074,6105584919,El Mokhtar,Sarr,El Mokhtar Sarr,M,1961-10-27,+22244430590,,5,Trarza,OCCASIONAL,,ACTIVE,2024-02-06,2024-11-05T02:00:34.491Z,2024-02-06T08:06:14.520Z,2024-11-05T02:00:34.491Z
3075,7502961606,Rokaya,Mint Bouha,Rokaya Mint Bouha,F,1975-03-21,+22232579742,,2,Nouakchott-Ouest,PREMIUM,,ACTIVE,2022-03-20,2024-06-09T14:14:33.075Z,2022-03-20T23:11:35.781Z,2024-06-09T14:14:33.075Z
3076,6101533672,Hapsatou,Thiaw,Hapsatou Thiaw,F,1961-03-18,+22234154044,hapsatou.thiaw150@hotmail.fr,1,Nouakchott-Nord,OCCASIONAL,,ACTIVE,2022-12-29,2023-04-01T07:59:27.948Z,2022-12-29T16:13:16.269Z,2023-04-01T07:59:27.948Z
3077,7702141226,Siaka,Sy,Siaka Sy,M,1977-10-03,+22246631047,,2,Nouakchott-Ouest,STANDARD,,ACTIVE,2024-12-03,2024-12-06T21:29:11.246Z,2024-12-03T02:57:20.621Z,2024-12-06T21:29:11.246Z
3078,7003275262,Mariam,Mint Vall,Mariam Mint Vall,F,1970-07-06,+22223165932,mariam.mintvall178@hotmail.fr,3,Nouakchott-Sud,STANDARD,,SUSPENDED,2022-11-05,2024-05-21T02:28:45.084Z,2022-11-05T18:15:58.397Z,2024-05-21T02:28:45.084Z
3079,7001877662,Khady,Kane,Khady Kane,F,1970-12-24,+22222238768,,1,Nouakchott-Nord,ACTIVE,,ACTIVE,2024-10-19,2024-12-09T02:03:46.838Z,2024-10-19T05:59:21.425Z,2024-12-09T02:03:46.838Z
3080,8603071926,Vall,Ould Vall,Vall Ould Vall,M,1986-04-23,+22233293208,vall.ouldvall46@outlook.com,3,Nouakchott-Sud,ACTIVE,,ACTIVE,2022-01-20,2023-10-25T13:40:13.158Z,2022-01-20T11:55:29.876Z,2023-10-25T13:40:13.158Z
3081,8901994145,Fatou,Baldé,Fatou Baldé,F,1989-06-17,+22245144256,fatou.baldé490@outlook.com,1,Nouakchott-Nord,OCCASIONAL,,ACTIVE,2022-10-28,2023-09-18T04:10:02.424Z,2022-10-28T19:57:47.026Z,2023-09-18T04:10:02.424Z
3082,8501523655,Abdellahi,Ould Abdel Kader,Abdellahi Ould Abdel Kader,M,1985-09-19,+22222396566,abdellahi.ouldabdelkader812@yahoo.fr,1,Nouakchott-Nord,STANDARD,,PENDING_KYC,2023-10-09,2024-07-08T03:17:03.405Z,2023-10-09T19:04:58.878Z,2024-07-08T03:17:03.405Z
3083,7115409715,Aïssata,Sissoko,Aïssata Sissoko,F,1971-02-15,+22236177616,,15,Tiris Zemmour,OCCASIONAL,,ACTIVE,2024-03-29,2024-12-30T21:06:53.036Z,2024-03-29T06:00:42.186Z,2024-12-30T21:06:53.036Z
3084,0301702339,Diakaridia,Bah,Diakaridia Bah,M,2003-10-19,+22222339686,diakaridia.bah109@outlook.com,1,Nouakchott-Nord,OCCASIONAL,,ACTIVE,2023-08-31,2024-01-02T00:52:07.659Z,2023-08-31T08:44:13.790Z,2024-01-02T00:52:07.659Z
3085,0515190472,Saadbouh,Ould Tourad,Saadbouh Ould Tourad,M,2005-12-04,+22224892103,saadbouh.ouldtourad684@gmail.com,15,Tiris Zemmour,OCCASIONAL,,ACTIVE,2023-03-19,2024-08-12T03:24:35.987Z,2023-03-19T05:56:06.287Z,2024-08-12T03:24:35.987Z
3086,0001691614,Fanta,Wane,Fanta Wane,F,2000-12-10,+22234761892,,1,Nouakchott-Nord,ACTIVE,,ACTIVE,2023-12-14,2024-08-23T03:42:43.816Z,2023-12-14T11:28:04.751Z,2024-08-23T03:42:43.816Z
3087,8404338190,Massamba,Thiam,Massamba Thiam,M,1984-09-12,+22236312728,,4,Dakhlet Nouadhibou,OCCASIONAL,,PENDING_KYC,2024-06-26,2024-11-03T06:26:57.328Z,2024-06-26T09:08:28.490Z,2024-11-03T06:26:57.328Z
3088,0404266259,Oumou,Baldé,Oumou Baldé,F,2004-10-19,+22249404306,,4,Dakhlet Nouadhibou,ACTIVE,,ACTIVE,2022-11-05,2024-12-17T01:36:28.321Z,2022-11-05T07:03:36.446Z,2024-12-17T01:36:28.321Z
3089,6701100500,Serigne,Camara,Serigne Camara,M,1967-03-24,+22246034829,serigne.camara409@yahoo.fr,1,Nouakchott-Nord,STANDARD,,ACTIVE,2022-11-20,2022-11-20T13:51:28.642Z,2022-11-20T13:40:45.058Z,2022-11-20T13:51:28.642Z
3090,7304560858,Naha,Dia,Naha Dia,F,1973-05-28,+22222111897,,4,Dakhlet Nouadhibou,ACTIVE,,ACTIVE,2024-03-06,2024-07-22T17:21:38.646Z,2024-03-06T10:59:43.720Z,2024-07-22T17:21:38.646Z
3091,7003668369,Mohamed Lemine,Thiam,Mohamed Lemine Thiam,M,1970-12-08,+22222091830,,3,Nouakchott-Sud,STANDARD,,PENDING_KYC,2024-08-20,2024-08-29T03:18:36.632Z,2024-08-20T14:57:02.616Z,2024-08-29T03:18:36.632Z
3092,9801616810,Abdel Aziz,Ndiaye,Abdel Aziz Ndiaye,M,1998-12-26,+22234336901,,1,Nouakchott-Nord,STANDARD,,ACTIVE,2022-07-10,2023-09-27T19:31:26.900Z,2022-07-10T00:44:04.142Z,2023-09-27T19:31:26.900Z
3093,0301053989,Hawa,Mint Hamadi,Hawa Mint Hamadi,F,2003-04-12,+22223407032,hawa.minthamadi245@outlook.com,1,Nouakchott-Nord,ACTIVE,,ACTIVE,2024-08-22,2024-12-18T09:52:24.604Z,2024-08-22T14:18:45.725Z,2024-12-18T09:52:24.604Z
3094,9203892395,Hamoud,Ould Habiboullah,Hamoud Ould Habiboullah,M,1992-02-08,+22224040618,hamoud.ouldhabiboullah795@gmail.com,3,Nouakchott-Sud,STANDARD,,ACTIVE,2024-03-15,2024-04-01T02:53:05.759Z,2024-03-15T02:02:25.539Z,2024-04-01T02:53:05.759Z
3095,6701598815,Minetou,Bâ,Minetou Bâ,F,1967-10-12,+22248069613,,1,Nouakchott-Nord,ACTIVE,,ACTIVE,2024-08-15,2024-09-12T20:31:31.185Z,2024-08-15T05:52:42.734Z,2024-09-12T20:31:31.185Z
3096,8109095608,Bocar,Dramé,Bocar Dramé,M,1981-02-04,+22243332575,,9,Assaba,STANDARD,,ACTIVE,2022-04-17,2024-07-19T03:32:04.475Z,2022-04-17T00:49:49.868Z,2024-07-19T03:32:04.475Z
3097,9015904020,Mokhtar,Faye,Mokhtar Faye,M,1990-03-04,+22223819602,mokhtar.faye451@hotmail.fr,15,Tiris Zemmour,ACTIVE,,ACTIVE,2022-07-29,2024-08-12T00:34:41.694Z,2022-07-29T11:53:50.960Z,2024-08-12T00:34:41.694Z
3098,7503796928,Ramatoulaye,Dia,Ramatoulaye Dia,F,1975-02-21,+22232531677,ramatoulaye.dia276@hotmail.fr,3,Nouakchott-Sud,DORMANT,,ACTIVE,2024-04-03,2024-09-08T09:18:41.008Z,2024-04-03T01:19:25.603Z,2024-09-08T09:18:41.008Z
3099,9202624577,Aminetou,Mint Lemrabott,Aminetou Mint Lemrabott,F,1992-06-06,+22222111679,aminetou.mintlemrabott673@hotmail.fr,2,Nouakchott-Ouest,ACTIVE,,BLOCKED,2023-04-22,2024-09-15T10:51:55.094Z,2023-04-22T17:14:04.400Z,2024-09-15T10:51:55.094Z
3100,7611511068,Noura,Touré,Noura Touré,F,1976-12-07,+22233087207,,11,Hodh El Gharbi,STANDARD,,ACTIVE,2024-07-28,2024-08-02T19:02:48.216Z,2024-07-28T01:51:09.473Z,2024-08-02T19:02:48.216Z
3101,9215053386,Abdellahi,Ould Dah,Abdellahi Ould Dah,M,1992-08-27,+22223599077,abdellahi.oulddah350@outlook.com,15,Tiris Zemmour,OCCASIONAL,,ACTIVE,2024-05-18,2024-05-26T09:19:38.278Z,2024-05-18T22:25:20.408Z,2024-05-26T09:19:38.278Z
3102,0401100556,Mansour,Guèye,Mansour Guèye,M,2004-08-05,+22222124409,mansour.guèye937@outlook.com,1,Nouakchott-Nord,OCCASIONAL,,PENDING_KYC,2022-03-16,2022-07-06T19:14:37.233Z,2022-03-16T20:52:33.522Z,2022-07-06T19:14:37.233Z
3103,6615353368,Khadija,Mbow,Khadija Mbow,F,1966-12-15,+22223237602,,15,Tiris Zemmour,OCCASIONAL,,ACTIVE,2023-01-14,2023-06-02T22:14:39.459Z,2023-01-14T09:10:06.130Z,2023-06-02T22:14:39.459Z
3104,8304936362,Aziza,Mint Moulaye,Aziza Mint Moulaye,F,1983-09-08,+22224716273,aziza.mintmoulaye119@outlook.com,4,Dakhlet Nouadhibou,OCCASIONAL,,PENDING_KYC,2022-09-01,2024-09-27T10:38:29.006Z,2022-09-01T14:36:46.936Z,2024-09-27T10:38:29.006Z
3105,0001856808,Aissata,Mint Limam,Aissata Mint Limam,F,2000-09-12,+22244472015,,1,Nouakchott-Nord,STANDARD,,ACTIVE,2024-01-02,2024-10-12T10:07:43.458Z,2024-01-02T06:54:37.800Z,2024-10-12T10:07:43.458Z
3106,7902930538,Halima,Mint Horma,Halima Mint Horma,F,1979-02-27,+22237795784,,2,Nouakchott-Ouest,OCCASIONAL,,ACTIVE,2024-09-23,2024-11-13T18:26:16.052Z,2024-09-23T17:51:04.003Z,2024-11-13T18:26:16.052Z
3107,9508956507,Ahmedou,Dramé,Ahmedou Dramé,M,1995-04-24,+22222378397,ahmedou.dramé715@hotmail.fr,8,Guidimaka,DORMANT,,ACTIVE,2022-04-05,2022-08-04T07:04:59.954Z,2022-04-05T14:31:09.198Z,2022-08-04T07:04:59.954Z
3108,8706435430,Boubacar,Cissé,Boubacar Cissé,M,1987-10-28,+22225279358,,6,Brakna,STANDARD,,PENDING_KYC,2024-08-29,2024-09-03T15:07:15.871Z,2024-08-29T02:25:38.619Z,2024-09-03T15:07:15.871Z
3109,8602730691,Néné,Diop,Néné Diop,F,1986-08-11,+22223249400,,2,Nouakchott-Ouest,STANDARD,,ACTIVE,2022-11-09,2024-03-27T01:13:45.171Z,2022-11-09T20:37:49.829Z,2024-03-27T01:13:45.171Z
3110,8515976405,Ndèye,Sow,Ndèye Sow,F,1985-11-05,+22225727518,ndèye.sow677@gmail.com,15,Tiris Zemmour,OCCASIONAL,,ACTIVE,2023-10-08,2023-10-21T12:45:20.020Z,2023-10-08T04:30:16.889Z,2023-10-21T12:45:20.020Z
3111,6902307894,Pathé,Wade,Pathé Wade,M,1969-02-09,+22222558103,pathé.wade449@yahoo.fr,2,Nouakchott-Ouest,STANDARD,,ACTIVE,2024-01-17,2024-05-23T04:59:25.220Z,2024-01-17T15:01:11.993Z,2024-05-23T04:59:25.220Z
3112,6512414160,El Hacen,Ould Mohamed,El Hacen Ould Mohamed,M,1965-02-14,+22232375629,elhacen.ouldmohamed632@outlook.com,12,Adrar,OCCASIONAL,,ACTIVE,2024-10-03,2024-10-24T09:36:18.240Z,2024-10-03T16:27:02.193Z,2024-10-24T09:36:18.240Z
3113,6708488809,Taleb,Cissé,Taleb Cissé,M,1967-11-18,+22225038841,taleb.cissé878@outlook.com,8,Guidimaka,PREMIUM,,ACTIVE,2023-10-12,2023-12-29T06:22:39.240Z,2023-10-12T07:48:45.863Z,2023-12-29T06:22:39.240Z
3114,8901968821,Habiba,Diakité,Habiba Diakité,F,1989-08-14,+22241830152,habiba.diakité104@yahoo.fr,1,Nouakchott-Nord,STANDARD,,ACTIVE,2023-12-10,2024-11-04T21:39:40.723Z,2023-12-10T22:29:47.421Z,2024-11-04T21:39:40.723Z
3115,6203191462,Khadijetou,Mint Isselmou,Khadijetou Mint Isselmou,F,1962-07-06,+22223687091,,3,Nouakchott-Sud,OCCASIONAL,,ACTIVE,2022-09-14,2023-12-22T15:44:27.770Z,2022-09-14T21:04:27.789Z,2023-12-22T15:44:27.770Z
3116,6304726783,Mohamed Lemine,Ould Horma,Mohamed Lemine Ould Horma,M,1963-04-23,+22223260581,,4,Dakhlet Nouadhibou,ACTIVE,,ACTIVE,2022-04-09,2022-04-30T07:18:31.046Z,2022-04-09T20:06:31.488Z,2022-04-30T07:18:31.046Z
3117,6602255893,Aïssata,Anne,Aïssata Anne,F,1966-09-09,+22225843036,aïssata.anne261@outlook.com,2,Nouakchott-Ouest,STANDARD,,ACTIVE,2023-02-25,2024-09-11T04:46:35.033Z,2023-02-25T16:08:05.051Z,2024-09-11T04:46:35.033Z
3118,9901891210,Hawa,Sakho,Hawa Sakho,F,1999-09-15,+22225052716,,1,Nouakchott-Nord,PREMIUM,,ACTIVE,2024-05-18,2024-08-26T14:46:56.737Z,2024-05-18T15:57:44.858Z,2024-08-26T14:46:56.737Z
3119,7907168974,Taleb,Soumaré,Taleb Soumaré,M,1979-01-13,+22224253459,taleb.soumaré801@yahoo.fr,7,Gorgol,OCCASIONAL,,BLOCKED,2022-03-07,2023-11-29T03:39:37.394Z,2022-03-07T05:25:12.339Z,2023-11-29T03:39:37.394Z
3120,0403127546,Noura,Mint Tourad,Noura Mint Tourad,F,2004-01-28,+22246268371,noura.minttourad825@hotmail.fr,3,Nouakchott-Sud,ACTIVE,,ACTIVE,2024-07-24,2024-08-26T06:12:35.318Z,2024-07-24T07:38:01.238Z,2024-08-26T06:12:35.318Z
3121,0303936161,Hacen,Mbow,Hacen Mbow,M,2003-05-14,+22232152850,,3,Nouakchott-Sud,OCCASIONAL,,ACTIVE,2022-12-22,2023-12-18T03:55:10.073Z,2022-12-22T17:23:32.093Z,2023-12-18T03:55:10.073Z
3122,6302164877,Defa,Mint Khatri,Defa Mint Khatri,F,1963-08-04,+22225761503,,2,Nouakchott-Ouest,STANDARD,,ACTIVE,2022-06-18,2023-08-15T09:46:18.111Z,2022-06-18T07:55:55.616Z,2023-08-15T09:46:18.111Z
3123,9602527775,Saadbouh,Diakité,Saadbouh Diakité,M,1996-04-05,+22223759293,saadbouh.diakité794@hotmail.fr,2,Nouakchott-Ouest,OCCASIONAL,,ACTIVE,2022-11-23,2024-12-30T23:53:00.348Z,2022-11-23T04:27:47.693Z,2024-12-30T23:53:00.348Z
3124,9702175719,Moussa,Barry,Moussa Barry,M,1997-05-24,+22249187237,,2,Nouakchott-Ouest,OCCASIONAL,,ACTIVE,2024-05-09,2024-10-16T20:29:28.250Z,2024-05-09T17:54:45.090Z,2024-10-16T20:29:28.250Z
3125,9002383746,Mariem,Mint Saad,Mariem Mint Saad,F,1990-07-22,+22234135839,,2,Nouakchott-Ouest,OCCASIONAL,,ACTIVE,2022-12-20,2024-01-04T14:33:25.038Z,2022-12-20T20:42:00.790Z,2024-01-04T14:33:25.038Z
3126,8902199525,Abeih,Ould Bouha,Abeih Ould Bouha,M,1989-07-18,+22234411207,,2,Nouakchott-Ouest,STANDARD,,INACTIVE,2024-12-14,2024-12-29T22:02:30.806Z,2024-12-14T22:54:49.542Z,2024-12-29T22:02:30.806Z
3127,0511854701,Yahya,Ould Hamadi,Yahya Ould Hamadi,M,2005-07-01,+22234041217,yahya.ouldhamadi51@hotmail.fr,11,Hodh El Gharbi,OCCASIONAL,,ACTIVE,2024-11-13,2024-11-24T11:05:03.799Z,2024-11-13T09:52:03.997Z,2024-11-24T11:05:03.799Z
3128,7002426629,Massamba,Guèye,Massamba Guèye,M,1970-09-19,+22245737863,,2,Nouakchott-Ouest,STANDARD,,ACTIVE,2024-03-19,2024-08-17T20:59:04.290Z,2024-03-19T23:04:12.203Z,2024-08-17T20:59:04.290Z
3129,9302874384,Gaoussou,Fofana,Gaoussou Fofana,M,1993-04-13,+22235590564,gaoussou.fofana757@gmail.com,2,Nouakchott-Ouest,ACTIVE,,ACTIVE,2023-01-17,2024-07-06T18:57:53.247Z,2023-01-17T13:34:17.713Z,2024-07-06T18:57:53.247Z
3130,8205924527,Tamba,Sène,Tamba Sène,M,1982-03-07,+22223639045,tamba.sène662@yahoo.fr,5,Trarza,STANDARD,,ACTIVE,2022-08-18,2022-11-24T01:47:16.001Z,2022-08-18T03:01:47.198Z,2022-11-24T01:47:16.001Z
3131,7307373235,Awa,Cissé,Awa Cissé,F,1973-03-24,+22247399982,awa.cissé312@gmail.com,7,Gorgol,STANDARD,,ACTIVE,2024-10-03,2024-12-02T21:31:57.773Z,2024-10-03T10:18:11.638Z,2024-12-02T21:31:57.773Z
3132,8110513177,Mamadou,Thiam,Mamadou Thiam,M,1981-01-15,+22247945839,,10,Hodh Ech Chargui,DORMANT,,INACTIVE,2024-09-17,2024-12-01T17:02:55.359Z,2024-09-17T11:46:01.552Z,2024-12-01T17:02:55.359Z
3133,9502187811,Bilal,Kane,Bilal Kane,M,1995-01-17,+22225004467,bilal.kane758@outlook.com,2,Nouakchott-Ouest,STANDARD,,SUSPENDED,2024-11-08,2024-11-20T12:41:58.155Z,2024-11-08T14:29:20.920Z,2024-11-20T12:41:58.155Z
3134,0101619660,Ablaye,Ndour,Ablaye Ndour,M,2001-12-17,+22222115416,,1,Nouakchott-Nord,DORMANT,,PENDING_KYC,2022-05-13,2024-02-11T20:24:11.661Z,2022-05-13T04:38:40.345Z,2024-02-11T20:24:11.661Z
3135,9102144258,Souleymane,Ould Moulaye,Souleymane Ould Moulaye,M,1991-06-19,+22222374635,,2,Nouakchott-Ouest,STANDARD,,ACTIVE,2024-05-26,2024-12-03T01:17:45.615Z,2024-05-26T08:10:08.945Z,2024-12-03T01:17:45.615Z
3136,6609329678,Rokhaya,Thiam,Rokhaya Thiam,F,1966-06-02,+22234086445,rokhaya.thiam453@hotmail.fr,9,Assaba,OCCASIONAL,,BLOCKED,2023-10-22,2024-07-25T18:33:39.864Z,2023-10-22T04:46:00.204Z,2024-07-25T18:33:39.864Z
3137,7302488732,Aliou,Ba,Aliou Ba,M,1973-10-15,+22243912481,,2,Nouakchott-Ouest,ACTIVE,,ACTIVE,2024-03-05,2024-03-24T05:59:03.328Z,2024-03-05T01:35:13.502Z,2024-03-24T05:59:03.328Z
3138,7003234986,Mouna,Mint Hamadi,Mouna Mint Hamadi,F,1970-09-17,+22245643332,mouna.minthamadi800@hotmail.fr,3,Nouakchott-Sud,OCCASIONAL,,ACTIVE,2022-07-15,2022-10-06T15:31:57.346Z,2022-07-15T10:02:41.163Z,2022-10-06T15:31:57.346Z
3139,9504743721,Hawa,Mint Vall,Hawa Mint Vall,F,1995-01-22,+22235233904,,4,Dakhlet Nouadhibou,DORMANT,,ACTIVE,2024-10-23,2024-10-30T21:37:53.850Z,2024-10-23T07:50:09.141Z,2024-10-30T21:37:53.850Z
3140,9315479480,Vall,Ould Moulaye,Vall Ould Moulaye,M,1993-12-02,+22237260591,,15,Tiris Zemmour,STANDARD,,ACTIVE,2023-05-27,2024-07-21T20:20:27.955Z,2023-05-27T13:31:19.534Z,2024-07-21T20:20:27.955Z
3141,6102161232,Djibril,Ly,Djibril Ly,M,1961-09-20,+22232149374,djibril.ly925@hotmail.fr,2,Nouakchott-Ouest,OCCASIONAL,,INACTIVE,2023-02-14,2024-01-17T10:52:20.457Z,2023-02-14T13:36:44.688Z,2024-01-17T10:52:20.457Z
3142,9802238697,Ndongo,Faye,Ndongo Faye,M,1998-12-02,+22225352445,ndongo.faye855@hotmail.fr,2,Nouakchott-Ouest,STANDARD,,ACTIVE,2023-07-29,2023-08-10T16:49:15.575Z,2023-07-29T04:22:07.695Z,2023-08-10T16:49:15.575Z
3143,7504051305,Fatoumata,Wade,Fatoumata Wade,F,1975-12-15,+22222592581,fatoumata.wade973@yahoo.fr,4,Dakhlet Nouadhibou,OCCASIONAL,,ACTIVE,2024-04-21,2024-06-04T01:55:38.799Z,2024-04-21T05:41:39.461Z,2024-06-04T01:55:38.799Z
3144,9407819109,Lehbib,Ould Cheikh,Lehbib Ould Cheikh,M,1994-01-13,+22233445412,lehbib.ouldcheikh746@hotmail.fr,7,Gorgol,STANDARD,,ACTIVE,2023-12-10,2024-01-25T11:51:53.545Z,2023-12-10T05:05:26.006Z,2024-01-25T11:51:53.545Z
3145,9104873800,Coumba,Thiaw,Coumba Thiaw,F,1991-11-18,+22242138688,,4,Dakhlet Nouadhibou,PREMIUM,,ACTIVE,2022-08-19,2024-01-26T03:32:14.949Z,2022-08-19T07:54:20.748Z,2024-01-26T03:32:14.949Z
3146,8402200095,Mokhtar,Ould El Mokhtar,Mokhtar Ould El Mokhtar,M,1984-10-08,+22234220301,,2,Nouakchott-Ouest,ACTIVE,,INACTIVE,2023-05-29,2024-07-25T05:24:58.337Z,2023-05-29T21:19:40.083Z,2024-07-25T05:24:58.337Z
3147,9204876084,Messoud,Ould Vall,Messoud Ould Vall,M,1992-11-16,+22222551177,,4,Dakhlet Nouadhibou,OCCASIONAL,,ACTIVE,2024-05-31,2024-11-30T21:42:13.512Z,2024-05-31T23:19:19.721Z,2024-11-30T21:42:13.512Z
3148,9702808116,Mouna,Mint Abdel Aziz,Mouna Mint Abdel Aziz,F,1997-09-11,+22224012089,,2,Nouakchott-Ouest,OCCASIONAL,,ACTIVE,2022-01-26,2022-04-08T11:00:47.162Z,2022-01-26T20:10:00.506Z,2022-04-08T11:00:47.162Z
3149,0503762317,Brahim,Ould Ahmed,Brahim Ould Ahmed,M,2005-07-13,+22236031219,,3,Nouakchott-Sud,OCCASIONAL,,ACTIVE,2022-05-20,2022-06-21T09:27:06.457Z,2022-05-20T13:24:27.542Z,2022-06-21T09:27:06.457Z
3150,7702188654,N'Dèye,Tall,N'Dèye Tall,F,1977-11-06,+22232827315,,2,Nouakchott-Ouest,OCCASIONAL,,ACTIVE,2023-06-19,2024-01-20T00:01:56.701Z,2023-06-19T13:50:51.649Z,2024-01-20T00:01:56.701Z
3151,9702893424,Kelthoum,Mint Ghali,Kelthoum Mint Ghali,F,1997-07-28,+22224015954,,2,Nouakchott-Ouest,ACTIVE,,INACTIVE,2023-01-31,2023-06-01T12:37:25.935Z,2023-01-31T12:32:31.610Z,2023-06-01T12:37:25.935Z
3152,0302829745,Mohamed Salem,Camara,Mohamed Salem Camara,M,2003-01-09,+22244491954,,2,Nouakchott-Ouest,STANDARD,,ACTIVE,2022-11-13,2024-11-29T01:08:27.292Z,2022-11-13T09:17:33.441Z,2024-11-29T01:08:27.292Z
3153,8414713277,Zahra,Kouyaté,Zahra Kouyaté,F,1984-02-06,+22222484483,zahra.kouyaté580@hotmail.fr,14,Inchiri,STANDARD,,ACTIVE,2024-05-07,2024-09-11T23:16:21.900Z,2024-05-07T19:38:38.057Z,2024-09-11T23:16:21.900Z
3154,7602861527,Néné,Ndiaye,Néné Ndiaye,F,1976-11-04,+22242788886,néné.ndiaye89@gmail.com,2,Nouakchott-Ouest,ACTIVE,,ACTIVE,2022-07-28,2023-08-22T15:33:30.005Z,2022-07-28T18:56:02.584Z,2023-08-22T15:33:30.005Z
3155,6715662722,Saleck,Ould Mohamed,Saleck Ould Mohamed,M,1967-06-24,+22222954588,saleck.ouldmohamed783@hotmail.fr,15,Tiris Zemmour,ACTIVE,,ACTIVE,2022-07-08,2023-10-08T10:37:34.171Z,2022-07-08T07:02:17.571Z,2023-10-08T10:37:34.171Z
3156,6310355159,Souleymane,Ould Ghali,Souleymane Ould Ghali,M,1963-01-05,+22232317318,souleymane.ouldghali449@hotmail.fr,10,Hodh Ech Chargui,ACTIVE,,ACTIVE,2024-12-06,2024-12-22T02:22:56.925Z,2024-12-06T17:17:54.962Z,2024-12-22T02:22:56.925Z
3157,7106291714,Fanta,Anne,Fanta Anne,F,1971-06-25,+22233347483,,6,Brakna,ACTIVE,,ACTIVE,2023-05-12,2023-09-21T00:39:38.086Z,2023-05-12T20:29:15.810Z,2023-09-21T00:39:38.086Z
3158,0101600727,Sidi Mohamed,Ba,Sidi Mohamed Ba,M,2001-02-15,+22223916353,,1,Nouakchott-Nord,ACTIVE,,ACTIVE,2023-04-15,2024-01-02T03:24:14.857Z,2023-04-15T19:33:53.141Z,2024-01-02T03:24:14.857Z
3159,7802020469,Nouh,Sow,Nouh Sow,M,1978-12-16,+22249190158,nouh.sow919@gmail.com,2,Nouakchott-Ouest,STANDARD,,PENDING_KYC,2024-06-25,2024-10-18T22:28:44.599Z,2024-06-25T08:25:57.702Z,2024-10-18T22:28:44.599Z
3160,6003459030,Babacar,Ly,Babacar Ly,M,1960-03-21,+22223056329,babacar.ly349@hotmail.fr,3,Nouakchott-Sud,DORMANT,,ACTIVE,2023-02-18,2023-09-12T18:58:44.983Z,2023-02-18T08:23:40.171Z,2023-09-12T18:58:44.983Z
3161,8601770773,Oumou,Sall,Oumou Sall,F,1986-04-02,+22224768598,,1,Nouakchott-Nord,DORMANT,,ACTIVE,2023-05-03,2023-09-05T15:48:19.256Z,2023-05-03T20:44:12.005Z,2023-09-05T15:48:19.256Z
3162,7215024977,Vatma,Mint El Mokhtar,Vatma Mint El Mokhtar,F,1972-12-13,+22235311948,vatma.mintelmokhtar597@outlook.com,15,Tiris Zemmour,STANDARD,,ACTIVE,2022-12-11,2023-12-27T09:26:29.415Z,2022-12-11T18:20:33.563Z,2023-12-27T09:26:29.415Z
3163,7701247727,Malouma,Kane,Malouma Kane,F,1977-10-14,+22237464829,,1,Nouakchott-Nord,ACTIVE,,ACTIVE,2023-10-01,2024-01-27T15:33:20.192Z,2023-10-01T19:11:43.580Z,2024-01-27T15:33:20.192Z
3164,8302909315,Aichetou,Mint Brahim,Aichetou Mint Brahim,F,1983-06-23,+22233501471,,2,Nouakchott-Ouest,STANDARD,,ACTIVE,2024-03-23,2024-11-13T22:56:06.461Z,2024-03-23T22:32:00.065Z,2024-11-13T22:56:06.461Z
3165,0501871316,Safi,Yatabaré,Safi Yatabaré,F,2005-04-15,+22232987962,,1,Nouakchott-Nord,OCCASIONAL,,ACTIVE,2023-09-12,2024-03-06T00:06:19.693Z,2023-09-12T11:47:22.086Z,2024-03-06T00:06:19.693Z
3166,7302230298,Kani,Sow,Kani Sow,F,1973-02-25,+22225809647,,2,Nouakchott-Ouest,STANDARD,,BLOCKED,2024-01-10,2024-08-19T01:24:50.602Z,2024-01-10T03:33:45.585Z,2024-08-19T01:24:50.602Z
3167,8207188879,Moussa,Koné,Moussa Koné,M,1982-01-18,+22222935207,moussa.koné274@hotmail.fr,7,Gorgol,ACTIVE,,PENDING_KYC,2022-07-02,2022-08-25T04:03:40.265Z,2022-07-02T08:45:00.803Z,2022-08-25T04:03:40.265Z
3168,6603043978,Kelthoum,Wade,Kelthoum Wade,F,1966-04-04,+22244687036,kelthoum.wade481@outlook.com,3,Nouakchott-Sud,ACTIVE,,ACTIVE,2023-02-13,2024-04-26T15:33:59.346Z,2023-02-13T01:29:47.327Z,2024-04-26T15:33:59.346Z
3169,6003224759,Ahmed Salem,Ould Hadrami,Ahmed Salem Ould Hadrami,M,1960-06-07,+22236370403,ahmedsalem.ouldhadrami78@hotmail.fr,3,Nouakchott-Sud,OCCASIONAL,,ACTIVE,2024-04-08,2024-10-22T14:11:05.423Z,2024-04-08T14:40:31.441Z,2024-10-22T14:11:05.423Z
3170,8702411485,Dah,Kanouté,Dah Kanouté,M,1987-12-09,+22224003115,,2,Nouakchott-Ouest,OCCASIONAL,,ACTIVE,2022-10-13,2024-05-14T09:59:19.511Z,2022-10-13T14:53:55.196Z,2024-05-14T09:59:19.511Z
3171,7804617744,Malouma,Mint Maloum,Malouma Mint Maloum,F,1978-03-28,+22247962504,,4,Dakhlet Nouadhibou,STANDARD,,ACTIVE,2024-12-24,2024-12-28T19:36:01.216Z,2024-12-24T05:09:55.513Z,2024-12-28T19:36:01.216Z
3172,6202389954,Fatima,Mint Moulaye,Fatima Mint Moulaye,F,1962-03-25,+22222052143,,2,Nouakchott-Ouest,DORMANT,,ACTIVE,2023-08-11,2023-11-12T10:57:22.214Z,2023-08-11T09:11:57.916Z,2023-11-12T10:57:22.214Z
3173,8103140478,Kalilou,Dramé,Kalilou Dramé,M,1981-04-03,+22223109745,,3,Nouakchott-Sud,STANDARD,,ACTIVE,2023-08-27,2024-01-31T14:45:48.778Z,2023-08-27T16:43:45.111Z,2024-01-31T14:45:48.778Z
3174,9505234468,Kalidou,Ndour,Kalidou Ndour,M,1995-05-06,+22249305503,,5,Trarza,STANDARD,,ACTIVE,2023-08-28,2024-11-10T03:21:13.614Z,2023-08-28T16:08:16.876Z,2024-11-10T03:21:13.614Z
3175,8901110358,Tidiane,Touré,Tidiane Touré,M,1989-01-28,+22224462116,,1,Nouakchott-Nord,STANDARD,,ACTIVE,2022-07-01,2024-02-06T18:40:44.357Z,2022-07-01T06:29:38.607Z,2024-02-06T18:40:44.357Z
3176,0002422785,Cheibany,Ould Sidi,Cheibany Ould Sidi,M,2000-10-02,+22233020893,,2,Nouakchott-Ouest,OCCASIONAL,,PENDING_KYC,2022-07-14,2024-12-29T07:52:58.820Z,2022-07-14T02:58:35.725Z,2024-12-29T07:52:58.820Z
3177,6908782000,Khadija,Mbaye,Khadija Mbaye,F,1969-12-15,+22236240596,,8,Guidimaka,OCCASIONAL,,PENDING_KYC,2024-03-14,2024-06-08T13:15:42.963Z,2024-03-14T15:07:35.275Z,2024-06-08T13:15:42.963Z
3178,6107721846,Fatoumata,Thiam,Fatoumata Thiam,F,1961-12-05,+22249967530,,7,Gorgol,STANDARD,,PENDING_KYC,2022-09-17,2024-03-20T07:20:00.105Z,2022-09-17T07:55:50.439Z,2024-03-20T07:20:00.105Z
3179,6406386384,Salka,Bathily,Salka Bathily,F,1964-09-14,+22244137835,salka.bathily937@outlook.com,6,Brakna,OCCASIONAL,,ACTIVE,2024-01-31,2024-12-06T12:06:36.066Z,2024-01-31T00:57:51.332Z,2024-12-06T12:06:36.066Z
3180,7703551558,Banna,Wane,Banna Wane,F,1977-07-19,+22223273956,,3,Nouakchott-Sud,STANDARD,,ACTIVE,2024-11-08,2024-11-24T14:16:29.856Z,2024-11-08T18:46:12.515Z,2024-11-24T14:16:29.856Z
3181,8307569659,Horma,Wade,Horma Wade,M,1983-10-24,+22248295039,,7,Gorgol,STANDARD,,PENDING_KYC,2022-09-17,2024-11-13T17:36:00.368Z,2022-09-17T05:54:21.933Z,2024-11-13T17:36:00.368Z
3182,9314157369,Sidina,Ould Nenni,Sidina Ould Nenni,M,1993-12-25,+22233368579,,14,Inchiri,OCCASIONAL,,ACTIVE,2023-03-20,2024-09-11T13:27:54.856Z,2023-03-20T04:00:09.593Z,2024-09-11T13:27:54.856Z
3183,8601765418,Saadbouh,Mbow,Saadbouh Mbow,M,1986-09-14,+22222973920,saadbouh.mbow11@outlook.com,1,Nouakchott-Nord,ACTIVE,,ACTIVE,2022-11-09,2024-08-27T19:03:13.674Z,2022-11-09T04:35:14.410Z,2024-08-27T19:03:13.674Z
3184,8209587526,Ablaye,Dieng,Ablaye Dieng,M,1982-05-28,+22237667773,,9,Assaba,STANDARD,,INACTIVE,2023-11-08,2024-01-19T15:44:49.075Z,2023-11-08T21:48:54.818Z,2024-01-19T15:44:49.075Z
3185,9211206236,Vatma,Mint Khatri,Vatma Mint Khatri,F,1992-11-06,+22223497073,vatma.mintkhatri307@hotmail.fr,11,Hodh El Gharbi,STANDARD,,ACTIVE,2023-08-05,2024-12-03T07:51:16.264Z,2023-08-05T11:05:04.619Z,2024-12-03T07:51:16.264Z
3186,0001899557,Saidou,Ndour,Saidou Ndour,M,2000-10-23,+22242496390,,1,Nouakchott-Nord,STANDARD,,PENDING_KYC,2023-03-28,2024-04-24T21:19:35.073Z,2023-03-28T02:50:40.807Z,2024-04-24T21:19:35.073Z
3187,7102987936,Wedadi,Tall,Wedadi Tall,M,1971-06-13,+22223664759,,2,Nouakchott-Ouest,STANDARD,,ACTIVE,2023-10-02,2024-03-20T21:02:37.968Z,2023-10-02T20:39:40.862Z,2024-03-20T21:02:37.968Z
3188,7001148438,Saadbouh,Ould Hamoud,Saadbouh Ould Hamoud,M,1970-09-19,+22223018076,,1,Nouakchott-Nord,OCCASIONAL,,ACTIVE,2022-03-25,2024-04-09T15:56:36.735Z,2022-03-25T05:09:03.253Z,2024-04-09T15:56:36.735Z
3189,7409565578,Sadio,Kanouté,Sadio Kanouté,M,1974-04-02,+22236637320,sadio.kanouté423@gmail.com,9,Assaba,DORMANT,,ACTIVE,2022-08-08,2023-12-07T17:55:43.278Z,2022-08-08T07:20:29.231Z,2023-12-07T17:55:43.278Z
3190,6104861084,Penda,Mbow,Penda Mbow,F,1961-04-10,+22225844261,,4,Dakhlet Nouadhibou,ACTIVE,,ACTIVE,2024-04-27,2024-05-09T15:59:00.762Z,2024-04-27T15:56:53.132Z,2024-05-09T15:59:00.762Z
3191,0303871462,Leila,Tall,Leila Tall,F,2003-11-06,+22244586573,,3,Nouakchott-Sud,OCCASIONAL,,ACTIVE,2022-05-05,2023-04-18T08:41:20.078Z,2022-05-05T07:50:08.652Z,2023-04-18T08:41:20.078Z
3192,8804135188,Abdel Rahman,Ould Lemrabott,Abdel Rahman Ould Lemrabott,M,1988-03-05,+22232404823,abdelrahman.ouldlemrabott407@yahoo.fr,4,Dakhlet Nouadhibou,DORMANT,,PENDING_KYC,2023-06-11,2023-08-26T19:45:55.963Z,2023-06-11T23:25:58.665Z,2023-08-26T19:45:55.963Z
3193,9805548773,Minetou,Barry,Minetou Barry,F,1998-04-01,+22224740414,minetou.barry839@yahoo.fr,5,Trarza,ACTIVE,,ACTIVE,2023-02-06,2024-08-01T03:40:44.349Z,2023-02-06T08:18:46.382Z,2024-08-01T03:40:44.349Z
3194,6201685840,Khady,Mbow,Khady Mbow,F,1962-10-02,+22224691542,khady.mbow958@gmail.com,1,Nouakchott-Nord,STANDARD,,ACTIVE,2023-03-23,2024-03-31T05:00:20.728Z,2023-03-23T20:39:30.029Z,2024-03-31T05:00:20.728Z
3195,6106087941,Mahfoudh,Yatabaré,Mahfoudh Yatabaré,M,1961-12-12,+22237893270,,6,Brakna,OCCASIONAL,,ACTIVE,2023-01-13,2024-08-24T07:58:50.063Z,2023-01-13T14:45:07.511Z,2024-08-24T07:58:50.063Z
3196,8402893497,Seynabou,Yatabaré,Seynabou Yatabaré,F,1984-12-20,+22223482883,,2,Nouakchott-Ouest,DORMANT,,ACTIVE,2024-10-23,2024-10-27T03:55:20.936Z,2024-10-23T17:56:32.461Z,2024-10-27T03:55:20.936Z
3197,6103753320,Mohamed Yahya,Ould El Mamy,Mohamed Yahya Ould El Mamy,M,1961-09-05,+22233351331,mohamedyahya.ouldelmamy636@gmail.com,3,Nouakchott-Sud,OCCASIONAL,,ACTIVE,2024-02-26,2024-03-13T05:15:50.914Z,2024-02-26T13:09:30.867Z,2024-03-13T05:15:50.914Z
3198,6202835387,Aicha,Mint Messoud,Aicha Mint Messoud,F,1962-05-19,+22224508832,,2,Nouakchott-Ouest,OCCASIONAL,,ACTIVE,2023-05-17,2024-05-09T09:46:57.754Z,2023-05-17T06:19:14.357Z,2024-05-09T09:46:57.754Z
3199,9315460121,Rougui,Ndour,Rougui Ndour,F,1993-01-21,+22233197510,,15,Tiris Zemmour,DORMANT,,ACTIVE,2022-12-21,2024-11-26T13:54:25.020Z,2022-12-21T23:33:14.293Z,2024-11-26T13:54:25.020Z
3200,6202862994,Mokhtar,Ould Habiboullah,Mokhtar Ould Habiboullah,M,1962-02-27,+22224510231,,2,Nouakchott-Ouest,STANDARD,,ACTIVE,2022-02-17,2024-09-11T18:29:19.045Z,2022-02-17T18:56:28.010Z,2024-09-11T18:29:19.045Z
3201,7801871596,Tourad,Ould Mahmoud,Tourad Ould Mahmoud,M,1978-12-02,+22235059381,,1,Nouakchott-Nord,STANDARD,,PENDING_KYC,2022-08-15,2023-09-10T12:36:34.027Z,2022-08-15T02:39:55.973Z,2023-09-10T12:36:34.027Z
3202,8309382586,Ahmed,Ould Abdel Kader,Ahmed Ould Abdel Kader,M,1983-06-05,+22241997370,ahmed.ouldabdelkader515@gmail.com,9,Assaba,ACTIVE,,PENDING_KYC,2022-05-03,2023-06-01T22:02:16.388Z,2022-05-03T16:40:09.189Z,2023-06-01T22:02:16.388Z
3203,8602551951,Malouma,Mint Soufi,Malouma Mint Soufi,F,1986-05-22,+22245393090,malouma.mintsoufi414@yahoo.fr,2,Nouakchott-Ouest,STANDARD,,ACTIVE,2023-10-07,2024-06-02T22:46:01.833Z,2023-10-07T16:14:25.741Z,2024-06-02T22:46:01.833Z
3204,9902557401,Hafsata,Gaye,Hafsata Gaye,F,1999-02-25,+22241553521,hafsata.gaye58@outlook.com,2,Nouakchott-Ouest,DORMANT,,ACTIVE,2022-08-07,2022-09-10T05:18:51.207Z,2022-08-07T05:04:44.479Z,2022-09-10T05:18:51.207Z
3205,6703004426,Saad,Ould El Mokhtar,Saad Ould El Mokhtar,M,1967-04-14,+22235504693,saad.ouldelmokhtar501@hotmail.fr,3,Nouakchott-Sud,STANDARD,,ACTIVE,2024-10-05,2024-11-21T18:41:01.335Z,2024-10-05T05:03:24.585Z,2024-11-21T18:41:01.335Z
3206,9602244401,Houda,Mint El Mokhtar,Houda Mint El Mokhtar,F,1996-02-28,+22224927833,houda.mintelmokhtar157@yahoo.fr,2,Nouakchott-Ouest,STANDARD,,BLOCKED,2022-07-08,2023-06-20T05:13:19.169Z,2022-07-08T14:31:04.160Z,2023-06-20T05:13:19.169Z
3207,0202074230,Cheikh,Ould Zein,Cheikh Ould Zein,M,2002-10-19,+22222295644,cheikh.ouldzein735@yahoo.fr,2,Nouakchott-Ouest,STANDARD,,ACTIVE,2023-12-05,2024-12-29T00:33:58.117Z,2023-12-05T05:43:48.397Z,2024-12-29T00:33:58.117Z
3208,0502521128,Mokhtar,Ould Abdallah,Mokhtar Ould Abdallah,M,2005-02-02,+22237712565,,2,Nouakchott-Ouest,STANDARD,,ACTIVE,2023-11-15,2024-02-10T12:31:52.979Z,2023-11-15T03:43:25.692Z,2024-02-10T12:31:52.979Z
3209,7007538235,Assa,Cissé,Assa Cissé,F,1970-05-06,+22236866177,,7,Gorgol,STANDARD,,ACTIVE,2023-06-28,2023-10-18T21:04:31.559Z,2023-06-28T01:44:07.909Z,2023-10-18T21:04:31.559Z
3210,8003552070,Rokaya,Mint El Hacen,Rokaya Mint El Hacen,F,1980-04-17,+22243458000,rokaya.mintelhacen654@yahoo.fr,3,Nouakchott-Sud,ACTIVE,,ACTIVE,2022-07-04,2023-09-09T13:08:34.327Z,2022-07-04T06:36:24.760Z,2023-09-09T13:08:34.327Z
3211,8305254681,Noura,Mint Hadrami,Noura Mint Hadrami,F,1983-12-26,+22232961509,noura.minthadrami960@yahoo.fr,5,Trarza,PREMIUM,,ACTIVE,2024-05-23,2024-09-24T08:47:11.715Z,2024-05-23T19:25:25.569Z,2024-09-24T08:47:11.715Z
3212,6512918361,Diahara,Camara,Diahara Camara,F,1965-10-16,+22237046615,,12,Adrar,OCCASIONAL,,ACTIVE,2024-01-27,2024-02-16T15:51:01.253Z,2024-01-27T19:06:37.965Z,2024-02-16T15:51:01.253Z
3213,0201922758,Oumou,Bah,Oumou Bah,F,2002-02-26,+22244829859,,1,Nouakchott-Nord,ACTIVE,,INACTIVE,2024-04-05,2024-07-03T03:56:38.305Z,2024-04-05T04:43:03.694Z,2024-07-03T03:56:38.305Z
3214,7805275767,Kalilou,Diop,Kalilou Diop,M,1978-04-15,+22223463771,,5,Trarza,OCCASIONAL,,ACTIVE,2024-05-16,2024-05-24T21:59:27.081Z,2024-05-16T03:48:55.609Z,2024-05-24T21:59:27.081Z
3215,0401587735,Yahya,Diagana,Yahya Diagana,M,2004-10-13,+22223138089,,1,Nouakchott-Nord,STANDARD,,ACTIVE,2023-10-08,2024-04-24T07:19:43.084Z,2023-10-08T15:19:00.612Z,2024-04-24T07:19:43.084Z
3216,0101057745,Safi,Koné,Safi Koné,F,2001-11-20,+22248496073,safi.koné309@gmail.com,1,Nouakchott-Nord,STANDARD,,INACTIVE,2024-02-06,2024-04-25T06:37:29.216Z,2024-02-06T12:46:18.967Z,2024-04-25T06:37:29.216Z
3217,9402783586,Toumani,Tall,Toumani Tall,M,1994-10-13,+22222674075,toumani.tall18@outlook.com,2,Nouakchott-Ouest,STANDARD,,ACTIVE,2023-05-06,2024-11-21T10:57:57.047Z,2023-05-06T21:33:58.035Z,2024-11-21T10:57:57.047Z
3218,9402840546,Mahjouba,Mint Brahim,Mahjouba Mint Brahim,F,1994-03-19,+22236444606,,2,Nouakchott-Ouest,STANDARD,,ACTIVE,2023-07-16,2024-01-19T07:35:33.942Z,2023-07-16T18:20:31.411Z,2024-01-19T07:35:33.942Z
3219,0304278688,Astou,Sow,Astou Sow,F,2003-07-04,+22242221551,,4,Dakhlet Nouadhibou,ACTIVE,,ACTIVE,2024-06-14,2024-11-19T22:12:04.506Z,2024-06-14T13:27:17.949Z,2024-11-19T22:12:04.506Z
3220,8402574583,Idrissa,Thiam,Idrissa Thiam,M,1984-03-12,+22222028228,,2,Nouakchott-Ouest,DORMANT,,ACTIVE,2023-09-12,2024-11-13T10:51:45.646Z,2023-09-12T17:07:00.585Z,2024-11-13T10:51:45.646Z
3221,9712988903,Nagi,Ould Khatri,Nagi Ould Khatri,M,1997-11-11,+22223089018,,12,Adrar,ACTIVE,,ACTIVE,2023-02-08,2023-04-13T09:34:52.861Z,2023-02-08T22:59:50.935Z,2023-04-13T09:34:52.861Z
3222,9503415894,Saad,Sakho,Saad Sakho,M,1995-09-24,+22225000085,saad.sakho568@outlook.com,3,Nouakchott-Sud,ACTIVE,,ACTIVE,2022-08-04,2024-05-15T05:15:20.304Z,2022-08-04T11:33:55.754Z,2024-05-15T05:15:20.304Z
3223,8104978580,Aicha,Mint Dah,Aicha Mint Dah,F,1981-01-18,+22223279032,aicha.mintdah542@gmail.com,4,Dakhlet Nouadhibou,STANDARD,,ACTIVE,2022-03-19,2023-10-05T17:03:14.968Z,2022-03-19T21:54:07.256Z,2023-10-05T17:03:14.968Z
3224,0201816198,Mor,Diallo,Mor Diallo,M,2002-10-16,+22223890149,mor.diallo587@hotmail.fr,1,Nouakchott-Nord,STANDARD,,ACTIVE,2024-12-19,2024-12-19T22:40:35.048Z,2024-12-19T11:12:32.716Z,2024-12-19T22:40:35.048Z
3225,9403333083,Nouhoum,Thiaw,Nouhoum Thiaw,M,1994-07-17,+22247831530,,3,Nouakchott-Sud,ACTIVE,,ACTIVE,2023-04-19,2023-05-09T22:43:03.943Z,2023-04-19T16:06:20.954Z,2023-05-09T22:43:03.943Z
3226,9310234462,Salem,Ould Messoud,Salem Ould Messoud,M,1993-04-25,+22223850315,,10,Hodh Ech Chargui,OCCASIONAL,,ACTIVE,2024-10-24,2024-11-02T00:01:46.758Z,2024-10-24T21:15:26.672Z,2024-11-02T00:01:46.758Z
3227,0506311804,Saleck,Ould Khalil,Saleck Ould Khalil,M,2005-04-08,+22223104737,,6,Brakna,OCCASIONAL,,ACTIVE,2022-02-01,2022-03-06T09:02:21.684Z,2022-02-01T09:03:39.734Z,2022-03-06T09:02:21.684Z
3228,8104223831,Koumba,Bâ,Koumba Bâ,F,1981-07-20,+22237584158,koumba.bâ646@gmail.com,4,Dakhlet Nouadhibou,STANDARD,,ACTIVE,2022-06-08,2024-12-22T21:56:00.063Z,2022-06-08T22:36:22.958Z,2024-12-22T21:56:00.063Z
3229,7003509824,Aichetou,Mint Eleya,Aichetou Mint Eleya,F,1970-07-22,+22224204697,,3,Nouakchott-Sud,ACTIVE,,ACTIVE,2024-11-15,2024-12-05T12:02:34.405Z,2024-11-15T05:23:25.730Z,2024-12-05T12:02:34.405Z
3230,6602230649,Pape,Ndiaye,Pape Ndiaye,M,1966-07-15,+22236109686,pape.ndiaye587@gmail.com,2,Nouakchott-Ouest,STANDARD,,ACTIVE,2022-11-26,2024-12-11T11:59:29.249Z,2022-11-26T12:38:40.727Z,2024-12-11T11:59:29.249Z
3231,9201830676,Hapsatou,Ndiaye,Hapsatou Ndiaye,F,1992-05-28,+22225431941,hapsatou.ndiaye829@outlook.com,1,Nouakchott-Nord,DORMANT,,BLOCKED,2022-06-28,2022-07-16T10:40:13.803Z,2022-06-28T23:59:32.589Z,2022-07-16T10:40:13.803Z
3232,7001903011,Habiboullah,Ould Abdel Kader,Habiboullah Ould Abdel Kader,M,1970-09-10,+22223880559,,1,Nouakchott-Nord,ACTIVE,,ACTIVE,2024-07-05,2024-12-25T04:11:02.997Z,2024-07-05T04:46:32.802Z,2024-12-25T04:11:02.997Z
3233,7202709737,Saadbouh,Ould Abeih,Saadbouh Ould Abeih,M,1972-04-06,+22244673198,,2,Nouakchott-Ouest,STANDARD,,ACTIVE,2024-05-23,2024-10-09T10:12:43.559Z,2024-05-23T06:42:38.826Z,2024-10-09T10:12:43.559Z
3234,0103163576,Vatma,Mint Maloum,Vatma Mint Maloum,F,2001-10-09,+22222905100,,3,Nouakchott-Sud,STANDARD,,ACTIVE,2024-08-18,2024-08-28T11:32:47.601Z,2024-08-18T03:35:35.461Z,2024-08-28T11:32:47.601Z
3235,0406856841,Mohamed Yahya,Ould Abdel Aziz,Mohamed Yahya Ould Abdel Aziz,M,2004-01-25,+22249293411,,6,Brakna,STANDARD,,INACTIVE,2022-12-22,2024-10-23T17:20:33.192Z,2022-12-22T03:10:31.838Z,2024-10-23T17:20:33.192Z
3236,9303869323,Zahra,Mint Hamoud,Zahra Mint Hamoud,F,1993-04-25,+22232641308,,3,Nouakchott-Sud,STANDARD,,ACTIVE,2023-01-25,2023-06-06T22:48:12.067Z,2023-01-25T15:01:17.636Z,2023-06-06T22:48:12.067Z
3237,8607190124,Sidi Mohamed,Bathily,Sidi Mohamed Bathily,M,1986-03-25,+22235393995,,7,Gorgol,STANDARD,,ACTIVE,2022-07-03,2024-12-30T08:31:54.799Z,2022-07-03T20:32:44.973Z,2024-12-30T08:31:54.799Z
3238,7105866698,Mohamed Mahmoud,Ould Ethmane,Mohamed Mahmoud Ould Ethmane,M,1971-07-14,+22243031847,,5,Trarza,DORMANT,,ACTIVE,2022-07-30,2024-01-27T07:32:37.885Z,2022-07-30T15:04:57.128Z,2024-01-27T07:32:37.885Z
3239,8201344956,Abeih,Ould Dah,Abeih Ould Dah,M,1982-07-07,+22234510776,abeih.oulddah350@outlook.com,1,Nouakchott-Nord,DORMANT,,ACTIVE,2022-11-01,2023-12-22T09:05:06.085Z,2022-11-01T23:13:46.565Z,2023-12-22T09:05:06.085Z
3240,7101638297,Mohamed Lemine,Ould Vall,Mohamed Lemine Ould Vall,M,1971-03-02,+22246451545,,1,Nouakchott-Nord,STANDARD,,ACTIVE,2024-05-09,2024-09-21T08:51:43.354Z,2024-05-09T07:40:05.532Z,2024-09-21T08:51:43.354Z
3241,6501197201,Noura,Mint Nagi,Noura Mint Nagi,F,1965-06-19,+22222528487,,1,Nouakchott-Nord,DORMANT,,ACTIVE,2023-05-08,2023-06-08T11:53:11.740Z,2023-05-08T16:34:55.528Z,2023-06-08T11:53:11.740Z
3242,9003428826,Hawa,Mint El Hacen,Hawa Mint El Hacen,F,1990-01-12,+22225644592,hawa.mintelhacen265@hotmail.fr,3,Nouakchott-Sud,DORMANT,,BLOCKED,2022-05-28,2024-05-30T22:44:19.958Z,2022-05-28T05:34:13.735Z,2024-05-30T22:44:19.958Z
3243,9807456234,Cheikh,Ould Abdel Kader,Cheikh Ould Abdel Kader,M,1998-02-28,+22222954535,cheikh.ouldabdelkader294@hotmail.fr,7,Gorgol,ACTIVE,,ACTIVE,2024-03-06,2024-03-26T10:36:11.501Z,2024-03-06T09:25:13.629Z,2024-03-26T10:36:11.501Z
3244,0303734156,Koumba,Fofana,Koumba Fofana,F,2003-06-03,+22247225891,koumba.fofana502@gmail.com,3,Nouakchott-Sud,ACTIVE,,ACTIVE,2023-07-27,2024-08-08T17:52:16.853Z,2023-07-27T19:04:40.407Z,2024-08-08T17:52:16.853Z
3245,6508362459,Fanta,Diallo,Fanta Diallo,F,1965-01-05,+22246226557,fanta.diallo957@yahoo.fr,8,Guidimaka,DORMANT,,ACTIVE,2022-10-29,2023-09-25T02:42:05.783Z,2022-10-29T22:25:25.121Z,2023-09-25T02:42:05.783Z
3246,8402083465,Dialika,Sène,Dialika Sène,F,1984-07-15,+22223855974,,2,Nouakchott-Ouest,OCCASIONAL,,ACTIVE,2023-05-02,2024-11-21T20:38:24.395Z,2023-05-02T17:37:53.430Z,2024-11-21T20:38:24.395Z
3247,9006661749,Rougui,Soumaré,Rougui Soumaré,F,1990-04-06,+22223113724,,6,Brakna,OCCASIONAL,,ACTIVE,2023-10-20,2023-11-13T05:59:55.770Z,2023-10-20T09:52:19.740Z,2023-11-13T05:59:55.770Z
3248,7802861237,Abdourahmane,Anne,Abdourahmane Anne,M,1978-07-27,+22237571142,abdourahmane.anne417@yahoo.fr,2,Nouakchott-Ouest,ACTIVE,,PENDING_KYC,2023-07-28,2024-01-10T19:37:39.204Z,2023-07-28T07:30:54.673Z,2024-01-10T19:37:39.204Z
3249,0004668183,Defa,Bâ,Defa Bâ,F,2000-01-02,+22248634047,,4,Dakhlet Nouadhibou,STANDARD,,ACTIVE,2024-10-14,2024-12-15T18:43:11.954Z,2024-10-14T09:20:16.598Z,2024-12-15T18:43:11.954Z
3250,6904567131,Lemrabott,Mbaye,Lemrabott Mbaye,M,1969-02-03,+22249994383,lemrabott.mbaye877@hotmail.fr,4,Dakhlet Nouadhibou,STANDARD,,ACTIVE,2023-01-18,2024-09-27T14:46:17.740Z,2023-01-18T05:17:34.302Z,2024-09-27T14:46:17.740Z
3251,0504327708,Aissata,Mint Messoud,Aissata Mint Messoud,F,2005-04-04,+22224371225,,4,Dakhlet Nouadhibou,OCCASIONAL,,PENDING_KYC,2024-02-26,2024-08-10T02:58:23.342Z,2024-02-26T20:26:46.669Z,2024-08-10T02:58:23.342Z
3252,0410880999,Banna,Barry,Banna Barry,F,2004-02-04,+22223545670,banna.barry488@hotmail.fr,10,Hodh Ech Chargui,OCCASIONAL,,ACTIVE,2023-04-25,2023-06-08T13:48:34.770Z,2023-04-25T17:11:54.841Z,2023-06-08T13:48:34.770Z
3253,9202549405,Cheikhna,Gaye,Cheikhna Gaye,M,1992-11-27,+22225037125,cheikhna.gaye185@gmail.com,2,Nouakchott-Ouest,STANDARD,,ACTIVE,2023-02-08,2023-11-29T19:53:51.253Z,2023-02-08T02:30:43.096Z,2023-11-29T19:53:51.253Z
3254,6304208801,Dramane,Bâ,Dramane Bâ,M,1963-01-24,+22223008100,,4,Dakhlet Nouadhibou,DORMANT,,INACTIVE,2024-11-22,2024-12-12T11:04:03.169Z,2024-11-22T08:52:23.601Z,2024-12-12T11:04:03.169Z
3255,7611339628,Mamadou,Sow,Mamadou Sow,M,1976-01-11,+22223524976,mamadou.sow838@outlook.com,11,Hodh El Gharbi,OCCASIONAL,,ACTIVE,2023-05-04,2024-02-20T07:02:43.160Z,2023-05-04T13:32:28.015Z,2024-02-20T07:02:43.160Z
3256,7802925799,Boubacar,Gaye,Boubacar Gaye,M,1978-03-24,+22234714042,boubacar.gaye406@outlook.com,2,Nouakchott-Ouest,ACTIVE,,ACTIVE,2024-06-10,2024-08-20T16:59:07.072Z,2024-06-10T18:39:23.256Z,2024-08-20T16:59:07.072Z
3257,8701745080,Maguette,Wade,Maguette Wade,F,1987-08-23,+22232326403,,1,Nouakchott-Nord,OCCASIONAL,,ACTIVE,2022-07-05,2023-05-25T08:03:04.633Z,2022-07-05T07:24:50.810Z,2023-05-25T08:03:04.633Z
3258,6803120673,Soumaïla,Fall,Soumaïla Fall,M,1968-08-08,+22237466084,soumaïla.fall762@outlook.com,3,Nouakchott-Sud,STANDARD,,PENDING_KYC,2023-02-16,2023-10-27T20:36:58.417Z,2023-02-16T05:08:52.153Z,2023-10-27T20:36:58.417Z
3259,9006253612,Mohamed Mahmoud,Ould Brahim,Mohamed Mahmoud Ould Brahim,M,1990-03-15,+22222268215,mohamedmahmoud.ouldbrahim319@hotmail.fr,6,Brakna,ACTIVE,,ACTIVE,2022-09-23,2023-07-12T08:39:24.468Z,2022-09-23T13:14:13.088Z,2023-07-12T08:39:24.468Z
3260,0202743413,Hamoud,Gaye,Hamoud Gaye,M,2002-09-20,+22237710991,,2,Nouakchott-Ouest,STANDARD,,ACTIVE,2022-05-21,2024-08-23T21:49:42.954Z,2022-05-21T18:20:12.821Z,2024-08-23T21:49:42.954Z
3261,9506660552,Hawa,Cissé,Hawa Cissé,F,1995-06-14,+22223617050,,6,Brakna,STANDARD,,ACTIVE,2022-12-22,2024-05-27T01:46:25.501Z,2022-12-22T19:53:09.503Z,2024-05-27T01:46:25.501Z
3262,6602692292,Kelthoum,Diallo,Kelthoum Diallo,F,1966-01-27,+22242638469,,2,Nouakchott-Ouest,ACTIVE,,ACTIVE,2022-03-07,2023-10-08T21:12:16.608Z,2022-03-07T04:40:11.221Z,2023-10-08T21:12:16.608Z
3263,0106846836,Dado,Wade,Dado Wade,F,2001-02-24,+22235325035,,6,Brakna,ACTIVE,,ACTIVE,2023-03-26,2023-07-17T21:31:03.506Z,2023-03-26T13:44:44.925Z,2023-07-17T21:31:03.506Z
3264,8001490743,Cheikh Sidiya,Ould Nenni,Cheikh Sidiya Ould Nenni,M,1980-02-03,+22232901673,,1,Nouakchott-Nord,ACTIVE,,ACTIVE,2023-01-11,2023-08-30T21:46:32.803Z,2023-01-11T15:09:55.195Z,2023-08-30T21:46:32.803Z
3265,9705993800,Hamoud,Ould Limam,Hamoud Ould Limam,M,1997-09-19,+22224309245,,5,Trarza,STANDARD,,ACTIVE,2022-08-30,2023-12-06T01:45:05.827Z,2022-08-30T02:26:16.183Z,2023-12-06T01:45:05.827Z
3266,9206064322,Dah,Ould El Mamy,Dah Ould El Mamy,M,1992-05-27,+22234636336,,6,Brakna,OCCASIONAL,,ACTIVE,2022-12-07,2023-05-06T11:03:10.265Z,2022-12-07T20:52:27.064Z,2023-05-06T11:03:10.265Z
3267,8504143410,Oumou,Mint Ethmane,Oumou Mint Ethmane,F,1985-06-10,+22235173543,,4,Dakhlet Nouadhibou,DORMANT,,ACTIVE,2022-05-26,2023-10-16T06:38:46.159Z,2022-05-26T14:56:03.100Z,2023-10-16T06:38:46.159Z
3268,6601407037,Hamoud,Ould Cheikh,Hamoud Ould Cheikh,M,1966-06-28,+22222734868,,1,Nouakchott-Nord,OCCASIONAL,,INACTIVE,2024-09-16,2024-11-05T19:58:24.273Z,2024-09-16T07:02:32.172Z,2024-11-05T19:58:24.273Z
3269,6403023592,Maloum,Yatabaré,Maloum Yatabaré,M,1964-04-16,+22232308517,,3,Nouakchott-Sud,OCCASIONAL,,ACTIVE,2024-01-25,2024-10-01T10:26:44.874Z,2024-01-25T02:46:18.548Z,2024-10-01T10:26:44.874Z
3270,6806137371,Lehbib,Ould Tourad,Lehbib Ould Tourad,M,1968-01-05,+22224949139,,6,Brakna,DORMANT,,SUSPENDED,2022-04-23,2024-01-24T11:36:13.126Z,2022-04-23T22:24:25.602Z,2024-01-24T11:36:13.126Z
3271,7803126052,Salem,Ould Zein,Salem Ould Zein,M,1978-06-15,+22244095600,,3,Nouakchott-Sud,OCCASIONAL,,ACTIVE,2023-12-30,2024-01-08T23:38:47.218Z,2023-12-30T07:25:21.639Z,2024-01-08T23:38:47.218Z
3272,0304114643,Lassana,Sall,Lassana Sall,M,2003-01-27,+22246904026,lassana.sall273@hotmail.fr,4,Dakhlet Nouadhibou,OCCASIONAL,,SUSPENDED,2022-10-28,2023-10-24T21:09:26.174Z,2022-10-28T08:12:08.841Z,2023-10-24T21:09:26.174Z
3273,8002469515,Haby,Yatabaré,Haby Yatabaré,F,1980-07-04,+22236776486,haby.yatabaré532@gmail.com,2,Nouakchott-Ouest,OCCASIONAL,,ACTIVE,2024-04-22,2024-09-20T21:00:00.641Z,2024-04-22T08:33:18.340Z,2024-09-20T21:00:00.641Z
3274,9003222222,Rokaya,Mint El Mokhtar,Rokaya Mint El Mokhtar,F,1990-05-20,+22222166691,,3,Nouakchott-Sud,ACTIVE,,ACTIVE,2023-11-28,2024-05-20T05:24:23.467Z,2023-11-28T21:58:34.691Z,2024-05-20T05:24:23.467Z
3275,6514886985,Diakaridia,Soumaré,Diakaridia Soumaré,M,1965-08-10,+22224787196,diakaridia.soumaré88@hotmail.fr,14,Inchiri,STANDARD,,ACTIVE,2024-07-28,2024-08-02T19:02:48.216Z,2024-07-28T01:51:09.473Z,2024-08-02T19:02:48.216Z
3276,9215231867,Abdellahi,Ould Dah,Abdellahi Ould Dah,M,1992-08-27,+22224071251,abdellahi.oulddah622@gmail.com,15,Tiris Zemmour,STANDARD,,ACTIVE,2022-02-06,2023-10-06T00:22:49.989Z,2022-02-06T02:33:58.476Z,2023-10-06T00:22:49.989Z
3277,6701233518,Oumou,Kouyaté,Oumou Kouyaté,F,1967-01-07,+22222937608,,1,Nouakchott-Nord,OCCASIONAL,,PENDING_KYC,2022-03-16,2022-07-06T19:14:37.233Z,2022-03-16T20:52:33.522Z,2022-07-06T19:14:37.233Z
3278,6615371650,Khadija,Mbow,Khadija Mbow,F,1966-12-15,+22233790787,khadija.mbow615@gmail.com,15,Tiris Zemmour,STANDARD,,ACTIVE,2024-08-03,2024-12-25T01:34:55.540Z,2024-08-03T14:41:05.064Z,2024-12-25T01:34:55.540Z
3279,9001581453,Mahamadou,Dieng,Mahamadou Dieng,M,1990-03-27,+22225942915,,1,Nouakchott-Nord,OCCASIONAL,,ACTIVE,2022-12-28,2024-03-14T18:08:37.868Z,2022-12-28T17:10:24.311Z,2024-03-14T18:08:37.868Z
3280,9202652804,Zeinab,Mint Nenni,Zeinab Mint Nenni,F,1992-11-28,+22237680824,,2,Nouakchott-Ouest,STANDARD,,ACTIVE,2022-02-02,2024-06-05T21:48:54.558Z,2022-02-02T06:09:26.813Z,2024-06-05T21:48:54.558Z
3281,9703795785,Saad,Ould Habiboullah,Saad Ould Habiboullah,M,1997-08-27,+22235910268,,3,Nouakchott-Sud,DORMANT,,ACTIVE,2022-05-06,2024-11-18T20:12:33.836Z,2022-05-06T21:44:23.018Z,2024-11-18T20:12:33.836Z
3282,0302715604,Ibrahima,Sall,Ibrahima Sall,M,2003-02-06,+22241294358,ibrahima.sall149@gmail.com,2,Nouakchott-Ouest,OCCASIONAL,,ACTIVE,2024-01-20,2024-05-20T03:37:17.899Z,2024-01-20T20:22:20.856Z,2024-05-20T03:37:17.899Z
3283,8013929686,Kani,Diakité,Kani Diakité,F,1980-03-10,+22223455403,,13,Tagant,PREMIUM,,INACTIVE,2024-10-07,2024-10-24T20:38:24.132Z,2024-10-07T07:16:36.189Z,2024-10-24T20:38:24.132Z
3284,7705379435,Adama,Sissoko,Adama Sissoko,M,1977-04-16,+22224359324,,5,Trarza,STANDARD,,ACTIVE,2024-09-02,2024-12-14T21:43:51.684Z,2024-09-02T21:57:11.769Z,2024-12-14T21:43:51.684Z
3285,6715727511,Mouna,Mint Jiddou,Mouna Mint Jiddou,F,1967-12-21,+22224024398,mouna.mintjiddou250@yahoo.fr,15,Tiris Zemmour,OCCASIONAL,,ACTIVE,2023-09-05,2024-08-20T00:42:43.917Z,2023-09-05T15:14:00.210Z,2024-08-20T00:42:43.917Z
3286,7101558108,Tekber,Mint Taleb,Tekber Mint Taleb,F,1971-01-09,+22223355744,,1,Nouakchott-Nord,OCCASIONAL,,ACTIVE,2023-02-02,2024-11-04T23:44:39.410Z,2023-02-02T20:51:50.235Z,2024-11-04T23:44:39.410Z
3287,6602144957,Moulaye,Dia,Moulaye Dia,M,1966-06-26,+22222632046,,2,Nouakchott-Ouest,OCCASIONAL,,ACTIVE,2024-10-03,2024-10-24T09:36:18.240Z,2024-10-03T16:27:02.193Z,2024-10-24T09:36:18.240Z
3288,6708398102,Taleb,Cissé,Taleb Cissé,M,1967-11-18,+22246938190,,8,Guidimaka,STANDARD,,ACTIVE,2022-11-06,2023-04-15T13:08:34.016Z,2022-11-06T09:14:53.342Z,2023-04-15T13:08:34.016Z
3289,8112968825,Pape,Sissoko,Pape Sissoko,M,1981-03-02,+22222293512,,12,Adrar,STANDARD,,ACTIVE,2024-07-24,2024-11-29T22:02:27.869Z,2024-07-24T21:20:34.434Z,2024-11-29T22:02:27.869Z
3290,8302061370,Mohamed Salem,Ould Cheikh,Mohamed Salem Ould Cheikh,M,1983-03-15,+22224721648,mohamedsalem.ouldcheikh272@outlook.com,2,Nouakchott-Ouest,DORMANT,,ACTIVE,2023-03-08,2023-12-11T16:10:11.351Z,2023-03-08T12:13:34.186Z,2023-12-11T16:10:11.351Z
3291,9705263439,Moctar,Ly,Moctar Ly,M,1997-08-26,+22224828238,moctar.ly760@yahoo.fr,5,Trarza,OCCASIONAL,,ACTIVE,2023-04-05,2024-08-21T06:44:04.060Z,2023-04-05T10:40:40.318Z,2024-08-21T06:44:04.060Z
3292,7402843031,Soueidatt,Ould Isselmou,Soueidatt Ould Isselmou,M,1974-09-08,+22223735993,,2,Nouakchott-Ouest,STANDARD,,ACTIVE,2024-07-04,2024-08-14T16:09:02.989Z,2024-07-04T01:50:51.443Z,2024-08-14T16:09:02.989Z
3293,9403891217,Fatou,Sène,Fatou Sène,F,1994-07-02,+22249985734,fatou.sène650@hotmail.fr,3,Nouakchott-Sud,STANDARD,,ACTIVE,2023-04-25,2023-11-02T14:53:58.991Z,2023-04-25T02:41:03.160Z,2023-11-02T14:53:58.991Z
3294,8504801129,Tamba,Sy,Tamba Sy,M,1985-03-06,+22223911430,,4,Dakhlet Nouadhibou,STANDARD,,ACTIVE,2022-02-23,2024-04-27T04:00:12.376Z,2022-02-23T04:23:43.826Z,2024-04-27T04:00:12.376Z
3295,0401268371,Mor,Bâ,Mor Bâ,M,2004-06-10,+22225991147,,1,Nouakchott-Nord,STANDARD,,ACTIVE,2022-08-14,2024-10-22T13:34:21.232Z,2022-08-14T21:16:57.288Z,2024-10-22T13:34:21.232Z
3296,7609936167,Saad,Ould Saad,Saad Ould Saad,M,1976-06-15,+22233516659,,9,Assaba,STANDARD,,ACTIVE,2023-07-29,2023-10-26T09:53:45.176Z,2023-07-29T14:58:52.436Z,2023-10-26T09:53:45.176Z
3297,7601826943,Safiya,Mint Abdallah,Safiya Mint Abdallah,F,1976-06-18,+22237575654,safiya.mintabdallah681@gmail.com,1,Nouakchott-Nord,OCCASIONAL,,ACTIVE,2024-09-22,2024-10-11T15:04:53.258Z,2024-09-22T13:16:47.252Z,2024-10-11T15:04:53.258Z
3298,7908388946,Cheikh Sidiya,Ould Ethmane,Cheikh Sidiya Ould Ethmane,M,1979-07-02,+22225063928,,8,Guidimaka,ACTIVE,,ACTIVE,2023-10-19,2024-02-27T03:18:15.961Z,2023-10-19T12:29:26.349Z,2024-02-27T03:18:15.961Z
3299,9702907431,Moussa,Barry,Moussa Barry,M,1997-05-24,+22242850029,moussa.barry672@outlook.com,2,Nouakchott-Ouest,STANDARD,,ACTIVE,2023-04-04,2024-11-23T21:15:13.709Z,2023-04-04T19:16:03.086Z,2024-11-23T21:15:13.709Z
3300,7804135839,Néné,Guèye,Néné Guèye,F,1978-10-11,+22232879567,néné.guèye101@yahoo.fr,4,Dakhlet Nouadhibou,STANDARD,,ACTIVE,2024-02-25,2024-07-16T04:46:44.601Z,2024-02-25T09:56:15.000Z,2024-07-16T04:46:44.601Z
3301,8613501688,Safiya,Mbow,Safiya Mbow,F,1986-03-01,+22223660947,safiya.mbow369@outlook.com,13,Tagant,STANDARD,,ACTIVE,2024-03-23,2024-11-18T21:12:08.371Z,2024-03-23T20:31:53.325Z,2024-11-18T21:12:08.371Z
3302,7009024192,Oumou,Mint Khalil,Oumou Mint Khalil,F,1970-02-21,+22249854707,,9,Assaba,STANDARD,,ACTIVE,2024-08-17,2024-09-08T07:51:52.212Z,2024-08-17T04:01:11.593Z,2024-09-08T07:51:52.212Z
3303,6006744614,Abdel Kader,Ould Bouha,Abdel Kader Ould Bouha,M,1960-06-27,+22233287087,,6,Brakna,ACTIVE,,ACTIVE,2023-08-16,2024-12-24T06:11:56.484Z,2023-08-16T20:57:20.708Z,2024-12-24T06:11:56.484Z
3304,0305222598,Modou,Ndiaye,Modou Ndiaye,M,2003-09-15,+22245646252,,5,Trarza,OCCASIONAL,,ACTIVE,2024-05-12,2024-07-14T14:04:08.126Z,2024-05-12T05:28:02.769Z,2024-07-14T14:04:08.126Z
3305,8303214416,Maty,Diop,Maty Diop,F,1983-09-24,+22237924528,maty.diop409@outlook.com,3,Nouakchott-Sud,DORMANT,,ACTIVE,2024-06-16,2024-07-26T17:11:18.506Z,2024-06-16T05:26:43.566Z,2024-07-26T17:11:18.506Z
3306,8701976750,Mahjouba,Mint Jiddou,Mahjouba Mint Jiddou,F,1987-05-09,+22225777739,mahjouba.mintjiddou47@yahoo.fr,1,Nouakchott-Nord,OCCASIONAL,,ACTIVE,2024-01-14,2024-12-02T13:23:59.335Z,2024-01-14T09:00:37.538Z,2024-12-02T13:23:59.335Z
3307,7801868941,Djenaba,Diakité,Djenaba Diakité,F,1978-04-14,+22237903777,djenaba.diakité268@hotmail.fr,1,Nouakchott-Nord,ACTIVE,,ACTIVE,2023-03-05,2024-03-06T07:46:00.416Z,2023-03-05T04:11:33.736Z,2024-03-06T07:46:00.416Z
3308,7601004468,Brahim,Kouyaté,Brahim Kouyaté,M,1976-02-06,+22225559986,,1,Nouakchott-Nord,OCCASIONAL,,ACTIVE,2022-09-07,2023-04-26T13:11:41.691Z,2022-09-07T05:20:46.439Z,2023-04-26T13:11:41.691Z
3309,0501521778,Oumou,Sy,Oumou Sy,F,2005-08-03,+22223153021,oumou.sy116@outlook.com,1,Nouakchott-Nord,DORMANT,,PENDING_KYC,2022-05-13,2024-02-11T20:24:11.661Z,2022-05-13T04:38:40.345Z,2024-02-11T20:24:11.661Z
3310,9102128373,Souleymane,Ould Moulaye,Souleymane Ould Moulaye,M,1991-06-19,+22223847702,,2,Nouakchott-Ouest,ACTIVE,,ACTIVE,2024-07-03,2024-10-26T11:01:37.477Z,2024-07-03T18:10:17.150Z,2024-10-26T11:01:37.477Z
3311,9806452891,Hawa,Mint Dah,Hawa Mint Dah,F,1998-05-10,+22242581273,,6,Brakna,STANDARD,,ACTIVE,2022-07-13,2023-05-08T02:59:38.713Z,2022-07-13T08:12:28.314Z,2023-05-08T02:59:38.713Z
3312,7512748442,Abeih,Ould El Ghassem,Abeih Ould El Ghassem,M,1975-07-14,+22224250077,,12,Adrar,DORMANT,,ACTIVE,2023-12-23,2024-02-25T00:32:09.690Z,2023-12-23T17:23:40.613Z,2024-02-25T00:32:09.690Z
3313,7004799882,Penda,Sissoko,Penda Sissoko,F,1970-11-15,+22232773728,,4,Dakhlet Nouadhibou,ACTIVE,,ACTIVE,2023-05-10,2023-12-29T05:10:55.113Z,2023-05-10T23:33:30.186Z,2023-12-29T05:10:55.113Z
3314,9505592184,Ahmedou,Ould Ahmed,Ahmedou Ould Ahmed,M,1995-08-12,+22225029544,ahmedou.ouldahmed708@hotmail.fr,5,Trarza,PREMIUM,,ACTIVE,2024-08-14,2024-10-01T07:25:12.078Z,2024-08-14T22:26:50.956Z,2024-10-01T07:25:12.078Z
3315,0512645698,Tekber,Ndour,Tekber Ndour,F,2005-06-18,+22237023630,tekber.ndour467@outlook.com,12,Adrar,PREMIUM,,ACTIVE,2022-02-21,2024-12-08T00:47:57.888Z,2022-02-21T21:17:00.494Z,2024-12-08T00:47:57.888Z
3316,6312192789,Isselmou,Ould El Mamy,Isselmou Ould El Mamy,M,1963-02-04,+22225126214,isselmou.ouldelmamy492@yahoo.fr,12,Adrar,STANDARD,,ACTIVE,2023-06-24,2024-03-24T16:41:16.423Z,2023-06-24T11:33:14.393Z,2024-03-24T16:41:16.423Z
3317,9609672751,Abdel Aziz,Ould Salem,Abdel Aziz Ould Salem,M,1996-05-03,+22233075636,,9,Assaba,DORMANT,,INACTIVE,2022-05-06,2022-05-19T04:43:27.510Z,2022-05-06T00:43:40.450Z,2022-05-19T04:43:27.510Z
3318,8802592587,Modibo,Koné,Modibo Koné,M,1988-02-02,+22225422555,modibo.koné746@outlook.com,2,Nouakchott-Ouest,ACTIVE,,ACTIVE,2022-02-20,2024-09-01T07:34:29.991Z,2022-02-20T09:17:14.522Z,2024-09-01T07:34:29.991Z
3319,6002023036,Hawa,Mint Hamoud,Hawa Mint Hamoud,F,1960-10-14,+22222397133,,2,Nouakchott-Ouest,OCCASIONAL,,ACTIVE,2024-12-19,2024-12-20T22:40:35.569Z,2024-12-19T05:50:33.241Z,2024-12-20T22:40:35.569Z
3320,0001303478,Seynabou,Cissé,Seynabou Cissé,F,2000-12-04,+22234509150,seynabou.cissé950@hotmail.fr,1,Nouakchott-Nord,ACTIVE,,ACTIVE,2022-02-20,2022-12-29T10:55:11.969Z,2022-02-20T02:09:36.725Z,2022-12-29T10:55:11.969Z
3321,6903893008,Abeih,Ould Soufi,Abeih Ould Soufi,M,1969-11-03,+22244183973,abeih.ouldsoufi365@yahoo.fr,3,Nouakchott-Sud,PREMIUM,,ACTIVE,2022-04-29,2022-11-24T00:35:45.838Z,2022-04-29T23:34:18.533Z,2022-11-24T00:35:45.838Z
3322,9702144063,Ahmed Salem,Ould Soufi,Ahmed Salem Ould Soufi,M,1997-11-09,+22223400786,ahmedsalem.ouldsoufi466@gmail.com,2,Nouakchott-Ouest,STANDARD,,ACTIVE,2023-06-14,2024-03-10T06:50:22.058Z,2023-06-14T15:12:30.834Z,2024-03-10T06:50:22.058Z
3323,6302528028,Soumaïla,Bâ,Soumaïla Bâ,M,1963-07-25,+22224022167,,2,Nouakchott-Ouest,PREMIUM,,ACTIVE,2024-12-24,2024-12-30T07:35:06.795Z,2024-12-24T07:26:12.173Z,2024-12-30T07:35:06.795Z
3324,9502493956,Fatima,Mint Soufi,Fatima Mint Soufi,F,1995-02-01,+22237465243,,2,Nouakchott-Ouest,ACTIVE,,ACTIVE,2022-11-01,2024-01-13T01:55:16.879Z,2022-11-01T05:33:15.228Z,2024-01-13T01:55:16.879Z
3325,8201686810,Dah,Ould Khatri,Dah Ould Khatri,M,1982-05-06,+22235180550,dah.ouldkhatri820@gmail.com,1,Nouakchott-Nord,OCCASIONAL,,ACTIVE,2022-07-04,2023-05-03T09:41:03.647Z,2022-07-04T00:15:18.306Z,2023-05-03T09:41:03.647Z
3326,8403801857,Zahra,Tall,Zahra Tall,F,1984-06-10,+22233703791,,3,Nouakchott-Sud,OCCASIONAL,,BLOCKED,2023-07-18,2024-07-11T20:29:37.169Z,2023-07-18T00:37:48.589Z,2024-07-11T20:29:37.169Z
3327,6801620553,Ibou,Diallo,Ibou Diallo,M,1968-10-15,+22223836573,ibou.diallo306@yahoo.fr,1,Nouakchott-Nord,OCCASIONAL,,ACTIVE,2023-12-20,2024-07-29T18:06:08.524Z,2023-12-20T20:25:17.989Z,2024-07-29T18:06:08.524Z
3328,8303673189,Ramatoulaye,Diop,Ramatoulaye Diop,F,1983-05-05,+22234627075,,3,Nouakchott-Sud,DORMANT,,ACTIVE,2024-06-04,2024-09-05T08:39:40.863Z,2024-06-04T02:03:00.311Z,2024-09-05T08:39:40.863Z
3329,8002290191,Dah,Ould El Mokhtar,Dah Ould El Mokhtar,M,1980-11-01,+22225785225,dah.ouldelmokhtar683@gmail.com,2,Nouakchott-Ouest,STANDARD,,ACTIVE,2022-01-02,2022-01-31T15:46:56.888Z,2022-01-02T11:35:11.353Z,2022-01-31T15:46:56.888Z
3330,8301461081,Salka,Mint El Hacen,Salka Mint El Hacen,F,1983-06-27,+22222024604,,1,Nouakchott-Nord,OCCASIONAL,,ACTIVE,2023-10-24,2023-11-17T19:22:23.884Z,2023-10-24T23:16:24.102Z,2023-11-17T19:22:23.884Z
3331,6804276081,Tiémoko,Dramé,Tiémoko Dramé,M,1968-10-28,+22237014359,,4,Dakhlet Nouadhibou,PREMIUM,,ACTIVE,2024-05-18,2024-12-20T07:39:50.067Z,2024-05-18T15:29:10.579Z,2024-12-20T07:39:50.067Z
3332,9102908593,Namory,Mbaye,Namory Mbaye,M,1991-06-13,+22244351596,namory.mbaye514@hotmail.fr,2,Nouakchott-Ouest,OCCASIONAL,,ACTIVE,2023-02-18,2024-03-26T02:26:47.885Z,2023-02-18T22:22:12.009Z,2024-03-26T02:26:47.885Z
3333,9505072761,Ibou,Touré,Ibou Touré,M,1995-12-17,+22244919437,ibou.touré495@outlook.com,5,Trarza,OCCASIONAL,,ACTIVE,2022-08-04,2023-02-27T18:28:43.408Z,2022-08-04T17:34:27.251Z,2023-02-27T18:28:43.408Z
3334,6102937446,Oumar,Baldé,Oumar Baldé,M,1961-12-05,+22236612701,,2,Nouakchott-Ouest,STANDARD,,ACTIVE,2022-05-04,2022-07-14T00:55:31.185Z,2022-05-04T17:51:36.813Z,2022-07-14T00:55:31.185Z
3335,7802003101,Boubacar,Bah,Boubacar Bah,M,1978-01-01,+22248560257,boubacar.bah303@hotmail.fr,2,Nouakchott-Ouest,OCCASIONAL,,ACTIVE,2024-08-07,2024-10-31T03:54:33.633Z,2024-08-07T18:21:53.319Z,2024-10-31T03:54:33.633Z
3336,9001372260,Sékou,Gaye,Sékou Gaye,M,1990-10-12,+22245205546,sékou.gaye400@yahoo.fr,1,Nouakchott-Nord,STANDARD,,INACTIVE,2024-10-12,2024-11-17T23:28:26.853Z,2024-10-12T16:25:46.483Z,2024-11-17T23:28:26.853Z
3337,6603632073,Bassirou,Thiam,Bassirou Thiam,M,1966-08-17,+22244647841,bassirou.thiam224@gmail.com,3,Nouakchott-Sud,ACTIVE,,ACTIVE,2022-03-31,2024-04-19T10:14:46.820Z,2022-03-31T03:29:26.110Z,2024-04-19T10:14:46.820Z
3338,7402777622,Lassana,Kouyaté,Lassana Kouyaté,M,1974-01-17,+22245548575,,2,Nouakchott-Ouest,STANDARD,,ACTIVE,2024-07-03,2024-10-21T12:46:19.269Z,2024-07-03T05:03:46.540Z,2024-10-21T12:46:19.269Z
3339,8605743834,Sékou,Diallo,Sékou Diallo,M,1986-08-17,+22236393862,,5,Trarza,OCCASIONAL,,ACTIVE,2023-10-18,2024-01-12T11:14:43.108Z,2023-10-18T19:16:04.706Z,2024-01-12T11:14:43.108Z
3340,9103948509,Ablaye,Ndiaye,Ablaye Ndiaye,M,1991-03-06,+22233549590,ablaye.ndiaye609@yahoo.fr,3,Nouakchott-Sud,STANDARD,,ACTIVE,2024-04-14,2024-04-16T12:52:16.961Z,2024-04-14T10:36:55.234Z,2024-04-16T12:52:16.961Z
3341,7401370013,Binta,Thiaw,Binta Thiaw,F,1974-09-18,+22222688393,,1,Nouakchott-Nord,ACTIVE,,PENDING_KYC,2022-09-28,2024-09-30T11:34:43.325Z,2022-09-28T05:41:33.649Z,2024-09-30T11:34:43.325Z
3342,0115655722,Hamoud,Gaye,Hamoud Gaye,M,2001-09-05,+22224264396,hamoud.gaye160@outlook.com,15,Tiris Zemmour,OCCASIONAL,,ACTIVE,2022-10-08,2023-09-09T00:47:27.165Z,2022-10-08T15:01:05.414Z,2023-09-09T00:47:27.165Z
3343,9004489330,Namory,Wade,Namory Wade,M,1990-10-11,+22224186881,namory.wade160@yahoo.fr,4,Dakhlet Nouadhibou,OCCASIONAL,,ACTIVE,2022-02-21,2022-08-15T05:06:19.866Z,2022-02-21T18:58:28.496Z,2022-08-15T05:06:19.866Z
3344,9401226778,Cheick,Kanouté,Cheick Kanouté,M,1994-09-22,+22222009942,,1,Nouakchott-Nord,STANDARD,,ACTIVE,2023-06-12,2024-10-26T07:37:02.869Z,2023-06-12T18:16:14.196Z,2024-10-26T07:37:02.869Z
3345,9402962787,Salem,Koita,Salem Koita,M,1994-09-24,+22222395701,salem.koita56@outlook.com,2,Nouakchott-Ouest,OCCASIONAL,,ACTIVE,2024-11-14,2024-12-02T20:51:10.937Z,2024-11-14T03:46:41.195Z,2024-12-02T20:51:10.937Z
3346,7501608726,Limam,Diagana,Limam Diagana,M,1975-03-02,+22222456060,,1,Nouakchott-Nord,OCCASIONAL,,ACTIVE,2024-04-28,2024-10-11T07:35:35.072Z,2024-04-28T15:36:37.018Z,2024-10-11T07:35:35.072Z
3347,6801464481,Halima,Mint Hamoud,Halima Mint Hamoud,F,1968-05-01,+22223231860,halima.minthamoud827@hotmail.fr,1,Nouakchott-Nord,OCCASIONAL,,ACTIVE,2023-12-12,2024-08-12T12:24:29.204Z,2023-12-12T20:36:53.104Z,2024-08-12T12:24:29.204Z
3348,8501000701,Nouhoum,Niang,Nouhoum Niang,M,1985-03-12,+22235865130,nouhoum.niang480@yahoo.fr,1,Nouakchott-Nord,STANDARD,,ACTIVE,2023-10-06,2024-04-30T17:12:56.816Z,2023-10-06T05:00:31.639Z,2024-04-30T17:12:56.816Z
3349,8602915629,Vatma,Mint Ethmane,Vatma Mint Ethmane,F,1986-12-17,+22223413563,,2,Nouakchott-Ouest,OCCASIONAL,,PENDING_KYC,2023-07-17,2024-11-03T10:13:29.229Z,2023-07-17T01:36:05.710Z,2024-11-03T10:13:29.229Z
3350,9803667133,Vadel,Ould Saad,Vadel Ould Saad,M,1998-12-18,+22235488748,vadel.ouldsaad275@yahoo.fr,3,Nouakchott-Sud,PREMIUM,,INACTIVE,2022-06-11,2023-09-16T03:47:00.689Z,2022-06-11T18:40:34.655Z,2023-09-16T03:47:00.689Z
3351,7502037284,Mohamed Salem,Fofana,Mohamed Salem Fofana,M,1975-11-12,+22234566368,mohamedsalem.fofana411@yahoo.fr,2,Nouakchott-Ouest,STANDARD,,ACTIVE,2022-11-26,2024-06-07T03:54:28.919Z,2022-11-26T16:28:33.907Z,2024-06-07T03:54:28.919Z
3352,9003396134,Aïda,Diop,Aïda Diop,F,1990-04-06,+22237255380,,3,Nouakchott-Sud,ACTIVE,,ACTIVE,2022-03-05,2022-09-11T19:53:25.667Z,2022-03-05T13:56:13.783Z,2022-09-11T19:53:25.667Z
3353,9912465556,Maloum,Ould Limam,Maloum Ould Limam,M,1999-07-18,+22232519835,,12,Adrar,STANDARD,,ACTIVE,2022-10-07,2022-10-30T20:57:13.664Z,2022-10-07T16:50:30.192Z,2022-10-30T20:57:13.664Z
3354,9006050774,Ramatoulaye,Cissé,Ramatoulaye Cissé,F,1990-04-19,+22234217929,,6,Brakna,OCCASIONAL,,ACTIVE,2022-05-04,2022-05-26T19:05:34.190Z,2022-05-04T04:09:14.896Z,2022-05-26T19:05:34.190Z
3355,6001104428,Mansour,Ndour,Mansour Ndour,M,1960-05-07,+22241213202,,1,Nouakchott-Nord,STANDARD,,ACTIVE,2023-07-19,2024-04-24T20:40:48.526Z,2023-07-19T20:56:26.778Z,2024-04-24T20:40:48.526Z
3356,7402737167,Abdel Aziz,Mbow,Abdel Aziz Mbow,M,1974-09-20,+22223010950,abdelaziz.mbow589@gmail.com,2,Nouakchott-Ouest,ACTIVE,,ACTIVE,2024-11-17,2024-12-04T23:06:13.659Z,2024-11-17T15:29:24.707Z,2024-12-04T23:06:13.659Z
3357,8802439431,Maimouna,Niang,Maimouna Niang,F,1988-02-07,+22237144952,,2,Nouakchott-Ouest,STANDARD,,ACTIVE,2022-07-31,2024-11-25T15:24:58.156Z,2022-07-31T13:03:27.729Z,2024-11-25T15:24:58.156Z
3358,6204572769,El Hacen,Ould Saad,El Hacen Ould Saad,M,1962-12-07,+22225423234,elhacen.ouldsaad857@gmail.com,4,Dakhlet Nouadhibou,STANDARD,,ACTIVE,2022-10-12,2024-12-04T23:23:52.734Z,2022-10-12T21:16:38.408Z,2024-12-04T23:23:52.734Z
3359,7108971788,Malouma,Bah,Malouma Bah,F,1971-11-06,+22225933089,malouma.bah677@hotmail.fr,8,Guidimaka,STANDARD,,ACTIVE,2022-08-12,2023-12-22T06:55:40.226Z,2022-08-12T12:42:27.952Z,2023-12-22T06:55:40.226Z
3360,7409303747,Halima,Mint El Mamy,Halima Mint El Mamy,F,1974-09-12,+22224347158,,9,Assaba,OCCASIONAL,,ACTIVE,2023-08-25,2024-12-17T00:40:59.481Z,2023-08-25T06:16:14.786Z,2024-12-17T00:40:59.481Z
3361,8801186518,Doudou,Wane,Doudou Wane,M,1988-11-10,+22241398335,doudou.wane763@yahoo.fr,1,Nouakchott-Nord,OCCASIONAL,,ACTIVE,2022-10-08,2023-09-30T22:56:49.208Z,2022-10-08T16:46:35.277Z,2023-09-30T22:56:49.208Z
3362,8104053775,Mariama,Sow,Mariama Sow,F,1981-09-24,+22223260137,,4,Dakhlet Nouadhibou,ACTIVE,,ACTIVE,2022-07-12,2022-11-05T15:23:35.313Z,2022-07-12T23:13:45.129Z,2022-11-05T15:23:35.313Z
3363,6201109841,Ibrahima,Kanouté,Ibrahima Kanouté,M,1962-05-20,+22235543208,ibrahima.kanouté295@gmail.com,1,Nouakchott-Nord,ACTIVE,,ACTIVE,2024-01-31,2024-08-31T15:39:13.021Z,2024-01-31T09:54:41.736Z,2024-08-31T15:39:13.021Z
3364,9301630002,Hacen,Ould Mokhtar,Hacen Ould Mokhtar,M,1993-08-10,+22235523860,,1,Nouakchott-Nord,DORMANT,,ACTIVE,2024-08-18,2024-12-12T06:56:37.783Z,2024-08-18T07:17:57.515Z,2024-12-12T06:56:37.783Z
3365,9507732979,Cheikh,Diallo,Cheikh Diallo,M,1995-09-15,+22225485103,cheikh.diallo174@hotmail.fr,7,Gorgol,ACTIVE,,ACTIVE,2024-08-12,2024-12-17T16:57:29.792Z,2024-08-12T06:09:54.546Z,2024-12-17T16:57:29.792Z
3366,6101391854,Abdourahmane,Touré,Abdourahmane Touré,M,1961-09-12,+22233170897,,1,Nouakchott-Nord,ACTIVE,,ACTIVE,2022-04-20,2023-05-24T06:49:52.193Z,2022-04-20T05:10:15.887Z,2023-05-24T06:49:52.193Z
3367,0102814736,Yahya,Ould Bouha,Yahya Ould Bouha,M,2001-06-24,+22235680688,yahya.ouldbouha213@hotmail.fr,2,Nouakchott-Ouest,OCCASIONAL,,ACTIVE,2023-08-24,2024-02-16T18:04:50.985Z,2023-08-24T21:46:28.436Z,2024-02-16T18:04:50.985Z
3368,8303798435,Salka,Sarr,Salka Sarr,F,1983-09-28,+22225631975,,3,Nouakchott-Sud,PREMIUM,,ACTIVE,2022-02-27,2024-07-25T06:44:37.376Z,2022-02-27T14:35:56.015Z,2024-07-25T06:44:37.376Z
3369,7202451607,Mahfoudh,Ould Bouha,Mahfoudh Ould Bouha,M,1972-09-06,+22224547733,mahfoudh.ouldbouha566@hotmail.fr,2,Nouakchott-Ouest,ACTIVE,,ACTIVE,2022-06-04,2023-09-01T04:41:32.917Z,2022-06-04T19:02:12.258Z,2023-09-01T04:41:32.917Z
3370,0515676055,Awa,Ndiaye,Awa Ndiaye,F,2005-09-16,+22242385587,,15,Tiris Zemmour,ACTIVE,,ACTIVE,2023-10-27,2024-12-04T04:39:35.451Z,2023-10-27T22:38:31.694Z,2024-12-04T04:39:35.451Z
3371,8501375694,Salem,Ould Taleb,Salem Ould Taleb,M,1985-01-20,+22225648115,salem.ouldtaleb351@yahoo.fr,1,Nouakchott-Nord,STANDARD,,ACTIVE,2024-03-15,2024-09-16T17:43:59.189Z,2024-03-15T03:24:45.370Z,2024-09-16T17:43:59.189Z
3372,9202285424,Mbaye,Thiam,Mbaye Thiam,M,1992-10-02,+22222151730,mbaye.thiam458@outlook.com,2,Nouakchott-Ouest,STANDARD,,ACTIVE,2024-05-24,2024-10-11T01:15:39.752Z,2024-05-24T09:26:57.857Z,2024-10-11T01:15:39.752Z
3373,8803107423,Oumou,Diallo,Oumou Diallo,F,1988-03-06,+22225324183,,3,Nouakchott-Sud,STANDARD,,ACTIVE,2024-01-22,2024-05-21T19:52:07.262Z,2024-01-22T01:03:01.064Z,2024-05-21T19:52:07.262Z
3374,9804457423,Ablaye,Guèye,Ablaye Guèye,M,1998-10-07,+22235848039,ablaye.guèye44@hotmail.fr,4,Dakhlet Nouadhibou,DORMANT,,ACTIVE,2024-08-24,2024-09-25T10:42:55.665Z,2024-08-24T07:13:15.840Z,2024-09-25T10:42:55.665Z
3375,8904943074,Adama,Kanouté,Adama Kanouté,M,1989-01-17,+22222450476,adama.kanouté37@yahoo.fr,4,Dakhlet Nouadhibou,PREMIUM,,ACTIVE,2024-03-26,2024-10-25T17:02:18.005Z,2024-03-26T02:00:08.832Z,2024-10-25T17:02:18.005Z
3376,6507966256,Cheikh,Thiaw,Cheikh Thiaw,M,1965-07-06,+22222405452,,7,Gorgol,ACTIVE,,ACTIVE,2024-02-20,2024-09-10T01:53:46.496Z,2024-02-20T20:09:59.816Z,2024-09-10T01:53:46.496Z
3377,8002598675,Hamadi,Ould Saad,Hamadi Ould Saad,M,1980-05-10,+22224364667,,2,Nouakchott-Ouest,STANDARD,,SUSPENDED,2022-06-16,2024-05-16T18:33:31.850Z,2022-06-16T15:28:40.833Z,2024-05-16T18:33:31.850Z
3378,6213553522,Mbareck,Diallo,Mbareck Diallo,M,1962-02-16,+22222635110,mbareck.diallo990@hotmail.fr,13,Tagant,VIP,,ACTIVE,2023-07-21,2024-02-26T22:38:42.575Z,2023-07-21T22:42:51.245Z,2024-02-26T22:38:42.575Z
3379,6604500720,Vadel,Ould El Mamy,Vadel Ould El Mamy,M,1966-01-17,+22234707356,vadel.ouldelmamy894@hotmail.fr,4,Dakhlet Nouadhibou,STANDARD,,ACTIVE,2024-04-02,2024-10-15T13:03:38.263Z,2024-04-02T11:14:52.864Z,2024-10-15T13:03:38.263Z
3380,0205156896,Zahra,Mint Habiboullah,Zahra Mint Habiboullah,F,2002-03-01,+22224372943,,5,Trarza,STANDARD,,ACTIVE,2023-05-26,2024-04-17T07:29:33.715Z,2023-05-26T04:36:19.986Z,2024-04-17T07:29:33.715Z
3381,8902050835,Yacine,Gaye,Yacine Gaye,F,1989-01-12,+22234714513,yacine.gaye400@outlook.com,2,Nouakchott-Ouest,STANDARD,,PENDING_KYC,2023-07-02,2024-06-14T15:35:57.163Z,2023-07-02T17:24:48.669Z,2024-06-14T15:35:57.163Z
3382,9106607368,Saad,Ould Abdel Aziz,Saad Ould Abdel Aziz,M,1991-12-20,+22246212135,,6,Brakna,STANDARD,,ACTIVE,2024-04-15,2024-07-26T19:56:08.426Z,2024-04-15T06:47:49.092Z,2024-07-26T19:56:08.426Z
3383,9502308063,Ramatoulaye,Kouyaté,Ramatoulaye Kouyaté,F,1995-11-19,+22223204385,,2,Nouakchott-Ouest,OCCASIONAL,,ACTIVE,2022-03-25,2022-03-31T17:51:40.524Z,2022-03-25T11:29:41.511Z,2022-03-31T17:51:40.524Z
3384,8102226012,Fallou,Sall,Fallou Sall,M,1981-04-19,+22223168287,,2,Nouakchott-Ouest,OCCASIONAL,,ACTIVE,2024-12-21,2024-12-27T23:42:40.435Z,2024-12-21T12:16:31.140Z,2024-12-27T23:42:40.435Z
3385,9602955028,Minetou,Dieng,Minetou Dieng,F,1996-01-27,+22222982195,,2,Nouakchott-Ouest,STANDARD,,ACTIVE,2022-01-21,2023-03-31T02:02:31.208Z,2022-01-21T11:33:07.235Z,2023-03-31T02:02:31.208Z
3386,0201190610,Khady,Wane,Khady Wane,F,2002-08-24,+22236448326,,1,Nouakchott-Nord,DORMANT,,ACTIVE,2022-06-04,2023-02-04T13:54:20.755Z,2022-06-04T20:15:16.640Z,2023-02-04T13:54:20.755Z
3387,0202029061,Cheikh,Niang,Cheikh Niang,M,2002-07-11,+22248382608,,2,Nouakchott-Ouest,STANDARD,,ACTIVE,2024-05-25,2024-11-06T21:10:23.538Z,2024-05-25T08:41:53.027Z,2024-11-06T21:10:23.538Z
3388,9303862562,Ghalia,Mint Vadel,Ghalia Mint Vadel,F,1993-05-10,+22223383832,,3,Nouakchott-Sud,STANDARD,,ACTIVE,2022-08-19,2024-07-03T10:07:27.246Z,2022-08-19T22:29:08.918Z,2024-07-03T10:07:27.246Z
3389,7307867828,Samba,Cissé,Samba Cissé,M,1973-06-28,+22234437255,samba.cissé840@outlook.com,7,Gorgol,OCCASIONAL,,ACTIVE,2023-04-30,2024-08-28T18:27:52.671Z,2023-04-30T02:38:23.619Z,2024-08-28T18:27:52.671Z
3390,0101906209,Safi,Koné,Safi Koné,F,2001-11-20,+22245346407,safi.koné87@yahoo.fr,1,Nouakchott-Nord,STANDARD,,INACTIVE,2022-09-20,2022-11-22T18:10:56.687Z,2022-09-20T12:07:34.844Z,2022-11-22T18:10:56.687Z
3391,8006674078,Defa,Mint Messoud,Defa Mint Messoud,F,1980-04-25,+22236336754,defa.mintmessoud448@hotmail.fr,6,Brakna,OCCASIONAL,,ACTIVE,2024-07-01,2024-08-10T06:54:30.535Z,2024-07-01T14:13:34.103Z,2024-08-10T06:54:30.535Z
3392,9803444608,Hafsata,Mint Ethmane,Hafsata Mint Ethmane,F,1998-05-07,+22235670772,,3,Nouakchott-Sud,ACTIVE,,ACTIVE,2024-12-22,2024-12-30T11:37:25.563Z,2024-12-22T15:23:15.091Z,2024-12-30T11:37:25.563Z
3393,8712221553,Abdoul,Dia,Abdoul Dia,M,1987-05-08,+22225085812,,12,Adrar,STANDARD,,ACTIVE,2024-12-19,2024-12-28T23:22:45.502Z,2024-12-19T11:55:35.413Z,2024-12-28T23:22:45.502Z
3394,7501896860,El Mokhtar,Diagana,El Mokhtar Diagana,M,1975-01-17,+22224214552,,1,Nouakchott-Nord,STANDARD,,PENDING_KYC,2022-03-28,2022-11-19T01:22:34.363Z,2022-03-28T00:23:37.517Z,2022-11-19T01:22:34.363Z
3395,0502658815,Zahra,Thiam,Zahra Thiam,F,2005-11-28,+22244091804,,2,Nouakchott-Ouest,DORMANT,,ACTIVE,2024-03-05,2024-07-19T10:50:42.549Z,2024-03-05T23:15:47.039Z,2024-07-19T10:50:42.549Z
3396,6004258151,Mokhtar,Thiam,Mokhtar Thiam,M,1960-01-16,+22234196787,,4,Dakhlet Nouadhibou,ACTIVE,,ACTIVE,2024-12-22,2024-12-23T23:10:38.210Z,2024-12-22T05:00:52.776Z,2024-12-23T23:10:38.210Z
3397,0503267698,Aïda,Niang,Aïda Niang,F,2005-06-17,+22223447668,aïda.niang68@outlook.com,3,Nouakchott-Sud,DORMANT,,ACTIVE,2024-10-17,2024-10-23T02:10:01.063Z,2024-10-17T19:28:38.477Z,2024-10-23T02:10:01.063Z
3398,6203832172,Mariam,Mint Tourad,Mariam Mint Tourad,F,1962-12-22,+22241399191,,3,Nouakchott-Sud,OCCASIONAL,,BLOCKED,2023-11-30,2024-06-27T00:07:46.410Z,2023-11-30T18:06:41.303Z,2024-06-27T00:07:46.410Z
3399,7715586391,Soueidatt,Ould Ethmane,Soueidatt Ould Ethmane,M,1977-08-22,+22236333080,,15,Tiris Zemmour,ACTIVE,,INACTIVE,2022-06-18,2023-12-04T21:35:25.686Z,2022-06-18T03:49:49.695Z,2023-12-04T21:35:25.686Z
3400,7406317200,Abdel Aziz,Ould Taleb,Abdel Aziz Ould Taleb,M,1974-03-06,+22248704217,abdelaziz.ouldtaleb104@yahoo.fr,6,Brakna,ACTIVE,,ACTIVE,2023-05-06,2024-11-13T11:58:05.837Z,2023-05-06T21:27:43.037Z,2024-11-13T11:58:05.837Z
3401,9002455061,Noura,Mint Mahmoud,Noura Mint Mahmoud,F,1990-06-28,+22222326650,noura.mintmahmoud636@yahoo.fr,2,Nouakchott-Ouest,STANDARD,,ACTIVE,2022-02-03,2022-11-09T12:22:30.051Z,2022-02-03T23:20:31.872Z,2022-11-09T12:22:30.051Z
3402,8408223838,Mariem,Diarra,Mariem Diarra,F,1984-09-18,+22224101101,,8,Guidimaka,OCCASIONAL,,ACTIVE,2024-12-21,2024-12-23T00:13:40.520Z,2024-12-21T12:58:51.544Z,2024-12-23T00:13:40.520Z
3403,8303171328,Saliou,Ndiaye,Saliou Ndiaye,M,1983-10-16,+22233891827,,3,Nouakchott-Sud,STANDARD,,ACTIVE,2023-05-01,2024-11-05T02:49:20.071Z,2023-05-01T01:17:02.105Z,2024-11-05T02:49:20.071Z
3404,6602629494,Pape,Ndiaye,Pape Ndiaye,M,1966-07-15,+22232061581,,2,Nouakchott-Ouest,OCCASIONAL,,ACTIVE,2024-03-23,2024-06-16T09:55:17.124Z,2024-03-23T08:30:51.742Z,2024-06-16T09:55:17.124Z
3405,8002129417,Bakary,Diallo,Bakary Diallo,M,1980-09-21,+22248438885,,2,Nouakchott-Ouest,STANDARD,,ACTIVE,2022-01-15,2022-10-12T01:39:04.785Z,2022-01-15T02:29:19.261Z,2022-10-12T01:39:04.785Z
3406,8105063238,Salka,Mint Abdallah,Salka Mint Abdallah,F,1981-06-07,+22249130515,salka.mintabdallah880@yahoo.fr,5,Trarza,ACTIVE,,ACTIVE,2024-07-05,2024-12-25T04:11:02.997Z,2024-07-05T04:46:32.802Z,2024-12-25T04:11:02.997Z
3407,7202894394,Saadbouh,Ould Abeih,Saadbouh Ould Abeih,M,1972-04-06,+22224563962,saadbouh.ouldabeih735@gmail.com,2,Nouakchott-Ouest,ACTIVE,,ACTIVE,2023-09-17,2024-09-20T18:10:44.927Z,2023-09-17T18:08:49.449Z,2024-09-20T18:10:44.927Z
3408,8302905108,Koumba,Ly,Koumba Ly,F,1983-02-05,+22245901566,,2,Nouakchott-Ouest,OCCASIONAL,,ACTIVE,2023-03-04,2023-03-20T07:39:47.795Z,2023-03-04T10:09:00.345Z,2023-03-20T07:39:47.795Z
3409,9209988319,Mahjouba,Mint Soufi,Mahjouba Mint Soufi,F,1992-11-09,+22237982969,mahjouba.mintsoufi907@hotmail.fr,9,Assaba,ACTIVE,,ACTIVE,2023-10-18,2024-03-27T19:50:11.592Z,2023-10-18T06:00:18.648Z,2024-03-27T19:50:11.592Z
3410,6203217304,Ghali,Ould Vadel,Ghali Ould Vadel,M,1962-08-22,+22223187594,,3,Nouakchott-Sud,DORMANT,,ACTIVE,2022-08-11,2024-07-11T15:10:03.435Z,2022-08-11T21:25:19.026Z,2024-07-11T15:10:03.435Z
3411,6903393991,Mariam,Baldé,Mariam Baldé,F,1969-08-25,+22234163584,mariam.baldé885@gmail.com,3,Nouakchott-Sud,VIP,,ACTIVE,2024-11-19,2024-11-30T23:02:32.646Z,2024-11-19T19:12:35.726Z,2024-11-30T23:02:32.646Z
3412,9901004294,Dialika,Ly,Dialika Ly,F,1999-11-08,+22233034875,dialika.ly617@hotmail.fr,1,Nouakchott-Nord,DORMANT,,ACTIVE,2024-07-06,2024-12-17T04:01:45.335Z,2024-07-06T06:52:31.090Z,2024-12-17T04:01:45.335Z
3413,7902968810,Rokaya,Diallo,Rokaya Diallo,F,1979-07-11,+22233278509,,2,Nouakchott-Ouest,OCCASIONAL,,ACTIVE,2022-12-02,2023-02-04T17:32:35.624Z,2022-12-02T04:07:24.431Z,2023-02-04T17:32:35.624Z
3414,0103633758,Khalil,Ould Ghali,Khalil Ould Ghali,M,2001-07-13,+22236784766,,3,Nouakchott-Sud,STANDARD,,BLOCKED,2022-09-25,2024-05-18T16:28:01.222Z,2022-09-25T10:56:52.611Z,2024-05-18T16:28:01.222Z
3415,7101084494,Hacen,Ould Isselmou,Hacen Ould Isselmou,M,1971-07-17,+22245051143,,1,Nouakchott-Nord,STANDARD,,ACTIVE,2022-07-05,2023-01-07T07:15:45.394Z,2022-07-05T15:07:48.900Z,2023-01-07T07:15:45.394Z
3416,9704264338,Khady,Koita,Khady Koita,F,1997-02-22,+22232081809,,4,Dakhlet Nouadhibou,ACTIVE,,ACTIVE,2024-02-10,2024-05-01T13:21:37.615Z,2024-02-10T22:10:57.430Z,2024-05-01T13:21:37.615Z
3417,7002293867,Rokaya,Mint Maloum,Rokaya Mint Maloum,F,1970-06-04,+22237026280,,2,Nouakchott-Ouest,DORMANT,,ACTIVE,2024-08-03,2024-12-05T01:10:05.998Z,2024-08-03T23:36:36.520Z,2024-12-05T01:10:05.998Z
3418,8315225893,Fatoumata,Kane,Fatoumata Kane,F,1983-05-21,+22224119766,,15,Tiris Zemmour,OCCASIONAL,,ACTIVE,2024-03-03,2024-11-04T04:18:40.126Z,2024-03-03T12:20:27.548Z,2024-11-04T04:18:40.126Z
3419,6508943500,Fanta,Diallo,Fanta Diallo,F,1965-01-05,+22233175315,,8,Guidimaka,OCCASIONAL,,ACTIVE,2022-09-21,2023-05-09T00:27:49.727Z,2022-09-21T20:01:40.271Z,2023-05-09T00:27:49.727Z
3420,8402359359,Dialika,Sène,Dialika Sène,F,1984-07-15,+22225467869,dialika.sène332@outlook.com,2,Nouakchott-Ouest,PREMIUM,,PENDING_KYC,2023-05-28,2024-11-16T08:44:15.448Z,2023-05-28T05:08:43.680Z,2024-11-16T08:44:15.448Z
3421,6904113723,Seynabou,Gaye,Seynabou Gaye,F,1969-10-11,+22233546144,seynabou.gaye349@outlook.com,4,Dakhlet Nouadhibou,DORMANT,,ACTIVE,2023-01-13,2023-02-23T22:41:26.842Z,2023-01-13T13:24:57.379Z,2023-02-23T22:41:26.842Z
3422,9302418388,Naha,Mint Jiddou,Naha Mint Jiddou,F,1993-12-16,+22237931469,,2,Nouakchott-Ouest,STANDARD,,ACTIVE,2022-09-18,2023-03-27T19:23:31.884Z,2022-09-18T12:09:35.052Z,2023-03-27T19:23:31.884Z
3423,9710593903,Mariem,Mint Khatri,Mariem Mint Khatri,F,1997-09-26,+22235251906,mariem.mintkhatri929@hotmail.fr,10,Hodh Ech Chargui,STANDARD,,ACTIVE,2022-11-26,2024-10-22T04:22:52.645Z,2022-11-26T16:56:25.894Z,2024-10-22T04:22:52.645Z
3424,9702886167,Ahmed Baba,Koita,Ahmed Baba Koita,M,1997-12-28,+22232520066,ahmedbaba.koita349@hotmail.fr,2,Nouakchott-Ouest,OCCASIONAL,,ACTIVE,2024-01-30,2024-06-06T05:19:04.759Z,2024-01-30T16:35:58.665Z,2024-06-06T05:19:04.759Z
3425,7902182201,Saleck,Ould Nenni,Saleck Ould Nenni,M,1979-04-17,+22234940036,saleck.ouldnenni956@hotmail.fr,2,Nouakchott-Ouest,OCCASIONAL,,ACTIVE,2023-12-17,2024-09-24T19:44:05.570Z,2023-12-17T07:11:35.851Z,2024-09-24T19:44:05.570Z
3426,0001545678,Mohamed Vall,Wane,Mohamed Vall Wane,M,2000-09-25,+22223890562,mohamedvall.wane224@hotmail.fr,1,Nouakchott-Nord,ACTIVE,,ACTIVE,2024-06-26,2024-11-01T06:55:39.033Z,2024-06-26T00:37:11.915Z,2024-11-01T06:55:39.033Z
3427,0303883331,Wedadi,Ould Hamadi,Wedadi Ould Hamadi,M,2003-05-11,+22223184888,wedadi.ouldhamadi392@hotmail.fr,3,Nouakchott-Sud,STANDARD,,ACTIVE,2022-03-20,2024-03-17T23:29:10.479Z,2022-03-20T13:16:06.594Z,2024-03-17T23:29:10.479Z
3428,8809987616,Sidi,Ould Hamadi,Sidi Ould Hamadi,M,1988-01-06,+22246964721,,9,Assaba,ACTIVE,,ACTIVE,2023-05-09,2024-03-23T06:59:50.399Z,2023-05-09T18:21:54.722Z,2024-03-23T06:59:50.399Z
3429,6601664054,Youssouf,Diop,Youssouf Diop,M,1966-04-15,+22222201562,,1,Nouakchott-Nord,STANDARD,,ACTIVE,2022-10-28,2023-12-12T12:23:16.569Z,2022-10-28T02:48:05.306Z,2023-12-12T12:23:16.569Z
3430,0205405646,Mbareck,Kane,Mbareck Kane,M,2002-09-13,+22236847521,,5,Trarza,ACTIVE,,ACTIVE,2023-02-08,2024-09-22T22:49:37.799Z,2023-02-08T22:30:20.265Z,2024-09-22T22:49:37.799Z
3431,6005326406,Bintou,Mbaye,Bintou Mbaye,F,1960-10-21,+22233027338,,5,Trarza,ACTIVE,,ACTIVE,2024-07-20,2024-07-29T09:46:30.219Z,2024-07-20T21:26:16.352Z,2024-07-29T09:46:30.219Z
3432,8005256040,Naha,Mint Mahmoud,Naha Mint Mahmoud,F,1980-09-04,+22235426548,,5,Trarza,PREMIUM,,ACTIVE,2023-10-01,2024-03-22T11:56:45.573Z,2023-10-01T03:44:36.913Z,2024-03-22T11:56:45.573Z
3433,7101253616,Ely,Ould Ahmedou,Ely Ould Ahmedou,M,1971-07-22,+22223753981,,1,Nouakchott-Nord,OCCASIONAL,,ACTIVE,2023-01-21,2023-11-23T23:27:29.048Z,2023-01-21T05:35:42.782Z,2023-11-23T23:27:29.048Z
3434,0202517726,Hamoud,Gaye,Hamoud Gaye,M,2002-09-20,+22247507835,,2,Nouakchott-Ouest,PREMIUM,,ACTIVE,2024-08-04,2024-12-09T00:46:34.538Z,2024-08-04T20:48:07.583Z,2024-12-09T00:46:34.538Z
3435,7904161187,Amadou,Fall,Amadou Fall,M,1979-06-22,+22224811897,amadou.fall312@hotmail.fr,4,Dakhlet Nouadhibou,STANDARD,,ACTIVE,2023-05-11,2024-04-17T03:27:18.704Z,2023-05-11T14:05:01.340Z,2024-04-17T03:27:18.704Z
3436,7707638468,Abdallah,Ould Nagi,Abdallah Ould Nagi,M,1977-10-20,+22236957687,abdallah.ouldnagi141@gmail.com,7,Gorgol,STANDARD,,ACTIVE,2022-08-04,2022-12-15T12:37:48.076Z,2022-08-04T01:23:38.413Z,2022-12-15T12:37:48.076Z
3437,0503926689,Sakouba,Gaye,Sakouba Gaye,M,2005-11-18,+22237762123,sakouba.gaye411@gmail.com,3,Nouakchott-Sud,ACTIVE,,ACTIVE,2023-05-30,2023-11-28T10:04:27.157Z,2023-05-30T04:17:17.318Z,2023-11-28T10:04:27.157Z
3438,6001608236,Brahim,Ould Isselmou,Brahim Ould Isselmou,M,1960-06-16,+22241115182,brahim.ouldisselmou343@yahoo.fr,1,Nouakchott-Nord,STANDARD,,ACTIVE,2023-01-05,2024-09-02T13:59:53.308Z,2023-01-05T03:49:53.380Z,2024-09-02T13:59:53.308Z
3439,8705203926,Seynabou,Anne,Seynabou Anne,F,1987-04-14,+22249068592,,5,Trarza,OCCASIONAL,,ACTIVE,2024-05-14,2024-08-11T18:16:57.252Z,2024-05-14T02:08:40.501Z,2024-08-11T18:16:57.252Z
3440,6504256165,Kelthoum,Barry,Kelthoum Barry,F,1965-04-19,+22223210960,,4,Dakhlet Nouadhibou,DORMANT,,ACTIVE,2023-05-16,2024-04-04T18:20:56.980Z,2023-05-16T16:00:35.756Z,2024-04-04T18:20:56.980Z
3441,6403532496,Moustapha,Ould Mahmoud,Moustapha Ould Mahmoud,M,1964-03-22,+22237725702,moustapha.ouldmahmoud171@yahoo.fr,3,Nouakchott-Sud,ACTIVE,,ACTIVE,2024-12-17,2024-12-30T13:37:16.004Z,2024-12-17T14:30:38.857Z,2024-12-30T13:37:16.004Z
3442,8701040055,Samba,Faye,Samba Faye,M,1987-10-05,+22225176610,,1,Nouakchott-Nord,STANDARD,,ACTIVE,2024-07-06,2024-07-14T06:45:39.782Z,2024-07-06T22:12:26.369Z,2024-07-14T06:45:39.782Z
3443,0401527942,Banna,Diallo,Banna Diallo,F,2004-02-27,+22247265769,,1,Nouakchott-Nord,ACTIVE,,ACTIVE,2023-06-03,2024-02-06T05:57:22.342Z,2023-06-03T10:55:57.525Z,2024-02-06T05:57:22.342Z
3444,9601923819,Cheikh Sidiya,Ould Hamadi,Cheikh Sidiya Ould Hamadi,M,1996-06-14,+22223975935,,1,Nouakchott-Nord,OCCASIONAL,,PENDING_KYC,2022-11-18,2023-11-20T06:09:24.940Z,2022-11-18T09:17:20.162Z,2023-11-20T06:09:24.940Z
3445,0405091559,Haby,Diarra,Haby Diarra,F,2004-04-05,+22224930815,haby.diarra724@gmail.com,5,Trarza,OCCASIONAL,,ACTIVE,2022-04-07,2024-12-21T21:30:18.416Z,2022-04-07T08:43:00.273Z,2024-12-21T21:30:18.416Z
3446,8115270622,Mounina,Mint Wedadi,Mounina Mint Wedadi,F,1981-05-24,+22245852095,,15,Tiris Zemmour,ACTIVE,,ACTIVE,2023-08-15,2023-09-16T17:38:13.218Z,2023-08-15T13:34:50.011Z,2023-09-16T17:38:13.218Z
3447,7114669835,Adama,Kanouté,Adama Kanouté,M,1971-05-05,+22225201788,adama.kanouté289@outlook.com,14,Inchiri,STANDARD,,ACTIVE,2023-02-19,2023-06-16T19:32:56.079Z,2023-02-19T20:16:51.407Z,2023-06-16T19:32:56.079Z
3448,7503105832,Youssouf,Fall,Youssouf Fall,M,1975-04-04,+22234071422,youssouf.fall286@gmail.com,3,Nouakchott-Sud,STANDARD,,ACTIVE,2022-10-01,2023-11-02T04:44:37.264Z,2022-10-01T09:04:51.110Z,2023-11-02T04:44:37.264Z
3449,9001122128,Mouna,Mint Horma,Mouna Mint Horma,F,1990-06-25,+22244838590,,1,Nouakchott-Nord,OCCASIONAL,,ACTIVE,2024-01-17,2024-10-01T19:21:39.175Z,2024-01-17T18:32:28.637Z,2024-10-01T19:21:39.175Z
3450,0002542654,Aziza,Doucouré,Aziza Doucouré,F,2000-04-26,+22225200120,,2,Nouakchott-Ouest,OCCASIONAL,,ACTIVE,2024-09-13,2024-11-20T14:20:33.661Z,2024-09-13T16:57:33.025Z,2024-11-20T14:20:33.661Z
3451,9809208635,Yahya,Wane,Yahya Wane,M,1998-11-01,+22225615041,yahya.wane19@yahoo.fr,9,Assaba,DORMANT,,ACTIVE,2022-07-08,2024-12-05T04:35:36.646Z,2022-07-08T08:21:20.034Z,2024-12-05T04:35:36.646Z
3452,6901507424,Fatoumata,Anne,Fatoumata Anne,F,1969-04-17,+22237117254,fatoumata.anne756@outlook.com,1,Nouakchott-Nord,OCCASIONAL,,ACTIVE,2024-01-28,2024-05-30T08:08:22.489Z,2024-01-28T06:51:42.315Z,2024-05-30T08:08:22.489Z
3453,9004987748,Zakaria,Ould Salem,Zakaria Ould Salem,M,1990-05-27,+22237839319,,4,Dakhlet Nouadhibou,OCCASIONAL,,ACTIVE,2023-04-29,2024-08-15T04:29:54.496Z,2023-04-29T06:36:31.112Z,2024-08-15T04:29:54.496Z
3454,8715767438,Aziza,Diallo,Aziza Diallo,F,1987-06-01,+22223045091,,15,Tiris Zemmour,OCCASIONAL,,ACTIVE,2024-12-13,2024-12-24T12:05:32.876Z,2024-12-13T12:27:43.699Z,2024-12-24T12:05:32.876Z
3455,7003645241,Nouh,Touré,Nouh Touré,M,1970-01-26,+22249215393,,3,Nouakchott-Sud,DORMANT,,PENDING_KYC,2022-12-06,2023-09-03T20:02:57.623Z,2022-12-06T21:42:25.127Z,2023-09-03T20:02:57.623Z
3456,7702250216,Mahfoudh,Mbow,Mahfoudh Mbow,M,1977-02-13,+22235486702,,2,Nouakchott-Ouest,STANDARD,,ACTIVE,2022-08-03,2024-02-13T20:32:54.314Z,2022-08-03T11:58:34.086Z,2024-02-13T20:32:54.314Z
3457,9404824551,Aicha,Mint Dah,Aicha Mint Dah,F,1994-10-09,+22234254358,,4,Dakhlet Nouadhibou,ACTIVE,,ACTIVE,2023-06-08,2024-09-23T23:46:09.859Z,2023-06-08T20:50:31.494Z,2024-09-23T23:46:09.859Z
3458,0002800303,Vatma,Sakho,Vatma Sakho,F,2000-02-07,+22236803778,vatma.sakho806@outlook.com,2,Nouakchott-Ouest,STANDARD,,ACTIVE,2023-06-08,2023-10-26T05:46:44.677Z,2023-06-08T08:40:32.788Z,2023-10-26T05:46:44.677Z
3459,8201388673,Assa,Kanouté,Assa Kanouté,F,1982-10-17,+22225983538,,1,Nouakchott-Nord,DORMANT,,ACTIVE,2024-03-30,2024-04-25T06:28:56.752Z,2024-03-30T06:36:07.225Z,2024-04-25T06:28:56.752Z
3460,7802583272,Yacoub,Doucouré,Yacoub Doucouré,M,1978-01-09,+22236000203,,2,Nouakchott-Ouest,OCCASIONAL,,ACTIVE,2023-05-03,2023-10-08T02:49:30.819Z,2023-05-03T04:52:30.719Z,2023-10-08T02:49:30.819Z
3461,6302090998,Salem,Ould Eleya,Salem Ould Eleya,M,1963-09-09,+22223209026,salem.ouldeleya719@outlook.com,2,Nouakchott-Ouest,PREMIUM,,INACTIVE,2022-09-27,2024-04-07T12:00:39.034Z,2022-09-27T12:11:33.890Z,2024-04-07T12:00:39.034Z
3462,9301007235,Lehbib,Ould El Mamy,Lehbib Ould El Mamy,M,1993-10-10,+22223903358,lehbib.ouldelmamy33@gmail.com,1,Nouakchott-Nord,ACTIVE,,INACTIVE,2022-09-21,2023-08-08T00:22:52.745Z,2022-09-21T05:51:17.909Z,2023-08-08T00:22:52.745Z
3463,9901696774,Houda,Faye,Houda Faye,F,1999-08-20,+22224665725,houda.faye485@outlook.com,1,Nouakchott-Nord,STANDARD,,SUSPENDED,2023-10-30,2024-06-03T11:21:38.176Z,2023-10-30T14:18:17.850Z,2024-06-03T11:21:38.176Z
3464,9503039560,Habiba,Mint El Ghassem,Habiba Mint El Ghassem,F,1995-11-13,+22241857866,habiba.mintelghassem723@yahoo.fr,3,Nouakchott-Sud,OCCASIONAL,,ACTIVE,2022-06-10,2022-11-02T18:27:21.190Z,2022-06-10T00:52:41.545Z,2022-11-02T18:27:21.190Z
3465,7501643219,Mohamed Mahmoud,Cissé,Mohamed Mahmoud Cissé,M,1975-11-01,+22237544428,mohamedmahmoud.cissé197@hotmail.fr,1,Nouakchott-Nord,STANDARD,,ACTIVE,2022-11-01,2024-03-16T20:24:05.825Z,2022-11-01T09:13:24.765Z,2024-03-16T20:24:05.825Z
3466,9601376934,Sekou,Mbaye,Sekou Mbaye,M,1996-05-01,+22223712090,sekou.mbaye904@gmail.com,1,Nouakchott-Nord,OCCASIONAL,,ACTIVE,2022-09-15,2023-10-29T08:31:25.028Z,2022-09-15T19:01:53.540Z,2023-10-29T08:31:25.028Z
3467,0301621227,Mohamed Lemine,Thiam,Mohamed Lemine Thiam,M,2003-02-18,+22223581127,mohamedlemine.thiam862@outlook.com,1,Nouakchott-Nord,OCCASIONAL,,PENDING_KYC,2024-05-18,2024-12-01T11:18:07.415Z,2024-05-18T18:34:22.379Z,2024-12-01T11:18:07.415Z
3468,9003777946,Demba,Thiam,Demba Thiam,M,1990-06-01,+22241558807,,3,Nouakchott-Sud,STANDARD,,ACTIVE,2023-01-24,2024-10-20T01:29:09.615Z,2023-01-24T22:00:09.426Z,2024-10-20T01:29:09.615Z
3469,9306301091,Souleymane,Ould Khalil,Souleymane Ould Khalil,M,1993-12-26,+22233853429,,6,Brakna,ACTIVE,,INACTIVE,2023-09-05,2023-09-16T10:49:42.228Z,2023-09-05T01:57:45.957Z,2023-09-16T10:49:42.228Z
3470,8402239693,Noura,Mint Vall,Noura Mint Vall,F,1984-03-26,+22224017382,noura.mintvall94@yahoo.fr,2,Nouakchott-Ouest,VIP,,ACTIVE,2024-09-01,2024-10-22T10:20:03.604Z,2024-09-01T14:26:58.668Z,2024-10-22T10:20:03.604Z
3471,7001077338,Mouna,Mint Khatri,Mouna Mint Khatri,F,1970-06-10,+22223697535,,1,Nouakchott-Nord,ACTIVE,,ACTIVE,2024-01-29,2024-12-13T14:22:43.273Z,2024-01-29T06:16:01.392Z,2024-12-13T14:22:43.273Z
3472,0006433422,Jemila,Thiaw,Jemila Thiaw,F,2000-08-16,+22232358175,,6,Brakna,PREMIUM,,ACTIVE,2024-08-02,2024-10-27T16:13:44.998Z,2024-08-02T13:47:51.421Z,2024-10-27T16:13:44.998Z
3473,9113356222,Mariama,Guèye,Mariama Guèye,F,1991-05-12,+22234350976,mariama.guèye760@outlook.com,13,Tagant,STANDARD,,ACTIVE,2022-05-17,2024-01-01T12:11:18.875Z,2022-05-17T07:06:21.399Z,2024-01-01T12:11:18.875Z
3474,9003455220,Yacoub,Ould Khatri,Yacoub Ould Khatri,M,1990-11-21,+22244523548,,3,Nouakchott-Sud,DORMANT,,ACTIVE,2023-04-27,2024-08-27T19:17:24.632Z,2023-04-27T05:29:20.959Z,2024-08-27T19:17:24.632Z
3475,7805998343,Moustapha,Ould Abeih,Moustapha Ould Abeih,M,1978-07-13,+22249513312,moustapha.ouldabeih963@outlook.com,5,Trarza,STANDARD,,PENDING_KYC,2022-03-15,2023-02-17T15:56:38.328Z,2022-03-15T04:57:27.303Z,2023-02-17T15:56:38.328Z
3476,6101449106,Zahra,Diallo,Zahra Diallo,F,1961-01-25,+22237232211,,1,Nouakchott-Nord,OCCASIONAL,,ACTIVE,2022-06-10,2024-03-05T13:29:01.075Z,2022-06-10T10:21:43.332Z,2024-03-05T13:29:01.075Z
3477,8203002601,El Hacen,Ould Jiddou,El Hacen Ould Jiddou,M,1982-09-18,+22247527596,elhacen.ouldjiddou392@gmail.com,3,Nouakchott-Sud,ACTIVE,,ACTIVE,2024-03-24,2024-07-14T11:44:24.836Z,2024-03-24T11:15:46.018Z,2024-07-14T11:44:24.836Z
3478,6707272191,Koumba,Kouyaté,Koumba Kouyaté,F,1967-10-03,+22234751610,koumba.kouyaté830@yahoo.fr,7,Gorgol,ACTIVE,,ACTIVE,2022-07-08,2024-09-23T03:56:50.222Z,2022-07-08T06:17:30.552Z,2024-09-23T03:56:50.222Z
3479,6104204726,Habiba,Mint Ghali,Habiba Mint Ghali,F,1961-08-09,+22242113120,habiba.mintghali320@gmail.com,4,Dakhlet Nouadhibou,OCCASIONAL,,ACTIVE,2024-02-25,2024-12-25T01:12:05.120Z,2024-02-25T04:54:56.122Z,2024-12-25T01:12:05.120Z
3480,6203054505,Siaka,Cissé,Siaka Cissé,M,1962-04-06,+22237682707,,3,Nouakchott-Sud,STANDARD,,INACTIVE,2022-08-08,2024-10-02T11:43:54.283Z,2022-08-08T02:01:18.928Z,2024-10-02T11:43:54.283Z
3481,0412267787,Mouna,Dramé,Mouna Dramé,F,2004-09-27,+22248904557,,12,Adrar,DORMANT,,ACTIVE,2022-05-14,2022-07-17T23:27:45.759Z,2022-05-14T19:58:29.090Z,2022-07-17T23:27:45.759Z
3482,6102559985,Tekber,Mint El Mokhtar,Tekber Mint El Mokhtar,F,1961-10-01,+22222924922,,2,Nouakchott-Ouest,PREMIUM,,ACTIVE,2024-06-12,2024-08-07T13:12:50.286Z,2024-06-12T14:12:32.132Z,2024-08-07T13:12:50.286Z
3483,6401196120,Bintou,Sy,Bintou Sy,F,1964-08-15,+22224062260,,1,Nouakchott-Nord,PREMIUM,,ACTIVE,2022-01-04,2023-04-10T07:57:34.130Z,2022-01-04T06:54:22.826Z,2023-04-10T07:57:34.130Z
3484,9001374633,Aicha,Mint Abeih,Aicha Mint Abeih,F,1990-06-10,+22234366971,,1,Nouakchott-Nord,STANDARD,,INACTIVE,2022-02-16,2024-07-11T09:11:27.768Z,2022-02-16T07:52:09.093Z,2024-07-11T09:11:27.768Z
3485,9806979750,Hawa,Mint Dah,Hawa Mint Dah,F,1998-05-10,+22224981928,,6,Brakna,STANDARD,,ACTIVE,2022-12-29,2024-11-13T08:20:08.215Z,2022-12-29T20:24:49.256Z,2024-11-13T08:20:08.215Z
3486,8602475271,Oumar,Sall,Oumar Sall,M,1986-06-26,+22224063745,oumar.sall568@gmail.com,2,Nouakchott-Ouest,STANDARD,,ACTIVE,2024-08-05,2024-11-01T14:16:47.397Z,2024-08-05T17:54:45.413Z,2024-11-01T14:16:47.397Z
3487,7601759016,Oumar,Soumaré,Oumar Soumaré,M,1976-10-22,+22242092519,,1,Nouakchott-Nord,STANDARD,,ACTIVE,2023-03-22,2024-12-25T07:04:07.652Z,2023-03-22T05:15:10.608Z,2024-12-25T07:04:07.652Z
3488,8513707876,Coumba,Diop,Coumba Diop,F,1985-08-07,+22249110301,coumba.diop878@hotmail.fr,13,Tagant,STANDARD,,ACTIVE,2023-07-11,2023-09-18T19:34:59.749Z,2023-07-11T15:32:30.390Z,2023-09-18T19:34:59.749Z
3489,8901722076,Fallou,Dieng,Fallou Dieng,M,1989-07-25,+22248554942,,1,Nouakchott-Nord,DORMANT,,ACTIVE,2023-10-16,2024-07-14T03:35:12.055Z,2023-10-16T12:48:02.747Z,2024-07-14T03:35:12.055Z
3490,0201126215,Mounina,Mint Brahim,Mounina Mint Brahim,F,2002-10-06,+22223357291,,1,Nouakchott-Nord,STANDARD,,ACTIVE,2023-06-25,2023-12-19T16:48:37.401Z,2023-06-25T12:16:41.573Z,2023-12-19T16:48:37.401Z
3491,6404075635,Bilal,Ould Habiboullah,Bilal Ould Habiboullah,M,1964-11-28,+22232276031,,4,Dakhlet Nouadhibou,STANDARD,,ACTIVE,2022-08-27,2023-07-17T05:00:58.190Z,2022-08-27T14:20:16.106Z,2023-07-17T05:00:58.190Z
3492,7901422555,Habiba,Diallo,Habiba Diallo,F,1979-01-17,+22224678212,,1,Nouakchott-Nord,ACTIVE,,INACTIVE,2024-08-26,2024-08-31T21:29:28.015Z,2024-08-26T11:51:56.734Z,2024-08-31T21:29:28.015Z
3493,6002746645,Hawa,Mint Hamoud,Hawa Mint Hamoud,F,1960-10-14,+22245065413,hawa.minthamoud397@outlook.com,2,Nouakchott-Ouest,OCCASIONAL,,ACTIVE,2024-12-19,2024-12-20T22:40:35.569Z,2024-12-19T05:50:33.241Z,2024-12-20T22:40:35.569Z
3494,0001348747,Seynabou,Cissé,Seynabou Cissé,F,2000-12-04,+22222606957,seynabou.cissé509@yahoo.fr,1,Nouakchott-Nord,PREMIUM,,ACTIVE,2022-09-18,2023-09-30T07:44:59.609Z,2022-09-18T13:59:10.214Z,2023-09-30T07:44:59.609Z
3495,9511469308,Ibrahima,Bah,Ibrahima Bah,M,1995-09-06,+22222079271,ibrahima.bah417@hotmail.fr,11,Hodh El Gharbi,OCCASIONAL,,ACTIVE,2022-08-22,2023-01-18T01:58:03.002Z,2022-08-22T09:42:08.908Z,2023-01-18T01:58:03.002Z
3496,9702437530,Ahmed Salem,Ould Soufi,Ahmed Salem Ould Soufi,M,1997-11-09,+22223312092,,2,Nouakchott-Ouest,OCCASIONAL,,ACTIVE,2022-07-13,2023-09-22T13:40:16.489Z,2022-07-13T13:20:10.649Z,2023-09-22T13:40:16.489Z
3497,6302310151,Soumaïla,Bâ,Soumaïla Bâ,M,1963-07-25,+22232748070,,2,Nouakchott-Ouest,STANDARD,,PENDING_KYC,2024-09-10,2024-09-14T16:46:50.404Z,2024-09-10T01:19:51.822Z,2024-09-14T16:46:50.404Z
3498,6103901561,Siaka,Wane,Siaka Wane,M,1961-03-21,+22237884530,siaka.wane619@yahoo.fr,3,Nouakchott-Sud,OCCASIONAL,,INACTIVE,2022-07-07,2023-11-07T01:03:43.959Z,2022-07-07T19:13:44.576Z,2023-11-07T01:03:43.959Z
3499,6105180551,Binta,Barry,Binta Barry,F,1961-04-20,+22225111572,binta.barry673@yahoo.fr,5,Trarza,STANDARD,,ACTIVE,2024-01-18,2024-04-19T14:59:31.153Z,2024-01-18T10:16:50.075Z,2024-04-19T14:59:31.153Z
3500,9313296902,Zahra,Kanouté,Zahra Kanouté,F,1993-10-17,+22235107757,,13,Tagant,VIP,,ACTIVE,2024-07-25,2024-08-06T21:03:35.272Z,2024-07-25T22:43:52.581Z,2024-08-06T21:03:35.272Z
3501,6002306063,Bilal,Ould El Ghassem,Bilal Ould El Ghassem,M,1960-11-18,+22223071646,,2,Nouakchott-Ouest,PREMIUM,,ACTIVE,2022-11-20,2024-03-21T20:24:13.436Z,2022-11-20T12:18:44.964Z,2024-03-21T20:24:13.436Z
3502,8207788707,Aminata,Anne,Aminata Anne,F,1982-12-19,+22225444349,aminata.anne609@outlook.com,7,Gorgol,STANDARD,,ACTIVE,2022-11-12,2024-07-31T07:28:00.321Z,2022-11-12T20:24:51.775Z,2024-07-31T07:28:00.321Z
3503,7603184199,Cheikhna,Ould Maloum,Cheikhna Ould Maloum,M,1976-09-04,+22236816818,cheikhna.ouldmaloum724@outlook.com,3,Nouakchott-Sud,ACTIVE,,INACTIVE,2023-07-02,2023-12-22T00:59:27.830Z,2023-07-02T05:43:29.882Z,2023-12-22T00:59:27.830Z
3504,8706877272,Saadbouh,Ould Horma,Saadbouh Ould Horma,M,1987-01-14,+22235558171,,6,Brakna,STANDARD,,ACTIVE,2022-08-27,2023-09-16T01:21:32.602Z,2022-08-27T20:43:29.440Z,2023-09-16T01:21:32.602Z
3505,6915214547,Mor,Doucouré,Mor Doucouré,M,1969-11-23,+22236513405,mor.doucouré907@outlook.com,15,Tiris Zemmour,OCCASIONAL,,ACTIVE,2024-07-21,2024-11-25T01:17:53.859Z,2024-07-21T10:58:20.790Z,2024-11-25T01:17:53.859Z
3506,6903733450,Youssouf,Ould Hadrami,Youssouf Ould Hadrami,M,1969-08-02,+22224335275,youssouf.ouldhadrami374@yahoo.fr,3,Nouakchott-Sud,OCCASIONAL,,PENDING_KYC,2024-02-08,2024-04-10T08:03:11.457Z,2024-02-08T02:36:39.312Z,2024-04-10T08:03:11.457Z
3507,7002338272,Leila,Mint Soufi,Leila Mint Soufi,F,1970-07-22,+22224224394,,2,Nouakchott-Ouest,STANDARD,,ACTIVE,2023-11-06,2024-10-22T08:46:02.602Z,2023-11-06T05:19:00.215Z,2024-10-22T08:46:02.602Z
3508,7601344825,Ndèye,Koita,Ndèye Koita,F,1976-01-10,+22236143424,,1,Nouakchott-Nord,OCCASIONAL,,ACTIVE,2024-09-22,2024-11-26T06:57:09.451Z,2024-09-22T02:28:31.724Z,2024-11-26T06:57:09.451Z
3509,6803581113,Malouma,Mint Soufi,Malouma Mint Soufi,F,1968-04-09,+22225895874,,3,Nouakchott-Sud,STANDARD,,ACTIVE,2024-06-15,2024-12-04T00:51:07.342Z,2024-06-15T08:47:52.082Z,2024-12-04T00:51:07.342Z
3510,7802927566,Mouna,Sall,Mouna Sall,F,1978-06-20,+22235258562,,2,Nouakchott-Ouest,ACTIVE,,ACTIVE,2022-12-13,2024-11-02T05:11:37.100Z,2022-12-13T11:32:57.922Z,2024-11-02T05:11:37.100Z
3511,8302386527,Mohamed Salem,Thiam,Mohamed Salem Thiam,M,1983-01-24,+22233224030,mohamedsalem.thiam855@gmail.com,2,Nouakchott-Ouest,STANDARD,,ACTIVE,2022-05-03,2023-10-18T06:32:24.710Z,2022-05-03T13:16:34.950Z,2023-10-18T06:32:24.710Z
3512,7109548576,Khadija,Mint Khatri,Khadija Mint Khatri,F,1971-10-22,+22246175314,,9,Assaba,ACTIVE,,ACTIVE,2022-05-14,2022-12-17T07:20:47.858Z,2022-05-14T01:47:27.874Z,2022-12-17T07:20:47.858Z
3513,9404393866,Adama,Kouyaté,Adama Kouyaté,M,1994-10-21,+22222998994,adama.kouyaté239@outlook.com,4,Dakhlet Nouadhibou,OCCASIONAL,,ACTIVE,2024-06-06,2024-08-09T07:14:39.419Z,2024-06-06T04:59:54.085Z,2024-08-09T07:14:39.419Z
3514,9301468999,Maloum,Mbow,Maloum Mbow,M,1993-04-16,+22222966189,,1,Nouakchott-Nord,STANDARD,,ACTIVE,2024-08-05,2024-11-19T10:38:32.553Z,2024-08-05T20:10:39.517Z,2024-11-19T10:38:32.553Z
3515,6802569859,Ibrahima,Guèye,Ibrahima Guèye,M,1968-12-12,+22225860139,ibrahima.guèye272@yahoo.fr,2,Nouakchott-Ouest,DORMANT,,ACTIVE,2023-12-26,2024-09-13T22:15:33.415Z,2023-12-26T14:13:18.803Z,2024-09-13T22:15:33.415Z
3516,8302256275,Vatma,Mint El Hacen,Vatma Mint El Hacen,F,1983-02-21,+22223387526,vatma.mintelhacen316@yahoo.fr,2,Nouakchott-Ouest,STANDARD,,ACTIVE,2024-02-13,2024-05-30T09:16:32.542Z,2024-02-13T12:52:10.794Z,2024-05-30T09:16:32.542Z
3517,7301189852,Khalil,Ould El Mokhtar,Khalil Ould El Mokhtar,M,1973-02-13,+22232167197,,1,Nouakchott-Nord,STANDARD,,ACTIVE,2024-12-22,2024-12-29T13:04:32.646Z,2024-12-22T18:55:59.141Z,2024-12-29T13:04:32.646Z
3518,0101452586,Hawa,Mint Vall,Hawa Mint Vall,F,2001-07-14,+22224089881,hawa.mintvall572@yahoo.fr,1,Nouakchott-Nord,ACTIVE,,ACTIVE,2024-07-08,2024-10-19T22:48:50.406Z,2024-07-08T09:45:19.565Z,2024-10-19T22:48:50.406Z
3519,0402301303,Mariam,Bah,Mariam Bah,F,2004-02-06,+22224671732,,2,Nouakchott-Ouest,STANDARD,,ACTIVE,2023-05-25,2023-12-02T11:42:31.930Z,2023-05-25T03:41:47.395Z,2023-12-02T11:42:31.930Z
3520,0402456067,Cheikh,Ould Dah,Cheikh Ould Dah,M,2004-04-18,+22235775023,,2,Nouakchott-Ouest,STANDARD,,ACTIVE,2024-11-06,2024-11-27T23:11:24.973Z,2024-11-06T11:14:55.458Z,2024-11-27T23:11:24.973Z
3521,6201915981,Saadbouh,Ould Abeih,Saadbouh Ould Abeih,M,1962-06-07,+22225588302,,1,Nouakchott-Nord,STANDARD,,ACTIVE,2022-11-18,2024-04-04T16:31:45.780Z,2022-11-18T22:45:56.307Z,2024-04-04T16:31:45.780Z
3522,7604480436,Habiba,Mint Ahmed,Habiba Mint Ahmed,F,1976-01-22,+22223973073,habiba.mintahmed593@outlook.com,4,Dakhlet Nouadhibou,STANDARD,,ACTIVE,2022-01-01,2023-11-02T11:05:14.140Z,2022-01-01T15:21:48.059Z,2023-11-02T11:05:14.140Z
3523,0202289081,Naima,Tall,Naima Tall,F,2002-01-10,+22242513302,,2,Nouakchott-Ouest,DORMANT,,ACTIVE,2022-01-19,2022-08-04T01:25:26.748Z,2022-01-19T05:54:08.874Z,2022-08-04T01:25:26.748Z
3524,8602971351,Tamba,Kanouté,Tamba Kanouté,M,1986-06-05,+22249672190,tamba.kanouté494@gmail.com,2,Nouakchott-Ouest,STANDARD,,ACTIVE,2022-03-01,2023-11-15T10:58:39.634Z,2022-03-01T09:01:10.658Z,2023-11-15T10:58:39.634Z
3525,9704566366,Hacen,Ould Mohamed,Hacen Ould Mohamed,M,1997-03-07,+22223334365,,4,Dakhlet Nouadhibou,OCCASIONAL,,SUSPENDED,2024-03-10,2024-08-11T13:49:16.178Z,2024-03-10T01:26:44.338Z,2024-08-11T13:49:16.178Z
3526,9003565367,Aïda,Diop,Aïda Diop,F,1990-04-06,+22243576192,,3,Nouakchott-Sud,STANDARD,,ACTIVE,2022-07-21,2023-06-24T04:35:25.034Z,2022-07-21T23:24:59.416Z,2023-06-24T04:35:25.034Z
3527,8505674252,Doudou,Sène,Doudou Sène,M,1985-08-26,+22224601291,,5,Trarza,OCCASIONAL,,ACTIVE,2022-02-01,2022-04-17T12:45:36.936Z,2022-02-01T02:53:44.330Z,2022-04-17T12:45:36.936Z
3528,7501050772,Amadou,Soumaré,Amadou Soumaré,M,1975-08-22,+22224749280,amadou.soumaré818@hotmail.fr,1,Nouakchott-Nord,ACTIVE,,ACTIVE,2023-09-20,2024-08-01T00:27:34.369Z,2023-09-20T10:12:13.832Z,2024-08-01T00:27:34.369Z
3529,6904515864,Jemila,Mint Ahmed,Jemila Mint Ahmed,F,1969-11-18,+22235029104,,4,Dakhlet Nouadhibou,STANDARD,,ACTIVE,2024-07-05,2024-11-23T07:52:22.133Z,2024-07-05T10:40:40.841Z,2024-11-23T07:52:22.133Z
3530,6902072961,Jiddou,Ould Wedadi,Jiddou Ould Wedadi,M,1969-05-01,+22235024893,jiddou.ouldwedadi960@yahoo.fr,2,Nouakchott-Ouest,STANDARD,,INACTIVE,2024-07-25,2024-08-19T17:12:25.753Z,2024-07-25T19:48:41.343Z,2024-08-19T17:12:25.753Z
3531,8715419904,Sidina,Ould Khalil,Sidina Ould Khalil,M,1987-11-05,+22225193190,,15,Tiris Zemmour,STANDARD,,ACTIVE,2023-05-31,2024-10-09T11:46:53.393Z,2023-05-31T17:56:32.252Z,2024-10-09T11:46:53.393Z
3532,0409044630,Mouna,Mint Dah,Mouna Mint Dah,F,2004-06-11,+22248267738,,9,Assaba,STANDARD,,INACTIVE,2023-10-06,2024-05-19T23:46:04.966Z,2023-10-06T08:11:55.617Z,2024-05-19T23:46:04.966Z
3533,6003659357,Mahjouba,Mint Nagi,Mahjouba Mint Nagi,F,1960-09-24,+22222570024,,3,Nouakchott-Sud,ACTIVE,,SUSPENDED,2022-08-14,2022-08-17T10:29:44.985Z,2022-08-14T19:51:25.728Z,2022-08-17T10:29:44.985Z
3534,7302075082,Oumou,Mint El Hacen,Oumou Mint El Hacen,F,1973-02-17,+22225549097,,2,Nouakchott-Ouest,ACTIVE,,ACTIVE,2022-05-17,2024-09-25T16:42:18.665Z,2022-05-17T04:18:32.476Z,2024-09-25T16:42:18.665Z
3535,0202120456,Hamoud,Ould El Mokhtar,Hamoud Ould El Mokhtar,M,2002-02-12,+22243163846,hamoud.ouldelmokhtar439@yahoo.fr,2,Nouakchott-Ouest,STANDARD,,BLOCKED,2023-05-12,2024-06-13T05:43:15.119Z,2023-05-12T03:22:45.819Z,2024-06-13T05:43:15.119Z
3536,6902482483,Mounina,Sy,Mounina Sy,F,1969-06-10,+22233128236,mounina.sy351@yahoo.fr,2,Nouakchott-Ouest,DORMANT,,ACTIVE,2023-08-01,2024-03-06T11:32:34.539Z,2023-08-01T01:12:39.456Z,2024-03-06T11:32:34.539Z
3537,8402091329,Malouma,Koné,Malouma Koné,F,1984-07-09,+22236694441,,2,Nouakchott-Ouest,OCCASIONAL,,ACTIVE,2024-01-04,2024-03-05T19:47:25.114Z,2024-01-04T11:05:32.347Z,2024-03-05T19:47:25.114Z
3538,8803022968,Aissata,Mint Ahmed,Aissata Mint Ahmed,F,1988-09-15,+22223626262,,3,Nouakchott-Sud,ACTIVE,,ACTIVE,2022-01-31,2024-10-02T02:39:00.736Z,2022-01-31T17:17:02.958Z,2024-10-02T02:39:00.736Z
3539,9303936946,Koumba,Koné,Koumba Koné,F,1993-03-27,+22242443714,,3,Nouakchott-Sud,ACTIVE,,ACTIVE,2023-03-27,2023-08-15T03:10:17.832Z,2023-03-27T00:54:28.982Z,2023-08-15T03:10:17.832Z
3540,7001377252,Souleymane,Baldé,Souleymane Baldé,M,1970-10-11,+22223407193,souleymane.baldé11@hotmail.fr,1,Nouakchott-Nord,PREMIUM,,ACTIVE,2022-11-07,2023-07-02T18:56:49.439Z,2022-11-07T19:04:57.389Z,2023-07-02T18:56:49.439Z
3541,9805355892,Minetou,Barry,Minetou Barry,F,1998-04-01,+22245744923,minetou.barry804@hotmail.fr,5,Trarza,STANDARD,,ACTIVE,2022-10-12,2023-05-21T11:33:53.551Z,2022-10-12T13:49:02.308Z,2023-05-21T11:33:53.551Z
3542,9804957990,Taleb,Diallo,Taleb Diallo,M,1998-09-03,+22224119200,taleb.diallo282@yahoo.fr,4,Dakhlet Nouadhibou,STANDARD,,ACTIVE,2023-06-24,2023-09-30T01:13:25.190Z,2023-06-24T23:50:16.029Z,2023-09-30T01:13:25.190Z
3543,6411285535,Defa,Mint El Mamy,Defa Mint El Mamy,F,1964-07-24,+22222482236,defa.mintelmamy820@outlook.com,11,Hodh El Gharbi,OCCASIONAL,,INACTIVE,2024-11-09,2024-12-15T09:27:31.674Z,2024-11-09T14:10:23.753Z,2024-12-15T09:27:31.674Z
3544,8201607251,Habiba,Camara,Habiba Camara,F,1982-11-01,+22241140570,,1,Nouakchott-Nord,STANDARD,,ACTIVE,2022-04-14,2024-03-07T23:12:39.039Z,2022-04-14T17:18:38.450Z,2024-03-07T23:12:39.039Z
3545,7602608267,Pape,Ly,Pape Ly,M,1976-05-18,+22235718308,pape.ly586@outlook.com,2,Nouakchott-Ouest,STANDARD,,ACTIVE,2023-03-07,2024-07-30T08:18:42.147Z,2023-03-07T12:34:37.880Z,2024-07-30T08:18:42.147Z
3546,8601151732,Kéba,Anne,Kéba Anne,M,1986-07-23,+22223603203,,1,Nouakchott-Nord,ACTIVE,,ACTIVE,2023-11-25,2024-01-27T09:00:44.876Z,2023-11-25T05:01:56.664Z,2024-01-27T09:00:44.876Z
3547,6901986762,Fatou,Bah,Fatou Bah,F,1969-06-01,+22225469386,fatou.bah185@outlook.com,1,Nouakchott-Nord,STANDARD,,ACTIVE,2023-06-10,2024-06-06T08:56:30.779Z,2023-06-10T17:27:06.746Z,2024-06-06T08:56:30.779Z
3548,7003848033,Adja,Fall,Adja Fall,F,1970-08-15,+22224146639,,3,Nouakchott-Sud,ACTIVE,,ACTIVE,2022-08-25,2023-02-22T06:42:35.561Z,2022-08-25T07:23:17.312Z,2023-02-22T06:42:35.561Z
3549,8702168530,Tekber,Kouyaté,Tekber Kouyaté,F,1987-07-27,+22236658569,,2,Nouakchott-Ouest,ACTIVE,,ACTIVE,2023-12-07,2024-10-10T05:21:26.672Z,2023-12-07T05:16:48.195Z,2024-10-10T05:21:26.672Z
3550,0402895378,Boubacar,Ould Mahmoud,Boubacar Ould Mahmoud,M,2004-06-04,+22224885535,,2,Nouakchott-Ouest,STANDARD,,INACTIVE,2024-01-20,2024-03-20T00:37:18.261Z,2024-01-20T08:16:47.188Z,2024-03-20T00:37:18.261Z
3551,7704492643,Cheick,Kouyaté,Cheick Kouyaté,M,1977-07-11,+22241152187,,4,Dakhlet Nouadhibou,STANDARD,,ACTIVE,2022-06-12,2023-11-14T07:08:24.551Z,2022-06-12T16:27:31.649Z,2023-11-14T07:08:24.551Z
3552,6215199283,Mouna,Mint Taleb,Mouna Mint Taleb,F,1962-08-01,+22222517759,,15,Tiris Zemmour,OCCASIONAL,,ACTIVE,2024-02-09,2024-03-26T04:02:51.849Z,2024-02-09T00:16:58.751Z,2024-03-26T04:02:51.849Z
3553,6403118317,Pape,Dramé,Pape Dramé,M,1964-07-22,+22249548083,pape.dramé466@hotmail.fr,3,Nouakchott-Sud,ACTIVE,,BLOCKED,2022-03-18,2022-06-13T11:30:34.068Z,2022-03-18T22:23:04.985Z,2022-06-13T11:30:34.068Z
3554,0202372949,Fatima,Mint Soufi,Fatima Mint Soufi,F,2002-01-05,+22244172241,fatima.mintsoufi397@yahoo.fr,2,Nouakchott-Ouest,STANDARD,,ACTIVE,2024-02-05,2024-12-08T21:11:57.079Z,2024-02-05T13:53:34.620Z,2024-12-08T21:11:57.079Z
3555,7302092407,Habiba,Mint Salem,Habiba Mint Salem,F,1973-01-21,+22224642227,,2,Nouakchott-Ouest,PREMIUM,,ACTIVE,2022-01-09,2022-11-23T02:20:55.375Z,2022-01-09T07:59:57.253Z,2022-11-23T02:20:55.375Z
3556,9204828463,Aïssata,Wade,Aïssata Wade,F,1992-10-14,+22233688528,,4,Dakhlet Nouadhibou,OCCASIONAL,,BLOCKED,2023-03-09,2024-12-23T08:58:16.138Z,2023-03-09T08:28:58.720Z,2024-12-23T08:58:16.138Z
3557,9901495951,Awa,Guèye,Awa Guèye,F,1999-09-12,+22223315124,,1,Nouakchott-Nord,STANDARD,,ACTIVE,2024-04-26,2024-10-02T14:47:29.008Z,2024-04-26T11:08:24.529Z,2024-10-02T14:47:29.008Z
3558,7206031571,Mariam,Diallo,Mariam Diallo,F,1972-08-11,+22222474646,mariam.diallo114@outlook.com,6,Brakna,STANDARD,,ACTIVE,2023-03-14,2023-09-11T04:37:31.843Z,2023-03-14T19:59:55.561Z,2023-09-11T04:37:31.843Z
3559,7715982199,Mokhtar,Mbow,Mokhtar Mbow,M,1977-12-13,+22235857459,,15,Tiris Zemmour,ACTIVE,,ACTIVE,2022-08-10,2024-05-08T10:42:38.802Z,2022-08-10T19:59:25.804Z,2024-05-08T10:42:38.802Z
3560,9801448329,Mariam,Mint Ethmane,Mariam Mint Ethmane,F,1998-01-13,+22232974126,mariam.mintethmane534@gmail.com,1,Nouakchott-Nord,OCCASIONAL,,ACTIVE,2024-09-30,2024-12-12T22:43:39.308Z,2024-09-30T08:59:42.870Z,2024-12-12T22:43:39.308Z
3561,6102472530,Habiba,Mint Bouha,Habiba Mint Bouha,F,1961-11-23,+22241871010,,2,Nouakchott-Ouest,ACTIVE,,ACTIVE,2024-02-08,2024-02-19T01:57:18.107Z,2024-02-08T01:11:38.768Z,2024-02-19T01:57:18.107Z
3562,9902301161,Moustapha,Ould Wedadi,Moustapha Ould Wedadi,M,1999-04-09,+22222210901,,2,Nouakchott-Ouest,DORMANT,,ACTIVE,2024-08-08,2024-09-24T13:34:33.615Z,2024-08-08T15:35:11.524Z,2024-09-24T13:34:33.615Z
3563,8701266358,Habiba,Sow,Habiba Sow,F,1987-05-13,+22225702165,,1,Nouakchott-Nord,STANDARD,,ACTIVE,2023-06-27,2023-07-02T18:01:55.351Z,2023-06-27T07:43:41.089Z,2023-07-02T18:01:55.351Z
3564,8201654826,Lehbib,Ould Hamoud,Lehbib Ould Hamoud,M,1982-05-09,+22248700029,lehbib.ouldhamoud76@outlook.com,1,Nouakchott-Nord,STANDARD,,ACTIVE,2022-01-15,2022-08-22T04:19:55.458Z,2022-01-15T15:57:57.873Z,2022-08-22T04:19:55.458Z
3565,9104336758,Khadijetou,Bâ,Khadijetou Bâ,F,1991-01-01,+22223934542,khadijetou.bâ466@outlook.com,4,Dakhlet Nouadhibou,OCCASIONAL,,ACTIVE,2022-04-19,2024-06-07T06:05:28.904Z,2022-04-19T01:11:08.151Z,2024-06-07T06:05:28.904Z
3566,9304670773,Mbarka,Mint El Ghassem,Mbarka Mint El Ghassem,F,1993-09-13,+22225513026,mbarka.mintelghassem236@hotmail.fr,4,Dakhlet Nouadhibou,PREMIUM,,ACTIVE,2022-02-11,2024-06-10T01:08:31.772Z,2022-02-11T18:42:13.059Z,2024-06-10T01:08:31.772Z
3567,8008817866,Mohamed Mahmoud,Bah,Mohamed Mahmoud Bah,M,1980-12-03,+22237989494,,8,Guidimaka,ACTIVE,,ACTIVE,2024-10-20,2024-11-13T02:05:11.096Z,2024-10-20T11:14:22.715Z,2024-11-13T02:05:11.096Z
3568,6103907556,Moulaye,Sow,Moulaye Sow,M,1961-11-01,+22237931591,,3,Nouakchott-Sud,DORMANT,,INACTIVE,2022-07-02,2023-09-19T00:41:26.886Z,2022-07-02T16:17:18.858Z,2023-09-19T00:41:26.886Z
3569,7210535733,Rokhaya,Gaye,Rokhaya Gaye,F,1972-02-19,+22241202108,rokhaya.gaye708@outlook.com,10,Hodh Ech Chargui,STANDARD,,ACTIVE,2024-10-13,2024-10-25T16:03:40.270Z,2024-10-13T15:56:43.115Z,2024-10-25T16:03:40.270Z
3570,7102831473,Adama,Mbaye,Adama Mbaye,M,1971-09-11,+22224020555,,2,Nouakchott-Ouest,OCCASIONAL,,ACTIVE,2022-12-16,2024-10-19T12:06:25.024Z,2022-12-16T15:44:28.229Z,2024-10-19T12:06:25.024Z
3571,7203067599,Bocar,Dieng,Bocar Dieng,M,1972-06-11,+22232499689,,3,Nouakchott-Sud,STANDARD,,ACTIVE,2024-05-07,2024-11-24T08:41:55.947Z,2024-05-07T03:32:39.631Z,2024-11-24T08:41:55.947Z
3572,8508399192,Naima,Mint Messoud,Naima Mint Messoud,F,1985-01-24,+22243586674,,8,Guidimaka,STANDARD,,ACTIVE,2024-12-19,2024-12-19T22:40:35.048Z,2024-12-19T11:12:32.716Z,2024-12-19T22:40:35.048Z
3573,9403851550,Nouhoum,Thiaw,Nouhoum Thiaw,M,1994-07-17,+22236862816,,3,Nouakchott-Sud,OCCASIONAL,,ACTIVE,2022-02-05,2022-11-20T07:21:01.114Z,2022-02-05T17:34:52.735Z,2022-11-20T07:21:01.114Z
3574,9310104008,Salem,Ould Messoud,Salem Ould Messoud,M,1993-04-25,+22237698587,salem.ouldmessoud536@yahoo.fr,10,Hodh Ech Chargui,ACTIVE,,ACTIVE,2024-02-14,2024-03-22T23:20:30.032Z,2024-02-14T23:18:14.607Z,2024-03-22T23:20:30.032Z
3575,9501104730,Cheibany,Dieng,Cheibany Dieng,M,1995-06-09,+22233354866,,1,Nouakchott-Nord,STANDARD,,ACTIVE,2024-10-27,2024-12-04T19:09:53.438Z,2024-10-27T16:04:10.191Z,2024-12-04T19:09:53.438Z
3576,8902859517,Modibo,Bathily,Modibo Bathily,M,1989-10-26,+22232645930,modibo.bathily500@yahoo.fr,2,Nouakchott-Ouest,STANDARD,,ACTIVE,2022-06-20,2024-07-06T14:27:27.851Z,2022-06-20T00:13:43.672Z,2024-07-06T14:27:27.851Z
3577,9403678434,Safiya,Dramé,Safiya Dramé,F,1994-07-14,+22225787639,safiya.dramé201@gmail.com,3,Nouakchott-Sud,PREMIUM,,SUSPENDED,2022-06-15,2023-03-01T03:16:31.679Z,2022-06-15T00:27:39.903Z,2023-03-01T03:16:31.679Z
3578,9107061587,Oumar,Gaye,Oumar Gaye,M,1991-03-18,+22233655859,oumar.gaye77@outlook.com,7,Gorgol,OCCASIONAL,,INACTIVE,2024-12-02,2024-12-15T21:11:48.392Z,2024-12-02T07:54:29.102Z,2024-12-15T21:11:48.392Z
3579,6503431945,Zahra,Thiaw,Zahra Thiaw,F,1965-12-24,+22225681475,zahra.thiaw250@hotmail.fr,3,Nouakchott-Sud,PREMIUM,,ACTIVE,2024-12-23,2024-12-24T06:03:47.680Z,2024-12-23T10:50:52.155Z,2024-12-24T06:03:47.680Z
3580,0302406667,Boubacar,Sow,Boubacar Sow,M,2003-11-04,+22243120909,,2,Nouakchott-Ouest,ACTIVE,,ACTIVE,2022-03-27,2023-04-16T12:55:39.618Z,2022-03-27T01:04:00.394Z,2023-04-16T12:55:39.618Z
3581,7811673193,Mohamed Yahya,Ould Moulaye,Mohamed Yahya Ould Moulaye,M,1978-12-20,+22234735463,mohamedyahya.ouldmoulaye842@hotmail.fr,11,Hodh El Gharbi,STANDARD,,ACTIVE,2024-08-10,2024-12-05T12:02:13.723Z,2024-08-10T04:12:44.405Z,2024-12-05T12:02:13.723Z
3582,6712499356,Meymouna,Mint Abdallah,Meymouna Mint Abdallah,F,1967-04-04,+22247323292,,12,Adrar,DORMANT,,ACTIVE,2023-01-25,2023-01-26T23:09:24.035Z,2023-01-25T16:56:28.324Z,2023-01-26T23:09:24.035Z
3583,0115293416,Nouhoum,Yatabaré,Nouhoum Yatabaré,M,2001-04-24,+22246745386,,15,Tiris Zemmour,VIP,,SUSPENDED,2024-04-01,2024-11-21T06:02:42.184Z,2024-04-01T14:58:20.661Z,2024-11-21T06:02:42.184Z
3584,6701769523,Mahjouba,Mint Abdel Aziz,Mahjouba Mint Abdel Aziz,F,1967-11-20,+22225217305,mahjouba.mintabdelaziz356@gmail.com,1,Nouakchott-Nord,STANDARD,,ACTIVE,2023-06-29,2023-10-19T07:56:55.495Z,2023-06-29T05:11:49.374Z,2023-10-19T07:56:55.495Z
3585,6903690418,Mariam,Baldé,Mariam Baldé,F,1969-08-25,+22232444329,,3,Nouakchott-Sud,OCCASIONAL,,ACTIVE,2023-05-18,2024-02-09T19:04:59.871Z,2023-05-18T02:52:52.871Z,2024-02-09T19:04:59.871Z
3586,6001617034,Mariem,Mint Khalil,Mariem Mint Khalil,F,1960-10-06,+22232123898,mariem.mintkhalil697@hotmail.fr,1,Nouakchott-Nord,ACTIVE,,ACTIVE,2022-06-17,2022-11-14T05:20:54.418Z,2022-06-17T22:26:45.018Z,2022-11-14T05:20:54.418Z
3587,9103278505,Jiddou,Diop,Jiddou Diop,M,1991-01-28,+22232661083,,3,Nouakchott-Sud,VIP,,ACTIVE,2024-11-01,2024-11-30T01:20:59.706Z,2024-11-01T18:42:19.109Z,2024-11-30T01:20:59.706Z
3588,7908573021,Hawa,Doucouré,Hawa Doucouré,F,1979-08-18,+22222980140,,8,Guidimaka,OCCASIONAL,,ACTIVE,2023-08-09,2023-11-07T14:29:48.024Z,2023-08-09T14:17:41.151Z,2023-11-07T14:29:48.024Z
3589,6403860254,Bassirou,Diallo,Bassirou Diallo,M,1964-02-28,+22233622917,bassirou.diallo170@gmail.com,3,Nouakchott-Sud,OCCASIONAL,,ACTIVE,2024-07-09,2024-07-26T05:22:18.810Z,2024-07-09T06:39:07.661Z,2024-07-26T05:22:18.810Z
3590,7201761374,Pape,Wane,Pape Wane,M,1972-10-01,+22225013905,,1,Nouakchott-Nord,OCCASIONAL,,INACTIVE,2024-11-18,2024-12-18T14:01:35.359Z,2024-11-18T10:56:08.199Z,2024-12-18T14:01:35.359Z
3591,0306408124,Ahmed Salem,Barry,Ahmed Salem Barry,M,2003-04-09,+22224066918,,6,Brakna,ACTIVE,,ACTIVE,2024-04-03,2024-08-13T10:11:25.277Z,2024-04-03T07:27:42.323Z,2024-08-13T10:11:25.277Z
3592,9203842323,Yahya,Ould Tourad,Yahya Ould Tourad,M,1992-03-07,+22223488199,,3,Nouakchott-Sud,STANDARD,,ACTIVE,2023-04-03,2024-12-04T09:25:41.679Z,2023-04-03T02:43:55.072Z,2024-12-04T09:25:41.679Z
3593,7504175313,Isselmou,Ould Hamoud,Isselmou Ould Hamoud,M,1975-05-27,+22243051730,,4,Dakhlet Nouadhibou,STANDARD,,ACTIVE,2024-09-20,2024-11-03T21:55:48.582Z,2024-09-20T00:41:50.340Z,2024-11-03T21:55:48.582Z
3594,8301445038,Penda,Fofana,Penda Fofana,F,1983-05-06,+22245099075,penda.fofana682@hotmail.fr,1,Nouakchott-Nord,STANDARD,,ACTIVE,2024-10-08,2024-10-17T23:42:45.937Z,2024-10-08T03:11:51.141Z,2024-10-17T23:42:45.937Z
3595,9501113729,Ghalia,Barry,Ghalia Barry,F,1995-05-19,+22223600375,ghalia.barry52@gmail.com,1,Nouakchott-Nord,STANDARD,,ACTIVE,2022-12-25,2024-12-04T13:52:14.497Z,2022-12-25T08:26:13.634Z,2024-12-04T13:52:14.497Z
3596,8602996370,Dialika,Ndour,Dialika Ndour,F,1986-05-12,+22249523573,dialika.ndour51@hotmail.fr,2,Nouakchott-Ouest,OCCASIONAL,,ACTIVE,2022-07-22,2023-07-21T16:40:34.340Z,2022-07-22T00:43:47.781Z,2023-07-21T16:40:34.340Z
3597,8702583632,Anta,Sissoko,Anta Sissoko,F,1987-08-19,+22224158812,anta.sissoko908@hotmail.fr,2,Nouakchott-Ouest,OCCASIONAL,,PENDING_KYC,2023-01-30,2024-05-06T15:12:21.514Z,2023-01-30T00:12:05.041Z,2024-05-06T15:12:21.514Z
3598,6402249535,Bassirou,Ndiaye,Bassirou Ndiaye,M,1964-07-03,+22224265895,,2,Nouakchott-Ouest,STANDARD,,ACTIVE,2023-12-15,2024-08-14T05:42:20.709Z,2023-12-15T04:41:54.589Z,2024-08-14T05:42:20.709Z
3599,6813956491,Wedadi,Bathily,Wedadi Bathily,M,1968-08-11,+22242718586,,13,Tagant,ACTIVE,,ACTIVE,2022-09-23,2024-10-11T09:57:35.880Z,2022-09-23T06:35:43.405Z,2024-10-11T09:57:35.880Z
3600,6301890568,Demba,Sy,Demba Sy,M,1963-06-16,+22222807795,,1,Nouakchott-Nord,STANDARD,,PENDING_KYC,2024-01-18,2024-07-06T10:21:21.217Z,2024-01-18T03:58:04.598Z,2024-07-06T10:21:21.217Z
3601,7501037126,Madou,Faye,Madou Faye,M,1975-05-16,+22222066167,madou.faye786@yahoo.fr,1,Nouakchott-Nord,PREMIUM,,ACTIVE,2024-02-24,2024-10-25T20:51:26.248Z,2024-02-24T17:16:29.327Z,2024-10-25T20:51:26.248Z
3602,8809411034,Sidi,Ould Hamadi,Sidi Ould Hamadi,M,1988-01-06,+22232686864,sidi.ouldhamadi821@hotmail.fr,9,Assaba,STANDARD,,ACTIVE,2022-06-15,2024-04-15T18:13:46.840Z,2022-06-15T19:07:12.579Z,2024-04-15T18:13:46.840Z
3603,0101010744,Fatima,Mint Lemrabott,Fatima Mint Lemrabott,F,2001-03-10,+22246215010,fatima.mintlemrabott202@hotmail.fr,1,Nouakchott-Nord,STANDARD,,ACTIVE,2022-10-28,2023-12-12T12:23:16.569Z,2022-10-28T02:48:05.306Z,2023-12-12T12:23:16.569Z
3604,0205503814,Mbareck,Kane,Mbareck Kane,M,2002-09-13,+22237524211,,5,Trarza,ACTIVE,,ACTIVE,2024-07-27,2024-09-22T04:01:32.554Z,2024-07-27T01:19:44.096Z,2024-09-22T04:01:32.554Z
3605,9401471411,Lala,Ba,Lala Ba,F,1994-09-21,+22222601446,,1,Nouakchott-Nord,OCCASIONAL,,ACTIVE,2022-02-27,2022-05-23T15:17:58.709Z,2022-02-27T03:47:46.125Z,2022-05-23T15:17:58.709Z
3606,9215256044,Vall,Diakité,Vall Diakité,M,1992-02-21,+22237627892,vall.diakité371@outlook.com,15,Tiris Zemmour,STANDARD,,ACTIVE,2023-05-26,2024-06-12T06:42:50.373Z,2023-05-26T06:33:03.718Z,2024-06-12T06:42:50.373Z
3607,6502753985,Mouna,Mint Salem,Mouna Mint Salem,F,1965-03-08,+22242551924,,2,Nouakchott-Ouest,OCCASIONAL,,ACTIVE,2022-02-15,2022-04-15T08:29:05.673Z,2022-02-15T22:47:25.007Z,2022-04-15T08:29:05.673Z
3608,7803710994,Karounga,Yatabaré,Karounga Yatabaré,M,1978-10-21,+22235941632,,3,Nouakchott-Sud,OCCASIONAL,,INACTIVE,2022-03-02,2023-01-25T05:00:59.566Z,2022-03-02T19:12:40.414Z,2023-01-25T05:00:59.566Z
3609,8204418636,Kadiatou,Diagana,Kadiatou Diagana,F,1982-10-19,+22236363116,kadiatou.diagana822@outlook.com,4,Dakhlet Nouadhibou,OCCASIONAL,,PENDING_KYC,2023-09-16,2024-02-01T07:08:23.051Z,2023-09-16T22:50:56.030Z,2024-02-01T07:08:23.051Z
3610,9801647803,Nouh,Ould Lemrabott,Nouh Ould Lemrabott,M,1998-09-23,+22237235834,nouh.ouldlemrabott60@outlook.com,1,Nouakchott-Nord,OCCASIONAL,,ACTIVE,2022-06-16,2023-05-20T07:13:11.591Z,2022-06-16T02:06:28.498Z,2023-05-20T07:13:11.591Z
3611,9802758515,Ghalia,Thiaw,Ghalia Thiaw,F,1998-08-15,+22247342716,,2,Nouakchott-Ouest,OCCASIONAL,,ACTIVE,2023-08-09,2024-04-04T23:33:32.419Z,2023-08-09T22:40:30.209Z,2024-04-04T23:33:32.419Z
3612,7303901676,Dah,Ould Brahim,Dah Ould Brahim,M,1973-01-14,+22237035517,dah.ouldbrahim66@yahoo.fr,3,Nouakchott-Sud,OCCASIONAL,,ACTIVE,2024-01-09,2024-05-08T09:02:24.147Z,2024-01-09T00:44:33.322Z,2024-05-08T09:02:24.147Z
3613,0502700835,Diahara,Diallo,Diahara Diallo,F,2005-02-18,+22233265994,diahara.diallo542@yahoo.fr,2,Nouakchott-Ouest,STANDARD,,ACTIVE,2024-05-09,2024-11-18T22:42:09.115Z,2024-05-09T21:09:51.813Z,2024-11-18T22:42:09.115Z
3614,7902552628,Tekber,Fofana,Tekber Fofana,F,1979-08-26,+22243198361,tekber.fofana257@outlook.com,2,Nouakchott-Ouest,STANDARD,,ACTIVE,2023-02-15,2023-07-09T19:07:43.105Z,2023-02-15T08:47:52.094Z,2023-07-09T19:07:43.105Z
3615,8204132987,Adama,Tall,Adama Tall,M,1982-01-11,+22233092704,adama.tall779@outlook.com,4,Dakhlet Nouadhibou,STANDARD,,ACTIVE,2022-04-08,2024-07-10T20:38:18.704Z,2022-04-08T05:07:03.602Z,2024-07-10T20:38:18.704Z
3616,6512280880,Issa,Wane,Issa Wane,M,1965-11-25,+22237131752,,12,Adrar,STANDARD,,ACTIVE,2022-07-06,2022-10-16T06:48:10.874Z,2022-07-06T12:56:04.841Z,2022-10-16T06:48:10.874Z
3617,9205310606,Abdel Rahman,Dramé,Abdel Rahman Dramé,M,1992-07-20,+22236886245,,5,Trarza,DORMANT,,ACTIVE,2022-04-05,2022-05-08T04:10:49.350Z,2022-04-05T10:04:42.417Z,2022-05-08T04:10:49.350Z
3618,0204207689,Vatma,Sène,Vatma Sène,F,2002-02-03,+22236622666,vatma.sène139@yahoo.fr,4,Dakhlet Nouadhibou,ACTIVE,,ACTIVE,2022-06-25,2023-08-20T11:56:29.263Z,2022-06-25T07:11:22.079Z,2023-08-20T11:56:29.263Z
3619,6108546404,Tourad,Touré,Tourad Touré,M,1961-03-03,+22244472917,,8,Guidimaka,OCCASIONAL,,ACTIVE,2022-08-02,2022-10-21T19:20:10.535Z,2022-08-02T01:31:59.258Z,2022-10-21T19:20:10.535Z
3620,7201162155,Maguette,Mbaye,Maguette Mbaye,M,1972-06-11,+22225922396,maguette.mbaye158@outlook.com,1,Nouakchott-Nord,STANDARD,,ACTIVE,2023-05-22,2023-10-28T22:26:15.086Z,2023-05-22T17:42:06.237Z,2023-10-28T22:26:15.086Z
3621,9503102404,Brahim,Sène,Brahim Sène,M,1995-08-22,+22236325428,,3,Nouakchott-Sud,ACTIVE,,ACTIVE,2022-06-08,2024-11-07T05:33:53.318Z,2022-06-08T21:44:41.466Z,2024-11-07T05:33:53.318Z
3622,0508036563,Anta,Dia,Anta Dia,F,2005-08-13,+22225942680,anta.dia577@outlook.com,8,Guidimaka,STANDARD,,ACTIVE,2023-06-27,2024-11-30T18:13:48.076Z,2023-06-27T02:13:25.375Z,2024-11-30T18:13:48.076Z
3623,8301628301,Ghalia,Diallo,Ghalia Diallo,F,1983-11-02,+22232346635,,1,Nouakchott-Nord,STANDARD,,ACTIVE,2022-07-03,2023-11-21T04:00:58.558Z,2022-07-03T02:06:33.046Z,2023-11-21T04:00:58.558Z
3624,8501090407,Youssouf,Doucouré,Youssouf Doucouré,M,1985-05-23,+22234802124,,1,Nouakchott-Nord,STANDARD,,PENDING_KYC,2023-12-01,2024-09-26T08:49:46.960Z,2023-12-01T20:57:35.070Z,2024-09-26T08:49:46.960Z
3625,7102949181,Jemila,Mint Saad,Jemila Mint Saad,F,1971-01-04,+22224845569,jemila.mintsaad35@yahoo.fr,2,Nouakchott-Ouest,OCCASIONAL,,ACTIVE,2022-05-23,2024-07-23T01:08:14.947Z,2022-05-23T11:12:47.335Z,2024-07-23T01:08:14.947Z
3626,6815406112,Aziza,Mint Mokhtar,Aziza Mint Mokhtar,F,1968-04-25,+22225718801,,15,Tiris Zemmour,DORMANT,,ACTIVE,2023-07-27,2024-01-06T16:15:44.709Z,2023-07-27T19:40:14.445Z,2024-01-06T16:15:44.709Z
3627,9902015152,Saleck,Ould Taleb,Saleck Ould Taleb,M,1999-12-13,+22223602822,saleck.ouldtaleb854@gmail.com,2,Nouakchott-Ouest,OCCASIONAL,,PENDING_KYC,2024-08-26,2024-10-04T06:02:42.098Z,2024-08-26T09:01:16.171Z,2024-10-04T06:02:42.098Z
3628,9106912031,Sekou,Faye,Sekou Faye,M,1991-11-19,+22225713388,,6,Brakna,OCCASIONAL,,PENDING_KYC,2022-03-06,2023-10-19T21:16:09.855Z,2022-03-06T03:15:05.931Z,2023-10-19T21:16:09.855Z
3629,8203461453,Leila,Diop,Leila Diop,F,1982-07-26,+22233114982,,3,Nouakchott-Sud,OCCASIONAL,,ACTIVE,2022-08-21,2024-04-26T07:16:06.353Z,2022-08-21T01:02:42.627Z,2024-04-26T07:16:06.353Z
3630,0001086397,Abdel Aziz,Ould Vadel,Abdel Aziz Ould Vadel,M,2000-01-09,+22223423070,abdelaziz.ouldvadel685@yahoo.fr,1,Nouakchott-Nord,ACTIVE,,INACTIVE,2023-09-20,2023-09-24T05:59:42.285Z,2023-09-20T23:46:08.233Z,2023-09-24T05:59:42.285Z
3631,7206394551,Mbareck,Faye,Mbareck Faye,M,1972-05-13,+22241922651,mbareck.faye29@hotmail.fr,6,Brakna,STANDARD,,ACTIVE,2024-09-04,2024-09-06T00:35:49.360Z,2024-09-04T00:00:34.983Z,2024-09-06T00:35:49.360Z
3632,7607643351,Abdel Aziz,Ould El Ghassem,Abdel Aziz Ould El Ghassem,M,1976-06-16,+22248878123,,7,Gorgol,OCCASIONAL,,ACTIVE,2023-09-22,2024-10-30T17:30:39.501Z,2023-09-22T14:09:02.518Z,2024-10-30T17:30:39.501Z
3633,6601262395,Mahjouba,Mint Wedadi,Mahjouba Mint Wedadi,F,1966-09-01,+22224029665,,1,Nouakchott-Nord,STANDARD,,ACTIVE,2024-09-22,2024-10-21T00:26:23.296Z,2024-09-22T00:26:29.384Z,2024-10-21T00:26:23.296Z
3634,8502168099,Moulaye,Ould Abdallah,Moulaye Ould Abdallah,M,1985-04-13,+22246681850,moulaye.ouldabdallah919@outlook.com,2,Nouakchott-Ouest,ACTIVE,,ACTIVE,2023-05-09,2024-02-19T20:20:10.895Z,2023-05-09T13:14:34.943Z,2024-02-19T20:20:10.895Z
3635,7704463977,Alpha,Anne,Alpha Anne,M,1977-02-18,+22232919347,alpha.anne632@hotmail.fr,4,Dakhlet Nouadhibou,OCCASIONAL,,ACTIVE,2022-08-27,2024-12-21T16:17:06.584Z,2022-08-27T15:18:23.875Z,2024-12-21T16:17:06.584Z
3636,7802635494,Mounina,Doucouré,Mounina Doucouré,F,1978-11-02,+22235174881,mounina.doucouré204@gmail.com,2,Nouakchott-Ouest,OCCASIONAL,,ACTIVE,2024-06-01,2024-08-15T07:01:31.963Z,2024-06-01T07:16:12.394Z,2024-08-15T07:01:31.963Z
3637,6004704685,Vatma,Sarr,Vatma Sarr,F,1960-02-09,+22242939524,,4,Dakhlet Nouadhibou,STANDARD,,ACTIVE,2024-02-02,2024-02-26T20:19:15.275Z,2024-02-02T23:18:59.163Z,2024-02-26T20:19:15.275Z
3638,9303553356,Sidi Mohamed,Ould Bouha,Sidi Mohamed Ould Bouha,M,1993-02-08,+22244419243,,3,Nouakchott-Sud,ACTIVE,,ACTIVE,2024-11-05,2024-11-07T17:39:48.997Z,2024-11-05T13:00:09.297Z,2024-11-07T17:39:48.997Z
3639,8306090264,Khadijetou,Mint Salem,Khadijetou Mint Salem,F,1983-10-11,+22222538757,,6,Brakna,ACTIVE,,ACTIVE,2024-08-06,2024-08-08T13:24:47.949Z,2024-08-06T03:53:26.329Z,2024-08-08T13:24:47.949Z
3640,9805204985,Malouma,Mint Messoud,Malouma Mint Messoud,F,1998-02-08,+22223835686,malouma.mintmessoud210@outlook.com,5,Trarza,STANDARD,,ACTIVE,2022-02-08,2022-03-20T06:26:44.185Z,2022-02-08T23:52:25.043Z,2022-03-20T06:26:44.185Z
3641,9701441602,Kani,Diallo,Kani Diallo,F,1997-12-28,+22224511236,,1,Nouakchott-Nord,OCCASIONAL,,ACTIVE,2024-09-15,2024-12-24T05:38:35.453Z,2024-09-15T07:36:56.968Z,2024-12-24T05:38:35.453Z
3642,7102911438,Vatma,Mint Bouha,Vatma Mint Bouha,F,1971-01-23,+22244059566,,2,Nouakchott-Ouest,STANDARD,,ACTIVE,2022-01-28,2023-06-08T13:29:11.683Z,2022-01-28T05:34:30.724Z,2023-06-08T13:29:11.683Z
3643,6502825154,Thierno,Diop,Thierno Diop,M,1965-12-18,+22248401563,,2,Nouakchott-Ouest,STANDARD,,ACTIVE,2023-03-27,2023-09-21T08:23:22.459Z,2023-03-27T16:56:08.010Z,2023-09-21T08:23:22.459Z
3644,8313133114,Zahra,Diarra,Zahra Diarra,F,1983-11-24,+22224310096,,13,Tagant,STANDARD,,ACTIVE,2024-04-22,2024-09-02T01:46:53.875Z,2024-04-22T15:30:47.117Z,2024-09-02T01:46:53.875Z
3645,6604826945,Salka,Sissoko,Salka Sissoko,F,1966-05-14,+22224169989,salka.sissoko457@gmail.com,4,Dakhlet Nouadhibou,STANDARD,,ACTIVE,2023-09-25,2024-01-13T15:06:29.466Z,2023-09-25T15:49:25.190Z,2024-01-13T15:06:29.466Z
3646,6202759292,Ousmane,Fofana,Ousmane Fofana,M,1962-10-02,+22225806334,ousmane.fofana755@outlook.com,2,Nouakchott-Ouest,STANDARD,,BLOCKED,2023-10-04,2024-06-09T09:44:39.453Z,2023-10-04T23:30:36.555Z,2024-06-09T09:44:39.453Z
3647,6901916125,Amadou,Sarr,Amadou Sarr,M,1969-06-10,+22236346967,,1,Nouakchott-Nord,PREMIUM,,ACTIVE,2023-03-27,2023-11-08T23:55:26.854Z,2023-03-27T22:49:19.659Z,2023-11-08T23:55:26.854Z
3648,6610100217,Aicha,Mint Lemrabott,Aicha Mint Lemrabott,F,1966-08-04,+22224568969,,10,Hodh Ech Chargui,ACTIVE,,ACTIVE,2023-05-14,2024-11-22T09:59:28.963Z,2023-05-14T11:23:05.351Z,2024-11-22T09:59:28.963Z
3649,9202368774,Fatima,Mint Nagi,Fatima Mint Nagi,F,1992-07-13,+22234742333,,2,Nouakchott-Ouest,VIP,,PENDING_KYC,2023-03-11,2024-12-06T19:19:55.205Z,2023-03-11T13:15:30.477Z,2024-12-06T19:19:55.205Z
3650,6109356268,Oumou,Fofana,Oumou Fofana,F,1961-11-27,+22222050776,,9,Assaba,OCCASIONAL,,ACTIVE,2024-11-13,2024-11-24T11:05:03.799Z,2024-11-13T09:52:03.997Z,2024-11-24T11:05:03.799Z
3651,7002850675,Massamba,Guèye,Massamba Guèye,M,1970-09-19,+22236639237,,2,Nouakchott-Ouest,VIP,,ACTIVE,2023-08-01,2023-08-16T04:10:10.493Z,2023-08-01T17:14:29.762Z,2023-08-16T04:10:10.493Z
3652,8010646252,Coumba,Sall,Coumba Sall,F,1980-04-07,+22233757337,coumba.sall801@hotmail.fr,10,Hodh Ech Chargui,OCCASIONAL,,ACTIVE,2022-10-20,2024-08-16T15:42:12.110Z,2022-10-20T10:49:58.359Z,2024-08-16T15:42:12.110Z
3653,6912409045,Mariama,Barry,Mariama Barry,F,1969-09-25,+22232662294,mariama.barry616@hotmail.fr,12,Adrar,OCCASIONAL,,ACTIVE,2023-02-10,2023-09-19T07:44:30.610Z,2023-02-10T16:31:05.929Z,2023-09-19T07:44:30.610Z
3654,9902777731,Malouma,Mint El Mokhtar,Malouma Mint El Mokhtar,F,1999-10-28,+22222311922,malouma.mintelmokhtar553@yahoo.fr,2,Nouakchott-Ouest,DORMANT,,SUSPENDED,2024-05-25,2024-10-31T21:45:36.034Z,2024-05-25T23:09:44.257Z,2024-10-31T21:45:36.034Z
3655,8303694812,Habiboullah,Ould Cheikh,Habiboullah Ould Cheikh,M,1983-11-06,+22249053904,habiboullah.ouldcheikh878@hotmail.fr,3,Nouakchott-Sud,ACTIVE,,ACTIVE,2023-08-26,2023-12-12T21:13:23.219Z,2023-08-26T21:34:02.291Z,2023-12-12T21:13:23.219Z
3656,6706282719,Naha,Mint Habiboullah,Naha Mint Habiboullah,F,1967-03-02,+22225769641,,6,Brakna,OCCASIONAL,,ACTIVE,2022-11-01,2022-11-04T17:39:30.078Z,2022-11-01T05:33:03.950Z,2022-11-04T17:39:30.078Z
3657,8803196128,Khadijetou,Dia,Khadijetou Dia,F,1988-07-06,+22249582507,khadijetou.dia664@gmail.com,3,Nouakchott-Sud,STANDARD,,ACTIVE,2024-03-01,2024-10-16T05:20:07.041Z,2024-03-01T22:16:49.273Z,2024-10-16T05:20:07.041Z
3658,6506366978,Rokaya,Anne,Rokaya Anne,F,1965-03-11,+22246800310,,6,Brakna,STANDARD,,ACTIVE,2023-05-11,2023-06-30T03:13:53.834Z,2023-05-11T21:31:26.952Z,2023-06-30T03:13:53.834Z
3659,8203189696,Noura,Mint Messoud,Noura Mint Messoud,F,1982-02-10,+22237563691,,3,Nouakchott-Sud,STANDARD,,ACTIVE,2024-10-20,2024-12-24T12:07:06.923Z,2024-10-20T17:32:23.079Z,2024-12-24T12:07:06.923Z
3660,0103221256,Naha,Mint Abdel Kader,Naha Mint Abdel Kader,F,2001-03-26,+22233725174,naha.mintabdelkader118@outlook.com,3,Nouakchott-Sud,OCCASIONAL,,ACTIVE,2024-09-10,2024-12-16T00:34:02.150Z,2024-09-10T15:12:16.768Z,2024-12-16T00:34:02.150Z
3661,8906773729,Mariam,Mint El Ghassem,Mariam Mint El Ghassem,F,1989-05-23,+22236178464,mariam.mintelghassem460@yahoo.fr,6,Brakna,STANDARD,,ACTIVE,2024-12-21,2024-12-26T13:51:54.321Z,2024-12-21T09:14:45.167Z,2024-12-26T13:51:54.321Z
3662,7001854601,Sadio,Kouyaté,Sadio Kouyaté,M,1970-12-01,+22241032686,,1,Nouakchott-Nord,ACTIVE,,ACTIVE,2024-06-02,2024-09-18T00:28:39.456Z,2024-06-02T12:08:54.403Z,2024-09-18T00:28:39.456Z
3663,8901945769,Fallou,Dieng,Fallou Dieng,M,1989-07-25,+22245698170,fallou.dieng978@gmail.com,1,Nouakchott-Nord,OCCASIONAL,,ACTIVE,2023-09-20,2024-11-15T23:42:37.612Z,2023-09-20T00:20:43.954Z,2024-11-15T23:42:37.612Z
3664,9903334247,Minetou,Sow,Minetou Sow,F,1999-02-11,+22223492677,,3,Nouakchott-Sud,OCCASIONAL,,ACTIVE,2024-09-08,2024-10-30T17:12:14.013Z,2024-09-08T16:04:11.677Z,2024-10-30T17:12:14.013Z
3665,8103276030,Moussa,Touré,Moussa Touré,M,1981-03-03,+22244114182,moussa.touré977@gmail.com,3,Nouakchott-Sud,STANDARD,,ACTIVE,2022-12-04,2023-11-21T05:11:04.379Z,2022-12-04T02:53:02.134Z,2023-11-21T05:11:04.379Z
3666,6907172776,Rokaya,Mint Zein,Rokaya Mint Zein,F,1969-09-19,+22241884469,rokaya.mintzein718@gmail.com,7,Gorgol,OCCASIONAL,,SUSPENDED,2022-06-08,2024-09-29T21:53:45.811Z,2022-06-08T23:12:17.086Z,2024-09-29T21:53:45.811Z
3667,8302119655,Zakaria,Ould Hamadi,Zakaria Ould Hamadi,M,1983-01-01,+22241610590,,2,Nouakchott-Ouest,OCCASIONAL,,ACTIVE,2024-03-24,2024-07-15T17:47:04.508Z,2024-03-24T20:30:25.026Z,2024-07-15T17:47:04.508Z
3668,0102210343,Hafsata,Wane,Hafsata Wane,F,2001-12-09,+22225830323,,2,Nouakchott-Ouest,STANDARD,,ACTIVE,2022-11-24,2022-12-13T22:07:06.592Z,2022-11-24T08:07:59.155Z,2022-12-13T22:07:06.592Z
3669,0005854204,Mody,Barry,Mody Barry,M,2000-02-14,+22222441419,,5,Trarza,STANDARD,,ACTIVE,2023-07-04,2023-11-21T00:43:35.038Z,2023-07-04T06:21:54.477Z,2023-11-21T00:43:35.038Z
3670,8101483689,Mamadou,Thiam,Mamadou Thiam,M,1981-02-12,+22237459253,mamadou.thiam439@yahoo.fr,1,Nouakchott-Nord,STANDARD,,ACTIVE,2022-11-07,2024-04-11T02:43:33.527Z,2022-11-07T14:48:19.891Z,2024-04-11T02:43:33.527Z
3671,0414897766,Sidi,Diop,Sidi Diop,M,2004-08-09,+22243854679,,14,Inchiri,DORMANT,,ACTIVE,2022-05-11,2024-10-01T11:22:19.283Z,2022-05-11T04:04:46.425Z,2024-10-01T11:22:19.283Z
3672,7210171504,Meymouna,Sakho,Meymouna Sakho,F,1972-04-16,+22224598479,,10,Hodh Ech Chargui,OCCASIONAL,,BLOCKED,2024-07-07,2024-07-18T03:19:14.608Z,2024-07-07T15:28:20.267Z,2024-07-18T03:19:14.608Z
3673,6704952902,Ibrahima,Fall,Ibrahima Fall,M,1967-04-18,+22248943391,,4,Dakhlet Nouadhibou,OCCASIONAL,,ACTIVE,2024-05-25,2024-06-13T19:48:21.617Z,2024-05-25T20:32:46.999Z,2024-06-13T19:48:21.617Z
3674,9603855657,Hamidou,Dia,Hamidou Dia,M,1996-12-14,+22224782445,,3,Nouakchott-Sud,DORMANT,,ACTIVE,2024-01-31,2024-10-27T15:53:10.367Z,2024-01-31T12:58:57.145Z,2024-10-27T15:53:10.367Z
3675,7803656487,Saleck,Thiam,Saleck Thiam,M,1978-04-03,+22222390973,saleck.thiam473@yahoo.fr,3,Nouakchott-Sud,DORMANT,,ACTIVE,2024-03-28,2024-09-11T00:06:16.562Z,2024-03-28T04:47:52.796Z,2024-09-11T00:06:16.562Z
3676,9902763220,Hamady,Koita,Hamady Koita,M,1999-01-07,+22225601457,,2,Nouakchott-Ouest,OCCASIONAL,,ACTIVE,2024-03-09,2024-06-23T12:40:32.350Z,2024-03-09T00:40:05.430Z,2024-06-23T12:40:32.350Z
3677,9302315474,Aichetou,Mint Vadel,Aichetou Mint Vadel,F,1993-09-25,+22237096418,,2,Nouakchott-Ouest,STANDARD,,ACTIVE,2022-01-25,2022-07-08T20:01:02.818Z,2022-01-25T19:49:06.705Z,2022-07-08T20:01:02.818Z
3678,6501552284,Noura,Sow,Noura Sow,F,1965-03-13,+22224557064,,1,Nouakchott-Nord,STANDARD,,BLOCKED,2022-04-05,2022-06-26T10:18:44.728Z,2022-04-05T17:21:44.122Z,2022-06-26T10:18:44.728Z
3679,9912642261,Moussa,Tall,Moussa Tall,M,1999-10-11,+22235636192,,12,Adrar,ACTIVE,,ACTIVE,2024-02-10,2024-08-28T17:28:04.525Z,2024-02-10T18:33:59.975Z,2024-08-28T17:28:04.525Z
3680,8305639239,Sidi Mohamed,Ould El Hacen,Sidi Mohamed Ould El Hacen,M,1983-12-04,+22235147551,,5,Trarza,STANDARD,,ACTIVE,2022-01-16,2024-09-17T05:15:20.738Z,2022-01-16T19:44:32.793Z,2024-09-17T05:15:20.738Z
3681,9701252219,Horma,Kane,Horma Kane,M,1997-08-24,+22225422880,,1,Nouakchott-Nord,ACTIVE,,ACTIVE,2024-08-13,2024-10-17T19:17:30.465Z,2024-08-13T06:18:01.433Z,2024-10-17T19:17:30.465Z
3682,6504528437,Ahmed,Ould Bouha,Ahmed Ould Bouha,M,1965-11-19,+22225650415,ahmed.ouldbouha427@gmail.com,4,Dakhlet Nouadhibou,OCCASIONAL,,ACTIVE,2022-04-06,2024-12-15T10:04:52.479Z,2022-04-06T06:05:21.616Z,2024-12-15T10:04:52.479Z
3683,0305902896,Hawa,Guèye,Hawa Guèye,F,2003-08-14,+22223237576,,5,Trarza,STANDARD,,ACTIVE,2024-12-07,2024-12-21T16:04:30.118Z,2024-12-07T21:43:10.361Z,2024-12-21T16:04:30.118Z
3684,9002056620,Maloum,Ould Ahmed,Maloum Ould Ahmed,M,1990-08-16,+22224601147,maloum.ouldahmed755@outlook.com,2,Nouakchott-Ouest,STANDARD,,ACTIVE,2024-08-08,2024-08-29T04:38:35.305Z,2024-08-08T05:35:59.594Z,2024-08-29T04:38:35.305Z
3685,0202834076,Aissata,Sy,Aissata Sy,F,2002-11-13,+22224742523,,2,Nouakchott-Ouest,OCCASIONAL,,ACTIVE,2024-10-06,2024-10-22T13:16:56.845Z,2024-10-06T02:29:40.982Z,2024-10-22T13:16:56.845Z
3686,7504823122,Ahmedou,Ould Jiddou,Ahmedou Ould Jiddou,M,1975-04-01,+22234343454,,4,Dakhlet Nouadhibou,OCCASIONAL,,ACTIVE,2023-06-28,2024-04-24T17:58:05.902Z,2023-06-28T06:06:18.112Z,2024-04-24T17:58:05.902Z
3687,7109680933,Tekber,Mint El Hacen,Tekber Mint El Hacen,F,1971-03-03,+22234668303,tekber.mintelhacen608@yahoo.fr,9,Assaba,ACTIVE,,ACTIVE,2023-07-04,2024-09-17T06:38:05.800Z,2023-07-04T01:13:04.473Z,2024-09-17T06:38:05.800Z
3688,7303601325,Mariama,Diallo,Mariama Diallo,F,1973-11-21,+22232657696,mariama.diallo973@yahoo.fr,3,Nouakchott-Sud,STANDARD,,ACTIVE,2024-08-10,2024-09-20T14:57:34.812Z,2024-08-10T10:20:47.027Z,2024-09-20T14:57:34.812Z
3689,9115455842,Gaoussou,Sy,Gaoussou Sy,M,1991-01-09,+22225542766,,15,Tiris Zemmour,STANDARD,,ACTIVE,2023-06-30,2023-07-22T06:31:25.803Z,2023-06-30T14:26:33.128Z,2023-07-22T06:31:25.803Z
3690,7505610105,Houda,Mint Vadel,Houda Mint Vadel,F,1975-07-03,+22225303375,,5,Trarza,STANDARD,,BLOCKED,2024-02-09,2024-10-13T06:29:51.354Z,2024-02-09T15:08:45.126Z,2024-10-13T06:29:51.354Z
3691,6302247172,Seynabou,Sarr,Seynabou Sarr,F,1963-05-24,+22235883575,,2,Nouakchott-Ouest,STANDARD,,ACTIVE,2024-01-11,2024-10-06T20:32:55.954Z,2024-01-11T18:44:55.536Z,2024-10-06T20:32:55.954Z
3692,9709893858,Bocar,Sy,Bocar Sy,M,1997-02-12,+22222289033,,9,Assaba,STANDARD,,ACTIVE,2023-03-08,2023-03-19T11:45:05.613Z,2023-03-08T03:27:26.637Z,2023-03-19T11:45:05.613Z
3693,8701508593,Mariem,Mint Habiboullah,Mariem Mint Habiboullah,F,1987-06-10,+22224778117,,1,Nouakchott-Nord,STANDARD,,ACTIVE,2023-03-09,2023-08-07T17:27:49.629Z,2023-03-09T21:22:28.317Z,2023-08-07T17:27:49.629Z
3694,0304511172,Defa,Mint Soufi,Defa Mint Soufi,F,2003-05-18,+22237276131,,4,Dakhlet Nouadhibou,ACTIVE,,ACTIVE,2022-02-20,2022-10-06T00:02:47.730Z,2022-02-20T04:58:07.589Z,2022-10-06T00:02:47.730Z
3695,9002629299,Khady,Diakité,Khady Diakité,F,1990-04-19,+22237399380,khady.diakité28@outlook.com,2,Nouakchott-Ouest,STANDARD,,ACTIVE,2022-03-26,2023-07-18T00:19:15.899Z,2022-03-26T00:03:04.347Z,2023-07-18T00:19:15.899Z
3696,7201388908,Adama,Diallo,Adama Diallo,M,1972-09-09,+22247783093,,1,Nouakchott-Nord,STANDARD,,ACTIVE,2024-04-16,2024-07-16T21:37:56.173Z,2024-04-16T19:48:06.629Z,2024-07-16T21:37:56.173Z
3697,0102016662,Habiboullah,Dramé,Habiboullah Dramé,M,2001-01-27,+22224948927,,2,Nouakchott-Ouest,OCCASIONAL,,ACTIVE,2024-01-05,2024-08-23T10:04:42.887Z,2024-01-05T12:09:34.484Z,2024-08-23T10:04:42.887Z
3698,6604308490,Daba,Touré,Daba Touré,F,1966-06-02,+22224004613,daba.touré3@hotmail.fr,4,Dakhlet Nouadhibou,OCCASIONAL,,ACTIVE,2023-02-23,2023-07-31T23:01:49.767Z,2023-02-23T15:22:51.623Z,2023-07-31T23:01:49.767Z
3699,7102949507,Cheikhna,Dramé,Cheikhna Dramé,M,1971-03-26,+22225213153,,2,Nouakchott-Ouest,STANDARD,,INACTIVE,2024-02-06,2024-11-02T15:04:30.076Z,2024-02-06T15:24:57.728Z,2024-11-02T15:04:30.076Z
3700,6204770859,Sira,Koita,Sira Koita,F,1962-03-11,+22233039993,,4,Dakhlet Nouadhibou,OCCASIONAL,,ACTIVE,2024-06-26,2024-12-11T20:50:44.076Z,2024-06-26T06:32:50.180Z,2024-12-11T20:50:44.076Z
3701,6105686664,Zein,Dieng,Zein Dieng,M,1961-01-07,+22224467966,,5,Trarza,STANDARD,,INACTIVE,2022-05-31,2022-08-30T17:55:39.062Z,2022-05-31T22:19:35.072Z,2022-08-30T17:55:39.062Z
3702,8808797344,Aissata,Mint Mohamed,Aissata Mint Mohamed,F,1988-09-08,+22232381336,,8,Guidimaka,STANDARD,,ACTIVE,2022-02-14,2023-01-31T01:52:57.703Z,2022-02-14T08:33:37.713Z,2023-01-31T01:52:57.703Z
3703,8301512460,Yacine,Kouyaté,Yacine Kouyaté,F,1983-07-15,+22248789017,,1,Nouakchott-Nord,STANDARD,,ACTIVE,2023-11-18,2024-04-06T13:15:00.078Z,2023-11-18T02:01:38.712Z,2024-04-06T13:15:00.078Z
3704,8415722009,Moctar,Ndiaye,Moctar Ndiaye,M,1984-01-07,+22248949969,,15,Tiris Zemmour,OCCASIONAL,,ACTIVE,2024-03-12,2024-04-12T10:53:50.943Z,2024-03-12T02:32:24.265Z,2024-04-12T10:53:50.943Z
3705,7901568444,Rokaya,Mint Mokhtar,Rokaya Mint Mokhtar,F,1979-05-27,+22234086588,,1,Nouakchott-Nord,ACTIVE,,ACTIVE,2024-12-02,2024-12-09T04:18:57.806Z,2024-12-02T10:37:41.710Z,2024-12-09T04:18:57.806Z
3706,6309260174,Binta,Sow,Binta Sow,F,1963-06-02,+22234977294,,9,Assaba,OCCASIONAL,,ACTIVE,2024-01-02,2024-10-02T19:22:55.170Z,2024-01-02T05:05:47.750Z,2024-10-02T19:22:55.170Z
3707,8402570028,Aminetou,Mint Hamoud,Aminetou Mint Hamoud,F,1984-10-19,+22237205885,,2,Nouakchott-Ouest,PREMIUM,,ACTIVE,2023-06-29,2024-01-26T19:32:04.016Z,2023-06-29T07:06:00.852Z,2024-01-26T19:32:04.016Z
3708,7501769432,Ely,Ould Khatri,Ely Ould Khatri,M,1975-09-06,+22236005584,ely.ouldkhatri899@hotmail.fr,1,Nouakchott-Nord,OCCASIONAL,,ACTIVE,2022-03-27,2024-11-26T17:27:20.993Z,2022-03-27T00:16:38.300Z,2024-11-26T17:27:20.993Z
3709,7303332731,Aissata,Mint Limam,Aissata Mint Limam,F,1973-02-08,+22244453096,,3,Nouakchott-Sud,STANDARD,,ACTIVE,2023-04-09,2024-04-12T13:56:31.145Z,2023-04-09T15:46:03.742Z,2024-04-12T13:56:31.145Z
3710,7001350422,Saadbouh,Ould Hamoud,Saadbouh Ould Hamoud,M,1970-09-19,+22222407055,saadbouh.ouldhamoud316@outlook.com,1,Nouakchott-Nord,STANDARD,,ACTIVE,2024-04-29,2024-12-18T12:01:00.065Z,2024-04-29T13:07:12.813Z,2024-12-18T12:01:00.065Z
3711,9806637324,Malouma,Mint Cheikh,Malouma Mint Cheikh,F,1998-02-16,+22223197461,malouma.mintcheikh670@gmail.com,6,Brakna,STANDARD,,ACTIVE,2023-08-18,2024-02-12T04:14:13.870Z,2023-08-18T21:03:02.905Z,2024-02-12T04:14:13.870Z
3712,7410589217,Modou,Bâ,Modou Bâ,M,1974-05-18,+22232915539,,10,Hodh Ech Chargui,STANDARD,,ACTIVE,2024-05-23,2024-11-11T00:04:36.188Z,2024-05-23T15:43:03.514Z,2024-11-11T00:04:36.188Z
3713,6701871460,Cheick,Baldé,Cheick Baldé,M,1967-12-25,+22222009617,cheick.baldé995@gmail.com,1,Nouakchott-Nord,STANDARD,,INACTIVE,2023-02-02,2023-10-21T23:33:08.394Z,2023-02-02T09:03:56.712Z,2023-10-21T23:33:08.394Z
3714,9904404820,Tekber,Mint Ethmane,Tekber Mint Ethmane,F,1999-10-04,+22223289632,tekber.mintethmane928@hotmail.fr,4,Dakhlet Nouadhibou,STANDARD,,ACTIVE,2022-11-27,2024-04-21T07:24:58.455Z,2022-11-27T22:04:18.614Z,2024-04-21T07:24:58.455Z
3715,7410718064,Salka,Mint Hamadi,Salka Mint Hamadi,F,1974-01-21,+22233839379,,10,Hodh Ech Chargui,ACTIVE,,ACTIVE,2023-02-06,2024-08-01T03:40:44.349Z,2023-02-06T08:18:46.382Z,2024-08-01T03:40:44.349Z
3716,6201077968,Khady,Mbow,Khady Mbow,F,1962-10-02,+22223282268,,1,Nouakchott-Nord,STANDARD,,ACTIVE,2023-06-24,2023-09-30T01:13:25.190Z,2023-06-24T23:50:16.029Z,2023-09-30T01:13:25.190Z
3717,6411149589,Defa,Mint El Mamy,Defa Mint El Mamy,F,1964-07-24,+22223344853,,11,Hodh El Gharbi,STANDARD,,ACTIVE,2023-12-03,2024-12-12T12:40:44.302Z,2023-12-03T13:26:42.634Z,2024-12-12T12:40:44.302Z
3718,6611190149,Aminetou,Mint Limam,Aminetou Mint Limam,F,1966-05-14,+22235937669,aminetou.mintlimam141@hotmail.fr,11,Hodh El Gharbi,STANDARD,,ACTIVE,2022-04-14,2024-03-07T23:12:39.039Z,2022-04-14T17:18:38.450Z,2024-03-07T23:12:39.039Z
3719,7602734379,Pape,Ly,Pape Ly,M,1976-05-18,+22236050805,,2,Nouakchott-Ouest,ACTIVE,,ACTIVE,2022-02-01,2023-03-26T18:43:13.659Z,2022-02-01T17:34:22.474Z,2023-03-26T18:43:13.659Z
3720,8601295832,Kéba,Anne,Kéba Anne,M,1986-07-23,+22235446434,,1,Nouakchott-Nord,ACTIVE,,ACTIVE,2022-06-22,2024-03-13T23:00:12.217Z,2022-06-22T03:30:13.193Z,2024-03-13T23:00:12.217Z
3721,8201953480,Hamoud,Barry,Hamoud Barry,M,1982-01-04,+22233184413,,1,Nouakchott-Nord,STANDARD,,ACTIVE,2023-06-10,2024-06-06T08:56:30.779Z,2023-06-10T17:27:06.746Z,2024-06-06T08:56:30.779Z
3722,7003390866,Adja,Fall,Adja Fall,F,1970-08-15,+22225061599,,3,Nouakchott-Sud,OCCASIONAL,,INACTIVE,2023-08-17,2024-03-21T14:59:53.883Z,2023-08-17T00:36:31.034Z,2024-03-21T14:59:53.883Z
3723,8714206491,Ndèye,Sow,Ndèye Sow,F,1987-08-15,+22237483945,,14,Inchiri,STANDARD,,ACTIVE,2022-09-28,2023-11-30T00:16:41.762Z,2022-09-28T02:56:34.251Z,2023-11-30T00:16:41.762Z
3724,6815112048,Mohamed Lemine,Dramé,Mohamed Lemine Dramé,M,1968-10-08,+22235279777,,15,Tiris Zemmour,STANDARD,,ACTIVE,2022-11-04,2023-09-26T10:28:35.313Z,2022-11-04T09:05:11.485Z,2023-09-26T10:28:35.313Z
3725,7603086932,Souleymane,Dramé,Souleymane Dramé,M,1976-08-15,+22225342770,,3,Nouakchott-Sud,OCCASIONAL,,ACTIVE,2024-02-03,2024-10-14T23:49:51.339Z,2024-02-03T09:55:55.183Z,2024-10-14T23:49:51.339Z
3726,8908199284,Abeih,Sow,Abeih Sow,M,1989-01-28,+22223749343,abeih.sow908@gmail.com,8,Guidimaka,STANDARD,,ACTIVE,2022-04-13,2023-03-22T12:20:50.997Z,2022-04-13T14:08:11.755Z,2023-03-22T12:20:50.997Z
3727,9401085018,Houda,Mint Eleya,Houda Mint Eleya,F,1994-09-28,+22235007724,houda.minteleya723@hotmail.fr,1,Nouakchott-Nord,OCCASIONAL,,ACTIVE,2022-08-11,2024-07-20T19:44:38.871Z,2022-08-11T15:22:54.748Z,2024-07-20T19:44:38.871Z
3728,8305803232,Habiboullah,Ould El Mamy,Habiboullah Ould El Mamy,M,1983-08-09,+22237792406,,5,Trarza,VIP,,ACTIVE,2023-07-20,2023-08-10T17:27:04.600Z,2023-07-20T15:43:53.136Z,2023-08-10T17:27:04.600Z
3729,8302445534,N'Dèye,Bathily,N'Dèye Bathily,F,1983-08-01,+22236272549,,2,Nouakchott-Ouest,STANDARD,,ACTIVE,2022-05-30,2022-12-11T14:15:41.921Z,2022-05-30T23:29:45.228Z,2022-12-11T14:15:41.921Z
3730,7206988493,Aicha,Mint El Mamy,Aicha Mint El Mamy,F,1972-02-28,+22234070254,,6,Brakna,OCCASIONAL,,PENDING_KYC,2023-08-07,2024-12-14T09:20:59.437Z,2023-08-07T04:05:58.191Z,2024-12-14T09:20:59.437Z
3731,9001773029,El Khalil,Ould Taleb,El Khalil Ould Taleb,M,1990-05-21,+22237237828,,1,Nouakchott-Nord,VIP,,ACTIVE,2022-11-02,2024-10-08T07:34:10.909Z,2022-11-02T15:06:07.324Z,2024-10-08T07:34:10.909Z
3732,6902682564,Lemrabott,Ould Abeih,Lemrabott Ould Abeih,M,1969-02-20,+22234274450,lemrabott.ouldabeih320@outlook.com,2,Nouakchott-Ouest,OCCASIONAL,,ACTIVE,2024-08-23,2024-11-19T22:58:48.231Z,2024-08-23T20:25:51.063Z,2024-11-19T22:58:48.231Z
3733,9901133084,Tamba,Koita,Tamba Koita,M,1999-10-21,+22224136358,tamba.koita730@outlook.com,1,Nouakchott-Nord,VIP,,ACTIVE,2023-03-09,2023-11-17T15:40:08.047Z,2023-03-09T10:10:09.186Z,2023-11-17T15:40:08.047Z
3734,6602810766,Taleb,Ndour,Taleb Ndour,M,1966-07-04,+22249802968,,2,Nouakchott-Ouest,STANDARD,,ACTIVE,2024-07-22,2024-12-30T10:08:48.284Z,2024-07-22T08:47:19.024Z,2024-12-30T10:08:48.284Z
3735,6206490513,Alpha,Wade,Alpha Wade,M,1962-11-23,+22236033741,alpha.wade41@outlook.com,6,Brakna,DORMANT,,ACTIVE,2023-01-08,2023-09-05T03:18:55.343Z,2023-01-08T23:16:08.816Z,2023-09-05T03:18:55.343Z
3736,9608868173,Cheikh,Barry,Cheikh Barry,M,1996-01-27,+22223152872,,8,Guidimaka,OCCASIONAL,,ACTIVE,2023-10-13,2023-11-14T18:04:35.628Z,2023-10-13T11:36:05.895Z,2023-11-14T18:04:35.628Z
3737,8007931750,Aichetou,Ndiaye,Aichetou Ndiaye,F,1980-08-13,+22225784410,aichetou.ndiaye495@gmail.com,7,Gorgol,STANDARD,,ACTIVE,2022-12-27,2024-02-27T11:30:10.716Z,2022-12-27T20:18:41.684Z,2024-02-27T11:30:10.716Z
3738,0002572376,El Khalil,Ould Ahmedou,El Khalil Ould Ahmedou,M,2000-11-20,+22232164400,,2,Nouakchott-Ouest,DORMANT,,BLOCKED,2023-07-04,2024-06-02T12:52:40.239Z,2023-07-04T12:19:59.358Z,2024-06-02T12:52:40.239Z
3739,9703290101,Mahfoudh,Ould Abeih,Mahfoudh Ould Abeih,M,1997-05-03,+22235203297,,3,Nouakchott-Sud,OCCASIONAL,,ACTIVE,2023-01-17,2023-09-10T09:11:37.507Z,2023-01-17T19:52:18.078Z,2023-09-10T09:11:37.507Z
3740,9004403460,Youssouf,Ould Wedadi,Youssouf Ould Wedadi,M,1990-06-19,+22235349849,youssouf.ouldwedadi992@hotmail.fr,4,Dakhlet Nouadhibou,DORMANT,,ACTIVE,2024-06-01,2024-11-03T14:14:46.306Z,2024-06-01T22:58:19.904Z,2024-11-03T14:14:46.306Z
3741,8008794040,Mohamed Mahmoud,Bah,Mohamed Mahmoud Bah,M,1980-12-03,+22249823884,,8,Guidimaka,PREMIUM,,ACTIVE,2022-12-28,2024-06-15T02:38:50.621Z,2022-12-28T13:14:06.263Z,2024-06-15T02:38:50.621Z
3742,0102565942,Zeinab,Mint Mohamed,Zeinab Mint Mohamed,F,2001-01-16,+22249799535,zeinab.mintmohamed234@hotmail.fr,2,Nouakchott-Ouest,OCCASIONAL,,ACTIVE,2022-08-16,2024-04-27T07:54:40.692Z,2022-08-16T20:56:37.460Z,2024-04-27T07:54:40.692Z
3743,0008091806,Dah,Ould Ahmedou,Dah Ould Ahmedou,M,2000-06-16,+22224725999,,8,Guidimaka,STANDARD,,ACTIVE,2022-06-17,2022-09-20T00:57:54.099Z,2022-06-17T19:22:29.962Z,2022-09-20T00:57:54.099Z
3744,7102438397,Adama,Mbaye,Adama Mbaye,M,1971-09-11,+22232991971,adama.mbaye122@outlook.com,2,Nouakchott-Ouest,PREMIUM,,SUSPENDED,2023-04-26,2024-04-12T23:00:49.436Z,2023-04-26T19:31:25.156Z,2024-04-12T23:00:49.436Z
3745,8003499687,El Khalil,Ould Lemrabott,El Khalil Ould Lemrabott,M,1980-04-02,+22224782783,,3,Nouakchott-Sud,STANDARD,,ACTIVE,2022-02-07,2022-09-09T23:03:13.938Z,2022-02-07T04:46:20.222Z,2022-09-09T23:03:13.938Z
3746,0015638137,Malouma,Cissé,Malouma Cissé,F,2000-03-17,+22234989467,malouma.cissé530@gmail.com,15,Tiris Zemmour,ACTIVE,,ACTIVE,2022-02-21,2023-12-12T17:37:01.202Z,2022-02-21T20:37:32.082Z,2023-12-12T17:37:01.202Z
3747,9801018333,Kelthoum,Mint Wedadi,Kelthoum Mint Wedadi,F,1998-11-24,+22222271483,,1,Nouakchott-Nord,STANDARD,,ACTIVE,2023-01-20,2023-10-03T14:27:26.076Z,2023-01-20T02:20:08.758Z,2023-10-03T14:27:26.076Z
3748,8001938706,Safiya,Sy,Safiya Sy,F,1980-11-20,+22224541047,,1,Nouakchott-Nord,ACTIVE,,ACTIVE,2024-05-28,2024-10-14T10:52:20.886Z,2024-05-28T18:44:59.118Z,2024-10-14T10:52:20.886Z
3749,7802832268,Aziza,Mint Soufi,Aziza Mint Soufi,F,1978-01-01,+22248687565,,2,Nouakchott-Ouest,OCCASIONAL,,ACTIVE,2024-07-06,2024-11-11T00:15:19.444Z,2024-07-06T17:19:49.105Z,2024-11-11T00:15:19.444Z
3750,7101155257,Abdel Rahman,Dramé,Abdel Rahman Dramé,M,1971-07-24,+22243891195,,1,Nouakchott-Nord,PREMIUM,,ACTIVE,2022-09-22,2023-04-12T16:33:27.137Z,2022-09-22T04:30:52.786Z,2023-04-12T16:33:27.137Z
3751,7815908389,Mahjouba,Mint Maloum,Mahjouba Mint Maloum,F,1978-03-06,+22232278626,mahjouba.mintmaloum745@gmail.com,15,Tiris Zemmour,DORMANT,,ACTIVE,2023-03-29,2024-01-03T18:26:36.840Z,2023-03-29T03:40:48.360Z,2024-01-03T18:26:36.840Z
3752,9005974521,Limam,Ould El Mokhtar,Limam Ould El Mokhtar,M,1990-01-03,+22241973816,,5,Trarza,OCCASIONAL,,ACTIVE,2024-03-22,2024-10-23T06:38:19.119Z,2024-03-22T00:23:46.713Z,2024-10-23T06:38:19.119Z
3753,9802163470,Moussa,Diallo,Moussa Diallo,M,1998-09-01,+22225993106,moussa.diallo385@yahoo.fr,2,Nouakchott-Ouest,OCCASIONAL,,ACTIVE,2023-10-02,2024-03-30T10:12:53.197Z,2023-10-02T16:49:50.149Z,2024-03-30T10:12:53.197Z
3754,7409167587,Amadou,Sy,Amadou Sy,M,1974-02-19,+22241381694,,9,Assaba,PREMIUM,,ACTIVE,2022-03-14,2023-09-16T03:06:54.690Z,2022-03-14T08:35:28.034Z,2023-09-16T03:06:54.690Z
3755,7709829002,Aminetou,Mint El Mamy,Aminetou Mint El Mamy,F,1977-09-07,+22236869566,,9,Assaba,ACTIVE,,ACTIVE,2023-11-11,2024-02-14T09:23:51.187Z,2023-11-11T09:18:15.656Z,2024-02-14T09:23:51.187Z
3756,9501390344,Nana,Thiam,Nana Thiam,F,1995-04-25,+22223001785,,1,Nouakchott-Nord,STANDARD,,ACTIVE,2024-05-16,2024-08-06T16:40:04.906Z,2024-05-16T10:31:13.675Z,2024-08-06T16:40:04.906Z
3757,8815907716,Halima,Niang,Halima Niang,F,1988-09-25,+22247854602,halima.niang460@outlook.com,15,Tiris Zemmour,STANDARD,,SUSPENDED,2022-02-27,2023-04-27T09:25:55.380Z,2022-02-27T05:07:42.160Z,2023-04-27T09:25:55.380Z
3758,6901046781,Hapsatou,Sarr,Hapsatou Sarr,F,1969-01-10,+22236497001,hapsatou.sarr802@yahoo.fr,1,Nouakchott-Nord,ACTIVE,,ACTIVE,2023-03-31,2024-11-29T10:22:38.003Z,2023-03-31T01:32:34.873Z,2024-11-29T10:22:38.003Z
3759,8011999298,Souleymane,Bathily,Souleymane Bathily,M,1980-02-07,+22243719234,souleymane.bathily754@yahoo.fr,11,Hodh El Gharbi,STANDARD,,ACTIVE,2022-01-29,2023-10-04T01:37:00.102Z,2022-01-29T01:13:49.853Z,2023-10-04T01:37:00.102Z
3760,8801837702,Mariem,Mint El Mokhtar,Mariem Mint El Mokhtar,F,1988-10-01,+22244595600,mariem.mintelmokhtar154@gmail.com,1,Nouakchott-Nord,OCCASIONAL,,ACTIVE,2023-09-13,2024-09-02T06:27:26.461Z,2023-09-13T21:48:59.739Z,2024-09-02T06:27:26.461Z
3761,8402306092,Aicha,Gaye,Aicha Gaye,F,1984-02-19,+22224945917,,2,Nouakchott-Ouest,DORMANT,,SUSPENDED,2023-09-04,2024-09-30T16:26:16.844Z,2023-09-04T14:49:46.222Z,2024-09-30T16:26:16.844Z
3762,8615244257,Oumou,Guèye,Oumou Guèye,F,1986-05-07,+22232983340,,15,Tiris Zemmour,OCCASIONAL,,ACTIVE,2023-03-19,2024-01-05T07:06:10.322Z,2023-03-19T10:38:34.530Z,2024-01-05T07:06:10.322Z
3763,6202392521,Sidina,Ould Khalil,Sidina Ould Khalil,M,1962-11-20,+22222222731,sidina.ouldkhalil579@gmail.com,2,Nouakchott-Ouest,ACTIVE,,ACTIVE,2022-01-06,2022-06-01T21:25:57.513Z,2022-01-06T22:26:35.036Z,2022-06-01T21:25:57.513Z
3764,0506704046,Sidi,Kane,Sidi Kane,M,2005-10-04,+22225890961,,6,Brakna,PREMIUM,,ACTIVE,2024-09-11,2024-12-17T07:51:31.562Z,2024-09-11T23:38:36.750Z,2024-12-17T07:51:31.562Z
3765,6105863919,Abdellahi,Ould Hadrami,Abdellahi Ould Hadrami,M,1961-05-02,+22246039731,,5,Trarza,STANDARD,,SUSPENDED,2023-11-21,2024-03-16T16:33:54.885Z,2023-11-21T18:41:44.261Z,2024-03-16T16:33:54.885Z
3766,9803723754,Yacoub,Ould Brahim,Yacoub Ould Brahim,M,1998-02-13,+22241862135,,3,Nouakchott-Sud,PREMIUM,,ACTIVE,2024-10-24,2024-12-25T02:26:42.312Z,2024-10-24T20:58:26.000Z,2024-12-25T02:26:42.312Z
3767,6801468531,Daouda,Bah,Daouda Bah,M,1968-12-08,+22223416331,,1,Nouakchott-Nord,STANDARD,,ACTIVE,2022-11-24,2024-02-26T12:37:38.641Z,2022-11-24T18:22:02.059Z,2024-02-26T12:37:38.641Z
3768,8001930135,Dah,Ould Habiboullah,Dah Ould Habiboullah,M,1980-11-14,+22237117505,,1,Nouakchott-Nord,STANDARD,,ACTIVE,2023-05-17,2024-09-04T00:42:31.647Z,2023-05-17T07:49:39.148Z,2024-09-04T00:42:31.647Z
3769,7102054470,Mohamed Lemine,Fofana,Mohamed Lemine Fofana,M,1971-07-02,+22222629495,mohamedlemine.fofana58@hotmail.fr,2,Nouakchott-Ouest,OCCASIONAL,,ACTIVE,2023-03-22,2023-10-23T07:00:06.634Z,2023-03-22T01:49:01.294Z,2023-10-23T07:00:06.634Z
3770,9311319164,Habiba,Mint Zein,Habiba Mint Zein,F,1993-12-27,+22225237905,habiba.mintzein439@yahoo.fr,11,Hodh El Gharbi,OCCASIONAL,,ACTIVE,2022-02-01,2024-06-18T13:36:08.791Z,2022-02-01T04:37:41.148Z,2024-06-18T13:36:08.791Z
3771,7107411168,Ténin,Soumaré,Ténin Soumaré,F,1971-05-27,+22232301101,,7,Gorgol,PREMIUM,,ACTIVE,2024-04-01,2024-07-08T19:48:18.773Z,2024-04-01T08:44:28.416Z,2024-07-08T19:48:18.773Z
3772,9301249536,Mahjouba,Mint Hadrami,Mahjouba Mint Hadrami,F,1993-02-15,+22234324092,mahjouba.minthadrami850@outlook.com,1,Nouakchott-Nord,STANDARD,,ACTIVE,2022-07-20,2023-06-11T06:00:05.204Z,2022-07-20T03:51:02.608Z,2023-06-11T06:00:05.204Z
3773,6608311285,Rokaya,Mint Nagi,Rokaya Mint Nagi,F,1966-09-16,+22225317261,,8,Guidimaka,STANDARD,,INACTIVE,2022-12-22,2023-08-26T16:50:58.100Z,2022-12-22T04:17:29.679Z,2023-08-26T16:50:58.100Z
3774,9701828331,Nagi,Bah,Nagi Bah,M,1997-12-13,+22245391603,nagi.bah497@hotmail.fr,1,Nouakchott-Nord,STANDARD,,ACTIVE,2022-07-28,2022-10-26T21:58:17.415Z,2022-07-28T23:48:31.389Z,2022-10-26T21:58:17.415Z
3775,9202255667,Hawa,Mint Dah,Hawa Mint Dah,F,1992-10-04,+22244679912,hawa.mintdah588@hotmail.fr,2,Nouakchott-Ouest,STANDARD,,ACTIVE,2024-10-12,2024-12-02T14:17:44.450Z,2024-10-12T11:21:15.876Z,2024-12-02T14:17:44.450Z
3776,9303467002,Kadiatou,Anne,Kadiatou Anne,F,1993-05-13,+22232522475,,3,Nouakchott-Sud,OCCASIONAL,,ACTIVE,2024-02-26,2024-04-12T14:43:16.530Z,2024-02-26T13:09:53.423Z,2024-04-12T14:43:16.530Z
3777,7204280036,Ibrahima,Bathily,Ibrahima Bathily,M,1972-07-09,+22249348322,ibrahima.bathily513@yahoo.fr,4,Dakhlet Nouadhibou,STANDARD,,ACTIVE,2024-09-23,2024-11-23T16:31:08.195Z,2024-09-23T04:27:24.262Z,2024-11-23T16:31:08.195Z
3778,9907684137,Ghalia,Mint Habiboullah,Ghalia Mint Habiboullah,F,1999-05-25,+22233915397,,7,Gorgol,ACTIVE,,ACTIVE,2024-10-02,2024-11-01T17:43:36.261Z,2024-10-02T09:13:41.306Z,2024-11-01T17:43:36.261Z
3779,6203187210,Sidi Mohamed,Ould Jiddou,Sidi Mohamed Ould Jiddou,M,1962-01-07,+22236642524,sidimohamed.ouldjiddou373@outlook.com,3,Nouakchott-Sud,STANDARD,,INACTIVE,2023-11-30,2024-10-08T21:23:37.706Z,2023-11-30T12:16:41.383Z,2024-10-08T21:23:37.706Z
3780,6303391971,Khalil,Ould Lemrabott,Khalil Ould Lemrabott,M,1963-01-19,+22236169739,,3,Nouakchott-Sud,STANDARD,,PENDING_KYC,2023-01-09,2023-09-06T11:41:52.939Z,2023-01-09T21:41:29.373Z,2023-09-06T11:41:52.939Z
3781,7102055673,Minetou,Mint Horma,Minetou Mint Horma,F,1971-05-13,+22223523176,,2,Nouakchott-Ouest,STANDARD,,ACTIVE,2023-07-31,2024-04-10T19:55:39.323Z,2023-07-31T09:17:12.607Z,2024-04-10T19:55:39.323Z
3782,6501465074,Kani,Dia,Kani Dia,F,1965-11-24,+22222951450,,1,Nouakchott-Nord,STANDARD,,ACTIVE,2022-07-12,2022-11-22T05:05:52.879Z,2022-07-12T04:56:57.109Z,2022-11-22T05:05:52.879Z
3783,8715721753,Malouma,Mint Hamoud,Malouma Mint Hamoud,F,1987-04-20,+22225007740,,15,Tiris Zemmour,ACTIVE,,INACTIVE,2023-01-14,2023-12-06T06:01:27.755Z,2023-01-14T00:20:46.853Z,2023-12-06T06:01:27.755Z
3784,6802364098,Cheikh,Ould El Mamy,Cheikh Ould El Mamy,M,1968-07-04,+22243368984,,2,Nouakchott-Ouest,VIP,,ACTIVE,2024-03-27,2024-09-22T18:10:08.067Z,2024-03-27T20:41:36.215Z,2024-09-22T18:10:08.067Z
3785,6803313767,Naima,Cissé,Naima Cissé,F,1968-10-09,+22224273785,,3,Nouakchott-Sud,ACTIVE,,ACTIVE,2023-08-03,2024-03-29T04:35:08.710Z,2023-08-03T11:16:06.178Z,2024-03-29T04:35:08.710Z
3786,7503835472,Aissata,Mint Dah,Aissata Mint Dah,F,1975-04-11,+22237796835,,3,Nouakchott-Sud,OCCASIONAL,,ACTIVE,2022-08-10,2024-10-20T02:47:56.448Z,2022-08-10T12:55:13.833Z,2024-10-20T02:47:56.448Z
3787,7701785285,Salem,Ould El Ghassem,Salem Ould El Ghassem,M,1977-09-20,+22232635724,salem.ouldelghassem849@hotmail.fr,1,Nouakchott-Nord,STANDARD,,ACTIVE,2022-10-09,2024-03-13T21:53:54.651Z,2022-10-09T19:34:59.608Z,2024-03-13T21:53:54.651Z
3788,6911587524,Oumou,Dieng,Oumou Dieng,F,1969-05-06,+22234545313,,11,Hodh El Gharbi,STANDARD,,ACTIVE,2023-11-13,2023-12-30T19:07:34.877Z,2023-11-13T09:45:01.005Z,2023-12-30T19:07:34.877Z
3789,8503725707,Bintou,Fofana,Bintou Fofana,F,1985-02-24,+22222287435,,3,Nouakchott-Sud,ACTIVE,,ACTIVE,2024-11-25,2024-12-07T14:46:03.346Z,2024-11-25T15:34:55.904Z,2024-12-07T14:46:03.346Z
3790,9506966214,Maguette,Koné,Maguette Koné,F,1995-03-04,+22225634291,,6,Brakna,STANDARD,,ACTIVE,2023-02-18,2024-12-06T06:59:54.213Z,2023-02-18T05:17:48.897Z,2024-12-06T06:59:54.213Z
3791,0404527945,Rokaya,Mint Brahim,Rokaya Mint Brahim,F,2004-02-01,+22236063427,rokaya.mintbrahim120@yahoo.fr,4,Dakhlet Nouadhibou,STANDARD,,ACTIVE,2022-06-03,2024-12-03T05:49:20.013Z,2022-06-03T08:21:22.758Z,2024-12-03T05:49:20.013Z
3792,0215376431,Sidi Ahmed,Diallo,Sidi Ahmed Diallo,M,2002-06-10,+22237012115,,15,Tiris Zemmour,ACTIVE,,ACTIVE,2022-01-13,2022-08-31T02:35:53.552Z,2022-01-13T21:13:09.950Z,2022-08-31T02:35:53.552Z
3793,0201516140,Ely,Ould Bouha,Ely Ould Bouha,M,2002-02-21,+22225088002,,1,Nouakchott-Nord,OCCASIONAL,,ACTIVE,2022-07-02,2023-11-19T20:05:01.202Z,2022-07-02T14:58:53.049Z,2023-11-19T20:05:01.202Z
3794,7202852095,Serigne,Diallo,Serigne Diallo,M,1972-07-12,+22237468140,,2,Nouakchott-Ouest,ACTIVE,,ACTIVE,2024-04-15,2024-09-15T10:31:19.909Z,2024-04-15T03:49:14.847Z,2024-09-15T10:31:19.909Z
3795,0302201783,Habiba,Mint Abdallah,Habiba Mint Abdallah,F,2003-10-19,+22223541948,,2,Nouakchott-Ouest,OCCASIONAL,,SUSPENDED,2022-07-08,2023-09-09T06:30:06.896Z,2022-07-08T07:29:49.821Z,2023-09-09T06:30:06.896Z
3796,7214326566,Aminata,Diop,Aminata Diop,F,1972-02-14,+22241648523,,14,Inchiri,DORMANT,,ACTIVE,2024-02-04,2024-05-04T07:12:01.651Z,2024-02-04T07:09:44.402Z,2024-05-04T07:12:01.651Z
3797,6704146569,Fatou,Touré,Fatou Touré,F,1967-07-17,+22246122123,fatou.touré410@hotmail.fr,4,Dakhlet Nouadhibou,PREMIUM,,ACTIVE,2022-11-30,2023-03-28T07:13:51.740Z,2022-11-30T03:51:55.770Z,2023-03-28T07:13:51.740Z
3798,9410380038,Soueidatt,Sissoko,Soueidatt Sissoko,M,1994-02-14,+22235029265,,10,Hodh Ech Chargui,OCCASIONAL,,ACTIVE,2024-04-03,2024-10-27T22:45:30.600Z,2024-04-03T06:16:16.625Z,2024-10-27T22:45:30.600Z
3799,7311844446,El Hacen,Ould Bouha,El Hacen Ould Bouha,M,1973-02-24,+22232208637,elhacen.ouldbouha875@outlook.com,11,Hodh El Gharbi,OCCASIONAL,,ACTIVE,2024-10-23,2024-11-06T01:11:44.043Z,2024-10-23T21:04:55.637Z,2024-11-06T01:11:44.043Z
3800,7405255930,Mariem,Fofana,Mariem Fofana,F,1974-08-22,+22232912402,,5,Trarza,STANDARD,,ACTIVE,2024-04-08,2024-10-10T05:03:06.128Z,2024-04-08T15:21:46.643Z,2024-10-10T05:03:06.128Z
3801,0002243898,Mor,Baldé,Mor Baldé,M,2000-04-08,+22234266393,,2,Nouakchott-Ouest,STANDARD,,ACTIVE,2022-06-09,2022-08-12T12:04:56.831Z,2022-06-09T22:02:34.817Z,2022-08-12T12:04:56.831Z
3802,9303465291,Mouna,Mint Taleb,Mouna Mint Taleb,F,1993-10-04,+22225845623,,3,Nouakchott-Sud,ACTIVE,,ACTIVE,2023-03-22,2023-06-07T06:09:12.799Z,2023-03-22T11:40:02.625Z,2023-06-07T06:09:12.799Z
3803,8004053505,Wedadi,Ould Abdallah,Wedadi Ould Abdallah,M,1980-09-11,+22245019919,,4,Dakhlet Nouadhibou,PREMIUM,,ACTIVE,2022-03-13,2022-08-23T23:25:19.769Z,2022-03-13T14:43:51.286Z,2022-08-23T23:25:19.769Z
3804,6002372617,Boubacar,Koné,Boubacar Koné,M,1960-01-17,+22223365225,boubacar.koné250@outlook.com,2,Nouakchott-Ouest,STANDARD,,SUSPENDED,2024-05-09,2024-11-20T04:36:33.073Z,2024-05-09T10:51:49.247Z,2024-11-20T04:36:33.073Z
3805,6005300510,Mokhtar,Sy,Mokhtar Sy,M,1960-09-03,+22235824550,,5,Trarza,STANDARD,,PENDING_KYC,2022-11-01,2023-04-18T21:37:22.487Z,2022-11-01T22:00:05.529Z,2023-04-18T21:37:22.487Z
3806,9904103758,Salem,Ould Khatri,Salem Ould Khatri,M,1999-10-03,+22223235600,,4,Dakhlet Nouadhibou,STANDARD,,ACTIVE,2024-06-01,2024-10-19T12:13:14.340Z,2024-06-01T15:45:16.450Z,2024-10-19T12:13:14.340Z
3807,7308497570,Houda,Mint Limam,Houda Mint Limam,F,1973-09-04,+22235184353,,8,Guidimaka,STANDARD,,BLOCKED,2023-11-21,2023-12-07T09:37:21.811Z,2023-11-21T21:15:18.512Z,2023-12-07T09:37:21.811Z
3808,8002394602,Vatma,Mint Limam,Vatma Mint Limam,F,1980-06-21,+22223291712,vatma.mintlimam583@outlook.com,2,Nouakchott-Ouest,STANDARD,,ACTIVE,2023-02-21,2023-09-21T23:04:05.007Z,2023-02-21T15:43:39.645Z,2023-09-21T23:04:05.007Z
3809,6101222565,Defa,Mint Salem,Defa Mint Salem,F,1961-03-28,+22222232695,,1,Nouakchott-Nord,OCCASIONAL,,ACTIVE,2024-11-04,2024-12-21T08:56:19.772Z,2024-11-04T01:17:07.081Z,2024-12-21T08:56:19.772Z
3810,6905518374,Hacen,Ould Mohamed,Hacen Ould Mohamed,M,1969-11-16,+22222421798,,5,Trarza,STANDARD,,ACTIVE,2022-08-31,2024-10-05T04:28:34.820Z,2022-08-31T15:01:22.448Z,2024-10-05T04:28:34.820Z
3811,0209181966,Aïda,Niang,Aïda Niang,F,2002-02-27,+22224071907,,9,Assaba,STANDARD,,ACTIVE,2023-01-05,2024-11-12T00:10:17.454Z,2023-01-05T20:06:57.217Z,2024-11-12T00:10:17.454Z
3812,7806566952,Hamadi,Ould Nagi,Hamadi Ould Nagi,M,1978-06-15,+22241973244,hamadi.ouldnagi858@gmail.com,6,Brakna,STANDARD,,ACTIVE,2023-09-18,2024-04-25T14:00:14.405Z,2023-09-18T22:15:50.867Z,2024-04-25T14:00:14.405Z
3813,9602016329,Moustapha,Ould Zein,Moustapha Ould Zein,M,1996-02-12,+22225643212,,2,Nouakchott-Ouest,ACTIVE,,ACTIVE,2024-12-26,2024-12-28T15:04:54.549Z,2024-12-26T06:51:46.484Z,2024-12-28T15:04:54.549Z
3814,7004783391,Sidi Mohamed,Ould Hamadi,Sidi Mohamed Ould Hamadi,M,1970-03-17,+22222037190,,4,Dakhlet Nouadhibou,STANDARD,,ACTIVE,2022-10-22,2023-05-27T00:31:24.453Z,2022-10-22T15:32:33.274Z,2023-05-27T00:31:24.453Z
3815,8003489855,Safiya,Mint Maloum,Safiya Mint Maloum,F,1980-02-15,+22242614984,safiya.mintmaloum956@outlook.com,3,Nouakchott-Sud,OCCASIONAL,,ACTIVE,2024-08-02,2024-10-23T12:41:24.870Z,2024-08-02T15:21:42.038Z,2024-10-23T12:41:24.870Z
3816,6201433638,Mahmoud,Ould Khalil,Mahmoud Ould Khalil,M,1962-10-27,+22247492597,mahmoud.ouldkhalil464@outlook.com,1,Nouakchott-Nord,ACTIVE,,ACTIVE,2023-07-03,2024-02-28T20:04:05.766Z,2023-07-03T22:18:04.513Z,2024-02-28T20:04:05.766Z
3817,0201440214,Namory,Barry,Namory Barry,M,2002-05-08,+22237915717,,1,Nouakchott-Nord,OCCASIONAL,,ACTIVE,2024-07-23,2024-10-05T13:34:20.507Z,2024-07-23T12:07:43.461Z,2024-10-05T13:34:20.507Z
3818,8201217551,Amadou,Sall,Amadou Sall,M,1982-10-15,+22233911456,amadou.sall119@gmail.com,1,Nouakchott-Nord,DORMANT,,ACTIVE,2022-04-13,2023-08-03T00:01:47.364Z,2022-04-13T03:09:45.092Z,2023-08-03T00:01:47.364Z
3819,6901577779,Mounina,Mint Abeih,Mounina Mint Abeih,F,1969-06-26,+22223356834,mounina.mintabeih132@gmail.com,1,Nouakchott-Nord,DORMANT,,ACTIVE,2024-06-06,2024-10-03T15:34:02.797Z,2024-06-06T05:08:32.880Z,2024-10-03T15:34:02.797Z
3820,9215586286,Mouna,Fall,Mouna Fall,F,1992-08-09,+22236198482,,15,Tiris Zemmour,STANDARD,,ACTIVE,2024-10-30,2024-11-17T10:46:31.277Z,2024-10-30T13:58:47.803Z,2024-11-17T10:46:31.277Z
3821,8904418992,Mohamed Lemine,Touré,Mohamed Lemine Touré,M,1989-06-22,+22244356226,,4,Dakhlet Nouadhibou,STANDARD,,ACTIVE,2024-01-30,2024-08-10T06:55:18.309Z,2024-01-30T15:20:24.848Z,2024-08-10T06:55:18.309Z
3822,7703655935,Ahmed Salem,Sy,Ahmed Salem Sy,M,1977-02-10,+22234935319,,3,Nouakchott-Sud,STANDARD,,ACTIVE,2023-04-03,2024-05-16T16:25:02.667Z,2023-04-03T21:12:56.171Z,2024-05-16T16:25:02.667Z
3823,8403742334,Horma,Fall,Horma Fall,M,1984-06-12,+22249985346,,3,Nouakchott-Sud,STANDARD,,PENDING_KYC,2023-12-18,2024-01-07T03:57:25.315Z,2023-12-18T18:55:00.623Z,2024-01-07T03:57:25.315Z
3824,9201875956,Massamba,Sène,Massamba Sène,M,1992-05-02,+22224449106,,1,Nouakchott-Nord,PREMIUM,,ACTIVE,2024-12-19,2024-12-24T13:51:46.643Z,2024-12-19T10:07:19.198Z,2024-12-24T13:51:46.643Z
3825,7303639236,Sory,Sall,Sory Sall,M,1973-06-24,+22237002603,,3,Nouakchott-Sud,ACTIVE,,ACTIVE,2022-02-27,2024-08-10T00:17:58.910Z,2022-02-27T16:05:10.318Z,2024-08-10T00:17:58.910Z
3826,7004169502,Hawa,Mint Taleb,Hawa Mint Taleb,F,1970-11-15,+22232801292,,4,Dakhlet Nouadhibou,OCCASIONAL,,ACTIVE,2022-10-20,2024-08-16T15:42:12.110Z,2022-10-20T10:49:58.359Z,2024-08-16T15:42:12.110Z
3827,6912639040,Mariama,Barry,Mariama Barry,F,1969-09-25,+22224312295,,12,Adrar,ACTIVE,,ACTIVE,2022-05-04,2023-04-29T15:55:43.047Z,2022-05-04T20:48:43.653Z,2023-04-29T15:55:43.047Z
3828,9902399988,Malouma,Mint El Mokhtar,Malouma Mint El Mokhtar,F,1999-10-28,+22234054505,,2,Nouakchott-Ouest,ACTIVE,,ACTIVE,2023-06-07,2024-10-16T13:22:06.748Z,2023-06-07T00:01:54.440Z,2024-10-16T13:22:06.748Z
3829,6904903775,Youssouf,Ould Jiddou,Youssouf Ould Jiddou,M,1969-07-28,+22223878830,,4,Dakhlet Nouadhibou,ACTIVE,,ACTIVE,2023-08-26,2023-12-12T21:13:23.219Z,2023-08-26T21:34:02.291Z,2023-12-12T21:13:23.219Z
3830,6706758425,Naha,Mint Habiboullah,Naha Mint Habiboullah,F,1967-03-02,+22234096681,,6,Brakna,ACTIVE,,ACTIVE,2023-03-23,2024-09-02T19:07:26.422Z,2023-03-23T22:11:58.880Z,2024-09-02T19:07:26.422Z
3831,6403470756,Seynabou,Kouyaté,Seynabou Kouyaté,F,1964-02-18,+22232881629,,3,Nouakchott-Sud,STANDARD,,ACTIVE,2023-04-08,2024-05-16T12:37:36.611Z,2023-04-08T10:22:34.627Z,2024-05-16T12:37:36.611Z
3832,9001775762,Aicha,Mint Abeih,Aicha Mint Abeih,F,1990-06-10,+22236872194,,1,Nouakchott-Nord,DORMANT,,ACTIVE,2022-03-31,2023-03-11T04:32:46.947Z,2022-03-31T23:50:40.267Z,2023-03-11T04:32:46.947Z
3833,8203581276,Noura,Mint Messoud,Noura Mint Messoud,F,1982-02-10,+22246602007,,3,Nouakchott-Sud,STANDARD,,ACTIVE,2024-09-22,2024-10-29T19:52:46.102Z,2024-09-22T04:59:36.539Z,2024-10-29T19:52:46.102Z
3834,0103563323,Naha,Mint Abdel Kader,Naha Mint Abdel Kader,F,2001-03-26,+22248596580,,3,Nouakchott-Sud,OCCASIONAL,,INACTIVE,2022-12-26,2024-01-03T13:40:17.514Z,2022-12-26T12:30:48.436Z,2024-01-03T13:40:17.514Z
3835,6402059185,Mariama,Tall,Mariama Tall,F,1964-06-13,+22225540051,,2,Nouakchott-Ouest,ACTIVE,,SUSPENDED,2024-12-02,2024-12-14T10:12:35.807Z,2024-12-02T23:03:16.502Z,2024-12-14T10:12:35.807Z
3836,0310343127,Vall,Ould Jiddou,Vall Ould Jiddou,M,2003-02-01,+22225806854,,10,Hodh Ech Chargui,OCCASIONAL,,ACTIVE,2024-06-28,2024-08-16T18:19:29.864Z,2024-06-28T11:30:52.723Z,2024-08-16T18:19:29.864Z
3837,8109698179,Zeinab,Tall,Zeinab Tall,F,1981-09-27,+22224615258,zeinab.tall573@hotmail.fr,9,Assaba,STANDARD,,ACTIVE,2022-01-11,2022-11-15T06:42:09.859Z,2022-01-11T14:19:00.328Z,2022-11-15T06:42:09.859Z
3838,7503820926,Jiddou,Diagana,Jiddou Diagana,M,1975-06-12,+22225896501,,3,Nouakchott-Sud,OCCASIONAL,,ACTIVE,2022-10-02,2024-12-25T22:36:36.316Z,2022-10-02T12:00:38.109Z,2024-12-25T22:36:36.316Z
3839,9901217896,Cheikh,Gaye,Cheikh Gaye,M,1999-05-04,+22243464580,,1,Nouakchott-Nord,OCCASIONAL,,ACTIVE,2022-02-20,2023-01-27T20:11:18.949Z,2022-02-20T18:18:46.880Z,2023-01-27T20:11:18.949Z
3840,0001177297,Kadiatou,Tall,Kadiatou Tall,F,2000-01-25,+22222901619,,1,Nouakchott-Nord,STANDARD,,ACTIVE,2023-08-07,2024-08-07T21:28:40.013Z,2023-08-07T18:20:34.311Z,2024-08-07T21:28:40.013Z
3841,8815743242,Halima,Mint Mohamed,Halima Mint Mohamed,F,1988-12-05,+22223418315,halima.mintmohamed122@outlook.com,15,Tiris Zemmour,DORMANT,,ACTIVE,2023-09-28,2023-12-04T06:34:35.093Z,2023-09-28T17:13:43.581Z,2023-12-04T06:34:35.093Z
3842,6101554327,Brahim,Ly,Brahim Ly,M,1961-12-17,+22237974933,brahim.ly557@outlook.com,1,Nouakchott-Nord,STANDARD,,ACTIVE,2023-02-05,2024-12-24T21:10:57.665Z,2023-02-05T05:04:45.403Z,2024-12-24T21:10:57.665Z
3843,6703609562,Malouma,Barry,Malouma Barry,F,1967-06-06,+22223885904,,3,Nouakchott-Sud,OCCASIONAL,,ACTIVE,2023-12-01,2024-11-10T00:53:48.027Z,2023-12-01T17:41:31.957Z,2024-11-10T00:53:48.027Z
3844,6815178736,Ahmed,Ould Ghali,Ahmed Ould Ghali,M,1968-06-14,+22223723726,,15,Tiris Zemmour,STANDARD,,ACTIVE,2022-09-07,2024-01-28T14:38:10.125Z,2022-09-07T00:05:21.700Z,2024-01-28T14:38:10.125Z
3845,0301199418,Bintou,Thiam,Bintou Thiam,F,2003-12-26,+22241248729,,1,Nouakchott-Nord,VIP,,SUSPENDED,2023-06-06,2024-02-29T02:13:13.943Z,2023-06-06T11:59:46.597Z,2024-02-29T02:13:13.943Z
3846,0003313189,Khadijetou,Mint El Mamy,Khadijetou Mint El Mamy,F,2000-05-05,+22233481352,,3,Nouakchott-Sud,OCCASIONAL,,ACTIVE,2023-08-11,2024-01-10T11:48:50.319Z,2023-08-11T21:32:37.009Z,2024-01-10T11:48:50.319Z
3847,8715943399,Lemrabott,Ould Mokhtar,Lemrabott Ould Mokhtar,M,1987-09-08,+22232333572,,15,Tiris Zemmour,ACTIVE,,ACTIVE,2023-07-21,2024-12-16T16:33:25.005Z,2023-07-21T10:38:39.343Z,2024-12-16T16:33:25.005Z
3848,9105067480,Maimouna,Dramé,Maimouna Dramé,F,1991-11-03,+22235205983,,5,Trarza,ACTIVE,,ACTIVE,2022-01-15,2024-01-23T23:16:09.201Z,2022-01-15T20:32:35.254Z,2024-01-23T23:16:09.201Z
3849,9002193442,Youssouf,Ould Eleya,Youssouf Ould Eleya,M,1990-08-24,+22225638630,,2,Nouakchott-Ouest,STANDARD,,ACTIVE,2023-06-02,2023-12-20T16:50:24.632Z,2023-06-02T13:39:27.592Z,2023-12-20T16:50:24.632Z
3850,9704563048,Tourad,Wane,Tourad Wane,M,1997-06-03,+22241220858,tourad.wane804@hotmail.fr,4,Dakhlet Nouadhibou,DORMANT,,ACTIVE,2023-10-03,2024-12-15T22:13:33.965Z,2023-10-03T02:53:55.664Z,2024-12-15T22:13:33.965Z
3851,6006816816,Sory,Baldé,Sory Baldé,M,1960-01-21,+22224701309,,6,Brakna,STANDARD,,ACTIVE,2022-12-12,2023-09-22T20:15:26.152Z,2022-12-12T10:34:22.851Z,2023-09-22T20:15:26.152Z
3852,6201470538,Cellou,Kouyaté,Cellou Kouyaté,M,1962-06-22,+22235730370,,1,Nouakchott-Nord,OCCASIONAL,,ACTIVE,2023-05-07,2023-07-23T22:18:50.526Z,2023-05-07T09:12:24.831Z,2023-07-23T22:18:50.526Z
3853,0001796812,Maimouna,Barry,Maimouna Barry,F,2000-10-27,+22235023249,,1,Nouakchott-Nord,STANDARD,,PENDING_KYC,2022-07-01,2024-08-17T09:00:40.365Z,2022-07-01T08:09:38.585Z,2024-08-17T09:00:40.365Z
3854,6903328270,Youssouf,Ould Hadrami,Youssouf Ould Hadrami,M,1969-08-02,+22234332889,youssouf.ouldhadrami386@gmail.com,3,Nouakchott-Sud,STANDARD,,ACTIVE,2022-07-28,2024-02-15T03:56:16.585Z,2022-07-28T10:38:26.495Z,2024-02-15T03:56:16.585Z
3855,9502531397,Hamadi,Koita,Hamadi Koita,M,1995-04-06,+22224607162,hamadi.koita80@hotmail.fr,2,Nouakchott-Ouest,STANDARD,,ACTIVE,2022-10-04,2023-06-22T02:28:47.878Z,2022-10-04T04:09:16.355Z,2023-06-22T02:28:47.878Z
3856,6307444941,Ahmed Salem,Ould Brahim,Ahmed Salem Ould Brahim,M,1963-05-15,+22222677735,ahmedsalem.ouldbrahim908@outlook.com,7,Gorgol,STANDARD,,ACTIVE,2023-10-08,2024-08-03T11:01:38.188Z,2023-10-08T10:29:54.814Z,2024-08-03T11:01:38.188Z
3857,8611369150,El Mokhtar,Ould Jiddou,El Mokhtar Ould Jiddou,M,1986-01-26,+22223214265,,11,Hodh El Gharbi,ACTIVE,,ACTIVE,2023-10-03,2024-05-12T02:23:21.928Z,2023-10-03T19:04:58.599Z,2024-05-12T02:23:21.928Z
3858,8903856335,Yahya,Sène,Yahya Sène,M,1989-12-13,+22235560172,yahya.sène822@yahoo.fr,3,Nouakchott-Sud,DORMANT,,ACTIVE,2022-05-08,2024-05-08T08:25:57.100Z,2022-05-08T11:12:41.000Z,2024-05-08T08:25:57.100Z
3859,6303041311,Hawa,Mint Khatri,Hawa Mint Khatri,F,1963-09-04,+22225889326,,3,Nouakchott-Sud,STANDARD,,ACTIVE,2024-03-19,2024-10-18T06:15:40.630Z,2024-03-19T14:36:10.176Z,2024-10-18T06:15:40.630Z
3860,9801779269,Aminetou,Mint Maloum,Aminetou Mint Maloum,F,1998-08-27,+22244311043,aminetou.mintmaloum656@gmail.com,1,Nouakchott-Nord,ACTIVE,,ACTIVE,2023-11-27,2024-02-20T03:08:09.899Z,2023-11-27T18:27:38.678Z,2024-02-20T03:08:09.899Z
3861,6402173575,Vadel,Sy,Vadel Sy,M,1964-09-23,+22222075622,,2,Nouakchott-Ouest,PREMIUM,,ACTIVE,2024-01-02,2024-02-27T18:53:48.749Z,2024-01-02T19:00:56.581Z,2024-02-27T18:53:48.749Z
3862,6002494847,Houda,Mint Messoud,Houda Mint Messoud,F,1960-06-06,+22234543705,,2,Nouakchott-Ouest,STANDARD,,ACTIVE,2023-07-22,2023-10-09T10:06:34.181Z,2023-07-22T06:39:12.902Z,2023-10-09T10:06:34.181Z
3863,6501498148,Naima,Mint Jiddou,Naima Mint Jiddou,F,1965-04-12,+22247042541,naima.mintjiddou956@hotmail.fr,1,Nouakchott-Nord,STANDARD,,ACTIVE,2023-08-18,2024-08-14T07:24:54.858Z,2023-08-18T07:54:42.333Z,2024-08-14T07:24:54.858Z
3864,7802332386,Dah,Ould Taleb,Dah Ould Taleb,M,1978-06-24,+22232738768,dah.ouldtaleb723@outlook.com,2,Nouakchott-Ouest,STANDARD,,ACTIVE,2023-06-15,2023-08-08T23:32:12.669Z,2023-06-15T23:30:37.045Z,2023-08-08T23:32:12.669Z
3865,8908828261,Tourad,Thiam,Tourad Thiam,M,1989-06-28,+22222247178,,8,Guidimaka,STANDARD,,ACTIVE,2022-01-25,2022-09-14T04:37:01.713Z,2022-01-25T10:59:02.315Z,2022-09-14T04:37:01.713Z
3866,0002477156,Khalil,Ould Abdel Kader,Khalil Ould Abdel Kader,M,2000-10-04,+22222205794,khalil.ouldabdelkader289@hotmail.fr,2,Nouakchott-Ouest,STANDARD,,ACTIVE,2023-03-08,2023-03-19T11:45:05.613Z,2023-03-08T03:27:26.637Z,2023-03-19T11:45:05.613Z
3867,8701143262,Mariem,Mint Habiboullah,Mariem Mint Habiboullah,F,1987-06-10,+22225102712,,1,Nouakchott-Nord,ACTIVE,,ACTIVE,2022-11-20,2024-07-17T20:45:11.913Z,2022-11-20T20:35:47.219Z,2024-07-17T20:45:11.913Z
3868,9402273670,Bintou,Tall,Bintou Tall,F,1994-09-27,+22234953347,bintou.tall622@hotmail.fr,2,Nouakchott-Ouest,STANDARD,,ACTIVE,2022-08-27,2024-09-21T16:09:09.548Z,2022-08-27T17:47:44.367Z,2024-09-21T16:09:09.548Z
3869,7312862098,Hapsatou,Touré,Hapsatou Touré,F,1973-08-06,+22222027592,,12,Adrar,STANDARD,,ACTIVE,2022-03-26,2023-07-18T00:19:15.899Z,2022-03-26T00:03:04.347Z,2023-07-18T00:19:15.899Z
3870,7201861960,Adama,Diallo,Adama Diallo,M,1972-09-09,+22223512909,,1,Nouakchott-Nord,ACTIVE,,ACTIVE,2024-07-17,2024-12-01T05:45:35.248Z,2024-07-17T00:39:00.032Z,2024-12-01T05:45:35.248Z
3871,6014139699,Zakaria,Diop,Zakaria Diop,M,1960-03-18,+22224559655,,14,Inchiri,STANDARD,,BLOCKED,2024-06-09,2024-07-02T11:48:14.092Z,2024-06-09T23:27:10.649Z,2024-07-02T11:48:14.092Z
3872,0501004617,Ely,Bathily,Ely Bathily,M,2005-07-09,+22222832964,ely.bathily874@hotmail.fr,1,Nouakchott-Nord,DORMANT,,ACTIVE,2023-04-08,2024-01-27T19:28:38.814Z,2023-04-08T22:49:48.411Z,2024-01-27T19:28:38.814Z
3873,7314679490,Abdel Aziz,Ould Nagi,Abdel Aziz Ould Nagi,M,1973-09-15,+22241791729,abdelaziz.ouldnagi989@outlook.com,14,Inchiri,ACTIVE,,ACTIVE,2024-06-19,2024-08-05T04:14:14.641Z,2024-06-19T08:13:33.065Z,2024-08-05T04:14:14.641Z
3874,7706315593,Tekber,Baldé,Tekber Baldé,F,1977-08-22,+22225146811,,6,Brakna,OCCASIONAL,,ACTIVE,2024-11-25,2024-12-23T00:23:59.512Z,2024-11-25T10:42:49.655Z,2024-12-23T00:23:59.512Z
3875,6304077018,Abdel Rahman,Ould Mohamed,Abdel Rahman Ould Mohamed,M,1963-03-21,+22225430395,abdelrahman.ouldmohamed97@hotmail.fr,4,Dakhlet Nouadhibou,STANDARD,,ACTIVE,2024-05-19,2024-10-22T22:19:06.457Z,2024-05-19T04:57:29.454Z,2024-10-22T22:19:06.457Z
3876,6604346751,Lala,Bathily,Lala Bathily,F,1966-05-17,+22232333816,lala.bathily418@outlook.com,4,Dakhlet Nouadhibou,ACTIVE,,ACTIVE,2022-11-28,2024-12-03T11:39:42.081Z,2022-11-28T14:08:46.814Z,2024-12-03T11:39:42.081Z
3877,9703808544,Mariam,Mint Abdel Aziz,Mariam Mint Abdel Aziz,F,1997-11-23,+22243626561,mariam.mintabdelaziz326@hotmail.fr,3,Nouakchott-Sud,ACTIVE,,PENDING_KYC,2022-12-26,2023-11-07T12:32:39.868Z,2022-12-26T03:38:17.430Z,2023-11-07T12:32:39.868Z
3878,0306368578,Oumar,Sy,Oumar Sy,M,2003-11-05,+22232404141,oumar.sy456@yahoo.fr,6,Brakna,ACTIVE,,BLOCKED,2022-01-01,2022-12-08T17:39:24.531Z,2022-01-01T17:30:22.316Z,2022-12-08T17:39:24.531Z
3879,9901235919,Mbarka,Diarra,Mbarka Diarra,F,1999-10-03,+22224838115,mbarka.diarra659@outlook.com,1,Nouakchott-Nord,OCCASIONAL,,ACTIVE,2024-12-01,2024-12-26T18:44:40.348Z,2024-12-01T16:52:45.337Z,2024-12-26T18:44:40.348Z
3880,9903754827,Cheikhna,Ndour,Cheikhna Ndour,M,1999-03-17,+22232867208,,3,Nouakchott-Sud,STANDARD,,ACTIVE,2024-01-29,2024-02-14T15:37:52.354Z,2024-01-29T19:07:04.374Z,2024-02-14T15:37:52.354Z
3881,0402384089,Mouna,Thiam,Mouna Thiam,F,2004-03-01,+22225681062,,2,Nouakchott-Ouest,STANDARD,,ACTIVE,2022-05-15,2023-02-16T15:54:12.852Z,2022-05-15T02:47:04.974Z,2023-02-16T15:54:12.852Z
3882,9711496399,Astou,Mbaye,Astou Mbaye,F,1997-01-04,+22234077636,,11,Hodh El Gharbi,ACTIVE,,ACTIVE,2022-03-08,2024-12-01T09:12:00.187Z,2022-03-08T22:39:18.201Z,2024-12-01T09:12:00.187Z
3883,7802664755,El Mokhtar,Ould Khalil,El Mokhtar Ould Khalil,M,1978-04-28,+22235116468,,2,Nouakchott-Ouest,STANDARD,,ACTIVE,2022-06-03,2024-02-19T22:55:00.267Z,2022-06-03T10:50:01.309Z,2024-02-19T22:55:00.267Z
3884,6802018072,Aicha,Mint Ahmedou,Aicha Mint Ahmedou,F,1968-02-05,+22223315870,,2,Nouakchott-Ouest,STANDARD,,ACTIVE,2024-04-29,2024-12-18T12:01:00.065Z,2024-04-29T13:07:12.813Z,2024-12-18T12:01:00.065Z
3885,9806207596,Malouma,Mint Cheikh,Malouma Mint Cheikh,F,1998-02-16,+22233622834,malouma.mintcheikh555@yahoo.fr,6,Brakna,STANDARD,,ACTIVE,2023-06-23,2024-04-09T12:43:38.557Z,2023-06-23T22:35:02.842Z,2024-04-09T12:43:38.557Z
3886,9904915535,Mbareck,Ould Hadrami,Mbareck Ould Hadrami,M,1999-03-17,+22245786677,mbareck.ouldhadrami768@hotmail.fr,4,Dakhlet Nouadhibou,ACTIVE,,ACTIVE,2024-07-18,2024-12-10T04:26:18.992Z,2024-07-18T10:53:41.517Z,2024-12-10T04:26:18.992Z
3887,0004009610,Hawa,Mint Hamadi,Hawa Mint Hamadi,F,2000-11-10,+22225113540,hawa.minthamadi319@hotmail.fr,4,Dakhlet Nouadhibou,STANDARD,,ACTIVE,2022-12-29,2023-06-11T01:46:05.361Z,2022-12-29T01:53:18.721Z,2023-06-11T01:46:05.361Z
3888,6402010609,Hafsata,Kouyaté,Hafsata Kouyaté,F,1964-05-08,+22249712210,,2,Nouakchott-Ouest,OCCASIONAL,,ACTIVE,2023-03-12,2024-11-21T04:10:04.295Z,2023-03-12T16:07:20.634Z,2024-11-21T04:10:04.295Z
3889,8505839378,Wedadi,Ould Hadrami,Wedadi Ould Hadrami,M,1985-05-21,+22236156686,,5,Trarza,ACTIVE,,ACTIVE,2024-07-17,2024-08-29T12:21:44.009Z,2024-07-17T03:41:53.674Z,2024-08-29T12:21:44.009Z
3890,9804166262,Taleb,Diallo,Taleb Diallo,M,1998-09-03,+22232366858,taleb.diallo408@outlook.com,4,Dakhlet Nouadhibou,OCCASIONAL,,ACTIVE,2022-07-11,2023-04-19T05:06:10.082Z,2022-07-11T11:45:33.886Z,2023-04-19T05:06:10.082Z
3891,6411141367,Defa,Mint El Mamy,Defa Mint El Mamy,F,1964-07-24,+22234820643,,11,Hodh El Gharbi,OCCASIONAL,,INACTIVE,2024-11-09,2024-12-15T09:27:31.674Z,2024-11-09T14:10:23.753Z,2024-12-15T09:27:31.674Z
3892,8201937662,Habiba,Camara,Habiba Camara,F,1982-11-01,+22222847610,,1,Nouakchott-Nord,OCCASIONAL,,ACTIVE,2024-02-05,2024-10-18T16:54:47.691Z,2024-02-05T18:47:13.913Z,2024-10-18T16:54:47.691Z
3893,7602638103,Pape,Ly,Pape Ly,M,1976-05-18,+22232585908,,2,Nouakchott-Ouest,STANDARD,,ACTIVE,2023-03-07,2024-07-30T08:18:42.147Z,2023-03-07T12:34:37.880Z,2024-07-30T08:18:42.147Z
3894,8601457775,Kéba,Anne,Kéba Anne,M,1986-07-23,+22223320622,,1,Nouakchott-Nord,STANDARD,,ACTIVE,2023-05-13,2024-12-04T23:33:41.980Z,2023-05-13T20:05:36.689Z,2024-12-04T23:33:41.980Z
3895,7603156592,Saleck,Ould Bouha,Saleck Ould Bouha,M,1976-06-10,+22234537097,,3,Nouakchott-Sud,ACTIVE,,INACTIVE,2023-01-10,2023-08-25T00:01:10.723Z,2023-01-10T09:22:56.619Z,2023-08-25T00:01:10.723Z
3896,8410541575,Jiddou,Ould Cheikh,Jiddou Ould Cheikh,M,1984-02-19,+22222210752,,10,Hodh Ech Chargui,STANDARD,,ACTIVE,2023-06-10,2024-02-05T04:16:23.131Z,2023-06-10T09:45:07.866Z,2024-02-05T04:16:23.131Z
3897,6103744364,El Khalil,Ould El Hacen,El Khalil Ould El Hacen,M,1961-06-27,+22235790197,elkhalil.ouldelhacen368@outlook.com,3,Nouakchott-Sud,STANDARD,,ACTIVE,2022-09-24,2024-02-27T05:23:40.187Z,2022-09-24T13:57:28.989Z,2024-02-27T05:23:40.187Z
3898,9211684337,Oumou,Mint Hadrami,Oumou Mint Hadrami,F,1992-08-08,+22223280711,,11,Hodh El Gharbi,STANDARD,,ACTIVE,2022-10-17,2024-11-14T03:13:11.405Z,2022-10-17T18:33:13.226Z,2024-11-14T03:13:11.405Z
3899,6703878065,Khady,Kane,Khady Kane,F,1967-10-10,+22224697181,,3,Nouakchott-Sud,VIP,,ACTIVE,2023-10-27,2024-03-05T01:30:14.909Z,2023-10-27T13:19:33.288Z,2024-03-05T01:30:14.909Z
3900,6102223219,Rokhaya,Barry,Rokhaya Barry,F,1961-02-15,+22225188270,,2,Nouakchott-Ouest,OCCASIONAL,,ACTIVE,2023-01-14,2024-09-30T11:24:39.642Z,2023-01-14T08:59:48.652Z,2024-09-30T11:24:39.642Z
3901,9401678825,Houda,Mint Eleya,Houda Mint Eleya,F,1994-09-28,+22232040783,,1,Nouakchott-Nord,PREMIUM,,ACTIVE,2024-01-19,2024-03-29T19:02:30.587Z,2024-01-19T07:13:07.298Z,2024-03-29T19:02:30.587Z
3902,8104699153,Sidi Mohamed,Ould Nenni,Sidi Mohamed Ould Nenni,M,1981-07-15,+22248792012,,4,Dakhlet Nouadhibou,ACTIVE,,BLOCKED,2022-05-17,2024-10-31T00:00:43.981Z,2022-05-17T06:20:21.071Z,2024-10-31T00:00:43.981Z
3903,0503007612,Oumar,Sissoko,Oumar Sissoko,M,2005-12-20,+22223445532,,3,Nouakchott-Sud,STANDARD,,INACTIVE,2023-07-06,2023-09-17T12:01:38.174Z,2023-07-06T10:54:42.929Z,2023-09-17T12:01:38.174Z
3904,9101762815,Fatou,Barry,Fatou Barry,F,1991-07-08,+22225533520,,1,Nouakchott-Nord,DORMANT,,ACTIVE,2024-11-06,2024-12-03T19:37:42.989Z,2024-11-06T05:09:33.549Z,2024-12-03T19:37:42.989Z
3905,8002076238,Vadel,Ould Moulaye,Vadel Ould Moulaye,M,1980-04-19,+22225640358,,2,Nouakchott-Ouest,OCCASIONAL,,BLOCKED,2022-06-25,2023-04-19T02:02:59.085Z,2022-06-25T06:25:33.029Z,2023-04-19T02:02:59.085Z
3906,6701333519,Mariem,Mint Isselmou,Mariem Mint Isselmou,F,1967-06-07,+22247552074,mariem.mintisselmou275@yahoo.fr,1,Nouakchott-Nord,OCCASIONAL,,ACTIVE,2022-09-30,2023-02-23T14:11:54.633Z,2022-09-30T19:43:26.707Z,2023-02-23T14:11:54.633Z
3907,9608018709,Zeinab,Mint Eleya,Zeinab Mint Eleya,F,1996-07-25,+22222202587,,8,Guidimaka,OCCASIONAL,,ACTIVE,2024-12-12,2024-12-20T04:56:50.960Z,2024-12-12T01:07:37.417Z,2024-12-20T04:56:50.960Z
3908,6203188446,Hawa,Bathily,Hawa Bathily,F,1962-12-04,+22249916324,,3,Nouakchott-Sud,ACTIVE,,INACTIVE,2023-01-18,2024-09-16T18:24:32.471Z,2023-01-18T02:11:59.946Z,2024-09-16T18:24:32.471Z
3909,6206595722,Alpha,Wade,Alpha Wade,M,1962-11-23,+22232016545,alpha.wade643@gmail.com,6,Brakna,ACTIVE,,ACTIVE,2022-12-29,2023-01-13T12:10:50.261Z,2022-12-29T17:06:16.708Z,2023-01-13T12:10:50.261Z
3910,9608325014,Cheikh,Barry,Cheikh Barry,M,1996-01-27,+22222807746,cheikh.barry870@yahoo.fr,8,Guidimaka,OCCASIONAL,,ACTIVE,2022-12-20,2024-12-08T18:34:30.488Z,2022-12-20T03:48:26.172Z,2024-12-08T18:34:30.488Z
3911,9215162073,Samba,Mbaye,Samba Mbaye,M,1992-12-13,+22232558152,,15,Tiris Zemmour,OCCASIONAL,,ACTIVE,2024-02-29,2024-11-26T07:22:38.112Z,2024-02-29T08:13:56.111Z,2024-11-26T07:22:38.112Z
3912,9203034629,Bassirou,Sy,Bassirou Sy,M,1992-03-03,+22224013392,bassirou.sy987@hotmail.fr,3,Nouakchott-Sud,STANDARD,,ACTIVE,2022-01-07,2024-07-30T07:50:39.248Z,2022-01-07T15:24:40.329Z,2024-07-30T07:50:39.248Z
3913,0204833415,Aissata,Mint Khalil,Aissata Mint Khalil,F,2002-04-14,+22225098675,,4,Dakhlet Nouadhibou,STANDARD,,SUSPENDED,2023-01-21,2024-06-04T17:34:20.927Z,2023-01-21T13:02:39.409Z,2024-06-04T17:34:20.927Z
3914,9003235372,Yacine,Soumaré,Yacine Soumaré,F,1990-05-22,+22249029946,,3,Nouakchott-Sud,DORMANT,,ACTIVE,2022-03-29,2022-04-10T20:58:26.602Z,2022-03-29T11:23:03.202Z,2022-04-10T20:58:26.602Z
3915,9807989493,Lamine,Kane,Lamine Kane,M,1998-07-23,+22248963628,lamine.kane397@hotmail.fr,7,Gorgol,STANDARD,,ACTIVE,2023-09-05,2024-03-11T06:00:50.334Z,2023-09-05T18:10:07.839Z,2024-03-11T06:00:50.334Z
3916,8607233931,Moustapha,Thiam,Moustapha Thiam,M,1986-11-27,+22241166829,,7,Gorgol,STANDARD,,ACTIVE,2023-10-16,2024-10-11T05:41:44.503Z,2023-10-16T09:02:45.882Z,2024-10-11T05:41:44.503Z
3917,6402707961,Boubacar,Fall,Boubacar Fall,M,1964-10-01,+22234580903,boubacar.fall88@hotmail.fr,2,Nouakchott-Ouest,OCCASIONAL,,ACTIVE,2024-09-23,2024-11-11T00:35:30.034Z,2024-09-23T02:58:12.779Z,2024-11-11T00:35:30.034Z
3918,9303199835,Sidina,Barry,Sidina Barry,M,1993-10-13,+22224958611,sidina.barry902@yahoo.fr,3,Nouakchott-Sud,STANDARD,,ACTIVE,2024-03-07,2024-07-30T05:42:33.170Z,2024-03-07T14:56:36.118Z,2024-07-30T05:42:33.170Z
3919,6102071153,Cheikh,Ould El Ghassem,Cheikh Ould El Ghassem,M,1961-06-13,+22236845965,,2,Nouakchott-Ouest,STANDARD,,SUSPENDED,2022-08-11,2023-05-28T06:55:51.651Z,2022-08-11T07:32:17.074Z,2023-05-28T06:55:51.651Z
3920,8604338484,Jiddou,Ould Salem,Jiddou Ould Salem,M,1986-12-11,+22241530471,jiddou.ouldsalem815@outlook.com,4,Dakhlet Nouadhibou,STANDARD,,ACTIVE,2023-05-05,2023-11-05T01:41:11.102Z,2023-05-05T00:08:55.840Z,2023-11-05T01:41:11.102Z
3921,9901271481,Adama,Sow,Adama Sow,F,1999-02-17,+22234531492,adama.sow471@yahoo.fr,1,Nouakchott-Nord,STANDARD,,PENDING_KYC,2022-04-21,2024-10-29T11:05:55.196Z,2022-04-21T20:12:55.501Z,2024-10-29T11:05:55.196Z
3922,0202115618,Minetou,Mint Khalil,Minetou Mint Khalil,F,2002-12-04,+22235526825,,2,Nouakchott-Ouest,STANDARD,,ACTIVE,2023-12-04,2024-09-16T17:51:40.868Z,2023-12-04T06:39:47.360Z,2024-09-16T17:51:40.868Z
3923,7802932539,Aziza,Mint Soufi,Aziza Mint Soufi,F,1978-01-01,+22222778323,aziza.mintsoufi838@outlook.com,2,Nouakchott-Ouest,ACTIVE,,ACTIVE,2024-06-11,2024-11-01T12:11:28.580Z,2024-06-11T08:32:28.028Z,2024-11-01T12:11:28.580Z
3924,7015455197,Sidi Mohamed,Niang,Sidi Mohamed Niang,M,1970-11-12,+22222243739,,15,Tiris Zemmour,DORMANT,,PENDING_KYC,2024-11-03,2024-11-20T14:53:17.537Z,2024-11-03T20:44:11.204Z,2024-11-20T14:53:17.537Z
3925,7101412927,Habiba,Gaye,Habiba Gaye,F,1971-09-07,+22224413888,habiba.gaye149@hotmail.fr,1,Nouakchott-Nord,STANDARD,,ACTIVE,2023-11-26,2024-09-24T05:06:41.468Z,2023-11-26T09:11:30.338Z,2024-09-24T05:06:41.468Z
3926,7405487533,Alpha,Barry,Alpha Barry,M,1974-05-20,+22223010269,alpha.barry612@gmail.com,5,Trarza,STANDARD,,ACTIVE,2024-03-21,2024-09-26T17:52:37.417Z,2024-03-21T14:05:21.592Z,2024-09-26T17:52:37.417Z
3927,6801394731,Hafsata,Mint Abeih,Hafsata Mint Abeih,F,1968-08-24,+22225660764,,1,Nouakchott-Nord,DORMANT,,ACTIVE,2023-06-02,2024-08-19T01:04:39.417Z,2023-06-02T05:55:07.736Z,2024-08-19T01:04:39.417Z
3928,0409122895,Hafsata,Mint Nagi,Hafsata Mint Nagi,F,2004-05-19,+22224064842,hafsata.mintnagi23@yahoo.fr,9,Assaba,STANDARD,,SUSPENDED,2024-12-29,2024-12-29T08:20:26.692Z,2024-12-29T03:35:57.608Z,2024-12-29T08:20:26.692Z
3929,6702800362,Mariama,Diarra,Mariama Diarra,F,1967-03-18,+22223688810,mariama.diarra370@yahoo.fr,2,Nouakchott-Ouest,STANDARD,,ACTIVE,2024-12-30,2024-12-30T23:08:36.256Z,2024-12-30T10:08:02.941Z,2024-12-30T23:08:36.256Z
3930,6711599716,Adja,Fall,Adja Fall,F,1967-10-11,+22225499750,,11,Hodh El Gharbi,ACTIVE,,SUSPENDED,2022-05-02,2024-08-09T11:01:49.776Z,2022-05-02T10:29:38.025Z,2024-08-09T11:01:49.776Z
3931,7601456414,Bassirou,Fall,Bassirou Fall,M,1976-12-05,+22225263882,,1,Nouakchott-Nord,ACTIVE,,ACTIVE,2023-05-25,2024-12-01T02:04:09.516Z,2023-05-25T00:10:30.752Z,2024-12-01T02:04:09.516Z
3932,9602831627,Bilal,Ould Zein,Bilal Ould Zein,M,1996-11-20,+22241395924,,2,Nouakchott-Ouest,ACTIVE,,PENDING_KYC,2023-04-24,2023-07-07T16:49:54.616Z,2023-04-24T00:05:34.202Z,2023-07-07T16:49:54.616Z
3933,8011574556,Defa,Mint Abeih,Defa Mint Abeih,F,1980-09-22,+22237095767,,11,Hodh El Gharbi,OCCASIONAL,,ACTIVE,2022-06-23,2022-12-20T08:12:13.055Z,2022-06-23T22:29:20.724Z,2022-12-20T08:12:13.055Z
3934,6702861853,Naha,Mint Ahmed,Naha Mint Ahmed,F,1967-02-04,+22236490900,,2,Nouakchott-Ouest,DORMANT,,ACTIVE,2024-07-04,2024-12-19T22:37:44.582Z,2024-07-04T16:00:03.316Z,2024-12-19T22:37:44.582Z
3935,0306558557,Khadija,Mint Ghali,Khadija Mint Ghali,F,2003-06-02,+22248102411,khadija.mintghali447@yahoo.fr,6,Brakna,STANDARD,,ACTIVE,2024-10-20,2024-11-21T18:33:12.028Z,2024-10-20T06:51:35.857Z,2024-11-21T18:33:12.028Z
3936,6702629990,Pathé,Tall,Pathé Tall,M,1967-04-03,+22223490685,,2,Nouakchott-Ouest,DORMANT,,ACTIVE,2022-07-07,2024-11-16T16:02:57.554Z,2022-07-07T15:22:07.072Z,2024-11-16T16:02:57.554Z
3937,6903005429,Moulaye,Ould Khatri,Moulaye Ould Khatri,M,1969-11-03,+22225237110,moulaye.ouldkhatri560@yahoo.fr,3,Nouakchott-Sud,STANDARD,,ACTIVE,2023-01-20,2023-08-29T12:16:05.541Z,2023-01-20T11:26:25.536Z,2023-08-29T12:16:05.541Z
3938,9211800809,Kadiatou,Mbow,Kadiatou Mbow,F,1992-09-07,+22248269433,,11,Hodh El Gharbi,ACTIVE,,ACTIVE,2022-05-02,2022-05-28T08:50:08.459Z,2022-05-02T01:49:31.377Z,2022-05-28T08:50:08.459Z
3939,8202286042,Aissata,Fall,Aissata Fall,F,1982-08-26,+22235230969,,2,Nouakchott-Ouest,STANDARD,,ACTIVE,2024-09-15,2024-11-17T16:25:37.136Z,2024-09-15T14:42:27.885Z,2024-11-17T16:25:37.136Z
3940,0401912131,Kelthoum,Mint Zein,Kelthoum Mint Zein,F,2004-06-03,+22233826432,,1,Nouakchott-Nord,STANDARD,,ACTIVE,2022-12-28,2024-04-05T00:14:35.225Z,2022-12-28T16:16:23.252Z,2024-04-05T00:14:35.225Z
3941,8002698856,Cheikh Sidiya,Ould Limam,Cheikh Sidiya Ould Limam,M,1980-10-16,+22223679210,,2,Nouakchott-Ouest,OCCASIONAL,,ACTIVE,2023-05-16,2023-09-13T11:29:33.998Z,2023-05-16T18:17:06.514Z,2023-09-13T11:29:33.998Z
3942,8502801284,Mohamed Salem,Touré,Mohamed Salem Touré,M,1985-11-22,+22233219066,,2,Nouakchott-Ouest,STANDARD,,ACTIVE,2023-02-08,2024-08-01T06:31:50.383Z,2023-02-08T05:26:08.432Z,2024-08-01T06:31:50.383Z
3943,6215760254,Mbareck,Ould Mokhtar,Mbareck Ould Mokhtar,M,1962-10-10,+22223410384,,15,Tiris Zemmour,STANDARD,,ACTIVE,2023-12-06,2023-12-20T15:29:49.295Z,2023-12-06T01:01:53.094Z,2023-12-20T15:29:49.295Z
3944,7002408371,Mariem,Mint Limam,Mariem Mint Limam,F,1970-03-13,+22223028486,,2,Nouakchott-Ouest,ACTIVE,,ACTIVE,2022-04-02,2023-05-13T20:35:21.730Z,2022-04-02T15:23:58.220Z,2023-05-13T20:35:21.730Z
3945,6715593297,Djenaba,Ndiaye,Djenaba Ndiaye,F,1967-04-26,+22235651164,djenaba.ndiaye415@gmail.com,15,Tiris Zemmour,ACTIVE,,INACTIVE,2023-11-18,2024-03-25T01:51:33.068Z,2023-11-18T20:08:51.546Z,2024-03-25T01:51:33.068Z
3946,7404015911,Aicha,Mint Lemrabott,Aicha Mint Lemrabott,F,1974-02-24,+22224182794,aicha.mintlemrabott999@yahoo.fr,4,Dakhlet Nouadhibou,STANDARD,,ACTIVE,2023-04-30,2024-12-21T08:35:37.891Z,2023-04-30T13:23:52.794Z,2024-12-21T08:35:37.891Z
3947,7109870192,Fatoumata,Thiam,Fatoumata Thiam,F,1971-11-09,+22223334571,,9,Assaba,STANDARD,,ACTIVE,2023-09-28,2024-09-19T12:54:28.564Z,2023-09-28T12:35:43.193Z,2024-09-19T12:54:28.564Z
3948,8202816412,Ibrahima,Bathily,Ibrahima Bathily,M,1982-03-17,+22234325064,,2,Nouakchott-Ouest,VIP,,ACTIVE,2022-07-16,2023-01-04T06:05:12.955Z,2022-07-16T19:52:45.210Z,2023-01-04T06:05:12.955Z
3949,6301635813,Maloum,Diagana,Maloum Diagana,M,1963-09-23,+22233990022,maloum.diagana680@gmail.com,1,Nouakchott-Nord,STANDARD,,ACTIVE,2023-09-13,2024-06-28T04:00:47.411Z,2023-09-13T23:16:12.802Z,2024-06-28T04:00:47.411Z
3950,8305529787,Sira,Ndour,Sira Ndour,F,1983-10-05,+22233467007,,5,Trarza,OCCASIONAL,,ACTIVE,2024-03-11,2024-07-16T05:53:21.357Z,2024-03-11T03:57:20.064Z,2024-07-16T05:53:21.357Z
3951,8004301107,Hacen,Ould Soufi,Hacen Ould Soufi,M,1980-06-12,+22234280032,,4,Dakhlet Nouadhibou,PREMIUM,,ACTIVE,2023-02-05,2023-12-07T19:20:30.047Z,2023-02-05T19:51:35.726Z,2023-12-07T19:20:30.047Z
3952,9702803650,Penda,Niang,Penda Niang,F,1997-05-22,+22224584734,penda.niang915@outlook.com,2,Nouakchott-Ouest,ACTIVE,,ACTIVE,2024-10-02,2024-11-01T17:43:36.261Z,2024-10-02T09:13:41.306Z,2024-11-01T17:43:36.261Z
3953,6203572948,Sidi Mohamed,Ould Jiddou,Sidi Mohamed Ould Jiddou,M,1962-01-07,+22235222452,sidimohamed.ouldjiddou543@yahoo.fr,3,Nouakchott-Sud,OCCASIONAL,,ACTIVE,2024-05-15,2024-12-24T05:53:49.206Z,2024-05-15T11:24:20.646Z,2024-12-24T05:53:49.206Z
3954,9002813160,Zeinab,Mint Mohamed,Zeinab Mint Mohamed,F,1990-06-19,+22225396699,,2,Nouakchott-Ouest,PREMIUM,,ACTIVE,2022-10-06,2023-09-01T15:15:45.711Z,2022-10-06T02:40:25.641Z,2023-09-01T15:15:45.711Z
3955,7901460142,Aminetou,Diop,Aminetou Diop,F,1979-05-02,+22235476292,,1,Nouakchott-Nord,OCCASIONAL,,ACTIVE,2024-11-08,2024-12-09T19:54:32.773Z,2024-11-08T07:32:59.812Z,2024-12-09T19:54:32.773Z
3956,9902389099,Noura,Wane,Noura Wane,F,1999-11-02,+22225402299,,2,Nouakchott-Ouest,DORMANT,,ACTIVE,2022-06-11,2024-04-23T14:05:18.150Z,2022-06-11T07:45:44.392Z,2024-04-23T14:05:18.150Z
3957,7403291578,Cheibany,Ould Horma,Cheibany Ould Horma,M,1974-09-27,+22232445670,,3,Nouakchott-Sud,OCCASIONAL,,ACTIVE,2023-05-14,2023-05-22T03:16:58.965Z,2023-05-14T05:41:55.504Z,2023-05-22T03:16:58.965Z
3958,8501293402,Hamoud,Ould El Mokhtar,Hamoud Ould El Mokhtar,M,1985-02-06,+22224982889,hamoud.ouldelmokhtar781@hotmail.fr,1,Nouakchott-Nord,ACTIVE,,BLOCKED,2022-09-19,2023-10-13T02:53:51.180Z,2022-09-19T23:45:06.142Z,2023-10-13T02:53:51.180Z
3959,8401569788,Zakaria,Doucouré,Zakaria Doucouré,M,1984-06-09,+22243237488,zakaria.doucouré529@yahoo.fr,1,Nouakchott-Nord,PREMIUM,,ACTIVE,2022-10-09,2023-10-12T10:04:48.898Z,2022-10-09T10:32:30.860Z,2023-10-12T10:04:48.898Z
3960,7515444752,Hamidou,Touré,Hamidou Touré,M,1975-11-20,+22222202318,,15,Tiris Zemmour,OCCASIONAL,,BLOCKED,2024-07-01,2024-08-12T03:29:29.590Z,2024-07-01T21:15:10.999Z,2024-08-12T03:29:29.590Z
3961,9704039305,Minetou,Mint Maloum,Minetou Mint Maloum,F,1997-12-02,+22233536706,minetou.mintmaloum641@yahoo.fr,4,Dakhlet Nouadhibou,OCCASIONAL,,ACTIVE,2023-03-22,2024-12-28T08:01:18.041Z,2023-03-22T17:35:49.348Z,2024-12-28T08:01:18.041Z
3962,8703558118,Dah,Koné,Dah Koné,M,1987-08-13,+22247284766,,3,Nouakchott-Sud,OCCASIONAL,,ACTIVE,2023-03-30,2023-08-13T10:09:26.960Z,2023-03-30T11:47:35.062Z,2023-08-13T10:09:26.960Z
3963,0101867801,Jemila,Mint Khatri,Jemila Mint Khatri,F,2001-09-07,+22235123116,,1,Nouakchott-Nord,PREMIUM,,ACTIVE,2024-07-01,2024-07-29T17:06:04.560Z,2024-07-01T11:45:57.934Z,2024-07-29T17:06:04.560Z
3964,6101634292,Aissata,Mint Messoud,Aissata Mint Messoud,F,1961-02-28,+22234576874,,1,Nouakchott-Nord,DORMANT,,PENDING_KYC,2023-10-25,2024-10-28T11:20:49.825Z,2023-10-25T04:38:01.021Z,2024-10-28T11:20:49.825Z
3965,0505822877,Mariem,Mint Ethmane,Mariem Mint Ethmane,F,2005-07-28,+22234911126,mariem.mintethmane17@gmail.com,5,Trarza,PREMIUM,,BLOCKED,2023-11-26,2024-08-22T11:38:37.508Z,2023-11-26T13:43:01.629Z,2024-08-22T11:38:37.508Z
3966,7702918532,Moussa,Barry,Moussa Barry,M,1977-12-01,+22224783702,moussa.barry584@gmail.com,2,Nouakchott-Ouest,DORMANT,,ACTIVE,2022-11-04,2024-07-25T13:28:46.907Z,2022-11-04T23:04:05.879Z,2024-07-25T13:28:46.907Z
3967,8301138385,El Mokhtar,Sy,El Mokhtar Sy,M,1983-04-26,+22234405706,elmokhtar.sy554@yahoo.fr,1,Nouakchott-Nord,STANDARD,,ACTIVE,2023-08-20,2024-08-17T19:14:43.316Z,2023-08-20T05:55:02.002Z,2024-08-17T19:14:43.316Z
3968,8306540242,Djibril,Sène,Djibril Sène,M,1983-11-14,+22224762702,,6,Brakna,OCCASIONAL,,ACTIVE,2022-07-08,2024-06-28T01:38:02.473Z,2022-07-08T07:36:47.112Z,2024-06-28T01:38:02.473Z
3969,6802732660,Rokaya,Mint Moulaye,Rokaya Mint Moulaye,F,1968-04-16,+22244171974,,2,Nouakchott-Ouest,STANDARD,,ACTIVE,2022-11-03,2024-03-15T17:25:44.909Z,2022-11-03T08:10:27.616Z,2024-03-15T17:25:44.909Z
3970,6101285586,Noura,Mint Limam,Noura Mint Limam,F,1961-08-14,+22224272153,,1,Nouakchott-Nord,OCCASIONAL,,ACTIVE,2024-10-06,2024-10-27T23:21:59.507Z,2024-10-06T16:48:19.583Z,2024-10-27T23:21:59.507Z
3971,9902963727,Codou,Anne,Codou Anne,F,1999-08-04,+22233155072,codou.anne268@outlook.com,2,Nouakchott-Ouest,ACTIVE,,ACTIVE,2023-11-08,2023-12-16T17:26:41.434Z,2023-11-08T11:40:04.882Z,2023-12-16T17:26:41.434Z
3972,8402751838,Saad,Yatabaré,Saad Yatabaré,M,1984-01-27,+22225917256,saad.yatabaré946@gmail.com,2,Nouakchott-Ouest,OCCASIONAL,,PENDING_KYC,2024-12-01,2024-12-18T22:02:33.994Z,2024-12-01T13:31:26.436Z,2024-12-18T22:02:33.994Z
3973,7501971538,Aminetou,Bâ,Aminetou Bâ,F,1975-01-27,+22233728686,,1,Nouakchott-Nord,PREMIUM,,SUSPENDED,2024-11-20,2024-11-25T18:51:26.365Z,2024-11-20T00:25:25.391Z,2024-11-25T18:51:26.365Z
3974,6504200131,Awa,Sow,Awa Sow,F,1965-01-22,+22236691585,awa.sow10@hotmail.fr,4,Dakhlet Nouadhibou,OCCASIONAL,,ACTIVE,2024-03-14,2024-05-30T08:23:33.197Z,2024-03-14T23:40:07.977Z,2024-05-30T08:23:33.197Z
3975,8615548030,Aichetou,Thiaw,Aichetou Thiaw,F,1986-12-24,+22223774714,aichetou.thiaw968@hotmail.fr,15,Tiris Zemmour,ACTIVE,,ACTIVE,2024-09-20,2024-12-18T00:37:15.632Z,2024-09-20T06:01:06.282Z,2024-12-18T00:37:15.632Z
3976,6206350451,Defa,Thiam,Defa Thiam,F,1962-05-04,+22246164128,defa.thiam705@yahoo.fr,6,Brakna,STANDARD,,ACTIVE,2023-04-22,2023-07-21T15:29:59.576Z,2023-04-22T01:44:22.658Z,2023-07-21T15:29:59.576Z
3977,6702102615,Minetou,Mint Dah,Minetou Mint Dah,F,1967-12-20,+22222533731,,2,Nouakchott-Ouest,OCCASIONAL,,ACTIVE,2024-04-27,2024-07-15T04:54:13.463Z,2024-04-27T14:09:10.751Z,2024-07-15T04:54:13.463Z
3978,9602509764,Fatou,Fall,Fatou Fall,F,1996-10-03,+22235398221,fatou.fall890@yahoo.fr,2,Nouakchott-Ouest,STANDARD,,ACTIVE,2024-05-04,2024-08-15T14:31:19.042Z,2024-05-04T10:31:55.411Z,2024-08-15T14:31:19.042Z
3979,6807863165,Saadbouh,Ould Hamadi,Saadbouh Ould Hamadi,M,1968-01-03,+22237688914,,7,Gorgol,ACTIVE,,ACTIVE,2023-10-02,2024-07-19T01:20:58.795Z,2023-10-02T14:36:20.193Z,2024-07-19T01:20:58.795Z
3980,8115367326,Mariam,Diop,Mariam Diop,F,1981-03-24,+22232729098,mariam.diop697@outlook.com,15,Tiris Zemmour,STANDARD,,ACTIVE,2022-07-08,2024-12-16T21:38:04.296Z,2022-07-08T18:08:55.539Z,2024-12-16T21:38:04.296Z
3981,6402727211,Aissata,Mint Soufi,Aissata Mint Soufi,F,1964-10-09,+22225539159,aissata.mintsoufi750@outlook.com,2,Nouakchott-Ouest,ACTIVE,,ACTIVE,2022-10-12,2022-12-10T02:11:55.799Z,2022-10-12T22:16:38.958Z,2022-12-10T02:11:55.799Z
3982,6302353305,Mahmoud,Ould Ahmed,Mahmoud Ould Ahmed,M,1963-02-02,+22232369766,mahmoud.ouldahmed96@yahoo.fr,2,Nouakchott-Ouest,STANDARD,,ACTIVE,2023-06-22,2024-11-06T21:55:33.292Z,2023-06-22T19:12:37.165Z,2024-11-06T21:55:33.292Z
3983,7901546978,Thierno,Sy,Thierno Sy,M,1979-04-18,+22223174872,thierno.sy10@yahoo.fr,1,Nouakchott-Nord,STANDARD,,ACTIVE,2024-07-20,2024-10-31T15:53:46.008Z,2024-07-20T11:37:35.998Z,2024-10-31T15:53:46.008Z
3984,9804582501,Cheikh Sidiya,Ould Hadrami,Cheikh Sidiya Ould Hadrami,M,1998-06-23,+22222927445,,4,Dakhlet Nouadhibou,PREMIUM,,ACTIVE,2022-06-08,2023-07-28T11:01:18.208Z,2022-06-08T17:40:31.146Z,2023-07-28T11:01:18.208Z
3985,9703686357,Idrissa,Ba,Idrissa Ba,M,1997-05-07,+22247494542,,3,Nouakchott-Sud,ACTIVE,,ACTIVE,2022-07-09,2022-08-07T17:28:11.723Z,2022-07-09T06:21:37.777Z,2022-08-07T17:28:11.723Z
3986,7501489341,Isselmou,Ould Moulaye,Isselmou Ould Moulaye,M,1975-06-19,+22222383662,isselmou.ouldmoulaye430@hotmail.fr,1,Nouakchott-Nord,DORMANT,,ACTIVE,2023-01-23,2023-08-12T19:00:23.395Z,2023-01-23T09:52:41.049Z,2023-08-12T19:00:23.395Z
3987,8815254261,Mbareck,Ould Jiddou,Mbareck Ould Jiddou,M,1988-05-23,+22223709426,,15,Tiris Zemmour,STANDARD,,ACTIVE,2022-11-12,2023-07-24T21:49:23.063Z,2022-11-12T21:55:33.484Z,2023-07-24T21:49:23.063Z
3988,7402882247,Mokhtar,Ould Khalil,Mokhtar Ould Khalil,M,1974-10-27,+22236315717,,2,Nouakchott-Ouest,STANDARD,,ACTIVE,2024-03-26,2024-08-21T05:13:44.496Z,2024-03-26T14:21:18.587Z,2024-08-21T05:13:44.496Z
3989,9303271689,Adama,Fall,Adama Fall,M,1993-09-12,+22223314120,,3,Nouakchott-Sud,DORMANT,,ACTIVE,2023-05-06,2024-08-29T09:36:45.900Z,2023-05-06T05:14:50.139Z,2024-08-29T09:36:45.900Z
3990,6304151123,Oumou,Fofana,Oumou Fofana,F,1963-06-16,+22232038718,oumou.fofana559@hotmail.fr,4,Dakhlet Nouadhibou,STANDARD,,PENDING_KYC,2022-02-01,2024-11-30T00:08:07.556Z,2022-02-01T22:22:43.160Z,2024-11-30T00:08:07.556Z
3991,7602250248,Hawa,Sarr,Hawa Sarr,F,1976-06-28,+22222247675,,2,Nouakchott-Ouest,DORMANT,,ACTIVE,2024-10-25,2024-11-18T10:00:10.841Z,2024-10-25T21:56:38.514Z,2024-11-18T10:00:10.841Z
3992,0405719444,Ahmedou,Ould Ethmane,Ahmedou Ould Ethmane,M,2004-06-09,+22222978259,ahmedou.ouldethmane585@yahoo.fr,5,Trarza,ACTIVE,,ACTIVE,2022-06-05,2023-05-13T03:58:26.197Z,2022-06-05T03:43:57.590Z,2023-05-13T03:58:26.197Z
3993,8303667946,Mohamed,Sow,Mohamed Sow,M,1983-11-15,+22248318207,,3,Nouakchott-Sud,OCCASIONAL,,ACTIVE,2022-07-01,2023-07-04T23:56:46.203Z,2022-07-01T03:00:48.580Z,2023-07-04T23:56:46.203Z
3994,6402423269,Sekou,Guèye,Sekou Guèye,M,1964-11-14,+22224207574,,2,Nouakchott-Ouest,ACTIVE,,ACTIVE,2022-09-07,2024-08-02T11:01:15.516Z,2022-09-07T11:52:58.304Z,2024-08-02T11:01:15.516Z
3995,9405823449,Abeih,Ould Cheikh,Abeih Ould Cheikh,M,1994-11-13,+22222439073,abeih.ouldcheikh659@outlook.com,5,Trarza,STANDARD,,ACTIVE,2022-08-20,2022-09-13T11:06:32.670Z,2022-08-20T00:08:21.315Z,2022-09-13T11:06:32.670Z
3996,8202545297,Yahya,Ould Ahmedou,Yahya Ould Ahmedou,M,1982-03-23,+22224390357,,2,Nouakchott-Ouest,STANDARD,,ACTIVE,2024-04-30,2024-10-15T23:15:26.597Z,2024-04-30T23:44:33.315Z,2024-10-15T23:15:26.597Z
3997,9215377846,Jemila,Mint Ethmane,Jemila Mint Ethmane,F,1992-04-27,+22224757810,,15,Tiris Zemmour,STANDARD,,ACTIVE,2023-09-08,2023-11-24T20:01:54.307Z,2023-09-08T04:18:16.515Z,2023-11-24T20:01:54.307Z
3998,9501574179,Jemila,Diagana,Jemila Diagana,F,1995-08-20,+22225225750,jemila.diagana585@gmail.com,1,Nouakchott-Nord,ACTIVE,,ACTIVE,2023-10-05,2024-01-22T04:15:47.302Z,2023-10-05T20:18:54.765Z,2024-01-22T04:15:47.302Z
3999,6001479995,Coumba,Diagana,Coumba Diagana,F,1960-09-03,+22235490032,coumba.diagana969@hotmail.fr,1,Nouakchott-Nord,VIP,,PENDING_KYC,2023-05-05,2023-08-19T21:28:29.696Z,2023-05-05T18:02:25.368Z,2023-08-19T21:28:29.696Z
4000,8104945203,Cheikh,Ould Habiboullah,Cheikh Ould Habiboullah,M,1981-01-03,+22233964463,cheikh.ouldhabiboullah298@outlook.com,4,Dakhlet Nouadhibou,VIP,,INACTIVE,2023-01-17,2024-10-01T22:39:22.649Z,2023-01-17T04:25:50.884Z,2024-10-01T22:39:22.649Z
4001,7305752717,Tekber,Sakho,Tekber Sakho,F,1973-06-09,+22236954251,tekber.sakho49@hotmail.fr,5,Trarza,VIP,,ACTIVE,2024-03-19,2024-05-30T03:26:39.378Z,2024-03-19T17:50:17.688Z,2024-05-30T03:26:39.378Z
4002,6902558690,Kani,Yatabaré,Kani Yatabaré,F,1969-11-07,+22246306226,,2,Nouakchott-Ouest,STANDARD,,ACTIVE,2022-04-08,2022-05-25T03:33:58.424Z,2022-04-08T21:50:20.741Z,2022-05-25T03:33:58.424Z
4003,9304476902,Khadija,Yatabaré,Khadija Yatabaré,F,1993-01-08,+22224969419,,4,Dakhlet Nouadhibou,STANDARD,,ACTIVE,2024-12-07,2024-12-21T05:01:36.056Z,2024-12-07T13:38:35.284Z,2024-12-21T05:01:36.056Z
4004,0001008975,Gaoussou,Koita,Gaoussou Koita,M,2000-06-26,+22225219816,gaoussou.koita928@hotmail.fr,1,Nouakchott-Nord,OCCASIONAL,,ACTIVE,2023-09-10,2024-01-04T20:10:47.702Z,2023-09-10T17:49:48.151Z,2024-01-04T20:10:47.702Z
4005,9311185750,Malouma,Koita,Malouma Koita,F,1993-10-13,+22225417743,,11,Hodh El Gharbi,DORMANT,,ACTIVE,2022-07-15,2024-12-30T12:01:41.129Z,2022-07-15T14:14:36.707Z,2024-12-30T12:01:41.129Z
4006,8707943918,Naima,Sy,Naima Sy,F,1987-06-22,+22235151405,,7,Gorgol,STANDARD,,ACTIVE,2023-05-13,2023-11-11T06:37:19.197Z,2023-05-13T07:41:03.927Z,2023-11-11T06:37:19.197Z
4007,8302977231,Bilal,Fofana,Bilal Fofana,M,1983-05-07,+22225273952,,2,Nouakchott-Ouest,STANDARD,,ACTIVE,2023-08-11,2024-11-27T07:21:28.894Z,2023-08-11T03:43:55.073Z,2024-11-27T07:21:28.894Z
4008,7502173566,Babacar,Yatabaré,Babacar Yatabaré,M,1975-07-23,+22242242176,,2,Nouakchott-Ouest,OCCASIONAL,,ACTIVE,2023-05-09,2024-12-19T04:37:39.625Z,2023-05-09T11:56:23.232Z,2024-12-19T04:37:39.625Z
4009,9801224567,Leila,Thiam,Leila Thiam,F,1998-12-12,+22222635700,,1,Nouakchott-Nord,STANDARD,,ACTIVE,2024-01-03,2024-02-25T00:05:47.905Z,2024-01-03T20:19:21.497Z,2024-02-25T00:05:47.905Z
4010,8101963165,Zahra,Mint Hamoud,Zahra Mint Hamoud,F,1981-05-11,+22237981133,,1,Nouakchott-Nord,STANDARD,,ACTIVE,2023-05-31,2024-02-12T14:51:54.111Z,2023-05-31T18:35:29.650Z,2024-02-12T14:51:54.111Z
4011,6002000110,Brahim,Ould Ahmed,Brahim Ould Ahmed,M,1960-04-21,+22224979820,brahim.ouldahmed302@hotmail.fr,2,Nouakchott-Ouest,ACTIVE,,ACTIVE,2022-10-02,2023-06-13T11:02:54.147Z,2022-10-02T04:52:37.756Z,2023-06-13T11:02:54.147Z
4012,7102034254,Khalil,Ould Nagi,Khalil Ould Nagi,M,1971-12-22,+22225923181,,2,Nouakchott-Ouest,STANDARD,,ACTIVE,2022-12-21,2023-09-24T02:47:10.329Z,2022-12-21T09:20:14.037Z,2023-09-24T02:47:10.329Z
4013,8601884230,Demba,Baldé,Demba Baldé,M,1986-01-16,+22235941360,,1,Nouakchott-Nord,PREMIUM,,ACTIVE,2022-05-11,2024-03-16T04:49:34.054Z,2022-05-11T03:44:22.393Z,2024-03-16T04:49:34.054Z
4014,9601716167,Mounina,Mint Limam,Mounina Mint Limam,F,1996-06-02,+22223241016,,1,Nouakchott-Nord,STANDARD,,INACTIVE,2023-04-06,2023-10-19T01:13:23.811Z,2023-04-06T08:14:05.286Z,2023-10-19T01:13:23.811Z
4015,9103299441,Mamadou,Sy,Mamadou Sy,M,1991-10-05,+22223121916,,3,Nouakchott-Sud,DORMANT,,ACTIVE,2023-09-28,2023-12-04T06:34:35.093Z,2023-09-28T17:13:43.581Z,2023-12-04T06:34:35.093Z
4016,6101686086,Brahim,Ly,Brahim Ly,M,1961-12-17,+22249340916,,1,Nouakchott-Nord,STANDARD,,ACTIVE,2022-10-27,2023-08-13T23:42:29.148Z,2022-10-27T02:11:01.584Z,2023-08-13T23:42:29.148Z
4017,6901870854,Harouna,Dia,Harouna Dia,M,1969-03-13,+22233295565,,1,Nouakchott-Nord,STANDARD,,ACTIVE,2022-12-19,2024-04-07T00:51:08.618Z,2022-12-19T15:44:11.451Z,2024-04-07T00:51:08.618Z
4018,8903459255,Sidi Ahmed,Ould Ahmed,Sidi Ahmed Ould Ahmed,M,1989-03-14,+22223421599,,3,Nouakchott-Sud,STANDARD,,ACTIVE,2023-12-28,2024-03-21T09:14:53.766Z,2023-12-28T14:44:23.551Z,2024-03-21T09:14:53.766Z
4019,8715041488,Defa,Mint Tourad,Defa Mint Tourad,F,1987-04-27,+22222965699,defa.minttourad854@hotmail.fr,15,Tiris Zemmour,DORMANT,,ACTIVE,2022-05-11,2024-10-01T11:22:19.283Z,2022-05-11T04:04:46.425Z,2024-10-01T11:22:19.283Z
4020,7210537083,Meymouna,Sakho,Meymouna Sakho,F,1972-04-16,+22243074626,,10,Hodh Ech Chargui,STANDARD,,ACTIVE,2024-12-29,2024-12-30T04:15:23.100Z,2024-12-29T20:27:11.249Z,2024-12-30T04:15:23.100Z
4021,9001608116,Mohamed Lemine,Ndiaye,Mohamed Lemine Ndiaye,M,1990-06-11,+22233952908,,1,Nouakchott-Nord,ACTIVE,,ACTIVE,2023-01-01,2024-02-20T18:55:33.623Z,2023-01-01T06:17:10.567Z,2024-02-20T18:55:33.623Z
4022,9207514176,Ghalia,Mint Isselmou,Ghalia Mint Isselmou,F,1992-07-04,+22237075483,,7,Gorgol,ACTIVE,,ACTIVE,2023-09-05,2023-12-13T13:22:59.783Z,2023-09-05T02:02:16.632Z,2023-12-13T13:22:59.783Z
4023,7401589936,Cheikhna,Ould Mahmoud,Cheikhna Ould Mahmoud,M,1974-05-08,+22243631685,cheikhna.ouldmahmoud43@hotmail.fr,1,Nouakchott-Nord,STANDARD,,ACTIVE,2023-03-05,2023-07-28T14:27:11.801Z,2023-03-05T02:46:24.689Z,2023-07-28T14:27:11.801Z
4024,7803608945,Zeinab,Ndiaye,Zeinab Ndiaye,F,1978-02-23,+22235863080,zeinab.ndiaye221@yahoo.fr,3,Nouakchott-Sud,ACTIVE,,ACTIVE,2022-07-19,2024-04-12T01:56:50.954Z,2022-07-19T09:41:11.880Z,2024-04-12T01:56:50.954Z
4025,8501733265,Mohamed Mahmoud,Diarra,Mohamed Mahmoud Diarra,M,1985-08-06,+22236869736,,1,Nouakchott-Nord,STANDARD,,ACTIVE,2023-01-02,2024-03-25T04:14:56.621Z,2023-01-02T12:32:54.700Z,2024-03-25T04:14:56.621Z
4026,9503730377,Mounina,Doucouré,Mounina Doucouré,F,1995-03-25,+22232070063,mounina.doucouré218@yahoo.fr,3,Nouakchott-Sud,OCCASIONAL,,ACTIVE,2023-08-28,2024-02-09T18:05:08.678Z,2023-08-28T18:07:59.649Z,2024-02-09T18:05:08.678Z
4027,9601152228,Aissata,Bah,Aissata Bah,F,1996-09-15,+22247165607,,1,Nouakchott-Nord,ACTIVE,,SUSPENDED,2022-05-29,2024-01-27T11:00:51.685Z,2022-05-29T15:57:45.292Z,2024-01-27T11:00:51.685Z
4028,7702335276,Brahim,Dramé,Brahim Dramé,M,1977-08-21,+22224932508,brahim.dramé701@gmail.com,2,Nouakchott-Ouest,STANDARD,,ACTIVE,2023-12-04,2024-06-22T04:23:20.922Z,2023-12-04T20:40:11.980Z,2024-06-22T04:23:20.922Z
4029,7502607164,Vatma,Mint Vall,Vatma Mint Vall,F,1975-04-15,+22222806142,,2,Nouakchott-Ouest,ACTIVE,,ACTIVE,2022-12-15,2024-10-06T00:51:44.652Z,2022-12-15T22:28:34.330Z,2024-10-06T00:51:44.652Z
4030,7501157871,Brahim,Ould Dah,Brahim Ould Dah,M,1975-07-23,+22224127992,,1,Nouakchott-Nord,STANDARD,,ACTIVE,2023-07-16,2024-05-25T18:31:25.196Z,2023-07-16T00:36:59.624Z,2024-05-25T18:31:25.196Z
4031,9912462777,Mohamed Lemine,Ould Khalil,Mohamed Lemine Ould Khalil,M,1999-07-01,+22225864249,,12,Adrar,ACTIVE,,ACTIVE,2024-03-26,2024-09-14T06:35:07.017Z,2024-03-26T17:24:46.064Z,2024-09-14T06:35:07.017Z
4032,8115806627,Salif,Wade,Salif Wade,M,1981-07-08,+22222316421,,15,Tiris Zemmour,DORMANT,,ACTIVE,2022-11-23,2024-08-16T19:56:17.447Z,2022-11-23T18:16:55.623Z,2024-08-16T19:56:17.447Z
4033,8901445056,Rokaya,Mint Lemrabott,Rokaya Mint Lemrabott,F,1989-03-07,+22232745914,rokaya.mintlemrabott548@hotmail.fr,1,Nouakchott-Nord,DORMANT,,SUSPENDED,2023-05-05,2023-12-14T01:11:01.820Z,2023-05-05T13:47:32.194Z,2023-12-14T01:11:01.820Z
4034,9704610221,Kesso,Kanouté,Kesso Kanouté,F,1997-08-05,+22242225829,,4,Dakhlet Nouadhibou,ACTIVE,,ACTIVE,2023-12-20,2024-03-15T02:12:03.124Z,2023-12-20T21:04:48.912Z,2024-03-15T02:12:03.124Z
4035,6502095737,Coumba,Diagana,Coumba Diagana,F,1965-12-05,+22224810235,coumba.diagana163@gmail.com,2,Nouakchott-Ouest,OCCASIONAL,,ACTIVE,2024-11-04,2024-12-12T23:21:03.798Z,2024-11-04T11:59:24.528Z,2024-12-12T23:21:03.798Z
4036,0206476094,Boubacar,Diarra,Boubacar Diarra,M,2002-01-14,+22234494841,,6,Brakna,OCCASIONAL,,ACTIVE,2023-08-19,2024-09-02T09:37:51.824Z,2023-08-19T08:35:09.062Z,2024-09-02T09:37:51.824Z
4037,7102860138,Rokaya,Mint Nenni,Rokaya Mint Nenni,F,1971-11-16,+22223402286,rokaya.mintnenni767@yahoo.fr,2,Nouakchott-Ouest,STANDARD,,ACTIVE,2024-01-19,2024-02-03T10:09:01.559Z,2024-01-19T16:33:55.975Z,2024-02-03T10:09:01.559Z
4038,9302387529,Yacoub,Ould El Hacen,Yacoub Ould El Hacen,M,1993-03-19,+22223398809,,2,Nouakchott-Ouest,ACTIVE,,ACTIVE,2022-12-30,2024-02-13T15:24:25.017Z,2022-12-30T23:07:12.687Z,2024-02-13T15:24:25.017Z
4039,8001167193,Khadijetou,Mint El Hacen,Khadijetou Mint El Hacen,F,1980-02-10,+22244894930,,1,Nouakchott-Nord,STANDARD,,ACTIVE,2023-03-11,2024-09-08T14:03:37.429Z,2023-03-11T14:12:41.854Z,2024-09-08T14:03:37.429Z
4040,9401711957,Mariama,Sy,Mariama Sy,F,1994-06-03,+22223571686,,1,Nouakchott-Nord,ACTIVE,,ACTIVE,2024-07-08,2024-10-19T22:48:50.406Z,2024-07-08T09:45:19.565Z,2024-10-19T22:48:50.406Z
4041,0402157188,Mariam,Bah,Mariam Bah,F,2004-02-06,+22236957221,mariam.bah41@yahoo.fr,2,Nouakchott-Ouest,STANDARD,,ACTIVE,2022-06-11,2024-02-06T05:04:57.487Z,2022-06-11T09:11:15.951Z,2024-02-06T05:04:57.487Z
4042,7704895684,Zakaria,Sakho,Zakaria Sakho,M,1977-02-13,+22224672316,zakaria.sakho511@yahoo.fr,4,Dakhlet Nouadhibou,PREMIUM,,ACTIVE,2023-01-18,2023-01-19T11:03:22.957Z,2023-01-18T17:24:24.098Z,2023-01-19T11:03:22.957Z
4043,8904920327,Adama,Thiam,Adama Thiam,M,1989-08-13,+22235862091,adama.thiam44@gmail.com,4,Dakhlet Nouadhibou,STANDARD,,ACTIVE,2022-12-29,2023-02-23T18:21:33.136Z,2022-12-29T13:51:55.098Z,2023-02-23T18:21:33.136Z
4044,8102612066,Naha,Mint Horma,Naha Mint Horma,F,1981-04-21,+22237350294,,2,Nouakchott-Ouest,STANDARD,,ACTIVE,2022-08-20,2024-04-27T21:03:27.134Z,2022-08-20T21:36:41.772Z,2024-04-27T21:03:27.134Z
4045,0401608122,Cheikh,Diallo,Cheikh Diallo,M,2004-04-21,+22247139692,cheikh.diallo629@outlook.com,1,Nouakchott-Nord,STANDARD,,ACTIVE,2022-01-06,2024-06-10T23:13:01.625Z,2022-01-06T07:32:36.143Z,2024-06-10T23:13:01.625Z
4046,9102602617,Leila,Mint Mohamed,Leila Mint Mohamed,F,1991-12-16,+22241874455,,2,Nouakchott-Ouest,DORMANT,,ACTIVE,2023-04-08,2024-01-27T19:28:38.814Z,2023-04-08T22:49:48.411Z,2024-01-27T19:28:38.814Z
4047,7314862416,Abdel Aziz,Ould Nagi,Abdel Aziz Ould Nagi,M,1973-09-15,+22245819423,,14,Inchiri,ACTIVE,,ACTIVE,2024-04-16,2024-06-12T20:34:36.958Z,2024-04-16T22:01:36.937Z,2024-06-12T20:34:36.958Z
4048,8805039991,Vatma,Mint Lemrabott,Vatma Mint Lemrabott,F,1988-10-22,+22242807001,vatma.mintlemrabott722@hotmail.fr,5,Trarza,ACTIVE,,ACTIVE,2023-05-26,2024-12-09T16:39:20.950Z,2023-05-26T16:21:46.892Z,2024-12-09T16:39:20.950Z
4049,8501752794,Yahya,Ould Horma,Yahya Ould Horma,M,1985-01-20,+22234863365,,1,Nouakchott-Nord,OCCASIONAL,,PENDING_KYC,2022-08-18,2023-11-03T20:19:45.218Z,2022-08-18T05:49:16.031Z,2023-11-03T20:19:45.218Z
4050,9203454782,Kéba,Mbaye,Kéba Mbaye,M,1992-02-11,+22224040508,kéba.mbaye274@yahoo.fr,3,Nouakchott-Sud,STANDARD,,ACTIVE,2024-11-08,2024-11-24T14:16:29.856Z,2024-11-08T18:46:12.515Z,2024-11-24T14:16:29.856Z
4051,8307808543,Horma,Wade,Horma Wade,M,1983-10-24,+22223946887,,7,Gorgol,OCCASIONAL,,ACTIVE,2023-04-16,2024-11-18T23:29:49.016Z,2023-04-16T18:50:18.536Z,2024-11-18T23:29:49.016Z
4052,9902731607,Awa,Mbow,Awa Mbow,F,1999-02-22,+22223160465,,2,Nouakchott-Ouest,STANDARD,,BLOCKED,2024-06-26,2024-06-26T15:31:41.670Z,2024-06-26T12:31:51.451Z,2024-06-26T15:31:41.670Z
4053,9901010257,Mbarka,Diarra,Mbarka Diarra,F,1999-10-03,+22237151683,,1,Nouakchott-Nord,STANDARD,,ACTIVE,2023-03-11,2024-12-13T08:03:21.171Z,2023-03-11T18:34:06.945Z,2024-12-13T08:03:21.171Z
4054,0404913786,Leila,Mint Mokhtar,Leila Mint Mokhtar,F,2004-11-07,+22236500244,leila.mintmokhtar867@yahoo.fr,4,Dakhlet Nouadhibou,STANDARD,,ACTIVE,2024-01-29,2024-02-14T15:37:52.354Z,2024-01-29T19:07:04.374Z,2024-02-14T15:37:52.354Z
4055,0402306858,Mouna,Thiam,Mouna Thiam,F,2004-03-01,+22247445800,mouna.thiam424@outlook.com,2,Nouakchott-Ouest,PREMIUM,,ACTIVE,2022-02-26,2024-07-12T20:11:12.065Z,2022-02-26T12:34:59.417Z,2024-07-12T20:11:12.065Z
4056,0103484011,Fatima,Dia,Fatima Dia,F,2001-11-06,+22225802373,,3,Nouakchott-Sud,STANDARD,,ACTIVE,2024-10-19,2024-11-08T01:39:55.785Z,2024-10-19T11:31:04.544Z,2024-11-08T01:39:55.785Z
4057,7604685208,Mohamed Mahmoud,Ould Eleya,Mohamed Mahmoud Ould Eleya,M,1976-06-19,+22224373547,,4,Dakhlet Nouadhibou,OCCASIONAL,,ACTIVE,2023-06-05,2023-07-06T09:59:21.483Z,2023-06-05T00:59:21.702Z,2023-07-06T09:59:21.483Z
4058,8002526980,Taleb,Ould Habiboullah,Taleb Ould Habiboullah,M,1980-01-12,+22222737754,taleb.ouldhabiboullah776@hotmail.fr,2,Nouakchott-Ouest,ACTIVE,,ACTIVE,2024-05-01,2024-05-06T16:03:29.070Z,2024-05-01T21:26:48.355Z,2024-05-06T16:03:29.070Z
4059,6901622837,Assa,Sissoko,Assa Sissoko,F,1969-06-06,+22224360455,,1,Nouakchott-Nord,STANDARD,,ACTIVE,2023-07-27,2023-09-29T18:23:57.936Z,2023-07-27T05:35:27.961Z,2023-09-29T18:23:57.936Z
4060,8712786672,Anta,Ndiaye,Anta Ndiaye,F,1987-08-01,+22232744525,,12,Adrar,ACTIVE,,ACTIVE,2024-06-26,2024-07-19T00:36:59.725Z,2024-06-26T05:09:45.237Z,2024-07-19T00:36:59.725Z
4061,7802113541,Naima,Koné,Naima Koné,F,1978-03-01,+22223877288,,2,Nouakchott-Ouest,STANDARD,,ACTIVE,2022-09-03,2024-12-09T09:42:21.640Z,2022-09-03T00:17:15.797Z,2024-12-09T09:42:21.640Z
4062,7802933990,Naha,Mint Sidi,Naha Mint Sidi,F,1978-04-12,+22234133528,naha.mintsidi302@outlook.com,2,Nouakchott-Ouest,STANDARD,,ACTIVE,2022-10-08,2023-11-19T19:00:24.264Z,2022-10-08T11:22:31.742Z,2023-11-19T19:00:24.264Z
4063,9309744927,Rougui,Diop,Rougui Diop,F,1993-09-06,+22225822356,rougui.diop781@outlook.com,9,Assaba,ACTIVE,,ACTIVE,2023-04-19,2024-10-12T08:21:04.146Z,2023-04-19T14:58:04.518Z,2024-10-12T08:21:04.146Z
4064,9115687074,Demba,Kane,Demba Kane,M,1991-09-05,+22224271922,,15,Tiris Zemmour,STANDARD,,ACTIVE,2023-03-04,2024-07-05T20:06:33.123Z,2023-03-04T11:10:50.857Z,2024-07-05T20:06:33.123Z
4065,9802141364,Mbarka,Koita,Mbarka Koita,F,1998-11-18,+22233815085,,2,Nouakchott-Ouest,STANDARD,,ACTIVE,2024-08-11,2024-12-10T03:50:15.175Z,2024-08-11T04:10:10.904Z,2024-12-10T03:50:15.175Z
4066,6104140578,Saadbouh,Ould Limam,Saadbouh Ould Limam,M,1961-03-19,+22246158090,,4,Dakhlet Nouadhibou,STANDARD,,ACTIVE,2023-07-02,2023-08-29T18:38:57.212Z,2023-07-02T18:23:50.009Z,2023-08-29T18:38:57.212Z
4067,7701734379,Jemila,Diop,Jemila Diop,F,1977-08-07,+22237028979,jemila.diop768@yahoo.fr,1,Nouakchott-Nord,OCCASIONAL,,ACTIVE,2023-02-21,2023-03-26T14:53:31.346Z,2023-02-21T21:50:20.501Z,2023-03-26T14:53:31.346Z
4068,8707633060,Mohamed Salem,Ould Abeih,Mohamed Salem Ould Abeih,M,1987-06-23,+22224846817,,7,Gorgol,OCCASIONAL,,ACTIVE,2024-09-27,2024-10-28T17:45:03.811Z,2024-09-27T01:00:17.803Z,2024-10-28T17:45:03.811Z
4069,6804483003,Rokaya,Mint Abeih,Rokaya Mint Abeih,F,1968-03-19,+22223635276,rokaya.mintabeih599@yahoo.fr,4,Dakhlet Nouadhibou,STANDARD,,SUSPENDED,2024-09-07,2024-12-20T19:06:41.644Z,2024-09-07T22:17:39.440Z,2024-12-20T19:06:41.644Z
4070,0101249771,Coumba,Diallo,Coumba Diallo,F,2001-01-16,+22223088265,,1,Nouakchott-Nord,STANDARD,,BLOCKED,2022-08-27,2024-07-11T21:12:55.332Z,2022-08-27T04:49:35.635Z,2024-07-11T21:12:55.332Z
4071,9402644032,Aïssata,Soumaré,Aïssata Soumaré,F,1994-10-04,+22232367496,,2,Nouakchott-Ouest,STANDARD,,ACTIVE,2022-09-24,2024-02-27T05:23:40.187Z,2022-09-24T13:57:28.989Z,2024-02-27T05:23:40.187Z
4072,9211172665,Oumou,Mint Hadrami,Oumou Mint Hadrami,F,1992-08-08,+22223413977,,11,Hodh El Gharbi,OCCASIONAL,,ACTIVE,2024-10-28,2024-11-29T17:11:46.826Z,2024-10-28T06:27:02.550Z,2024-11-29T17:11:46.826Z
4073,9402148570,Salem,Anne,Salem Anne,M,1994-05-14,+22236767761,,2,Nouakchott-Ouest,DORMANT,,ACTIVE,2022-11-26,2023-12-12T05:50:01.377Z,2022-11-26T10:50:01.955Z,2023-12-12T05:50:01.377Z
4074,8302129386,Mariem,Mint Brahim,Mariem Mint Brahim,F,1983-05-06,+22232401886,,2,Nouakchott-Ouest,DORMANT,,ACTIVE,2022-08-19,2023-07-15T01:56:55.312Z,2022-08-19T12:46:46.734Z,2023-07-15T01:56:55.312Z
4075,8515719466,Mahjouba,Mint Nagi,Mahjouba Mint Nagi,F,1985-02-14,+22241070258,mahjouba.mintnagi679@outlook.com,15,Tiris Zemmour,DORMANT,,ACTIVE,2022-09-30,2023-02-10T01:47:34.250Z,2022-09-30T07:03:12.220Z,2023-02-10T01:47:34.250Z
4076,7703295700,Abdoulaye,Tall,Abdoulaye Tall,M,1977-05-14,+22237803232,,3,Nouakchott-Sud,ACTIVE,,ACTIVE,2022-09-02,2022-12-17T03:52:32.106Z,2022-09-02T07:09:38.137Z,2022-12-17T03:52:32.106Z
4077,8904007615,Habiba,Mint El Ghassem,Habiba Mint El Ghassem,F,1989-12-27,+22222136967,habiba.mintelghassem142@yahoo.fr,4,Dakhlet Nouadhibou,PREMIUM,,ACTIVE,2023-12-22,2024-12-13T18:47:19.173Z,2023-12-22T20:57:41.683Z,2024-12-13T18:47:19.173Z
4078,6301503839,Pathé,Diarra,Pathé Diarra,M,1963-09-08,+22237377417,,1,Nouakchott-Nord,OCCASIONAL,,ACTIVE,2023-07-27,2024-05-26T13:01:35.151Z,2023-07-27T07:54:33.794Z,2024-05-26T13:01:35.151Z
4079,7001323804,Ndongo,Sow,Ndongo Sow,M,1970-10-28,+22225277240,ndongo.sow293@hotmail.fr,1,Nouakchott-Nord,DORMANT,,ACTIVE,2022-03-31,2024-12-21T22:49:27.749Z,2022-03-31T12:30:13.355Z,2024-12-21T22:49:27.749Z
4080,7401177298,Khadijetou,Mint Isselmou,Khadijetou Mint Isselmou,F,1974-09-07,+22247069908,khadijetou.mintisselmou543@yahoo.fr,1,Nouakchott-Nord,ACTIVE,,ACTIVE,2023-09-12,2024-06-22T05:43:20.364Z,2023-09-12T00:12:54.952Z,2024-06-22T05:43:20.364Z
4081,9302205753,Mohamed Vall,Barry,Mohamed Vall Barry,M,1993-08-28,+22223405214,,2,Nouakchott-Ouest,OCCASIONAL,,ACTIVE,2024-07-01,2024-11-06T04:49:23.258Z,2024-07-01T09:00:10.604Z,2024-11-06T04:49:23.258Z
4082,0103852380,Khady,Mbaye,Khady Mbaye,F,2001-05-25,+22246421936,khady.mbaye75@outlook.com,3,Nouakchott-Sud,ACTIVE,,ACTIVE,2023-12-07,2023-12-26T10:07:40.693Z,2023-12-07T09:31:30.092Z,2023-12-26T10:07:40.693Z
4083,6204020206,Abdallah,Ould Ghali,Abdallah Ould Ghali,M,1962-10-15,+22249864930,abdallah.ouldghali44@hotmail.fr,4,Dakhlet Nouadhibou,OCCASIONAL,,SUSPENDED,2023-08-14,2024-01-03T17:15:29.207Z,2023-08-14T12:40:06.142Z,2024-01-03T17:15:29.207Z
4084,8207594049,Boubacar,Ndour,Boubacar Ndour,M,1982-01-14,+22237913814,,7,Gorgol,ACTIVE,,ACTIVE,2024-02-12,2024-09-16T06:14:27.123Z,2024-02-12T09:17:40.496Z,2024-09-16T06:14:27.123Z
4085,0003986950,Naha,Mint Wedadi,Naha Mint Wedadi,F,2000-07-10,+22236558716,,3,Nouakchott-Sud,STANDARD,,ACTIVE,2022-01-09,2024-07-24T10:47:35.057Z,2022-01-09T00:14:43.826Z,2024-07-24T10:47:35.057Z
4086,6009494574,Ismaila,Sy,Ismaila Sy,M,1960-11-09,+22222041426,ismaila.sy459@yahoo.fr,9,Assaba,DORMANT,,ACTIVE,2022-07-23,2024-05-21T23:25:44.294Z,2022-07-23T16:35:19.715Z,2024-05-21T23:25:44.294Z
4087,9215141902,Vall,Diop,Vall Diop,M,1992-10-03,+22243435731,,15,Tiris Zemmour,DORMANT,,ACTIVE,2023-11-18,2024-06-26T05:31:50.993Z,2023-11-18T05:15:03.931Z,2024-06-26T05:31:50.993Z
4088,6002426550,Lassana,Kane,Lassana Kane,M,1960-04-15,+22224991461,lassana.kane731@yahoo.fr,2,Nouakchott-Ouest,ACTIVE,,ACTIVE,2022-01-14,2024-06-17T01:24:34.245Z,2022-01-14T01:47:22.307Z,2024-06-17T01:24:34.245Z
4089,8511926013,Hacen,Camara,Hacen Camara,M,1985-05-19,+22234992208,,11,Hodh El Gharbi,STANDARD,,ACTIVE,2022-11-15,2023-05-05T03:53:52.400Z,2022-11-15T21:40:37.010Z,2023-05-05T03:53:52.400Z
4090,8704547746,Wedadi,Ould Bouha,Wedadi Ould Bouha,M,1987-10-21,+22224202063,,4,Dakhlet Nouadhibou,OCCASIONAL,,ACTIVE,2023-01-10,2023-02-05T01:58:08.900Z,2023-01-10T05:48:42.344Z,2023-02-05T01:58:08.900Z
4091,0214597143,Khadija,Mint Lemrabott,Khadija Mint Lemrabott,F,2002-11-14,+22234358128,,14,Inchiri,ACTIVE,,ACTIVE,2022-05-22,2022-08-01T02:36:10.122Z,2022-05-22T21:58:14.585Z,2022-08-01T02:36:10.122Z
4092,8605922473,Mbareck,Diakité,Mbareck Diakité,M,1986-08-11,+22225276998,,5,Trarza,DORMANT,,ACTIVE,2023-05-13,2024-05-08T15:56:27.365Z,2023-05-13T20:06:10.523Z,2024-05-08T15:56:27.365Z
4093,6902206342,Lamine,Bâ,Lamine Bâ,M,1969-04-17,+22232162959,lamine.bâ285@gmail.com,2,Nouakchott-Ouest,ACTIVE,,ACTIVE,2022-04-27,2022-12-04T10:29:32.142Z,2022-04-27T00:51:50.632Z,2022-12-04T10:29:32.142Z
4094,7301966350,Safiya,Mint Khalil,Safiya Mint Khalil,F,1973-10-24,+22234883625,safiya.mintkhalil760@yahoo.fr,1,Nouakchott-Nord,DORMANT,,ACTIVE,2022-10-30,2024-12-19T15:03:52.682Z,2022-10-30T00:57:48.883Z,2024-12-19T15:03:52.682Z
4095,6401490251,Malick,Bathily,Malick Bathily,M,1964-12-14,+22232785272,,1,Nouakchott-Nord,STANDARD,,ACTIVE,2022-01-25,2024-12-27T14:26:17.033Z,2022-01-25T05:30:05.549Z,2024-12-27T14:26:17.033Z
4096,9603130293,Koumba,Sarr,Koumba Sarr,F,1996-08-21,+22225081209,koumba.sarr161@yahoo.fr,3,Nouakchott-Sud,ACTIVE,,BLOCKED,2023-01-21,2024-06-27T20:49:08.331Z,2023-01-21T23:49:27.532Z,2024-06-27T20:49:08.331Z
4097,9301814938,Ely,Sarr,Ely Sarr,M,1993-11-15,+22237017256,,1,Nouakchott-Nord,STANDARD,,ACTIVE,2022-12-26,2024-06-20T19:17:42.935Z,2022-12-26T08:44:40.819Z,2024-06-20T19:17:42.935Z
4098,9415293272,Abdel Aziz,Ould Salem,Abdel Aziz Ould Salem,M,1994-01-27,+22223553120,abdelaziz.ouldsalem942@gmail.com,15,Tiris Zemmour,DORMANT,,ACTIVE,2024-11-27,2024-12-21T22:23:07.792Z,2024-11-27T08:04:48.581Z,2024-12-21T22:23:07.792Z
4099,7915899367,Demba,Ndiaye,Demba Ndiaye,M,1979-03-05,+22237633409,demba.ndiaye389@yahoo.fr,15,Tiris Zemmour,ACTIVE,,PENDING_KYC,2022-01-29,2024-03-22T01:34:09.297Z,2022-01-29T10:23:49.727Z,2024-03-22T01:34:09.297Z
4100,7701289194,Oumar,Bâ,Oumar Bâ,M,1977-09-19,+22248790003,oumar.bâ799@yahoo.fr,1,Nouakchott-Nord,OCCASIONAL,,BLOCKED,2024-01-17,2024-04-28T21:59:49.042Z,2024-01-17T19:48:58.845Z,2024-04-28T21:59:49.042Z
4101,8101207267,Mountaga,Kanouté,Mountaga Kanouté,M,1981-10-25,+22222337022,,1,Nouakchott-Nord,STANDARD,,ACTIVE,2022-02-15,2024-07-12T12:38:43.871Z,2022-02-15T02:44:47.388Z,2024-07-12T12:38:43.871Z
4102,6315715446,Cheikh Sidiya,Ould Lemrabott,Cheikh Sidiya Ould Lemrabott,M,1963-11-02,+22223397733,cheikhsidiya.ouldlemrabott400@outlook.com,15,Tiris Zemmour,OCCASIONAL,,ACTIVE,2022-05-26,2024-04-24T17:21:24.566Z,2022-05-26T06:21:46.075Z,2024-04-24T17:21:24.566Z
4103,6413860783,Moustapha,Ould El Hacen,Moustapha Ould El Hacen,M,1964-10-28,+22223071494,,13,Tagant,STANDARD,,ACTIVE,2022-11-27,2023-05-16T05:04:47.219Z,2022-11-27T13:29:27.754Z,2023-05-16T05:04:47.219Z
4104,0504219708,Koumba,Wade,Koumba Wade,F,2005-02-24,+22223080108,koumba.wade866@outlook.com,4,Dakhlet Nouadhibou,OCCASIONAL,,ACTIVE,2022-01-28,2022-07-10T00:48:23.098Z,2022-01-28T02:37:49.261Z,2022-07-10T00:48:23.098Z
4105,0304978562,Aminetou,Mint Abeih,Aminetou Mint Abeih,F,2003-03-01,+22243659999,aminetou.mintabeih998@gmail.com,4,Dakhlet Nouadhibou,OCCASIONAL,,PENDING_KYC,2024-10-10,2024-10-25T23:10:44.339Z,2024-10-10T18:03:27.270Z,2024-10-25T23:10:44.339Z
4106,0401789481,Madou,Dia,Madou Dia,M,2004-09-13,+22236278540,,1,Nouakchott-Nord,PREMIUM,,ACTIVE,2022-04-22,2023-08-31T08:53:54.082Z,2022-04-22T02:07:59.931Z,2023-08-31T08:53:54.082Z
4107,8801143869,Jemila,Mint Moulaye,Jemila Mint Moulaye,F,1988-08-10,+22232614161,,1,Nouakchott-Nord,STANDARD,,ACTIVE,2022-06-04,2024-02-28T12:26:52.502Z,2022-06-04T21:15:59.483Z,2024-02-28T12:26:52.502Z
4108,6101162658,Mariama,Sène,Mariama Sène,F,1961-04-23,+22248834531,mariama.sène322@hotmail.fr,1,Nouakchott-Nord,STANDARD,,ACTIVE,2024-08-06,2024-09-29T20:04:36.678Z,2024-08-06T08:21:51.531Z,2024-09-29T20:04:36.678Z
4109,8002453002,El Khalil,Ould Isselmou,El Khalil Ould Isselmou,M,1980-12-12,+22236434244,elkhalil.ouldisselmou393@gmail.com,2,Nouakchott-Ouest,OCCASIONAL,,ACTIVE,2024-07-27,2024-10-04T17:11:16.384Z,2024-07-27T06:46:14.246Z,2024-10-04T17:11:16.384Z
4110,6903852126,Isselmou,Ould Taleb,Isselmou Ould Taleb,M,1969-03-27,+22245520269,,3,Nouakchott-Sud,STANDARD,,ACTIVE,2023-01-07,2024-11-02T14:05:34.394Z,2023-01-07T13:52:03.974Z,2024-11-02T14:05:34.394Z
4111,7604612062,Yero,Bâ,Yero Bâ,M,1976-04-01,+22232073496,,4,Dakhlet Nouadhibou,STANDARD,,INACTIVE,2023-04-24,2023-07-31T03:48:06.629Z,2023-04-24T11:55:20.506Z,2023-07-31T03:48:06.629Z
4112,6506645024,Fanta,Faye,Fanta Faye,F,1965-01-19,+22242527660,,6,Brakna,OCCASIONAL,,ACTIVE,2024-03-18,2024-12-09T06:57:31.928Z,2024-03-18T01:41:39.442Z,2024-12-09T06:57:31.928Z
4113,8605402926,Mbareck,Diallo,Mbareck Diallo,M,1986-11-17,+22223483253,mbareck.diallo432@yahoo.fr,5,Trarza,STANDARD,,ACTIVE,2024-06-07,2024-09-28T19:46:43.128Z,2024-06-07T00:05:23.147Z,2024-09-28T19:46:43.128Z
4114,0002980650,Mohamed Mahmoud,Ould Ghali,Mohamed Mahmoud Ould Ghali,M,2000-04-04,+22234262630,mohamedmahmoud.ouldghali843@yahoo.fr,2,Nouakchott-Ouest,STANDARD,,ACTIVE,2022-06-12,2023-07-07T16:26:59.474Z,2022-06-12T06:33:43.966Z,2023-07-07T16:26:59.474Z
4115,8103688453,Cheibany,Ould El Hacen,Cheibany Ould El Hacen,M,1981-03-07,+22222529798,,3,Nouakchott-Sud,ACTIVE,,ACTIVE,2022-02-18,2024-11-29T16:04:35.955Z,2022-02-18T04:02:19.765Z,2024-11-29T16:04:35.955Z
4116,7601987604,Adama,Dia,Adama Dia,F,1976-10-21,+22234689295,,1,Nouakchott-Nord,OCCASIONAL,,ACTIVE,2024-11-18,2024-12-08T03:08:01.944Z,2024-11-18T03:08:19.697Z,2024-12-08T03:08:01.944Z
4117,8904528703,Safi,Fall,Safi Fall,F,1989-01-15,+22236112613,,4,Dakhlet Nouadhibou,OCCASIONAL,,ACTIVE,2022-10-25,2023-04-12T22:46:36.591Z,2022-10-25T12:56:38.186Z,2023-04-12T22:46:36.591Z
4118,7803830706,Tamba,Kane,Tamba Kane,M,1978-10-14,+22225941353,,3,Nouakchott-Sud,OCCASIONAL,,ACTIVE,2023-04-17,2024-03-21T13:29:47.839Z,2023-04-17T11:55:07.023Z,2024-03-21T13:29:47.839Z
4119,0203311730,Habiba,Mint Moulaye,Habiba Mint Moulaye,F,2002-03-25,+22247329589,habiba.mintmoulaye722@yahoo.fr,3,Nouakchott-Sud,OCCASIONAL,,ACTIVE,2023-09-27,2024-05-03T05:57:00.420Z,2023-09-27T19:38:17.374Z,2024-05-03T05:57:00.420Z
4120,8303040198,Thierno,Diallo,Thierno Diallo,M,1983-08-13,+22224058342,,3,Nouakchott-Sud,STANDARD,,ACTIVE,2022-01-19,2022-06-29T17:25:15.541Z,2022-01-19T20:58:42.163Z,2022-06-29T17:25:15.541Z
4121,8905580386,Noura,Mint Mokhtar,Noura Mint Mokhtar,F,1989-05-20,+22237388485,,5,Trarza,OCCASIONAL,,ACTIVE,2023-05-18,2024-02-27T07:31:11.088Z,2023-05-18T07:34:21.905Z,2024-02-27T07:31:11.088Z
4122,8204179753,Coumba,Sall,Coumba Sall,F,1982-12-16,+22222522958,,4,Dakhlet Nouadhibou,ACTIVE,,SUSPENDED,2022-08-31,2024-01-08T07:11:52.538Z,2022-08-31T09:28:42.938Z,2024-01-08T07:11:52.538Z
4123,9107820074,Zahra,Mint Mokhtar,Zahra Mint Mokhtar,F,1991-01-17,+22235927372,,7,Gorgol,STANDARD,,ACTIVE,2022-04-01,2022-11-12T20:25:13.443Z,2022-04-01T05:16:25.305Z,2022-11-12T20:25:13.443Z
4124,8103323684,Mahamadou,Ly,Mahamadou Ly,M,1981-08-05,+22234543093,,3,Nouakchott-Sud,OCCASIONAL,,ACTIVE,2023-09-14,2024-01-31T02:35:17.443Z,2023-09-14T01:25:12.434Z,2024-01-31T02:35:17.443Z
4125,7514206162,Abdellahi,Touré,Abdellahi Touré,M,1975-04-28,+22234439340,abdellahi.touré121@yahoo.fr,14,Inchiri,ACTIVE,,PENDING_KYC,2022-07-26,2024-02-11T09:13:01.005Z,2022-07-26T01:03:45.331Z,2024-02-11T09:13:01.005Z
4126,6602678016,Mahjouba,Mint Maloum,Mahjouba Mint Maloum,F,1966-09-17,+22236077312,,2,Nouakchott-Ouest,ACTIVE,,ACTIVE,2022-01-31,2023-04-01T19:26:05.797Z,2022-01-31T16:42:39.056Z,2023-04-01T19:26:05.797Z
4127,8805222456,Abdel Aziz,Ould Khalil,Abdel Aziz Ould Khalil,M,1988-03-17,+22224355595,abdelaziz.ouldkhalil868@hotmail.fr,5,Trarza,STANDARD,,PENDING_KYC,2023-08-15,2024-02-21T22:25:11.858Z,2023-08-15T01:44:29.873Z,2024-02-21T22:25:11.858Z
4128,9007396699,Saleck,Ould Abeih,Saleck Ould Abeih,M,1990-05-17,+22237194839,saleck.ouldabeih332@yahoo.fr,7,Gorgol,STANDARD,,SUSPENDED,2022-11-23,2023-03-29T13:26:02.684Z,2022-11-23T11:28:05.642Z,2023-03-29T13:26:02.684Z
4129,8103090135,Cheikh,Ould Moulaye,Cheikh Ould Moulaye,M,1981-07-15,+22235490622,,3,Nouakchott-Sud,STANDARD,,ACTIVE,2023-03-28,2023-09-11T06:19:58.170Z,2023-03-28T06:03:54.747Z,2023-09-11T06:19:58.170Z
4130,6603741737,Habiboullah,Ould Lemrabott,Habiboullah Ould Lemrabott,M,1966-12-12,+22222147327,,3,Nouakchott-Sud,STANDARD,,PENDING_KYC,2023-02-08,2024-11-09T19:44:09.959Z,2023-02-08T22:38:13.947Z,2024-11-09T19:44:09.959Z
4131,8706866900,Sira,Ly,Sira Ly,F,1987-09-05,+22225751760,sira.ly455@gmail.com,6,Brakna,ACTIVE,,ACTIVE,2022-11-10,2023-03-01T16:36:48.977Z,2022-11-10T16:05:31.122Z,2023-03-01T16:36:48.977Z
4132,7315781776,Ahmed Baba,Ould Jiddou,Ahmed Baba Ould Jiddou,M,1973-05-20,+22247643187,,15,Tiris Zemmour,STANDARD,,ACTIVE,2024-04-10,2024-05-20T20:54:40.778Z,2024-04-10T21:00:17.161Z,2024-05-20T20:54:40.778Z
4133,8912237484,Kelthoum,Anne,Kelthoum Anne,F,1989-04-16,+22224463060,,12,Adrar,OCCASIONAL,,INACTIVE,2023-05-11,2023-07-09T21:26:23.212Z,2023-05-11T06:40:39.788Z,2023-07-09T21:26:23.212Z
4134,9807284806,Youssouf,Sall,Youssouf Sall,M,1998-09-28,+22225302828,,7,Gorgol,VIP,,ACTIVE,2023-01-27,2023-12-07T01:37:40.309Z,2023-01-27T17:49:44.246Z,2023-12-07T01:37:40.309Z
4135,6304849183,Oumou,Mbow,Oumou Mbow,F,1963-08-04,+22234736747,oumou.mbow537@yahoo.fr,4,Dakhlet Nouadhibou,STANDARD,,ACTIVE,2022-02-12,2024-12-13T14:20:17.903Z,2022-02-12T09:40:28.883Z,2024-12-13T14:20:17.903Z
4136,6104545319,Salem,Ould Limam,Salem Ould Limam,M,1961-07-17,+22235968386,,4,Dakhlet Nouadhibou,OCCASIONAL,,ACTIVE,2023-04-03,2023-09-27T21:30:29.153Z,2023-04-03T22:33:34.499Z,2023-09-27T21:30:29.153Z
4137,8602287430,Mbarka,Sarr,Mbarka Sarr,F,1986-11-21,+22248655697,mbarka.sarr987@hotmail.fr,2,Nouakchott-Ouest,STANDARD,,BLOCKED,2022-06-19,2023-05-05T22:55:19.871Z,2022-06-19T07:47:38.484Z,2023-05-05T22:55:19.871Z
4138,6706650639,Abeih,Ould Mohamed,Abeih Ould Mohamed,M,1967-12-05,+22224838287,abeih.ouldmohamed377@hotmail.fr,6,Brakna,ACTIVE,,INACTIVE,2023-11-20,2024-06-05T14:55:36.814Z,2023-11-20T19:43:46.945Z,2024-06-05T14:55:36.814Z
4139,0403063422,Pape,Fofana,Pape Fofana,M,2004-09-08,+22222473475,,3,Nouakchott-Sud,ACTIVE,,ACTIVE,2024-11-28,2024-12-05T15:22:41.478Z,2024-11-28T17:20:06.169Z,2024-12-05T15:22:41.478Z
4140,8005953437,El Khalil,Ould Nagi,El Khalil Ould Nagi,M,1980-04-28,+22223474228,,5,Trarza,DORMANT,,ACTIVE,2023-10-03,2023-10-07T11:40:19.563Z,2023-10-03T01:12:59.296Z,2023-10-07T11:40:19.563Z
4141,6401102318,Vatma,Mint Sidi,Vatma Mint Sidi,F,1964-09-27,+22233908529,vatma.mintsidi990@gmail.com,1,Nouakchott-Nord,STANDARD,,ACTIVE,2023-08-30,2024-02-20T12:39:31.500Z,2023-08-30T08:06:13.677Z,2024-02-20T12:39:31.500Z
4142,8610852099,Kadiatou,Gaye,Kadiatou Gaye,F,1986-05-07,+22237540242,kadiatou.gaye575@hotmail.fr,10,Hodh Ech Chargui,STANDARD,,ACTIVE,2023-06-15,2023-09-20T10:57:29.117Z,2023-06-15T08:21:27.441Z,2023-09-20T10:57:29.117Z
4143,6802903895,Rokaya,Mint Moulaye,Rokaya Mint Moulaye,F,1968-04-16,+22222472002,,2,Nouakchott-Ouest,OCCASIONAL,,ACTIVE,2023-11-23,2024-12-22T21:59:19.484Z,2023-11-23T23:23:22.786Z,2024-12-22T21:59:19.484Z
4144,6101034511,Noura,Mint Limam,Noura Mint Limam,F,1961-08-14,+22222482970,,1,Nouakchott-Nord,ACTIVE,,SUSPENDED,2022-09-20,2023-07-29T15:28:48.528Z,2022-09-20T02:04:00.696Z,2023-07-29T15:28:48.528Z
4145,7802155075,Noura,Sall,Noura Sall,F,1978-12-27,+22236785927,,2,Nouakchott-Ouest,STANDARD,,ACTIVE,2022-03-28,2024-03-16T04:42:27.231Z,2022-03-28T22:57:56.606Z,2024-03-16T04:42:27.231Z
4146,0206901109,Naima,Mint Moulaye,Naima Mint Moulaye,F,2002-04-03,+22232823460,,6,Brakna,OCCASIONAL,,ACTIVE,2023-11-08,2024-12-06T02:01:39.423Z,2023-11-08T22:29:02.704Z,2024-12-06T02:01:39.423Z
4147,8802193359,Mohamed Lemine,Ould Hadrami,Mohamed Lemine Ould Hadrami,M,1988-03-01,+22233971534,,2,Nouakchott-Ouest,OCCASIONAL,,PENDING_KYC,2024-05-03,2024-12-12T14:08:01.550Z,2024-05-03T06:56:06.166Z,2024-12-12T14:08:01.550Z
4148,8701692935,Mariam,Mint Abdel Aziz,Mariam Mint Abdel Aziz,F,1987-11-04,+22222503212,,1,Nouakchott-Nord,STANDARD,,ACTIVE,2022-10-05,2023-07-24T17:54:52.792Z,2022-10-05T12:44:42.975Z,2023-07-24T17:54:52.792Z
4149,8915839317,Nouh,Faye,Nouh Faye,M,1989-06-08,+22242067999,,15,Tiris Zemmour,OCCASIONAL,,ACTIVE,2024-11-26,2024-12-24T13:56:57.451Z,2024-11-26T21:11:17.264Z,2024-12-24T13:56:57.451Z
4150,0406045098,Thierno,Bâ,Thierno Bâ,M,2004-11-18,+22234984035,,6,Brakna,OCCASIONAL,,ACTIVE,2023-11-27,2024-04-18T20:12:35.374Z,2023-11-27T04:46:01.874Z,2024-04-18T20:12:35.374Z
4151,0303684655,Zeinab,Soumaré,Zeinab Soumaré,F,2003-12-07,+22223979339,zeinab.soumaré140@gmail.com,3,Nouakchott-Sud,STANDARD,,ACTIVE,2022-12-13,2024-01-04T20:50:36.106Z,2022-12-13T11:01:51.387Z,2024-01-04T20:50:36.106Z
4152,0108195880,Saidou,Doucouré,Saidou Doucouré,M,2001-05-22,+22224557010,,8,Guidimaka,STANDARD,,INACTIVE,2023-03-18,2024-04-15T07:55:26.926Z,2023-03-18T18:30:34.865Z,2024-04-15T07:55:26.926Z
4153,6908059322,Alassane,Gaye,Alassane Gaye,M,1969-02-14,+22246942241,,8,Guidimaka,STANDARD,,PENDING_KYC,2024-03-30,2024-09-07T09:25:35.925Z,2024-03-30T10:10:41.236Z,2024-09-07T09:25:35.925Z
4154,7402988873,Seynabou,Koné,Seynabou Koné,F,1974-09-14,+22234751334,seynabou.koné729@gmail.com,2,Nouakchott-Ouest,STANDARD,,ACTIVE,2023-09-11,2024-10-28T02:52:57.596Z,2023-09-11T20:52:12.705Z,2024-10-28T02:52:57.596Z
4155,6506317738,Minetou,Mint Mohamed,Minetou Mint Mohamed,F,1965-09-03,+22225727217,minetou.mintmohamed968@outlook.com,6,Brakna,OCCASIONAL,,ACTIVE,2022-08-13,2023-01-02T03:36:11.275Z,2022-08-13T19:11:44.112Z,2023-01-02T03:36:11.275Z
4156,7101406672,Nouh,Ould Khalil,Nouh Ould Khalil,M,1971-08-01,+22223708203,nouh.ouldkhalil370@yahoo.fr,1,Nouakchott-Nord,OCCASIONAL,,ACTIVE,2022-05-15,2022-10-03T13:46:15.043Z,2022-05-15T03:04:36.310Z,2022-10-03T13:46:15.043Z
4157,8102094318,Aminetou,Touré,Aminetou Touré,F,1981-02-13,+22235332369,,2,Nouakchott-Ouest,OCCASIONAL,,ACTIVE,2023-07-02,2023-08-02T02:13:42.233Z,2023-07-02T09:37:08.626Z,2023-08-02T02:13:42.233Z
4158,7708788937,Nouh,Ndiaye,Nouh Ndiaye,M,1977-05-25,+22235582506,nouh.ndiaye124@hotmail.fr,8,Guidimaka,STANDARD,,ACTIVE,2023-10-27,2023-12-28T11:59:38.067Z,2023-10-27T00:33:31.997Z,2023-12-28T11:59:38.067Z
4159,6002686356,Oumou,Mint Abdel Aziz,Oumou Mint Abdel Aziz,F,1960-10-11,+22236238940,oumou.mintabdelaziz696@gmail.com,2,Nouakchott-Ouest,DORMANT,,ACTIVE,2022-10-28,2023-06-25T07:14:18.918Z,2022-10-28T19:17:47.599Z,2023-06-25T07:14:18.918Z
4160,7001383664,Sekou,Wane,Sekou Wane,M,1970-09-14,+22223977743,sekou.wane684@gmail.com,1,Nouakchott-Nord,OCCASIONAL,,ACTIVE,2022-03-24,2023-01-23T18:00:47.150Z,2022-03-24T16:14:48.543Z,2023-01-23T18:00:47.150Z
4161,0403401866,Aïssata,Niang,Aïssata Niang,F,2004-05-08,+22232432157,aïssata.niang709@hotmail.fr,3,Nouakchott-Sud,STANDARD,,ACTIVE,2022-11-12,2023-07-24T21:49:23.063Z,2022-11-12T21:55:33.484Z,2023-07-24T21:49:23.063Z
4162,7402610617,Mokhtar,Ould Khalil,Mokhtar Ould Khalil,M,1974-10-27,+22236621965,,2,Nouakchott-Ouest,ACTIVE,,ACTIVE,2023-11-29,2024-11-17T17:49:37.269Z,2023-11-29T08:39:21.913Z,2024-11-17T17:49:37.269Z
4163,7902445708,Dado,Diallo,Dado Diallo,F,1979-04-11,+22223619584,dado.diallo651@yahoo.fr,2,Nouakchott-Ouest,DORMANT,,ACTIVE,2023-08-30,2023-11-20T15:30:40.767Z,2023-08-30T00:33:24.607Z,2023-11-20T15:30:40.767Z
4164,9001131533,Houda,Mint El Mamy,Houda Mint El Mamy,F,1990-11-20,+22222559471,,1,Nouakchott-Nord,STANDARD,,PENDING_KYC,2022-02-01,2024-11-30T00:08:07.556Z,2022-02-01T22:22:43.160Z,2024-11-30T00:08:07.556Z
4165,7602391615,Hawa,Sarr,Hawa Sarr,F,1976-06-28,+22222531036,hawa.sarr432@gmail.com,2,Nouakchott-Ouest,PREMIUM,,ACTIVE,2023-07-16,2024-10-07T23:20:28.427Z,2023-07-16T15:09:44.086Z,2024-10-07T23:20:28.427Z
4166,8402978255,Halima,Ndiaye,Halima Ndiaye,F,1984-01-21,+22224259066,,2,Nouakchott-Ouest,STANDARD,,ACTIVE,2023-02-03,2024-01-06T04:12:34.692Z,2023-02-03T11:18:36.615Z,2024-01-06T04:12:34.692Z
4167,8303926146,Mohamed,Sow,Mohamed Sow,M,1983-11-15,+22223785170,mohamed.sow166@yahoo.fr,3,Nouakchott-Sud,STANDARD,,ACTIVE,2024-06-15,2024-06-27T16:00:10.695Z,2024-06-15T07:05:36.767Z,2024-06-27T16:00:10.695Z
4168,8612220359,El Hacen,Ould Abdallah,El Hacen Ould Abdallah,M,1986-03-17,+22222821951,,12,Adrar,OCCASIONAL,,ACTIVE,2022-08-15,2023-08-23T06:22:21.312Z,2022-08-15T21:13:24.929Z,2023-08-23T06:22:21.312Z
4169,7004717185,Oumou,Sow,Oumou Sow,F,1970-06-10,+22223944013,oumou.sow29@hotmail.fr,4,Dakhlet Nouadhibou,STANDARD,,ACTIVE,2024-05-25,2024-08-17T12:49:22.181Z,2024-05-25T04:17:13.388Z,2024-08-17T12:49:22.181Z
4170,7308785738,Kadiatou,Kanouté,Kadiatou Kanouté,F,1973-07-11,+22222777159,,8,Guidimaka,STANDARD,,ACTIVE,2024-11-13,2024-12-10T15:59:00.116Z,2024-11-13T06:12:33.935Z,2024-12-10T15:59:00.116Z
4171,7907563265,Seynabou,Camara,Seynabou Camara,F,1979-07-22,+22224713243,,7,Gorgol,OCCASIONAL,,ACTIVE,2022-05-15,2024-04-10T22:31:29.273Z,2022-05-15T23:46:20.137Z,2024-04-10T22:31:29.273Z
4172,8602587073,Hamoud,Gaye,Hamoud Gaye,M,1986-02-21,+22222682094,,2,Nouakchott-Ouest,OCCASIONAL,,ACTIVE,2022-01-22,2023-05-30T11:18:08.688Z,2022-01-22T23:04:07.649Z,2023-05-30T11:18:08.688Z
4173,0402474135,Mariama,Tall,Mariama Tall,F,2004-11-28,+22222676986,,2,Nouakchott-Ouest,STANDARD,,PENDING_KYC,2024-10-28,2024-12-12T15:35:17.687Z,2024-10-28T15:39:06.484Z,2024-12-12T15:35:17.687Z
4174,6015865719,Aichetou,Ndour,Aichetou Ndour,F,1960-04-19,+22223873838,,15,Tiris Zemmour,STANDARD,,INACTIVE,2023-01-14,2024-01-20T19:35:41.402Z,2023-01-14T22:07:43.847Z,2024-01-20T19:35:41.402Z
4175,9701993503,Defa,Mint Ghali,Defa Mint Ghali,F,1997-12-08,+22236467048,,1,Nouakchott-Nord,OCCASIONAL,,SUSPENDED,2024-10-11,2024-10-15T19:48:46.925Z,2024-10-11T05:44:57.335Z,2024-10-15T19:48:46.925Z
4176,7004462609,Mahmoud,Bah,Mahmoud Bah,M,1970-07-26,+22233093317,mahmoud.bah90@gmail.com,4,Dakhlet Nouadhibou,VIP,,ACTIVE,2023-01-04,2024-04-29T14:42:40.104Z,2023-01-04T07:22:38.323Z,2024-04-29T14:42:40.104Z
4177,6903330981,El Mokhtar,Diarra,El Mokhtar Diarra,M,1969-07-28,+22247597139,,3,Nouakchott-Sud,STANDARD,,ACTIVE,2022-03-21,2024-05-02T03:11:31.876Z,2022-03-21T05:08:10.436Z,2024-05-02T03:11:31.876Z
4178,0202567226,Hamadi,Anne,Hamadi Anne,M,2002-12-03,+22233461532,,2,Nouakchott-Ouest,DORMANT,,ACTIVE,2024-09-14,2024-12-16T08:08:39.333Z,2024-09-14T14:12:44.011Z,2024-12-16T08:08:39.333Z
4179,7902178622,El Mokhtar,Ould Hamoud,El Mokhtar Ould Hamoud,M,1979-11-02,+22241895586,,2,Nouakchott-Ouest,STANDARD,,ACTIVE,2022-03-01,2022-04-21T21:45:05.334Z,2022-03-01T06:11:40.584Z,2022-04-21T21:45:05.334Z
4180,9109586121,N'Dèye,Barry,N'Dèye Barry,F,1991-07-05,+22234304436,n'dèye.barry838@outlook.com,9,Assaba,STANDARD,,INACTIVE,2024-10-08,2024-11-18T00:15:25.809Z,2024-10-08T17:41:12.596Z,2024-11-18T00:15:25.809Z
4181,7202401950,Cheikh,Thiaw,Cheikh Thiaw,M,1972-09-14,+22237691517,cheikh.thiaw376@hotmail.fr,2,Nouakchott-Ouest,ACTIVE,,ACTIVE,2022-01-03,2024-03-13T13:27:11.604Z,2022-01-03T18:01:04.507Z,2024-03-13T13:27:11.604Z
4182,9315373090,Mohamed Mahmoud,Wane,Mohamed Mahmoud Wane,M,1993-04-13,+22237659663,mohamedmahmoud.wane566@hotmail.fr,15,Tiris Zemmour,OCCASIONAL,,ACTIVE,2023-11-30,2024-03-02T07:01:02.957Z,2023-11-30T00:05:51.927Z,2024-03-02T07:01:02.957Z
4183,9004039050,Zahra,Sakho,Zahra Sakho,F,1990-02-11,+22225763477,zahra.sakho441@gmail.com,4,Dakhlet Nouadhibou,ACTIVE,,ACTIVE,2023-03-11,2024-07-14T16:29:33.167Z,2023-03-11T07:46:33.710Z,2024-07-14T16:29:33.167Z
4184,0504358409,Samba,Faye,Samba Faye,M,2005-09-11,+22233726187,,4,Dakhlet Nouadhibou,DORMANT,,BLOCKED,2023-11-01,2024-11-22T16:54:44.353Z,2023-11-01T13:39:46.861Z,2024-11-22T16:54:44.353Z
4185,7409818579,Rokaya,Mint Salem,Rokaya Mint Salem,F,1974-03-06,+22233030247,,9,Assaba,STANDARD,,ACTIVE,2023-09-06,2023-10-15T23:31:51.520Z,2023-09-06T08:16:24.901Z,2023-10-15T23:31:51.520Z
4186,7710610259,Aliou,Sall,Aliou Sall,M,1977-09-12,+22235639386,,10,Hodh Ech Chargui,ACTIVE,,ACTIVE,2022-04-26,2022-12-16T12:19:10.516Z,2022-04-26T18:36:05.605Z,2022-12-16T12:19:10.516Z
4187,9202237599,Abdallah,Ould Brahim,Abdallah Ould Brahim,M,1992-05-11,+22223277742,,2,Nouakchott-Ouest,STANDARD,,SUSPENDED,2024-11-01,2024-12-02T14:31:23.053Z,2024-11-01T13:35:21.886Z,2024-12-02T14:31:23.053Z
4188,9602679841,Jemila,Sy,Jemila Sy,F,1996-06-09,+22233851948,,2,Nouakchott-Ouest,OCCASIONAL,,ACTIVE,2024-09-15,2024-09-20T16:48:19.569Z,2024-09-15T19:14:35.831Z,2024-09-20T16:48:19.569Z
4189,8905478180,Aichetou,Mint Nenni,Aichetou Mint Nenni,F,1989-07-05,+22232250387,aichetou.mintnenni182@gmail.com,5,Trarza,STANDARD,,PENDING_KYC,2023-03-13,2024-12-22T06:27:15.148Z,2023-03-13T06:03:03.300Z,2024-12-22T06:27:15.148Z
4190,7204795813,Habiba,Sall,Habiba Sall,F,1972-05-28,+22243703009,,4,Dakhlet Nouadhibou,STANDARD,,ACTIVE,2022-06-01,2022-11-15T04:40:24.295Z,2022-06-01T22:58:45.674Z,2022-11-15T04:40:24.295Z
4191,7401108977,Mbareck,Ould Messoud,Mbareck Ould Messoud,M,1974-08-25,+22245156033,mbareck.ouldmessoud645@gmail.com,1,Nouakchott-Nord,STANDARD,,ACTIVE,2024-09-07,2024-12-16T19:03:13.630Z,2024-09-07T08:31:31.960Z,2024-12-16T19:03:13.630Z
4192,0212042089,Noura,Bathily,Noura Bathily,F,2002-10-13,+22241569617,,12,Adrar,ACTIVE,,ACTIVE,2024-09-02,2024-11-10T12:22:22.887Z,2024-09-02T04:45:59.825Z,2024-11-10T12:22:22.887Z
4193,9201175397,Leila,Mint Abeih,Leila Mint Abeih,F,1992-01-19,+22246467544,leila.mintabeih123@gmail.com,1,Nouakchott-Nord,VIP,,ACTIVE,2022-11-13,2023-06-07T06:52:30.753Z,2022-11-13T03:19:37.019Z,2023-06-07T06:52:30.753Z
4194,7302293534,Vatma,Mint El Ghassem,Vatma Mint El Ghassem,F,1973-12-23,+22225899978,,2,Nouakchott-Ouest,OCCASIONAL,,INACTIVE,2022-08-07,2024-06-14T00:09:35.253Z,2022-08-07T03:23:05.818Z,2024-06-14T00:09:35.253Z
4195,8302604902,Mbarka,Diop,Mbarka Diop,F,1983-12-01,+22241843638,,2,Nouakchott-Ouest,ACTIVE,,BLOCKED,2023-02-03,2024-10-17T17:17:25.289Z,2023-02-03T01:28:20.397Z,2024-10-17T17:17:25.289Z
4196,9714651621,Sira,Bâ,Sira Bâ,F,1997-01-20,+22222670181,sira.bâ391@hotmail.fr,14,Inchiri,DORMANT,,ACTIVE,2024-06-27,2024-12-11T05:23:20.089Z,2024-06-27T13:36:33.062Z,2024-12-11T05:23:20.089Z
4197,7602746305,Salem,Ould Abeih,Salem Ould Abeih,M,1976-01-12,+22232204628,,2,Nouakchott-Ouest,STANDARD,,ACTIVE,2022-06-29,2023-09-15T20:29:33.246Z,2022-06-29T03:08:15.854Z,2023-09-15T20:29:33.246Z
4198,0302802870,N'Dèye,Baldé,N'Dèye Baldé,F,2003-08-14,+22236358620,,2,Nouakchott-Ouest,OCCASIONAL,,ACTIVE,2024-08-01,2024-12-25T19:47:18.199Z,2024-08-01T08:55:20.689Z,2024-12-25T19:47:18.199Z
4199,7501594719,Sidi Mohamed,Ould Salem,Sidi Mohamed Ould Salem,M,1975-08-25,+22222672275,sidimohamed.ouldsalem154@yahoo.fr,1,Nouakchott-Nord,ACTIVE,,ACTIVE,2022-04-19,2022-11-07T03:48:43.912Z,2022-04-19T11:49:51.313Z,2022-11-07T03:48:43.912Z
4200,8503401652,Lassana,Wade,Lassana Wade,M,1985-05-15,+22225651629,lassana.wade82@gmail.com,3,Nouakchott-Sud,ACTIVE,,ACTIVE,2023-09-12,2024-01-01T23:04:29.479Z,2023-09-12T05:34:45.660Z,2024-01-01T23:04:29.479Z
4201,8904762860,Nagi,Wane,Nagi Wane,M,1989-10-18,+22234833324,,4,Dakhlet Nouadhibou,STANDARD,,ACTIVE,2024-07-31,2024-11-26T23:51:41.694Z,2024-07-31T11:02:11.516Z,2024-11-26T23:51:41.694Z
4202,0404820132,Saadbouh,Sissoko,Saadbouh Sissoko,M,2004-09-26,+22232546418,saadbouh.sissoko15@hotmail.fr,4,Dakhlet Nouadhibou,OCCASIONAL,,ACTIVE,2023-10-20,2024-07-18T22:48:53.271Z,2023-10-20T19:00:04.276Z,2024-07-18T22:48:53.271Z
4203,7410560889,Naha,Mint Salem,Naha Mint Salem,F,1974-11-12,+22248469031,naha.mintsalem391@gmail.com,10,Hodh Ech Chargui,OCCASIONAL,,ACTIVE,2023-03-23,2024-12-20T18:20:27.086Z,2023-03-23T15:51:34.719Z,2024-12-20T18:20:27.086Z
4204,6002236582,Ténin,Touré,Ténin Touré,F,1960-11-19,+22222330015,,2,Nouakchott-Ouest,OCCASIONAL,,SUSPENDED,2023-06-16,2024-12-13T19:27:25.726Z,2023-06-16T23:36:06.037Z,2024-12-13T19:27:25.726Z
4205,9402599558,Ténin,Doucouré,Ténin Doucouré,F,1994-08-26,+22234319460,,2,Nouakchott-Ouest,PREMIUM,,INACTIVE,2024-12-05,2024-12-27T00:32:54.437Z,2024-12-05T14:03:53.983Z,2024-12-27T00:32:54.437Z
4206,9701601149,Safi,Ly,Safi Ly,F,1997-05-02,+22225632795,,1,Nouakchott-Nord,STANDARD,,ACTIVE,2022-06-08,2024-09-21T10:14:32.575Z,2022-06-08T12:58:00.083Z,2024-09-21T10:14:32.575Z
4207,0202038500,Aissata,Sy,Aissata Sy,F,2002-11-13,+22225018279,aissata.sy921@gmail.com,2,Nouakchott-Ouest,DORMANT,,ACTIVE,2024-07-21,2024-08-09T01:56:19.602Z,2024-07-21T21:09:34.522Z,2024-08-09T01:56:19.602Z
4208,8002204466,Jemila,Mint Messoud,Jemila Mint Messoud,F,1980-05-18,+22225146331,,2,Nouakchott-Ouest,DORMANT,,ACTIVE,2022-05-15,2023-09-14T13:07:45.865Z,2022-05-15T00:21:01.850Z,2023-09-14T13:07:45.865Z
4209,6707982199,Zahra,Touré,Zahra Touré,F,1967-08-14,+22236471108,,7,Gorgol,PREMIUM,,ACTIVE,2024-12-22,2024-12-25T10:34:16.692Z,2024-12-22T20:14:10.852Z,2024-12-25T10:34:16.692Z
4210,8101240916,Bintou,Sall,Bintou Sall,F,1981-06-15,+22235772204,,1,Nouakchott-Nord,OCCASIONAL,,INACTIVE,2024-05-15,2024-07-07T14:52:33.719Z,2024-05-15T20:21:22.328Z,2024-07-07T14:52:33.719Z
4211,8015722982,Saad,Ould Hamadi,Saad Ould Hamadi,M,1980-06-05,+22224747795,,15,Tiris Zemmour,STANDARD,,ACTIVE,2023-02-16,2023-06-25T21:38:40.452Z,2023-02-16T21:07:42.008Z,2023-06-25T21:38:40.452Z
4212,7402303379,Abdel Rahman,Diop,Abdel Rahman Diop,M,1974-09-18,+22245095743,,2,Nouakchott-Ouest,OCCASIONAL,,ACTIVE,2024-10-07,2024-10-18T19:00:44.744Z,2024-10-07T07:25:23.442Z,2024-10-18T19:00:44.744Z
4213,7105883574,Habiba,Mint Hamadi,Habiba Mint Hamadi,F,1971-03-07,+22224022335,habiba.minthamadi146@outlook.com,5,Trarza,ACTIVE,,ACTIVE,2024-09-01,2024-09-02T02:04:52.207Z,2024-09-01T02:11:55.453Z,2024-09-02T02:04:52.207Z
4214,0101245171,Madou,Kouyaté,Madou Kouyaté,M,2001-06-09,+22225659672,madou.kouyaté734@yahoo.fr,1,Nouakchott-Nord,STANDARD,,INACTIVE,2023-08-29,2024-06-12T06:26:17.829Z,2023-08-29T23:24:25.525Z,2024-06-12T06:26:17.829Z
4215,6203341436,Thierno,Sall,Thierno Sall,M,1962-02-19,+22241665161,,3,Nouakchott-Sud,STANDARD,,ACTIVE,2024-05-09,2024-08-10T08:30:49.066Z,2024-05-09T02:13:12.825Z,2024-08-10T08:30:49.066Z
4216,9404273672,Leila,Fall,Leila Fall,F,1994-12-12,+22224886075,leila.fall2@gmail.com,4,Dakhlet Nouadhibou,DORMANT,,INACTIVE,2024-11-19,2024-12-05T22:18:24.167Z,2024-11-19T21:41:50.579Z,2024-12-05T22:18:24.167Z
4217,0209043929,Safiya,Mint Moulaye,Safiya Mint Moulaye,F,2002-08-16,+22224712742,,9,Assaba,STANDARD,,ACTIVE,2022-11-08,2023-02-11T05:41:44.707Z,2022-11-08T15:49:27.217Z,2023-02-11T05:41:44.707Z
4218,7402682223,Ghalia,Diop,Ghalia Diop,F,1974-01-18,+22224968314,,2,Nouakchott-Ouest,STANDARD,,ACTIVE,2024-06-18,2024-08-03T14:15:24.287Z,2024-06-18T20:02:54.887Z,2024-08-03T14:15:24.287Z
4219,6014303175,Zakaria,Diop,Zakaria Diop,M,1960-03-18,+22235670782,,14,Inchiri,DORMANT,,ACTIVE,2022-05-01,2023-03-06T06:38:03.415Z,2022-05-01T20:05:21.080Z,2023-03-06T06:38:03.415Z
4220,8404333533,Soueidatt,Ould Eleya,Soueidatt Ould Eleya,M,1984-04-02,+22225105170,,4,Dakhlet Nouadhibou,ACTIVE,,ACTIVE,2022-02-12,2023-05-03T05:25:17.546Z,2022-02-12T01:19:01.591Z,2023-05-03T05:25:17.546Z
4221,7314029815,Abdel Aziz,Ould Nagi,Abdel Aziz Ould Nagi,M,1973-09-15,+22233989633,,14,Inchiri,ACTIVE,,ACTIVE,2024-06-19,2024-08-05T04:14:14.641Z,2024-06-19T08:13:33.065Z,2024-08-05T04:14:14.641Z
4222,7706039990,Tekber,Baldé,Tekber Baldé,F,1977-08-22,+22224828559,,6,Brakna,PREMIUM,,ACTIVE,2024-11-21,2024-11-24T14:13:45.793Z,2024-11-21T01:45:06.435Z,2024-11-24T14:13:45.793Z
4223,8501657068,Yahya,Ould Horma,Yahya Ould Horma,M,1985-01-20,+22222937799,,1,Nouakchott-Nord,OCCASIONAL,,ACTIVE,2024-01-31,2024-12-06T12:06:36.066Z,2024-01-31T00:57:51.332Z,2024-12-06T12:06:36.066Z
4224,7703040506,Banna,Wane,Banna Wane,F,1977-07-19,+22223417690,,3,Nouakchott-Sud,ACTIVE,,ACTIVE,2022-11-28,2024-12-03T11:39:42.081Z,2022-11-28T14:08:46.814Z,2024-12-03T11:39:42.081Z
4225,9703823529,Mariam,Mint Abdel Aziz,Mariam Mint Abdel Aziz,F,1997-11-23,+22224343512,mariam.mintabdelaziz946@hotmail.fr,3,Nouakchott-Sud,OCCASIONAL,,ACTIVE,2023-04-16,2024-11-18T23:29:49.016Z,2023-04-16T18:50:18.536Z,2024-11-18T23:29:49.016Z
4226,9902106669,Awa,Mbow,Awa Mbow,F,1999-02-22,+22222456249,,2,Nouakchott-Ouest,ACTIVE,,BLOCKED,2022-01-01,2022-12-08T17:39:24.531Z,2022-01-01T17:30:22.316Z,2022-12-08T17:39:24.531Z
4227,9901671092,Mbarka,Diarra,Mbarka Diarra,F,1999-10-03,+22234973245,,1,Nouakchott-Nord,OCCASIONAL,,ACTIVE,2024-11-11,2024-12-28T22:18:11.226Z,2024-11-11T15:09:06.388Z,2024-12-28T22:18:11.226Z
4228,9410618188,Fatou,Touré,Fatou Touré,F,1994-07-05,+22225499650,,10,Hodh Ech Chargui,DORMANT,,ACTIVE,2023-12-05,2024-06-28T09:10:08.558Z,2023-12-05T12:39:46.948Z,2024-06-28T09:10:08.558Z
4229,7704342298,Cheikh Sidiya,Ould Abdel Kader,Cheikh Sidiya Ould Abdel Kader,M,1977-04-26,+22223529637,cheikhsidiya.ouldabdelkader835@yahoo.fr,4,Dakhlet Nouadhibou,STANDARD,,ACTIVE,2024-02-22,2024-10-27T13:37:49.825Z,2024-02-22T09:44:24.337Z,2024-10-27T13:37:49.825Z
4230,0404061139,Cheick,Kane,Cheick Kane,M,2004-10-12,+22249270124,,4,Dakhlet Nouadhibou,PREMIUM,,ACTIVE,2024-02-04,2024-11-11T06:08:01.161Z,2024-02-04T03:56:24.823Z,2024-11-11T06:08:01.161Z
4231,9102140131,Sira,Dia,Sira Dia,F,1991-06-17,+22233406265,,2,Nouakchott-Ouest,DORMANT,,ACTIVE,2024-11-09,2024-12-16T14:29:13.895Z,2024-11-09T04:48:13.618Z,2024-12-16T14:29:13.895Z
4232,8405949076,Saleck,Thiam,Saleck Thiam,M,1984-06-03,+22236222580,saleck.thiam778@gmail.com,5,Trarza,STANDARD,,PENDING_KYC,2023-01-14,2023-09-11T17:55:16.706Z,2023-01-14T12:25:12.853Z,2023-09-11T17:55:16.706Z
4233,6903219662,El Hacen,Sakho,El Hacen Sakho,M,1969-07-11,+22223522587,elhacen.sakho11@gmail.com,3,Nouakchott-Sud,STANDARD,,SUSPENDED,2022-08-05,2023-09-18T17:43:20.496Z,2022-08-05T05:51:40.165Z,2023-09-18T17:43:20.496Z
4234,6606744520,Penda,Mbaye,Penda Mbaye,F,1966-10-23,+22237874264,penda.mbaye718@hotmail.fr,6,Brakna,OCCASIONAL,,ACTIVE,2023-05-27,2024-10-08T05:23:26.769Z,2023-05-27T04:35:48.077Z,2024-10-08T05:23:26.769Z
4235,6510374994,Mohamed Yahya,Ould Eleya,Mohamed Yahya Ould Eleya,M,1965-05-09,+22248092939,mohamedyahya.ouldeleya262@hotmail.fr,10,Hodh Ech Chargui,STANDARD,,ACTIVE,2023-02-28,2023-11-29T22:12:15.504Z,2023-02-28T23:34:30.802Z,2023-11-29T22:12:15.504Z
4236,7313060448,Hafsata,Gaye,Hafsata Gaye,F,1973-09-12,+22224385900,,13,Tagant,ACTIVE,,ACTIVE,2022-12-30,2024-01-07T22:29:41.541Z,2022-12-30T04:39:10.797Z,2024-01-07T22:29:41.541Z
4237,7609272586,Halima,Mint Hamoud,Halima Mint Hamoud,F,1976-10-18,+22234871813,,9,Assaba,OCCASIONAL,,ACTIVE,2022-10-15,2024-01-17T01:41:39.747Z,2022-10-15T12:42:13.064Z,2024-01-17T01:41:39.747Z
4238,7603702319,Aicha,Mint Brahim,Aicha Mint Brahim,F,1976-04-12,+22234174876,aicha.mintbrahim390@outlook.com,3,Nouakchott-Sud,OCCASIONAL,,ACTIVE,2024-01-19,2024-02-07T07:26:11.229Z,2024-01-19T20:09:32.016Z,2024-02-07T07:26:11.229Z
4239,8204815086,Mounina,Mint Abdallah,Mounina Mint Abdallah,F,1982-05-23,+22246953050,,4,Dakhlet Nouadhibou,DORMANT,,INACTIVE,2022-12-19,2024-02-04T02:03:15.040Z,2022-12-19T17:23:03.759Z,2024-02-04T02:03:15.040Z
4240,8701602318,Vatma,Mint Ghali,Vatma Mint Ghali,F,1987-12-02,+22224665192,vatma.mintghali699@hotmail.fr,1,Nouakchott-Nord,STANDARD,,INACTIVE,2022-03-07,2023-01-22T04:03:53.053Z,2022-03-07T14:12:27.557Z,2023-01-22T04:03:53.053Z
4241,9301733028,Tekber,Mint Horma,Tekber Mint Horma,F,1993-08-21,+22224380739,tekber.minthorma936@hotmail.fr,1,Nouakchott-Nord,PREMIUM,,ACTIVE,2022-05-10,2024-05-05T04:05:12.762Z,2022-05-10T10:19:44.413Z,2024-05-05T04:05:12.762Z
4242,6703224329,Lala,Sissoko,Lala Sissoko,F,1967-09-24,+22233913280,lala.sissoko389@hotmail.fr,3,Nouakchott-Sud,VIP,,PENDING_KYC,2024-06-09,2024-10-30T09:27:48.147Z,2024-06-09T02:37:08.468Z,2024-10-30T09:27:48.147Z
4243,8902970285,Boubacar,Diarra,Boubacar Diarra,M,1989-02-17,+22244895825,,2,Nouakchott-Ouest,STANDARD,,ACTIVE,2024-04-17,2024-08-22T13:14:44.022Z,2024-04-17T00:32:53.030Z,2024-08-22T13:14:44.022Z
4244,7102513548,Aminetou,Mint Hadrami,Aminetou Mint Hadrami,F,1971-07-13,+22233305098,aminetou.minthadrami480@yahoo.fr,2,Nouakchott-Ouest,OCCASIONAL,,ACTIVE,2024-05-25,2024-09-08T15:19:20.801Z,2024-05-25T00:48:14.902Z,2024-09-08T15:19:20.801Z
4245,9503790193,Sekou,Diop,Sekou Diop,M,1995-02-07,+22223712898,,3,Nouakchott-Sud,ACTIVE,,ACTIVE,2023-11-20,2024-09-30T19:55:08.889Z,2023-11-20T04:24:56.516Z,2024-09-30T19:55:08.889Z
4246,9211314360,Oumou,Mint Hadrami,Oumou Mint Hadrami,F,1992-08-08,+22225509134,,11,Hodh El Gharbi,STANDARD,,ACTIVE,2024-01-15,2024-12-17T10:04:22.773Z,2024-01-15T14:00:02.742Z,2024-12-17T10:04:22.773Z
4247,9201196569,Ahmed Baba,Koita,Ahmed Baba Koita,M,1992-10-28,+22233497410,,1,Nouakchott-Nord,ACTIVE,,ACTIVE,2024-03-21,2024-12-27T21:04:38.105Z,2024-03-21T15:41:58.562Z,2024-12-27T21:04:38.105Z
4248,9206188273,Cheikh,Ould Brahim,Cheikh Ould Brahim,M,1992-02-12,+22233381215,,6,Brakna,OCCASIONAL,,INACTIVE,2024-08-17,2024-10-25T04:44:35.269Z,2024-08-17T20:24:12.101Z,2024-10-25T04:44:35.269Z
4249,6303935391,Rokhaya,Diallo,Rokhaya Diallo,F,1963-02-20,+22222003153,,3,Nouakchott-Sud,OCCASIONAL,,ACTIVE,2024-10-08,2024-12-16T11:13:50.499Z,2024-10-08T20:30:22.933Z,2024-12-16T11:13:50.499Z
4250,9207633257,Ténin,Ly,Ténin Ly,F,1992-12-23,+22245039807,,7,Gorgol,ACTIVE,,ACTIVE,2022-03-18,2023-10-05T06:15:34.756Z,2022-03-18T23:22:06.324Z,2023-10-05T06:15:34.756Z
4251,8709503619,Habiboullah,Ould Khalil,Habiboullah Ould Khalil,M,1987-09-08,+22241477632,,9,Assaba,STANDARD,,ACTIVE,2024-12-25,2024-12-30T10:20:28.374Z,2024-12-25T10:50:33.451Z,2024-12-30T10:20:28.374Z
4252,0315840371,Mbareck,Sy,Mbareck Sy,M,2003-07-15,+22225817758,mbareck.sy523@outlook.com,15,Tiris Zemmour,DORMANT,,ACTIVE,2023-03-16,2024-12-17T21:58:11.196Z,2023-03-16T23:21:29.592Z,2024-12-17T21:58:11.196Z
4253,7202920697,Tekber,Mint Taleb,Tekber Mint Taleb,F,1972-11-08,+22224707161,,2,Nouakchott-Ouest,OCCASIONAL,,INACTIVE,2024-09-30,2024-12-01T16:50:38.384Z,2024-09-30T10:09:49.621Z,2024-12-01T16:50:38.384Z
4254,6801543513,Vatma,Mint Salem,Vatma Mint Salem,F,1968-11-20,+22225827131,,1,Nouakchott-Nord,OCCASIONAL,,ACTIVE,2022-07-12,2023-03-10T18:03:00.243Z,2022-07-12T08:55:51.641Z,2023-03-10T18:03:00.243Z
4255,7902405210,Pape,Thiaw,Pape Thiaw,M,1979-06-06,+22237753618,,2,Nouakchott-Ouest,DORMANT,,ACTIVE,2023-07-16,2023-09-08T09:23:17.851Z,2023-07-16T12:59:05.770Z,2023-09-08T09:23:17.851Z
4256,7903129528,Youssou,Koita,Youssou Koita,M,1979-03-03,+22235644198,youssou.koita448@yahoo.fr,3,Nouakchott-Sud,DORMANT,,ACTIVE,2023-09-18,2024-08-31T11:07:59.755Z,2023-09-18T10:23:26.669Z,2024-08-31T11:07:59.755Z
4257,6004014241,Noura,Mint Ahmed,Noura Mint Ahmed,F,1960-11-18,+22225918745,,4,Dakhlet Nouadhibou,STANDARD,,INACTIVE,2023-09-21,2024-06-20T02:40:11.168Z,2023-09-21T04:34:28.919Z,2024-06-20T02:40:11.168Z
4258,9603605357,Mounina,Diarra,Mounina Diarra,F,1996-10-17,+22235415071,,3,Nouakchott-Sud,STANDARD,,ACTIVE,2024-09-12,2024-10-03T17:09:53.011Z,2024-09-12T19:54:57.675Z,2024-10-03T17:09:53.011Z
4259,0503464574,Hamadi,Ould Bouha,Hamadi Ould Bouha,M,2005-07-22,+22223707717,hamadi.ouldbouha853@yahoo.fr,3,Nouakchott-Sud,OCCASIONAL,,ACTIVE,2023-10-13,2024-05-14T04:41:30.756Z,2023-10-13T10:00:50.692Z,2024-05-14T04:41:30.756Z
4260,7003046943,Mariama,Gaye,Mariama Gaye,F,1970-01-04,+22241125867,mariama.gaye750@outlook.com,3,Nouakchott-Sud,STANDARD,,ACTIVE,2023-03-03,2023-12-04T01:11:38.903Z,2023-03-03T21:59:52.391Z,2023-12-04T01:11:38.903Z
4261,7501913590,Hafsata,Thiaw,Hafsata Thiaw,F,1975-06-19,+22235503176,,1,Nouakchott-Nord,DORMANT,,ACTIVE,2024-07-03,2024-09-26T18:26:57.468Z,2024-07-03T22:34:20.134Z,2024-09-26T18:26:57.468Z
4262,0503396343,Defa,Bathily,Defa Bathily,F,2005-03-21,+22246322754,defa.bathily45@gmail.com,3,Nouakchott-Sud,STANDARD,,ACTIVE,2024-05-22,2024-11-23T05:09:20.253Z,2024-05-22T14:00:01.161Z,2024-11-23T05:09:20.253Z
4263,6102234389,Aliou,Doucouré,Aliou Doucouré,M,1961-06-27,+22225495218,aliou.doucouré639@hotmail.fr,2,Nouakchott-Ouest,OCCASIONAL,,ACTIVE,2022-08-02,2024-07-14T12:02:22.014Z,2022-08-02T06:36:07.308Z,2024-07-14T12:02:22.014Z
4264,0107035859,Aminetou,Mint Moulaye,Aminetou Mint Moulaye,F,2001-03-28,+22245103634,,7,Gorgol,OCCASIONAL,,ACTIVE,2022-05-23,2024-02-07T14:37:31.386Z,2022-05-23T08:38:33.611Z,2024-02-07T14:37:31.386Z
4265,0104073645,Aziza,Mint Nagi,Aziza Mint Nagi,F,2001-04-24,+22224835017,aziza.mintnagi405@gmail.com,4,Dakhlet Nouadhibou,PREMIUM,,ACTIVE,2023-02-18,2024-04-15T15:24:24.143Z,2023-02-18T20:31:40.455Z,2024-04-15T15:24:24.143Z
4266,8001454642,Rokaya,Mint Mahmoud,Rokaya Mint Mahmoud,F,1980-01-22,+22236759849,,1,Nouakchott-Nord,STANDARD,,ACTIVE,2024-06-13,2024-08-26T19:59:20.030Z,2024-06-13T10:08:57.572Z,2024-08-26T19:59:20.030Z
4267,6402926447,Hacen,Ould Horma,Hacen Ould Horma,M,1964-02-06,+22223606461,hacen.ouldhorma226@outlook.com,2,Nouakchott-Ouest,STANDARD,,ACTIVE,2023-02-13,2024-08-12T17:12:06.411Z,2023-02-13T22:10:48.509Z,2024-08-12T17:12:06.411Z
4268,9102064394,Naima,Mint Tourad,Naima Mint Tourad,F,1991-06-25,+22222533777,naima.minttourad985@outlook.com,2,Nouakchott-Ouest,OCCASIONAL,,ACTIVE,2024-06-19,2024-12-16T18:48:12.172Z,2024-06-19T21:33:32.882Z,2024-12-16T18:48:12.172Z
4269,6504243464,Djibril,Kouyaté,Djibril Kouyaté,M,1965-10-19,+22246022216,,4,Dakhlet Nouadhibou,DORMANT,,ACTIVE,2022-12-16,2023-08-08T22:30:26.226Z,2022-12-16T03:54:30.647Z,2023-08-08T22:30:26.226Z
4270,8602024361,Vadel,Ould Hamoud,Vadel Ould Hamoud,M,1986-12-09,+22223256068,vadel.ouldhamoud861@outlook.com,2,Nouakchott-Ouest,STANDARD,,ACTIVE,2024-01-03,2024-06-16T03:49:59.867Z,2024-01-03T02:30:22.644Z,2024-06-16T03:49:59.867Z
4271,9303309805,Seynabou,Baldé,Seynabou Baldé,F,1993-04-21,+22222059102,,3,Nouakchott-Sud,STANDARD,,ACTIVE,2023-11-30,2023-12-08T01:59:29.667Z,2023-11-30T23:17:35.367Z,2023-12-08T01:59:29.667Z
4272,6302969252,Mohamed Mahmoud,Faye,Mohamed Mahmoud Faye,M,1963-01-18,+22234462302,,2,Nouakchott-Ouest,STANDARD,,ACTIVE,2022-12-30,2024-07-26T06:25:10.306Z,2022-12-30T07:10:26.891Z,2024-07-26T06:25:10.306Z
4273,9407633406,Vatma,Mint Ghali,Vatma Mint Ghali,F,1994-11-06,+22223250611,,7,Gorgol,STANDARD,,SUSPENDED,2024-03-14,2024-08-17T18:29:34.594Z,2024-03-14T11:54:20.982Z,2024-08-17T18:29:34.594Z
4274,7701871809,Oumar,Bâ,Oumar Bâ,M,1977-09-19,+22248030827,,1,Nouakchott-Nord,STANDARD,,ACTIVE,2023-04-20,2024-06-16T16:31:37.094Z,2023-04-20T11:02:57.475Z,2024-06-16T16:31:37.094Z
4275,8511228568,Mouna,Mint Ghali,Mouna Mint Ghali,F,1985-06-22,+22222187508,mouna.mintghali593@yahoo.fr,11,Hodh El Gharbi,OCCASIONAL,,ACTIVE,2024-07-05,2024-10-17T03:53:50.655Z,2024-07-05T03:48:19.394Z,2024-10-17T03:53:50.655Z
4276,6202371023,Moulaye,Ould Nagi,Moulaye Ould Nagi,M,1962-12-03,+22224096574,moulaye.ouldnagi736@outlook.com,2,Nouakchott-Ouest,STANDARD,,ACTIVE,2022-11-02,2023-07-07T11:55:36.596Z,2022-11-02T18:46:08.402Z,2023-07-07T11:55:36.596Z
4277,6403249750,Ténin,Sow,Ténin Sow,F,1964-05-03,+22235301883,ténin.sow944@gmail.com,3,Nouakchott-Sud,OCCASIONAL,,SUSPENDED,2022-11-18,2023-12-26T14:20:40.265Z,2022-11-18T08:32:44.773Z,2023-12-26T14:20:40.265Z
4278,6305144867,Abdallah,Ould Mokhtar,Abdallah Ould Mokhtar,M,1963-05-25,+22224024757,abdallah.ouldmokhtar317@outlook.com,5,Trarza,PREMIUM,,INACTIVE,2024-02-15,2024-12-01T03:26:13.054Z,2024-02-15T23:12:55.106Z,2024-12-01T03:26:13.054Z
4279,7401973472,Ghalia,Soumaré,Ghalia Soumaré,F,1974-12-01,+22249187247,,1,Nouakchott-Nord,ACTIVE,,ACTIVE,2023-07-11,2023-10-09T22:01:37.712Z,2023-07-11T17:30:55.626Z,2023-10-09T22:01:37.712Z
4280,9714815791,Soumaïla,Fall,Soumaïla Fall,M,1997-04-13,+22232504397,soumaïla.fall683@outlook.com,14,Inchiri,OCCASIONAL,,ACTIVE,2022-12-26,2023-05-15T07:54:20.566Z,2022-12-26T11:43:48.898Z,2023-05-15T07:54:20.566Z
4281,8502507377,Oumou,Mint Hadrami,Oumou Mint Hadrami,F,1985-10-09,+22223358876,oumou.minthadrami630@gmail.com,2,Nouakchott-Ouest,STANDARD,,ACTIVE,2024-08-07,2024-12-06T16:19:54.079Z,2024-08-07T00:47:56.718Z,2024-12-06T16:19:54.079Z
4282,9003063157,Noura,Mint Eleya,Noura Mint Eleya,F,1990-04-13,+22237344957,,3,Nouakchott-Sud,STANDARD,,ACTIVE,2024-01-30,2024-02-13T22:33:11.767Z,2024-01-30T21:28:27.470Z,2024-02-13T22:33:11.767Z
4283,8002259781,Wedadi,Ould Jiddou,Wedadi Ould Jiddou,M,1980-06-03,+22234486258,,2,Nouakchott-Ouest,STANDARD,,ACTIVE,2023-09-20,2024-02-28T09:45:48.087Z,2023-09-20T10:58:39.536Z,2024-02-28T09:45:48.087Z
4284,7901290211,Maloum,Ould Brahim,Maloum Ould Brahim,M,1979-08-03,+22224597752,maloum.ouldbrahim92@gmail.com,1,Nouakchott-Nord,PREMIUM,,ACTIVE,2024-01-15,2024-03-26T04:08:05.058Z,2024-01-15T07:24:10.953Z,2024-03-26T04:08:05.058Z
4285,8312824851,Dah,Cissé,Dah Cissé,M,1983-11-13,+22222980119,,12,Adrar,OCCASIONAL,,ACTIVE,2022-09-30,2024-08-04T22:51:03.468Z,2022-09-30T10:39:22.095Z,2024-08-04T22:51:03.468Z
4286,8015293862,Souleymane,Bah,Souleymane Bah,M,1980-02-06,+22223863912,,15,Tiris Zemmour,STANDARD,,ACTIVE,2023-11-21,2024-11-24T01:45:48.020Z,2023-11-21T00:36:46.765Z,2024-11-24T01:45:48.020Z
4287,6909488194,Banna,Bah,Banna Bah,F,1969-07-04,+22236812155,banna.bah862@yahoo.fr,9,Assaba,PREMIUM,,ACTIVE,2024-10-24,2024-12-25T02:26:42.312Z,2024-10-24T20:58:26.000Z,2024-12-25T02:26:42.312Z
2464,9203054092,Haby,Koita,Haby Koita,F,1992-12-09,+22246121828,,3,Nouakchott-Sud,ACTIVE,,ACTIVE,2022-08-20,2023-12-22T02:14:14.857Z,2022-08-20T15:58:57.752Z,2024-01-17T00:00:00.000Z
632,7901368374,Maloum,Ould Ahmed,Maloum Ould Ahmed,M,1979-08-08,+22232271009,,1,Nouakchott-Nord,STANDARD,,ACTIVE,2022-02-14,2023-01-04T13:57:07.019Z,2022-02-14T11:27:07.447Z,2024-01-17T00:00:00.000Z
181,7501297810,Limam,Diagana,Limam Diagana,M,1975-03-02,+22234121508,,1,Nouakchott-Nord,STANDARD,,INACTIVE,2023-07-04,2024-08-30T04:18:23.696Z,2023-07-04T01:47:17.097Z,2024-01-17T00:00:00.000Z
1352,6409942240,Saadbouh,Sow,Saadbouh Sow,M,1964-10-03,+22235914561,,9,Assaba,STANDARD,,SUSPENDED,2023-02-20,2023-09-21T05:21:51.650Z,2023-02-20T15:35:18.661Z,2024-01-17T00:00:00.000Z
2615,8601014358,Fodé,Ba,Fodé Ba,M,1986-11-12,+22223729346,fodé.ba839@gmail.com,1,Nouakchott-Nord,DORMANT,,ACTIVE,2022-11-27,2024-06-29T14:05:27.333Z,2022-11-27T06:51:23.447Z,2024-01-17T00:00:00.000Z
994,0401718809,Mohamed Lemine,Ould Jiddou,Mohamed Lemine Ould Jiddou,M,2004-06-12,+22232833018,,1,Nouakchott-Nord,DORMANT,,SUSPENDED,2024-04-29,2024-10-29T01:40:26.212Z,2024-04-29T04:21:50.376Z,2024-01-17T00:00:00.000Z
1099,9203994950,Yahya,Ould Zein,Yahya Ould Zein,M,1992-02-12,+22247500205,,3,Nouakchott-Sud,DORMANT,,ACTIVE,2023-10-05,2024-08-19T23:53:00.534Z,2023-10-05T18:31:57.497Z,2024-01-17T00:00:00.000Z
2670,8509638751,Tourad,Diop,Tourad Diop,M,1985-02-16,+22222141363,,9,Assaba,STANDARD,,SUSPENDED,2024-06-11,2024-12-07T10:16:12.189Z,2024-06-11T12:26:20.869Z,2024-01-17T00:00:00.000Z
974,7702040572,Mor,Sissoko,Mor Sissoko,M,1977-05-17,+22234655018,mor.sissoko606@hotmail.fr,2,Nouakchott-Ouest,OCCASIONAL,,INACTIVE,2024-11-11,2024-11-20T19:52:55.632Z,2024-11-11T02:34:35.884Z,2024-01-17T00:00:00.000Z
736,6905050803,Sidi Mohamed,Ould Ghali,Sidi Mohamed Ould Ghali,M,1969-02-18,+22236356309,,5,Trarza,ACTIVE,,SUSPENDED,2023-05-24,2023-10-31T19:52:06.598Z,2023-05-24T22:34:27.616Z,2024-01-17T00:00:00.000Z
1140,6904017153,Yacoub,Ould Mahmoud,Yacoub Ould Mahmoud,M,1969-06-18,+22246153067,,4,Dakhlet Nouadhibou,STANDARD,,ACTIVE,2024-08-01,2024-11-20T22:49:44.267Z,2024-08-01T01:20:27.560Z,2024-01-17T00:00:00.000Z
2155,0315951510,Mbaye,Soumaré,Mbaye Soumaré,M,2003-06-11,+22233164475,,15,Tiris Zemmour,ACTIVE,,INACTIVE,2022-08-15,2022-12-05T08:19:55.754Z,2022-08-15T20:09:19.079Z,2024-01-17T00:00:00.000Z
1960,6201664397,Ibrahima,Kanouté,Ibrahima Kanouté,M,1962-05-20,+22224542323,,1,Nouakchott-Nord,OCCASIONAL,,SUSPENDED,2022-04-10,2023-10-25T17:59:02.040Z,2022-04-10T23:57:45.541Z,2024-01-17T00:00:00.000Z
1356,9503430093,Adama,Sow,Adama Sow,F,1995-03-19,+22224094312,,3,Nouakchott-Sud,STANDARD,,ACTIVE,2022-11-08,2022-11-16T07:01:59.131Z,2022-11-08T12:23:29.181Z,2024-01-17T00:00:00.000Z
858,9501718551,Bakary,Mbaye,Bakary Mbaye,M,1995-03-25,+22243145175,,1,Nouakchott-Nord,ACTIVE,,INACTIVE,2022-11-01,2023-12-27T17:23:54.828Z,2022-11-01T01:28:02.879Z,2024-01-17T00:00:00.000Z
1779,7003423234,Brahim,Faye,Brahim Faye,M,1970-08-03,+22225075805,,3,Nouakchott-Sud,DORMANT,,SUSPENDED,2024-11-25,2024-12-26T06:22:52.210Z,2024-11-25T19:44:55.847Z,2024-01-17T00:00:00.000Z
2679,9902122106,Hafsata,Gaye,Hafsata Gaye,F,1999-02-25,+22237081084,,2,Nouakchott-Ouest,OCCASIONAL,,INACTIVE,2024-12-20,2024-12-29T05:10:06.142Z,2024-12-20T13:16:51.968Z,2024-01-17T00:00:00.000Z
193,7015958050,Souleymane,Ould Jiddou,Souleymane Ould Jiddou,M,1970-05-16,+22234545290,souleymane.ouldjiddou194@gmail.com,15,Tiris Zemmour,STANDARD,,INACTIVE,2022-06-14,2023-07-09T14:13:28.447Z,2022-06-14T00:18:25.347Z,2024-01-17T00:00:00.000Z
2633,6312495190,Haby,Diagana,Haby Diagana,F,1963-12-11,+22233554576,,12,Adrar,OCCASIONAL,,INACTIVE,2022-12-01,2024-01-09T14:33:29.832Z,2022-12-01T10:54:14.065Z,2024-01-17T00:00:00.000Z
2181,7002688810,Abdel Aziz,Ould Ethmane,Abdel Aziz Ould Ethmane,M,1970-03-23,+22223324838,,2,Nouakchott-Ouest,OCCASIONAL,,INACTIVE,2024-10-24,2024-12-21T00:15:45.341Z,2024-10-24T08:29:28.201Z,2024-01-17T00:00:00.000Z
350,9702122384,Jemila,Mint Abdallah,Jemila Mint Abdallah,F,1997-01-27,+22234787906,,2,Nouakchott-Ouest,STANDARD,,INACTIVE,2022-11-23,2023-12-13T17:42:17.526Z,2022-11-23T05:05:57.158Z,2024-01-17T00:00:00.000Z
2668,7601480747,Alassane,Kanouté,Alassane Kanouté,M,1976-09-21,+22232804202,,1,Nouakchott-Nord,STANDARD,,ACTIVE,2022-10-12,2023-05-21T11:33:53.551Z,2022-10-12T13:49:02.308Z,2024-01-17T00:00:00.000Z
2246,6904999994,Halima,Mint Hamoud,Halima Mint Hamoud,F,1969-10-20,+22246548377,,4,Dakhlet Nouadhibou,OCCASIONAL,,INACTIVE,2023-01-28,2024-07-14T19:28:09.049Z,2023-01-28T04:51:22.990Z,2024-01-17T00:00:00.000Z
57,0503989464,Mahfoudh,Koné,Mahfoudh Koné,M,2005-05-18,+22224169686,,3,Nouakchott-Sud,STANDARD,,INACTIVE,2023-11-23,2024-05-21T18:25:20.002Z,2023-11-23T15:07:45.117Z,2024-01-17T00:00:00.000Z
918,9406326482,Mahjouba,Ly,Mahjouba Ly,F,1994-07-12,+22237449132,mahjouba.ly350@yahoo.fr,6,Brakna,STANDARD,,ACTIVE,2023-02-04,2024-03-19T21:28:50.857Z,2023-02-04T07:27:57.429Z,2024-01-17T00:00:00.000Z
1358,0103821364,Cheikhna,Faye,Cheikhna Faye,M,2001-02-18,+22222508636,,3,Nouakchott-Sud,STANDARD,,ACTIVE,2024-05-22,2024-11-04T11:07:27.193Z,2024-05-22T22:04:13.681Z,2024-01-17T00:00:00.000Z
2287,9702211316,Nagi,Ould Vall,Nagi Ould Vall,M,1997-10-13,+22233705346,,2,Nouakchott-Ouest,STANDARD,,ACTIVE,2024-05-31,2024-06-13T04:43:39.809Z,2024-05-31T05:03:42.190Z,2024-01-17T00:00:00.000Z
2089,8104823680,Dado,Dramé,Dado Dramé,F,1981-04-11,+22235548092,,4,Dakhlet Nouadhibou,ACTIVE,,SUSPENDED,2023-04-16,2023-06-21T14:04:31.056Z,2023-04-16T13:32:52.556Z,2024-01-17T00:00:00.000Z
942,9706160661,Kesso,Sow,Kesso Sow,F,1997-02-03,+22236572458,,6,Brakna,OCCASIONAL,,ACTIVE,2022-09-23,2023-08-17T03:03:06.698Z,2022-09-23T02:01:53.604Z,2024-01-17T00:00:00.000Z
1655,9402979213,Jemila,Mint Ethmane,Jemila Mint Ethmane,F,1994-11-28,+22237360696,,2,Nouakchott-Ouest,STANDARD,,INACTIVE,2022-06-27,2022-08-14T05:58:03.563Z,2022-06-27T07:10:18.262Z,2024-01-17T00:00:00.000Z