id,transaction_id,transaction_reference,fee_type,amount,currency,payer_account_id,collector,status,created_at
17740,35671,TX20240622542766,TRF_FEE,50,MRU,464,PLATFORM,COLLECTED,2024-06-22T14:42:53.683Z
17741,35673,TX20240309992501,TRF_FEE,10,MRU,3714,PLATFORM,COLLECTED,2024-03-09T09:09:26.139Z
17742,35674,TX20241003404078,TRF_FEE,25,MRU,2519,PLATFORM,COLLECTED,2024-10-03T15:46:06.444Z
17743,35676,TX20240810678203,SAL_FEE,1425,MRU,10607,PLATFORM,COLLECTED,2024-08-10T09:37:50.754Z
17744,35677,TX20240815045278,WIT_FEE,500,MRU,503,PLATFORM,COLLECTED,2024-08-15T17:20:00.213Z
17745,35679,TX20241221350294,TRF_FEE,25,MRU,3102,PLATFORM,COLLECTED,2024-12-21T09:35:35.459Z
17746,35682,TX20240416872279,TRF_FEE,25,MRU,8294,PLATFORM,COLLECTED,2024-04-16T13:23:23.431Z
17747,35683,TX20240731439926,WIT_FEE,50,MRU,9773,PLATFORM,COLLECTED,2024-07-31T19:11:44.294Z
17748,35685,TX20240129096197,TRF_FEE,25,MRU,8304,PLATFORM,COLLECTED,2024-01-29T15:06:43.467Z
17749,35687,TX20240130029104,WIT_FEE,50,MRU,9209,PLATFORM,COLLECTED,2024-01-30T09:09:49.104Z
17750,35688,TX20240405010950,PAY_FEE,20,MRU,8129,MERCHANT,COLLECTED,2024-04-05T13:05:57.324Z
17751,35689,TX20240210809810,PAY_FEE,45,MRU,1329,MERCHANT,COLLECTED,2024-02-10T10:45:14.733Z
17752,35690,TX20241221337851,WIT_FEE,50,MRU,10641,PLATFORM,COLLECTED,2024-12-21T17:14:20.565Z
17753,35691,TX20240224268997,TRF_FEE,25,MRU,8636,PLATFORM,COLLECTED,2024-02-24T17:26:37.171Z
17754,35697,TX20240215272391,TRF_FEE,50,MRU,9985,PLATFORM,COLLECTED,2024-02-15T02:04:27.553Z
17755,35699,TX20241126374993,PAY_FEE,150,MRU,108,MERCHANT,COLLECTED,2024-11-26T10:35:24.218Z
17756,35700,TX20240517928380,WIT_FEE,50,MRU,9397,PLATFORM,COLLECTED,2024-05-17T13:10:10.621Z
17757,35702,TX20240422514322,TRF_FEE,50,MRU,6035,PLATFORM,COLLECTED,2024-04-21T22:04:28.015Z
17758,35704,TX20241213418082,TRF_FEE,10,MRU,8679,PLATFORM,COLLECTED,2024-12-13T15:01:52.853Z
17759,35705,TX20241208106006,TRF_FEE,25,MRU,1749,PLATFORM,COLLECTED,2024-12-08T06:08:50.602Z
17760,35709,TX20241009730086,TRF_FEE,10,MRU,3765,PLATFORM,COLLECTED,2024-10-09T18:51:19.280Z
17761,35710,TX20240421133620,WIT_FEE,50,MRU,10807,PLATFORM,COLLECTED,2024-04-21T06:28:25.097Z
17762,35712,TX20240210684333,TRF_FEE,25,MRU,6948,PLATFORM,COLLECTED,2024-02-10T11:33:53.070Z
17763,35713,TX20241212922868,TRF_FEE,25,MRU,5371,PLATFORM,COLLECTED,2024-12-12T11:23:20.413Z
17764,35718,TX20240701136967,TRF_FEE,25,MRU,4934,PLATFORM,COLLECTED,2024-07-01T14:00:17.469Z
17765,35719,TX20240809468607,TRF_FEE,50,MRU,6200,PLATFORM,COLLECTED,2024-08-09T16:37:12.688Z
17766,35720,TX20240715315124,TRF_FEE,25,MRU,4350,PLATFORM,COLLECTED,2024-07-15T13:46:51.671Z
17767,35721,TX20240221269681,TRF_FEE,50,MRU,6428,PLATFORM,COLLECTED,2024-02-21T20:10:27.273Z
17768,35724,TX20240507048832,TRF_FEE,25,MRU,2326,PLATFORM,COLLECTED,2024-05-07T16:59:34.421Z
17769,35725,TX20240805002490,TRF_FEE,50,MRU,7092,PLATFORM,COLLECTED,2024-08-05T14:02:00.040Z
17770,35726,TX20240420152872,TRF_FEE,50,MRU,421,PLATFORM,COLLECTED,2024-04-20T10:01:12.791Z
17771,35731,TX20240106202637,TRF_FEE,10,MRU,136,PLATFORM,COLLECTED,2024-01-06T06:48:43.079Z
17772,35732,TX20241016388794,PAY_FEE,32,MRU,10619,MERCHANT,COLLECTED,2024-10-16T19:59:49.888Z
17773,35734,TX20240510368911,PAY_FEE,41,MRU,2973,MERCHANT,COLLECTED,2024-05-10T17:58:50.988Z
17774,35736,TX20240105816824,PAY_FEE,30,MRU,8390,MERCHANT,COLLECTED,2024-01-05T16:27:36.716Z
17775,35737,TX20240806105968,WIT_FEE,50,MRU,6624,PLATFORM,COLLECTED,2024-08-06T08:03:00.206Z
17776,35739,TX20240226935626,PAY_FEE,20,MRU,3006,MERCHANT,COLLECTED,2024-02-26T14:01:25.032Z
17777,35740,TX20240914120920,PAY_FEE,42,MRU,7699,MERCHANT,COLLECTED,2024-09-14T08:06:27.850Z
17778,35742,TX20240423693952,TRF_FEE,10,MRU,7827,PLATFORM,COLLECTED,2024-04-23T09:05:03.903Z
17779,35743,TX20240217332901,TRF_FEE,50,MRU,2687,PLATFORM,COLLECTED,2024-02-17T19:04:00.615Z
17780,35744,TX20240531190406,PAY_FEE,11,MRU,9920,MERCHANT,COLLECTED,2024-05-31T07:08:59.637Z
17781,35746,TX20240105823065,TRF_FEE,50,MRU,207,PLATFORM,COLLECTED,2024-01-05T09:59:56.163Z
17782,35748,TX20240617384611,TRF_FEE,10,MRU,3464,PLATFORM,COLLECTED,2024-06-17T09:29:28.279Z
17783,35749,TX20240627141156,TRF_FEE,25,MRU,2465,PLATFORM,COLLECTED,2024-06-27T08:43:32.301Z
17784,35751,TX20240825316942,WIT_FEE,110,MRU,5147,PLATFORM,COLLECTED,2024-08-25T18:52:00.682Z
17785,35754,TX20240418123898,PAY_FEE,60,MRU,4850,MERCHANT,COLLECTED,2024-04-18T16:50:15.031Z
17786,35756,TX20240320912574,WIT_FEE,50,MRU,9458,PLATFORM,COLLECTED,2024-03-20T09:21:09.717Z
17787,35761,TX20240213099870,TRF_FEE,50,MRU,5786,PLATFORM,COLLECTED,2024-02-13T17:06:27.488Z
17788,35764,TX20241026663286,TRF_FEE,25,MRU,10591,PLATFORM,COLLECTED,2024-10-26T08:34:24.202Z
17789,35765,TX20240114510487,TRF_FEE,50,MRU,5911,PLATFORM,COLLECTED,2024-01-14T13:39:37.528Z
17790,35767,TX20240530651164,TRF_FEE,10,MRU,10605,PLATFORM,COLLECTED,2024-05-30T15:09:18.908Z
17791,35769,TX20240215144194,WIT_FEE,100,MRU,6415,PLATFORM,COLLECTED,2024-02-15T15:23:25.327Z
17792,35771,TX20240326058585,BIL_FEE,100,MRU,4492,PLATFORM,COLLECTED,2024-03-26T08:34:11.439Z
17793,35773,TX20240613126582,WIT_FEE,50,MRU,7002,PLATFORM,COLLECTED,2024-06-13T12:44:17.467Z
17794,35776,TX20240923027338,WIT_FEE,50,MRU,6714,PLATFORM,COLLECTED,2024-09-23T10:56:55.590Z
17795,35778,TX20240418125077,WIT_FEE,350,MRU,1417,PLATFORM,COLLECTED,2024-04-18T07:21:23.191Z
17796,35780,TX20240711935273,TRF_FEE,25,MRU,1626,PLATFORM,COLLECTED,2024-07-11T05:44:20.175Z
17797,35782,TX20241215861082,PAY_FEE,53,MRU,2127,MERCHANT,COLLECTED,2024-12-15T09:08:03.563Z
17798,35784,TX20240819552469,PAY_FEE,21,MRU,4856,MERCHANT,COLLECTED,2024-08-19T05:11:24.401Z
17799,35785,TX20240731567311,PAY_FEE,71,MRU,10857,MERCHANT,COLLECTED,2024-07-31T07:07:17.404Z
17800,35788,TX20240603655697,TRF_FEE,50,MRU,9122,PLATFORM,COLLECTED,2024-06-03T14:31:33.088Z
17801,35793,TX20240202497784,BIL_FEE,100,MRU,4489,PLATFORM,COLLECTED,2024-02-02T21:08:34.381Z
17802,35796,TX20240117945306,PAY_FEE,51,MRU,2144,MERCHANT,COLLECTED,2024-01-17T06:17:54.942Z
17803,35800,TX20240812952874,PAY_FEE,56,MRU,10340,MERCHANT,COLLECTED,2024-08-12T08:01:20.008Z
17804,35801,TX20240928124213,PAY_FEE,39,MRU,478,MERCHANT,COLLECTED,2024-09-28T07:12:15.589Z
17805,35802,TX20240208642960,PAY_FEE,44,MRU,9755,MERCHANT,COLLECTED,2024-02-08T08:25:57.179Z
17806,35803,TX20241012126739,TRF_FEE,50,MRU,7861,PLATFORM,COLLECTED,2024-10-12T04:54:01.804Z
17807,35804,TX20240307983683,TRF_FEE,25,MRU,5746,PLATFORM,COLLECTED,2024-03-07T10:29:33.910Z
17808,35806,TX20240703334481,TRF_FEE,50,MRU,4466,PLATFORM,COLLECTED,2024-07-03T10:15:53.456Z
17809,35809,TX20240910126240,PAY_FEE,32,MRU,2042,MERCHANT,COLLECTED,2024-09-10T12:29:45.581Z
17810,35810,TX20240313380507,WIT_FEE,50,MRU,2239,PLATFORM,COLLECTED,2024-03-13T18:27:28.734Z
17811,35811,TX20240326305576,BIL_FEE,100,MRU,2869,PLATFORM,COLLECTED,2024-03-26T14:51:15.752Z
17812,35814,TX20240910076600,SAL_FEE,1815,MRU,3636,PLATFORM,COLLECTED,2024-09-10T11:47:44.238Z
17813,35816,TX20241102958852,PAY_FEE,50,MRU,5500,MERCHANT,COLLECTED,2024-11-02T13:04:11.995Z
17814,35817,TX20241013306864,PAY_FEE,21,MRU,4172,MERCHANT,COLLECTED,2024-10-13T09:02:02.631Z
17815,35818,TX20240610033571,PAY_FEE,65,MRU,3446,MERCHANT,COLLECTED,2024-06-10T07:31:30.437Z
17816,35822,TX20240523725140,SAL_FEE,655,MRU,4066,PLATFORM,COLLECTED,2024-05-23T12:20:53.422Z
17817,35823,TX20240125237290,WIT_FEE,410,MRU,7687,PLATFORM,COLLECTED,2024-01-25T07:04:03.297Z
17818,35824,TX20241231572386,WIT_FEE,50,MRU,2200,PLATFORM,COLLECTED,2024-12-31T18:35:32.784Z
17819,35825,TX20240212018499,PAY_FEE,135,MRU,7506,MERCHANT,COLLECTED,2024-02-12T15:38:29.785Z
17820,35828,TX20241014123279,TRF_FEE,25,MRU,3423,PLATFORM,COLLECTED,2024-10-14T13:59:33.161Z
17821,35831,TX20241030476406,WIT_FEE,50,MRU,1866,PLATFORM,COLLECTED,2024-10-30T09:48:59.299Z
17822,35832,TX20240424980793,TRF_FEE,10,MRU,2321,PLATFORM,COLLECTED,2024-04-24T13:49:12.814Z
17823,35834,TX20240502945839,WIT_FEE,50,MRU,4432,PLATFORM,COLLECTED,2024-05-02T14:39:24.432Z
17824,35835,TX20240731072341,SAL_FEE,1190,MRU,6598,PLATFORM,COLLECTED,2024-07-31T04:00:59.715Z
17825,35838,TX20240116211760,TRF_FEE,25,MRU,3797,PLATFORM,COLLECTED,2024-01-16T17:38:27.082Z
17826,35839,TX20240310530843,SAL_FEE,1395,MRU,7021,PLATFORM,COLLECTED,2024-03-10T14:58:33.602Z
17827,35840,TX20240712117650,PAY_FEE,38,MRU,2645,MERCHANT,COLLECTED,2024-07-12T09:34:29.907Z
17828,35841,TX20240828759738,SAL_FEE,1575,MRU,7667,PLATFORM,COLLECTED,2024-08-28T07:33:50.232Z
17829,35843,TX20241221372991,PAY_FEE,75,MRU,1747,MERCHANT,COLLECTED,2024-12-21T21:35:42.229Z
17830,35845,TX20241026923181,WIT_FEE,50,MRU,2609,PLATFORM,COLLECTED,2024-10-26T08:50:53.459Z
17831,35846,TX20240211582896,TRF_FEE,50,MRU,2538,PLATFORM,COLLECTED,2024-02-11T04:58:13.377Z
17832,35847,TX20240101927864,TRF_FEE,50,MRU,7479,PLATFORM,COLLECTED,2024-01-01T20:25:12.746Z
17833,35854,TX20240629930766,PAY_FEE,48,MRU,9756,MERCHANT,COLLECTED,2024-06-29T14:54:27.914Z
17834,35858,TX20241017580054,WIT_FEE,50,MRU,5941,PLATFORM,COLLECTED,2024-10-17T15:36:21.605Z
17835,35860,TX20240103875721,PAY_FEE,1530,MRU,9594,MERCHANT,COLLECTED,2024-01-03T16:42:44.686Z
17836,35861,TX20240808432961,TRF_FEE,25,MRU,2127,PLATFORM,COLLECTED,2024-08-08T13:03:29.764Z
17837,35869,TX20240426745914,PAY_FEE,65,MRU,2488,MERCHANT,COLLECTED,2024-04-26T19:23:38.239Z
17838,35870,TX20241205548575,TRF_FEE,10,MRU,3377,PLATFORM,COLLECTED,2024-12-05T12:45:43.599Z
17839,35874,TX20240526954637,WIT_FEE,50,MRU,7298,PLATFORM,COLLECTED,2024-05-26T00:46:29.475Z
17840,35875,TX20240904610105,WIT_FEE,50,MRU,1019,PLATFORM,COLLECTED,2024-09-04T08:24:21.387Z
17841,35876,TX20240228072148,WIT_FEE,50,MRU,6328,PLATFORM,COLLECTED,2024-02-28T11:08:20.189Z
17842,35880,TX20241119912084,TRF_FEE,25,MRU,2421,PLATFORM,COLLECTED,2024-11-19T10:00:12.045Z
17843,35881,TX20240314076714,TRF_FEE,50,MRU,4423,PLATFORM,COLLECTED,2024-03-14T18:37:33.862Z
17844,35882,TX20240611350294,WIT_FEE,50,MRU,5086,PLATFORM,COLLECTED,2024-06-11T19:15:35.587Z
17845,35886,TX20240311114547,SAL_FEE,2190,MRU,3334,PLATFORM,COLLECTED,2024-03-11T16:17:53.314Z
17846,35888,TX20240111430395,WIT_FEE,50,MRU,6082,PLATFORM,COLLECTED,2024-01-11T07:14:43.598Z
17847,35892,TX20240210617461,PAY_FEE,45,MRU,1329,MERCHANT,COLLECTED,2024-02-10T10:45:14.733Z
17848,35893,TX20241108194043,SAL_FEE,2405,MRU,10527,PLATFORM,COLLECTED,2024-11-08T09:20:33.965Z
17849,35899,TX20240318865533,TRF_FEE,25,MRU,6976,PLATFORM,COLLECTED,2024-03-18T11:22:12.863Z
17850,35904,TX20240819718066,PAY_FEE,33,MRU,3562,MERCHANT,COLLECTED,2024-08-19T14:11:12.839Z
17851,35908,TX20240227311419,TRF_FEE,50,MRU,8581,PLATFORM,COLLECTED,2024-02-27T16:39:05.699Z
17852,35909,TX20240508637340,WIT_FEE,99,MRU,6720,PLATFORM,COLLECTED,2024-05-08T09:38:13.160Z
17853,35910,TX20240913032234,WIT_FEE,200,MRU,3162,PLATFORM,COLLECTED,2024-09-13T15:03:22.649Z
17854,35911,TX20240319959603,TRF_FEE,25,MRU,10176,PLATFORM,COLLECTED,2024-03-19T14:14:34.493Z
17855,35912,TX20241009117453,TRF_FEE,10,MRU,3765,PLATFORM,COLLECTED,2024-10-09T18:51:19.280Z
17856,35913,TX20240202272883,WIT_FEE,200,MRU,4851,PLATFORM,COLLECTED,2024-02-02T12:25:05.981Z
17857,35916,TX20240720086933,WIT_FEE,50,MRU,4579,PLATFORM,COLLECTED,2024-07-20T18:26:23.349Z
17858,35921,TX20241229134388,TRF_FEE,10,MRU,84,PLATFORM,COLLECTED,2024-12-29T20:41:30.635Z
17859,35922,TX20240619988491,PAY_FEE,44,MRU,2353,MERCHANT,COLLECTED,2024-06-19T13:36:49.623Z
17860,35926,TX20240630958724,TRF_FEE,50,MRU,8313,PLATFORM,COLLECTED,2024-06-30T17:49:41.908Z
17861,35927,TX20240507448127,TRF_FEE,25,MRU,2326,PLATFORM,COLLECTED,2024-05-07T16:59:34.421Z
17862,35928,TX20240913894014,TRF_FEE,25,MRU,563,PLATFORM,COLLECTED,2024-09-13T05:00:02.643Z
17863,35929,TX20240611870172,WIT_FEE,50,MRU,10295,PLATFORM,COLLECTED,2024-06-11T04:12:47.038Z
17864,35931,TX20240805346407,TRF_FEE,25,MRU,7867,PLATFORM,COLLECTED,2024-08-05T13:34:53.851Z
17865,35934,TX20240713658320,WIT_FEE,50,MRU,7652,PLATFORM,COLLECTED,2024-07-13T08:50:25.275Z
17866,35937,TX20241104818242,SAL_FEE,2210,MRU,7266,PLATFORM,COLLECTED,2024-11-04T21:16:16.089Z
17867,35938,TX20240209050511,TRF_FEE,50,MRU,4184,PLATFORM,COLLECTED,2024-02-09T19:44:14.441Z
17868,35940,TX20240121661415,WIT_FEE,50,MRU,1805,PLATFORM,COLLECTED,2024-01-21T01:12:35.093Z
17869,35941,TX20240528883625,PAY_FEE,63,MRU,3368,MERCHANT,COLLECTED,2024-05-28T14:02:37.446Z
17870,35943,TX20240914210827,PAY_FEE,42,MRU,7699,MERCHANT,COLLECTED,2024-09-14T08:06:27.850Z
17871,35946,TX20240606332901,WIT_FEE,86,MRU,49,PLATFORM,COLLECTED,2024-06-06T12:07:56.082Z
17872,35947,TX20240531797315,PAY_FEE,11,MRU,9920,MERCHANT,COLLECTED,2024-05-31T07:08:59.637Z
17873,35948,TX20240621106270,SAL_FEE,1955,MRU,8168,PLATFORM,COLLECTED,2024-06-21T07:18:20.687Z
17874,35949,TX20240905195232,PAY_FEE,68,MRU,1812,MERCHANT,COLLECTED,2024-09-05T03:14:59.944Z
17875,35957,TX20240418075557,PAY_FEE,60,MRU,4850,MERCHANT,COLLECTED,2024-04-18T16:50:15.031Z
17876,35958,TX20240128349937,PAY_FEE,29,MRU,8057,MERCHANT,COLLECTED,2024-01-28T13:31:13.021Z
17877,35961,TX20240227677947,WIT_FEE,50,MRU,6327,PLATFORM,COLLECTED,2024-02-27T14:16:29.989Z
17878,35966,TX20240214360790,SAL_FEE,2145,MRU,8169,PLATFORM,COLLECTED,2024-02-14T08:31:31.451Z
17879,35967,TX20241017174863,SAL_FEE,1185,MRU,6351,PLATFORM,COLLECTED,2024-10-17T10:41:49.290Z
17880,35968,TX20241004130827,TRF_FEE,25,MRU,5649,PLATFORM,COLLECTED,2024-10-04T12:21:38.037Z
17881,35969,TX20240319916858,TRF_FEE,25,MRU,5675,PLATFORM,COLLECTED,2024-03-19T12:01:48.735Z
17882,35970,TX20240530193540,TRF_FEE,10,MRU,10605,PLATFORM,COLLECTED,2024-05-30T15:09:18.908Z
17883,35972,TX20240523933645,TRF_FEE,10,MRU,7662,PLATFORM,COLLECTED,2024-05-23T10:19:34.286Z
17884,35973,TX20241129880995,TRF_FEE,50,MRU,7334,PLATFORM,COLLECTED,2024-11-29T14:37:24.656Z
17885,35974,TX20240326177450,BIL_FEE,100,MRU,4492,PLATFORM,COLLECTED,2024-03-26T08:34:11.439Z
17886,35975,TX20241018224557,TRF_FEE,25,MRU,10226,PLATFORM,COLLECTED,2024-10-18T11:49:34.607Z
17887,35977,TX20240319978444,TRF_FEE,25,MRU,5322,PLATFORM,COLLECTED,2024-03-19T08:12:45.446Z
17888,35978,TX20240131363901,WIT_FEE,50,MRU,963,PLATFORM,COLLECTED,2024-01-31T19:42:26.714Z
17889,35983,TX20240221781182,WIT_FEE,50,MRU,8181,PLATFORM,COLLECTED,2024-02-21T19:24:31.045Z
17890,35985,TX20241021364095,TRF_FEE,50,MRU,10554,PLATFORM,COLLECTED,2024-10-21T07:38:38.741Z
17891,35986,TX20240221410568,BIL_FEE,100,MRU,9348,PLATFORM,COLLECTED,2024-02-21T17:45:16.982Z
17892,35987,TX20240206125940,WIT_FEE,50,MRU,4521,PLATFORM,COLLECTED,2024-02-06T18:38:02.188Z
17893,35990,TX20240615097794,TRF_FEE,25,MRU,8566,PLATFORM,COLLECTED,2024-06-15T12:32:33.968Z
17894,35993,TX20240908086228,TRF_FEE,25,MRU,8683,PLATFORM,COLLECTED,2024-09-08T15:03:18.681Z
17895,35996,TX20240612272583,WIT_FEE,50,MRU,8038,PLATFORM,COLLECTED,2024-06-12T07:18:29.544Z
17896,35998,TX20240924967854,WIT_FEE,50,MRU,6325,PLATFORM,COLLECTED,2024-09-24T17:22:10.472Z
17897,36000,TX20240723410326,TRF_FEE,25,MRU,6569,PLATFORM,COLLECTED,2024-07-23T13:40:10.554Z
17898,36004,TX20240104164966,WIT_FEE,50,MRU,5669,PLATFORM,COLLECTED,2024-01-04T19:15:21.202Z
17899,36006,TX20240216118196,PAY_FEE,48,MRU,10680,MERCHANT,COLLECTED,2024-02-16T11:35:27.028Z
17900,36009,TX20240502028032,WIT_FEE,50,MRU,4595,PLATFORM,COLLECTED,2024-05-02T18:15:55.279Z
17901,36011,TX20241226865835,PAY_FEE,54,MRU,8039,MERCHANT,COLLECTED,2024-12-26T16:22:45.161Z
17902,36012,TX20241225153485,SAL_FEE,1935,MRU,1391,PLATFORM,COLLECTED,2024-12-25T14:02:32.032Z
17903,36014,TX20241108232695,TRF_FEE,50,MRU,2420,PLATFORM,COLLECTED,2024-11-08T09:45:15.037Z
17904,36015,TX20240115203868,PAY_FEE,44,MRU,8235,MERCHANT,COLLECTED,2024-01-15T10:52:38.938Z
17905,36021,TX20240627544617,WIT_FEE,50,MRU,1425,PLATFORM,COLLECTED,2024-06-27T16:06:54.936Z
17906,36025,TX20240605584600,SAL_FEE,1045,MRU,7930,PLATFORM,COLLECTED,2024-06-05T08:43:31.071Z
17907,36026,TX20240728502234,PAY_FEE,51,MRU,7698,MERCHANT,COLLECTED,2024-07-28T13:21:41.948Z
17908,36031,TX20240724836285,PAY_FEE,45,MRU,7916,MERCHANT,COLLECTED,2024-07-24T21:33:09.308Z
17909,36034,TX20240407476406,PAY_FEE,11,MRU,3321,MERCHANT,COLLECTED,2024-04-07T16:17:48.988Z
17910,36035,TX20240424275198,TRF_FEE,10,MRU,2321,PLATFORM,COLLECTED,2024-04-24T13:49:12.814Z
17911,36036,TX20240516678881,SAL_FEE,690,MRU,3457,PLATFORM,COLLECTED,2024-05-16T20:46:23.046Z
17912,36037,TX20240429694814,PAY_FEE,26,MRU,4788,MERCHANT,COLLECTED,2024-04-29T09:39:39.412Z
17913,36038,TX20241223365836,WIT_FEE,50,MRU,7882,PLATFORM,COLLECTED,2024-12-23T14:01:00.988Z
17914,36039,TX20240321640602,PAY_FEE,45,MRU,2968,MERCHANT,COLLECTED,2024-03-21T08:55:58.084Z
17915,36040,TX20241023043915,TRF_FEE,25,MRU,5114,PLATFORM,COLLECTED,2024-10-23T06:34:43.820Z
17916,36044,TX20240828130540,SAL_FEE,1575,MRU,7667,PLATFORM,COLLECTED,2024-08-28T07:33:50.232Z
17917,36046,TX20241221604520,PAY_FEE,75,MRU,1747,MERCHANT,COLLECTED,2024-12-21T21:35:42.229Z
17918,36048,TX20241103926337,WIT_FEE,50,MRU,6423,PLATFORM,COLLECTED,2024-11-03T18:27:14.005Z
17919,36054,TX20241009362831,TRF_FEE,50,MRU,10168,PLATFORM,COLLECTED,2024-10-09T09:38:52.166Z
17920,36057,TX20240915930766,TRF_FEE,25,MRU,2035,PLATFORM,COLLECTED,2024-09-15T17:27:54.884Z
17921,36059,TX20241129601909,TRF_FEE,25,MRU,1925,PLATFORM,COLLECTED,2024-11-29T07:52:42.361Z
17922,36062,TX20240123508867,PAY_FEE,71,MRU,10654,MERCHANT,COLLECTED,2024-01-23T11:10:42.584Z
17923,36064,TX20240808731097,TRF_FEE,25,MRU,2127,PLATFORM,COLLECTED,2024-08-08T13:03:29.764Z
17924,36065,TX20241217023249,PAY_FEE,120,MRU,10506,MERCHANT,COLLECTED,2024-12-17T12:12:52.793Z
17925,36066,TX20240607508800,TRF_FEE,50,MRU,7798,PLATFORM,COLLECTED,2024-06-07T10:13:54.908Z
17926,36067,TX20240426917260,PAY_FEE,59,MRU,10103,MERCHANT,COLLECTED,2024-04-26T13:51:22.481Z
17927,36068,TX20240309020460,WIT_FEE,230,MRU,4513,PLATFORM,COLLECTED,2024-03-09T07:52:22.058Z
17928,36070,TX20241008319460,TRF_FEE,25,MRU,6783,PLATFORM,COLLECTED,2024-10-08T18:35:29.744Z
17929,36071,TX20241230346277,WIT_FEE,50,MRU,3506,PLATFORM,COLLECTED,2024-12-30T17:48:06.162Z
17930,36075,TX20240415054097,PAY_FEE,35,MRU,9043,MERCHANT,COLLECTED,2024-04-15T20:30:48.471Z
17931,36076,TX20241004288928,TRF_FEE,25,MRU,5732,PLATFORM,COLLECTED,2024-10-04T13:19:28.475Z
17932,36077,TX20240630542766,PAY_FEE,102,MRU,7538,MERCHANT,COLLECTED,2024-06-30T11:39:42.888Z
17933,36084,TX20240314473800,TRF_FEE,50,MRU,4423,PLATFORM,COLLECTED,2024-03-14T18:37:33.862Z
17934,36085,TX20241221400525,TRF_FEE,25,MRU,3102,PLATFORM,COLLECTED,2024-12-21T09:35:35.459Z
17935,36089,TX20240731594341,WIT_FEE,50,MRU,9773,PLATFORM,COLLECTED,2024-07-31T19:11:44.294Z
17936,36090,TX20241029455433,PAY_FEE,74,MRU,5162,MERCHANT,COLLECTED,2024-10-29T18:58:46.615Z
17937,36091,TX20240129937799,TRF_FEE,25,MRU,8304,PLATFORM,COLLECTED,2024-01-29T15:06:43.467Z
17938,36095,TX20240210139950,PAY_FEE,45,MRU,1329,MERCHANT,COLLECTED,2024-02-10T10:45:14.733Z
17939,36101,TX20241113260137,PAY_FEE,68,MRU,4710,MERCHANT,COLLECTED,2024-11-13T12:40:50.661Z
17940,36103,TX20240721738868,TRF_FEE,50,MRU,6639,PLATFORM,COLLECTED,2024-07-21T17:57:11.465Z
17941,36105,TX20240802974593,WIT_FEE,50,MRU,10973,PLATFORM,COLLECTED,2024-08-02T10:13:00.309Z
17942,36108,TX20240101798439,WIT_FEE,200,MRU,6443,PLATFORM,COLLECTED,2024-01-01T07:28:00.544Z
17943,36111,TX20240809106006,TRF_FEE,25,MRU,6653,PLATFORM,COLLECTED,2024-08-09T18:03:08.847Z
17944,36113,TX20241214508832,TRF_FEE,25,MRU,4182,PLATFORM,COLLECTED,2024-12-14T10:42:46.056Z
17945,36115,TX20241009092628,TRF_FEE,10,MRU,3765,PLATFORM,COLLECTED,2024-10-09T18:51:19.280Z
17946,36125,TX20241001394843,PAY_FEE,53,MRU,6885,MERCHANT,COLLECTED,2024-10-01T11:37:36.828Z
17947,36126,TX20240317456516,WIT_FEE,50,MRU,8513,PLATFORM,COLLECTED,2024-03-17T17:36:32.596Z
17948,36127,TX20240717226018,WIT_FEE,50,MRU,3025,PLATFORM,COLLECTED,2024-07-17T07:58:10.455Z
17949,36128,TX20240413199749,WIT_FEE,50,MRU,8904,PLATFORM,COLLECTED,2024-04-13T13:11:15.698Z
17950,36130,TX20240620048832,PAY_FEE,63,MRU,4672,MERCHANT,COLLECTED,2024-06-20T09:51:59.567Z
17951,36132,TX20240420807746,TRF_FEE,50,MRU,421,PLATFORM,COLLECTED,2024-04-20T10:01:12.791Z
17952,36140,TX20241021818242,TRF_FEE,25,MRU,9343,PLATFORM,COLLECTED,2024-10-21T16:21:54.983Z
17953,36141,TX20240209893047,TRF_FEE,50,MRU,4184,PLATFORM,COLLECTED,2024-02-09T19:44:14.441Z
17954,36142,TX20240105370979,PAY_FEE,30,MRU,8390,MERCHANT,COLLECTED,2024-01-05T16:27:36.716Z
17955,36143,TX20240409661415,TRF_FEE,50,MRU,1020,PLATFORM,COLLECTED,2024-04-09T05:00:12.599Z
17956,36144,TX20240528236816,PAY_FEE,63,MRU,3368,MERCHANT,COLLECTED,2024-05-28T14:02:37.446Z
17957,36145,TX20240107935626,TRF_FEE,50,MRU,4521,PLATFORM,COLLECTED,2024-01-07T11:01:16.634Z
17958,36146,TX20240914707736,PAY_FEE,42,MRU,7699,MERCHANT,COLLECTED,2024-09-14T08:06:27.850Z
17959,36147,TX20240409636144,WIT_FEE,160,MRU,2891,PLATFORM,COLLECTED,2024-04-09T14:27:59.332Z
17960,36148,TX20240423637024,TRF_FEE,10,MRU,7827,PLATFORM,COLLECTED,2024-04-23T09:05:03.903Z
17961,36151,TX20240908740262,WIT_FEE,50,MRU,4189,PLATFORM,COLLECTED,2024-09-08T15:45:29.041Z
17962,36154,TX20240516384611,TRF_FEE,50,MRU,2296,PLATFORM,COLLECTED,2024-05-16T11:28:16.312Z
17963,36155,TX20240627163574,TRF_FEE,25,MRU,2465,PLATFORM,COLLECTED,2024-06-27T08:43:32.301Z
17964,36160,TX20241112837704,WIT_FEE,53,MRU,48,PLATFORM,COLLECTED,2024-11-12T17:15:01.437Z
17965,36167,TX20240323449856,PAY_FEE,38,MRU,1248,MERCHANT,COLLECTED,2024-03-23T08:30:07.842Z
17966,36170,TX20240416547225,PAY_FEE,17,MRU,5164,MERCHANT,COLLECTED,2024-04-16T13:24:12.960Z
17967,36178,TX20240103827417,TRF_FEE,50,MRU,6278,PLATFORM,COLLECTED,2024-01-03T14:47:28.820Z
17968,36179,TX20240613697672,WIT_FEE,50,MRU,7002,PLATFORM,COLLECTED,2024-06-13T12:44:17.467Z
17969,36185,TX20241107145027,TRF_FEE,25,MRU,10495,PLATFORM,COLLECTED,2024-11-07T07:38:31.490Z
17970,36187,TX20240423866907,WIT_FEE,50,MRU,10558,PLATFORM,COLLECTED,2024-04-23T16:35:19.705Z
17971,36188,TX20241021861082,TRF_FEE,50,MRU,10554,PLATFORM,COLLECTED,2024-10-21T07:38:38.741Z
17972,36192,TX20240416952460,TRF_FEE,50,MRU,4503,PLATFORM,COLLECTED,2024-04-16T07:51:02.983Z
17973,36201,TX20240330378853,TRF_FEE,50,MRU,7388,PLATFORM,COLLECTED,2024-03-30T11:08:56.812Z
17974,36202,TX20241130648523,WIT_FEE,50,MRU,4121,PLATFORM,COLLECTED,2024-11-30T19:11:34.673Z
17975,36203,TX20241109594282,TRF_FEE,25,MRU,7287,PLATFORM,COLLECTED,2024-11-09T06:05:18.628Z
17976,36204,TX20240127090404,TRF_FEE,50,MRU,6052,PLATFORM,COLLECTED,2024-01-27T10:37:12.496Z
17977,36206,TX20240303990642,PAY_FEE,59,MRU,10436,MERCHANT,COLLECTED,2024-03-03T20:38:14.728Z
17978,36210,TX20240307526218,TRF_FEE,25,MRU,5746,PLATFORM,COLLECTED,2024-03-07T10:29:33.910Z
17979,36211,TX20241029086397,PAY_FEE,54,MRU,4189,MERCHANT,COLLECTED,2024-10-29T10:57:08.206Z
17980,36212,TX20240703937774,TRF_FEE,50,MRU,4466,PLATFORM,COLLECTED,2024-07-03T10:15:53.456Z
17981,36213,TX20241029748332,TRF_FEE,25,MRU,1074,PLATFORM,COLLECTED,2024-10-29T08:03:05.807Z
17982,36215,TX20240720748196,TRF_FEE,25,MRU,5523,PLATFORM,COLLECTED,2024-07-20T12:45:34.184Z
17983,36219,TX20240222103110,TRF_FEE,50,MRU,2152,PLATFORM,COLLECTED,2024-02-22T11:38:38.465Z
17984,36220,TX20240910274706,SAL_FEE,1815,MRU,3636,PLATFORM,COLLECTED,2024-09-10T11:47:44.238Z
17985,36222,TX20241102390685,PAY_FEE,50,MRU,5500,MERCHANT,COLLECTED,2024-11-02T13:04:11.995Z
17986,36225,TX20240302048569,TRF_FEE,25,MRU,8847,PLATFORM,COLLECTED,2024-03-02T08:41:15.017Z
17987,36227,TX20240627355636,WIT_FEE,50,MRU,4337,PLATFORM,COLLECTED,2024-06-27T19:12:06.250Z
17988,36228,TX20240603719447,BIL_FEE,100,MRU,10746,PLATFORM,COLLECTED,2024-06-03T09:10:47.621Z
17989,36232,TX20240520625769,PAY_FEE,30,MRU,1559,MERCHANT,COLLECTED,2024-05-20T14:22:08.597Z
17990,36236,TX20240918172015,TRF_FEE,25,MRU,2137,PLATFORM,COLLECTED,2024-09-18T10:01:44.105Z
17991,36239,TX20240311919113,WIT_FEE,50,MRU,10842,PLATFORM,COLLECTED,2024-03-11T17:48:58.373Z
17992,36241,TX20240731760907,SAL_FEE,1190,MRU,6598,PLATFORM,COLLECTED,2024-07-31T04:00:59.715Z
17993,36242,TX20240104640602,PAY_FEE,11,MRU,10234,MERCHANT,COLLECTED,2024-01-04T10:51:13.147Z
17994,36243,TX20241023423685,TRF_FEE,25,MRU,5114,PLATFORM,COLLECTED,2024-10-23T06:34:43.820Z
17995,36246,TX20240730568358,WIT_FEE,50,MRU,5257,PLATFORM,COLLECTED,2024-07-30T11:54:14.912Z
17996,36247,TX20240307773728,TRF_FEE,25,MRU,6510,PLATFORM,COLLECTED,2024-03-07T14:50:13.695Z
17997,36248,TX20240905396642,WIT_FEE,50,MRU,9753,PLATFORM,COLLECTED,2024-09-05T15:08:02.132Z
17998,36253,TX20240904901619,PAY_FEE,8,MRU,504,MERCHANT,COLLECTED,2024-09-04T15:46:10.880Z
17999,36255,TX20241226386269,WIT_FEE,140,MRU,4468,PLATFORM,COLLECTED,2024-12-26T15:54:37.666Z
18000,36257,TX20241210706725,BIL_FEE,100,MRU,9731,PLATFORM,COLLECTED,2024-12-10T07:26:45.225Z
18001,36259,TX20240423906173,TRF_FEE,50,MRU,4488,PLATFORM,COLLECTED,2024-04-23T18:59:53.041Z
18002,36270,TX20240426390365,PAY_FEE,59,MRU,10103,MERCHANT,COLLECTED,2024-04-26T13:51:22.481Z
18003,36273,TX20241111599551,PAY_FEE,47,MRU,5387,MERCHANT,COLLECTED,2024-11-11T11:46:56.585Z
18004,36274,TX20240616652448,BIL_FEE,100,MRU,8908,PLATFORM,COLLECTED,2024-06-16T12:15:59.856Z
18005,36275,TX20240212445050,TRF_FEE,25,MRU,3533,PLATFORM,COLLECTED,2024-02-12T10:30:03.855Z
18006,36278,TX20240923042582,PAY_FEE,42,MRU,5212,MERCHANT,COLLECTED,2024-09-23T08:58:30.808Z
18007,36282,TX20240627651471,WIT_FEE,50,MRU,1768,PLATFORM,COLLECTED,2024-06-27T07:34:11.283Z
18008,36283,TX20240626452587,TRF_FEE,50,MRU,1158,PLATFORM,COLLECTED,2024-06-26T12:45:44.782Z
18009,36287,TX20240825120736,WIT_FEE,50,MRU,9514,PLATFORM,COLLECTED,2024-08-25T07:55:37.559Z
18010,36288,TX20240804512909,WIT_FEE,50,MRU,3561,PLATFORM,COLLECTED,2024-08-04T13:27:16.736Z
18011,36290,TX20241211896923,TRF_FEE,25,MRU,6649,PLATFORM,COLLECTED,2024-12-11T17:59:37.495Z
18012,36291,TX20240523195182,TRF_FEE,50,MRU,4083,PLATFORM,COLLECTED,2024-05-23T10:25:45.827Z
18013,36293,TX20241029310565,PAY_FEE,74,MRU,5162,MERCHANT,COLLECTED,2024-10-29T18:58:46.615Z
18014,36295,TX20240414674959,TRF_FEE,50,MRU,2963,PLATFORM,COLLECTED,2024-04-14T06:01:37.749Z
18015,36297,TX20240405341274,PAY_FEE,20,MRU,8129,MERCHANT,COLLECTED,2024-04-05T13:05:57.324Z
18016,36300,TX20240224642490,TRF_FEE,25,MRU,8636,PLATFORM,COLLECTED,2024-02-24T17:26:37.171Z
18017,36306,TX20241126070090,TRF_FEE,25,MRU,2165,PLATFORM,COLLECTED,2024-11-26T20:11:27.600Z
18018,36307,TX20241105796948,TRF_FEE,25,MRU,1337,PLATFORM,COLLECTED,2024-11-05T18:17:43.828Z
18019,36315,TX20240517356309,TRF_FEE,25,MRU,3894,PLATFORM,COLLECTED,2024-05-17T07:45:38.302Z
18020,36317,TX20240219047166,PAY_FEE,45,MRU,6647,MERCHANT,COLLECTED,2024-02-19T14:31:26.213Z
18021,36319,TX20240421868277,WIT_FEE,50,MRU,10807,PLATFORM,COLLECTED,2024-04-21T06:28:25.097Z
18022,36321,TX20240210172660,TRF_FEE,25,MRU,6948,PLATFORM,COLLECTED,2024-02-10T11:33:53.070Z
18023,36324,TX20240630320783,TRF_FEE,25,MRU,440,PLATFORM,COLLECTED,2024-06-30T18:48:29.027Z
18024,36327,TX20240820136967,TRF_FEE,25,MRU,6492,PLATFORM,COLLECTED,2024-08-19T23:17:28.445Z
18025,36328,TX20240809070254,TRF_FEE,50,MRU,6200,PLATFORM,COLLECTED,2024-08-09T16:37:12.688Z
18026,36329,TX20240805656290,TRF_FEE,50,MRU,627,PLATFORM,COLLECTED,2024-08-05T15:51:40.392Z
18027,36331,TX20240430724215,WIT_FEE,50,MRU,2861,PLATFORM,COLLECTED,2024-04-30T08:17:36.190Z
18028,36332,TX20241121110120,TRF_FEE,25,MRU,4862,PLATFORM,COLLECTED,2024-11-21T17:41:54.753Z
18029,36333,TX20241107025837,WIT_FEE,50,MRU,814,PLATFORM,COLLECTED,2024-11-07T22:34:25.209Z
18030,36336,TX20240802931756,PAY_FEE,23,MRU,7443,MERCHANT,COLLECTED,2024-08-02T10:26:08.840Z
18031,36337,TX20240805308414,TRF_FEE,25,MRU,7867,PLATFORM,COLLECTED,2024-08-05T13:34:53.851Z
18032,36341,TX20241016660924,PAY_FEE,32,MRU,10619,MERCHANT,COLLECTED,2024-10-16T19:59:49.888Z
18033,36343,TX20241128806845,WIT_FEE,100,MRU,3000,PLATFORM,COLLECTED,2024-11-28T21:50:59.268Z
18034,36351,TX20240423824973,TRF_FEE,10,MRU,7827,PLATFORM,COLLECTED,2024-04-23T09:05:03.903Z
18035,36353,TX20240531842574,PAY_FEE,11,MRU,9920,MERCHANT,COLLECTED,2024-05-31T07:08:59.637Z
18036,36357,TX20240412797515,TRF_FEE,25,MRU,7821,PLATFORM,COLLECTED,2024-04-12T09:12:23.950Z
18037,36358,TX20240420848364,TRF_FEE,50,MRU,8856,PLATFORM,COLLECTED,2024-04-20T07:56:14.194Z
18038,36360,TX20241212925801,TRF_FEE,25,MRU,10776,PLATFORM,COLLECTED,2024-12-12T08:01:36.138Z
18039,36361,TX20241223805955,TRF_FEE,25,MRU,1345,PLATFORM,COLLECTED,2024-12-23T07:23:32.841Z
18040,36366,TX20240708197206,TRF_FEE,50,MRU,1839,PLATFORM,COLLECTED,2024-07-08T16:23:52.687Z
18041,36367,TX20240423158412,WIT_FEE,50,MRU,7468,PLATFORM,COLLECTED,2024-04-23T05:35:21.612Z
18042,36368,TX20240816263264,WIT_FEE,50,MRU,1215,PLATFORM,COLLECTED,2024-08-16T16:34:36.936Z
18043,36369,TX20240417592849,BIL_FEE,100,MRU,2565,PLATFORM,COLLECTED,2024-04-17T13:17:40.588Z
18044,36370,TX20240921285165,TRF_FEE,50,MRU,10561,PLATFORM,COLLECTED,2024-09-21T16:04:51.417Z
18045,36371,TX20241210791563,WIT_FEE,100,MRU,3083,PLATFORM,COLLECTED,2024-12-10T14:13:10.957Z
18046,36372,TX20240927681774,TRF_FEE,50,MRU,3997,PLATFORM,COLLECTED,2024-09-27T16:31:31.516Z
18047,36374,TX20240713171625,TRF_FEE,10,MRU,3049,PLATFORM,COLLECTED,2024-07-13T15:06:26.258Z
18048,36376,TX20240804956676,WIT_FEE,50,MRU,6868,PLATFORM,COLLECTED,2024-08-04T19:45:21.659Z
18049,36379,TX20240830890562,TRF_FEE,25,MRU,1397,PLATFORM,COLLECTED,2024-08-30T14:11:58.135Z
18050,36380,TX20240410938110,TRF_FEE,25,MRU,1970,PLATFORM,COLLECTED,2024-04-10T10:20:09.058Z
18051,36381,TX20241011061564,BIL_FEE,100,MRU,9133,PLATFORM,COLLECTED,2024-10-11T13:04:13.987Z
18052,36382,TX20240819293388,TRF_FEE,25,MRU,8057,PLATFORM,COLLECTED,2024-08-19T07:31:41.323Z
18053,36383,TX20240906439340,TRF_FEE,50,MRU,3802,PLATFORM,COLLECTED,2024-09-06T08:30:18.669Z
18054,36385,TX20240803227078,BIL_FEE,100,MRU,8216,PLATFORM,COLLECTED,2024-08-03T13:47:00.753Z
18055,36386,TX20240221597371,SAL_FEE,1145,MRU,8337,PLATFORM,COLLECTED,2024-02-21T11:40:10.423Z
18056,36389,TX20240618925942,WIT_FEE,200,MRU,5839,PLATFORM,COLLECTED,2024-06-18T09:08:57.402Z
18057,36391,TX20240824293402,TRF_FEE,50,MRU,648,PLATFORM,COLLECTED,2024-08-24T15:57:14.140Z
18058,36392,TX20241004410568,PAY_FEE,69,MRU,5870,MERCHANT,COLLECTED,2024-10-04T08:58:50.625Z
18059,36393,TX20240206901673,WIT_FEE,50,MRU,4521,PLATFORM,COLLECTED,2024-02-06T18:38:02.188Z
18060,36398,TX20241006041544,TRF_FEE,50,MRU,1727,PLATFORM,COLLECTED,2024-10-06T07:06:46.040Z
18061,36403,TX20241005347592,TRF_FEE,50,MRU,5356,PLATFORM,COLLECTED,2024-10-05T13:10:19.140Z
18062,36404,TX20240716752731,WIT_FEE,50,MRU,4194,PLATFORM,COLLECTED,2024-07-16T10:13:43.903Z
18063,36406,TX20240817863437,WIT_FEE,50,MRU,7412,PLATFORM,COLLECTED,2024-08-17T14:07:20.946Z
18064,36413,TX20240318986750,WIT_FEE,50,MRU,4125,PLATFORM,COLLECTED,2024-03-18T15:08:26.746Z
18065,36416,TX20240801359324,PAY_FEE,285,MRU,8056,MERCHANT,COLLECTED,2024-08-01T14:22:18.560Z
18066,36417,TX20241226172380,PAY_FEE,54,MRU,8039,MERCHANT,COLLECTED,2024-12-26T16:22:45.161Z
18067,36418,TX20240818153485,SAL_FEE,460,MRU,8253,PLATFORM,COLLECTED,2024-08-18T05:32:01.126Z
18068,36429,TX20240619443294,SAL_FEE,465,MRU,2973,PLATFORM,COLLECTED,2024-06-19T09:07:55.620Z
18069,36430,TX20240523936164,WIT_FEE,50,MRU,4783,PLATFORM,COLLECTED,2024-05-23T08:14:31.068Z
18070,36431,TX20241222756961,TRF_FEE,25,MRU,780,PLATFORM,COLLECTED,2024-12-22T11:17:43.522Z
18071,36433,TX20240726303397,TRF_FEE,25,MRU,3223,PLATFORM,COLLECTED,2024-07-26T03:21:45.943Z
18072,36434,TX20240905447789,PAY_FEE,132,MRU,3946,MERCHANT,COLLECTED,2024-09-05T09:25:56.343Z
18073,36435,TX20240221935319,TRF_FEE,25,MRU,5670,PLATFORM,COLLECTED,2024-02-21T18:22:06.323Z
18074,36436,TX20240327352638,TRF_FEE,25,MRU,10305,PLATFORM,COLLECTED,2024-03-27T19:34:11.011Z
18075,36437,TX20240810724938,PAY_FEE,110,MRU,1792,MERCHANT,COLLECTED,2024-08-10T15:33:59.561Z
18076,36438,TX20240728239589,TRF_FEE,25,MRU,6474,PLATFORM,COLLECTED,2024-07-28T07:55:13.276Z
18077,36440,TX20241030051565,WIT_FEE,50,MRU,1866,PLATFORM,COLLECTED,2024-10-30T09:48:59.299Z
18078,36441,TX20240813980793,WIT_FEE,50,MRU,1242,PLATFORM,COLLECTED,2024-08-13T16:12:48.209Z
18079,36443,TX20240829903777,WIT_FEE,50,MRU,3413,PLATFORM,COLLECTED,2024-08-29T14:24:25.400Z
18080,36445,TX20240104016409,PAY_FEE,11,MRU,10234,MERCHANT,COLLECTED,2024-01-04T10:51:13.147Z
18081,36446,TX20240209162775,PAY_FEE,17,MRU,9813,MERCHANT,COLLECTED,2024-02-09T14:43:49.461Z
18082,36448,TX20241224507594,TRF_FEE,50,MRU,1961,PLATFORM,COLLECTED,2024-12-24T14:36:38.508Z
18083,36452,TX20241224136151,SAL_FEE,1310,MRU,5305,PLATFORM,COLLECTED,2024-12-24T14:42:13.157Z
18084,36455,TX20241109556682,WIT_FEE,50,MRU,2419,PLATFORM,COLLECTED,2024-11-09T11:06:00.977Z
18085,36456,TX20240603718555,SAL_FEE,640,MRU,8479,PLATFORM,COLLECTED,2024-06-03T07:44:40.791Z
18086,36458,TX20240307135507,WIT_FEE,50,MRU,5158,PLATFORM,COLLECTED,2024-03-07T05:26:39.946Z
18087,36460,TX20241009644706,TRF_FEE,50,MRU,10168,PLATFORM,COLLECTED,2024-10-09T09:38:52.166Z
18088,36461,TX20240602803613,TRF_FEE,50,MRU,3142,PLATFORM,COLLECTED,2024-06-02T15:27:31.476Z
18089,36465,TX20240930941260,WIT_FEE,50,MRU,9642,PLATFORM,COLLECTED,2024-09-30T03:41:54.083Z
18090,36467,TX20240929924116,PAY_FEE,72,MRU,1431,MERCHANT,COLLECTED,2024-09-29T13:21:36.536Z
18091,36469,TX20241028334724,PAY_FEE,66,MRU,8094,MERCHANT,COLLECTED,2024-10-28T17:00:43.701Z
18092,36473,TX20240815917260,TRF_FEE,10,MRU,9440,PLATFORM,COLLECTED,2024-08-15T16:43:19.583Z
18093,36474,TX20240309915328,WIT_FEE,100,MRU,4513,PLATFORM,COLLECTED,2024-03-09T07:52:22.058Z
18094,36476,TX20240614497392,PAY_FEE,68,MRU,8215,MERCHANT,COLLECTED,2024-06-14T15:56:35.487Z
18095,36479,TX20241002606588,TRF_FEE,50,MRU,6451,PLATFORM,COLLECTED,2024-10-02T15:35:18.082Z
18096,36480,TX20241014742409,TRF_FEE,10,MRU,5052,PLATFORM,COLLECTED,2024-10-14T10:34:32.909Z
18097,36484,TX20240530738768,WIT_FEE,50,MRU,4414,PLATFORM,COLLECTED,2024-05-30T09:23:05.316Z
18098,36489,TX20240815307437,WIT_FEE,500,MRU,503,PLATFORM,COLLECTED,2024-08-15T17:20:00.213Z
18099,36490,TX20240817473800,BIL_FEE,100,MRU,301,PLATFORM,COLLECTED,2024-08-17T13:51:23.043Z
18100,36491,TX20241221512909,TRF_FEE,25,MRU,3102,PLATFORM,COLLECTED,2024-12-21T09:35:35.459Z
18101,36494,TX20240416423113,TRF_FEE,25,MRU,8294,PLATFORM,COLLECTED,2024-04-16T13:23:23.431Z
18102,36495,TX20241222594341,TRF_FEE,50,MRU,3483,PLATFORM,COLLECTED,2024-12-22T08:44:17.885Z
18103,36496,TX20241029183285,PAY_FEE,74,MRU,5162,MERCHANT,COLLECTED,2024-10-29T18:58:46.615Z
18104,36500,TX20240728341274,WIT_FEE,50,MRU,7824,PLATFORM,COLLECTED,2024-07-28T06:57:19.737Z
18105,36502,TX20241108214640,SAL_FEE,2405,MRU,10527,PLATFORM,COLLECTED,2024-11-08T09:20:33.965Z
18106,36513,TX20241107548773,TRF_FEE,50,MRU,6990,PLATFORM,COLLECTED,2024-11-07T11:10:48.724Z
18107,36518,TX20240824585908,PAY_FEE,465,MRU,2414,MERCHANT,COLLECTED,2024-08-24T08:21:23.635Z
18108,36520,TX20240319978458,TRF_FEE,25,MRU,10176,PLATFORM,COLLECTED,2024-03-19T14:14:34.493Z
18109,36522,TX20240421272883,WIT_FEE,50,MRU,10807,PLATFORM,COLLECTED,2024-04-21T06:28:25.097Z
18110,36524,TX20240210314368,TRF_FEE,25,MRU,6948,PLATFORM,COLLECTED,2024-02-10T11:33:53.070Z
18111,36525,TX20240523342770,TRF_FEE,25,MRU,4308,PLATFORM,COLLECTED,2024-05-23T09:24:29.598Z
18112,36526,TX20240301984309,PAY_FEE,285,MRU,1343,MERCHANT,COLLECTED,2024-03-01T18:15:27.063Z
18113,36529,TX20240115397755,TRF_FEE,25,MRU,1402,PLATFORM,COLLECTED,2024-01-15T21:52:58.356Z
18114,36530,TX20240914477632,TRF_FEE,50,MRU,1483,PLATFORM,COLLECTED,2024-09-14T08:51:36.503Z
18115,36532,TX20241112726467,PAY_FEE,18,MRU,1210,MERCHANT,COLLECTED,2024-11-12T15:23:03.308Z
18116,36534,TX20240405199749,WIT_FEE,63,MRU,7694,PLATFORM,COLLECTED,2024-04-05T08:36:11.257Z
18117,36536,TX20240507300285,TRF_FEE,25,MRU,2326,PLATFORM,COLLECTED,2024-05-07T16:59:34.421Z
18118,36538,TX20240420275235,TRF_FEE,50,MRU,421,PLATFORM,COLLECTED,2024-04-20T10:01:12.791Z
18119,36539,TX20240225702165,TRF_FEE,25,MRU,1524,PLATFORM,COLLECTED,2024-02-25T17:35:23.437Z
18120,36543,TX20240420011940,TRF_FEE,25,MRU,10926,PLATFORM,COLLECTED,2024-04-20T16:25:16.694Z
18121,36546,TX20241224368911,BIL_FEE,100,MRU,970,PLATFORM,COLLECTED,2024-12-24T17:59:16.270Z
18122,36550,TX20240919883625,PAY_FEE,60,MRU,4946,MERCHANT,COLLECTED,2024-09-19T10:40:02.631Z
18123,36552,TX20240208697371,WIT_FEE,500,MRU,5937,PLATFORM,COLLECTED,2024-02-08T11:51:41.191Z
18124,36553,TX20240615743783,TRF_FEE,50,MRU,5037,PLATFORM,COLLECTED,2024-06-15T20:19:15.773Z
18125,36556,TX20240314633409,TRF_FEE,25,MRU,1206,PLATFORM,COLLECTED,2024-03-14T08:59:38.899Z
18126,36560,TX20240316627573,WIT_FEE,280,MRU,4370,PLATFORM,COLLECTED,2024-03-16T11:57:42.894Z
18127,36561,TX20240322901566,WIT_FEE,50,MRU,9940,PLATFORM,COLLECTED,2024-03-22T19:14:11.801Z
18128,36562,TX20240927906414,PAY_FEE,105,MRU,268,MERCHANT,COLLECTED,2024-09-27T08:08:20.589Z
18129,36570,TX20240904127119,WIT_FEE,50,MRU,7289,PLATFORM,COLLECTED,2024-09-04T16:20:26.158Z
18130,36572,TX20240928810962,TRF_FEE,25,MRU,4663,PLATFORM,COLLECTED,2024-09-28T14:17:24.018Z
18131,36573,TX20240811980654,PAY_FEE,26,MRU,6967,MERCHANT,COLLECTED,2024-08-11T07:05:07.330Z
18132,36574,TX20241016301829,TRF_FEE,25,MRU,7702,PLATFORM,COLLECTED,2024-10-16T13:21:17.597Z
18133,36580,TX20241230533679,WIT_FEE,100,MRU,5110,PLATFORM,COLLECTED,2024-12-30T12:26:31.592Z
18134,36581,TX20240329729078,WIT_FEE,50,MRU,9048,PLATFORM,COLLECTED,2024-03-29T18:19:50.446Z
18135,36584,TX20241129862609,PAY_FEE,15,MRU,221,MERCHANT,COLLECTED,2024-11-29T14:02:56.698Z
18136,36585,TX20240610013276,PAY_FEE,5,MRU,3249,MERCHANT,COLLECTED,2024-06-10T07:04:41.292Z
18137,36588,TX20240519868586,WIT_FEE,50,MRU,4985,PLATFORM,COLLECTED,2024-05-19T16:03:04.245Z
18138,36593,TX20240524825347,TRF_FEE,50,MRU,7553,PLATFORM,COLLECTED,2024-05-24T15:35:01.024Z
18139,36594,TX20240619791447,WIT_FEE,50,MRU,4536,PLATFORM,COLLECTED,2024-06-19T15:45:09.970Z
18140,36595,TX20240327991131,WIT_FEE,50,MRU,1293,PLATFORM,COLLECTED,2024-03-27T10:31:27.965Z
18141,36597,TX20240517789122,TRF_FEE,50,MRU,8671,PLATFORM,COLLECTED,2024-05-17T14:41:02.540Z
18142,36598,TX20240331374763,BIL_FEE,100,MRU,2199,PLATFORM,COLLECTED,2024-03-31T08:33:53.311Z
18143,36599,TX20240824233732,WIT_FEE,50,MRU,1931,PLATFORM,COLLECTED,2024-08-24T10:08:44.585Z
18144,36603,TX20240622216578,WIT_FEE,50,MRU,3910,PLATFORM,COLLECTED,2024-06-22T17:00:41.783Z
18145,36605,TX20240618500640,PAY_FEE,33,MRU,2996,MERCHANT,COLLECTED,2024-06-18T09:50:59.462Z
18146,36606,TX20241001942561,TRF_FEE,25,MRU,5028,PLATFORM,COLLECTED,2024-10-01T13:36:36.102Z
18147,36609,TX20240813599077,PAY_FEE,71,MRU,7850,MERCHANT,COLLECTED,2024-08-13T06:09:45.079Z
18148,36611,TX20240111946361,TRF_FEE,10,MRU,2723,PLATFORM,COLLECTED,2024-01-11T08:16:52.615Z
18149,36612,TX20241010124213,TRF_FEE,50,MRU,6514,PLATFORM,COLLECTED,2024-10-10T15:08:12.255Z
18150,36613,TX20240208446130,PAY_FEE,44,MRU,9755,MERCHANT,COLLECTED,2024-02-08T08:25:57.179Z
18151,36616,TX20240426191514,PAY_FEE,30,MRU,1564,MERCHANT,COLLECTED,2024-04-26T16:49:20.956Z
18152,36617,TX20240823929688,WIT_FEE,50,MRU,9822,PLATFORM,COLLECTED,2024-08-23T13:30:23.253Z
18153,36619,TX20240202729098,PAY_FEE,150,MRU,3606,MERCHANT,COLLECTED,2024-02-02T17:39:39.572Z
18154,36622,TX20240326090994,BIL_FEE,100,MRU,2869,PLATFORM,COLLECTED,2024-03-26T14:51:15.752Z
18155,36626,TX20240626114467,WIT_FEE,50,MRU,5411,PLATFORM,COLLECTED,2024-06-26T14:08:13.711Z
18156,36629,TX20241016033571,TRF_FEE,10,MRU,4847,PLATFORM,COLLECTED,2024-10-16T10:08:31.511Z
18157,36631,TX20240507268371,PAY_FEE,18,MRU,10697,MERCHANT,COLLECTED,2024-05-07T09:57:57.029Z
18158,36637,TX20240910625769,WIT_FEE,50,MRU,9699,PLATFORM,COLLECTED,2024-09-10T09:08:35.140Z
18159,36641,TX20240918969588,TRF_FEE,25,MRU,2137,PLATFORM,COLLECTED,2024-09-18T10:01:44.105Z
18160,36643,TX20240813275198,WIT_FEE,50,MRU,1242,PLATFORM,COLLECTED,2024-08-13T16:12:48.209Z
18161,36644,TX20240516919113,SAL_FEE,690,MRU,3457,PLATFORM,COLLECTED,2024-05-16T20:46:23.046Z
18162,36649,TX20240628200470,WIT_FEE,50,MRU,9806,PLATFORM,COLLECTED,2024-06-28T14:38:56.338Z
18163,36650,TX20240807319765,TRF_FEE,25,MRU,10311,PLATFORM,COLLECTED,2024-08-07T14:30:10.331Z
18164,36651,TX20241129865521,WIT_FEE,50,MRU,2771,PLATFORM,COLLECTED,2024-11-29T12:44:13.563Z
18165,36652,TX20240712373035,TRF_FEE,50,MRU,7090,PLATFORM,COLLECTED,2024-07-12T14:14:53.528Z
18166,36655,TX20240223225728,SAL_FEE,2410,MRU,409,PLATFORM,COLLECTED,2024-02-23T09:45:48.732Z
18167,36657,TX20240320556682,SAL_FEE,1295,MRU,3413,PLATFORM,COLLECTED,2024-03-20T10:13:50.941Z
18168,36658,TX20240603177296,SAL_FEE,640,MRU,8479,PLATFORM,COLLECTED,2024-06-03T07:44:40.791Z
18169,36660,TX20240307138688,WIT_FEE,50,MRU,5158,PLATFORM,COLLECTED,2024-03-07T05:26:39.946Z
18170,36665,TX20240915313182,TRF_FEE,25,MRU,2035,PLATFORM,COLLECTED,2024-09-15T17:27:54.884Z
18171,36667,TX20240106601909,PAY_FEE,15,MRU,7777,MERCHANT,COLLECTED,2024-01-06T15:54:05.874Z
18172,36670,TX20240123728792,PAY_FEE,71,MRU,10654,MERCHANT,COLLECTED,2024-01-23T11:10:42.584Z
18173,36671,TX20241006875721,PAY_FEE,53,MRU,7729,MERCHANT,COLLECTED,2024-10-06T16:49:00.724Z
18174,36672,TX20240808913187,TRF_FEE,25,MRU,2127,PLATFORM,COLLECTED,2024-08-08T13:03:29.764Z
18175,36677,TX20240706984416,TRF_FEE,10,MRU,7173,PLATFORM,COLLECTED,2024-07-06T13:40:01.891Z
18176,36679,TX20240616560172,BIL_FEE,100,MRU,8908,PLATFORM,COLLECTED,2024-06-16T12:15:59.856Z
18177,36681,TX20240819175314,WIT_FEE,50,MRU,6622,PLATFORM,COLLECTED,2024-08-19T18:27:45.733Z
18178,36684,TX20240623130176,WIT_FEE,52,MRU,2668,PLATFORM,COLLECTED,2024-06-23T11:31:08.657Z
18179,36685,TX20240622722989,TRF_FEE,50,MRU,464,PLATFORM,COLLECTED,2024-06-22T14:42:53.683Z
18180,36686,TX20240530318323,WIT_FEE,50,MRU,4414,PLATFORM,COLLECTED,2024-05-30T09:23:05.316Z
18181,36687,TX20240309822779,TRF_FEE,10,MRU,3714,PLATFORM,COLLECTED,2024-03-09T09:09:26.139Z
18182,36690,TX20240507073832,TRF_FEE,50,MRU,5781,PLATFORM,COLLECTED,2024-05-07T13:50:45.962Z
18183,36692,TX20240723307062,TRF_FEE,25,MRU,6016,PLATFORM,COLLECTED,2024-07-23T16:23:02.027Z
18184,36697,TX20241222286919,TRF_FEE,50,MRU,3483,PLATFORM,COLLECTED,2024-12-22T08:44:17.885Z
18185,36698,TX20241123181663,PAY_FEE,21,MRU,10618,MERCHANT,COLLECTED,2024-11-23T20:46:36.466Z
18186,36699,TX20240719511233,TRF_FEE,25,MRU,5178,PLATFORM,COLLECTED,2024-07-19T06:41:06.729Z
18187,36701,TX20240208352507,PAY_FEE,51,MRU,6929,MERCHANT,COLLECTED,2024-02-08T17:00:12.867Z
18188,36702,TX20240204010950,TRF_FEE,25,MRU,2482,PLATFORM,COLLECTED,2024-02-04T20:19:44.710Z
18189,36703,TX20240210215527,PAY_FEE,45,MRU,1329,MERCHANT,COLLECTED,2024-02-10T10:45:14.733Z
18190,36704,TX20240506012863,WIT_FEE,50,MRU,5255,PLATFORM,COLLECTED,2024-05-06T13:57:57.958Z
18191,36707,TX20241220966066,TRF_FEE,50,MRU,1371,PLATFORM,COLLECTED,2024-12-20T18:47:49.005Z
18192,36711,TX20241126024909,TRF_FEE,25,MRU,2165,PLATFORM,COLLECTED,2024-11-26T20:11:27.600Z
18193,36713,TX20240530974593,TRF_FEE,25,MRU,1246,PLATFORM,COLLECTED,2024-05-30T07:00:18.995Z
18194,36715,TX20240530021129,PAY_FEE,18,MRU,7507,MERCHANT,COLLECTED,2024-05-30T07:48:43.633Z
18195,36716,TX20240422798439,TRF_FEE,50,MRU,6035,PLATFORM,COLLECTED,2024-04-21T22:04:28.015Z
18196,36718,TX20240109772031,TRF_FEE,50,MRU,6136,PLATFORM,COLLECTED,2024-01-09T17:51:47.322Z
18197,36720,TX20240420356309,TRF_FEE,25,MRU,1782,PLATFORM,COLLECTED,2024-04-20T09:23:38.217Z
18198,36724,TX20240202002406,WIT_FEE,200,MRU,4851,PLATFORM,COLLECTED,2024-02-02T12:25:05.981Z
18199,36727,TX20240507482796,WIT_FEE,50,MRU,5555,PLATFORM,COLLECTED,2024-05-07T10:29:35.389Z
18200,36730,TX20241023005324,SAL_FEE,1380,MRU,3967,PLATFORM,COLLECTED,2024-10-23T10:28:20.565Z
18201,36731,TX20240215614129,WIT_FEE,59,MRU,9704,PLATFORM,COLLECTED,2024-02-15T19:30:02.988Z
18202,36733,TX20240815070254,PAY_FEE,59,MRU,1346,MERCHANT,COLLECTED,2024-08-15T07:41:33.263Z
18203,36734,TX20240805381036,TRF_FEE,50,MRU,627,PLATFORM,COLLECTED,2024-08-05T15:51:40.392Z
18204,36735,TX20240304654125,SAL_FEE,1490,MRU,1548,PLATFORM,COLLECTED,2024-03-04T11:16:34.469Z
18205,36738,TX20241107425415,WIT_FEE,50,MRU,814,PLATFORM,COLLECTED,2024-11-07T22:34:25.209Z
18206,36741,TX20240525162072,TRF_FEE,10,MRU,2951,PLATFORM,COLLECTED,2024-05-25T10:08:50.674Z
18207,36745,TX20240713322754,WIT_FEE,50,MRU,7652,PLATFORM,COLLECTED,2024-07-13T08:50:25.275Z
18208,36746,TX20240923426753,WIT_FEE,130,MRU,7290,PLATFORM,COLLECTED,2024-09-23T06:23:33.388Z
18209,36748,TX20240609580903,PAY_FEE,18,MRU,8910,MERCHANT,COLLECTED,2024-06-09T12:49:22.091Z
18210,36749,TX20240611698848,PAY_FEE,27,MRU,1,MERCHANT,COLLECTED,2024-06-11T06:24:03.893Z
18211,36750,TX20240824639279,PAY_FEE,300,MRU,4107,MERCHANT,COLLECTED,2024-08-24T11:29:32.816Z
18212,36751,TX20240204456336,TRF_FEE,25,MRU,10214,PLATFORM,COLLECTED,2024-02-04T08:11:17.137Z
18213,36752,TX20240903883625,TRF_FEE,50,MRU,8626,PLATFORM,COLLECTED,2024-09-03T05:37:26.303Z
18214,36755,TX20240615404775,TRF_FEE,50,MRU,5037,PLATFORM,COLLECTED,2024-06-15T20:19:15.773Z
18215,36759,TX20240908665081,WIT_FEE,50,MRU,4189,PLATFORM,COLLECTED,2024-09-08T15:45:29.041Z
18216,36762,TX20240424627573,WIT_FEE,50,MRU,9865,PLATFORM,COLLECTED,2024-04-24T07:23:57.709Z
18217,36764,TX20240927320867,PAY_FEE,105,MRU,268,MERCHANT,COLLECTED,2024-09-27T08:08:20.589Z
18218,36766,TX20241223278540,TRF_FEE,25,MRU,1345,PLATFORM,COLLECTED,2024-12-23T07:23:32.841Z
18219,36767,TX20240616617867,PAY_FEE,165,MRU,276,MERCHANT,COLLECTED,2024-06-16T10:40:46.897Z
18220,36771,TX20240708290215,TRF_FEE,50,MRU,1839,PLATFORM,COLLECTED,2024-07-08T16:23:52.687Z
18221,36772,TX20240113660858,WIT_FEE,500,MRU,1120,PLATFORM,COLLECTED,2024-01-13T14:21:36.677Z
18222,36773,TX20241019527660,TRF_FEE,50,MRU,294,PLATFORM,COLLECTED,2024-10-19T13:36:56.110Z
18223,36778,TX20240531778165,TRF_FEE,25,MRU,1944,PLATFORM,COLLECTED,2024-05-31T07:57:27.266Z
18224,36779,TX20240928942595,TRF_FEE,25,MRU,1440,PLATFORM,COLLECTED,2024-09-28T06:26:15.275Z
18225,36782,TX20240131651320,TRF_FEE,25,MRU,8080,PLATFORM,COLLECTED,2024-01-31T10:52:14.046Z
18226,36783,TX20240523144194,TRF_FEE,10,MRU,7662,PLATFORM,COLLECTED,2024-05-23T10:19:34.286Z
18227,36785,TX20240321246812,WIT_FEE,50,MRU,3047,PLATFORM,COLLECTED,2024-03-21T14:11:26.406Z
18228,36786,TX20240726005690,PAY_FEE,50,MRU,9902,MERCHANT,COLLECTED,2024-07-26T13:55:38.573Z
18229,36789,TX20240916776343,BIL_FEE,100,MRU,5573,PLATFORM,COLLECTED,2024-09-16T10:42:05.405Z
18230,36790,TX20240923601446,WIT_FEE,50,MRU,6714,PLATFORM,COLLECTED,2024-09-23T10:56:55.590Z
18231,36794,TX20240221368897,WIT_FEE,50,MRU,8181,PLATFORM,COLLECTED,2024-02-21T19:24:31.045Z
18232,36797,TX20240221175579,BIL_FEE,100,MRU,9348,PLATFORM,COLLECTED,2024-02-21T17:45:16.982Z
18233,36801,TX20240718671004,TRF_FEE,50,MRU,3154,PLATFORM,COLLECTED,2024-07-18T12:33:58.775Z
18234,36804,TX20240116469315,PAY_FEE,74,MRU,360,MERCHANT,COLLECTED,2024-01-16T20:07:57.086Z
18235,36809,TX20240325967854,TRF_FEE,50,MRU,5222,PLATFORM,COLLECTED,2024-03-25T16:54:22.171Z
18236,36816,TX20240730968842,SAL_FEE,1485,MRU,742,PLATFORM,COLLECTED,2024-07-30T18:50:57.146Z
18237,36817,TX20241027118196,PAY_FEE,65,MRU,311,MERCHANT,COLLECTED,2024-10-27T07:27:35.465Z
18238,36821,TX20240801479167,PAY_FEE,285,MRU,8056,MERCHANT,COLLECTED,2024-08-01T14:22:18.560Z
18239,36822,TX20240927061676,SAL_FEE,1820,MRU,1310,PLATFORM,COLLECTED,2024-09-27T09:45:09.729Z
18240,36823,TX20240502072788,WIT_FEE,50,MRU,6049,PLATFORM,COLLECTED,2024-05-02T20:59:37.038Z
18241,36825,TX20241001347132,WIT_FEE,50,MRU,875,PLATFORM,COLLECTED,2024-10-01T08:02:13.989Z
18242,36826,TX20240820729298,PAY_FEE,96,MRU,6556,MERCHANT,COLLECTED,2024-08-20T18:44:40.563Z
18243,36831,TX20240114450227,WIT_FEE,50,MRU,2573,PLATFORM,COLLECTED,2024-01-14T06:37:22.303Z
18244,36835,TX20240331536940,WIT_FEE,50,MRU,10521,PLATFORM,COLLECTED,2024-03-31T12:04:25.082Z
18245,36836,TX20240605259066,SAL_FEE,1045,MRU,7930,PLATFORM,COLLECTED,2024-06-05T08:43:31.071Z
18246,36837,TX20240806502234,TRF_FEE,50,MRU,9441,PLATFORM,COLLECTED,2024-08-06T09:41:56.698Z
18247,36840,TX20240519421306,TRF_FEE,25,MRU,4218,PLATFORM,COLLECTED,2024-05-19T06:35:08.879Z
18248,36841,TX20241215531721,WIT_FEE,50,MRU,7864,PLATFORM,COLLECTED,2024-12-15T14:11:00.934Z
18249,36842,TX20240724523018,PAY_FEE,45,MRU,7916,MERCHANT,COLLECTED,2024-07-24T21:33:09.308Z
18250,36844,TX20240918837678,TRF_FEE,25,MRU,2137,PLATFORM,COLLECTED,2024-09-18T10:01:44.105Z
18251,36845,TX20241226051565,PAY_FEE,86,MRU,8933,MERCHANT,COLLECTED,2024-12-26T09:10:10.890Z
18252,36846,TX20240813794053,WIT_FEE,50,MRU,1242,PLATFORM,COLLECTED,2024-08-13T16:12:48.209Z
18253,36847,TX20241225476713,WIT_FEE,50,MRU,2166,PLATFORM,COLLECTED,2024-12-25T16:23:02.311Z
18254,36849,TX20241223165063,WIT_FEE,50,MRU,7882,PLATFORM,COLLECTED,2024-12-23T14:01:00.988Z
18255,36852,TX20240908200470,TRF_FEE,50,MRU,6620,PLATFORM,COLLECTED,2024-09-08T14:56:20.888Z
18256,36853,TX20240807518615,TRF_FEE,25,MRU,10311,PLATFORM,COLLECTED,2024-08-07T14:30:10.331Z
18257,36854,TX20240622010059,BIL_FEE,100,MRU,7994,PLATFORM,COLLECTED,2024-06-22T15:13:33.250Z
18258,36855,TX20240911178464,WIT_FEE,100,MRU,9921,PLATFORM,COLLECTED,2024-09-11T13:31:38.234Z
18259,36860,TX20240320046358,SAL_FEE,1295,MRU,3413,PLATFORM,COLLECTED,2024-03-20T10:13:50.941Z
18260,36864,TX20241017353058,SAL_FEE,1870,MRU,5605,PLATFORM,COLLECTED,2024-10-17T19:16:42.948Z
18261,36866,TX20240602450780,TRF_FEE,50,MRU,3142,PLATFORM,COLLECTED,2024-06-02T15:27:31.476Z
18262,36868,TX20240915074626,TRF_FEE,25,MRU,2035,PLATFORM,COLLECTED,2024-09-15T17:27:54.884Z
18263,36869,TX20240519419841,TRF_FEE,50,MRU,7876,PLATFORM,COLLECTED,2024-05-19T07:02:18.686Z
18264,36870,TX20240106941260,PAY_FEE,15,MRU,7777,MERCHANT,COLLECTED,2024-01-06T15:54:05.874Z
18265,36879,TX20240309977304,WIT_FEE,50,MRU,4513,PLATFORM,COLLECTED,2024-03-09T07:52:22.058Z
18266,36881,TX20241111497392,PAY_FEE,47,MRU,5387,MERCHANT,COLLECTED,2024-11-11T11:46:56.585Z
18267,36883,TX20240426111920,PAY_FEE,65,MRU,2488,MERCHANT,COLLECTED,2024-04-26T19:23:38.239Z
18268,36887,TX20240708857409,TRF_FEE,25,MRU,4710,PLATFORM,COLLECTED,2024-07-08T07:39:14.973Z
18269,36889,TX20240510103433,TRF_FEE,25,MRU,5524,PLATFORM,COLLECTED,2024-05-10T09:05:18.398Z
18270,36890,TX20240224894930,TRF_FEE,25,MRU,4908,PLATFORM,COLLECTED,2024-02-24T14:11:17.159Z
18271,36892,TX20240430730936,TRF_FEE,50,MRU,5638,PLATFORM,COLLECTED,2024-04-30T15:00:40.188Z
18272,36894,TX20241119045278,TRF_FEE,25,MRU,2421,PLATFORM,COLLECTED,2024-11-19T10:00:12.045Z
18273,36896,TX20240405783093,SAL_FEE,975,MRU,8123,PLATFORM,COLLECTED,2024-04-05T13:35:27.280Z
18274,36897,TX20240504299558,TRF_FEE,50,MRU,4578,PLATFORM,COLLECTED,2024-05-04T07:54:00.349Z
18275,36899,TX20240416333423,TRF_FEE,25,MRU,8294,PLATFORM,COLLECTED,2024-04-16T13:23:23.431Z
18276,36900,TX20240311324039,SAL_FEE,2190,MRU,3334,PLATFORM,COLLECTED,2024-03-11T16:17:53.314Z
18277,36902,TX20240924937799,WIT_FEE,240,MRU,1114,PLATFORM,COLLECTED,2024-09-24T13:32:04.686Z
18278,36905,TX20240728589024,WIT_FEE,50,MRU,7824,PLATFORM,COLLECTED,2024-07-28T06:57:19.737Z
18279,36906,TX20241001215527,WIT_FEE,50,MRU,6370,PLATFORM,COLLECTED,2024-10-01T08:44:07.286Z
18280,36907,TX20240506352189,WIT_FEE,50,MRU,5255,PLATFORM,COLLECTED,2024-05-06T13:57:57.958Z
18281,36908,TX20240813470624,TRF_FEE,50,MRU,516,PLATFORM,COLLECTED,2024-08-13T07:46:29.692Z
18282,36909,TX20240520051620,TRF_FEE,25,MRU,3795,PLATFORM,COLLECTED,2024-05-20T08:55:40.445Z
18283,36910,TX20241220802373,TRF_FEE,50,MRU,1371,PLATFORM,COLLECTED,2024-12-20T18:47:49.005Z
18284,36911,TX20240329351720,WIT_FEE,50,MRU,3157,PLATFORM,COLLECTED,2024-03-29T16:22:07.909Z
18285,36913,TX20240318664392,TRF_FEE,25,MRU,6976,PLATFORM,COLLECTED,2024-03-18T11:22:12.863Z
18286,36915,TX20241105110156,TRF_FEE,25,MRU,1337,PLATFORM,COLLECTED,2024-11-05T18:17:43.828Z
18287,36916,TX20241229092939,WIT_FEE,50,MRU,6429,PLATFORM,COLLECTED,2024-12-29T07:21:19.877Z
18288,36918,TX20241107355896,TRF_FEE,50,MRU,6990,PLATFORM,COLLECTED,2024-11-07T11:10:48.724Z
18289,36919,TX20240106961538,TRF_FEE,50,MRU,5638,PLATFORM,COLLECTED,2024-01-06T13:34:04.835Z
18290,36921,TX20241107124259,PAY_FEE,89,MRU,9574,MERCHANT,COLLECTED,2024-11-07T16:19:33.068Z
18291,36923,TX20240508836872,WIT_FEE,50,MRU,6720,PLATFORM,COLLECTED,2024-05-08T09:38:13.160Z
18292,36930,TX20240523482796,TRF_FEE,25,MRU,4308,PLATFORM,COLLECTED,2024-05-23T09:24:29.598Z
18293,36934,TX20240115614645,TRF_FEE,25,MRU,1402,PLATFORM,COLLECTED,2024-01-15T21:52:58.356Z
18294,36935,TX20240409018627,PAY_FEE,12,MRU,18,MERCHANT,COLLECTED,2024-04-09T16:36:30.134Z
18295,36938,TX20241126113818,TRF_FEE,50,MRU,4118,PLATFORM,COLLECTED,2024-11-26T10:27:16.654Z
18296,36940,TX20241127236589,TRF_FEE,25,MRU,8514,PLATFORM,COLLECTED,2024-11-27T16:26:00.403Z
18297,36945,TX20240722450383,TRF_FEE,50,MRU,155,PLATFORM,COLLECTED,2024-07-22T13:53:51.713Z
18298,36949,TX20241217926016,BIL_FEE,100,MRU,8037,PLATFORM,COLLECTED,2024-12-17T05:23:56.330Z
18299,36951,TX20241224091804,BIL_FEE,100,MRU,970,PLATFORM,COLLECTED,2024-12-24T17:59:16.270Z
18300,36955,TX20240903236816,TRF_FEE,50,MRU,8626,PLATFORM,COLLECTED,2024-09-03T05:37:26.303Z
18301,36956,TX20240107688809,TRF_FEE,50,MRU,4521,PLATFORM,COLLECTED,2024-01-07T11:01:16.634Z
18302,36958,TX20240409266879,WIT_FEE,180,MRU,2891,PLATFORM,COLLECTED,2024-04-09T14:27:59.332Z
18303,36959,TX20240516905672,WIT_FEE,50,MRU,3723,PLATFORM,COLLECTED,2024-05-16T06:03:54.710Z
18304,36962,TX20240927740262,TRF_FEE,25,MRU,114,PLATFORM,COLLECTED,2024-09-27T15:29:02.378Z
18305,36965,TX20240617735463,TRF_FEE,10,MRU,3464,PLATFORM,COLLECTED,2024-06-17T09:29:28.279Z
18306,36968,TX20240825998855,WIT_FEE,110,MRU,5147,PLATFORM,COLLECTED,2024-08-25T18:52:00.682Z
18307,36969,TX20240531121066,WIT_FEE,50,MRU,4657,PLATFORM,COLLECTED,2024-05-31T18:49:06.421Z
18308,36972,TX20240616306092,WIT_FEE,50,MRU,7647,PLATFORM,COLLECTED,2024-06-16T10:30:21.349Z
18309,36973,TX20240404823478,WIT_FEE,99,MRU,7037,PLATFORM,COLLECTED,2024-04-04T07:03:01.572Z
18310,36974,TX20241018290215,TRF_FEE,50,MRU,3764,PLATFORM,COLLECTED,2024-10-18T09:52:41.165Z
18311,36975,TX20240113035023,WIT_FEE,100,MRU,1120,PLATFORM,COLLECTED,2024-01-13T14:21:36.677Z
18312,36976,TX20240727693163,PAY_FEE,69,MRU,7190,MERCHANT,COLLECTED,2024-07-27T13:56:06.026Z
18313,36977,TX20240818018750,WIT_FEE,50,MRU,5522,PLATFORM,COLLECTED,2024-08-18T08:40:35.230Z
18314,36978,TX20241215330299,TRF_FEE,25,MRU,10057,PLATFORM,COLLECTED,2024-12-15T11:05:06.938Z
18315,36983,TX20241106047847,TRF_FEE,25,MRU,2207,PLATFORM,COLLECTED,2024-11-06T10:25:32.286Z
18316,36984,TX20240423974409,TRF_FEE,50,MRU,7956,PLATFORM,COLLECTED,2024-04-23T18:41:19.175Z
18317,36985,TX20240307529011,TRF_FEE,25,MRU,5762,PLATFORM,COLLECTED,2024-03-07T10:59:27.447Z
18318,36987,TX20241121401458,TRF_FEE,50,MRU,4852,PLATFORM,COLLECTED,2024-11-21T09:13:48.925Z
18319,36988,TX20241103391800,PAY_FEE,7,MRU,2024,MERCHANT,COLLECTED,2024-11-03T19:20:23.549Z
18320,36990,TX20240610017805,PAY_FEE,5,MRU,3249,MERCHANT,COLLECTED,2024-06-10T07:04:41.292Z
18321,36993,TX20240120266176,PAY_FEE,210,MRU,2074,MERCHANT,COLLECTED,2024-01-20T07:14:27.623Z
18322,36994,TX20240719391972,PAY_FEE,435,MRU,4158,MERCHANT,COLLECTED,2024-07-19T10:30:57.627Z
18323,36995,TX20240713432176,WIT_FEE,50,MRU,1193,PLATFORM,COLLECTED,2024-07-13T15:08:33.253Z
18324,36996,TX20241121710991,TRF_FEE,25,MRU,10094,PLATFORM,COLLECTED,2024-11-21T09:41:13.271Z
18325,36998,TX20240106487349,WIT_FEE,300,MRU,4390,PLATFORM,COLLECTED,2024-01-06T07:17:08.441Z
18326,37000,TX20240727214376,WIT_FEE,50,MRU,5861,PLATFORM,COLLECTED,2024-07-27T17:14:14.338Z
18327,37010,TX20241204157454,TRF_FEE,25,MRU,2119,PLATFORM,COLLECTED,2024-12-04T16:16:27.362Z
18328,37015,TX20240205029265,WIT_FEE,100,MRU,1414,PLATFORM,COLLECTED,2024-02-05T19:16:38.757Z
18329,37017,TX20241015718801,WIT_FEE,50,MRU,3831,PLATFORM,COLLECTED,2024-10-15T07:36:13.344Z
18330,37018,TX20240830868732,WIT_FEE,50,MRU,6432,PLATFORM,COLLECTED,2024-08-30T07:56:00.241Z
18331,37020,TX20240410704914,PAY_FEE,29,MRU,8622,MERCHANT,COLLECTED,2024-04-10T09:02:24.118Z
18332,37023,TX20240531892237,WIT_FEE,50,MRU,9781,PLATFORM,COLLECTED,2024-05-31T10:45:58.394Z
18333,37024,TX20240723878123,WIT_FEE,50,MRU,5854,PLATFORM,COLLECTED,2024-07-23T15:26:22.249Z
18334,37036,TX20240517433636,SAL_FEE,2355,MRU,8416,PLATFORM,COLLECTED,2024-05-17T05:36:26.048Z
18335,37039,TX20240814259066,PAY_FEE,540,MRU,5777,MERCHANT,COLLECTED,2024-08-14T19:25:17.725Z
18336,37040,TX20240806887700,TRF_FEE,50,MRU,9441,PLATFORM,COLLECTED,2024-08-06T09:41:56.698Z
18337,37042,TX20240626693734,TRF_FEE,25,MRU,10382,PLATFORM,COLLECTED,2024-06-26T15:40:20.418Z
18338,37043,TX20240910455227,WIT_FEE,50,MRU,9699,PLATFORM,COLLECTED,2024-09-10T09:08:35.140Z
18339,37044,TX20240809459712,TRF_FEE,25,MRU,129,PLATFORM,COLLECTED,2024-08-09T08:57:34.199Z
18340,37046,TX20240728094430,TRF_FEE,25,MRU,6474,PLATFORM,COLLECTED,2024-07-28T07:55:13.276Z
18341,37047,TX20241015172015,PAY_FEE,35,MRU,8180,MERCHANT,COLLECTED,2024-10-15T14:42:25.018Z
18342,37051,TX20240827903777,TRF_FEE,25,MRU,5215,PLATFORM,COLLECTED,2024-08-27T10:25:24.307Z
18343,37053,TX20241108411860,WIT_FEE,50,MRU,923,PLATFORM,COLLECTED,2024-11-08T08:08:55.969Z
18344,37054,TX20240922162775,TRF_FEE,50,MRU,2059,PLATFORM,COLLECTED,2024-09-22T16:27:53.388Z
18345,37056,TX20240724566540,SAL_FEE,2355,MRU,3673,PLATFORM,COLLECTED,2024-07-24T13:38:30.176Z
18346,37057,TX20240730134591,WIT_FEE,50,MRU,5257,PLATFORM,COLLECTED,2024-07-30T11:54:14.912Z
18347,37060,TX20240803016988,SAL_FEE,1250,MRU,5211,PLATFORM,COLLECTED,2024-08-03T15:13:09.479Z
18348,37062,TX20241103923181,WIT_FEE,50,MRU,6423,PLATFORM,COLLECTED,2024-11-03T18:27:14.005Z
18349,37063,TX20240211017058,TRF_FEE,50,MRU,2538,PLATFORM,COLLECTED,2024-02-11T04:58:13.377Z
18350,37067,TX20241017990492,SAL_FEE,1870,MRU,5605,PLATFORM,COLLECTED,2024-10-17T19:16:42.948Z
18351,37068,TX20240427227676,PAY_FEE,23,MRU,10418,MERCHANT,COLLECTED,2024-04-27T14:52:10.922Z
18352,37069,TX20240921220827,TRF_FEE,10,MRU,7317,PLATFORM,COLLECTED,2024-09-21T10:31:28.283Z
18353,37073,TX20240106210271,PAY_FEE,15,MRU,7777,MERCHANT,COLLECTED,2024-01-06T15:54:05.874Z
18354,37075,TX20240809580054,WIT_FEE,220,MRU,7294,PLATFORM,COLLECTED,2024-08-09T12:07:12.949Z
18355,37078,TX20240808552288,TRF_FEE,25,MRU,9676,PLATFORM,COLLECTED,2024-08-08T05:29:45.191Z
18356,37081,TX20240815390365,TRF_FEE,10,MRU,9440,PLATFORM,COLLECTED,2024-08-15T16:43:19.583Z
18357,37084,TX20240614451596,PAY_FEE,68,MRU,8215,MERCHANT,COLLECTED,2024-06-14T15:56:35.487Z
18358,37086,TX20241216105039,WIT_FEE,54,MRU,260,PLATFORM,COLLECTED,2024-12-16T10:38:14.224Z
18359,37087,TX20240421834895,TRF_FEE,25,MRU,8584,PLATFORM,COLLECTED,2024-04-21T06:35:15.800Z
18360,37088,TX20241127411311,TRF_FEE,25,MRU,4965,PLATFORM,COLLECTED,2024-11-27T11:17:30.767Z
18361,37089,TX20241228948508,TRF_FEE,50,MRU,9612,PLATFORM,COLLECTED,2024-12-28T10:31:02.054Z
18362,37090,TX20240926382198,TRF_FEE,25,MRU,1432,PLATFORM,COLLECTED,2024-09-26T13:46:52.288Z
18363,37091,TX20240615572970,TRF_FEE,25,MRU,4711,PLATFORM,COLLECTED,2024-06-15T07:57:32.722Z
18364,37092,TX20240501095743,PAY_FEE,56,MRU,7976,MERCHANT,COLLECTED,2024-05-01T13:06:44.318Z
18365,37095,TX20240225220376,TRF_FEE,25,MRU,9898,PLATFORM,COLLECTED,2024-02-25T18:15:42.082Z
18366,37102,TX20240725333423,WIT_FEE,200,MRU,9130,PLATFORM,COLLECTED,2024-07-25T10:23:25.751Z
18367,37103,TX20240311479740,SAL_FEE,2190,MRU,3334,PLATFORM,COLLECTED,2024-03-11T16:17:53.314Z
18368,37104,TX20240401748001,PAY_FEE,36,MRU,8561,MERCHANT,COLLECTED,2024-04-01T15:49:53.967Z
18369,37105,TX20240924625735,WIT_FEE,240,MRU,1114,PLATFORM,COLLECTED,2024-09-24T13:32:04.686Z
18370,37106,TX20240414454785,TRF_FEE,50,MRU,2963,PLATFORM,COLLECTED,2024-04-14T06:01:37.749Z
18371,37108,TX20240204341274,TRF_FEE,25,MRU,2482,PLATFORM,COLLECTED,2024-02-04T20:19:44.710Z
18372,37113,TX20241114077636,SAL_FEE,2140,MRU,9922,PLATFORM,COLLECTED,2024-11-14T16:49:00.124Z
18373,37119,TX20240530869978,TRF_FEE,25,MRU,1246,PLATFORM,COLLECTED,2024-05-30T07:00:18.995Z
18374,37121,TX20241107718066,TRF_FEE,50,MRU,6990,PLATFORM,COLLECTED,2024-11-07T11:10:48.724Z
18375,37124,TX20241014772031,PAY_FEE,9,MRU,5595,MERCHANT,COLLECTED,2024-10-14T09:33:04.867Z
18376,37126,TX20240508028979,WIT_FEE,50,MRU,6720,PLATFORM,COLLECTED,2024-05-08T09:38:13.160Z
18377,37127,TX20240121457774,PAY_FEE,27,MRU,9222,MERCHANT,COLLECTED,2024-01-21T10:38:17.485Z
18378,37128,TX20240728487960,WIT_FEE,50,MRU,10737,PLATFORM,COLLECTED,2024-07-28T11:55:33.549Z
18379,37131,TX20240808378618,PAY_FEE,35,MRU,6933,MERCHANT,COLLECTED,2024-08-08T16:09:36.243Z
18380,37132,TX20240412540661,TRF_FEE,10,MRU,3483,PLATFORM,COLLECTED,2024-04-12T17:36:41.172Z
18381,37133,TX20240628767761,TRF_FEE,25,MRU,3800,PLATFORM,COLLECTED,2024-06-28T18:05:09.754Z
18382,37134,TX20241207123506,TRF_FEE,50,MRU,7002,PLATFORM,COLLECTED,2024-12-07T07:33:18.057Z
18383,37135,TX20240519096995,WIT_FEE,50,MRU,3555,PLATFORM,COLLECTED,2024-05-19T06:57:11.164Z
18384,37137,TX20241117614129,SAL_FEE,1520,MRU,6147,PLATFORM,COLLECTED,2024-11-17T20:21:07.070Z
18385,37139,TX20240318251125,TRF_FEE,25,MRU,10957,PLATFORM,COLLECTED,2024-03-18T15:33:15.122Z
18386,37140,TX20241112076236,PAY_FEE,18,MRU,1210,MERCHANT,COLLECTED,2024-11-12T15:23:03.308Z
18387,37141,TX20240409303525,TRF_FEE,10,MRU,9991,PLATFORM,COLLECTED,2024-04-09T13:28:08.552Z
18388,37142,TX20240310792843,TRF_FEE,25,MRU,3771,PLATFORM,COLLECTED,2024-03-10T09:41:48.116Z
18389,37143,TX20241127953100,TRF_FEE,25,MRU,8514,PLATFORM,COLLECTED,2024-11-27T16:26:00.403Z
18390,37147,TX20240525495271,TRF_FEE,10,MRU,2951,PLATFORM,COLLECTED,2024-05-25T10:08:50.674Z
18391,37148,TX20240917450383,PAY_FEE,29,MRU,9039,MERCHANT,COLLECTED,2024-09-17T03:29:03.906Z
18392,37154,TX20240408091804,SAL_FEE,1455,MRU,4872,PLATFORM,COLLECTED,2024-04-08T08:05:39.870Z
18393,37156,TX20240105700862,PAY_FEE,30,MRU,8390,MERCHANT,COLLECTED,2024-01-05T16:27:36.716Z
18394,37157,TX20240121456336,WIT_FEE,50,MRU,1805,PLATFORM,COLLECTED,2024-01-21T01:12:35.093Z
18395,37158,TX20240903760067,TRF_FEE,50,MRU,8626,PLATFORM,COLLECTED,2024-09-03T05:37:26.303Z
18396,37160,TX20240208541047,WIT_FEE,500,MRU,5937,PLATFORM,COLLECTED,2024-02-08T11:51:41.191Z
18397,37161,TX20241225404775,TRF_FEE,25,MRU,3456,PLATFORM,COLLECTED,2024-12-25T10:15:46.455Z
18398,37164,TX20240820388680,SAL_FEE,2240,MRU,8342,PLATFORM,COLLECTED,2024-08-20T17:06:11.634Z
18399,37169,TX20241210323292,WIT_FEE,50,MRU,8706,PLATFORM,COLLECTED,2024-12-10T09:11:48.900Z
18400,37170,TX20240222906414,WIT_FEE,200,MRU,3508,PLATFORM,COLLECTED,2024-02-22T10:35:01.152Z
18401,37172,TX20241223434126,TRF_FEE,25,MRU,1345,PLATFORM,COLLECTED,2024-12-23T07:23:32.841Z
18402,37173,TX20240613751558,TRF_FEE,50,MRU,6357,PLATFORM,COLLECTED,2024-06-13T14:46:53.025Z
18403,37174,TX20241202024578,PAY_FEE,26,MRU,1783,MERCHANT,COLLECTED,2024-12-02T10:35:00.153Z
18404,37175,TX20240402089393,TRF_FEE,25,MRU,4491,PLATFORM,COLLECTED,2024-04-02T08:31:06.661Z
18405,37178,TX20240608264338,WIT_FEE,50,MRU,5727,PLATFORM,COLLECTED,2024-06-08T07:39:02.397Z
18406,37180,TX20240804346424,BIL_FEE,100,MRU,204,PLATFORM,COLLECTED,2024-08-04T15:39:17.402Z
18407,37181,TX20240620310345,BIL_FEE,100,MRU,2188,PLATFORM,COLLECTED,2024-06-20T08:49:51.610Z
18408,37182,TX20240410815410,WIT_FEE,50,MRU,6195,PLATFORM,COLLECTED,2024-04-10T10:54:26.791Z
18409,37183,TX20240206833403,TRF_FEE,10,MRU,10319,PLATFORM,COLLECTED,2024-02-06T10:40:55.444Z
18410,37184,TX20240412119528,TRF_FEE,50,MRU,616,PLATFORM,COLLECTED,2024-04-12T07:46:22.661Z
18411,37186,TX20240503047847,PAY_FEE,107,MRU,2761,MERCHANT,COLLECTED,2024-05-03T10:32:17.198Z
18412,37187,TX20240423010842,TRF_FEE,50,MRU,7956,PLATFORM,COLLECTED,2024-04-23T18:41:19.175Z
18413,37189,TX20240329405622,WIT_FEE,50,MRU,9048,PLATFORM,COLLECTED,2024-03-29T18:19:50.446Z
18414,37190,TX20241021391603,WIT_FEE,250,MRU,9142,PLATFORM,COLLECTED,2024-10-21T18:26:04.962Z
18415,37191,TX20240719132341,WIT_FEE,50,MRU,2048,PLATFORM,COLLECTED,2024-07-19T07:52:02.294Z
18416,37192,TX20240108686864,TRF_FEE,50,MRU,527,PLATFORM,COLLECTED,2024-01-08T07:03:50.622Z
18417,37194,TX20240309489672,BIL_FEE,100,MRU,8706,PLATFORM,COLLECTED,2024-03-09T15:27:36.127Z
18418,37195,TX20241006746044,PAY_FEE,5,MRU,227,MERCHANT,COLLECTED,2024-10-06T06:53:55.338Z
18419,37196,TX20240815907055,TRF_FEE,10,MRU,2471,PLATFORM,COLLECTED,2024-08-15T07:34:41.642Z
18420,37197,TX20240515954435,WIT_FEE,50,MRU,7403,PLATFORM,COLLECTED,2024-05-15T13:22:04.040Z
18421,37199,TX20240322772448,TRF_FEE,25,MRU,4471,PLATFORM,COLLECTED,2024-03-22T09:54:43.710Z
18422,37200,TX20241217161180,PAY_FEE,59,MRU,6163,MERCHANT,COLLECTED,2024-12-17T10:08:00.691Z
18423,37202,TX20240529482946,SAL_FEE,2110,MRU,5162,PLATFORM,COLLECTED,2024-05-29T04:28:08.841Z
18424,37203,TX20240618991131,TRF_FEE,50,MRU,2851,PLATFORM,COLLECTED,2024-06-18T19:07:00.868Z
18425,37205,TX20240909736747,WIT_FEE,50,MRU,9065,PLATFORM,COLLECTED,2024-09-09T14:02:32.785Z
18426,37206,TX20240720457230,WIT_FEE,340,MRU,2846,PLATFORM,COLLECTED,2024-07-20T17:18:11.123Z
18427,37207,TX20240108563595,TRF_FEE,50,MRU,5922,PLATFORM,COLLECTED,2024-01-08T10:39:07.132Z
18428,37210,TX20240211918209,TRF_FEE,25,MRU,1714,PLATFORM,COLLECTED,2024-02-11T18:57:11.030Z
18429,37213,TX20241112140803,WIT_FEE,150,MRU,5180,PLATFORM,COLLECTED,2024-11-12T12:51:30.916Z
18430,37214,TX20240525472002,WIT_FEE,100,MRU,4352,PLATFORM,COLLECTED,2024-05-25T07:56:48.669Z
18431,37216,TX20240413672105,TRF_FEE,25,MRU,998,PLATFORM,COLLECTED,2024-04-13T10:30:51.036Z
18432,37219,TX20240303517751,PAY_FEE,59,MRU,10436,MERCHANT,COLLECTED,2024-03-03T20:38:14.728Z
18433,37220,TX20240704691585,BIL_FEE,100,MRU,8353,PLATFORM,COLLECTED,2024-07-04T13:52:07.011Z
18434,37227,TX20240202119293,PAY_FEE,150,MRU,3606,MERCHANT,COLLECTED,2024-02-02T17:39:39.572Z
18435,37234,TX20240828114467,TRF_FEE,10,MRU,1941,PLATFORM,COLLECTED,2024-08-28T06:13:42.489Z
18436,37237,TX20241207212891,BIL_FEE,100,MRU,6858,PLATFORM,COLLECTED,2024-12-07T07:36:02.956Z
18437,37238,TX20240517899799,SAL_FEE,2355,MRU,8416,PLATFORM,COLLECTED,2024-05-17T05:36:26.048Z
18438,37240,TX20240331133117,WIT_FEE,50,MRU,10521,PLATFORM,COLLECTED,2024-03-31T12:04:25.082Z
18439,37241,TX20240415141694,TRF_FEE,50,MRU,3906,PLATFORM,COLLECTED,2024-04-15T15:31:04.719Z
18440,37242,TX20241108318207,TRF_FEE,25,MRU,53,PLATFORM,COLLECTED,2024-11-08T15:14:00.499Z
18441,37244,TX20241018062484,WIT_FEE,50,MRU,7645,PLATFORM,COLLECTED,2024-10-18T10:21:01.760Z
18442,37246,TX20240608998348,TRF_FEE,25,MRU,5888,PLATFORM,COLLECTED,2024-06-08T08:39:21.368Z
18443,37247,TX20241227946971,PAY_FEE,63,MRU,1358,MERCHANT,COLLECTED,2024-12-27T08:36:26.217Z
18444,37248,TX20240219688488,TRF_FEE,50,MRU,6492,PLATFORM,COLLECTED,2024-02-19T16:12:31.915Z
18445,37249,TX20240208447261,PAY_FEE,17,MRU,6366,MERCHANT,COLLECTED,2024-02-08T08:40:28.775Z
18446,37252,TX20241225868336,WIT_FEE,50,MRU,2166,PLATFORM,COLLECTED,2024-12-25T16:23:02.311Z
18447,37253,TX20240526267785,TRF_FEE,10,MRU,9585,PLATFORM,COLLECTED,2024-05-26T08:28:03.520Z
18448,37255,TX20240321016409,PAY_FEE,45,MRU,2968,MERCHANT,COLLECTED,2024-03-21T08:55:58.084Z
18449,37256,TX20240209178624,PAY_FEE,17,MRU,9813,MERCHANT,COLLECTED,2024-02-09T14:43:49.461Z
18450,37257,TX20240628680486,WIT_FEE,50,MRU,9806,PLATFORM,COLLECTED,2024-06-28T14:38:56.338Z
18451,37258,TX20240820518615,TRF_FEE,10,MRU,10024,PLATFORM,COLLECTED,2024-08-20T12:10:19.934Z
18452,37259,TX20240622898295,BIL_FEE,100,MRU,7994,PLATFORM,COLLECTED,2024-06-22T15:13:33.250Z
18453,37260,TX20240802178464,TRF_FEE,25,MRU,5856,PLATFORM,COLLECTED,2024-08-02T12:38:14.899Z
18454,37266,TX20241015789669,TRF_FEE,25,MRU,9756,PLATFORM,COLLECTED,2024-10-15T15:10:52.046Z
18455,37267,TX20240611992075,WIT_FEE,50,MRU,715,PLATFORM,COLLECTED,2024-06-11T04:44:50.504Z
18456,37268,TX20240910977546,SAL_FEE,2315,MRU,9639,PLATFORM,COLLECTED,2024-09-10T17:37:39.403Z
18457,37270,TX20240819706725,WIT_FEE,96,MRU,1852,PLATFORM,COLLECTED,2024-08-19T15:19:38.871Z
18458,37273,TX20241129587657,TRF_FEE,50,MRU,3073,PLATFORM,COLLECTED,2024-11-29T18:11:37.268Z
18459,37274,TX20240317168046,WIT_FEE,50,MRU,6586,PLATFORM,COLLECTED,2024-03-17T06:18:41.714Z
18460,37275,TX20241129941260,TRF_FEE,25,MRU,1925,PLATFORM,COLLECTED,2024-11-29T07:52:42.361Z
18461,37277,TX20240512924116,TRF_FEE,50,MRU,10474,PLATFORM,COLLECTED,2024-05-12T13:32:07.204Z
18462,37279,TX20240103096418,PAY_FEE,1530,MRU,9594,MERCHANT,COLLECTED,2024-01-03T16:42:44.686Z
18463,37280,TX20240808336562,TRF_FEE,25,MRU,9676,PLATFORM,COLLECTED,2024-08-08T05:29:45.191Z
18464,37284,TX20240309190158,WIT_FEE,50,MRU,4513,PLATFORM,COLLECTED,2024-03-09T07:52:22.058Z
18465,37285,TX20240604012040,WIT_FEE,500,MRU,4619,PLATFORM,COLLECTED,2024-06-04T08:08:01.330Z
18466,37287,TX20241230056628,WIT_FEE,50,MRU,3506,PLATFORM,COLLECTED,2024-12-30T17:48:06.162Z
18467,37288,TX20240426547813,PAY_FEE,65,MRU,2488,MERCHANT,COLLECTED,2024-04-26T19:23:38.239Z
18468,37290,TX20241014833212,TRF_FEE,10,MRU,5052,PLATFORM,COLLECTED,2024-10-14T10:34:32.909Z
18469,37292,TX20240224790728,TRF_FEE,25,MRU,7501,PLATFORM,COLLECTED,2024-02-24T15:14:58.425Z
18470,37294,TX20240510738768,TRF_FEE,25,MRU,5524,PLATFORM,COLLECTED,2024-05-10T09:05:18.398Z
18471,37296,TX20240720009942,TRF_FEE,50,MRU,4921,PLATFORM,COLLECTED,2024-07-20T15:44:46.105Z
18472,37301,TX20240804968314,WIT_FEE,50,MRU,3561,PLATFORM,COLLECTED,2024-08-04T13:27:16.736Z
18473,37302,TX20240531182783,WIT_FEE,50,MRU,2054,PLATFORM,COLLECTED,2024-05-31T17:12:17.967Z
18474,37304,TX20240416195182,TRF_FEE,25,MRU,8294,PLATFORM,COLLECTED,2024-04-16T13:23:23.431Z
18475,37307,TX20240719240958,TRF_FEE,25,MRU,5178,PLATFORM,COLLECTED,2024-07-19T06:41:06.729Z
18476,37309,TX20240105575687,PAY_FEE,41,MRU,7396,MERCHANT,COLLECTED,2024-01-05T08:52:37.665Z
18477,37310,TX20240728072965,WIT_FEE,50,MRU,7824,PLATFORM,COLLECTED,2024-07-28T06:57:19.737Z
18478,37314,TX20240520835182,TRF_FEE,25,MRU,3795,PLATFORM,COLLECTED,2024-05-20T08:55:40.445Z
18479,37315,TX20241114966066,SAL_FEE,2140,MRU,9922,PLATFORM,COLLECTED,2024-11-14T16:49:00.124Z
18480,37320,TX20241105023817,TRF_FEE,25,MRU,1337,PLATFORM,COLLECTED,2024-11-05T18:17:43.828Z
18481,37323,TX20240905740414,TRF_FEE,50,MRU,230,PLATFORM,COLLECTED,2024-09-05T07:12:50.321Z
18482,37324,TX20240731915573,TRF_FEE,25,MRU,10767,PLATFORM,COLLECTED,2024-07-31T06:50:30.676Z
18483,37326,TX20241107020654,PAY_FEE,89,MRU,9574,MERCHANT,COLLECTED,2024-11-07T16:19:33.068Z
18484,37328,TX20240320393172,TRF_FEE,25,MRU,7917,PLATFORM,COLLECTED,2024-03-20T08:36:44.638Z
18485,37330,TX20240629197510,TRF_FEE,25,MRU,7994,PLATFORM,COLLECTED,2024-06-29T18:33:32.974Z
18486,37331,TX20240503287976,WIT_FEE,370,MRU,5539,PLATFORM,COLLECTED,2024-05-03T08:26:34.934Z
18487,37333,TX20241114719148,TRF_FEE,25,MRU,8565,PLATFORM,COLLECTED,2024-11-14T08:36:14.628Z
18488,37334,TX20241123540661,WIT_FEE,100,MRU,3107,PLATFORM,COLLECTED,2024-11-23T14:41:10.314Z
18489,37335,TX20240628990034,TRF_FEE,25,MRU,3800,PLATFORM,COLLECTED,2024-06-28T18:05:09.754Z
18490,37342,TX20240902006193,PAY_FEE,72,MRU,5489,MERCHANT,COLLECTED,2024-09-02T10:03:18.110Z
18491,37343,TX20240731031574,WIT_FEE,50,MRU,3646,PLATFORM,COLLECTED,2024-07-31T11:08:33.905Z
18492,37344,TX20240808792843,WIT_FEE,50,MRU,1282,PLATFORM,COLLECTED,2024-08-08T07:15:41.806Z
18493,37349,TX20240608162072,WIT_FEE,100,MRU,2759,PLATFORM,COLLECTED,2024-06-08T07:50:40.266Z
18494,37356,TX20241128003470,WIT_FEE,100,MRU,3000,PLATFORM,COLLECTED,2024-11-28T21:50:59.268Z
18495,37357,TX20240610568292,WIT_FEE,50,MRU,9338,PLATFORM,COLLECTED,2024-06-10T09:37:46.723Z
18496,37359,TX20240121581844,WIT_FEE,50,MRU,1805,PLATFORM,COLLECTED,2024-01-21T01:12:35.093Z
18497,37361,TX20240107101225,TRF_FEE,50,MRU,4521,PLATFORM,COLLECTED,2024-01-07T11:01:16.634Z
18498,37362,TX20240208526825,WIT_FEE,500,MRU,5937,PLATFORM,COLLECTED,2024-02-08T11:51:41.191Z
18499,37363,TX20240501404775,SAL_FEE,985,MRU,1527,PLATFORM,COLLECTED,2024-05-01T08:46:27.311Z
18500,37366,TX20241124363497,TRF_FEE,50,MRU,9754,PLATFORM,COLLECTED,2024-11-24T07:11:38.755Z
18501,37371,TX20240627262522,TRF_FEE,25,MRU,2465,PLATFORM,COLLECTED,2024-06-27T08:43:32.301Z
18502,37376,TX20241112922166,WIT_FEE,50,MRU,48,PLATFORM,COLLECTED,2024-11-12T17:15:01.437Z
18503,37377,TX20240325278509,TRF_FEE,25,MRU,5081,PLATFORM,COLLECTED,2024-03-25T05:43:52.344Z
18504,37379,TX20240925419915,TRF_FEE,25,MRU,8958,PLATFORM,COLLECTED,2024-09-25T16:40:59.278Z
18505,37380,TX20241227960143,TRF_FEE,25,MRU,388,PLATFORM,COLLECTED,2024-12-27T14:01:21.311Z
18506,37382,TX20241111597426,TRF_FEE,50,MRU,5376,PLATFORM,COLLECTED,2024-11-11T17:38:02.751Z
18507,37386,TX20241026547225,TRF_FEE,25,MRU,10591,PLATFORM,COLLECTED,2024-10-26T08:34:24.202Z
18508,37388,TX20240111039386,TRF_FEE,10,MRU,7384,PLATFORM,COLLECTED,2024-01-11T17:44:30.562Z
18509,37393,TX20240527177450,TRF_FEE,50,MRU,2459,PLATFORM,COLLECTED,2024-05-27T15:07:54.234Z
18510,37394,TX20241018987274,TRF_FEE,25,MRU,10226,PLATFORM,COLLECTED,2024-10-18T11:49:34.607Z
18511,37398,TX20240923894455,WIT_FEE,50,MRU,6714,PLATFORM,COLLECTED,2024-09-23T10:56:55.590Z
18512,37401,TX20240904972020,TRF_FEE,10,MRU,9789,PLATFORM,COLLECTED,2024-09-04T19:24:15.038Z
18513,37405,TX20240712152052,TRF_FEE,25,MRU,8416,PLATFORM,COLLECTED,2024-07-12T09:55:45.890Z
18514,37408,TX20240528056641,SAL_FEE,785,MRU,9884,PLATFORM,COLLECTED,2024-05-28T21:05:24.115Z
18515,37409,TX20241219097794,TRF_FEE,25,MRU,7827,PLATFORM,COLLECTED,2024-12-19T16:17:37.114Z
18516,37411,TX20240609650634,TRF_FEE,50,MRU,1229,PLATFORM,COLLECTED,2024-06-09T18:35:45.170Z
18517,37412,TX20240908032735,TRF_FEE,25,MRU,8683,PLATFORM,COLLECTED,2024-09-08T15:03:18.681Z
18518,37413,TX20240806196762,WIT_FEE,50,MRU,10122,PLATFORM,COLLECTED,2024-08-06T18:50:04.852Z
18519,37415,TX20240321662837,TRF_FEE,50,MRU,3627,PLATFORM,COLLECTED,2024-03-21T09:29:32.728Z
18520,37416,TX20241120700282,PAY_FEE,17,MRU,6522,MERCHANT,COLLECTED,2024-11-20T13:03:34.762Z
18521,37417,TX20241215701692,WIT_FEE,50,MRU,4628,PLATFORM,COLLECTED,2024-12-15T08:11:17.541Z
18522,37418,TX20240505285584,WIT_FEE,50,MRU,6369,PLATFORM,COLLECTED,2024-05-05T08:07:29.945Z
18523,37419,TX20240817625073,WIT_FEE,50,MRU,7412,PLATFORM,COLLECTED,2024-08-17T14:07:20.946Z
18524,37421,TX20240215034338,WIT_FEE,50,MRU,9192,PLATFORM,COLLECTED,2024-02-15T08:56:41.129Z
18525,37422,TX20241214863572,TRF_FEE,50,MRU,2633,PLATFORM,COLLECTED,2024-12-14T09:21:22.475Z
18526,37424,TX20241205214004,TRF_FEE,10,MRU,6071,PLATFORM,COLLECTED,2024-12-05T17:57:08.067Z
18527,37425,TX20240618780883,TRF_FEE,25,MRU,8470,PLATFORM,COLLECTED,2024-06-18T04:58:50.622Z
18528,37426,TX20240711231620,SAL_FEE,1930,MRU,4940,PLATFORM,COLLECTED,2024-07-11T08:12:42.137Z
18529,37427,TX20240126889360,BIL_FEE,100,MRU,1325,PLATFORM,COLLECTED,2024-01-26T09:11:08.086Z
18530,37430,TX20240428119293,TRF_FEE,25,MRU,10895,PLATFORM,COLLECTED,2024-04-28T15:28:14.835Z
18531,37432,TX20240613648020,BIL_FEE,100,MRU,4370,PLATFORM,COLLECTED,2024-06-13T11:44:12.486Z
18532,37437,TX20240626314234,WIT_FEE,50,MRU,5411,PLATFORM,COLLECTED,2024-06-26T14:08:13.711Z
18533,37442,TX20240507096258,PAY_FEE,18,MRU,10697,MERCHANT,COLLECTED,2024-05-07T09:57:57.029Z
18534,37443,TX20240627468152,WIT_FEE,50,MRU,4337,PLATFORM,COLLECTED,2024-06-27T19:12:06.250Z
18535,37445,TX20241022861468,BIL_FEE,100,MRU,10460,PLATFORM,COLLECTED,2024-10-22T13:35:21.692Z
18536,37446,TX20241013977354,TRF_FEE,50,MRU,3967,PLATFORM,COLLECTED,2024-10-13T07:26:34.013Z
18537,37447,TX20240626574453,TRF_FEE,25,MRU,10382,PLATFORM,COLLECTED,2024-06-26T15:40:20.418Z
18538,37448,TX20240519523548,TRF_FEE,25,MRU,4218,PLATFORM,COLLECTED,2024-05-19T06:35:08.879Z
18539,37450,TX20241014724938,TRF_FEE,25,MRU,3423,PLATFORM,COLLECTED,2024-10-14T13:59:33.161Z
18540,37451,TX20240728682094,TRF_FEE,25,MRU,6474,PLATFORM,COLLECTED,2024-07-28T07:55:13.276Z
18541,37454,TX20240424794053,TRF_FEE,10,MRU,2321,PLATFORM,COLLECTED,2024-04-24T13:49:12.814Z
18542,37455,TX20241225921212,WIT_FEE,50,MRU,2166,PLATFORM,COLLECTED,2024-12-25T16:23:02.311Z
18543,37456,TX20240422878830,TRF_FEE,50,MRU,2269,PLATFORM,COLLECTED,2024-04-22T11:03:31.868Z
18544,37457,TX20240918590139,SAL_FEE,970,MRU,5387,PLATFORM,COLLECTED,2024-09-18T13:25:23.206Z
18545,37458,TX20241108498313,WIT_FEE,50,MRU,923,PLATFORM,COLLECTED,2024-11-08T08:08:55.969Z
18546,37459,TX20241026423685,PAY_FEE,315,MRU,4920,MERCHANT,COLLECTED,2024-10-26T11:53:23.185Z
18547,37461,TX20241224936802,TRF_FEE,50,MRU,1961,PLATFORM,COLLECTED,2024-12-24T14:36:38.508Z
18548,37465,TX20241224358408,SAL_FEE,1310,MRU,5305,PLATFORM,COLLECTED,2024-12-24T14:42:13.157Z
18549,37466,TX20240923960013,WIT_FEE,50,MRU,7904,PLATFORM,COLLECTED,2024-09-23T08:50:00.073Z
18550,37467,TX20241103564196,WIT_FEE,50,MRU,6423,PLATFORM,COLLECTED,2024-11-03T18:27:14.005Z
18551,37469,TX20241015431600,TRF_FEE,25,MRU,9756,PLATFORM,COLLECTED,2024-10-15T15:10:52.046Z
18552,37470,TX20240109992075,TRF_FEE,25,MRU,329,PLATFORM,COLLECTED,2024-01-09T16:50:30.065Z
18553,37471,TX20240910303475,SAL_FEE,2315,MRU,9639,PLATFORM,COLLECTED,2024-09-10T17:37:39.403Z
18554,37473,TX20240427706725,PAY_FEE,23,MRU,10418,MERCHANT,COLLECTED,2024-04-27T14:52:10.922Z
18555,37482,TX20241113022671,TRF_FEE,25,MRU,2784,PLATFORM,COLLECTED,2024-11-13T11:29:18.379Z
18556,37483,TX20240620432961,PAY_FEE,8,MRU,1287,MERCHANT,COLLECTED,2024-06-20T13:33:43.671Z
18557,37485,TX20241127378020,BIL_FEE,100,MRU,4340,PLATFORM,COLLECTED,2024-11-27T15:33:03.987Z
18558,37488,TX20240604203398,WIT_FEE,500,MRU,4619,PLATFORM,COLLECTED,2024-06-04T08:08:01.330Z
18559,37489,TX20240626895659,TRF_FEE,10,MRU,3148,PLATFORM,COLLECTED,2024-06-26T15:36:54.285Z
18560,37491,TX20240322447100,WIT_FEE,200,MRU,6471,PLATFORM,COLLECTED,2024-03-22T05:51:13.445Z
18561,37492,TX20240404121529,TRF_FEE,25,MRU,6078,PLATFORM,COLLECTED,2024-04-04T16:46:51.467Z
18562,37493,TX20240702160859,WIT_FEE,420,MRU,6619,PLATFORM,COLLECTED,2024-07-02T15:26:34.586Z
18563,37494,TX20240116948508,TRF_FEE,50,MRU,10886,PLATFORM,COLLECTED,2024-01-16T06:52:36.121Z
18564,37495,TX20240926994488,TRF_FEE,25,MRU,1432,PLATFORM,COLLECTED,2024-09-26T13:46:52.288Z
18565,37497,TX20240509303375,PAY_FEE,27,MRU,1136,MERCHANT,COLLECTED,2024-05-09T11:42:19.560Z
18566,37499,TX20240208263241,PAY_FEE,114,MRU,5397,MERCHANT,COLLECTED,2024-02-08T11:13:54.538Z
18567,37500,TX20240225962789,TRF_FEE,25,MRU,9898,PLATFORM,COLLECTED,2024-02-25T18:15:42.082Z
18568,37501,TX20240813073832,WIT_FEE,50,MRU,7249,PLATFORM,COLLECTED,2024-08-13T16:45:57.522Z
18569,37504,TX20240802400525,TRF_FEE,25,MRU,8,PLATFORM,COLLECTED,2024-08-02T11:16:44.321Z
18570,37506,TX20241211672190,TRF_FEE,25,MRU,6649,PLATFORM,COLLECTED,2024-12-11T17:59:37.495Z
18571,37507,TX20240524037282,WIT_FEE,50,MRU,8295,PLATFORM,COLLECTED,2024-05-24T10:45:49.368Z
18572,37508,TX20240417053162,PAY_FEE,24,MRU,6356,MERCHANT,COLLECTED,2024-04-17T17:18:18.861Z
18573,37510,TX20240129625735,TRF_FEE,25,MRU,8304,PLATFORM,COLLECTED,2024-01-29T15:06:43.467Z
18574,37511,TX20240414346758,TRF_FEE,50,MRU,2963,PLATFORM,COLLECTED,2024-04-14T06:01:37.749Z
18575,37512,TX20240208919915,PAY_FEE,51,MRU,6929,MERCHANT,COLLECTED,2024-02-08T17:00:12.867Z
18576,37515,TX20240506149783,WIT_FEE,50,MRU,5255,PLATFORM,COLLECTED,2024-05-06T13:57:57.958Z
18577,37516,TX20240303483711,TRF_FEE,25,MRU,6863,PLATFORM,COLLECTED,2024-03-03T16:29:41.047Z
18578,37517,TX20240630051620,TRF_FEE,25,MRU,4938,PLATFORM,COLLECTED,2024-06-30T09:18:55.681Z
18579,37518,TX20241220411980,TRF_FEE,50,MRU,1371,PLATFORM,COLLECTED,2024-12-20T18:47:49.005Z
18580,37519,TX20241005351720,WIT_FEE,50,MRU,1816,PLATFORM,COLLECTED,2024-10-05T09:07:54.284Z
18581,37527,TX20240731961538,TRF_FEE,25,MRU,10767,PLATFORM,COLLECTED,2024-07-31T06:50:30.676Z
18582,37530,TX20240227733558,TRF_FEE,50,MRU,8581,PLATFORM,COLLECTED,2024-02-27T16:39:05.699Z
18583,37531,TX20240521393172,WIT_FEE,360,MRU,8096,PLATFORM,COLLECTED,2024-05-21T14:13:09.608Z
18584,37537,TX20240412643665,TRF_FEE,10,MRU,3483,PLATFORM,COLLECTED,2024-04-12T17:36:41.172Z
18585,37541,TX20240507789430,TRF_FEE,25,MRU,5840,PLATFORM,COLLECTED,2024-05-07T13:21:30.320Z
18586,37542,TX20241117244273,SAL_FEE,1520,MRU,6147,PLATFORM,COLLECTED,2024-11-17T20:21:07.070Z
18587,37544,TX20240214532576,WIT_FEE,50,MRU,5907,PLATFORM,COLLECTED,2024-02-14T22:45:23.988Z
18588,37551,TX20240110870172,TRF_FEE,50,MRU,9123,PLATFORM,COLLECTED,2024-01-10T08:47:02.933Z
18589,37558,TX20241206686960,BIL_FEE,100,MRU,1060,PLATFORM,COLLECTED,2024-12-06T17:04:14.858Z
18590,37559,TX20240408806845,SAL_FEE,1455,MRU,4872,PLATFORM,COLLECTED,2024-04-08T08:05:39.870Z
18591,37561,TX20240105076333,PAY_FEE,30,MRU,8390,MERCHANT,COLLECTED,2024-01-05T16:27:36.716Z
18592,37563,TX20240528760067,PAY_FEE,63,MRU,3368,MERCHANT,COLLECTED,2024-05-28T14:02:37.446Z
18593,37568,TX20240329086963,TRF_FEE,25,MRU,5118,PLATFORM,COLLECTED,2024-03-29T17:58:43.368Z
18594,37569,TX20241124970475,TRF_FEE,50,MRU,9754,PLATFORM,COLLECTED,2024-11-24T07:11:38.755Z
18595,37570,TX20240116885262,TRF_FEE,25,MRU,1166,PLATFORM,COLLECTED,2024-01-16T10:00:16.611Z
18596,37571,TX20240623472371,WIT_FEE,50,MRU,6460,PLATFORM,COLLECTED,2024-06-23T07:37:49.020Z
18597,37572,TX20241219122890,PAY_FEE,20,MRU,10226,MERCHANT,COLLECTED,2024-12-19T08:52:04.381Z
18598,37578,TX20241123614161,PAY_FEE,18,MRU,1050,MERCHANT,COLLECTED,2024-11-23T05:34:31.984Z
18599,37583,TX20240113017469,TRF_FEE,50,MRU,10154,PLATFORM,COLLECTED,2024-01-13T11:31:50.428Z
18600,37584,TX20240910456235,WIT_FEE,50,MRU,5133,PLATFORM,COLLECTED,2024-09-10T08:32:44.924Z
18601,37585,TX20240527531367,WIT_FEE,50,MRU,4791,PLATFORM,COLLECTED,2024-05-27T04:25:28.378Z
18602,37586,TX20240818442663,WIT_FEE,50,MRU,3286,PLATFORM,COLLECTED,2024-08-18T17:18:08.372Z
18603,37593,TX20240115736691,SAL_FEE,1700,MRU,5908,PLATFORM,COLLECTED,2024-01-15T09:36:03.529Z
18604,37597,TX20240719373904,PAY_FEE,62,MRU,7572,MERCHANT,COLLECTED,2024-07-19T20:24:29.008Z
18605,37602,TX20240809128695,WIT_FEE,50,MRU,7121,PLATFORM,COLLECTED,2024-08-09T16:10:56.396Z
18606,37604,TX20241209045533,TRF_FEE,25,MRU,9400,PLATFORM,COLLECTED,2024-12-09T16:07:07.864Z
18607,37605,TX20240825957970,PAY_FEE,26,MRU,8962,MERCHANT,COLLECTED,2024-08-25T14:09:25.617Z
18608,37606,TX20241004647800,WIT_FEE,50,MRU,343,PLATFORM,COLLECTED,2024-10-04T16:18:27.143Z
18609,37607,TX20240308139876,PAY_FEE,72,MRU,5342,MERCHANT,COLLECTED,2024-03-08T20:47:40.582Z
18610,37608,TX20240206876507,TRF_FEE,50,MRU,3639,PLATFORM,COLLECTED,2024-02-06T08:16:56.055Z
18611,37611,TX20240313457230,WIT_FEE,50,MRU,9075,PLATFORM,COLLECTED,2024-03-13T07:15:39.682Z
18612,37612,TX20240108088779,TRF_FEE,50,MRU,5922,PLATFORM,COLLECTED,2024-01-08T10:39:07.132Z
18613,37616,TX20240610394500,WIT_FEE,50,MRU,2415,PLATFORM,COLLECTED,2024-06-10T08:47:12.272Z
18614,37619,TX20240525571335,WIT_FEE,100,MRU,4352,PLATFORM,COLLECTED,2024-05-25T07:56:48.669Z
18615,37621,TX20240114624642,PAY_FEE,285,MRU,1334,MERCHANT,COLLECTED,2024-01-14T07:18:37.660Z
18616,37625,TX20240704364371,BIL_FEE,100,MRU,8353,PLATFORM,COLLECTED,2024-07-04T13:52:07.011Z
18617,37627,TX20240917126739,PAY_FEE,27,MRU,7459,MERCHANT,COLLECTED,2024-09-17T10:08:32.942Z
18618,37628,TX20240307288573,TRF_FEE,25,MRU,5746,PLATFORM,COLLECTED,2024-03-07T10:29:33.910Z
18619,37630,TX20240402929688,WIT_FEE,50,MRU,9090,PLATFORM,COLLECTED,2024-04-02T17:27:24.602Z
18620,37634,TX20240622380507,TRF_FEE,25,MRU,333,PLATFORM,COLLECTED,2024-06-22T15:12:29.394Z
18621,37635,TX20240326232695,BIL_FEE,100,MRU,2869,PLATFORM,COLLECTED,2024-03-26T14:51:15.752Z
18622,37636,TX20240115025959,PAY_FEE,44,MRU,8235,MERCHANT,COLLECTED,2024-01-15T10:52:38.938Z
18623,37637,TX20240222293512,TRF_FEE,50,MRU,2152,PLATFORM,COLLECTED,2024-02-22T11:38:38.465Z
18624,37639,TX20240828314234,TRF_FEE,10,MRU,1941,PLATFORM,COLLECTED,2024-08-28T06:13:42.489Z
18625,37643,TX20240402762114,TRF_FEE,25,MRU,10050,PLATFORM,COLLECTED,2024-04-02T04:48:20.295Z
18626,37644,TX20240507825153,PAY_FEE,18,MRU,10697,MERCHANT,COLLECTED,2024-05-07T09:57:57.029Z
18627,37645,TX20241222355636,TRF_FEE,10,MRU,2484,PLATFORM,COLLECTED,2024-12-22T08:06:15.391Z
18628,37646,TX20240603352470,BIL_FEE,100,MRU,10746,PLATFORM,COLLECTED,2024-06-03T09:10:47.621Z
18629,37648,TX20240719845060,TRF_FEE,50,MRU,145,PLATFORM,COLLECTED,2024-07-19T15:11:26.567Z
18630,37649,TX20240820693734,TRF_FEE,25,MRU,4640,PLATFORM,COLLECTED,2024-08-20T11:47:40.346Z
18631,37650,TX20240910935319,WIT_FEE,50,MRU,9699,PLATFORM,COLLECTED,2024-09-10T09:08:35.140Z
18632,37651,TX20240327368774,TRF_FEE,25,MRU,10305,PLATFORM,COLLECTED,2024-03-27T19:34:11.011Z
18633,37652,TX20241014836285,TRF_FEE,25,MRU,3423,PLATFORM,COLLECTED,2024-10-14T13:59:33.161Z
18634,37654,TX20241015969588,PAY_FEE,35,MRU,8180,MERCHANT,COLLECTED,2024-10-15T14:42:25.018Z
18635,37658,TX20240530903777,TRF_FEE,50,MRU,602,PLATFORM,COLLECTED,2024-05-30T10:24:18.471Z
18636,37660,TX20240321536776,PAY_FEE,45,MRU,2968,MERCHANT,COLLECTED,2024-03-21T08:55:58.084Z
18637,37663,TX20241224319765,TRF_FEE,50,MRU,1961,PLATFORM,COLLECTED,2024-12-24T14:36:38.508Z
18638,37664,TX20241129596580,WIT_FEE,50,MRU,2771,PLATFORM,COLLECTED,2024-11-29T12:44:13.563Z
18639,37667,TX20240610062635,TRF_FEE,50,MRU,6677,PLATFORM,COLLECTED,2024-06-10T18:59:41.372Z
18640,37670,TX20240320326629,SAL_FEE,1295,MRU,3413,PLATFORM,COLLECTED,2024-03-20T10:13:50.941Z
18641,37673,TX20240525210346,TRF_FEE,50,MRU,7347,PLATFORM,COLLECTED,2024-05-25T20:41:54.632Z
18642,37675,TX20240427883299,PAY_FEE,23,MRU,10418,MERCHANT,COLLECTED,2024-04-27T14:52:10.922Z
18643,37676,TX20240709450780,TRF_FEE,25,MRU,6642,PLATFORM,COLLECTED,2024-07-09T11:17:39.227Z
18644,37680,TX20241129210271,TRF_FEE,25,MRU,1925,PLATFORM,COLLECTED,2024-11-29T07:52:42.361Z
18645,37682,TX20240217570007,TRF_FEE,50,MRU,7860,PLATFORM,COLLECTED,2024-02-17T08:56:39.914Z
18646,37686,TX20241217550762,PAY_FEE,120,MRU,10506,MERCHANT,COLLECTED,2024-12-17T12:12:52.793Z
18647,37691,TX20241008490137,TRF_FEE,25,MRU,6783,PLATFORM,COLLECTED,2024-10-08T18:35:29.744Z
18648,37693,TX20240704745914,WIT_FEE,50,MRU,4278,PLATFORM,COLLECTED,2024-07-04T05:51:19.960Z
18649,37694,TX20241205824069,TRF_FEE,10,MRU,3377,PLATFORM,COLLECTED,2024-12-05T12:45:43.599Z
18650,37699,TX20240530723594,WIT_FEE,50,MRU,4414,PLATFORM,COLLECTED,2024-05-30T09:23:05.316Z
18651,37701,TX20241012711952,PAY_FEE,74,MRU,5959,MERCHANT,COLLECTED,2024-10-12T06:26:13.900Z
18652,37706,TX20240925352769,WIT_FEE,130,MRU,9513,PLATFORM,COLLECTED,2024-09-25T09:00:36.388Z
18653,37709,TX20240725195182,WIT_FEE,200,MRU,9130,PLATFORM,COLLECTED,2024-07-25T10:23:25.751Z
18654,37712,TX20240719793795,TRF_FEE,25,MRU,5178,PLATFORM,COLLECTED,2024-07-19T06:41:06.729Z
18655,37713,TX20240930551554,TRF_FEE,10,MRU,7668,PLATFORM,COLLECTED,2024-09-30T08:49:50.797Z
18656,37717,TX20240506419533,WIT_FEE,50,MRU,5255,PLATFORM,COLLECTED,2024-05-06T13:57:57.958Z
18657,37719,TX20240520487955,TRF_FEE,25,MRU,3795,PLATFORM,COLLECTED,2024-05-20T08:55:40.445Z
18658,37725,TX20241105608094,TRF_FEE,25,MRU,1337,PLATFORM,COLLECTED,2024-11-05T18:17:43.828Z
18659,37727,TX20240219481256,PAY_FEE,4,MRU,4506,MERCHANT,COLLECTED,2024-02-19T14:05:24.271Z
18660,37728,TX20240530719148,PAY_FEE,18,MRU,7507,MERCHANT,COLLECTED,2024-05-30T07:48:43.633Z
18661,37729,TX20240101260328,WIT_FEE,200,MRU,6443,PLATFORM,COLLECTED,2024-01-01T07:28:00.544Z
18662,37733,TX20240320768759,TRF_FEE,25,MRU,7917,PLATFORM,COLLECTED,2024-03-20T08:36:44.638Z
18663,37734,TX20240825806989,WIT_FEE,50,MRU,6465,PLATFORM,COLLECTED,2024-08-25T08:29:50.159Z
18664,37735,TX20240719160516,TRF_FEE,25,MRU,10576,PLATFORM,COLLECTED,2024-07-19T19:43:02.718Z
18665,37736,TX20241206862990,TRF_FEE,25,MRU,1011,PLATFORM,COLLECTED,2024-12-06T13:54:43.117Z
18666,37737,TX20241219371507,TRF_FEE,25,MRU,3020,PLATFORM,COLLECTED,2024-12-19T12:15:08.868Z
18667,37738,TX20240808719148,PAY_FEE,35,MRU,6933,MERCHANT,COLLECTED,2024-08-08T16:09:36.243Z
18668,37739,TX20241123643665,WIT_FEE,100,MRU,3107,PLATFORM,COLLECTED,2024-11-23T14:41:10.314Z
18669,37743,TX20240725134382,WIT_FEE,50,MRU,644,PLATFORM,COLLECTED,2024-07-25T09:30:19.527Z
18670,37745,TX20240914954564,TRF_FEE,50,MRU,1483,PLATFORM,COLLECTED,2024-09-14T08:51:36.503Z
18671,37746,TX20240214967546,WIT_FEE,50,MRU,5907,PLATFORM,COLLECTED,2024-02-14T22:45:23.988Z
18672,37747,TX20240210752875,WIT_FEE,50,MRU,7239,PLATFORM,COLLECTED,2024-02-10T12:12:27.315Z
18673,37749,TX20241021371320,TRF_FEE,25,MRU,10900,PLATFORM,COLLECTED,2024-10-21T06:20:53.502Z
18674,37750,TX20240105391133,TRF_FEE,50,MRU,1110,PLATFORM,COLLECTED,2024-01-05T11:46:58.512Z
18675,37754,TX20240608495271,WIT_FEE,100,MRU,2759,PLATFORM,COLLECTED,2024-06-08T07:50:40.266Z
18676,37755,TX20240917654823,PAY_FEE,29,MRU,9039,MERCHANT,COLLECTED,2024-09-17T03:29:03.906Z
18677,37757,TX20240115799428,TRF_FEE,50,MRU,5988,PLATFORM,COLLECTED,2024-01-15T17:44:54.626Z
18678,37761,TX20241104368911,SAL_FEE,2210,MRU,7266,PLATFORM,COLLECTED,2024-11-04T21:16:16.089Z
18679,37763,TX20240615700862,PAY_FEE,24,MRU,7127,MERCHANT,COLLECTED,2024-06-15T13:42:45.851Z
18680,37764,TX20240121287152,WIT_FEE,50,MRU,1805,PLATFORM,COLLECTED,2024-01-21T01:12:35.093Z
18681,37766,TX20240112101225,TRF_FEE,25,MRU,212,PLATFORM,COLLECTED,2024-01-12T09:38:24.531Z
18682,37767,TX20240208810892,WIT_FEE,500,MRU,5937,PLATFORM,COLLECTED,2024-02-08T11:51:41.191Z
18683,37768,TX20240405262521,WIT_FEE,50,MRU,3618,PLATFORM,COLLECTED,2024-04-05T15:27:18.138Z
18684,37770,TX20240514236874,PAY_FEE,27,MRU,5514,MERCHANT,COLLECTED,2024-05-14T11:54:23.332Z
18685,37776,TX20240312901566,WIT_FEE,50,MRU,5767,PLATFORM,COLLECTED,2024-03-12T17:54:47.293Z
18686,37779,TX20240204755392,SAL_FEE,1880,MRU,10601,PLATFORM,COLLECTED,2024-02-04T11:32:50.122Z
18687,37780,TX20240213839489,PAY_FEE,23,MRU,8581,MERCHANT,COLLECTED,2024-02-13T16:27:27.669Z
18688,37783,TX20240205633750,TRF_FEE,25,MRU,564,PLATFORM,COLLECTED,2024-02-05T09:13:15.212Z
18689,37784,TX20240706099752,PAY_FEE,111,MRU,7574,MERCHANT,COLLECTED,2024-07-06T12:47:23.874Z
18690,37787,TX20241111253666,TRF_FEE,50,MRU,5376,PLATFORM,COLLECTED,2024-11-11T17:38:02.751Z
18691,37788,TX20240211107341,PAY_FEE,65,MRU,8966,MERCHANT,COLLECTED,2024-02-11T11:29:31.723Z
18692,37791,TX20240416655447,PAY_FEE,17,MRU,5164,MERCHANT,COLLECTED,2024-04-16T13:24:12.960Z
18693,37792,TX20240830492613,TRF_FEE,25,MRU,1236,PLATFORM,COLLECTED,2024-08-30T13:31:32.743Z
18694,37793,TX20240925039386,PAY_FEE,39,MRU,4481,MERCHANT,COLLECTED,2024-09-25T12:33:40.083Z
18695,37795,TX20240207115382,PAY_FEE,345,MRU,2765,MERCHANT,COLLECTED,2024-02-07T13:05:20.867Z
18696,37796,TX20240215718586,WIT_FEE,100,MRU,6415,PLATFORM,COLLECTED,2024-02-15T15:23:25.327Z
18697,37797,TX20240818545670,TRF_FEE,50,MRU,2194,PLATFORM,COLLECTED,2024-08-18T10:39:39.703Z
18698,37798,TX20240312281973,TRF_FEE,50,MRU,3860,PLATFORM,COLLECTED,2024-03-12T11:24:16.411Z
18699,37800,TX20240418697672,PAY_FEE,33,MRU,7698,MERCHANT,COLLECTED,2024-04-18T11:38:08.522Z
18700,37804,TX20241221120670,TRF_FEE,25,MRU,4687,PLATFORM,COLLECTED,2024-12-21T08:24:40.183Z
18701,37815,TX20240728338495,PAY_FEE,60,MRU,3185,MERCHANT,COLLECTED,2024-07-28T17:43:13.170Z
18702,37816,TX20240218772371,BIL_FEE,100,MRU,8454,PLATFORM,COLLECTED,2024-02-18T14:26:56.587Z
18703,37818,TX20240806138727,WIT_FEE,50,MRU,10122,PLATFORM,COLLECTED,2024-08-06T18:50:04.852Z
18704,37820,TX20240630819602,WIT_FEE,330,MRU,568,PLATFORM,COLLECTED,2024-06-30T12:43:19.955Z
18705,37821,TX20241005120352,TRF_FEE,50,MRU,5356,PLATFORM,COLLECTED,2024-10-05T13:10:19.140Z
18706,37824,TX20241211963725,WIT_FEE,50,MRU,1860,PLATFORM,COLLECTED,2024-12-11T15:33:37.672Z
18707,37825,TX20241216483707,TRF_FEE,25,MRU,8860,PLATFORM,COLLECTED,2024-12-16T15:05:44.433Z
18708,37828,TX20240104534097,WIT_FEE,50,MRU,5669,PLATFORM,COLLECTED,2024-01-04T19:15:21.202Z
18709,37833,TX20240615892237,TRF_FEE,50,MRU,488,PLATFORM,COLLECTED,2024-06-15T15:58:23.886Z
18710,37834,TX20240723403239,WIT_FEE,50,MRU,5854,PLATFORM,COLLECTED,2024-07-23T15:26:22.249Z
18711,37837,TX20240214353305,TRF_FEE,50,MRU,2881,PLATFORM,COLLECTED,2024-02-14T10:18:56.444Z
18712,37838,TX20240322675951,WIT_FEE,50,MRU,2319,PLATFORM,COLLECTED,2024-03-22T09:05:13.440Z
18713,37843,TX20240709687137,WIT_FEE,50,MRU,1384,PLATFORM,COLLECTED,2024-07-09T01:04:24.479Z
18714,37844,TX20240415610614,WIT_FEE,50,MRU,4411,PLATFORM,COLLECTED,2024-04-15T10:35:14.488Z
18715,37847,TX20240205725248,WIT_FEE,200,MRU,4909,PLATFORM,COLLECTED,2024-02-05T17:59:46.401Z
18716,37848,TX20240619324862,WIT_FEE,50,MRU,5944,PLATFORM,COLLECTED,2024-06-19T12:50:50.936Z
18717,37852,TX20240530773817,PAY_FEE,20,MRU,6356,MERCHANT,COLLECTED,2024-05-30T09:01:45.693Z
18718,37855,TX20240917854707,PAY_FEE,56,MRU,2420,MERCHANT,COLLECTED,2024-09-17T20:08:36.446Z
18719,37862,TX20240601282712,TRF_FEE,50,MRU,790,PLATFORM,COLLECTED,2024-06-01T10:12:29.319Z
18720,37865,TX20241120586126,WIT_FEE,96,MRU,2350,PLATFORM,COLLECTED,2024-11-20T14:25:45.808Z
18721,37867,TX20240401325346,TRF_FEE,50,MRU,1486,PLATFORM,COLLECTED,2024-04-01T15:03:07.568Z
18722,37868,TX20241124373035,WIT_FEE,50,MRU,8389,PLATFORM,COLLECTED,2024-11-24T13:38:21.799Z
18723,37871,TX20240114697497,PAY_FEE,99,MRU,2340,MERCHANT,COLLECTED,2024-01-14T20:15:18.225Z
18724,37872,TX20240113823685,WIT_FEE,50,MRU,6613,PLATFORM,COLLECTED,2024-01-13T07:55:55.564Z
18725,37879,TX20240602929698,TRF_FEE,50,MRU,3142,PLATFORM,COLLECTED,2024-06-02T15:27:31.476Z
18726,37883,TX20240131941260,BIL_FEE,100,MRU,5912,PLATFORM,COLLECTED,2024-01-31T18:42:21.172Z
18727,37885,TX20240809924116,WIT_FEE,57,MRU,7294,PLATFORM,COLLECTED,2024-08-09T12:07:12.949Z
18728,37895,TX20241230148460,WIT_FEE,50,MRU,3506,PLATFORM,COLLECTED,2024-12-30T17:48:06.162Z
18729,37896,TX20241216918766,WIT_FEE,50,MRU,260,PLATFORM,COLLECTED,2024-12-16T10:38:14.224Z
18730,37898,TX20240418160859,TRF_FEE,25,MRU,6480,PLATFORM,COLLECTED,2024-04-18T12:46:26.580Z
18731,37899,TX20240116726857,TRF_FEE,50,MRU,10886,PLATFORM,COLLECTED,2024-01-16T06:52:36.121Z
18732,37902,TX20241103484912,TRF_FEE,25,MRU,6203,PLATFORM,COLLECTED,2024-11-03T10:27:42.332Z
18733,37905,TX20240225161364,TRF_FEE,25,MRU,9898,PLATFORM,COLLECTED,2024-02-25T18:15:42.082Z
18734,37908,TX20240817284620,BIL_FEE,100,MRU,301,PLATFORM,COLLECTED,2024-08-17T13:51:23.043Z
18735,37909,TX20240405943713,SAL_FEE,975,MRU,8123,PLATFORM,COLLECTED,2024-04-05T13:35:27.280Z
18736,37910,TX20240305182783,WIT_FEE,50,MRU,9877,PLATFORM,COLLECTED,2024-03-05T18:00:20.413Z
18737,37912,TX20240725037282,WIT_FEE,200,MRU,9130,PLATFORM,COLLECTED,2024-07-25T10:23:25.751Z
18738,37918,TX20240728730065,WIT_FEE,50,MRU,7824,PLATFORM,COLLECTED,2024-07-28T06:57:19.737Z
18739,37919,TX20240924971687,WIT_FEE,50,MRU,1993,PLATFORM,COLLECTED,2024-09-24T06:17:34.243Z
18740,37920,TX20241218352189,TRF_FEE,50,MRU,6040,PLATFORM,COLLECTED,2024-12-18T19:57:28.482Z
18741,37922,TX20240422487955,WIT_FEE,50,MRU,4697,PLATFORM,COLLECTED,2024-04-22T18:40:26.342Z
18742,37925,TX20241113482488,PAY_FEE,68,MRU,4710,MERCHANT,COLLECTED,2024-11-13T12:40:50.661Z
18743,37926,TX20240318109847,WIT_FEE,50,MRU,10279,PLATFORM,COLLECTED,2024-03-18T17:37:03.711Z
18744,37927,TX20240807807780,TRF_FEE,25,MRU,3015,PLATFORM,COLLECTED,2024-08-07T07:56:24.600Z
18745,37928,TX20240416110156,PAY_FEE,1560,MRU,5273,MERCHANT,COLLECTED,2024-04-16T15:49:07.478Z
18746,37929,TX20241229095337,WIT_FEE,50,MRU,6429,PLATFORM,COLLECTED,2024-12-29T07:21:19.877Z
18747,37930,TX20240219133528,PAY_FEE,4,MRU,4506,MERCHANT,COLLECTED,2024-02-19T14:05:24.271Z
18748,37934,TX20241014897317,PAY_FEE,9,MRU,5595,MERCHANT,COLLECTED,2024-10-14T09:33:04.867Z
18749,37936,TX20240521768759,WIT_FEE,360,MRU,8096,PLATFORM,COLLECTED,2024-05-21T14:13:09.608Z
18750,37937,TX20240825533801,WIT_FEE,50,MRU,6465,PLATFORM,COLLECTED,2024-08-25T08:29:50.159Z
18751,37938,TX20241221324183,TRF_FEE,25,MRU,10775,PLATFORM,COLLECTED,2024-12-21T16:02:43.959Z
18752,37939,TX20241125766166,TRF_FEE,50,MRU,3894,PLATFORM,COLLECTED,2024-11-25T16:07:05.138Z
18753,37940,TX20240218998518,WIT_FEE,50,MRU,2478,PLATFORM,COLLECTED,2024-02-18T17:16:00.629Z
18754,37943,TX20240702557335,WIT_FEE,50,MRU,10172,PLATFORM,COLLECTED,2024-07-02T09:35:31.492Z
18755,37945,TX20240519500721,WIT_FEE,50,MRU,3555,PLATFORM,COLLECTED,2024-05-19T06:57:11.164Z
18756,37946,TX20240507134382,TRF_FEE,25,MRU,5840,PLATFORM,COLLECTED,2024-05-07T13:21:30.320Z
18757,37948,TX20240409477632,PAY_FEE,12,MRU,18,MERCHANT,COLLECTED,2024-04-09T16:36:30.134Z
18758,37951,TX20240731303525,WIT_FEE,50,MRU,3646,PLATFORM,COLLECTED,2024-07-31T11:08:33.905Z
18759,37952,TX20240310054011,TRF_FEE,25,MRU,3771,PLATFORM,COLLECTED,2024-03-10T09:41:48.116Z
18760,37962,TX20241207484206,WIT_FEE,50,MRU,6195,PLATFORM,COLLECTED,2024-12-07T10:43:04.386Z
18761,37964,TX20240408003470,SAL_FEE,1455,MRU,4872,PLATFORM,COLLECTED,2024-04-08T08:05:39.870Z
18762,37965,TX20240610586259,WIT_FEE,50,MRU,9338,PLATFORM,COLLECTED,2024-06-10T09:37:46.723Z
18763,37966,TX20240918660303,TRF_FEE,50,MRU,5376,PLATFORM,COLLECTED,2024-09-18T15:51:38.465Z
18764,37968,TX20240903449275,TRF_FEE,50,MRU,8626,PLATFORM,COLLECTED,2024-09-03T05:37:26.303Z
18765,37969,TX20240112936455,TRF_FEE,25,MRU,212,PLATFORM,COLLECTED,2024-01-12T09:38:24.531Z
18766,37971,TX20240501028655,SAL_FEE,985,MRU,1527,PLATFORM,COLLECTED,2024-05-01T08:46:27.311Z
18767,37972,TX20240916905672,BIL_FEE,100,MRU,193,PLATFORM,COLLECTED,2024-09-16T09:34:48.638Z
18768,37974,TX20241124901142,TRF_FEE,50,MRU,9754,PLATFORM,COLLECTED,2024-11-24T07:11:38.755Z
18769,37976,TX20240623768144,WIT_FEE,50,MRU,6460,PLATFORM,COLLECTED,2024-06-23T07:37:49.020Z
18770,37979,TX20240312773540,WIT_FEE,50,MRU,5767,PLATFORM,COLLECTED,2024-03-12T17:54:47.293Z
18771,37982,TX20240204805955,SAL_FEE,1880,MRU,10601,PLATFORM,COLLECTED,2024-02-04T11:32:50.122Z
18772,37988,TX20240411073496,TRF_FEE,50,MRU,3892,PLATFORM,COLLECTED,2024-04-11T11:59:34.027Z
18773,37989,TX20240330756285,PAY_FEE,195,MRU,8979,MERCHANT,COLLECTED,2024-03-30T18:52:48.969Z
18774,37991,TX20240323099870,PAY_FEE,38,MRU,1248,MERCHANT,COLLECTED,2024-03-23T08:30:07.842Z
18775,37993,TX20240214184445,SAL_FEE,2145,MRU,8169,PLATFORM,COLLECTED,2024-02-14T08:31:31.451Z
18776,37995,TX20240511275510,TRF_FEE,25,MRU,6824,PLATFORM,COLLECTED,2024-05-11T14:02:30.662Z
18777,37997,TX20240801622282,PAY_FEE,90,MRU,10023,MERCHANT,COLLECTED,2024-08-01T10:43:09.301Z
18778,38002,TX20240103005690,TRF_FEE,50,MRU,6278,PLATFORM,COLLECTED,2024-01-03T14:47:28.820Z
18779,38005,TX20240610368892,PAY_FEE,855,MRU,8423,MERCHANT,COLLECTED,2024-06-10T15:05:24.503Z
18780,38007,TX20240221280461,SAL_FEE,1145,MRU,8337,PLATFORM,COLLECTED,2024-02-21T11:40:10.423Z
18781,38014,TX20241227104698,TRF_FEE,50,MRU,1721,PLATFORM,COLLECTED,2024-12-27T10:09:12.849Z
18782,38015,TX20240510567311,WIT_FEE,50,MRU,8740,PLATFORM,COLLECTED,2024-05-10T10:04:24.983Z
18783,38019,TX20240115604742,PAY_FEE,27,MRU,6994,MERCHANT,COLLECTED,2024-01-15T08:57:10.772Z
18784,38020,TX20240116822878,PAY_FEE,74,MRU,360,MERCHANT,COLLECTED,2024-01-16T20:07:57.086Z
18785,38022,TX20240204802752,WIT_FEE,50,MRU,4415,PLATFORM,COLLECTED,2024-02-04T20:16:19.798Z
18786,38025,TX20241125967854,PAY_FEE,108,MRU,912,MERCHANT,COLLECTED,2024-11-25T10:10:28.571Z
18787,38027,TX20240902932174,TRF_FEE,50,MRU,5463,PLATFORM,COLLECTED,2024-09-02T07:33:35.652Z
18788,38034,TX20240711053504,SAL_FEE,1930,MRU,4940,PLATFORM,COLLECTED,2024-07-11T08:12:42.137Z
18789,38038,TX20240927565177,SAL_FEE,1820,MRU,1310,PLATFORM,COLLECTED,2024-09-27T09:45:09.729Z
18790,38039,TX20241226072788,WIT_FEE,50,MRU,361,PLATFORM,COLLECTED,2024-12-26T21:37:02.546Z
18791,38041,TX20240404440009,PAY_FEE,20,MRU,8087,MERCHANT,COLLECTED,2024-04-04T05:13:59.080Z
18792,38045,TX20240828353800,TRF_FEE,10,MRU,1941,PLATFORM,COLLECTED,2024-08-28T06:13:42.489Z
18793,38046,TX20240407522833,TRF_FEE,25,MRU,9556,PLATFORM,COLLECTED,2024-04-07T14:08:16.634Z
18794,38052,TX20240127483403,TRF_FEE,25,MRU,1866,PLATFORM,COLLECTED,2024-01-27T16:21:11.978Z
18795,38053,TX20240327581085,TRF_FEE,25,MRU,5557,PLATFORM,COLLECTED,2024-03-26T23:29:00.861Z
18796,38054,TX20240415329859,WIT_FEE,50,MRU,10763,PLATFORM,COLLECTED,2024-04-15T16:34:53.845Z
18797,38055,TX20240508759813,TRF_FEE,10,MRU,7147,PLATFORM,COLLECTED,2024-05-08T04:45:41.574Z
18798,38058,TX20241227854707,PAY_FEE,63,MRU,1358,MERCHANT,COLLECTED,2024-12-27T08:36:26.217Z
18799,38061,TX20240404297736,WIT_FEE,50,MRU,801,PLATFORM,COLLECTED,2024-04-04T05:21:28.051Z
18800,38064,TX20240910122221,SAL_FEE,2090,MRU,9692,PLATFORM,COLLECTED,2024-09-10T18:54:03.267Z
18801,38069,TX20240704983869,PAY_FEE,26,MRU,4143,MERCHANT,COLLECTED,2024-07-04T18:19:31.501Z
18802,38071,TX20240217540051,PAY_FEE,72,MRU,1010,MERCHANT,COLLECTED,2024-02-17T16:45:49.178Z
18803,38075,TX20240113610258,WIT_FEE,50,MRU,6613,PLATFORM,COLLECTED,2024-01-13T07:55:55.564Z
18804,38078,TX20240124407119,TRF_FEE,25,MRU,8953,PLATFORM,COLLECTED,2024-01-24T05:23:38.119Z
18805,38080,TX20240913421584,WIT_FEE,50,MRU,1352,PLATFORM,COLLECTED,2024-09-13T18:30:43.316Z
18806,38086,TX20240106779106,PAY_FEE,15,MRU,7777,MERCHANT,COLLECTED,2024-01-06T15:54:05.874Z
18807,38087,TX20240801793291,WIT_FEE,50,MRU,9148,PLATFORM,COLLECTED,2024-08-01T16:53:21.491Z
18808,38088,TX20240809475982,WIT_FEE,50,MRU,7294,PLATFORM,COLLECTED,2024-08-09T12:07:12.949Z
18809,38090,TX20240925004217,PAY_FEE,21,MRU,3496,MERCHANT,COLLECTED,2024-09-25T14:52:25.499Z
18810,38096,TX20240604741588,WIT_FEE,500,MRU,4619,PLATFORM,COLLECTED,2024-06-04T08:08:01.330Z
18811,38097,TX20240928976790,TRF_FEE,25,MRU,2632,PLATFORM,COLLECTED,2024-09-28T13:54:17.284Z
18812,38098,TX20241202632795,WIT_FEE,50,MRU,3308,PLATFORM,COLLECTED,2024-12-02T04:39:39.560Z
18813,38100,TX20240421610220,TRF_FEE,25,MRU,8584,PLATFORM,COLLECTED,2024-04-21T06:35:15.800Z
18814,38103,TX20240623857409,WIT_FEE,50,MRU,2668,PLATFORM,COLLECTED,2024-06-23T11:31:08.657Z
18815,38105,TX20240521610105,WIT_FEE,50,MRU,9297,PLATFORM,COLLECTED,2024-05-21T06:18:23.499Z
18816,38106,TX20240228396887,WIT_FEE,50,MRU,6328,PLATFORM,COLLECTED,2024-02-28T11:08:20.189Z
18817,38107,TX20240208571686,PAY_FEE,114,MRU,5397,MERCHANT,COLLECTED,2024-02-08T11:13:54.538Z
18818,38111,TX20240117411406,WIT_FEE,50,MRU,5089,PLATFORM,COLLECTED,2024-01-17T05:32:42.513Z
18819,38115,TX20240416037282,TRF_FEE,25,MRU,8294,PLATFORM,COLLECTED,2024-04-16T13:23:23.431Z
18820,38117,TX20240812955927,PAY_FEE,62,MRU,7259,MERCHANT,COLLECTED,2024-08-12T11:57:05.236Z
18821,38119,TX20240930040508,TRF_FEE,10,MRU,7668,PLATFORM,COLLECTED,2024-09-30T08:49:50.797Z
18822,38122,TX20241001260827,WIT_FEE,50,MRU,6370,PLATFORM,COLLECTED,2024-10-01T08:44:07.286Z
18823,38123,TX20240725149783,WIT_FEE,50,MRU,5342,PLATFORM,COLLECTED,2024-07-25T19:57:57.475Z
18824,38125,TX20240630835182,TRF_FEE,25,MRU,4938,PLATFORM,COLLECTED,2024-06-30T09:18:55.681Z
18825,38126,TX20241114802373,SAL_FEE,2140,MRU,9922,PLATFORM,COLLECTED,2024-11-14T16:49:00.124Z
18826,38127,TX20240329453096,WIT_FEE,50,MRU,3157,PLATFORM,COLLECTED,2024-03-29T16:22:07.909Z
18827,38128,TX20240902219041,TRF_FEE,10,MRU,9797,PLATFORM,COLLECTED,2024-09-02T16:39:25.053Z
18828,38129,TX20240818713946,PAY_FEE,35,MRU,6979,MERCHANT,COLLECTED,2024-08-18T05:42:55.566Z
18829,38130,TX20241126807780,TRF_FEE,25,MRU,2165,PLATFORM,COLLECTED,2024-11-26T20:11:27.600Z
18830,38131,TX20240416023817,PAY_FEE,1560,MRU,5273,MERCHANT,COLLECTED,2024-04-16T15:49:07.478Z
18831,38136,TX20240122842017,TRF_FEE,10,MRU,95,PLATFORM,COLLECTED,2024-01-22T08:11:19.617Z
18832,38138,TX20240204813489,TRF_FEE,50,MRU,9854,PLATFORM,COLLECTED,2024-02-04T15:46:30.106Z
18833,38140,TX20241031806989,TRF_FEE,50,MRU,1657,PLATFORM,COLLECTED,2024-10-31T08:35:30.793Z
18834,38141,TX20240719986767,TRF_FEE,25,MRU,10576,PLATFORM,COLLECTED,2024-07-19T19:43:02.718Z
18835,38144,TX20240808744973,PAY_FEE,35,MRU,6933,MERCHANT,COLLECTED,2024-08-08T16:09:36.243Z
18836,38152,TX20240214377417,WIT_FEE,50,MRU,5907,PLATFORM,COLLECTED,2024-02-14T22:45:23.988Z
18837,38160,TX20240220954934,TRF_FEE,25,MRU,5001,PLATFORM,COLLECTED,2024-02-20T17:40:15.249Z
18838,38162,TX20241113876285,TRF_FEE,50,MRU,7912,PLATFORM,COLLECTED,2024-11-13T14:50:23.411Z
18839,38163,TX20240115835562,TRF_FEE,50,MRU,5988,PLATFORM,COLLECTED,2024-01-15T17:44:54.626Z
18840,38164,TX20240713028718,WIT_FEE,50,MRU,7652,PLATFORM,COLLECTED,2024-07-13T08:50:25.275Z
18841,38165,TX20240131484206,PAY_FEE,69,MRU,9850,MERCHANT,COLLECTED,2024-01-31T10:33:23.660Z
18842,38170,TX20240204581844,TRF_FEE,25,MRU,10214,PLATFORM,COLLECTED,2024-02-04T08:11:17.137Z
18843,38173,TX20241106580068,TRF_FEE,50,MRU,10155,PLATFORM,COLLECTED,2024-11-06T15:11:32.448Z
18844,38174,TX20241009592705,WIT_FEE,50,MRU,1149,PLATFORM,COLLECTED,2024-10-09T10:18:08.326Z
18845,38176,TX20240514507419,PAY_FEE,27,MRU,5514,MERCHANT,COLLECTED,2024-05-14T11:54:23.332Z
18846,38177,TX20241002733786,TRF_FEE,10,MRU,6983,PLATFORM,COLLECTED,2024-10-02T17:11:47.842Z
18847,38180,TX20241219124215,PAY_FEE,20,MRU,10226,MERCHANT,COLLECTED,2024-12-19T08:52:04.381Z
18848,38186,TX20241123884780,PAY_FEE,18,MRU,1050,MERCHANT,COLLECTED,2024-11-23T05:34:31.984Z
18849,38187,TX20240105162650,TRF_FEE,25,MRU,6402,PLATFORM,COLLECTED,2024-01-05T08:09:07.317Z
18850,38190,TX20240329083241,WIT_FEE,230,MRU,920,PLATFORM,COLLECTED,2024-03-29T13:35:03.091Z
18851,38191,TX20241104774150,TRF_FEE,25,MRU,1762,PLATFORM,COLLECTED,2024-11-04T11:55:33.824Z
18852,38192,TX20240618456235,BIL_FEE,100,MRU,9167,PLATFORM,COLLECTED,2024-06-18T10:10:04.479Z
18853,38193,TX20240527935595,WIT_FEE,50,MRU,4791,PLATFORM,COLLECTED,2024-05-27T04:25:28.378Z
18854,38194,TX20241117442663,TRF_FEE,25,MRU,10801,PLATFORM,COLLECTED,2024-11-17T09:08:22.296Z
18855,38200,TX20240622823121,TRF_FEE,50,MRU,786,PLATFORM,COLLECTED,2024-06-22T19:00:15.933Z
18856,38201,TX20240810126524,WIT_FEE,50,MRU,4759,PLATFORM,COLLECTED,2024-08-10T05:31:32.643Z
18857,38203,TX20241025902255,TRF_FEE,25,MRU,10923,PLATFORM,COLLECTED,2024-10-25T11:23:19.497Z
18858,38210,TX20240302298153,PAY_FEE,27,MRU,2161,MERCHANT,COLLECTED,2024-03-02T19:23:38.954Z
18859,38211,TX20240508490622,WIT_FEE,50,MRU,2209,PLATFORM,COLLECTED,2024-05-08T10:21:02.055Z
18860,38213,TX20240529311708,PAY_FEE,17,MRU,7175,MERCHANT,COLLECTED,2024-05-29T15:25:29.758Z
18861,38215,TX20240219902362,TRF_FEE,25,MRU,10760,PLATFORM,COLLECTED,2024-02-19T17:27:49.185Z
18862,38216,TX20240614876507,WIT_FEE,100,MRU,607,PLATFORM,COLLECTED,2024-06-14T06:12:16.947Z
18863,38220,TX20240828574387,WIT_FEE,50,MRU,1012,PLATFORM,COLLECTED,2024-08-28T06:07:32.262Z
18864,38227,TX20240223171974,WIT_FEE,50,MRU,10540,PLATFORM,COLLECTED,2024-02-23T19:48:40.393Z
18865,38229,TX20240612167203,WIT_FEE,50,MRU,3356,PLATFORM,COLLECTED,2024-06-12T12:51:02.091Z
18866,38231,TX20240803129121,SAL_FEE,775,MRU,692,PLATFORM,COLLECTED,2024-08-03T07:00:13.100Z
18867,38233,TX20240805253453,TRF_FEE,50,MRU,7636,PLATFORM,COLLECTED,2024-08-05T16:07:00.756Z
18868,38234,TX20240504067999,WIT_FEE,50,MRU,10266,PLATFORM,COLLECTED,2024-05-04T15:14:40.375Z
18869,38237,TX20240918153926,WIT_FEE,50,MRU,1637,PLATFORM,COLLECTED,2024-09-18T17:04:17.191Z
18870,38240,TX20240925565177,WIT_FEE,50,MRU,8179,PLATFORM,COLLECTED,2024-09-25T11:14:50.988Z
18871,38241,TX20241226968007,WIT_FEE,50,MRU,361,PLATFORM,COLLECTED,2024-12-26T21:37:02.546Z
18872,38242,TX20240416095055,WIT_FEE,50,MRU,3,PLATFORM,COLLECTED,2024-04-16T08:34:38.691Z
18873,38244,TX20240724159950,TRF_FEE,50,MRU,283,PLATFORM,COLLECTED,2024-07-24T13:10:16.203Z
18874,38246,TX20240911191463,WIT_FEE,50,MRU,837,PLATFORM,COLLECTED,2024-09-11T07:01:29.839Z
18875,38248,TX20240407010424,TRF_FEE,25,MRU,9556,PLATFORM,COLLECTED,2024-04-07T14:08:16.634Z
18876,38254,TX20241222571784,TRF_FEE,25,MRU,780,PLATFORM,COLLECTED,2024-12-22T11:17:43.522Z
18877,38255,TX20240909200709,WIT_FEE,50,MRU,2630,PLATFORM,COLLECTED,2024-09-09T18:41:51.650Z
18878,38257,TX20240602124471,WIT_FEE,50,MRU,4555,PLATFORM,COLLECTED,2024-06-02T18:20:21.797Z
18879,38259,TX20240809411207,TRF_FEE,25,MRU,129,PLATFORM,COLLECTED,2024-08-09T08:57:34.199Z
18880,38263,TX20240404662852,WIT_FEE,50,MRU,801,PLATFORM,COLLECTED,2024-04-04T05:21:28.051Z
18881,38264,TX20240423720386,WIT_FEE,290,MRU,3045,PLATFORM,COLLECTED,2024-04-23T15:32:43.980Z
18882,38268,TX20240107521770,TRF_FEE,50,MRU,9529,PLATFORM,COLLECTED,2024-01-07T13:24:29.901Z
18883,38271,TX20240704273952,PAY_FEE,26,MRU,4143,MERCHANT,COLLECTED,2024-07-04T18:19:31.501Z
18884,38274,TX20240928873913,WIT_FEE,100,MRU,325,PLATFORM,COLLECTED,2024-09-28T12:35:14.936Z
18885,38275,TX20240914881183,WIT_FEE,160,MRU,10775,PLATFORM,COLLECTED,2024-09-14T07:43:59.062Z
18886,38281,TX20240910348745,SAL_FEE,2315,MRU,9639,PLATFORM,COLLECTED,2024-09-10T17:37:39.403Z
18887,38282,TX20240913220301,WIT_FEE,50,MRU,1352,PLATFORM,COLLECTED,2024-09-13T18:30:43.316Z
18888,38289,TX20241122187790,PAY_FEE,8,MRU,10894,MERCHANT,COLLECTED,2024-11-22T10:29:49.535Z
18889,38290,TX20240512475982,TRF_FEE,50,MRU,10474,PLATFORM,COLLECTED,2024-05-12T13:32:07.204Z
18890,38296,TX20240426919437,PAY_FEE,59,MRU,10103,MERCHANT,COLLECTED,2024-04-26T13:51:22.481Z
18891,38302,TX20241205606588,TRF_FEE,10,MRU,3377,PLATFORM,COLLECTED,2024-12-05T12:45:43.599Z
18892,38303,TX20241014743834,TRF_FEE,10,MRU,5052,PLATFORM,COLLECTED,2024-10-14T10:34:32.909Z
18893,38305,TX20240224230291,TRF_FEE,25,MRU,7501,PLATFORM,COLLECTED,2024-02-24T15:14:58.425Z
18894,38309,TX20241003711952,TRF_FEE,25,MRU,2519,PLATFORM,COLLECTED,2024-10-03T15:46:06.444Z
18895,38311,TX20240813657420,WIT_FEE,50,MRU,7249,PLATFORM,COLLECTED,2024-08-13T16:45:57.522Z
18896,38314,TX20240616764223,TRF_FEE,50,MRU,6759,PLATFORM,COLLECTED,2024-06-16T08:44:19.000Z
18897,38315,TX20241122182783,TRF_FEE,50,MRU,5681,PLATFORM,COLLECTED,2024-11-22T08:17:58.185Z
18898,38317,TX20240523037282,TRF_FEE,50,MRU,4083,PLATFORM,COLLECTED,2024-05-23T10:25:45.827Z
18899,38320,TX20241001793795,TRF_FEE,50,MRU,1521,PLATFORM,COLLECTED,2024-10-01T14:23:51.430Z
18900,38321,TX20240930333816,TRF_FEE,10,MRU,7668,PLATFORM,COLLECTED,2024-09-30T08:49:50.797Z
18901,38323,TX20240926530611,WIT_FEE,110,MRU,9942,PLATFORM,COLLECTED,2024-09-26T14:13:06.310Z
18902,38327,TX20240520522952,TRF_FEE,25,MRU,3795,PLATFORM,COLLECTED,2024-05-20T08:55:40.445Z
18903,38328,TX20241026966066,PAY_FEE,42,MRU,2174,MERCHANT,COLLECTED,2024-10-25T23:07:53.840Z
18904,38336,TX20240530873570,PAY_FEE,18,MRU,7507,MERCHANT,COLLECTED,2024-05-30T07:48:43.633Z
18905,38339,TX20241107772031,PAY_FEE,89,MRU,9574,MERCHANT,COLLECTED,2024-11-07T16:19:33.068Z
18906,38341,TX20240521464785,WIT_FEE,360,MRU,8096,PLATFORM,COLLECTED,2024-05-21T14:13:09.608Z
18907,38346,TX20241114744973,TRF_FEE,25,MRU,8565,PLATFORM,COLLECTED,2024-11-14T08:36:14.628Z
18908,38348,TX20240802767761,WIT_FEE,50,MRU,1685,PLATFORM,COLLECTED,2024-08-02T12:29:55.086Z
18909,38349,TX20241207517759,TRF_FEE,50,MRU,7002,PLATFORM,COLLECTED,2024-12-07T07:33:18.057Z
18910,38350,TX20240204756540,WIT_FEE,50,MRU,5488,PLATFORM,COLLECTED,2024-02-04T19:11:09.320Z
18911,38351,TX20240725988739,WIT_FEE,50,MRU,644,PLATFORM,COLLECTED,2024-07-25T09:30:19.527Z
18912,38352,TX20240510614645,SAL_FEE,1090,MRU,10097,PLATFORM,COLLECTED,2024-05-10T06:04:33.564Z
18913,38353,TX20240409954564,PAY_FEE,12,MRU,18,MERCHANT,COLLECTED,2024-04-09T16:36:30.134Z
18914,38354,TX20240214840372,WIT_FEE,50,MRU,5907,PLATFORM,COLLECTED,2024-02-14T22:45:23.988Z
18915,38355,TX20240315990284,TRF_FEE,50,MRU,8009,PLATFORM,COLLECTED,2024-03-15T11:18:39.381Z
18916,38356,TX20240616991334,WIT_FEE,50,MRU,2510,PLATFORM,COLLECTED,2024-06-16T08:39:22.780Z
18917,38359,TX20241108568073,TRF_FEE,25,MRU,532,PLATFORM,COLLECTED,2024-11-08T07:43:39.644Z
18918,38361,TX20240418790408,WIT_FEE,50,MRU,3346,PLATFORM,COLLECTED,2024-04-18T07:48:16.870Z
18919,38363,TX20241025702881,BIL_FEE,100,MRU,4988,PLATFORM,COLLECTED,2024-10-25T11:20:18.086Z
18920,38364,TX20241019017057,PAY_FEE,240,MRU,3087,MERCHANT,COLLECTED,2024-10-19T07:45:46.447Z
18921,38365,TX20240702244343,TRF_FEE,25,MRU,8825,PLATFORM,COLLECTED,2024-07-02T15:00:47.590Z
18922,38367,TX20240131032876,PAY_FEE,69,MRU,9850,MERCHANT,COLLECTED,2024-01-31T10:33:23.660Z
18923,38368,TX20240129738965,PAY_FEE,20,MRU,5373,MERCHANT,COLLECTED,2024-01-29T09:51:05.166Z
18924,38371,TX20240824660303,PAY_FEE,300,MRU,4107,MERCHANT,COLLECTED,2024-08-24T11:29:32.816Z
18925,38374,TX20240112483946,TRF_FEE,25,MRU,212,PLATFORM,COLLECTED,2024-01-12T09:38:24.531Z
18926,38375,TX20241106639247,TRF_FEE,50,MRU,10155,PLATFORM,COLLECTED,2024-11-06T15:11:32.448Z
18927,38376,TX20240615832268,PAY_FEE,30,MRU,7013,MERCHANT,COLLECTED,2024-06-15T08:08:19.104Z
18928,38378,TX20240617543302,WIT_FEE,50,MRU,5543,PLATFORM,COLLECTED,2024-06-17T17:23:19.498Z
18929,38379,TX20240310025966,BIL_FEE,100,MRU,4305,PLATFORM,COLLECTED,2024-03-10T17:50:38.163Z
18930,38381,TX20240623887828,WIT_FEE,50,MRU,6460,PLATFORM,COLLECTED,2024-06-23T07:37:49.020Z
18931,38383,TX20240724472144,TRF_FEE,50,MRU,8804,PLATFORM,COLLECTED,2024-07-24T09:44:13.842Z
18932,38384,TX20240417876849,PAY_FEE,1290,MRU,1285,MERCHANT,COLLECTED,2024-04-17T12:08:09.262Z
18933,38388,TX20240613095828,TRF_FEE,50,MRU,6357,PLATFORM,COLLECTED,2024-06-13T14:46:53.025Z
18934,38389,TX20240506250018,BIL_FEE,100,MRU,1418,PLATFORM,COLLECTED,2024-05-06T13:00:09.161Z
18935,38394,TX20240926756579,TRF_FEE,50,MRU,742,PLATFORM,COLLECTED,2024-09-26T18:27:26.173Z
18936,38395,TX20240418515217,TRF_FEE,25,MRU,8953,PLATFORM,COLLECTED,2024-04-18T09:45:12.957Z
18937,38398,TX20240623018981,PAY_FEE,8,MRU,4941,MERCHANT,COLLECTED,2024-06-23T08:13:36.695Z
18938,38401,TX20240831583632,PAY_FEE,137,MRU,6471,MERCHANT,COLLECTED,2024-08-31T17:51:38.593Z
18939,38403,TX20240605286811,TRF_FEE,25,MRU,1377,PLATFORM,COLLECTED,2024-06-05T07:01:08.788Z
18940,38405,TX20240523117239,TRF_FEE,50,MRU,7134,PLATFORM,COLLECTED,2024-05-23T09:29:59.559Z
18941,38406,TX20240127820075,TRF_FEE,25,MRU,7010,PLATFORM,COLLECTED,2024-01-27T16:47:07.415Z
18942,38410,TX20240710795456,WIT_FEE,50,MRU,8962,PLATFORM,COLLECTED,2024-07-10T05:08:23.240Z
18943,38414,TX20241209741738,TRF_FEE,25,MRU,9400,PLATFORM,COLLECTED,2024-12-09T16:07:07.864Z
18944,38415,TX20240829592266,TRF_FEE,50,MRU,4022,PLATFORM,COLLECTED,2024-08-29T07:25:37.811Z
18945,38416,TX20240222191879,TRF_FEE,50,MRU,7630,PLATFORM,COLLECTED,2024-02-22T05:56:23.828Z
18946,38417,TX20241217926685,WIT_FEE,380,MRU,1547,PLATFORM,COLLECTED,2024-12-17T18:24:54.902Z
18947,38419,TX20240611151672,WIT_FEE,50,MRU,6448,PLATFORM,COLLECTED,2024-06-11T06:24:58.791Z
18948,38422,TX20240713987766,PAY_FEE,20,MRU,9963,MERCHANT,COLLECTED,2024-07-13T13:05:49.574Z
18949,38423,TX20240626634291,WIT_FEE,200,MRU,10342,PLATFORM,COLLECTED,2024-06-26T17:07:34.440Z
18950,38429,TX20240716783855,WIT_FEE,50,MRU,4194,PLATFORM,COLLECTED,2024-07-16T10:13:43.903Z
18951,38432,TX20241016757971,WIT_FEE,50,MRU,984,PLATFORM,COLLECTED,2024-10-16T05:34:57.706Z
18952,38442,TX20241226984442,PAY_FEE,54,MRU,8039,MERCHANT,COLLECTED,2024-12-26T16:22:45.161Z
18953,38444,TX20240112613025,WIT_FEE,50,MRU,7141,PLATFORM,COLLECTED,2024-01-12T10:17:17.583Z
18954,38445,TX20240404209026,PAY_FEE,20,MRU,8087,MERCHANT,COLLECTED,2024-04-04T05:13:59.080Z
18955,38448,TX20240911061370,WIT_FEE,50,MRU,837,PLATFORM,COLLECTED,2024-09-11T07:01:29.839Z
18956,38449,TX20240916284600,WIT_FEE,50,MRU,2611,PLATFORM,COLLECTED,2024-09-16T11:10:09.383Z
18957,38451,TX20240517415389,TRF_FEE,25,MRU,2993,PLATFORM,COLLECTED,2024-05-17T08:13:21.269Z
18958,38453,TX20240402936369,TRF_FEE,25,MRU,10050,PLATFORM,COLLECTED,2024-04-02T04:48:20.295Z
18959,38454,TX20240501401563,WIT_FEE,50,MRU,5159,PLATFORM,COLLECTED,2024-05-01T19:57:01.970Z
18960,38459,TX20240820574453,TRF_FEE,25,MRU,4640,PLATFORM,COLLECTED,2024-08-20T11:47:40.346Z
18961,38460,TX20240519423540,TRF_FEE,25,MRU,4218,PLATFORM,COLLECTED,2024-05-19T06:35:08.879Z
18962,38461,TX20240313507673,TRF_FEE,25,MRU,4847,PLATFORM,COLLECTED,2024-03-13T03:56:42.501Z
18963,38462,TX20240229024195,TRF_FEE,25,MRU,1616,PLATFORM,COLLECTED,2024-02-29T09:43:42.990Z
18964,38465,TX20240124488486,WIT_FEE,500,MRU,6548,PLATFORM,COLLECTED,2024-01-24T10:28:03.073Z
18965,38467,TX20241201754908,TRF_FEE,50,MRU,9579,PLATFORM,COLLECTED,2024-12-01T15:47:43.476Z
18966,38470,TX20240821470758,TRF_FEE,50,MRU,9950,PLATFORM,COLLECTED,2024-08-21T03:32:24.498Z
18967,38472,TX20240709626736,TRF_FEE,25,MRU,6481,PLATFORM,COLLECTED,2024-07-09T07:51:41.476Z
18968,38473,TX20240708401955,WIT_FEE,50,MRU,3058,PLATFORM,COLLECTED,2024-07-08T12:22:14.289Z
18969,38475,TX20241004840172,PAY_FEE,146,MRU,1980,MERCHANT,COLLECTED,2024-10-04T06:46:45.817Z
18970,38482,TX20240124743246,TRF_FEE,25,MRU,8953,PLATFORM,COLLECTED,2024-01-24T05:23:38.119Z
18971,38486,TX20240921042087,TRF_FEE,10,MRU,7317,PLATFORM,COLLECTED,2024-09-21T10:31:28.283Z
18972,38492,TX20240512853259,TRF_FEE,50,MRU,10474,PLATFORM,COLLECTED,2024-05-12T13:32:07.204Z
18973,38501,TX20240626976790,TRF_FEE,10,MRU,3148,PLATFORM,COLLECTED,2024-06-26T15:36:54.285Z
18974,38502,TX20241202529728,WIT_FEE,50,MRU,3308,PLATFORM,COLLECTED,2024-12-02T04:39:39.560Z
18975,38504,TX20241019779264,WIT_FEE,50,MRU,9096,PLATFORM,COLLECTED,2024-10-19T15:51:28.548Z
18976,38505,TX20240612998994,PAY_FEE,315,MRU,9201,MERCHANT,COLLECTED,2024-06-12T13:35:35.742Z
18977,38506,TX20240713726857,WIT_FEE,430,MRU,1341,PLATFORM,COLLECTED,2024-07-13T05:03:52.602Z
18978,38513,TX20241002233916,PAY_FEE,75,MRU,1386,MERCHANT,COLLECTED,2024-10-02T19:31:39.832Z
18979,38519,TX20240524822105,WIT_FEE,50,MRU,8295,PLATFORM,COLLECTED,2024-05-24T10:45:49.368Z
18980,38520,TX20241119522945,WIT_FEE,50,MRU,5457,PLATFORM,COLLECTED,2024-11-19T10:18:51.574Z
18981,38521,TX20240812626475,PAY_FEE,62,MRU,7259,MERCHANT,COLLECTED,2024-08-12T11:57:05.236Z
18982,38522,TX20240619240958,PAY_FEE,7,MRU,4770,MERCHANT,COLLECTED,2024-06-19T15:39:23.863Z
18983,38526,TX20240924439437,WIT_FEE,50,MRU,1993,PLATFORM,COLLECTED,2024-09-24T06:17:34.243Z
18984,38529,TX20240422522952,WIT_FEE,50,MRU,4697,PLATFORM,COLLECTED,2024-04-22T18:40:26.342Z
18985,38530,TX20241026802373,PAY_FEE,42,MRU,2174,MERCHANT,COLLECTED,2024-10-25T23:07:53.840Z
18986,38531,TX20240329664759,WIT_FEE,50,MRU,3157,PLATFORM,COLLECTED,2024-03-29T16:22:07.909Z
18987,38532,TX20241101654792,TRF_FEE,25,MRU,2370,PLATFORM,COLLECTED,2024-11-01T15:25:03.888Z
18988,38534,TX20240807043853,TRF_FEE,25,MRU,3015,PLATFORM,COLLECTED,2024-08-07T07:56:24.600Z
18989,38535,TX20240919110156,WIT_FEE,200,MRU,6766,PLATFORM,COLLECTED,2024-09-19T16:07:28.476Z
18990,38536,TX20241229262156,WIT_FEE,50,MRU,6429,PLATFORM,COLLECTED,2024-12-29T07:21:19.877Z
18991,38538,TX20240819740414,PAY_FEE,33,MRU,3562,MERCHANT,COLLECTED,2024-08-19T14:11:12.839Z
18992,38539,TX20240731054752,TRF_FEE,25,MRU,10767,PLATFORM,COLLECTED,2024-07-31T06:50:30.676Z
18993,38540,TX20240122451608,TRF_FEE,10,MRU,95,PLATFORM,COLLECTED,2024-01-22T08:11:19.617Z
18994,38544,TX20240228533801,PAY_FEE,99,MRU,355,MERCHANT,COLLECTED,2024-02-28T14:30:47.149Z
18995,38545,TX20241221953486,TRF_FEE,25,MRU,10775,PLATFORM,COLLECTED,2024-12-21T16:02:43.959Z
18996,38546,TX20240923862990,BIL_FEE,100,MRU,689,PLATFORM,COLLECTED,2024-09-23T06:05:08.351Z
18997,38548,TX20240226652325,PAY_FEE,9,MRU,4765,MERCHANT,COLLECTED,2024-02-26T14:14:37.775Z
18998,38549,TX20240906509134,TRF_FEE,50,MRU,7732,PLATFORM,COLLECTED,2024-09-06T07:18:16.413Z
18999,38550,TX20240713767761,TRF_FEE,10,MRU,8321,PLATFORM,COLLECTED,2024-07-13T11:55:05.152Z
19000,38551,TX20241207416618,TRF_FEE,50,MRU,7002,PLATFORM,COLLECTED,2024-12-07T07:33:18.057Z
19001,38553,TX20240510988739,TRF_FEE,50,MRU,5307,PLATFORM,COLLECTED,2024-05-10T12:19:31.059Z
19002,38554,TX20240510871903,SAL_FEE,1090,MRU,10097,PLATFORM,COLLECTED,2024-05-10T06:04:33.564Z
19003,38563,TX20241112322519,TRF_FEE,25,MRU,3047,PLATFORM,COLLECTED,2024-11-12T10:17:09.807Z
19004,38564,TX20240903784410,PAY_FEE,210,MRU,4897,MERCHANT,COLLECTED,2024-09-03T08:14:27.589Z
19005,38565,TX20241121887464,TRF_FEE,50,MRU,629,PLATFORM,COLLECTED,2024-11-21T17:42:00.488Z
19006,38566,TX20241113783589,TRF_FEE,50,MRU,7912,PLATFORM,COLLECTED,2024-11-13T14:50:23.411Z
19007,38571,TX20241104091804,SAL_FEE,2210,MRU,7266,PLATFORM,COLLECTED,2024-11-04T21:16:16.089Z
19008,38577,TX20241106835100,TRF_FEE,50,MRU,10155,PLATFORM,COLLECTED,2024-11-06T15:11:32.448Z
19009,38580,TX20240524543302,BIL_FEE,100,MRU,8661,PLATFORM,COLLECTED,2024-05-24T09:29:30.331Z
19010,38581,TX20240310733786,BIL_FEE,100,MRU,4305,PLATFORM,COLLECTED,2024-03-10T17:50:38.163Z
19011,38583,TX20240108768144,PAY_FEE,180,MRU,7288,MERCHANT,COLLECTED,2024-01-08T14:23:01.799Z
19012,38586,TX20241124323292,PAY_FEE,11,MRU,1813,MERCHANT,COLLECTED,2024-11-24T16:17:31.141Z
19013,38589,TX20240717029285,WIT_FEE,50,MRU,4835,PLATFORM,COLLECTED,2024-07-17T16:07:57.723Z
19014,38594,TX20240301967292,TRF_FEE,50,MRU,7120,PLATFORM,COLLECTED,2024-03-01T10:55:06.419Z
19015,38596,TX20241003173303,TRF_FEE,25,MRU,5840,PLATFORM,COLLECTED,2024-10-03T18:38:59.181Z
19016,38607,TX20240906559512,PAY_FEE,74,MRU,4865,MERCHANT,COLLECTED,2024-09-06T11:13:35.401Z
19017,38609,TX20240108014986,TRF_FEE,50,MRU,527,PLATFORM,COLLECTED,2024-01-08T07:03:50.622Z
19018,38611,TX20240613149962,TRF_FEE,50,MRU,10570,PLATFORM,COLLECTED,2024-06-13T13:07:47.149Z
19019,38613,TX20240912970572,TRF_FEE,50,MRU,3940,PLATFORM,COLLECTED,2024-09-12T14:13:22.543Z
19020,38615,TX20240209055673,WIT_FEE,50,MRU,8318,PLATFORM,COLLECTED,2024-02-09T08:16:19.318Z
19021,38616,TX20240322123606,TRF_FEE,25,MRU,4471,PLATFORM,COLLECTED,2024-03-22T09:54:43.710Z
19022,38618,TX20240804338195,PAY_FEE,33,MRU,10040,MERCHANT,COLLECTED,2024-08-04T04:01:41.947Z
19023,38622,TX20240422785280,TRF_FEE,10,MRU,2947,PLATFORM,COLLECTED,2024-04-22T11:42:32.203Z
19024,38623,TX20240510311296,PAY_FEE,50,MRU,5752,MERCHANT,COLLECTED,2024-05-10T18:46:52.064Z
19025,38627,TX20240620634311,WIT_FEE,50,MRU,5237,PLATFORM,COLLECTED,2024-06-20T16:03:19.119Z
19026,38630,TX20241014726131,BIL_FEE,100,MRU,9285,PLATFORM,COLLECTED,2024-10-14T08:27:21.191Z
19027,38631,TX20240620856684,PAY_FEE,23,MRU,5887,MERCHANT,COLLECTED,2024-06-20T14:47:46.040Z
19028,38632,TX20240818378404,WIT_FEE,100,MRU,10666,PLATFORM,COLLECTED,2024-08-18T20:45:47.162Z
19029,38633,TX20240409123364,TRF_FEE,25,MRU,10631,PLATFORM,COLLECTED,2024-04-09T14:16:14.482Z
19030,38634,TX20240214785927,TRF_FEE,25,MRU,4094,PLATFORM,COLLECTED,2024-02-14T10:24:57.932Z
19031,38638,TX20240731602822,WIT_FEE,50,MRU,1301,PLATFORM,COLLECTED,2024-07-31T07:32:42.392Z
19032,38640,TX20240507957934,TRF_FEE,25,MRU,7768,PLATFORM,COLLECTED,2024-05-07T20:37:09.078Z
19033,38641,TX20241213139245,TRF_FEE,25,MRU,1766,PLATFORM,COLLECTED,2024-12-13T21:12:32.065Z
19034,38644,TX20240623574967,WIT_FEE,440,MRU,9830,PLATFORM,COLLECTED,2024-06-23T13:48:17.643Z
19035,38647,TX20241208253097,WIT_FEE,50,MRU,820,PLATFORM,COLLECTED,2024-12-08T11:15:36.019Z
19036,38649,TX20241021385656,PAY_FEE,68,MRU,2632,MERCHANT,COLLECTED,2024-10-21T09:09:31.007Z
19037,38652,TX20240211507148,TRF_FEE,50,MRU,826,PLATFORM,COLLECTED,2024-02-11T10:21:17.589Z
19038,38653,TX20240709288505,WIT_FEE,50,MRU,1384,PLATFORM,COLLECTED,2024-07-09T01:04:24.479Z
19039,38654,TX20240531714339,WIT_FEE,50,MRU,1393,PLATFORM,COLLECTED,2024-05-31T13:14:29.398Z
19040,38655,TX20240213869470,TRF_FEE,50,MRU,6033,PLATFORM,COLLECTED,2024-02-13T11:34:05.862Z
19041,38659,TX20240312146725,WIT_FEE,50,MRU,8355,PLATFORM,COLLECTED,2024-03-12T20:10:35.259Z
19042,38660,TX20240102165411,TRF_FEE,25,MRU,5626,PLATFORM,COLLECTED,2024-01-02T17:30:53.525Z
19043,38661,TX20241222143272,PAY_FEE,68,MRU,8511,MERCHANT,COLLECTED,2024-12-22T09:18:49.657Z
19044,38663,TX20240726439478,TRF_FEE,50,MRU,6906,PLATFORM,COLLECTED,2024-07-26T14:53:43.457Z
19045,38664,TX20240608985346,TRF_FEE,25,MRU,5888,PLATFORM,COLLECTED,2024-06-08T08:39:21.368Z
19046,38672,TX20240918365836,SAL_FEE,970,MRU,5387,PLATFORM,COLLECTED,2024-09-18T13:25:23.206Z
19047,38673,TX20240321411860,PAY_FEE,45,MRU,2968,MERCHANT,COLLECTED,2024-03-21T08:55:58.084Z
19048,38674,TX20240922178624,TRF_FEE,50,MRU,2059,PLATFORM,COLLECTED,2024-09-22T16:27:53.388Z
19049,38675,TX20240628522036,WIT_FEE,50,MRU,9806,PLATFORM,COLLECTED,2024-06-28T14:38:56.338Z
19050,38676,TX20240704518615,TRF_FEE,25,MRU,4173,PLATFORM,COLLECTED,2024-07-04T07:19:56.908Z
19051,38677,TX20240622865521,BIL_FEE,100,MRU,7994,PLATFORM,COLLECTED,2024-06-22T15:13:33.250Z
19052,38687,TX20240919421584,TRF_FEE,25,MRU,5969,PLATFORM,COLLECTED,2024-09-19T09:07:08.176Z
19053,38689,TX20240602220827,TRF_FEE,50,MRU,3142,PLATFORM,COLLECTED,2024-06-02T15:27:31.476Z
19054,38694,TX20240801528429,WIT_FEE,50,MRU,9148,PLATFORM,COLLECTED,2024-08-01T16:53:21.491Z
19055,38696,TX20240619788886,TRF_FEE,50,MRU,8036,PLATFORM,COLLECTED,2024-06-19T08:52:48.508Z
19056,38697,TX20240701672275,TRF_FEE,50,MRU,6785,PLATFORM,COLLECTED,2024-07-01T09:22:15.334Z
19057,38700,TX20240725508800,PAY_FEE,41,MRU,2374,MERCHANT,COLLECTED,2024-07-25T05:59:23.351Z
19058,38701,TX20240426397050,PAY_FEE,59,MRU,10103,MERCHANT,COLLECTED,2024-04-26T13:51:22.481Z
19059,38705,TX20241021625073,PAY_FEE,50,MRU,163,MERCHANT,COLLECTED,2024-10-21T06:09:18.921Z
19060,38708,TX20241014688709,TRF_FEE,10,MRU,5052,PLATFORM,COLLECTED,2024-10-14T10:34:32.909Z
19061,38710,TX20240622130176,TRF_FEE,25,MRU,10722,PLATFORM,COLLECTED,2024-06-22T12:08:39.240Z
19062,38711,TX20240622425348,TRF_FEE,50,MRU,464,PLATFORM,COLLECTED,2024-06-22T14:42:53.683Z
19063,38713,TX20240309072148,TRF_FEE,10,MRU,3714,PLATFORM,COLLECTED,2024-03-09T09:09:26.139Z
19064,38714,TX20241012089881,PAY_FEE,74,MRU,5959,MERCHANT,COLLECTED,2024-10-12T06:26:13.900Z
19065,38716,TX20240813233916,WIT_FEE,50,MRU,7249,PLATFORM,COLLECTED,2024-08-13T16:45:57.522Z
19066,38718,TX20240117109745,WIT_FEE,50,MRU,5089,PLATFORM,COLLECTED,2024-01-17T05:32:42.513Z
19067,38719,TX20240925211781,WIT_FEE,50,MRU,9513,PLATFORM,COLLECTED,2024-09-25T09:00:36.388Z
19068,38721,TX20240831042463,TRF_FEE,50,MRU,3043,PLATFORM,COLLECTED,2024-08-31T12:34:29.157Z
19069,38722,TX20241029822105,PAY_FEE,35,MRU,3713,MERCHANT,COLLECTED,2024-10-29T10:45:07.523Z
19070,38723,TX20241119759273,WIT_FEE,50,MRU,5457,PLATFORM,COLLECTED,2024-11-19T10:18:51.574Z
19071,38726,TX20240930273956,TRF_FEE,10,MRU,7668,PLATFORM,COLLECTED,2024-09-30T08:49:50.797Z
19072,38730,TX20240506945400,WIT_FEE,50,MRU,5255,PLATFORM,COLLECTED,2024-05-06T13:57:57.958Z
19073,38732,TX20240630487955,TRF_FEE,25,MRU,4938,PLATFORM,COLLECTED,2024-06-30T09:18:55.681Z
19074,38734,TX20240329602752,WIT_FEE,50,MRU,3157,PLATFORM,COLLECTED,2024-03-29T16:22:07.909Z
19075,38735,TX20240829706371,PAY_FEE,30,MRU,4807,MERCHANT,COLLECTED,2024-08-29T10:03:53.213Z
19076,38747,TX20240626633068,WIT_FEE,50,MRU,8757,PLATFORM,COLLECTED,2024-06-26T16:09:35.508Z
19077,38748,TX20240118986767,PAY_FEE,17,MRU,6909,MERCHANT,COLLECTED,2024-01-18T16:57:58.460Z
19078,38752,TX20241123269972,WIT_FEE,100,MRU,3107,PLATFORM,COLLECTED,2024-11-23T14:41:10.314Z
19079,38754,TX20241207192903,TRF_FEE,50,MRU,7002,PLATFORM,COLLECTED,2024-12-07T07:33:18.057Z
19080,38757,TX20240510579958,SAL_FEE,1090,MRU,10097,PLATFORM,COLLECTED,2024-05-10T06:04:33.564Z
19081,38758,TX20240808477632,PAY_FEE,165,MRU,2286,MERCHANT,COLLECTED,2024-08-08T12:08:00.136Z
19082,38763,TX20240105109170,TRF_FEE,50,MRU,1110,PLATFORM,COLLECTED,2024-01-05T11:46:58.512Z
19083,38764,TX20241108157833,TRF_FEE,25,MRU,532,PLATFORM,COLLECTED,2024-11-08T07:43:39.644Z
19084,38766,TX20240428480390,PAY_FEE,74,MRU,9598,MERCHANT,COLLECTED,2024-04-28T08:09:48.275Z
19085,38767,TX20240401558152,WIT_FEE,50,MRU,7739,PLATFORM,COLLECTED,2024-04-01T10:35:26.796Z
19086,38769,TX20240522034495,PAY_FEE,35,MRU,8272,MERCHANT,COLLECTED,2024-05-22T10:43:48.167Z
19087,38770,TX20241129846406,PAY_FEE,47,MRU,3,MERCHANT,COLLECTED,2024-11-29T14:32:30.755Z
19088,38772,TX20240923933189,WIT_FEE,71,MRU,7290,PLATFORM,COLLECTED,2024-09-23T06:23:33.388Z
19089,38773,TX20241109681532,WIT_FEE,50,MRU,2307,PLATFORM,COLLECTED,2024-11-09T07:10:29.404Z
19090,38777,TX20240809340510,WIT_FEE,50,MRU,6435,PLATFORM,COLLECTED,2024-08-09T06:13:39.456Z
19091,38779,TX20240922626365,WIT_FEE,100,MRU,5352,PLATFORM,COLLECTED,2024-09-22T18:41:06.936Z
19092,38782,TX20240910535049,TRF_FEE,25,MRU,6074,PLATFORM,COLLECTED,2024-09-10T14:49:54.223Z
19093,38784,TX20241018629499,WIT_FEE,50,MRU,8090,PLATFORM,COLLECTED,2024-10-18T09:58:54.025Z
19094,38785,TX20241114455462,WIT_FEE,50,MRU,5077,PLATFORM,COLLECTED,2024-11-14T18:47:01.799Z
19095,38786,TX20240819109936,TRF_FEE,50,MRU,1589,PLATFORM,COLLECTED,2024-08-19T12:28:46.887Z
19096,38789,TX20240428791267,PAY_FEE,8,MRU,257,MERCHANT,COLLECTED,2024-04-28T17:04:26.390Z
19097,38791,TX20241020508429,SAL_FEE,885,MRU,8125,PLATFORM,COLLECTED,2024-10-20T18:11:59.824Z
19098,38797,TX20241201860259,WIT_FEE,50,MRU,1961,PLATFORM,COLLECTED,2024-12-01T07:25:38.099Z
19099,38799,TX20241225479697,TRF_FEE,10,MRU,7638,PLATFORM,COLLECTED,2024-12-25T08:31:25.263Z
19100,38800,TX20240725755254,TRF_FEE,50,MRU,3139,PLATFORM,COLLECTED,2024-07-25T17:35:44.662Z
19101,38801,TX20240414980654,TRF_FEE,25,MRU,919,PLATFORM,COLLECTED,2024-04-14T16:51:36.197Z
19102,38802,TX20241016149699,TRF_FEE,25,MRU,7702,PLATFORM,COLLECTED,2024-10-16T13:21:17.597Z
19103,38803,TX20240905309616,WIT_FEE,50,MRU,5176,PLATFORM,COLLECTED,2024-09-05T18:26:56.372Z
19104,38806,TX20241106040701,TRF_FEE,25,MRU,2207,PLATFORM,COLLECTED,2024-11-06T10:25:32.286Z
19105,38809,TX20240329580387,WIT_FEE,50,MRU,9048,PLATFORM,COLLECTED,2024-03-29T18:19:50.446Z
19106,38810,TX20241204325064,PAY_FEE,125,MRU,7523,MERCHANT,COLLECTED,2024-12-04T11:04:57.828Z
19107,38816,TX20240822378748,TRF_FEE,50,MRU,2949,PLATFORM,COLLECTED,2024-08-22T08:22:32.355Z
19108,38817,TX20240518646201,TRF_FEE,25,MRU,7223,PLATFORM,COLLECTED,2024-05-18T05:02:40.466Z
19109,38819,TX20240906941632,WIT_FEE,200,MRU,7824,PLATFORM,COLLECTED,2024-09-06T08:16:54.724Z
19110,38821,TX20240804760024,PAY_FEE,33,MRU,10040,MERCHANT,COLLECTED,2024-08-04T04:01:41.947Z
19111,38822,TX20240328670726,WIT_FEE,50,MRU,10696,PLATFORM,COLLECTED,2024-03-28T12:44:45.151Z
19112,38823,TX20240503991131,WIT_FEE,130,MRU,33,PLATFORM,COLLECTED,2024-05-03T12:27:57.117Z
19113,38825,TX20240910736747,TRF_FEE,10,MRU,10548,PLATFORM,COLLECTED,2024-09-10T05:32:47.821Z
19114,38826,TX20240720545313,WIT_FEE,120,MRU,2846,PLATFORM,COLLECTED,2024-07-20T17:18:11.123Z
19115,38828,TX20240925765874,WIT_FEE,50,MRU,9715,PLATFORM,COLLECTED,2024-09-25T17:07:06.879Z
19116,38829,TX20241121042588,TRF_FEE,25,MRU,8779,PLATFORM,COLLECTED,2024-11-21T05:36:02.308Z
19117,38833,TX20240124117998,TRF_FEE,10,MRU,3636,PLATFORM,COLLECTED,2024-01-24T14:45:35.168Z
19118,38837,TX20241016128493,WIT_FEE,50,MRU,984,PLATFORM,COLLECTED,2024-10-16T05:34:57.706Z
19119,38839,TX20241214960277,TRF_FEE,50,MRU,2633,PLATFORM,COLLECTED,2024-12-14T09:21:22.475Z
19120,38840,TX20240510716273,WIT_FEE,500,MRU,7338,PLATFORM,COLLECTED,2024-05-10T07:30:44.262Z
19121,38842,TX20240618691155,TRF_FEE,25,MRU,8470,PLATFORM,COLLECTED,2024-06-18T04:58:50.622Z
19122,38846,TX20240723156505,WIT_FEE,50,MRU,5854,PLATFORM,COLLECTED,2024-07-23T15:26:22.249Z
19123,38847,TX20240123249915,TRF_FEE,25,MRU,7912,PLATFORM,COLLECTED,2024-01-23T14:51:10.984Z
19124,38851,TX20240718131856,BIL_FEE,100,MRU,5736,PLATFORM,COLLECTED,2024-07-18T15:48:21.159Z
19125,38854,TX20240211828238,TRF_FEE,50,MRU,826,PLATFORM,COLLECTED,2024-02-11T10:21:17.589Z
19126,38855,TX20240104687137,TRF_FEE,25,MRU,4789,PLATFORM,COLLECTED,2024-01-04T07:24:28.125Z
19127,38856,TX20240415714339,WIT_FEE,50,MRU,4411,PLATFORM,COLLECTED,2024-04-15T10:35:14.488Z
19128,38857,TX20240213758973,TRF_FEE,50,MRU,6033,PLATFORM,COLLECTED,2024-02-13T11:34:05.862Z
19129,38858,TX20241207023787,PAY_FEE,12,MRU,7424,MERCHANT,COLLECTED,2024-12-07T05:27:26.899Z
19130,38862,TX20240825318207,PAY_FEE,68,MRU,9508,MERCHANT,COLLECTED,2024-08-25T08:00:29.004Z
19131,38866,TX20240702998348,PAY_FEE,146,MRU,4085,MERCHANT,COLLECTED,2024-07-02T10:16:39.352Z
19132,38867,TX20241227716857,PAY_FEE,63,MRU,1358,MERCHANT,COLLECTED,2024-12-27T08:36:26.217Z
19133,38868,TX20240316458985,PAY_FEE,315,MRU,1031,MERCHANT,COLLECTED,2024-03-16T13:54:35.239Z
19134,38871,TX20241224647745,PAY_FEE,24,MRU,698,MERCHANT,COLLECTED,2024-12-24T09:47:34.613Z
19135,38872,TX20240906313047,BIL_FEE,100,MRU,10154,PLATFORM,COLLECTED,2024-09-06T16:43:28.868Z
19136,38875,TX20240107184415,TRF_FEE,50,MRU,9529,PLATFORM,COLLECTED,2024-01-07T13:24:29.901Z
19137,38876,TX20240705213886,TRF_FEE,25,MRU,9878,PLATFORM,COLLECTED,2024-07-05T07:10:59.028Z
19138,38885,TX20240107027905,TRF_FEE,50,MRU,8683,PLATFORM,COLLECTED,2024-01-07T13:02:19.884Z
19139,38888,TX20241201830323,PAY_FEE,12,MRU,3364,MERCHANT,COLLECTED,2024-12-01T07:08:54.977Z
19140,38890,TX20240226124566,TRF_FEE,25,MRU,9743,PLATFORM,COLLECTED,2024-02-26T10:38:13.706Z
19141,38892,TX20240922625164,WIT_FEE,200,MRU,5267,PLATFORM,COLLECTED,2024-09-22T20:07:54.235Z
19142,38895,TX20240509800900,TRF_FEE,50,MRU,10378,PLATFORM,COLLECTED,2024-05-09T12:43:48.601Z
19143,38896,TX20241029217921,TRF_FEE,50,MRU,3202,PLATFORM,COLLECTED,2024-10-29T13:59:38.069Z
19144,38900,TX20240620731097,PAY_FEE,8,MRU,1287,MERCHANT,COLLECTED,2024-06-20T13:33:43.671Z
19145,38903,TX20240624397050,WIT_FEE,71,MRU,6641,PLATFORM,COLLECTED,2024-06-24T17:40:45.967Z
19146,38905,TX20240604472714,WIT_FEE,500,MRU,4619,PLATFORM,COLLECTED,2024-06-04T08:08:01.330Z
19147,38906,TX20240812870070,PAY_FEE,36,MRU,6625,MERCHANT,COLLECTED,2024-08-12T17:17:17.237Z
19148,38911,TX20240721690939,TRF_FEE,50,MRU,464,PLATFORM,COLLECTED,2024-07-21T14:59:19.532Z
19149,38918,TX20241217333604,PAY_FEE,53,MRU,2768,MERCHANT,COLLECTED,2024-12-17T13:39:49.125Z
19150,38924,TX20240514674524,PAY_FEE,110,MRU,9623,MERCHANT,COLLECTED,2024-05-14T15:07:31.335Z
19151,38927,TX20240619793795,PAY_FEE,7,MRU,4770,MERCHANT,COLLECTED,2024-06-19T15:39:23.863Z
19152,38928,TX20240930417690,TRF_FEE,10,MRU,7668,PLATFORM,COLLECTED,2024-09-30T08:49:50.797Z
19153,38929,TX20240817817799,PAY_FEE,24,MRU,5844,MERCHANT,COLLECTED,2024-08-17T14:40:35.515Z
19154,38930,TX20240926960406,WIT_FEE,110,MRU,9942,PLATFORM,COLLECTED,2024-09-26T14:13:06.310Z
19155,38935,TX20241026411980,PAY_FEE,42,MRU,2174,MERCHANT,COLLECTED,2024-10-25T23:07:53.840Z
19156,38936,TX20241005453096,WIT_FEE,50,MRU,1816,PLATFORM,COLLECTED,2024-10-05T09:07:54.284Z
19157,38937,TX20240902706371,TRF_FEE,10,MRU,9797,PLATFORM,COLLECTED,2024-09-02T16:39:25.053Z
19158,38939,TX20240807337978,TRF_FEE,25,MRU,3015,PLATFORM,COLLECTED,2024-08-07T07:56:24.600Z
19159,38943,TX20240509847629,TRF_FEE,50,MRU,5318,PLATFORM,COLLECTED,2024-05-09T15:44:10.839Z
19160,38945,TX20240901749470,WIT_FEE,100,MRU,5002,PLATFORM,COLLECTED,2024-09-01T07:20:22.842Z
19161,38946,TX20241019537117,WIT_FEE,50,MRU,9622,PLATFORM,COLLECTED,2024-10-19T06:44:43.785Z
19162,38947,TX20240522154855,PAY_FEE,27,MRU,2074,MERCHANT,COLLECTED,2024-05-22T18:42:27.112Z
19163,38949,TX20241018956430,TRF_FEE,50,MRU,6040,PLATFORM,COLLECTED,2024-10-18T14:09:41.846Z
19164,38952,TX20240122503463,WIT_FEE,50,MRU,10766,PLATFORM,COLLECTED,2024-01-22T08:59:16.393Z
19165,38954,TX20240408320560,TRF_FEE,25,MRU,10509,PLATFORM,COLLECTED,2024-04-08T15:27:40.961Z
19166,38959,TX20240128962802,TRF_FEE,25,MRU,8105,PLATFORM,COLLECTED,2024-01-28T11:14:17.050Z
19167,38961,TX20240313397127,SAL_FEE,1765,MRU,8886,PLATFORM,COLLECTED,2024-03-13T12:35:23.321Z
19168,38968,TX20240527840740,TRF_FEE,50,MRU,4965,PLATFORM,COLLECTED,2024-05-27T08:25:57.788Z
19169,38970,TX20240116411824,WIT_FEE,50,MRU,9279,PLATFORM,COLLECTED,2024-01-16T07:27:17.046Z
19170,38974,TX20240104858324,WIT_FEE,50,MRU,9891,PLATFORM,COLLECTED,2024-01-04T14:01:03.028Z
19171,38975,TX20241021368911,TRF_FEE,25,MRU,9343,PLATFORM,COLLECTED,2024-10-21T16:21:54.983Z
19172,38979,TX20240903064396,TRF_FEE,50,MRU,8626,PLATFORM,COLLECTED,2024-09-03T05:37:26.303Z
19173,38981,TX20240912810892,PAY_FEE,119,MRU,10349,MERCHANT,COLLECTED,2024-09-12T07:32:26.921Z
19174,38982,TX20240405941250,WIT_FEE,50,MRU,3618,PLATFORM,COLLECTED,2024-04-05T15:27:18.138Z
19175,38984,TX20241219236874,PAY_FEE,39,MRU,4373,MERCHANT,COLLECTED,2024-12-19T16:22:27.914Z
19176,38987,TX20240312552616,TRF_FEE,50,MRU,4372,PLATFORM,COLLECTED,2024-03-12T14:49:01.584Z
19177,38988,TX20241101678676,TRF_FEE,50,MRU,4223,PLATFORM,COLLECTED,2024-11-01T20:10:52.077Z
19178,38989,TX20240902809891,WIT_FEE,320,MRU,9298,PLATFORM,COLLECTED,2024-09-02T13:23:44.219Z
19179,38990,TX20241014323292,BIL_FEE,100,MRU,2911,PLATFORM,COLLECTED,2024-10-14T08:31:08.163Z
19180,38997,TX20240725726523,BIL_FEE,100,MRU,6844,PLATFORM,COLLECTED,2024-07-25T10:29:26.633Z
19181,39000,TX20240307479697,SAL_FEE,1475,MRU,2520,PLATFORM,COLLECTED,2024-03-07T13:25:15.693Z
19182,39002,TX20240414631211,TRF_FEE,25,MRU,919,PLATFORM,COLLECTED,2024-04-14T16:51:36.197Z
19183,39003,TX20240723815410,PAY_FEE,50,MRU,1585,MERCHANT,COLLECTED,2024-07-23T09:17:35.698Z
19184,39004,TX20240206770292,TRF_FEE,10,MRU,10319,PLATFORM,COLLECTED,2024-02-06T10:40:55.444Z
19185,39007,TX20240503040701,PAY_FEE,107,MRU,2761,MERCHANT,COLLECTED,2024-05-03T10:32:17.198Z
19186,39010,TX20241103760249,WIT_FEE,50,MRU,3591,PLATFORM,COLLECTED,2024-11-03T11:49:52.071Z
19187,39016,TX20241201136806,BIL_FEE,100,MRU,4423,PLATFORM,COLLECTED,2024-12-01T10:01:13.028Z
19188,39020,TX20240322128551,TRF_FEE,25,MRU,4471,PLATFORM,COLLECTED,2024-03-22T09:54:43.710Z
19189,39021,TX20240218811897,WIT_FEE,50,MRU,8413,PLATFORM,COLLECTED,2024-02-18T01:41:33.405Z
19190,39023,TX20240111404306,TRF_FEE,50,MRU,9127,PLATFORM,COLLECTED,2024-01-11T12:08:50.466Z
19191,39027,TX20240313545313,WIT_FEE,50,MRU,9075,PLATFORM,COLLECTED,2024-03-13T07:15:39.682Z
19192,39034,TX20241107484336,TRF_FEE,50,MRU,9818,PLATFORM,COLLECTED,2024-11-07T13:54:28.783Z
19193,39035,TX20240223472002,WIT_FEE,50,MRU,10540,PLATFORM,COLLECTED,2024-02-23T19:48:40.393Z
19194,39041,TX20240117364371,TRF_FEE,50,MRU,1287,PLATFORM,COLLECTED,2024-01-17T18:30:35.871Z
19195,39043,TX20240613465298,PAY_FEE,26,MRU,638,MERCHANT,COLLECTED,2024-06-13T07:32:56.676Z
19196,39044,TX20240720711807,TRF_FEE,50,MRU,6200,PLATFORM,COLLECTED,2024-07-20T17:31:02.461Z
19197,39049,TX20240630094278,TRF_FEE,50,MRU,4305,PLATFORM,COLLECTED,2024-06-30T15:34:11.499Z
19198,39050,TX20240613691147,BIL_FEE,100,MRU,4370,PLATFORM,COLLECTED,2024-06-13T11:44:12.486Z
19199,39053,TX20240819425602,TRF_FEE,50,MRU,10543,PLATFORM,COLLECTED,2024-08-19T11:11:03.923Z
19200,39054,TX20240328262873,PAY_FEE,10,MRU,5447,MERCHANT,COLLECTED,2024-03-28T10:41:10.032Z
19201,39056,TX20240407067785,TRF_FEE,25,MRU,9556,PLATFORM,COLLECTED,2024-04-07T14:08:16.634Z
19202,39057,TX20240517588256,TRF_FEE,25,MRU,2993,PLATFORM,COLLECTED,2024-05-17T08:13:21.269Z
19203,39060,TX20241218854171,WIT_FEE,500,MRU,3836,PLATFORM,COLLECTED,2024-12-18T20:01:58.466Z
19204,39061,TX20240331152850,WIT_FEE,50,MRU,10521,PLATFORM,COLLECTED,2024-03-31T12:04:25.082Z
19205,39062,TX20240921164874,WIT_FEE,50,MRU,2172,PLATFORM,COLLECTED,2024-09-21T12:04:43.352Z
19206,39064,TX20241110423266,WIT_FEE,200,MRU,2607,PLATFORM,COLLECTED,2024-11-10T14:53:50.977Z
19207,39065,TX20240107773817,WIT_FEE,50,MRU,2468,PLATFORM,COLLECTED,2024-01-07T16:41:34.648Z
19208,39067,TX20240608932591,TRF_FEE,25,MRU,5888,PLATFORM,COLLECTED,2024-06-08T08:39:21.368Z
19209,39071,TX20241018662852,PAY_FEE,36,MRU,5269,MERCHANT,COLLECTED,2024-10-18T08:15:03.363Z
19210,39072,TX20240423150600,WIT_FEE,290,MRU,3045,PLATFORM,COLLECTED,2024-04-23T15:32:43.980Z
19211,39075,TX20240301408150,WIT_FEE,50,MRU,3131,PLATFORM,COLLECTED,2024-03-01T08:02:45.004Z
19212,39076,TX20241125153021,TRF_FEE,50,MRU,6630,PLATFORM,COLLECTED,2024-11-25T17:58:53.996Z
19213,39079,TX20240704742566,PAY_FEE,26,MRU,4143,MERCHANT,COLLECTED,2024-07-04T18:19:31.501Z
19214,39081,TX20240217685246,PAY_FEE,72,MRU,1010,MERCHANT,COLLECTED,2024-02-17T16:45:49.178Z
19215,39085,TX20241203823685,BIL_FEE,100,MRU,5198,PLATFORM,COLLECTED,2024-12-03T14:35:24.516Z
19216,39089,TX20240527509150,TRF_FEE,25,MRU,9928,PLATFORM,COLLECTED,2024-05-27T17:55:08.138Z
19217,39090,TX20240214889415,WIT_FEE,500,MRU,2856,PLATFORM,COLLECTED,2024-02-14T08:10:32.758Z
19218,39091,TX20241003011997,TRF_FEE,50,MRU,4019,PLATFORM,COLLECTED,2024-10-03T08:52:31.156Z
19219,39093,TX20241227672816,PAY_FEE,83,MRU,1306,MERCHANT,COLLECTED,2024-12-27T04:14:43.986Z
19220,39094,TX20240411998951,WIT_FEE,160,MRU,5945,PLATFORM,COLLECTED,2024-04-11T12:52:24.171Z
19221,39097,TX20241122793291,PAY_FEE,8,MRU,10894,MERCHANT,COLLECTED,2024-11-22T10:29:49.535Z
19222,39100,TX20241113153253,TRF_FEE,25,MRU,2784,PLATFORM,COLLECTED,2024-11-13T11:29:18.379Z
19223,39107,TX20240928843505,TRF_FEE,25,MRU,2632,PLATFORM,COLLECTED,2024-09-28T13:54:17.284Z
19224,39110,TX20240421931661,TRF_FEE,25,MRU,8584,PLATFORM,COLLECTED,2024-04-21T06:35:15.800Z
19225,39112,TX20240116282326,TRF_FEE,50,MRU,10886,PLATFORM,COLLECTED,2024-01-16T06:52:36.121Z
19226,39113,TX20241008994488,TRF_FEE,50,MRU,4645,PLATFORM,COLLECTED,2024-10-08T16:17:07.857Z
19227,39116,TX20240310247178,WIT_FEE,50,MRU,4374,PLATFORM,COLLECTED,2024-03-10T14:02:10.978Z
19228,39121,TX20240117822593,WIT_FEE,50,MRU,5089,PLATFORM,COLLECTED,2024-01-17T05:32:42.513Z
19229,39122,TX20240427968314,PAY_FEE,71,MRU,7522,MERCHANT,COLLECTED,2024-04-26T22:36:23.861Z
19230,39125,TX20240725822105,WIT_FEE,200,MRU,9130,PLATFORM,COLLECTED,2024-07-25T10:23:25.751Z
19231,39128,TX20240521926870,TRF_FEE,50,MRU,10340,PLATFORM,COLLECTED,2024-05-21T16:25:08.096Z
19232,39129,TX20241025273956,WIT_FEE,100,MRU,4220,PLATFORM,COLLECTED,2024-10-25T16:47:41.136Z
19233,39131,TX20240322219965,PAY_FEE,5,MRU,2302,MERCHANT,COLLECTED,2024-03-22T07:18:54.737Z
19234,39132,TX20240729144952,WIT_FEE,50,MRU,5327,PLATFORM,COLLECTED,2024-07-29T08:10:51.554Z
19235,39133,TX20240625942582,TRF_FEE,50,MRU,3744,PLATFORM,COLLECTED,2024-06-25T12:11:11.214Z
19236,39134,TX20240118447496,TRF_FEE,10,MRU,5821,PLATFORM,COLLECTED,2024-01-18T14:13:16.642Z
19237,39136,TX20241026611556,PAY_FEE,42,MRU,2174,MERCHANT,COLLECTED,2024-10-25T23:07:53.840Z
19238,39137,TX20240515453096,PAY_FEE,345,MRU,2844,MERCHANT,COLLECTED,2024-05-15T06:54:17.163Z
19239,39138,TX20240902654792,TRF_FEE,10,MRU,9797,PLATFORM,COLLECTED,2024-09-02T16:39:25.053Z
19240,39140,TX20240312807780,TRF_FEE,50,MRU,6871,PLATFORM,COLLECTED,2024-03-12T19:24:36.272Z
19241,39141,TX20240416608094,PAY_FEE,1560,MRU,5273,MERCHANT,COLLECTED,2024-04-16T15:49:07.478Z
19242,39144,TX20240905179320,TRF_FEE,50,MRU,230,PLATFORM,COLLECTED,2024-09-05T07:12:50.321Z
19243,39148,TX20240204391397,TRF_FEE,50,MRU,9854,PLATFORM,COLLECTED,2024-02-04T15:46:30.106Z
19244,39149,TX20240919667073,TRF_FEE,50,MRU,7025,PLATFORM,COLLECTED,2024-09-19T05:35:43.356Z
19245,39151,TX20240118324183,PAY_FEE,17,MRU,6909,MERCHANT,COLLECTED,2024-01-18T16:57:58.460Z
19246,39152,TX20241125230044,TRF_FEE,50,MRU,3894,PLATFORM,COLLECTED,2024-11-25T16:07:05.138Z
19247,39154,TX20240329744973,TRF_FEE,25,MRU,905,PLATFORM,COLLECTED,2024-03-29T14:46:25.603Z
19248,39156,TX20240713990034,TRF_FEE,10,MRU,8321,PLATFORM,COLLECTED,2024-07-13T11:55:05.152Z
19249,39158,TX20240420500721,TRF_FEE,10,MRU,1827,PLATFORM,COLLECTED,2024-04-20T09:05:57.186Z
19250,39159,TX20240507988739,TRF_FEE,25,MRU,5840,PLATFORM,COLLECTED,2024-05-07T13:21:30.320Z
19251,39160,TX20240510960156,SAL_FEE,1090,MRU,10097,PLATFORM,COLLECTED,2024-05-10T06:04:33.564Z
19252,39164,TX20240616682560,WIT_FEE,50,MRU,2510,PLATFORM,COLLECTED,2024-06-16T08:39:22.780Z
19253,39167,TX20240823962946,TRF_FEE,10,MRU,4712,PLATFORM,COLLECTED,2024-08-23T05:26:18.025Z
19254,39168,TX20240430858411,WIT_FEE,50,MRU,6766,PLATFORM,COLLECTED,2024-04-30T04:00:53.611Z
19255,39169,TX20240418796926,WIT_FEE,50,MRU,3346,PLATFORM,COLLECTED,2024-04-18T07:48:16.870Z
19256,39170,TX20241017329540,TRF_FEE,10,MRU,8660,PLATFORM,COLLECTED,2024-10-17T14:55:26.954Z
19257,39172,TX20240919017057,TRF_FEE,50,MRU,4956,PLATFORM,COLLECTED,2024-09-19T16:10:45.773Z
19258,39173,TX20240702663164,TRF_FEE,25,MRU,8825,PLATFORM,COLLECTED,2024-07-02T15:00:47.590Z
19259,39179,TX20240107542421,TRF_FEE,25,MRU,10776,PLATFORM,COLLECTED,2024-01-07T15:39:51.818Z
19260,39180,TX20240217020883,WIT_FEE,50,MRU,3613,PLATFORM,COLLECTED,2024-02-17T10:47:40.496Z
19261,39183,TX20241020812824,PAY_FEE,9,MRU,8919,MERCHANT,COLLECTED,2024-10-20T14:43:28.861Z
19262,39186,TX20240626245397,TRF_FEE,25,MRU,9836,PLATFORM,COLLECTED,2024-06-26T12:10:40.204Z
19263,39190,TX20240515374183,PAY_FEE,23,MRU,7742,MERCHANT,COLLECTED,2024-05-15T10:23:05.400Z
19264,39196,TX20241112346996,WIT_FEE,50,MRU,48,PLATFORM,COLLECTED,2024-11-12T17:15:01.437Z
19265,39198,TX20240619486258,TRF_FEE,50,MRU,2358,PLATFORM,COLLECTED,2024-06-19T06:17:13.259Z
19266,39199,TX20240411919254,SAL_FEE,2220,MRU,4255,PLATFORM,COLLECTED,2024-04-11T16:30:31.797Z
19267,39200,TX20240411960143,TRF_FEE,50,MRU,3892,PLATFORM,COLLECTED,2024-04-11T11:59:34.027Z
19268,39205,TX20240214083460,SAL_FEE,2145,MRU,8169,PLATFORM,COLLECTED,2024-02-14T08:31:31.451Z
19269,39207,TX20240114271725,TRF_FEE,50,MRU,5911,PLATFORM,COLLECTED,2024-01-14T13:39:37.528Z
19270,39208,TX20240111817039,TRF_FEE,10,MRU,7384,PLATFORM,COLLECTED,2024-01-11T17:44:30.562Z
19271,39209,TX20241127886809,WIT_FEE,50,MRU,8273,PLATFORM,COLLECTED,2024-11-27T20:15:35.964Z
19272,39211,TX20240730820558,WIT_FEE,50,MRU,4111,PLATFORM,COLLECTED,2024-07-30T08:41:10.584Z
19273,39214,TX20241123775138,TRF_FEE,50,MRU,10879,PLATFORM,COLLECTED,2024-11-23T16:37:04.224Z
19274,39215,TX20240912157359,TRF_FEE,50,MRU,7917,PLATFORM,COLLECTED,2024-09-12T09:43:25.543Z
19275,39216,TX20240419909758,TRF_FEE,50,MRU,10387,PLATFORM,COLLECTED,2024-04-19T14:20:16.978Z
19276,39217,TX20240710200122,PAY_FEE,30,MRU,4086,MERCHANT,COLLECTED,2024-07-10T16:48:20.776Z
19277,39218,TX20240929052199,PAY_FEE,47,MRU,2522,MERCHANT,COLLECTED,2024-09-29T15:06:19.471Z
19278,39219,TX20241015549446,TRF_FEE,50,MRU,4907,PLATFORM,COLLECTED,2024-10-15T15:10:35.280Z
19279,39223,TX20240920014742,TRF_FEE,50,MRU,9563,PLATFORM,COLLECTED,2024-09-20T07:46:00.445Z
19280,39225,TX20241204273785,WIT_FEE,200,MRU,4541,PLATFORM,COLLECTED,2024-12-04T16:53:45.342Z
19281,39228,TX20241229563263,TRF_FEE,25,MRU,2628,PLATFORM,COLLECTED,2024-12-29T07:24:06.896Z
19282,39229,TX20240815671004,WIT_FEE,50,MRU,4584,PLATFORM,COLLECTED,2024-08-15T06:42:25.277Z
19283,39236,TX20240302749994,TRF_FEE,25,MRU,8777,PLATFORM,COLLECTED,2024-03-02T10:08:29.171Z
19284,39237,TX20240325180042,TRF_FEE,50,MRU,5222,PLATFORM,COLLECTED,2024-03-25T16:54:22.171Z
19285,39238,TX20241129922100,WIT_FEE,50,MRU,4,PLATFORM,COLLECTED,2024-11-29T05:38:28.071Z
19286,39239,TX20240302838590,TRF_FEE,50,MRU,9843,PLATFORM,COLLECTED,2024-03-02T13:35:39.494Z
19287,39242,TX20240622157271,WIT_FEE,50,MRU,2445,PLATFORM,COLLECTED,2024-06-22T08:47:09.615Z
19288,39243,TX20240925672764,TRF_FEE,10,MRU,140,PLATFORM,COLLECTED,2024-09-25T08:39:10.936Z
19289,39246,TX20240325310415,TRF_FEE,50,MRU,7111,PLATFORM,COLLECTED,2024-03-25T06:54:29.019Z
19290,39247,TX20240429250216,BIL_FEE,100,MRU,2662,PLATFORM,COLLECTED,2024-04-29T13:00:00.574Z
19291,39248,TX20240524054006,SAL_FEE,2260,MRU,308,PLATFORM,COLLECTED,2024-05-24T17:02:55.207Z
19292,39249,TX20240424403239,WIT_FEE,50,MRU,2762,PLATFORM,COLLECTED,2024-04-24T13:43:26.379Z
19293,39251,TX20240423205296,PAY_FEE,42,MRU,796,MERCHANT,COLLECTED,2024-04-23T09:09:51.727Z
19294,39253,TX20240426830936,PAY_FEE,57,MRU,4874,MERCHANT,COLLECTED,2024-04-26T08:18:05.232Z
19295,39254,TX20240724518375,TRF_FEE,50,MRU,283,PLATFORM,COLLECTED,2024-07-24T13:10:16.203Z
19296,39255,TX20241215425602,BIL_FEE,100,MRU,120,PLATFORM,COLLECTED,2024-12-15T20:50:04.830Z
19297,39256,TX20240328191463,PAY_FEE,10,MRU,5447,MERCHANT,COLLECTED,2024-03-28T10:41:10.032Z
19298,39259,TX20240420235427,WIT_FEE,50,MRU,7846,PLATFORM,COLLECTED,2024-04-20T08:21:16.270Z
19299,39264,TX20240814756961,PAY_FEE,540,MRU,5777,MERCHANT,COLLECTED,2024-08-14T19:25:17.725Z
19300,39266,TX20240105817478,TRF_FEE,50,MRU,2968,PLATFORM,COLLECTED,2024-01-05T10:45:56.290Z
19301,39267,TX20240506124471,TRF_FEE,25,MRU,8802,PLATFORM,COLLECTED,2024-05-06T10:56:20.356Z
19302,39269,TX20240327531721,TRF_FEE,25,MRU,10305,PLATFORM,COLLECTED,2024-03-27T19:34:11.011Z
19303,39270,TX20240724901494,PAY_FEE,45,MRU,7916,MERCHANT,COLLECTED,2024-07-24T21:33:09.308Z
19304,39271,TX20240801458985,WIT_FEE,50,MRU,10098,PLATFORM,COLLECTED,2024-08-01T06:44:12.528Z
19305,39274,TX20241016048430,WIT_FEE,50,MRU,3348,PLATFORM,COLLECTED,2024-10-16T13:36:03.620Z
19306,39275,TX20241112709411,TRF_FEE,25,MRU,6215,PLATFORM,COLLECTED,2024-11-12T18:12:53.327Z
19307,39276,TX20240120066736,BIL_FEE,100,MRU,7934,PLATFORM,COLLECTED,2024-01-20T09:52:49.904Z
19308,39277,TX20240117769641,PAY_FEE,17,MRU,450,MERCHANT,COLLECTED,2024-01-17T14:21:09.187Z
19309,39278,TX20240107470758,TRF_FEE,50,MRU,9529,PLATFORM,COLLECTED,2024-01-07T13:24:29.901Z
19310,39280,TX20240225262566,TRF_FEE,25,MRU,7220,PLATFORM,COLLECTED,2024-02-25T17:41:28.586Z
19311,39281,TX20240516401955,TRF_FEE,25,MRU,252,PLATFORM,COLLECTED,2024-05-16T08:17:16.977Z
19312,39283,TX20240217765408,PAY_FEE,72,MRU,1010,MERCHANT,COLLECTED,2024-02-17T16:45:49.178Z
19313,39290,TX20240824153362,WIT_FEE,500,MRU,10900,PLATFORM,COLLECTED,2024-08-24T06:48:01.610Z
19314,39292,TX20241227380945,WIT_FEE,110,MRU,8484,PLATFORM,COLLECTED,2024-12-27T08:42:25.220Z
19315,39293,TX20240823349708,WIT_FEE,440,MRU,7259,PLATFORM,COLLECTED,2024-08-23T08:42:52.537Z
19316,39294,TX20241020249357,BIL_FEE,100,MRU,10237,PLATFORM,COLLECTED,2024-10-20T10:55:13.042Z
19317,39295,TX20240922467544,WIT_FEE,200,MRU,5267,PLATFORM,COLLECTED,2024-09-22T20:07:54.235Z
19318,39296,TX20241205298942,TRF_FEE,10,MRU,8206,PLATFORM,COLLECTED,2024-12-05T10:04:35.598Z
19319,39297,TX20240902333572,WIT_FEE,72,MRU,6719,PLATFORM,COLLECTED,2024-09-02T10:22:10.333Z
19320,39309,TX20240812226653,PAY_FEE,36,MRU,6625,MERCHANT,COLLECTED,2024-08-12T17:17:17.237Z
19321,39311,TX20240130099710,TRF_FEE,50,MRU,452,PLATFORM,COLLECTED,2024-01-30T16:06:32.787Z
19322,39315,TX20241008323496,TRF_FEE,50,MRU,4645,PLATFORM,COLLECTED,2024-10-08T16:17:07.857Z
19323,39317,TX20240914095743,TRF_FEE,25,MRU,3527,PLATFORM,COLLECTED,2024-09-14T09:33:06.738Z
19324,39319,TX20241124884206,WIT_FEE,50,MRU,5012,PLATFORM,COLLECTED,2024-11-24T13:29:06.746Z
19325,39320,TX20240918056027,WIT_FEE,150,MRU,8244,PLATFORM,COLLECTED,2024-09-18T06:53:05.558Z
19326,39327,TX20240606822105,WIT_FEE,50,MRU,1298,PLATFORM,COLLECTED,2024-06-06T15:49:22.752Z
19327,39329,TX20241217710849,TRF_FEE,10,MRU,8998,PLATFORM,COLLECTED,2024-12-17T07:14:39.748Z
19328,39330,TX20240521124480,TRF_FEE,50,MRU,10340,PLATFORM,COLLECTED,2024-05-21T16:25:08.096Z
19329,39333,TX20240207960406,WIT_FEE,50,MRU,4365,PLATFORM,COLLECTED,2024-02-07T09:54:44.207Z
19330,39339,TX20241005664759,WIT_FEE,50,MRU,1816,PLATFORM,COLLECTED,2024-10-05T09:07:54.284Z
19331,39340,TX20241101176226,TRF_FEE,25,MRU,2370,PLATFORM,COLLECTED,2024-11-01T15:25:03.888Z
19332,39343,TX20240416295556,PAY_FEE,1560,MRU,5273,MERCHANT,COLLECTED,2024-04-16T15:49:07.478Z
19333,39344,TX20240426429148,WIT_FEE,50,MRU,6273,PLATFORM,COLLECTED,2024-04-26T17:34:21.374Z
19334,39346,TX20240819179320,PAY_FEE,33,MRU,3562,MERCHANT,COLLECTED,2024-08-19T14:11:12.839Z
19335,39348,TX20240122147760,TRF_FEE,10,MRU,95,PLATFORM,COLLECTED,2024-01-22T08:11:19.617Z
19336,39349,TX20240703720502,PAY_FEE,59,MRU,1370,MERCHANT,COLLECTED,2024-07-03T08:04:25.546Z
19337,39355,TX20240705998518,TRF_FEE,50,MRU,9578,PLATFORM,COLLECTED,2024-07-05T19:27:15.133Z
19338,39357,TX20240906540661,TRF_FEE,50,MRU,7732,PLATFORM,COLLECTED,2024-09-06T07:18:16.413Z
19339,39358,TX20240628009578,TRF_FEE,25,MRU,3800,PLATFORM,COLLECTED,2024-06-28T18:05:09.754Z
19340,39361,TX20240507349768,TRF_FEE,25,MRU,5840,PLATFORM,COLLECTED,2024-05-07T13:21:30.320Z
19341,39362,TX20240216013833,WIT_FEE,50,MRU,4146,PLATFORM,COLLECTED,2024-02-16T07:33:33.915Z
19342,39366,TX20240112234872,WIT_FEE,74,MRU,1249,PLATFORM,COLLECTED,2024-01-12T09:10:28.216Z
19343,39370,TX20240728311470,TRF_FEE,25,MRU,8618,PLATFORM,COLLECTED,2024-07-28T13:42:40.165Z
19344,39371,TX20240729402847,PAY_FEE,675,MRU,569,MERCHANT,COLLECTED,2024-07-29T10:35:42.672Z
19345,39372,TX20240717973928,WIT_FEE,50,MRU,6184,PLATFORM,COLLECTED,2024-07-17T14:59:32.769Z
19346,39374,TX20240315978626,TRF_FEE,25,MRU,8728,PLATFORM,COLLECTED,2024-03-15T17:13:59.098Z
19347,39375,TX20240902729269,TRF_FEE,50,MRU,5679,PLATFORM,COLLECTED,2024-09-02T14:40:24.751Z
19348,39376,TX20240523888427,TRF_FEE,50,MRU,4863,PLATFORM,COLLECTED,2024-05-23T08:55:07.221Z
19349,39378,TX20240207909475,TRF_FEE,25,MRU,1742,PLATFORM,COLLECTED,2024-02-07T17:06:55.066Z
19350,39380,TX20240809013165,TRF_FEE,25,MRU,4932,PLATFORM,COLLECTED,2024-08-09T09:43:29.672Z
19351,39384,TX20240109451799,TRF_FEE,25,MRU,2698,PLATFORM,COLLECTED,2024-01-09T13:04:20.057Z
19352,39390,TX20240918012880,TRF_FEE,25,MRU,10135,PLATFORM,COLLECTED,2024-09-18T15:21:58.129Z
19353,39392,TX20240608279253,WIT_FEE,100,MRU,1128,PLATFORM,COLLECTED,2024-06-08T10:05:24.702Z
19354,39397,TX20240707754452,TRF_FEE,50,MRU,2423,PLATFORM,COLLECTED,2024-07-07T10:41:26.163Z
19355,39398,TX20240927123898,TRF_FEE,50,MRU,350,PLATFORM,COLLECTED,2024-09-27T08:52:50.252Z
19356,39408,TX20240728205497,WIT_FEE,50,MRU,2948,PLATFORM,COLLECTED,2024-07-28T10:12:57.466Z
19357,39409,TX20240713017156,TRF_FEE,10,MRU,3049,PLATFORM,COLLECTED,2024-07-13T15:06:26.258Z
19358,39410,TX20240131584911,TRF_FEE,50,MRU,10109,PLATFORM,COLLECTED,2024-01-31T11:46:28.445Z
19359,39411,TX20241218627250,TRF_FEE,10,MRU,7181,PLATFORM,COLLECTED,2024-12-18T16:21:39.622Z
19360,39412,TX20240401186231,PAY_FEE,8,MRU,4209,MERCHANT,COLLECTED,2024-04-01T05:43:15.693Z
19361,39413,TX20240730653241,WIT_FEE,50,MRU,4111,PLATFORM,COLLECTED,2024-07-30T08:41:10.584Z
19362,39414,TX20240830261507,TRF_FEE,25,MRU,1397,PLATFORM,COLLECTED,2024-08-30T14:11:58.135Z
19363,39415,TX20240530938110,WIT_FEE,50,MRU,10882,PLATFORM,COLLECTED,2024-05-30T09:09:03.177Z
19364,39416,TX20241011238768,BIL_FEE,100,MRU,9133,PLATFORM,COLLECTED,2024-10-11T13:04:13.987Z
19365,39417,TX20240223808975,TRF_FEE,25,MRU,4777,PLATFORM,COLLECTED,2024-02-23T13:41:19.730Z
19366,39418,TX20240410038864,TRF_FEE,50,MRU,3100,PLATFORM,COLLECTED,2024-04-10T12:18:40.343Z
19367,39419,TX20240702684133,TRF_FEE,50,MRU,8989,PLATFORM,COLLECTED,2024-07-02T15:50:31.806Z
19368,39421,TX20241002549446,TRF_FEE,25,MRU,1971,PLATFORM,COLLECTED,2024-10-02T10:28:47.760Z
19369,39423,TX20240114008085,WIT_FEE,50,MRU,3326,PLATFORM,COLLECTED,2024-01-14T18:08:27.382Z
19370,39424,TX20240703338581,PAY_FEE,29,MRU,10209,MERCHANT,COLLECTED,2024-07-03T14:58:46.368Z
19371,39425,TX20240304014742,PAY_FEE,57,MRU,2144,MERCHANT,COLLECTED,2024-03-04T16:00:26.866Z
19372,39428,TX20240609501392,TRF_FEE,25,MRU,1,PLATFORM,COLLECTED,2024-06-09T06:05:07.295Z
19373,39432,TX20240919137101,WIT_FEE,86,MRU,528,PLATFORM,COLLECTED,2024-09-19T21:49:09.346Z
19374,39433,TX20240116649772,PAY_FEE,195,MRU,9418,MERCHANT,COLLECTED,2024-01-16T10:57:49.604Z
19375,39434,TX20240921016971,SAL_FEE,520,MRU,3519,PLATFORM,COLLECTED,2024-09-21T08:28:49.063Z
19376,39438,TX20240912531677,TRF_FEE,25,MRU,1322,PLATFORM,COLLECTED,2024-09-12T10:32:07.347Z
19377,39439,TX20240727659328,TRF_FEE,25,MRU,6968,PLATFORM,COLLECTED,2024-07-27T06:49:42.279Z
19378,39440,TX20240109964810,BIL_FEE,100,MRU,3164,PLATFORM,COLLECTED,2024-01-09T15:28:04.000Z
19379,39444,TX20241214443256,TRF_FEE,50,MRU,2633,PLATFORM,COLLECTED,2024-12-14T09:21:22.475Z
19380,39445,TX20240315311505,WIT_FEE,50,MRU,1963,PLATFORM,COLLECTED,2024-03-15T13:44:15.665Z
19381,39446,TX20240610712108,WIT_FEE,110,MRU,9231,PLATFORM,COLLECTED,2024-06-10T15:09:58.811Z
19382,39447,TX20240117359287,WIT_FEE,50,MRU,3886,PLATFORM,COLLECTED,2024-01-17T11:07:46.691Z
19383,39448,TX20240120979339,WIT_FEE,54,MRU,10483,PLATFORM,COLLECTED,2024-01-20T18:29:01.645Z
19384,39449,TX20240103369572,TRF_FEE,25,MRU,4126,PLATFORM,COLLECTED,2024-01-03T04:34:14.947Z
19385,39453,TX20240127078741,PAY_FEE,38,MRU,5966,MERCHANT,COLLECTED,2024-01-27T20:32:18.750Z
19386,39456,TX20240923375861,TRF_FEE,10,MRU,79,PLATFORM,COLLECTED,2024-09-23T16:21:09.518Z
19387,39457,TX20240914677717,TRF_FEE,50,MRU,1802,PLATFORM,COLLECTED,2024-09-14T14:51:48.915Z
19388,39458,TX20240310533030,WIT_FEE,50,MRU,1730,PLATFORM,COLLECTED,2024-03-10T06:22:41.721Z
19389,39459,TX20240413828238,WIT_FEE,360,MRU,6567,PLATFORM,COLLECTED,2024-04-13T13:04:18.821Z
19390,39460,TX20240104288505,TRF_FEE,25,MRU,4789,PLATFORM,COLLECTED,2024-01-04T07:24:28.125Z
19391,39462,TX20240213729100,TRF_FEE,50,MRU,6033,PLATFORM,COLLECTED,2024-02-13T11:34:05.862Z
19392,39467,TX20240327194009,TRF_FEE,25,MRU,5557,PLATFORM,COLLECTED,2024-03-26T23:29:00.861Z
19393,39468,TX20241110143272,WIT_FEE,200,MRU,2607,PLATFORM,COLLECTED,2024-11-10T14:53:50.977Z
19394,39471,TX20240407985346,TRF_FEE,10,MRU,5090,PLATFORM,COLLECTED,2024-04-07T14:21:22.531Z
19395,39473,TX20240801946193,WIT_FEE,50,MRU,10098,PLATFORM,COLLECTED,2024-08-01T06:44:12.528Z
19396,39481,TX20240308156946,WIT_FEE,50,MRU,480,PLATFORM,COLLECTED,2024-03-08T11:49:25.892Z
19397,39482,TX20241005654625,TRF_FEE,25,MRU,10673,PLATFORM,COLLECTED,2024-10-05T16:12:56.727Z
19398,39483,TX20240712742566,WIT_FEE,50,MRU,10330,PLATFORM,COLLECTED,2024-07-12T10:33:45.507Z
19399,39486,TX20240928343127,WIT_FEE,100,MRU,325,PLATFORM,COLLECTED,2024-09-28T12:35:14.936Z
19400,39488,TX20240423161239,WIT_FEE,50,MRU,9037,PLATFORM,COLLECTED,2024-04-23T08:12:50.162Z
19401,39495,TX20240823746512,WIT_FEE,440,MRU,7259,PLATFORM,COLLECTED,2024-08-23T08:42:52.537Z
19402,39497,TX20240922244244,WIT_FEE,200,MRU,5267,PLATFORM,COLLECTED,2024-09-22T20:07:54.235Z
19403,39500,TX20240509990112,TRF_FEE,50,MRU,10378,PLATFORM,COLLECTED,2024-05-09T12:43:48.601Z
19404,39503,TX20240619076491,TRF_FEE,50,MRU,8036,PLATFORM,COLLECTED,2024-06-19T08:52:48.508Z
19405,39507,TX20240523733457,SAL_FEE,1660,MRU,2348,PLATFORM,COLLECTED,2024-05-23T09:12:30.875Z
19406,39509,TX20240309023506,WIT_FEE,50,MRU,4513,PLATFORM,COLLECTED,2024-03-09T07:52:22.058Z
19407,39511,TX20240812336349,PAY_FEE,36,MRU,6625,MERCHANT,COLLECTED,2024-08-12T17:17:17.237Z
19408,39512,TX20240723692651,TRF_FEE,25,MRU,1640,PLATFORM,COLLECTED,2024-07-23T08:49:20.056Z
19409,39516,TX20240713282326,WIT_FEE,430,MRU,1341,PLATFORM,COLLECTED,2024-07-13T05:03:52.602Z
19410,39517,TX20241008675021,TRF_FEE,50,MRU,4645,PLATFORM,COLLECTED,2024-10-08T16:17:07.857Z
19411,39521,TX20241124821559,WIT_FEE,50,MRU,5012,PLATFORM,COLLECTED,2024-11-24T13:29:06.746Z
19412,39522,TX20240130396816,PAY_FEE,17,MRU,8060,MERCHANT,COLLECTED,2024-01-30T18:05:33.747Z
19413,39527,TX20241219700770,WIT_FEE,50,MRU,10570,PLATFORM,COLLECTED,2024-12-19T08:30:53.036Z
19414,39529,TX20240524184910,WIT_FEE,50,MRU,8295,PLATFORM,COLLECTED,2024-05-24T10:45:49.368Z
19415,39532,TX20240129209353,TRF_FEE,25,MRU,8304,PLATFORM,COLLECTED,2024-01-29T15:06:43.467Z
19416,39535,TX20240322960406,PAY_FEE,5,MRU,2302,MERCHANT,COLLECTED,2024-03-22T07:18:54.737Z
19417,39537,TX20240625230097,TRF_FEE,50,MRU,3744,PLATFORM,COLLECTED,2024-06-25T12:11:11.214Z
19418,39539,TX20240611522952,TRF_FEE,10,MRU,1347,PLATFORM,COLLECTED,2024-06-11T09:25:31.946Z
19419,39540,TX20241026131495,PAY_FEE,42,MRU,2174,MERCHANT,COLLECTED,2024-10-25T23:07:53.840Z
19420,39541,TX20240214116468,WIT_FEE,50,MRU,4858,PLATFORM,COLLECTED,2024-02-14T18:17:09.256Z
19421,39542,TX20240120128236,TRF_FEE,10,MRU,3902,PLATFORM,COLLECTED,2024-01-20T18:12:26.349Z
19422,39549,TX20240731762933,TRF_FEE,25,MRU,10767,PLATFORM,COLLECTED,2024-07-31T06:50:30.676Z
19423,39554,TX20240228798533,PAY_FEE,99,MRU,355,MERCHANT,COLLECTED,2024-02-28T14:30:47.149Z
19424,39555,TX20240921986767,SAL_FEE,1660,MRU,5094,PLATFORM,COLLECTED,2024-09-21T05:43:57.978Z
19425,39557,TX20240405210909,TRF_FEE,25,MRU,6946,PLATFORM,COLLECTED,2024-04-05T06:52:16.002Z
19426,39558,TX20240226264488,PAY_FEE,9,MRU,4765,MERCHANT,COLLECTED,2024-02-26T14:14:37.775Z
19427,39562,TX20240519756540,WIT_FEE,50,MRU,3555,PLATFORM,COLLECTED,2024-05-19T06:57:11.164Z
19428,39563,TX20240725349768,WIT_FEE,50,MRU,644,PLATFORM,COLLECTED,2024-07-25T09:30:19.527Z
19429,39564,TX20240216101069,WIT_FEE,50,MRU,4146,PLATFORM,COLLECTED,2024-02-16T07:33:33.915Z
19430,39572,TX20240412736173,PAY_FEE,36,MRU,3121,MERCHANT,COLLECTED,2024-04-12T17:55:38.539Z
19431,39576,TX20240502915236,PAY_FEE,18,MRU,5154,MERCHANT,COLLECTED,2024-05-02T06:26:56.290Z
19432,39578,TX20241030439111,PAY_FEE,180,MRU,6373,MERCHANT,COLLECTED,2024-10-30T17:52:04.938Z
19433,39581,TX20241211314684,TRF_FEE,50,MRU,3967,PLATFORM,COLLECTED,2024-12-11T11:35:46.372Z
19434,39582,TX20240401048705,BIL_FEE,100,MRU,8023,PLATFORM,COLLECTED,2024-04-01T10:34:36.387Z
19435,39583,TX20240505056749,TRF_FEE,25,MRU,9337,PLATFORM,COLLECTED,2024-05-05T18:04:33.782Z
19436,39585,TX20241002576949,TRF_FEE,25,MRU,6097,PLATFORM,COLLECTED,2024-10-02T20:45:34.586Z
19437,39599,TX20240229777414,TRF_FEE,10,MRU,5856,PLATFORM,COLLECTED,2024-02-29T08:53:10.999Z
19438,39600,TX20240402123898,PAY_FEE,11,MRU,2246,MERCHANT,COLLECTED,2024-04-02T04:26:00.786Z
19439,39602,TX20240513912574,WIT_FEE,50,MRU,5173,PLATFORM,COLLECTED,2024-05-13T07:43:51.443Z
19440,39604,TX20240627960143,WIT_FEE,100,MRU,3448,PLATFORM,COLLECTED,2024-06-27T20:34:01.351Z
19441,39606,TX20240819230969,PAY_FEE,30,MRU,10025,MERCHANT,COLLECTED,2024-08-19T05:45:29.629Z
19442,39610,TX20240531372435,TRF_FEE,25,MRU,1944,PLATFORM,COLLECTED,2024-05-31T07:57:27.266Z
19443,39611,TX20240211017156,PAY_FEE,20,MRU,5649,MERCHANT,COLLECTED,2024-02-11T11:15:16.130Z
19444,39612,TX20240131849498,TRF_FEE,50,MRU,10109,PLATFORM,COLLECTED,2024-01-31T11:46:28.445Z
19445,39616,TX20240913488439,TRF_FEE,50,MRU,9625,PLATFORM,COLLECTED,2024-09-13T07:58:08.126Z
19446,39617,TX20240528843086,TRF_FEE,50,MRU,638,PLATFORM,COLLECTED,2024-05-28T08:24:20.165Z
19447,39618,TX20241123913528,TRF_FEE,50,MRU,10879,PLATFORM,COLLECTED,2024-11-23T16:37:04.224Z
19448,39619,TX20240428686998,TRF_FEE,25,MRU,1651,PLATFORM,COLLECTED,2024-04-28T15:25:32.718Z
19449,39621,TX20240507737614,PAY_FEE,13,MRU,9834,MERCHANT,COLLECTED,2024-05-07T15:22:51.363Z
19450,39623,TX20240610379433,WIT_FEE,100,MRU,5159,PLATFORM,COLLECTED,2024-06-10T14:07:44.999Z
19451,39629,TX20240529338035,WIT_FEE,50,MRU,5925,PLATFORM,COLLECTED,2024-05-29T07:47:17.499Z
19452,39630,TX20240216835477,TRF_FEE,25,MRU,1265,PLATFORM,COLLECTED,2024-02-16T18:36:53.035Z
19453,39632,TX20240415433557,TRF_FEE,25,MRU,6233,PLATFORM,COLLECTED,2024-04-15T14:03:01.091Z
19454,39641,TX20240924180042,WIT_FEE,50,MRU,6325,PLATFORM,COLLECTED,2024-09-24T17:22:10.472Z
19455,39642,TX20241129249395,WIT_FEE,50,MRU,4,PLATFORM,COLLECTED,2024-11-29T05:38:28.071Z
19456,39644,TX20240203905851,PAY_FEE,71,MRU,3730,MERCHANT,COLLECTED,2024-02-03T16:26:48.891Z
19457,39645,TX20241207159916,PAY_FEE,33,MRU,7815,MERCHANT,COLLECTED,2024-12-07T09:04:06.222Z
19458,39646,TX20240509960277,WIT_FEE,50,MRU,1777,PLATFORM,COLLECTED,2024-05-09T09:28:14.790Z
19459,39647,TX20240510392011,WIT_FEE,500,MRU,7338,PLATFORM,COLLECTED,2024-05-10T07:30:44.262Z
19460,39650,TX20240120102610,WIT_FEE,50,MRU,10483,PLATFORM,COLLECTED,2024-01-20T18:29:01.645Z
19461,39653,TX20240623868351,WIT_FEE,81,MRU,9830,PLATFORM,COLLECTED,2024-06-23T13:48:17.643Z
19462,39654,TX20240919249915,SAL_FEE,1775,MRU,1437,PLATFORM,COLLECTED,2024-09-19T19:22:52.727Z
19463,39657,TX20240609625868,WIT_FEE,430,MRU,10455,PLATFORM,COLLECTED,2024-06-09T07:20:43.658Z
19464,39658,TX20240923240405,TRF_FEE,10,MRU,79,PLATFORM,COLLECTED,2024-09-23T16:21:09.518Z
19465,39662,TX20240104326017,TRF_FEE,25,MRU,4789,PLATFORM,COLLECTED,2024-01-04T07:24:28.125Z
19466,39666,TX20241227440214,PAY_FEE,69,MRU,9429,MERCHANT,COLLECTED,2024-12-27T16:24:26.524Z
19467,39669,TX20241108581085,TRF_FEE,25,MRU,53,PLATFORM,COLLECTED,2024-11-08T15:14:00.499Z
19468,39670,TX20240415423266,WIT_FEE,50,MRU,10763,PLATFORM,COLLECTED,2024-04-15T16:34:53.845Z
19469,39671,TX20240107062484,WIT_FEE,50,MRU,2468,PLATFORM,COLLECTED,2024-01-07T16:41:34.648Z
19470,39673,TX20240407932591,TRF_FEE,10,MRU,5090,PLATFORM,COLLECTED,2024-04-07T14:21:22.531Z
19471,39675,TX20240802665277,BIL_FEE,100,MRU,2679,PLATFORM,COLLECTED,2024-08-02T08:05:40.687Z
19472,39676,TX20240303245887,TRF_FEE,25,MRU,10698,PLATFORM,COLLECTED,2024-03-03T20:50:59.332Z
19473,39678,TX20241224824640,PAY_FEE,24,MRU,698,MERCHANT,COLLECTED,2024-12-24T09:47:34.613Z
19474,39679,TX20241019709411,TRF_FEE,25,MRU,2219,PLATFORM,COLLECTED,2024-10-19T15:28:52.921Z
19475,39680,TX20240120134097,BIL_FEE,100,MRU,7934,PLATFORM,COLLECTED,2024-01-20T09:52:49.904Z
19476,39690,TX20240423560132,WIT_FEE,50,MRU,9037,PLATFORM,COLLECTED,2024-04-23T08:12:50.162Z
19477,39694,TX20241227299444,TRF_FEE,50,MRU,8197,PLATFORM,COLLECTED,2024-12-27T08:59:43.407Z
19478,39695,TX20240420774279,SAL_FEE,1395,MRU,4276,PLATFORM,COLLECTED,2024-04-20T09:06:12.606Z
19479,39697,TX20241118819121,WIT_FEE,440,MRU,2529,PLATFORM,COLLECTED,2024-11-18T13:09:21.644Z
19480,39700,TX20241113059503,TRF_FEE,10,MRU,3471,PLATFORM,COLLECTED,2024-11-13T11:10:32.930Z
19481,39702,TX20240716676401,WIT_FEE,50,MRU,2332,PLATFORM,COLLECTED,2024-07-16T15:48:36.941Z
19482,39703,TX20240126306065,TRF_FEE,25,MRU,2081,PLATFORM,COLLECTED,2024-01-26T09:57:54.045Z
19483,39704,TX20240229374164,WIT_FEE,100,MRU,5265,PLATFORM,COLLECTED,2024-02-29T12:19:34.924Z
19484,39705,TX20240704105697,PAY_FEE,98,MRU,3053,MERCHANT,COLLECTED,2024-07-04T15:21:51.134Z
19485,39707,TX20240212557064,TRF_FEE,25,MRU,1413,PLATFORM,COLLECTED,2024-02-12T07:07:13.448Z
19486,39711,TX20240309919125,WIT_FEE,50,MRU,4513,PLATFORM,COLLECTED,2024-03-09T07:52:22.058Z
19487,39714,TX20240723372821,TRF_FEE,25,MRU,1640,PLATFORM,COLLECTED,2024-07-23T08:49:20.056Z
19488,39716,TX20241111779264,PAY_FEE,60,MRU,1949,MERCHANT,COLLECTED,2024-11-11T12:32:49.606Z
19489,39718,TX20240116549590,TRF_FEE,50,MRU,10886,PLATFORM,COLLECTED,2024-01-16T06:52:36.121Z
19490,39720,TX20240615387050,TRF_FEE,25,MRU,4711,PLATFORM,COLLECTED,2024-06-15T07:57:32.722Z
19491,39721,TX20240207758030,TRF_FEE,25,MRU,3752,PLATFORM,COLLECTED,2024-02-07T16:19:43.610Z
19492,39722,TX20241122445566,WIT_FEE,100,MRU,786,PLATFORM,COLLECTED,2024-11-22T15:27:59.822Z
19493,39723,TX20240614113360,PAY_FEE,23,MRU,7845,MERCHANT,COLLECTED,2024-06-14T06:10:00.404Z
19494,39727,TX20240117579840,WIT_FEE,50,MRU,5089,PLATFORM,COLLECTED,2024-01-17T05:32:42.513Z
19495,39728,TX20240101713680,WIT_FEE,50,MRU,8647,PLATFORM,COLLECTED,2024-01-01T14:23:51.682Z
19496,39729,TX20241219139692,WIT_FEE,50,MRU,10570,PLATFORM,COLLECTED,2024-12-19T08:30:53.036Z
19497,39730,TX20240831687195,TRF_FEE,50,MRU,3043,PLATFORM,COLLECTED,2024-08-31T12:34:29.157Z
19498,39731,TX20240514498425,PAY_FEE,110,MRU,9623,MERCHANT,COLLECTED,2024-05-14T15:07:31.335Z
19499,39732,TX20240728917879,PAY_FEE,24,MRU,4873,MERCHANT,COLLECTED,2024-07-28T11:06:19.479Z
19500,39734,TX20241001694100,TRF_FEE,50,MRU,1521,PLATFORM,COLLECTED,2024-10-01T14:23:51.430Z
19501,39736,TX20240208512461,PAY_FEE,51,MRU,6929,MERCHANT,COLLECTED,2024-02-08T17:00:12.867Z
19502,39739,TX20240725419533,WIT_FEE,50,MRU,5342,PLATFORM,COLLECTED,2024-07-25T19:57:57.475Z
19503,39744,TX20240902176226,TRF_FEE,10,MRU,9797,PLATFORM,COLLECTED,2024-09-02T16:39:25.053Z
19504,39748,TX20240426044397,WIT_FEE,50,MRU,6273,PLATFORM,COLLECTED,2024-04-26T17:34:21.374Z
19505,39749,TX20240409397873,TRF_FEE,25,MRU,10302,PLATFORM,COLLECTED,2024-04-09T10:17:00.928Z
19506,39750,TX20240905839379,TRF_FEE,50,MRU,230,PLATFORM,COLLECTED,2024-09-05T07:12:50.321Z
19507,39754,TX20240701391397,PAY_FEE,36,MRU,3451,MERCHANT,COLLECTED,2024-07-01T06:53:37.059Z
19508,39755,TX20240919380739,TRF_FEE,50,MRU,7025,PLATFORM,COLLECTED,2024-09-19T05:35:43.356Z
19509,39756,TX20240704633068,TRF_FEE,25,MRU,3278,PLATFORM,COLLECTED,2024-07-04T15:08:01.151Z
19510,39757,TX20240118953486,PAY_FEE,17,MRU,6909,MERCHANT,COLLECTED,2024-01-18T16:57:58.460Z
19511,39758,TX20240923784314,BIL_FEE,100,MRU,689,PLATFORM,COLLECTED,2024-09-23T06:05:08.351Z
19512,39760,TX20240808652325,PAY_FEE,35,MRU,6933,MERCHANT,COLLECTED,2024-08-08T16:09:36.243Z
19513,39761,TX20240906643665,TRF_FEE,50,MRU,7732,PLATFORM,COLLECTED,2024-09-06T07:18:16.413Z
19514,39763,TX20240421129380,TRF_FEE,50,MRU,9153,PLATFORM,COLLECTED,2024-04-21T05:38:00.990Z
19515,39764,TX20240630092064,WIT_FEE,50,MRU,7160,PLATFORM,COLLECTED,2024-06-30T12:07:00.601Z
19516,39777,TX20241119612339,TRF_FEE,50,MRU,6336,PLATFORM,COLLECTED,2024-11-19T18:42:14.075Z
19517,39779,TX20241118444606,WIT_FEE,50,MRU,2162,PLATFORM,COLLECTED,2024-11-18T07:45:14.663Z
19518,39780,TX20240111116801,WIT_FEE,50,MRU,8594,PLATFORM,COLLECTED,2024-01-11T06:00:36.124Z
19519,39783,TX20240613783251,PAY_FEE,30,MRU,1698,MERCHANT,COLLECTED,2024-06-13T13:21:05.928Z
19520,39784,TX20240312439099,WIT_FEE,53,MRU,222,PLATFORM,COLLECTED,2024-03-12T16:49:26.552Z
19521,39785,TX20240730932247,TRF_FEE,25,MRU,4329,PLATFORM,COLLECTED,2024-07-30T11:15:16.449Z
19522,39797,TX20240621369490,PAY_FEE,38,MRU,2392,MERCHANT,COLLECTED,2024-06-21T07:14:37.228Z
19523,39798,TX20240428359886,PAY_FEE,8,MRU,257,MERCHANT,COLLECTED,2024-04-28T17:04:26.390Z
19524,39799,TX20241108360696,WIT_FEE,50,MRU,6826,PLATFORM,COLLECTED,2024-11-08T20:59:17.817Z
19525,39800,TX20241028048849,SAL_FEE,2205,MRU,1864,PLATFORM,COLLECTED,2024-10-28T16:16:52.508Z
19526,39801,TX20241015887369,PAY_FEE,62,MRU,10386,MERCHANT,COLLECTED,2024-10-15T15:48:16.434Z
19527,39804,TX20240421858237,SAL_FEE,1960,MRU,474,PLATFORM,COLLECTED,2024-04-21T06:37:56.477Z
19528,39805,TX20240819176693,TRF_FEE,50,MRU,3817,PLATFORM,COLLECTED,2024-08-19T13:49:47.573Z
19529,39809,TX20240928549866,TRF_FEE,25,MRU,4663,PLATFORM,COLLECTED,2024-09-28T14:17:24.018Z
19530,39810,TX20240313233267,TRF_FEE,50,MRU,9697,PLATFORM,COLLECTED,2024-03-13T07:07:19.631Z
19531,39811,TX20240806241087,WIT_FEE,100,MRU,2404,PLATFORM,COLLECTED,2024-08-06T14:08:20.636Z
19532,39812,TX20240619446037,WIT_FEE,50,MRU,9203,PLATFORM,COLLECTED,2024-06-19T18:07:40.546Z
19533,39813,TX20240718410384,WIT_FEE,50,MRU,562,PLATFORM,COLLECTED,2024-07-18T05:20:36.054Z
19534,39814,TX20240727237905,SAL_FEE,2345,MRU,10979,PLATFORM,COLLECTED,2024-07-27T09:25:25.731Z
19535,39817,TX20240115331210,SAL_FEE,1700,MRU,5908,PLATFORM,COLLECTED,2024-01-15T09:36:03.529Z
19536,39818,TX20240520480859,TRF_FEE,25,MRU,8576,PLATFORM,COLLECTED,2024-05-20T14:43:24.580Z
19537,39821,TX20240530373904,SAL_FEE,2175,MRU,9072,PLATFORM,COLLECTED,2024-05-30T11:00:41.014Z
19538,39825,TX20240820975072,PAY_FEE,210,MRU,4192,MERCHANT,COLLECTED,2024-08-20T15:58:54.539Z
19539,39826,TX20241023394940,TRF_FEE,25,MRU,10522,PLATFORM,COLLECTED,2024-10-23T07:56:23.646Z
19540,39831,TX20240308824262,PAY_FEE,72,MRU,5342,MERCHANT,COLLECTED,2024-03-08T20:47:40.582Z
19541,39840,TX20240610095600,WIT_FEE,50,MRU,2415,PLATFORM,COLLECTED,2024-06-10T08:47:12.272Z
19542,39841,TX20240519931059,TRF_FEE,25,MRU,4952,PLATFORM,COLLECTED,2024-05-19T10:10:33.356Z
19543,39842,TX20241107171979,TRF_FEE,50,MRU,9818,PLATFORM,COLLECTED,2024-11-07T13:54:28.783Z
19544,39846,TX20240806433448,WIT_FEE,50,MRU,5499,PLATFORM,COLLECTED,2024-08-06T06:20:37.208Z
19545,39847,TX20240803832380,SAL_FEE,775,MRU,692,PLATFORM,COLLECTED,2024-08-03T07:00:13.100Z
19546,39848,TX20240823990642,SAL_FEE,2330,MRU,8603,PLATFORM,COLLECTED,2024-08-23T08:43:56.952Z
19547,39850,TX20240422931234,BIL_FEE,100,MRU,7366,PLATFORM,COLLECTED,2024-04-22T08:20:44.243Z
19548,39851,TX20240917450449,PAY_FEE,27,MRU,7459,MERCHANT,COLLECTED,2024-09-17T10:08:32.942Z
19549,39854,TX20240703251086,TRF_FEE,50,MRU,4466,PLATFORM,COLLECTED,2024-07-03T10:15:53.456Z
19550,39856,TX20240202697646,PAY_FEE,150,MRU,3606,MERCHANT,COLLECTED,2024-02-02T17:39:39.572Z
19551,39858,TX20240613000203,BIL_FEE,100,MRU,4370,PLATFORM,COLLECTED,2024-06-13T11:44:12.486Z
19552,39861,TX20240819704688,TRF_FEE,50,MRU,10543,PLATFORM,COLLECTED,2024-08-19T11:11:03.923Z
19553,39863,TX20240916589993,WIT_FEE,50,MRU,2611,PLATFORM,COLLECTED,2024-09-16T11:10:09.383Z
19554,39865,TX20240517235427,TRF_FEE,25,MRU,2993,PLATFORM,COLLECTED,2024-05-17T08:13:21.269Z
19555,39869,TX20240131516659,TRF_FEE,50,MRU,5675,PLATFORM,COLLECTED,2024-01-31T19:56:21.468Z
19556,39871,TX20240102403635,WIT_FEE,50,MRU,9792,PLATFORM,COLLECTED,2024-01-02T13:00:51.502Z
19557,39872,TX20240326423266,SAL_FEE,2260,MRU,997,PLATFORM,COLLECTED,2024-03-26T09:49:39.770Z
19558,39873,TX20240107759813,WIT_FEE,50,MRU,2468,PLATFORM,COLLECTED,2024-01-07T16:41:34.648Z
19559,39875,TX20240702985346,PAY_FEE,146,MRU,4085,MERCHANT,COLLECTED,2024-07-02T10:16:39.352Z
19560,39877,TX20240219020055,TRF_FEE,50,MRU,6492,PLATFORM,COLLECTED,2024-02-19T16:12:31.915Z
19561,39879,TX20240124865712,WIT_FEE,500,MRU,6548,PLATFORM,COLLECTED,2024-01-24T10:28:03.073Z
19562,39880,TX20240918279605,TRF_FEE,10,MRU,6780,PLATFORM,COLLECTED,2024-09-18T20:16:47.578Z
19563,39881,TX20240623776394,PAY_FEE,33,MRU,3632,MERCHANT,COLLECTED,2024-06-23T16:55:12.897Z
19564,39888,TX20240302507218,TRF_FEE,25,MRU,10992,PLATFORM,COLLECTED,2024-03-02T02:53:51.596Z
19565,39889,TX20241004408882,PAY_FEE,146,MRU,1980,MERCHANT,COLLECTED,2024-10-04T06:46:45.817Z
19566,39890,TX20241207508353,WIT_FEE,50,MRU,10335,PLATFORM,COLLECTED,2024-12-07T05:01:42.854Z
19567,39893,TX20240516238697,WIT_FEE,50,MRU,6740,PLATFORM,COLLECTED,2024-05-16T14:24:52.823Z
19568,39894,TX20241210422992,PAY_FEE,630,MRU,7710,MERCHANT,COLLECTED,2024-12-10T12:06:01.118Z
19569,39895,TX20240713612868,WIT_FEE,150,MRU,9241,PLATFORM,COLLECTED,2024-07-13T15:11:19.241Z
19570,39896,TX20241120724521,TRF_FEE,10,MRU,107,PLATFORM,COLLECTED,2024-11-20T15:47:09.554Z
19571,39898,TX20241007660484,WIT_FEE,98,MRU,5193,PLATFORM,COLLECTED,2024-10-07T15:12:53.088Z
19572,39901,TX20240619544036,TRF_FEE,50,MRU,10197,PLATFORM,COLLECTED,2024-06-19T15:02:40.144Z
19573,39902,TX20240928896732,TRF_FEE,50,MRU,9266,PLATFORM,COLLECTED,2024-09-28T08:28:59.283Z
19574,39907,TX20241113788886,WIT_FEE,50,MRU,9409,PLATFORM,COLLECTED,2024-11-13T17:30:43.358Z
19575,39908,TX20240701022671,TRF_FEE,50,MRU,6785,PLATFORM,COLLECTED,2024-07-01T09:22:15.334Z
19576,39909,TX20240620913187,PAY_FEE,8,MRU,1287,MERCHANT,COLLECTED,2024-06-20T13:33:43.671Z
19577,39911,TX20241127589030,BIL_FEE,100,MRU,4340,PLATFORM,COLLECTED,2024-11-27T15:33:03.987Z
19578,39918,TX20240404225829,TRF_FEE,25,MRU,6078,PLATFORM,COLLECTED,2024-04-04T16:46:51.467Z
19579,39920,TX20240713549590,WIT_FEE,430,MRU,1341,PLATFORM,COLLECTED,2024-07-13T05:03:52.602Z
19580,39923,TX20240914985816,TRF_FEE,25,MRU,3527,PLATFORM,COLLECTED,2024-09-14T09:33:06.738Z
19581,39926,TX20240225193378,TRF_FEE,25,MRU,9898,PLATFORM,COLLECTED,2024-02-25T18:15:42.082Z
19582,39927,TX20241002412944,PAY_FEE,75,MRU,1386,MERCHANT,COLLECTED,2024-10-02T19:31:39.832Z
19583,39933,TX20240606184910,WIT_FEE,50,MRU,1298,PLATFORM,COLLECTED,2024-06-06T15:49:22.752Z
19584,39936,TX20240129511233,TRF_FEE,25,MRU,8304,PLATFORM,COLLECTED,2024-01-29T15:06:43.467Z
19585,39940,TX20240924594045,WIT_FEE,50,MRU,1993,PLATFORM,COLLECTED,2024-09-24T06:17:34.243Z
19586,39943,TX20240905522952,BIL_FEE,100,MRU,10434,PLATFORM,COLLECTED,2024-09-05T10:20:25.531Z
19587,39944,TX20241026061136,PAY_FEE,42,MRU,2174,MERCHANT,COLLECTED,2024-10-25T23:07:53.840Z
19588,39946,TX20240120148430,TRF_FEE,10,MRU,3902,PLATFORM,COLLECTED,2024-01-20T18:12:26.349Z
19589,39947,TX20240819542323,TRF_FEE,25,MRU,567,PLATFORM,COLLECTED,2024-08-19T04:26:25.539Z
19590,39949,TX20240919023817,WIT_FEE,200,MRU,6766,PLATFORM,COLLECTED,2024-09-19T16:07:28.476Z
19591,39952,TX20240921179320,PAY_FEE,5,MRU,9276,MERCHANT,COLLECTED,2024-09-21T14:40:11.213Z
19592,39955,TX20240403872179,TRF_FEE,50,MRU,223,PLATFORM,COLLECTED,2024-04-03T06:25:32.124Z
19593,39958,TX20240704157210,TRF_FEE,25,MRU,3278,PLATFORM,COLLECTED,2024-07-04T15:08:01.151Z
19594,39961,TX20240218270327,WIT_FEE,50,MRU,2478,PLATFORM,COLLECTED,2024-02-18T17:16:00.629Z
19595,39962,TX20240329652325,TRF_FEE,25,MRU,905,PLATFORM,COLLECTED,2024-03-29T14:46:25.603Z
19596,39963,TX20240906269972,TRF_FEE,50,MRU,7732,PLATFORM,COLLECTED,2024-09-06T07:18:16.413Z
19597,39967,TX20240426001736,TRF_FEE,10,MRU,10719,PLATFORM,COLLECTED,2024-04-26T12:03:28.005Z
19598,39969,TX20241221926910,WIT_FEE,50,MRU,10518,PLATFORM,COLLECTED,2024-12-21T05:28:57.658Z
19599,39971,TX20240821631778,PAY_FEE,17,MRU,862,MERCHANT,COLLECTED,2024-08-21T16:14:45.990Z
19600,39975,TX20240324818305,TRF_FEE,50,MRU,260,PLATFORM,COLLECTED,2024-03-24T09:55:08.918Z
19601,39981,TX20240328235377,WIT_FEE,340,MRU,7427,PLATFORM,COLLECTED,2024-03-28T13:43:40.444Z
19602,39982,TX20241030922628,PAY_FEE,180,MRU,6373,MERCHANT,COLLECTED,2024-10-30T17:52:04.938Z
19603,39983,TX20240506009568,TRF_FEE,50,MRU,1809,PLATFORM,COLLECTED,2024-05-06T14:55:17.145Z
19604,39984,TX20241218656333,WIT_FEE,50,MRU,10668,PLATFORM,COLLECTED,2024-12-18T17:03:20.035Z
19605,39986,TX20240401772928,BIL_FEE,100,MRU,8023,PLATFORM,COLLECTED,2024-04-01T10:34:36.387Z
19606,39987,TX20241206093441,WIT_FEE,50,MRU,5237,PLATFORM,COLLECTED,2024-12-06T07:33:46.845Z
19607,39988,TX20241228631625,TRF_FEE,25,MRU,10904,PLATFORM,COLLECTED,2024-12-28T10:38:31.338Z
19608,39990,TX20240425938708,WIT_FEE,440,MRU,3515,PLATFORM,COLLECTED,2024-04-25T07:12:46.726Z
19609,39991,TX20240909104737,TRF_FEE,25,MRU,5035,PLATFORM,COLLECTED,2024-09-09T03:20:16.668Z
19610,39993,TX20240720394876,TRF_FEE,50,MRU,6798,PLATFORM,COLLECTED,2024-07-20T06:56:04.004Z
19611,39998,TX20240316829004,WIT_FEE,280,MRU,4370,PLATFORM,COLLECTED,2024-03-16T11:57:42.894Z
19612,39999,TX20241210876849,WIT_FEE,50,MRU,8706,PLATFORM,COLLECTED,2024-12-10T09:11:48.900Z
19613,40002,TX20240717815796,WIT_FEE,50,MRU,4835,PLATFORM,COLLECTED,2024-07-17T16:07:57.723Z
19614,40003,TX20241123548736,PAY_FEE,18,MRU,1050,MERCHANT,COLLECTED,2024-11-23T05:34:31.984Z
19615,40009,TX20240910140319,WIT_FEE,50,MRU,5133,PLATFORM,COLLECTED,2024-09-10T08:32:44.924Z
19616,40010,TX20240107531367,TRF_FEE,50,MRU,3303,PLATFORM,COLLECTED,2024-01-07T11:28:22.432Z
19617,40017,TX20240104923087,SAL_FEE,535,MRU,2389,PLATFORM,COLLECTED,2024-01-04T09:56:04.798Z
19618,40018,TX20240122331210,TRF_FEE,50,MRU,1707,PLATFORM,COLLECTED,2024-01-22T13:32:38.429Z
19619,40019,TX20240520999628,TRF_FEE,25,MRU,8576,PLATFORM,COLLECTED,2024-05-20T14:43:24.580Z
19620,40020,TX20241025234933,TRF_FEE,25,MRU,10923,PLATFORM,COLLECTED,2024-10-25T11:23:19.497Z
19621,40021,TX20241014567095,PAY_FEE,27,MRU,2837,MERCHANT,COLLECTED,2024-10-14T06:24:38.623Z
19622,40025,TX20240118745089,TRF_FEE,25,MRU,4135,PLATFORM,COLLECTED,2024-01-18T08:23:14.811Z
19623,40026,TX20240820597371,WIT_FEE,100,MRU,1549,PLATFORM,COLLECTED,2024-08-20T08:08:31.975Z
19624,40029,TX20240221925942,WIT_FEE,50,MRU,8181,PLATFORM,COLLECTED,2024-02-21T19:24:31.045Z
19625,40031,TX20240927293402,TRF_FEE,10,MRU,6240,PLATFORM,COLLECTED,2024-09-27T19:14:08.059Z
19626,40032,TX20241004175579,PAY_FEE,69,MRU,5870,MERCHANT,COLLECTED,2024-10-04T08:58:50.625Z
19627,40035,TX20240311668360,WIT_FEE,50,MRU,10974,PLATFORM,COLLECTED,2024-03-11T17:02:59.407Z
19628,40037,TX20241125719230,TRF_FEE,25,MRU,9574,PLATFORM,COLLECTED,2024-11-25T16:13:10.287Z
19629,40043,TX20240124347592,TRF_FEE,10,MRU,3636,PLATFORM,COLLECTED,2024-01-24T14:45:35.168Z
19630,40044,TX20240716162712,WIT_FEE,50,MRU,4194,PLATFORM,COLLECTED,2024-07-16T10:13:43.903Z
19631,40050,TX20240104716273,WIT_FEE,50,MRU,5669,PLATFORM,COLLECTED,2024-01-04T19:15:21.202Z
19632,40052,TX20240111350452,TRF_FEE,50,MRU,3051,PLATFORM,COLLECTED,2024-01-11T20:50:37.767Z
19633,40053,TX20240318215393,WIT_FEE,50,MRU,4125,PLATFORM,COLLECTED,2024-03-18T15:08:26.746Z
19634,40056,TX20240723465556,WIT_FEE,50,MRU,5854,PLATFORM,COLLECTED,2024-07-23T15:26:22.249Z
19635,40059,TX20240108425053,TRF_FEE,25,MRU,1005,PLATFORM,COLLECTED,2024-01-08T07:05:03.406Z
19636,40060,TX20240919666901,WIT_FEE,100,MRU,8416,PLATFORM,COLLECTED,2024-09-19T14:56:49.858Z
19637,40062,TX20240507047811,TRF_FEE,50,MRU,8886,PLATFORM,COLLECTED,2024-05-07T10:42:38.854Z
19638,40069,TX20240710301090,TRF_FEE,50,MRU,3051,PLATFORM,COLLECTED,2024-07-10T16:12:55.411Z
19639,40071,TX20240404575654,TRF_FEE,10,MRU,1566,PLATFORM,COLLECTED,2024-04-04T15:34:04.642Z
19640,40074,TX20240508859853,TRF_FEE,10,MRU,7147,PLATFORM,COLLECTED,2024-05-08T04:45:41.574Z
19641,40075,TX20240616796021,PAY_FEE,18,MRU,5792,MERCHANT,COLLECTED,2024-06-16T13:27:56.421Z
19642,40076,TX20240407513312,TRF_FEE,10,MRU,5090,PLATFORM,COLLECTED,2024-04-07T14:21:22.531Z
19643,40080,TX20240404985011,WIT_FEE,50,MRU,801,PLATFORM,COLLECTED,2024-04-04T05:21:28.051Z
19644,40081,TX20241016647745,WIT_FEE,50,MRU,8768,PLATFORM,COLLECTED,2024-10-16T12:43:58.275Z
19645,40082,TX20240906655032,BIL_FEE,100,MRU,10154,PLATFORM,COLLECTED,2024-09-06T16:43:28.868Z
19646,40083,TX20240910066736,SAL_FEE,2090,MRU,9692,PLATFORM,COLLECTED,2024-09-10T18:54:03.267Z
19647,40084,TX20240117952149,PAY_FEE,17,MRU,450,MERCHANT,COLLECTED,2024-01-17T14:21:09.187Z
19648,40089,TX20240302798037,TRF_FEE,25,MRU,10992,PLATFORM,COLLECTED,2024-03-02T02:53:51.596Z
19649,40092,TX20240914023630,WIT_FEE,71,MRU,10775,PLATFORM,COLLECTED,2024-09-14T07:43:59.062Z
19650,40093,TX20240423082290,WIT_FEE,50,MRU,9037,PLATFORM,COLLECTED,2024-04-23T08:12:50.162Z
19651,40096,TX20240405801785,BIL_FEE,100,MRU,480,PLATFORM,COLLECTED,2024-04-05T07:54:47.431Z
19652,40097,TX20240222554384,SAL_FEE,2250,MRU,4445,PLATFORM,COLLECTED,2024-02-22T22:43:24.743Z
19653,40100,TX20240324349708,TRF_FEE,50,MRU,9875,PLATFORM,COLLECTED,2024-03-24T15:52:32.658Z
19654,40101,TX20241020890592,BIL_FEE,100,MRU,10237,PLATFORM,COLLECTED,2024-10-20T10:55:13.042Z
19655,40102,TX20241226244244,PAY_FEE,8,MRU,5165,MERCHANT,COLLECTED,2024-12-26T07:54:14.476Z
19656,40104,TX20240210943391,PAY_FEE,47,MRU,1869,MERCHANT,COLLECTED,2024-02-10T09:40:25.367Z
19657,40105,TX20240509484746,TRF_FEE,50,MRU,10378,PLATFORM,COLLECTED,2024-05-09T12:43:48.601Z
19658,40107,TX20241129514513,TRF_FEE,50,MRU,3560,PLATFORM,COLLECTED,2024-11-29T16:15:09.484Z
19659,40108,TX20241020788886,PAY_FEE,24,MRU,1490,MERCHANT,COLLECTED,2024-10-20T12:43:21.852Z
19660,40110,TX20240620552288,PAY_FEE,8,MRU,1287,MERCHANT,COLLECTED,2024-06-20T13:33:43.671Z
19661,40114,TX20240122846826,WIT_FEE,56,MRU,10085,PLATFORM,COLLECTED,2024-01-22T11:59:32.263Z
19662,40117,TX20240419372821,TRF_FEE,50,MRU,6898,PLATFORM,COLLECTED,2024-04-19T16:20:03.148Z
19663,40121,TX20240116041270,TRF_FEE,50,MRU,10886,PLATFORM,COLLECTED,2024-01-16T06:52:36.121Z
19664,40126,TX20240627884206,TRF_FEE,25,MRU,2012,PLATFORM,COLLECTED,2024-06-27T06:44:27.091Z
19665,40127,TX20240918709072,WIT_FEE,50,MRU,8244,PLATFORM,COLLECTED,2024-09-18T06:53:05.558Z
19666,40128,TX20241030238218,TRF_FEE,25,MRU,6589,PLATFORM,COLLECTED,2024-10-30T07:14:59.678Z
19667,40129,TX20241217434217,WIT_FEE,50,MRU,10056,PLATFORM,COLLECTED,2024-12-17T10:22:04.052Z
19668,40130,TX20240917822593,TRF_FEE,50,MRU,5240,PLATFORM,COLLECTED,2024-09-17T12:27:19.076Z
19669,40131,TX20240427764223,PAY_FEE,71,MRU,7522,MERCHANT,COLLECTED,2024-04-26T22:36:23.861Z
19670,40134,TX20240523822105,TRF_FEE,50,MRU,4083,PLATFORM,COLLECTED,2024-05-23T10:25:45.827Z
19671,40141,TX20241001971687,WIT_FEE,50,MRU,6370,PLATFORM,COLLECTED,2024-10-01T08:44:07.286Z
19672,40142,TX20241218149783,TRF_FEE,50,MRU,6040,PLATFORM,COLLECTED,2024-12-18T19:57:28.482Z
19673,40150,TX20240919608094,WIT_FEE,200,MRU,6766,PLATFORM,COLLECTED,2024-09-19T16:07:28.476Z
19674,40153,TX20240819839379,PAY_FEE,33,MRU,3562,MERCHANT,COLLECTED,2024-08-19T14:11:12.839Z
19675,40156,TX20240403488418,TRF_FEE,50,MRU,223,PLATFORM,COLLECTED,2024-04-03T06:25:32.124Z
19676,40160,TX20241216953486,PAY_FEE,36,MRU,2190,MERCHANT,COLLECTED,2024-12-16T20:27:37.226Z
19677,40161,TX20240923845917,BIL_FEE,100,MRU,689,PLATFORM,COLLECTED,2024-09-23T06:05:08.351Z
19678,40162,TX20240405998518,TRF_FEE,25,MRU,6946,PLATFORM,COLLECTED,2024-04-05T06:52:16.002Z
19679,40166,TX20240122129380,WIT_FEE,50,MRU,10843,PLATFORM,COLLECTED,2024-01-22T15:00:59.829Z
19680,40167,TX20240630465539,WIT_FEE,50,MRU,7160,PLATFORM,COLLECTED,2024-06-30T12:07:00.601Z
19681,40170,TX20241214920086,TRF_FEE,50,MRU,10964,PLATFORM,COLLECTED,2024-12-14T15:57:26.382Z
19682,40173,TX20240902565304,WIT_FEE,50,MRU,9727,PLATFORM,COLLECTED,2024-09-02T08:11:14.177Z
19683,40175,TX20240909469661,TRF_FEE,50,MRU,1564,PLATFORM,COLLECTED,2024-09-09T05:58:07.533Z
19684,40178,TX20240120398037,TRF_FEE,25,MRU,5074,PLATFORM,COLLECTED,2024-01-20T15:54:11.152Z
19685,40179,TX20240406891916,WIT_FEE,50,MRU,2219,PLATFORM,COLLECTED,2024-04-06T14:00:51.385Z
19686,40184,TX20240503078553,TRF_FEE,50,MRU,311,PLATFORM,COLLECTED,2024-05-03T00:34:01.056Z
19687,40187,TX20240615076333,PAY_FEE,24,MRU,7127,MERCHANT,COLLECTED,2024-06-15T13:42:45.851Z
19688,40197,TX20240312472371,TRF_FEE,50,MRU,4372,PLATFORM,COLLECTED,2024-03-12T14:49:01.584Z
19689,40198,TX20241219678676,PAY_FEE,20,MRU,10226,MERCHANT,COLLECTED,2024-12-19T08:52:04.381Z
19690,40199,TX20240902472144,WIT_FEE,320,MRU,9298,PLATFORM,COLLECTED,2024-09-02T13:23:44.219Z
19691,40203,TX20240214454076,PAY_FEE,57,MRU,9571,MERCHANT,COLLECTED,2024-02-14T20:43:26.121Z
19692,40207,TX20240821244252,TRF_FEE,25,MRU,4810,PLATFORM,COLLECTED,2024-08-21T17:33:27.486Z
19693,40208,TX20240212084491,BIL_FEE,100,MRU,2186,PLATFORM,COLLECTED,2024-02-12T11:38:05.176Z
19694,40210,TX20241003067929,TRF_FEE,25,MRU,5840,PLATFORM,COLLECTED,2024-10-03T18:38:59.181Z
19695,40211,TX20240613755254,WIT_FEE,50,MRU,7308,PLATFORM,COLLECTED,2024-06-13T13:54:35.742Z
19696,40212,TX20240414499500,TRF_FEE,25,MRU,919,PLATFORM,COLLECTED,2024-04-14T16:51:36.197Z
19697,40214,TX20240905457832,WIT_FEE,50,MRU,5176,PLATFORM,COLLECTED,2024-09-05T18:26:56.372Z
19698,40217,TX20241106585152,TRF_FEE,25,MRU,2207,PLATFORM,COLLECTED,2024-11-06T10:25:32.286Z
19699,40220,TX20241125580387,WIT_FEE,50,MRU,9598,PLATFORM,COLLECTED,2024-11-25T10:50:26.819Z
19700,40221,TX20241204497435,PAY_FEE,125,MRU,7523,MERCHANT,COLLECTED,2024-12-04T11:04:57.828Z
19701,40228,TX20240515194839,WIT_FEE,50,MRU,7403,PLATFORM,COLLECTED,2024-05-15T13:22:04.040Z
19702,40229,TX20240430460144,WIT_FEE,50,MRU,6113,PLATFORM,COLLECTED,2024-04-30T09:45:53.157Z
19703,40230,TX20241130851703,WIT_FEE,500,MRU,8198,PLATFORM,COLLECTED,2024-11-30T16:42:24.784Z
19704,40232,TX20240710934603,BIL_FEE,100,MRU,3748,PLATFORM,COLLECTED,2024-07-10T14:25:41.487Z
19705,40233,TX20240529266258,SAL_FEE,2110,MRU,5162,PLATFORM,COLLECTED,2024-05-29T04:28:08.841Z
19706,40235,TX20241017152208,SAL_FEE,705,MRU,2355,PLATFORM,COLLECTED,2024-10-17T12:17:26.189Z
19707,40238,TX20240405224065,TRF_FEE,25,MRU,4696,PLATFORM,COLLECTED,2024-04-05T06:14:46.520Z
19708,40240,TX20241121968247,TRF_FEE,25,MRU,8779,PLATFORM,COLLECTED,2024-11-21T05:36:02.308Z
19709,40243,TX20240630168760,WIT_FEE,330,MRU,568,PLATFORM,COLLECTED,2024-06-30T12:43:19.955Z
19710,40245,TX20240601783855,TRF_FEE,25,MRU,1915,PLATFORM,COLLECTED,2024-06-01T08:43:54.378Z
19711,40247,TX20241211932174,WIT_FEE,50,MRU,1860,PLATFORM,COLLECTED,2024-12-11T15:33:37.672Z
19712,40250,TX20240509443256,WIT_FEE,50,MRU,1777,PLATFORM,COLLECTED,2024-05-09T09:28:14.790Z
19713,40251,TX20240315868732,WIT_FEE,50,MRU,1963,PLATFORM,COLLECTED,2024-03-15T13:44:15.665Z
19714,40254,TX20240120139245,WIT_FEE,50,MRU,10483,PLATFORM,COLLECTED,2024-01-20T18:29:01.645Z
19715,40257,TX20240712574967,WIT_FEE,50,MRU,3165,PLATFORM,COLLECTED,2024-07-12T09:28:33.812Z
19716,40259,TX20240424323500,TRF_FEE,25,MRU,1799,PLATFORM,COLLECTED,2024-04-24T15:32:55.205Z
19717,40262,TX20240228240405,WIT_FEE,50,MRU,9965,PLATFORM,COLLECTED,2024-02-28T13:00:14.421Z
19718,40267,TX20240326315717,TRF_FEE,50,MRU,3440,PLATFORM,COLLECTED,2024-03-26T12:23:07.450Z
19719,40270,TX20240710784373,TRF_FEE,50,MRU,3051,PLATFORM,COLLECTED,2024-07-10T16:12:55.411Z
19720,40271,TX20240218318012,TRF_FEE,25,MRU,6164,PLATFORM,COLLECTED,2024-02-18T08:31:18.516Z
19721,40275,TX20240107859853,WIT_FEE,50,MRU,2468,PLATFORM,COLLECTED,2024-01-07T16:41:34.648Z
19722,40277,TX20240407396851,TRF_FEE,10,MRU,5090,PLATFORM,COLLECTED,2024-04-07T14:21:22.531Z
19723,40278,TX20240320875952,TRF_FEE,50,MRU,5786,PLATFORM,COLLECTED,2024-03-20T07:43:50.980Z
19724,40279,TX20240204287087,WIT_FEE,50,MRU,2973,PLATFORM,COLLECTED,2024-02-04T15:41:14.253Z
19725,40282,TX20240410824640,SAL_FEE,930,MRU,6844,PLATFORM,COLLECTED,2024-04-10T15:34:36.063Z
19726,40283,TX20241019209317,TRF_FEE,25,MRU,2219,PLATFORM,COLLECTED,2024-10-19T15:28:52.921Z
19727,40286,TX20240530115416,TRF_FEE,25,MRU,9835,PLATFORM,COLLECTED,2024-05-30T12:54:51.975Z
19728,40291,TX20241025685246,PAY_FEE,17,MRU,4284,MERCHANT,COLLECTED,2024-10-25T07:05:27.452Z
19729,40296,TX20241118091830,WIT_FEE,50,MRU,10407,PLATFORM,COLLECTED,2024-11-18T16:30:56.792Z
19730,40297,TX20240223299704,WIT_FEE,50,MRU,1369,PLATFORM,COLLECTED,2024-02-23T18:47:25.043Z
19731,40299,TX20240209025509,WIT_FEE,50,MRU,3767,PLATFORM,COLLECTED,2024-02-09T08:36:23.509Z
19732,40300,TX20240602079271,PAY_FEE,38,MRU,9812,MERCHANT,COLLECTED,2024-06-02T07:46:44.207Z
19733,40301,TX20240915858724,WIT_FEE,50,MRU,9663,PLATFORM,COLLECTED,2024-09-15T17:32:39.895Z
19734,40304,TX20240128896732,WIT_FEE,50,MRU,5325,PLATFORM,COLLECTED,2024-01-28T14:35:44.256Z
19735,40307,TX20240126401046,TRF_FEE,25,MRU,2081,PLATFORM,COLLECTED,2024-01-26T09:57:54.045Z
19736,40309,TX20240510009061,PAY_FEE,146,MRU,6979,MERCHANT,COLLECTED,2024-05-10T16:08:16.274Z
19737,40310,TX20240812662723,WIT_FEE,50,MRU,47,PLATFORM,COLLECTED,2024-08-12T17:05:35.594Z
19738,40314,TX20240426495194,PAY_FEE,59,MRU,10103,MERCHANT,COLLECTED,2024-04-26T13:51:22.481Z
19739,40315,TX20240122937448,WIT_FEE,56,MRU,10085,PLATFORM,COLLECTED,2024-01-22T11:59:32.263Z
19740,40316,TX20240201396508,TRF_FEE,25,MRU,10682,PLATFORM,COLLECTED,2024-02-01T21:54:33.485Z
19741,40317,TX20240327336349,WIT_FEE,50,MRU,5420,PLATFORM,COLLECTED,2024-03-27T14:29:27.319Z
19742,40318,TX20240723094173,TRF_FEE,25,MRU,1640,PLATFORM,COLLECTED,2024-07-23T08:49:20.056Z
19743,40320,TX20241111866272,PAY_FEE,60,MRU,1949,MERCHANT,COLLECTED,2024-11-11T12:32:49.606Z
19744,40321,TX20240731238926,TRF_FEE,50,MRU,8203,PLATFORM,COLLECTED,2024-07-31T13:35:44.833Z
19745,40329,TX20241030057502,TRF_FEE,25,MRU,6589,PLATFORM,COLLECTED,2024-10-30T07:14:59.678Z
19746,40331,TX20240117888864,WIT_FEE,50,MRU,5089,PLATFORM,COLLECTED,2024-01-17T05:32:42.513Z
19747,40334,TX20240831993418,TRF_FEE,50,MRU,3043,PLATFORM,COLLECTED,2024-08-31T12:34:29.157Z
19748,40335,TX20241001566368,WIT_FEE,50,MRU,4686,PLATFORM,COLLECTED,2024-10-01T06:31:20.872Z
19749,40338,TX20240521913471,TRF_FEE,50,MRU,10340,PLATFORM,COLLECTED,2024-05-21T16:25:08.096Z
19750,40339,TX20241018664772,PAY_FEE,57,MRU,7445,MERCHANT,COLLECTED,2024-10-18T14:08:22.572Z
19751,40340,TX20240830482913,TRF_FEE,25,MRU,5590,PLATFORM,COLLECTED,2024-08-30T14:35:30.528Z
19752,40341,TX20240207399432,WIT_FEE,50,MRU,4365,PLATFORM,COLLECTED,2024-02-07T09:54:44.207Z
19753,40342,TX20240306966850,WIT_FEE,50,MRU,6815,PLATFORM,COLLECTED,2024-03-06T17:33:28.809Z
19754,40343,TX20240718942582,TRF_FEE,10,MRU,3681,PLATFORM,COLLECTED,2024-07-18T07:11:12.337Z
19755,40344,TX20240118135513,TRF_FEE,10,MRU,5821,PLATFORM,COLLECTED,2024-01-18T14:13:16.642Z
19756,40345,TX20240905532448,BIL_FEE,100,MRU,10434,PLATFORM,COLLECTED,2024-09-05T10:20:25.531Z
19757,40347,TX20240214685202,WIT_FEE,50,MRU,4858,PLATFORM,COLLECTED,2024-02-14T18:17:09.256Z
19758,40349,TX20240819543208,TRF_FEE,25,MRU,567,PLATFORM,COLLECTED,2024-08-19T04:26:25.539Z
19759,40354,TX20240530548773,PAY_FEE,18,MRU,7507,MERCHANT,COLLECTED,2024-05-30T07:48:43.633Z
19760,40360,TX20240626157210,WIT_FEE,50,MRU,8757,PLATFORM,COLLECTED,2024-06-26T16:09:35.508Z
19761,40363,TX20240409998518,PAY_FEE,24,MRU,3040,MERCHANT,COLLECTED,2024-04-08T22:37:13.661Z
19762,40373,TX20241001991000,WIT_FEE,50,MRU,3089,PLATFORM,COLLECTED,2024-10-01T20:04:09.323Z
19763,40376,TX20240726974126,PAY_FEE,225,MRU,9223,MERCHANT,COLLECTED,2024-07-26T18:08:55.630Z
19764,40378,TX20241129527954,WIT_FEE,50,MRU,9423,PLATFORM,COLLECTED,2024-11-29T18:38:32.281Z
19765,40383,TX20240611806353,TRF_FEE,25,MRU,8292,PLATFORM,COLLECTED,2024-06-11T14:38:40.403Z
19766,40386,TX20240207983210,TRF_FEE,25,MRU,1742,PLATFORM,COLLECTED,2024-02-07T17:06:55.066Z
19767,40388,TX20240809747494,TRF_FEE,25,MRU,4932,PLATFORM,COLLECTED,2024-08-09T09:43:29.672Z
19768,40390,TX20240802446581,WIT_FEE,50,MRU,3752,PLATFORM,COLLECTED,2024-08-02T21:23:38.528Z
19769,40391,TX20240719408653,TRF_FEE,50,MRU,9181,PLATFORM,COLLECTED,2024-07-19T14:19:51.736Z
19770,40394,TX20240926693952,WIT_FEE,50,MRU,1030,PLATFORM,COLLECTED,2024-09-26T13:35:18.373Z
19771,40395,TX20240217498280,TRF_FEE,50,MRU,2687,PLATFORM,COLLECTED,2024-02-17T19:04:00.615Z
19772,40396,TX20240314163271,TRF_FEE,25,MRU,1206,PLATFORM,COLLECTED,2024-03-14T08:59:38.899Z
19773,40397,TX20240501665081,WIT_FEE,50,MRU,456,PLATFORM,COLLECTED,2024-05-01T14:44:45.487Z
19774,40399,TX20240528927354,BIL_FEE,100,MRU,9241,PLATFORM,COLLECTED,2024-05-28T17:18:07.678Z
19775,40400,TX20240620219247,TRF_FEE,50,MRU,10485,PLATFORM,COLLECTED,2024-06-20T08:18:12.399Z
19776,40401,TX20240922163574,WIT_FEE,50,MRU,2754,PLATFORM,COLLECTED,2024-09-22T12:18:13.944Z
19777,40403,TX20241117280988,BIL_FEE,100,MRU,2243,PLATFORM,COLLECTED,2024-11-16T23:40:27.948Z
19778,40406,TX20241031697489,PAY_FEE,13,MRU,8688,MERCHANT,COLLECTED,2024-10-31T09:01:26.004Z
19779,40409,TX20240411114988,SAL_FEE,2220,MRU,4255,PLATFORM,COLLECTED,2024-04-11T16:30:31.797Z
19780,40410,TX20240627389517,WIT_FEE,100,MRU,3448,PLATFORM,COLLECTED,2024-06-27T20:34:01.351Z
19781,40413,TX20240211938697,PAY_FEE,65,MRU,8966,MERCHANT,COLLECTED,2024-02-11T11:29:31.723Z
19782,40416,TX20240531661744,TRF_FEE,25,MRU,1944,PLATFORM,COLLECTED,2024-05-31T07:57:27.266Z
19783,40418,TX20241008584911,TRF_FEE,50,MRU,9172,PLATFORM,COLLECTED,2024-10-08T11:26:55.173Z
19784,40419,TX20241218311735,TRF_FEE,10,MRU,7181,PLATFORM,COLLECTED,2024-12-18T16:21:39.622Z
19785,40422,TX20240913890562,TRF_FEE,50,MRU,9625,PLATFORM,COLLECTED,2024-09-13T07:58:08.126Z
19786,40423,TX20240410342997,TRF_FEE,25,MRU,1970,PLATFORM,COLLECTED,2024-04-10T10:20:09.058Z
19787,40424,TX20240817913528,PAY_FEE,66,MRU,62,MERCHANT,COLLECTED,2024-08-17T06:13:59.827Z
19788,40427,TX20241010077312,WIT_FEE,100,MRU,8876,PLATFORM,COLLECTED,2024-10-10T09:51:21.891Z
19789,40428,TX20240323572944,TRF_FEE,50,MRU,3946,PLATFORM,COLLECTED,2024-03-23T05:36:53.169Z
19790,40431,TX20240625271853,WIT_FEE,99,MRU,10734,PLATFORM,COLLECTED,2024-06-25T19:59:58.123Z
19791,40433,TX20241001024838,PAY_FEE,11,MRU,4279,MERCHANT,COLLECTED,2024-10-01T09:27:00.759Z
19792,40436,TX20241122796835,TRF_FEE,10,MRU,3562,PLATFORM,COLLECTED,2024-11-22T06:06:03.343Z
19793,40440,TX20240919490386,WIT_FEE,86,MRU,528,PLATFORM,COLLECTED,2024-09-19T21:49:09.346Z
19794,40444,TX20241020173705,TRF_FEE,25,MRU,1748,PLATFORM,COLLECTED,2024-10-20T10:28:57.302Z
19795,40445,TX20240615335362,WIT_FEE,100,MRU,1796,PLATFORM,COLLECTED,2024-06-15T09:11:50.436Z
19796,40446,TX20241017751648,TRF_FEE,50,MRU,3054,PLATFORM,COLLECTED,2024-10-17T15:02:31.019Z
19797,40447,TX20241013078044,PAY_FEE,1440,MRU,4127,MERCHANT,COLLECTED,2024-10-13T07:58:10.659Z
19798,40449,TX20240214799089,TRF_FEE,25,MRU,4094,PLATFORM,COLLECTED,2024-02-14T10:24:57.932Z
19799,40452,TX20240506009976,WIT_FEE,50,MRU,4908,PLATFORM,COLLECTED,2024-05-06T07:16:51.960Z
19800,40455,TX20241225362324,WIT_FEE,110,MRU,5339,PLATFORM,COLLECTED,2024-12-25T14:09:04.704Z
19801,40459,TX20240722574967,TRF_FEE,25,MRU,9542,PLATFORM,COLLECTED,2024-07-22T16:17:38.891Z
19802,40461,TX20241001355744,WIT_FEE,50,MRU,3474,PLATFORM,COLLECTED,2024-10-01T12:55:12.162Z
19803,40465,TX20240604071907,WIT_FEE,500,MRU,10097,PLATFORM,COLLECTED,2024-06-04T14:38:51.804Z
19804,40467,TX20240509760398,WIT_FEE,200,MRU,9065,PLATFORM,COLLECTED,2024-05-09T08:35:04.301Z
19805,40469,TX20240627579063,WIT_FEE,50,MRU,9128,PLATFORM,COLLECTED,2024-06-27T10:07:27.310Z
19806,40474,TX20241003575654,WIT_FEE,50,MRU,4030,PLATFORM,COLLECTED,2024-10-03T13:04:38.141Z
19807,40477,TX20240508435097,TRF_FEE,10,MRU,7147,PLATFORM,COLLECTED,2024-05-08T04:45:41.574Z
19808,40478,TX20240816548619,TRF_FEE,25,MRU,4693,PLATFORM,COLLECTED,2024-08-16T10:56:25.523Z
19809,40479,TX20240829396851,WIT_FEE,50,MRU,4548,PLATFORM,COLLECTED,2024-08-29T09:22:31.459Z
19810,40480,TX20240320163143,TRF_FEE,50,MRU,5786,PLATFORM,COLLECTED,2024-03-20T07:43:50.980Z
19811,40482,TX20240303942148,TRF_FEE,25,MRU,10698,PLATFORM,COLLECTED,2024-03-03T20:50:59.332Z
19812,40484,TX20241224954251,PAY_FEE,24,MRU,698,MERCHANT,COLLECTED,2024-12-24T09:47:34.613Z
19813,40485,TX20240921776394,PAY_FEE,180,MRU,9901,MERCHANT,COLLECTED,2024-09-21T11:52:55.200Z
19814,40488,TX20241125196128,TRF_FEE,50,MRU,6630,PLATFORM,COLLECTED,2024-11-25T17:58:53.996Z
19815,40490,TX20240709866545,TRF_FEE,25,MRU,6481,PLATFORM,COLLECTED,2024-07-09T07:51:41.476Z
19816,40493,TX20241025765408,PAY_FEE,17,MRU,4284,MERCHANT,COLLECTED,2024-10-25T07:05:27.452Z
19817,40496,TX20240323082290,WIT_FEE,50,MRU,5427,PLATFORM,COLLECTED,2024-03-23T08:50:09.818Z
19818,40501,TX20240420336422,SAL_FEE,1395,MRU,4276,PLATFORM,COLLECTED,2024-04-20T09:06:12.606Z
19819,40504,TX20240324569617,TRF_FEE,50,MRU,7669,PLATFORM,COLLECTED,2024-03-24T14:46:28.114Z
19820,40507,TX20240306780950,TRF_FEE,25,MRU,7432,PLATFORM,COLLECTED,2024-03-06T08:49:06.233Z
19821,40508,TX20240619484746,TRF_FEE,50,MRU,6649,PLATFORM,COLLECTED,2024-06-19T09:32:43.801Z
19822,40510,TX20240917536092,BIL_FEE,100,MRU,6416,PLATFORM,COLLECTED,2024-09-17T08:09:29.321Z
19823,40511,TX20240412186155,TRF_FEE,50,MRU,3973,PLATFORM,COLLECTED,2024-04-12T16:48:30.728Z
19824,40513,TX20240722529767,TRF_FEE,10,MRU,1428,PLATFORM,COLLECTED,2024-07-22T15:40:07.070Z
19825,40514,TX20241016748376,PAY_FEE,4,MRU,7601,MERCHANT,COLLECTED,2024-10-16T18:02:12.796Z
19826,40520,TX20241202692651,WIT_FEE,50,MRU,3308,PLATFORM,COLLECTED,2024-12-02T04:39:39.560Z
19827,40523,TX20240702238926,WIT_FEE,420,MRU,6619,PLATFORM,COLLECTED,2024-07-02T15:26:34.586Z
19828,40527,TX20240723702859,WIT_FEE,50,MRU,6738,PLATFORM,COLLECTED,2024-07-23T06:44:19.723Z
19829,40528,TX20240524208297,SAL_FEE,410,MRU,9083,PLATFORM,COLLECTED,2024-05-24T17:39:27.992Z
19830,40529,TX20241124113360,WIT_FEE,50,MRU,5012,PLATFORM,COLLECTED,2024-11-24T13:29:06.746Z
19831,40531,TX20241030074355,TRF_FEE,25,MRU,6589,PLATFORM,COLLECTED,2024-10-30T07:14:59.678Z
19832,40532,TX20240514434217,WIT_FEE,50,MRU,3408,PLATFORM,COLLECTED,2024-05-14T06:03:54.045Z
19833,40533,TX20240917579840,TRF_FEE,50,MRU,5240,PLATFORM,COLLECTED,2024-09-17T12:27:19.076Z
19834,40534,TX20240101847513,WIT_FEE,50,MRU,8647,PLATFORM,COLLECTED,2024-01-01T14:23:51.682Z
19835,40536,TX20240831541384,TRF_FEE,50,MRU,3043,PLATFORM,COLLECTED,2024-08-31T12:34:29.157Z
19836,40537,TX20240213566368,PAY_FEE,6,MRU,3697,MERCHANT,COLLECTED,2024-02-13T13:20:52.423Z
19837,40542,TX20240803482913,TRF_FEE,50,MRU,6369,PLATFORM,COLLECTED,2024-08-03T12:31:30.029Z
19838,40543,TX20240207722003,WIT_FEE,50,MRU,4365,PLATFORM,COLLECTED,2024-02-07T09:54:44.207Z
19839,40545,TX20240718230097,TRF_FEE,10,MRU,3681,PLATFORM,COLLECTED,2024-07-18T07:11:12.337Z
19840,40547,TX20240505053323,TRF_FEE,50,MRU,3201,PLATFORM,COLLECTED,2024-05-05T10:31:56.122Z
19841,40550,TX20240829654792,PAY_FEE,30,MRU,4807,MERCHANT,COLLECTED,2024-08-29T10:03:53.213Z
19842,40556,TX20240311744923,TRF_FEE,25,MRU,7926,PLATFORM,COLLECTED,2024-03-11T08:50:19.021Z
19843,40559,TX20240130062900,WIT_FEE,180,MRU,8524,PLATFORM,COLLECTED,2024-01-30T11:32:07.020Z
19844,40560,TX20240122571971,TRF_FEE,25,MRU,4392,PLATFORM,COLLECTED,2024-01-22T09:44:27.123Z
19845,40565,TX20240122943079,WIT_FEE,50,MRU,10766,PLATFORM,COLLECTED,2024-01-22T08:59:16.393Z
19846,40566,TX20240406948866,TRF_FEE,50,MRU,4908,PLATFORM,COLLECTED,2024-04-06T13:02:01.866Z
19847,40570,TX20240116248670,SAL_FEE,340,MRU,86,PLATFORM,COLLECTED,2024-01-16T07:05:40.579Z
19848,40572,TX20240823693567,WIT_FEE,210,MRU,555,PLATFORM,COLLECTED,2024-08-23T06:24:14.295Z
19849,40573,TX20240316468118,WIT_FEE,50,MRU,643,PLATFORM,COLLECTED,2024-03-16T07:08:58.123Z
19850,40574,TX20240313209874,SAL_FEE,1765,MRU,8886,PLATFORM,COLLECTED,2024-03-13T12:35:23.321Z
19851,40575,TX20240915544130,TRF_FEE,25,MRU,7567,PLATFORM,COLLECTED,2024-09-15T10:04:59.872Z
19852,40579,TX20241029051605,WIT_FEE,50,MRU,8825,PLATFORM,COLLECTED,2024-10-29T12:54:03.871Z
19853,40581,TX20240415266358,TRF_FEE,25,MRU,1667,PLATFORM,COLLECTED,2024-04-15T10:57:47.448Z
19854,40584,TX20241016626683,PAY_FEE,35,MRU,10935,MERCHANT,COLLECTED,2024-10-16T06:58:43.141Z
19855,40586,TX20241016893112,PAY_FEE,32,MRU,10619,MERCHANT,COLLECTED,2024-10-16T19:59:49.888Z
19856,40588,TX20241021091804,TRF_FEE,25,MRU,9343,PLATFORM,COLLECTED,2024-10-21T16:21:54.983Z
19857,40590,TX20240615462837,PAY_FEE,24,MRU,7127,MERCHANT,COLLECTED,2024-06-15T13:42:45.851Z
19858,40595,TX20241009832268,WIT_FEE,50,MRU,1149,PLATFORM,COLLECTED,2024-10-09T10:18:08.326Z
19859,40600,TX20240623143753,WIT_FEE,50,MRU,6460,PLATFORM,COLLECTED,2024-06-23T07:37:49.020Z
19860,40601,TX20240129678676,PAY_FEE,17,MRU,7233,MERCHANT,COLLECTED,2024-01-29T10:55:57.401Z
19861,40602,TX20240902158251,WIT_FEE,320,MRU,9298,PLATFORM,COLLECTED,2024-09-02T13:23:44.219Z
19862,40603,TX20240709023812,WIT_FEE,87,MRU,9985,PLATFORM,COLLECTED,2024-07-09T07:09:15.117Z
19863,40606,TX20240608150962,PAY_FEE,35,MRU,8900,MERCHANT,COLLECTED,2024-06-08T06:52:47.755Z
19864,40610,TX20240814176693,TRF_FEE,50,MRU,2533,PLATFORM,COLLECTED,2024-08-14T16:47:34.344Z
19865,40612,TX20240113081809,TRF_FEE,50,MRU,10154,PLATFORM,COLLECTED,2024-01-13T11:31:50.428Z
19866,40613,TX20240323201116,TRF_FEE,50,MRU,4969,PLATFORM,COLLECTED,2024-03-23T13:44:55.463Z
19867,40615,TX20241117148194,TRF_FEE,25,MRU,10801,PLATFORM,COLLECTED,2024-11-17T09:08:22.296Z
19868,40616,TX20240904529798,TRF_FEE,50,MRU,1877,PLATFORM,COLLECTED,2024-09-04T16:18:08.833Z
19869,40619,TX20240601816288,WIT_FEE,50,MRU,9903,PLATFORM,COLLECTED,2024-06-01T10:43:59.931Z
19870,40621,TX20241206083382,WIT_FEE,79,MRU,958,PLATFORM,COLLECTED,2024-12-06T07:47:12.126Z
19871,40623,TX20241004656586,WIT_FEE,50,MRU,5081,PLATFORM,COLLECTED,2024-10-04T06:21:03.141Z
19872,40624,TX20241010406031,TRF_FEE,50,MRU,4474,PLATFORM,COLLECTED,2024-10-10T07:11:06.522Z
19873,40626,TX20240724145782,PAY_FEE,72,MRU,7948,MERCHANT,COLLECTED,2024-07-24T19:31:46.151Z
19874,40627,TX20240224274079,WIT_FEE,50,MRU,7322,PLATFORM,COLLECTED,2024-02-24T10:31:00.838Z
19875,40628,TX20240616503818,TRF_FEE,50,MRU,2815,PLATFORM,COLLECTED,2024-06-16T08:24:12.825Z
19876,40629,TX20240710016569,WIT_FEE,50,MRU,8962,PLATFORM,COLLECTED,2024-07-10T05:08:23.240Z
19877,40630,TX20240906423238,SAL_FEE,2445,MRU,5828,PLATFORM,COLLECTED,2024-09-06T09:38:15.134Z
19878,40631,TX20241214191477,TRF_FEE,50,MRU,4478,PLATFORM,COLLECTED,2024-12-14T08:20:19.253Z
19879,40634,TX20240627957970,TRF_FEE,50,MRU,4634,PLATFORM,COLLECTED,2024-06-27T15:39:39.161Z
19880,40635,TX20241004741746,WIT_FEE,50,MRU,343,PLATFORM,COLLECTED,2024-10-04T16:18:27.143Z
19881,40639,TX20240216038724,TRF_FEE,50,MRU,4300,PLATFORM,COLLECTED,2024-02-16T15:02:50.789Z
19882,40643,TX20240619886245,TRF_FEE,50,MRU,3420,PLATFORM,COLLECTED,2024-06-19T17:01:36.040Z
19883,40645,TX20240412270345,TRF_FEE,10,MRU,4810,PLATFORM,COLLECTED,2024-04-12T16:12:16.217Z
19884,40646,TX20240301114645,TRF_FEE,25,MRU,3457,PLATFORM,COLLECTED,2024-03-01T13:21:26.220Z
19885,40651,TX20240127748436,TRF_FEE,50,MRU,6052,PLATFORM,COLLECTED,2024-01-27T10:37:12.496Z
19886,40652,TX20241221832380,PAY_FEE,81,MRU,1105,MERCHANT,COLLECTED,2024-12-21T14:09:00.226Z
19887,40653,TX20240823517751,SAL_FEE,2330,MRU,8603,PLATFORM,COLLECTED,2024-08-23T08:43:56.952Z
19888,40654,TX20240704009053,BIL_FEE,100,MRU,8353,PLATFORM,COLLECTED,2024-07-04T13:52:07.011Z
19889,40655,TX20240422839319,BIL_FEE,100,MRU,7366,PLATFORM,COLLECTED,2024-04-22T08:20:44.243Z
19890,40656,TX20240613028249,PAY_FEE,26,MRU,638,MERCHANT,COLLECTED,2024-06-13T07:32:56.676Z
19891,40661,TX20240428697646,TRF_FEE,25,MRU,10895,PLATFORM,COLLECTED,2024-04-28T15:28:14.835Z
19892,40663,TX20240622312976,TRF_FEE,25,MRU,333,PLATFORM,COLLECTED,2024-06-22T15:12:29.394Z
19893,40664,TX20240818232695,WIT_FEE,50,MRU,414,PLATFORM,COLLECTED,2024-08-18T16:15:45.258Z
19894,40665,TX20240115214269,PAY_FEE,44,MRU,8235,MERCHANT,COLLECTED,2024-01-15T10:52:38.938Z
19895,40670,TX20240325126372,WIT_FEE,50,MRU,4077,PLATFORM,COLLECTED,2024-03-25T10:16:16.712Z
19896,40672,TX20240517672957,SAL_FEE,2355,MRU,8416,PLATFORM,COLLECTED,2024-05-17T05:36:26.048Z
19897,40673,TX20240619524187,SAL_FEE,465,MRU,2973,PLATFORM,COLLECTED,2024-06-19T09:07:55.620Z
19898,40675,TX20240415363900,TRF_FEE,50,MRU,3906,PLATFORM,COLLECTED,2024-04-15T15:31:04.719Z
19899,40676,TX20240825581085,PAY_FEE,68,MRU,9508,MERCHANT,COLLECTED,2024-08-25T08:00:29.004Z
19900,40677,TX20240415143272,WIT_FEE,50,MRU,10763,PLATFORM,COLLECTED,2024-04-15T16:34:53.845Z
19901,40680,TX20240829963366,WIT_FEE,50,MRU,4548,PLATFORM,COLLECTED,2024-08-29T09:22:31.459Z
19902,40685,TX20241224279605,PAY_FEE,24,MRU,698,MERCHANT,COLLECTED,2024-12-24T09:47:34.613Z
19903,40686,TX20240623709411,PAY_FEE,33,MRU,3632,MERCHANT,COLLECTED,2024-06-23T16:55:12.897Z
19904,40687,TX20240120505151,BIL_FEE,100,MRU,7934,PLATFORM,COLLECTED,2024-01-20T09:52:49.904Z
19905,40689,TX20240530617248,TRF_FEE,25,MRU,9835,PLATFORM,COLLECTED,2024-05-30T12:54:51.975Z
19906,40694,TX20240306178853,PAY_FEE,20,MRU,4132,MERCHANT,COLLECTED,2024-03-06T07:27:27.387Z
19907,40695,TX20240928386427,WIT_FEE,100,MRU,325,PLATFORM,COLLECTED,2024-09-28T12:35:14.936Z
19908,40697,TX20240323149374,WIT_FEE,50,MRU,5427,PLATFORM,COLLECTED,2024-03-23T08:50:09.818Z
19909,40699,TX20241118237592,WIT_FEE,50,MRU,10407,PLATFORM,COLLECTED,2024-11-18T16:30:56.792Z
19910,40701,TX20240222009539,SAL_FEE,2250,MRU,4445,PLATFORM,COLLECTED,2024-02-22T22:43:24.743Z
19911,40702,TX20241222336422,BIL_FEE,100,MRU,6707,PLATFORM,COLLECTED,2024-12-22T09:20:06.210Z
19912,40704,TX20241118124566,WIT_FEE,440,MRU,2529,PLATFORM,COLLECTED,2024-11-18T13:09:21.644Z
19913,40706,TX20241226122616,PAY_FEE,8,MRU,5165,MERCHANT,COLLECTED,2024-12-26T07:54:14.476Z
19914,40707,TX20240128293538,WIT_FEE,50,MRU,5325,PLATFORM,COLLECTED,2024-01-28T14:35:44.256Z
19915,40708,TX20240810086560,WIT_FEE,290,MRU,8624,PLATFORM,COLLECTED,2024-08-10T14:15:57.968Z
19916,40711,TX20240730673185,WIT_FEE,50,MRU,6311,PLATFORM,COLLECTED,2024-07-30T18:28:51.754Z
19917,40713,TX20240502818495,WIT_FEE,50,MRU,6573,PLATFORM,COLLECTED,2024-05-02T13:52:05.591Z
19918,40716,TX20240725378020,PAY_FEE,41,MRU,2374,MERCHANT,COLLECTED,2024-07-25T05:59:23.351Z
19919,40721,TX20241027867792,WIT_FEE,100,MRU,6642,PLATFORM,COLLECTED,2024-10-27T10:03:08.625Z
19920,40722,TX20240130834074,TRF_FEE,50,MRU,452,PLATFORM,COLLECTED,2024-01-30T16:06:32.787Z
19921,40723,TX20241111339474,PAY_FEE,60,MRU,1949,MERCHANT,COLLECTED,2024-11-11T12:32:49.606Z
19922,40724,TX20240801598906,TRF_FEE,25,MRU,7592,PLATFORM,COLLECTED,2024-08-01T13:44:49.743Z
19923,40728,TX20240914134339,TRF_FEE,25,MRU,3527,PLATFORM,COLLECTED,2024-09-14T09:33:06.738Z
19924,40730,TX20240614414051,PAY_FEE,23,MRU,7845,MERCHANT,COLLECTED,2024-06-14T06:10:00.404Z
19925,40734,TX20240117679991,WIT_FEE,50,MRU,5089,PLATFORM,COLLECTED,2024-01-17T05:32:42.513Z
19926,40735,TX20240522211781,TRF_FEE,10,MRU,3884,PLATFORM,COLLECTED,2024-05-22T16:40:46.943Z
19927,40738,TX20241001169483,WIT_FEE,50,MRU,4686,PLATFORM,COLLECTED,2024-10-01T06:31:20.872Z
19928,40741,TX20240606247582,PAY_FEE,180,MRU,2322,MERCHANT,COLLECTED,2024-06-06T07:05:56.625Z
19929,40743,TX20240707823525,TRF_FEE,25,MRU,3906,PLATFORM,COLLECTED,2024-07-07T12:30:01.575Z
19930,40744,TX20240926399432,BIL_FEE,100,MRU,6513,PLATFORM,COLLECTED,2024-09-26T07:23:00.341Z
19931,40745,TX20240306340409,WIT_FEE,50,MRU,6815,PLATFORM,COLLECTED,2024-03-06T17:33:28.809Z
19932,40748,TX20240611532448,TRF_FEE,10,MRU,1347,PLATFORM,COLLECTED,2024-06-11T09:25:31.946Z
19933,40756,TX20240218598275,TRF_FEE,50,MRU,10360,PLATFORM,COLLECTED,2024-02-18T09:18:40.397Z
19934,40757,TX20240919272580,WIT_FEE,50,MRU,8214,PLATFORM,COLLECTED,2024-09-19T15:10:50.480Z
19935,40761,TX20240522788459,PAY_FEE,27,MRU,2074,MERCHANT,COLLECTED,2024-05-22T18:42:27.112Z
19936,40765,TX20240817249773,WIT_FEE,50,MRU,9361,PLATFORM,COLLECTED,2024-08-17T12:27:33.573Z
19937,40766,TX20241222168538,WIT_FEE,50,MRU,5967,PLATFORM,COLLECTED,2024-12-22T07:00:39.871Z
19938,40769,TX20241014571853,TRF_FEE,25,MRU,10898,PLATFORM,COLLECTED,2024-10-14T17:23:33.740Z
19939,40774,TX20240107468118,WIT_FEE,50,MRU,10778,PLATFORM,COLLECTED,2024-01-07T09:12:07.143Z
19940,40775,TX20240313813988,SAL_FEE,1765,MRU,8886,PLATFORM,COLLECTED,2024-03-13T12:35:23.321Z
19941,40778,TX20240823699936,PAY_FEE,32,MRU,4373,MERCHANT,COLLECTED,2024-08-23T20:25:28.205Z
19942,40780,TX20240621040761,PAY_FEE,39,MRU,8313,MERCHANT,COLLECTED,2024-06-21T17:03:52.799Z
19943,40781,TX20240427933434,TRF_FEE,10,MRU,3453,PLATFORM,COLLECTED,2024-04-27T12:44:51.275Z
19944,40783,TX20240520014046,PAY_FEE,26,MRU,6566,MERCHANT,COLLECTED,2024-05-20T07:58:03.151Z
19945,40786,TX20240106731555,TRF_FEE,10,MRU,136,PLATFORM,COLLECTED,2024-01-06T06:48:43.079Z
19946,40789,TX20241021806845,TRF_FEE,25,MRU,9343,PLATFORM,COLLECTED,2024-10-21T16:21:54.983Z
19947,40797,TX20240710535049,TRF_FEE,50,MRU,2486,PLATFORM,COLLECTED,2024-07-10T14:38:49.905Z
19948,40799,TX20240512528257,PAY_FEE,47,MRU,5935,MERCHANT,COLLECTED,2024-05-12T19:54:01.733Z
19949,40800,TX20240830682032,PAY_FEE,5,MRU,9765,MERCHANT,COLLECTED,2024-08-30T06:12:17.871Z
19950,40802,TX20241215402908,BIL_FEE,100,MRU,5964,PLATFORM,COLLECTED,2024-12-15T11:39:51.066Z
19951,40814,TX20241203201116,PAY_FEE,7,MRU,5306,MERCHANT,COLLECTED,2024-12-03T12:26:10.067Z
19952,40816,TX20240423434338,PAY_FEE,23,MRU,6961,MERCHANT,COLLECTED,2024-04-23T06:22:17.980Z
19953,40817,TX20240320529798,TRF_FEE,50,MRU,1656,PLATFORM,COLLECTED,2024-03-20T13:40:48.301Z
19954,40821,TX20240110251906,WIT_FEE,50,MRU,8924,PLATFORM,COLLECTED,2024-01-10T18:02:02.585Z
19955,40825,TX20241025221365,TRF_FEE,25,MRU,10923,PLATFORM,COLLECTED,2024-10-25T11:23:19.497Z
19956,40830,TX20240421795456,TRF_FEE,25,MRU,2662,PLATFORM,COLLECTED,2024-04-21T12:02:08.396Z
19957,40836,TX20241004957687,WIT_FEE,50,MRU,343,PLATFORM,COLLECTED,2024-10-04T16:18:27.143Z
19958,40837,TX20241015824262,SAL_FEE,2295,MRU,10605,PLATFORM,COLLECTED,2024-10-15T14:34:28.266Z
19959,40839,TX20240420791706,BIL_FEE,100,MRU,2517,PLATFORM,COLLECTED,2024-04-20T11:59:09.833Z
19960,40842,TX20240304563595,TRF_FEE,10,MRU,1390,PLATFORM,COLLECTED,2024-03-04T12:01:22.657Z
19961,40844,TX20241121117841,TRF_FEE,25,MRU,8779,PLATFORM,COLLECTED,2024-11-21T05:36:02.308Z
19962,40847,TX20240519654335,TRF_FEE,25,MRU,4952,PLATFORM,COLLECTED,2024-05-19T10:10:33.356Z
19963,40849,TX20240223571335,WIT_FEE,50,MRU,10540,PLATFORM,COLLECTED,2024-02-23T19:48:40.393Z
19964,40855,TX20240212357463,PAY_FEE,59,MRU,2219,MERCHANT,COLLECTED,2024-02-12T03:45:41.124Z
19965,40859,TX20241118326632,PAY_FEE,165,MRU,940,MERCHANT,COLLECTED,2024-11-18T07:17:11.148Z
19966,40860,TX20240605886850,PAY_FEE,23,MRU,2781,MERCHANT,COLLECTED,2024-06-05T10:13:20.937Z
19967,40862,TX20240428604628,TRF_FEE,25,MRU,10895,PLATFORM,COLLECTED,2024-04-28T15:28:14.835Z
19968,40864,TX20240314312976,PAY_FEE,27,MRU,3231,MERCHANT,COLLECTED,2024-03-14T12:23:01.315Z
19969,40866,TX20240115903785,PAY_FEE,44,MRU,8235,MERCHANT,COLLECTED,2024-01-15T10:52:38.938Z
19970,40868,TX20240328061370,PAY_FEE,10,MRU,5447,MERCHANT,COLLECTED,2024-03-28T10:41:10.032Z
19971,40869,TX20240916075504,WIT_FEE,50,MRU,2611,PLATFORM,COLLECTED,2024-09-16T11:10:09.383Z
19972,40871,TX20240325450227,WIT_FEE,50,MRU,4077,PLATFORM,COLLECTED,2024-03-25T10:16:16.712Z
19973,40873,TX20240517492597,SAL_FEE,2355,MRU,8416,PLATFORM,COLLECTED,2024-05-17T05:36:26.048Z
19974,40875,TX20240712531147,WIT_FEE,50,MRU,10361,PLATFORM,COLLECTED,2024-07-12T06:25:04.954Z
19975,40876,TX20240709611901,PAY_FEE,180,MRU,10773,MERCHANT,COLLECTED,2024-07-09T06:43:21.195Z
19976,40877,TX20240102614793,WIT_FEE,50,MRU,9792,PLATFORM,COLLECTED,2024-01-02T13:00:51.502Z
19977,40878,TX20240420682533,WIT_FEE,50,MRU,9843,PLATFORM,COLLECTED,2024-04-20T16:39:46.091Z
19978,40879,TX20240612823449,WIT_FEE,200,MRU,5062,PLATFORM,COLLECTED,2024-06-12T06:37:25.801Z
19979,40883,TX20240204426621,WIT_FEE,50,MRU,2973,PLATFORM,COLLECTED,2024-02-04T15:41:14.253Z
19980,40884,TX20241225942148,PAY_FEE,57,MRU,1949,MERCHANT,COLLECTED,2024-12-25T10:58:28.447Z
19981,40886,TX20240410954251,SAL_FEE,930,MRU,6844,PLATFORM,COLLECTED,2024-04-10T15:34:36.063Z
19982,40887,TX20240921709411,PAY_FEE,180,MRU,9901,MERCHANT,COLLECTED,2024-09-21T11:52:55.200Z
19983,40888,TX20240120033858,BIL_FEE,100,MRU,7934,PLATFORM,COLLECTED,2024-01-20T09:52:49.904Z
19984,40890,TX20241111153021,BIL_FEE,100,MRU,1132,PLATFORM,COLLECTED,2024-11-11T20:53:59.600Z
19985,40892,TX20240709262566,TRF_FEE,25,MRU,6481,PLATFORM,COLLECTED,2024-07-09T07:51:41.476Z
19986,40893,TX20240516536215,TRF_FEE,25,MRU,252,PLATFORM,COLLECTED,2024-05-16T08:17:16.977Z
19987,40895,TX20241025178853,PAY_FEE,17,MRU,4284,MERCHANT,COLLECTED,2024-10-25T07:05:27.452Z
19988,40896,TX20240928839002,WIT_FEE,100,MRU,325,PLATFORM,COLLECTED,2024-09-28T12:35:14.936Z
19989,40898,TX20240423149374,WIT_FEE,50,MRU,9037,PLATFORM,COLLECTED,2024-04-23T08:12:50.162Z
19990,40901,TX20240405420404,BIL_FEE,100,MRU,480,PLATFORM,COLLECTED,2024-04-05T07:54:47.431Z
19991,40904,TX20240602364618,PAY_FEE,38,MRU,9812,MERCHANT,COLLECTED,2024-06-02T07:46:44.207Z
19992,40905,TX20241118805453,PAY_FEE,42,MRU,2326,MERCHANT,COLLECTED,2024-11-18T13:39:53.876Z
19993,40907,TX20240326244244,BIL_FEE,100,MRU,7423,PLATFORM,COLLECTED,2024-03-26T12:27:42.049Z
19994,40909,TX20240902569418,WIT_FEE,53,MRU,6719,PLATFORM,COLLECTED,2024-09-02T10:22:10.333Z
19995,40910,TX20240807855659,PAY_FEE,11,MRU,7756,MERCHANT,COLLECTED,2024-08-07T18:12:46.296Z
19996,40912,TX20240917736506,BIL_FEE,100,MRU,6416,PLATFORM,COLLECTED,2024-09-17T08:09:29.321Z
19997,40913,TX20241113076491,WIT_FEE,50,MRU,9409,PLATFORM,COLLECTED,2024-11-13T17:30:43.358Z
19998,40917,TX20240725589030,PAY_FEE,41,MRU,2374,MERCHANT,COLLECTED,2024-07-25T05:59:23.351Z
19999,40923,TX20240322367468,WIT_FEE,200,MRU,6471,PLATFORM,COLLECTED,2024-03-22T05:51:13.445Z
20000,40925,TX20240731598906,TRF_FEE,50,MRU,8203,PLATFORM,COLLECTED,2024-07-31T13:35:44.833Z
20001,40930,TX20240524247178,SAL_FEE,410,MRU,9083,PLATFORM,COLLECTED,2024-05-24T17:39:27.992Z
20002,40936,TX20240427352769,PAY_FEE,71,MRU,7522,MERCHANT,COLLECTED,2024-04-26T22:36:23.861Z
20003,40939,TX20241001410980,TRF_FEE,50,MRU,5788,PLATFORM,COLLECTED,2024-10-01T16:22:45.118Z
20004,40941,TX20241024597468,PAY_FEE,36,MRU,10537,MERCHANT,COLLECTED,2024-10-24T07:27:18.183Z
20005,40944,TX20240711823525,TRF_FEE,50,MRU,10140,PLATFORM,COLLECTED,2024-07-11T12:01:34.352Z
20006,40945,TX20240926722003,BIL_FEE,100,MRU,6513,PLATFORM,COLLECTED,2024-09-26T07:23:00.341Z
20007,40948,TX20240408743302,WIT_FEE,50,MRU,7752,PLATFORM,COLLECTED,2024-04-08T14:31:13.570Z
20008,40955,TX20240919295556,WIT_FEE,100,MRU,6766,PLATFORM,COLLECTED,2024-09-19T16:07:28.476Z
20009,40956,TX20240426017147,WIT_FEE,50,MRU,6273,PLATFORM,COLLECTED,2024-04-26T17:34:21.374Z
20010,40957,TX20240528060448,WIT_FEE,50,MRU,7847,PLATFORM,COLLECTED,2024-05-28T08:00:55.933Z
20011,40960,TX20240901547733,WIT_FEE,50,MRU,5002,PLATFORM,COLLECTED,2024-09-01T07:20:22.842Z
20012,40971,TX20240221075452,PAY_FEE,75,MRU,2087,MERCHANT,COLLECTED,2024-02-21T11:44:01.908Z
20013,40972,TX20241001935396,SAL_FEE,1775,MRU,926,PLATFORM,COLLECTED,2024-10-01T15:58:02.070Z
20014,40975,TX20240418684512,PAY_FEE,20,MRU,185,MERCHANT,COLLECTED,2024-04-18T07:32:55.227Z
20015,40980,TX20240309209783,WIT_FEE,500,MRU,10024,PLATFORM,COLLECTED,2024-03-09T17:54:54.802Z
20016,40981,TX20240621643542,PAY_FEE,39,MRU,8313,MERCHANT,COLLECTED,2024-06-21T17:03:52.799Z
20017,40983,TX20240527674737,TRF_FEE,50,MRU,4965,PLATFORM,COLLECTED,2024-05-27T08:25:57.788Z
20018,40984,TX20240520488516,PAY_FEE,26,MRU,6566,MERCHANT,COLLECTED,2024-05-20T07:58:03.151Z
20019,40990,TX20240510091804,PAY_FEE,41,MRU,2973,MERCHANT,COLLECTED,2024-05-10T17:58:50.988Z
20020,40994,TX20240612449275,TRF_FEE,25,MRU,10300,PLATFORM,COLLECTED,2024-06-12T08:46:49.122Z
20021,40995,TX20240112078572,TRF_FEE,25,MRU,212,PLATFORM,COLLECTED,2024-01-12T09:38:24.531Z
20022,40996,TX20240912580068,PAY_FEE,119,MRU,10349,MERCHANT,COLLECTED,2024-09-12T07:32:26.921Z
20023,40997,TX20241009932531,WIT_FEE,50,MRU,1149,PLATFORM,COLLECTED,2024-10-09T10:18:08.326Z
20024,41000,TX20241220230646,WIT_FEE,50,MRU,2846,PLATFORM,COLLECTED,2024-12-20T18:01:44.536Z
20025,41003,TX20240214371022,TRF_FEE,25,MRU,244,PLATFORM,COLLECTED,2024-02-14T07:40:03.132Z
20026,41005,TX20241116885361,WIT_FEE,50,MRU,3943,PLATFORM,COLLECTED,2024-11-16T07:26:23.023Z
20027,41008,TX20241021887369,PAY_FEE,23,MRU,9006,MERCHANT,COLLECTED,2024-10-21T08:26:56.029Z
20028,41010,TX20240730162650,WIT_FEE,50,MRU,9335,PLATFORM,COLLECTED,2024-07-30T16:34:44.490Z
20029,41013,TX20240806222731,TRF_FEE,50,MRU,4983,PLATFORM,COLLECTED,2024-08-06T05:05:05.967Z
20030,41015,TX20241203954535,PAY_FEE,7,MRU,5306,MERCHANT,COLLECTED,2024-12-03T12:26:10.067Z
20031,41016,TX20240625428302,TRF_FEE,50,MRU,8334,PLATFORM,COLLECTED,2024-06-25T09:25:17.346Z
20032,41017,TX20240423442663,PAY_FEE,23,MRU,6961,MERCHANT,COLLECTED,2024-04-23T06:22:17.980Z
20033,41019,TX20240423150484,PAY_FEE,210,MRU,2433,MERCHANT,COLLECTED,2024-04-23T11:48:28.298Z
20034,41021,TX20240924485817,TRF_FEE,50,MRU,3538,PLATFORM,COLLECTED,2024-09-24T21:55:53.523Z
20035,41022,TX20240831411162,PAY_FEE,137,MRU,6471,MERCHANT,COLLECTED,2024-08-31T17:51:38.593Z
20036,41023,TX20241206349059,WIT_FEE,79,MRU,958,PLATFORM,COLLECTED,2024-12-06T07:47:12.126Z
20037,41024,TX20240215580011,PAY_FEE,75,MRU,1394,MERCHANT,COLLECTED,2024-02-15T06:43:44.331Z
20038,41035,TX20240117938839,TRF_FEE,25,MRU,8057,PLATFORM,COLLECTED,2024-01-17T16:20:10.147Z
20039,41036,TX20240416759244,TRF_FEE,50,MRU,86,PLATFORM,COLLECTED,2024-04-16T13:43:10.767Z
20040,41037,TX20240221781776,WIT_FEE,50,MRU,1424,PLATFORM,COLLECTED,2024-02-21T06:33:11.557Z
20041,41038,TX20240712644322,TRF_FEE,25,MRU,8416,PLATFORM,COLLECTED,2024-07-12T09:55:45.890Z
20042,41042,TX20241219246571,TRF_FEE,25,MRU,7827,PLATFORM,COLLECTED,2024-12-19T16:17:37.114Z
20043,41043,TX20240728719230,PAY_FEE,60,MRU,3185,MERCHANT,COLLECTED,2024-07-28T17:43:13.170Z
20044,41045,TX20240122628131,PAY_FEE,285,MRU,7766,MERCHANT,COLLECTED,2024-01-22T09:40:47.886Z
20045,41047,TX20240530665122,TRF_FEE,25,MRU,1389,PLATFORM,COLLECTED,2024-05-30T11:30:28.161Z
20046,41049,TX20241120435006,PAY_FEE,17,MRU,6522,MERCHANT,COLLECTED,2024-11-20T13:03:34.762Z
20047,41051,TX20240515000350,TRF_FEE,50,MRU,10424,PLATFORM,COLLECTED,2024-05-15T09:16:07.495Z
20048,41053,TX20240815336421,WIT_FEE,50,MRU,8761,PLATFORM,COLLECTED,2024-08-15T07:29:32.333Z
20049,41055,TX20241203790787,PAY_FEE,21,MRU,5728,MERCHANT,COLLECTED,2024-12-03T06:57:08.990Z
20050,41058,TX20240618350452,TRF_FEE,25,MRU,8470,PLATFORM,COLLECTED,2024-06-18T04:58:50.622Z
20051,41059,TX20240318545136,WIT_FEE,50,MRU,4125,PLATFORM,COLLECTED,2024-03-18T15:08:26.746Z
20052,41062,TX20240923864848,TRF_FEE,25,MRU,3980,PLATFORM,COLLECTED,2024-09-23T10:22:14.528Z
20053,41064,TX20240426260208,WIT_FEE,50,MRU,10668,PLATFORM,COLLECTED,2024-04-26T07:51:43.072Z
20054,41065,TX20240424095683,WIT_FEE,50,MRU,209,PLATFORM,COLLECTED,2024-04-24T18:26:15.613Z
20055,41076,TX20240218217552,TRF_FEE,25,MRU,6164,PLATFORM,COLLECTED,2024-02-18T08:31:18.516Z
20056,41078,TX20240314527779,TRF_FEE,10,MRU,6427,PLATFORM,COLLECTED,2024-03-14T15:55:48.318Z
20057,41079,TX20240827582350,PAY_FEE,33,MRU,4765,MERCHANT,COLLECTED,2024-08-27T15:05:53.469Z
20058,41082,TX20240829634396,WIT_FEE,50,MRU,4548,PLATFORM,COLLECTED,2024-08-29T09:22:31.459Z
20059,41087,TX20241016864469,WIT_FEE,50,MRU,3348,PLATFORM,COLLECTED,2024-10-16T13:36:03.620Z
20060,41089,TX20240120947348,BIL_FEE,100,MRU,7934,PLATFORM,COLLECTED,2024-01-20T09:52:49.904Z
20061,41091,TX20241125115416,TRF_FEE,50,MRU,6630,PLATFORM,COLLECTED,2024-11-25T17:58:53.996Z
20062,41094,TX20240708536215,WIT_FEE,50,MRU,3058,PLATFORM,COLLECTED,2024-07-08T12:22:14.289Z
20063,41096,TX20240306904462,PAY_FEE,20,MRU,4132,MERCHANT,COLLECTED,2024-03-06T07:27:27.387Z
20064,41097,TX20240717878833,PAY_FEE,65,MRU,257,MERCHANT,COLLECTED,2024-07-17T13:14:56.029Z
20065,41101,TX20240117203092,TRF_FEE,50,MRU,10380,PLATFORM,COLLECTED,2024-01-17T10:53:47.508Z
20066,41102,TX20240405308367,BIL_FEE,100,MRU,480,PLATFORM,COLLECTED,2024-04-05T07:54:47.431Z
20067,41104,TX20241222237975,BIL_FEE,100,MRU,6707,PLATFORM,COLLECTED,2024-12-22T09:20:06.210Z
20068,41108,TX20240213855535,SAL_FEE,360,MRU,7890,PLATFORM,COLLECTED,2024-02-13T18:14:28.466Z
20069,41109,TX20240303536892,TRF_FEE,25,MRU,6498,PLATFORM,COLLECTED,2024-03-03T13:55:18.074Z
20070,41111,TX20240716855659,WIT_FEE,50,MRU,2332,PLATFORM,COLLECTED,2024-07-16T15:48:36.941Z
20071,41114,TX20241020076491,PAY_FEE,24,MRU,1490,MERCHANT,COLLECTED,2024-10-20T12:43:21.852Z
20072,41122,TX20240413226653,WIT_FEE,50,MRU,3541,PLATFORM,COLLECTED,2024-04-13T08:35:29.451Z
20073,41128,TX20240217323496,WIT_FEE,250,MRU,2888,PLATFORM,COLLECTED,2024-02-17T17:25:47.230Z
20074,41130,TX20240207311944,TRF_FEE,25,MRU,3752,PLATFORM,COLLECTED,2024-02-07T16:19:43.610Z
20075,41131,TX20240825883575,BIL_FEE,100,MRU,4393,PLATFORM,COLLECTED,2024-08-25T11:59:49.072Z
20076,41133,TX20240929157187,TRF_FEE,50,MRU,10610,PLATFORM,COLLECTED,2024-09-29T15:51:19.220Z
20077,41135,TX20240514808443,WIT_FEE,50,MRU,3408,PLATFORM,COLLECTED,2024-05-14T06:03:54.045Z
20078,41136,TX20240706888864,PAY_FEE,89,MRU,3153,MERCHANT,COLLECTED,2024-07-06T11:19:04.473Z
20079,41140,TX20241001334365,WIT_FEE,50,MRU,4686,PLATFORM,COLLECTED,2024-10-01T06:31:20.872Z
20080,41144,TX20240506095184,TRF_FEE,50,MRU,4624,PLATFORM,COLLECTED,2024-05-06T12:02:20.273Z
20081,41149,TX20240219418805,TRF_FEE,50,MRU,8197,PLATFORM,COLLECTED,2024-02-19T15:57:17.532Z
20082,41152,TX20240801722077,TRF_FEE,10,MRU,2565,PLATFORM,COLLECTED,2024-08-01T09:56:08.665Z
20083,41153,TX20240610222580,WIT_FEE,50,MRU,5833,PLATFORM,COLLECTED,2024-06-10T04:24:16.315Z
20084,41154,TX20240417555492,WIT_FEE,50,MRU,8389,PLATFORM,COLLECTED,2024-04-17T05:50:05.565Z
20085,41155,TX20240210634058,WIT_FEE,50,MRU,5796,PLATFORM,COLLECTED,2024-02-10T04:37:41.508Z
20086,41158,TX20240806648496,PAY_FEE,50,MRU,9731,MERCHANT,COLLECTED,2024-08-06T08:19:30.895Z
20087,41161,TX20240112344853,PAY_FEE,63,MRU,959,MERCHANT,COLLECTED,2024-01-12T20:23:44.547Z
20088,41166,TX20240227764404,TRF_FEE,50,MRU,10107,PLATFORM,COLLECTED,2024-02-27T14:25:32.970Z
20089,41169,TX20240304112049,TRF_FEE,50,MRU,267,PLATFORM,COLLECTED,2024-03-04T17:17:22.948Z
20090,41170,TX20240423449132,TRF_FEE,25,MRU,8372,PLATFORM,COLLECTED,2024-04-23T17:55:19.293Z
20091,41171,TX20240112542075,SAL_FEE,705,MRU,5135,PLATFORM,COLLECTED,2024-01-12T15:38:43.118Z
20092,41172,TX20240309075452,BIL_FEE,100,MRU,1023,PLATFORM,COLLECTED,2024-03-09T13:12:22.713Z
20093,41173,TX20241001248670,SAL_FEE,1775,MRU,926,PLATFORM,COLLECTED,2024-10-01T15:58:02.070Z
20094,41175,TX20240128693567,TRF_FEE,25,MRU,8105,PLATFORM,COLLECTED,2024-01-28T11:14:17.050Z
20095,41176,TX20240316619226,WIT_FEE,50,MRU,643,PLATFORM,COLLECTED,2024-03-16T07:08:58.123Z
20096,41180,TX20240823908942,PAY_FEE,32,MRU,4373,MERCHANT,COLLECTED,2024-08-23T20:25:28.205Z
20097,41181,TX20240309074420,WIT_FEE,500,MRU,10024,PLATFORM,COLLECTED,2024-03-09T17:54:54.802Z
20098,41185,TX20240103891916,PAY_FEE,180,MRU,557,MERCHANT,COLLECTED,2024-01-03T17:23:12.973Z
20099,41191,TX20241128202108,WIT_FEE,50,MRU,3000,PLATFORM,COLLECTED,2024-11-28T21:50:59.268Z
20100,41192,TX20240518022496,TRF_FEE,10,MRU,4931,PLATFORM,COLLECTED,2024-05-18T13:46:43.846Z
20101,41193,TX20240615016515,PAY_FEE,24,MRU,7127,MERCHANT,COLLECTED,2024-06-15T13:42:45.851Z
20102,41195,TX20240612064396,TRF_FEE,25,MRU,10300,PLATFORM,COLLECTED,2024-06-12T08:46:49.122Z
20103,41198,TX20240220932531,WIT_FEE,210,MRU,3933,PLATFORM,COLLECTED,2024-02-20T10:06:38.266Z
20104,41200,TX20240630204697,WIT_FEE,120,MRU,7969,PLATFORM,COLLECTED,2024-06-30T12:19:47.086Z
20105,41212,TX20240421102411,SAL_FEE,1960,MRU,474,PLATFORM,COLLECTED,2024-04-21T06:37:56.477Z
20106,41218,TX20240219418570,WIT_FEE,50,MRU,5529,PLATFORM,COLLECTED,2024-02-19T10:17:58.631Z
20107,41219,TX20241024437083,TRF_FEE,50,MRU,5066,PLATFORM,COLLECTED,2024-10-24T08:08:49.168Z
20108,41220,TX20240423018981,PAY_FEE,210,MRU,2433,MERCHANT,COLLECTED,2024-04-23T11:48:28.298Z
20109,41222,TX20240924028486,TRF_FEE,50,MRU,3538,PLATFORM,COLLECTED,2024-09-24T21:55:53.523Z
20110,41223,TX20241124158812,TRF_FEE,25,MRU,7267,PLATFORM,COLLECTED,2024-11-24T17:38:35.585Z
20111,41226,TX20240521630946,PAY_FEE,77,MRU,1562,MERCHANT,COLLECTED,2024-05-21T15:05:21.059Z
20112,41227,TX20241227221365,TRF_FEE,25,MRU,2114,PLATFORM,COLLECTED,2024-12-27T14:38:46.179Z
20113,41231,TX20240704405649,TRF_FEE,50,MRU,3041,PLATFORM,COLLECTED,2024-07-04T07:31:31.458Z
20114,41232,TX20240421016569,TRF_FEE,25,MRU,2662,PLATFORM,COLLECTED,2024-04-21T12:02:08.396Z
20115,41233,TX20240906755450,SAL_FEE,2445,MRU,5828,PLATFORM,COLLECTED,2024-09-06T09:38:15.134Z
20116,41237,TX20240825452590,PAY_FEE,26,MRU,8962,MERCHANT,COLLECTED,2024-08-25T14:09:25.617Z
20117,41238,TX20241028647800,PAY_FEE,63,MRU,10308,MERCHANT,COLLECTED,2024-10-28T10:27:08.031Z
20118,41239,TX20240308759388,PAY_FEE,72,MRU,5342,MERCHANT,COLLECTED,2024-03-08T20:47:40.582Z
20119,41244,TX20240405170878,TRF_FEE,25,MRU,4696,PLATFORM,COLLECTED,2024-04-05T06:14:46.520Z
20120,41247,TX20240211129964,TRF_FEE,25,MRU,1714,PLATFORM,COLLECTED,2024-02-11T18:57:11.030Z
20121,41248,TX20240610962315,WIT_FEE,50,MRU,2415,PLATFORM,COLLECTED,2024-06-10T08:47:12.272Z
20122,41249,TX20240528182778,WIT_FEE,50,MRU,2445,PLATFORM,COLLECTED,2024-05-28T07:33:21.447Z
20123,41250,TX20241130794931,TRF_FEE,50,MRU,700,PLATFORM,COLLECTED,2024-11-30T12:46:53.540Z
20124,41252,TX20241130478586,WIT_FEE,50,MRU,4121,PLATFORM,COLLECTED,2024-11-30T19:11:34.673Z
20125,41253,TX20240114672105,PAY_FEE,285,MRU,1334,MERCHANT,COLLECTED,2024-01-14T07:18:37.660Z
20126,41257,TX20241114202917,TRF_FEE,10,MRU,1369,PLATFORM,COLLECTED,2024-11-14T07:00:45.692Z
20127,41261,TX20241215684793,WIT_FEE,50,MRU,7888,PLATFORM,COLLECTED,2024-12-15T08:12:22.248Z
20128,41271,TX20240627589993,PAY_FEE,8,MRU,4755,MERCHANT,COLLECTED,2024-06-27T07:09:23.235Z
20129,41275,TX20241128777940,WIT_FEE,100,MRU,4848,PLATFORM,COLLECTED,2024-11-28T21:22:03.613Z
20130,41276,TX20240408440214,TRF_FEE,25,MRU,4445,PLATFORM,COLLECTED,2024-04-08T06:49:59.781Z
20131,41278,TX20240312826948,WIT_FEE,50,MRU,8355,PLATFORM,COLLECTED,2024-03-12T20:10:35.259Z
20132,41280,TX20241222578515,PAY_FEE,68,MRU,8511,MERCHANT,COLLECTED,2024-12-22T09:18:49.657Z
20133,41281,TX20240910145179,PAY_FEE,35,MRU,1372,MERCHANT,COLLECTED,2024-09-10T13:38:13.447Z
20134,41282,TX20240726796021,TRF_FEE,50,MRU,6906,PLATFORM,COLLECTED,2024-07-26T14:53:43.457Z
20135,41283,TX20240407963366,TRF_FEE,10,MRU,5090,PLATFORM,COLLECTED,2024-04-07T14:21:22.531Z
20136,41285,TX20240907287087,TRF_FEE,50,MRU,217,PLATFORM,COLLECTED,2024-09-07T08:15:16.688Z
20137,41288,TX20240410279605,SAL_FEE,930,MRU,6844,PLATFORM,COLLECTED,2024-04-10T15:34:36.063Z
20138,41289,TX20240623209317,PAY_FEE,33,MRU,3632,MERCHANT,COLLECTED,2024-06-23T16:55:12.897Z
20139,41292,TX20240630196128,TRF_FEE,50,MRU,10985,PLATFORM,COLLECTED,2024-06-30T17:51:58.891Z
20140,41294,TX20240225923960,TRF_FEE,25,MRU,7220,PLATFORM,COLLECTED,2024-02-25T17:41:28.586Z
20141,41295,TX20240327691517,WIT_FEE,200,MRU,10839,PLATFORM,COLLECTED,2024-03-27T09:16:58.023Z
20142,41298,TX20240717873913,PAY_FEE,65,MRU,257,MERCHANT,COLLECTED,2024-07-17T13:14:56.029Z
20143,41299,TX20240914172370,WIT_FEE,50,MRU,10775,PLATFORM,COLLECTED,2024-09-14T07:43:59.062Z
20144,41300,TX20240323119285,WIT_FEE,50,MRU,5427,PLATFORM,COLLECTED,2024-03-23T08:50:09.818Z
20145,41301,TX20240707826754,TRF_FEE,50,MRU,4562,PLATFORM,COLLECTED,2024-07-07T11:19:22.679Z
20146,41302,TX20241118173220,WIT_FEE,50,MRU,10407,PLATFORM,COLLECTED,2024-11-18T16:30:56.792Z
20147,41306,TX20240321364618,TRF_FEE,25,MRU,967,PLATFORM,COLLECTED,2024-03-21T16:44:12.889Z
20148,41307,TX20241118858724,PAY_FEE,42,MRU,2326,MERCHANT,COLLECTED,2024-11-18T13:39:53.876Z
20149,41309,TX20240326122616,BIL_FEE,100,MRU,7423,PLATFORM,COLLECTED,2024-03-26T12:27:42.049Z
20150,41311,TX20240810745131,WIT_FEE,290,MRU,8624,PLATFORM,COLLECTED,2024-08-10T14:15:57.968Z
20151,41312,TX20240418782445,PAY_FEE,41,MRU,10911,MERCHANT,COLLECTED,2024-04-18T14:30:06.800Z
20152,41314,TX20240229151572,WIT_FEE,85,MRU,5265,PLATFORM,COLLECTED,2024-02-29T12:19:34.924Z
20153,41315,TX20240923865994,TRF_FEE,50,MRU,3043,PLATFORM,COLLECTED,2024-09-23T09:51:08.275Z
20154,41316,TX20240502662723,WIT_FEE,50,MRU,6573,PLATFORM,COLLECTED,2024-05-02T13:52:05.591Z
20155,41319,TX20240523328276,SAL_FEE,1660,MRU,2348,PLATFORM,COLLECTED,2024-05-23T09:12:30.875Z
20156,41320,TX20240624495194,WIT_FEE,50,MRU,6641,PLATFORM,COLLECTED,2024-06-24T17:40:45.967Z
20157,41321,TX20240122551377,WIT_FEE,56,MRU,10085,PLATFORM,COLLECTED,2024-01-22T11:59:32.263Z
20158,41329,TX20240217675021,WIT_FEE,50,MRU,2888,PLATFORM,COLLECTED,2024-02-17T17:25:47.230Z
20159,41331,TX20240723758030,WIT_FEE,50,MRU,6738,PLATFORM,COLLECTED,2024-07-23T06:44:19.723Z
20160,41332,TX20241122677758,WIT_FEE,50,MRU,786,PLATFORM,COLLECTED,2024-11-22T15:27:59.822Z
20161,41333,TX20240203839640,TRF_FEE,10,MRU,979,PLATFORM,COLLECTED,2024-02-03T08:00:24.711Z
20162,41335,TX20240215238218,PAY_FEE,10,MRU,5453,MERCHANT,COLLECTED,2024-02-15T09:59:40.596Z
20163,41336,TX20241217808443,WIT_FEE,50,MRU,10056,PLATFORM,COLLECTED,2024-12-17T10:22:04.052Z
20164,41337,TX20240706679991,PAY_FEE,89,MRU,3153,MERCHANT,COLLECTED,2024-07-06T11:19:04.473Z
20165,41338,TX20240522713680,TRF_FEE,10,MRU,3884,PLATFORM,COLLECTED,2024-05-22T16:40:46.943Z
20166,41341,TX20240213169483,PAY_FEE,6,MRU,3697,MERCHANT,COLLECTED,2024-02-13T13:20:52.423Z
20167,41343,TX20240828934720,WIT_FEE,50,MRU,3443,PLATFORM,COLLECTED,2024-08-28T15:48:10.455Z
20168,41344,TX20240606439760,PAY_FEE,180,MRU,2322,MERCHANT,COLLECTED,2024-06-06T07:05:56.625Z
20169,41346,TX20240803569653,TRF_FEE,50,MRU,6369,PLATFORM,COLLECTED,2024-08-03T12:31:30.029Z
20170,41348,TX20240729966850,WIT_FEE,50,MRU,5327,PLATFORM,COLLECTED,2024-07-29T08:10:51.554Z
20171,41349,TX20240718600874,TRF_FEE,10,MRU,3681,PLATFORM,COLLECTED,2024-07-18T07:11:12.337Z
20172,41351,TX20240505035238,TRF_FEE,50,MRU,3201,PLATFORM,COLLECTED,2024-05-05T10:31:56.122Z
20173,41353,TX20240229685202,WIT_FEE,180,MRU,3689,PLATFORM,COLLECTED,2024-02-29T09:26:26.397Z
20174,41356,TX20240312043853,TRF_FEE,50,MRU,6871,PLATFORM,COLLECTED,2024-03-12T19:24:36.272Z
20175,41358,TX20240426944541,WIT_FEE,50,MRU,6273,PLATFORM,COLLECTED,2024-04-26T17:34:21.374Z
20176,41359,TX20240415385900,TRF_FEE,25,MRU,5324,PLATFORM,COLLECTED,2024-04-15T01:55:56.712Z
20177,41364,TX20241024794282,TRF_FEE,50,MRU,1235,PLATFORM,COLLECTED,2024-10-24T09:56:42.451Z
20178,41366,TX20241018905316,TRF_FEE,50,MRU,6040,PLATFORM,COLLECTED,2024-10-18T14:09:41.846Z
20179,41367,TX20240309916637,TRF_FEE,10,MRU,5342,PLATFORM,COLLECTED,2024-03-09T08:40:41.351Z
20180,41368,TX20240817541575,WIT_FEE,50,MRU,9361,PLATFORM,COLLECTED,2024-08-17T12:27:33.573Z
20181,41369,TX20240126242593,SAL_FEE,385,MRU,7172,PLATFORM,COLLECTED,2024-01-25T23:39:52.538Z
20182,41370,TX20240731997370,WIT_FEE,50,MRU,3246,PLATFORM,COLLECTED,2024-07-31T05:01:51.443Z
20183,41374,TX20241001161395,SAL_FEE,1775,MRU,926,PLATFORM,COLLECTED,2024-10-01T15:58:02.070Z
20184,41376,TX20240823500205,WIT_FEE,210,MRU,555,PLATFORM,COLLECTED,2024-08-23T06:24:14.295Z
20185,41382,TX20240309536313,WIT_FEE,500,MRU,10024,PLATFORM,COLLECTED,2024-03-09T17:54:54.802Z
20186,41383,TX20240123824442,BIL_FEE,100,MRU,5427,PLATFORM,COLLECTED,2024-01-23T17:47:45.329Z
20187,41385,TX20240527266358,TRF_FEE,50,MRU,4965,PLATFORM,COLLECTED,2024-05-27T08:25:57.788Z
20188,41387,TX20240118800743,WIT_FEE,50,MRU,8269,PLATFORM,COLLECTED,2024-01-18T17:04:07.186Z
20189,41388,TX20240918626683,SAL_FEE,335,MRU,7091,PLATFORM,COLLECTED,2024-09-18T07:59:19.435Z
20190,41392,TX20241101439813,PAY_FEE,24,MRU,10897,MERCHANT,COLLECTED,2024-11-01T10:54:58.846Z
20191,41396,TX20240420068926,TRF_FEE,25,MRU,10646,PLATFORM,COLLECTED,2024-04-20T15:49:07.933Z
20192,41397,TX20240529490256,TRF_FEE,50,MRU,3997,PLATFORM,COLLECTED,2024-05-29T12:01:28.350Z
20193,41400,TX20240710835387,TRF_FEE,50,MRU,2486,PLATFORM,COLLECTED,2024-07-10T14:38:49.905Z
20194,41401,TX20240630891827,WIT_FEE,120,MRU,7969,PLATFORM,COLLECTED,2024-06-30T12:19:47.086Z
20195,41402,TX20240401629499,WIT_FEE,270,MRU,283,PLATFORM,COLLECTED,2024-04-01T16:21:58.901Z
20196,41403,TX20241114444729,WIT_FEE,50,MRU,5077,PLATFORM,COLLECTED,2024-11-14T18:47:01.799Z
20197,41407,TX20240129359886,PAY_FEE,315,MRU,21,MERCHANT,COLLECTED,2024-01-29T11:23:01.355Z
20198,41409,TX20241028641308,SAL_FEE,2205,MRU,1864,PLATFORM,COLLECTED,2024-10-28T16:16:52.508Z
20199,41410,TX20241002887369,PAY_FEE,36,MRU,323,MERCHANT,COLLECTED,2024-10-02T16:16:26.942Z
20200,41412,TX20240726834531,PAY_FEE,13,MRU,2771,MERCHANT,COLLECTED,2024-07-26T15:29:50.024Z
20201,41414,TX20240728085593,PAY_FEE,5,MRU,2705,MERCHANT,COLLECTED,2024-07-28T09:13:58.974Z
20202,41415,TX20240711222731,WIT_FEE,50,MRU,10659,PLATFORM,COLLECTED,2024-07-11T13:03:05.084Z
20203,41417,TX20240618140319,BIL_FEE,100,MRU,9167,PLATFORM,COLLECTED,2024-06-18T10:10:04.479Z
20204,41418,TX20240107935595,TRF_FEE,50,MRU,3303,PLATFORM,COLLECTED,2024-01-07T11:28:22.432Z
20205,41419,TX20241117418570,TRF_FEE,25,MRU,10801,PLATFORM,COLLECTED,2024-11-17T09:08:22.296Z
20206,41421,TX20240423987603,PAY_FEE,210,MRU,2433,MERCHANT,COLLECTED,2024-04-23T11:48:28.298Z
20207,41426,TX20240605124015,TRF_FEE,25,MRU,1377,PLATFORM,COLLECTED,2024-06-05T07:01:08.788Z
20208,41430,TX20240106635139,TRF_FEE,50,MRU,5754,PLATFORM,COLLECTED,2024-01-06T17:51:33.964Z
20209,41432,TX20240616762807,TRF_FEE,50,MRU,2815,PLATFORM,COLLECTED,2024-06-16T08:24:12.825Z
20210,41433,TX20240118738250,TRF_FEE,25,MRU,4135,PLATFORM,COLLECTED,2024-01-18T08:23:14.811Z
20211,41435,TX20240214319456,TRF_FEE,50,MRU,4019,PLATFORM,COLLECTED,2024-02-14T18:22:17.164Z
20212,41439,TX20241215293402,PAY_FEE,53,MRU,2127,MERCHANT,COLLECTED,2024-12-15T09:08:03.563Z
20213,41440,TX20241004798088,PAY_FEE,69,MRU,5870,MERCHANT,COLLECTED,2024-10-04T08:58:50.625Z
20214,41441,TX20240819125940,PAY_FEE,21,MRU,4856,MERCHANT,COLLECTED,2024-08-19T05:11:24.401Z
20215,41448,TX20240806412346,WIT_FEE,50,MRU,10122,PLATFORM,COLLECTED,2024-08-06T18:50:04.852Z
20216,41449,TX20240619833307,TRF_FEE,25,MRU,1048,PLATFORM,COLLECTED,2024-06-19T07:07:50.394Z
20217,41450,TX20240923450542,TRF_FEE,50,MRU,7216,PLATFORM,COLLECTED,2024-09-23T09:57:03.931Z
20218,41451,TX20240302469514,TRF_FEE,25,MRU,8777,PLATFORM,COLLECTED,2024-03-02T10:08:29.171Z
20219,41453,TX20241129910127,WIT_FEE,50,MRU,4,PLATFORM,COLLECTED,2024-11-29T05:38:28.071Z
20220,41454,TX20240804732459,TRF_FEE,50,MRU,9528,PLATFORM,COLLECTED,2024-08-04T14:29:53.146Z
20221,41455,TX20240607905851,PAY_FEE,99,MRU,10333,MERCHANT,COLLECTED,2024-06-07T16:53:20.097Z
20222,41456,TX20241207427623,PAY_FEE,33,MRU,7815,MERCHANT,COLLECTED,2024-12-07T09:04:06.222Z
20223,41457,TX20240515157271,WIT_FEE,50,MRU,6793,PLATFORM,COLLECTED,2024-05-15T11:14:47.160Z
20224,41458,TX20240925311505,TRF_FEE,10,MRU,140,PLATFORM,COLLECTED,2024-09-25T08:39:10.936Z
20225,41459,TX20240610856804,WIT_FEE,110,MRU,9231,PLATFORM,COLLECTED,2024-06-10T15:09:58.811Z
20226,41462,TX20240103784888,TRF_FEE,25,MRU,4126,PLATFORM,COLLECTED,2024-01-03T04:34:14.947Z
20227,41464,TX20241023776831,TRF_FEE,50,MRU,9684,PLATFORM,COLLECTED,2024-10-23T08:38:53.864Z
20228,41465,TX20241222029665,PAY_FEE,11,MRU,7468,MERCHANT,COLLECTED,2024-12-22T10:52:43.130Z
20229,41468,TX20240609094312,WIT_FEE,150,MRU,10455,PLATFORM,COLLECTED,2024-06-09T07:20:43.658Z
20230,41469,TX20241021410730,PAY_FEE,68,MRU,2632,MERCHANT,COLLECTED,2024-10-21T09:09:31.007Z
20231,41472,TX20240413366187,WIT_FEE,150,MRU,6567,PLATFORM,COLLECTED,2024-04-13T13:04:18.821Z
20232,41474,TX20240326815674,TRF_FEE,50,MRU,3440,PLATFORM,COLLECTED,2024-03-26T12:23:07.450Z
20233,41475,TX20240731403786,TRF_FEE,50,MRU,10490,PLATFORM,COLLECTED,2024-07-31T06:51:32.212Z
20234,41481,TX20241222207574,PAY_FEE,68,MRU,8511,MERCHANT,COLLECTED,2024-12-22T09:18:49.657Z
20235,41482,TX20240728859853,TRF_FEE,50,MRU,6842,PLATFORM,COLLECTED,2024-07-28T14:13:26.124Z
20236,41486,TX20240329737863,TRF_FEE,50,MRU,5083,PLATFORM,COLLECTED,2024-03-29T09:16:41.020Z
20237,41487,TX20240622721562,SAL_FEE,2095,MRU,4451,PLATFORM,COLLECTED,2024-06-22T10:10:40.749Z
20238,41488,TX20241211344313,TRF_FEE,50,MRU,3297,PLATFORM,COLLECTED,2024-12-11T16:15:57.001Z
20239,41489,TX20240812279605,TRF_FEE,50,MRU,3202,PLATFORM,COLLECTED,2024-08-12T05:37:18.459Z
20240,41490,TX20240623885845,PAY_FEE,33,MRU,3632,MERCHANT,COLLECTED,2024-06-23T16:55:12.897Z
20241,41491,TX20241116947348,WIT_FEE,50,MRU,4329,PLATFORM,COLLECTED,2024-11-16T17:54:43.002Z
20242,41493,TX20241111196128,BIL_FEE,100,MRU,1132,PLATFORM,COLLECTED,2024-11-11T20:53:59.600Z
20243,41496,TX20240516933654,TRF_FEE,25,MRU,252,PLATFORM,COLLECTED,2024-05-16T08:17:16.977Z
20244,41497,TX20241230242176,TRF_FEE,50,MRU,3638,PLATFORM,COLLECTED,2024-12-30T10:36:52.714Z
20245,41501,TX20240323924957,WIT_FEE,50,MRU,5427,PLATFORM,COLLECTED,2024-03-23T08:50:09.818Z
20246,41504,TX20240223891826,WIT_FEE,50,MRU,1369,PLATFORM,COLLECTED,2024-02-23T18:47:25.043Z
20247,41505,TX20241227418315,TRF_FEE,50,MRU,8197,PLATFORM,COLLECTED,2024-12-27T08:59:43.407Z
20248,41508,TX20240324746512,TRF_FEE,50,MRU,9875,PLATFORM,COLLECTED,2024-03-24T15:52:32.658Z
20249,41510,TX20241226004049,PAY_FEE,8,MRU,5165,MERCHANT,COLLECTED,2024-12-26T07:54:14.476Z
20250,41515,TX20241107673185,TRF_FEE,25,MRU,8122,PLATFORM,COLLECTED,2024-11-07T16:34:47.536Z
20251,41517,TX20240812099080,WIT_FEE,50,MRU,47,PLATFORM,COLLECTED,2024-08-12T17:05:35.594Z
20252,41520,TX20240319170356,WIT_FEE,50,MRU,519,PLATFORM,COLLECTED,2024-03-19T13:52:12.626Z
20253,41528,TX20240801195050,TRF_FEE,25,MRU,7592,PLATFORM,COLLECTED,2024-08-01T13:44:49.743Z
20254,41531,TX20240615202794,TRF_FEE,25,MRU,4711,PLATFORM,COLLECTED,2024-06-15T07:57:32.722Z
20255,41533,TX20240825445566,BIL_FEE,100,MRU,4393,PLATFORM,COLLECTED,2024-08-25T11:59:49.072Z
20256,41534,TX20240614839640,PAY_FEE,23,MRU,7845,MERCHANT,COLLECTED,2024-06-14T06:10:00.404Z
20257,41537,TX20240131931755,WIT_FEE,50,MRU,9030,PLATFORM,COLLECTED,2024-01-31T06:54:02.307Z
20258,41538,TX20240616679991,TRF_FEE,25,MRU,1326,PLATFORM,COLLECTED,2024-06-16T09:04:28.284Z
20259,41539,TX20240522847513,TRF_FEE,10,MRU,3884,PLATFORM,COLLECTED,2024-05-22T16:40:46.943Z
20260,41542,TX20240213410980,PAY_FEE,6,MRU,3697,MERCHANT,COLLECTED,2024-02-13T13:20:52.423Z
20261,41544,TX20240307243935,PAY_FEE,14,MRU,6913,MERCHANT,COLLECTED,2024-03-07T11:18:10.955Z
20262,41546,TX20240728952312,WIT_FEE,50,MRU,444,PLATFORM,COLLECTED,2024-07-28T14:27:20.551Z
20263,41547,TX20240711295039,TRF_FEE,50,MRU,10140,PLATFORM,COLLECTED,2024-07-11T12:01:34.352Z
20264,41551,TX20240822532816,WIT_FEE,50,MRU,5350,PLATFORM,COLLECTED,2024-08-22T12:13:34.703Z
20265,41552,TX20240712843907,TRF_FEE,25,MRU,563,PLATFORM,COLLECTED,2024-07-12T18:07:17.529Z
20266,41557,TX20241128014901,TRF_FEE,10,MRU,8920,PLATFORM,COLLECTED,2024-11-28T19:44:04.024Z
20267,41558,TX20241002154069,PAY_FEE,99,MRU,257,MERCHANT,COLLECTED,2024-10-02T07:57:47.110Z
20268,41565,TX20241024821712,TRF_FEE,50,MRU,1235,PLATFORM,COLLECTED,2024-10-24T09:56:42.451Z
20269,41566,TX20240519401749,TRF_FEE,50,MRU,351,PLATFORM,COLLECTED,2024-05-19T05:56:54.941Z
20270,41570,TX20241222036749,WIT_FEE,50,MRU,5967,PLATFORM,COLLECTED,2024-12-22T07:00:39.871Z
20271,41571,TX20240610186372,PAY_FEE,255,MRU,5380,MERCHANT,COLLECTED,2024-06-10T08:01:29.521Z
20272,41573,TX20240722137341,WIT_FEE,50,MRU,7124,PLATFORM,COLLECTED,2024-07-22T15:59:01.666Z
20273,41575,TX20240116161395,SAL_FEE,340,MRU,86,PLATFORM,COLLECTED,2024-01-16T07:05:40.579Z
20274,41577,TX20240128500205,TRF_FEE,25,MRU,8105,PLATFORM,COLLECTED,2024-01-28T11:14:17.050Z
20275,41579,TX20240806538233,TRF_FEE,25,MRU,5485,PLATFORM,COLLECTED,2024-08-06T09:19:48.672Z
20276,41586,TX20240415249185,TRF_FEE,25,MRU,1667,PLATFORM,COLLECTED,2024-04-15T10:57:47.448Z
20277,41593,TX20240510806845,PAY_FEE,41,MRU,2973,MERCHANT,COLLECTED,2024-05-10T17:58:50.988Z
20278,41595,TX20240615639279,PAY_FEE,24,MRU,7127,MERCHANT,COLLECTED,2024-06-15T13:42:45.851Z
20279,41596,TX20240204287152,TRF_FEE,25,MRU,10214,PLATFORM,COLLECTED,2024-02-04T08:11:17.137Z
20280,41598,TX20240529599468,TRF_FEE,50,MRU,3997,PLATFORM,COLLECTED,2024-05-29T12:01:28.350Z
20281,41599,TX20240612802539,TRF_FEE,25,MRU,7801,PLATFORM,COLLECTED,2024-06-12T17:56:07.210Z
20282,41600,TX20240220780593,WIT_FEE,210,MRU,3933,PLATFORM,COLLECTED,2024-02-20T10:06:38.266Z
20283,41602,TX20240630787639,WIT_FEE,120,MRU,7969,PLATFORM,COLLECTED,2024-06-30T12:19:47.086Z
20284,41603,TX20241018794561,WIT_FEE,50,MRU,8090,PLATFORM,COLLECTED,2024-10-18T09:58:54.025Z
20285,41605,TX20240109109936,TRF_FEE,50,MRU,8478,PLATFORM,COLLECTED,2024-01-09T14:38:33.472Z
20286,41607,TX20240621324838,PAY_FEE,38,MRU,2392,MERCHANT,COLLECTED,2024-06-21T07:14:37.228Z
20287,41608,TX20241116034941,WIT_FEE,50,MRU,3943,PLATFORM,COLLECTED,2024-11-16T07:26:23.023Z
20288,41610,TX20241203769520,PAY_FEE,39,MRU,3128,MERCHANT,COLLECTED,2024-12-03T08:59:49.736Z
20289,41611,TX20241021798597,PAY_FEE,23,MRU,9006,MERCHANT,COLLECTED,2024-10-21T08:26:56.029Z
20290,41612,TX20240821141448,TRF_FEE,10,MRU,8290,PLATFORM,COLLECTED,2024-08-21T09:09:11.143Z
20291,41613,TX20240730897572,WIT_FEE,50,MRU,9335,PLATFORM,COLLECTED,2024-07-30T16:34:44.490Z
20292,41614,TX20240421311808,SAL_FEE,1960,MRU,474,PLATFORM,COLLECTED,2024-04-21T06:37:56.477Z
20293,41616,TX20240711083241,WIT_FEE,50,MRU,10659,PLATFORM,COLLECTED,2024-07-11T13:03:05.084Z
20294,41617,TX20241104013905,TRF_FEE,25,MRU,1762,PLATFORM,COLLECTED,2024-11-04T11:55:33.824Z
20295,41618,TX20240612293861,TRF_FEE,50,MRU,1066,PLATFORM,COLLECTED,2024-06-12T07:04:28.830Z
20296,41619,TX20240606083884,WIT_FEE,280,MRU,10554,PLATFORM,COLLECTED,2024-06-06T08:20:45.203Z
20297,41620,TX20240219701890,WIT_FEE,50,MRU,5529,PLATFORM,COLLECTED,2024-02-19T10:17:58.631Z
20298,41621,TX20240420825475,PAY_FEE,42,MRU,2234,MERCHANT,COLLECTED,2024-04-20T07:49:10.457Z
20299,41624,TX20241229485817,PAY_FEE,20,MRU,556,MERCHANT,COLLECTED,2024-12-29T19:53:31.319Z
20300,41625,TX20240831729110,PAY_FEE,137,MRU,6471,MERCHANT,COLLECTED,2024-08-31T17:51:38.593Z
20301,41627,TX20240605668311,TRF_FEE,25,MRU,1377,PLATFORM,COLLECTED,2024-06-05T07:01:08.788Z
20302,41628,TX20241117630946,PAY_FEE,225,MRU,644,MERCHANT,COLLECTED,2024-11-17T10:45:05.357Z
20303,41629,TX20241227580462,TRF_FEE,25,MRU,2114,PLATFORM,COLLECTED,2024-12-27T14:38:46.179Z
20304,41632,TX20240224516301,WIT_FEE,50,MRU,7322,PLATFORM,COLLECTED,2024-02-24T10:31:00.838Z
20305,41633,TX20240410524211,TRF_FEE,25,MRU,911,PLATFORM,COLLECTED,2024-04-10T10:12:49.253Z
20306,41640,TX20240909196400,PAY_FEE,13,MRU,8181,MERCHANT,COLLECTED,2024-09-09T16:08:38.647Z
20307,41644,TX20240925237143,WIT_FEE,200,MRU,3243,PLATFORM,COLLECTED,2024-09-25T08:32:15.640Z
20308,41645,TX20240802321553,TRF_FEE,50,MRU,6178,PLATFORM,COLLECTED,2024-08-02T14:27:32.545Z
20309,41647,TX20240626650634,WIT_FEE,200,MRU,10342,PLATFORM,COLLECTED,2024-06-26T17:07:34.440Z
20310,41653,TX20241125180042,PAY_FEE,108,MRU,912,MERCHANT,COLLECTED,2024-11-25T10:10:28.571Z
20311,41654,TX20241129734824,WIT_FEE,50,MRU,4,PLATFORM,COLLECTED,2024-11-29T05:38:28.071Z
20312,41655,TX20240826838590,TRF_FEE,25,MRU,6898,PLATFORM,COLLECTED,2024-08-26T11:53:08.863Z
20313,41657,TX20241207690790,PAY_FEE,33,MRU,7815,MERCHANT,COLLECTED,2024-12-07T09:04:06.222Z
20314,41658,TX20240622810411,WIT_FEE,50,MRU,2445,PLATFORM,COLLECTED,2024-06-22T08:47:09.615Z
20315,41659,TX20240405311505,PAY_FEE,99,MRU,2679,MERCHANT,COLLECTED,2024-04-05T14:10:56.012Z
20316,41660,TX20240610995201,WIT_FEE,110,MRU,9231,PLATFORM,COLLECTED,2024-06-10T15:09:58.811Z
20317,41663,TX20240103826752,TRF_FEE,25,MRU,4126,PLATFORM,COLLECTED,2024-01-03T04:34:14.947Z
20318,41666,TX20241112262393,TRF_FEE,25,MRU,4224,PLATFORM,COLLECTED,2024-11-12T08:59:43.976Z
20319,41670,TX20240718879403,BIL_FEE,100,MRU,5736,PLATFORM,COLLECTED,2024-07-18T15:48:21.159Z
20320,41673,TX20240413760398,WIT_FEE,50,MRU,6567,PLATFORM,COLLECTED,2024-04-13T13:04:18.821Z
20321,41677,TX20240113898116,TRF_FEE,25,MRU,257,PLATFORM,COLLECTED,2024-01-13T12:32:46.818Z
20322,41681,TX20241204527779,TRF_FEE,25,MRU,4805,PLATFORM,COLLECTED,2024-12-04T17:19:34.194Z
20323,41682,TX20240827917215,PAY_FEE,33,MRU,4765,MERCHANT,COLLECTED,2024-08-27T15:05:53.469Z
20324,41684,TX20240710735798,TRF_FEE,50,MRU,7073,PLATFORM,COLLECTED,2024-07-10T10:00:37.418Z
20325,41685,TX20240614540291,TRF_FEE,25,MRU,10287,PLATFORM,COLLECTED,2024-06-14T15:51:59.985Z
20326,41687,TX20240108490022,TRF_FEE,25,MRU,8211,PLATFORM,COLLECTED,2024-01-08T12:56:46.225Z
20327,41690,TX20240730279605,PAY_FEE,56,MRU,5084,MERCHANT,COLLECTED,2024-07-30T13:03:37.302Z
20328,41691,TX20240623247430,PAY_FEE,33,MRU,3632,MERCHANT,COLLECTED,2024-06-23T16:55:12.897Z
20329,41694,TX20241222196128,PAY_FEE,41,MRU,1177,MERCHANT,COLLECTED,2024-12-22T18:59:36.103Z
20330,41697,TX20240708933654,WIT_FEE,50,MRU,3058,PLATFORM,COLLECTED,2024-07-08T12:22:14.289Z
20331,41698,TX20241230753070,TRF_FEE,50,MRU,3638,PLATFORM,COLLECTED,2024-12-30T10:36:52.714Z
20332,41699,TX20240614126752,TRF_FEE,25,MRU,10924,PLATFORM,COLLECTED,2024-06-14T09:22:03.406Z
20333,41701,TX20240123023630,SAL_FEE,835,MRU,10036,PLATFORM,COLLECTED,2024-01-23T20:59:28.611Z
20334,41702,TX20240423119285,WIT_FEE,50,MRU,9037,PLATFORM,COLLECTED,2024-04-23T08:12:50.162Z
20335,41703,TX20240707975044,TRF_FEE,50,MRU,4562,PLATFORM,COLLECTED,2024-07-07T11:19:22.679Z
20336,41712,TX20240806896732,TRF_FEE,50,MRU,3138,PLATFORM,COLLECTED,2024-08-06T15:15:28.998Z
20337,41714,TX20240418670150,PAY_FEE,41,MRU,10911,MERCHANT,COLLECTED,2024-04-18T14:30:06.800Z
20338,41722,TX20240605197015,PAY_FEE,78,MRU,10135,MERCHANT,COLLECTED,2024-06-05T10:04:55.390Z
20339,41723,TX20241206551377,BIL_FEE,100,MRU,2107,PLATFORM,COLLECTED,2024-12-06T07:01:54.977Z
20340,41725,TX20240327578905,WIT_FEE,50,MRU,5420,PLATFORM,COLLECTED,2024-03-27T14:29:27.319Z
20341,41726,TX20240419094173,TRF_FEE,50,MRU,6898,PLATFORM,COLLECTED,2024-04-19T16:20:03.148Z
20342,41729,TX20240806095738,TRF_FEE,25,MRU,8988,PLATFORM,COLLECTED,2024-08-06T15:49:44.688Z
20343,41730,TX20240214609399,TRF_FEE,10,MRU,2410,PLATFORM,COLLECTED,2024-02-14T21:51:13.690Z
20344,41731,TX20240217623604,WIT_FEE,50,MRU,2888,PLATFORM,COLLECTED,2024-02-17T17:25:47.230Z
20345,41732,TX20240920387050,TRF_FEE,10,MRU,5514,PLATFORM,COLLECTED,2024-09-20T10:33:44.580Z
20346,41733,TX20240207922656,TRF_FEE,25,MRU,3752,PLATFORM,COLLECTED,2024-02-07T16:19:43.610Z
20347,41734,TX20240617022335,TRF_FEE,50,MRU,9141,PLATFORM,COLLECTED,2024-06-17T21:49:04.396Z
20348,41737,TX20241228074355,WIT_FEE,120,MRU,807,PLATFORM,COLLECTED,2024-12-28T15:35:29.498Z
20349,41738,TX20240514931755,WIT_FEE,50,MRU,3408,PLATFORM,COLLECTED,2024-05-14T06:03:54.045Z
20350,41739,TX20240616621737,TRF_FEE,25,MRU,1326,PLATFORM,COLLECTED,2024-06-16T09:04:28.284Z
20351,41740,TX20241110234461,WIT_FEE,50,MRU,4435,PLATFORM,COLLECTED,2024-11-10T15:46:56.350Z
20352,41741,TX20241121559655,TRF_FEE,10,MRU,181,PLATFORM,COLLECTED,2024-11-21T06:57:17.742Z
20353,41742,TX20240627308493,TRF_FEE,25,MRU,9581,PLATFORM,COLLECTED,2024-06-27T07:16:22.971Z
20354,41748,TX20240707295039,TRF_FEE,25,MRU,3906,PLATFORM,COLLECTED,2024-07-07T12:30:01.575Z
20355,41752,TX20240118700643,TRF_FEE,10,MRU,5821,PLATFORM,COLLECTED,2024-01-18T14:13:16.642Z
20356,41753,TX20240611053323,TRF_FEE,10,MRU,1347,PLATFORM,COLLECTED,2024-06-11T09:25:31.946Z
20357,41755,TX20240229423431,WIT_FEE,180,MRU,3689,PLATFORM,COLLECTED,2024-02-29T09:26:26.397Z
20358,41757,TX20240819311549,TRF_FEE,25,MRU,567,PLATFORM,COLLECTED,2024-08-19T04:26:25.539Z
20359,41758,TX20240807593553,TRF_FEE,50,MRU,10340,PLATFORM,COLLECTED,2024-08-07T08:37:40.910Z
20360,41761,TX20240420331683,WIT_FEE,50,MRU,658,PLATFORM,COLLECTED,2024-04-20T14:23:56.776Z
20361,41762,TX20240306432533,PAY_FEE,60,MRU,8882,MERCHANT,COLLECTED,2024-03-06T17:28:44.156Z
20362,41765,TX20240920722896,PAY_FEE,29,MRU,688,MERCHANT,COLLECTED,2024-09-20T15:52:29.979Z
20363,41770,TX20240817433487,WIT_FEE,50,MRU,9361,PLATFORM,COLLECTED,2024-08-17T12:27:33.573Z
20364,41772,TX20240109966250,WIT_FEE,50,MRU,9429,PLATFORM,COLLECTED,2024-01-09T12:31:29.174Z
20365,41774,TX20240722280287,WIT_FEE,50,MRU,7124,PLATFORM,COLLECTED,2024-07-22T15:59:01.666Z
20366,41775,TX20240917932038,WIT_FEE,50,MRU,9669,PLATFORM,COLLECTED,2024-09-17T06:20:52.844Z
20367,41778,TX20240417635740,WIT_FEE,50,MRU,1009,PLATFORM,COLLECTED,2024-04-17T05:44:25.714Z
20368,41780,TX20240806596340,TRF_FEE,25,MRU,5485,PLATFORM,COLLECTED,2024-08-06T09:19:48.672Z
20369,41786,TX20240410826506,PAY_FEE,4,MRU,3338,MERCHANT,COLLECTED,2024-04-10T08:23:27.646Z
20370,41790,TX20241016540660,PAY_FEE,35,MRU,10935,MERCHANT,COLLECTED,2024-10-16T06:58:43.141Z
20371,41791,TX20240106441757,TRF_FEE,10,MRU,136,PLATFORM,COLLECTED,2024-01-06T06:48:43.079Z
20372,41794,TX20241104806845,SAL_FEE,2210,MRU,7266,PLATFORM,COLLECTED,2024-11-04T21:16:16.089Z
20373,41798,TX20241012533777,WIT_FEE,50,MRU,7645,PLATFORM,COLLECTED,2024-10-12T16:07:56.966Z
20374,41799,TX20240713599468,TRF_FEE,25,MRU,8026,PLATFORM,COLLECTED,2024-07-13T04:28:21.360Z
20375,41800,TX20240612641349,TRF_FEE,25,MRU,7801,PLATFORM,COLLECTED,2024-06-12T17:56:07.210Z
20376,41802,TX20240910835387,TRF_FEE,25,MRU,6074,PLATFORM,COLLECTED,2024-09-10T14:49:54.223Z
20377,41803,TX20240630391346,WIT_FEE,120,MRU,7969,PLATFORM,COLLECTED,2024-06-30T12:19:47.086Z
20378,41804,TX20240512270296,PAY_FEE,47,MRU,5935,MERCHANT,COLLECTED,2024-05-12T19:54:01.733Z
20379,41806,TX20240109074416,TRF_FEE,50,MRU,8478,PLATFORM,COLLECTED,2024-01-09T14:38:33.472Z
20380,41807,TX20240214437473,TRF_FEE,25,MRU,244,PLATFORM,COLLECTED,2024-02-14T07:40:03.132Z
20381,41808,TX20240621535346,PAY_FEE,38,MRU,2392,MERCHANT,COLLECTED,2024-06-21T07:14:37.228Z
20382,41809,TX20240129885361,PAY_FEE,315,MRU,21,MERCHANT,COLLECTED,2024-01-29T11:23:01.355Z
20383,41813,TX20240821673995,TRF_FEE,10,MRU,8290,PLATFORM,COLLECTED,2024-08-21T09:09:11.143Z
20384,41816,TX20240728404057,PAY_FEE,5,MRU,2705,MERCHANT,COLLECTED,2024-07-28T09:13:58.974Z
20385,41819,TX20240612756579,TRF_FEE,50,MRU,1066,PLATFORM,COLLECTED,2024-06-12T07:04:28.830Z
20386,41820,TX20240418338981,TRF_FEE,25,MRU,8953,PLATFORM,COLLECTED,2024-04-18T09:45:12.957Z
20387,41821,TX20240418615756,WIT_FEE,50,MRU,2589,PLATFORM,COLLECTED,2024-04-18T20:37:29.262Z
20388,41825,TX20240924816288,TRF_FEE,50,MRU,3538,PLATFORM,COLLECTED,2024-09-24T21:55:53.523Z
20389,41830,TX20240824196558,TRF_FEE,50,MRU,5785,PLATFORM,COLLECTED,2024-08-24T15:10:11.101Z
20390,41831,TX20240820642833,TRF_FEE,25,MRU,7499,PLATFORM,COLLECTED,2024-08-20T13:15:59.336Z
20391,41837,TX20240501947971,WIT_FEE,50,MRU,4216,PLATFORM,COLLECTED,2024-05-01T08:24:07.913Z
20392,41838,TX20240622456651,TRF_FEE,25,MRU,5428,PLATFORM,COLLECTED,2024-06-22T16:05:38.526Z
20393,41839,TX20240618718064,WIT_FEE,200,MRU,5839,PLATFORM,COLLECTED,2024-06-18T09:08:57.402Z
20394,41841,TX20240927368984,TRF_FEE,10,MRU,6240,PLATFORM,COLLECTED,2024-09-27T19:14:08.059Z
20395,41843,TX20240206608238,WIT_FEE,50,MRU,4521,PLATFORM,COLLECTED,2024-02-06T18:38:02.188Z
20396,41845,TX20240528018712,SAL_FEE,785,MRU,9884,PLATFORM,COLLECTED,2024-05-28T21:05:24.115Z
20397,41851,TX20240530026387,TRF_FEE,25,MRU,1389,PLATFORM,COLLECTED,2024-05-30T11:30:28.161Z
20398,41853,TX20241005749994,TRF_FEE,50,MRU,5356,PLATFORM,COLLECTED,2024-10-05T13:10:19.140Z
20399,41854,TX20240325659328,TRF_FEE,50,MRU,5222,PLATFORM,COLLECTED,2024-03-25T16:54:22.171Z
20400,41855,TX20240109922100,BIL_FEE,100,MRU,3164,PLATFORM,COLLECTED,2024-01-09T15:28:04.000Z
20401,41856,TX20240302732459,TRF_FEE,50,MRU,9843,PLATFORM,COLLECTED,2024-03-02T13:35:39.494Z
20402,41857,TX20240607380038,PAY_FEE,99,MRU,10333,MERCHANT,COLLECTED,2024-06-07T16:53:20.097Z
20403,41859,TX20241214406115,TRF_FEE,50,MRU,2633,PLATFORM,COLLECTED,2024-12-14T09:21:22.475Z
20404,41861,TX20240610399049,WIT_FEE,110,MRU,9231,PLATFORM,COLLECTED,2024-06-10T15:09:58.811Z
20405,41867,TX20240919262393,SAL_FEE,1775,MRU,1437,PLATFORM,COLLECTED,2024-09-19T19:22:52.727Z
20406,41871,TX20240923385656,TRF_FEE,10,MRU,79,PLATFORM,COLLECTED,2024-09-23T16:21:09.518Z
20407,41873,TX20240310778553,WIT_FEE,50,MRU,1730,PLATFORM,COLLECTED,2024-03-10T06:22:41.721Z
20408,41874,TX20240803020545,WIT_FEE,50,MRU,9908,PLATFORM,COLLECTED,2024-08-03T06:18:49.594Z
20409,41878,TX20240113848523,TRF_FEE,25,MRU,257,PLATFORM,COLLECTED,2024-01-13T12:32:46.818Z
20410,41881,TX20240221169989,TRF_FEE,50,MRU,1620,PLATFORM,COLLECTED,2024-02-21T10:29:36.164Z
20411,41883,TX20240827682533,PAY_FEE,33,MRU,4765,MERCHANT,COLLECTED,2024-08-27T15:05:53.469Z
20412,41884,TX20240612058895,WIT_FEE,200,MRU,5062,PLATFORM,COLLECTED,2024-06-12T06:37:25.801Z
20413,41885,TX20240710663352,TRF_FEE,50,MRU,7073,PLATFORM,COLLECTED,2024-07-10T10:00:37.418Z
20414,41888,TX20240108737863,TRF_FEE,25,MRU,8211,PLATFORM,COLLECTED,2024-01-08T12:56:46.225Z
20415,41889,TX20240622330825,SAL_FEE,2095,MRU,4451,PLATFORM,COLLECTED,2024-06-22T10:10:40.749Z
20416,41891,TX20240812048430,TRF_FEE,50,MRU,3202,PLATFORM,COLLECTED,2024-08-12T05:37:18.459Z
20417,41892,TX20241112209317,TRF_FEE,25,MRU,6215,PLATFORM,COLLECTED,2024-11-12T18:12:53.327Z
20418,41895,TX20241121196128,SAL_FEE,1425,MRU,6840,PLATFORM,COLLECTED,2024-11-21T22:36:06.107Z
20419,41897,TX20240622483693,TRF_FEE,25,MRU,1093,PLATFORM,COLLECTED,2024-06-22T13:39:27.304Z
20420,41898,TX20240415182866,WIT_FEE,240,MRU,3032,PLATFORM,COLLECTED,2024-04-15T08:58:01.983Z
20421,41899,TX20240812141243,WIT_FEE,50,MRU,8809,PLATFORM,COLLECTED,2024-08-12T17:42:19.507Z
20422,41900,TX20240516067043,WIT_FEE,50,MRU,7554,PLATFORM,COLLECTED,2024-05-16T05:24:59.540Z
20423,41902,TX20240811698170,TRF_FEE,50,MRU,9717,PLATFORM,COLLECTED,2024-08-11T17:15:38.536Z
20424,41903,TX20240419192782,TRF_FEE,10,MRU,4245,PLATFORM,COLLECTED,2024-04-19T04:42:41.328Z
20425,41904,TX20240516257304,WIT_FEE,50,MRU,6740,PLATFORM,COLLECTED,2024-05-16T14:24:52.823Z
20426,41912,TX20240213625164,SAL_FEE,360,MRU,7890,PLATFORM,COLLECTED,2024-02-13T18:14:28.466Z
20427,41914,TX20240902848404,WIT_FEE,50,MRU,6719,PLATFORM,COLLECTED,2024-09-02T10:22:10.333Z
20428,41918,TX20241107184032,WIT_FEE,50,MRU,9509,PLATFORM,COLLECTED,2024-11-07T07:16:16.632Z
20429,41922,TX20240508332889,WIT_FEE,50,MRU,6915,PLATFORM,COLLECTED,2024-05-08T07:30:52.211Z
20430,41929,TX20241018656509,TRF_FEE,50,MRU,2508,PLATFORM,COLLECTED,2024-10-18T16:36:55.121Z
20431,41932,TX20241008623604,TRF_FEE,50,MRU,4645,PLATFORM,COLLECTED,2024-10-08T16:17:07.857Z
20432,41933,TX20240920202794,TRF_FEE,10,MRU,5514,PLATFORM,COLLECTED,2024-09-20T10:33:44.580Z
20433,41935,TX20240617216464,TRF_FEE,50,MRU,9141,PLATFORM,COLLECTED,2024-06-17T21:49:04.396Z
20434,41937,TX20240929674750,TRF_FEE,50,MRU,10610,PLATFORM,COLLECTED,2024-09-29T15:51:19.220Z
20435,41938,TX20241228973834,WIT_FEE,110,MRU,807,PLATFORM,COLLECTED,2024-12-28T15:35:29.498Z
20436,41939,TX20240131043537,WIT_FEE,50,MRU,9030,PLATFORM,COLLECTED,2024-01-31T06:54:02.307Z
20437,41940,TX20240430679991,TRF_FEE,25,MRU,1553,PLATFORM,COLLECTED,2024-04-30T06:28:17.120Z
20438,41941,TX20240522821767,TRF_FEE,10,MRU,3884,PLATFORM,COLLECTED,2024-05-22T16:40:46.943Z
20439,41944,TX20240213334365,PAY_FEE,6,MRU,3697,MERCHANT,COLLECTED,2024-02-13T13:20:52.423Z
20440,41946,TX20240423920072,TRF_FEE,50,MRU,1577,PLATFORM,COLLECTED,2024-04-23T07:57:37.771Z
20441,41948,TX20240115617590,TRF_FEE,50,MRU,9110,PLATFORM,COLLECTED,2024-01-15T10:16:25.664Z
20442,41953,TX20240620418805,TRF_FEE,10,MRU,10554,PLATFORM,COLLECTED,2024-06-20T20:26:08.700Z
20443,41955,TX20241206559287,SAL_FEE,570,MRU,9087,PLATFORM,COLLECTED,2024-12-06T09:44:56.086Z
20444,41956,TX20240725722077,TRF_FEE,50,MRU,4138,PLATFORM,COLLECTED,2024-07-25T06:41:25.584Z
20445,41957,TX20240610131930,WIT_FEE,50,MRU,5833,PLATFORM,COLLECTED,2024-06-10T04:24:16.315Z
20446,41965,TX20240202640694,TRF_FEE,50,MRU,3164,PLATFORM,COLLECTED,2024-02-02T14:50:53.638Z
20447,41970,TX20240624500013,WIT_FEE,460,MRU,5945,PLATFORM,COLLECTED,2024-06-24T14:09:35.421Z
20448,41971,TX20240116305098,WIT_FEE,50,MRU,7316,PLATFORM,COLLECTED,2024-01-16T18:03:32.146Z
20449,41974,TX20241118349380,WIT_FEE,200,MRU,6432,PLATFORM,COLLECTED,2024-11-18T18:19:17.758Z
20450,41975,TX20240824137341,TRF_FEE,10,MRU,7161,PLATFORM,COLLECTED,2024-08-24T15:07:27.202Z
20451,41978,TX20240303633258,TRF_FEE,25,MRU,5672,PLATFORM,COLLECTED,2024-03-03T10:23:27.559Z
20452,41979,TX20240417007610,WIT_FEE,50,MRU,1009,PLATFORM,COLLECTED,2024-04-17T05:44:25.714Z
20453,41982,TX20240130972783,TRF_FEE,50,MRU,7501,PLATFORM,COLLECTED,2024-01-30T21:52:41.916Z
20454,41983,TX20240126261000,TRF_FEE,25,MRU,9129,PLATFORM,COLLECTED,2024-01-26T10:32:20.817Z
20455,41986,TX20241029824442,WIT_FEE,50,MRU,8825,PLATFORM,COLLECTED,2024-10-29T12:54:03.871Z
20456,41988,TX20240602589623,WIT_FEE,50,MRU,9574,PLATFORM,COLLECTED,2024-06-02T19:47:26.150Z
20457,41990,TX20240118167090,WIT_FEE,50,MRU,8269,PLATFORM,COLLECTED,2024-01-18T17:04:07.186Z
20458,41995,TX20241224806845,BIL_FEE,100,MRU,970,PLATFORM,COLLECTED,2024-12-24T17:59:16.270Z
20459,41997,TX20240918852735,TRF_FEE,50,MRU,5376,PLATFORM,COLLECTED,2024-09-18T15:51:38.465Z
20460,42000,TX20240713122220,TRF_FEE,25,MRU,8026,PLATFORM,COLLECTED,2024-07-13T04:28:21.360Z
20461,42001,TX20241202802539,TRF_FEE,25,MRU,1269,PLATFORM,COLLECTED,2024-12-02T19:07:12.707Z
20462,42002,TX20240220687565,WIT_FEE,210,MRU,3933,PLATFORM,COLLECTED,2024-02-20T10:06:38.266Z
20463,42003,TX20240910145152,TRF_FEE,25,MRU,6074,PLATFORM,COLLECTED,2024-09-10T14:49:54.223Z
20464,42004,TX20240701204697,TRF_FEE,10,MRU,10874,PLATFORM,COLLECTED,2024-07-01T09:47:05.722Z
20465,42006,TX20240830293217,PAY_FEE,5,MRU,9765,MERCHANT,COLLECTED,2024-08-30T06:12:17.871Z
20466,42007,TX20240709074416,TRF_FEE,50,MRU,5226,PLATFORM,COLLECTED,2024-07-09T04:33:38.552Z
20467,42008,TX20240214397733,TRF_FEE,25,MRU,244,PLATFORM,COLLECTED,2024-02-14T07:40:03.132Z
20468,42010,TX20240522066270,TRF_FEE,50,MRU,7549,PLATFORM,COLLECTED,2024-05-22T04:21:00.744Z
20469,42011,TX20241025348466,WIT_FEE,50,MRU,3591,PLATFORM,COLLECTED,2024-10-25T13:44:52.982Z
20470,42014,TX20240416296873,PAY_FEE,29,MRU,1105,MERCHANT,COLLECTED,2024-04-16T09:08:40.507Z
20471,42016,TX20241109434244,PAY_FEE,32,MRU,5049,MERCHANT,COLLECTED,2024-11-09T07:18:26.300Z
20472,42017,TX20240714065889,SAL_FEE,1255,MRU,4473,PLATFORM,COLLECTED,2024-07-14T07:09:19.085Z
20473,42020,TX20241203256363,PAY_FEE,7,MRU,5306,MERCHANT,COLLECTED,2024-12-03T12:26:10.067Z
20474,42021,TX20240518083884,TRF_FEE,50,MRU,2262,PLATFORM,COLLECTED,2024-05-18T10:17:20.755Z
20475,42022,TX20240219614517,WIT_FEE,50,MRU,5529,PLATFORM,COLLECTED,2024-02-19T10:17:58.631Z
20476,42024,TX20240419405026,TRF_FEE,10,MRU,9244,PLATFORM,COLLECTED,2024-04-19T07:36:41.446Z
20477,42027,TX20240831158812,PAY_FEE,137,MRU,6471,MERCHANT,COLLECTED,2024-08-31T17:51:38.593Z
20478,42031,TX20241010275269,TRF_FEE,50,MRU,4474,PLATFORM,COLLECTED,2024-10-10T07:11:06.522Z
20479,42032,TX20241227628738,WIT_FEE,50,MRU,8821,PLATFORM,COLLECTED,2024-12-27T10:40:00.588Z
20480,42033,TX20241006730744,TRF_FEE,25,MRU,5868,PLATFORM,COLLECTED,2024-10-06T07:43:22.450Z
20481,42035,TX20240529806381,WIT_FEE,50,MRU,10207,PLATFORM,COLLECTED,2024-05-29T07:49:15.083Z
20482,42038,TX20240418339686,WIT_FEE,350,MRU,1417,PLATFORM,COLLECTED,2024-04-18T07:21:23.191Z
20483,42041,TX20240920117230,TRF_FEE,50,MRU,9563,PLATFORM,COLLECTED,2024-09-20T07:46:00.445Z
20484,42045,TX20240211486875,TRF_FEE,25,MRU,8917,PLATFORM,COLLECTED,2024-02-11T08:06:34.896Z
20485,42047,TX20240318626976,TRF_FEE,50,MRU,9127,PLATFORM,COLLECTED,2024-03-18T10:35:05.246Z
20486,42050,TX20240116063427,PAY_FEE,74,MRU,360,MERCHANT,COLLECTED,2024-01-16T20:07:57.086Z
20487,42051,TX20241115923811,TRF_FEE,10,MRU,2182,PLATFORM,COLLECTED,2024-11-15T08:37:47.622Z
20488,42055,TX20240303464641,WIT_FEE,100,MRU,7734,PLATFORM,COLLECTED,2024-03-03T12:34:05.822Z
20489,42064,TX20240220950746,PAY_FEE,69,MRU,2572,MERCHANT,COLLECTED,2024-02-20T11:44:22.670Z
20490,42067,TX20240820643352,TRF_FEE,25,MRU,4903,PLATFORM,COLLECTED,2024-08-20T09:18:33.730Z
20491,42071,TX20240426858553,PAY_FEE,57,MRU,4874,MERCHANT,COLLECTED,2024-04-26T08:18:05.232Z
20492,42072,TX20240804518375,TRF_FEE,25,MRU,2377,PLATFORM,COLLECTED,2024-08-04T07:16:12.025Z
20493,42073,TX20241215704688,BIL_FEE,100,MRU,120,PLATFORM,COLLECTED,2024-12-15T20:50:04.830Z
20494,42075,TX20240304075504,TRF_FEE,25,MRU,10767,PLATFORM,COLLECTED,2024-03-04T08:23:14.429Z
20495,42077,TX20240512126372,WIT_FEE,50,MRU,9973,PLATFORM,COLLECTED,2024-05-12T08:16:42.368Z
20496,42079,TX20240122777940,WIT_FEE,50,MRU,10326,PLATFORM,COLLECTED,2024-01-22T14:26:02.762Z
20497,42080,TX20240408725248,TRF_FEE,25,MRU,4445,PLATFORM,COLLECTED,2024-04-08T06:49:59.781Z
20498,42081,TX20240619487556,WIT_FEE,50,MRU,5944,PLATFORM,COLLECTED,2024-06-19T12:50:50.936Z
20499,42082,TX20240302164874,SAL_FEE,1695,MRU,863,PLATFORM,COLLECTED,2024-03-02T14:15:45.571Z
20500,42085,TX20240107435097,WIT_FEE,50,MRU,2468,PLATFORM,COLLECTED,2024-01-07T16:41:34.648Z
20501,42086,TX20240816151901,TRF_FEE,25,MRU,4693,PLATFORM,COLLECTED,2024-08-16T10:56:25.523Z
20502,42089,TX20240907426621,TRF_FEE,50,MRU,217,PLATFORM,COLLECTED,2024-09-07T08:15:16.688Z
20503,42090,TX20241225710321,PAY_FEE,57,MRU,1949,MERCHANT,COLLECTED,2024-12-25T10:58:28.447Z
20504,42092,TX20241016993503,WIT_FEE,50,MRU,3348,PLATFORM,COLLECTED,2024-10-16T13:36:03.620Z
20505,42096,TX20241222115416,PAY_FEE,41,MRU,1177,MERCHANT,COLLECTED,2024-12-22T18:59:36.103Z
20506,42098,TX20240709923960,TRF_FEE,25,MRU,6481,PLATFORM,COLLECTED,2024-07-09T07:51:41.476Z
20507,42099,TX20240327182866,WIT_FEE,100,MRU,10839,PLATFORM,COLLECTED,2024-03-27T09:16:58.023Z
20508,42100,TX20240812721188,WIT_FEE,50,MRU,8809,PLATFORM,COLLECTED,2024-08-12T17:42:19.507Z
20509,42101,TX20240122415746,WIT_FEE,50,MRU,8449,PLATFORM,COLLECTED,2024-01-22T11:59:32.685Z
20510,42104,TX20240419068023,TRF_FEE,10,MRU,4245,PLATFORM,COLLECTED,2024-04-19T04:42:41.328Z
20511,42105,TX20240904795894,WIT_FEE,100,MRU,5538,PLATFORM,COLLECTED,2024-09-04T10:52:49.610Z
20512,42109,TX20240420237975,SAL_FEE,1395,MRU,4276,PLATFORM,COLLECTED,2024-04-20T09:06:12.606Z
20513,42112,TX20241020578598,BIL_FEE,100,MRU,10237,PLATFORM,COLLECTED,2024-10-20T10:55:13.042Z
20514,42113,TX20240213467544,SAL_FEE,360,MRU,7890,PLATFORM,COLLECTED,2024-02-13T18:14:28.466Z
20515,42114,TX20241205968438,TRF_FEE,10,MRU,8206,PLATFORM,COLLECTED,2024-12-05T10:04:35.598Z
20516,42115,TX20240602569418,TRF_FEE,50,MRU,7526,PLATFORM,COLLECTED,2024-06-02T09:10:19.608Z
20517,42116,TX20240807075483,PAY_FEE,11,MRU,7756,MERCHANT,COLLECTED,2024-08-07T18:12:46.296Z
20518,42117,TX20241216266395,WIT_FEE,50,MRU,5849,PLATFORM,COLLECTED,2024-12-16T18:02:11.793Z
20519,42119,TX20240510184032,PAY_FEE,146,MRU,6979,MERCHANT,COLLECTED,2024-05-10T16:08:16.274Z
20520,42123,TX20240319506143,WIT_FEE,50,MRU,519,PLATFORM,COLLECTED,2024-03-19T13:52:12.626Z
20521,42125,TX20241206827718,BIL_FEE,100,MRU,2107,PLATFORM,COLLECTED,2024-12-06T07:01:54.977Z
20522,42126,TX20241127396508,SAL_FEE,275,MRU,3309,PLATFORM,COLLECTED,2024-11-27T14:29:58.879Z
20523,42127,TX20240327272689,WIT_FEE,50,MRU,5420,PLATFORM,COLLECTED,2024-03-27T14:29:27.319Z
20524,42128,TX20241027144785,WIT_FEE,100,MRU,6642,PLATFORM,COLLECTED,2024-10-27T10:03:08.625Z
20525,42131,TX20240806099472,TRF_FEE,25,MRU,8988,PLATFORM,COLLECTED,2024-08-06T15:49:44.688Z
20526,42134,TX20240920019454,TRF_FEE,10,MRU,5514,PLATFORM,COLLECTED,2024-09-20T10:33:44.580Z
20527,42135,TX20240426702859,PAY_FEE,240,MRU,3363,MERCHANT,COLLECTED,2024-04-26T15:36:20.975Z
20528,42136,TX20240524701467,SAL_FEE,410,MRU,9083,PLATFORM,COLLECTED,2024-05-24T17:39:27.992Z
20529,42137,TX20240627821559,TRF_FEE,25,MRU,2012,PLATFORM,COLLECTED,2024-06-27T06:44:27.091Z
20530,42138,TX20240130056027,PAY_FEE,17,MRU,8060,MERCHANT,COLLECTED,2024-01-30T18:05:33.747Z
20531,42140,TX20241217931755,WIT_FEE,50,MRU,10056,PLATFORM,COLLECTED,2024-12-17T10:22:04.052Z
20532,42141,TX20240616551321,TRF_FEE,25,MRU,1326,PLATFORM,COLLECTED,2024-06-16T09:04:28.284Z
20533,42144,TX20240627054224,TRF_FEE,25,MRU,9581,PLATFORM,COLLECTED,2024-06-27T07:16:22.971Z
20534,42150,TX20241015943444,PAY_FEE,18,MRU,3270,MERCHANT,COLLECTED,2024-10-15T11:34:48.823Z
20535,42155,TX20240120192620,TRF_FEE,50,MRU,33,PLATFORM,COLLECTED,2024-01-20T06:42:47.843Z
20536,42162,TX20240308391855,PAY_FEE,45,MRU,2823,MERCHANT,COLLECTED,2024-03-08T09:32:43.891Z
20537,42163,TX20240501734455,WIT_FEE,50,MRU,3271,PLATFORM,COLLECTED,2024-05-01T12:53:52.010Z
20538,42165,TX20240413683872,WIT_FEE,50,MRU,6952,PLATFORM,COLLECTED,2024-04-13T10:34:16.702Z
20539,42166,TX20241102953050,TRF_FEE,25,MRU,1563,PLATFORM,COLLECTED,2024-11-02T18:38:17.149Z
20540,42168,TX20241016375697,PAY_FEE,6,MRU,3487,MERCHANT,COLLECTED,2024-10-16T16:28:04.217Z
20541,42169,TX20240703602670,PAY_FEE,108,MRU,4447,MERCHANT,COLLECTED,2024-07-03T14:00:01.248Z
20542,42171,TX20240625500013,WIT_FEE,50,MRU,6622,PLATFORM,COLLECTED,2024-06-25T09:28:38.156Z
20543,42172,TX20240116088265,WIT_FEE,50,MRU,7316,PLATFORM,COLLECTED,2024-01-16T18:03:32.146Z
20544,42173,TX20240808114087,TRF_FEE,50,MRU,4989,PLATFORM,COLLECTED,2024-08-08T12:56:14.206Z
20545,42174,TX20240416436143,PAY_FEE,11,MRU,1245,MERCHANT,COLLECTED,2024-04-16T09:56:01.997Z
20546,42175,TX20240629949042,TRF_FEE,25,MRU,3256,PLATFORM,COLLECTED,2024-06-29T08:53:55.320Z
20547,42176,TX20241227928774,PAY_FEE,18,MRU,1300,MERCHANT,COLLECTED,2024-12-27T05:40:38.728Z
20548,42178,TX20240116003153,SAL_FEE,340,MRU,86,PLATFORM,COLLECTED,2024-01-16T07:05:40.579Z
20549,42179,TX20240805792012,WIT_FEE,50,MRU,4231,PLATFORM,COLLECTED,2024-08-05T09:59:25.172Z
20550,42180,TX20240128635740,TRF_FEE,25,MRU,8105,PLATFORM,COLLECTED,2024-01-28T11:14:17.050Z
20551,42184,TX20240126283987,TRF_FEE,25,MRU,9129,PLATFORM,COLLECTED,2024-01-26T10:32:20.817Z
20552,42185,TX20240823753618,PAY_FEE,32,MRU,4373,MERCHANT,COLLECTED,2024-08-23T20:25:28.205Z
20553,42187,TX20240123506814,BIL_FEE,100,MRU,5427,PLATFORM,COLLECTED,2024-01-23T17:47:45.329Z
20554,42188,TX20240410651966,PAY_FEE,4,MRU,3338,MERCHANT,COLLECTED,2024-04-10T08:23:27.646Z
20555,42189,TX20240527249185,TRF_FEE,50,MRU,4965,PLATFORM,COLLECTED,2024-05-27T08:25:57.788Z
20556,42193,TX20240923731555,PAY_FEE,35,MRU,3343,MERCHANT,COLLECTED,2024-09-23T06:00:15.533Z
20557,42197,TX20240518568292,TRF_FEE,10,MRU,4931,PLATFORM,COLLECTED,2024-05-18T13:46:43.846Z
20558,42199,TX20240204130075,TRF_FEE,25,MRU,10214,PLATFORM,COLLECTED,2024-02-04T08:11:17.137Z
20559,42200,TX20240612024386,TRF_FEE,25,MRU,10300,PLATFORM,COLLECTED,2024-06-12T08:46:49.122Z
20560,42202,TX20240612731984,TRF_FEE,25,MRU,7801,PLATFORM,COLLECTED,2024-06-12T17:56:07.210Z
20561,42203,TX20240208838032,WIT_FEE,50,MRU,4480,PLATFORM,COLLECTED,2024-02-08T15:16:21.743Z
20562,42205,TX20240630201006,WIT_FEE,120,MRU,7969,PLATFORM,COLLECTED,2024-06-30T12:19:47.086Z
20563,42206,TX20241220629499,WIT_FEE,50,MRU,2846,PLATFORM,COLLECTED,2024-12-20T18:01:44.536Z
20564,42207,TX20241114715300,WIT_FEE,50,MRU,5077,PLATFORM,COLLECTED,2024-11-14T18:47:01.799Z
20565,42211,TX20240129034941,PAY_FEE,315,MRU,21,MERCHANT,COLLECTED,2024-01-29T11:23:01.355Z
20566,42217,TX20240421446964,SAL_FEE,1960,MRU,474,PLATFORM,COLLECTED,2024-04-21T06:37:56.477Z
20567,42219,TX20240119578730,TRF_FEE,25,MRU,558,PLATFORM,COLLECTED,2024-01-19T07:05:58.449Z
20568,42220,TX20240605761375,PAY_FEE,51,MRU,8571,MERCHANT,COLLECTED,2024-06-05T17:33:49.159Z
20569,42221,TX20240926871064,TRF_FEE,50,MRU,742,PLATFORM,COLLECTED,2024-09-26T18:27:26.173Z
20570,42222,TX20240506734159,WIT_FEE,50,MRU,6091,PLATFORM,COLLECTED,2024-05-06T15:12:57.810Z
20571,42223,TX20241223662069,WIT_FEE,50,MRU,9316,PLATFORM,COLLECTED,2024-12-23T14:29:15.233Z
20572,42225,TX20240623987603,PAY_FEE,8,MRU,4941,MERCHANT,COLLECTED,2024-06-23T08:13:36.695Z
20573,42227,TX20241229028486,PAY_FEE,20,MRU,556,MERCHANT,COLLECTED,2024-12-29T19:53:31.319Z
20574,42228,TX20241124301101,TRF_FEE,25,MRU,7267,PLATFORM,COLLECTED,2024-11-24T17:38:35.585Z
20575,42230,TX20240605391734,TRF_FEE,25,MRU,1377,PLATFORM,COLLECTED,2024-06-05T07:01:08.788Z
20576,42231,TX20240521631047,PAY_FEE,77,MRU,1562,MERCHANT,COLLECTED,2024-05-21T15:05:21.059Z
20577,42237,TX20240118113618,TRF_FEE,25,MRU,4135,PLATFORM,COLLECTED,2024-01-18T08:23:14.811Z
20578,42238,TX20240219696749,WIT_FEE,50,MRU,7509,PLATFORM,COLLECTED,2024-02-19T13:58:08.409Z
20579,42242,TX20240304117230,PAY_FEE,57,MRU,2144,MERCHANT,COLLECTED,2024-03-04T16:00:26.866Z
20580,42244,TX20241204569782,WIT_FEE,200,MRU,4541,PLATFORM,COLLECTED,2024-12-04T16:53:45.342Z
20581,42251,TX20240116317458,PAY_FEE,74,MRU,360,MERCHANT,COLLECTED,2024-01-16T20:07:57.086Z
20582,42253,TX20240204437575,WIT_FEE,50,MRU,4415,PLATFORM,COLLECTED,2024-02-04T20:16:19.798Z
20583,42260,TX20240125690790,WIT_FEE,200,MRU,699,PLATFORM,COLLECTED,2024-01-25T07:13:42.949Z
20584,42261,TX20240622718801,WIT_FEE,50,MRU,2445,PLATFORM,COLLECTED,2024-06-22T08:47:09.615Z
20585,42262,TX20240830942915,WIT_FEE,50,MRU,6432,PLATFORM,COLLECTED,2024-08-30T07:56:00.241Z
20586,42268,TX20241023073578,TRF_FEE,50,MRU,9684,PLATFORM,COLLECTED,2024-10-23T08:38:53.864Z
20587,42269,TX20240519029665,SAL_FEE,495,MRU,264,PLATFORM,COLLECTED,2024-05-19T17:43:07.677Z
20588,42274,TX20240914665725,TRF_FEE,50,MRU,1802,PLATFORM,COLLECTED,2024-09-14T14:51:48.915Z
20589,42276,TX20240413330939,WIT_FEE,50,MRU,6567,PLATFORM,COLLECTED,2024-04-13T13:04:18.821Z
20590,42277,TX20240624255891,TRF_FEE,50,MRU,9574,PLATFORM,COLLECTED,2024-06-24T06:25:20.709Z
20591,42280,TX20240113223354,TRF_FEE,25,MRU,257,PLATFORM,COLLECTED,2024-01-13T12:32:46.818Z
20592,42281,TX20240410800552,TRF_FEE,50,MRU,10605,PLATFORM,COLLECTED,2024-04-10T05:58:26.725Z
20593,42282,TX20240707118651,WIT_FEE,50,MRU,8496,PLATFORM,COLLECTED,2024-07-07T12:24:19.487Z
20594,42283,TX20240811909181,TRF_FEE,50,MRU,10478,PLATFORM,COLLECTED,2024-08-11T07:08:49.761Z
20595,42287,TX20240719545296,PAY_FEE,345,MRU,2224,MERCHANT,COLLECTED,2024-07-19T07:10:29.760Z
20596,42288,TX20240524618354,TRF_FEE,50,MRU,10649,PLATFORM,COLLECTED,2024-05-24T19:38:39.051Z
20597,42290,TX20240928527596,WIT_FEE,200,MRU,9389,PLATFORM,COLLECTED,2024-09-28T14:19:17.426Z
20598,42291,TX20241216517556,PAY_FEE,35,MRU,7954,MERCHANT,COLLECTED,2024-12-16T09:56:42.521Z
20599,42297,TX20240630115416,TRF_FEE,50,MRU,10985,PLATFORM,COLLECTED,2024-06-30T17:51:58.891Z
20600,42299,TX20240225483693,TRF_FEE,25,MRU,7220,PLATFORM,COLLECTED,2024-02-25T17:41:28.586Z
20601,42300,TX20240415376161,WIT_FEE,240,MRU,3032,PLATFORM,COLLECTED,2024-04-15T08:58:01.983Z
20602,42301,TX20241117721188,TRF_FEE,50,MRU,3593,PLATFORM,COLLECTED,2024-11-17T16:19:30.798Z
20603,42304,TX20241128977982,TRF_FEE,10,MRU,256,PLATFORM,COLLECTED,2024-11-28T09:38:32.881Z
20604,42312,TX20240828144069,TRF_FEE,50,MRU,6106,PLATFORM,COLLECTED,2024-08-28T17:52:12.011Z
20605,42315,TX20240928293538,TRF_FEE,50,MRU,9266,PLATFORM,COLLECTED,2024-09-28T08:28:59.283Z
20606,42316,TX20240810517300,WIT_FEE,290,MRU,8624,PLATFORM,COLLECTED,2024-08-10T14:15:57.968Z
20607,42317,TX20240913205983,WIT_FEE,50,MRU,5361,PLATFORM,COLLECTED,2024-09-13T12:06:48.990Z
20608,42327,TX20241127056329,SAL_FEE,275,MRU,3309,PLATFORM,COLLECTED,2024-11-27T14:29:58.879Z
20609,42328,TX20240806578905,WIT_FEE,50,MRU,10781,PLATFORM,COLLECTED,2024-08-06T12:27:19.490Z
20610,42329,TX20240419867792,TRF_FEE,50,MRU,6898,PLATFORM,COLLECTED,2024-04-19T16:20:03.148Z
20611,42330,TX20240130038503,TRF_FEE,50,MRU,452,PLATFORM,COLLECTED,2024-01-30T16:06:32.787Z
20612,42335,TX20240920935207,TRF_FEE,10,MRU,5514,PLATFORM,COLLECTED,2024-09-20T10:33:44.580Z
20613,42336,TX20240921303614,WIT_FEE,50,MRU,9542,PLATFORM,COLLECTED,2024-09-21T13:20:58.303Z
20614,42338,TX20240614589680,PAY_FEE,23,MRU,7845,MERCHANT,COLLECTED,2024-06-14T06:10:00.404Z
20615,42340,TX20241228297811,WIT_FEE,81,MRU,807,PLATFORM,COLLECTED,2024-12-28T15:35:29.498Z
20616,42342,TX20240430621737,TRF_FEE,25,MRU,1553,PLATFORM,COLLECTED,2024-04-30T06:28:17.120Z
20617,42343,TX20241110963518,WIT_FEE,50,MRU,4435,PLATFORM,COLLECTED,2024-11-10T15:46:56.350Z
20618,42344,TX20240114629051,BIL_FEE,100,MRU,2026,PLATFORM,COLLECTED,2024-01-14T20:17:44.016Z
20619,42348,TX20240930597468,TRF_FEE,25,MRU,2030,PLATFORM,COLLECTED,2024-09-30T16:10:27.310Z
20620,42350,TX20240728302821,WIT_FEE,50,MRU,444,PLATFORM,COLLECTED,2024-07-28T14:27:20.551Z
20621,42351,TX20240703295039,TRF_FEE,50,MRU,5671,PLATFORM,COLLECTED,2024-07-03T04:34:21.919Z
20622,42353,TX20240624339283,TRF_FEE,25,MRU,2891,PLATFORM,COLLECTED,2024-06-24T16:37:08.215Z
20623,42355,TX20240822743302,WIT_FEE,50,MRU,5350,PLATFORM,COLLECTED,2024-08-22T12:13:34.703Z
20624,42357,TX20240625823271,TRF_FEE,50,MRU,6754,PLATFORM,COLLECTED,2024-06-25T06:57:48.411Z
20625,42358,TX20240501406265,WIT_FEE,50,MRU,6659,PLATFORM,COLLECTED,2024-05-01T20:21:27.664Z
20626,42364,TX20240831882220,WIT_FEE,50,MRU,2842,PLATFORM,COLLECTED,2024-08-31T10:56:46.060Z
20627,42365,TX20240928125889,TRF_FEE,50,MRU,8626,PLATFORM,COLLECTED,2024-09-28T07:48:49.366Z
20628,42368,TX20240627684977,PAY_FEE,47,MRU,7537,MERCHANT,COLLECTED,2024-06-27T20:03:21.147Z
20629,42372,TX20240309378768,TRF_FEE,10,MRU,5342,PLATFORM,COLLECTED,2024-03-09T08:40:41.351Z
20630,42374,TX20240126206494,SAL_FEE,385,MRU,7172,PLATFORM,COLLECTED,2024-01-25T23:39:52.538Z
20631,42379,TX20241001003153,SAL_FEE,1775,MRU,926,PLATFORM,COLLECTED,2024-10-01T15:58:02.070Z
20632,42380,TX20240805850581,WIT_FEE,50,MRU,4231,PLATFORM,COLLECTED,2024-08-05T09:59:25.172Z
20633,42384,TX20240907455227,PAY_FEE,3375,MRU,8755,MERCHANT,COLLECTED,2024-09-07T17:40:44.811Z
20634,42385,TX20240717190486,WIT_FEE,50,MRU,3628,PLATFORM,COLLECTED,2024-07-17T09:49:49.663Z
20635,42386,TX20240606892180,SAL_FEE,2240,MRU,4484,PLATFORM,COLLECTED,2024-06-06T11:12:23.382Z
20636,42388,TX20241029506814,WIT_FEE,50,MRU,8825,PLATFORM,COLLECTED,2024-10-29T12:54:03.871Z
20637,42389,TX20240410868173,PAY_FEE,4,MRU,3338,MERCHANT,COLLECTED,2024-04-10T08:23:27.646Z
20638,42390,TX20240415451463,TRF_FEE,25,MRU,1667,PLATFORM,COLLECTED,2024-04-15T10:57:47.448Z
20639,42391,TX20240119014046,SAL_FEE,1505,MRU,6593,PLATFORM,COLLECTED,2024-01-19T08:35:28.522Z
20640,42394,TX20240923441757,PAY_FEE,35,MRU,3343,MERCHANT,COLLECTED,2024-09-23T06:00:15.533Z
20641,42397,TX20241101535736,PAY_FEE,24,MRU,10897,MERCHANT,COLLECTED,2024-11-01T10:54:58.846Z
20642,42402,TX20240108122220,TRF_FEE,50,MRU,10319,PLATFORM,COLLECTED,2024-01-08T12:21:21.727Z
20643,42403,TX20241202641349,TRF_FEE,25,MRU,1269,PLATFORM,COLLECTED,2024-12-02T19:07:12.707Z
20644,42406,TX20240701891827,TRF_FEE,10,MRU,10874,PLATFORM,COLLECTED,2024-07-01T09:47:05.722Z
20645,42407,TX20240401794561,WIT_FEE,270,MRU,283,PLATFORM,COLLECTED,2024-04-01T16:21:58.901Z
20646,42410,TX20240214098535,TRF_FEE,25,MRU,244,PLATFORM,COLLECTED,2024-02-14T07:40:03.132Z
20647,42412,TX20240109499750,WIT_FEE,50,MRU,9258,PLATFORM,COLLECTED,2024-01-09T10:00:44.684Z
20648,42415,TX20240316435858,TRF_FEE,25,MRU,2106,PLATFORM,COLLECTED,2024-03-16T18:47:35.328Z
20649,42416,TX20240416866697,PAY_FEE,29,MRU,1105,MERCHANT,COLLECTED,2024-04-16T09:08:40.507Z
20650,42423,TX20240518515217,TRF_FEE,50,MRU,2262,PLATFORM,COLLECTED,2024-05-18T10:17:20.755Z
20651,42426,TX20240419689295,TRF_FEE,10,MRU,9244,PLATFORM,COLLECTED,2024-04-19T07:36:41.446Z
20652,42427,TX20240429510440,PAY_FEE,36,MRU,3668,MERCHANT,COLLECTED,2024-04-29T19:02:45.406Z
20653,42429,TX20240831301101,PAY_FEE,137,MRU,6471,MERCHANT,COLLECTED,2024-08-31T17:51:38.593Z
20654,42431,TX20240226668311,TRF_FEE,25,MRU,528,PLATFORM,COLLECTED,2024-02-26T05:08:47.124Z
20655,42432,TX20241117631047,PAY_FEE,225,MRU,644,MERCHANT,COLLECTED,2024-11-17T10:45:05.357Z
20656,42437,TX20240410806381,TRF_FEE,25,MRU,911,PLATFORM,COLLECTED,2024-04-10T10:12:49.253Z
20657,42439,TX20241221747260,TRF_FEE,25,MRU,4687,PLATFORM,COLLECTED,2024-12-21T08:24:40.183Z
20658,42441,TX20241219974366,TRF_FEE,25,MRU,1601,PLATFORM,COLLECTED,2024-12-19T11:15:02.887Z
20659,42442,TX20240305727575,WIT_FEE,190,MRU,10776,PLATFORM,COLLECTED,2024-03-05T08:43:30.637Z
20660,42450,TX20240919978083,WIT_FEE,86,MRU,528,PLATFORM,COLLECTED,2024-09-19T21:49:09.346Z
20661,42452,TX20241027634311,TRF_FEE,25,MRU,4759,PLATFORM,COLLECTED,2024-10-27T06:19:07.473Z
20662,42456,TX20240620769275,PAY_FEE,23,MRU,5887,MERCHANT,COLLECTED,2024-06-20T14:47:46.040Z
20663,42460,TX20241019380038,TRF_FEE,50,MRU,3050,PLATFORM,COLLECTED,2024-10-19T17:20:05.937Z
20664,42462,TX20240509406115,WIT_FEE,50,MRU,1777,PLATFORM,COLLECTED,2024-05-09T09:28:14.790Z
20665,42466,TX20240120180465,WIT_FEE,50,MRU,10483,PLATFORM,COLLECTED,2024-01-20T18:29:01.645Z
20666,42467,TX20240328909510,TRF_FEE,25,MRU,4043,PLATFORM,COLLECTED,2024-03-28T19:22:05.452Z
20667,42470,TX20240303160929,PAY_FEE,8,MRU,9623,MERCHANT,COLLECTED,2024-03-03T21:43:58.381Z
20668,42471,TX20240127134540,PAY_FEE,38,MRU,5966,MERCHANT,COLLECTED,2024-01-27T20:32:18.750Z
20669,42472,TX20240811425053,WIT_FEE,50,MRU,4499,PLATFORM,COLLECTED,2024-08-11T04:04:05.052Z
20670,42473,TX20240919546977,WIT_FEE,100,MRU,8416,PLATFORM,COLLECTED,2024-09-19T14:56:49.858Z
20671,42474,TX20240228385656,WIT_FEE,50,MRU,9965,PLATFORM,COLLECTED,2024-02-28T13:00:14.421Z
20672,42477,TX20240803191477,WIT_FEE,50,MRU,9908,PLATFORM,COLLECTED,2024-08-03T06:18:49.594Z
20673,42478,TX20240503843036,TRF_FEE,25,MRU,1490,PLATFORM,COLLECTED,2024-05-03T14:52:40.150Z
20674,42485,TX20240704614793,TRF_FEE,50,MRU,3526,PLATFORM,COLLECTED,2024-07-04T07:40:55.811Z
20675,42486,TX20240420220350,WIT_FEE,50,MRU,9843,PLATFORM,COLLECTED,2024-04-20T16:39:46.091Z
20676,42490,TX20241101875952,PAY_FEE,54,MRU,10444,MERCHANT,COLLECTED,2024-11-01T21:31:01.901Z
20677,42491,TX20240204850671,WIT_FEE,50,MRU,2973,PLATFORM,COLLECTED,2024-02-04T15:41:14.253Z
20678,42492,TX20240501942148,SAL_FEE,1935,MRU,7465,PLATFORM,COLLECTED,2024-05-01T19:28:26.175Z
20679,42494,TX20240730048430,PAY_FEE,56,MRU,5084,MERCHANT,COLLECTED,2024-07-30T13:03:37.302Z
20680,42495,TX20241112885845,TRF_FEE,25,MRU,6215,PLATFORM,COLLECTED,2024-11-12T18:12:53.327Z
20681,42496,TX20241116782252,WIT_FEE,50,MRU,4329,PLATFORM,COLLECTED,2024-11-16T17:54:43.002Z
20682,42501,TX20240327376161,WIT_FEE,50,MRU,10839,PLATFORM,COLLECTED,2024-03-27T09:16:58.023Z
20683,42502,TX20241117304257,TRF_FEE,50,MRU,3593,PLATFORM,COLLECTED,2024-11-17T16:19:30.798Z
20684,42505,TX20240823615258,WIT_FEE,120,MRU,5170,PLATFORM,COLLECTED,2024-08-23T12:52:01.172Z
20685,42506,TX20240228334249,WIT_FEE,100,MRU,10199,PLATFORM,COLLECTED,2024-02-28T14:04:08.119Z
20686,42507,TX20240821468086,TRF_FEE,50,MRU,4758,PLATFORM,COLLECTED,2024-08-21T18:49:58.061Z
20687,42508,TX20240315582750,WIT_FEE,250,MRU,3072,PLATFORM,COLLECTED,2024-03-15T07:14:10.439Z
20688,42509,TX20241101054081,WIT_FEE,50,MRU,4655,PLATFORM,COLLECTED,2024-11-01T14:17:53.801Z
20689,42510,TX20240601557035,WIT_FEE,50,MRU,7986,PLATFORM,COLLECTED,2024-06-01T08:07:36.023Z
20690,42516,TX20241123665520,TRF_FEE,10,MRU,10684,PLATFORM,COLLECTED,2024-11-23T09:20:47.899Z
20691,42517,TX20241019843638,PAY_FEE,17,MRU,153,MERCHANT,COLLECTED,2024-10-19T06:44:31.972Z
20692,42519,TX20240407429429,PAY_FEE,51,MRU,5826,MERCHANT,COLLECTED,2024-04-07T08:24:15.071Z
20693,42520,TX20241222563045,TRF_FEE,25,MRU,8706,PLATFORM,COLLECTED,2024-12-22T15:47:27.627Z
20694,42524,TX20240817860693,PAY_FEE,54,MRU,4943,MERCHANT,COLLECTED,2024-08-17T14:34:45.567Z
20695,42526,TX20240409079255,PAY_FEE,24,MRU,5885,MERCHANT,COLLECTED,2024-04-09T07:14:20.305Z
20696,42527,TX20241029444948,TRF_FEE,50,MRU,67,PLATFORM,COLLECTED,2024-10-29T14:39:34.351Z
20697,42528,TX20240524280591,WIT_FEE,50,MRU,34,PLATFORM,COLLECTED,2024-05-24T05:02:20.956Z
20698,42530,TX20240712455473,TRF_FEE,25,MRU,1599,PLATFORM,COLLECTED,2024-07-12T14:22:05.867Z
20699,42532,TX20240305823120,TRF_FEE,50,MRU,10277,PLATFORM,COLLECTED,2024-03-05T15:47:50.610Z
20700,42533,TX20240908810235,PAY_FEE,13,MRU,11010,MERCHANT,COLLECTED,2024-09-08T16:23:24.117Z
20701,42534,TX20240325609399,PAY_FEE,225,MRU,4089,MERCHANT,COLLECTED,2024-03-25T15:13:12.565Z
20702,42536,TX20240920223494,TRF_FEE,10,MRU,5514,PLATFORM,COLLECTED,2024-09-20T10:33:44.580Z
20703,42537,TX20240810922656,PAY_FEE,74,MRU,5363,MERCHANT,COLLECTED,2024-08-10T09:58:18.864Z
20704,42538,TX20240617145602,TRF_FEE,50,MRU,9141,PLATFORM,COLLECTED,2024-06-17T21:49:04.396Z
20705,42541,TX20240215057502,PAY_FEE,10,MRU,5453,MERCHANT,COLLECTED,2024-02-15T09:59:40.596Z
20706,42544,TX20240101821767,WIT_FEE,50,MRU,8647,PLATFORM,COLLECTED,2024-01-01T14:23:51.682Z
20707,42549,TX20240423898898,TRF_FEE,50,MRU,1577,PLATFORM,COLLECTED,2024-04-23T07:57:37.771Z
20708,42550,TX20240328301628,TRF_FEE,10,MRU,10072,PLATFORM,COLLECTED,2024-03-28T16:41:55.124Z
20709,42552,TX20240625327992,PAY_FEE,27,MRU,6913,MERCHANT,COLLECTED,2024-06-25T13:48:49.295Z
20710,42556,TX20241226971789,TRF_FEE,25,MRU,3142,PLATFORM,COLLECTED,2024-12-26T11:08:42.957Z
20711,42560,TX20240610777985,WIT_FEE,50,MRU,5833,PLATFORM,COLLECTED,2024-06-10T04:24:16.315Z
20712,42565,TX20240705734455,WIT_FEE,50,MRU,7894,PLATFORM,COLLECTED,2024-07-05T17:52:00.295Z
20713,42567,TX20240529053356,WIT_FEE,50,MRU,5455,PLATFORM,COLLECTED,2024-05-29T13:16:42.630Z
20714,42570,TX20240831193477,TRF_FEE,50,MRU,5227,PLATFORM,COLLECTED,2024-08-31T07:47:47.821Z
20715,42571,TX20240822371964,TRF_FEE,50,MRU,2255,PLATFORM,COLLECTED,2024-08-22T03:01:14.401Z
20716,42572,TX20240521566511,WIT_FEE,50,MRU,9987,PLATFORM,COLLECTED,2024-05-21T15:59:27.956Z
20717,42573,TX20240227494342,TRF_FEE,50,MRU,10107,PLATFORM,COLLECTED,2024-02-27T14:25:32.970Z
20718,42577,TX20240629449132,TRF_FEE,25,MRU,3256,PLATFORM,COLLECTED,2024-06-29T08:53:55.320Z
20719,42578,TX20240112867936,SAL_FEE,705,MRU,5135,PLATFORM,COLLECTED,2024-01-12T15:38:43.118Z
20720,42580,TX20240116683379,SAL_FEE,340,MRU,86,PLATFORM,COLLECTED,2024-01-16T07:05:40.579Z
20721,42581,TX20240516792012,TRF_FEE,25,MRU,4396,PLATFORM,COLLECTED,2024-05-16T21:25:10.382Z
20722,42584,TX20240427671124,WIT_FEE,50,MRU,4502,PLATFORM,COLLECTED,2024-04-27T16:40:29.694Z
20723,42591,TX20241218589623,TRF_FEE,25,MRU,6499,PLATFORM,COLLECTED,2024-12-18T16:26:09.867Z
20724,42595,TX20240713044721,WIT_FEE,50,MRU,7652,PLATFORM,COLLECTED,2024-07-13T08:50:25.275Z
20725,42597,TX20240316965063,TRF_FEE,50,MRU,8147,PLATFORM,COLLECTED,2024-03-16T16:41:35.817Z
20726,42598,TX20240922434891,PAY_FEE,44,MRU,10238,MERCHANT,COLLECTED,2024-09-22T10:34:21.088Z
20727,42599,TX20240912439099,WIT_FEE,50,MRU,4855,PLATFORM,COLLECTED,2024-09-12T09:11:44.831Z
20728,42600,TX20240730071153,TRF_FEE,25,MRU,4329,PLATFORM,COLLECTED,2024-07-30T11:15:16.449Z
20729,42602,TX20240304991029,PAY_FEE,11,MRU,10217,MERCHANT,COLLECTED,2024-03-04T08:31:31.822Z
20730,42603,TX20240816057623,TRF_FEE,10,MRU,10985,PLATFORM,COLLECTED,2024-08-16T06:14:48.022Z
20731,42606,TX20241121328904,WIT_FEE,50,MRU,3106,PLATFORM,COLLECTED,2024-11-21T11:57:48.455Z
20732,42610,TX20240116953438,TRF_FEE,10,MRU,2489,PLATFORM,COLLECTED,2024-01-16T17:34:47.284Z
20733,42611,TX20240515485242,PAY_FEE,23,MRU,7742,MERCHANT,COLLECTED,2024-05-15T10:23:05.400Z
20734,42612,TX20240228533694,TRF_FEE,50,MRU,9408,PLATFORM,COLLECTED,2024-02-28T07:48:59.938Z
20735,42614,TX20240507948951,WIT_FEE,500,MRU,5054,PLATFORM,COLLECTED,2024-05-07T17:09:03.408Z
20736,42617,TX20241031837704,PAY_FEE,13,MRU,8688,MERCHANT,COLLECTED,2024-10-31T09:01:26.004Z
20737,42619,TX20240513566550,WIT_FEE,50,MRU,5173,PLATFORM,COLLECTED,2024-05-13T07:43:51.443Z
20738,42620,TX20240904919254,PAY_FEE,125,MRU,5755,MERCHANT,COLLECTED,2024-09-04T20:16:48.514Z
20739,42621,TX20240411389517,TRF_FEE,50,MRU,3892,PLATFORM,COLLECTED,2024-04-11T11:59:34.027Z
20740,42623,TX20241111449300,TRF_FEE,50,MRU,5376,PLATFORM,COLLECTED,2024-11-11T17:38:02.751Z
20741,42627,TX20240315205497,TRF_FEE,25,MRU,3802,PLATFORM,COLLECTED,2024-03-15T20:27:15.174Z
20742,42628,TX20240713942595,TRF_FEE,10,MRU,3049,PLATFORM,COLLECTED,2024-07-13T15:06:26.258Z
20743,42633,TX20240913261507,TRF_FEE,50,MRU,9625,PLATFORM,COLLECTED,2024-09-13T07:58:08.126Z
20744,42634,TX20240530342997,WIT_FEE,50,MRU,10882,PLATFORM,COLLECTED,2024-05-30T09:09:03.177Z
20745,42635,TX20240817558348,PAY_FEE,66,MRU,62,MERCHANT,COLLECTED,2024-08-17T06:13:59.827Z
20746,42636,TX20240923686998,WIT_FEE,50,MRU,1395,PLATFORM,COLLECTED,2024-09-23T10:32:43.149Z
20747,42639,TX20240621572944,WIT_FEE,50,MRU,1884,PLATFORM,COLLECTED,2024-06-21T08:01:36.894Z
20748,42641,TX20240501753981,WIT_FEE,50,MRU,8493,PLATFORM,COLLECTED,2024-05-01T06:39:14.531Z
20749,42644,TX20240615947158,WIT_FEE,50,MRU,1287,PLATFORM,COLLECTED,2024-06-15T03:45:23.014Z
20750,42650,TX20241028648996,WIT_FEE,50,MRU,2807,PLATFORM,COLLECTED,2024-10-28T20:54:00.671Z
20751,42661,TX20241216879891,TRF_FEE,25,MRU,8860,PLATFORM,COLLECTED,2024-12-16T15:05:44.433Z
20752,42663,TX20240515810411,WIT_FEE,50,MRU,6793,PLATFORM,COLLECTED,2024-05-15T11:14:47.160Z
20753,42664,TX20240405868732,PAY_FEE,99,MRU,2679,MERCHANT,COLLECTED,2024-04-05T14:10:56.012Z
20754,42670,TX20241121874954,TRF_FEE,50,MRU,5154,PLATFORM,COLLECTED,2024-11-21T17:52:24.156Z
20755,42671,TX20240922354945,PAY_FEE,14,MRU,2769,MERCHANT,COLLECTED,2024-09-22T06:40:01.108Z
20756,42672,TX20241201168093,TRF_FEE,50,MRU,783,PLATFORM,COLLECTED,2024-12-01T08:09:18.260Z
20757,42674,TX20241109546977,PAY_FEE,930,MRU,1017,MERCHANT,COLLECTED,2024-11-09T16:14:40.466Z
20758,42675,TX20240228410730,WIT_FEE,50,MRU,9965,PLATFORM,COLLECTED,2024-02-28T13:00:14.421Z
20759,42679,TX20240503146860,TRF_FEE,25,MRU,1490,PLATFORM,COLLECTED,2024-05-03T14:52:40.150Z
20760,42680,TX20240423621965,TRF_FEE,25,MRU,9731,PLATFORM,COLLECTED,2024-04-23T16:57:25.657Z
20761,42683,TX20240410591364,TRF_FEE,50,MRU,10605,PLATFORM,COLLECTED,2024-04-10T05:58:26.725Z
20762,42684,TX20240722681157,TRF_FEE,25,MRU,5807,PLATFORM,COLLECTED,2024-07-22T10:19:29.769Z
20763,42687,TX20240603808637,WIT_FEE,50,MRU,10112,PLATFORM,COLLECTED,2024-06-03T07:34:12.582Z
20764,42689,TX20240822233280,TRF_FEE,50,MRU,1916,PLATFORM,COLLECTED,2024-08-22T10:47:32.151Z
20765,42691,TX20240510523131,PAY_FEE,143,MRU,1809,MERCHANT,COLLECTED,2024-05-10T05:01:03.875Z
20766,42692,TX20240108639237,TRF_FEE,25,MRU,8211,PLATFORM,COLLECTED,2024-01-08T12:56:46.225Z
20767,42693,TX20240612874380,TRF_FEE,25,MRU,9045,PLATFORM,COLLECTED,2024-06-12T07:40:44.402Z
20768,42696,TX20240724589173,WIT_FEE,50,MRU,8329,PLATFORM,COLLECTED,2024-07-24T07:42:18.655Z
20769,42697,TX20240720079768,WIT_FEE,500,MRU,5588,PLATFORM,COLLECTED,2024-07-20T07:07:04.134Z
20770,42698,TX20240609202758,TRF_FEE,10,MRU,2529,PLATFORM,COLLECTED,2024-06-09T06:55:46.952Z
20771,42701,TX20240421134646,TRF_FEE,25,MRU,6915,PLATFORM,COLLECTED,2024-04-21T06:50:33.369Z
20772,42702,TX20240109933654,SAL_FEE,1360,MRU,4720,PLATFORM,COLLECTED,2024-01-09T21:16:44.473Z
20773,42703,TX20241230128451,TRF_FEE,50,MRU,3638,PLATFORM,COLLECTED,2024-12-30T10:36:52.714Z
20774,42704,TX20240521224569,TRF_FEE,50,MRU,5980,PLATFORM,COLLECTED,2024-05-21T09:03:24.991Z
20775,42705,TX20241107846168,PAY_FEE,32,MRU,9640,MERCHANT,COLLECTED,2024-11-07T19:06:01.878Z
20776,42707,TX20240112374033,WIT_FEE,50,MRU,1786,PLATFORM,COLLECTED,2024-01-12T15:41:19.383Z
20777,42714,TX20240915314413,WIT_FEE,50,MRU,9663,PLATFORM,COLLECTED,2024-09-15T17:32:39.895Z
20778,42715,TX20240116120525,WIT_FEE,50,MRU,8920,PLATFORM,COLLECTED,2024-01-16T19:01:34.508Z
20779,42717,TX20240403422133,PAY_FEE,42,MRU,648,MERCHANT,COLLECTED,2024-04-03T11:59:16.838Z
20780,42718,TX20240302517300,WIT_FEE,390,MRU,10507,PLATFORM,COLLECTED,2024-03-02T10:36:40.265Z
20781,42719,TX20240913694557,WIT_FEE,50,MRU,5361,PLATFORM,COLLECTED,2024-09-13T12:06:48.990Z
20782,42722,TX20240819024772,WIT_FEE,50,MRU,836,PLATFORM,COLLECTED,2024-08-19T16:57:11.788Z
20783,42725,TX20240720775951,BIL_FEE,100,MRU,9399,PLATFORM,COLLECTED,2024-07-20T07:56:44.165Z
20784,42726,TX20240318932508,PAY_FEE,27,MRU,6513,MERCHANT,COLLECTED,2024-03-18T14:02:30.378Z
20785,42727,TX20240601197015,TRF_FEE,25,MRU,4395,PLATFORM,COLLECTED,2024-06-01T06:55:23.919Z
20786,42728,TX20241206612701,BIL_FEE,100,MRU,2107,PLATFORM,COLLECTED,2024-12-06T07:01:54.977Z
20787,42729,TX20240723396508,BIL_FEE,100,MRU,133,PLATFORM,COLLECTED,2024-07-23T11:58:52.298Z
20788,42731,TX20241027892602,WIT_FEE,50,MRU,6642,PLATFORM,COLLECTED,2024-10-27T10:03:08.625Z
20789,42735,TX20240325458480,PAY_FEE,225,MRU,4089,MERCHANT,COLLECTED,2024-03-25T15:13:12.565Z
20790,42740,TX20240203589680,TRF_FEE,10,MRU,979,PLATFORM,COLLECTED,2024-02-03T08:00:24.711Z
20791,42745,TX20240427211781,PAY_FEE,71,MRU,7522,MERCHANT,COLLECTED,2024-04-26T22:36:23.861Z
20792,42747,TX20240627602613,TRF_FEE,25,MRU,9581,PLATFORM,COLLECTED,2024-06-27T07:16:22.971Z
20793,42748,TX20241114915627,WIT_FEE,50,MRU,9075,PLATFORM,COLLECTED,2024-11-14T11:20:11.037Z
20794,42749,TX20240829255380,WIT_FEE,180,MRU,10119,PLATFORM,COLLECTED,2024-08-29T05:31:45.885Z
20795,42750,TX20241008465551,TRF_FEE,50,MRU,8523,PLATFORM,COLLECTED,2024-10-08T07:42:01.934Z
20796,42751,TX20240331868738,BIL_FEE,100,MRU,1552,PLATFORM,COLLECTED,2024-03-31T10:21:09.324Z
20797,42752,TX20240601349784,WIT_FEE,50,MRU,10500,PLATFORM,COLLECTED,2024-06-01T14:49:13.242Z
20798,42753,TX20241015792570,PAY_FEE,18,MRU,3270,MERCHANT,COLLECTED,2024-10-15T11:34:48.823Z
20799,42757,TX20240612184551,SAL_FEE,1920,MRU,5900,PLATFORM,COLLECTED,2024-06-12T06:42:57.283Z
20800,42766,TX20240501676198,WIT_FEE,50,MRU,3271,PLATFORM,COLLECTED,2024-05-01T12:53:52.010Z
20801,42767,TX20240215507941,TRF_FEE,25,MRU,6286,PLATFORM,COLLECTED,2024-02-15T09:38:28.262Z
20802,42768,TX20240729683872,TRF_FEE,25,MRU,1944,PLATFORM,COLLECTED,2024-07-29T08:42:37.493Z
20803,42769,TX20241102696439,TRF_FEE,25,MRU,1563,PLATFORM,COLLECTED,2024-11-02T18:38:17.149Z
20804,42772,TX20240703371964,PAY_FEE,108,MRU,4447,MERCHANT,COLLECTED,2024-07-03T14:00:01.248Z
20805,42773,TX20240521531033,WIT_FEE,50,MRU,9987,PLATFORM,COLLECTED,2024-05-21T15:59:27.956Z
20806,42776,TX20241210246687,TRF_FEE,50,MRU,406,PLATFORM,COLLECTED,2024-12-10T09:12:27.168Z
20807,42777,TX20240519895375,WIT_FEE,100,MRU,5695,PLATFORM,COLLECTED,2024-05-19T18:01:59.113Z
20808,42782,TX20240303986594,TRF_FEE,25,MRU,5672,PLATFORM,COLLECTED,2024-03-03T10:23:27.559Z
20809,42785,TX20240902392950,PAY_FEE,615,MRU,4396,MERCHANT,COLLECTED,2024-09-02T11:41:24.231Z
20810,42786,TX20240928552079,TRF_FEE,50,MRU,2687,PLATFORM,COLLECTED,2024-09-28T16:47:27.444Z
20811,42787,TX20240429698177,TRF_FEE,25,MRU,2961,PLATFORM,COLLECTED,2024-04-29T13:35:27.175Z
20812,42788,TX20240316439027,TRF_FEE,10,MRU,1574,PLATFORM,COLLECTED,2024-03-16T11:22:24.885Z
20813,42790,TX20240621051605,PAY_FEE,39,MRU,8313,MERCHANT,COLLECTED,2024-06-21T17:03:52.799Z
20814,42792,TX20240602442109,WIT_FEE,50,MRU,9574,PLATFORM,COLLECTED,2024-06-02T19:47:26.150Z
20815,42797,TX20241027559595,SAL_FEE,995,MRU,10308,PLATFORM,COLLECTED,2024-10-27T18:57:01.396Z
20816,42799,TX20241128171744,WIT_FEE,50,MRU,3000,PLATFORM,COLLECTED,2024-11-28T21:50:59.268Z
20817,42801,TX20241004660303,PAY_FEE,60,MRU,6050,MERCHANT,COLLECTED,2024-10-04T16:38:27.486Z
20818,42805,TX20241202731984,TRF_FEE,25,MRU,1269,PLATFORM,COLLECTED,2024-12-02T19:07:12.707Z
20819,42806,TX20240208156511,WIT_FEE,50,MRU,4480,PLATFORM,COLLECTED,2024-02-08T15:16:21.743Z
20820,42807,TX20241028991361,TRF_FEE,25,MRU,6459,PLATFORM,COLLECTED,2024-10-28T18:13:32.859Z
20821,42808,TX20240501958195,TRF_FEE,25,MRU,2625,PLATFORM,COLLECTED,2024-05-01T15:05:43.986Z
20822,42810,TX20241114714348,WIT_FEE,50,MRU,5077,PLATFORM,COLLECTED,2024-11-14T18:47:01.799Z
20823,42811,TX20241007581542,TRF_FEE,25,MRU,839,PLATFORM,COLLECTED,2024-10-07T17:08:13.207Z
20824,42817,TX20240607590180,WIT_FEE,50,MRU,1115,PLATFORM,COLLECTED,2024-06-07T18:01:48.454Z
20825,42822,TX20240711578730,WIT_FEE,50,MRU,10659,PLATFORM,COLLECTED,2024-07-11T13:03:05.084Z
20826,42823,TX20240605134458,PAY_FEE,51,MRU,8571,MERCHANT,COLLECTED,2024-06-05T17:33:49.159Z
20827,42824,TX20241203293861,PAY_FEE,7,MRU,5306,MERCHANT,COLLECTED,2024-12-03T12:26:10.067Z
20828,42825,TX20240606515217,WIT_FEE,280,MRU,10554,PLATFORM,COLLECTED,2024-06-06T08:20:45.203Z
20829,42828,TX20240623795727,PAY_FEE,8,MRU,4941,MERCHANT,COLLECTED,2024-06-23T08:13:36.695Z
20830,42829,TX20240122037351,WIT_FEE,50,MRU,8396,PLATFORM,COLLECTED,2024-01-22T17:19:57.035Z
20831,42831,TX20241124908770,TRF_FEE,25,MRU,7267,PLATFORM,COLLECTED,2024-11-24T17:38:35.585Z
20832,42837,TX20240925126582,TRF_FEE,25,MRU,5779,PLATFORM,COLLECTED,2024-09-25T08:28:38.145Z
20833,42839,TX20240610856671,PAY_FEE,855,MRU,8423,MERCHANT,COLLECTED,2024-06-10T15:05:24.503Z
20834,42840,TX20241207601446,TRF_FEE,25,MRU,180,PLATFORM,COLLECTED,2024-12-07T19:35:36.795Z
20835,42844,TX20240504938839,PAY_FEE,60,MRU,7029,MERCHANT,COLLECTED,2024-05-04T07:08:43.505Z
20836,42845,TX20240416386643,TRF_FEE,50,MRU,86,PLATFORM,COLLECTED,2024-04-16T13:43:10.767Z
20837,42847,TX20241204919844,WIT_FEE,200,MRU,4541,PLATFORM,COLLECTED,2024-12-04T16:53:45.342Z
20838,42851,TX20240318543764,TRF_FEE,50,MRU,9127,PLATFORM,COLLECTED,2024-03-18T10:35:05.246Z
20839,42852,TX20241219422558,SAL_FEE,1030,MRU,1713,PLATFORM,COLLECTED,2024-12-19T10:43:59.833Z
20840,42859,TX20240727372633,TRF_FEE,25,MRU,6968,PLATFORM,COLLECTED,2024-07-27T06:49:42.279Z
20841,42862,TX20240607702448,PAY_FEE,99,MRU,10333,MERCHANT,COLLECTED,2024-06-07T16:53:20.097Z
20842,42863,TX20240125293645,WIT_FEE,200,MRU,699,PLATFORM,COLLECTED,2024-01-25T07:13:42.949Z
20843,42864,TX20240327718801,TRF_FEE,50,MRU,3816,PLATFORM,COLLECTED,2024-03-27T16:09:36.220Z
20844,42865,TX20240830449323,WIT_FEE,50,MRU,6432,PLATFORM,COLLECTED,2024-08-30T07:56:00.241Z
20845,42871,TX20240414073578,PAY_FEE,38,MRU,4464,MERCHANT,COLLECTED,2024-04-14T14:53:51.878Z
20846,42872,TX20240519432612,SAL_FEE,495,MRU,264,PLATFORM,COLLECTED,2024-05-19T17:43:07.677Z
20847,42873,TX20240424448682,TRF_FEE,25,MRU,1799,PLATFORM,COLLECTED,2024-04-24T15:32:55.205Z
20848,42876,TX20240228884945,WIT_FEE,50,MRU,9965,PLATFORM,COLLECTED,2024-02-28T13:00:14.421Z
20849,42877,TX20241130028703,PAY_FEE,7,MRU,7746,MERCHANT,COLLECTED,2024-11-30T08:56:50.640Z
20850,42879,TX20240413090262,WIT_FEE,50,MRU,6567,PLATFORM,COLLECTED,2024-04-13T13:04:18.821Z
20851,42886,TX20240221153726,TRF_FEE,50,MRU,1620,PLATFORM,COLLECTED,2024-02-21T10:29:36.164Z
20852,42887,TX20241204056348,TRF_FEE,25,MRU,4805,PLATFORM,COLLECTED,2024-12-04T17:19:34.194Z
20853,42890,TX20240603261976,TRF_FEE,25,MRU,4868,PLATFORM,COLLECTED,2024-06-03T00:37:25.641Z
20854,42892,TX20240709572993,SAL_FEE,1050,MRU,7901,PLATFORM,COLLECTED,2024-07-09T04:54:56.854Z
20855,42894,TX20241225521088,PAY_FEE,57,MRU,1949,MERCHANT,COLLECTED,2024-12-25T10:58:28.447Z
20856,42895,TX20240618873838,TRF_FEE,25,MRU,22,PLATFORM,COLLECTED,2024-06-18T18:46:15.964Z
20857,42896,TX20241016620460,WIT_FEE,50,MRU,3348,PLATFORM,COLLECTED,2024-10-16T13:36:03.620Z
20858,42898,TX20240919782252,BIL_FEE,100,MRU,1344,PLATFORM,COLLECTED,2024-09-18T22:23:33.219Z
20859,42900,TX20241111115416,BIL_FEE,100,MRU,1132,PLATFORM,COLLECTED,2024-11-11T20:53:59.600Z
20860,42907,TX20240914467181,WIT_FEE,50,MRU,10775,PLATFORM,COLLECTED,2024-09-14T07:43:59.062Z
20861,42908,TX20240318119285,WIT_FEE,50,MRU,3338,PLATFORM,COLLECTED,2024-03-18T17:09:49.490Z
20862,42909,TX20240707061959,TRF_FEE,50,MRU,4562,PLATFORM,COLLECTED,2024-07-07T11:19:22.679Z
20863,42910,TX20240704091830,PAY_FEE,13,MRU,1195,MERCHANT,COLLECTED,2024-07-04T18:47:56.488Z
20864,42911,TX20240223801785,WIT_FEE,50,MRU,1369,PLATFORM,COLLECTED,2024-02-23T18:47:25.043Z
20865,42912,TX20240222299444,SAL_FEE,2250,MRU,4445,PLATFORM,COLLECTED,2024-02-22T22:43:24.743Z
20866,42913,TX20240420451500,SAL_FEE,1395,MRU,4276,PLATFORM,COLLECTED,2024-04-20T09:06:12.606Z
20867,42914,TX20241227183973,WIT_FEE,110,MRU,8484,PLATFORM,COLLECTED,2024-12-27T08:42:25.220Z
20868,42915,TX20240324805453,TRF_FEE,50,MRU,9875,PLATFORM,COLLECTED,2024-03-24T15:52:32.658Z
20869,42918,TX20240928337846,TRF_FEE,50,MRU,9266,PLATFORM,COLLECTED,2024-09-28T08:28:59.283Z
20870,42922,TX20240229486958,WIT_FEE,50,MRU,5265,PLATFORM,COLLECTED,2024-02-29T12:19:34.924Z
20871,42923,TX20240510095709,PAY_FEE,146,MRU,6979,MERCHANT,COLLECTED,2024-05-10T16:08:16.274Z
20872,42924,TX20240205818495,PAY_FEE,10,MRU,7417,MERCHANT,COLLECTED,2024-02-05T14:35:00.114Z
20873,42925,TX20240212982954,TRF_FEE,25,MRU,1413,PLATFORM,COLLECTED,2024-02-12T07:07:13.448Z
20874,42926,TX20240908264340,PAY_FEE,345,MRU,1686,MERCHANT,COLLECTED,2024-09-08T12:01:54.550Z
20875,42927,TX20240319932508,WIT_FEE,50,MRU,519,PLATFORM,COLLECTED,2024-03-19T13:52:12.626Z
20876,42928,TX20240601235466,TRF_FEE,25,MRU,4395,PLATFORM,COLLECTED,2024-06-01T06:55:23.919Z
20877,42932,TX20240506867792,PAY_FEE,48,MRU,1278,MERCHANT,COLLECTED,2024-05-06T05:08:37.601Z
20878,42933,TX20240130738455,TRF_FEE,50,MRU,452,PLATFORM,COLLECTED,2024-01-30T16:06:32.787Z
20879,42937,TX20240602623604,PAY_FEE,45,MRU,8939,MERCHANT,COLLECTED,2024-06-02T15:13:15.919Z
20880,42938,TX20240920273947,TRF_FEE,10,MRU,5514,PLATFORM,COLLECTED,2024-09-20T10:33:44.580Z
20881,42939,TX20240503303614,TRF_FEE,50,MRU,1050,PLATFORM,COLLECTED,2024-05-03T19:18:51.484Z
20882,42941,TX20240203893851,TRF_FEE,10,MRU,979,PLATFORM,COLLECTED,2024-02-03T08:00:24.711Z
20883,42942,TX20240923674750,PAY_FEE,32,MRU,1787,MERCHANT,COLLECTED,2024-09-23T16:19:13.962Z
20884,42943,TX20241228608728,WIT_FEE,62,MRU,807,PLATFORM,COLLECTED,2024-12-28T15:35:29.498Z
20885,42945,TX20240129551321,WIT_FEE,50,MRU,3404,PLATFORM,COLLECTED,2024-01-29T12:17:07.140Z
20886,42948,TX20240517004613,WIT_FEE,50,MRU,1630,PLATFORM,COLLECTED,2024-05-17T19:52:53.672Z
20887,42950,TX20240609212033,TRF_FEE,50,MRU,5785,PLATFORM,COLLECTED,2024-06-09T13:17:39.053Z
20888,42951,TX20240307419014,PAY_FEE,14,MRU,6913,MERCHANT,COLLECTED,2024-03-07T11:18:10.955Z
20889,42953,TX20240903302821,TRF_FEE,10,MRU,3701,PLATFORM,COLLECTED,2024-09-03T10:20:33.040Z
20890,42954,TX20240703626561,TRF_FEE,50,MRU,5671,PLATFORM,COLLECTED,2024-07-03T04:34:21.919Z
20891,42956,TX20241022339283,TRF_FEE,25,MRU,10705,PLATFORM,COLLECTED,2024-10-22T13:08:12.260Z
20892,42958,TX20240711743302,TRF_FEE,25,MRU,5207,PLATFORM,COLLECTED,2024-07-11T07:34:42.483Z
20893,42961,TX20240508665396,SAL_FEE,1790,MRU,1278,PLATFORM,COLLECTED,2024-05-08T10:39:36.564Z
20894,42964,TX20240126523860,PAY_FEE,111,MRU,2294,MERCHANT,COLLECTED,2024-01-26T05:48:02.353Z
20895,42965,TX20240210778182,PAY_FEE,18,MRU,5818,MERCHANT,COLLECTED,2024-02-10T05:36:17.254Z
20896,42968,TX20240306871813,PAY_FEE,60,MRU,8882,MERCHANT,COLLECTED,2024-03-06T17:28:44.156Z
20897,42969,TX20240122366858,PAY_FEE,15,MRU,7483,MERCHANT,COLLECTED,2024-01-22T06:50:41.077Z
20898,42970,TX20241103087949,WIT_FEE,50,MRU,1,PLATFORM,COLLECTED,2024-11-03T11:08:58.133Z
20899,42972,TX20240522794282,PAY_FEE,27,MRU,2074,MERCHANT,COLLECTED,2024-05-22T18:42:27.112Z
20900,42975,TX20240309895825,TRF_FEE,10,MRU,5342,PLATFORM,COLLECTED,2024-03-09T08:40:41.351Z
20901,42976,TX20240616433487,TRF_FEE,50,MRU,476,PLATFORM,COLLECTED,2024-06-16T13:34:50.390Z
20902,42979,TX20241114949042,TRF_FEE,25,MRU,9747,PLATFORM,COLLECTED,2024-11-14T18:25:29.311Z
20903,42980,TX20241227137341,PAY_FEE,18,MRU,1300,MERCHANT,COLLECTED,2024-12-27T05:40:38.728Z
20904,42983,TX20240525936375,WIT_FEE,50,MRU,3276,PLATFORM,COLLECTED,2024-05-25T11:33:30.584Z
20905,42984,TX20240917587006,TRF_FEE,25,MRU,10965,PLATFORM,COLLECTED,2024-09-17T06:24:31.642Z
20906,42985,TX20241214762815,WIT_FEE,50,MRU,8292,PLATFORM,COLLECTED,2024-12-14T13:41:55.712Z
20907,42989,TX20240630110120,TRF_FEE,50,MRU,8313,PLATFORM,COLLECTED,2024-06-30T17:49:41.908Z
20908,42993,TX20240608009823,WIT_FEE,100,MRU,2759,PLATFORM,COLLECTED,2024-06-08T07:50:40.266Z
20909,42994,TX20240106875240,PAY_FEE,104,MRU,5491,MERCHANT,COLLECTED,2024-01-06T12:03:54.818Z
20910,42996,TX20240115471112,TRF_FEE,50,MRU,5988,PLATFORM,COLLECTED,2024-01-15T17:44:54.626Z
20911,42998,TX20241207032876,WIT_FEE,50,MRU,6195,PLATFORM,COLLECTED,2024-12-07T10:43:04.386Z
20912,42999,TX20240129625271,PAY_FEE,20,MRU,5373,MERCHANT,COLLECTED,2024-01-29T09:51:05.166Z
20913,43001,TX20241104258155,PAY_FEE,11,MRU,9850,MERCHANT,COLLECTED,2024-11-04T11:07:24.050Z
20914,43004,TX20240420533777,TRF_FEE,25,MRU,10646,PLATFORM,COLLECTED,2024-04-20T15:49:07.933Z
20915,43005,TX20240713785272,TRF_FEE,25,MRU,8026,PLATFORM,COLLECTED,2024-07-13T04:28:21.360Z
20916,43006,TX20241208731984,BIL_FEE,100,MRU,7685,PLATFORM,COLLECTED,2024-12-08T07:12:42.115Z
20917,43007,TX20240208126048,WIT_FEE,50,MRU,4480,PLATFORM,COLLECTED,2024-02-08T15:16:21.743Z
20918,43008,TX20241126155259,PAY_FEE,44,MRU,1494,MERCHANT,COLLECTED,2024-11-26T09:32:51.584Z
20919,43009,TX20241013391346,WIT_FEE,270,MRU,5613,PLATFORM,COLLECTED,2024-10-13T06:43:59.236Z
20920,43010,TX20240512681814,PAY_FEE,47,MRU,5935,MERCHANT,COLLECTED,2024-05-12T19:54:01.733Z
20921,43012,TX20240819074416,TRF_FEE,50,MRU,1589,PLATFORM,COLLECTED,2024-08-19T12:28:46.887Z
20922,43013,TX20240214400191,TRF_FEE,25,MRU,244,PLATFORM,COLLECTED,2024-02-14T07:40:03.132Z
20923,43014,TX20240814938222,WIT_FEE,50,MRU,4111,PLATFORM,COLLECTED,2024-08-14T08:12:48.211Z
20924,43015,TX20240101789386,WIT_FEE,180,MRU,1713,PLATFORM,COLLECTED,2024-01-01T16:41:50.762Z
20925,43016,TX20240428052249,SAL_FEE,1285,MRU,3996,PLATFORM,COLLECTED,2024-04-28T17:58:45.854Z
20926,43018,TX20240225690416,TRF_FEE,25,MRU,8815,PLATFORM,COLLECTED,2024-02-25T15:34:12.887Z
20927,43019,TX20241014833389,TRF_FEE,10,MRU,5613,PLATFORM,COLLECTED,2024-10-14T08:19:08.673Z
20928,43021,TX20241109168460,PAY_FEE,32,MRU,5049,MERCHANT,COLLECTED,2024-11-09T07:18:26.300Z
20929,43022,TX20240305159925,TRF_FEE,50,MRU,4953,PLATFORM,COLLECTED,2024-03-05T08:19:05.404Z
20930,43023,TX20240905473402,PAY_FEE,20,MRU,2264,MERCHANT,COLLECTED,2024-09-05T07:37:23.169Z
20931,43025,TX20240618201116,BIL_FEE,100,MRU,9167,PLATFORM,COLLECTED,2024-06-18T10:10:04.479Z
20932,43030,TX20240429662916,PAY_FEE,36,MRU,3668,MERCHANT,COLLECTED,2024-04-29T19:02:45.406Z
20933,43031,TX20240426512837,TRF_FEE,50,MRU,4864,PLATFORM,COLLECTED,2024-04-26T05:53:14.228Z
20934,43032,TX20240804261064,TRF_FEE,25,MRU,10247,PLATFORM,COLLECTED,2024-08-04T13:39:15.346Z
20935,43034,TX20240215286042,PAY_FEE,75,MRU,1394,MERCHANT,COLLECTED,2024-02-15T06:43:44.331Z
20936,43035,TX20240122135313,WIT_FEE,110,MRU,8876,PLATFORM,COLLECTED,2024-01-22T08:27:28.999Z
20937,43036,TX20240527987515,TRF_FEE,50,MRU,2459,PLATFORM,COLLECTED,2024-05-27T15:07:54.234Z
20938,43037,TX20240622082392,PAY_FEE,270,MRU,7085,MERCHANT,COLLECTED,2024-06-22T16:34:36.927Z
20939,43042,TX20240219120670,WIT_FEE,50,MRU,7509,PLATFORM,COLLECTED,2024-02-19T13:58:08.409Z
20940,43045,TX20240504414658,PAY_FEE,60,MRU,7029,MERCHANT,COLLECTED,2024-05-04T07:08:43.505Z
20941,43054,TX20240819629061,PAY_FEE,146,MRU,454,MERCHANT,COLLECTED,2024-08-19T14:20:34.838Z
20942,43057,TX20240501966524,WIT_FEE,200,MRU,2223,PLATFORM,COLLECTED,2024-05-01T16:23:39.026Z
20943,43060,TX20240131372633,TRF_FEE,50,MRU,10792,PLATFORM,COLLECTED,2024-01-31T17:42:16.631Z
20944,43062,TX20240804304256,TRF_FEE,50,MRU,9528,PLATFORM,COLLECTED,2024-08-04T14:29:53.146Z
20945,43063,TX20241019702448,TRF_FEE,50,MRU,3050,PLATFORM,COLLECTED,2024-10-19T17:20:05.937Z
20946,43064,TX20240125130107,WIT_FEE,200,MRU,699,PLATFORM,COLLECTED,2024-01-25T07:13:42.949Z
20947,43065,TX20241015529152,WIT_FEE,50,MRU,3831,PLATFORM,COLLECTED,2024-10-15T07:36:13.344Z
20948,43066,TX20240305868732,TRF_FEE,25,MRU,1831,PLATFORM,COLLECTED,2024-03-05T19:00:14.581Z
20949,43069,TX20240108139245,TRF_FEE,50,MRU,6039,PLATFORM,COLLECTED,2024-01-08T15:57:59.215Z
20950,43072,TX20241111617266,BIL_FEE,100,MRU,1997,PLATFORM,COLLECTED,2024-11-11T18:24:09.465Z
20951,43076,TX20241005332369,PAY_FEE,30,MRU,4765,MERCHANT,COLLECTED,2024-10-05T08:40:27.093Z
20952,43080,TX20240128366187,TRF_FEE,25,MRU,8012,PLATFORM,COLLECTED,2024-01-28T09:49:35.898Z
20953,43085,TX20240410858773,TRF_FEE,50,MRU,10605,PLATFORM,COLLECTED,2024-04-10T05:58:26.725Z
20954,43091,TX20240601233280,TRF_FEE,10,MRU,1683,PLATFORM,COLLECTED,2024-06-01T14:26:47.548Z
20955,43093,TX20240116445306,WIT_FEE,50,MRU,6342,PLATFORM,COLLECTED,2024-01-16T05:03:52.163Z
20956,43095,TX20240305307822,TRF_FEE,50,MRU,10578,PLATFORM,COLLECTED,2024-03-05T15:44:24.819Z
20957,43097,TX20240420620460,TRF_FEE,50,MRU,8303,PLATFORM,COLLECTED,2024-04-20T11:17:43.150Z
20958,43101,TX20241222617248,PAY_FEE,41,MRU,1177,MERCHANT,COLLECTED,2024-12-22T18:59:36.103Z
20959,43108,TX20240123172370,SAL_FEE,835,MRU,10036,PLATFORM,COLLECTED,2024-01-23T20:59:28.611Z
20960,43109,TX20240323775516,WIT_FEE,50,MRU,5427,PLATFORM,COLLECTED,2024-03-23T08:50:09.818Z
20961,43110,TX20240428105730,TRF_FEE,25,MRU,9092,PLATFORM,COLLECTED,2024-04-28T09:40:24.868Z
20962,43113,TX20241227281736,TRF_FEE,50,MRU,8197,PLATFORM,COLLECTED,2024-12-27T08:59:43.407Z
20963,43114,TX20240209603854,WIT_FEE,50,MRU,3767,PLATFORM,COLLECTED,2024-02-09T08:36:23.509Z
20964,43119,TX20240403896732,PAY_FEE,42,MRU,648,MERCHANT,COLLECTED,2024-04-03T11:59:16.838Z
20965,43121,TX20240913807635,WIT_FEE,50,MRU,5361,PLATFORM,COLLECTED,2024-09-13T12:06:48.990Z
20966,43122,TX20240320631685,TRF_FEE,50,MRU,4440,PLATFORM,COLLECTED,2024-03-20T10:50:16.306Z
20967,43123,TX20240714716684,PAY_FEE,53,MRU,5384,MERCHANT,COLLECTED,2024-07-14T15:30:22.151Z
20968,43129,TX20240601338273,TRF_FEE,25,MRU,4395,PLATFORM,COLLECTED,2024-06-01T06:55:23.919Z
20969,43132,TX20240806272689,WIT_FEE,50,MRU,10781,PLATFORM,COLLECTED,2024-08-06T12:27:19.490Z
20970,43133,TX20241027327621,WIT_FEE,50,MRU,6642,PLATFORM,COLLECTED,2024-10-27T10:03:08.625Z
20971,43135,TX20241031656509,PAY_FEE,180,MRU,8603,MERCHANT,COLLECTED,2024-10-31T14:55:07.225Z
20972,43137,TX20240214458480,TRF_FEE,10,MRU,2410,PLATFORM,COLLECTED,2024-02-14T21:51:13.690Z
20973,43140,TX20240207135586,TRF_FEE,25,MRU,3752,PLATFORM,COLLECTED,2024-02-07T16:19:43.610Z
20974,43147,TX20241012234461,TRF_FEE,25,MRU,10671,PLATFORM,COLLECTED,2024-10-12T18:21:24.512Z
20975,43148,TX20241121670782,TRF_FEE,10,MRU,181,PLATFORM,COLLECTED,2024-11-21T06:57:17.742Z
20976,43153,TX20241204210065,TRF_FEE,25,MRU,4041,PLATFORM,COLLECTED,2024-12-04T07:54:14.439Z
20977,43154,TX20240410179729,WIT_FEE,150,MRU,2686,PLATFORM,COLLECTED,2024-04-10T10:39:49.219Z
20978,43155,TX20240625429940,PAY_FEE,27,MRU,6913,MERCHANT,COLLECTED,2024-06-25T13:48:49.295Z
20979,43159,TX20240219971789,TRF_FEE,50,MRU,8197,PLATFORM,COLLECTED,2024-02-19T15:57:17.532Z
20980,43163,TX20240107790884,TRF_FEE,25,MRU,4670,PLATFORM,COLLECTED,2024-01-07T11:16:18.526Z
20981,43164,TX20240423169726,TRF_FEE,25,MRU,6260,PLATFORM,COLLECTED,2024-04-23T08:02:50.091Z
20982,43167,TX20240715027656,WIT_FEE,50,MRU,6428,PLATFORM,COLLECTED,2024-07-15T15:53:15.956Z
20983,43168,TX20240705676198,WIT_FEE,50,MRU,7894,PLATFORM,COLLECTED,2024-07-05T17:52:00.295Z
20984,43169,TX20240215307744,TRF_FEE,25,MRU,6286,PLATFORM,COLLECTED,2024-02-15T09:38:28.262Z
20985,43174,TX20240822502435,TRF_FEE,50,MRU,2255,PLATFORM,COLLECTED,2024-08-22T03:01:14.401Z
20986,43177,TX20240223097967,TRF_FEE,50,MRU,4803,PLATFORM,COLLECTED,2024-02-23T15:52:14.541Z
20987,43180,TX20240423393090,TRF_FEE,25,MRU,8372,PLATFORM,COLLECTED,2024-04-23T17:55:19.293Z
20988,43182,TX20240917809562,WIT_FEE,50,MRU,9669,PLATFORM,COLLECTED,2024-09-17T06:20:52.844Z
20989,43184,TX20240619516580,WIT_FEE,120,MRU,7705,PLATFORM,COLLECTED,2024-06-19T13:30:35.295Z
20990,43185,TX20240203469670,PAY_FEE,39,MRU,10610,MERCHANT,COLLECTED,2024-02-03T11:31:38.994Z
20991,43189,TX20241028257851,PAY_FEE,92,MRU,5118,MERCHANT,COLLECTED,2024-10-28T15:19:33.597Z
20992,43190,TX20240624439027,TRF_FEE,10,MRU,9767,PLATFORM,COLLECTED,2024-06-24T07:23:22.405Z
20993,43193,TX20240423325015,WIT_FEE,50,MRU,4917,PLATFORM,COLLECTED,2024-04-23T09:27:38.301Z
20994,43194,TX20240602796639,WIT_FEE,50,MRU,9574,PLATFORM,COLLECTED,2024-06-02T19:47:26.150Z
20995,43197,TX20240918540660,SAL_FEE,335,MRU,7091,PLATFORM,COLLECTED,2024-09-18T07:59:19.435Z
20996,43198,TX20240106807158,TRF_FEE,10,MRU,136,PLATFORM,COLLECTED,2024-01-06T06:48:43.079Z
20997,43199,TX20241027388794,SAL_FEE,995,MRU,10308,PLATFORM,COLLECTED,2024-10-27T18:57:01.396Z
20998,43201,TX20240408202108,SAL_FEE,1455,MRU,4872,PLATFORM,COLLECTED,2024-04-08T08:05:39.870Z
20999,43202,TX20240518586259,TRF_FEE,10,MRU,4931,PLATFORM,COLLECTED,2024-05-18T13:46:43.846Z
21000,43203,TX20240918818102,TRF_FEE,50,MRU,5376,PLATFORM,COLLECTED,2024-09-18T15:51:38.465Z
21001,43207,TX20240612469822,TRF_FEE,25,MRU,7801,PLATFORM,COLLECTED,2024-06-12T17:56:07.210Z
21002,43210,TX20240501442971,TRF_FEE,25,MRU,2625,PLATFORM,COLLECTED,2024-05-01T15:05:43.986Z
21003,43212,TX20240616355723,PAY_FEE,38,MRU,7520,MERCHANT,COLLECTED,2024-06-16T06:05:59.433Z
21004,43213,TX20241120581542,PAY_FEE,45,MRU,2078,MERCHANT,COLLECTED,2024-11-20T08:13:12.076Z
21005,43216,TX20240109529123,WIT_FEE,50,MRU,9258,PLATFORM,COLLECTED,2024-01-09T10:00:44.684Z
21006,43217,TX20241112408734,PAY_FEE,29,MRU,8276,MERCHANT,COLLECTED,2024-11-12T21:19:54.979Z
21007,43218,TX20240118497001,PAY_FEE,270,MRU,2414,MERCHANT,COLLECTED,2024-01-18T15:46:26.835Z
21008,43220,TX20240429866697,WIT_FEE,50,MRU,4547,PLATFORM,COLLECTED,2024-04-29T07:40:30.100Z
21009,43222,TX20240612218960,WIT_FEE,150,MRU,4523,PLATFORM,COLLECTED,2024-06-12T08:27:57.394Z
21010,43227,TX20240418734159,TRF_FEE,25,MRU,8953,PLATFORM,COLLECTED,2024-04-18T09:45:12.957Z
21011,43228,TX20241223615756,WIT_FEE,50,MRU,9316,PLATFORM,COLLECTED,2024-12-23T14:29:15.233Z
21012,43230,TX20240419820544,TRF_FEE,10,MRU,9244,PLATFORM,COLLECTED,2024-04-19T07:36:41.446Z
21013,43231,TX20241217533981,WIT_FEE,100,MRU,4540,PLATFORM,COLLECTED,2024-12-17T06:45:24.331Z
21014,43233,TX20240801962294,TRF_FEE,25,MRU,8878,PLATFORM,COLLECTED,2024-08-01T14:15:20.929Z
21015,43236,TX20240122126863,WIT_FEE,52,MRU,8876,PLATFORM,COLLECTED,2024-01-22T08:27:28.999Z
21016,43237,TX20241005177450,TRF_FEE,10,MRU,6421,PLATFORM,COLLECTED,2024-10-05T06:54:14.221Z
21017,43238,TX20241018827417,TRF_FEE,25,MRU,10226,PLATFORM,COLLECTED,2024-10-18T11:49:34.607Z
21018,43239,TX20240613232449,WIT_FEE,50,MRU,7002,PLATFORM,COLLECTED,2024-06-13T12:44:17.467Z
21019,43241,TX20240202891696,PAY_FEE,62,MRU,5800,MERCHANT,COLLECTED,2024-02-02T11:30:45.847Z
21020,43242,TX20240803027338,BIL_FEE,100,MRU,8216,PLATFORM,COLLECTED,2024-08-03T13:47:00.753Z
21021,43245,TX20240904123541,TRF_FEE,10,MRU,9789,PLATFORM,COLLECTED,2024-09-04T19:24:15.038Z
21022,43246,TX20240504122447,PAY_FEE,60,MRU,7029,MERCHANT,COLLECTED,2024-05-04T07:08:43.505Z
21023,43247,TX20240920286457,TRF_FEE,50,MRU,9563,PLATFORM,COLLECTED,2024-09-20T07:46:00.445Z
21024,43258,TX20241018302651,WIT_FEE,50,MRU,1062,PLATFORM,COLLECTED,2024-10-18T10:39:01.200Z
21025,43260,TX20240728040199,PAY_FEE,13,MRU,1297,MERCHANT,COLLECTED,2024-07-28T10:42:26.542Z
21026,43263,TX20240826732459,TRF_FEE,25,MRU,6898,PLATFORM,COLLECTED,2024-08-26T11:53:08.863Z
21027,43264,TX20240607542659,PAY_FEE,99,MRU,10333,MERCHANT,COLLECTED,2024-06-07T16:53:20.097Z
21028,43266,TX20241015078643,WIT_FEE,50,MRU,3831,PLATFORM,COLLECTED,2024-10-15T07:36:13.344Z
21029,43270,TX20240108180465,TRF_FEE,50,MRU,6039,PLATFORM,COLLECTED,2024-01-08T15:57:59.215Z
21030,43271,TX20240328369572,TRF_FEE,25,MRU,4043,PLATFORM,COLLECTED,2024-03-28T19:22:05.452Z
21031,43273,TX20240722868351,TRF_FEE,25,MRU,9542,PLATFORM,COLLECTED,2024-07-22T16:17:38.891Z
21032,43274,TX20240919160929,SAL_FEE,1775,MRU,1437,PLATFORM,COLLECTED,2024-09-19T19:22:52.727Z
21033,43275,TX20240127558103,PAY_FEE,38,MRU,5966,MERCHANT,COLLECTED,2024-01-27T20:32:18.750Z
21034,43276,TX20240108028257,TRF_FEE,25,MRU,1005,PLATFORM,COLLECTED,2024-01-08T07:05:03.406Z
21035,43277,TX20240828666901,PAY_FEE,36,MRU,2728,MERCHANT,COLLECTED,2024-08-28T18:49:51.762Z
21036,43281,TX20240128760398,TRF_FEE,25,MRU,8012,PLATFORM,COLLECTED,2024-01-28T09:49:35.898Z
21037,43289,TX20240426062259,PAY_FEE,33,MRU,3292,MERCHANT,COLLECTED,2024-04-26T13:11:26.785Z
21038,43291,TX20240606058895,TRF_FEE,50,MRU,684,PLATFORM,COLLECTED,2024-06-06T16:27:08.773Z
21039,43292,TX20240710489705,TRF_FEE,50,MRU,7073,PLATFORM,COLLECTED,2024-07-10T10:00:37.418Z
21040,43293,TX20241106332217,PAY_FEE,480,MRU,4393,MERCHANT,COLLECTED,2024-11-06T22:59:55.513Z
21041,43294,TX20241211232211,BIL_FEE,100,MRU,328,PLATFORM,COLLECTED,2024-12-11T17:43:21.041Z
21042,43295,TX20240908541436,WIT_FEE,330,MRU,2508,PLATFORM,COLLECTED,2024-09-08T04:27:56.780Z
21043,43296,TX20240305222598,TRF_FEE,50,MRU,10578,PLATFORM,COLLECTED,2024-03-05T15:44:24.819Z
21044,43299,TX20241112247430,TRF_FEE,25,MRU,6215,PLATFORM,COLLECTED,2024-11-12T18:12:53.327Z
21045,43302,TX20241121115416,SAL_FEE,1425,MRU,6840,PLATFORM,COLLECTED,2024-11-21T22:36:06.107Z
21046,43304,TX20240622981833,TRF_FEE,25,MRU,1093,PLATFORM,COLLECTED,2024-06-22T13:39:27.304Z
21047,43305,TX20240410731995,WIT_FEE,50,MRU,8190,PLATFORM,COLLECTED,2024-04-10T19:01:59.273Z
21048,43306,TX20240428273966,PAY_FEE,450,MRU,2682,MERCHANT,COLLECTED,2024-04-28T09:10:58.111Z
21049,43307,TX20240907050969,TRF_FEE,50,MRU,10734,PLATFORM,COLLECTED,2024-09-07T15:10:54.840Z
21050,43313,TX20240813548357,PAY_FEE,35,MRU,3419,MERCHANT,COLLECTED,2024-08-13T08:53:48.420Z
21051,43320,TX20240624797862,WIT_FEE,50,MRU,2285,PLATFORM,COLLECTED,2024-06-24T21:16:50.059Z
21052,43321,TX20240406745131,TRF_FEE,25,MRU,6409,PLATFORM,COLLECTED,2024-04-06T18:58:46.943Z
21053,43322,TX20240418067482,PAY_FEE,41,MRU,10911,MERCHANT,COLLECTED,2024-04-18T14:30:06.800Z
21054,43324,TX20241002792247,PAY_FEE,29,MRU,5694,MERCHANT,COLLECTED,2024-10-02T13:47:32.736Z
21055,43326,TX20240205662723,PAY_FEE,10,MRU,7417,MERCHANT,COLLECTED,2024-02-05T14:35:00.114Z
21056,43328,TX20240908135767,PAY_FEE,345,MRU,1686,MERCHANT,COLLECTED,2024-09-08T12:01:54.550Z
21057,43330,TX20240601305437,TRF_FEE,25,MRU,4395,PLATFORM,COLLECTED,2024-06-01T06:55:23.919Z
21058,43334,TX20241027205325,WIT_FEE,50,MRU,6642,PLATFORM,COLLECTED,2024-10-27T10:03:08.625Z
21059,43336,TX20241018226557,TRF_FEE,50,MRU,2508,PLATFORM,COLLECTED,2024-10-18T16:36:55.121Z
21060,43337,TX20240928173573,PAY_FEE,14,MRU,1292,MERCHANT,COLLECTED,2024-09-28T14:48:23.411Z
21061,43339,TX20241201688393,WIT_FEE,50,MRU,10960,PLATFORM,COLLECTED,2024-12-01T17:46:35.382Z
21062,43341,TX20240503133707,TRF_FEE,50,MRU,1050,PLATFORM,COLLECTED,2024-05-03T19:18:51.484Z
21063,43344,TX20240923671732,PAY_FEE,32,MRU,1787,MERCHANT,COLLECTED,2024-09-23T16:19:13.962Z
21064,43350,TX20241220832964,WIT_FEE,100,MRU,5470,PLATFORM,COLLECTED,2024-12-20T17:53:40.147Z
21065,43352,TX20240829576192,WIT_FEE,180,MRU,10119,PLATFORM,COLLECTED,2024-08-29T05:31:45.885Z
21066,43354,TX20241016519016,WIT_FEE,50,MRU,2744,PLATFORM,COLLECTED,2024-10-16T14:55:07.913Z
21067,43360,TX20240612833768,SAL_FEE,1920,MRU,5900,PLATFORM,COLLECTED,2024-06-12T06:42:57.283Z
21068,43366,TX20240316339634,WIT_FEE,50,MRU,1225,PLATFORM,COLLECTED,2024-03-16T10:43:35.327Z
21069,43367,TX20240402227497,WIT_FEE,200,MRU,1707,PLATFORM,COLLECTED,2024-04-02T12:40:00.209Z
21070,43375,TX20240118203407,WIT_FEE,64,MRU,2106,PLATFORM,COLLECTED,2024-01-18T19:54:56.031Z
21071,43382,TX20240927280287,TRF_FEE,10,MRU,8030,PLATFORM,COLLECTED,2024-09-27T20:01:40.646Z
21072,43383,TX20240917491457,WIT_FEE,50,MRU,9669,PLATFORM,COLLECTED,2024-09-17T06:20:52.844Z
21073,43387,TX20241214394843,WIT_FEE,50,MRU,8292,PLATFORM,COLLECTED,2024-12-14T13:41:55.712Z
21074,43388,TX20240317315124,WIT_FEE,50,MRU,8513,PLATFORM,COLLECTED,2024-03-17T17:36:32.596Z
21075,43391,TX20241121694039,TRF_FEE,25,MRU,4862,PLATFORM,COLLECTED,2024-11-21T17:41:54.753Z
21076,43392,TX20241229300285,PAY_FEE,12,MRU,5937,MERCHANT,COLLECTED,2024-12-29T14:25:12.074Z
21077,43395,TX20240802437684,PAY_FEE,23,MRU,7443,MERCHANT,COLLECTED,2024-08-02T10:26:08.840Z
21078,43404,TX20240619818102,TRF_FEE,25,MRU,7724,PLATFORM,COLLECTED,2024-06-19T11:32:49.370Z
21079,43406,TX20240420275835,TRF_FEE,25,MRU,10646,PLATFORM,COLLECTED,2024-04-20T15:49:07.933Z
21080,43407,TX20240108785272,TRF_FEE,50,MRU,10319,PLATFORM,COLLECTED,2024-01-08T12:21:21.727Z
21081,43408,TX20241208469822,BIL_FEE,100,MRU,7685,PLATFORM,COLLECTED,2024-12-08T07:12:42.115Z
21082,43410,TX20241028155259,TRF_FEE,25,MRU,6459,PLATFORM,COLLECTED,2024-10-28T18:13:32.859Z
21083,43411,TX20241013201006,WIT_FEE,270,MRU,5613,PLATFORM,COLLECTED,2024-10-13T06:43:59.236Z
21084,43412,TX20241220794561,WIT_FEE,50,MRU,2846,PLATFORM,COLLECTED,2024-12-20T18:01:44.536Z
21085,43414,TX20240819565578,TRF_FEE,50,MRU,1589,PLATFORM,COLLECTED,2024-08-19T12:28:46.887Z
21086,43418,TX20241112456419,PAY_FEE,29,MRU,8276,MERCHANT,COLLECTED,2024-11-12T21:19:54.979Z
21087,43420,TX20240316163584,TRF_FEE,25,MRU,2106,PLATFORM,COLLECTED,2024-03-16T18:47:35.328Z
21088,43421,TX20240429833389,WIT_FEE,50,MRU,4547,PLATFORM,COLLECTED,2024-04-29T07:40:30.100Z
21089,43423,TX20240207168460,PAY_FEE,33,MRU,10500,MERCHANT,COLLECTED,2024-02-07T09:26:18.455Z
21090,43424,TX20240305312994,TRF_FEE,50,MRU,4953,PLATFORM,COLLECTED,2024-03-05T08:19:05.404Z
21091,43425,TX20240314134021,TRF_FEE,10,MRU,2474,PLATFORM,COLLECTED,2024-03-14T14:23:10.204Z
21092,43427,TX20241030026280,TRF_FEE,50,MRU,5052,PLATFORM,COLLECTED,2024-10-30T07:58:47.218Z
21093,43428,TX20241002969676,WIT_FEE,50,MRU,6602,PLATFORM,COLLECTED,2024-10-02T07:57:48.549Z
21094,43429,TX20240818418570,SAL_FEE,1210,MRU,4748,PLATFORM,COLLECTED,2024-08-18T12:15:13.843Z
21095,43431,TX20240616795727,WIT_FEE,53,MRU,6650,PLATFORM,COLLECTED,2024-06-16T16:28:17.219Z
21096,43432,TX20240122510440,WIT_FEE,50,MRU,8396,PLATFORM,COLLECTED,2024-01-22T17:19:57.035Z
21097,43434,TX20241124962294,TRF_FEE,25,MRU,7267,PLATFORM,COLLECTED,2024-11-24T17:38:35.585Z
21098,43436,TX20240215695256,PAY_FEE,75,MRU,1394,MERCHANT,COLLECTED,2024-02-15T06:43:44.331Z
21099,43439,TX20241018005690,TRF_FEE,25,MRU,10226,PLATFORM,COLLECTED,2024-10-18T11:49:34.607Z
21100,43443,TX20240809382148,TRF_FEE,25,MRU,8140,PLATFORM,COLLECTED,2024-08-09T15:00:45.745Z
21101,43444,TX20240525256042,PAY_FEE,35,MRU,6600,MERCHANT,COLLECTED,2024-05-25T11:47:45.177Z
21102,43448,TX20240304286457,PAY_FEE,57,MRU,2144,MERCHANT,COLLECTED,2024-03-04T16:00:26.866Z
21103,43461,TX20240605531677,TRF_FEE,25,MRU,3854,PLATFORM,COLLECTED,2024-06-05T14:26:32.117Z
21104,43462,TX20240727700888,TRF_FEE,25,MRU,6968,PLATFORM,COLLECTED,2024-07-27T06:49:42.279Z
21105,43463,TX20240623734824,TRF_FEE,25,MRU,7691,PLATFORM,COLLECTED,2024-06-23T06:00:17.034Z
21106,43464,TX20240826304256,TRF_FEE,25,MRU,6898,PLATFORM,COLLECTED,2024-08-26T11:53:08.863Z
21107,43465,TX20241019542659,TRF_FEE,50,MRU,3050,PLATFORM,COLLECTED,2024-10-19T17:20:05.937Z
21108,43468,TX20240925868732,TRF_FEE,10,MRU,140,PLATFORM,COLLECTED,2024-09-25T08:39:10.936Z
21109,43471,TX20241213180465,TRF_FEE,25,MRU,1766,PLATFORM,COLLECTED,2024-12-13T21:12:32.065Z
21110,43475,TX20240519559483,SAL_FEE,495,MRU,264,PLATFORM,COLLECTED,2024-05-19T17:43:07.677Z
21111,43476,TX20241001556022,WIT_FEE,50,MRU,3474,PLATFORM,COLLECTED,2024-10-01T12:55:12.162Z
21112,43479,TX20240228834689,WIT_FEE,50,MRU,9965,PLATFORM,COLLECTED,2024-02-28T13:00:14.421Z
21113,43480,TX20240229028703,BIL_FEE,100,MRU,2017,PLATFORM,COLLECTED,2024-02-29T19:50:38.702Z
21114,43483,TX20240916260688,WIT_FEE,50,MRU,7576,PLATFORM,COLLECTED,2024-09-16T16:40:09.134Z
21115,43484,TX20241028744838,WIT_FEE,160,MRU,6743,PLATFORM,COLLECTED,2024-10-28T20:25:39.882Z
21116,43486,TX20240714223354,TRF_FEE,50,MRU,5546,PLATFORM,COLLECTED,2024-07-14T15:49:01.558Z
21117,43487,TX20240410260784,TRF_FEE,50,MRU,10605,PLATFORM,COLLECTED,2024-04-10T05:58:26.725Z
21118,43488,TX20240428239695,TRF_FEE,10,MRU,3524,PLATFORM,COLLECTED,2024-04-28T11:46:31.170Z
21119,43491,TX20240316207200,TRF_FEE,50,MRU,2469,PLATFORM,COLLECTED,2024-03-16T14:55:40.220Z
21120,43492,TX20241109358467,PAY_FEE,35,MRU,641,MERCHANT,COLLECTED,2024-11-09T11:43:55.823Z
21121,43493,TX20240719296229,PAY_FEE,345,MRU,2224,MERCHANT,COLLECTED,2024-07-19T07:10:29.760Z
21122,43494,TX20241217709272,WIT_FEE,50,MRU,5985,PLATFORM,COLLECTED,2024-12-17T15:39:03.966Z
21123,43496,TX20240830527596,PAY_FEE,195,MRU,5419,MERCHANT,COLLECTED,2024-08-30T09:17:25.850Z
21124,43497,TX20241216646252,PAY_FEE,35,MRU,7954,MERCHANT,COLLECTED,2024-12-16T09:56:42.521Z
21125,43498,TX20241225839810,TRF_FEE,25,MRU,9639,PLATFORM,COLLECTED,2024-12-25T12:51:04.348Z
21126,43499,TX20240225738578,PAY_FEE,645,MRU,3096,MERCHANT,COLLECTED,2024-02-25T16:38:49.954Z
21127,43505,TX20240802895340,TRF_FEE,25,MRU,9254,PLATFORM,COLLECTED,2024-08-02T14:27:18.099Z
21128,43506,TX20241222848254,WIT_FEE,50,MRU,5235,PLATFORM,COLLECTED,2024-12-22T05:59:16.742Z
21129,43507,TX20240704556233,WIT_FEE,50,MRU,10796,PLATFORM,COLLECTED,2024-07-04T16:19:21.173Z
21130,43511,TX20240520411593,WIT_FEE,390,MRU,1310,PLATFORM,COLLECTED,2024-05-20T07:33:04.149Z
21131,43514,TX20241101046125,WIT_FEE,50,MRU,4655,PLATFORM,COLLECTED,2024-11-01T14:17:53.801Z
21132,43515,TX20240214250387,WIT_FEE,50,MRU,7136,PLATFORM,COLLECTED,2024-02-14T14:01:43.398Z
21133,43517,TX20241222295565,TRF_FEE,10,MRU,2364,PLATFORM,COLLECTED,2024-12-22T10:39:26.108Z
21134,43518,TX20240424643098,PAY_FEE,26,MRU,4556,MERCHANT,COLLECTED,2024-04-24T09:21:08.437Z
21135,43520,TX20240330245776,TRF_FEE,25,MRU,4778,PLATFORM,COLLECTED,2024-03-30T07:00:59.544Z
21136,43521,TX20241219665520,WIT_FEE,450,MRU,3744,PLATFORM,COLLECTED,2024-12-19T17:25:53.293Z
21137,43522,TX20241019642346,PAY_FEE,17,MRU,153,MERCHANT,COLLECTED,2024-10-19T06:44:31.972Z
21138,43524,TX20240407022128,TRF_FEE,25,MRU,6523,PLATFORM,COLLECTED,2024-04-07T06:31:58.656Z
21139,43525,TX20240902098484,SAL_FEE,1865,MRU,219,PLATFORM,COLLECTED,2024-09-02T15:27:37.788Z
21140,43528,TX20240712095404,WIT_FEE,50,MRU,10828,PLATFORM,COLLECTED,2024-07-12T13:25:24.210Z
21141,43529,TX20241129143398,WIT_FEE,290,MRU,6930,PLATFORM,COLLECTED,2024-11-29T09:08:38.775Z
21142,43530,TX20240501510843,WIT_FEE,100,MRU,10286,PLATFORM,COLLECTED,2024-05-01T09:23:10.506Z
21143,43532,TX20241105516239,TRF_FEE,25,MRU,7247,PLATFORM,COLLECTED,2024-11-05T19:33:49.612Z
21144,43537,TX20240305768452,TRF_FEE,50,MRU,10277,PLATFORM,COLLECTED,2024-03-05T15:47:50.610Z
21145,43538,TX20241024810235,TRF_FEE,10,MRU,1781,PLATFORM,COLLECTED,2024-10-24T10:24:07.998Z
21146,43539,TX20240325468997,PAY_FEE,225,MRU,4089,MERCHANT,COLLECTED,2024-03-25T15:13:12.565Z
21147,43540,TX20240602192452,PAY_FEE,45,MRU,8939,MERCHANT,COLLECTED,2024-06-02T15:13:15.919Z
21148,43542,TX20240207303614,TRF_FEE,25,MRU,3752,PLATFORM,COLLECTED,2024-02-07T16:19:43.610Z
21149,43544,TX20240203477158,TRF_FEE,10,MRU,979,PLATFORM,COLLECTED,2024-02-03T08:00:24.711Z
21150,43548,TX20240129319391,WIT_FEE,50,MRU,3404,PLATFORM,COLLECTED,2024-01-29T12:17:07.140Z
21151,43550,TX20241121640547,TRF_FEE,10,MRU,181,PLATFORM,COLLECTED,2024-11-21T06:57:17.742Z
21152,43555,TX20240331519016,BIL_FEE,100,MRU,1552,PLATFORM,COLLECTED,2024-03-31T10:21:09.324Z
21153,43561,TX20240219289255,TRF_FEE,50,MRU,8197,PLATFORM,COLLECTED,2024-02-19T15:57:17.532Z
21154,43562,TX20240120809388,TRF_FEE,50,MRU,33,PLATFORM,COLLECTED,2024-01-20T06:42:47.843Z
21155,43564,TX20241209170000,WIT_FEE,50,MRU,5253,PLATFORM,COLLECTED,2024-12-09T08:39:13.406Z
21156,43568,TX20240710227497,WIT_FEE,50,MRU,126,PLATFORM,COLLECTED,2024-07-10T14:00:12.154Z
21157,43571,TX20240513567873,PAY_FEE,69,MRU,3017,MERCHANT,COLLECTED,2024-05-13T15:37:50.259Z
21158,43572,TX20240305296842,TRF_FEE,10,MRU,4063,PLATFORM,COLLECTED,2024-03-05T20:09:41.119Z
21159,43573,TX20240930815085,WIT_FEE,50,MRU,9852,PLATFORM,COLLECTED,2024-09-30T12:05:33.838Z
21160,43576,TX20240822954164,TRF_FEE,50,MRU,2255,PLATFORM,COLLECTED,2024-08-22T03:01:14.401Z
21161,43578,TX20240819500013,TRF_FEE,25,MRU,10691,PLATFORM,COLLECTED,2024-08-19T07:35:25.537Z
21162,43579,TX20240116479823,WIT_FEE,50,MRU,7316,PLATFORM,COLLECTED,2024-01-16T18:03:32.146Z
21163,43581,TX20240416112049,PAY_FEE,11,MRU,1245,MERCHANT,COLLECTED,2024-04-16T09:56:01.997Z
21164,43582,TX20240423349380,TRF_FEE,25,MRU,8372,PLATFORM,COLLECTED,2024-04-23T17:55:19.293Z
21165,43586,TX20240723936375,TRF_FEE,50,MRU,10289,PLATFORM,COLLECTED,2024-07-23T12:35:17.699Z
21166,43589,TX20240910110063,TRF_FEE,25,MRU,8984,PLATFORM,COLLECTED,2024-09-10T10:13:23.209Z
21167,43590,TX20240615905704,PAY_FEE,225,MRU,10716,MERCHANT,COLLECTED,2024-06-15T10:14:32.141Z
21168,43591,TX20240725340078,WIT_FEE,50,MRU,3648,PLATFORM,COLLECTED,2024-07-25T13:27:10.267Z
21169,43592,TX20240527100945,WIT_FEE,350,MRU,9840,PLATFORM,COLLECTED,2024-05-27T17:08:24.498Z
21170,43593,TX20240620448127,PAY_FEE,63,MRU,4672,MERCHANT,COLLECTED,2024-06-20T09:51:59.567Z
21171,43594,TX20240913611975,TRF_FEE,25,MRU,563,PLATFORM,COLLECTED,2024-09-13T05:00:02.643Z
21172,43595,TX20240110301837,TRF_FEE,50,MRU,9123,PLATFORM,COLLECTED,2024-01-10T08:47:02.933Z
21173,43596,TX20240802954934,PAY_FEE,23,MRU,7443,MERCHANT,COLLECTED,2024-08-02T10:26:08.840Z
21174,43597,TX20240729700029,TRF_FEE,50,MRU,5403,PLATFORM,COLLECTED,2024-07-29T17:51:42.014Z
21175,43599,TX20241129315730,PAY_FEE,47,MRU,3,MERCHANT,COLLECTED,2024-11-29T14:32:30.755Z
21176,43603,TX20240202725999,WIT_FEE,50,MRU,9033,PLATFORM,COLLECTED,2024-02-02T15:52:26.535Z
21177,43608,TX20240508653814,TRF_FEE,25,MRU,1112,PLATFORM,COLLECTED,2024-05-08T09:43:56.688Z
21178,43610,TX20240208778323,WIT_FEE,50,MRU,4480,PLATFORM,COLLECTED,2024-02-08T15:16:21.743Z
21179,43611,TX20240322155259,BIL_FEE,100,MRU,7117,PLATFORM,COLLECTED,2024-03-22T13:51:35.135Z
21180,43612,TX20241013191054,WIT_FEE,270,MRU,5613,PLATFORM,COLLECTED,2024-10-13T06:43:59.236Z
21181,43613,TX20241124270296,SAL_FEE,1710,MRU,6612,PLATFORM,COLLECTED,2024-11-24T05:44:32.256Z
21182,43622,TX20240221866697,WIT_FEE,50,MRU,3975,PLATFORM,COLLECTED,2024-02-21T15:30:06.411Z
21183,43624,TX20240419366154,TRF_FEE,50,MRU,10307,PLATFORM,COLLECTED,2024-04-19T10:57:23.408Z
21184,43627,TX20241004899529,SAL_FEE,2095,MRU,2756,PLATFORM,COLLECTED,2024-10-04T06:46:00.704Z
21185,43629,TX20240823119766,TRF_FEE,25,MRU,5701,PLATFORM,COLLECTED,2024-08-23T12:56:25.083Z
21186,43631,TX20240715532651,WIT_FEE,200,MRU,5868,PLATFORM,COLLECTED,2024-07-15T15:41:03.063Z
21187,43632,TX20241101573937,TRF_FEE,50,MRU,1665,PLATFORM,COLLECTED,2024-11-01T07:22:46.726Z
21188,43635,TX20240801261064,TRF_FEE,25,MRU,8878,PLATFORM,COLLECTED,2024-08-01T14:15:20.929Z
21189,43640,TX20241018677599,TRF_FEE,25,MRU,10226,PLATFORM,COLLECTED,2024-10-18T11:49:34.607Z
21190,43641,TX20240925697672,TRF_FEE,25,MRU,5779,PLATFORM,COLLECTED,2024-09-25T08:28:38.145Z
21191,43644,TX20240803601446,BIL_FEE,100,MRU,8216,PLATFORM,COLLECTED,2024-08-03T13:47:00.753Z
21192,43646,TX20240310108851,WIT_FEE,50,MRU,10455,PLATFORM,COLLECTED,2024-03-10T07:55:41.231Z
21193,43647,TX20241219612280,TRF_FEE,25,MRU,1601,PLATFORM,COLLECTED,2024-12-19T11:15:02.887Z
21194,43651,TX20240529529195,WIT_FEE,50,MRU,5925,PLATFORM,COLLECTED,2024-05-29T07:47:17.499Z
21195,43653,TX20240901265994,PAY_FEE,77,MRU,6716,MERCHANT,COLLECTED,2024-09-01T15:27:59.156Z
21196,43654,TX20240721636336,WIT_FEE,50,MRU,1002,PLATFORM,COLLECTED,2024-07-21T08:40:03.018Z
21197,43657,TX20240825268701,TRF_FEE,50,MRU,4177,PLATFORM,COLLECTED,2024-08-25T09:34:50.041Z
21198,43659,TX20240815744450,PAY_FEE,39,MRU,8649,MERCHANT,COLLECTED,2024-08-15T07:08:24.837Z
21199,43660,TX20240830194578,WIT_FEE,50,MRU,7643,PLATFORM,COLLECTED,2024-08-30T04:12:05.833Z
21200,43662,TX20240213608358,TRF_FEE,50,MRU,7172,PLATFORM,COLLECTED,2024-02-13T10:07:44.469Z
21201,43664,TX20240401217643,WIT_FEE,50,MRU,10037,PLATFORM,COLLECTED,2024-04-01T11:57:55.249Z
21202,43667,TX20240113028740,WIT_FEE,200,MRU,3254,PLATFORM,COLLECTED,2024-01-13T09:09:25.690Z
21203,43669,TX20240301120408,TRF_FEE,50,MRU,7422,PLATFORM,COLLECTED,2024-03-01T13:42:23.118Z
21204,43670,TX20240319660877,PAY_FEE,132,MRU,4398,MERCHANT,COLLECTED,2024-03-19T07:54:52.684Z
21205,43671,TX20241225817570,WIT_FEE,67,MRU,5339,PLATFORM,COLLECTED,2024-12-25T14:09:04.704Z
21206,43672,TX20240319180465,SAL_FEE,950,MRU,7547,PLATFORM,COLLECTED,2024-03-19T13:03:09.930Z
21207,43675,TX20240414617266,PAY_FEE,38,MRU,4464,MERCHANT,COLLECTED,2024-04-14T14:53:51.878Z
21208,43678,TX20240915414169,WIT_FEE,50,MRU,2805,PLATFORM,COLLECTED,2024-09-15T06:22:19.095Z
21209,43679,TX20240903281141,WIT_FEE,50,MRU,6907,PLATFORM,COLLECTED,2024-09-03T11:05:25.292Z
21210,43684,TX20240624289672,TRF_FEE,50,MRU,9574,PLATFORM,COLLECTED,2024-06-24T06:25:20.709Z
21211,43688,TX20240410558978,TRF_FEE,50,MRU,10605,PLATFORM,COLLECTED,2024-04-10T05:58:26.725Z
21212,43689,TX20240627681157,WIT_FEE,50,MRU,2416,PLATFORM,COLLECTED,2024-06-27T15:31:10.318Z
21213,43694,TX20240822812559,TRF_FEE,50,MRU,1916,PLATFORM,COLLECTED,2024-08-22T10:47:32.151Z
21214,43697,TX20240408541436,WIT_FEE,100,MRU,8615,PLATFORM,COLLECTED,2024-04-08T14:01:27.946Z
21215,43700,TX20240124048430,TRF_FEE,50,MRU,7940,PLATFORM,COLLECTED,2024-01-24T14:18:27.288Z
21216,43701,TX20241112221131,TRF_FEE,25,MRU,6215,PLATFORM,COLLECTED,2024-11-12T18:12:53.327Z
21217,43702,TX20241126782252,PAY_FEE,8,MRU,2438,MERCHANT,COLLECTED,2024-11-26T16:00:23.550Z
21218,43704,TX20241222062260,PAY_FEE,41,MRU,1177,MERCHANT,COLLECTED,2024-12-22T18:59:36.103Z
21219,43705,TX20240702213886,BIL_FEE,100,MRU,589,PLATFORM,COLLECTED,2024-07-02T13:45:21.156Z
21220,43709,TX20240306840172,PAY_FEE,20,MRU,4132,MERCHANT,COLLECTED,2024-03-06T07:27:27.387Z
21221,43712,TX20240628192782,PAY_FEE,14,MRU,3644,MERCHANT,COLLECTED,2024-06-28T08:01:42.697Z
21222,43713,TX20240516795894,WIT_FEE,50,MRU,6740,PLATFORM,COLLECTED,2024-05-16T14:24:52.823Z
21223,43715,TX20240713280582,WIT_FEE,150,MRU,9241,PLATFORM,COLLECTED,2024-07-13T15:11:19.241Z
21224,43718,TX20240316660484,PAY_FEE,30,MRU,9849,MERCHANT,COLLECTED,2024-03-16T18:05:28.726Z
21225,43721,TX20240222431075,TRF_FEE,50,MRU,5174,PLATFORM,COLLECTED,2024-02-22T19:10:51.625Z
21226,43722,TX20240403293538,PAY_FEE,42,MRU,648,MERCHANT,COLLECTED,2024-04-03T11:59:16.838Z
21227,43723,TX20240810972926,WIT_FEE,290,MRU,8624,PLATFORM,COLLECTED,2024-08-10T14:15:57.968Z
21228,43726,TX20241107792247,TRF_FEE,25,MRU,8122,PLATFORM,COLLECTED,2024-11-07T16:34:47.536Z
21229,43731,TX20240318123993,PAY_FEE,27,MRU,6513,MERCHANT,COLLECTED,2024-03-18T14:02:30.378Z
21230,43732,TX20240127338273,TRF_FEE,50,MRU,5482,PLATFORM,COLLECTED,2024-01-27T18:23:55.397Z
21231,43736,TX20240506144785,PAY_FEE,48,MRU,1278,MERCHANT,COLLECTED,2024-05-06T05:08:37.601Z
21232,43738,TX20240809656509,PAY_FEE,12,MRU,6740,MERCHANT,COLLECTED,2024-08-09T07:40:47.834Z
21233,43741,TX20240217340994,WIT_FEE,160,MRU,2888,PLATFORM,COLLECTED,2024-02-17T17:25:47.230Z
21234,43747,TX20241228387342,WIT_FEE,50,MRU,807,PLATFORM,COLLECTED,2024-12-28T15:35:29.498Z
21235,43749,TX20240616319391,TRF_FEE,25,MRU,1326,PLATFORM,COLLECTED,2024-06-16T09:04:28.284Z
21236,43751,TX20240114559655,BIL_FEE,100,MRU,2026,PLATFORM,COLLECTED,2024-01-14T20:17:44.016Z
21237,43752,TX20240627004613,TRF_FEE,25,MRU,9581,PLATFORM,COLLECTED,2024-06-27T07:16:22.971Z
21238,43756,TX20240328210065,TRF_FEE,10,MRU,10072,PLATFORM,COLLECTED,2024-03-28T16:41:55.124Z
21239,43757,TX20240410280602,WIT_FEE,150,MRU,2686,PLATFORM,COLLECTED,2024-04-10T10:39:49.219Z
21240,43758,TX20240727429940,TRF_FEE,50,MRU,3808,PLATFORM,COLLECTED,2024-07-27T16:49:17.626Z
21241,43762,TX20240620971789,TRF_FEE,10,MRU,10554,PLATFORM,COLLECTED,2024-06-20T20:26:08.700Z
21242,43764,TX20241206530071,SAL_FEE,570,MRU,9087,PLATFORM,COLLECTED,2024-12-06T09:44:56.086Z
21243,43767,TX20240717200279,TRF_FEE,50,MRU,995,PLATFORM,COLLECTED,2024-07-17T08:17:02.837Z
21244,43770,TX20241021232251,TRF_FEE,25,MRU,3128,PLATFORM,COLLECTED,2024-10-21T07:17:42.185Z
21245,43771,TX20240806342168,PAY_FEE,50,MRU,9731,MERCHANT,COLLECTED,2024-08-06T08:19:30.895Z
21246,43772,TX20240409029127,WIT_FEE,100,MRU,1388,PLATFORM,COLLECTED,2024-04-09T15:25:52.431Z
21247,43777,TX20240703502435,PAY_FEE,108,MRU,4447,MERCHANT,COLLECTED,2024-07-03T14:00:01.248Z
21248,43784,TX20240112928774,SAL_FEE,705,MRU,5135,PLATFORM,COLLECTED,2024-01-12T15:38:43.118Z
21249,43792,TX20240830806413,PAY_FEE,27,MRU,1952,MERCHANT,COLLECTED,2024-08-30T09:33:35.462Z
21250,43797,TX20240415589623,TRF_FEE,25,MRU,1667,PLATFORM,COLLECTED,2024-04-15T10:57:47.448Z
21251,43804,TX20241104003470,SAL_FEE,2210,MRU,7266,PLATFORM,COLLECTED,2024-11-04T21:16:16.089Z
21252,43805,TX20240610793241,WIT_FEE,50,MRU,9338,PLATFORM,COLLECTED,2024-06-10T09:37:46.723Z
21253,43809,TX20240713653814,TRF_FEE,25,MRU,8026,PLATFORM,COLLECTED,2024-07-13T04:28:21.360Z
21254,43812,TX20241126808216,PAY_FEE,44,MRU,1494,MERCHANT,COLLECTED,2024-11-26T09:32:51.584Z
21255,43813,TX20240201787639,PAY_FEE,39,MRU,8293,MERCHANT,COLLECTED,2024-02-01T16:59:14.507Z
21256,43814,TX20241018109686,WIT_FEE,50,MRU,8090,PLATFORM,COLLECTED,2024-10-18T09:58:54.025Z
21257,43815,TX20241015590729,BIL_FEE,100,MRU,914,PLATFORM,COLLECTED,2024-10-15T04:47:27.080Z
21258,43819,TX20240101919234,WIT_FEE,180,MRU,1713,PLATFORM,COLLECTED,2024-01-01T16:41:50.762Z
21259,43820,TX20241127880600,WIT_FEE,50,MRU,5088,PLATFORM,COLLECTED,2024-11-27T21:45:51.360Z
21260,43823,TX20240818617032,WIT_FEE,160,MRU,3289,PLATFORM,COLLECTED,2024-08-18T08:33:29.739Z
21261,43824,TX20241112349937,TRF_FEE,50,MRU,5510,PLATFORM,COLLECTED,2024-11-12T10:03:46.076Z
21262,43826,TX20240925646120,TRF_FEE,25,MRU,8958,PLATFORM,COLLECTED,2024-09-25T16:40:59.278Z
21263,43827,TX20240727960143,SAL_FEE,1045,MRU,6629,PLATFORM,COLLECTED,2024-07-27T04:21:18.035Z
21264,43829,TX20240115597426,TRF_FEE,25,MRU,3261,PLATFORM,COLLECTED,2024-01-15T16:29:37.909Z
21265,43834,TX20240713581141,TRF_FEE,10,MRU,3049,PLATFORM,COLLECTED,2024-07-13T15:06:26.258Z
21266,43835,TX20241008849498,TRF_FEE,50,MRU,9172,PLATFORM,COLLECTED,2024-10-08T11:26:55.173Z
21267,43839,TX20240313261507,PAY_FEE,9,MRU,7581,MERCHANT,COLLECTED,2024-03-13T20:08:07.872Z
21268,43840,TX20240530388299,WIT_FEE,50,MRU,10882,PLATFORM,COLLECTED,2024-05-30T09:09:03.177Z
21269,43842,TX20240606061549,PAY_FEE,44,MRU,7688,MERCHANT,COLLECTED,2024-06-06T12:43:08.126Z
21270,43843,TX20241209911218,SAL_FEE,335,MRU,4865,PLATFORM,COLLECTED,2024-12-09T10:12:30.366Z
21271,43844,TX20240507766891,PAY_FEE,13,MRU,9834,MERCHANT,COLLECTED,2024-05-07T15:22:51.363Z
21272,43845,TX20240621699808,WIT_FEE,50,MRU,1884,PLATFORM,COLLECTED,2024-06-21T08:01:36.894Z
21273,43846,TX20240214370941,TRF_FEE,25,MRU,8414,PLATFORM,COLLECTED,2024-02-14T16:59:27.256Z
21274,43847,TX20240913318558,WIT_FEE,120,MRU,1195,PLATFORM,COLLECTED,2024-09-13T07:07:20.332Z
21275,43848,TX20241230223258,SAL_FEE,270,MRU,2110,PLATFORM,COLLECTED,2024-12-30T20:07:58.612Z
21276,43849,TX20241204691613,WIT_FEE,50,MRU,4591,PLATFORM,COLLECTED,2024-12-04T16:08:56.938Z
21277,43855,TX20240721898703,WIT_FEE,50,MRU,1002,PLATFORM,COLLECTED,2024-07-21T08:40:03.018Z
21278,43869,TX20241111613350,WIT_FEE,270,MRU,8947,PLATFORM,COLLECTED,2024-11-11T20:26:24.157Z
21279,43870,TX20240918330333,TRF_FEE,25,MRU,9583,PLATFORM,COLLECTED,2024-09-18T10:07:40.311Z
21280,43872,TX20241225593870,WIT_FEE,50,MRU,5339,PLATFORM,COLLECTED,2024-12-25T14:09:04.704Z
21281,43874,TX20240201635271,WIT_FEE,50,MRU,7952,PLATFORM,COLLECTED,2024-02-01T11:21:15.250Z
21282,43875,TX20240120337699,PAY_FEE,24,MRU,8181,MERCHANT,COLLECTED,2024-01-20T18:01:42.074Z
21283,43876,TX20240822103758,WIT_FEE,50,MRU,1733,PLATFORM,COLLECTED,2024-08-22T17:51:52.403Z
21284,43878,TX20241001168093,WIT_FEE,50,MRU,3474,PLATFORM,COLLECTED,2024-10-01T12:55:12.162Z
21285,43880,TX20240330174872,PAY_FEE,7,MRU,3237,MERCHANT,COLLECTED,2024-03-30T15:27:05.430Z
21286,43884,TX20240128330939,TRF_FEE,25,MRU,8012,PLATFORM,COLLECTED,2024-01-28T09:49:35.898Z
21287,43885,TX20240624761846,TRF_FEE,50,MRU,9574,PLATFORM,COLLECTED,2024-06-24T06:25:20.709Z
21288,43889,TX20240121260784,WIT_FEE,130,MRU,10096,PLATFORM,COLLECTED,2024-01-21T20:26:43.962Z
21289,43890,TX20240428027665,TRF_FEE,10,MRU,3524,PLATFORM,COLLECTED,2024-04-28T11:46:31.170Z
21290,43892,TX20240301806334,WIT_FEE,50,MRU,614,PLATFORM,COLLECTED,2024-03-01T11:36:24.527Z
21291,43894,TX20241109944013,PAY_FEE,35,MRU,641,MERCHANT,COLLECTED,2024-11-09T11:43:55.823Z
21292,43895,TX20240225545296,TRF_FEE,25,MRU,2903,PLATFORM,COLLECTED,2024-02-25T08:29:45.200Z
21293,43896,TX20240524709272,TRF_FEE,50,MRU,10649,PLATFORM,COLLECTED,2024-05-24T19:38:39.051Z
21294,43900,TX20240627957637,SAL_FEE,1025,MRU,9419,PLATFORM,COLLECTED,2024-06-27T16:04:20.873Z
21295,43901,TX20240420788596,TRF_FEE,50,MRU,8303,PLATFORM,COLLECTED,2024-04-20T11:17:43.150Z
21296,43903,TX20241116601741,WIT_FEE,50,MRU,4329,PLATFORM,COLLECTED,2024-11-16T17:54:43.002Z
21297,43907,TX20240709483693,TRF_FEE,25,MRU,6481,PLATFORM,COLLECTED,2024-07-09T07:51:41.476Z
21298,43908,TX20240415931807,WIT_FEE,240,MRU,3032,PLATFORM,COLLECTED,2024-04-15T08:58:01.983Z
21299,43910,TX20240516415746,WIT_FEE,50,MRU,7554,PLATFORM,COLLECTED,2024-05-16T05:24:59.540Z
21300,43917,TX20240526724521,PAY_FEE,50,MRU,6138,MERCHANT,COLLECTED,2024-05-26T17:41:47.153Z
21301,43927,TX20241107458528,TRF_FEE,25,MRU,8122,PLATFORM,COLLECTED,2024-11-07T16:34:47.536Z
21302,43933,TX20240127305437,TRF_FEE,50,MRU,5482,PLATFORM,COLLECTED,2024-01-27T18:23:55.397Z
21303,43935,TX20240419956801,PAY_FEE,41,MRU,7291,MERCHANT,COLLECTED,2024-04-19T03:12:44.472Z
21304,43937,TX20240723867792,TRF_FEE,25,MRU,1640,PLATFORM,COLLECTED,2024-07-23T08:49:20.056Z
21305,43938,TX20240130742523,TRF_FEE,50,MRU,452,PLATFORM,COLLECTED,2024-01-30T16:06:32.787Z
21306,43941,TX20241112609399,SAL_FEE,1080,MRU,6262,PLATFORM,COLLECTED,2024-11-12T09:41:13.211Z
21307,43942,TX20240217370012,WIT_FEE,61,MRU,2888,PLATFORM,COLLECTED,2024-02-17T17:25:47.230Z
21308,43943,TX20240930223494,TRF_FEE,50,MRU,8952,PLATFORM,COLLECTED,2024-09-30T13:29:02.620Z
21309,43945,TX20240617676512,TRF_FEE,50,MRU,9141,PLATFORM,COLLECTED,2024-06-17T21:49:04.396Z
21310,43949,TX20240514043537,WIT_FEE,50,MRU,3408,PLATFORM,COLLECTED,2024-05-14T06:03:54.045Z
21311,43950,TX20240430551321,TRF_FEE,25,MRU,1553,PLATFORM,COLLECTED,2024-04-30T06:28:17.120Z
21312,43954,TX20241114301083,WIT_FEE,50,MRU,9075,PLATFORM,COLLECTED,2024-11-14T11:20:11.037Z
21313,43955,TX20240120255380,TRF_FEE,25,MRU,9423,PLATFORM,COLLECTED,2024-01-20T13:45:53.917Z
21314,43956,TX20241008674256,TRF_FEE,50,MRU,8523,PLATFORM,COLLECTED,2024-10-08T07:42:01.934Z
21315,43957,TX20240609410546,WIT_FEE,50,MRU,2548,PLATFORM,COLLECTED,2024-06-09T09:09:19.140Z
21316,43958,TX20240321349784,PAY_FEE,810,MRU,5513,MERCHANT,COLLECTED,2024-03-21T09:57:18.963Z
21317,43959,TX20241015327992,PAY_FEE,18,MRU,3270,MERCHANT,COLLECTED,2024-10-15T11:34:48.823Z
21318,43965,TX20240925587133,WIT_FEE,50,MRU,7690,PLATFORM,COLLECTED,2024-09-25T18:05:49.142Z
21319,43968,TX20240423622834,TRF_FEE,25,MRU,6260,PLATFORM,COLLECTED,2024-04-23T08:02:50.091Z
21320,43970,TX20240902732976,TRF_FEE,50,MRU,8065,PLATFORM,COLLECTED,2024-09-02T01:12:09.011Z
21321,43979,TX20240312699324,TRF_FEE,50,MRU,3701,PLATFORM,COLLECTED,2024-03-12T09:29:19.913Z
21322,43984,TX20240423413630,TRF_FEE,25,MRU,8372,PLATFORM,COLLECTED,2024-04-23T17:55:19.293Z
21323,43991,TX20241020392950,WIT_FEE,50,MRU,2576,PLATFORM,COLLECTED,2024-10-20T14:29:41.407Z
21324,43992,TX20240928905704,TRF_FEE,50,MRU,2687,PLATFORM,COLLECTED,2024-09-28T16:47:27.444Z
21325,43993,TX20240725890433,WIT_FEE,50,MRU,3648,PLATFORM,COLLECTED,2024-07-25T13:27:10.267Z
21326,43995,TX20240528129529,BIL_FEE,100,MRU,10979,PLATFORM,COLLECTED,2024-05-28T16:28:20.852Z
21327,43998,TX20240602702165,WIT_FEE,50,MRU,9574,PLATFORM,COLLECTED,2024-06-02T19:47:26.150Z
21328,44005,TX20240510003470,PAY_FEE,41,MRU,2973,MERCHANT,COLLECTED,2024-05-10T17:58:50.988Z
21329,44006,TX20240610258155,WIT_FEE,50,MRU,9338,PLATFORM,COLLECTED,2024-06-10T09:37:46.723Z
21330,44010,TX20240713626365,TRF_FEE,25,MRU,8026,PLATFORM,COLLECTED,2024-07-13T04:28:21.360Z
21331,44012,TX20240407156511,TRF_FEE,50,MRU,340,PLATFORM,COLLECTED,2024-04-07T09:44:24.028Z
21332,44013,TX20241028808216,TRF_FEE,25,MRU,6459,PLATFORM,COLLECTED,2024-10-28T18:13:32.859Z
21333,44014,TX20240201391346,PAY_FEE,39,MRU,8293,MERCHANT,COLLECTED,2024-02-01T16:59:14.507Z
21334,44015,TX20240512230646,PAY_FEE,47,MRU,5935,MERCHANT,COLLECTED,2024-05-12T19:54:01.733Z
21335,44020,TX20240101993024,WIT_FEE,180,MRU,1713,PLATFORM,COLLECTED,2024-01-01T16:41:50.762Z
21336,44021,TX20241223456419,BIL_FEE,100,MRU,6612,PLATFORM,COLLECTED,2024-12-23T16:51:21.459Z
21337,44024,TX20241014252235,TRF_FEE,10,MRU,5613,PLATFORM,COLLECTED,2024-10-14T08:19:08.673Z
21338,44026,TX20240612302419,WIT_FEE,84,MRU,4523,PLATFORM,COLLECTED,2024-06-12T08:27:57.394Z
21339,44027,TX20240201852123,WIT_FEE,50,MRU,4318,PLATFORM,COLLECTED,2024-02-01T11:26:37.018Z
21340,44028,TX20240131989918,WIT_FEE,50,MRU,5236,PLATFORM,COLLECTED,2024-01-31T14:12:50.096Z
21341,44029,TX20240219899529,PAY_FEE,23,MRU,9052,MERCHANT,COLLECTED,2024-02-19T16:00:42.248Z
21342,44031,TX20240713119766,TRF_FEE,50,MRU,3760,PLATFORM,COLLECTED,2024-07-13T18:25:05.515Z
21343,44041,TX20241010411656,TRF_FEE,50,MRU,4474,PLATFORM,COLLECTED,2024-10-10T07:11:06.522Z
21344,44043,TX20241218145782,TRF_FEE,25,MRU,4141,PLATFORM,COLLECTED,2024-12-18T13:46:09.721Z
21345,44044,TX20240224301101,WIT_FEE,50,MRU,7322,PLATFORM,COLLECTED,2024-02-24T10:31:00.838Z
21346,44045,TX20240529814408,WIT_FEE,50,MRU,10207,PLATFORM,COLLECTED,2024-05-29T07:49:15.083Z
21347,44046,TX20241023227078,WIT_FEE,50,MRU,10200,PLATFORM,COLLECTED,2024-10-23T09:43:25.935Z
21348,44047,TX20240221443095,SAL_FEE,1145,MRU,8337,PLATFORM,COLLECTED,2024-02-21T11:40:10.423Z
21349,44048,TX20240418332635,WIT_FEE,350,MRU,1417,PLATFORM,COLLECTED,2024-04-18T07:21:23.191Z
21350,44049,TX20240904974366,TRF_FEE,10,MRU,9789,PLATFORM,COLLECTED,2024-09-04T19:24:15.038Z
21351,44050,TX20240305877883,WIT_FEE,190,MRU,10776,PLATFORM,COLLECTED,2024-03-05T08:43:30.637Z
21352,44052,TX20240217643187,TRF_FEE,25,MRU,3252,PLATFORM,COLLECTED,2024-02-17T08:09:21.861Z
21353,44059,TX20240819486978,PAY_FEE,146,MRU,454,MERCHANT,COLLECTED,2024-08-19T14:20:34.838Z
21354,44062,TX20240525302651,PAY_FEE,18,MRU,9202,MERCHANT,COLLECTED,2024-05-25T14:01:12.096Z
21355,44064,TX20240912019197,TRF_FEE,25,MRU,1322,PLATFORM,COLLECTED,2024-09-12T10:32:07.347Z
21356,44065,TX20240131700888,TRF_FEE,50,MRU,10792,PLATFORM,COLLECTED,2024-01-31T17:42:16.631Z
21357,44066,TX20240623239348,TRF_FEE,25,MRU,7691,PLATFORM,COLLECTED,2024-06-23T06:00:17.034Z
21358,44067,TX20240629155072,TRF_FEE,25,MRU,1344,PLATFORM,COLLECTED,2024-06-29T17:08:51.625Z
21359,44068,TX20241121702448,PAY_FEE,51,MRU,7045,MERCHANT,COLLECTED,2024-11-21T10:05:56.275Z
21360,44069,TX20240125831026,WIT_FEE,200,MRU,699,PLATFORM,COLLECTED,2024-01-25T07:13:42.949Z
21361,44071,TX20240405942915,PAY_FEE,99,MRU,2679,MERCHANT,COLLECTED,2024-04-05T14:10:56.012Z
21362,44073,TX20240410482690,PAY_FEE,29,MRU,8622,MERCHANT,COLLECTED,2024-04-10T09:02:24.118Z
21363,44075,TX20240226365225,PAY_FEE,21,MRU,164,MERCHANT,COLLECTED,2024-02-26T18:19:34.006Z
21364,44077,TX20240923878123,TRF_FEE,25,MRU,3980,PLATFORM,COLLECTED,2024-09-23T10:22:14.528Z
21365,44079,TX20240423162434,PAY_FEE,42,MRU,796,MERCHANT,COLLECTED,2024-04-23T09:09:51.727Z
21366,44080,TX20240214708203,TRF_FEE,50,MRU,2881,PLATFORM,COLLECTED,2024-02-14T10:18:56.444Z
21367,44081,TX20240421093137,WIT_FEE,50,MRU,3850,PLATFORM,COLLECTED,2024-04-21T06:13:26.209Z
21368,44083,TX20240507696777,TRF_FEE,50,MRU,8886,PLATFORM,COLLECTED,2024-05-07T10:42:38.854Z
21369,44087,TX20240423850971,TRF_FEE,25,MRU,9731,PLATFORM,COLLECTED,2024-04-23T16:57:25.657Z
21370,44089,TX20240714531423,TRF_FEE,50,MRU,5546,PLATFORM,COLLECTED,2024-07-14T15:49:01.558Z
21371,44090,TX20240121558978,WIT_FEE,130,MRU,10096,PLATFORM,COLLECTED,2024-01-21T20:26:43.962Z
21372,44091,TX20240627017382,WIT_FEE,50,MRU,2416,PLATFORM,COLLECTED,2024-06-27T15:31:10.318Z
21373,44092,TX20241005191812,PAY_FEE,146,MRU,1893,MERCHANT,COLLECTED,2024-10-05T18:34:10.680Z
21374,44096,TX20240822436200,TRF_FEE,50,MRU,1916,PLATFORM,COLLECTED,2024-08-22T10:47:32.151Z
21375,44097,TX20241206585183,SAL_FEE,365,MRU,7218,PLATFORM,COLLECTED,2024-12-06T13:23:57.634Z
21376,44099,TX20240908986573,WIT_FEE,310,MRU,2508,PLATFORM,COLLECTED,2024-09-08T04:27:56.780Z
21377,44102,TX20240616738578,WIT_FEE,51,MRU,7138,PLATFORM,COLLECTED,2024-06-16T08:43:09.752Z
21378,44104,TX20240720278577,WIT_FEE,500,MRU,5588,PLATFORM,COLLECTED,2024-07-20T07:07:04.134Z
21379,44108,TX20240225981833,TRF_FEE,25,MRU,7220,PLATFORM,COLLECTED,2024-02-25T17:41:28.586Z
21380,44109,TX20240410002512,WIT_FEE,50,MRU,8190,PLATFORM,COLLECTED,2024-04-10T19:01:59.273Z
21381,44113,TX20240109615258,BIL_FEE,100,MRU,9223,PLATFORM,COLLECTED,2024-01-09T08:28:43.945Z
21382,44114,TX20240228427877,WIT_FEE,100,MRU,10199,PLATFORM,COLLECTED,2024-02-28T14:04:08.119Z
21383,44117,TX20241121903015,WIT_FEE,50,MRU,8257,PLATFORM,COLLECTED,2024-11-21T17:25:18.322Z
21384,44119,TX20240117146180,TRF_FEE,10,MRU,13,PLATFORM,COLLECTED,2024-01-17T09:01:56.603Z
21385,44123,TX20240214773963,WIT_FEE,50,MRU,5719,PLATFORM,COLLECTED,2024-02-13T23:59:32.431Z
21386,44124,TX20241123019311,TRF_FEE,10,MRU,10684,PLATFORM,COLLECTED,2024-11-23T09:20:47.899Z
21387,44125,TX20240201812588,PAY_FEE,450,MRU,2956,MERCHANT,COLLECTED,2024-02-01T16:31:58.013Z
21388,44131,TX20240825095404,SAL_FEE,1050,MRU,2106,PLATFORM,COLLECTED,2024-08-25T06:04:09.879Z
21389,44132,TX20241129253713,WIT_FEE,290,MRU,6930,PLATFORM,COLLECTED,2024-11-29T09:08:38.775Z
21390,44133,TX20240516096735,WIT_FEE,50,MRU,1366,PLATFORM,COLLECTED,2024-05-16T09:10:30.932Z
21391,44135,TX20240811444948,PAY_FEE,8,MRU,3943,MERCHANT,COLLECTED,2024-08-11T14:34:21.006Z
21392,44138,TX20240909977419,TRF_FEE,50,MRU,9845,PLATFORM,COLLECTED,2024-09-09T09:05:52.144Z
21393,44139,TX20240612018279,BIL_FEE,100,MRU,8142,PLATFORM,COLLECTED,2024-06-12T09:05:50.038Z
21394,44140,TX20241018823120,TRF_FEE,50,MRU,2508,PLATFORM,COLLECTED,2024-10-18T16:36:55.121Z
21395,44141,TX20240908308451,PAY_FEE,13,MRU,11010,MERCHANT,COLLECTED,2024-09-08T16:23:24.117Z
21396,44143,TX20241015340994,TRF_FEE,25,MRU,8473,PLATFORM,COLLECTED,2024-10-15T08:15:55.809Z
21397,44146,TX20240524514748,SAL_FEE,410,MRU,9083,PLATFORM,COLLECTED,2024-05-24T17:39:27.992Z
21398,44148,TX20240130709072,PAY_FEE,17,MRU,8060,MERCHANT,COLLECTED,2024-01-30T18:05:33.747Z
21399,44149,TX20241030973834,TRF_FEE,25,MRU,6589,PLATFORM,COLLECTED,2024-10-30T07:14:59.678Z
21400,44150,TX20240131792236,WIT_FEE,50,MRU,9030,PLATFORM,COLLECTED,2024-01-31T06:54:02.307Z
21401,44151,TX20240129365217,WIT_FEE,50,MRU,3404,PLATFORM,COLLECTED,2024-01-29T12:17:07.140Z
21402,44152,TX20241210937415,PAY_FEE,18,MRU,8437,MERCHANT,COLLECTED,2024-12-10T10:24:30.968Z
21403,44154,TX20240627333532,TRF_FEE,25,MRU,9581,PLATFORM,COLLECTED,2024-06-27T07:16:22.971Z
21404,44158,TX20240328868738,TRF_FEE,10,MRU,10072,PLATFORM,COLLECTED,2024-03-28T16:41:55.124Z
21405,44159,TX20240601179729,WIT_FEE,50,MRU,10500,PLATFORM,COLLECTED,2024-06-01T14:49:13.242Z
21406,44160,TX20240625932681,PAY_FEE,27,MRU,6913,MERCHANT,COLLECTED,2024-06-25T13:48:49.295Z
21407,44166,TX20241206839200,SAL_FEE,570,MRU,9087,PLATFORM,COLLECTED,2024-12-06T09:44:56.086Z
21408,44168,TX20240610019643,WIT_FEE,50,MRU,5833,PLATFORM,COLLECTED,2024-06-10T04:24:16.315Z
21409,44174,TX20240215001087,TRF_FEE,25,MRU,6286,PLATFORM,COLLECTED,2024-02-15T09:38:28.262Z
21410,44176,TX20240224786102,WIT_FEE,50,MRU,6691,PLATFORM,COLLECTED,2024-02-24T08:28:20.820Z
21411,44177,TX20240224602313,BIL_FEE,100,MRU,2106,PLATFORM,COLLECTED,2024-02-24T10:28:54.035Z
21412,44181,TX20240715930573,TRF_FEE,25,MRU,10041,PLATFORM,COLLECTED,2024-07-15T19:54:22.895Z
21413,44182,TX20240223981311,TRF_FEE,50,MRU,4803,PLATFORM,COLLECTED,2024-02-23T15:52:14.541Z
21414,44183,TX20240316644036,WIT_FEE,50,MRU,10511,PLATFORM,COLLECTED,2024-03-16T11:10:02.465Z
21415,44185,TX20241118413630,WIT_FEE,200,MRU,6432,PLATFORM,COLLECTED,2024-11-18T18:19:17.758Z
21416,44189,TX20240619039807,WIT_FEE,50,MRU,7705,PLATFORM,COLLECTED,2024-06-19T13:30:35.295Z
21417,44194,TX20240405254683,WIT_FEE,63,MRU,7694,PLATFORM,COLLECTED,2024-04-05T08:36:11.257Z
21418,44196,TX20241229025837,PAY_FEE,12,MRU,5937,MERCHANT,COLLECTED,2024-12-29T14:25:12.074Z
21419,44199,TX20240220784410,TRF_FEE,25,MRU,5001,PLATFORM,COLLECTED,2024-02-20T17:40:15.249Z
21420,44200,TX20241121875240,TRF_FEE,50,MRU,629,PLATFORM,COLLECTED,2024-11-21T17:42:00.488Z
21421,44204,TX20241207426753,WIT_FEE,50,MRU,6195,PLATFORM,COLLECTED,2024-12-07T10:43:04.386Z
21422,44206,TX20240714928460,TRF_FEE,50,MRU,40,PLATFORM,COLLECTED,2024-07-14T16:22:05.806Z
21423,44207,TX20240119552437,TRF_FEE,25,MRU,6482,PLATFORM,COLLECTED,2024-01-19T18:00:01.568Z
21424,44210,TX20241118822738,TRF_FEE,25,MRU,264,PLATFORM,COLLECTED,2024-11-18T09:45:26.064Z
21425,44211,TX20240206022127,TRF_FEE,50,MRU,5421,PLATFORM,COLLECTED,2024-02-06T19:29:04.821Z
21426,44212,TX20240716782985,TRF_FEE,25,MRU,9220,PLATFORM,COLLECTED,2024-07-16T12:48:34.639Z
21427,44214,TX20240719411647,WIT_FEE,50,MRU,1111,PLATFORM,COLLECTED,2024-07-19T16:35:08.645Z
21428,44215,TX20240327391346,SAL_FEE,635,MRU,5643,PLATFORM,COLLECTED,2024-03-27T13:45:32.487Z
21429,44216,TX20240512629499,PAY_FEE,47,MRU,5935,MERCHANT,COLLECTED,2024-05-12T19:54:01.733Z
21430,44217,TX20241114355723,WIT_FEE,50,MRU,5077,PLATFORM,COLLECTED,2024-11-14T18:47:01.799Z
21431,44218,TX20241120793310,PAY_FEE,45,MRU,2078,MERCHANT,COLLECTED,2024-11-20T08:13:12.076Z
21432,44220,TX20240814852333,WIT_FEE,50,MRU,4111,PLATFORM,COLLECTED,2024-08-14T08:12:48.211Z
21433,44222,TX20241223295065,BIL_FEE,100,MRU,6612,PLATFORM,COLLECTED,2024-12-23T16:51:21.459Z
21434,44223,TX20241007416359,TRF_FEE,10,MRU,3942,PLATFORM,COLLECTED,2024-10-07T10:50:13.006Z
21435,44225,TX20240416833389,PAY_FEE,29,MRU,1105,MERCHANT,COLLECTED,2024-04-16T09:08:40.507Z
21436,44232,TX20241207452333,TRF_FEE,25,MRU,8094,PLATFORM,COLLECTED,2024-12-07T11:05:30.338Z
21437,44241,TX20240624872476,TRF_FEE,25,MRU,10081,PLATFORM,COLLECTED,2024-06-24T21:48:40.536Z
21438,44246,TX20240202803657,PAY_FEE,62,MRU,5800,MERCHANT,COLLECTED,2024-02-02T11:30:45.847Z
21439,44247,TX20240809851044,TRF_FEE,25,MRU,8140,PLATFORM,COLLECTED,2024-08-09T15:00:45.745Z
21440,44248,TX20240621501358,WIT_FEE,50,MRU,3104,PLATFORM,COLLECTED,2024-06-21T15:45:10.597Z
21441,44250,TX20240114661977,WIT_FEE,50,MRU,3326,PLATFORM,COLLECTED,2024-01-14T18:08:27.382Z
21442,44253,TX20240217999439,TRF_FEE,25,MRU,3252,PLATFORM,COLLECTED,2024-02-17T08:09:21.861Z
21443,44258,TX20240318451398,TRF_FEE,50,MRU,9127,PLATFORM,COLLECTED,2024-03-18T10:35:05.246Z
21444,44261,TX20241224016971,TRF_FEE,50,MRU,5193,PLATFORM,COLLECTED,2024-12-24T13:58:43.265Z
21445,44264,TX20241026082745,WIT_FEE,50,MRU,3035,PLATFORM,COLLECTED,2024-10-26T07:27:55.787Z
21446,44265,TX20240213613459,WIT_FEE,50,MRU,8571,PLATFORM,COLLECTED,2024-02-13T16:28:39.796Z
21447,44267,TX20240409663039,TRF_FEE,25,MRU,2762,PLATFORM,COLLECTED,2024-04-09T08:28:57.922Z
21448,44270,TX20240403283299,PAY_FEE,8,MRU,7614,MERCHANT,COLLECTED,2024-04-03T05:18:09.427Z
21449,44271,TX20241111775508,WIT_FEE,270,MRU,8947,PLATFORM,COLLECTED,2024-11-11T20:26:24.157Z
21450,44272,TX20240523602822,PAY_FEE,20,MRU,10396,MERCHANT,COLLECTED,2024-05-23T06:40:18.868Z
21451,44274,TX20240817434769,SAL_FEE,1060,MRU,7000,PLATFORM,COLLECTED,2024-08-17T07:04:42.482Z
21452,44275,TX20240108533731,TRF_FEE,50,MRU,6039,PLATFORM,COLLECTED,2024-01-08T15:57:59.215Z
21453,44276,TX20241211088213,WIT_FEE,100,MRU,2919,PLATFORM,COLLECTED,2024-12-11T10:05:27.365Z
21454,44278,TX20240822241404,WIT_FEE,50,MRU,1733,PLATFORM,COLLECTED,2024-08-22T17:51:52.403Z
21455,44282,TX20241005465763,PAY_FEE,30,MRU,4765,MERCHANT,COLLECTED,2024-10-05T08:40:27.093Z
21456,44288,TX20240423744838,TRF_FEE,25,MRU,9731,PLATFORM,COLLECTED,2024-04-23T16:57:25.657Z
21457,44290,TX20241011077580,TRF_FEE,25,MRU,4865,PLATFORM,COLLECTED,2024-10-11T16:01:33.501Z
21458,44292,TX20240707239695,WIT_FEE,50,MRU,8496,PLATFORM,COLLECTED,2024-07-07T12:24:19.487Z
21459,44296,TX20240607210964,PAY_FEE,270,MRU,2584,MERCHANT,COLLECTED,2024-06-07T15:55:49.058Z
21460,44298,TX20241217311672,WIT_FEE,50,MRU,5985,PLATFORM,COLLECTED,2024-12-17T15:39:03.966Z
21461,44299,TX20240229831581,PAY_FEE,165,MRU,2578,MERCHANT,COLLECTED,2024-02-29T14:26:45.956Z
21462,44301,TX20241209787422,WIT_FEE,50,MRU,4878,PLATFORM,COLLECTED,2024-12-09T15:31:43.330Z
21463,44302,TX20241107214412,PAY_FEE,1050,MRU,3838,MERCHANT,COLLECTED,2024-11-07T10:57:53.957Z
21464,44304,TX20241002462607,TRF_FEE,50,MRU,2741,PLATFORM,COLLECTED,2024-10-02T15:42:12.885Z
21465,44309,TX20240206842537,WIT_FEE,100,MRU,9559,PLATFORM,COLLECTED,2024-02-06T17:33:22.626Z
21466,44310,TX20240928002512,WIT_FEE,50,MRU,5936,PLATFORM,COLLECTED,2024-09-28T11:25:29.401Z
21467,44313,TX20240521376743,WIT_FEE,50,MRU,6163,PLATFORM,COLLECTED,2024-05-21T16:48:30.128Z
21468,44318,TX20240813212229,PAY_FEE,35,MRU,3419,MERCHANT,COLLECTED,2024-08-13T08:53:48.420Z
21469,44320,TX20240327556795,WIT_FEE,50,MRU,10336,PLATFORM,COLLECTED,2024-03-27T11:02:17.025Z
21470,44326,TX20240810013846,WIT_FEE,290,MRU,8624,PLATFORM,COLLECTED,2024-08-10T14:15:57.968Z
21471,44327,TX20240209558981,TRF_FEE,50,MRU,7459,PLATFORM,COLLECTED,2024-02-09T17:59:29.514Z
21472,44329,TX20241002458528,PAY_FEE,29,MRU,5694,MERCHANT,COLLECTED,2024-10-02T13:47:32.736Z
21473,44335,TX20240601531397,TRF_FEE,25,MRU,4395,PLATFORM,COLLECTED,2024-06-01T06:55:23.919Z
21474,44339,TX20240723144785,TRF_FEE,25,MRU,1640,PLATFORM,COLLECTED,2024-07-23T08:49:20.056Z
21475,44342,TX20241024308451,TRF_FEE,10,MRU,1781,PLATFORM,COLLECTED,2024-10-24T10:24:07.998Z
21476,44344,TX20240325370012,PAY_FEE,75,MRU,6512,MERCHANT,COLLECTED,2024-03-25T09:55:48.767Z
21477,44345,TX20240930273947,TRF_FEE,50,MRU,8952,PLATFORM,COLLECTED,2024-09-30T13:29:02.620Z
21478,44346,TX20240503481988,TRF_FEE,50,MRU,1050,PLATFORM,COLLECTED,2024-05-03T19:18:51.484Z
21479,44348,TX20240727810239,WIT_FEE,73,MRU,4583,PLATFORM,COLLECTED,2024-07-27T11:53:49.113Z
21480,44350,TX20240327775023,WIT_FEE,50,MRU,6725,PLATFORM,COLLECTED,2024-03-27T06:04:58.297Z
21481,44352,TX20240720819351,TRF_FEE,50,MRU,10181,PLATFORM,COLLECTED,2024-07-20T09:21:54.867Z
21482,44360,TX20240410467082,WIT_FEE,150,MRU,2686,PLATFORM,COLLECTED,2024-04-10T10:39:49.219Z
21483,44361,TX20241022408001,TRF_FEE,50,MRU,3613,PLATFORM,COLLECTED,2024-10-22T16:17:37.343Z
21484,44362,TX20240920456249,WIT_FEE,130,MRU,1742,PLATFORM,COLLECTED,2024-09-20T19:52:56.855Z
21485,44374,TX20240501902365,WIT_FEE,50,MRU,3271,PLATFORM,COLLECTED,2024-05-01T12:53:52.010Z
21486,44380,TX20240106371964,TRF_FEE,25,MRU,7819,PLATFORM,COLLECTED,2024-01-06T05:14:24.203Z
21487,44384,TX20240316790197,WIT_FEE,50,MRU,10511,PLATFORM,COLLECTED,2024-03-16T11:10:02.465Z
21488,44387,TX20240213164332,PAY_FEE,66,MRU,6330,MERCHANT,COLLECTED,2024-02-13T12:12:38.204Z
21489,44390,TX20240723516580,TRF_FEE,50,MRU,10289,PLATFORM,COLLECTED,2024-07-23T12:35:17.699Z
21490,44393,TX20240910495956,TRF_FEE,25,MRU,8984,PLATFORM,COLLECTED,2024-09-10T10:13:23.209Z
21491,44396,TX20241121236589,TRF_FEE,25,MRU,4862,PLATFORM,COLLECTED,2024-11-21T17:41:54.753Z
21492,44398,TX20240913612724,TRF_FEE,25,MRU,563,PLATFORM,COLLECTED,2024-09-13T05:00:02.643Z
21493,44400,TX20240608558152,WIT_FEE,100,MRU,2759,PLATFORM,COLLECTED,2024-06-08T07:50:40.266Z
21494,44402,TX20240530808642,WIT_FEE,50,MRU,8542,PLATFORM,COLLECTED,2024-05-30T15:48:10.750Z
21495,44409,TX20241025542421,PAY_FEE,36,MRU,2789,MERCHANT,COLLECTED,2024-10-25T19:26:34.481Z
21496,44410,TX20240217832170,WIT_FEE,50,MRU,3613,PLATFORM,COLLECTED,2024-02-17T10:47:40.496Z
21497,44416,TX20240626744778,TRF_FEE,25,MRU,9836,PLATFORM,COLLECTED,2024-06-26T12:10:40.204Z
21498,44418,TX20240607983326,SAL_FEE,1250,MRU,5042,PLATFORM,COLLECTED,2024-06-07T14:17:48.590Z
21499,44422,TX20240522973814,TRF_FEE,50,MRU,7549,PLATFORM,COLLECTED,2024-05-22T04:21:00.744Z
21500,44423,TX20240813161916,PAY_FEE,57,MRU,10012,MERCHANT,COLLECTED,2024-08-13T15:52:58.324Z
21501,44430,TX20240131571459,WIT_FEE,50,MRU,5236,PLATFORM,COLLECTED,2024-01-31T14:12:50.096Z
21502,44433,TX20240713842323,TRF_FEE,50,MRU,3760,PLATFORM,COLLECTED,2024-07-13T18:25:05.515Z
21503,44434,TX20240605362450,TRF_FEE,25,MRU,4634,PLATFORM,COLLECTED,2024-06-05T17:26:26.148Z
21504,44435,TX20240121740779,TRF_FEE,50,MRU,9112,PLATFORM,COLLECTED,2024-01-21T06:31:26.740Z
21505,44436,TX20241012174863,WIT_FEE,100,MRU,8785,PLATFORM,COLLECTED,2024-10-12T15:09:01.987Z
21506,44437,TX20241004510487,TRF_FEE,25,MRU,5649,PLATFORM,COLLECTED,2024-10-04T12:21:38.037Z
21507,44441,TX20240215536339,WIT_FEE,100,MRU,6415,PLATFORM,COLLECTED,2024-02-15T15:23:25.327Z
21508,44442,TX20240529154016,TRF_FEE,50,MRU,10735,PLATFORM,COLLECTED,2024-05-29T14:39:42.197Z
21509,44444,TX20241011607103,BIL_FEE,100,MRU,9133,PLATFORM,COLLECTED,2024-10-11T13:04:13.987Z
21510,44449,TX20240621962292,WIT_FEE,50,MRU,3104,PLATFORM,COLLECTED,2024-06-21T15:45:10.597Z
21511,44450,TX20240826769357,PAY_FEE,56,MRU,1378,MERCHANT,COLLECTED,2024-08-26T05:19:42.217Z
21512,44455,TX20240305529195,TRF_FEE,50,MRU,5196,PLATFORM,COLLECTED,2024-03-05T17:17:29.535Z
21513,44457,TX20240922377759,TRF_FEE,25,MRU,3428,PLATFORM,COLLECTED,2024-09-22T11:59:09.607Z
21514,44461,TX20240819268701,PAY_FEE,146,MRU,454,MERCHANT,COLLECTED,2024-08-19T14:20:34.838Z
21515,44464,TX20240110194578,TRF_FEE,50,MRU,2216,PLATFORM,COLLECTED,2024-01-10T08:05:49.693Z
21516,44466,TX20240213102404,WIT_FEE,50,MRU,8571,PLATFORM,COLLECTED,2024-02-13T16:28:39.796Z
21517,44468,TX20241218946986,TRF_FEE,10,MRU,2653,PLATFORM,COLLECTED,2024-12-18T19:14:54.734Z
21518,44469,TX20241217785927,TRF_FEE,25,MRU,3374,PLATFORM,COLLECTED,2024-12-17T19:22:50.732Z
21519,44471,TX20240403875058,PAY_FEE,8,MRU,7614,MERCHANT,COLLECTED,2024-04-03T05:18:09.427Z
21520,44473,TX20240301330333,TRF_FEE,50,MRU,7422,PLATFORM,COLLECTED,2024-03-01T13:42:23.118Z
21521,44475,TX20240817146339,SAL_FEE,1060,MRU,7000,PLATFORM,COLLECTED,2024-08-17T07:04:42.482Z
21522,44478,TX20240120254358,PAY_FEE,24,MRU,8181,MERCHANT,COLLECTED,2024-01-20T18:01:42.074Z
21523,44479,TX20241121103758,TRF_FEE,50,MRU,5154,PLATFORM,COLLECTED,2024-11-21T17:52:24.156Z
21524,44486,TX20240907902915,WIT_FEE,50,MRU,465,PLATFORM,COLLECTED,2024-09-07T15:09:16.519Z
21525,44487,TX20240128090262,TRF_FEE,25,MRU,8012,PLATFORM,COLLECTED,2024-01-28T09:49:35.898Z
21526,44489,TX20241028528342,WIT_FEE,140,MRU,6743,PLATFORM,COLLECTED,2024-10-28T20:25:39.882Z
21527,44491,TX20240714077580,TRF_FEE,50,MRU,5546,PLATFORM,COLLECTED,2024-07-14T15:49:01.558Z
21528,44493,TX20240722017382,TRF_FEE,25,MRU,5807,PLATFORM,COLLECTED,2024-07-22T10:19:29.769Z
21529,44497,TX20241109210964,PAY_FEE,35,MRU,641,MERCHANT,COLLECTED,2024-11-09T11:43:55.823Z
21530,44500,TX20240510322312,PAY_FEE,143,MRU,1809,MERCHANT,COLLECTED,2024-05-10T05:01:03.875Z
21531,44502,TX20240622440437,SAL_FEE,2095,MRU,4451,PLATFORM,COLLECTED,2024-06-22T10:10:40.749Z
21532,44504,TX20240124864469,TRF_FEE,50,MRU,7940,PLATFORM,COLLECTED,2024-01-24T14:18:27.288Z
21533,44508,TX20241111617248,BIL_FEE,100,MRU,1132,PLATFORM,COLLECTED,2024-11-11T20:53:59.600Z
21534,44511,TX20240415876739,WIT_FEE,240,MRU,3032,PLATFORM,COLLECTED,2024-04-15T08:58:01.983Z
21535,44512,TX20240429450682,PAY_FEE,24,MRU,1931,MERCHANT,COLLECTED,2024-04-29T12:47:19.365Z
21536,44513,TX20241227543055,TRF_FEE,50,MRU,9978,PLATFORM,COLLECTED,2024-12-27T13:41:45.178Z
21537,44516,TX20240228392895,WIT_FEE,100,MRU,10199,PLATFORM,COLLECTED,2024-02-28T14:04:08.119Z
21538,44518,TX20240511628189,WIT_FEE,50,MRU,4863,PLATFORM,COLLECTED,2024-05-11T07:05:14.173Z
21539,44519,TX20240813159805,PAY_FEE,35,MRU,3419,MERCHANT,COLLECTED,2024-08-13T08:53:48.420Z
21540,44520,TX20240104557035,TRF_FEE,25,MRU,6647,PLATFORM,COLLECTED,2024-01-04T09:25:16.121Z
21541,44523,TX20241109176763,PAY_FEE,300,MRU,4847,MERCHANT,COLLECTED,2024-11-09T10:22:21.144Z
21542,44524,TX20240922528023,WIT_FEE,50,MRU,5078,PLATFORM,COLLECTED,2024-09-22T03:30:07.189Z
21543,44526,TX20240603771920,PAY_FEE,17,MRU,9926,MERCHANT,COLLECTED,2024-06-03T17:17:20.797Z
21544,44527,TX20240726642346,WIT_FEE,50,MRU,5724,PLATFORM,COLLECTED,2024-07-26T16:47:05.745Z
21545,44529,TX20240127022128,WIT_FEE,100,MRU,9223,PLATFORM,COLLECTED,2024-01-27T13:58:39.589Z
21546,44530,TX20240902608941,SAL_FEE,1865,MRU,219,PLATFORM,COLLECTED,2024-09-02T15:27:37.788Z
21547,44531,TX20240104683232,PAY_FEE,29,MRU,9685,MERCHANT,COLLECTED,2024-01-04T08:05:11.439Z
21548,44532,TX20240829466932,PAY_FEE,35,MRU,8646,MERCHANT,COLLECTED,2024-08-29T06:12:57.032Z
21549,44534,TX20240514616711,PAY_FEE,50,MRU,8566,MERCHANT,COLLECTED,2024-05-14T17:15:08.642Z
21550,44535,TX20240502687178,TRF_FEE,50,MRU,5600,PLATFORM,COLLECTED,2024-05-02T09:22:23.170Z
21551,44536,TX20240629353222,WIT_FEE,50,MRU,3012,PLATFORM,COLLECTED,2024-06-29T15:13:33.782Z
21552,44541,TX20240130736695,TRF_FEE,50,MRU,452,PLATFORM,COLLECTED,2024-01-30T16:06:32.787Z
21553,44542,TX20240809226557,PAY_FEE,12,MRU,6740,MERCHANT,COLLECTED,2024-08-09T07:40:47.834Z
21554,44543,TX20240928245166,PAY_FEE,14,MRU,1292,MERCHANT,COLLECTED,2024-09-28T14:48:23.411Z
21555,44547,TX20240503430069,TRF_FEE,50,MRU,1050,PLATFORM,COLLECTED,2024-05-03T19:18:51.484Z
21556,44548,TX20241029676512,WIT_FEE,50,MRU,5697,PLATFORM,COLLECTED,2024-10-29T09:12:14.701Z
21557,44550,TX20240429674750,PAY_FEE,15,MRU,4381,MERCHANT,COLLECTED,2024-04-29T07:57:09.193Z
21558,44551,TX20241228121508,WIT_FEE,50,MRU,807,PLATFORM,COLLECTED,2024-12-28T15:35:29.498Z
21559,44554,TX20240706545035,TRF_FEE,50,MRU,7864,PLATFORM,COLLECTED,2024-07-06T19:45:21.211Z
21560,44556,TX20241113004613,SAL_FEE,1795,MRU,463,PLATFORM,COLLECTED,2024-11-13T18:40:08.494Z
21561,44558,TX20240414849854,TRF_FEE,50,MRU,9766,PLATFORM,COLLECTED,2024-04-14T14:03:31.759Z
21562,44561,TX20240410124940,WIT_FEE,150,MRU,2686,PLATFORM,COLLECTED,2024-04-10T10:39:49.219Z
21563,44562,TX20241027408001,PAY_FEE,20,MRU,10443,MERCHANT,COLLECTED,2024-10-27T09:37:20.326Z
21564,44563,TX20240920404718,WIT_FEE,130,MRU,1742,PLATFORM,COLLECTED,2024-09-20T19:52:56.855Z
21565,44566,TX20241215871837,PAY_FEE,68,MRU,2420,MERCHANT,COLLECTED,2024-12-15T09:31:44.106Z
21566,44571,TX20240423200279,TRF_FEE,25,MRU,6260,PLATFORM,COLLECTED,2024-04-23T08:02:50.091Z
21567,44574,TX20240919260664,TRF_FEE,25,MRU,7370,PLATFORM,COLLECTED,2024-09-19T17:15:57.581Z
21568,44576,TX20240606307744,PAY_FEE,45,MRU,6985,MERCHANT,COLLECTED,2024-06-06T16:25:07.265Z
21569,44578,TX20240224322122,WIT_FEE,50,MRU,6691,PLATFORM,COLLECTED,2024-02-24T08:28:20.820Z
21570,44580,TX20240115608260,TRF_FEE,25,MRU,2143,PLATFORM,COLLECTED,2024-01-15T15:10:31.375Z
21571,44581,TX20241103485126,PAY_FEE,26,MRU,5559,MERCHANT,COLLECTED,2024-11-03T16:37:36.371Z
21572,44582,TX20240327974732,WIT_FEE,50,MRU,5881,PLATFORM,COLLECTED,2024-03-27T10:50:08.566Z
21573,44583,TX20240920902307,WIT_FEE,50,MRU,10264,PLATFORM,COLLECTED,2024-09-20T12:45:29.772Z
21574,44587,TX20240531148571,WIT_FEE,50,MRU,4038,PLATFORM,COLLECTED,2024-05-31T11:35:23.502Z
21575,44590,TX20240725929963,WIT_FEE,50,MRU,644,PLATFORM,COLLECTED,2024-07-25T09:30:19.527Z
21576,44593,TX20240401522675,PAY_FEE,128,MRU,10662,MERCHANT,COLLECTED,2024-04-01T06:56:30.532Z
21577,44594,TX20240922366997,WIT_FEE,100,MRU,9505,PLATFORM,COLLECTED,2024-09-22T06:00:46.640Z
21578,44596,TX20240120018704,PAY_FEE,8,MRU,10528,MERCHANT,COLLECTED,2024-01-20T20:22:57.429Z
21579,44597,TX20240921717437,PAY_FEE,42,MRU,10166,MERCHANT,COLLECTED,2024-09-21T09:06:49.567Z
21580,44598,TX20240727396351,WIT_FEE,50,MRU,6069,PLATFORM,COLLECTED,2024-07-27T15:34:09.962Z
21581,44609,TX20240609604235,WIT_FEE,50,MRU,5361,PLATFORM,COLLECTED,2024-06-09T13:36:23.727Z
21582,44611,TX20240802303739,WIT_FEE,50,MRU,3752,PLATFORM,COLLECTED,2024-08-02T21:23:38.528Z
21583,44613,TX20240425120920,WIT_FEE,440,MRU,3515,PLATFORM,COLLECTED,2024-04-25T07:12:46.726Z
21584,44615,TX20240516223832,WIT_FEE,50,MRU,3723,PLATFORM,COLLECTED,2024-05-16T06:03:54.710Z
21585,44618,TX20241003740262,PAY_FEE,585,MRU,3017,MERCHANT,COLLECTED,2024-10-03T11:02:22.010Z
21586,44621,TX20241213809891,WIT_FEE,200,MRU,6241,PLATFORM,COLLECTED,2024-12-13T15:53:23.673Z
21587,44622,TX20241014876849,BIL_FEE,100,MRU,2911,PLATFORM,COLLECTED,2024-10-14T08:31:08.163Z
21588,44624,TX20241024925801,SAL_FEE,535,MRU,256,PLATFORM,COLLECTED,2024-10-24T08:39:19.998Z
21589,44625,TX20241223942047,TRF_FEE,25,MRU,1345,PLATFORM,COLLECTED,2024-12-23T07:23:32.841Z
21590,44628,TX20240402558555,TRF_FEE,25,MRU,4491,PLATFORM,COLLECTED,2024-04-02T08:31:06.661Z
21591,44629,TX20240626176693,TRF_FEE,25,MRU,8666,PLATFORM,COLLECTED,2024-06-26T10:38:37.823Z
21592,44633,TX20240606338981,WIT_FEE,280,MRU,10554,PLATFORM,COLLECTED,2024-06-06T08:20:45.203Z
21593,44637,TX20241217743032,WIT_FEE,100,MRU,4540,PLATFORM,COLLECTED,2024-12-17T06:45:24.331Z
21594,44638,TX20240324445690,WIT_FEE,50,MRU,2394,PLATFORM,COLLECTED,2024-03-24T11:22:11.408Z
21595,44639,TX20240801651164,PAY_FEE,90,MRU,10023,MERCHANT,COLLECTED,2024-08-01T10:43:09.301Z
21596,44645,TX20240619293388,WIT_FEE,50,MRU,3585,PLATFORM,COLLECTED,2024-06-19T14:08:31.698Z
21597,44647,TX20240702584734,TRF_FEE,50,MRU,8989,PLATFORM,COLLECTED,2024-07-02T15:50:31.806Z
21598,44649,TX20241015426548,TRF_FEE,50,MRU,4907,PLATFORM,COLLECTED,2024-10-15T15:10:35.280Z
21599,44650,TX20241212144172,WIT_FEE,50,MRU,7740,PLATFORM,COLLECTED,2024-12-12T17:39:04.319Z
21600,44651,TX20240222612280,BIL_FEE,100,MRU,5343,PLATFORM,COLLECTED,2024-02-22T11:22:18.262Z
21601,44654,TX20240217340153,TRF_FEE,25,MRU,3252,PLATFORM,COLLECTED,2024-02-17T08:09:21.861Z
21602,44659,TX20241028396129,WIT_FEE,50,MRU,2807,PLATFORM,COLLECTED,2024-10-28T20:54:00.671Z
21603,44661,TX20240825118897,TRF_FEE,50,MRU,4177,PLATFORM,COLLECTED,2024-08-25T09:34:50.041Z
21604,44665,TX20240302922396,PAY_FEE,17,MRU,5036,MERCHANT,COLLECTED,2024-03-02T11:55:47.274Z
21605,44667,TX20240229111679,PAY_FEE,12,MRU,7724,MERCHANT,COLLECTED,2024-02-29T20:10:39.372Z
21606,44668,TX20240409350490,TRF_FEE,25,MRU,2762,PLATFORM,COLLECTED,2024-04-09T08:28:57.922Z
21607,44669,TX20240529617795,WIT_FEE,50,MRU,8077,PLATFORM,COLLECTED,2024-05-29T19:55:22.838Z
21608,44671,TX20240113208637,WIT_FEE,100,MRU,3254,PLATFORM,COLLECTED,2024-01-13T09:09:25.690Z
21609,44673,TX20240301602822,TRF_FEE,50,MRU,7422,PLATFORM,COLLECTED,2024-03-01T13:42:23.118Z
21610,44675,TX20240229593870,TRF_FEE,25,MRU,3979,PLATFORM,COLLECTED,2024-02-29T07:42:28.634Z
21611,44681,TX20240405363350,WIT_FEE,50,MRU,6178,PLATFORM,COLLECTED,2024-04-05T06:18:04.134Z
21612,44684,TX20241125474486,TRF_FEE,25,MRU,2461,PLATFORM,COLLECTED,2024-11-25T10:01:07.879Z
21613,44686,TX20240907449479,WIT_FEE,50,MRU,465,PLATFORM,COLLECTED,2024-09-07T15:09:16.519Z
21614,44691,TX20240714457739,TRF_FEE,50,MRU,5546,PLATFORM,COLLECTED,2024-07-14T15:49:01.558Z
21615,44692,TX20240609800552,SAL_FEE,925,MRU,2703,PLATFORM,COLLECTED,2024-06-09T15:57:54.773Z
21616,44693,TX20240707027665,WIT_FEE,50,MRU,8496,PLATFORM,COLLECTED,2024-07-07T12:24:19.487Z
21617,44699,TX20240827709272,TRF_FEE,50,MRU,3683,PLATFORM,COLLECTED,2024-08-27T05:57:32.066Z
21618,44701,TX20240414862158,WIT_FEE,500,MRU,7046,PLATFORM,COLLECTED,2024-04-14T10:51:29.737Z
21619,44702,TX20240709801292,PAY_FEE,41,MRU,2473,MERCHANT,COLLECTED,2024-07-09T15:19:26.307Z
21620,44703,TX20241114296720,WIT_FEE,50,MRU,10554,PLATFORM,COLLECTED,2024-11-14T17:20:57.883Z
21621,44706,TX20240113476909,TRF_FEE,25,MRU,383,PLATFORM,COLLECTED,2024-01-13T19:46:36.472Z
21622,44707,TX20241213752691,PAY_FEE,47,MRU,3073,MERCHANT,COLLECTED,2024-12-13T09:16:24.816Z
21623,44708,TX20240709003002,TRF_FEE,50,MRU,1267,PLATFORM,COLLECTED,2024-07-09T07:28:09.196Z
21624,44711,TX20240109691517,SAL_FEE,1360,MRU,4720,PLATFORM,COLLECTED,2024-01-09T21:16:44.473Z
21625,44717,TX20240707429739,TRF_FEE,50,MRU,4562,PLATFORM,COLLECTED,2024-07-07T11:19:22.679Z
21626,44720,TX20240222418315,SAL_FEE,2250,MRU,4445,PLATFORM,COLLECTED,2024-02-22T22:43:24.743Z
21627,44722,TX20240602417008,PAY_FEE,38,MRU,9812,MERCHANT,COLLECTED,2024-06-02T07:46:44.207Z
21628,44723,TX20240715858724,BIL_FEE,100,MRU,132,PLATFORM,COLLECTED,2024-07-15T14:53:52.209Z
21629,44724,TX20240321012089,BIL_FEE,100,MRU,5630,PLATFORM,COLLECTED,2024-03-21T06:55:01.569Z
21630,44725,TX20240619431075,TRF_FEE,50,MRU,10197,PLATFORM,COLLECTED,2024-06-19T15:02:40.144Z
21631,44726,TX20240403337846,PAY_FEE,42,MRU,648,MERCHANT,COLLECTED,2024-04-03T11:59:16.838Z
21632,44730,TX20241107627075,TRF_FEE,25,MRU,8122,PLATFORM,COLLECTED,2024-11-07T16:34:47.536Z
21633,44731,TX20240819360380,WIT_FEE,50,MRU,836,PLATFORM,COLLECTED,2024-08-19T16:57:11.788Z
21634,44737,TX20240310612701,SAL_FEE,2360,MRU,9348,PLATFORM,COLLECTED,2024-03-10T05:55:10.430Z
21635,44740,TX20241027183915,WIT_FEE,50,MRU,6642,PLATFORM,COLLECTED,2024-10-27T10:03:08.625Z
21636,44742,TX20241018768452,TRF_FEE,50,MRU,2508,PLATFORM,COLLECTED,2024-10-18T16:36:55.121Z
21637,44743,TX20241024162491,TRF_FEE,10,MRU,1781,PLATFORM,COLLECTED,2024-10-24T10:24:07.998Z
21638,44744,TX20240320466333,TRF_FEE,10,MRU,8014,PLATFORM,COLLECTED,2024-03-20T08:33:22.948Z
21639,44747,TX20241222430069,WIT_FEE,100,MRU,10862,PLATFORM,COLLECTED,2024-12-22T09:51:29.095Z
21640,44748,TX20241029759629,WIT_FEE,50,MRU,5697,PLATFORM,COLLECTED,2024-10-29T09:12:14.701Z
21641,44749,TX20240202477158,PAY_FEE,33,MRU,9070,MERCHANT,COLLECTED,2024-02-02T09:34:28.884Z
21642,44753,TX20240430319391,TRF_FEE,25,MRU,1553,PLATFORM,COLLECTED,2024-04-30T06:28:17.120Z
21643,44758,TX20240609514808,TRF_FEE,50,MRU,5785,PLATFORM,COLLECTED,2024-06-09T13:17:39.053Z
21644,44760,TX20241016535917,WIT_FEE,50,MRU,2744,PLATFORM,COLLECTED,2024-10-16T14:55:07.913Z
21645,44761,TX20241028280602,TRF_FEE,50,MRU,10622,PLATFORM,COLLECTED,2024-10-28T08:14:57.302Z
21646,44762,TX20240727932681,TRF_FEE,50,MRU,3808,PLATFORM,COLLECTED,2024-07-27T16:49:17.626Z
21647,44766,TX20241226289255,TRF_FEE,25,MRU,3142,PLATFORM,COLLECTED,2024-12-26T11:08:42.957Z
21648,44767,TX20240120545498,TRF_FEE,50,MRU,33,PLATFORM,COLLECTED,2024-01-20T06:42:47.843Z
21649,44768,TX20241206592340,SAL_FEE,570,MRU,9087,PLATFORM,COLLECTED,2024-12-06T09:44:56.086Z
21650,44775,TX20240705902365,WIT_FEE,50,MRU,7894,PLATFORM,COLLECTED,2024-07-05T17:52:00.295Z
21651,44779,TX20241122158090,TRF_FEE,25,MRU,388,PLATFORM,COLLECTED,2024-11-22T08:23:28.900Z
21652,44782,TX20240912574210,PAY_FEE,27,MRU,9311,MERCHANT,COLLECTED,2024-09-12T16:18:14.346Z
21653,44786,TX20241212629900,WIT_FEE,50,MRU,2065,PLATFORM,COLLECTED,2024-12-12T05:59:06.514Z
21654,44787,TX20241003389056,WIT_FEE,200,MRU,3616,PLATFORM,COLLECTED,2024-10-03T13:24:46.308Z
21655,44788,TX20240314063052,TRF_FEE,50,MRU,9575,PLATFORM,COLLECTED,2024-03-14T15:12:34.542Z
21656,44789,TX20240703431916,PAY_FEE,1650,MRU,8764,MERCHANT,COLLECTED,2024-07-03T03:04:53.839Z
21657,44790,TX20241207812129,PAY_FEE,18,MRU,2254,MERCHANT,COLLECTED,2024-12-07T09:09:00.683Z
21658,44791,TX20240801124442,TRF_FEE,50,MRU,8744,PLATFORM,COLLECTED,2024-08-01T08:41:55.803Z
21659,44794,TX20240427392950,WIT_FEE,50,MRU,4502,PLATFORM,COLLECTED,2024-04-27T16:40:29.694Z
21660,44795,TX20240928329217,TRF_FEE,50,MRU,2687,PLATFORM,COLLECTED,2024-09-28T16:47:27.444Z
21661,44801,TX20240220162072,TRF_FEE,25,MRU,5001,PLATFORM,COLLECTED,2024-02-20T17:40:15.249Z
21662,44805,TX20240410658320,TRF_FEE,25,MRU,4893,PLATFORM,COLLECTED,2024-04-10T14:59:12.731Z
21663,44807,TX20241206596691,BIL_FEE,100,MRU,1060,PLATFORM,COLLECTED,2024-12-06T17:04:14.858Z
21664,44809,TX20241104698848,PAY_FEE,11,MRU,9850,MERCHANT,COLLECTED,2024-11-04T11:07:24.050Z
21665,44810,TX20240824852735,PAY_FEE,300,MRU,4107,MERCHANT,COLLECTED,2024-08-24T11:29:32.816Z
21666,44812,TX20240420985658,TRF_FEE,25,MRU,10646,PLATFORM,COLLECTED,2024-04-20T15:49:07.933Z
21667,44815,TX20240407126048,TRF_FEE,50,MRU,340,PLATFORM,COLLECTED,2024-04-07T09:44:24.028Z
21668,44816,TX20241126237471,PAY_FEE,44,MRU,1494,MERCHANT,COLLECTED,2024-11-26T09:32:51.584Z
21669,44818,TX20241124681814,SAL_FEE,1710,MRU,6612,PLATFORM,COLLECTED,2024-11-24T05:44:32.256Z
21670,44822,TX20240814586639,WIT_FEE,50,MRU,4111,PLATFORM,COLLECTED,2024-08-14T08:12:48.211Z
21671,44823,TX20240907789386,PAY_FEE,5,MRU,3987,MERCHANT,COLLECTED,2024-09-07T16:45:09.791Z
21672,44824,TX20240428408734,SAL_FEE,1285,MRU,3996,PLATFORM,COLLECTED,2024-04-28T17:58:45.854Z
21673,44825,TX20240118203554,PAY_FEE,270,MRU,2414,MERCHANT,COLLECTED,2024-01-18T15:46:26.835Z
21674,44826,TX20240316218138,TRF_FEE,25,MRU,2106,PLATFORM,COLLECTED,2024-03-16T18:47:35.328Z
21675,44827,TX20240221833389,WIT_FEE,50,MRU,3975,PLATFORM,COLLECTED,2024-02-21T15:30:06.411Z
21676,44829,TX20240612366154,WIT_FEE,76,MRU,4523,PLATFORM,COLLECTED,2024-06-12T08:27:57.394Z
21677,44832,TX20241004875720,SAL_FEE,2095,MRU,2756,PLATFORM,COLLECTED,2024-10-04T06:46:00.704Z
21678,44834,TX20240823842323,TRF_FEE,25,MRU,5701,PLATFORM,COLLECTED,2024-08-23T12:56:25.083Z
21679,44835,TX20240605943500,TRF_FEE,25,MRU,4634,PLATFORM,COLLECTED,2024-06-05T17:26:26.148Z
21680,44837,TX20241012343020,WIT_FEE,50,MRU,8785,PLATFORM,COLLECTED,2024-10-12T15:09:01.987Z
21681,44840,TX20240530414823,TRF_FEE,10,MRU,10605,PLATFORM,COLLECTED,2024-05-30T15:09:18.908Z
21682,44845,TX20240622224557,PAY_FEE,270,MRU,7085,MERCHANT,COLLECTED,2024-06-22T16:34:36.927Z
21683,44848,TX20240610363901,PAY_FEE,855,MRU,8423,MERCHANT,COLLECTED,2024-06-10T15:05:24.503Z
21684,44852,TX20241219190470,TRF_FEE,25,MRU,1601,PLATFORM,COLLECTED,2024-12-19T11:15:02.887Z
21685,44859,TX20240415636336,TRF_FEE,25,MRU,6233,PLATFORM,COLLECTED,2024-04-15T14:03:01.091Z
21686,44863,TX20240711016971,SAL_FEE,395,MRU,9084,PLATFORM,COLLECTED,2024-07-11T19:43:15.469Z
21687,44865,TX20240910104740,PAY_FEE,102,MRU,5231,MERCHANT,COLLECTED,2024-09-10T07:32:48.437Z
21688,44866,TX20240302082745,PAY_FEE,17,MRU,5036,MERCHANT,COLLECTED,2024-03-02T11:55:47.274Z
21689,44867,TX20240213454242,WIT_FEE,50,MRU,8571,PLATFORM,COLLECTED,2024-02-13T16:28:39.796Z
21690,44869,TX20241218217643,TRF_FEE,10,MRU,2653,PLATFORM,COLLECTED,2024-12-18T19:14:54.734Z
21691,44872,TX20240113283299,WIT_FEE,100,MRU,3254,PLATFORM,COLLECTED,2024-01-13T09:09:25.690Z
21692,44873,TX20241111743996,WIT_FEE,270,MRU,8947,PLATFORM,COLLECTED,2024-11-11T20:26:24.157Z
21693,44874,TX20240213966141,WIT_FEE,500,MRU,4976,PLATFORM,COLLECTED,2024-02-13T15:18:52.942Z
21694,44876,TX20240803180825,PAY_FEE,71,MRU,9026,MERCHANT,COLLECTED,2024-08-03T10:08:57.362Z
21695,44877,TX20240511141459,WIT_FEE,50,MRU,5909,PLATFORM,COLLECTED,2024-05-11T20:06:08.180Z
21696,44878,TX20241013823558,WIT_FEE,50,MRU,5642,PLATFORM,COLLECTED,2024-10-13T16:05:11.635Z
21697,44879,TX20240402688914,WIT_FEE,100,MRU,1565,PLATFORM,COLLECTED,2024-04-02T18:52:16.212Z
21698,44880,TX20240503988872,WIT_FEE,200,MRU,8877,PLATFORM,COLLECTED,2024-05-03T08:48:33.722Z
21699,44883,TX20240211305576,TRF_FEE,25,MRU,2780,PLATFORM,COLLECTED,2024-02-11T18:14:37.855Z
21700,44886,TX20240304191463,TRF_FEE,50,MRU,3040,PLATFORM,COLLECTED,2024-03-04T06:29:50.076Z
21701,44889,TX20240325310338,WIT_FEE,50,MRU,4077,PLATFORM,COLLECTED,2024-03-25T10:16:16.712Z
21702,44891,TX20240122818640,WIT_FEE,50,MRU,10326,PLATFORM,COLLECTED,2024-01-22T14:26:02.762Z
21703,44892,TX20240205962326,WIT_FEE,200,MRU,4909,PLATFORM,COLLECTED,2024-02-05T17:59:46.401Z
21704,44893,TX20240706487556,TRF_FEE,10,MRU,1467,PLATFORM,COLLECTED,2024-07-06T16:50:56.536Z
21705,44894,TX20240302146725,SAL_FEE,1695,MRU,863,PLATFORM,COLLECTED,2024-03-02T14:15:45.571Z
21706,44895,TX20240102415407,TRF_FEE,25,MRU,5626,PLATFORM,COLLECTED,2024-01-02T17:30:53.525Z
21707,44896,TX20241025227849,WIT_FEE,50,MRU,5201,PLATFORM,COLLECTED,2024-10-25T14:46:05.892Z
21708,44897,TX20240606232761,TRF_FEE,50,MRU,684,PLATFORM,COLLECTED,2024-06-06T16:27:08.773Z
21709,44898,TX20240603735798,TRF_FEE,25,MRU,4868,PLATFORM,COLLECTED,2024-06-03T00:37:25.641Z
21710,44899,TX20240614066855,TRF_FEE,25,MRU,10287,PLATFORM,COLLECTED,2024-06-14T15:51:59.985Z
21711,44902,TX20240612517556,TRF_FEE,25,MRU,9045,PLATFORM,COLLECTED,2024-06-12T07:40:44.402Z
21712,44904,TX20240920564780,WIT_FEE,50,MRU,10520,PLATFORM,COLLECTED,2024-09-20T07:45:38.824Z
21713,44905,TX20240424306226,PAY_FEE,21,MRU,2321,MERCHANT,COLLECTED,2024-04-24T14:45:46.709Z
21714,44906,TX20240321176853,TRF_FEE,50,MRU,374,PLATFORM,COLLECTED,2024-03-21T07:04:08.505Z
21715,44908,TX20240709422312,TRF_FEE,50,MRU,1267,PLATFORM,COLLECTED,2024-07-09T07:28:09.196Z
21716,44911,TX20240621270997,PAY_FEE,17,MRU,10297,MERCHANT,COLLECTED,2024-06-21T10:29:24.536Z
21717,44913,TX20240907182105,TRF_FEE,50,MRU,10734,PLATFORM,COLLECTED,2024-09-07T15:10:54.840Z
21718,44918,TX20240315628189,WIT_FEE,250,MRU,3072,PLATFORM,COLLECTED,2024-03-15T07:14:10.439Z
21719,44919,TX20240813396824,PAY_FEE,35,MRU,3419,MERCHANT,COLLECTED,2024-08-13T08:53:48.420Z
21720,44924,TX20240922310154,WIT_FEE,50,MRU,5078,PLATFORM,COLLECTED,2024-09-22T03:30:07.189Z
21721,44926,TX20240603188652,PAY_FEE,17,MRU,9926,MERCHANT,COLLECTED,2024-06-03T17:17:20.797Z
21722,44927,TX20241105642346,TRF_FEE,25,MRU,10717,PLATFORM,COLLECTED,2024-11-05T17:05:44.517Z
21723,44931,TX20240104130042,PAY_FEE,29,MRU,9685,MERCHANT,COLLECTED,2024-01-04T08:05:11.439Z
21724,44932,TX20240206713040,TRF_FEE,50,MRU,9165,PLATFORM,COLLECTED,2024-02-06T08:57:01.782Z
21725,44933,TX20240825317318,SAL_FEE,1050,MRU,2106,PLATFORM,COLLECTED,2024-08-25T06:04:09.879Z
21726,44935,TX20240429190359,PAY_FEE,24,MRU,4269,MERCHANT,COLLECTED,2024-04-29T14:20:19.374Z
21727,44936,TX20240522338273,BIL_FEE,100,MRU,2440,PLATFORM,COLLECTED,2024-05-22T17:23:29.745Z
21728,44938,TX20241219348978,TRF_FEE,25,MRU,8179,PLATFORM,COLLECTED,2024-12-19T18:17:00.203Z
21729,44940,TX20240723892602,TRF_FEE,25,MRU,1640,PLATFORM,COLLECTED,2024-07-23T08:49:20.056Z
21730,44942,TX20240809823120,PAY_FEE,12,MRU,6740,MERCHANT,COLLECTED,2024-08-09T07:40:47.834Z
21731,44943,TX20240908162491,PAY_FEE,13,MRU,11010,MERCHANT,COLLECTED,2024-09-08T16:23:24.117Z
21732,44944,TX20240320762047,TRF_FEE,10,MRU,8014,PLATFORM,COLLECTED,2024-03-20T08:33:22.948Z
21733,44945,TX20241201830729,WIT_FEE,50,MRU,10960,PLATFORM,COLLECTED,2024-12-01T17:46:35.382Z
21734,44947,TX20240420135586,SAL_FEE,1830,MRU,1483,PLATFORM,COLLECTED,2024-04-20T16:29:05.985Z
21735,44950,TX20240923957221,PAY_FEE,32,MRU,1787,MERCHANT,COLLECTED,2024-09-23T16:19:13.962Z
21736,44954,TX20240706497046,TRF_FEE,50,MRU,7864,PLATFORM,COLLECTED,2024-07-06T19:45:21.211Z
21737,44958,TX20240120576192,TRF_FEE,25,MRU,9423,PLATFORM,COLLECTED,2024-01-20T13:45:53.917Z
21738,44960,TX20240910868738,PAY_FEE,32,MRU,4872,MERCHANT,COLLECTED,2024-09-10T18:07:54.247Z
21739,44961,TX20240601280602,WIT_FEE,50,MRU,10500,PLATFORM,COLLECTED,2024-06-01T14:49:13.242Z
21740,44962,TX20240727408001,TRF_FEE,50,MRU,3808,PLATFORM,COLLECTED,2024-07-27T16:49:17.626Z
21741,44963,TX20240920830571,WIT_FEE,96,MRU,1742,PLATFORM,COLLECTED,2024-09-20T19:52:56.855Z
21742,44964,TX20240602235912,WIT_FEE,50,MRU,6294,PLATFORM,COLLECTED,2024-06-02T09:55:11.959Z
21743,44965,TX20240130854542,TRF_FEE,50,MRU,829,PLATFORM,COLLECTED,2024-01-30T20:25:23.857Z
21744,44966,TX20241125204136,WIT_FEE,470,MRU,3205,PLATFORM,COLLECTED,2024-11-25T08:50:25.971Z
21745,44967,TX20240904585075,TRF_FEE,25,MRU,6042,PLATFORM,COLLECTED,2024-09-04T16:38:11.809Z
21746,44970,TX20241212625849,PAY_FEE,42,MRU,8588,MERCHANT,COLLECTED,2024-12-12T16:47:13.131Z
21747,44973,TX20240922188085,PAY_FEE,150,MRU,2528,MERCHANT,COLLECTED,2024-09-22T12:47:34.732Z
21748,44974,TX20240308027656,PAY_FEE,45,MRU,2823,MERCHANT,COLLECTED,2024-03-08T09:32:43.891Z
21749,44975,TX20240705420853,WIT_FEE,50,MRU,7894,PLATFORM,COLLECTED,2024-07-05T17:52:00.295Z
21750,44976,TX20240819482323,WIT_FEE,50,MRU,4632,PLATFORM,COLLECTED,2024-08-19T11:15:34.682Z
21751,44979,TX20240903158090,WIT_FEE,50,MRU,9932,PLATFORM,COLLECTED,2024-09-03T17:09:23.482Z
21752,44982,TX20240912493258,PAY_FEE,27,MRU,9311,MERCHANT,COLLECTED,2024-09-12T16:18:14.346Z
21753,44983,TX20241123339434,WIT_FEE,50,MRU,5534,PLATFORM,COLLECTED,2024-11-23T18:20:18.722Z
21754,44984,TX20240716437951,WIT_FEE,50,MRU,7666,PLATFORM,COLLECTED,2024-07-16T10:12:12.513Z
21755,44989,TX20240204498121,PAY_FEE,62,MRU,5593,MERCHANT,COLLECTED,2024-02-04T10:52:50.876Z
21756,44994,TX20240528495956,TRF_FEE,25,MRU,6786,PLATFORM,COLLECTED,2024-05-28T08:23:12.813Z
21757,44997,TX20241121953100,TRF_FEE,25,MRU,4862,PLATFORM,COLLECTED,2024-11-21T17:41:54.753Z
21758,44999,TX20240119864930,TRF_FEE,50,MRU,3670,PLATFORM,COLLECTED,2024-01-19T17:30:40.340Z
21759,45002,TX20240917887464,PAY_FEE,29,MRU,9039,MERCHANT,COLLECTED,2024-09-17T03:29:03.906Z
21760,45003,TX20241113097185,TRF_FEE,50,MRU,7912,PLATFORM,COLLECTED,2024-11-13T14:50:23.411Z
21761,45006,TX20240923291235,WIT_FEE,50,MRU,7290,PLATFORM,COLLECTED,2024-09-23T06:23:33.388Z
21762,45007,TX20240205999743,PAY_FEE,47,MRU,7871,MERCHANT,COLLECTED,2024-02-05T08:29:24.208Z
21763,45008,TX20240203909702,WIT_FEE,52,MRU,7803,PLATFORM,COLLECTED,2024-02-03T17:00:12.171Z
21764,45010,TX20241107027658,TRF_FEE,25,MRU,5328,PLATFORM,COLLECTED,2024-11-07T17:58:26.579Z
21765,45013,TX20240628942301,PAY_FEE,84,MRU,6912,MERCHANT,COLLECTED,2024-06-28T13:07:47.653Z
21766,45019,TX20240906833711,TRF_FEE,25,MRU,4926,PLATFORM,COLLECTED,2024-09-06T08:48:35.455Z
21767,45023,TX20240511852561,PAY_FEE,41,MRU,10727,MERCHANT,COLLECTED,2024-05-11T17:02:35.066Z
21768,45025,TX20240611802354,PAY_FEE,14,MRU,2079,MERCHANT,COLLECTED,2024-06-11T16:13:00.355Z
21769,45027,TX20240704031847,TRF_FEE,10,MRU,6952,PLATFORM,COLLECTED,2024-07-04T06:24:21.328Z
21770,45028,TX20240222525542,PAY_FEE,66,MRU,4842,MERCHANT,COLLECTED,2024-02-22T10:59:39.277Z
21771,45030,TX20240612734977,TRF_FEE,50,MRU,4608,PLATFORM,COLLECTED,2024-06-12T13:01:23.490Z
21772,45032,TX20240219875720,PAY_FEE,23,MRU,9052,MERCHANT,COLLECTED,2024-02-19T16:00:42.248Z
21773,45035,TX20240605610653,TRF_FEE,25,MRU,4634,PLATFORM,COLLECTED,2024-06-05T17:26:26.148Z
21774,45037,TX20240224382947,PAY_FEE,15,MRU,7598,MERCHANT,COLLECTED,2024-02-24T05:59:47.405Z
21775,45038,TX20240511130827,TRF_FEE,25,MRU,6824,PLATFORM,COLLECTED,2024-05-11T14:02:30.662Z
21776,45043,TX20240818488439,TRF_FEE,50,MRU,2194,PLATFORM,COLLECTED,2024-08-18T10:39:39.703Z
21777,45044,TX20240528938110,TRF_FEE,50,MRU,638,PLATFORM,COLLECTED,2024-05-28T08:24:20.165Z
21778,45045,TX20241011775138,BIL_FEE,100,MRU,9133,PLATFORM,COLLECTED,2024-10-11T13:04:13.987Z
21779,45047,TX20240419622405,TRF_FEE,50,MRU,10387,PLATFORM,COLLECTED,2024-04-19T14:20:16.978Z
21780,45051,TX20240209157354,WIT_FEE,50,MRU,1593,PLATFORM,COLLECTED,2024-02-09T15:14:31.769Z
21781,45056,TX20240225452308,WIT_FEE,50,MRU,2737,PLATFORM,COLLECTED,2024-02-25T15:16:34.919Z
21782,45059,TX20241212123110,WIT_FEE,450,MRU,4804,PLATFORM,COLLECTED,2024-12-12T16:52:03.519Z
21783,45060,TX20240813491489,WIT_FEE,100,MRU,5000,PLATFORM,COLLECTED,2024-08-13T06:36:37.543Z
21784,45061,TX20240229978083,TRF_FEE,25,MRU,10315,PLATFORM,COLLECTED,2024-02-29T18:03:25.827Z
21785,45065,TX20240621723899,TRF_FEE,50,MRU,3829,PLATFORM,COLLECTED,2024-06-21T19:18:09.726Z
21786,45069,TX20240409946986,TRF_FEE,25,MRU,2762,PLATFORM,COLLECTED,2024-04-09T08:28:57.922Z
21787,45070,TX20241217799089,TRF_FEE,25,MRU,3374,PLATFORM,COLLECTED,2024-12-17T19:22:50.732Z
21788,45072,TX20240403615041,PAY_FEE,8,MRU,7614,MERCHANT,COLLECTED,2024-04-03T05:18:09.427Z
21789,45075,TX20240319932107,PAY_FEE,132,MRU,4398,MERCHANT,COLLECTED,2024-03-19T07:54:52.684Z
21790,45076,TX20240817957934,SAL_FEE,1060,MRU,7000,PLATFORM,COLLECTED,2024-08-17T07:04:42.482Z
21791,45077,TX20241213533731,TRF_FEE,25,MRU,1766,PLATFORM,COLLECTED,2024-12-13T21:12:32.065Z
21792,45078,TX20241211195889,WIT_FEE,100,MRU,2919,PLATFORM,COLLECTED,2024-12-11T10:05:27.365Z
21793,45080,TX20241116103758,PAY_FEE,66,MRU,2447,MERCHANT,COLLECTED,2024-11-16T11:09:27.180Z
21794,45082,TX20241201843309,TRF_FEE,50,MRU,783,PLATFORM,COLLECTED,2024-12-01T08:09:18.260Z
21795,45084,TX20240330284489,PAY_FEE,7,MRU,3237,MERCHANT,COLLECTED,2024-03-30T15:27:05.430Z
21796,45085,TX20240603474486,WIT_FEE,50,MRU,9698,PLATFORM,COLLECTED,2024-06-03T17:22:01.131Z
21797,45092,TX20241011457739,TRF_FEE,25,MRU,4865,PLATFORM,COLLECTED,2024-10-11T16:01:33.501Z
21798,45093,TX20240609591364,SAL_FEE,925,MRU,2703,PLATFORM,COLLECTED,2024-06-09T15:57:54.773Z
21799,45094,TX20240722017366,TRF_FEE,25,MRU,5807,PLATFORM,COLLECTED,2024-07-22T10:19:29.769Z
21800,45097,TX20240603408457,WIT_FEE,50,MRU,10112,PLATFORM,COLLECTED,2024-06-03T07:34:12.582Z
21801,45099,TX20240609465254,TRF_FEE,50,MRU,5376,PLATFORM,COLLECTED,2024-06-09T15:32:09.172Z
21802,45101,TX20240510989426,PAY_FEE,143,MRU,1809,MERCHANT,COLLECTED,2024-05-10T05:01:03.875Z
21803,45102,TX20241211986573,TRF_FEE,10,MRU,3643,PLATFORM,COLLECTED,2024-12-11T16:13:44.665Z
21804,45108,TX20240609041871,TRF_FEE,10,MRU,2529,PLATFORM,COLLECTED,2024-06-09T06:55:46.952Z
21805,45113,TX20240428556233,PAY_FEE,450,MRU,2682,MERCHANT,COLLECTED,2024-04-28T09:10:58.111Z
21806,45120,TX20240419054081,TRF_FEE,25,MRU,3571,PLATFORM,COLLECTED,2024-04-19T17:48:25.308Z
21807,45121,TX20240601047731,WIT_FEE,50,MRU,7986,PLATFORM,COLLECTED,2024-06-01T08:07:36.023Z
21808,45122,TX20240110273142,WIT_FEE,110,MRU,6138,PLATFORM,COLLECTED,2024-01-10T19:36:00.113Z
21809,45123,TX20240601885904,WIT_FEE,50,MRU,1192,PLATFORM,COLLECTED,2024-06-01T19:19:39.445Z
21810,45127,TX20240417665520,BIL_FEE,100,MRU,1785,PLATFORM,COLLECTED,2024-04-17T09:47:53.969Z
21811,45128,TX20241019812588,PAY_FEE,17,MRU,153,MERCHANT,COLLECTED,2024-10-19T06:44:31.972Z
21812,45130,TX20240407390973,TRF_FEE,25,MRU,6523,PLATFORM,COLLECTED,2024-04-07T06:31:58.656Z
21813,45134,TX20240825024937,SAL_FEE,1050,MRU,2106,PLATFORM,COLLECTED,2024-08-25T06:04:09.879Z
21814,45135,TX20240219494694,WIT_FEE,50,MRU,6411,PLATFORM,COLLECTED,2024-02-19T15:46:37.636Z
21815,45136,TX20240520820131,WIT_FEE,100,MRU,7732,PLATFORM,COLLECTED,2024-05-20T07:30:55.123Z
21816,45137,TX20240409579730,PAY_FEE,24,MRU,5885,MERCHANT,COLLECTED,2024-04-09T07:14:20.305Z
21817,45138,TX20240811157872,PAY_FEE,8,MRU,3943,MERCHANT,COLLECTED,2024-08-11T14:34:21.006Z
21818,45139,TX20240121442904,WIT_FEE,68,MRU,10611,PLATFORM,COLLECTED,2024-01-21T06:20:57.003Z
21819,45143,TX20240503705346,PAY_FEE,72,MRU,9086,MERCHANT,COLLECTED,2024-05-03T08:00:39.226Z
21820,45144,TX20240806600848,WIT_FEE,50,MRU,8945,PLATFORM,COLLECTED,2024-08-06T07:05:05.719Z
21821,45150,TX20240211223085,PAY_FEE,11,MRU,5277,MERCHANT,COLLECTED,2024-02-11T11:50:35.893Z
21822,45151,TX20240121508595,WIT_FEE,50,MRU,7412,PLATFORM,COLLECTED,2024-01-21T15:18:09.674Z
21823,45157,TX20240422464932,TRF_FEE,50,MRU,32,PLATFORM,COLLECTED,2024-04-22T05:36:00.333Z
21824,45159,TX20240318626831,WIT_FEE,50,MRU,9381,PLATFORM,COLLECTED,2024-03-18T13:09:23.565Z
21825,45160,TX20240415460422,TRF_FEE,25,MRU,6953,PLATFORM,COLLECTED,2024-04-15T17:53:51.554Z
21826,45161,TX20240414390292,WIT_FEE,50,MRU,5742,PLATFORM,COLLECTED,2024-04-14T08:18:12.868Z
21827,45166,TX20240130233830,TRF_FEE,50,MRU,829,PLATFORM,COLLECTED,2024-01-30T20:25:23.857Z
21828,45169,TX20241210268145,PAY_FEE,27,MRU,9379,MERCHANT,COLLECTED,2024-12-10T07:49:08.697Z
21829,45170,TX20240801874551,TRF_FEE,10,MRU,2565,PLATFORM,COLLECTED,2024-08-01T09:56:08.665Z
21830,45175,TX20240308260664,PAY_FEE,45,MRU,2823,MERCHANT,COLLECTED,2024-03-08T09:32:43.891Z
21831,45177,TX20241114527591,TRF_FEE,10,MRU,5290,PLATFORM,COLLECTED,2024-11-14T11:07:15.633Z
21832,45178,TX20240529379649,WIT_FEE,50,MRU,5455,PLATFORM,COLLECTED,2024-05-29T13:16:42.630Z
21833,45181,TX20241016193477,PAY_FEE,6,MRU,3487,MERCHANT,COLLECTED,2024-10-16T16:28:04.217Z
21834,45184,TX20240227772675,TRF_FEE,50,MRU,10107,PLATFORM,COLLECTED,2024-02-27T14:25:32.970Z
21835,45186,TX20240302790197,TRF_FEE,25,MRU,7545,PLATFORM,COLLECTED,2024-03-02T06:27:57.483Z
21836,45188,TX20240526588745,TRF_FEE,25,MRU,10467,PLATFORM,COLLECTED,2024-05-26T15:18:19.551Z
21837,45195,TX20240528204385,TRF_FEE,25,MRU,6786,PLATFORM,COLLECTED,2024-05-28T08:23:12.813Z
21838,45202,TX20240220495271,TRF_FEE,25,MRU,5001,PLATFORM,COLLECTED,2024-02-20T17:40:15.249Z
21839,45203,TX20240917875240,PAY_FEE,29,MRU,9039,MERCHANT,COLLECTED,2024-09-17T03:29:03.906Z
21840,45207,TX20240131426753,PAY_FEE,69,MRU,9850,MERCHANT,COLLECTED,2024-01-31T10:33:23.660Z
21841,45209,TX20241025101632,TRF_FEE,25,MRU,2242,PLATFORM,COLLECTED,2024-10-25T09:05:48.003Z
21842,45211,TX20240515251821,PAY_FEE,65,MRU,7046,MERCHANT,COLLECTED,2024-05-15T14:04:27.016Z
21843,45212,TX20240809903865,WIT_FEE,50,MRU,6435,PLATFORM,COLLECTED,2024-08-09T06:13:39.456Z
21844,45213,TX20241118926757,TRF_FEE,25,MRU,264,PLATFORM,COLLECTED,2024-11-18T09:45:26.064Z
21845,45215,TX20241023285304,TRF_FEE,25,MRU,7069,PLATFORM,COLLECTED,2024-10-23T13:38:50.802Z
21846,45218,TX20240303245397,TRF_FEE,50,MRU,4332,PLATFORM,COLLECTED,2024-03-03T15:12:53.787Z
21847,45220,TX20240918249760,TRF_FEE,25,MRU,10135,PLATFORM,COLLECTED,2024-09-18T15:21:58.129Z
21848,45222,TX20240515470577,PAY_FEE,23,MRU,7742,MERCHANT,COLLECTED,2024-05-15T10:23:05.400Z
21849,45224,TX20240712739755,TRF_FEE,25,MRU,1218,PLATFORM,COLLECTED,2024-07-12T16:47:55.993Z
21850,45226,TX20240315093101,TRF_FEE,10,MRU,7801,PLATFORM,COLLECTED,2024-03-15T17:24:47.888Z
21851,45227,TX20240229984147,TRF_FEE,10,MRU,5856,PLATFORM,COLLECTED,2024-02-29T08:53:10.999Z
21852,45228,TX20240314595600,PAY_FEE,8,MRU,335,MERCHANT,COLLECTED,2024-03-14T06:11:37.787Z
21853,45231,TX20240904114988,PAY_FEE,125,MRU,5755,MERCHANT,COLLECTED,2024-09-04T20:16:48.514Z
21854,45232,TX20240627677947,WIT_FEE,100,MRU,3448,PLATFORM,COLLECTED,2024-06-27T20:34:01.351Z
21855,45234,TX20240819498963,PAY_FEE,30,MRU,10025,MERCHANT,COLLECTED,2024-08-19T05:45:29.629Z
21856,45235,TX20240213107341,TRF_FEE,50,MRU,5786,PLATFORM,COLLECTED,2024-02-13T17:06:27.488Z
21857,45240,TX20240624849498,PAY_FEE,141,MRU,433,MERCHANT,COLLECTED,2024-06-24T10:55:10.830Z
21858,45242,TX20240401646310,PAY_FEE,8,MRU,4209,MERCHANT,COLLECTED,2024-04-01T05:43:15.693Z
21859,45246,TX20241226051601,WIT_FEE,50,MRU,2360,PLATFORM,COLLECTED,2024-12-26T17:00:40.877Z
21860,45248,TX20240316450182,WIT_FEE,100,MRU,1319,PLATFORM,COLLECTED,2024-03-16T13:21:26.038Z
21861,45249,TX20241108338714,WIT_FEE,50,MRU,7542,PLATFORM,COLLECTED,2024-11-08T10:53:48.130Z
21862,45250,TX20241122642524,TRF_FEE,50,MRU,570,PLATFORM,COLLECTED,2024-11-22T08:21:22.851Z
21863,45253,TX20240625915440,WIT_FEE,99,MRU,10734,PLATFORM,COLLECTED,2024-06-25T19:59:58.123Z
21864,45254,TX20240224873729,PAY_FEE,41,MRU,3753,MERCHANT,COLLECTED,2024-02-24T19:56:24.122Z
21865,45256,TX20240417758790,PAY_FEE,555,MRU,8633,MERCHANT,COLLECTED,2024-04-17T09:41:58.314Z
21866,45258,TX20241122502283,TRF_FEE,10,MRU,3562,PLATFORM,COLLECTED,2024-11-22T06:06:03.343Z
21867,45263,TX20240729003695,WIT_FEE,150,MRU,9116,PLATFORM,COLLECTED,2024-07-29T16:02:22.963Z
21868,45264,TX20240711140044,SAL_FEE,395,MRU,9084,PLATFORM,COLLECTED,2024-07-11T19:43:15.469Z
21869,45265,TX20241101376435,TRF_FEE,25,MRU,5073,PLATFORM,COLLECTED,2024-11-01T16:26:29.160Z
21870,45269,TX20241001312689,SAL_FEE,1090,MRU,7271,PLATFORM,COLLECTED,2024-10-01T15:09:58.180Z
21871,45271,TX20240816267355,PAY_FEE,375,MRU,10282,MERCHANT,COLLECTED,2024-08-16T06:19:24.963Z
21872,45272,TX20240205932858,WIT_FEE,50,MRU,1414,PLATFORM,COLLECTED,2024-02-05T19:16:38.757Z
21873,45273,TX20240915130107,WIT_FEE,50,MRU,2825,PLATFORM,COLLECTED,2024-09-15T18:03:30.845Z
21874,45274,TX20241015833018,WIT_FEE,50,MRU,3831,PLATFORM,COLLECTED,2024-10-15T07:36:13.344Z
21875,45281,TX20240722776831,TRF_FEE,25,MRU,9542,PLATFORM,COLLECTED,2024-07-22T16:17:38.891Z
21876,45282,TX20241222432612,PAY_FEE,11,MRU,7468,MERCHANT,COLLECTED,2024-12-22T10:52:43.130Z
21877,45283,TX20240424355744,TRF_FEE,25,MRU,1799,PLATFORM,COLLECTED,2024-04-24T15:32:55.205Z
21878,45290,TX20240503260688,TRF_FEE,25,MRU,1490,PLATFORM,COLLECTED,2024-05-03T14:52:40.150Z
21879,45291,TX20241028053762,WIT_FEE,90,MRU,6743,PLATFORM,COLLECTED,2024-10-28T20:25:39.882Z
21880,45293,TX20241011554890,TRF_FEE,25,MRU,4865,PLATFORM,COLLECTED,2024-10-11T16:01:33.501Z
21881,45300,TX20240609545296,TRF_FEE,50,MRU,5376,PLATFORM,COLLECTED,2024-06-09T15:32:09.172Z
21882,45301,TX20240524311672,TRF_FEE,50,MRU,10649,PLATFORM,COLLECTED,2024-05-24T19:38:39.051Z
21883,45305,TX20240127494174,PAY_FEE,72,MRU,10569,MERCHANT,COLLECTED,2024-01-27T10:52:51.344Z
21884,45307,TX20240424462607,PAY_FEE,21,MRU,2321,MERCHANT,COLLECTED,2024-04-24T14:45:46.709Z
21885,45310,TX20240308664366,TRF_FEE,50,MRU,6813,PLATFORM,COLLECTED,2024-03-08T12:09:11.115Z
21886,45312,TX20240614065370,TRF_FEE,50,MRU,4092,PLATFORM,COLLECTED,2024-06-14T08:05:50.554Z
21887,45313,TX20240410732259,SAL_FEE,1455,MRU,4449,PLATFORM,COLLECTED,2024-04-10T15:28:25.494Z
21888,45314,TX20240304665511,WIT_FEE,50,MRU,1413,PLATFORM,COLLECTED,2024-03-04T21:06:14.753Z
21889,45315,TX20240529875879,SAL_FEE,2475,MRU,4976,PLATFORM,COLLECTED,2024-05-29T06:04:24.224Z
21890,45316,TX20240521375574,WIT_FEE,50,MRU,6163,PLATFORM,COLLECTED,2024-05-21T16:48:30.128Z
21891,45319,TX20241221218231,PAY_FEE,116,MRU,2855,MERCHANT,COLLECTED,2024-12-21T06:25:06.238Z
21892,45321,TX20241121046125,WIT_FEE,50,MRU,8257,PLATFORM,COLLECTED,2024-11-21T17:25:18.322Z
21893,45322,TX20240214358045,WIT_FEE,50,MRU,7136,PLATFORM,COLLECTED,2024-02-14T14:01:43.398Z
21894,45325,TX20241109483683,PAY_FEE,300,MRU,4847,MERCHANT,COLLECTED,2024-11-09T10:22:21.144Z
21895,45326,TX20240105528023,PAY_FEE,8,MRU,8732,MERCHANT,COLLECTED,2024-01-05T13:07:11.458Z
21896,45328,TX20241123827315,TRF_FEE,10,MRU,10684,PLATFORM,COLLECTED,2024-11-23T09:20:47.899Z
21897,45331,TX20241223022128,TRF_FEE,50,MRU,6965,PLATFORM,COLLECTED,2024-12-23T15:35:50.295Z
21898,45332,TX20240902620154,SAL_FEE,1865,MRU,219,PLATFORM,COLLECTED,2024-09-02T15:27:37.788Z
21899,45336,TX20240817777070,PAY_FEE,54,MRU,4943,MERCHANT,COLLECTED,2024-08-17T14:34:45.567Z
21900,45339,TX20241029157872,TRF_FEE,50,MRU,67,PLATFORM,COLLECTED,2024-10-29T14:39:34.351Z
21901,45340,TX20240121867365,WIT_FEE,50,MRU,10611,PLATFORM,COLLECTED,2024-01-21T06:20:57.003Z
21902,45342,TX20240222311948,PAY_FEE,36,MRU,3052,MERCHANT,COLLECTED,2024-02-22T18:19:12.183Z
21903,45344,TX20240423838138,WIT_FEE,50,MRU,8482,PLATFORM,COLLECTED,2024-04-22T22:39:13.823Z
21904,45346,TX20241203865607,TRF_FEE,50,MRU,5266,PLATFORM,COLLECTED,2024-12-03T07:27:45.008Z
21905,45361,TX20241008165579,TRF_FEE,50,MRU,8523,PLATFORM,COLLECTED,2024-10-08T07:42:01.934Z
21906,45362,TX20240513659468,TRF_FEE,25,MRU,3167,PLATFORM,COLLECTED,2024-05-13T07:19:08.229Z
21907,45365,TX20240920998820,WIT_FEE,71,MRU,1742,PLATFORM,COLLECTED,2024-09-20T19:52:56.855Z
21908,45366,TX20240503235912,TRF_FEE,50,MRU,8264,PLATFORM,COLLECTED,2024-05-03T18:11:57.568Z
21909,45367,TX20240130587526,TRF_FEE,50,MRU,829,PLATFORM,COLLECTED,2024-01-30T20:25:23.857Z
21910,45369,TX20240311075087,TRF_FEE,25,MRU,4708,PLATFORM,COLLECTED,2024-03-11T17:32:18.743Z
21911,45370,TX20240804559862,PAY_FEE,68,MRU,2509,MERCHANT,COLLECTED,2024-08-04T08:46:48.587Z
21912,45371,TX20241213860089,WIT_FEE,50,MRU,1893,PLATFORM,COLLECTED,2024-12-13T16:52:40.042Z
21913,45373,TX20240313465494,TRF_FEE,25,MRU,2221,PLATFORM,COLLECTED,2024-03-13T06:40:10.622Z
21914,45374,TX20241116048523,TRF_FEE,50,MRU,308,PLATFORM,COLLECTED,2024-11-16T17:14:35.634Z
21915,45375,TX20240324336928,PAY_FEE,17,MRU,10332,MERCHANT,COLLECTED,2024-03-24T20:29:10.173Z
21916,45377,TX20240501420853,WIT_FEE,50,MRU,3271,PLATFORM,COLLECTED,2024-05-01T12:53:52.010Z
21917,45385,TX20241009138564,TRF_FEE,10,MRU,3765,PLATFORM,COLLECTED,2024-10-09T18:51:19.280Z
21918,45386,TX20240602868277,TRF_FEE,25,MRU,8822,PLATFORM,COLLECTED,2024-06-02T06:58:26.217Z
21919,45389,TX20240626286655,TRF_FEE,25,MRU,6510,PLATFORM,COLLECTED,2024-06-26T13:23:30.364Z
21920,45390,TX20240402984309,PAY_FEE,44,MRU,10320,MERCHANT,COLLECTED,2024-04-02T11:03:07.557Z
21921,45393,TX20240216072763,WIT_FEE,50,MRU,4146,PLATFORM,COLLECTED,2024-02-16T07:33:33.915Z
21922,45395,TX20240401582036,PAY_FEE,128,MRU,10662,MERCHANT,COLLECTED,2024-04-01T06:56:30.532Z
21923,45399,TX20240118810763,PAY_FEE,8,MRU,4966,MERCHANT,COLLECTED,2024-01-18T11:11:42.717Z
21924,45401,TX20240728383832,TRF_FEE,25,MRU,8618,PLATFORM,COLLECTED,2024-07-28T13:42:40.165Z
21925,45404,TX20240817294864,TRF_FEE,25,MRU,9360,PLATFORM,COLLECTED,2024-08-17T06:00:51.298Z
21926,45405,TX20240315717300,TRF_FEE,25,MRU,8728,PLATFORM,COLLECTED,2024-03-15T17:13:59.098Z
21927,45410,TX20240804441051,PAY_FEE,33,MRU,9219,MERCHANT,COLLECTED,2024-08-04T06:04:10.528Z
21928,45413,TX20241228446581,TRF_FEE,25,MRU,10904,PLATFORM,COLLECTED,2024-12-28T10:38:31.338Z
21929,45414,TX20240719531492,TRF_FEE,50,MRU,9181,PLATFORM,COLLECTED,2024-07-19T14:19:51.736Z
21930,45418,TX20240720332901,TRF_FEE,50,MRU,6798,PLATFORM,COLLECTED,2024-07-20T06:56:04.004Z
21931,45419,TX20240531633409,PAY_FEE,11,MRU,9920,MERCHANT,COLLECTED,2024-05-31T07:08:59.637Z
21932,45422,TX20241115862683,TRF_FEE,50,MRU,10661,PLATFORM,COLLECTED,2024-11-15T09:07:40.836Z
21933,45425,TX20241112958151,WIT_FEE,50,MRU,6523,PLATFORM,COLLECTED,2024-11-12T16:16:08.338Z
21934,45426,TX20241024187247,SAL_FEE,535,MRU,256,PLATFORM,COLLECTED,2024-10-24T08:39:19.998Z
21935,45427,TX20240204278540,SAL_FEE,1880,MRU,10601,PLATFORM,COLLECTED,2024-02-04T11:32:50.122Z
21936,45430,TX20240507945917,WIT_FEE,50,MRU,2790,PLATFORM,COLLECTED,2024-05-07T14:02:58.494Z
21937,45435,TX20240806298033,TRF_FEE,25,MRU,6554,PLATFORM,COLLECTED,2024-08-06T08:26:33.902Z
21938,45438,TX20240206309616,TRF_FEE,10,MRU,10319,PLATFORM,COLLECTED,2024-02-06T10:40:55.444Z
21939,45440,TX20240225931469,TRF_FEE,25,MRU,6548,PLATFORM,COLLECTED,2024-02-25T11:32:56.333Z
21940,45443,TX20240617048418,TRF_FEE,25,MRU,6737,PLATFORM,COLLECTED,2024-06-17T10:59:02.223Z
21941,45445,TX20240322190860,TRF_FEE,25,MRU,5143,PLATFORM,COLLECTED,2024-03-22T14:24:26.816Z
21942,45451,TX20241113140025,WIT_FEE,50,MRU,10006,PLATFORM,COLLECTED,2024-11-13T17:38:47.970Z
21943,45452,TX20240302164057,PAY_FEE,27,MRU,2161,MERCHANT,COLLECTED,2024-03-02T19:23:38.954Z
21944,45453,TX20240606598172,WIT_FEE,50,MRU,5095,PLATFORM,COLLECTED,2024-06-06T09:02:03.199Z
21945,45454,TX20240722045533,TRF_FEE,50,MRU,9541,PLATFORM,COLLECTED,2024-07-22T18:46:07.128Z
21946,45455,TX20240825569819,PAY_FEE,26,MRU,8962,MERCHANT,COLLECTED,2024-08-25T14:09:25.617Z
21947,45456,TX20240424235834,PAY_FEE,53,MRU,4305,MERCHANT,COLLECTED,2024-04-24T11:08:01.934Z
21948,45457,TX20240901846836,PAY_FEE,420,MRU,10024,MERCHANT,COLLECTED,2024-09-01T13:28:15.962Z
21949,45460,TX20241015407062,PAY_FEE,26,MRU,2855,MERCHANT,COLLECTED,2024-10-15T09:44:14.536Z
21950,45461,TX20240318710401,WIT_FEE,50,MRU,6356,PLATFORM,COLLECTED,2024-03-18T10:12:54.035Z
21951,45462,TX20241011789185,WIT_FEE,50,MRU,6237,PLATFORM,COLLECTED,2024-10-11T12:25:42.532Z
21952,45466,TX20240412332575,TRF_FEE,10,MRU,4810,PLATFORM,COLLECTED,2024-04-12T16:12:16.217Z
21953,45469,TX20240523083712,TRF_FEE,50,MRU,6005,PLATFORM,COLLECTED,2024-05-23T18:12:11.289Z
21954,45471,TX20240114167203,PAY_FEE,285,MRU,1334,MERCHANT,COLLECTED,2024-01-14T07:18:37.660Z
21955,45478,TX20240711909007,SAL_FEE,1930,MRU,4940,PLATFORM,COLLECTED,2024-07-11T08:12:42.137Z
21956,45479,TX20240310574743,WIT_FEE,50,MRU,4685,PLATFORM,COLLECTED,2024-03-10T08:05:07.331Z
21957,45481,TX20240930812968,TRF_FEE,25,MRU,6202,PLATFORM,COLLECTED,2024-09-30T13:38:22.312Z
21958,45482,TX20241001381811,WIT_FEE,50,MRU,6680,PLATFORM,COLLECTED,2024-10-01T07:43:07.697Z
21959,45484,TX20240824095055,TRF_FEE,50,MRU,4211,PLATFORM,COLLECTED,2024-08-24T14:00:36.120Z
21960,45486,TX20240804007236,TRF_FEE,25,MRU,2377,PLATFORM,COLLECTED,2024-08-04T07:16:12.025Z
21961,45488,TX20240911382065,WIT_FEE,50,MRU,837,PLATFORM,COLLECTED,2024-09-11T07:01:29.839Z
21962,45489,TX20240627075504,PAY_FEE,8,MRU,4755,MERCHANT,COLLECTED,2024-06-27T07:09:23.235Z
21963,45491,TX20240408416926,WIT_FEE,50,MRU,938,PLATFORM,COLLECTED,2024-04-08T08:42:22.903Z
21964,45494,TX20240408962326,TRF_FEE,25,MRU,4445,PLATFORM,COLLECTED,2024-04-08T06:49:59.781Z
21965,45495,TX20240706769540,TRF_FEE,10,MRU,1467,PLATFORM,COLLECTED,2024-07-06T16:50:56.536Z
21966,45497,TX20241120403635,TRF_FEE,25,MRU,10211,PLATFORM,COLLECTED,2024-11-20T13:30:12.667Z
21967,45498,TX20240326143272,SAL_FEE,2260,MRU,997,PLATFORM,COLLECTED,2024-03-26T09:49:39.770Z
21968,45501,TX20240608513312,TRF_FEE,25,MRU,5888,PLATFORM,COLLECTED,2024-06-08T08:39:21.368Z
21969,45504,TX20241010749184,TRF_FEE,25,MRU,9251,PLATFORM,COLLECTED,2024-10-10T13:29:10.969Z
21970,45505,TX20240404488486,WIT_FEE,50,MRU,801,PLATFORM,COLLECTED,2024-04-04T05:21:28.051Z
21971,45507,TX20240906754908,BIL_FEE,100,MRU,10154,PLATFORM,COLLECTED,2024-09-06T16:43:28.868Z
21972,45514,TX20241230141243,TRF_FEE,50,MRU,3638,PLATFORM,COLLECTED,2024-12-30T10:36:52.714Z
21973,45515,TX20240516224569,WIT_FEE,50,MRU,7554,PLATFORM,COLLECTED,2024-05-16T05:24:59.540Z
21974,45516,TX20241107074611,PAY_FEE,32,MRU,9640,MERCHANT,COLLECTED,2024-11-07T19:06:01.878Z
21975,45517,TX20241128217398,TRF_FEE,10,MRU,256,PLATFORM,COLLECTED,2024-11-28T09:38:32.881Z
21976,45518,TX20240911357291,PAY_FEE,96,MRU,897,MERCHANT,COLLECTED,2024-09-11T09:23:09.560Z
21977,45519,TX20240701672757,TRF_FEE,25,MRU,10740,PLATFORM,COLLECTED,2024-07-01T12:38:55.826Z
21978,45520,TX20240511152303,WIT_FEE,50,MRU,4863,PLATFORM,COLLECTED,2024-05-11T07:05:14.173Z
21979,45521,TX20240419903015,TRF_FEE,25,MRU,3571,PLATFORM,COLLECTED,2024-04-19T17:48:25.308Z
21980,45524,TX20240601501612,WIT_FEE,50,MRU,1192,PLATFORM,COLLECTED,2024-06-01T19:19:39.445Z
21981,45525,TX20240511459253,WIT_FEE,50,MRU,3459,PLATFORM,COLLECTED,2024-05-11T07:26:24.400Z
21982,45528,TX20240603665520,PAY_FEE,17,MRU,9926,MERCHANT,COLLECTED,2024-06-03T17:17:20.797Z
21983,45529,TX20241019570364,PAY_FEE,17,MRU,153,MERCHANT,COLLECTED,2024-10-19T06:44:31.972Z
21984,45531,TX20240127390973,WIT_FEE,100,MRU,9223,PLATFORM,COLLECTED,2024-01-27T13:58:39.589Z
21985,45537,TX20240908912920,WIT_FEE,500,MRU,1897,PLATFORM,COLLECTED,2024-09-08T09:19:22.385Z
21986,45538,TX20240929353222,TRF_FEE,25,MRU,2185,PLATFORM,COLLECTED,2024-09-29T07:33:46.272Z
21987,45540,TX20240419003101,PAY_FEE,41,MRU,7291,MERCHANT,COLLECTED,2024-04-19T03:12:44.472Z
21988,45545,TX20241024173573,TRF_FEE,10,MRU,1781,PLATFORM,COLLECTED,2024-10-24T10:24:07.998Z
21989,45552,TX20240429671732,PAY_FEE,15,MRU,4381,MERCHANT,COLLECTED,2024-04-29T07:57:09.193Z
21990,45554,TX20240131813156,WIT_FEE,50,MRU,9030,PLATFORM,COLLECTED,2024-01-31T06:54:02.307Z
21991,45556,TX20241210305503,PAY_FEE,18,MRU,8437,MERCHANT,COLLECTED,2024-12-10T10:24:30.968Z
21992,45559,TX20241114729735,WIT_FEE,50,MRU,9075,PLATFORM,COLLECTED,2024-11-14T11:20:11.037Z
21993,45561,TX20241008519835,TRF_FEE,50,MRU,8523,PLATFORM,COLLECTED,2024-10-08T07:42:01.934Z
21994,45562,TX20240301679909,WIT_FEE,50,MRU,3050,PLATFORM,COLLECTED,2024-03-01T10:08:13.285Z
21995,45563,TX20240325942096,TRF_FEE,25,MRU,3879,PLATFORM,COLLECTED,2024-03-25T08:05:08.617Z
21996,45567,TX20241109233830,WIT_FEE,500,MRU,2669,PLATFORM,COLLECTED,2024-11-09T07:29:02.849Z
21997,45570,TX20241106609769,TRF_FEE,25,MRU,9268,PLATFORM,COLLECTED,2024-11-06T10:19:33.530Z
21998,45571,TX20240120438011,TRF_FEE,25,MRU,7960,PLATFORM,COLLECTED,2024-01-20T13:32:13.952Z
21999,45572,TX20241212211374,PAY_FEE,42,MRU,8588,MERCHANT,COLLECTED,2024-12-12T16:47:13.131Z
22000,45576,TX20240919377259,TRF_FEE,25,MRU,7370,PLATFORM,COLLECTED,2024-09-19T17:15:57.581Z
22001,45581,TX20240224158090,BIL_FEE,100,MRU,2106,PLATFORM,COLLECTED,2024-02-24T10:28:54.035Z
22002,45584,TX20240506974732,WIT_FEE,100,MRU,4818,PLATFORM,COLLECTED,2024-05-06T16:08:33.531Z
22003,45585,TX20240920730086,WIT_FEE,50,MRU,10264,PLATFORM,COLLECTED,2024-09-20T12:45:29.772Z
22004,45586,TX20240421002406,WIT_FEE,50,MRU,10807,PLATFORM,COLLECTED,2024-04-21T06:28:25.097Z
22005,45588,TX20241122172357,TRF_FEE,50,MRU,7094,PLATFORM,COLLECTED,2024-11-22T07:37:53.713Z
22006,45591,TX20240420756540,TRF_FEE,10,MRU,1827,PLATFORM,COLLECTED,2024-04-20T09:05:57.186Z
22007,45592,TX20240725244402,WIT_FEE,50,MRU,644,PLATFORM,COLLECTED,2024-07-25T09:30:19.527Z
22008,45596,TX20241001872114,WIT_FEE,50,MRU,3089,PLATFORM,COLLECTED,2024-10-01T20:04:09.323Z
22009,45606,TX20240711607417,WIT_FEE,200,MRU,7108,PLATFORM,COLLECTED,2024-07-11T15:40:26.673Z
22010,45614,TX20241227018333,PAY_FEE,65,MRU,7569,MERCHANT,COLLECTED,2024-12-27T16:34:35.550Z
22011,45616,TX20240926332280,WIT_FEE,50,MRU,2295,PLATFORM,COLLECTED,2024-09-26T04:14:23.256Z
22012,45617,TX20240714903617,PAY_FEE,45,MRU,8130,MERCHANT,COLLECTED,2024-07-14T21:11:43.328Z
22013,45618,TX20240106615858,PAY_FEE,35,MRU,3249,MERCHANT,COLLECTED,2024-01-06T19:57:38.947Z
22014,45619,TX20240928109770,WIT_FEE,50,MRU,1128,PLATFORM,COLLECTED,2024-09-28T08:04:25.108Z
22015,45626,TX20240615202248,TRF_FEE,50,MRU,10202,PLATFORM,COLLECTED,2024-06-15T08:53:15.649Z
22016,45627,TX20240909421386,PAY_FEE,210,MRU,8697,MERCHANT,COLLECTED,2024-09-09T12:12:48.416Z
22017,45629,TX20240927075557,TRF_FEE,50,MRU,350,PLATFORM,COLLECTED,2024-09-27T08:52:50.252Z
22018,45630,TX20240128693967,PAY_FEE,29,MRU,8057,MERCHANT,COLLECTED,2024-01-28T13:31:13.021Z
22019,45631,TX20240320566550,WIT_FEE,50,MRU,9458,PLATFORM,COLLECTED,2024-03-20T09:21:09.717Z
22020,45632,TX20240904419915,PAY_FEE,125,MRU,5755,MERCHANT,COLLECTED,2024-09-04T20:16:48.514Z
22021,45633,TX20241227389517,TRF_FEE,25,MRU,388,PLATFORM,COLLECTED,2024-12-27T14:01:21.311Z
22022,45636,TX20240213938697,TRF_FEE,50,MRU,5786,PLATFORM,COLLECTED,2024-02-13T17:06:27.488Z
22023,45638,TX20240711467869,TRF_FEE,25,MRU,5893,PLATFORM,COLLECTED,2024-07-11T10:44:50.530Z
22024,45639,TX20240531056536,TRF_FEE,25,MRU,1944,PLATFORM,COLLECTED,2024-05-31T07:57:27.266Z
22025,45642,TX20240828175298,WIT_FEE,50,MRU,2186,PLATFORM,COLLECTED,2024-08-28T13:39:11.414Z
22026,45643,TX20240518592602,TRF_FEE,50,MRU,7018,PLATFORM,COLLECTED,2024-05-18T09:06:51.651Z
22027,45646,TX20240908883330,SAL_FEE,2145,MRU,7884,PLATFORM,COLLECTED,2024-09-08T08:54:20.281Z
22028,45647,TX20241029020436,SAL_FEE,785,MRU,673,PLATFORM,COLLECTED,2024-10-29T00:40:52.212Z
22029,45650,TX20240507077312,PAY_FEE,13,MRU,9834,MERCHANT,COLLECTED,2024-05-07T15:22:51.363Z
22030,45654,TX20240811784209,SAL_FEE,1790,MRU,3341,PLATFORM,COLLECTED,2024-08-11T07:00:39.892Z
22031,45656,TX20240106338195,WIT_FEE,300,MRU,4390,PLATFORM,COLLECTED,2024-01-06T07:17:08.441Z
22032,45658,TX20240410257022,TRF_FEE,25,MRU,3747,PLATFORM,COLLECTED,2024-04-10T13:55:14.237Z
22033,45661,TX20240510198361,PAY_FEE,50,MRU,5752,MERCHANT,COLLECTED,2024-05-10T18:46:52.064Z
22034,45662,TX20240402491489,TRF_FEE,25,MRU,6023,PLATFORM,COLLECTED,2024-04-02T13:04:36.626Z
22035,45663,TX20240229109654,TRF_FEE,25,MRU,10315,PLATFORM,COLLECTED,2024-02-29T18:03:25.827Z
22036,45665,TX20240921140044,SAL_FEE,520,MRU,3519,PLATFORM,COLLECTED,2024-09-21T08:28:49.063Z
22037,45668,TX20241026157454,WIT_FEE,50,MRU,3035,PLATFORM,COLLECTED,2024-10-26T07:27:55.787Z
22038,45671,TX20240401886987,WIT_FEE,50,MRU,10037,PLATFORM,COLLECTED,2024-04-01T11:57:55.249Z
22039,45674,TX20240113875058,WIT_FEE,100,MRU,3254,PLATFORM,COLLECTED,2024-01-13T09:09:25.690Z
22040,45678,TX20240229930535,TRF_FEE,25,MRU,3979,PLATFORM,COLLECTED,2024-02-29T07:42:28.634Z
22041,45680,TX20240201509765,WIT_FEE,50,MRU,7952,PLATFORM,COLLECTED,2024-02-01T11:21:15.250Z
22042,45682,TX20241116241404,PAY_FEE,66,MRU,2447,MERCHANT,COLLECTED,2024-11-16T11:09:27.180Z
22043,45685,TX20240214474346,PAY_FEE,14,MRU,4708,MERCHANT,COLLECTED,2024-02-14T10:19:05.253Z
22044,45689,TX20240227902915,PAY_FEE,63,MRU,6128,MERCHANT,COLLECTED,2024-02-27T09:31:02.234Z
22045,45692,TX20240423528342,TRF_FEE,25,MRU,9731,PLATFORM,COLLECTED,2024-04-23T16:57:25.657Z
22046,45694,TX20241011667895,TRF_FEE,25,MRU,4865,PLATFORM,COLLECTED,2024-10-11T16:01:33.501Z
22047,45701,TX20240225296229,TRF_FEE,25,MRU,2903,PLATFORM,COLLECTED,2024-02-25T08:29:45.200Z
22048,45702,TX20241217942979,WIT_FEE,50,MRU,5985,PLATFORM,COLLECTED,2024-12-17T15:39:03.966Z
22049,45704,TX20240414778444,WIT_FEE,500,MRU,7046,PLATFORM,COLLECTED,2024-04-14T10:51:29.737Z
22050,45706,TX20241107700152,PAY_FEE,1050,MRU,3838,MERCHANT,COLLECTED,2024-11-07T10:57:53.957Z
22051,45709,TX20240113203577,TRF_FEE,25,MRU,383,PLATFORM,COLLECTED,2024-01-13T19:46:36.472Z
22052,45711,TX20240308003002,TRF_FEE,50,MRU,6813,PLATFORM,COLLECTED,2024-03-08T12:09:11.115Z
22053,45713,TX20240206346070,WIT_FEE,50,MRU,9559,PLATFORM,COLLECTED,2024-02-06T17:33:22.626Z
22054,45714,TX20240621731995,PAY_FEE,17,MRU,10297,MERCHANT,COLLECTED,2024-06-21T10:29:24.536Z
22055,45715,TX20240428373099,PAY_FEE,450,MRU,2682,MERCHANT,COLLECTED,2024-04-28T09:10:58.111Z
22056,45718,TX20240109012762,BIL_FEE,100,MRU,9223,PLATFORM,COLLECTED,2024-01-09T08:28:43.945Z
22057,45720,TX20241221075636,PAY_FEE,116,MRU,2855,MERCHANT,COLLECTED,2024-12-21T06:25:06.238Z
22058,45722,TX20241019159805,BIL_FEE,100,MRU,7497,PLATFORM,COLLECTED,2024-10-19T10:18:19.748Z
22059,45723,TX20240104047731,TRF_FEE,25,MRU,6647,PLATFORM,COLLECTED,2024-01-04T09:25:16.121Z
22060,45724,TX20240110365490,WIT_FEE,50,MRU,6138,PLATFORM,COLLECTED,2024-01-10T19:36:00.113Z
22061,45725,TX20241222885904,TRF_FEE,10,MRU,2364,PLATFORM,COLLECTED,2024-12-22T10:39:26.108Z
22062,45729,TX20240503827315,WIT_FEE,50,MRU,4139,PLATFORM,COLLECTED,2024-05-03T16:53:58.161Z
22063,45733,TX20240616863080,PAY_FEE,38,MRU,4404,MERCHANT,COLLECTED,2024-06-16T13:47:01.716Z
22064,45736,TX20240201449260,TRF_FEE,50,MRU,3935,PLATFORM,COLLECTED,2024-02-01T07:09:52.190Z
22065,45738,TX20240520610544,WIT_FEE,100,MRU,7732,PLATFORM,COLLECTED,2024-05-20T07:30:55.123Z
22066,45741,TX20240121581112,WIT_FEE,50,MRU,10611,PLATFORM,COLLECTED,2024-01-21T06:20:57.003Z
22067,45742,TX20240118399686,WIT_FEE,200,MRU,7423,PLATFORM,COLLECTED,2024-01-18T08:41:46.269Z
22068,45743,TX20240429147049,BIL_FEE,100,MRU,5042,PLATFORM,COLLECTED,2024-04-29T07:11:16.946Z
22069,45744,TX20240925075822,PAY_FEE,5,MRU,10157,MERCHANT,COLLECTED,2024-09-25T06:51:01.360Z
22070,45745,TX20240102838138,WIT_FEE,50,MRU,4994,PLATFORM,COLLECTED,2024-01-02T15:13:49.768Z
22071,45747,TX20240128291855,BIL_FEE,100,MRU,2168,PLATFORM,COLLECTED,2024-01-28T12:45:00.476Z
22072,45753,TX20240618235344,TRF_FEE,25,MRU,5628,PLATFORM,COLLECTED,2024-06-18T09:03:08.647Z
22073,45754,TX20241122953347,WIT_FEE,50,MRU,6646,PLATFORM,COLLECTED,2024-11-22T16:30:46.672Z
22074,45756,TX20240621865130,PAY_FEE,8,MRU,2532,MERCHANT,COLLECTED,2024-06-21T16:45:49.564Z
22075,45760,TX20240905977174,WIT_FEE,50,MRU,10906,PLATFORM,COLLECTED,2024-09-05T16:01:47.213Z
22076,45761,TX20240122828559,TRF_FEE,25,MRU,8511,PLATFORM,COLLECTED,2024-01-22T08:22:37.760Z
22077,45764,TX20241208867528,WIT_FEE,50,MRU,62,PLATFORM,COLLECTED,2024-12-08T00:37:56.975Z
22078,45765,TX20240403223384,TRF_FEE,50,MRU,398,PLATFORM,COLLECTED,2024-04-03T09:08:29.980Z
22079,45766,TX20240419852288,WIT_FEE,50,MRU,9609,PLATFORM,COLLECTED,2024-04-19T12:01:21.682Z
22080,45767,TX20241102214640,WIT_FEE,50,MRU,2644,PLATFORM,COLLECTED,2024-11-02T12:23:58.855Z
22081,45770,TX20241007966066,WIT_FEE,50,MRU,9062,PLATFORM,COLLECTED,2024-10-07T12:58:52.796Z
22082,45772,TX20240902128236,TRF_FEE,10,MRU,9797,PLATFORM,COLLECTED,2024-09-02T16:39:25.053Z
22083,45776,TX20240322714352,WIT_FEE,220,MRU,2905,PLATFORM,COLLECTED,2024-03-22T20:52:05.095Z
22084,45777,TX20240218241497,TRF_FEE,50,MRU,10360,PLATFORM,COLLECTED,2024-02-18T09:18:40.397Z
22085,45780,TX20241103566461,WIT_FEE,50,MRU,1,PLATFORM,COLLECTED,2024-11-03T11:08:58.133Z
22086,45781,TX20240920996023,PAY_FEE,29,MRU,688,MERCHANT,COLLECTED,2024-09-20T15:52:29.979Z
22087,45784,TX20240718956430,PAY_FEE,32,MRU,10070,MERCHANT,COLLECTED,2024-07-18T07:13:29.320Z
22088,45787,TX20240523168538,WIT_FEE,50,MRU,9615,PLATFORM,COLLECTED,2024-05-23T19:04:00.651Z
22089,45790,TX20240927849331,TRF_FEE,10,MRU,8030,PLATFORM,COLLECTED,2024-09-27T20:01:40.646Z
22090,45791,TX20240204932038,PAY_FEE,62,MRU,5593,MERCHANT,COLLECTED,2024-02-04T10:52:50.876Z
22091,45797,TX20240717031574,WIT_FEE,50,MRU,3025,PLATFORM,COLLECTED,2024-07-17T07:58:10.455Z
22092,45798,TX20240808054011,WIT_FEE,50,MRU,1282,PLATFORM,COLLECTED,2024-08-08T07:15:41.806Z
22093,45803,TX20240903162072,PAY_FEE,210,MRU,4897,MERCHANT,COLLECTED,2024-09-03T08:14:27.589Z
22094,45805,TX20241113034495,TRF_FEE,50,MRU,7912,PLATFORM,COLLECTED,2024-11-13T14:50:23.411Z
22095,45806,TX20241129882999,PAY_FEE,47,MRU,3,MERCHANT,COLLECTED,2024-11-29T14:32:30.755Z
22096,45807,TX20240410322754,TRF_FEE,25,MRU,4893,PLATFORM,COLLECTED,2024-04-10T14:59:12.731Z
22097,45808,TX20240923219378,WIT_FEE,50,MRU,7290,PLATFORM,COLLECTED,2024-09-23T06:23:33.388Z
22098,45812,TX20241107499689,TRF_FEE,25,MRU,5328,PLATFORM,COLLECTED,2024-11-07T17:58:26.579Z
22099,45816,TX20240924994636,TRF_FEE,50,MRU,913,PLATFORM,COLLECTED,2024-09-24T11:51:48.130Z
22100,45826,TX20240930408734,SAL_FEE,1035,MRU,4071,PLATFORM,COLLECTED,2024-09-30T16:21:27.598Z
22101,45827,TX20240118802354,PAY_FEE,270,MRU,2414,MERCHANT,COLLECTED,2024-01-18T15:46:26.835Z
22102,45829,TX20240206004295,TRF_FEE,25,MRU,2760,PLATFORM,COLLECTED,2024-02-06T11:21:19.630Z
22103,45830,TX20241230880153,WIT_FEE,50,MRU,9555,PLATFORM,COLLECTED,2024-12-30T15:16:26.501Z
22104,45832,TX20240107985925,TRF_FEE,50,MRU,1769,PLATFORM,COLLECTED,2024-01-07T10:29:24.065Z
22105,45834,TX20240219800808,PAY_FEE,23,MRU,9052,MERCHANT,COLLECTED,2024-02-19T16:00:42.248Z
22106,45836,TX20241207488199,TRF_FEE,25,MRU,8094,PLATFORM,COLLECTED,2024-12-07T11:05:30.338Z
22107,45837,TX20240610943500,TRF_FEE,50,MRU,7301,PLATFORM,COLLECTED,2024-06-10T07:25:42.614Z
22108,45842,TX20240530197181,TRF_FEE,10,MRU,10605,PLATFORM,COLLECTED,2024-05-30T15:09:18.908Z
22109,45843,TX20240207636561,PAY_FEE,345,MRU,2765,MERCHANT,COLLECTED,2024-02-07T13:05:20.867Z
22110,45845,TX20240818890562,TRF_FEE,50,MRU,2194,PLATFORM,COLLECTED,2024-08-18T10:39:39.703Z
22111,45846,TX20240410388299,TRF_FEE,25,MRU,1970,PLATFORM,COLLECTED,2024-04-10T10:20:09.058Z
22112,45848,TX20240717061549,TRF_FEE,25,MRU,2581,PLATFORM,COLLECTED,2024-07-17T15:08:07.697Z
22113,45849,TX20241209188168,SAL_FEE,335,MRU,4865,PLATFORM,COLLECTED,2024-12-09T10:12:30.366Z
22114,45850,TX20241010899529,WIT_FEE,50,MRU,8876,PLATFORM,COLLECTED,2024-10-10T09:51:21.891Z
22115,45852,TX20240214582790,TRF_FEE,25,MRU,8414,PLATFORM,COLLECTED,2024-02-14T16:59:27.256Z
22116,45853,TX20240320329334,PAY_FEE,42,MRU,7301,MERCHANT,COLLECTED,2024-03-20T07:20:19.108Z
22117,45855,TX20241204556887,WIT_FEE,50,MRU,4591,PLATFORM,COLLECTED,2024-12-04T16:08:56.938Z
22118,45860,TX20240422821136,TRF_FEE,10,MRU,2947,PLATFORM,COLLECTED,2024-04-22T11:42:32.203Z
22119,45861,TX20241212256544,WIT_FEE,450,MRU,4804,PLATFORM,COLLECTED,2024-12-12T16:52:03.519Z
22120,45863,TX20240229406928,TRF_FEE,25,MRU,10315,PLATFORM,COLLECTED,2024-02-29T18:03:25.827Z
22121,45867,TX20240621173705,TRF_FEE,50,MRU,3829,PLATFORM,COLLECTED,2024-06-21T19:18:09.726Z
22122,45868,TX20240615848064,WIT_FEE,50,MRU,1796,PLATFORM,COLLECTED,2024-06-15T09:11:50.436Z
22123,45869,TX20241010613459,PAY_FEE,645,MRU,8704,MERCHANT,COLLECTED,2024-10-10T05:31:01.276Z
22124,45871,TX20240401139829,WIT_FEE,50,MRU,10037,PLATFORM,COLLECTED,2024-04-01T11:57:55.249Z
22125,45872,TX20241102760695,WIT_FEE,370,MRU,2960,PLATFORM,COLLECTED,2024-11-02T16:18:09.358Z
22126,45873,TX20241126901101,WIT_FEE,500,MRU,10289,PLATFORM,COLLECTED,2024-11-26T10:42:32.029Z
22127,45880,TX20240513465922,TRF_FEE,25,MRU,5381,PLATFORM,COLLECTED,2024-05-13T08:15:43.547Z
22128,45882,TX20241121241404,TRF_FEE,50,MRU,5154,PLATFORM,COLLECTED,2024-11-21T17:52:24.156Z
22129,45884,TX20240405919655,WIT_FEE,50,MRU,6178,PLATFORM,COLLECTED,2024-04-05T06:18:04.134Z
22130,45885,TX20240501632046,WIT_FEE,50,MRU,1347,PLATFORM,COLLECTED,2024-05-01T06:15:25.028Z
22131,45886,TX20240816816444,WIT_FEE,50,MRU,5156,PLATFORM,COLLECTED,2024-08-16T06:40:32.332Z
22132,45889,TX20241212329956,TRF_FEE,25,MRU,2395,PLATFORM,COLLECTED,2024-12-12T06:58:05.857Z
22133,45890,TX20240602995694,TRF_FEE,50,MRU,9553,PLATFORM,COLLECTED,2024-06-02T15:07:23.337Z
22134,45896,TX20240107978259,TRF_FEE,25,MRU,4341,PLATFORM,COLLECTED,2024-01-07T05:05:28.988Z
22135,45899,TX20240626648528,TRF_FEE,25,MRU,10382,PLATFORM,COLLECTED,2024-06-26T15:40:20.418Z
22136,45900,TX20240219935319,WIT_FEE,50,MRU,1100,PLATFORM,COLLECTED,2024-02-19T14:08:52.381Z
22137,45901,TX20240327459712,TRF_FEE,25,MRU,10305,PLATFORM,COLLECTED,2024-03-27T19:34:11.011Z
22138,45904,TX20240823837678,PAY_FEE,53,MRU,1161,MERCHANT,COLLECTED,2024-08-23T15:25:01.741Z
22139,45905,TX20241226073197,PAY_FEE,86,MRU,8933,MERCHANT,COLLECTED,2024-12-26T09:10:10.890Z
22140,45907,TX20240516682707,SAL_FEE,690,MRU,3457,PLATFORM,COLLECTED,2024-05-16T20:46:23.046Z
22141,45908,TX20240829053904,WIT_FEE,50,MRU,3413,PLATFORM,COLLECTED,2024-08-29T14:24:25.400Z
22142,45910,TX20240321498313,PAY_FEE,45,MRU,2968,MERCHANT,COLLECTED,2024-03-21T08:55:58.084Z
22143,45911,TX20241026511818,PAY_FEE,315,MRU,4920,MERCHANT,COLLECTED,2024-10-26T11:53:23.185Z
22144,45912,TX20240131968561,TRF_FEE,50,MRU,10383,PLATFORM,COLLECTED,2024-01-31T10:29:41.641Z
22145,45913,TX20240724763734,SAL_FEE,2355,MRU,3673,PLATFORM,COLLECTED,2024-07-24T13:38:30.176Z
22146,45914,TX20240627134591,TRF_FEE,10,MRU,8256,PLATFORM,COLLECTED,2024-06-27T17:14:54.475Z
22147,45916,TX20240905743727,WIT_FEE,50,MRU,9753,PLATFORM,COLLECTED,2024-09-05T15:08:02.132Z
22148,45918,TX20240923250413,WIT_FEE,50,MRU,7904,PLATFORM,COLLECTED,2024-09-23T08:50:00.073Z
22149,45926,TX20240622042087,TRF_FEE,50,MRU,8638,PLATFORM,COLLECTED,2024-06-22T08:39:13.601Z
22150,45933,TX20240619088299,TRF_FEE,50,MRU,8036,PLATFORM,COLLECTED,2024-06-19T08:52:48.508Z
22151,45936,TX20241016165607,PAY_FEE,4,MRU,7601,MERCHANT,COLLECTED,2024-10-16T18:02:12.796Z
22152,45939,TX20240122827718,WIT_FEE,56,MRU,10085,PLATFORM,COLLECTED,2024-01-22T11:59:32.263Z
22153,45940,TX20241127034133,SAL_FEE,275,MRU,3309,PLATFORM,COLLECTED,2024-11-27T14:29:58.879Z
22154,45942,TX20240506892602,PAY_FEE,48,MRU,1278,MERCHANT,COLLECTED,2024-05-06T05:08:37.601Z
22155,45945,TX20240523810235,PAY_FEE,11,MRU,2649,MERCHANT,COLLECTED,2024-05-23T10:07:59.160Z
22156,45946,TX20240325924149,PAY_FEE,225,MRU,4089,MERCHANT,COLLECTED,2024-03-25T15:13:12.565Z
22157,45947,TX20241015370012,TRF_FEE,25,MRU,8473,PLATFORM,COLLECTED,2024-10-15T08:15:55.809Z
22158,45948,TX20240930912806,TRF_FEE,50,MRU,8952,PLATFORM,COLLECTED,2024-09-30T13:29:02.620Z
22159,45949,TX20241222043979,WIT_FEE,100,MRU,10862,PLATFORM,COLLECTED,2024-12-22T09:51:29.095Z
22160,45952,TX20240121143262,WIT_FEE,50,MRU,7412,PLATFORM,COLLECTED,2024-01-21T15:18:09.674Z
22161,45958,TX20240422295345,TRF_FEE,50,MRU,32,PLATFORM,COLLECTED,2024-04-22T05:36:00.333Z
22162,45960,TX20240225743129,TRF_FEE,25,MRU,6374,PLATFORM,COLLECTED,2024-02-25T11:33:50.255Z
22163,45962,TX20240221050772,WIT_FEE,240,MRU,2329,PLATFORM,COLLECTED,2024-02-21T09:17:16.301Z
22164,45970,TX20241210781975,PAY_FEE,27,MRU,9379,MERCHANT,COLLECTED,2024-12-10T07:49:08.697Z
22165,45978,TX20240606001087,PAY_FEE,2070,MRU,2911,MERCHANT,COLLECTED,2024-06-06T06:15:38.478Z
22166,45984,TX20240506725185,WIT_FEE,100,MRU,4818,PLATFORM,COLLECTED,2024-05-06T16:08:33.531Z
22167,45985,TX20240701902307,PAY_FEE,24,MRU,9389,MERCHANT,COLLECTED,2024-07-01T15:29:46.930Z
22168,45988,TX20241122820526,TRF_FEE,50,MRU,7094,PLATFORM,COLLECTED,2024-11-22T07:37:53.713Z
22169,45991,TX20240519457383,WIT_FEE,50,MRU,3555,PLATFORM,COLLECTED,2024-05-19T06:57:11.164Z
22170,45992,TX20240510349768,TRF_FEE,50,MRU,5307,PLATFORM,COLLECTED,2024-05-10T12:19:31.059Z
22171,45993,TX20240216065309,WIT_FEE,50,MRU,4146,PLATFORM,COLLECTED,2024-02-16T07:33:33.915Z
22172,45995,TX20240401059951,PAY_FEE,128,MRU,10662,MERCHANT,COLLECTED,2024-04-01T06:56:30.532Z
22173,45997,TX20240320682207,TRF_FEE,25,MRU,7525,PLATFORM,COLLECTED,2024-03-20T07:41:20.991Z
22174,46002,TX20240804191310,PAY_FEE,33,MRU,8499,MERCHANT,COLLECTED,2024-08-04T12:57:54.605Z
22175,46003,TX20240920007315,TRF_FEE,25,MRU,7437,PLATFORM,COLLECTED,2024-09-20T17:30:20.542Z
22176,46007,TX20241112832483,PAY_FEE,24,MRU,6573,MERCHANT,COLLECTED,2024-11-12T07:56:34.116Z
22177,46009,TX20240124836973,PAY_FEE,12,MRU,1138,MERCHANT,COLLECTED,2024-01-24T10:02:58.468Z
22178,46013,TX20241227122921,WIT_FEE,50,MRU,7921,PLATFORM,COLLECTED,2024-12-27T06:31:10.815Z
22179,46017,TX20240429017959,PAY_FEE,8,MRU,4132,MERCHANT,COLLECTED,2024-04-29T15:34:35.309Z
22180,46018,TX20240430332901,WIT_FEE,50,MRU,905,PLATFORM,COLLECTED,2024-04-30T10:33:07.942Z
22181,46022,TX20240528956968,BIL_FEE,100,MRU,9241,PLATFORM,COLLECTED,2024-05-28T17:18:07.678Z
22182,46023,TX20240412627573,TRF_FEE,25,MRU,7821,PLATFORM,COLLECTED,2024-04-12T09:12:23.950Z
22183,46030,TX20240411811091,WIT_FEE,50,MRU,10835,PLATFORM,COLLECTED,2024-04-11T12:06:39.405Z
22184,46033,TX20240113980119,TRF_FEE,50,MRU,10154,PLATFORM,COLLECTED,2024-01-13T11:31:50.428Z
22185,46034,TX20240717293861,WIT_FEE,50,MRU,1929,PLATFORM,COLLECTED,2024-07-17T15:55:27.448Z
22186,46035,TX20240606734159,WIT_FEE,280,MRU,10554,PLATFORM,COLLECTED,2024-06-06T08:20:45.203Z
22187,46036,TX20241223053064,WIT_FEE,50,MRU,9316,PLATFORM,COLLECTED,2024-12-23T14:29:15.233Z
22188,46040,TX20240324916858,WIT_FEE,50,MRU,2394,PLATFORM,COLLECTED,2024-03-24T11:22:11.408Z
22189,46041,TX20240530915566,TRF_FEE,10,MRU,10605,PLATFORM,COLLECTED,2024-05-30T15:09:18.908Z
22190,46043,TX20240523718586,TRF_FEE,10,MRU,7662,PLATFORM,COLLECTED,2024-05-23T10:19:34.286Z
22191,46044,TX20240818261507,TRF_FEE,50,MRU,2194,PLATFORM,COLLECTED,2024-08-18T10:39:39.703Z
22192,46045,TX20240530549404,WIT_FEE,50,MRU,10882,PLATFORM,COLLECTED,2024-05-30T09:09:03.177Z
22193,46048,TX20240316602506,WIT_FEE,50,MRU,1319,PLATFORM,COLLECTED,2024-03-16T13:21:26.038Z
22194,46049,TX20240512899529,PAY_FEE,270,MRU,6466,MERCHANT,COLLECTED,2024-05-12T17:48:07.684Z
22195,46056,TX20240417151428,PAY_FEE,555,MRU,8633,MERCHANT,COLLECTED,2024-04-17T09:41:58.314Z
22196,46058,TX20240216687646,TRF_FEE,25,MRU,1265,PLATFORM,COLLECTED,2024-02-16T18:36:53.035Z
22197,46059,TX20240901220184,PAY_FEE,77,MRU,6716,MERCHANT,COLLECTED,2024-09-01T15:27:59.156Z
22198,46060,TX20240415898703,TRF_FEE,25,MRU,6233,PLATFORM,COLLECTED,2024-04-15T14:03:01.091Z
22199,46063,TX20241102417854,TRF_FEE,50,MRU,6681,PLATFORM,COLLECTED,2024-11-02T06:22:57.825Z
22200,46064,TX20241222140044,TRF_FEE,50,MRU,693,PLATFORM,COLLECTED,2024-12-22T16:15:28.822Z
22201,46067,TX20240302157454,PAY_FEE,17,MRU,5036,MERCHANT,COLLECTED,2024-03-02T11:55:47.274Z
22202,46069,TX20240229166691,PAY_FEE,12,MRU,7724,MERCHANT,COLLECTED,2024-02-29T20:10:39.372Z
22203,46070,TX20240401511063,WIT_FEE,50,MRU,10037,PLATFORM,COLLECTED,2024-04-01T11:57:55.249Z
22204,46071,TX20240924159754,PAY_FEE,60,MRU,7520,MERCHANT,COLLECTED,2024-09-24T08:09:21.267Z
22205,46072,TX20240422764289,PAY_FEE,18,MRU,322,MERCHANT,COLLECTED,2024-04-22T17:22:42.542Z
22206,46073,TX20240113615041,WIT_FEE,100,MRU,3254,PLATFORM,COLLECTED,2024-01-13T09:09:25.690Z
22207,46075,TX20240918602822,TRF_FEE,25,MRU,9583,PLATFORM,COLLECTED,2024-09-18T10:07:40.311Z
22208,46079,TX20240401557010,WIT_FEE,410,MRU,4093,PLATFORM,COLLECTED,2024-04-01T15:32:29.909Z
22209,46083,TX20240428476010,TRF_FEE,25,MRU,9310,PLATFORM,COLLECTED,2024-04-28T10:21:33.168Z
22210,46086,TX20240901465312,PAY_FEE,42,MRU,10227,MERCHANT,COLLECTED,2024-09-01T12:34:01.123Z
22211,46088,TX20240319221164,PAY_FEE,15,MRU,6328,MERCHANT,COLLECTED,2024-03-19T16:22:10.345Z
22212,46091,TX20240120902572,PAY_FEE,36,MRU,7167,MERCHANT,COLLECTED,2024-01-20T17:58:59.153Z
22213,46094,TX20241101842458,TRF_FEE,25,MRU,1131,PLATFORM,COLLECTED,2024-11-01T10:29:58.210Z
22214,46096,TX20240806525139,TRF_FEE,50,MRU,9441,PLATFORM,COLLECTED,2024-08-06T09:41:56.698Z
22215,46099,TX20240221421306,TRF_FEE,25,MRU,5670,PLATFORM,COLLECTED,2024-02-21T18:22:06.323Z
22216,46100,TX20241215459712,WIT_FEE,50,MRU,7864,PLATFORM,COLLECTED,2024-12-15T14:11:00.934Z
22217,46103,TX20240602969588,PAY_FEE,119,MRU,7410,MERCHANT,COLLECTED,2024-06-02T04:44:06.192Z
22218,46105,TX20240315275198,PAY_FEE,53,MRU,3548,MERCHANT,COLLECTED,2024-03-15T17:12:06.370Z
22219,46106,TX20240516799968,SAL_FEE,690,MRU,3457,PLATFORM,COLLECTED,2024-05-16T20:46:23.046Z
22220,46107,TX20240827053904,TRF_FEE,25,MRU,5215,PLATFORM,COLLECTED,2024-08-27T10:25:24.307Z
22221,46110,TX20240922999445,TRF_FEE,50,MRU,2059,PLATFORM,COLLECTED,2024-09-22T16:27:53.388Z
22222,46111,TX20240908680486,TRF_FEE,50,MRU,6620,PLATFORM,COLLECTED,2024-09-08T14:56:20.888Z
22223,46112,TX20240820501527,TRF_FEE,10,MRU,10024,PLATFORM,COLLECTED,2024-08-20T12:10:19.934Z
22224,46113,TX20240930596580,TRF_FEE,10,MRU,698,PLATFORM,COLLECTED,2024-09-30T07:33:15.725Z
22225,46114,TX20240820452037,TRF_FEE,50,MRU,3994,PLATFORM,COLLECTED,2024-08-20T08:53:31.643Z
22226,46115,TX20241005936839,BIL_FEE,100,MRU,219,PLATFORM,COLLECTED,2024-10-05T04:26:14.779Z
22227,46116,TX20240610978441,TRF_FEE,50,MRU,6677,PLATFORM,COLLECTED,2024-06-10T18:59:41.372Z
22228,46119,TX20241109046358,WIT_FEE,50,MRU,2419,PLATFORM,COLLECTED,2024-11-09T11:06:00.977Z
22229,46125,TX20240921928431,TRF_FEE,10,MRU,7317,PLATFORM,COLLECTED,2024-09-21T10:31:28.283Z
22230,46126,TX20240313049324,TRF_FEE,25,MRU,174,PLATFORM,COLLECTED,2024-03-13T20:15:51.990Z
22231,46137,TX20240624745874,WIT_FEE,50,MRU,6641,PLATFORM,COLLECTED,2024-06-24T17:40:45.967Z
22232,46141,TX20240723327621,TRF_FEE,25,MRU,1640,PLATFORM,COLLECTED,2024-07-23T08:49:20.056Z
22233,46144,TX20240908173573,PAY_FEE,13,MRU,11010,MERCHANT,COLLECTED,2024-09-08T16:23:24.117Z
22234,46148,TX20240420303614,SAL_FEE,1830,MRU,1483,PLATFORM,COLLECTED,2024-04-20T16:29:05.985Z
22235,46154,TX20240129912981,WIT_FEE,50,MRU,3404,PLATFORM,COLLECTED,2024-01-29T12:17:07.140Z
22236,46159,TX20240829826167,WIT_FEE,180,MRU,10119,PLATFORM,COLLECTED,2024-08-29T05:31:45.885Z
22237,46163,TX20240727582804,TRF_FEE,50,MRU,3808,PLATFORM,COLLECTED,2024-07-27T16:49:17.626Z
22238,46164,TX20241222456249,PAY_FEE,18,MRU,8547,MERCHANT,COLLECTED,2024-12-22T18:56:51.157Z
22239,46170,TX20240801675222,TRF_FEE,10,MRU,2565,PLATFORM,COLLECTED,2024-08-01T09:56:08.665Z
22240,46185,TX20240202629756,WIT_FEE,200,MRU,4851,PLATFORM,COLLECTED,2024-02-02T12:25:05.981Z
22241,46187,TX20241122435173,TRF_FEE,50,MRU,7094,PLATFORM,COLLECTED,2024-11-22T07:37:53.713Z
22242,46188,TX20240702697181,WIT_FEE,50,MRU,10172,PLATFORM,COLLECTED,2024-07-02T09:35:31.492Z
22243,46191,TX20240725001736,WIT_FEE,50,MRU,644,PLATFORM,COLLECTED,2024-07-25T09:30:19.527Z
22244,46193,TX20240107297232,SAL_FEE,1110,MRU,4878,PLATFORM,COLLECTED,2024-01-07T12:57:39.953Z
22245,46194,TX20240401102669,PAY_FEE,128,MRU,10662,MERCHANT,COLLECTED,2024-04-01T06:56:30.532Z
22246,46198,TX20240726132135,PAY_FEE,225,MRU,9223,MERCHANT,COLLECTED,2024-07-26T18:08:55.630Z
22247,46200,TX20240111165732,PAY_FEE,42,MRU,10127,MERCHANT,COLLECTED,2024-01-11T06:51:16.912Z
22248,46201,TX20240119710632,TRF_FEE,50,MRU,6115,PLATFORM,COLLECTED,2024-01-19T12:47:47.594Z
22249,46203,TX20240105282086,TRF_FEE,50,MRU,6762,PLATFORM,COLLECTED,2024-01-05T08:59:53.501Z
22250,46207,TX20240223028228,WIT_FEE,50,MRU,5648,PLATFORM,COLLECTED,2024-02-23T08:45:11.807Z
22251,46209,TX20240408233610,BIL_FEE,100,MRU,1983,PLATFORM,COLLECTED,2024-04-08T16:35:07.073Z
22252,46210,TX20240922716327,WIT_FEE,140,MRU,3374,PLATFORM,COLLECTED,2024-09-22T11:40:26.922Z
22253,46211,TX20240621162959,PAY_FEE,47,MRU,2251,MERCHANT,COLLECTED,2024-06-21T09:33:55.033Z
22254,46216,TX20240926637024,WIT_FEE,50,MRU,1030,PLATFORM,COLLECTED,2024-09-26T13:35:18.373Z
22255,46218,TX20240820250611,SAL_FEE,2240,MRU,8342,PLATFORM,COLLECTED,2024-08-20T17:06:11.634Z
22256,46219,TX20240927665081,TRF_FEE,25,MRU,114,PLATFORM,COLLECTED,2024-09-27T15:29:02.378Z
22257,46221,TX20240422401252,PAY_FEE,38,MRU,1864,MERCHANT,COLLECTED,2024-04-22T06:40:50.967Z
22258,46222,TX20240424829004,WIT_FEE,50,MRU,9865,PLATFORM,COLLECTED,2024-04-24T07:23:57.709Z
22259,46223,TX20241210076613,WIT_FEE,50,MRU,8706,PLATFORM,COLLECTED,2024-12-10T09:11:48.900Z
22260,46225,TX20241024988572,SAL_FEE,535,MRU,256,PLATFORM,COLLECTED,2024-10-24T08:39:19.998Z
22261,46228,TX20241202250018,PAY_FEE,26,MRU,1783,MERCHANT,COLLECTED,2024-12-02T10:35:00.153Z
22262,46229,TX20240411858237,WIT_FEE,50,MRU,10835,PLATFORM,COLLECTED,2024-04-11T12:06:39.405Z
22263,46230,TX20240819161690,TRF_FEE,50,MRU,3817,PLATFORM,COLLECTED,2024-08-19T13:49:47.573Z
22264,46233,TX20240618954535,BIL_FEE,100,MRU,9167,PLATFORM,COLLECTED,2024-06-18T10:10:04.479Z
22265,46234,TX20240625083884,TRF_FEE,50,MRU,8334,PLATFORM,COLLECTED,2024-06-25T09:25:17.346Z
22266,46235,TX20240219662069,WIT_FEE,50,MRU,5529,PLATFORM,COLLECTED,2024-02-19T10:17:58.631Z
22267,46239,TX20240426562417,TRF_FEE,50,MRU,4864,PLATFORM,COLLECTED,2024-04-26T05:53:14.228Z
22268,46240,TX20240801593294,TRF_FEE,25,MRU,8878,PLATFORM,COLLECTED,2024-08-01T14:15:20.929Z
22269,46241,TX20240224867582,TRF_FEE,50,MRU,2455,PLATFORM,COLLECTED,2024-02-24T14:49:55.994Z
22270,46244,TX20241005987515,TRF_FEE,10,MRU,6421,PLATFORM,COLLECTED,2024-10-05T06:54:14.221Z
22271,46245,TX20240622987274,PAY_FEE,270,MRU,7085,MERCHANT,COLLECTED,2024-06-22T16:34:36.927Z
22272,46248,TX20240610891696,PAY_FEE,855,MRU,8423,MERCHANT,COLLECTED,2024-06-10T15:05:24.503Z
22273,46249,TX20240803894455,BIL_FEE,100,MRU,8216,PLATFORM,COLLECTED,2024-08-03T13:47:00.753Z
22274,46252,TX20240904612280,TRF_FEE,10,MRU,9789,PLATFORM,COLLECTED,2024-09-04T19:24:15.038Z
22275,46256,TX20240529463060,WIT_FEE,50,MRU,5925,PLATFORM,COLLECTED,2024-05-29T07:47:17.499Z
22276,46258,TX20240901542185,PAY_FEE,77,MRU,6716,MERCHANT,COLLECTED,2024-09-01T15:27:59.156Z
22277,46262,TX20240729417854,WIT_FEE,50,MRU,9116,PLATFORM,COLLECTED,2024-07-29T16:02:22.963Z
22278,46263,TX20241222970522,TRF_FEE,50,MRU,693,PLATFORM,COLLECTED,2024-12-22T16:15:28.822Z
22279,46264,TX20241012376435,PAY_FEE,54,MRU,10186,MERCHANT,COLLECTED,2024-10-12T10:29:09.457Z
22280,46266,TX20240302726131,PAY_FEE,17,MRU,5036,MERCHANT,COLLECTED,2024-03-02T11:55:47.274Z
22281,46267,TX20240620599732,PAY_FEE,23,MRU,5887,MERCHANT,COLLECTED,2024-06-20T14:47:46.040Z
22282,46268,TX20241001624571,SAL_FEE,1090,MRU,7271,PLATFORM,COLLECTED,2024-10-01T15:09:58.180Z
22283,46272,TX20240915831026,WIT_FEE,50,MRU,2825,PLATFORM,COLLECTED,2024-09-15T18:03:30.845Z
22284,46274,TX20240830222473,WIT_FEE,50,MRU,6432,PLATFORM,COLLECTED,2024-08-30T07:56:00.241Z
22285,46281,TX20240109290052,TRF_FEE,25,MRU,6514,PLATFORM,COLLECTED,2024-01-09T07:14:15.160Z
22286,46287,TX20240708973244,WIT_FEE,50,MRU,4365,PLATFORM,COLLECTED,2024-07-08T05:14:33.922Z
22287,46288,TX20240922191477,BIL_FEE,100,MRU,9141,PLATFORM,COLLECTED,2024-09-22T07:15:15.507Z
22288,46289,TX20240503735993,TRF_FEE,25,MRU,1490,PLATFORM,COLLECTED,2024-05-03T14:52:40.150Z
22289,46292,TX20241025077580,PAY_FEE,53,MRU,8690,MERCHANT,COLLECTED,2024-10-25T04:33:30.439Z
22290,46297,TX20240603829910,WIT_FEE,50,MRU,10112,PLATFORM,COLLECTED,2024-06-03T07:34:12.582Z
22291,46300,TX20240119942979,TRF_FEE,25,MRU,6470,PLATFORM,COLLECTED,2024-01-19T20:32:04.332Z
22292,46302,TX20240604778444,WIT_FEE,50,MRU,5999,PLATFORM,COLLECTED,2024-06-04T16:29:44.639Z
22293,46306,TX20241002491985,TRF_FEE,50,MRU,2741,PLATFORM,COLLECTED,2024-10-02T15:42:12.885Z
22294,46309,TX20240308422312,TRF_FEE,50,MRU,6813,PLATFORM,COLLECTED,2024-03-08T12:09:11.115Z
22295,46311,TX20240721346070,PAY_FEE,74,MRU,10187,MERCHANT,COLLECTED,2024-07-21T09:37:51.262Z
22296,46312,TX20240621002512,PAY_FEE,17,MRU,10297,MERCHANT,COLLECTED,2024-06-21T10:29:24.536Z
22297,46318,TX20240123672757,SAL_FEE,1045,MRU,8786,PLATFORM,COLLECTED,2024-01-23T11:06:14.257Z
22298,46319,TX20240511051303,WIT_FEE,50,MRU,4863,PLATFORM,COLLECTED,2024-05-11T07:05:14.173Z
22299,46321,TX20240214181806,WIT_FEE,50,MRU,7136,PLATFORM,COLLECTED,2024-02-14T14:01:43.398Z
22300,46322,TX20240101365490,TRF_FEE,10,MRU,10739,PLATFORM,COLLECTED,2024-01-01T07:33:41.910Z
22301,46323,TX20241222501612,TRF_FEE,10,MRU,2364,PLATFORM,COLLECTED,2024-12-22T10:39:26.108Z
22302,46324,TX20240511178733,WIT_FEE,50,MRU,3459,PLATFORM,COLLECTED,2024-05-11T07:26:24.400Z
22303,46326,TX20240406493953,WIT_FEE,50,MRU,6591,PLATFORM,COLLECTED,2024-04-06T15:46:47.031Z
22304,46328,TX20241221363526,TRF_FEE,50,MRU,6684,PLATFORM,COLLECTED,2024-12-21T04:16:09.588Z
22305,46330,TX20241223390973,TRF_FEE,50,MRU,6965,PLATFORM,COLLECTED,2024-12-23T15:35:50.295Z
22306,46336,TX20240520096735,WIT_FEE,100,MRU,7732,PLATFORM,COLLECTED,2024-05-20T07:30:55.123Z
22307,46338,TX20240827024433,TRF_FEE,25,MRU,1240,PLATFORM,COLLECTED,2024-08-27T13:21:00.355Z
22308,46341,TX20240222147049,PAY_FEE,36,MRU,3052,MERCHANT,COLLECTED,2024-02-22T18:19:12.183Z
22309,46342,TX20240925383016,PAY_FEE,5,MRU,10157,MERCHANT,COLLECTED,2024-09-25T06:51:01.360Z
22310,46345,TX20240128865607,BIL_FEE,100,MRU,2168,PLATFORM,COLLECTED,2024-01-28T12:45:00.476Z
22311,46347,TX20240410676618,WIT_FEE,50,MRU,4327,PLATFORM,COLLECTED,2024-04-10T17:44:08.977Z
22312,46350,TX20240415422295,WIT_FEE,50,MRU,4269,PLATFORM,COLLECTED,2024-04-15T16:39:13.734Z
22313,46351,TX20240618295760,TRF_FEE,25,MRU,5628,PLATFORM,COLLECTED,2024-06-18T09:03:08.647Z
22314,46354,TX20240621348538,PAY_FEE,8,MRU,2532,MERCHANT,COLLECTED,2024-06-21T16:45:49.564Z
22315,46366,TX20240128854542,PAY_FEE,66,MRU,2884,MERCHANT,COLLECTED,2024-01-28T13:02:50.241Z
22316,46367,TX20241125570024,WIT_FEE,470,MRU,3205,PLATFORM,COLLECTED,2024-11-25T08:50:25.971Z
22317,46368,TX20241022699113,TRF_FEE,25,MRU,3393,PLATFORM,COLLECTED,2024-10-22T14:11:48.545Z
22318,46371,TX20241010625849,WIT_FEE,50,MRU,1453,PLATFORM,COLLECTED,2024-10-10T18:44:47.222Z
22319,46375,TX20241121377259,PAY_FEE,128,MRU,298,MERCHANT,COLLECTED,2024-11-21T09:57:34.668Z
22320,46377,TX20241114507941,TRF_FEE,10,MRU,5290,PLATFORM,COLLECTED,2024-11-14T11:07:15.633Z
22321,46378,TX20240729053356,TRF_FEE,25,MRU,1944,PLATFORM,COLLECTED,2024-07-29T08:42:37.493Z
22322,46384,TX20240819764404,TRF_FEE,25,MRU,10691,PLATFORM,COLLECTED,2024-08-19T07:35:25.537Z
22323,46386,TX20240808246687,TRF_FEE,50,MRU,4989,PLATFORM,COLLECTED,2024-08-08T12:56:14.206Z
22324,46387,TX20240519070277,WIT_FEE,100,MRU,5695,PLATFORM,COLLECTED,2024-05-19T18:01:59.113Z
22325,46388,TX20240417598675,WIT_FEE,50,MRU,3421,PLATFORM,COLLECTED,2024-04-17T15:34:24.783Z
22326,46390,TX20241104491457,PAY_FEE,60,MRU,9842,MERCHANT,COLLECTED,2024-11-04T18:30:00.075Z
22327,46394,TX20240906394843,TRF_FEE,50,MRU,6835,PLATFORM,COLLECTED,2024-09-06T17:42:45.468Z
22328,46395,TX20240317656290,WIT_FEE,50,MRU,8513,PLATFORM,COLLECTED,2024-03-17T17:36:32.596Z
22329,46397,TX20240413254683,WIT_FEE,50,MRU,8904,PLATFORM,COLLECTED,2024-04-13T13:11:15.698Z
22330,46401,TX20240110204338,TRF_FEE,50,MRU,9123,PLATFORM,COLLECTED,2024-01-10T08:47:02.933Z
22331,46402,TX20240525009823,TRF_FEE,10,MRU,2951,PLATFORM,COLLECTED,2024-05-25T10:08:50.674Z
22332,46403,TX20240106700029,PAY_FEE,104,MRU,5491,MERCHANT,COLLECTED,2024-01-06T12:03:54.818Z
22333,46405,TX20240816882999,BIL_FEE,100,MRU,8770,PLATFORM,COLLECTED,2024-08-16T12:30:45.000Z
22334,46406,TX20240410028718,TRF_FEE,25,MRU,4893,PLATFORM,COLLECTED,2024-04-10T14:59:12.731Z
22335,46414,TX20240922092662,WIT_FEE,200,MRU,5352,PLATFORM,COLLECTED,2024-09-22T18:41:06.936Z
22336,46416,TX20240509126048,WIT_FEE,130,MRU,2911,PLATFORM,COLLECTED,2024-05-09T15:24:01.031Z
22337,46417,TX20241126891195,PAY_FEE,44,MRU,1494,MERCHANT,COLLECTED,2024-11-26T09:32:51.584Z
22338,46418,TX20241226191054,PAY_FEE,65,MRU,5387,MERCHANT,COLLECTED,2024-12-26T09:30:45.543Z
22339,46419,TX20241124230646,SAL_FEE,1710,MRU,6612,PLATFORM,COLLECTED,2024-11-24T05:44:32.256Z
22340,46421,TX20241007793310,TRF_FEE,25,MRU,839,PLATFORM,COLLECTED,2024-10-07T17:08:13.207Z
22341,46423,TX20240324586639,TRF_FEE,10,MRU,7593,PLATFORM,COLLECTED,2024-03-24T08:48:12.371Z
22342,46424,TX20240907919234,PAY_FEE,5,MRU,3987,MERCHANT,COLLECTED,2024-09-07T16:45:09.791Z
22343,46425,TX20241127002789,WIT_FEE,50,MRU,5088,PLATFORM,COLLECTED,2024-11-27T21:45:51.360Z
22344,46427,TX20240608777414,TRF_FEE,50,MRU,11012,PLATFORM,COLLECTED,2024-06-08T07:13:53.167Z
22345,46428,TX20240402075557,PAY_FEE,11,MRU,2246,MERCHANT,COLLECTED,2024-04-02T04:26:00.786Z
22346,46429,TX20240128041912,PAY_FEE,29,MRU,8057,MERCHANT,COLLECTED,2024-01-28T13:31:13.021Z
22347,46431,TX20240925099752,TRF_FEE,25,MRU,8958,PLATFORM,COLLECTED,2024-09-25T16:40:59.278Z
22348,46433,TX20241219756285,PAY_FEE,141,MRU,6308,MERCHANT,COLLECTED,2024-12-19T17:16:37.800Z
22349,46436,TX20240512559577,WIT_FEE,50,MRU,10552,PLATFORM,COLLECTED,2024-05-12T18:36:13.175Z
22350,46437,TX20241103681774,PAY_FEE,180,MRU,2043,MERCHANT,COLLECTED,2024-11-03T13:31:30.360Z
22351,46441,TX20240815175298,TRF_FEE,50,MRU,10095,PLATFORM,COLLECTED,2024-08-15T14:11:24.197Z
22352,46445,TX20241103786647,PAY_FEE,7,MRU,2024,MERCHANT,COLLECTED,2024-11-03T19:20:23.549Z
22353,46447,TX20240610597927,PAY_FEE,5,MRU,3249,MERCHANT,COLLECTED,2024-06-10T07:04:41.292Z
22354,46449,TX20240926746044,TRF_FEE,50,MRU,3754,PLATFORM,COLLECTED,2024-09-26T15:04:53.918Z
22355,46450,TX20240815539792,TRF_FEE,10,MRU,2471,PLATFORM,COLLECTED,2024-08-15T07:34:41.642Z
22356,46451,TX20240731954435,WIT_FEE,160,MRU,5159,PLATFORM,COLLECTED,2024-07-31T09:04:02.670Z
22357,46453,TX20240409864718,WIT_FEE,50,MRU,8658,PLATFORM,COLLECTED,2024-04-09T17:43:42.403Z
22358,46458,TX20240310791706,TRF_FEE,50,MRU,5194,PLATFORM,COLLECTED,2024-03-10T08:12:55.302Z
22359,46467,TX20241107794931,TRF_FEE,50,MRU,9818,PLATFORM,COLLECTED,2024-11-07T13:54:28.783Z
22360,46471,TX20240127433448,TRF_FEE,50,MRU,6052,PLATFORM,COLLECTED,2024-01-27T10:37:12.496Z
22361,46472,TX20240803935038,SAL_FEE,775,MRU,692,PLATFORM,COLLECTED,2024-08-03T07:00:13.100Z
22362,46474,TX20241114512212,TRF_FEE,10,MRU,1369,PLATFORM,COLLECTED,2024-11-14T07:00:45.692Z
22363,46475,TX20240831774714,WIT_FEE,50,MRU,2951,PLATFORM,COLLECTED,2024-08-31T09:55:38.446Z
22364,46476,TX20240423406836,TRF_FEE,50,MRU,6600,PLATFORM,COLLECTED,2024-04-23T15:49:07.450Z
22365,46478,TX20240310240289,WIT_FEE,50,MRU,4685,PLATFORM,COLLECTED,2024-03-10T08:05:07.331Z
22366,46484,TX20240114947994,WIT_FEE,50,MRU,3534,PLATFORM,COLLECTED,2024-01-14T08:59:04.733Z
22367,46485,TX20240904518375,PAY_FEE,20,MRU,2261,MERCHANT,COLLECTED,2024-09-04T13:35:10.282Z
22368,46486,TX20241215647431,BIL_FEE,100,MRU,120,PLATFORM,COLLECTED,2024-12-15T20:50:04.830Z
22369,46487,TX20240911687091,WIT_FEE,50,MRU,837,PLATFORM,COLLECTED,2024-09-11T07:01:29.839Z
22370,46488,TX20240304301359,TRF_FEE,25,MRU,10767,PLATFORM,COLLECTED,2024-03-04T08:23:14.429Z
22371,46490,TX20240512450227,WIT_FEE,50,MRU,9973,PLATFORM,COLLECTED,2024-05-12T08:16:42.368Z
22372,46492,TX20240122023787,WIT_FEE,50,MRU,10326,PLATFORM,COLLECTED,2024-01-22T14:26:02.762Z
22373,46494,TX20240619769540,WIT_FEE,50,MRU,5944,PLATFORM,COLLECTED,2024-06-19T12:50:50.936Z
22374,46497,TX20240326578515,SAL_FEE,2260,MRU,997,PLATFORM,COLLECTED,2024-03-26T09:49:39.770Z
22375,46498,TX20240910773817,PAY_FEE,35,MRU,1372,MERCHANT,COLLECTED,2024-09-10T13:38:13.447Z
22376,46500,TX20240829654601,WIT_FEE,50,MRU,4548,PLATFORM,COLLECTED,2024-08-29T09:22:31.459Z
22377,46501,TX20241101163143,PAY_FEE,54,MRU,10444,MERCHANT,COLLECTED,2024-11-01T21:31:01.901Z
22378,46503,TX20241225721562,PAY_FEE,57,MRU,1949,MERCHANT,COLLECTED,2024-12-25T10:58:28.447Z
22379,46504,TX20241211958853,TRF_FEE,50,MRU,3297,PLATFORM,COLLECTED,2024-12-11T16:15:57.001Z
22380,46505,TX20240124993503,TRF_FEE,50,MRU,7940,PLATFORM,COLLECTED,2024-01-24T14:18:27.288Z
22381,46507,TX20241116472865,WIT_FEE,50,MRU,4329,PLATFORM,COLLECTED,2024-11-16T17:54:43.002Z
22382,46508,TX20240102816065,PAY_FEE,117,MRU,1060,MERCHANT,COLLECTED,2024-01-02T09:45:33.439Z
22383,46512,TX20240516691517,TRF_FEE,25,MRU,252,PLATFORM,COLLECTED,2024-05-16T08:17:16.977Z
22384,46514,TX20240614067043,TRF_FEE,25,MRU,10924,PLATFORM,COLLECTED,2024-06-14T09:22:03.406Z
22385,46516,TX20241128140497,TRF_FEE,10,MRU,256,PLATFORM,COLLECTED,2024-11-28T09:38:32.881Z
22386,46518,TX20240810352445,PAY_FEE,17,MRU,9125,MERCHANT,COLLECTED,2024-08-10T12:32:38.929Z
22387,46521,TX20241120398776,TRF_FEE,10,MRU,107,PLATFORM,COLLECTED,2024-11-20T15:47:09.554Z
22388,46523,TX20240316445040,PAY_FEE,30,MRU,9849,MERCHANT,COLLECTED,2024-03-16T18:05:28.726Z
22389,46526,TX20240222516784,TRF_FEE,50,MRU,5174,PLATFORM,COLLECTED,2024-02-22T19:10:51.625Z
22390,46527,TX20240624899978,WIT_FEE,50,MRU,2285,PLATFORM,COLLECTED,2024-06-24T21:16:50.059Z
22391,46528,TX20241213013846,WIT_FEE,50,MRU,1528,PLATFORM,COLLECTED,2024-12-13T20:46:56.579Z
22392,46529,TX20240209205983,TRF_FEE,50,MRU,7459,PLATFORM,COLLECTED,2024-02-09T17:59:29.514Z
22393,46531,TX20241002627075,PAY_FEE,29,MRU,5694,MERCHANT,COLLECTED,2024-10-02T13:47:32.736Z
22394,46532,TX20240819379136,WIT_FEE,50,MRU,836,PLATFORM,COLLECTED,2024-08-19T16:57:11.788Z
22395,46534,TX20241129879724,PAY_FEE,18,MRU,4667,MERCHANT,COLLECTED,2024-11-29T13:20:31.557Z
22396,46537,TX20240601224394,TRF_FEE,25,MRU,4395,PLATFORM,COLLECTED,2024-06-01T06:55:23.919Z
22397,46538,TX20240310657066,SAL_FEE,2360,MRU,9348,PLATFORM,COLLECTED,2024-03-10T05:55:10.430Z
22398,46541,TX20240419892602,TRF_FEE,50,MRU,6898,PLATFORM,COLLECTED,2024-04-19T16:20:03.148Z
22399,46545,TX20240325074051,PAY_FEE,225,MRU,4089,MERCHANT,COLLECTED,2024-03-25T15:13:12.565Z
22400,46546,TX20240325232959,PAY_FEE,75,MRU,6512,MERCHANT,COLLECTED,2024-03-25T09:55:48.767Z
22401,46548,TX20240503043979,TRF_FEE,50,MRU,1050,PLATFORM,COLLECTED,2024-05-03T19:18:51.484Z
22402,46552,TX20240122172279,WIT_FEE,50,MRU,4288,PLATFORM,COLLECTED,2024-01-22T07:58:17.608Z
22403,46558,TX20240903314778,WIT_FEE,50,MRU,3706,PLATFORM,COLLECTED,2024-09-03T12:33:10.410Z
22404,46563,TX20241015429940,PAY_FEE,18,MRU,3270,MERCHANT,COLLECTED,2024-10-15T11:34:48.823Z
22405,46567,TX20240612418805,SAL_FEE,1920,MRU,5900,PLATFORM,COLLECTED,2024-06-12T06:42:57.283Z
22406,46573,TX20240910915539,TRF_FEE,25,MRU,3589,PLATFORM,COLLECTED,2024-09-10T12:31:57.022Z
22407,46576,TX20240705853030,WIT_FEE,50,MRU,7894,PLATFORM,COLLECTED,2024-07-05T17:52:00.295Z
22408,46578,TX20240818379649,PAY_FEE,315,MRU,8083,MERCHANT,COLLECTED,2024-08-18T11:10:18.390Z
22409,46581,TX20240621302913,PAY_FEE,135,MRU,421,MERCHANT,COLLECTED,2024-06-21T06:13:18.552Z
22410,46588,TX20240417389056,WIT_FEE,50,MRU,3421,PLATFORM,COLLECTED,2024-04-17T15:34:24.783Z
22411,46589,TX20240314122108,TRF_FEE,50,MRU,9575,PLATFORM,COLLECTED,2024-03-14T15:12:34.542Z
22412,46592,TX20241016915799,PAY_FEE,47,MRU,10326,MERCHANT,COLLECTED,2024-10-16T14:59:13.124Z
22413,46594,TX20240318089712,TRF_FEE,25,MRU,10957,PLATFORM,COLLECTED,2024-03-18T15:33:15.122Z
22414,46595,TX20240902773026,PAY_FEE,72,MRU,5489,MERCHANT,COLLECTED,2024-09-02T10:03:18.110Z
22415,46597,TX20240310961509,TRF_FEE,25,MRU,3771,PLATFORM,COLLECTED,2024-03-10T09:41:48.116Z
22416,46601,TX20240418594045,WIT_FEE,50,MRU,3346,PLATFORM,COLLECTED,2024-04-18T07:48:16.870Z
22417,46602,TX20240913329540,PAY_FEE,4,MRU,1795,MERCHANT,COLLECTED,2024-09-13T18:26:57.784Z
22418,46604,TX20241019599120,PAY_FEE,240,MRU,3087,MERCHANT,COLLECTED,2024-10-19T07:45:46.447Z
22419,46605,TX20241002194957,TRF_FEE,50,MRU,9224,PLATFORM,COLLECTED,2024-10-01T22:47:35.799Z
22420,46611,TX20241025027658,PAY_FEE,36,MRU,2789,MERCHANT,COLLECTED,2024-10-25T19:26:34.481Z
22421,46615,TX20241020572458,PAY_FEE,9,MRU,8919,MERCHANT,COLLECTED,2024-10-20T14:43:28.861Z
22422,46616,TX20241206632535,PAY_FEE,8,MRU,1389,MERCHANT,COLLECTED,2024-12-06T16:41:50.156Z
22423,46618,TX20240626246354,TRF_FEE,25,MRU,9836,PLATFORM,COLLECTED,2024-06-26T12:10:40.204Z
22424,46620,TX20240607129416,SAL_FEE,1250,MRU,5042,PLATFORM,COLLECTED,2024-06-07T14:17:48.590Z
22425,46623,TX20240324860789,TRF_FEE,10,MRU,7593,PLATFORM,COLLECTED,2024-03-24T08:48:12.371Z
22426,46624,TX20241102993024,TRF_FEE,25,MRU,9766,PLATFORM,COLLECTED,2024-11-02T16:09:47.359Z
22427,46625,TX20241223888040,BIL_FEE,100,MRU,6612,PLATFORM,COLLECTED,2024-12-23T16:51:21.459Z
22428,46626,TX20240611416359,PAY_FEE,14,MRU,2079,MERCHANT,COLLECTED,2024-06-11T16:13:00.355Z
22429,46628,TX20240429252235,WIT_FEE,50,MRU,4547,PLATFORM,COLLECTED,2024-04-29T07:40:30.100Z
22430,46630,TX20240419162329,TRF_FEE,50,MRU,10307,PLATFORM,COLLECTED,2024-04-19T10:57:23.408Z
22431,46631,TX20240612852123,TRF_FEE,50,MRU,4608,PLATFORM,COLLECTED,2024-06-12T13:01:23.490Z
22432,46632,TX20240131027201,WIT_FEE,50,MRU,5236,PLATFORM,COLLECTED,2024-01-31T14:12:50.096Z
22433,46635,TX20241207523100,TRF_FEE,25,MRU,8094,PLATFORM,COLLECTED,2024-12-07T11:05:30.338Z
22434,46644,TX20240529488439,TRF_FEE,50,MRU,10735,PLATFORM,COLLECTED,2024-05-29T14:39:42.197Z
22435,46645,TX20240528342997,TRF_FEE,50,MRU,638,PLATFORM,COLLECTED,2024-05-28T08:24:20.165Z
22436,46646,TX20240817041697,PAY_FEE,66,MRU,62,MERCHANT,COLLECTED,2024-08-17T06:13:59.827Z
22437,46647,TX20240606045100,PAY_FEE,44,MRU,7688,MERCHANT,COLLECTED,2024-06-06T12:43:08.126Z
22438,46649,TX20241010918159,WIT_FEE,50,MRU,8876,PLATFORM,COLLECTED,2024-10-10T09:51:21.891Z
22439,46651,TX20241230582790,PAY_FEE,72,MRU,4723,MERCHANT,COLLECTED,2024-12-30T12:15:45.549Z
22440,46652,TX20240320318558,PAY_FEE,42,MRU,7301,MERCHANT,COLLECTED,2024-03-20T07:20:19.108Z
22441,46653,TX20241230271853,SAL_FEE,270,MRU,2110,PLATFORM,COLLECTED,2024-12-30T20:07:58.612Z
22442,46655,TX20240615910430,WIT_FEE,50,MRU,1287,PLATFORM,COLLECTED,2024-06-15T03:45:23.014Z
22443,46656,TX20240424151428,SAL_FEE,1015,MRU,11014,PLATFORM,COLLECTED,2024-04-24T15:49:44.643Z
22444,46663,TX20240825929601,TRF_FEE,50,MRU,4177,PLATFORM,COLLECTED,2024-08-25T09:34:50.041Z
22445,46664,TX20241224140044,TRF_FEE,50,MRU,5193,PLATFORM,COLLECTED,2024-12-24T13:58:43.265Z
22446,46670,TX20240625946986,WIT_FEE,50,MRU,8101,PLATFORM,COLLECTED,2024-06-25T19:55:14.910Z
22447,46671,TX20241217617795,TRF_FEE,25,MRU,3374,PLATFORM,COLLECTED,2024-12-17T19:22:50.732Z
22448,46677,TX20240507362324,TRF_FEE,25,MRU,7768,PLATFORM,COLLECTED,2024-05-07T20:37:09.078Z
22449,46682,TX20240922457977,PAY_FEE,14,MRU,2769,MERCHANT,COLLECTED,2024-09-22T06:40:01.108Z
22450,46683,TX20240315556022,BIL_FEE,100,MRU,3413,PLATFORM,COLLECTED,2024-03-15T08:18:15.071Z
22451,46685,TX20241005174872,PAY_FEE,30,MRU,4765,MERCHANT,COLLECTED,2024-10-05T08:40:27.093Z
22452,46689,TX20241026020545,WIT_FEE,50,MRU,2921,PLATFORM,COLLECTED,2024-10-26T13:53:43.201Z
22453,46691,TX20241028539894,WIT_FEE,62,MRU,6743,PLATFORM,COLLECTED,2024-10-28T20:25:39.882Z
22454,46695,TX20240428681157,TRF_FEE,10,MRU,3524,PLATFORM,COLLECTED,2024-04-28T11:46:31.170Z
22455,46702,TX20241001587121,TRF_FEE,50,MRU,10904,PLATFORM,COLLECTED,2024-10-01T18:13:31.322Z
22456,46713,TX20240621732259,PAY_FEE,17,MRU,10297,MERCHANT,COLLECTED,2024-06-21T10:29:24.536Z
22457,46714,TX20240304979305,WIT_FEE,50,MRU,1413,PLATFORM,COLLECTED,2024-03-04T21:06:14.753Z
22458,46722,TX20240104250387,TRF_FEE,25,MRU,6647,PLATFORM,COLLECTED,2024-01-04T09:25:16.121Z
22459,46724,TX20240427295565,SAL_FEE,1260,MRU,1921,PLATFORM,COLLECTED,2024-04-27T14:26:06.213Z
22460,46725,TX20240424176763,PAY_FEE,26,MRU,4556,MERCHANT,COLLECTED,2024-04-24T09:21:08.437Z
22461,46726,TX20240922658157,WIT_FEE,50,MRU,5078,PLATFORM,COLLECTED,2024-09-22T03:30:07.189Z
22462,46727,TX20240717024031,SAL_FEE,2000,MRU,8418,PLATFORM,COLLECTED,2024-07-17T10:31:17.264Z
22463,46731,TX20240421390973,WIT_FEE,300,MRU,10780,PLATFORM,COLLECTED,2024-04-21T10:15:04.526Z
22464,46735,TX20240825449260,SAL_FEE,1050,MRU,2106,PLATFORM,COLLECTED,2024-08-25T06:04:09.879Z
22465,46739,TX20240827677735,TRF_FEE,25,MRU,1240,PLATFORM,COLLECTED,2024-08-27T13:21:00.355Z
22466,46747,TX20240326271879,WIT_FEE,50,MRU,2065,PLATFORM,COLLECTED,2024-03-26T08:41:49.779Z
22467,46748,TX20241129224683,WIT_FEE,50,MRU,1850,PLATFORM,COLLECTED,2024-11-29T16:08:58.390Z
22468,46749,TX20240117638465,TRF_FEE,50,MRU,5324,PLATFORM,COLLECTED,2024-01-17T17:24:41.382Z
22469,46751,TX20240415803172,WIT_FEE,50,MRU,4269,PLATFORM,COLLECTED,2024-04-15T16:39:13.734Z
22470,46752,TX20240429235344,TRF_FEE,50,MRU,1584,PLATFORM,COLLECTED,2024-04-29T05:08:38.508Z
22471,46753,TX20241122276131,WIT_FEE,50,MRU,6646,PLATFORM,COLLECTED,2024-11-22T16:30:46.672Z
22472,46756,TX20241218582218,BIL_FEE,100,MRU,10286,PLATFORM,COLLECTED,2024-12-18T08:20:11.409Z
22473,46758,TX20240115998144,PAY_FEE,39,MRU,5148,MERCHANT,COLLECTED,2024-01-15T10:14:02.422Z
22474,46760,TX20240729039993,WIT_FEE,50,MRU,633,PLATFORM,COLLECTED,2024-07-29T16:37:34.567Z
22475,46761,TX20240818028420,TRF_FEE,25,MRU,1839,PLATFORM,COLLECTED,2024-08-18T18:41:27.674Z
22476,46762,TX20240317390292,WIT_FEE,50,MRU,7273,PLATFORM,COLLECTED,2024-03-17T17:31:32.410Z
22477,46764,TX20241210484188,WIT_FEE,50,MRU,4514,PLATFORM,COLLECTED,2024-12-10T16:19:25.932Z
22478,46766,TX20240629658732,PAY_FEE,74,MRU,1016,MERCHANT,COLLECTED,2024-06-29T06:28:51.765Z
22479,46767,TX20240128233830,PAY_FEE,66,MRU,2884,MERCHANT,COLLECTED,2024-01-28T13:02:50.241Z
22480,46772,TX20240128345678,TRF_FEE,50,MRU,8126,PLATFORM,COLLECTED,2024-01-28T16:20:46.949Z
22481,46773,TX20240316123446,TRF_FEE,50,MRU,1889,PLATFORM,COLLECTED,2024-03-16T11:11:02.669Z
22482,46775,TX20240924410993,TRF_FEE,50,MRU,1932,PLATFORM,COLLECTED,2024-09-24T08:57:29.178Z
22483,46781,TX20240903734809,WIT_FEE,50,MRU,9932,PLATFORM,COLLECTED,2024-09-03T17:09:23.482Z
22484,46784,TX20240327725185,WIT_FEE,50,MRU,5881,PLATFORM,COLLECTED,2024-03-27T10:50:08.566Z
22485,46785,TX20240701730086,PAY_FEE,24,MRU,9389,MERCHANT,COLLECTED,2024-07-01T15:29:46.930Z
22486,46786,TX20240421629756,WIT_FEE,50,MRU,10807,PLATFORM,COLLECTED,2024-04-21T06:28:25.097Z
22487,46788,TX20240126413977,BIL_FEE,100,MRU,3098,PLATFORM,COLLECTED,2024-01-26T14:53:42.643Z
22488,46789,TX20240531557335,WIT_FEE,50,MRU,4038,PLATFORM,COLLECTED,2024-05-31T11:35:23.502Z
22489,46791,TX20240204457383,WIT_FEE,50,MRU,5488,PLATFORM,COLLECTED,2024-02-04T19:11:09.320Z
22490,46792,TX20240510929963,TRF_FEE,50,MRU,5307,PLATFORM,COLLECTED,2024-05-10T12:19:31.059Z
22491,46795,TX20240202401802,WIT_FEE,50,MRU,4178,PLATFORM,COLLECTED,2024-02-02T19:30:31.967Z
22492,46796,TX20240327416734,PAY_FEE,68,MRU,3586,MERCHANT,COLLECTED,2024-03-27T16:59:04.160Z
22493,46797,TX20240501682207,TRF_FEE,25,MRU,3037,PLATFORM,COLLECTED,2024-05-01T20:40:33.399Z
22494,46806,TX20240328992366,WIT_FEE,340,MRU,7427,PLATFORM,COLLECTED,2024-03-28T13:43:40.444Z
22495,46808,TX20240223896863,WIT_FEE,50,MRU,5648,PLATFORM,COLLECTED,2024-02-23T08:45:11.807Z
22496,46811,TX20240922759849,WIT_FEE,140,MRU,3374,PLATFORM,COLLECTED,2024-09-22T11:40:26.922Z
22497,46814,TX20241106019573,WIT_FEE,50,MRU,1701,PLATFORM,COLLECTED,2024-11-06T16:49:51.852Z
22498,46818,TX20240217500915,TRF_FEE,50,MRU,2687,PLATFORM,COLLECTED,2024-02-17T19:04:00.615Z
22499,46820,TX20240927078069,TRF_FEE,25,MRU,114,PLATFORM,COLLECTED,2024-09-27T15:29:02.378Z
22500,46822,TX20241115066080,TRF_FEE,50,MRU,10661,PLATFORM,COLLECTED,2024-11-15T09:07:40.836Z
22501,46823,TX20241213472144,WIT_FEE,200,MRU,6241,PLATFORM,COLLECTED,2024-12-13T15:53:23.673Z
22502,46826,TX20240412736780,PAY_FEE,74,MRU,1404,MERCHANT,COLLECTED,2024-04-12T14:19:59.023Z
22503,46831,TX20240819329673,TRF_FEE,50,MRU,3817,PLATFORM,COLLECTED,2024-08-19T13:49:47.573Z
22504,46832,TX20240329578730,WIT_FEE,230,MRU,920,PLATFORM,COLLECTED,2024-03-29T13:35:03.091Z
22505,46833,TX20240605774150,PAY_FEE,51,MRU,8571,MERCHANT,COLLECTED,2024-06-05T17:33:49.159Z
22506,46834,TX20240618256363,BIL_FEE,100,MRU,9167,PLATFORM,COLLECTED,2024-06-18T10:10:04.479Z
22507,46835,TX20240518338981,TRF_FEE,50,MRU,2262,PLATFORM,COLLECTED,2024-05-18T10:17:20.755Z
22508,46838,TX20240911415045,TRF_FEE,50,MRU,8620,PLATFORM,COLLECTED,2024-09-11T10:50:07.368Z
22509,46839,TX20240528618221,PAY_FEE,119,MRU,8394,MERCHANT,COLLECTED,2024-05-28T09:24:27.586Z
22510,46841,TX20240402750104,TRF_FEE,50,MRU,4547,PLATFORM,COLLECTED,2024-04-02T09:55:48.583Z
22511,46846,TX20241018877665,TRF_FEE,25,MRU,10226,PLATFORM,COLLECTED,2024-10-18T11:49:34.607Z
22512,46848,TX20240624038864,TRF_FEE,25,MRU,3338,PLATFORM,COLLECTED,2024-06-24T10:41:16.516Z
22513,46849,TX20240702200122,TRF_FEE,50,MRU,8989,PLATFORM,COLLECTED,2024-07-02T15:50:31.806Z
22514,46850,TX20240929082362,PAY_FEE,47,MRU,2522,MERCHANT,COLLECTED,2024-09-29T15:06:19.471Z
22515,46851,TX20241004426548,PAY_FEE,345,MRU,7679,MERCHANT,COLLECTED,2024-10-04T07:35:16.443Z
22516,46852,TX20241212554670,WIT_FEE,50,MRU,7740,PLATFORM,COLLECTED,2024-12-12T17:39:04.319Z
22517,46863,TX20241102649772,TRF_FEE,50,MRU,6681,PLATFORM,COLLECTED,2024-11-02T06:22:57.825Z
22518,46864,TX20240921970522,SAL_FEE,520,MRU,3519,PLATFORM,COLLECTED,2024-09-21T08:28:49.063Z
22519,46868,TX20240620751648,PAY_FEE,23,MRU,5887,MERCHANT,COLLECTED,2024-06-20T14:47:46.040Z
22520,46870,TX20240625217643,WIT_FEE,50,MRU,8101,PLATFORM,COLLECTED,2024-06-25T19:55:14.910Z
22521,46873,TX20240113245801,WIT_FEE,50,MRU,3254,PLATFORM,COLLECTED,2024-01-13T09:09:25.690Z
22522,46877,TX20240803352486,PAY_FEE,71,MRU,9026,MERCHANT,COLLECTED,2024-08-03T10:08:57.362Z
22523,46878,TX20241223206685,WIT_FEE,50,MRU,8681,PLATFORM,COLLECTED,2024-12-23T07:08:10.533Z
22524,46881,TX20241010806078,PAY_FEE,41,MRU,2673,MERCHANT,COLLECTED,2024-10-10T06:37:52.103Z
22525,46886,TX20240529144964,WIT_FEE,50,MRU,7393,PLATFORM,COLLECTED,2024-05-29T17:50:28.788Z
22526,46887,TX20240503695490,PAY_FEE,62,MRU,5613,MERCHANT,COLLECTED,2024-05-03T18:54:05.609Z
22527,46888,TX20241212485277,TRF_FEE,25,MRU,2395,PLATFORM,COLLECTED,2024-12-12T06:58:05.857Z
22528,46889,TX20241016995694,TRF_FEE,50,MRU,177,PLATFORM,COLLECTED,2024-10-16T06:23:20.865Z
22529,46891,TX20240711137798,PAY_FEE,8,MRU,4507,MERCHANT,COLLECTED,2024-07-11T05:32:38.891Z
22530,46892,TX20240407801127,TRF_FEE,25,MRU,4678,PLATFORM,COLLECTED,2024-04-07T09:37:03.651Z
22531,46897,TX20240719977354,TRF_FEE,50,MRU,145,PLATFORM,COLLECTED,2024-07-19T15:11:26.567Z
22532,46898,TX20240626222187,TRF_FEE,25,MRU,10382,PLATFORM,COLLECTED,2024-06-26T15:40:20.418Z
22533,46900,TX20240327411207,TRF_FEE,25,MRU,10305,PLATFORM,COLLECTED,2024-03-27T19:34:11.011Z
22534,46905,TX20240410048430,SAL_FEE,930,MRU,6844,PLATFORM,COLLECTED,2024-04-10T15:34:36.063Z
22535,46906,TX20241112225686,TRF_FEE,25,MRU,6215,PLATFORM,COLLECTED,2024-11-12T18:12:53.327Z
22536,46907,TX20240919601741,BIL_FEE,100,MRU,1344,PLATFORM,COLLECTED,2024-09-18T22:23:33.219Z
22537,46909,TX20241222881629,PAY_FEE,41,MRU,1177,MERCHANT,COLLECTED,2024-12-22T18:59:36.103Z
22538,46910,TX20240724426679,TRF_FEE,25,MRU,546,PLATFORM,COLLECTED,2024-07-24T15:21:09.054Z
22539,46912,TX20240410471475,WIT_FEE,50,MRU,8190,PLATFORM,COLLECTED,2024-04-10T19:01:59.273Z
22540,46914,TX20240529679928,SAL_FEE,2475,MRU,4976,PLATFORM,COLLECTED,2024-05-29T06:04:24.224Z
22541,46915,TX20241102375574,WIT_FEE,50,MRU,9339,PLATFORM,COLLECTED,2024-11-02T17:30:07.556Z
22542,46922,TX20240101991195,TRF_FEE,10,MRU,10739,PLATFORM,COLLECTED,2024-01-01T07:33:41.910Z
22543,46923,TX20240427885904,SAL_FEE,1260,MRU,1921,PLATFORM,COLLECTED,2024-04-27T14:26:06.213Z
22544,46927,TX20241119209373,WIT_FEE,100,MRU,7339,PLATFORM,COLLECTED,2024-11-19T08:11:46.188Z
22545,46928,TX20241204912652,TRF_FEE,25,MRU,6315,PLATFORM,COLLECTED,2024-12-04T06:50:38.812Z
22546,46932,TX20240416006097,WIT_FEE,50,MRU,7533,PLATFORM,COLLECTED,2024-04-16T09:50:47.354Z
22547,46935,TX20240222914333,TRF_FEE,25,MRU,6740,PLATFORM,COLLECTED,2024-02-22T09:29:51.777Z
22548,46937,TX20240812872385,PAY_FEE,35,MRU,3531,MERCHANT,COLLECTED,2024-08-12T16:04:34.252Z
22549,46939,TX20240311818599,PAY_FEE,69,MRU,6427,MERCHANT,COLLECTED,2024-03-11T09:17:26.867Z
22550,46941,TX20240802632078,SAL_FEE,580,MRU,3457,PLATFORM,COLLECTED,2024-08-02T06:01:47.595Z
22551,46942,TX20241202423363,WIT_FEE,50,MRU,7532,PLATFORM,COLLECTED,2024-12-02T08:00:22.494Z
22552,46943,TX20240820719712,WIT_FEE,50,MRU,5491,PLATFORM,COLLECTED,2024-08-20T07:27:12.705Z
22553,46944,TX20240311808180,WIT_FEE,100,MRU,6639,PLATFORM,COLLECTED,2024-03-11T07:50:56.680Z
22554,46947,TX20240522733969,SAL_FEE,845,MRU,7527,PLATFORM,COLLECTED,2024-05-22T07:03:39.384Z
22555,46951,TX20240429295760,TRF_FEE,50,MRU,1584,PLATFORM,COLLECTED,2024-04-29T05:08:38.508Z
22556,46956,TX20240617734807,TRF_FEE,25,MRU,4244,PLATFORM,COLLECTED,2024-06-17T16:35:58.120Z
22557,46957,TX20240115996262,PAY_FEE,39,MRU,5148,MERCHANT,COLLECTED,2024-01-15T10:14:02.422Z
22558,46959,TX20240727828559,TRF_FEE,50,MRU,6916,PLATFORM,COLLECTED,2024-07-27T13:03:11.377Z
22559,46965,TX20241102337851,WIT_FEE,50,MRU,2644,PLATFORM,COLLECTED,2024-11-02T12:23:58.855Z
22560,46966,TX20240224525846,TRF_FEE,25,MRU,8636,PLATFORM,COLLECTED,2024-02-24T17:26:37.171Z
22561,46970,TX20241113822079,PAY_FEE,68,MRU,4710,MERCHANT,COLLECTED,2024-11-13T12:40:50.661Z
22562,46979,TX20240403979818,TRF_FEE,50,MRU,223,PLATFORM,COLLECTED,2024-04-03T06:25:32.124Z
22563,46987,TX20240406427315,TRF_FEE,25,MRU,2989,PLATFORM,COLLECTED,2024-04-06T18:30:32.643Z
22564,46988,TX20241007989021,TRF_FEE,10,MRU,6707,PLATFORM,COLLECTED,2024-10-07T20:00:36.196Z
22565,46991,TX20240507382407,SAL_FEE,285,MRU,10230,PLATFORM,COLLECTED,2024-05-07T18:14:00.741Z
22566,46993,TX20240519128441,TRF_FEE,10,MRU,3292,PLATFORM,COLLECTED,2024-05-19T21:53:57.753Z
22567,46994,TX20240205384450,PAY_FEE,8,MRU,6437,MERCHANT,COLLECTED,2024-02-05T16:49:20.522Z
22568,46996,TX20240720543513,TRF_FEE,50,MRU,7406,PLATFORM,COLLECTED,2024-07-20T10:16:17.320Z
22569,46997,TX20241018136358,SAL_FEE,1160,MRU,204,PLATFORM,COLLECTED,2024-10-18T13:51:49.739Z
22570,47000,TX20240821407970,BIL_FEE,100,MRU,6349,PLATFORM,COLLECTED,2024-08-21T12:16:51.455Z
22571,47001,TX20240804152984,PAY_FEE,33,MRU,8499,MERCHANT,COLLECTED,2024-08-04T12:57:54.605Z
22572,47002,TX20241119263935,PAY_FEE,585,MRU,10875,MERCHANT,COLLECTED,2024-11-19T13:20:32.674Z
22573,47005,TX20240328938307,WIT_FEE,340,MRU,7427,PLATFORM,COLLECTED,2024-03-28T13:43:40.444Z
22574,47006,TX20241112502905,PAY_FEE,24,MRU,6573,MERCHANT,COLLECTED,2024-11-12T07:56:34.116Z
22575,47008,TX20240124357820,PAY_FEE,12,MRU,1138,MERCHANT,COLLECTED,2024-01-24T10:02:58.468Z
22576,47009,TX20241203441051,WIT_FEE,50,MRU,1427,PLATFORM,COLLECTED,2024-12-03T18:16:49.592Z
22577,47011,TX20241012599471,TRF_FEE,50,MRU,10188,PLATFORM,COLLECTED,2024-10-12T16:28:21.555Z
22578,47012,TX20240802781100,WIT_FEE,50,MRU,3752,PLATFORM,COLLECTED,2024-08-02T21:23:38.528Z
22579,47013,TX20240501531492,TRF_FEE,10,MRU,9410,PLATFORM,COLLECTED,2024-05-01T16:44:49.862Z
22580,47015,TX20240909636144,TRF_FEE,25,MRU,5035,PLATFORM,COLLECTED,2024-09-09T03:20:16.668Z
22581,47016,TX20240423905672,TRF_FEE,10,MRU,7827,PLATFORM,COLLECTED,2024-04-23T09:05:03.903Z
22582,47021,TX20240214122890,WIT_FEE,50,MRU,9664,PLATFORM,COLLECTED,2024-02-14T15:50:58.167Z
22583,47030,TX20240728447244,PAY_FEE,5,MRU,2705,MERCHANT,COLLECTED,2024-07-28T09:13:58.974Z
22584,47031,TX20240119473402,TRF_FEE,25,MRU,558,PLATFORM,COLLECTED,2024-01-19T07:05:58.449Z
22585,47033,TX20240612871064,TRF_FEE,50,MRU,1066,PLATFORM,COLLECTED,2024-06-12T07:04:28.830Z
22586,47034,TX20240506969676,WIT_FEE,50,MRU,6091,PLATFORM,COLLECTED,2024-05-06T15:12:57.810Z
22587,47035,TX20240818701890,SAL_FEE,1210,MRU,4748,PLATFORM,COLLECTED,2024-08-18T12:15:13.843Z
22588,47036,TX20240420226952,PAY_FEE,42,MRU,2234,MERCHANT,COLLECTED,2024-04-20T07:49:10.457Z
22589,47037,TX20240623405026,PAY_FEE,8,MRU,4941,MERCHANT,COLLECTED,2024-06-23T08:13:36.695Z
22590,47042,TX20240215182205,PAY_FEE,75,MRU,1394,MERCHANT,COLLECTED,2024-02-15T06:43:44.331Z
22591,47045,TX20240622827417,PAY_FEE,270,MRU,7085,MERCHANT,COLLECTED,2024-06-22T16:34:36.927Z
22592,47046,TX20240613567177,WIT_FEE,50,MRU,7002,PLATFORM,COLLECTED,2024-06-13T12:44:17.467Z
22593,47048,TX20240702915397,TRF_FEE,50,MRU,8989,PLATFORM,COLLECTED,2024-07-02T15:50:31.806Z
22594,47049,TX20240926450215,PAY_FEE,270,MRU,298,MERCHANT,COLLECTED,2024-09-26T06:19:28.227Z
22595,47059,TX20240415248878,TRF_FEE,25,MRU,6233,PLATFORM,COLLECTED,2024-04-15T14:03:01.091Z
22596,47063,TX20240921214341,SAL_FEE,520,MRU,3519,PLATFORM,COLLECTED,2024-09-21T08:28:49.063Z
22597,47064,TX20240607293504,PAY_FEE,74,MRU,4956,MERCHANT,COLLECTED,2024-06-07T11:09:27.923Z
22598,47065,TX20240910691755,PAY_FEE,102,MRU,5231,MERCHANT,COLLECTED,2024-09-10T07:32:48.437Z
22599,47068,TX20240229672703,PAY_FEE,12,MRU,7724,MERCHANT,COLLECTED,2024-02-29T20:10:39.372Z
22600,47069,TX20240625886987,WIT_FEE,50,MRU,8101,PLATFORM,COLLECTED,2024-06-25T19:55:14.910Z
22601,47071,TX20240422901101,PAY_FEE,18,MRU,322,MERCHANT,COLLECTED,2024-04-22T17:22:42.542Z
22602,47073,TX20241111144417,WIT_FEE,270,MRU,8947,PLATFORM,COLLECTED,2024-11-11T20:26:24.157Z
22603,47076,TX20240607488194,TRF_FEE,25,MRU,6565,PLATFORM,COLLECTED,2024-06-07T07:57:21.817Z
22604,47077,TX20240207337218,SAL_FEE,1375,MRU,1511,PLATFORM,COLLECTED,2024-02-07T08:10:32.786Z
22605,47078,TX20241128456560,TRF_FEE,25,MRU,2171,PLATFORM,COLLECTED,2024-11-28T10:47:49.088Z
22606,47083,TX20240222258580,TRF_FEE,25,MRU,2685,PLATFORM,COLLECTED,2024-02-22T10:05:37.617Z
22607,47089,TX20241014287871,TRF_FEE,25,MRU,6966,PLATFORM,COLLECTED,2024-10-14T15:21:02.037Z
22608,47092,TX20240501443294,WIT_FEE,50,MRU,5159,PLATFORM,COLLECTED,2024-05-01T19:57:01.970Z
22609,47094,TX20240605756961,SAL_FEE,1045,MRU,7930,PLATFORM,COLLECTED,2024-06-05T08:43:31.071Z
22610,47099,TX20241215411207,WIT_FEE,50,MRU,7864,PLATFORM,COLLECTED,2024-12-15T14:11:00.934Z
22611,47103,TX20240124073769,WIT_FEE,500,MRU,6548,PLATFORM,COLLECTED,2024-01-24T10:28:03.073Z
22612,47104,TX20241224048430,PAY_FEE,24,MRU,698,MERCHANT,COLLECTED,2024-12-24T09:47:34.613Z
22613,47105,TX20241112558690,TRF_FEE,25,MRU,6215,PLATFORM,COLLECTED,2024-11-12T18:12:53.327Z
22614,47107,TX20241003828214,WIT_FEE,50,MRU,8498,PLATFORM,COLLECTED,2024-10-03T13:26:05.924Z
22615,47109,TX20240227374635,WIT_FEE,100,MRU,10824,PLATFORM,COLLECTED,2024-02-27T06:02:28.299Z
22616,47110,TX20240614842537,TRF_FEE,50,MRU,4092,PLATFORM,COLLECTED,2024-06-14T08:05:50.554Z
22617,47111,TX20240928732259,WIT_FEE,50,MRU,5936,PLATFORM,COLLECTED,2024-09-28T11:25:29.401Z
22618,47112,TX20240304659663,WIT_FEE,50,MRU,1413,PLATFORM,COLLECTED,2024-03-04T21:06:14.753Z
22619,47122,TX20240601256104,WIT_FEE,50,MRU,1192,PLATFORM,COLLECTED,2024-06-01T19:19:39.445Z
22620,47123,TX20240222968967,WIT_FEE,50,MRU,5160,PLATFORM,COLLECTED,2024-02-22T11:24:24.312Z
22621,47126,TX20241018165383,WIT_FEE,50,MRU,9777,PLATFORM,COLLECTED,2024-10-18T17:58:09.373Z
22622,47127,TX20241221893420,TRF_FEE,50,MRU,6684,PLATFORM,COLLECTED,2024-12-21T04:16:09.588Z
22623,47132,TX20240303604538,WIT_FEE,50,MRU,7857,PLATFORM,COLLECTED,2024-03-03T13:28:56.022Z
22624,47134,TX20240222908591,TRF_FEE,25,MRU,6740,PLATFORM,COLLECTED,2024-02-22T09:29:51.777Z
22625,47141,TX20240212800415,TRF_FEE,25,MRU,6979,PLATFORM,COLLECTED,2024-02-12T08:56:25.247Z
22626,47144,TX20240622857409,TRF_FEE,25,MRU,10722,PLATFORM,COLLECTED,2024-06-22T12:08:39.240Z
22627,47146,TX20240204975770,WIT_FEE,100,MRU,3923,PLATFORM,COLLECTED,2024-02-04T10:23:29.841Z
22628,47148,TX20240208414051,PAY_FEE,114,MRU,5397,MERCHANT,COLLECTED,2024-02-08T11:13:54.538Z
22629,47152,TX20240706621737,PAY_FEE,89,MRU,3153,MERCHANT,COLLECTED,2024-07-06T11:19:04.473Z
22630,47154,TX20240114670782,BIL_FEE,100,MRU,2026,PLATFORM,COLLECTED,2024-01-14T20:17:44.016Z
22631,47157,TX20240120826167,TRF_FEE,25,MRU,9423,PLATFORM,COLLECTED,2024-01-20T13:45:53.917Z
22632,47162,TX20241222404718,PAY_FEE,18,MRU,8547,MERCHANT,COLLECTED,2024-12-22T18:56:51.157Z
22633,47165,TX20240928825465,TRF_FEE,25,MRU,2044,PLATFORM,COLLECTED,2024-09-28T06:13:15.903Z
22634,47173,TX20240308377259,PAY_FEE,45,MRU,2823,MERCHANT,COLLECTED,2024-03-08T09:32:43.891Z
22635,47180,TX20241214793161,TRF_FEE,25,MRU,4182,PLATFORM,COLLECTED,2024-12-14T10:42:46.056Z
22636,47183,TX20240602272883,TRF_FEE,25,MRU,8822,PLATFORM,COLLECTED,2024-06-02T06:58:26.217Z
22637,47186,TX20240507286655,WIT_FEE,50,MRU,5555,PLATFORM,COLLECTED,2024-05-07T10:29:35.389Z
22638,47187,TX20240402199280,PAY_FEE,44,MRU,10320,MERCHANT,COLLECTED,2024-04-02T11:03:07.557Z
22639,47192,TX20240202980024,WIT_FEE,50,MRU,4178,PLATFORM,COLLECTED,2024-02-02T19:30:31.967Z
22640,47193,TX20241001686428,WIT_FEE,50,MRU,3089,PLATFORM,COLLECTED,2024-10-01T20:04:09.323Z
22641,47194,TX20240526340027,TRF_FEE,25,MRU,2605,PLATFORM,COLLECTED,2024-05-26T08:17:19.671Z
22642,47197,TX20240323829859,WIT_FEE,260,MRU,8909,PLATFORM,COLLECTED,2024-03-23T18:08:55.024Z
22643,47198,TX20240715322298,TRF_FEE,25,MRU,6465,PLATFORM,COLLECTED,2024-07-15T08:51:27.573Z
22644,47199,TX20240720152984,TRF_FEE,25,MRU,6368,PLATFORM,COLLECTED,2024-07-20T18:54:36.769Z
22645,47200,TX20241119707717,PAY_FEE,585,MRU,10875,MERCHANT,COLLECTED,2024-11-19T13:20:32.674Z
22646,47201,TX20240105224567,TRF_FEE,50,MRU,6762,PLATFORM,COLLECTED,2024-01-05T08:59:53.501Z
22647,47203,TX20240711014657,WIT_FEE,200,MRU,7108,PLATFORM,COLLECTED,2024-07-11T15:40:26.673Z
22648,47207,TX20241203377950,WIT_FEE,50,MRU,1427,PLATFORM,COLLECTED,2024-12-03T18:16:49.592Z
22649,47209,TX20240621192881,PAY_FEE,47,MRU,2251,MERCHANT,COLLECTED,2024-06-21T09:33:55.033Z
22650,47210,TX20240821303739,WIT_FEE,50,MRU,5874,PLATFORM,COLLECTED,2024-08-21T12:20:59.041Z
22651,47213,TX20240909266879,TRF_FEE,25,MRU,5035,PLATFORM,COLLECTED,2024-09-09T03:20:16.668Z
22652,47214,TX20240516548298,WIT_FEE,50,MRU,3723,PLATFORM,COLLECTED,2024-05-16T06:03:54.710Z
22653,47215,TX20240329722936,TRF_FEE,25,MRU,5118,PLATFORM,COLLECTED,2024-03-29T17:58:43.368Z
22654,47217,TX20240116790003,TRF_FEE,25,MRU,1166,PLATFORM,COLLECTED,2024-01-16T10:00:16.611Z
22655,47218,TX20240312768144,TRF_FEE,50,MRU,4372,PLATFORM,COLLECTED,2024-03-12T14:49:01.584Z
22656,47220,TX20240902247102,WIT_FEE,320,MRU,9298,PLATFORM,COLLECTED,2024-09-02T13:23:44.219Z
22657,47224,TX20240607328300,WIT_FEE,50,MRU,1115,PLATFORM,COLLECTED,2024-06-07T18:01:48.454Z
22658,47225,TX20240228100570,WIT_FEE,50,MRU,6782,PLATFORM,COLLECTED,2024-02-28T08:08:45.095Z
22659,47226,TX20240929321779,TRF_FEE,50,MRU,8951,PLATFORM,COLLECTED,2024-09-29T11:50:01.250Z
22660,47228,TX20240728629994,PAY_FEE,5,MRU,2705,MERCHANT,COLLECTED,2024-07-28T09:13:58.974Z
22661,47230,TX20240605013905,PAY_FEE,51,MRU,8571,MERCHANT,COLLECTED,2024-06-05T17:33:49.159Z
22662,47231,TX20240612026280,TRF_FEE,50,MRU,1066,PLATFORM,COLLECTED,2024-06-12T07:04:28.830Z
22663,47232,TX20241002704561,WIT_FEE,50,MRU,6602,PLATFORM,COLLECTED,2024-10-02T07:57:48.549Z
22664,47237,TX20240111941353,TRF_FEE,10,MRU,7384,PLATFORM,COLLECTED,2024-01-11T17:44:30.562Z
22665,47240,TX20240215820558,WIT_FEE,100,MRU,6415,PLATFORM,COLLECTED,2024-02-15T15:23:25.327Z
22666,47242,TX20240528388299,TRF_FEE,50,MRU,638,PLATFORM,COLLECTED,2024-05-28T08:24:20.165Z
22667,47248,TX20240214379433,TRF_FEE,25,MRU,8414,PLATFORM,COLLECTED,2024-02-14T16:59:27.256Z
22668,47251,TX20240224963016,PAY_FEE,41,MRU,3753,MERCHANT,COLLECTED,2024-02-24T19:56:24.122Z
22669,47252,TX20241001685114,PAY_FEE,11,MRU,4279,MERCHANT,COLLECTED,2024-10-01T09:27:00.759Z
22670,47254,TX20240701117598,WIT_FEE,50,MRU,7099,PLATFORM,COLLECTED,2024-07-01T12:28:18.152Z
22671,47256,TX20240901377759,PAY_FEE,77,MRU,6716,MERCHANT,COLLECTED,2024-09-01T15:27:59.156Z
22672,47267,TX20241218886987,TRF_FEE,10,MRU,2653,PLATFORM,COLLECTED,2024-12-18T19:14:54.734Z
22673,47269,TX20241126626917,WIT_FEE,500,MRU,10289,PLATFORM,COLLECTED,2024-11-26T10:42:32.029Z
22674,47272,TX20240918111569,TRF_FEE,25,MRU,9583,PLATFORM,COLLECTED,2024-09-18T10:07:40.311Z
22675,47274,TX20241225930535,WIT_FEE,50,MRU,5339,PLATFORM,COLLECTED,2024-12-25T14:09:04.704Z
22676,47278,TX20241116338944,PAY_FEE,66,MRU,2447,MERCHANT,COLLECTED,2024-11-16T11:09:27.180Z
22677,47279,TX20240109730857,TRF_FEE,25,MRU,6514,PLATFORM,COLLECTED,2024-01-09T07:14:15.160Z
22678,47280,TX20240405656694,WIT_FEE,50,MRU,6178,PLATFORM,COLLECTED,2024-04-05T06:18:04.134Z
22679,47282,TX20240204816444,TRF_FEE,50,MRU,1944,PLATFORM,COLLECTED,2024-02-04T15:32:19.465Z
22680,47289,TX20240611017955,WIT_FEE,50,MRU,7181,PLATFORM,COLLECTED,2024-06-11T08:18:37.060Z
22681,47294,TX20241013235066,TRF_FEE,50,MRU,3967,PLATFORM,COLLECTED,2024-10-13T07:26:34.013Z
22682,47296,TX20240519009780,TRF_FEE,25,MRU,4218,PLATFORM,COLLECTED,2024-05-19T06:35:08.879Z
22683,47298,TX20241227356267,PAY_FEE,63,MRU,1358,MERCHANT,COLLECTED,2024-12-27T08:36:26.217Z
22684,47301,TX20240404865712,WIT_FEE,50,MRU,801,PLATFORM,COLLECTED,2024-04-04T05:21:28.051Z
22685,47302,TX20240918048430,TRF_FEE,10,MRU,6780,PLATFORM,COLLECTED,2024-09-18T20:16:47.578Z
22686,47303,TX20241112920929,TRF_FEE,25,MRU,6215,PLATFORM,COLLECTED,2024-11-12T18:12:53.327Z
22687,47306,TX20240709638815,TRF_FEE,50,MRU,1267,PLATFORM,COLLECTED,2024-07-09T07:28:09.196Z
22688,47309,TX20240604732259,TRF_FEE,25,MRU,7622,PLATFORM,COLLECTED,2024-06-04T11:24:32.933Z
22689,47310,TX20240304183079,WIT_FEE,50,MRU,1413,PLATFORM,COLLECTED,2024-03-04T21:06:14.753Z
22690,47312,TX20240128973680,PAY_FEE,20,MRU,5085,MERCHANT,COLLECTED,2024-01-28T17:15:59.811Z
22691,47316,TX20240603746636,TRF_FEE,50,MRU,6444,PLATFORM,COLLECTED,2024-06-03T18:20:56.522Z
22692,47318,TX20240824650341,WIT_FEE,50,MRU,2814,PLATFORM,COLLECTED,2024-08-24T13:08:42.129Z
22693,47320,TX20240829322059,WIT_FEE,50,MRU,4982,PLATFORM,COLLECTED,2024-08-29T10:06:12.172Z
22694,47323,TX20241011465243,PAY_FEE,59,MRU,260,MERCHANT,COLLECTED,2024-10-11T15:01:35.245Z
22695,47324,TX20241119041977,WIT_FEE,100,MRU,7339,PLATFORM,COLLECTED,2024-11-19T08:11:46.188Z
22696,47326,TX20240110321252,TRF_FEE,25,MRU,685,PLATFORM,COLLECTED,2024-01-10T17:00:41.950Z
22697,47334,TX20241031390497,TRF_FEE,50,MRU,9760,PLATFORM,COLLECTED,2024-10-31T07:34:15.318Z
22698,47335,TX20240227650415,TRF_FEE,25,MRU,7196,PLATFORM,COLLECTED,2024-02-27T05:40:07.908Z
22699,47339,TX20240212777623,TRF_FEE,25,MRU,6979,PLATFORM,COLLECTED,2024-02-12T08:56:25.247Z
22700,47341,TX20240415871317,PAY_FEE,35,MRU,9043,MERCHANT,COLLECTED,2024-04-15T20:30:48.471Z
22701,47345,TX20240627461043,WIT_FEE,50,MRU,1768,PLATFORM,COLLECTED,2024-06-27T07:34:11.283Z
22702,47346,TX20240720404078,TRF_FEE,50,MRU,4921,PLATFORM,COLLECTED,2024-07-20T15:44:46.105Z
22703,47348,TX20240813412944,WIT_FEE,50,MRU,7249,PLATFORM,COLLECTED,2024-08-13T16:45:57.522Z
22704,47353,TX20241113333532,SAL_FEE,1795,MRU,463,PLATFORM,COLLECTED,2024-11-13T18:40:08.494Z
22705,47355,TX20240414255380,TRF_FEE,50,MRU,9766,PLATFORM,COLLECTED,2024-04-14T14:03:31.759Z
22706,47356,TX20241008601291,TRF_FEE,50,MRU,8523,PLATFORM,COLLECTED,2024-10-08T07:42:01.934Z
22707,47358,TX20240325975656,TRF_FEE,25,MRU,3879,PLATFORM,COLLECTED,2024-03-25T08:05:08.617Z
22708,47360,TX20240514544423,WIT_FEE,50,MRU,5052,PLATFORM,COLLECTED,2024-05-14T15:06:24.160Z
22709,47361,TX20240629580077,PAY_FEE,74,MRU,1016,MERCHANT,COLLECTED,2024-06-29T06:28:51.765Z
22710,47363,TX20240601570024,PAY_FEE,63,MRU,49,MERCHANT,COLLECTED,2024-06-01T19:17:52.933Z
22711,47364,TX20241022210883,TRF_FEE,25,MRU,3393,PLATFORM,COLLECTED,2024-10-22T14:11:48.545Z
22712,47365,TX20241102559862,TRF_FEE,10,MRU,6493,PLATFORM,COLLECTED,2024-11-02T14:16:46.806Z
22713,47366,TX20241213634265,WIT_FEE,50,MRU,1893,PLATFORM,COLLECTED,2024-12-13T16:52:40.042Z
22714,47369,TX20240504797858,WIT_FEE,50,MRU,6514,PLATFORM,COLLECTED,2024-05-04T13:52:51.249Z
22715,47372,TX20240705412426,WIT_FEE,50,MRU,7894,PLATFORM,COLLECTED,2024-07-05T17:52:00.295Z
22716,47373,TX20240405015149,TRF_FEE,25,MRU,9246,PLATFORM,COLLECTED,2024-04-05T13:40:25.254Z
22717,47376,TX20240625106006,WIT_FEE,50,MRU,6710,PLATFORM,COLLECTED,2024-06-25T17:02:11.646Z
22718,47387,TX20240702929963,WIT_FEE,79,MRU,58,PLATFORM,COLLECTED,2024-07-02T09:31:03.479Z
22719,47395,TX20240221829859,BIL_FEE,100,MRU,5765,PLATFORM,COLLECTED,2024-02-21T18:01:48.922Z
22720,47396,TX20240715527954,TRF_FEE,25,MRU,6465,PLATFORM,COLLECTED,2024-07-15T08:51:27.573Z
22721,47398,TX20240506853218,TRF_FEE,25,MRU,8492,PLATFORM,COLLECTED,2024-05-06T12:40:59.548Z
22722,47400,TX20240618793980,WIT_FEE,200,MRU,10925,PLATFORM,COLLECTED,2024-06-18T14:12:50.217Z
22723,47404,TX20241101818242,PAY_FEE,24,MRU,10897,MERCHANT,COLLECTED,2024-11-01T10:54:58.846Z
22724,47405,TX20240209000085,TRF_FEE,50,MRU,4184,PLATFORM,COLLECTED,2024-02-09T19:44:14.441Z
22725,47407,TX20240204373446,TRF_FEE,25,MRU,10214,PLATFORM,COLLECTED,2024-02-04T08:11:17.137Z
22726,47408,TX20240420720097,TRF_FEE,25,MRU,10646,PLATFORM,COLLECTED,2024-04-20T15:49:07.933Z
22727,47409,TX20240508626365,TRF_FEE,25,MRU,1112,PLATFORM,COLLECTED,2024-05-08T09:43:56.688Z
22728,47411,TX20240509778323,WIT_FEE,300,MRU,2911,PLATFORM,COLLECTED,2024-05-09T15:24:01.031Z
22729,47412,TX20240322808216,BIL_FEE,100,MRU,7117,PLATFORM,COLLECTED,2024-03-22T13:51:35.135Z
22730,47413,TX20240201201006,PAY_FEE,39,MRU,8293,MERCHANT,COLLECTED,2024-02-01T16:59:14.507Z
22731,47414,TX20241220109686,WIT_FEE,50,MRU,2846,PLATFORM,COLLECTED,2024-12-20T18:01:44.536Z
22732,47415,TX20241015455462,BIL_FEE,100,MRU,914,PLATFORM,COLLECTED,2024-10-15T04:47:27.080Z
22733,47416,TX20240819041200,TRF_FEE,50,MRU,1589,PLATFORM,COLLECTED,2024-08-19T12:28:46.887Z
22734,47418,TX20240324093225,TRF_FEE,10,MRU,7593,PLATFORM,COLLECTED,2024-03-24T08:48:12.371Z
22735,47419,TX20241005993024,PAY_FEE,6,MRU,385,MERCHANT,COLLECTED,2024-10-05T07:47:21.885Z
22736,47420,TX20241223263882,BIL_FEE,100,MRU,6612,PLATFORM,COLLECTED,2024-12-23T16:51:21.459Z
22737,47421,TX20241031787868,TRF_FEE,25,MRU,5074,PLATFORM,COLLECTED,2024-10-31T08:00:21.187Z
22738,47423,TX20240429031847,WIT_FEE,50,MRU,4547,PLATFORM,COLLECTED,2024-04-29T07:40:30.100Z
22739,47428,TX20240219969080,PAY_FEE,23,MRU,9052,MERCHANT,COLLECTED,2024-02-19T16:00:42.248Z
22740,47430,TX20240609842323,TRF_FEE,25,MRU,914,PLATFORM,COLLECTED,2024-06-09T14:31:56.428Z
22741,47431,TX20240605226557,TRF_FEE,25,MRU,4634,PLATFORM,COLLECTED,2024-06-05T17:26:26.148Z
22742,47432,TX20240608516593,TRF_FEE,50,MRU,480,PLATFORM,COLLECTED,2024-06-08T15:49:13.802Z
22743,47434,TX20240511510487,TRF_FEE,25,MRU,6824,PLATFORM,COLLECTED,2024-05-11T14:02:30.662Z
22744,47436,TX20241127532892,WIT_FEE,50,MRU,8273,PLATFORM,COLLECTED,2024-11-27T20:15:35.964Z
22745,47439,TX20240313223806,PAY_FEE,9,MRU,7581,MERCHANT,COLLECTED,2024-03-13T20:08:07.872Z
22746,47440,TX20240507342997,TRF_FEE,50,MRU,7581,PLATFORM,COLLECTED,2024-05-07T07:03:10.987Z
22747,47441,TX20240817933561,PAY_FEE,66,MRU,62,MERCHANT,COLLECTED,2024-08-17T06:13:59.827Z
22748,47443,TX20241209635959,SAL_FEE,335,MRU,4865,PLATFORM,COLLECTED,2024-12-09T10:12:30.366Z
22749,47446,TX20241230379433,PAY_FEE,72,MRU,4723,MERCHANT,COLLECTED,2024-12-30T12:15:45.549Z
22750,47448,TX20241230915440,SAL_FEE,270,MRU,2110,PLATFORM,COLLECTED,2024-12-30T20:07:58.612Z
22751,47449,TX20240224334672,PAY_FEE,41,MRU,3753,MERCHANT,COLLECTED,2024-02-24T19:56:24.122Z
22752,47457,TX20240229407032,TRF_FEE,25,MRU,10315,PLATFORM,COLLECTED,2024-02-29T18:03:25.827Z
22753,47461,TX20241218102318,TRF_FEE,50,MRU,2157,PLATFORM,COLLECTED,2024-12-18T09:09:43.345Z
22754,47465,TX20241218139829,TRF_FEE,10,MRU,2653,PLATFORM,COLLECTED,2024-12-18T19:14:54.734Z
22755,47466,TX20241102079412,WIT_FEE,370,MRU,2960,PLATFORM,COLLECTED,2024-11-02T16:18:09.358Z
22756,47467,TX20240518901101,BIL_FEE,100,MRU,2219,PLATFORM,COLLECTED,2024-05-18T14:32:01.932Z
22757,47470,TX20240523111569,PAY_FEE,20,MRU,10396,MERCHANT,COLLECTED,2024-05-23T06:40:18.868Z
22758,47472,TX20240817362324,SAL_FEE,1060,MRU,7000,PLATFORM,COLLECTED,2024-08-17T07:04:42.482Z
22759,47476,TX20241121338944,TRF_FEE,50,MRU,5154,PLATFORM,COLLECTED,2024-11-21T17:52:24.156Z
22760,47477,TX20240109137432,TRF_FEE,25,MRU,6514,PLATFORM,COLLECTED,2024-01-09T07:14:15.160Z
22761,47478,TX20240127919655,WIT_FEE,50,MRU,3583,PLATFORM,COLLECTED,2024-01-27T09:04:08.558Z
22762,47479,TX20240501617567,WIT_FEE,50,MRU,1347,PLATFORM,COLLECTED,2024-05-01T06:15:25.028Z
22763,47480,TX20240204655627,TRF_FEE,50,MRU,1944,PLATFORM,COLLECTED,2024-02-04T15:32:19.465Z
22764,47481,TX20240520144964,WIT_FEE,260,MRU,8708,PLATFORM,COLLECTED,2024-05-20T10:53:50.474Z
22765,47482,TX20240503494542,PAY_FEE,62,MRU,5613,MERCHANT,COLLECTED,2024-05-03T18:54:05.609Z
22766,47487,TX20240814911430,WIT_FEE,50,MRU,4958,PLATFORM,COLLECTED,2024-08-14T05:39:25.052Z
22767,47488,TX20240225268371,PAY_FEE,29,MRU,6194,MERCHANT,COLLECTED,2024-02-25T13:07:02.153Z
22768,47490,TX20240504978259,TRF_FEE,50,MRU,8686,PLATFORM,COLLECTED,2024-05-04T17:25:22.179Z
22769,47494,TX20240219421306,WIT_FEE,50,MRU,1100,PLATFORM,COLLECTED,2024-02-19T14:08:52.381Z
22770,47495,TX20241215507673,WIT_FEE,50,MRU,7864,PLATFORM,COLLECTED,2024-12-15T14:11:00.934Z
22771,47496,TX20240229901494,TRF_FEE,25,MRU,1616,PLATFORM,COLLECTED,2024-02-29T09:43:42.990Z
22772,47497,TX20240801780089,WIT_FEE,50,MRU,10098,PLATFORM,COLLECTED,2024-08-01T06:44:12.528Z
22773,47499,TX20240124348113,WIT_FEE,500,MRU,6548,PLATFORM,COLLECTED,2024-01-24T10:28:03.073Z
22774,47500,TX20240410864469,SAL_FEE,930,MRU,6844,PLATFORM,COLLECTED,2024-04-10T15:34:36.063Z
22775,47502,TX20241116034785,WIT_FEE,50,MRU,4329,PLATFORM,COLLECTED,2024-11-16T17:54:43.002Z
22776,47504,TX20241121617248,SAL_FEE,1425,MRU,6840,PLATFORM,COLLECTED,2024-11-21T22:36:06.107Z
22777,47506,TX20240622895340,TRF_FEE,25,MRU,1093,PLATFORM,COLLECTED,2024-06-22T13:39:27.304Z
22778,47507,TX20241222270997,WIT_FEE,50,MRU,5235,PLATFORM,COLLECTED,2024-12-22T05:59:16.742Z
22779,47510,TX20240521151451,WIT_FEE,50,MRU,6163,PLATFORM,COLLECTED,2024-05-21T16:48:30.128Z
22780,47511,TX20240920572615,TRF_FEE,50,MRU,518,PLATFORM,COLLECTED,2024-09-20T18:50:33.698Z
22781,47513,TX20240821218231,TRF_FEE,50,MRU,4758,PLATFORM,COLLECTED,2024-08-21T18:49:58.061Z
22782,47518,TX20241222256104,TRF_FEE,10,MRU,2364,PLATFORM,COLLECTED,2024-12-22T10:39:26.108Z
22783,47519,TX20240222459253,WIT_FEE,50,MRU,5160,PLATFORM,COLLECTED,2024-02-22T11:24:24.312Z
22784,47521,TX20240406707074,WIT_FEE,50,MRU,6591,PLATFORM,COLLECTED,2024-04-06T15:46:47.031Z
22785,47523,TX20240229747740,WIT_FEE,110,MRU,9313,PLATFORM,COLLECTED,2024-02-29T14:36:55.057Z
22786,47524,TX20241021943572,TRF_FEE,50,MRU,7534,PLATFORM,COLLECTED,2024-10-21T13:01:48.013Z
22787,47525,TX20240818794610,WIT_FEE,50,MRU,7356,PLATFORM,COLLECTED,2024-08-18T07:02:54.638Z
22788,47530,TX20240629219300,WIT_FEE,50,MRU,6953,PLATFORM,COLLECTED,2024-06-29T16:46:36.291Z
22789,47534,TX20240113487234,TRF_FEE,50,MRU,1310,PLATFORM,COLLECTED,2024-01-13T18:53:27.369Z
22790,47535,TX20240525316421,WIT_FEE,50,MRU,7188,PLATFORM,COLLECTED,2024-05-25T11:42:17.850Z
22791,47539,TX20240702121828,SAL_FEE,1495,MRU,4777,PLATFORM,COLLECTED,2024-07-02T16:28:49.935Z
22792,47540,TX20240623419470,WIT_FEE,50,MRU,2668,PLATFORM,COLLECTED,2024-06-23T11:31:08.657Z
22793,47541,TX20240915747795,TRF_FEE,25,MRU,10544,PLATFORM,COLLECTED,2024-09-15T17:41:02.302Z
22794,47542,TX20240204303375,WIT_FEE,100,MRU,3923,PLATFORM,COLLECTED,2024-02-04T10:23:29.841Z
22795,47548,TX20240706551321,PAY_FEE,89,MRU,3153,MERCHANT,COLLECTED,2024-07-06T11:19:04.473Z
22796,47550,TX20240114640547,BIL_FEE,100,MRU,2026,PLATFORM,COLLECTED,2024-01-14T20:17:44.016Z
22797,47553,TX20240829631273,WIT_FEE,180,MRU,10119,PLATFORM,COLLECTED,2024-08-29T05:31:45.885Z
22798,47554,TX20240108554195,PAY_FEE,69,MRU,4640,MERCHANT,COLLECTED,2024-01-08T19:46:35.243Z
22799,47555,TX20240910519016,PAY_FEE,32,MRU,4872,MERCHANT,COLLECTED,2024-09-10T18:07:54.247Z
22800,47557,TX20240625408001,PAY_FEE,27,MRU,6913,MERCHANT,COLLECTED,2024-06-25T13:48:49.295Z
22801,47558,TX20240920989534,WIT_FEE,100,MRU,1742,PLATFORM,COLLECTED,2024-09-20T19:52:56.855Z
22802,47559,TX20241206151683,WIT_FEE,50,MRU,5463,PLATFORM,COLLECTED,2024-12-06T08:57:34.749Z
22803,47560,TX20241109587526,WIT_FEE,500,MRU,2669,PLATFORM,COLLECTED,2024-11-09T07:29:02.849Z
22804,47563,TX20240804186517,PAY_FEE,68,MRU,2509,MERCHANT,COLLECTED,2024-08-04T08:46:48.587Z
22805,47567,TX20240816744525,WIT_FEE,200,MRU,6991,PLATFORM,COLLECTED,2024-08-16T17:51:14.589Z
22806,47568,TX20241216309735,WIT_FEE,50,MRU,9692,PLATFORM,COLLECTED,2024-12-16T12:10:10.936Z
22807,47571,TX20241101977697,WIT_FEE,50,MRU,3412,PLATFORM,COLLECTED,2024-11-01T05:35:31.507Z
22808,47576,TX20240913151730,WIT_FEE,200,MRU,3162,PLATFORM,COLLECTED,2024-09-13T15:03:22.649Z
22809,47578,TX20240425063069,PAY_FEE,41,MRU,6404,MERCHANT,COLLECTED,2024-04-25T08:20:18.440Z
22810,47580,TX20240823083007,TRF_FEE,50,MRU,6680,PLATFORM,COLLECTED,2024-08-23T15:08:22.712Z
22811,47584,TX20240519707356,WIT_FEE,50,MRU,3555,PLATFORM,COLLECTED,2024-05-19T06:57:11.164Z
22812,47585,TX20240702244402,WIT_FEE,62,MRU,58,PLATFORM,COLLECTED,2024-07-02T09:31:03.479Z
22813,47587,TX20241221227919,WIT_FEE,50,MRU,10518,PLATFORM,COLLECTED,2024-12-21T05:28:57.658Z
22814,47588,TX20240713980024,TRF_FEE,25,MRU,8439,PLATFORM,COLLECTED,2024-07-13T19:22:50.097Z
22815,47590,TX20240526817719,TRF_FEE,25,MRU,2605,PLATFORM,COLLECTED,2024-05-26T08:17:19.671Z
22816,47591,TX20241109481310,TRF_FEE,25,MRU,1467,PLATFORM,COLLECTED,2024-11-09T17:44:01.403Z
22817,47595,TX20241008420921,TRF_FEE,25,MRU,7417,PLATFORM,COLLECTED,2024-10-08T13:24:35.705Z
22818,47598,TX20240320717300,PAY_FEE,23,MRU,3659,MERCHANT,COLLECTED,2024-03-20T21:05:47.348Z
22819,47603,TX20241029775169,WIT_FEE,50,MRU,5856,PLATFORM,COLLECTED,2024-10-29T14:07:04.178Z
22820,47607,TX20240719019573,TRF_FEE,50,MRU,9181,PLATFORM,COLLECTED,2024-07-19T14:19:51.736Z
22821,47609,TX20240909354866,TRF_FEE,25,MRU,5035,PLATFORM,COLLECTED,2024-09-09T03:20:16.668Z
22822,47610,TX20240204859511,WIT_FEE,50,MRU,6334,PLATFORM,COLLECTED,2024-02-04T06:54:42.335Z
22823,47611,TX20241109507419,WIT_FEE,50,MRU,10082,PLATFORM,COLLECTED,2024-11-09T20:43:22.462Z
22824,47612,TX20241002536097,TRF_FEE,10,MRU,6983,PLATFORM,COLLECTED,2024-10-02T17:11:47.842Z
22825,47614,TX20240312887828,TRF_FEE,50,MRU,4372,PLATFORM,COLLECTED,2024-03-12T14:49:01.584Z
22826,47616,TX20240520247102,TRF_FEE,25,MRU,6925,PLATFORM,COLLECTED,2024-05-20T15:13:50.797Z
22827,47618,TX20240708324321,WIT_FEE,50,MRU,7810,PLATFORM,COLLECTED,2024-07-08T19:04:53.750Z
22828,47620,TX20241002798597,PAY_FEE,36,MRU,323,MERCHANT,COLLECTED,2024-10-02T16:16:26.942Z
22829,47621,TX20240821507372,TRF_FEE,10,MRU,8290,PLATFORM,COLLECTED,2024-08-21T09:09:11.143Z
22830,47622,TX20240726144634,PAY_FEE,13,MRU,2771,MERCHANT,COLLECTED,2024-07-26T15:29:50.024Z
22831,47626,TX20241104704040,TRF_FEE,25,MRU,1762,PLATFORM,COLLECTED,2024-11-04T11:55:33.824Z
22832,47627,TX20240304871064,TRF_FEE,50,MRU,10689,PLATFORM,COLLECTED,2024-03-04T07:28:49.097Z
22833,47628,TX20240506704561,WIT_FEE,50,MRU,6091,PLATFORM,COLLECTED,2024-05-06T15:12:57.810Z
22834,47632,TX20240528528703,PAY_FEE,119,MRU,8394,MERCHANT,COLLECTED,2024-05-28T09:24:27.586Z
22835,47635,TX20240224249536,TRF_FEE,50,MRU,2455,PLATFORM,COLLECTED,2024-02-24T14:49:55.994Z
22836,47638,TX20241005687563,TRF_FEE,10,MRU,6421,PLATFORM,COLLECTED,2024-10-05T06:54:14.221Z
22837,47639,TX20241026827417,TRF_FEE,50,MRU,6350,PLATFORM,COLLECTED,2024-10-26T13:36:55.642Z
22838,47640,TX20240613293388,WIT_FEE,50,MRU,7002,PLATFORM,COLLECTED,2024-06-13T12:44:17.467Z
22839,47642,TX20241005584734,TRF_FEE,25,MRU,3872,PLATFORM,COLLECTED,2024-10-05T16:31:48.814Z
22840,47644,TX20241004501358,PAY_FEE,345,MRU,7679,MERCHANT,COLLECTED,2024-10-04T07:35:16.443Z
22841,47650,TX20240529965430,WIT_FEE,50,MRU,5925,PLATFORM,COLLECTED,2024-05-29T07:47:17.499Z
22842,47651,TX20241122284803,TRF_FEE,10,MRU,3562,PLATFORM,COLLECTED,2024-11-22T06:06:03.343Z
22843,47660,TX20241204726131,TRF_FEE,25,MRU,2119,PLATFORM,COLLECTED,2024-12-04T16:16:27.362Z
22844,47661,TX20240620582224,PAY_FEE,23,MRU,5887,MERCHANT,COLLECTED,2024-06-20T14:47:46.040Z
22845,47662,TX20240229860736,PAY_FEE,12,MRU,7724,MERCHANT,COLLECTED,2024-02-29T20:10:39.372Z
22846,47663,TX20241218511063,TRF_FEE,10,MRU,2653,PLATFORM,COLLECTED,2024-12-18T19:14:54.734Z
22847,47664,TX20240924760695,PAY_FEE,60,MRU,7520,MERCHANT,COLLECTED,2024-09-24T08:09:21.267Z
22848,47665,TX20241126008118,WIT_FEE,500,MRU,10289,PLATFORM,COLLECTED,2024-11-26T10:42:32.029Z
22849,47668,TX20240523853941,PAY_FEE,20,MRU,10396,MERCHANT,COLLECTED,2024-05-23T06:40:18.868Z
22850,47669,TX20240907909070,PAY_FEE,32,MRU,9458,MERCHANT,COLLECTED,2024-09-07T10:03:24.712Z
22851,47672,TX20240513349603,TRF_FEE,25,MRU,5381,PLATFORM,COLLECTED,2024-05-13T08:15:43.547Z
22852,47676,TX20240428734251,TRF_FEE,25,MRU,9310,PLATFORM,COLLECTED,2024-04-28T10:21:33.168Z
22853,47677,TX20241125855508,TRF_FEE,10,MRU,4159,PLATFORM,COLLECTED,2024-11-25T10:24:28.144Z
22854,47684,TX20240820437545,TRF_FEE,50,MRU,8927,PLATFORM,COLLECTED,2024-08-20T17:24:46.052Z
22855,47685,TX20240123333969,TRF_FEE,10,MRU,8784,PLATFORM,COLLECTED,2024-01-23T15:25:03.447Z
22856,47686,TX20241128345785,TRF_FEE,10,MRU,425,PLATFORM,COLLECTED,2024-11-28T15:09:32.131Z
22857,47688,TX20240523522261,SAL_FEE,655,MRU,4066,PLATFORM,COLLECTED,2024-05-23T12:20:53.422Z
22858,47690,TX20240719235066,TRF_FEE,50,MRU,145,PLATFORM,COLLECTED,2024-07-19T15:11:26.567Z
22859,47694,TX20240724716857,PAY_FEE,45,MRU,7916,MERCHANT,COLLECTED,2024-07-24T21:33:09.308Z
22860,47695,TX20240316946193,PAY_FEE,315,MRU,1031,MERCHANT,COLLECTED,2024-03-16T13:54:35.239Z
22861,47698,TX20241016788596,WIT_FEE,50,MRU,3348,PLATFORM,COLLECTED,2024-10-16T13:36:03.620Z
22862,47702,TX20241121062260,SAL_FEE,1425,MRU,6840,PLATFORM,COLLECTED,2024-11-21T22:36:06.107Z
22863,47705,TX20240516182866,TRF_FEE,25,MRU,252,PLATFORM,COLLECTED,2024-05-16T08:17:16.977Z
22864,47706,TX20240812304257,WIT_FEE,50,MRU,8809,PLATFORM,COLLECTED,2024-08-12T17:42:19.507Z
22865,47709,TX20240109572615,BIL_FEE,100,MRU,9223,PLATFORM,COLLECTED,2024-01-09T08:28:43.945Z
22866,47712,TX20240304060209,WIT_FEE,50,MRU,4685,PLATFORM,COLLECTED,2024-03-04T11:16:59.493Z
22867,47713,TX20240602054081,PAY_FEE,65,MRU,6768,MERCHANT,COLLECTED,2024-06-02T08:19:44.679Z
22868,47714,TX20240601250387,WIT_FEE,50,MRU,7986,PLATFORM,COLLECTED,2024-06-01T08:07:36.023Z
22869,47716,TX20240829639029,WIT_FEE,50,MRU,4982,PLATFORM,COLLECTED,2024-08-29T10:06:12.172Z
22870,47717,TX20240423453112,TRF_FEE,10,MRU,7087,PLATFORM,COLLECTED,2024-04-23T11:05:23.016Z
22871,47722,TX20241021016550,TRF_FEE,50,MRU,7534,PLATFORM,COLLECTED,2024-10-21T13:01:48.013Z
22872,47723,TX20240311794610,TRF_FEE,25,MRU,4755,PLATFORM,COLLECTED,2024-03-11T06:54:38.666Z
22873,47726,TX20240619055048,TRF_FEE,50,MRU,112,PLATFORM,COLLECTED,2024-06-19T18:01:42.461Z
22874,47731,TX20240810417324,TRF_FEE,50,MRU,7361,PLATFORM,COLLECTED,2024-08-10T13:31:30.589Z
22875,47732,TX20240514285563,TRF_FEE,50,MRU,9536,PLATFORM,COLLECTED,2024-05-14T06:22:12.818Z
22876,47733,TX20241106652448,WIT_FEE,50,MRU,2868,PLATFORM,COLLECTED,2024-11-06T15:55:27.520Z
22877,47734,TX20240212585250,TRF_FEE,25,MRU,3533,PLATFORM,COLLECTED,2024-02-12T10:30:03.855Z
22878,47735,TX20240331824069,TRF_FEE,25,MRU,8082,PLATFORM,COLLECTED,2024-03-31T14:55:27.755Z
22879,47740,TX20240701303375,WIT_FEE,50,MRU,3686,PLATFORM,COLLECTED,2024-07-01T16:21:27.706Z
22880,47749,TX20240517333532,WIT_FEE,50,MRU,1630,PLATFORM,COLLECTED,2024-05-17T19:52:53.672Z
22881,47751,TX20240120631273,TRF_FEE,25,MRU,9423,PLATFORM,COLLECTED,2024-01-20T13:45:53.917Z
22882,47752,TX20240108630401,PAY_FEE,69,MRU,4640,MERCHANT,COLLECTED,2024-01-08T19:46:35.243Z
22883,47754,TX20241028467082,TRF_FEE,50,MRU,10622,PLATFORM,COLLECTED,2024-10-28T08:14:57.302Z
22884,47756,TX20241116456249,SAL_FEE,1080,MRU,2872,PLATFORM,COLLECTED,2024-11-16T19:51:09.774Z
22885,47758,TX20240130501814,TRF_FEE,50,MRU,829,PLATFORM,COLLECTED,2024-01-30T20:25:23.857Z
22886,47759,TX20240601709259,PAY_FEE,63,MRU,49,MERCHANT,COLLECTED,2024-06-01T19:17:52.933Z
22887,47765,TX20240504774122,WIT_FEE,50,MRU,6514,PLATFORM,COLLECTED,2024-05-04T13:52:51.249Z
22888,47766,TX20240924218763,TRF_FEE,50,MRU,1932,PLATFORM,COLLECTED,2024-09-24T08:57:29.178Z
22889,47767,TX20240831851426,TRF_FEE,25,MRU,2579,PLATFORM,COLLECTED,2024-08-31T04:44:23.185Z
22890,47772,TX20240625893498,WIT_FEE,50,MRU,6710,PLATFORM,COLLECTED,2024-06-25T17:02:11.646Z
22891,47774,TX20241214149813,TRF_FEE,25,MRU,4182,PLATFORM,COLLECTED,2024-12-14T10:42:46.056Z
22892,47777,TX20240205272883,TRF_FEE,50,MRU,5360,PLATFORM,COLLECTED,2024-02-05T21:26:13.799Z
22893,47779,TX20241122264632,TRF_FEE,50,MRU,7094,PLATFORM,COLLECTED,2024-11-22T07:37:53.713Z
22894,47785,TX20240107164475,SAL_FEE,1110,MRU,4878,PLATFORM,COLLECTED,2024-01-07T12:57:39.953Z
22895,47786,TX20240202198635,WIT_FEE,50,MRU,4178,PLATFORM,COLLECTED,2024-02-02T19:30:31.967Z
22896,47787,TX20241227416734,PAY_FEE,30,MRU,9859,MERCHANT,COLLECTED,2024-12-27T07:09:19.279Z
22897,47788,TX20240501069908,TRF_FEE,25,MRU,3037,PLATFORM,COLLECTED,2024-05-01T20:40:33.399Z
22898,47790,TX20240118905356,PAY_FEE,8,MRU,4966,MERCHANT,COLLECTED,2024-01-18T11:11:42.717Z
22899,47794,TX20241119007315,PAY_FEE,585,MRU,10875,MERCHANT,COLLECTED,2024-11-19T13:20:32.674Z
22900,47796,TX20240618074212,WIT_FEE,200,MRU,10925,PLATFORM,COLLECTED,2024-06-18T14:12:50.217Z
22901,47797,TX20240611729269,TRF_FEE,25,MRU,8292,PLATFORM,COLLECTED,2024-06-11T14:38:40.403Z
22902,47802,TX20241215546279,WIT_FEE,50,MRU,146,PLATFORM,COLLECTED,2024-12-15T09:27:02.772Z
22903,47805,TX20240107936455,TRF_FEE,50,MRU,4521,PLATFORM,COLLECTED,2024-01-07T11:01:16.634Z
22904,47809,TX20240617487216,WIT_FEE,50,MRU,5543,PLATFORM,COLLECTED,2024-06-17T17:23:19.498Z
22905,47811,TX20240208790003,TRF_FEE,50,MRU,8163,PLATFORM,COLLECTED,2024-02-08T15:31:01.373Z
22906,47817,TX20241020167551,SAL_FEE,885,MRU,8125,PLATFORM,COLLECTED,2024-10-20T18:11:59.824Z
22907,47818,TX20240608683661,PAY_FEE,35,MRU,8900,MERCHANT,COLLECTED,2024-06-08T06:52:47.755Z
22908,47819,TX20240204548736,SAL_FEE,605,MRU,3692,PLATFORM,COLLECTED,2024-02-04T17:12:37.638Z
22909,47823,TX20240119376086,TRF_FEE,25,MRU,558,PLATFORM,COLLECTED,2024-01-19T07:05:58.449Z
22910,47826,TX20240606969676,WIT_FEE,280,MRU,10554,PLATFORM,COLLECTED,2024-06-06T08:20:45.203Z
22911,47827,TX20240818614517,SAL_FEE,1210,MRU,4748,PLATFORM,COLLECTED,2024-08-18T12:15:13.843Z
22912,47832,TX20240530188363,TRF_FEE,10,MRU,10605,PLATFORM,COLLECTED,2024-05-30T15:09:18.908Z
22913,47833,TX20240131636561,TRF_FEE,25,MRU,8080,PLATFORM,COLLECTED,2024-01-31T10:52:14.046Z
22914,47836,TX20240410549404,TRF_FEE,25,MRU,1970,PLATFORM,COLLECTED,2024-04-10T10:20:09.058Z
22915,47840,TX20241108020827,WIT_FEE,50,MRU,7542,PLATFORM,COLLECTED,2024-11-08T10:53:48.130Z
22916,47846,TX20240105685114,TRF_FEE,10,MRU,3173,PLATFORM,COLLECTED,2024-01-05T16:23:00.117Z
22917,47850,TX20240922691311,TRF_FEE,25,MRU,3428,PLATFORM,COLLECTED,2024-09-22T11:59:09.607Z
22918,47853,TX20240118490386,WIT_FEE,470,MRU,4680,PLATFORM,COLLECTED,2024-01-18T15:09:54.050Z
22919,47857,TX20241218516142,TRF_FEE,50,MRU,2157,PLATFORM,COLLECTED,2024-12-18T09:09:43.345Z
22920,47858,TX20240310578597,WIT_FEE,50,MRU,8684,PLATFORM,COLLECTED,2024-03-10T17:26:09.081Z
22921,47861,TX20240910283255,TRF_FEE,50,MRU,10444,PLATFORM,COLLECTED,2024-09-10T14:07:39.350Z
22922,47862,TX20240927231862,TRF_FEE,50,MRU,997,PLATFORM,COLLECTED,2024-09-27T15:47:47.617Z
22923,47864,TX20240626728686,PAY_FEE,5,MRU,6790,MERCHANT,COLLECTED,2024-06-26T04:12:16.875Z
22924,47865,TX20240811200139,WIT_FEE,50,MRU,2839,PLATFORM,COLLECTED,2024-08-11T15:44:08.202Z
22925,47868,TX20240627211911,WIT_FEE,50,MRU,5110,PLATFORM,COLLECTED,2024-06-27T12:54:31.048Z
22926,47869,TX20241215348548,WIT_FEE,50,MRU,7888,PLATFORM,COLLECTED,2024-12-15T08:12:22.248Z
22927,47870,TX20240807979723,TRF_FEE,25,MRU,4823,PLATFORM,COLLECTED,2024-08-07T16:59:46.428Z
22928,47875,TX20241001719097,WIT_FEE,50,MRU,875,PLATFORM,COLLECTED,2024-10-01T08:02:13.989Z
22929,47876,TX20241208159950,TRF_FEE,50,MRU,1944,PLATFORM,COLLECTED,2024-12-08T16:40:33.592Z
22930,47881,TX20240408657480,WIT_FEE,50,MRU,3401,PLATFORM,COLLECTED,2024-04-08T15:22:54.086Z
22931,47882,TX20240113869470,TRF_FEE,50,MRU,6427,PLATFORM,COLLECTED,2024-01-13T19:37:07.412Z
22932,47884,TX20241227725248,PAY_FEE,69,MRU,9429,MERCHANT,COLLECTED,2024-12-27T16:24:26.524Z
22933,47885,TX20240619524770,WIT_FEE,50,MRU,5944,PLATFORM,COLLECTED,2024-06-19T12:50:50.936Z
22934,47886,TX20240404175109,TRF_FEE,10,MRU,1566,PLATFORM,COLLECTED,2024-04-04T15:34:04.642Z
22935,47887,TX20240704415407,TRF_FEE,50,MRU,3526,PLATFORM,COLLECTED,2024-07-04T07:40:55.811Z
22936,47888,TX20241025821951,WIT_FEE,50,MRU,5201,PLATFORM,COLLECTED,2024-10-25T14:46:05.892Z
22937,47889,TX20241019353825,TRF_FEE,25,MRU,8390,PLATFORM,COLLECTED,2024-10-19T11:08:46.062Z
22938,47891,TX20241106585183,PAY_FEE,480,MRU,4393,MERCHANT,COLLECTED,2024-11-06T22:59:55.513Z
22939,47893,TX20240108541436,TRF_FEE,25,MRU,8211,PLATFORM,COLLECTED,2024-01-08T12:56:46.225Z
22940,47896,TX20240920914863,WIT_FEE,50,MRU,10520,PLATFORM,COLLECTED,2024-09-20T07:45:38.824Z
22941,47897,TX20240827261908,WIT_FEE,50,MRU,9771,PLATFORM,COLLECTED,2024-08-27T15:46:42.209Z
22942,47898,TX20240113515538,TRF_FEE,25,MRU,383,PLATFORM,COLLECTED,2024-01-13T19:46:36.472Z
22943,47899,TX20240409869933,WIT_FEE,50,MRU,6638,PLATFORM,COLLECTED,2024-04-09T10:48:16.004Z
22944,47900,TX20240225510242,TRF_FEE,25,MRU,9723,PLATFORM,COLLECTED,2024-02-25T08:06:37.062Z
22945,47901,TX20240319847702,SAL_FEE,575,MRU,3818,PLATFORM,COLLECTED,2024-03-19T15:27:39.426Z
22946,47903,TX20240621471475,PAY_FEE,17,MRU,10297,MERCHANT,COLLECTED,2024-06-21T10:29:24.536Z
22947,47914,TX20240427501612,SAL_FEE,1260,MRU,1921,PLATFORM,COLLECTED,2024-04-27T14:26:06.213Z
22948,47915,TX20240511439024,WIT_FEE,50,MRU,3459,PLATFORM,COLLECTED,2024-05-11T07:26:24.400Z
22949,47916,TX20241015970117,TRF_FEE,25,MRU,4821,PLATFORM,COLLECTED,2024-10-15T04:04:33.868Z
22950,47918,TX20241018325569,WIT_FEE,50,MRU,9777,PLATFORM,COLLECTED,2024-10-18T17:58:09.373Z
22951,47919,TX20240106997270,SAL_FEE,380,MRU,10227,PLATFORM,COLLECTED,2024-01-06T09:09:35.604Z
22952,47921,TX20241223218158,TRF_FEE,50,MRU,6965,PLATFORM,COLLECTED,2024-12-23T15:35:50.295Z
22953,47922,TX20240616031198,PAY_FEE,38,MRU,4404,MERCHANT,COLLECTED,2024-06-16T13:47:01.716Z
22954,47925,TX20240201985179,TRF_FEE,50,MRU,3935,PLATFORM,COLLECTED,2024-02-01T07:09:52.190Z
22955,47929,TX20240726908769,TRF_FEE,10,MRU,791,PLATFORM,COLLECTED,2024-07-26T09:00:21.113Z
22956,47931,TX20240118466547,WIT_FEE,200,MRU,7423,PLATFORM,COLLECTED,2024-01-18T08:41:46.269Z
22957,47932,TX20240315572179,WIT_FEE,50,MRU,10764,PLATFORM,COLLECTED,2024-03-15T08:16:56.455Z
22958,47934,TX20241007804758,PAY_FEE,108,MRU,5047,MERCHANT,COLLECTED,2024-10-07T10:20:38.211Z
22959,47935,TX20240422608531,PAY_FEE,44,MRU,827,MERCHANT,COLLECTED,2024-04-22T07:10:14.192Z
22960,47936,TX20241203717608,TRF_FEE,50,MRU,5266,PLATFORM,COLLECTED,2024-12-03T07:27:45.008Z
22961,47937,TX20240326402286,WIT_FEE,50,MRU,2065,PLATFORM,COLLECTED,2024-03-26T08:41:49.779Z
22962,47941,TX20241022422295,WIT_FEE,200,MRU,4358,PLATFORM,COLLECTED,2024-10-22T14:13:44.385Z
22963,47942,TX20240618784559,TRF_FEE,25,MRU,5628,PLATFORM,COLLECTED,2024-06-18T09:03:08.647Z
22964,47943,TX20240702511177,PAY_FEE,72,MRU,8320,MERCHANT,COLLECTED,2024-07-02T15:40:36.172Z
22965,47945,TX20240621480437,PAY_FEE,8,MRU,2532,MERCHANT,COLLECTED,2024-06-21T16:45:49.564Z
22966,47946,TX20241123936824,TRF_FEE,10,MRU,3814,PLATFORM,COLLECTED,2024-11-23T10:55:57.197Z
22967,47947,TX20241109127937,TRF_FEE,50,MRU,1839,PLATFORM,COLLECTED,2024-11-09T14:58:07.383Z
22968,47948,TX20240115436765,WIT_FEE,50,MRU,8218,PLATFORM,COLLECTED,2024-01-15T11:27:17.020Z
22969,47949,TX20240111581477,PAY_FEE,60,MRU,9046,MERCHANT,COLLECTED,2024-01-11T16:12:59.510Z
22970,47954,TX20240507102173,WIT_FEE,50,MRU,7090,PLATFORM,COLLECTED,2024-05-07T07:29:58.036Z
22971,47955,TX20240717179692,WIT_FEE,50,MRU,8724,PLATFORM,COLLECTED,2024-07-17T05:21:40.871Z
22972,47956,TX20240414337851,TRF_FEE,25,MRU,9449,PLATFORM,COLLECTED,2024-04-14T16:29:23.973Z
22973,47957,TX20240224219079,TRF_FEE,25,MRU,8636,PLATFORM,COLLECTED,2024-02-24T17:26:37.171Z
22974,47962,TX20240318573874,WIT_FEE,50,MRU,10279,PLATFORM,COLLECTED,2024-03-18T17:37:03.711Z
22975,47967,TX20240905480741,TRF_FEE,50,MRU,230,PLATFORM,COLLECTED,2024-09-05T07:12:50.321Z
22976,47971,TX20240122979707,TRF_FEE,25,MRU,4392,PLATFORM,COLLECTED,2024-01-22T09:44:27.123Z
22977,47973,TX20240808320622,TRF_FEE,50,MRU,8814,PLATFORM,COLLECTED,2024-08-08T10:48:48.533Z
22978,47976,TX20240122242593,WIT_FEE,50,MRU,10766,PLATFORM,COLLECTED,2024-01-22T08:59:16.393Z
22979,47977,TX20240731113351,WIT_FEE,50,MRU,3246,PLATFORM,COLLECTED,2024-07-31T05:01:51.443Z
22980,47981,TX20241001683379,SAL_FEE,1775,MRU,926,PLATFORM,COLLECTED,2024-10-01T15:58:02.070Z
22981,47982,TX20240516850581,TRF_FEE,25,MRU,4396,PLATFORM,COLLECTED,2024-05-16T21:25:10.382Z
22982,47987,TX20240126604255,TRF_FEE,25,MRU,9129,PLATFORM,COLLECTED,2024-01-26T10:32:20.817Z
22983,47990,TX20240123679743,BIL_FEE,100,MRU,5427,PLATFORM,COLLECTED,2024-01-23T17:47:45.329Z
22984,47991,TX20240423297405,WIT_FEE,50,MRU,4917,PLATFORM,COLLECTED,2024-04-23T09:27:38.301Z
22985,47992,TX20241218442109,TRF_FEE,25,MRU,6499,PLATFORM,COLLECTED,2024-12-18T16:26:09.867Z
22986,48001,TX20240824818102,PAY_FEE,300,MRU,4107,MERCHANT,COLLECTED,2024-08-24T11:29:32.816Z
22987,48004,TX20240108653814,TRF_FEE,50,MRU,10319,PLATFORM,COLLECTED,2024-01-08T12:21:21.727Z
22988,48006,TX20240509040336,WIT_FEE,200,MRU,2911,PLATFORM,COLLECTED,2024-05-09T15:24:01.031Z
22989,48007,TX20240719955745,WIT_FEE,50,MRU,1111,PLATFORM,COLLECTED,2024-07-19T16:35:08.645Z
22990,48008,TX20240704699620,WIT_FEE,50,MRU,1908,PLATFORM,COLLECTED,2024-07-04T15:32:29.509Z
22991,48009,TX20240403587071,TRF_FEE,25,MRU,6157,PLATFORM,COLLECTED,2024-04-03T13:38:13.147Z
22992,48013,TX20240319860789,WIT_FEE,50,MRU,488,PLATFORM,COLLECTED,2024-03-19T17:12:22.688Z
22993,48014,TX20241102110901,TRF_FEE,25,MRU,9766,PLATFORM,COLLECTED,2024-11-02T16:09:47.359Z
22994,48015,TX20240930456419,SAL_FEE,1035,MRU,4071,PLATFORM,COLLECTED,2024-09-30T16:21:27.598Z
22995,48018,TX20240221252235,WIT_FEE,50,MRU,3975,PLATFORM,COLLECTED,2024-02-21T15:30:06.411Z
22996,48021,TX20240107278308,TRF_FEE,50,MRU,1769,PLATFORM,COLLECTED,2024-01-07T10:29:24.065Z
22997,48027,TX20240908202032,PAY_FEE,41,MRU,8171,MERCHANT,COLLECTED,2024-09-08T05:03:31.437Z
22998,48032,TX20240131015912,TRF_FEE,25,MRU,8080,PLATFORM,COLLECTED,2024-01-31T10:52:14.046Z
22999,48033,TX20240429820558,TRF_FEE,50,MRU,6464,PLATFORM,COLLECTED,2024-04-29T13:17:41.182Z
23000,48035,TX20240530182620,WIT_FEE,50,MRU,10882,PLATFORM,COLLECTED,2024-05-30T09:09:03.177Z
23001,48036,TX20241226846634,WIT_FEE,50,MRU,2360,PLATFORM,COLLECTED,2024-12-26T17:00:40.877Z
23002,48037,TX20240325291804,TRF_FEE,25,MRU,1742,PLATFORM,COLLECTED,2024-03-25T14:17:48.443Z
23003,48038,TX20240513788752,TRF_FEE,50,MRU,10032,PLATFORM,COLLECTED,2024-05-13T10:02:07.404Z
23004,48042,TX20240501890954,WIT_FEE,50,MRU,8493,PLATFORM,COLLECTED,2024-05-01T06:39:14.531Z
23005,48043,TX20240215915440,SAL_FEE,2255,MRU,7300,PLATFORM,COLLECTED,2024-02-15T20:36:11.008Z
23006,48044,TX20240224133499,PAY_FEE,41,MRU,3753,MERCHANT,COLLECTED,2024-02-24T19:56:24.122Z
23007,48045,TX20240615524276,WIT_FEE,50,MRU,1287,PLATFORM,COLLECTED,2024-06-15T03:45:23.014Z
23008,48047,TX20240225099404,WIT_FEE,50,MRU,2737,PLATFORM,COLLECTED,2024-02-25T15:16:34.919Z
23009,48048,TX20240521917702,WIT_FEE,490,MRU,9223,PLATFORM,COLLECTED,2024-05-21T12:30:40.337Z
23010,48050,TX20241116123110,PAY_FEE,24,MRU,9911,MERCHANT,COLLECTED,2024-11-16T06:31:26.636Z
23011,48051,TX20240813020215,WIT_FEE,100,MRU,5000,PLATFORM,COLLECTED,2024-08-13T06:36:37.543Z
23012,48057,TX20240615990881,WIT_FEE,50,MRU,1796,PLATFORM,COLLECTED,2024-06-15T09:11:50.436Z
23013,48060,TX20240625139829,WIT_FEE,50,MRU,8101,PLATFORM,COLLECTED,2024-06-25T19:55:14.910Z
23014,48061,TX20241102712508,WIT_FEE,370,MRU,2960,PLATFORM,COLLECTED,2024-11-02T16:18:09.358Z
23015,48062,TX20240913081582,WIT_FEE,50,MRU,10258,PLATFORM,COLLECTED,2024-09-13T12:01:55.200Z
23016,48063,TX20240217193351,WIT_FEE,50,MRU,5385,PLATFORM,COLLECTED,2024-02-17T17:53:01.844Z
23017,48064,TX20240129912402,TRF_FEE,50,MRU,3457,PLATFORM,COLLECTED,2024-01-29T17:25:00.523Z
23018,48066,TX20241229713388,PAY_FEE,405,MRU,10282,MERCHANT,COLLECTED,2024-12-29T11:28:39.660Z
23019,48067,TX20240607552365,TRF_FEE,25,MRU,6565,PLATFORM,COLLECTED,2024-06-07T07:57:21.817Z
23020,48073,TX20240314938891,PAY_FEE,27,MRU,3231,MERCHANT,COLLECTED,2024-03-14T12:23:01.315Z
23021,48074,TX20241108440009,TRF_FEE,50,MRU,2420,PLATFORM,COLLECTED,2024-11-08T09:45:15.037Z
23022,48076,TX20240819647431,TRF_FEE,50,MRU,10543,PLATFORM,COLLECTED,2024-08-19T11:11:03.923Z
23023,48077,TX20240911721648,WIT_FEE,50,MRU,837,PLATFORM,COLLECTED,2024-09-11T07:01:29.839Z
23024,48080,TX20240408882244,WIT_FEE,50,MRU,938,PLATFORM,COLLECTED,2024-04-08T08:42:22.903Z
23025,48090,TX20240514654601,WIT_FEE,50,MRU,5025,PLATFORM,COLLECTED,2024-05-14T12:27:24.507Z
23026,48091,TX20241101572993,PAY_FEE,54,MRU,10444,MERCHANT,COLLECTED,2024-11-01T21:31:01.901Z
23027,48093,TX20240501710321,SAL_FEE,1935,MRU,7465,PLATFORM,COLLECTED,2024-05-01T19:28:26.175Z
23028,48095,TX20240730864469,PAY_FEE,56,MRU,5084,MERCHANT,COLLECTED,2024-07-30T13:03:37.302Z
23029,48102,TX20240604471475,TRF_FEE,25,MRU,7622,PLATFORM,COLLECTED,2024-06-04T11:24:32.933Z
23030,48108,TX20240403402627,WIT_FEE,50,MRU,10675,PLATFORM,COLLECTED,2024-04-03T15:21:06.855Z
23031,48109,TX20240629051303,SAL_FEE,1560,MRU,5777,PLATFORM,COLLECTED,2024-06-29T10:55:20.945Z
23032,48123,TX20241212764494,TRF_FEE,25,MRU,1925,PLATFORM,COLLECTED,2024-12-12T05:42:27.010Z
23033,48130,TX20240619921466,WIT_FEE,50,MRU,10228,PLATFORM,COLLECTED,2024-06-19T15:17:51.651Z
23034,48134,TX20241224121828,WIT_FEE,50,MRU,10314,PLATFORM,COLLECTED,2024-12-24T13:48:28.819Z
23035,48135,TX20240623790728,WIT_FEE,50,MRU,2668,PLATFORM,COLLECTED,2024-06-23T11:31:08.657Z
23036,48137,TX20240521338420,WIT_FEE,50,MRU,9297,PLATFORM,COLLECTED,2024-05-21T06:18:23.499Z
23037,48141,TX20241030297811,TRF_FEE,25,MRU,6589,PLATFORM,COLLECTED,2024-10-30T07:14:59.678Z
23038,48147,TX20240312729735,WIT_FEE,50,MRU,7441,PLATFORM,COLLECTED,2024-03-12T06:49:11.230Z
23039,48152,TX20240727545295,TRF_FEE,50,MRU,3808,PLATFORM,COLLECTED,2024-07-27T16:49:17.626Z
23040,48153,TX20241116404718,SAL_FEE,1080,MRU,2872,PLATFORM,COLLECTED,2024-11-16T19:51:09.774Z
23041,48156,TX20240601892152,PAY_FEE,63,MRU,49,MERCHANT,COLLECTED,2024-06-01T19:17:52.933Z
23042,48157,TX20240311397204,TRF_FEE,25,MRU,4708,PLATFORM,COLLECTED,2024-03-11T17:32:18.743Z
23043,48159,TX20240903869274,PAY_FEE,72,MRU,10735,MERCHANT,COLLECTED,2024-09-03T05:10:28.104Z
23044,48162,TX20240819874264,TRF_FEE,50,MRU,8685,PLATFORM,COLLECTED,2024-08-19T04:54:50.527Z
23045,48171,TX20241031533801,TRF_FEE,50,MRU,1657,PLATFORM,COLLECTED,2024-10-31T08:35:30.793Z
23046,48173,TX20240923766166,BIL_FEE,100,MRU,689,PLATFORM,COLLECTED,2024-09-23T06:05:08.351Z
23047,48174,TX20240218393052,WIT_FEE,50,MRU,2478,PLATFORM,COLLECTED,2024-02-18T17:16:00.629Z
23048,48177,TX20240505497410,PAY_FEE,345,MRU,6170,MERCHANT,COLLECTED,2024-05-05T11:17:52.148Z
23049,48181,TX20240525410832,WIT_FEE,50,MRU,10321,PLATFORM,COLLECTED,2024-05-25T13:52:34.960Z
23050,48184,TX20241227081754,PAY_FEE,30,MRU,9859,MERCHANT,COLLECTED,2024-12-27T07:09:19.279Z
23051,48185,TX20241227543513,WIT_FEE,100,MRU,3215,PLATFORM,COLLECTED,2024-12-27T15:33:23.274Z
23052,48186,TX20241018210424,SAL_FEE,1160,MRU,204,PLATFORM,COLLECTED,2024-10-18T13:51:49.739Z
23053,48190,TX20240804458058,PAY_FEE,33,MRU,8499,MERCHANT,COLLECTED,2024-08-04T12:57:54.605Z
23054,48195,TX20240212989494,TRF_FEE,10,MRU,1420,PLATFORM,COLLECTED,2024-02-12T14:23:16.922Z
23055,48199,TX20240922851582,WIT_FEE,140,MRU,3374,PLATFORM,COLLECTED,2024-09-22T11:40:26.922Z
23056,48200,TX20240721236904,WIT_FEE,50,MRU,6623,PLATFORM,COLLECTED,2024-07-21T18:02:12.332Z
23057,48201,TX20240116824457,SAL_FEE,1765,MRU,4503,PLATFORM,COLLECTED,2024-01-16T13:10:48.718Z
23058,48202,TX20241106471376,WIT_FEE,50,MRU,1701,PLATFORM,COLLECTED,2024-11-06T16:49:51.852Z
23059,48206,TX20240217331779,TRF_FEE,50,MRU,2687,PLATFORM,COLLECTED,2024-02-17T19:04:00.615Z
23060,48208,TX20241003665081,PAY_FEE,585,MRU,3017,MERCHANT,COLLECTED,2024-10-03T11:02:22.010Z
23061,48211,TX20240902620445,WIT_FEE,320,MRU,9298,PLATFORM,COLLECTED,2024-09-02T13:23:44.219Z
23062,48215,TX20240607190127,WIT_FEE,50,MRU,1115,PLATFORM,COLLECTED,2024-06-07T18:01:48.454Z
23063,48217,TX20240929999347,TRF_FEE,50,MRU,8951,PLATFORM,COLLECTED,2024-09-29T11:50:01.250Z
23064,48219,TX20240324389910,WIT_FEE,270,MRU,388,PLATFORM,COLLECTED,2024-03-24T21:58:14.726Z
23065,48221,TX20241028704040,TRF_FEE,50,MRU,2931,PLATFORM,COLLECTED,2024-10-28T08:46:38.127Z
23066,48223,TX20240506225891,WIT_FEE,50,MRU,6091,PLATFORM,COLLECTED,2024-05-06T15:12:57.810Z
23067,48224,TX20240405615756,TRF_FEE,25,MRU,10053,PLATFORM,COLLECTED,2024-04-05T08:50:25.427Z
23068,48227,TX20240529275510,WIT_FEE,50,MRU,3997,PLATFORM,COLLECTED,2024-05-29T11:35:45.555Z
23069,48231,TX20240429653241,TRF_FEE,50,MRU,6464,PLATFORM,COLLECTED,2024-04-29T13:17:41.182Z
23070,48232,TX20240830223806,TRF_FEE,25,MRU,1397,PLATFORM,COLLECTED,2024-08-30T14:11:58.135Z
23071,48233,TX20240507388299,TRF_FEE,50,MRU,7581,PLATFORM,COLLECTED,2024-05-07T07:03:10.987Z
23072,48234,TX20240131075801,TRF_FEE,50,MRU,7472,PLATFORM,COLLECTED,2024-01-31T09:59:49.005Z
23073,48236,TX20240316127963,WIT_FEE,50,MRU,1319,PLATFORM,COLLECTED,2024-03-16T13:21:26.038Z
23074,48242,TX20240812409893,SAL_FEE,270,MRU,1472,PLATFORM,COLLECTED,2024-08-12T07:52:57.334Z
23075,48248,TX20241116256544,PAY_FEE,24,MRU,9911,MERCHANT,COLLECTED,2024-11-16T06:31:26.636Z
23076,48252,TX20240213518473,WIT_FEE,100,MRU,184,PLATFORM,COLLECTED,2024-02-13T12:25:54.350Z
23077,48254,TX20241218253200,TRF_FEE,50,MRU,2157,PLATFORM,COLLECTED,2024-12-18T09:09:43.345Z
23078,48259,TX20240529091372,WIT_FEE,50,MRU,8077,PLATFORM,COLLECTED,2024-05-29T19:55:22.838Z
23079,48263,TX20240213179492,WIT_FEE,500,MRU,4976,PLATFORM,COLLECTED,2024-02-13T15:18:52.942Z
23080,48264,TX20241108804194,PAY_FEE,53,MRU,7289,MERCHANT,COLLECTED,2024-11-08T22:23:28.652Z
23081,48265,TX20240803488194,PAY_FEE,71,MRU,9026,MERCHANT,COLLECTED,2024-08-03T10:08:57.362Z
23082,48266,TX20240207956505,SAL_FEE,1375,MRU,1511,PLATFORM,COLLECTED,2024-02-07T08:10:32.786Z
23083,48267,TX20240514253952,BIL_FEE,100,MRU,7004,PLATFORM,COLLECTED,2024-05-14T15:49:05.195Z
23084,48274,TX20240731923496,TRF_FEE,25,MRU,10351,PLATFORM,COLLECTED,2024-07-31T04:07:55.597Z
23085,48278,TX20241013287871,PAY_FEE,21,MRU,4172,MERCHANT,COLLECTED,2024-10-13T09:02:02.631Z
23086,48280,TX20240402024869,TRF_FEE,25,MRU,10050,PLATFORM,COLLECTED,2024-04-02T04:48:20.295Z
23087,48281,TX20241218206289,WIT_FEE,500,MRU,3836,PLATFORM,COLLECTED,2024-12-18T20:01:58.466Z
23088,48282,TX20240712310096,WIT_FEE,50,MRU,10361,PLATFORM,COLLECTED,2024-07-12T06:25:04.954Z
23089,48283,TX20240127611901,TRF_FEE,25,MRU,1866,PLATFORM,COLLECTED,2024-01-27T16:21:11.978Z
23090,48284,TX20240102527779,WIT_FEE,50,MRU,9792,PLATFORM,COLLECTED,2024-01-02T13:00:51.502Z
23091,48285,TX20240827220350,PAY_FEE,33,MRU,4765,MERCHANT,COLLECTED,2024-08-27T15:05:53.469Z
23092,48288,TX20241106195516,PAY_FEE,480,MRU,4393,MERCHANT,COLLECTED,2024-11-06T22:59:55.513Z
23093,48290,TX20240908002603,WIT_FEE,110,MRU,2508,PLATFORM,COLLECTED,2024-09-08T04:27:56.780Z
23094,48291,TX20240930874380,TRF_FEE,25,MRU,10387,PLATFORM,COLLECTED,2024-09-30T10:49:57.245Z
23095,48293,TX20240225249427,PAY_FEE,645,MRU,3096,MERCHANT,COLLECTED,2024-02-25T16:38:49.954Z
23096,48295,TX20240321476909,TRF_FEE,50,MRU,374,PLATFORM,COLLECTED,2024-03-21T07:04:08.505Z
23097,48296,TX20241213708709,PAY_FEE,47,MRU,3073,MERCHANT,COLLECTED,2024-12-13T09:16:24.816Z
23098,48297,TX20240308638815,TRF_FEE,50,MRU,6813,PLATFORM,COLLECTED,2024-03-08T12:09:11.115Z
23099,48299,TX20240514498552,TRF_FEE,50,MRU,5350,PLATFORM,COLLECTED,2024-05-14T13:51:15.923Z
23100,48301,TX20240210340195,SAL_FEE,935,MRU,7950,PLATFORM,COLLECTED,2024-02-10T09:45:07.141Z
23101,48303,TX20241102151451,WIT_FEE,50,MRU,9339,PLATFORM,COLLECTED,2024-11-02T17:30:07.556Z
23102,48304,TX20240920903817,TRF_FEE,50,MRU,518,PLATFORM,COLLECTED,2024-09-20T18:50:33.698Z
23103,48306,TX20241221524367,PAY_FEE,116,MRU,2855,MERCHANT,COLLECTED,2024-12-21T06:25:06.238Z
23104,48307,TX20240304592581,WIT_FEE,50,MRU,4685,PLATFORM,COLLECTED,2024-03-04T11:16:59.493Z
23105,48310,TX20240101587841,TRF_FEE,10,MRU,10739,PLATFORM,COLLECTED,2024-01-01T07:33:41.910Z
23106,48312,TX20240423520378,TRF_FEE,10,MRU,7087,PLATFORM,COLLECTED,2024-04-23T11:05:23.016Z
23107,48314,TX20240330183706,TRF_FEE,25,MRU,367,PLATFORM,COLLECTED,2024-03-30T05:45:46.127Z
23108,48319,TX20240112601457,PAY_FEE,18,MRU,659,MERCHANT,COLLECTED,2024-01-12T08:17:48.763Z
23109,48323,TX20240629914333,WIT_FEE,50,MRU,6953,PLATFORM,COLLECTED,2024-06-29T16:46:36.291Z
23110,48326,TX20240227238940,TRF_FEE,25,MRU,7196,PLATFORM,COLLECTED,2024-02-27T05:40:07.908Z
23111,48327,TX20241112487234,TRF_FEE,50,MRU,5124,PLATFORM,COLLECTED,2024-11-12T14:01:54.895Z
23112,48328,TX20240525921466,WIT_FEE,50,MRU,7188,PLATFORM,COLLECTED,2024-05-25T11:42:17.850Z
23113,48333,TX20240708419470,TRF_FEE,25,MRU,4710,PLATFORM,COLLECTED,2024-07-08T07:39:14.973Z
23114,48335,TX20240204864782,WIT_FEE,100,MRU,3923,PLATFORM,COLLECTED,2024-02-04T10:23:29.841Z
23115,48336,TX20240310701467,WIT_FEE,50,MRU,4374,PLATFORM,COLLECTED,2024-03-10T14:02:10.978Z
23116,48337,TX20240627113360,TRF_FEE,25,MRU,2012,PLATFORM,COLLECTED,2024-06-27T06:44:27.091Z
23117,48339,TX20240215074355,PAY_FEE,10,MRU,5453,MERCHANT,COLLECTED,2024-02-15T09:59:40.596Z
23118,48340,TX20240514792236,WIT_FEE,50,MRU,3408,PLATFORM,COLLECTED,2024-05-14T06:03:54.045Z
23119,48341,TX20240129867285,WIT_FEE,50,MRU,3404,PLATFORM,COLLECTED,2024-01-29T12:17:07.140Z
23120,48342,TX20240526024070,WIT_FEE,60,MRU,2350,PLATFORM,COLLECTED,2024-05-26T12:58:45.352Z
23121,48345,TX20240903679495,WIT_FEE,50,MRU,3706,PLATFORM,COLLECTED,2024-09-03T12:33:10.410Z
23122,48347,TX20241008435519,TRF_FEE,50,MRU,8523,PLATFORM,COLLECTED,2024-10-08T07:42:01.934Z
23123,48348,TX20240221537108,WIT_FEE,110,MRU,2329,PLATFORM,COLLECTED,2024-02-21T09:17:16.301Z
23124,48350,TX20240429484188,PAY_FEE,5,MRU,6040,MERCHANT,COLLECTED,2024-04-29T10:55:24.582Z
23125,48353,TX20240128587526,PAY_FEE,66,MRU,2884,MERCHANT,COLLECTED,2024-01-28T13:02:50.241Z
23126,48355,TX20240718210883,PAY_FEE,102,MRU,4332,MERCHANT,COLLECTED,2024-07-18T08:44:25.848Z
23127,48356,TX20241102186517,TRF_FEE,10,MRU,6493,PLATFORM,COLLECTED,2024-11-02T14:16:46.806Z
23128,48361,TX20241216995769,WIT_FEE,50,MRU,9692,PLATFORM,COLLECTED,2024-12-16T12:10:10.936Z
23129,48362,TX20240524851426,PAY_FEE,195,MRU,303,MERCHANT,COLLECTED,2024-05-24T07:13:46.391Z
23130,48374,TX20240126701547,BIL_FEE,100,MRU,3098,PLATFORM,COLLECTED,2024-01-26T14:53:42.643Z
23131,48375,TX20240626878067,TRF_FEE,25,MRU,6510,PLATFORM,COLLECTED,2024-06-26T13:23:30.364Z
23132,48377,TX20240204707356,WIT_FEE,50,MRU,5488,PLATFORM,COLLECTED,2024-02-04T19:11:09.320Z
23133,48378,TX20240702001736,WIT_FEE,50,MRU,58,PLATFORM,COLLECTED,2024-07-02T09:31:03.479Z
23134,48382,TX20241227991000,PAY_FEE,30,MRU,9859,MERCHANT,COLLECTED,2024-12-27T07:09:19.279Z
23135,48387,TX20240715734502,TRF_FEE,25,MRU,6465,PLATFORM,COLLECTED,2024-07-15T08:51:27.573Z
23136,48389,TX20240506385040,TRF_FEE,25,MRU,8492,PLATFORM,COLLECTED,2024-05-06T12:40:59.548Z
23137,48390,TX20241121282086,SAL_FEE,2180,MRU,67,PLATFORM,COLLECTED,2024-11-21T13:36:37.095Z
23138,48395,TX20240207846418,TRF_FEE,25,MRU,1742,PLATFORM,COLLECTED,2024-02-07T17:06:55.066Z
23139,48396,TX20241029723303,WIT_FEE,50,MRU,5856,PLATFORM,COLLECTED,2024-10-29T14:07:04.178Z
23140,48397,TX20240421646671,BIL_FEE,100,MRU,8533,PLATFORM,COLLECTED,2024-04-21T19:16:27.048Z
23141,48399,TX20240821781100,WIT_FEE,50,MRU,5874,PLATFORM,COLLECTED,2024-08-21T12:20:59.041Z
23142,48400,TX20240501019573,TRF_FEE,10,MRU,9410,PLATFORM,COLLECTED,2024-05-01T16:44:49.862Z
23143,48404,TX20241109751817,WIT_FEE,50,MRU,10082,PLATFORM,COLLECTED,2024-11-09T20:43:22.462Z
23144,48405,TX20241118536097,PAY_FEE,21,MRU,1810,MERCHANT,COLLECTED,2024-11-18T08:47:50.633Z
23145,48412,TX20241203444759,PAY_FEE,39,MRU,3128,MERCHANT,COLLECTED,2024-12-03T08:59:49.736Z
23146,48414,TX20240228411180,WIT_FEE,50,MRU,6782,PLATFORM,COLLECTED,2024-02-28T08:08:45.095Z
23147,48417,TX20240324490685,WIT_FEE,270,MRU,388,PLATFORM,COLLECTED,2024-03-24T21:58:14.726Z
23148,48419,TX20240725774150,BIL_FEE,100,MRU,1400,PLATFORM,COLLECTED,2024-07-25T16:09:46.644Z
23149,48420,TX20240618293861,BIL_FEE,100,MRU,9167,PLATFORM,COLLECTED,2024-06-18T10:10:04.479Z
23150,48421,TX20240606704561,WIT_FEE,280,MRU,10554,PLATFORM,COLLECTED,2024-06-06T08:20:45.203Z
23151,48424,TX20240911202681,TRF_FEE,50,MRU,8620,PLATFORM,COLLECTED,2024-09-11T10:50:07.368Z
23152,48427,TX20240801193540,PAY_FEE,90,MRU,10023,MERCHANT,COLLECTED,2024-08-01T10:43:09.301Z
23153,48430,TX20240830807795,TRF_FEE,25,MRU,1397,PLATFORM,COLLECTED,2024-08-30T14:11:58.135Z
23154,48432,TX20241029075801,SAL_FEE,785,MRU,673,PLATFORM,COLLECTED,2024-10-29T00:40:52.212Z
23155,48442,TX20240822841402,PAY_FEE,9,MRU,8164,MERCHANT,COLLECTED,2024-08-22T21:20:14.465Z
23156,48446,TX20240124660799,PAY_FEE,44,MRU,2756,MERCHANT,COLLECTED,2024-01-24T13:26:38.898Z
23157,48449,TX20240117709038,PAY_FEE,33,MRU,10252,MERCHANT,COLLECTED,2024-01-17T14:29:16.118Z
23158,48453,TX20240615462774,WIT_FEE,50,MRU,1796,PLATFORM,COLLECTED,2024-06-15T09:11:50.436Z
23159,48455,TX20240912435359,WIT_FEE,50,MRU,6892,PLATFORM,COLLECTED,2024-09-12T11:12:13.312Z
23160,48456,TX20240328787196,PAY_FEE,29,MRU,1359,MERCHANT,COLLECTED,2024-03-28T10:31:41.657Z
23161,48458,TX20240422626917,PAY_FEE,18,MRU,322,MERCHANT,COLLECTED,2024-04-22T17:22:42.542Z
23162,48462,TX20241108713388,PAY_FEE,53,MRU,7289,MERCHANT,COLLECTED,2024-11-08T22:23:28.652Z
23163,48463,TX20240607910268,TRF_FEE,25,MRU,6565,PLATFORM,COLLECTED,2024-06-07T07:57:21.817Z
23164,48467,TX20240207735746,PAY_FEE,62,MRU,6235,MERCHANT,COLLECTED,2024-02-07T09:20:14.800Z
23165,48468,TX20241127388676,TRF_FEE,25,MRU,9342,PLATFORM,COLLECTED,2024-11-27T09:43:08.822Z
23166,48472,TX20241119144964,TRF_FEE,50,MRU,5811,PLATFORM,COLLECTED,2024-11-19T17:28:47.670Z
23167,48473,TX20240503797186,PAY_FEE,62,MRU,5613,MERCHANT,COLLECTED,2024-05-03T18:54:05.609Z
23168,48475,TX20240218496909,PAY_FEE,50,MRU,235,MERCHANT,COLLECTED,2024-02-18T11:20:51.016Z
23169,48476,TX20240520269084,TRF_FEE,10,MRU,2567,PLATFORM,COLLECTED,2024-05-20T07:08:23.835Z
23170,48481,TX20241120167809,WIT_FEE,50,MRU,6861,PLATFORM,COLLECTED,2024-11-20T11:22:10.786Z
23171,48485,TX20240221523548,TRF_FEE,25,MRU,5670,PLATFORM,COLLECTED,2024-02-21T18:22:06.323Z
23172,48489,TX20240602837678,PAY_FEE,119,MRU,7410,MERCHANT,COLLECTED,2024-06-02T04:44:06.192Z
23173,48490,TX20241226592157,PAY_FEE,86,MRU,8933,MERCHANT,COLLECTED,2024-12-26T09:10:10.890Z
23174,48491,TX20240315794053,PAY_FEE,53,MRU,3548,MERCHANT,COLLECTED,2024-03-15T17:12:06.370Z
23175,48492,TX20241225200076,WIT_FEE,50,MRU,2166,PLATFORM,COLLECTED,2024-12-25T16:23:02.311Z
23176,48500,TX20241025904462,PAY_FEE,17,MRU,4284,MERCHANT,COLLECTED,2024-10-25T07:05:27.452Z
23177,48503,TX20240318775516,WIT_FEE,50,MRU,3338,PLATFORM,COLLECTED,2024-03-18T17:09:49.490Z
23178,48504,TX20240428238697,TRF_FEE,25,MRU,9092,PLATFORM,COLLECTED,2024-04-28T09:40:24.868Z
23179,48505,TX20241210924570,PAY_FEE,630,MRU,7710,MERCHANT,COLLECTED,2024-12-10T12:06:01.118Z
23180,48514,TX20240810266931,WIT_FEE,290,MRU,8624,PLATFORM,COLLECTED,2024-08-10T14:15:57.968Z
23181,48517,TX20240727788702,PAY_FEE,39,MRU,4144,MERCHANT,COLLECTED,2024-07-27T15:32:44.514Z
23182,48518,TX20241110878238,TRF_FEE,50,MRU,963,PLATFORM,COLLECTED,2024-11-10T20:11:47.076Z
23183,48523,TX20240127531397,TRF_FEE,50,MRU,5482,PLATFORM,COLLECTED,2024-01-27T18:23:55.397Z
23184,48525,TX20241219956801,TRF_FEE,25,MRU,8179,PLATFORM,COLLECTED,2024-12-19T18:17:00.203Z
23185,48530,TX20241024245166,TRF_FEE,10,MRU,1781,PLATFORM,COLLECTED,2024-10-24T10:24:07.998Z
23186,48532,TX20241201779403,WIT_FEE,50,MRU,10960,PLATFORM,COLLECTED,2024-12-01T17:46:35.382Z
23187,48533,TX20241023149806,TRF_FEE,50,MRU,4284,PLATFORM,COLLECTED,2024-10-23T09:11:34.088Z
23188,48534,TX20241111430069,WIT_FEE,50,MRU,7745,PLATFORM,COLLECTED,2024-11-11T12:05:59.134Z
23189,48536,TX20240202287142,PAY_FEE,33,MRU,9070,MERCHANT,COLLECTED,2024-02-02T09:34:28.884Z
23190,48537,TX20240429957221,PAY_FEE,15,MRU,4381,MERCHANT,COLLECTED,2024-04-29T07:57:09.193Z
23191,48539,TX20241025027700,WIT_FEE,50,MRU,2876,PLATFORM,COLLECTED,2024-10-24T23:32:11.137Z
23192,48541,TX20240706024070,TRF_FEE,50,MRU,7864,PLATFORM,COLLECTED,2024-07-06T19:45:21.211Z
23193,48544,TX20240302029818,TRF_FEE,25,MRU,2640,PLATFORM,COLLECTED,2024-03-02T11:20:30.242Z
23194,48549,TX20240606261393,WIT_FEE,50,MRU,1725,PLATFORM,COLLECTED,2024-06-06T18:24:34.545Z
23195,48551,TX20240327494322,SAL_FEE,1555,MRU,7265,PLATFORM,COLLECTED,2024-03-27T02:40:50.151Z
23196,48552,TX20240329667773,PAY_FEE,74,MRU,5324,MERCHANT,COLLECTED,2024-03-29T09:58:51.267Z
23197,48553,TX20240415570024,SAL_FEE,1465,MRU,9112,PLATFORM,COLLECTED,2024-04-15T16:55:00.676Z
23198,48554,TX20241022397204,TRF_FEE,25,MRU,3393,PLATFORM,COLLECTED,2024-10-22T14:11:48.545Z
23199,48556,TX20240116466170,TRF_FEE,10,MRU,6355,PLATFORM,COLLECTED,2024-01-16T08:28:06.974Z
23200,48563,TX20241101480152,WIT_FEE,50,MRU,3412,PLATFORM,COLLECTED,2024-11-01T05:35:31.507Z
23201,48564,TX20240906321723,BIL_FEE,100,MRU,7667,PLATFORM,COLLECTED,2024-09-06T05:22:40.051Z
23202,48566,TX20240809893498,TRF_FEE,25,MRU,6653,PLATFORM,COLLECTED,2024-08-09T18:03:08.847Z
23203,48568,TX20240913295834,WIT_FEE,200,MRU,3162,PLATFORM,COLLECTED,2024-09-13T15:03:22.649Z
23204,48569,TX20240330626091,TRF_FEE,25,MRU,6085,PLATFORM,COLLECTED,2024-03-30T14:29:55.565Z
23205,48572,TX20241015350783,TRF_FEE,10,MRU,9617,PLATFORM,COLLECTED,2024-10-15T07:22:42.604Z
23206,48573,TX20241119435173,TRF_FEE,50,MRU,6731,PLATFORM,COLLECTED,2024-11-19T16:38:16.896Z
23207,48574,TX20240702767761,WIT_FEE,50,MRU,10172,PLATFORM,COLLECTED,2024-07-02T09:35:31.492Z
23208,48575,TX20241207223218,TRF_FEE,50,MRU,7002,PLATFORM,COLLECTED,2024-12-07T07:33:18.057Z
23209,48577,TX20240711927833,WIT_FEE,50,MRU,2360,PLATFORM,COLLECTED,2024-07-11T05:28:00.972Z
23210,48581,TX20241227872114,PAY_FEE,30,MRU,9859,MERCHANT,COLLECTED,2024-12-27T07:09:19.279Z
23211,48583,TX20241018729931,SAL_FEE,1160,MRU,204,PLATFORM,COLLECTED,2024-10-18T13:51:49.739Z
23212,48590,TX20240826074212,TRF_FEE,25,MRU,1083,PLATFORM,COLLECTED,2024-08-26T07:50:13.991Z
23213,48591,TX20240611079885,TRF_FEE,25,MRU,8292,PLATFORM,COLLECTED,2024-06-11T14:38:40.403Z
23214,48595,TX20240209022496,TRF_FEE,50,MRU,4184,PLATFORM,COLLECTED,2024-02-09T19:44:14.441Z
23215,48596,TX20240615660303,PAY_FEE,24,MRU,7127,MERCHANT,COLLECTED,2024-06-15T13:42:45.851Z
23216,48598,TX20241027024386,PAY_FEE,21,MRU,5180,MERCHANT,COLLECTED,2024-10-27T07:56:57.693Z
23217,48600,TX20241208861234,BIL_FEE,100,MRU,7685,PLATFORM,COLLECTED,2024-12-08T07:12:42.115Z
23218,48601,TX20240407778323,TRF_FEE,50,MRU,340,PLATFORM,COLLECTED,2024-04-07T09:44:24.028Z
23219,48603,TX20240201191054,PAY_FEE,39,MRU,8293,MERCHANT,COLLECTED,2024-02-01T16:59:14.507Z
23220,48604,TX20241124629499,SAL_FEE,1710,MRU,6612,PLATFORM,COLLECTED,2024-11-24T05:44:32.256Z
23221,48605,TX20241114983326,WIT_FEE,50,MRU,5077,PLATFORM,COLLECTED,2024-11-14T18:47:01.799Z
23222,48611,TX20241031888070,TRF_FEE,25,MRU,5074,PLATFORM,COLLECTED,2024-10-31T08:00:21.187Z
23223,48612,TX20240429999292,TRF_FEE,25,MRU,5610,PLATFORM,COLLECTED,2024-04-29T07:12:37.882Z
23224,48613,TX20240206786998,TRF_FEE,25,MRU,2760,PLATFORM,COLLECTED,2024-02-06T11:21:19.630Z
23225,48615,TX20240529443051,WIT_FEE,50,MRU,4811,PLATFORM,COLLECTED,2024-05-29T18:27:47.797Z
23226,48619,TX20241003629935,WIT_FEE,50,MRU,8009,PLATFORM,COLLECTED,2024-10-03T16:01:24.063Z
23227,48621,TX20240829051730,TRF_FEE,25,MRU,1733,PLATFORM,COLLECTED,2024-08-29T13:03:07.082Z
23228,48622,TX20241020359350,WIT_FEE,50,MRU,5898,PLATFORM,COLLECTED,2024-10-20T05:58:07.202Z
23229,48623,TX20241026655447,TRF_FEE,25,MRU,10591,PLATFORM,COLLECTED,2024-10-26T08:34:24.202Z
23230,48625,TX20240925817039,PAY_FEE,39,MRU,4481,MERCHANT,COLLECTED,2024-09-25T12:33:40.083Z
23231,48626,TX20241127627250,WIT_FEE,50,MRU,8273,PLATFORM,COLLECTED,2024-11-27T20:15:35.964Z
23232,48627,TX20240401182794,PAY_FEE,8,MRU,4209,MERCHANT,COLLECTED,2024-04-01T05:43:15.693Z
23233,48633,TX20240513149581,TRF_FEE,50,MRU,10032,PLATFORM,COLLECTED,2024-05-13T10:02:07.404Z
23234,48635,TX20241106637910,WIT_FEE,100,MRU,6875,PLATFORM,COLLECTED,2024-11-06T06:04:14.450Z
23235,48639,TX20240221758334,TRF_FEE,25,MRU,98,PLATFORM,COLLECTED,2024-02-21T18:57:20.133Z
23236,48640,TX20240928825347,WIT_FEE,50,MRU,10446,PLATFORM,COLLECTED,2024-09-28T13:01:01.685Z
23237,48641,TX20240619670726,WIT_FEE,50,MRU,4536,PLATFORM,COLLECTED,2024-06-19T15:45:09.970Z
23238,48642,TX20240503377071,WIT_FEE,130,MRU,33,PLATFORM,COLLECTED,2024-05-03T12:27:57.117Z
23239,48643,TX20241017833685,SAL_FEE,705,MRU,2355,PLATFORM,COLLECTED,2024-10-17T12:17:26.189Z
23240,48644,TX20240517388342,TRF_FEE,50,MRU,8671,PLATFORM,COLLECTED,2024-05-17T14:41:02.540Z
23241,48645,TX20240413656449,WIT_FEE,50,MRU,1356,PLATFORM,COLLECTED,2024-04-13T12:53:18.198Z
23242,48647,TX20240210478104,SAL_FEE,2320,MRU,8102,PLATFORM,COLLECTED,2024-02-10T11:24:07.244Z
23243,48650,TX20241201272683,TRF_FEE,50,MRU,6464,PLATFORM,COLLECTED,2024-12-01T04:41:47.352Z
23244,48660,TX20240208266393,PAY_FEE,44,MRU,9755,MERCHANT,COLLECTED,2024-02-08T08:25:57.179Z
23245,48662,TX20240720137110,TRF_FEE,50,MRU,6200,PLATFORM,COLLECTED,2024-07-20T17:31:02.461Z
23246,48664,TX20240807394550,TRF_FEE,25,MRU,4823,PLATFORM,COLLECTED,2024-08-07T16:59:46.428Z
23247,48666,TX20240428654126,TRF_FEE,25,MRU,10895,PLATFORM,COLLECTED,2024-04-28T15:28:14.835Z
23248,48667,TX20240521727217,TRF_FEE,50,MRU,421,PLATFORM,COLLECTED,2024-05-21T09:59:59.630Z
23249,48668,TX20240112019214,WIT_FEE,50,MRU,7141,PLATFORM,COLLECTED,2024-01-12T10:17:17.583Z
23250,48669,TX20240114830936,WIT_FEE,50,MRU,3534,PLATFORM,COLLECTED,2024-01-14T08:59:04.733Z
23251,48670,TX20240724007236,TRF_FEE,50,MRU,283,PLATFORM,COLLECTED,2024-07-24T13:10:16.203Z
23252,48672,TX20240911156243,WIT_FEE,50,MRU,837,PLATFORM,COLLECTED,2024-09-11T07:01:29.839Z
23253,48679,TX20240218541566,TRF_FEE,25,MRU,6164,PLATFORM,COLLECTED,2024-02-18T08:31:18.516Z
23254,48681,TX20241023056348,BIL_FEE,100,MRU,8670,PLATFORM,COLLECTED,2024-10-23T09:34:11.433Z
23255,48683,TX20240612232761,WIT_FEE,200,MRU,5062,PLATFORM,COLLECTED,2024-06-12T06:37:25.801Z
23256,48684,TX20240603663352,TRF_FEE,25,MRU,4868,PLATFORM,COLLECTED,2024-06-03T00:37:25.641Z
23257,48687,TX20240908824021,WIT_FEE,50,MRU,2508,PLATFORM,COLLECTED,2024-09-08T04:27:56.780Z
23258,48688,TX20240526874380,PAY_FEE,1125,MRU,7826,MERCHANT,COLLECTED,2024-05-26T16:57:14.942Z
23259,48691,TX20240827089415,WIT_FEE,50,MRU,9771,PLATFORM,COLLECTED,2024-08-27T15:46:42.209Z
23260,48693,TX20241213567916,PAY_FEE,47,MRU,3073,MERCHANT,COLLECTED,2024-12-13T09:16:24.816Z
23261,48695,TX20241224609199,WIT_FEE,50,MRU,4724,PLATFORM,COLLECTED,2024-12-24T08:41:27.652Z
23262,48696,TX20240514086445,TRF_FEE,50,MRU,5350,PLATFORM,COLLECTED,2024-05-14T13:51:15.923Z
23263,48697,TX20240714529038,TRF_FEE,50,MRU,10279,PLATFORM,COLLECTED,2024-07-14T18:41:10.376Z
23264,48698,TX20240216979305,PAY_FEE,87,MRU,10797,MERCHANT,COLLECTED,2024-02-16T08:43:18.450Z
23265,48700,TX20241104714467,TRF_FEE,25,MRU,8953,PLATFORM,COLLECTED,2024-11-04T07:49:15.989Z
23266,48701,TX20240320283734,SAL_FEE,2285,MRU,6338,PLATFORM,COLLECTED,2024-03-20T08:35:36.012Z
23267,48706,TX20240824946212,WIT_FEE,50,MRU,2814,PLATFORM,COLLECTED,2024-08-24T13:08:42.129Z
23268,48707,TX20241128795815,TRF_FEE,25,MRU,7822,PLATFORM,COLLECTED,2024-11-28T20:20:33.624Z
23269,48708,TX20240209256104,TRF_FEE,25,MRU,4890,PLATFORM,COLLECTED,2024-02-09T08:10:26.184Z
23270,48713,TX20240229015954,WIT_FEE,50,MRU,9313,PLATFORM,COLLECTED,2024-02-29T14:36:55.057Z
23271,48715,TX20240818746301,WIT_FEE,50,MRU,7356,PLATFORM,COLLECTED,2024-08-18T07:02:54.638Z
23272,48720,TX20240629908591,WIT_FEE,50,MRU,6953,PLATFORM,COLLECTED,2024-06-29T16:46:36.291Z
23273,48724,TX20240113744954,TRF_FEE,50,MRU,1310,PLATFORM,COLLECTED,2024-01-13T18:53:27.369Z
23274,48725,TX20240619014865,WIT_FEE,50,MRU,10228,PLATFORM,COLLECTED,2024-06-19T15:17:51.651Z
23275,48729,TX20240702987962,SAL_FEE,1495,MRU,4777,PLATFORM,COLLECTED,2024-07-02T16:28:49.935Z
23276,48736,TX20240215973834,PAY_FEE,10,MRU,5453,MERCHANT,COLLECTED,2024-02-15T09:59:40.596Z
23277,48737,TX20240131186317,WIT_FEE,50,MRU,9030,PLATFORM,COLLECTED,2024-01-31T06:54:02.307Z
23278,48738,TX20240413912981,TRF_FEE,25,MRU,1206,PLATFORM,COLLECTED,2024-04-13T06:08:18.411Z
23279,48740,TX20240928664513,WIT_FEE,50,MRU,7723,PLATFORM,COLLECTED,2024-09-28T03:10:36.948Z
23280,48742,TX20240903862412,WIT_FEE,50,MRU,3706,PLATFORM,COLLECTED,2024-09-03T12:33:10.410Z
23281,48744,TX20240108925351,PAY_FEE,69,MRU,4640,MERCHANT,COLLECTED,2024-01-08T19:46:35.243Z
23282,48746,TX20241028124940,TRF_FEE,50,MRU,10622,PLATFORM,COLLECTED,2024-10-28T08:14:57.302Z
23283,48747,TX20241027582804,PAY_FEE,20,MRU,10443,MERCHANT,COLLECTED,2024-10-27T09:37:20.326Z
23284,48748,TX20241222830571,PAY_FEE,18,MRU,8547,MERCHANT,COLLECTED,2024-12-22T18:56:51.157Z
23285,48750,TX20240130667773,TRF_FEE,50,MRU,829,PLATFORM,COLLECTED,2024-01-30T20:25:23.857Z
23286,48751,TX20240415709259,SAL_FEE,1465,MRU,9112,PLATFORM,COLLECTED,2024-04-15T16:55:00.676Z
23287,48755,TX20241212412945,PAY_FEE,42,MRU,8588,MERCHANT,COLLECTED,2024-12-12T16:47:13.131Z
23288,48756,TX20240302465494,TRF_FEE,50,MRU,6018,PLATFORM,COLLECTED,2024-03-02T14:12:33.360Z
23289,48757,TX20241116744525,TRF_FEE,50,MRU,308,PLATFORM,COLLECTED,2024-11-16T17:14:35.634Z
23290,48758,TX20241216113540,WIT_FEE,50,MRU,9692,PLATFORM,COLLECTED,2024-12-16T12:10:10.936Z
23291,48759,TX20240308404823,WIT_FEE,50,MRU,2889,PLATFORM,COLLECTED,2024-03-08T09:46:23.027Z
23292,48762,TX20240906617849,BIL_FEE,100,MRU,7667,PLATFORM,COLLECTED,2024-09-06T05:22:40.051Z
23293,48765,TX20240824733029,PAY_FEE,465,MRU,2414,MERCHANT,COLLECTED,2024-08-24T08:21:23.635Z
23294,48766,TX20241214032234,TRF_FEE,25,MRU,4182,PLATFORM,COLLECTED,2024-12-14T10:42:46.056Z
23295,48769,TX20240602002406,TRF_FEE,25,MRU,8822,PLATFORM,COLLECTED,2024-06-02T06:58:26.217Z
23296,48772,TX20240702990034,WIT_FEE,50,MRU,10172,PLATFORM,COLLECTED,2024-07-02T09:35:31.492Z
23297,48774,TX20240204118316,WIT_FEE,50,MRU,5488,PLATFORM,COLLECTED,2024-02-04T19:11:09.320Z
23298,48775,TX20240426741545,TRF_FEE,10,MRU,10719,PLATFORM,COLLECTED,2024-04-26T12:03:28.005Z
23299,48776,TX20241130790387,TRF_FEE,25,MRU,6786,PLATFORM,COLLECTED,2024-11-30T10:36:14.397Z
23300,48777,TX20240107548434,SAL_FEE,1110,MRU,4878,PLATFORM,COLLECTED,2024-01-07T12:57:39.953Z
23301,48780,TX20241227340027,WIT_FEE,100,MRU,3215,PLATFORM,COLLECTED,2024-12-27T15:33:23.274Z
23302,48783,TX20240323472535,WIT_FEE,260,MRU,8909,PLATFORM,COLLECTED,2024-03-23T18:08:55.024Z
23303,48785,TX20241008964290,TRF_FEE,25,MRU,7417,PLATFORM,COLLECTED,2024-10-08T13:24:35.705Z
23304,48786,TX20240719385040,SAL_FEE,845,MRU,2632,PLATFORM,COLLECTED,2024-07-19T15:33:37.464Z
23305,48787,TX20241121224567,SAL_FEE,2180,MRU,67,PLATFORM,COLLECTED,2024-11-21T13:36:37.095Z
23306,48793,TX20240209568292,TRF_FEE,50,MRU,4184,PLATFORM,COLLECTED,2024-02-09T19:44:14.441Z
23307,48794,TX20240808818102,TRF_FEE,25,MRU,5158,PLATFORM,COLLECTED,2024-08-08T15:45:51.646Z
23308,48796,TX20241027068926,PAY_FEE,21,MRU,5180,MERCHANT,COLLECTED,2024-10-27T07:56:57.693Z
23309,48798,TX20241202469822,TRF_FEE,25,MRU,1269,PLATFORM,COLLECTED,2024-12-02T19:07:12.707Z
23310,48807,TX20240907993024,PAY_FEE,5,MRU,3987,MERCHANT,COLLECTED,2024-09-07T16:45:09.791Z
23311,48808,TX20241223649635,BIL_FEE,100,MRU,6612,PLATFORM,COLLECTED,2024-12-23T16:51:21.459Z
23312,48809,TX20240320707802,PAY_FEE,53,MRU,512,MERCHANT,COLLECTED,2024-03-20T00:21:11.458Z
23313,48810,TX20240310528845,WIT_FEE,100,MRU,5700,PLATFORM,COLLECTED,2024-03-10T08:37:52.507Z
23314,48815,TX20240205571459,PAY_FEE,14,MRU,9211,MERCHANT,COLLECTED,2024-02-05T12:22:00.134Z
23315,48818,TX20240823113744,TRF_FEE,25,MRU,5701,PLATFORM,COLLECTED,2024-08-23T12:56:25.083Z
23316,48820,TX20240908532651,PAY_FEE,41,MRU,8171,MERCHANT,COLLECTED,2024-09-08T05:03:31.437Z
23317,48822,TX20240528533981,PAY_FEE,119,MRU,8394,MERCHANT,COLLECTED,2024-05-28T09:24:27.586Z
23318,48824,TX20240402359825,TRF_FEE,50,MRU,4547,PLATFORM,COLLECTED,2024-04-02T09:55:48.583Z
23319,48825,TX20241202265895,PAY_FEE,41,MRU,7982,MERCHANT,COLLECTED,2024-12-02T22:13:52.886Z
23320,48826,TX20240216322700,WIT_FEE,50,MRU,7371,PLATFORM,COLLECTED,2024-02-16T16:59:17.124Z
23321,48827,TX20240903126863,PAY_FEE,102,MRU,4542,MERCHANT,COLLECTED,2024-09-03T12:54:37.631Z
23322,48828,TX20241005246812,TRF_FEE,10,MRU,6421,PLATFORM,COLLECTED,2024-10-05T06:54:14.221Z
23323,48829,TX20240726677599,PAY_FEE,50,MRU,9902,MERCHANT,COLLECTED,2024-07-26T13:55:38.573Z
23324,48830,TX20240925232449,TRF_FEE,25,MRU,5779,PLATFORM,COLLECTED,2024-09-25T08:28:38.145Z
23325,48831,TX20240624120137,TRF_FEE,25,MRU,3338,PLATFORM,COLLECTED,2024-06-24T10:41:16.516Z
23326,48832,TX20241005200122,TRF_FEE,25,MRU,3872,PLATFORM,COLLECTED,2024-10-05T16:31:48.814Z
23327,48833,TX20240929245515,PAY_FEE,47,MRU,2522,MERCHANT,COLLECTED,2024-09-29T15:06:19.471Z
23328,48834,TX20240305962292,PAY_FEE,75,MRU,1325,MERCHANT,COLLECTED,2024-03-05T14:16:26.696Z
23329,48835,TX20240826144172,PAY_FEE,56,MRU,1378,MERCHANT,COLLECTED,2024-08-26T05:19:42.217Z
23330,48840,TX20240305463060,TRF_FEE,50,MRU,5196,PLATFORM,COLLECTED,2024-03-05T17:17:29.535Z
23331,48842,TX20240922694936,TRF_FEE,25,MRU,3428,PLATFORM,COLLECTED,2024-09-22T11:59:09.607Z
23332,48848,TX20240607474228,PAY_FEE,74,MRU,4956,MERCHANT,COLLECTED,2024-06-07T11:09:27.923Z
23333,48851,TX20241010102404,PAY_FEE,645,MRU,8704,MERCHANT,COLLECTED,2024-10-10T05:31:01.276Z
23334,48854,TX20240529159754,WIT_FEE,50,MRU,8077,PLATFORM,COLLECTED,2024-05-29T19:55:22.838Z
23335,48855,TX20240422008118,PAY_FEE,18,MRU,322,MERCHANT,COLLECTED,2024-04-22T17:22:42.542Z
23336,48858,TX20240423966141,TRF_FEE,50,MRU,9806,PLATFORM,COLLECTED,2024-04-23T16:56:26.222Z
23337,48865,TX20240923038298,WIT_FEE,200,MRU,6100,PLATFORM,COLLECTED,2024-09-23T07:49:50.693Z
23338,48867,TX20240813319032,TRF_FEE,25,MRU,10134,PLATFORM,COLLECTED,2024-08-13T08:27:36.113Z
23339,48870,TX20240910301559,SAL_FEE,1815,MRU,3636,PLATFORM,COLLECTED,2024-09-10T11:47:44.238Z
23340,48874,TX20240610956930,PAY_FEE,65,MRU,3446,MERCHANT,COLLECTED,2024-06-10T07:31:30.437Z
23341,48876,TX20241218920108,WIT_FEE,500,MRU,3836,PLATFORM,COLLECTED,2024-12-18T20:01:58.466Z
23342,48877,TX20240125310096,TRF_FEE,25,MRU,3940,PLATFORM,COLLECTED,2024-01-25T11:04:57.939Z
23343,48878,TX20240127164874,TRF_FEE,25,MRU,1866,PLATFORM,COLLECTED,2024-01-27T16:21:11.978Z
23344,48881,TX20240910062484,PAY_FEE,35,MRU,1372,MERCHANT,COLLECTED,2024-09-10T13:38:13.447Z
23345,48884,TX20241101449106,PAY_FEE,54,MRU,10444,MERCHANT,COLLECTED,2024-11-01T21:31:01.901Z
23346,48885,TX20240329639237,TRF_FEE,50,MRU,5083,PLATFORM,COLLECTED,2024-03-29T09:16:41.020Z
23347,48888,TX20240225564780,PAY_FEE,645,MRU,3096,MERCHANT,COLLECTED,2024-02-25T16:38:49.954Z
23348,48889,TX20240424491985,PAY_FEE,21,MRU,2321,MERCHANT,COLLECTED,2024-04-24T14:45:46.709Z
23349,48891,TX20241213869933,PAY_FEE,47,MRU,3073,MERCHANT,COLLECTED,2024-12-13T09:16:24.816Z
23350,48892,TX20240225722308,TRF_FEE,25,MRU,9723,PLATFORM,COLLECTED,2024-02-25T08:06:37.062Z
23351,48894,TX20241112348964,TRF_FEE,10,MRU,9876,PLATFORM,COLLECTED,2024-11-12T09:55:29.981Z
23352,48896,TX20240421695693,PAY_FEE,77,MRU,4132,MERCHANT,COLLECTED,2024-04-21T10:58:16.556Z
23353,48897,TX20240717144019,SAL_FEE,1840,MRU,7499,PLATFORM,COLLECTED,2024-07-17T05:10:38.875Z
23354,48898,TX20241104229941,TRF_FEE,25,MRU,8953,PLATFORM,COLLECTED,2024-11-04T07:49:15.989Z
23355,48901,TX20240508402627,PAY_FEE,255,MRU,5179,MERCHANT,COLLECTED,2024-05-08T06:51:58.672Z
23356,48902,TX20240629414990,SAL_FEE,1560,MRU,5777,PLATFORM,COLLECTED,2024-06-29T10:55:20.945Z
23357,48904,TX20240601358045,WIT_FEE,50,MRU,7986,PLATFORM,COLLECTED,2024-06-01T08:07:36.023Z
23358,48906,TX20241222635167,TRF_FEE,10,MRU,2364,PLATFORM,COLLECTED,2024-12-22T10:39:26.108Z
23359,48915,TX20240217686753,TRF_FEE,25,MRU,17,PLATFORM,COLLECTED,2024-02-17T12:33:39.184Z
23360,48918,TX20241110914333,TRF_FEE,10,MRU,1985,PLATFORM,COLLECTED,2024-11-10T16:36:17.630Z
23361,48922,TX20240514284234,TRF_FEE,50,MRU,9536,PLATFORM,COLLECTED,2024-05-14T06:22:12.818Z
23362,48923,TX20240825560172,PAY_FEE,62,MRU,11015,MERCHANT,COLLECTED,2024-08-25T18:27:31.258Z
23363,48925,TX20241205175314,TRF_FEE,10,MRU,3377,PLATFORM,COLLECTED,2024-12-05T12:45:43.599Z
23364,48930,TX20240204484912,WIT_FEE,100,MRU,3923,PLATFORM,COLLECTED,2024-02-04T10:23:29.841Z
23365,48934,TX20241002333604,PAY_FEE,75,MRU,1386,MERCHANT,COLLECTED,2024-10-02T19:31:39.832Z
23366,48937,TX20240522234461,TRF_FEE,10,MRU,3884,PLATFORM,COLLECTED,2024-05-22T16:40:46.943Z
23367,48939,TX20241220105170,WIT_FEE,100,MRU,5470,PLATFORM,COLLECTED,2024-12-20T17:53:40.147Z
23368,48944,TX20240321179729,PAY_FEE,810,MRU,5513,MERCHANT,COLLECTED,2024-03-21T09:57:18.963Z
23369,48945,TX20240625582804,PAY_FEE,27,MRU,6913,MERCHANT,COLLECTED,2024-06-25T13:48:49.295Z
23370,48946,TX20241222998820,PAY_FEE,18,MRU,8547,MERCHANT,COLLECTED,2024-12-22T18:56:51.157Z
23371,48947,TX20240503010251,TRF_FEE,50,MRU,8264,PLATFORM,COLLECTED,2024-05-03T18:11:57.568Z
23372,48953,TX20241212375556,PAY_FEE,42,MRU,8588,MERCHANT,COLLECTED,2024-12-12T16:47:13.131Z
23373,48955,TX20241110048523,PAY_FEE,41,MRU,10095,MERCHANT,COLLECTED,2024-11-10T09:35:38.028Z
23374,48956,TX20240324586573,PAY_FEE,17,MRU,10332,MERCHANT,COLLECTED,2024-03-24T20:29:10.173Z
23375,48962,TX20241122734809,TRF_FEE,25,MRU,388,PLATFORM,COLLECTED,2024-11-22T08:23:28.900Z
23376,48965,TX20240327718338,WIT_FEE,50,MRU,5881,PLATFORM,COLLECTED,2024-03-27T10:50:08.566Z
23377,48966,TX20240629092628,PAY_FEE,51,MRU,3100,MERCHANT,COLLECTED,2024-06-29T15:55:51.317Z
23378,48973,TX20240122015795,TRF_FEE,50,MRU,5182,PLATFORM,COLLECTED,2024-01-22T12:00:58.212Z
23379,48975,TX20240519143675,TRF_FEE,10,MRU,3292,PLATFORM,COLLECTED,2024-05-19T21:53:57.753Z
23380,48978,TX20240526827131,TRF_FEE,25,MRU,2605,PLATFORM,COLLECTED,2024-05-26T08:17:19.671Z
23381,48982,TX20240728463771,TRF_FEE,25,MRU,8618,PLATFORM,COLLECTED,2024-07-28T13:42:40.165Z
23382,48983,TX20240803448227,TRF_FEE,50,MRU,9932,PLATFORM,COLLECTED,2024-08-03T14:40:03.710Z
23383,48985,TX20241105560755,WIT_FEE,50,MRU,453,PLATFORM,COLLECTED,2024-11-05T16:29:16.224Z
23384,48986,TX20241130747879,WIT_FEE,50,MRU,811,PLATFORM,COLLECTED,2024-11-30T09:21:42.793Z
23385,48988,TX20240201330183,BIL_FEE,100,MRU,10583,PLATFORM,COLLECTED,2024-02-01T17:30:49.794Z
23386,48989,TX20240503233939,TRF_FEE,50,MRU,311,PLATFORM,COLLECTED,2024-05-03T00:34:01.056Z
23387,48994,TX20240214533777,PAY_FEE,57,MRU,9746,MERCHANT,COLLECTED,2024-02-14T19:57:41.468Z
23388,48995,TX20240713092662,TRF_FEE,25,MRU,8026,PLATFORM,COLLECTED,2024-07-13T04:28:21.360Z
23389,48998,TX20240719809291,WIT_FEE,50,MRU,1111,PLATFORM,COLLECTED,2024-07-19T16:35:08.645Z
23390,49000,TX20240403183977,TRF_FEE,25,MRU,6157,PLATFORM,COLLECTED,2024-04-03T13:38:13.147Z
23391,49001,TX20240616983326,PAY_FEE,38,MRU,7520,MERCHANT,COLLECTED,2024-06-16T06:05:59.433Z
23392,49004,TX20240319093225,WIT_FEE,50,MRU,488,PLATFORM,COLLECTED,2024-03-19T17:12:22.688Z
23393,49005,TX20241005110901,PAY_FEE,6,MRU,385,MERCHANT,COLLECTED,2024-10-05T07:47:21.885Z
23394,49006,TX20240930295065,SAL_FEE,1035,MRU,4071,PLATFORM,COLLECTED,2024-09-30T16:21:27.598Z
23395,49007,TX20241007787868,TRF_FEE,10,MRU,3942,PLATFORM,COLLECTED,2024-10-07T10:50:13.006Z
23396,49011,TX20240419717865,TRF_FEE,50,MRU,10307,PLATFORM,COLLECTED,2024-04-19T10:57:23.408Z
23397,49015,TX20240417629247,WIT_FEE,50,MRU,697,PLATFORM,COLLECTED,2024-04-17T15:52:01.408Z
23398,49017,TX20240913957440,TRF_FEE,50,MRU,1353,PLATFORM,COLLECTED,2024-09-13T13:39:36.053Z
23399,49018,TX20241028516593,PAY_FEE,165,MRU,1327,MERCHANT,COLLECTED,2024-10-28T09:48:02.970Z
23400,49020,TX20240822212436,WIT_FEE,50,MRU,5854,PLATFORM,COLLECTED,2024-08-22T05:30:39.618Z
23401,49022,TX20241127311735,WIT_FEE,50,MRU,8273,PLATFORM,COLLECTED,2024-11-27T20:15:35.964Z
23402,49033,TX20240209551924,WIT_FEE,50,MRU,1593,PLATFORM,COLLECTED,2024-02-09T15:14:31.769Z
23403,49034,TX20240811743414,SAL_FEE,1790,MRU,3341,PLATFORM,COLLECTED,2024-08-11T07:00:39.892Z
23404,49036,TX20240221338195,WIT_FEE,100,MRU,269,PLATFORM,COLLECTED,2024-02-21T11:23:44.593Z
23405,49038,TX20240727271837,WIT_FEE,50,MRU,5861,PLATFORM,COLLECTED,2024-07-27T17:14:14.338Z
23406,49040,TX20240909233684,WIT_FEE,50,MRU,9065,PLATFORM,COLLECTED,2024-09-09T14:02:32.785Z
23407,49041,TX20241122656449,TRF_FEE,50,MRU,7289,PLATFORM,COLLECTED,2024-11-22T09:11:07.256Z
23408,49046,TX20240610270345,WIT_FEE,50,MRU,2415,PLATFORM,COLLECTED,2024-06-10T08:47:12.272Z
23409,49047,TX20240301963610,TRF_FEE,25,MRU,3457,PLATFORM,COLLECTED,2024-03-01T13:21:26.220Z
23410,49049,TX20241215279763,WIT_FEE,50,MRU,4628,PLATFORM,COLLECTED,2024-12-15T08:11:17.541Z
23411,49054,TX20241214157271,TRF_FEE,50,MRU,2633,PLATFORM,COLLECTED,2024-12-14T09:21:22.475Z
23412,49055,TX20240925942915,TRF_FEE,10,MRU,140,PLATFORM,COLLECTED,2024-09-25T08:39:10.936Z
23413,49063,TX20240127656694,WIT_FEE,50,MRU,3583,PLATFORM,COLLECTED,2024-01-27T09:04:08.558Z
23414,49067,TX20240503745423,PAY_FEE,62,MRU,5613,MERCHANT,COLLECTED,2024-05-03T18:54:05.609Z
23415,49068,TX20240204203220,SAL_FEE,1025,MRU,1949,PLATFORM,COLLECTED,2024-02-04T17:12:43.373Z
23416,49071,TX20240820310947,TRF_FEE,50,MRU,8927,PLATFORM,COLLECTED,2024-08-20T17:24:46.052Z
23417,49075,TX20240603195990,BIL_FEE,100,MRU,10746,PLATFORM,COLLECTED,2024-06-03T09:10:47.621Z
23418,49076,TX20240911887700,WIT_FEE,140,MRU,3993,PLATFORM,COLLECTED,2024-09-11T17:48:34.598Z
23419,49080,TX20241215453923,WIT_FEE,50,MRU,7864,PLATFORM,COLLECTED,2024-12-15T14:11:00.934Z
23420,49082,TX20240219946193,TRF_FEE,50,MRU,6492,PLATFORM,COLLECTED,2024-02-19T16:12:31.915Z
23421,49084,TX20240622344313,WIT_FEE,50,MRU,10423,PLATFORM,COLLECTED,2024-06-22T05:04:35.465Z
23422,49087,TX20241126601741,PAY_FEE,8,MRU,2438,MERCHANT,COLLECTED,2024-11-26T16:00:23.550Z
23423,49090,TX20241224800310,WIT_FEE,50,MRU,4724,PLATFORM,COLLECTED,2024-12-24T08:41:27.652Z
23424,49091,TX20240816348964,WIT_FEE,72,MRU,10814,PLATFORM,COLLECTED,2024-08-16T16:15:55.483Z
23425,49095,TX20240128981133,PAY_FEE,20,MRU,5085,MERCHANT,COLLECTED,2024-01-28T17:15:59.811Z
23426,49098,TX20240403114182,WIT_FEE,50,MRU,10675,PLATFORM,COLLECTED,2024-04-03T15:21:06.855Z
23427,49099,TX20240603678212,TRF_FEE,50,MRU,6444,PLATFORM,COLLECTED,2024-06-03T18:20:56.522Z
23428,49100,TX20241107819108,WIT_FEE,50,MRU,588,PLATFORM,COLLECTED,2024-11-07T13:12:09.396Z
23429,49104,TX20240619283668,WIT_FEE,50,MRU,1963,PLATFORM,COLLECTED,2024-06-19T06:23:00.643Z
23430,49108,TX20240512719636,WIT_FEE,50,MRU,7539,PLATFORM,COLLECTED,2024-05-12T17:19:44.015Z
23431,49110,TX20241017924116,WIT_FEE,50,MRU,5941,PLATFORM,COLLECTED,2024-10-17T15:36:21.605Z
23432,49113,TX20240121448752,TRF_FEE,25,MRU,5207,PLATFORM,COLLECTED,2024-01-21T13:45:11.877Z
23433,49116,TX20240815919437,TRF_FEE,10,MRU,9440,PLATFORM,COLLECTED,2024-08-15T16:43:19.583Z
23434,49123,TX20241024192442,TRF_FEE,10,MRU,1781,PLATFORM,COLLECTED,2024-10-24T10:24:07.998Z
23435,49124,TX20240514008036,TRF_FEE,25,MRU,451,PLATFORM,COLLECTED,2024-05-14T18:43:16.549Z
23436,49127,TX20241222831528,WIT_FEE,100,MRU,10862,PLATFORM,COLLECTED,2024-12-22T09:51:29.095Z
23437,49128,TX20240317355579,WIT_FEE,50,MRU,4934,PLATFORM,COLLECTED,2024-03-17T09:42:30.883Z
23438,49136,TX20240422020893,TRF_FEE,50,MRU,32,PLATFORM,COLLECTED,2024-04-22T05:36:00.333Z
23439,49138,TX20240225315599,TRF_FEE,25,MRU,6374,PLATFORM,COLLECTED,2024-02-25T11:33:50.255Z
23440,49139,TX20240721070883,PAY_FEE,165,MRU,7438,MERCHANT,COLLECTED,2024-07-21T13:55:41.465Z
23441,49144,TX20240629285106,PAY_FEE,74,MRU,1016,MERCHANT,COLLECTED,2024-06-29T06:28:51.765Z
23442,49145,TX20240117667773,TRF_FEE,10,MRU,9548,PLATFORM,COLLECTED,2024-01-17T17:14:15.967Z
23443,49146,TX20240415892152,SAL_FEE,1465,MRU,9112,PLATFORM,COLLECTED,2024-04-15T16:55:00.676Z
23444,49147,TX20240311769434,TRF_FEE,25,MRU,4708,PLATFORM,COLLECTED,2024-03-11T17:32:18.743Z
23445,49153,TX20241216358550,WIT_FEE,50,MRU,9692,PLATFORM,COLLECTED,2024-12-16T12:10:10.936Z
23446,49155,TX20240131839826,TRF_FEE,25,MRU,4660,PLATFORM,COLLECTED,2024-01-31T08:44:40.902Z
23447,49159,TX20241208893498,TRF_FEE,25,MRU,1749,PLATFORM,COLLECTED,2024-12-08T06:08:50.602Z
23448,49166,TX20241123770398,WIT_FEE,100,MRU,3107,PLATFORM,COLLECTED,2024-11-23T14:41:10.314Z
23449,49169,TX20240630986932,WIT_FEE,50,MRU,7160,PLATFORM,COLLECTED,2024-06-30T12:07:00.601Z
23450,49170,TX20240318741545,SAL_FEE,1035,MRU,10894,PLATFORM,COLLECTED,2024-03-18T12:11:47.134Z
23451,49171,TX20241130674962,TRF_FEE,25,MRU,6786,PLATFORM,COLLECTED,2024-11-30T10:36:14.397Z
23452,49178,TX20240323913609,WIT_FEE,160,MRU,8909,PLATFORM,COLLECTED,2024-03-23T18:08:55.024Z
23453,49180,TX20240729288950,PAY_FEE,675,MRU,569,MERCHANT,COLLECTED,2024-07-29T10:35:42.672Z
23454,49181,TX20240903051039,TRF_FEE,50,MRU,6981,PLATFORM,COLLECTED,2024-09-03T20:32:46.558Z
23455,49182,TX20240817046943,TRF_FEE,25,MRU,9360,PLATFORM,COLLECTED,2024-08-17T06:00:51.298Z
23456,49186,TX20240104096609,WIT_FEE,50,MRU,9891,PLATFORM,COLLECTED,2024-01-04T14:01:03.028Z
23457,49187,TX20241101368911,PAY_FEE,24,MRU,10897,MERCHANT,COLLECTED,2024-11-01T10:54:58.846Z
23458,49189,TX20240918978582,TRF_FEE,50,MRU,5376,PLATFORM,COLLECTED,2024-09-18T15:51:38.465Z
23459,49190,TX20240220676125,WIT_FEE,100,MRU,1163,PLATFORM,COLLECTED,2024-02-20T19:14:22.606Z
23460,49191,TX20241027533777,PAY_FEE,21,MRU,5180,MERCHANT,COLLECTED,2024-10-27T07:56:57.693Z
23461,49192,TX20240713243462,TRF_FEE,25,MRU,8026,PLATFORM,COLLECTED,2024-07-13T04:28:21.360Z
23462,49193,TX20240212807641,PAY_FEE,63,MRU,6416,MERCHANT,COLLECTED,2024-02-12T15:32:31.810Z
23463,49194,TX20240509838102,WIT_FEE,84,MRU,2911,PLATFORM,COLLECTED,2024-05-09T15:24:01.031Z
23464,49195,TX20241109891195,TRF_FEE,10,MRU,5536,PLATFORM,COLLECTED,2024-11-09T14:08:38.101Z
23465,49196,TX20241226958195,PAY_FEE,65,MRU,5387,MERCHANT,COLLECTED,2024-12-26T09:30:45.543Z
23466,49198,TX20241015444729,BIL_FEE,100,MRU,914,PLATFORM,COLLECTED,2024-10-15T04:47:27.080Z
23467,49201,TX20240814860789,WIT_FEE,50,MRU,4111,PLATFORM,COLLECTED,2024-08-14T08:12:48.211Z
23468,49202,TX20241102852561,TRF_FEE,25,MRU,9766,PLATFORM,COLLECTED,2024-11-02T16:09:47.359Z
23469,49204,TX20240320283464,PAY_FEE,53,MRU,512,MERCHANT,COLLECTED,2024-03-20T00:21:11.458Z
23470,49210,TX20241227677947,TRF_FEE,25,MRU,388,PLATFORM,COLLECTED,2024-12-27T14:01:21.311Z
23471,49212,TX20240115253666,TRF_FEE,25,MRU,3261,PLATFORM,COLLECTED,2024-01-15T16:29:37.909Z
23472,49213,TX20240211912133,PAY_FEE,65,MRU,8966,MERCHANT,COLLECTED,2024-02-11T11:29:31.723Z
23473,49215,TX20240711099075,TRF_FEE,25,MRU,5893,PLATFORM,COLLECTED,2024-07-11T10:44:50.530Z
23474,49218,TX20241008337116,TRF_FEE,50,MRU,9172,PLATFORM,COLLECTED,2024-10-08T11:26:55.173Z
23475,49222,TX20240219261507,SAL_FEE,1370,MRU,883,PLATFORM,COLLECTED,2024-02-19T07:52:41.880Z
23476,49223,TX20240530883330,WIT_FEE,50,MRU,10882,PLATFORM,COLLECTED,2024-05-30T09:09:03.177Z
23477,49224,TX20241029051601,SAL_FEE,785,MRU,673,PLATFORM,COLLECTED,2024-10-29T00:40:52.212Z
23478,49226,TX20240513958922,TRF_FEE,50,MRU,10032,PLATFORM,COLLECTED,2024-05-13T10:02:07.404Z
23479,49228,TX20240120868586,PAY_FEE,210,MRU,2074,MERCHANT,COLLECTED,2024-01-20T07:14:27.623Z
23480,49231,TX20241121507835,TRF_FEE,25,MRU,10094,PLATFORM,COLLECTED,2024-11-21T09:41:13.271Z
23481,49232,TX20240812767365,SAL_FEE,270,MRU,1472,PLATFORM,COLLECTED,2024-08-12T07:52:57.334Z
23482,49233,TX20240221760024,WIT_FEE,100,MRU,269,PLATFORM,COLLECTED,2024-02-21T11:23:44.593Z
23483,49234,TX20240328582953,WIT_FEE,50,MRU,10696,PLATFORM,COLLECTED,2024-03-28T12:44:45.151Z
23484,49235,TX20240712991131,WIT_FEE,50,MRU,9582,PLATFORM,COLLECTED,2024-07-12T11:57:07.002Z
23485,49238,TX20241122457230,TRF_FEE,50,MRU,7289,PLATFORM,COLLECTED,2024-11-22T09:11:07.256Z
23486,49239,TX20240108826475,TRF_FEE,50,MRU,5922,PLATFORM,COLLECTED,2024-01-08T10:39:07.132Z
23487,49240,TX20240217111996,TRF_FEE,50,MRU,1195,PLATFORM,COLLECTED,2024-02-17T09:44:55.129Z
23488,49243,TX20241018332575,WIT_FEE,50,MRU,4567,PLATFORM,COLLECTED,2024-10-18T07:16:13.434Z
23489,49245,TX20241120542580,PAY_FEE,17,MRU,6522,MERCHANT,COLLECTED,2024-11-20T13:03:34.762Z
23490,49249,TX20241216306749,TRF_FEE,25,MRU,8860,PLATFORM,COLLECTED,2024-12-16T15:05:44.433Z
23491,49251,TX20240327529152,TRF_FEE,50,MRU,3816,PLATFORM,COLLECTED,2024-03-27T16:09:36.220Z
23492,49252,TX20240305942915,TRF_FEE,25,MRU,1831,PLATFORM,COLLECTED,2024-03-05T19:00:14.581Z
23493,49257,TX20240120952158,PAY_FEE,24,MRU,8181,MERCHANT,COLLECTED,2024-01-20T18:01:42.074Z
23494,49260,TX20240315168093,BIL_FEE,100,MRU,3413,PLATFORM,COLLECTED,2024-03-15T08:18:15.071Z
23495,49262,TX20240903499909,WIT_FEE,50,MRU,6907,PLATFORM,COLLECTED,2024-09-03T11:05:25.292Z
23496,49265,TX20240116973244,TRF_FEE,50,MRU,4642,PLATFORM,COLLECTED,2024-01-16T09:33:55.394Z
23497,49266,TX20240922538757,BIL_FEE,100,MRU,9141,PLATFORM,COLLECTED,2024-09-22T07:15:15.507Z
23498,49267,TX20240916735993,WIT_FEE,50,MRU,7576,PLATFORM,COLLECTED,2024-09-16T16:40:09.134Z
23499,49270,TX20241025554890,PAY_FEE,53,MRU,8690,MERCHANT,COLLECTED,2024-10-25T04:33:30.439Z
23500,49272,TX20240428017382,TRF_FEE,10,MRU,3524,PLATFORM,COLLECTED,2024-04-28T11:46:31.170Z
23501,49276,TX20241109028306,PAY_FEE,35,MRU,641,MERCHANT,COLLECTED,2024-11-09T11:43:55.823Z
23502,49278,TX20241217955703,WIT_FEE,50,MRU,5985,PLATFORM,COLLECTED,2024-12-17T15:39:03.966Z
23503,49280,TX20240414322361,WIT_FEE,500,MRU,7046,PLATFORM,COLLECTED,2024-04-14T10:51:29.737Z
23504,49281,TX20240430457596,PAY_FEE,45,MRU,5726,MERCHANT,COLLECTED,2024-04-30T10:18:13.874Z
23505,49284,TX20240321326500,WIT_FEE,50,MRU,3395,PLATFORM,COLLECTED,2024-03-21T09:33:55.589Z
23506,49287,TX20240731751459,SAL_FEE,390,MRU,7042,PLATFORM,COLLECTED,2024-07-31T06:39:00.422Z
23507,49288,TX20240826696232,TRF_FEE,50,MRU,2692,PLATFORM,COLLECTED,2024-08-26T10:20:08.128Z
23508,49290,TX20240604016382,TRF_FEE,25,MRU,7622,PLATFORM,COLLECTED,2024-06-04T11:24:32.933Z
23509,49291,TX20240210483187,SAL_FEE,935,MRU,7950,PLATFORM,COLLECTED,2024-02-10T09:45:07.141Z
23510,49293,TX20240521683958,WIT_FEE,50,MRU,6163,PLATFORM,COLLECTED,2024-05-21T16:48:30.128Z
23511,49298,TX20240602903015,PAY_FEE,65,MRU,6768,MERCHANT,COLLECTED,2024-06-02T08:19:44.679Z
23512,49301,TX20240427256104,SAL_FEE,1260,MRU,1921,PLATFORM,COLLECTED,2024-04-27T14:26:06.213Z
23513,49303,TX20241015603364,TRF_FEE,25,MRU,4821,PLATFORM,COLLECTED,2024-10-15T04:04:33.868Z
23514,49304,TX20240406901560,WIT_FEE,50,MRU,6591,PLATFORM,COLLECTED,2024-04-06T15:46:47.031Z
23515,49307,TX20240110220796,TRF_FEE,25,MRU,685,PLATFORM,COLLECTED,2024-01-10T17:00:41.950Z
23516,49311,TX20240619497747,TRF_FEE,50,MRU,112,PLATFORM,COLLECTED,2024-06-19T18:01:42.461Z
23517,49313,TX20241110908591,TRF_FEE,10,MRU,1985,PLATFORM,COLLECTED,2024-11-10T16:36:17.630Z
23518,49317,TX20240617285563,BIL_FEE,100,MRU,9037,PLATFORM,COLLECTED,2024-06-17T09:07:22.214Z
23519,49319,TX20240212081411,TRF_FEE,25,MRU,3533,PLATFORM,COLLECTED,2024-02-12T10:30:03.855Z
23520,49320,TX20240819675976,WIT_FEE,50,MRU,6622,PLATFORM,COLLECTED,2024-08-19T18:27:45.733Z
23521,49321,TX20240726833212,TRF_FEE,25,MRU,5548,PLATFORM,COLLECTED,2024-07-26T12:54:27.297Z
23522,49323,TX20240328230291,TRF_FEE,50,MRU,6490,PLATFORM,COLLECTED,2024-03-28T20:25:40.736Z
23523,49325,TX20240521975770,WIT_FEE,50,MRU,9297,PLATFORM,COLLECTED,2024-05-21T06:18:23.499Z
23524,49328,TX20240130301307,PAY_FEE,17,MRU,8060,MERCHANT,COLLECTED,2024-01-30T18:05:33.747Z
23525,49329,TX20240215297811,PAY_FEE,10,MRU,5453,MERCHANT,COLLECTED,2024-02-15T09:59:40.596Z
23526,49331,TX20240413867285,TRF_FEE,25,MRU,1206,PLATFORM,COLLECTED,2024-04-13T06:08:18.411Z
23527,49332,TX20240526071174,WIT_FEE,130,MRU,2350,PLATFORM,COLLECTED,2024-05-26T12:58:45.352Z
23528,49333,TX20241212858517,TRF_FEE,25,MRU,6196,PLATFORM,COLLECTED,2024-12-12T15:08:18.629Z
23529,49337,TX20240415093100,TRF_FEE,25,MRU,6953,PLATFORM,COLLECTED,2024-04-15T17:53:51.554Z
23530,49338,TX20240410390292,WIT_FEE,50,MRU,5933,PLATFORM,COLLECTED,2024-04-10T08:12:52.519Z
23531,49340,TX20240429980669,PAY_FEE,5,MRU,6040,MERCHANT,COLLECTED,2024-04-29T10:55:24.582Z
23532,49344,TX20241220892152,TRF_FEE,25,MRU,7463,PLATFORM,COLLECTED,2024-12-20T09:52:55.004Z
23533,49345,TX20240311549097,TRF_FEE,25,MRU,4708,PLATFORM,COLLECTED,2024-03-11T17:32:18.743Z
23534,49346,TX20241021916910,PAY_FEE,128,MRU,1511,MERCHANT,COLLECTED,2024-10-21T13:13:27.895Z
23535,49347,TX20241115634265,PAY_FEE,45,MRU,1147,MERCHANT,COLLECTED,2024-11-15T15:02:10.475Z
23536,49349,TX20240302553490,TRF_FEE,50,MRU,6018,PLATFORM,COLLECTED,2024-03-02T14:12:33.360Z
23537,49350,TX20241110744525,PAY_FEE,41,MRU,10095,MERCHANT,COLLECTED,2024-11-10T09:35:38.028Z
23538,49351,TX20241216319186,WIT_FEE,50,MRU,9692,PLATFORM,COLLECTED,2024-12-16T12:10:10.936Z
23539,49352,TX20241007289632,WIT_FEE,50,MRU,6728,PLATFORM,COLLECTED,2024-10-07T09:01:15.377Z
23540,49354,TX20240704977697,TRF_FEE,25,MRU,166,PLATFORM,COLLECTED,2024-07-04T08:00:04.482Z
23541,49359,TX20240121603203,PAY_FEE,27,MRU,9222,MERCHANT,COLLECTED,2024-01-21T10:38:17.485Z
23542,49361,TX20240503475940,WIT_FEE,370,MRU,5539,PLATFORM,COLLECTED,2024-05-03T08:26:34.934Z
23543,49362,TX20240705270327,TRF_FEE,50,MRU,9578,PLATFORM,COLLECTED,2024-07-05T19:27:15.133Z
23544,49363,TX20240329264488,TRF_FEE,25,MRU,905,PLATFORM,COLLECTED,2024-03-29T14:46:25.603Z
23545,49368,TX20240318927833,SAL_FEE,1035,MRU,10894,PLATFORM,COLLECTED,2024-03-18T12:11:47.134Z
23546,49375,TX20240310916324,TRF_FEE,50,MRU,639,PLATFORM,COLLECTED,2024-03-10T15:43:26.691Z
23547,49378,TX20241008788127,TRF_FEE,25,MRU,7417,PLATFORM,COLLECTED,2024-10-08T13:24:35.705Z
23548,49385,TX20240408171744,SAL_FEE,1455,MRU,4872,PLATFORM,COLLECTED,2024-04-08T08:05:39.870Z
23549,49390,TX20240511092662,WIT_FEE,50,MRU,10327,PLATFORM,COLLECTED,2024-05-11T15:56:41.101Z
23550,49392,TX20240527040336,PAY_FEE,71,MRU,6553,MERCHANT,COLLECTED,2024-05-27T04:01:15.941Z
23551,49393,TX20240719455195,WIT_FEE,50,MRU,1111,PLATFORM,COLLECTED,2024-07-19T16:35:08.645Z
23552,49395,TX20240403655859,TRF_FEE,25,MRU,6157,PLATFORM,COLLECTED,2024-04-03T13:38:13.147Z
23553,49396,TX20240130919388,TRF_FEE,25,MRU,3249,PLATFORM,COLLECTED,2024-01-30T07:59:25.682Z
23554,49397,TX20240316148461,WIT_FEE,50,MRU,5408,PLATFORM,COLLECTED,2024-03-16T07:11:20.592Z
23555,49398,TX20240130645705,WIT_FEE,50,MRU,3389,PLATFORM,COLLECTED,2024-01-30T18:03:59.106Z
23556,49399,TX20240318860789,PAY_FEE,735,MRU,3598,MERCHANT,COLLECTED,2024-03-18T10:41:02.369Z
23557,49400,TX20241102675069,TRF_FEE,25,MRU,9766,PLATFORM,COLLECTED,2024-11-02T16:09:47.359Z
23558,49404,TX20240722075557,WIT_FEE,50,MRU,9203,PLATFORM,COLLECTED,2024-07-22T12:44:17.866Z
23559,49405,TX20240128968812,PAY_FEE,29,MRU,8057,MERCHANT,COLLECTED,2024-01-28T13:31:13.021Z
23560,49406,TX20240513451545,WIT_FEE,50,MRU,5173,PLATFORM,COLLECTED,2024-05-13T07:43:51.443Z
23561,49407,TX20241225419915,TRF_FEE,50,MRU,8801,PLATFORM,COLLECTED,2024-12-25T09:48:30.520Z
23562,49408,TX20241227866352,TRF_FEE,25,MRU,388,PLATFORM,COLLECTED,2024-12-27T14:01:21.311Z
23563,49409,TX20241219924545,PAY_FEE,141,MRU,6308,MERCHANT,COLLECTED,2024-12-19T17:16:37.800Z
23564,49410,TX20240819597426,PAY_FEE,30,MRU,10025,MERCHANT,COLLECTED,2024-08-19T05:45:29.629Z
23565,49412,TX20241210559577,WIT_FEE,100,MRU,3083,PLATFORM,COLLECTED,2024-12-10T14:13:10.957Z
23566,49413,TX20241103930134,PAY_FEE,180,MRU,2043,MERCHANT,COLLECTED,2024-11-03T13:31:30.360Z
23567,49416,TX20240611198976,TRF_FEE,25,MRU,9020,PLATFORM,COLLECTED,2024-06-11T17:10:49.039Z
23568,49418,TX20240428442518,WIT_FEE,100,MRU,173,PLATFORM,COLLECTED,2024-04-28T06:51:39.636Z
23569,49421,TX20240918945780,WIT_FEE,200,MRU,6086,PLATFORM,COLLECTED,2024-09-18T16:56:20.388Z
23570,49423,TX20241022860524,WIT_FEE,50,MRU,3239,PLATFORM,COLLECTED,2024-10-22T10:09:04.686Z
23571,49431,TX20240221825347,WIT_FEE,100,MRU,269,PLATFORM,COLLECTED,2024-02-21T11:23:44.593Z
23572,49432,TX20240619582953,WIT_FEE,50,MRU,4536,PLATFORM,COLLECTED,2024-06-19T15:45:09.970Z
23573,49433,TX20240712377071,WIT_FEE,50,MRU,9582,PLATFORM,COLLECTED,2024-07-12T11:57:07.002Z
23574,49434,TX20241017226560,SAL_FEE,705,MRU,2355,PLATFORM,COLLECTED,2024-10-17T12:17:26.189Z
23575,49436,TX20241122545313,TRF_FEE,50,MRU,7289,PLATFORM,COLLECTED,2024-11-22T09:11:07.256Z
23576,49442,TX20240612819602,WIT_FEE,50,MRU,8038,PLATFORM,COLLECTED,2024-06-12T07:18:29.544Z
23577,49443,TX20241005469514,TRF_FEE,50,MRU,5356,PLATFORM,COLLECTED,2024-10-05T13:10:19.140Z
23578,49445,TX20240109249395,BIL_FEE,100,MRU,3164,PLATFORM,COLLECTED,2024-01-09T15:28:04.000Z
23579,49447,TX20241019029265,TRF_FEE,50,MRU,3050,PLATFORM,COLLECTED,2024-10-19T17:20:05.937Z
23580,49450,TX20240305449323,TRF_FEE,25,MRU,1831,PLATFORM,COLLECTED,2024-03-05T19:00:14.581Z
23581,49454,TX20241211635271,WIT_FEE,100,MRU,2919,PLATFORM,COLLECTED,2024-12-11T10:05:27.365Z
23582,49455,TX20240120873459,PAY_FEE,24,MRU,8181,MERCHANT,COLLECTED,2024-01-20T18:01:42.074Z
23583,49456,TX20241116235600,PAY_FEE,66,MRU,2447,MERCHANT,COLLECTED,2024-11-16T11:09:27.180Z
23584,49461,TX20241119442955,TRF_FEE,50,MRU,5811,PLATFORM,COLLECTED,2024-11-19T17:28:47.670Z
23585,49462,TX20241206745423,WIT_FEE,50,MRU,34,PLATFORM,COLLECTED,2024-12-06T18:05:36.507Z
23586,49463,TX20240204329956,SAL_FEE,1025,MRU,1949,PLATFORM,COLLECTED,2024-02-04T17:12:43.373Z
23587,49464,TX20240602496909,TRF_FEE,50,MRU,9553,PLATFORM,COLLECTED,2024-06-02T15:07:23.337Z
23588,49469,TX20241222468152,TRF_FEE,10,MRU,2484,PLATFORM,COLLECTED,2024-12-22T08:06:15.391Z
23589,49473,TX20240506619807,TRF_FEE,25,MRU,8802,PLATFORM,COLLECTED,2024-05-06T10:56:20.356Z
23590,49482,TX20240919472865,BIL_FEE,100,MRU,1344,PLATFORM,COLLECTED,2024-09-18T22:23:33.219Z
23591,49486,TX20240709981833,TRF_FEE,25,MRU,6481,PLATFORM,COLLECTED,2024-07-09T07:51:41.476Z
23592,49487,TX20240410016382,WIT_FEE,50,MRU,8190,PLATFORM,COLLECTED,2024-04-10T19:01:59.273Z
23593,49488,TX20240210083966,SAL_FEE,935,MRU,7950,PLATFORM,COLLECTED,2024-02-10T09:45:07.141Z
23594,49491,TX20240920411001,TRF_FEE,50,MRU,518,PLATFORM,COLLECTED,2024-09-20T18:50:33.698Z
23595,49493,TX20240123468086,SAL_FEE,1045,MRU,8786,PLATFORM,COLLECTED,2024-01-23T11:06:14.257Z
23596,49494,TX20240315152303,WIT_FEE,250,MRU,3072,PLATFORM,COLLECTED,2024-03-15T07:14:10.439Z
23597,49495,TX20240419046125,TRF_FEE,25,MRU,3571,PLATFORM,COLLECTED,2024-04-19T17:48:25.308Z
23598,49496,TX20240214028202,WIT_FEE,50,MRU,7136,PLATFORM,COLLECTED,2024-02-14T14:01:43.398Z
23599,49500,TX20241015310922,TRF_FEE,25,MRU,4821,PLATFORM,COLLECTED,2024-10-15T04:04:33.868Z
23600,49503,TX20240822172991,PAY_FEE,165,MRU,4026,MERCHANT,COLLECTED,2024-08-22T16:34:59.303Z
23601,49505,TX20240320914815,WIT_FEE,50,MRU,2683,PLATFORM,COLLECTED,2024-03-20T12:20:03.405Z
23602,49508,TX20240808529767,TRF_FEE,25,MRU,9676,PLATFORM,COLLECTED,2024-08-08T05:29:45.191Z
23603,49509,TX20241016851559,PAY_FEE,4,MRU,7601,MERCHANT,COLLECTED,2024-10-16T18:02:12.796Z
23604,49517,TX20241031226557,PAY_FEE,180,MRU,8603,MERCHANT,COLLECTED,2024-10-31T14:55:07.225Z
23605,49518,TX20240928192442,PAY_FEE,14,MRU,1292,MERCHANT,COLLECTED,2024-09-28T14:48:23.411Z
23606,49519,TX20240514476094,TRF_FEE,25,MRU,451,PLATFORM,COLLECTED,2024-05-14T18:43:16.549Z
23607,49522,TX20241111043979,WIT_FEE,50,MRU,7745,PLATFORM,COLLECTED,2024-11-11T12:05:59.134Z
23608,49524,TX20240211734187,PAY_FEE,11,MRU,5277,MERCHANT,COLLECTED,2024-02-11T11:50:35.893Z
23609,49531,TX20240120295345,WIT_FEE,500,MRU,9199,PLATFORM,COLLECTED,2024-01-20T14:00:20.002Z
23610,49532,TX20240706872066,WIT_FEE,50,MRU,8046,PLATFORM,COLLECTED,2024-07-06T08:14:54.301Z
23611,49533,TX20240725039993,WIT_FEE,50,MRU,6961,PLATFORM,COLLECTED,2024-07-25T16:15:34.826Z
23612,49534,TX20240818070883,TRF_FEE,25,MRU,1839,PLATFORM,COLLECTED,2024-08-18T18:41:27.674Z
23613,49537,TX20241210980669,WIT_FEE,50,MRU,4514,PLATFORM,COLLECTED,2024-12-10T16:19:25.932Z
23614,49542,TX20240928971702,WIT_FEE,50,MRU,1907,PLATFORM,COLLECTED,2024-09-28T10:50:23.617Z
23615,49544,TX20240116672680,TRF_FEE,10,MRU,6355,PLATFORM,COLLECTED,2024-01-16T08:28:06.974Z
23616,49546,TX20240321195262,WIT_FEE,50,MRU,116,PLATFORM,COLLECTED,2024-03-21T11:29:31.123Z
23617,49549,TX20240524752918,PAY_FEE,195,MRU,303,MERCHANT,COLLECTED,2024-05-24T07:13:46.391Z
23618,49550,TX20240115633976,WIT_FEE,200,MRU,912,PLATFORM,COLLECTED,2024-01-15T07:38:20.677Z
23619,49554,TX20241208628652,TRF_FEE,25,MRU,1749,PLATFORM,COLLECTED,2024-12-08T06:08:50.602Z
23620,49555,TX20240824356309,PAY_FEE,465,MRU,2414,MERCHANT,COLLECTED,2024-08-24T08:21:23.635Z
23621,49559,TX20240608629756,SAL_FEE,1300,MRU,10674,PLATFORM,COLLECTED,2024-06-08T07:47:29.510Z
23622,49561,TX20241119264632,TRF_FEE,50,MRU,6731,PLATFORM,COLLECTED,2024-11-19T16:38:16.896Z
23623,49563,TX20241207055731,TRF_FEE,50,MRU,7002,PLATFORM,COLLECTED,2024-12-07T07:33:18.057Z
23624,49568,TX20241102599124,WIT_FEE,50,MRU,5781,PLATFORM,COLLECTED,2024-11-02T07:45:49.339Z
23625,49570,TX20240526663077,TRF_FEE,25,MRU,2605,PLATFORM,COLLECTED,2024-05-26T08:17:19.671Z
23626,49571,TX20240926394907,PAY_FEE,12,MRU,8039,MERCHANT,COLLECTED,2024-09-26T04:24:07.202Z
23627,49573,TX20241202329750,PAY_FEE,38,MRU,320,MERCHANT,COLLECTED,2024-12-02T13:23:23.684Z
23628,49574,TX20240905301162,PAY_FEE,26,MRU,4514,MERCHANT,COLLECTED,2024-09-05T07:46:42.736Z
23629,49575,TX20240902867826,PAY_FEE,71,MRU,1694,MERCHANT,COLLECTED,2024-09-02T05:42:54.191Z
23630,49584,TX20240611646671,TRF_FEE,50,MRU,4992,PLATFORM,COLLECTED,2024-06-11T18:18:57.276Z
23631,49595,TX20240129064842,PAY_FEE,17,MRU,7233,MERCHANT,COLLECTED,2024-01-29T10:55:57.401Z
23632,49596,TX20240724158251,TRF_FEE,50,MRU,8804,PLATFORM,COLLECTED,2024-07-24T09:44:13.842Z
23633,49597,TX20240709355895,WIT_FEE,50,MRU,9985,PLATFORM,COLLECTED,2024-07-09T07:09:15.117Z
23634,49598,TX20240708907716,WIT_FEE,50,MRU,7810,PLATFORM,COLLECTED,2024-07-08T19:04:53.750Z
23635,49599,TX20241020869322,SAL_FEE,885,MRU,8125,PLATFORM,COLLECTED,2024-10-20T18:11:59.824Z
23636,49602,TX20240730875022,WIT_FEE,50,MRU,9335,PLATFORM,COLLECTED,2024-07-30T16:34:44.490Z
23637,49604,TX20240324416313,WIT_FEE,270,MRU,388,PLATFORM,COLLECTED,2024-03-24T21:58:14.726Z
23638,49605,TX20240119005420,TRF_FEE,50,MRU,4346,PLATFORM,COLLECTED,2024-01-19T17:40:12.622Z
23639,49606,TX20240823820014,PAY_FEE,116,MRU,890,MERCHANT,COLLECTED,2024-08-23T06:15:47.017Z
23640,49608,TX20240506215887,WIT_FEE,50,MRU,6091,PLATFORM,COLLECTED,2024-05-06T15:12:57.810Z
23641,49609,TX20240326082749,WIT_FEE,50,MRU,4812,PLATFORM,COLLECTED,2024-03-26T17:25:25.911Z
23642,49616,TX20240730744067,WIT_FEE,50,MRU,4111,PLATFORM,COLLECTED,2024-07-30T08:41:10.584Z
23643,49617,TX20240913223806,TRF_FEE,50,MRU,9625,PLATFORM,COLLECTED,2024-09-13T07:58:08.126Z
23644,49618,TX20240507549404,TRF_FEE,50,MRU,7581,PLATFORM,COLLECTED,2024-05-07T07:03:10.987Z
23645,49621,TX20240609994143,WIT_FEE,460,MRU,6869,PLATFORM,COLLECTED,2024-06-09T05:07:24.909Z
23646,49623,TX20240120835510,PAY_FEE,210,MRU,2074,MERCHANT,COLLECTED,2024-01-20T07:14:27.623Z
23647,49624,TX20240702396699,TRF_FEE,50,MRU,6445,PLATFORM,COLLECTED,2024-07-02T19:37:22.370Z
23648,49625,TX20240209199101,WIT_FEE,50,MRU,8318,PLATFORM,COLLECTED,2024-02-09T08:16:19.318Z
23649,49628,TX20240710388677,BIL_FEE,100,MRU,3748,PLATFORM,COLLECTED,2024-07-10T14:25:41.487Z
23650,49629,TX20240111911297,TRF_FEE,50,MRU,9127,PLATFORM,COLLECTED,2024-01-11T12:08:50.466Z
23651,49631,TX20240310583078,TRF_FEE,50,MRU,5194,PLATFORM,COLLECTED,2024-03-10T08:12:55.302Z
23652,49640,TX20240716435006,BIL_FEE,100,MRU,1869,PLATFORM,COLLECTED,2024-07-16T05:34:45.589Z