id,user_id,account_number,account_type,account_type_label,currency,balance,available_balance,daily_limit,monthly_limit,status,is_primary,opened_date,last_activity,created_at,updated_at
7876,7165,NW970522642,WALLET,,MRU,950,20000,500000,15000000,ACTIVE,true,2023-04-05,2024-06-17T18:42:43.854Z,2023-04-05T19:23:16.402Z,2024-06-17T18:42:43.854Z
7877,7166,NS674062013,SAVINGS,,MRU,26000,26000,500000,15000000,ACTIVE,true,2024-07-15,2024-10-08T19:42:23.070Z,2024-07-15T16:17:27.995Z,2024-10-08T19:42:23.070Z
7878,7167,NW113571763,WALLET,,MRU,48000,48000,500000,15000000,FROZEN,true,2022-08-09,2023-01-24T13:51:23.944Z,2022-08-09T05:20:38.515Z,2023-01-24T13:51:23.944Z
7879,7168,NW154734075,WALLET,,MRU,21000,21000,500000,15000000,ACTIVE,true,2024-03-14,2024-04-23T21:27:50.325Z,2024-03-14T21:42:39.132Z,2024-04-23T21:27:50.325Z
7880,7169,NW598812341,WALLET,,MRU,43000,43000,500000,15000000,DORMANT,true,2022-06-21,2022-08-24T15:30:22.888Z,2022-06-21T08:19:59.359Z,2022-08-24T15:30:22.888Z
7881,7170,NM918209672,MERCHANT,,MRU,5600,5600,500000,15000000,ACTIVE,true,2023-08-05,2024-07-05T06:16:18.858Z,2023-08-05T00:26:21.457Z,2024-07-05T06:16:18.858Z
7882,7171,NA207689523,AGENT,,MRU,19500,40000,500000,15000000,ACTIVE,true,2023-08-01,2024-06-18T17:58:06.574Z,2023-08-01T13:11:41.209Z,2024-06-18T17:58:06.574Z
7883,7172,NW138727337,WALLET,,MRU,1800,42000,500000,15000000,ACTIVE,true,2023-04-02,2024-08-14T14:36:47.966Z,2023-04-02T09:33:39.518Z,2024-08-14T14:36:47.966Z
7884,7173,NW160090923,WALLET,,MRU,4240850,46000,500000,15000000,ACTIVE,true,2022-10-03,2023-10-05T10:01:02.958Z,2022-10-03T20:06:45.337Z,2023-10-05T10:01:02.958Z
7885,7174,NW975935340,WALLET,,MRU,775,4300,500000,15000000,ACTIVE,true,2024-01-30,2024-06-04T21:55:31.011Z,2024-01-30T16:35:58.665Z,2024-06-04T21:55:31.011Z
7886,7175,NW293504145,WALLET,,MRU,541000,461000,500000,15000000,ACTIVE,true,2024-06-17,2024-06-19T21:24:51.854Z,2024-06-17T12:16:54.420Z,2024-06-19T21:24:51.854Z
7887,7175,NS783702731,SAVINGS,,MRU,301000,301000,500000,15000000,ACTIVE,false,2024-06-17,2024-06-19T10:15:32.227Z,2024-06-17T12:16:54.420Z,2024-06-19T10:15:32.227Z
7888,7175,NW211829550,WALLET,,MRU,187450,232000,500000,15000000,ACTIVE,false,2024-06-17,2024-08-11T18:32:41.738Z,2024-06-17T12:16:54.420Z,2024-08-11T18:32:41.738Z
7889,7176,NM216578245,MERCHANT,,MRU,4400,4400,500000,15000000,ACTIVE,true,2023-04-25,2024-01-17T20:22:47.418Z,2023-04-25T17:11:54.841Z,2024-01-17T20:22:47.418Z
7890,7177,NW479370594,WALLET,,MRU,816000,24000,500000,15000000,ACTIVE,true,2023-04-12,2023-07-22T20:28:38.989Z,2023-04-12T10:24:21.324Z,2023-07-22T20:28:38.989Z
7891,7178,NW847595155,WALLET,,MRU,2455,5200,500000,15000000,ACTIVE,true,2024-07-26,2024-12-25T01:08:11.218Z,2024-07-26T00:55:27.288Z,2024-12-25T01:08:11.218Z
7892,7179,NW398944974,WALLET,,MRU,1800,1800,500000,15000000,ACTIVE,true,2024-04-04,2024-05-29T00:45:41.534Z,2024-04-04T21:50:59.165Z,2024-05-29T00:45:41.534Z
7893,7180,NW833307892,WALLET,,MRU,446,4100,500000,15000000,ACTIVE,true,2024-04-19,2024-09-06T05:13:11.177Z,2024-04-19T17:55:14.238Z,2024-09-06T05:13:11.177Z
7894,7181,NM437575698,MERCHANT,,MRU,1153450,19000,500000,15000000,ACTIVE,true,2022-10-19,2023-06-19T15:42:43.000Z,2022-10-19T11:07:02.745Z,2023-06-19T15:42:43.000Z
7895,7182,NW726951510,WALLET,,MRU,684000,4000,500000,15000000,ACTIVE,true,2022-07-29,2022-10-18T17:16:59.226Z,2022-07-29T16:01:01.731Z,2022-10-18T17:16:59.226Z
7896,7183,NW691755742,WALLET,,MRU,3300,3300,500000,15000000,FROZEN,true,2023-05-16,2024-07-19T17:30:56.097Z,2023-05-16T00:48:36.980Z,2024-07-19T17:30:56.097Z
7897,7184,NW102318793,WALLET,,MRU,13000,13000,500000,15000000,ACTIVE,true,2024-08-19,2024-12-18T18:27:06.334Z,2024-08-19T06:46:13.434Z,2024-12-18T18:27:06.334Z
7898,7185,NW990883619,WALLET,,MRU,567500,29000,500000,15000000,ACTIVE,true,2024-09-23,2024-10-31T07:51:42.091Z,2024-09-23T22:06:42.290Z,2024-10-31T07:51:42.091Z
7899,7186,NW166780114,WALLET,,MRU,857,18000,500000,15000000,ACTIVE,true,2024-05-16,2024-08-26T18:10:34.078Z,2024-05-16T15:14:15.753Z,2024-08-26T18:10:34.078Z
7900,7187,NW311954528,WALLET,,MRU,18000,27000,500000,15000000,ACTIVE,true,2022-06-20,2024-04-24T06:55:31.268Z,2022-06-20T02:40:20.631Z,2024-04-24T06:55:31.268Z
7901,7188,NW955485702,WALLET,,MRU,2987000,47000,500000,15000000,ACTIVE,true,2024-03-06,2024-09-18T11:00:52.653Z,2024-03-06T10:59:43.720Z,2024-09-18T11:00:52.653Z
7902,7189,NW114645272,WALLET,,MRU,33000,33000,500000,15000000,DORMANT,true,2023-11-28,2024-11-22T18:46:42.227Z,2023-11-28T18:55:18.493Z,2024-11-22T18:46:42.227Z
7903,7190,NW272583987,WALLET,,MRU,725,8900,500000,15000000,ACTIVE,true,2023-08-09,2024-03-26T01:31:40.013Z,2023-08-09T12:32:08.469Z,2024-03-26T01:31:40.013Z
7904,7191,NA787658572,AGENT,,MRU,283,23000,500000,15000000,ACTIVE,true,2024-04-25,2024-07-25T02:16:54.820Z,2024-04-25T17:55:28.614Z,2024-07-25T02:16:54.820Z
7905,7192,NM162156343,MERCHANT,,MRU,1634000,1584000,500000,15000000,ACTIVE,true,2022-10-19,2024-10-29T14:35:51.833Z,2022-10-19T00:24:34.019Z,2024-10-29T14:35:51.833Z
7906,7192,NW157454520,WALLET,,MRU,1134000,954000,500000,15000000,ACTIVE,false,2022-10-19,2023-07-15T15:25:15.859Z,2022-10-19T00:24:34.019Z,2023-07-15T15:25:15.859Z
7907,7193,NM990881681,MERCHANT,,MRU,250,14000,500000,15000000,ACTIVE,true,2022-08-20,2024-01-02T07:26:44.114Z,2022-08-20T22:52:50.129Z,2024-01-02T07:26:44.114Z
7908,7194,NW225442648,WALLET,,MRU,2650,9900,500000,15000000,ACTIVE,true,2022-12-25,2024-09-13T01:58:08.658Z,2022-12-25T14:15:17.163Z,2024-09-13T01:58:08.658Z
7909,7195,NW916003823,WALLET,,MRU,39000,39000,500000,15000000,ACTIVE,true,2022-05-12,2024-09-16T03:05:13.751Z,2022-05-12T18:51:27.396Z,2024-09-16T03:05:13.751Z
7910,7196,NW063899159,WALLET,,MRU,790,15000,500000,15000000,ACTIVE,true,2024-06-25,2024-10-14T14:43:56.651Z,2024-06-25T07:13:13.057Z,2024-10-14T14:43:56.651Z
7911,7197,NW171979188,WALLET,,MRU,12000,12000,500000,15000000,ACTIVE,true,2022-02-10,2023-05-09T07:32:49.233Z,2022-02-10T03:28:25.567Z,2023-05-09T07:32:49.233Z
7912,7198,NS435006261,SAVINGS,,MRU,371700,6300,500000,15000000,ACTIVE,true,2022-04-09,2023-03-22T04:45:36.742Z,2022-04-09T23:50:35.045Z,2023-03-22T04:45:36.742Z
7913,7199,NW749994784,WALLET,,MRU,33000,33000,500000,15000000,ACTIVE,true,2024-07-14,2024-11-26T15:50:53.629Z,2024-07-14T21:33:13.365Z,2024-11-26T15:50:53.629Z
7914,7200,NW531677633,WALLET,,MRU,488,152000,500000,15000000,ACTIVE,true,2024-06-06,2024-11-17T02:18:55.030Z,2024-06-06T09:36:38.345Z,2024-11-17T02:18:55.030Z
7915,7200,NW856684953,WALLET,,MRU,308000,308000,500000,15000000,ACTIVE,false,2024-06-06,2024-11-09T10:36:58.892Z,2024-06-06T09:36:38.345Z,2024-11-09T10:36:58.892Z
7916,7200,NS608358025,SAVINGS,,MRU,59685,69000,500000,15000000,ACTIVE,false,2024-06-06,2024-09-08T16:49:31.499Z,2024-06-06T09:36:38.345Z,2024-09-08T16:49:31.499Z
7917,7201,NM325428962,MERCHANT,,MRU,775,44000,500000,15000000,ACTIVE,true,2022-05-12,2023-10-25T20:46:34.012Z,2022-05-12T20:20:24.430Z,2023-10-25T20:46:34.012Z
7918,7202,NW398940086,WALLET,,MRU,47000,47000,500000,15000000,ACTIVE,true,2022-01-28,2024-06-13T22:44:02.226Z,2022-01-28T22:04:21.475Z,2024-06-13T22:44:02.226Z
7919,7203,NS393145919,SAVINGS,,MRU,10000,10000,500000,15000000,DORMANT,true,2023-09-06,2023-12-08T22:44:32.340Z,2023-09-06T06:33:44.210Z,2023-12-08T22:44:32.340Z
7920,7204,NW541948855,WALLET,,MRU,84102,4700,500000,15000000,ACTIVE,true,2022-06-18,2024-04-27T07:57:04.568Z,2022-06-18T13:11:51.371Z,2024-04-27T07:57:04.568Z
7921,7205,NA378853917,AGENT,,MRU,100,24000,500000,15000000,ACTIVE,true,2024-04-07,2024-09-07T02:57:44.635Z,2024-04-07T00:18:16.630Z,2024-09-07T02:57:44.635Z
7922,7206,NW822430640,WALLET,,MRU,14000,14000,500000,15000000,ACTIVE,true,2022-04-24,2024-01-04T19:00:25.442Z,2022-04-24T14:46:42.407Z,2024-01-04T19:00:25.442Z
7923,7207,NC752731800,CORPORATE,,MRU,8600,8600,500000,15000000,ACTIVE,true,2024-04-15,2024-12-22T15:43:08.863Z,2024-04-15T09:38:18.376Z,2024-12-22T15:43:08.863Z
7924,7208,NW659328848,WALLET,,MRU,35000,35000,500000,15000000,ACTIVE,true,2022-02-03,2023-06-11T13:01:01.669Z,2022-02-03T04:09:33.278Z,2023-06-11T13:01:01.669Z
7925,7209,NW312689483,WALLET,,MRU,820,19000,500000,15000000,ACTIVE,true,2022-04-10,2022-06-27T07:41:50.598Z,2022-04-10T15:19:31.675Z,2022-06-27T07:41:50.598Z
7926,7210,NW166691482,WALLET,,MRU,125,43000,500000,15000000,ACTIVE,true,2022-06-25,2024-08-29T15:01:09.222Z,2022-06-25T03:30:18.972Z,2024-08-29T15:01:09.222Z
7927,7211,NW980447918,WALLET,,MRU,2700,8800,500000,15000000,ACTIVE,true,2024-01-13,2024-10-31T04:27:08.539Z,2024-01-13T02:24:32.545Z,2024-10-31T04:27:08.539Z
7928,7212,NW915042579,WALLET,,MRU,10000,10000,500000,15000000,DORMANT,true,2024-12-01,2024-12-18T14:25:52.419Z,2024-12-01T16:52:14.322Z,2024-12-18T14:25:52.419Z
7929,7213,NS372161746,SAVINGS,,MRU,14000,14000,500000,15000000,ACTIVE,true,2023-06-29,2023-09-06T16:37:37.604Z,2023-06-29T02:47:05.197Z,2023-09-06T16:37:37.604Z
7930,7214,NW945306539,WALLET,,MRU,2304700,5700,500000,15000000,ACTIVE,true,2023-02-07,2023-09-21T23:13:28.254Z,2023-02-07T23:23:41.334Z,2023-09-21T23:13:28.254Z
7931,7215,NA648523476,AGENT,,MRU,548,4000,500000,15000000,ACTIVE,true,2022-04-04,2022-04-05T05:44:34.122Z,2022-04-04T21:19:06.502Z,2022-04-05T05:44:34.122Z
7932,7216,NW697989434,WALLET,,MRU,169,32000,500000,15000000,ACTIVE,true,2024-06-15,2024-08-08T17:49:10.078Z,2024-06-15T09:52:51.504Z,2024-08-08T17:49:10.078Z
7933,7217,NW482970834,WALLET,,MRU,46000,46000,500000,15000000,DORMANT,true,2023-09-05,2024-01-03T12:27:56.803Z,2023-09-05T01:57:45.957Z,2024-01-03T12:27:56.803Z
7934,7218,NS239348054,SAVINGS,,MRU,522500,269000,500000,15000000,ACTIVE,true,2023-07-26,2024-07-24T01:50:08.746Z,2023-07-26T21:02:07.327Z,2024-07-24T01:50:08.746Z
7935,7218,NS123364448,SAVINGS,,MRU,188000,188000,500000,15000000,ACTIVE,false,2023-07-26,2024-12-03T06:24:43.578Z,2023-07-26T21:02:07.327Z,2024-12-03T06:24:43.578Z
7936,7218,NW886987597,WALLET,,MRU,577000,265000,500000,15000000,ACTIVE,false,2023-07-26,2024-09-10T16:15:24.511Z,2023-07-26T21:02:07.327Z,2024-09-10T16:15:24.511Z
7937,7219,NW087207943,WALLET,,MRU,40750,29000,500000,15000000,ACTIVE,true,2023-03-18,2023-09-19T22:50:57.266Z,2023-03-18T23:32:30.397Z,2023-09-19T22:50:57.266Z
7938,7220,NW508919477,WALLET,,MRU,2300,2300,500000,15000000,ACTIVE,true,2024-06-19,2024-07-06T20:57:36.579Z,2024-06-19T00:53:16.813Z,2024-07-06T20:57:36.579Z
7939,7221,NW628305852,WALLET,,MRU,6500,6500,500000,15000000,ACTIVE,true,2024-10-30,2024-11-20T22:41:24.517Z,2024-10-30T16:40:38.292Z,2024-11-20T22:41:24.517Z
7940,7222,NA671748757,AGENT,,MRU,100,31000,500000,15000000,ACTIVE,true,2022-09-15,2024-03-31T13:04:57.950Z,2022-09-15T23:26:55.735Z,2024-03-31T13:04:57.950Z
7941,7223,NW594282150,WALLET,,MRU,669520,1013000,500000,15000000,ACTIVE,true,2022-08-27,2024-09-29T22:04:40.791Z,2022-08-27T16:04:12.925Z,2024-09-29T22:04:40.791Z
7942,7223,NW863437682,WALLET,,MRU,288000,288000,500000,15000000,ACTIVE,false,2022-08-27,2023-06-05T02:01:44.000Z,2022-08-27T16:04:12.925Z,2023-06-05T02:01:44.000Z
7943,7224,NW963725328,WALLET,,MRU,19000,19000,500000,15000000,FROZEN,true,2022-01-31,2024-07-12T04:42:17.950Z,2022-01-31T14:23:21.945Z,2024-07-12T04:42:17.950Z
7944,7225,NS304256677,SAVINGS,,MRU,18000,18000,500000,15000000,ACTIVE,true,2022-11-12,2023-06-09T00:55:46.560Z,2022-11-12T16:25:29.048Z,2023-06-09T00:55:46.560Z
7945,7226,NS740993142,SAVINGS,,MRU,16000,16000,500000,15000000,ACTIVE,true,2023-02-10,2024-08-14T12:14:30.019Z,2023-02-10T16:31:05.929Z,2024-08-14T12:14:30.019Z
7946,7227,NS091372609,SAVINGS,,MRU,2750,38000,500000,15000000,ACTIVE,true,2023-06-07,2023-07-22T12:06:45.713Z,2023-06-07T00:01:54.440Z,2023-07-22T12:06:45.713Z
7947,7228,NS638023019,SAVINGS,,MRU,49000,49000,500000,15000000,DORMANT,true,2023-06-02,2023-09-06T06:15:20.235Z,2023-06-02T18:54:26.956Z,2023-09-06T06:15:20.235Z
7948,7229,NW231862485,WALLET,,MRU,768,30000,500000,15000000,ACTIVE,true,2024-09-21,2024-09-28T07:15:44.425Z,2024-09-21T02:44:36.900Z,2024-09-28T07:15:44.425Z
7949,7230,NW622004747,WALLET,,MRU,100600,25000,500000,15000000,ACTIVE,true,2022-07-23,2023-11-22T12:48:22.825Z,2022-07-23T09:39:15.524Z,2023-11-22T12:48:22.825Z
7950,7231,NW793547273,WALLET,,MRU,1882000,12000,500000,15000000,ACTIVE,true,2022-08-08,2024-11-27T04:56:30.667Z,2022-08-08T12:22:21.944Z,2024-11-27T04:56:30.667Z
7951,7232,NS090404987,SAVINGS,,MRU,22000,22000,500000,15000000,ACTIVE,true,2024-12-06,2024-12-26T01:36:48.795Z,2024-12-06T01:42:46.154Z,2024-12-26T01:36:48.795Z
7952,7233,NA336421370,AGENT,,MRU,8350,19000,500000,15000000,ACTIVE,true,2024-02-29,2024-05-23T19:56:57.655Z,2024-02-29T16:49:37.723Z,2024-05-23T19:56:57.655Z
7953,7234,NS757971048,SAVINGS,,MRU,49000,24000,500000,15000000,ACTIVE,true,2024-05-03,2024-12-02T00:37:26.986Z,2024-05-03T18:27:30.030Z,2024-12-02T00:37:26.986Z
7954,7235,NW905851006,WALLET,,MRU,11650,35000,500000,15000000,ACTIVE,true,2023-11-01,2024-06-19T10:24:11.694Z,2023-11-01T13:39:46.861Z,2024-06-19T10:24:11.694Z
7955,7236,NW932858612,WALLET,,MRU,19000,19000,500000,15000000,ACTIVE,true,2022-04-01,2022-12-29T16:59:23.906Z,2022-04-01T02:35:53.763Z,2022-12-29T16:59:23.906Z
7956,7237,NW751836806,WALLET,,MRU,300,45000,500000,15000000,ACTIVE,true,2022-10-09,2024-03-02T14:09:15.250Z,2022-10-09T17:57:20.608Z,2024-03-02T14:09:15.250Z
7957,7238,NW823460963,WALLET,,MRU,4500,4500,500000,15000000,FROZEN,true,2024-01-15,2024-12-12T01:48:56.391Z,2024-01-15T10:21:14.972Z,2024-12-12T01:48:56.391Z
7958,7239,NW178995877,WALLET,,MRU,330,47000,500000,15000000,ACTIVE,true,2024-12-16,2024-12-27T17:09:36.550Z,2024-12-16T11:41:01.217Z,2024-12-27T17:09:36.550Z
7959,7240,NC589572429,CORPORATE,,MRU,300,300,500000,15000000,ACTIVE,true,2024-08-31,2024-09-28T08:30:28.690Z,2024-08-31T21:50:24.723Z,2024-09-28T08:30:28.690Z
7960,7241,NW063364207,WALLET,,MRU,2675,6700,500000,15000000,ACTIVE,true,2022-06-07,2022-12-09T16:53:04.009Z,2022-06-07T18:08:52.221Z,2022-12-09T16:53:04.009Z
7961,7242,NA129121065,AGENT,,MRU,11300,47000,500000,15000000,ACTIVE,true,2023-04-22,2023-09-22T01:54:56.840Z,2023-04-22T15:46:06.225Z,2023-09-22T01:54:56.840Z
7962,7243,NW222091734,WALLET,,MRU,3925,19000,500000,15000000,ACTIVE,true,2023-06-25,2023-07-31T06:17:59.543Z,2023-06-25T21:06:34.684Z,2023-07-31T06:17:59.543Z
7963,7244,NW845569014,WALLET,,MRU,2200,2200,500000,15000000,ACTIVE,true,2024-05-05,2024-07-16T12:38:46.303Z,2024-05-05T03:23:00.593Z,2024-07-16T12:38:46.303Z
7964,7245,NW293645501,WALLET,,MRU,42000,42000,500000,15000000,ACTIVE,true,2024-03-08,2024-11-29T13:42:00.690Z,2024-03-08T21:18:04.235Z,2024-11-29T13:42:00.690Z
7965,7246,NW844443824,WALLET,,MRU,1900,1900,500000,15000000,ACTIVE,true,2022-08-27,2023-02-22T12:02:48.489Z,2022-08-27T21:12:40.373Z,2023-02-22T12:02:48.489Z
7966,7247,NW875058651,WALLET,,MRU,13000,13000,500000,15000000,ACTIVE,true,2024-10-28,2024-10-29T15:43:25.957Z,2024-10-28T11:59:47.699Z,2024-10-29T15:43:25.957Z
7967,7248,NW008417606,WALLET,,MRU,3900,3900,500000,15000000,FROZEN,true,2024-06-15,2024-11-06T12:42:03.187Z,2024-06-15T06:04:28.548Z,2024-11-06T12:42:03.187Z
7968,7249,NW971534163,WALLET,,MRU,100200,12000,500000,15000000,ACTIVE,true,2024-08-21,2024-11-25T06:25:23.618Z,2024-08-21T07:09:55.514Z,2024-11-25T06:25:23.618Z
7969,7250,NA952874303,AGENT,,MRU,717920,46000,500000,15000000,ACTIVE,true,2022-06-07,2022-07-09T16:40:38.199Z,2022-06-07T00:31:21.336Z,2022-07-09T16:40:38.199Z
7970,7251,NC990642577,CORPORATE,,MRU,57600,48000,500000,15000000,ACTIVE,true,2023-10-02,2024-01-19T21:17:39.863Z,2023-10-02T10:40:37.390Z,2024-01-19T21:17:39.863Z
7971,7252,NW237602114,WALLET,,MRU,507750,363000,500000,15000000,ACTIVE,true,2024-10-17,2024-12-02T05:21:47.806Z,2024-10-17T04:34:05.750Z,2024-12-02T05:21:47.806Z
7972,7252,NW344102054,WALLET,,MRU,430000,430000,500000,15000000,ACTIVE,false,2024-10-17,2024-11-07T08:25:25.620Z,2024-10-17T04:34:05.750Z,2024-11-07T08:25:25.620Z
7973,7253,NM960277438,MERCHANT,,MRU,59500,21000,500000,15000000,ACTIVE,true,2024-03-23,2024-05-06T12:59:38.580Z,2024-03-23T00:57:16.150Z,2024-05-06T12:59:38.580Z
7974,7254,NM718801260,MERCHANT,,MRU,4400,4400,500000,15000000,ACTIVE,true,2023-09-26,2024-10-15T00:07:10.116Z,2023-09-26T21:38:53.202Z,2024-10-15T00:07:10.116Z
7975,7255,NW523122933,WALLET,,MRU,12000,12000,500000,15000000,ACTIVE,true,2023-05-14,2024-08-19T03:29:29.044Z,2023-05-14T17:50:29.623Z,2024-08-19T03:29:29.044Z
7976,7256,NS144417405,SAVINGS,,MRU,1732,13000,500000,15000000,ACTIVE,true,2024-04-01,2024-09-09T14:16:22.779Z,2024-04-01T08:47:45.784Z,2024-09-09T14:16:22.779Z
7977,7257,NW912402660,WALLET,,MRU,244325,30000,500000,15000000,ACTIVE,true,2023-05-06,2024-10-14T08:16:05.737Z,2023-05-06T20:08:12.378Z,2024-10-14T08:16:05.737Z
7978,7258,NW011532694,WALLET,,MRU,35000,35000,500000,15000000,ACTIVE,true,2022-11-16,2023-02-20T21:35:16.744Z,2022-11-16T13:57:52.125Z,2023-02-20T21:35:16.744Z
7979,7259,NW503212034,WALLET,,MRU,44000,35000,500000,15000000,ACTIVE,true,2022-02-16,2023-03-05T14:18:24.184Z,2022-02-16T14:00:11.716Z,2023-03-05T14:18:24.184Z
7980,7260,NW932320382,WALLET,,MRU,7200,7200,500000,15000000,ACTIVE,true,2023-10-31,2024-01-25T16:45:19.854Z,2023-10-31T01:34:22.545Z,2024-01-25T16:45:19.854Z
7981,7261,NW734233975,WALLET,,MRU,13000,13000,500000,15000000,ACTIVE,true,2024-08-25,2024-09-17T01:09:44.549Z,2024-08-25T12:21:22.658Z,2024-09-17T01:09:44.549Z
7982,7262,NA012669563,AGENT,,MRU,69013,29000,500000,15000000,ACTIVE,true,2022-08-14,2023-01-04T19:24:46.468Z,2022-08-14T08:16:33.218Z,2023-01-04T19:24:46.468Z
7983,7263,NW716273665,WALLET,,MRU,425,6400,500000,15000000,ACTIVE,true,2023-12-11,2024-08-26T19:27:45.332Z,2023-12-11T09:04:39.381Z,2024-08-26T19:27:45.332Z
7984,7264,NW868732214,WALLET,,MRU,23000,23000,500000,15000000,DORMANT,true,2023-02-06,2023-07-11T01:28:15.086Z,2023-02-06T20:30:32.230Z,2023-07-11T01:28:15.086Z
7985,7265,NA015157818,AGENT,,MRU,31300,6700,500000,15000000,ACTIVE,true,2023-03-27,2024-04-19T00:21:50.830Z,2023-03-27T11:45:30.863Z,2024-04-19T00:21:50.830Z
7986,7266,NW853941947,WALLET,,MRU,200,2900,500000,15000000,ACTIVE,true,2023-03-18,2023-12-20T20:14:25.780Z,2023-03-18T23:27:56.902Z,2023-12-20T20:14:25.780Z
7987,7267,NC179492235,CORPORATE,,MRU,6200,6200,500000,15000000,ACTIVE,true,2024-07-29,2024-09-06T04:07:47.843Z,2024-07-29T01:49:41.174Z,2024-09-06T04:07:47.843Z
7988,7268,NW748770833,WALLET,,MRU,996000,34000,500000,15000000,ACTIVE,true,2022-06-24,2023-06-05T04:40:03.057Z,2022-06-24T20:33:46.586Z,2023-06-05T04:40:03.057Z
7989,7269,NA642960191,AGENT,,MRU,14000,14000,500000,15000000,ACTIVE,true,2023-06-10,2024-12-24T00:24:39.426Z,2023-06-10T07:35:00.565Z,2024-12-24T00:24:39.426Z
7990,7270,NW931234837,WALLET,,MRU,6000,48000,500000,15000000,ACTIVE,true,2023-04-22,2023-07-22T03:57:26.212Z,2023-04-22T21:27:27.350Z,2023-07-22T03:57:26.212Z
7991,7271,NW548032701,WALLET,,MRU,8900,8900,500000,15000000,ACTIVE,true,2023-12-07,2024-10-04T07:40:53.153Z,2023-12-07T19:18:59.957Z,2024-10-04T07:40:53.153Z
7992,7272,NW968842775,WALLET,,MRU,51000,42000,500000,15000000,ACTIVE,true,2023-09-23,2024-10-26T10:06:00.600Z,2023-09-23T09:03:56.830Z,2024-10-26T10:06:00.600Z
7993,7273,NW117953926,WALLET,,MRU,44000,44000,500000,15000000,FROZEN,true,2024-03-01,2024-09-26T00:31:37.281Z,2024-03-01T14:15:03.368Z,2024-09-26T00:31:37.281Z
7994,7274,NW063135385,WALLET,,MRU,21175,14000,500000,15000000,ACTIVE,true,2023-06-25,2024-10-12T15:40:39.073Z,2023-06-25T21:11:50.473Z,2024-10-12T15:40:39.073Z
7995,7275,NC399049759,CORPORATE,,MRU,33000,33000,500000,15000000,ACTIVE,true,2024-12-06,2024-12-22T13:38:33.533Z,2024-12-06T03:17:30.342Z,2024-12-22T13:38:33.533Z
7996,7276,NA680824280,AGENT,,MRU,13000,13000,500000,15000000,FROZEN,true,2022-01-04,2024-05-06T03:21:46.431Z,2022-01-04T06:54:48.202Z,2024-05-06T03:21:46.431Z
7997,7277,NW912038829,WALLET,,MRU,40000,40000,500000,15000000,ACTIVE,true,2023-06-14,2024-07-22T01:29:47.658Z,2023-06-14T23:49:22.934Z,2024-07-22T01:29:47.658Z
7998,7278,NW146650314,WALLET,,MRU,107800,47000,500000,15000000,ACTIVE,true,2023-09-10,2024-07-29T13:40:49.444Z,2023-09-10T19:26:36.400Z,2024-07-29T13:40:49.444Z
7999,7279,NW575003534,WALLET,,MRU,100,36000,500000,15000000,ACTIVE,true,2024-05-01,2024-11-18T06:58:40.073Z,2024-05-01T21:26:48.355Z,2024-11-18T06:58:40.073Z
8000,7280,NW450449735,WALLET,,MRU,1350,24000,500000,15000000,ACTIVE,true,2023-05-25,2023-06-11T06:01:23.879Z,2023-05-25T17:12:11.740Z,2023-06-11T06:01:23.879Z
8001,7281,NC845623135,CORPORATE,,MRU,38000,38000,500000,15000000,ACTIVE,true,2024-11-17,2024-11-29T12:55:27.547Z,2024-11-17T13:31:13.569Z,2024-11-29T12:55:27.547Z
8002,7282,NW045091271,WALLET,,MRU,300,6400,500000,15000000,ACTIVE,true,2022-11-20,2024-07-15T01:04:32.745Z,2022-11-20T22:10:53.964Z,2024-07-15T01:04:32.745Z
8003,7283,NS350452304,SAVINGS,,MRU,32000,32000,500000,15000000,CLOSED,true,2022-05-11,2022-10-16T11:20:27.562Z,2022-05-11T02:32:51.409Z,2022-10-16T11:20:27.562Z
8004,7284,NW704914510,WALLET,,MRU,260000,32000,500000,15000000,ACTIVE,true,2023-06-13,2024-01-02T19:23:20.891Z,2023-06-13T03:27:04.821Z,2024-01-02T19:23:20.891Z
8005,7285,NM590390920,MERCHANT,,MRU,57700,7700,500000,15000000,ACTIVE,true,2022-05-27,2024-11-21T02:20:14.549Z,2022-05-27T10:11:27.083Z,2024-11-21T02:20:14.549Z
8006,7286,NW817570329,WALLET,,MRU,107050,47000,500000,15000000,ACTIVE,true,2024-12-24,2024-12-27T09:54:14.186Z,2024-12-24T02:46:52.839Z,2024-12-27T09:54:14.186Z
8007,7287,NC795784116,CORPORATE,,MRU,24700,9500,500000,15000000,ACTIVE,true,2023-02-16,2023-10-15T08:27:29.651Z,2023-02-16T09:19:59.764Z,2023-10-15T08:27:29.651Z
8008,7288,NW552365780,WALLET,,MRU,10000,10000,500000,15000000,FROZEN,true,2022-06-14,2022-07-28T23:54:51.812Z,2022-06-14T01:06:32.554Z,2022-07-28T23:54:51.812Z
8009,7289,NW560067057,WALLET,,MRU,757500,2400,500000,15000000,ACTIVE,true,2022-07-21,2024-11-22T03:35:09.307Z,2022-07-21T22:23:08.904Z,2024-11-22T03:35:09.307Z
8010,7290,NW983683854,WALLET,,MRU,1950,15000,500000,15000000,ACTIVE,true,2023-08-16,2023-11-30T16:17:51.563Z,2023-08-16T02:39:39.117Z,2023-11-30T16:17:51.563Z
8011,7291,NS137110829,SAVINGS,,MRU,3950,15000,500000,15000000,ACTIVE,true,2023-06-14,2024-01-11T09:20:20.491Z,2023-06-14T22:04:52.281Z,2024-01-11T09:20:20.491Z
8012,7292,NS231620311,SAVINGS,,MRU,510,45000,500000,15000000,ACTIVE,true,2024-08-27,2024-10-27T11:54:57.347Z,2024-08-27T15:52:43.153Z,2024-10-27T11:54:57.347Z
8013,7293,NW645244863,WALLET,,MRU,49000,49000,500000,15000000,DORMANT,true,2024-04-05,2024-06-02T18:54:47.447Z,2024-04-05T19:19:39.358Z,2024-06-02T18:54:47.447Z
8014,7294,NW065400719,WALLET,,MRU,11000,47000,500000,15000000,ACTIVE,true,2022-01-31,2024-01-30T05:53:01.066Z,2022-01-31T06:49:25.207Z,2024-01-30T05:53:01.066Z
8015,7295,NW358803510,WALLET,,MRU,5600,5600,500000,15000000,DORMANT,true,2022-09-30,2023-01-22T20:27:13.873Z,2022-09-30T07:03:12.220Z,2023-01-22T20:27:13.873Z
8016,7296,NW533731907,WALLET,,MRU,2800,2800,500000,15000000,ACTIVE,true,2022-02-13,2023-07-24T19:29:10.675Z,2022-02-13T14:07:48.342Z,2023-07-24T19:29:10.675Z
8017,7297,NW517552376,WALLET,,MRU,16000,16000,500000,15000000,ACTIVE,true,2022-08-14,2024-08-15T00:10:29.543Z,2022-08-14T12:02:12.640Z,2024-08-15T00:10:29.543Z
8018,7298,NM337218284,MERCHANT,,MRU,7500,7500,500000,15000000,DORMANT,true,2024-07-09,2024-08-14T08:02:12.476Z,2024-07-09T04:59:27.421Z,2024-08-14T08:02:12.476Z
8019,7299,NW248771369,WALLET,,MRU,4000,44000,500000,15000000,ACTIVE,true,2024-10-05,2024-10-11T06:27:41.993Z,2024-10-05T03:45:12.873Z,2024-10-11T06:27:41.993Z
8020,7300,NW191514611,WALLET,,MRU,1404800,4800,500000,15000000,ACTIVE,true,2022-12-25,2023-03-24T12:52:13.145Z,2022-12-25T16:59:45.546Z,2023-03-24T12:52:13.145Z
8021,7301,NW423070907,WALLET,,MRU,34000,34000,500000,15000000,ACTIVE,true,2024-04-05,2024-07-08T05:55:23.584Z,2024-04-05T05:06:22.185Z,2024-07-08T05:55:23.584Z
8022,7302,NM153926849,MERCHANT,,MRU,1250,17000,500000,15000000,ACTIVE,true,2023-04-11,2024-04-06T15:55:28.707Z,2023-04-11T19:55:13.614Z,2024-04-06T15:55:28.707Z
8023,7303,NW574743636,WALLET,,MRU,1281525,47000,500000,15000000,ACTIVE,true,2022-11-05,2023-08-25T15:29:24.648Z,2022-11-05T15:19:05.656Z,2023-08-25T15:29:24.648Z
8024,7304,NW452255398,WALLET,,MRU,14000,14000,500000,15000000,ACTIVE,true,2024-01-09,2024-04-07T22:55:32.515Z,2024-01-09T20:06:01.026Z,2024-04-07T22:55:32.515Z
8025,7305,NS547286033,SAVINGS,,MRU,46000,46000,500000,15000000,ACTIVE,true,2023-05-09,2023-12-17T14:09:14.023Z,2023-05-09T04:04:26.610Z,2023-12-17T14:09:14.023Z
8026,7306,NM826752663,MERCHANT,,MRU,357750,4000,500000,15000000,ACTIVE,true,2023-12-06,2024-08-10T14:59:37.175Z,2023-12-06T15:22:13.198Z,2024-08-10T14:59:37.175Z
8027,7307,NW465922117,WALLET,,MRU,58000,13000,500000,15000000,ACTIVE,true,2024-03-12,2024-08-22T18:49:34.342Z,2024-03-12T01:15:56.877Z,2024-08-22T18:49:34.342Z
8028,7308,NW890449285,WALLET,,MRU,20000,20000,500000,15000000,ACTIVE,true,2023-05-27,2024-05-13T04:53:56.816Z,2023-05-27T21:23:30.253Z,2024-05-13T04:53:56.816Z
8029,7309,NM991644621,MERCHANT,,MRU,394,22000,500000,15000000,ACTIVE,true,2022-07-07,2023-08-06T20:42:06.112Z,2022-07-07T20:32:30.121Z,2023-08-06T20:42:06.112Z
8030,7310,NW937774777,WALLET,,MRU,37910,47000,500000,15000000,ACTIVE,true,2024-05-07,2024-07-12T23:07:04.795Z,2024-05-07T15:51:00.214Z,2024-07-12T23:07:04.795Z
8031,7311,NW455403924,WALLET,,MRU,49000,49000,500000,15000000,ACTIVE,true,2022-11-30,2023-09-26T17:52:08.734Z,2022-11-30T03:51:10.657Z,2023-09-26T17:52:08.734Z
8032,7312,NA044624328,AGENT,,MRU,11000,11000,500000,15000000,FROZEN,true,2022-04-13,2022-05-11T03:29:19.317Z,2022-04-13T07:38:20.867Z,2022-05-11T03:29:19.317Z
8033,7313,NA527436375,AGENT,,MRU,16000,16000,500000,15000000,ACTIVE,true,2023-05-28,2023-06-29T01:23:33.843Z,2023-05-28T14:31:19.190Z,2023-06-29T01:23:33.843Z
8034,7314,NA017156600,AGENT,,MRU,4200,4200,500000,15000000,ACTIVE,true,2022-05-14,2024-04-26T19:06:39.713Z,2022-05-14T19:56:56.046Z,2024-04-26T19:06:39.713Z
8035,7315,NM300511241,MERCHANT,,MRU,1722000,32000,500000,15000000,ACTIVE,true,2024-05-07,2024-11-19T07:23:18.489Z,2024-05-07T08:51:10.460Z,2024-11-19T07:23:18.489Z
8036,7316,NS337699294,SAVINGS,,MRU,51800,48000,500000,15000000,ACTIVE,true,2024-05-18,2024-12-02T07:17:28.535Z,2024-05-18T05:23:46.117Z,2024-12-02T07:17:28.535Z
8037,7317,NW141502767,WALLET,,MRU,351700,418000,500000,15000000,ACTIVE,true,2024-09-28,2024-10-15T21:45:14.539Z,2024-09-28T02:13:15.652Z,2024-10-15T21:45:14.539Z
8038,7317,NW092045009,WALLET,,MRU,3900,67000,500000,15000000,ACTIVE,false,2024-09-28,2024-12-18T03:36:19.232Z,2024-09-28T02:13:15.652Z,2024-12-18T03:36:19.232Z
8039,7318,NS942241192,SAVINGS,,MRU,126322,33000,500000,15000000,ACTIVE,true,2024-03-14,2024-12-06T02:15:57.418Z,2024-03-14T11:54:20.982Z,2024-12-06T02:15:57.418Z
8040,7319,NC513743877,CORPORATE,,MRU,3550,12000,500000,15000000,ACTIVE,true,2024-01-17,2024-08-26T21:22:19.814Z,2024-01-17T19:48:58.845Z,2024-08-26T21:22:19.814Z
8041,7320,NW312907695,WALLET,,MRU,15000,15000,500000,15000000,ACTIVE,true,2024-07-05,2024-09-22T07:57:19.656Z,2024-07-05T03:48:19.394Z,2024-09-22T07:57:19.656Z
8042,7321,NW359324932,WALLET,,MRU,22100,11000,500000,15000000,ACTIVE,true,2022-05-26,2024-07-06T08:52:37.617Z,2022-05-26T06:21:46.075Z,2024-07-06T08:52:37.617Z
8043,7322,NW643352032,WALLET,,MRU,17000,17000,500000,15000000,ACTIVE,true,2022-09-01,2024-09-18T03:54:16.667Z,2022-09-01T00:14:45.329Z,2024-09-18T03:54:16.667Z
8044,7323,NW156505107,WALLET,,MRU,3700,3700,500000,15000000,ACTIVE,true,2022-01-28,2022-09-20T10:00:19.307Z,2022-01-28T02:37:49.261Z,2022-09-20T10:00:19.307Z
8045,7324,NW776831627,WALLET,,MRU,31000,31000,500000,15000000,ACTIVE,true,2024-05-29,2024-12-04T02:05:16.926Z,2024-05-29T18:34:52.024Z,2024-12-04T02:05:16.926Z
8046,7325,NW241404920,WALLET,,MRU,5115,12000,500000,15000000,ACTIVE,true,2024-05-24,2024-11-16T23:02:48.737Z,2024-05-24T11:07:54.225Z,2024-11-16T23:02:48.737Z
8047,7326,NW722813606,WALLET,,MRU,25900,1900,500000,15000000,ACTIVE,true,2023-11-22,2024-10-13T12:07:25.092Z,2023-11-22T05:20:38.701Z,2024-10-13T12:07:25.092Z
8048,7327,NS663420558,SAVINGS,,MRU,1300,17000,500000,15000000,ACTIVE,true,2022-01-24,2024-03-22T23:20:17.385Z,2022-01-24T22:52:46.354Z,2024-03-22T23:20:17.385Z
8049,7328,NW244698882,WALLET,,MRU,61000,49000,500000,15000000,ACTIVE,true,2022-10-12,2024-06-04T12:31:00.444Z,2022-10-12T11:01:25.015Z,2024-06-04T12:31:00.444Z
8050,7329,NW751334190,WALLET,,MRU,15000,15000,500000,15000000,ACTIVE,true,2022-07-13,2022-10-28T21:01:24.260Z,2022-07-13T07:26:39.264Z,2022-10-28T21:01:24.260Z
8051,7330,NS604628324,SAVINGS,,MRU,3600,3600,500000,15000000,ACTIVE,true,2024-06-22,2024-10-08T14:33:00.210Z,2024-06-22T05:05:06.857Z,2024-10-08T14:33:00.210Z
8052,7331,NM172380089,MERCHANT,,MRU,14000,14000,500000,15000000,CLOSED,true,2023-05-15,2024-12-16T22:53:39.477Z,2023-05-15T13:51:28.559Z,2024-12-16T22:53:39.477Z
8053,7332,NA727518082,AGENT,,MRU,345000,345000,500000,15000000,ACTIVE,true,2023-01-07,2023-01-24T20:16:19.904Z,2023-01-07T04:26:13.916Z,2023-01-24T20:16:19.904Z
8054,7332,NW249915495,WALLET,,MRU,119000,97000,500000,15000000,ACTIVE,false,2023-01-07,2024-03-08T15:58:45.380Z,2023-01-07T04:26:13.916Z,2024-03-08T15:58:45.380Z
8055,7333,NW432612683,WALLET,,MRU,250,15000,500000,15000000,ACTIVE,true,2022-02-26,2023-03-02T04:53:49.392Z,2022-02-26T15:28:06.595Z,2023-03-02T04:53:49.392Z
8056,7334,NW908692598,WALLET,,MRU,1290,37000,500000,15000000,ACTIVE,true,2024-01-17,2024-03-05T10:21:53.893Z,2024-01-17T13:01:16.532Z,2024-03-05T10:21:53.893Z
8057,7335,NM846295953,MERCHANT,,MRU,51331,28000,500000,15000000,ACTIVE,true,2023-01-18,2024-01-07T23:29:00.078Z,2023-01-18T10:04:36.040Z,2024-01-07T23:29:00.078Z
8058,7336,NM581250310,MERCHANT,,MRU,850,25000,500000,15000000,ACTIVE,true,2024-12-27,2024-12-28T13:48:20.771Z,2024-12-27T00:48:22.103Z,2024-12-28T13:48:20.771Z
8059,7337,NW988923073,WALLET,,MRU,32000,32000,500000,15000000,CLOSED,true,2024-09-22,2024-09-25T22:18:31.054Z,2024-09-22T02:29:14.017Z,2024-09-25T22:18:31.054Z
8060,7338,NW032835364,WALLET,,MRU,4947,15000,500000,15000000,ACTIVE,true,2022-05-07,2022-08-06T16:01:34.478Z,2022-05-07T08:15:23.776Z,2022-08-06T16:01:34.478Z
8061,7339,NM311879992,MERCHANT,,MRU,512100,8100,500000,15000000,ACTIVE,true,2022-12-07,2024-09-08T22:20:32.555Z,2022-12-07T20:41:10.375Z,2024-09-08T22:20:32.555Z
8062,7340,NS072788476,SAVINGS,,MRU,27000,27000,500000,15000000,DORMANT,true,2023-06-21,2023-12-12T23:17:28.071Z,2023-06-21T00:08:33.584Z,2023-12-12T23:17:28.071Z
8063,7341,NM538669705,MERCHANT,,MRU,11000,11000,500000,15000000,FROZEN,true,2022-05-25,2022-10-27T05:46:34.867Z,2022-05-25T21:56:27.581Z,2022-10-27T05:46:34.867Z
8064,7342,NW307896465,WALLET,,MRU,85000,85000,500000,15000000,ACTIVE,true,2024-02-29,2024-08-18T00:02:58.427Z,2024-02-29T12:05:11.059Z,2024-08-18T00:02:58.427Z
8065,7342,NW448682546,WALLET,,MRU,182600,287000,500000,15000000,ACTIVE,false,2024-02-29,2024-04-20T20:31:58.818Z,2024-02-29T12:05:11.059Z,2024-04-20T20:31:58.818Z
8066,7343,NM661659360,MERCHANT,,MRU,18000,18000,500000,15000000,ACTIVE,true,2023-03-20,2024-11-08T15:39:22.210Z,2023-03-20T11:02:59.797Z,2024-11-08T15:39:22.210Z
8067,7344,NS752988458,SAVINGS,,MRU,4100,4100,500000,15000000,ACTIVE,true,2023-03-11,2024-10-29T17:58:20.135Z,2023-03-11T05:45:24.940Z,2024-10-29T17:58:20.135Z
8068,7345,NW476010322,WALLET,,MRU,3100,4100,500000,15000000,ACTIVE,true,2023-04-09,2024-02-10T12:53:34.245Z,2023-04-09T10:41:58.511Z,2024-02-10T12:53:34.245Z
8069,7346,NW030295252,WALLET,,MRU,5900,5900,500000,15000000,ACTIVE,true,2022-03-15,2023-01-08T07:51:49.107Z,2022-03-15T01:35:12.011Z,2023-01-08T07:51:49.107Z
8070,7347,NW648020148,WALLET,,MRU,100,100,500000,15000000,ACTIVE,true,2024-09-29,2024-11-24T01:34:01.842Z,2024-09-29T09:46:51.760Z,2024-11-24T01:34:01.842Z
8071,7348,NW380507141,WALLET,,MRU,65500,47000,500000,15000000,ACTIVE,true,2023-04-04,2024-01-12T21:48:21.711Z,2023-04-04T20:59:14.792Z,2024-01-12T21:48:21.711Z
8072,7349,NW613025188,WALLET,,MRU,36240,4200,500000,15000000,ACTIVE,true,2024-01-29,2024-03-01T02:10:55.432Z,2024-01-29T01:31:14.991Z,2024-03-01T02:10:55.432Z
8073,7350,NW406674936,WALLET,,MRU,7100,7100,500000,15000000,ACTIVE,true,2023-08-04,2024-08-02T20:09:52.461Z,2023-08-04T09:28:59.557Z,2024-08-02T20:09:52.461Z
8074,7351,NW369766622,WALLET,,MRU,5200,5200,500000,15000000,ACTIVE,true,2023-10-29,2024-02-14T14:16:58.043Z,2023-10-29T00:31:09.233Z,2024-02-14T14:16:58.043Z
8075,7352,NW122491505,WALLET,,MRU,32100,9900,500000,15000000,ACTIVE,true,2024-02-07,2024-11-29T04:50:33.210Z,2024-02-07T09:56:02.887Z,2024-11-29T04:50:33.210Z
8076,7353,NW414169788,WALLET,,MRU,3000,3000,500000,15000000,ACTIVE,true,2022-10-08,2023-08-10T10:49:28.120Z,2022-10-08T12:01:00.944Z,2023-08-10T10:49:28.120Z
8077,7354,NW632046133,WALLET,,MRU,7500,13000,500000,15000000,ACTIVE,true,2023-08-07,2024-03-31T14:19:40.154Z,2023-08-07T01:58:31.604Z,2024-03-31T14:19:40.154Z
8078,7355,NW919347435,WALLET,,MRU,323000,323000,500000,15000000,ACTIVE,true,2022-05-03,2024-08-12T12:02:42.551Z,2022-05-03T15:16:10.675Z,2024-08-12T12:02:42.551Z
8079,7355,NW752076030,WALLET,,MRU,472000,38000,500000,15000000,ACTIVE,false,2022-05-03,2022-12-01T13:08:15.415Z,2022-05-03T15:16:10.675Z,2022-12-01T13:08:15.415Z
8080,7355,NS080240249,SAVINGS,,MRU,161125,173000,500000,15000000,ACTIVE,false,2022-05-03,2022-12-06T01:06:36.573Z,2022-05-03T15:16:10.675Z,2022-12-06T01:06:36.573Z
8081,7356,NW347132891,WALLET,,MRU,2163000,1333000,500000,15000000,ACTIVE,true,2022-10-19,2024-11-19T04:30:56.542Z,2022-10-19T00:24:34.019Z,2024-11-19T04:30:56.542Z
8082,7356,NS858553767,SAVINGS,,MRU,1293775,530000,500000,15000000,ACTIVE,false,2022-10-19,2024-04-14T11:17:24.583Z,2022-10-19T00:24:34.019Z,2024-04-14T11:17:24.583Z
8083,7357,NW093137145,WALLET,,MRU,4685,15000,500000,15000000,ACTIVE,true,2022-02-03,2023-11-29T18:03:00.915Z,2022-02-03T05:06:41.836Z,2023-11-29T18:03:00.915Z
8084,7358,NS546977162,SAVINGS,,MRU,244000,244000,500000,15000000,ACTIVE,true,2022-04-23,2022-10-11T22:22:39.248Z,2022-04-23T00:56:16.423Z,2022-10-11T22:22:39.248Z
8085,7358,NW009925842,WALLET,,MRU,260000,260000,500000,15000000,ACTIVE,false,2022-04-23,2022-06-17T03:10:44.478Z,2022-04-23T00:56:16.423Z,2022-06-17T03:10:44.478Z
8086,7359,NW164141058,WALLET,,MRU,32000,32000,500000,15000000,ACTIVE,true,2024-04-30,2024-11-16T01:48:22.284Z,2024-04-30T06:04:18.896Z,2024-11-16T01:48:22.284Z
8087,7360,NS054780721,SAVINGS,,MRU,267520,20000,500000,15000000,ACTIVE,true,2024-01-07,2024-11-05T11:38:37.069Z,2024-01-07T14:39:12.926Z,2024-11-05T11:38:37.069Z
8088,7361,NW365001350,WALLET,,MRU,2850,13000,500000,15000000,ACTIVE,true,2022-04-06,2024-10-30T05:18:48.153Z,2022-04-06T11:49:29.094Z,2024-10-30T05:18:48.153Z
8089,7362,NS676937580,SAVINGS,,MRU,18400,12000,500000,15000000,ACTIVE,true,2023-11-18,2024-01-28T22:01:49.787Z,2023-11-18T11:23:06.553Z,2024-01-28T22:01:49.787Z
8090,7363,NW903785378,WALLET,,MRU,360550,370000,500000,15000000,ACTIVE,true,2024-11-29,2024-12-24T22:41:22.531Z,2024-11-29T19:55:04.113Z,2024-12-24T22:41:22.531Z
8091,7363,NW159950733,WALLET,,MRU,125,23000,500000,15000000,ACTIVE,false,2024-11-29,2024-12-07T05:37:57.738Z,2024-11-29T19:55:04.113Z,2024-12-07T05:37:57.738Z
8092,7364,NW903358817,WALLET,,MRU,43850,750,500000,15000000,ACTIVE,true,2022-05-10,2022-09-15T00:21:45.052Z,2022-05-10T17:43:54.688Z,2022-09-15T00:21:45.052Z
8093,7365,NA221576213,AGENT,,MRU,57500,19000,500000,15000000,ACTIVE,true,2023-06-01,2023-10-18T20:17:40.077Z,2023-06-01T20:33:51.173Z,2023-10-18T20:17:40.077Z
8094,7366,NW834689855,WALLET,,MRU,407172,399000,500000,15000000,ACTIVE,true,2023-01-21,2024-05-11T03:35:56.040Z,2023-01-21T23:20:22.238Z,2024-05-11T03:35:56.040Z
8095,7366,NS582506895,SAVINGS,,MRU,68947,79000,500000,15000000,ACTIVE,false,2023-01-21,2024-11-09T13:21:32.954Z,2023-01-21T23:20:22.238Z,2024-11-09T13:21:32.954Z
8096,7367,NW938891172,WALLET,,MRU,367085,13000,500000,15000000,ACTIVE,true,2024-02-23,2024-08-30T10:21:16.090Z,2024-02-23T14:02:31.167Z,2024-08-30T10:21:16.090Z
8097,7368,NW442955166,WALLET,,MRU,412,13000,500000,15000000,ACTIVE,true,2023-05-14,2024-02-16T03:33:12.579Z,2023-05-14T16:00:54.460Z,2024-02-16T03:33:12.579Z
8098,7369,NW058096915,WALLET,,MRU,48000,48000,500000,15000000,FROZEN,true,2023-12-06,2024-12-18T19:47:20.008Z,2023-12-06T11:17:29.044Z,2024-12-18T19:47:20.008Z
8099,7370,NM070692777,MERCHANT,,MRU,1000,1000,500000,15000000,ACTIVE,true,2023-01-24,2023-04-07T11:54:20.856Z,2023-01-24T15:57:56.426Z,2023-04-07T11:54:20.856Z
8100,7371,NW590270340,WALLET,,MRU,850000,22000,500000,15000000,ACTIVE,true,2023-06-17,2024-07-17T20:52:03.882Z,2023-06-17T10:34:24.947Z,2024-07-17T20:52:03.882Z
8101,7372,NS854693413,SAVINGS,,MRU,1150,18000,500000,15000000,ACTIVE,true,2022-09-12,2023-01-27T11:05:04.645Z,2022-09-12T19:14:48.774Z,2023-01-27T11:05:04.645Z
8102,7373,NA848732352,AGENT,,MRU,2355000,35000,500000,15000000,ACTIVE,true,2022-09-18,2023-02-17T01:08:34.599Z,2022-09-18T03:05:38.545Z,2023-02-17T01:08:34.599Z
8103,7374,NW696777642,WALLET,,MRU,513100,34000,500000,15000000,ACTIVE,true,2024-10-18,2024-12-06T06:29:29.578Z,2024-10-18T00:29:23.521Z,2024-12-06T06:29:29.578Z
8104,7375,NW484712984,WALLET,,MRU,84800,6800,500000,15000000,ACTIVE,true,2023-01-14,2024-11-12T13:30:26.854Z,2023-01-14T01:30:22.589Z,2024-11-12T13:30:26.854Z
8105,7376,NA094867587,AGENT,,MRU,1250,26000,500000,15000000,ACTIVE,true,2022-08-04,2022-08-06T22:36:05.178Z,2022-08-04T06:20:37.894Z,2022-08-06T22:36:05.178Z
8106,7377,NM364482879,MERCHANT,,MRU,80000,10000,500000,15000000,ACTIVE,true,2022-04-05,2024-05-26T16:33:51.697Z,2022-04-05T09:19:58.217Z,2024-05-26T16:33:51.697Z
8107,7378,NS988521934,SAVINGS,,MRU,1200,25000,500000,15000000,ACTIVE,true,2022-08-25,2024-07-09T22:08:28.794Z,2022-08-25T16:27:16.285Z,2024-07-09T22:08:28.794Z
8108,7379,NS238940239,SAVINGS,,MRU,13200,14000,500000,15000000,ACTIVE,true,2023-08-31,2023-11-23T20:21:36.288Z,2023-08-31T14:30:36.605Z,2023-11-23T20:21:36.288Z
8109,7380,NW492396652,WALLET,,MRU,4300,4300,500000,15000000,ACTIVE,true,2023-06-19,2023-11-20T13:38:48.177Z,2023-06-19T15:09:25.916Z,2023-11-20T13:38:48.177Z
8110,7381,NW056853175,WALLET,,MRU,45300,11000,500000,15000000,ACTIVE,true,2023-06-14,2024-03-24T11:22:55.212Z,2023-06-14T07:49:59.244Z,2024-03-24T11:22:55.212Z
8111,7382,NW191463589,WALLET,,MRU,142600,19000,500000,15000000,ACTIVE,true,2023-11-05,2024-08-21T00:21:15.352Z,2023-11-05T04:46:38.447Z,2024-08-21T00:21:15.352Z
8112,7383,NS156243324,SAVINGS,,MRU,10000,10000,500000,15000000,ACTIVE,true,2024-11-24,2024-11-26T03:52:38.939Z,2024-11-24T14:40:45.870Z,2024-11-26T03:52:38.939Z
8113,7384,NW553353607,WALLET,,MRU,20000,20000,500000,15000000,FROZEN,true,2022-08-20,2023-08-17T05:31:14.066Z,2022-08-20T00:08:21.315Z,2023-08-17T05:31:14.066Z
8114,7385,NW778553963,WALLET,,MRU,23000,23000,500000,15000000,FROZEN,true,2023-01-22,2024-02-28T00:48:23.789Z,2023-01-22T03:19:47.785Z,2024-02-28T00:48:23.789Z
8115,7386,NA039565086,AGENT,,MRU,5200,5200,500000,15000000,DORMANT,true,2024-07-24,2024-12-08T09:17:43.648Z,2024-07-24T21:43:07.812Z,2024-12-08T09:17:43.648Z
8116,7387,NW722971350,WALLET,,MRU,400,3600,500000,15000000,ACTIVE,true,2023-06-21,2023-12-31T09:04:11.591Z,2023-06-21T13:46:58.660Z,2023-12-31T09:04:11.591Z
8117,7388,NW468277096,WALLET,,MRU,8200,8200,500000,15000000,ACTIVE,true,2024-04-09,2024-06-02T06:47:52.518Z,2024-04-09T06:49:33.137Z,2024-06-02T06:47:52.518Z
8118,7389,NW485277176,WALLET,,MRU,850,7300,500000,15000000,ACTIVE,true,2024-05-19,2024-07-08T08:43:17.341Z,2024-05-19T11:42:53.609Z,2024-07-08T08:43:17.341Z
8119,7390,NS489348173,SAVINGS,,MRU,3100,3100,500000,15000000,ACTIVE,true,2022-07-13,2023-06-24T02:40:41.817Z,2022-07-13T01:52:23.889Z,2023-06-24T02:40:41.817Z
8120,7391,NW429438322,WALLET,,MRU,1000,1000,500000,15000000,DORMANT,true,2024-05-06,2024-10-16T16:16:26.715Z,2024-05-06T13:36:11.853Z,2024-10-16T16:16:26.715Z
8121,7392,NW314234644,WALLET,,MRU,100,15000,500000,15000000,ACTIVE,true,2022-06-11,2023-12-14T09:44:33.154Z,2022-06-11T20:37:09.929Z,2023-12-14T09:44:33.154Z
8122,7393,NW821122289,WALLET,,MRU,2220,45000,500000,15000000,ACTIVE,true,2023-04-03,2024-07-09T19:17:26.931Z,2023-04-03T10:17:40.532Z,2024-07-09T19:17:26.931Z
8123,7394,NW507148266,WALLET,,MRU,2352080,196000,500000,15000000,ACTIVE,true,2022-06-15,2024-05-22T08:37:46.959Z,2022-06-15T18:56:18.446Z,2024-05-22T08:37:46.959Z
8124,7394,NW090262889,WALLET,,MRU,11050,112000,500000,15000000,ACTIVE,false,2022-06-15,2023-10-29T09:47:38.596Z,2022-06-15T18:56:18.446Z,2023-10-29T09:47:38.596Z
8125,7395,NM132002949,MERCHANT,,MRU,2668200,708000,500000,15000000,ACTIVE,true,2023-04-12,2024-10-07T18:07:19.244Z,2023-04-12T18:26:41.063Z,2024-10-07T18:07:19.244Z
8126,7395,NW021602179,WALLET,,MRU,1699500,1304000,500000,15000000,ACTIVE,false,2023-04-12,2024-08-25T04:08:08.922Z,2023-04-12T18:26:41.063Z,2024-08-25T04:08:08.922Z
8127,7396,NM544428706,MERCHANT,,MRU,1175,4000,500000,15000000,ACTIVE,true,2023-09-02,2024-12-28T21:47:36.744Z,2023-09-02T01:48:50.105Z,2024-12-28T21:47:36.744Z
8128,7397,NW266913890,WALLET,,MRU,7500,7500,500000,15000000,ACTIVE,true,2023-11-09,2024-03-04T06:10:55.628Z,2023-11-09T02:06:25.887Z,2024-03-04T06:10:55.628Z
8129,7398,NM630182147,MERCHANT,,MRU,399800,413000,500000,15000000,ACTIVE,true,2023-10-24,2024-12-13T04:20:31.748Z,2023-10-24T22:47:38.545Z,2024-12-13T04:20:31.748Z
8130,7398,NW254265189,WALLET,,MRU,9775,25000,500000,15000000,ACTIVE,false,2023-10-24,2023-11-23T07:17:57.381Z,2023-10-24T22:47:38.545Z,2023-11-23T07:17:57.381Z
8131,7398,NW479331553,WALLET,,MRU,183400,227000,500000,15000000,ACTIVE,false,2023-10-24,2024-03-19T12:00:53.390Z,2023-10-24T22:47:38.545Z,2024-03-19T12:00:53.390Z
8132,7399,NS867862940,SAVINGS,,MRU,7900,7900,500000,15000000,ACTIVE,true,2022-11-26,2023-03-10T00:16:18.644Z,2022-11-26T17:32:39.757Z,2023-03-10T00:16:18.644Z
8133,7400,NS288505554,SAVINGS,,MRU,113300,35000,500000,15000000,ACTIVE,true,2023-08-24,2023-12-28T18:52:03.578Z,2023-08-24T03:51:39.960Z,2023-12-28T18:52:03.578Z
8134,7401,NW761846542,WALLET,,MRU,2050,7800,500000,15000000,ACTIVE,true,2023-03-31,2023-09-14T09:47:59.032Z,2023-03-31T09:57:33.630Z,2023-09-14T09:47:59.032Z
8135,7402,NS562007785,SAVINGS,,MRU,11000,11000,500000,15000000,ACTIVE,true,2024-06-15,2024-07-15T08:32:07.615Z,2024-06-15T22:09:55.606Z,2024-07-15T08:32:07.615Z
8136,7403,NW835686743,WALLET,,MRU,11000,11000,500000,15000000,ACTIVE,true,2023-11-24,2024-07-16T23:36:40.596Z,2023-11-24T15:56:02.709Z,2024-07-16T23:36:40.596Z
8137,7404,NS783399105,SAVINGS,,MRU,800,800,500000,15000000,ACTIVE,true,2024-02-16,2024-02-28T18:19:58.682Z,2024-02-16T22:26:00.313Z,2024-02-28T18:19:58.682Z
8138,7405,NS303494691,SAVINGS,,MRU,7900,18000,500000,15000000,ACTIVE,true,2022-01-14,2022-11-01T06:00:18.118Z,2022-01-14T03:18:23.753Z,2022-11-01T06:00:18.118Z
8139,7406,NW368013501,WALLET,,MRU,4800,4800,500000,15000000,FROZEN,true,2024-06-03,2024-08-07T08:39:35.942Z,2024-06-03T21:12:21.468Z,2024-08-07T08:39:35.942Z
8140,7407,NW588256359,WALLET,,MRU,33800,25000,500000,15000000,ACTIVE,true,2023-05-25,2024-01-13T20:11:06.784Z,2023-05-25T10:36:04.443Z,2024-01-13T20:11:06.784Z
8141,7408,NW450227648,WALLET,,MRU,41000,41000,500000,15000000,ACTIVE,true,2022-07-28,2024-11-28T15:43:32.148Z,2022-07-28T10:52:57.732Z,2024-11-28T15:43:32.148Z
8142,7409,NW657480001,WALLET,,MRU,569100,31000,500000,15000000,ACTIVE,true,2024-05-03,2024-10-22T21:43:03.738Z,2024-05-03T02:55:44.228Z,2024-10-22T21:43:03.738Z
8143,7410,NW815674543,WALLET,,MRU,125000,15000,500000,15000000,ACTIVE,true,2022-12-02,2024-03-18T17:56:04.825Z,2022-12-02T03:24:44.290Z,2024-03-18T17:56:04.825Z
8144,7411,NM744838476,MERCHANT,,MRU,3200,3200,500000,15000000,ACTIVE,true,2024-05-13,2024-09-15T13:04:37.141Z,2024-05-13T15:05:19.901Z,2024-09-15T13:04:37.141Z
8145,7412,NS407268643,SAVINGS,,MRU,135,3100,500000,15000000,ACTIVE,true,2023-06-10,2024-09-12T22:16:22.257Z,2023-06-10T08:17:54.804Z,2024-09-12T22:16:22.257Z
8146,7413,NC153314113,CORPORATE,,MRU,40000,40000,500000,15000000,ACTIVE,true,2024-04-17,2024-08-09T00:03:02.469Z,2024-04-17T02:54:48.035Z,2024-08-09T00:03:02.469Z
8147,7414,NW511236429,WALLET,,MRU,101350,169000,500000,15000000,ACTIVE,true,2024-01-26,2024-07-10T14:28:15.843Z,2024-01-26T02:24:43.486Z,2024-07-10T14:28:15.843Z
8148,7414,NS114543199,SAVINGS,,MRU,470000,470000,500000,15000000,FROZEN,false,2024-01-26,2024-03-10T01:56:41.129Z,2024-01-26T02:24:43.486Z,2024-03-10T01:56:41.129Z
8149,7415,NS033571720,SAVINGS,,MRU,12000,12000,500000,15000000,DORMANT,true,2023-02-14,2023-05-07T08:01:42.900Z,2023-02-14T22:28:05.205Z,2023-05-07T08:01:42.900Z
8150,7416,NW581127882,WALLET,,MRU,17000,17000,500000,15000000,ACTIVE,true,2023-10-27,2024-06-18T02:44:03.403Z,2023-10-27T20:13:13.682Z,2024-06-18T02:44:03.403Z
8151,7417,NW951425701,WALLET,,MRU,11000,11000,500000,15000000,DORMANT,true,2022-01-27,2024-05-24T07:14:03.163Z,2022-01-27T18:07:09.340Z,2024-05-24T07:14:03.163Z
8152,7418,NM758973002,MERCHANT,,MRU,48400,34000,500000,15000000,ACTIVE,true,2022-08-23,2023-08-06T00:42:46.599Z,2022-08-23T14:53:24.635Z,2023-08-06T00:42:46.599Z
8153,7419,NW421054244,WALLET,,MRU,20000,20000,500000,15000000,ACTIVE,true,2024-10-06,2024-11-10T22:17:39.612Z,2024-10-06T00:08:48.007Z,2024-11-10T22:17:39.612Z
8154,7420,NW265647649,WALLET,,MRU,47000,12000,500000,15000000,ACTIVE,true,2024-05-12,2024-05-26T20:19:41.152Z,2024-05-12T20:35:11.133Z,2024-05-26T20:19:41.152Z
8155,7421,NS422311902,SAVINGS,,MRU,15692,23000,500000,15000000,ACTIVE,true,2024-07-06,2024-11-24T18:39:54.116Z,2024-07-06T18:16:46.385Z,2024-11-24T18:39:54.116Z
8156,7422,NW553445846,WALLET,,MRU,11000,11000,500000,15000000,ACTIVE,true,2023-04-17,2024-06-24T04:13:55.284Z,2023-04-17T23:39:03.704Z,2024-06-24T04:13:55.284Z
8157,7423,NW017955303,WALLET,,MRU,38600,17000,500000,15000000,ACTIVE,true,2024-12-24,2024-12-26T17:53:54.010Z,2024-12-24T23:10:11.055Z,2024-12-26T17:53:54.010Z
8158,7424,NA376892566,AGENT,,MRU,30000,12000,500000,15000000,ACTIVE,true,2022-06-14,2023-07-26T11:15:02.666Z,2022-06-14T00:54:53.309Z,2023-07-26T11:15:02.666Z
8159,7425,NW936369657,WALLET,,MRU,24000,24000,500000,15000000,ACTIVE,true,2023-06-20,2024-02-18T07:15:34.254Z,2023-06-20T19:45:01.614Z,2024-02-18T07:15:34.254Z
8160,7426,NA672957182,AGENT,,MRU,2100,2100,500000,15000000,ACTIVE,true,2023-05-11,2024-02-13T16:23:31.821Z,2023-05-11T13:59:22.996Z,2024-02-13T16:23:31.821Z
8161,7427,NW777940392,WALLET,,MRU,550,550,500000,15000000,ACTIVE,true,2022-03-03,2023-10-01T23:04:47.258Z,2022-03-03T08:24:52.187Z,2023-10-01T23:04:47.258Z
8162,7428,NW439333081,WALLET,,MRU,5600,5600,500000,15000000,ACTIVE,true,2023-05-15,2024-06-26T01:25:15.978Z,2023-05-15T09:16:51.178Z,2024-06-26T01:25:15.978Z
8163,7429,NW848523259,WALLET,,MRU,4650,27000,500000,15000000,ACTIVE,true,2024-06-25,2024-07-09T18:26:13.298Z,2024-06-25T02:44:42.216Z,2024-07-09T18:26:13.298Z
8164,7430,NW910018325,WALLET,,MRU,114,8000,500000,15000000,ACTIVE,true,2023-06-11,2024-04-09T14:35:16.045Z,2023-06-11T01:53:30.088Z,2024-04-09T14:35:16.045Z
8165,7431,NW038718968,WALLET,,MRU,561000,11000,500000,15000000,ACTIVE,true,2023-10-28,2024-10-11T04:14:33.911Z,2023-10-28T21:30:08.372Z,2024-10-11T04:14:33.911Z
8166,7432,NW333200574,WALLET,,MRU,19000,19000,500000,15000000,DORMANT,true,2023-01-07,2023-01-29T00:49:37.049Z,2023-01-07T22:46:16.484Z,2023-01-29T00:49:37.049Z
8167,7433,NC345785260,CORPORATE,,MRU,46000,46000,500000,15000000,ACTIVE,true,2022-11-19,2024-03-12T16:08:27.050Z,2022-11-19T21:44:07.721Z,2024-03-12T16:08:27.050Z
8168,7434,NW991147399,WALLET,,MRU,5687000,213000,500000,15000000,ACTIVE,true,2024-03-30,2024-07-30T09:12:27.526Z,2024-03-30T01:28:53.085Z,2024-07-30T09:12:27.526Z
8169,7434,NS854171753,SAVINGS,,MRU,5198500,462000,500000,15000000,ACTIVE,false,2024-03-30,2024-07-21T15:19:55.659Z,2024-03-30T01:28:53.085Z,2024-07-21T15:19:55.659Z
8170,7435,NW054855704,WALLET,,MRU,22000,22000,500000,15000000,DORMANT,true,2024-05-23,2024-10-31T00:42:32.322Z,2024-05-23T02:08:12.723Z,2024-10-31T00:42:32.322Z
8171,7436,NC915717840,CORPORATE,,MRU,2036,13000,500000,15000000,ACTIVE,true,2024-10-04,2024-10-30T17:03:21.853Z,2024-10-04T07:22:17.213Z,2024-10-30T17:03:21.853Z
8172,7437,NM283026456,MERCHANT,,MRU,1180,9300,500000,15000000,ACTIVE,true,2024-07-22,2024-11-28T17:46:09.209Z,2024-07-22T06:07:46.692Z,2024-11-28T17:46:09.209Z
8173,7438,NW858773947,WALLET,,MRU,28000,28000,500000,15000000,ACTIVE,true,2023-04-05,2023-04-20T08:28:15.453Z,2023-04-05T09:19:42.254Z,2023-04-20T08:28:15.453Z
8174,7439,NW783572316,WALLET,,MRU,412050,421000,500000,15000000,ACTIVE,true,2023-08-14,2024-02-07T01:31:45.428Z,2023-08-14T08:37:59.882Z,2024-02-07T01:31:45.428Z
8175,7439,NW210332870,WALLET,,MRU,20000,140000,500000,15000000,ACTIVE,false,2023-08-14,2024-02-27T23:37:59.056Z,2023-08-14T08:37:59.882Z,2024-02-27T23:37:59.056Z
8176,7440,NW531036257,WALLET,,MRU,227000,227000,500000,15000000,ACTIVE,true,2022-01-07,2022-04-06T20:14:48.062Z,2022-01-07T02:45:58.886Z,2022-04-06T20:14:48.062Z
8177,7440,NS939647794,SAVINGS,,MRU,255000,245000,500000,15000000,ACTIVE,false,2022-01-07,2023-07-19T14:39:04.679Z,2022-01-07T02:45:58.886Z,2023-07-19T14:39:04.679Z
8178,7441,NM843095422,MERCHANT,,MRU,27000,27000,500000,15000000,FROZEN,true,2022-05-08,2022-09-14T07:41:08.721Z,2022-05-08T12:47:47.745Z,2022-09-14T07:41:08.721Z
8179,7442,NW531147539,WALLET,,MRU,5750,26000,500000,15000000,ACTIVE,true,2023-08-17,2024-05-22T22:50:45.453Z,2023-08-17T20:15:50.162Z,2024-05-22T22:50:45.453Z
8180,7443,NW324862718,WALLET,,MRU,990,15000,500000,15000000,ACTIVE,true,2024-01-30,2024-07-24T08:39:54.795Z,2024-01-30T01:55:09.243Z,2024-07-24T08:39:54.795Z
8181,7444,NW318012505,WALLET,,MRU,267,27000,500000,15000000,ACTIVE,true,2022-09-07,2023-03-15T18:28:06.448Z,2022-09-07T02:37:25.725Z,2023-03-15T18:28:06.448Z
8182,7445,NA316604972,AGENT,,MRU,1112000,12000,500000,15000000,ACTIVE,true,2024-07-21,2024-07-25T19:31:01.668Z,2024-07-21T07:29:50.500Z,2024-07-25T19:31:01.668Z
8183,7446,NS017366196,SAVINGS,,MRU,9700,9700,500000,15000000,ACTIVE,true,2023-08-24,2024-12-25T08:17:00.563Z,2023-08-24T21:46:28.436Z,2024-12-25T08:17:00.563Z
8184,7447,NW341856479,WALLET,,MRU,21000,21000,500000,15000000,ACTIVE,true,2024-07-16,2024-09-15T22:50:08.347Z,2024-07-16T11:12:31.119Z,2024-09-15T22:50:08.347Z
8185,7448,NW621545672,WALLET,,MRU,22000,22000,500000,15000000,DORMANT,true,2023-06-13,2023-11-23T17:02:39.783Z,2023-06-13T01:10:59.439Z,2023-11-23T17:02:39.783Z
8186,7449,NS522261619,SAVINGS,,MRU,36000,36000,500000,15000000,ACTIVE,true,2024-07-17,2024-09-13T22:46:18.913Z,2024-07-17T03:11:43.531Z,2024-09-13T22:46:18.913Z
8187,7450,NW978259474,WALLET,,MRU,3650,29000,500000,15000000,ACTIVE,true,2023-10-04,2024-01-30T00:55:01.272Z,2023-10-04T13:40:25.976Z,2024-01-30T00:55:01.272Z
8188,7451,NM079106450,MERCHANT,,MRU,2575,7500,500000,15000000,ACTIVE,true,2023-08-08,2024-02-10T06:41:57.237Z,2023-08-08T12:17:43.764Z,2024-02-10T06:41:57.237Z
8189,7452,NW164874911,WALLET,,MRU,65000,41000,500000,15000000,ACTIVE,true,2023-02-19,2024-07-21T18:18:38.143Z,2023-02-19T18:02:16.250Z,2024-07-21T18:18:38.143Z
8190,7453,NC575654983,CORPORATE,,MRU,65950,14000,500000,15000000,ACTIVE,true,2022-10-13,2023-02-27T19:45:56.094Z,2022-10-13T03:48:30.536Z,2023-02-27T19:45:56.094Z
8191,7454,NW456556141,WALLET,,MRU,21500,8500,500000,15000000,ACTIVE,true,2023-10-24,2024-11-21T14:49:50.034Z,2023-10-24T08:48:32.872Z,2024-11-21T14:49:50.034Z
8192,7455,NW572801143,WALLET,,MRU,4800,4800,500000,15000000,ACTIVE,true,2023-12-06,2024-05-25T05:52:10.027Z,2023-12-06T19:31:05.472Z,2024-05-25T05:52:10.027Z
8193,7456,NW065951108,WALLET,,MRU,0,1600,500000,15000000,ACTIVE,true,2024-09-22,2024-09-28T15:23:01.685Z,2024-09-22T10:04:52.259Z,2024-09-28T15:23:01.685Z
8194,7457,NW697535157,WALLET,,MRU,131000,41000,500000,15000000,ACTIVE,true,2022-03-24,2023-10-27T12:46:20.024Z,2022-03-24T14:54:01.404Z,2023-10-27T12:46:20.024Z
8195,7458,NW360357403,WALLET,,MRU,110900,47000,500000,15000000,ACTIVE,true,2022-07-26,2024-04-07T02:28:45.489Z,2022-07-26T14:06:27.557Z,2024-04-07T02:28:45.489Z
8196,7459,NS003281265,SAVINGS,,MRU,62250,22000,500000,15000000,ACTIVE,true,2022-03-13,2024-08-11T05:08:52.354Z,2022-03-13T12:19:39.534Z,2024-08-11T05:08:52.354Z
8197,7459,NS887700796,SAVINGS,,MRU,133500,264000,500000,15000000,ACTIVE,false,2022-03-13,2022-10-04T22:28:49.196Z,2022-03-13T12:19:39.534Z,2022-10-04T22:28:49.196Z
8198,7459,NS811847329,SAVINGS,,MRU,1050,299000,500000,15000000,ACTIVE,false,2022-03-13,2022-09-28T01:55:23.769Z,2022-03-13T12:19:39.534Z,2022-09-28T01:55:23.769Z
8199,7460,NW297167301,WALLET,,MRU,8100,8100,500000,15000000,ACTIVE,true,2022-05-21,2023-12-29T09:00:51.293Z,2022-05-21T15:25:46.696Z,2023-12-29T09:00:51.293Z
8200,7461,NW062259435,WALLET,,MRU,14000,14000,500000,15000000,ACTIVE,true,2022-09-12,2024-06-11T13:34:27.164Z,2022-09-12T00:00:04.263Z,2024-06-11T13:34:27.164Z
8201,7462,NW806334019,WALLET,,MRU,38000,38000,500000,15000000,ACTIVE,true,2023-12-18,2024-09-08T06:51:28.410Z,2023-12-18T06:24:38.239Z,2024-09-08T06:51:28.410Z
8202,7463,NW297886729,WALLET,,MRU,18000,18000,500000,15000000,CLOSED,true,2024-11-18,2024-12-13T13:30:30.608Z,2024-11-18T20:27:36.602Z,2024-12-13T13:30:30.608Z
8203,7464,NW784925461,WALLET,,MRU,8800,22000,500000,15000000,ACTIVE,true,2024-02-13,2024-08-14T02:16:43.638Z,2024-02-13T20:22:24.789Z,2024-08-14T02:16:43.638Z
8204,7465,NW943910956,WALLET,,MRU,14000,14000,500000,15000000,ACTIVE,true,2024-09-27,2024-10-24T20:24:42.986Z,2024-09-27T09:40:01.895Z,2024-10-24T20:24:42.986Z
8205,7466,NM572386622,MERCHANT,,MRU,30750,42000,500000,15000000,ACTIVE,true,2022-01-29,2024-12-06T20:22:05.266Z,2022-01-29T12:12:28.499Z,2024-12-06T20:22:05.266Z
8206,7467,NW303397208,WALLET,,MRU,27790,33000,500000,15000000,ACTIVE,true,2023-04-25,2024-08-11T22:02:51.433Z,2023-04-25T06:20:58.599Z,2024-08-11T22:02:51.433Z
8207,7468,NW892473608,WALLET,,MRU,22000,22000,500000,15000000,ACTIVE,true,2022-08-10,2023-05-25T14:52:02.968Z,2022-08-10T11:33:24.665Z,2023-05-25T14:52:02.968Z
8208,7469,NW143272638,WALLET,,MRU,11000,11000,500000,15000000,ACTIVE,true,2024-12-21,2024-12-27T01:11:50.941Z,2024-12-21T13:00:33.048Z,2024-12-27T01:11:50.941Z
8209,7470,NA682533264,AGENT,,MRU,132000,12000,500000,15000000,ACTIVE,true,2024-10-24,2024-11-08T20:08:02.010Z,2024-10-24T10:43:40.802Z,2024-11-08T20:08:02.010Z
8210,7471,NM966768622,MERCHANT,,MRU,339981,41000,500000,15000000,ACTIVE,true,2024-06-21,2024-09-07T22:09:51.412Z,2024-06-21T03:41:48.709Z,2024-09-07T22:09:51.412Z
8211,7472,NM207200288,MERCHANT,,MRU,2100,17000,500000,15000000,ACTIVE,true,2022-08-20,2023-01-19T15:10:24.928Z,2022-08-20T23:40:34.074Z,2023-01-19T15:10:24.928Z
8212,7473,NA916122913,AGENT,,MRU,683000,43000,500000,15000000,ACTIVE,true,2024-10-08,2024-10-17T19:33:05.725Z,2024-10-08T00:51:48.917Z,2024-10-17T19:33:05.725Z
8213,7474,NS785156488,SAVINGS,,MRU,19300,18000,500000,15000000,ACTIVE,true,2023-05-09,2024-01-16T13:41:38.735Z,2023-05-09T13:47:17.342Z,2024-01-16T13:41:38.735Z
8214,7475,NA356226205,AGENT,,MRU,150,8300,500000,15000000,ACTIVE,true,2024-10-11,2024-11-08T17:23:04.584Z,2024-10-11T10:55:09.106Z,2024-11-08T17:23:04.584Z
8215,7476,NM693734407,MERCHANT,,MRU,315024,331000,500000,15000000,ACTIVE,true,2022-09-17,2023-03-21T23:50:10.646Z,2022-09-17T07:32:51.685Z,2023-03-21T23:50:10.646Z
8216,7476,NW124471306,WALLET,,MRU,930200,227000,500000,15000000,ACTIVE,false,2022-09-17,2024-07-17T17:02:44.576Z,2022-09-17T07:32:51.685Z,2024-07-17T17:02:44.576Z
8217,7477,NW145179748,WALLET,,MRU,3600,3600,500000,15000000,ACTIVE,true,2023-11-17,2024-09-23T17:34:48.858Z,2023-11-17T20:53:33.820Z,2024-09-23T17:34:48.858Z
8218,7478,NM435097456,MERCHANT,,MRU,11650,19000,500000,15000000,ACTIVE,true,2023-09-19,2024-10-09T08:19:06.265Z,2023-09-19T20:12:11.769Z,2024-10-09T08:19:06.265Z
8219,7479,NW232761174,WALLET,,MRU,744,18000,500000,15000000,ACTIVE,true,2023-09-19,2024-07-24T09:11:16.154Z,2023-09-19T13:42:20.881Z,2024-07-24T09:11:16.154Z
8220,7480,NS358467102,SAVINGS,,MRU,11000,11000,500000,15000000,DORMANT,true,2022-12-30,2023-01-20T00:16:05.785Z,2022-12-30T07:10:26.891Z,2023-01-20T00:16:05.785Z
8221,7481,NC512778520,CORPORATE,,MRU,20000,20000,500000,15000000,ACTIVE,true,2023-10-18,2024-10-03T16:57:21.826Z,2023-10-18T04:22:11.452Z,2024-10-03T16:57:21.826Z
8222,7482,NW382012605,WALLET,,MRU,30000,30000,500000,15000000,ACTIVE,true,2023-05-14,2023-08-06T19:05:10.495Z,2023-05-14T17:33:12.033Z,2023-08-06T19:05:10.495Z
8223,7483,NA381187439,AGENT,,MRU,6500,6500,500000,15000000,ACTIVE,true,2023-06-25,2024-04-04T13:28:57.284Z,2023-06-25T09:23:40.033Z,2024-04-04T13:28:57.284Z
8224,7484,NW898871303,WALLET,,MRU,23000,23000,500000,15000000,ACTIVE,true,2023-05-31,2024-05-28T01:14:17.686Z,2023-05-31T06:46:11.541Z,2024-05-28T01:14:17.686Z
8225,7485,NW935319304,WALLET,,MRU,226000,26000,500000,15000000,ACTIVE,true,2022-06-04,2023-07-07T21:05:26.734Z,2022-06-04T13:36:13.122Z,2023-07-07T21:05:26.734Z
8226,7486,NW624467756,WALLET,,MRU,40000,32000,500000,15000000,ACTIVE,true,2024-11-15,2024-12-05T07:33:23.953Z,2024-11-15T04:13:58.453Z,2024-12-05T07:33:23.953Z
8227,7487,NM548619628,MERCHANT,,MRU,9000,9000,500000,15000000,ACTIVE,true,2023-07-07,2024-03-27T03:50:58.440Z,2023-07-07T07:33:17.495Z,2024-03-27T03:50:58.440Z
8228,7488,NM200514555,MERCHANT,,MRU,37000,37000,500000,15000000,ACTIVE,true,2022-10-04,2024-03-30T08:27:16.988Z,2022-10-04T04:44:25.369Z,2024-03-30T08:27:16.988Z
8229,7489,NW233280778,WALLET,,MRU,825,22000,500000,15000000,ACTIVE,true,2023-07-14,2024-03-19T12:53:29.109Z,2023-07-14T07:12:25.005Z,2024-03-19T12:53:29.109Z
8230,7490,NW296229362,WALLET,,MRU,20000,20000,500000,15000000,ACTIVE,true,2023-06-17,2024-09-22T08:13:45.277Z,2023-06-17T10:53:09.942Z,2024-09-22T08:13:45.277Z
8231,7491,NS785733223,SAVINGS,,MRU,872000,12000,500000,15000000,ACTIVE,true,2022-04-03,2024-05-21T14:32:46.179Z,2022-04-03T12:26:05.375Z,2024-05-21T14:32:46.179Z
8232,7492,NS643423795,SAVINGS,,MRU,991000,31000,500000,15000000,ACTIVE,true,2022-01-20,2022-09-30T14:23:19.191Z,2022-01-20T03:06:08.132Z,2022-09-30T14:23:19.191Z
8233,7493,NC199520707,CORPORATE,,MRU,19000,19000,500000,15000000,ACTIVE,true,2022-11-18,2024-05-23T15:17:47.742Z,2022-11-18T18:40:15.762Z,2024-05-23T15:17:47.742Z
8234,7494,NW437609076,WALLET,,MRU,33000,33000,500000,15000000,ACTIVE,true,2022-09-05,2023-07-01T06:20:27.318Z,2022-09-05T08:25:06.455Z,2023-07-01T06:20:27.318Z
8235,7495,NW531721949,WALLET,,MRU,392,21000,500000,15000000,ACTIVE,true,2022-09-06,2023-11-10T00:56:29.628Z,2022-09-06T01:56:02.605Z,2023-11-10T00:56:29.628Z
8236,7496,NW850726962,WALLET,,MRU,49000,49000,500000,15000000,CLOSED,true,2024-01-17,2024-12-07T12:15:49.086Z,2024-01-17T13:01:16.532Z,2024-12-07T12:15:49.086Z
8237,7497,NW396851539,WALLET,,MRU,13000,13000,500000,15000000,DORMANT,true,2022-02-19,2024-01-04T19:42:27.541Z,2022-02-19T07:31:56.831Z,2024-01-04T19:42:27.541Z
8238,7498,NW966654807,WALLET,,MRU,3800,3800,500000,15000000,ACTIVE,true,2024-03-12,2024-06-17T16:33:58.728Z,2024-03-12T00:39:26.095Z,2024-06-17T16:33:58.728Z
8239,7499,NW195516824,WALLET,,MRU,6300,6300,500000,15000000,ACTIVE,true,2023-10-03,2024-10-11T00:52:32.952Z,2023-10-03T18:46:33.340Z,2024-10-11T00:52:32.952Z
8240,7500,NS942979813,SAVINGS,,MRU,1345000,1345000,500000,15000000,DORMANT,true,2024-03-04,2024-06-26T02:41:41.252Z,2024-03-04T00:09:17.461Z,2024-06-26T02:41:41.252Z
8241,7500,NW609804153,WALLET,,MRU,1618000,1148000,500000,15000000,ACTIVE,false,2024-03-04,2024-12-29T11:12:00.249Z,2024-03-04T00:09:17.461Z,2024-12-29T11:12:00.249Z
8242,7500,NS161842346,SAVINGS,,MRU,1603100,1451000,500000,15000000,ACTIVE,false,2024-03-04,2024-10-05T09:37:56.346Z,2024-03-04T00:09:17.461Z,2024-10-05T09:37:56.346Z
8243,7501,NC612513572,CORPORATE,,MRU,465200,4400,500000,15000000,ACTIVE,true,2022-07-19,2022-11-06T21:49:07.764Z,2022-07-19T12:20:58.309Z,2022-11-06T21:49:07.764Z
8244,7502,NS980818748,SAVINGS,,MRU,153,1700,500000,15000000,ACTIVE,true,2022-06-18,2024-09-30T17:58:19.571Z,2022-06-18T15:33:23.820Z,2024-09-30T17:58:19.571Z
8245,7503,NA854707718,AGENT,,MRU,18000,18000,500000,15000000,ACTIVE,true,2023-03-06,2023-04-02T11:19:45.450Z,2023-03-06T00:31:32.074Z,2023-04-02T11:19:45.450Z
8246,7504,NW050776895,WALLET,,MRU,975,8600,500000,15000000,ACTIVE,true,2022-06-09,2023-11-27T14:11:52.314Z,2022-06-09T15:10:21.829Z,2023-11-27T14:11:52.314Z
8247,7505,NW751123190,WALLET,,MRU,12000,12000,500000,15000000,DORMANT,true,2023-11-13,2024-06-16T19:56:47.007Z,2023-11-13T12:49:24.873Z,2024-06-16T19:56:47.007Z
8248,7506,NW989426255,WALLET,,MRU,53100,9100,500000,15000000,ACTIVE,true,2023-01-06,2023-04-22T23:36:57.253Z,2023-01-06T21:25:44.689Z,2023-04-22T23:36:57.253Z
8249,7507,NS831581831,SAVINGS,,MRU,28000,28000,500000,15000000,DORMANT,true,2023-02-04,2024-03-18T21:27:46.771Z,2023-02-04T14:58:19.882Z,2024-03-18T21:27:46.771Z
8250,7508,NW418308019,WALLET,,MRU,13000,13000,500000,15000000,ACTIVE,true,2022-04-30,2024-02-22T19:25:35.366Z,2022-04-30T04:36:28.163Z,2024-02-22T19:25:35.366Z
8251,7509,NW433214932,WALLET,,MRU,4050,9900,500000,15000000,ACTIVE,true,2024-08-16,2024-12-21T18:20:44.321Z,2024-08-16T19:19:53.047Z,2024-12-21T18:20:44.321Z
8252,7510,NW585445761,WALLET,,MRU,37000,37000,500000,15000000,ACTIVE,true,2023-11-07,2024-02-02T15:08:42.748Z,2023-11-07T16:05:50.264Z,2024-02-02T15:08:42.748Z
8253,7511,NW915854096,WALLET,,MRU,740900,4900,500000,15000000,ACTIVE,true,2022-06-16,2022-09-11T19:19:22.062Z,2022-06-16T02:06:28.498Z,2022-09-11T19:19:22.062Z
8254,7512,NS687401533,SAVINGS,,MRU,1200,13000,500000,15000000,ACTIVE,true,2023-12-07,2024-03-21T01:51:38.045Z,2023-12-07T12:47:24.746Z,2024-03-21T01:51:38.045Z
8255,7513,NS458985951,SAVINGS,,MRU,39000,39000,500000,15000000,DORMANT,true,2024-01-23,2024-04-10T04:50:14.085Z,2024-01-23T23:21:00.879Z,2024-04-10T04:50:14.085Z
8256,7514,NS287087917,SAVINGS,,MRU,7394,43000,500000,15000000,ACTIVE,true,2023-08-11,2024-04-16T06:50:05.523Z,2023-08-11T16:38:12.603Z,2024-04-16T06:50:05.523Z
8257,7515,NS639237881,SAVINGS,,MRU,30,49000,500000,15000000,ACTIVE,true,2024-04-29,2024-04-30T07:55:56.123Z,2024-04-29T16:36:25.396Z,2024-04-30T07:55:56.123Z
8258,7516,NS027944803,SAVINGS,,MRU,153000,153000,500000,15000000,ACTIVE,true,2022-02-22,2024-08-09T08:49:23.526Z,2022-02-22T23:48:32.611Z,2024-08-09T08:49:23.526Z
8259,7516,NS322361111,SAVINGS,,MRU,1497400,1499000,500000,15000000,ACTIVE,false,2022-02-22,2023-04-13T14:27:48.705Z,2022-02-22T23:48:32.611Z,2023-04-13T14:27:48.705Z
8260,7516,NS788478851,SAVINGS,,MRU,1309000,1309000,500000,15000000,ACTIVE,false,2022-02-22,2024-03-09T23:13:52.295Z,2022-02-22T23:48:32.611Z,2024-03-09T23:13:52.295Z
8261,7517,NW018030166,WALLET,,MRU,5700,5700,500000,15000000,ACTIVE,true,2023-06-18,2023-10-04T13:52:36.651Z,2023-06-18T05:47:33.593Z,2023-10-04T13:52:36.651Z
8262,7518,NS479995489,SAVINGS,,MRU,12000,12000,500000,15000000,ACTIVE,true,2024-01-09,2024-07-01T23:48:00.968Z,2024-01-09T02:20:59.014Z,2024-07-01T23:48:00.968Z
8263,7519,NW969588071,WALLET,,MRU,300,20000,500000,15000000,ACTIVE,true,2023-03-29,2023-10-28T13:43:41.543Z,2023-03-29T00:23:31.939Z,2023-10-28T13:43:41.543Z
8264,7520,NC474134445,CORPORATE,,MRU,436750,9200,500000,15000000,ACTIVE,true,2024-10-16,2024-12-06T14:46:36.158Z,2024-10-16T12:14:15.560Z,2024-12-06T14:46:36.158Z
8265,7521,NS402194857,SAVINGS,,MRU,500,48000,500000,15000000,ACTIVE,true,2022-10-30,2023-05-13T04:14:27.782Z,2022-10-30T05:59:21.507Z,2023-05-13T04:14:27.782Z
8266,7522,NA710321784,AGENT,,MRU,4052,14000,500000,15000000,ACTIVE,true,2023-01-13,2023-09-07T16:32:29.750Z,2023-01-13T05:36:32.223Z,2023-09-07T16:32:29.750Z
8267,7523,NW307822108,WALLET,,MRU,44000,44000,500000,15000000,ACTIVE,true,2023-12-16,2024-06-30T13:11:07.811Z,2023-12-16T17:55:10.319Z,2024-06-30T13:11:07.811Z
8268,7524,NS590564489,SAVINGS,,MRU,15000,15000,500000,15000000,ACTIVE,true,2023-08-18,2023-10-09T21:16:57.385Z,2023-08-18T05:06:05.830Z,2023-10-09T21:16:57.385Z
8269,7525,NM787422657,MERCHANT,,MRU,412,23000,500000,15000000,ACTIVE,true,2022-01-10,2023-01-23T13:42:05.217Z,2022-01-10T05:12:52.902Z,2023-01-23T13:42:05.217Z
8270,7526,NM830109119,MERCHANT,,MRU,41000,41000,500000,15000000,ACTIVE,true,2024-04-08,2024-12-28T00:14:06.455Z,2024-04-08T15:21:46.643Z,2024-12-28T00:14:06.455Z
8271,7527,NW167828083,WALLET,,MRU,45000,45000,500000,15000000,ACTIVE,true,2024-09-20,2024-12-11T13:47:55.393Z,2024-09-20T06:01:06.282Z,2024-12-11T13:47:55.393Z
8272,7528,NM248059511,MERCHANT,,MRU,33020,3700,500000,15000000,ACTIVE,true,2024-06-14,2024-08-25T21:03:26.207Z,2024-06-14T05:44:53.694Z,2024-08-25T21:03:26.207Z
8273,7529,NW051565289,WALLET,,MRU,150,12000,500000,15000000,ACTIVE,true,2024-07-10,2024-09-29T01:06:26.472Z,2024-07-10T05:15:50.546Z,2024-09-29T01:06:26.472Z
8274,7530,NA781443834,AGENT,,MRU,48000,48000,500000,15000000,ACTIVE,true,2024-12-21,2024-12-21T20:50:08.687Z,2024-12-21T20:25:14.337Z,2024-12-21T20:50:08.687Z
8275,7531,NW662852347,WALLET,,MRU,25000,25000,500000,15000000,CLOSED,true,2022-12-09,2024-09-20T23:12:22.578Z,2022-12-09T15:12:51.295Z,2024-09-20T23:12:22.578Z
8276,7532,NW348113805,WALLET,,MRU,1047,43000,500000,15000000,ACTIVE,true,2022-04-29,2023-03-31T21:14:44.819Z,2022-04-29T17:57:41.829Z,2023-03-31T21:14:44.819Z
8277,7533,NC883369565,CORPORATE,,MRU,18000,18000,500000,15000000,DORMANT,true,2024-07-12,2024-10-09T07:00:30.555Z,2024-07-12T10:09:56.248Z,2024-10-09T07:00:30.555Z
8278,7534,NS494174123,SAVINGS,,MRU,11000,11000,500000,15000000,ACTIVE,true,2023-11-05,2024-08-26T16:10:27.631Z,2023-11-05T16:46:33.771Z,2024-08-26T16:10:27.631Z
8279,7535,NM296720266,MERCHANT,,MRU,50,32000,500000,15000000,ACTIVE,true,2024-08-19,2024-08-22T14:52:49.457Z,2024-08-19T15:31:24.592Z,2024-08-22T14:52:49.457Z
8280,7536,NW616528272,WALLET,,MRU,23605,118000,500000,15000000,ACTIVE,true,2022-01-12,2024-06-13T08:34:40.310Z,2022-01-12T18:48:32.658Z,2024-06-13T08:34:40.310Z
8281,7536,NW113120704,WALLET,,MRU,814000,174000,500000,15000000,ACTIVE,false,2022-01-12,2022-09-09T10:31:46.022Z,2022-01-12T18:48:32.658Z,2022-09-09T10:31:46.022Z
8282,7536,NW794188499,WALLET,,MRU,403600,364000,500000,15000000,ACTIVE,false,2022-01-12,2024-12-10T04:41:48.262Z,2022-01-12T18:48:32.658Z,2024-12-10T04:41:48.262Z
8283,7537,NW794053078,WALLET,,MRU,1195000,12000,500000,15000000,ACTIVE,true,2022-09-14,2022-11-07T06:29:07.718Z,2022-09-14T21:04:27.789Z,2022-11-07T06:29:07.718Z
8284,7538,NS302015662,SAVINGS,,MRU,15000,15000,500000,15000000,ACTIVE,true,2022-01-23,2024-03-06T02:43:39.740Z,2022-01-23T11:56:09.841Z,2024-03-06T02:43:39.740Z
8285,7539,NW752711207,WALLET,,MRU,13000,41000,500000,15000000,ACTIVE,true,2023-10-03,2024-12-10T04:54:47.499Z,2023-10-03T10:44:53.075Z,2024-12-10T04:54:47.499Z
8286,7540,NW864469319,WALLET,,MRU,12000,12000,500000,15000000,CLOSED,true,2024-08-02,2024-11-29T05:07:18.116Z,2024-08-02T15:21:42.038Z,2024-11-29T05:07:18.116Z
8287,7541,NW738578319,WALLET,,MRU,41600,28000,500000,15000000,ACTIVE,true,2023-08-08,2024-11-17T12:17:29.965Z,2023-08-08T04:49:16.912Z,2024-11-17T12:17:29.965Z
8288,7542,NW926246166,WALLET,,MRU,1750,44000,500000,15000000,ACTIVE,true,2024-11-10,2024-12-23T09:45:13.972Z,2024-11-10T23:32:52.730Z,2024-12-23T09:45:13.972Z
8289,7543,NW395730853,WALLET,,MRU,4000,4000,500000,15000000,ACTIVE,true,2024-11-06,2024-12-22T21:10:06.540Z,2024-11-06T09:49:46.455Z,2024-12-22T21:10:06.540Z
8290,7544,NM976753473,MERCHANT,,MRU,585990,20000,500000,15000000,ACTIVE,true,2023-08-24,2024-09-12T02:04:34.649Z,2023-08-24T11:22:24.970Z,2024-09-12T02:04:34.649Z
8291,7545,NW046239137,WALLET,,MRU,200,10000,500000,15000000,ACTIVE,true,2023-04-04,2024-03-21T22:00:22.532Z,2023-04-04T19:16:03.086Z,2024-03-21T22:00:22.532Z
8292,7546,NW054505348,WALLET,,MRU,175,46000,500000,15000000,ACTIVE,true,2023-05-17,2024-06-25T16:25:17.630Z,2023-05-17T11:47:26.011Z,2024-06-25T16:25:17.630Z
8293,7547,NM476713538,MERCHANT,,MRU,1119610,46000,500000,15000000,ACTIVE,true,2023-07-17,2023-10-31T16:51:45.655Z,2023-07-17T01:50:53.864Z,2023-10-31T16:51:45.655Z
8294,7548,NA561560869,AGENT,,MRU,2475,36000,500000,15000000,ACTIVE,true,2022-09-12,2023-06-02T11:01:31.176Z,2022-09-12T06:31:36.655Z,2023-06-02T11:01:31.176Z
8295,7549,NS776394009,SAVINGS,,MRU,12800,11000,500000,15000000,ACTIVE,true,2023-04-07,2024-10-19T15:10:50.428Z,2023-04-07T01:19:16.329Z,2024-10-19T15:10:50.428Z
8296,7550,NW589173555,WALLET,,MRU,23000,23000,500000,15000000,ACTIVE,true,2024-11-14,2024-12-07T10:26:00.394Z,2024-11-14T14:42:41.947Z,2024-12-07T10:26:00.394Z
8297,7551,NW046373575,WALLET,,MRU,41000,41000,500000,15000000,CLOSED,true,2024-07-17,2024-11-28T05:59:36.519Z,2024-07-17T18:18:46.256Z,2024-11-28T05:59:36.519Z
8298,7552,NW336353778,WALLET,,MRU,33000,33000,500000,15000000,ACTIVE,true,2024-02-13,2024-06-24T16:29:19.270Z,2024-02-13T00:35:57.091Z,2024-06-24T16:29:19.270Z
8299,7553,NW400314808,WALLET,,MRU,9500,9500,500000,15000000,ACTIVE,true,2023-08-11,2023-09-08T20:38:49.798Z,2023-08-11T18:29:51.473Z,2023-09-08T20:38:49.798Z
8300,7554,NM513174921,MERCHANT,,MRU,354000,354000,500000,15000000,DORMANT,true,2023-04-18,2024-11-27T06:27:06.068Z,2023-04-18T04:45:04.537Z,2024-11-27T06:27:06.068Z
8301,7554,NS053904294,SAVINGS,,MRU,522000,442000,500000,15000000,ACTIVE,false,2023-04-18,2024-09-08T20:06:42.366Z,2023-04-18T04:45:04.537Z,2024-09-08T20:06:42.366Z
8302,7554,NS719742417,SAVINGS,,MRU,189400,208000,500000,15000000,ACTIVE,false,2023-04-18,2024-03-26T02:35:32.158Z,2023-04-18T04:45:04.537Z,2024-03-26T02:35:32.158Z
8303,7555,NW066736876,WALLET,,MRU,367850,26000,500000,15000000,ACTIVE,true,2023-07-22,2023-08-09T17:32:29.136Z,2023-07-22T21:12:19.921Z,2023-08-09T17:32:29.136Z
8304,7556,NM472865581,MERCHANT,,MRU,1610350,1427000,500000,15000000,ACTIVE,true,2022-05-21,2024-04-22T14:14:04.804Z,2022-05-21T15:42:27.632Z,2024-04-22T14:14:04.804Z
8305,7556,NW594636678,WALLET,,MRU,964600,980000,500000,15000000,ACTIVE,false,2022-05-21,2022-12-01T22:29:54.528Z,2022-05-21T15:42:27.632Z,2022-12-01T22:29:54.528Z
8306,7556,NS969419956,SAVINGS,,MRU,788202,789000,500000,15000000,ACTIVE,false,2022-05-21,2023-04-02T12:45:46.483Z,2022-05-21T15:42:27.632Z,2023-04-02T12:45:46.483Z
8307,7557,NW582163334,WALLET,,MRU,350,350,500000,15000000,ACTIVE,true,2024-02-15,2024-12-27T04:56:10.330Z,2024-02-15T02:58:38.946Z,2024-12-27T04:56:10.330Z
8308,7558,NS418370008,SAVINGS,,MRU,4200,4200,500000,15000000,ACTIVE,true,2022-01-26,2023-07-01T17:45:37.151Z,2022-01-26T21:00:00.495Z,2023-07-01T17:45:37.151Z
8309,7559,NW044906616,WALLET,,MRU,672000,19000,500000,15000000,ACTIVE,true,2022-05-19,2022-10-24T03:16:44.465Z,2022-05-19T04:54:16.710Z,2022-10-24T03:16:44.465Z
8310,7560,NW004467248,WALLET,,MRU,495300,384000,500000,15000000,ACTIVE,true,2022-03-24,2023-10-12T15:04:17.892Z,2022-03-24T19:44:03.946Z,2023-10-12T15:04:17.892Z
8311,7560,NW769641518,WALLET,,MRU,129000,129000,500000,15000000,DORMANT,false,2022-03-24,2022-12-26T15:52:07.574Z,2022-03-24T19:44:03.946Z,2022-12-26T15:52:07.574Z
8312,7561,NM277836799,MERCHANT,,MRU,253000,308000,500000,15000000,ACTIVE,true,2024-01-13,2024-03-23T09:13:10.977Z,2024-01-13T15:24:45.336Z,2024-03-23T09:13:10.977Z
8313,7561,NS202758193,SAVINGS,,MRU,304149,381000,500000,15000000,ACTIVE,false,2024-01-13,2024-09-19T08:40:27.227Z,2024-01-13T15:24:45.336Z,2024-09-19T08:40:27.227Z
8314,7562,NW869933605,WALLET,,MRU,100000,45000,500000,15000000,ACTIVE,true,2022-03-13,2022-05-11T07:49:16.177Z,2022-03-13T15:04:20.605Z,2022-05-11T07:49:16.177Z
8315,7563,NW739440322,WALLET,,MRU,199000,199000,500000,15000000,ACTIVE,true,2022-08-19,2024-08-29T12:05:48.615Z,2022-08-19T07:54:20.748Z,2024-08-29T12:05:48.615Z
8316,7563,NW147816568,WALLET,,MRU,485000,485000,500000,15000000,FROZEN,false,2022-08-19,2022-10-31T13:55:37.308Z,2022-08-19T07:54:20.748Z,2022-10-31T13:55:37.308Z
8317,7564,NW778421283,WALLET,,MRU,28000,28000,500000,15000000,ACTIVE,true,2022-03-28,2022-11-29T01:22:46.450Z,2022-03-28T19:15:48.649Z,2022-11-29T01:22:46.450Z
8318,7565,NW016409754,WALLET,,MRU,200,8300,500000,15000000,ACTIVE,true,2023-04-25,2024-02-26T00:16:27.242Z,2023-04-25T02:24:44.781Z,2024-02-26T00:16:27.242Z
8319,7566,NA863504767,AGENT,,MRU,45000,45000,500000,15000000,DORMANT,true,2022-12-06,2024-12-28T14:41:40.686Z,2022-12-06T14:51:31.085Z,2024-12-28T14:41:40.686Z
8320,7567,NS103055477,SAVINGS,,MRU,1768,31000,500000,15000000,ACTIVE,true,2023-11-10,2024-06-14T19:09:18.250Z,2023-11-10T11:01:39.533Z,2024-06-14T19:09:18.250Z
8321,7568,NW153021454,WALLET,,MRU,107460,75000,500000,15000000,ACTIVE,true,2023-10-07,2024-07-11T13:56:32.437Z,2023-10-07T12:39:37.632Z,2024-07-11T13:56:32.437Z
8322,7568,NW881629020,WALLET,,MRU,300000,300000,500000,15000000,DORMANT,false,2023-10-07,2023-11-30T21:51:21.383Z,2023-10-07T12:39:37.632Z,2023-11-30T21:51:21.383Z
8323,7569,NS003002524,SAVINGS,,MRU,32000,32000,500000,15000000,ACTIVE,true,2024-01-04,2024-01-26T22:39:20.661Z,2024-01-04T20:21:52.858Z,2024-01-26T22:39:20.661Z
8324,7570,NW722308993,WALLET,,MRU,38000,38000,500000,15000000,ACTIVE,true,2023-02-14,2024-04-28T01:40:54.880Z,2023-02-14T17:02:54.002Z,2024-04-28T01:40:54.880Z
8325,7571,NA581034064,AGENT,,MRU,2635,5800,500000,15000000,ACTIVE,true,2023-01-30,2024-03-05T00:24:41.698Z,2023-01-30T10:21:17.533Z,2024-03-05T00:24:41.698Z
8326,7572,NM889580488,MERCHANT,,MRU,109000,109000,500000,15000000,ACTIVE,true,2022-01-12,2023-05-08T14:21:13.684Z,2022-01-12T01:10:05.381Z,2023-05-08T14:21:13.684Z
8327,7572,NS417743325,SAVINGS,,MRU,41000,41000,500000,15000000,ACTIVE,false,2022-01-12,2023-04-16T07:16:04.770Z,2022-01-12T01:10:05.381Z,2023-04-16T07:16:04.770Z
8328,7572,NS162775993,SAVINGS,,MRU,188774,500000,500000,15000000,ACTIVE,false,2022-01-12,2022-02-12T09:59:12.470Z,2022-01-12T01:10:05.381Z,2022-02-12T09:59:12.470Z
8329,7573,NA563909292,AGENT,,MRU,578,18000,500000,15000000,ACTIVE,true,2024-11-26,2024-12-02T07:54:00.565Z,2024-11-26T23:48:00.424Z,2024-12-02T07:54:00.565Z
8330,7574,NW299861073,WALLET,,MRU,11000,11000,500000,15000000,CLOSED,true,2023-07-12,2024-07-19T15:57:47.023Z,2023-07-12T03:15:56.056Z,2024-07-19T15:57:47.023Z
8331,7575,NS344365000,SAVINGS,,MRU,882000,82000,500000,15000000,ACTIVE,true,2022-07-11,2023-02-16T01:16:28.633Z,2022-07-11T07:49:28.527Z,2023-02-16T01:16:28.633Z
8332,7575,NW348051786,WALLET,,MRU,427000,427000,500000,15000000,ACTIVE,false,2022-07-11,2024-01-12T20:14:44.016Z,2022-07-11T07:49:28.527Z,2024-01-12T20:14:44.016Z
8333,7576,NM696232557,MERCHANT,,MRU,42000,42000,500000,15000000,ACTIVE,true,2024-06-27,2024-10-24T04:49:30.811Z,2024-06-27T13:06:39.835Z,2024-10-24T04:49:30.811Z
8334,7577,NW342481285,WALLET,,MRU,134600,35000,500000,15000000,ACTIVE,true,2023-02-12,2024-04-28T11:28:10.000Z,2023-02-12T15:03:17.245Z,2024-04-28T11:28:10.000Z
8335,7578,NA338369846,AGENT,,MRU,356,30000,500000,15000000,ACTIVE,true,2023-09-19,2024-04-08T13:16:00.319Z,2023-09-19T12:53:17.283Z,2024-04-08T13:16:00.319Z
8336,7579,NM211760044,MERCHANT,,MRU,37000,37000,500000,15000000,DORMANT,true,2022-11-30,2024-12-07T01:23:11.586Z,2022-11-30T10:36:03.798Z,2024-12-07T01:23:11.586Z
8337,7580,NW680486113,WALLET,,MRU,2527000,8000,500000,15000000,ACTIVE,true,2024-03-23,2024-11-22T11:34:47.429Z,2024-03-23T22:32:00.065Z,2024-11-22T11:34:47.429Z
8338,7581,NS586126923,SAVINGS,,MRU,430,9100,500000,15000000,ACTIVE,true,2024-03-06,2024-06-05T23:07:33.929Z,2024-03-06T21:49:32.293Z,2024-06-05T23:07:33.929Z
8339,7582,NW554963112,WALLET,,MRU,13000,13000,500000,15000000,ACTIVE,true,2023-01-09,2024-09-25T16:44:53.267Z,2023-01-09T09:19:34.505Z,2024-09-25T16:44:53.267Z
8340,7583,NW483693123,WALLET,,MRU,45000,45000,500000,15000000,CLOSED,true,2022-07-31,2022-11-27T15:50:53.402Z,2022-07-31T17:33:11.877Z,2022-11-27T15:50:53.402Z
8341,7584,NW842537790,WALLET,,MRU,4000,6700,500000,15000000,ACTIVE,true,2022-06-25,2024-05-25T18:19:54.644Z,2022-06-25T00:49:47.429Z,2024-05-25T18:19:54.644Z
8342,7585,NW086445570,WALLET,,MRU,3145100,9100,500000,15000000,ACTIVE,true,2023-08-13,2024-12-20T18:18:12.286Z,2023-08-13T06:40:06.554Z,2024-12-20T18:18:12.286Z
8343,7586,NW581273108,WALLET,,MRU,11000,11000,500000,15000000,CLOSED,true,2022-03-03,2023-11-15T14:46:33.998Z,2022-03-03T08:24:52.187Z,2023-11-15T14:46:33.998Z
8344,7587,NS508818626,SAVINGS,,MRU,28200,17000,500000,15000000,ACTIVE,true,2023-12-23,2024-12-06T17:08:28.800Z,2023-12-23T20:47:34.589Z,2024-12-06T17:08:28.800Z
8345,7588,NA376986861,AGENT,,MRU,23000,23000,500000,15000000,ACTIVE,true,2023-06-03,2024-04-25T05:53:46.339Z,2023-06-03T19:28:33.047Z,2024-04-25T05:53:46.339Z
8346,7589,NM507594943,MERCHANT,,MRU,16000,16000,500000,15000000,FROZEN,true,2024-10-23,2024-11-28T00:15:27.439Z,2024-10-23T11:16:55.109Z,2024-11-28T00:15:27.439Z
8347,7590,NW023286104,WALLET,,MRU,151000,151000,500000,15000000,CLOSED,true,2024-01-01,2024-09-28T06:09:57.196Z,2024-01-01T20:31:42.003Z,2024-09-28T06:09:57.196Z
8348,7590,NW426272630,WALLET,,MRU,213000,213000,500000,15000000,ACTIVE,false,2024-01-01,2024-07-15T02:45:52.993Z,2024-01-01T20:31:42.003Z,2024-07-15T02:45:52.993Z
8349,7590,NS691517114,SAVINGS,,MRU,162075,201000,500000,15000000,ACTIVE,false,2024-01-01,2024-12-06T04:01:50.210Z,2024-01-01T20:31:42.003Z,2024-12-06T04:01:50.210Z
8350,7591,NA848254800,AGENT,,MRU,15000,15000,500000,15000000,ACTIVE,true,2023-09-13,2023-09-14T08:47:37.425Z,2023-09-13T04:09:58.628Z,2023-09-14T08:47:37.425Z
8351,7592,NS471475482,SAVINGS,,MRU,206100,6100,500000,15000000,ACTIVE,true,2022-10-07,2024-06-30T12:32:36.154Z,2022-10-07T15:24:21.979Z,2024-06-30T12:32:36.154Z
8352,7593,NW330281615,WALLET,,MRU,41500,25000,500000,15000000,ACTIVE,true,2023-10-21,2024-11-20T18:03:28.355Z,2023-10-21T09:55:55.951Z,2024-11-20T18:03:28.355Z
8353,7594,NW912481219,WALLET,,MRU,444000,15000,500000,15000000,ACTIVE,true,2024-02-01,2024-04-15T13:37:44.204Z,2024-02-01T20:35:53.440Z,2024-04-15T13:37:44.204Z
8354,7595,NW250077366,WALLET,,MRU,3700,3700,500000,15000000,ACTIVE,true,2023-07-16,2023-09-16T22:53:32.746Z,2023-07-16T03:29:32.968Z,2023-09-16T22:53:32.746Z
8355,7596,NW169573426,WALLET,,MRU,445500,451000,500000,15000000,ACTIVE,true,2022-06-08,2024-08-27T02:11:18.187Z,2022-06-08T17:21:32.053Z,2024-08-27T02:11:18.187Z
8356,7596,NS997543693,SAVINGS,,MRU,364000,316000,500000,15000000,ACTIVE,false,2022-06-08,2024-09-09T00:46:55.322Z,2022-06-08T17:21:32.053Z,2024-09-09T00:46:55.322Z
8357,7596,NS798037529,SAVINGS,,MRU,195000,195000,500000,15000000,ACTIVE,false,2022-06-08,2022-11-18T05:24:33.969Z,2022-06-08T17:21:32.053Z,2022-11-18T05:24:33.969Z
8358,7597,NC242176562,CORPORATE,,MRU,2700,2700,500000,15000000,ACTIVE,true,2023-04-09,2023-07-07T15:29:04.430Z,2023-04-09T10:36:17.347Z,2023-07-07T15:29:04.430Z
8359,7598,NS304257393,SAVINGS,,MRU,450,49000,500000,15000000,ACTIVE,true,2024-02-16,2024-05-13T20:37:20.966Z,2024-02-16T15:20:01.200Z,2024-05-13T20:37:20.966Z
8360,7599,NW665511161,WALLET,,MRU,33000,33000,500000,15000000,DORMANT,true,2024-05-28,2024-07-07T05:13:33.820Z,2024-05-28T14:22:46.095Z,2024-07-07T05:13:33.820Z
8361,7600,NW232012629,WALLET,,MRU,30000,30000,500000,15000000,ACTIVE,true,2023-12-30,2024-07-11T22:36:44.361Z,2023-12-30T14:37:44.209Z,2024-07-11T22:36:44.361Z
8362,7601,NS899445802,SAVINGS,,MRU,32000,32000,500000,15000000,ACTIVE,true,2022-09-01,2023-07-05T14:42:22.079Z,2022-09-01T17:25:34.717Z,2023-07-05T14:42:22.079Z
8363,7602,NM130540013,MERCHANT,,MRU,2434,38000,500000,15000000,ACTIVE,true,2023-04-07,2024-09-06T17:25:13.029Z,2023-04-07T22:47:17.049Z,2024-09-06T17:25:13.029Z
8364,7603,NW092519313,WALLET,,MRU,9100,9100,500000,15000000,ACTIVE,true,2022-02-23,2023-04-02T09:10:56.939Z,2022-02-23T03:11:10.459Z,2023-04-02T09:10:56.939Z
8365,7604,NW540051937,WALLET,,MRU,1700,15000,500000,15000000,ACTIVE,true,2023-09-29,2023-12-20T11:55:18.894Z,2023-09-29T11:46:41.522Z,2023-12-20T11:55:18.894Z
8366,7605,NM408882141,MERCHANT,,MRU,200,52000,500000,15000000,ACTIVE,true,2022-11-07,2023-09-29T19:48:23.767Z,2022-11-07T19:04:57.389Z,2023-09-29T19:48:23.767Z
8367,7605,NW449233025,WALLET,,MRU,281000,281000,500000,15000000,CLOSED,false,2022-11-07,2022-12-17T18:22:05.800Z,2022-11-07T19:04:57.389Z,2022-12-17T18:22:05.800Z
8368,7605,NW635700643,WALLET,,MRU,61800,346000,500000,15000000,ACTIVE,false,2022-11-07,2024-05-14T21:30:40.106Z,2022-11-07T19:04:57.389Z,2024-05-14T21:30:40.106Z
8369,7606,NW618345022,WALLET,,MRU,7600,7600,500000,15000000,ACTIVE,true,2022-10-18,2023-08-30T12:47:24.344Z,2022-10-18T18:30:51.356Z,2023-08-30T12:47:24.344Z
8370,7607,NS772770524,SAVINGS,,MRU,471,2400,500000,15000000,ACTIVE,true,2024-03-13,2024-04-21T10:58:28.570Z,2024-03-13T17:58:33.648Z,2024-04-21T10:58:28.570Z
8371,7608,NA763477802,AGENT,,MRU,850,22000,500000,15000000,ACTIVE,true,2022-01-26,2022-10-03T05:35:01.643Z,2022-01-26T02:22:54.435Z,2022-10-03T05:35:01.643Z
8372,7609,NM020193338,MERCHANT,,MRU,105325,32000,500000,15000000,ACTIVE,true,2022-03-07,2023-04-19T21:35:07.292Z,2022-03-07T14:12:27.557Z,2023-04-19T21:35:07.292Z
8373,7610,NS592183351,SAVINGS,,MRU,3673000,47000,500000,15000000,ACTIVE,true,2023-07-05,2023-07-21T06:19:15.102Z,2023-07-05T03:59:50.120Z,2023-07-21T06:19:15.102Z
8374,7611,NW854606628,WALLET,,MRU,6000,6000,500000,15000000,FROZEN,true,2024-12-03,2024-12-04T05:40:52.647Z,2024-12-03T07:58:36.680Z,2024-12-04T05:40:52.647Z
8375,7612,NA873913526,AGENT,,MRU,20000,20000,500000,15000000,ACTIVE,true,2023-01-20,2024-09-07T15:13:19.907Z,2023-01-20T15:26:22.450Z,2024-09-07T15:13:19.907Z
8376,7613,NM508353948,MERCHANT,,MRU,28000,28000,500000,15000000,ACTIVE,true,2024-10-29,2024-12-21T09:53:20.460Z,2024-10-29T16:08:05.245Z,2024-12-21T09:53:20.460Z
8377,7614,NW265651703,WALLET,,MRU,16000,16000,500000,15000000,CLOSED,true,2023-03-20,2024-01-13T21:58:39.892Z,2023-03-20T23:17:31.997Z,2024-01-13T21:58:39.892Z
8378,7615,NW683958083,WALLET,,MRU,36000,36000,500000,15000000,DORMANT,true,2023-11-04,2024-12-19T21:25:26.539Z,2023-11-04T23:24:18.883Z,2024-12-19T21:25:26.539Z
8379,7616,NC591502189,CORPORATE,,MRU,744700,4700,500000,15000000,ACTIVE,true,2024-02-21,2024-04-10T17:12:17.154Z,2024-02-21T04:18:09.178Z,2024-04-10T17:12:17.154Z
8380,7617,NW471027076,WALLET,,MRU,583000,47000,500000,15000000,ACTIVE,true,2024-10-15,2024-12-30T17:54:54.865Z,2024-10-15T07:25:50.129Z,2024-12-30T17:54:54.865Z
8381,7618,NS372991085,SAVINGS,,MRU,150,1300,500000,15000000,ACTIVE,true,2023-08-06,2023-10-15T04:01:23.711Z,2023-08-06T08:56:21.010Z,2023-10-15T04:01:23.711Z
8382,7619,NW703978062,WALLET,,MRU,52000,36000,500000,15000000,ACTIVE,true,2024-06-26,2024-12-28T08:05:21.315Z,2024-06-26T04:04:54.274Z,2024-12-28T08:05:21.315Z
8383,7620,NW978441745,WALLET,,MRU,24000,24000,500000,15000000,CLOSED,true,2022-09-18,2024-02-10T17:58:10.714Z,2022-09-18T10:07:35.531Z,2024-02-10T17:58:10.714Z
8384,7621,NA260591507,AGENT,,MRU,4800,27000,500000,15000000,ACTIVE,true,2022-11-14,2024-09-29T15:36:21.076Z,2022-11-14T18:03:17.540Z,2024-09-29T15:36:21.076Z
8385,7622,NW172370936,WALLET,,MRU,1250,36000,500000,15000000,ACTIVE,true,2024-03-09,2024-12-14T21:53:50.018Z,2024-03-09T08:21:50.211Z,2024-12-14T21:53:50.018Z
8386,7623,NM698170662,MERCHANT,,MRU,3700,49000,500000,15000000,ACTIVE,true,2024-08-02,2024-09-03T20:56:24.228Z,2024-08-02T01:23:29.937Z,2024-09-03T20:56:24.228Z
8387,7624,NW615258455,WALLET,,MRU,29000,29000,500000,15000000,ACTIVE,true,2024-11-02,2024-12-25T07:50:12.395Z,2024-11-02T00:19:32.114Z,2024-12-25T07:50:12.395Z
8388,7625,NW019744157,WALLET,,MRU,4200,1200,500000,15000000,ACTIVE,true,2023-10-06,2023-10-10T22:28:02.425Z,2023-10-06T13:37:15.280Z,2023-10-10T22:28:02.425Z
8389,7626,NW259443879,WALLET,,MRU,1797,500,500000,15000000,ACTIVE,true,2022-03-05,2022-05-19T19:10:53.504Z,2022-03-05T05:29:39.162Z,2022-05-19T19:10:53.504Z
8390,7627,NS146804571,SAVINGS,,MRU,1740,38000,500000,15000000,ACTIVE,true,2023-01-04,2024-08-07T22:13:55.049Z,2023-01-04T17:53:50.359Z,2024-08-07T22:13:55.049Z
8391,7628,NS037049889,SAVINGS,,MRU,13000,13000,500000,15000000,DORMANT,true,2023-12-08,2024-04-06T16:16:43.572Z,2023-12-08T06:11:54.620Z,2024-04-06T16:16:43.572Z
8392,7629,NW210910827,WALLET,,MRU,1698,8600,500000,15000000,ACTIVE,true,2024-06-14,2024-11-24T19:34:52.903Z,2024-06-14T13:27:17.949Z,2024-11-24T19:34:52.903Z
8393,7630,NW301124215,WALLET,,MRU,2900,14000,500000,15000000,ACTIVE,true,2024-02-22,2024-09-27T09:22:28.307Z,2024-02-22T05:51:44.804Z,2024-09-27T09:22:28.307Z
8394,7631,NW383678555,WALLET,,MRU,179248,28000,500000,15000000,ACTIVE,true,2022-04-22,2022-07-12T05:42:36.851Z,2022-04-22T06:54:08.099Z,2022-07-12T05:42:36.851Z
8395,7632,NW119285047,WALLET,,MRU,39000,39000,500000,15000000,FROZEN,true,2022-10-26,2023-03-28T20:58:43.789Z,2022-10-26T06:44:18.092Z,2023-03-28T20:58:43.789Z
8396,7633,NW126214027,WALLET,,MRU,27100,25000,500000,15000000,ACTIVE,true,2022-03-12,2023-03-13T13:17:17.330Z,2022-03-12T12:20:01.574Z,2023-03-13T13:17:17.330Z
8397,7634,NW492677092,WALLET,,MRU,16000,16000,500000,15000000,ACTIVE,true,2024-06-05,2024-11-23T15:18:10.509Z,2024-06-05T08:36:02.035Z,2024-11-23T15:18:10.509Z
8398,7635,NW842042804,WALLET,,MRU,1436,23000,500000,15000000,ACTIVE,true,2024-03-18,2024-05-25T04:19:52.851Z,2024-03-18T12:49:41.996Z,2024-05-25T04:19:52.851Z
8399,7636,NW580707367,WALLET,,MRU,13000,13000,500000,15000000,FROZEN,true,2022-03-06,2024-12-24T15:34:24.174Z,2022-03-06T17:12:21.642Z,2024-12-24T15:34:24.174Z
8400,7637,NM407428264,MERCHANT,,MRU,2200,2200,500000,15000000,ACTIVE,true,2024-12-16,2024-12-18T12:07:28.955Z,2024-12-16T12:34:35.491Z,2024-12-18T12:07:28.955Z
8401,7638,NA598411798,AGENT,,MRU,34489,10000,500000,15000000,ACTIVE,true,2022-06-11,2023-08-24T03:06:46.151Z,2022-06-11T16:25:51.040Z,2023-08-24T03:06:46.151Z
8402,7639,NW412394762,WALLET,,MRU,1656000,1656000,500000,15000000,ACTIVE,true,2022-08-02,2024-01-22T13:14:18.014Z,2022-08-02T18:42:14.811Z,2024-01-22T13:14:18.014Z
8403,7639,NS548092127,SAVINGS,,MRU,1863000,1863000,500000,15000000,ACTIVE,false,2022-08-02,2024-07-31T07:59:10.286Z,2022-08-02T18:42:14.811Z,2024-07-31T07:59:10.286Z
8404,7640,NC429739266,CORPORATE,,MRU,1575,4900,500000,15000000,ACTIVE,true,2022-05-26,2023-01-25T20:52:20.296Z,2022-05-26T13:54:57.700Z,2023-01-25T20:52:20.296Z
8405,7641,NM103291988,MERCHANT,,MRU,19000,19000,500000,15000000,ACTIVE,true,2023-02-09,2024-05-19T01:39:47.025Z,2023-02-09T14:13:03.019Z,2024-05-19T01:39:47.025Z
8406,7642,NW075636774,WALLET,,MRU,1700,1700,500000,15000000,ACTIVE,true,2022-06-08,2023-02-22T02:21:27.775Z,2022-06-08T15:07:30.730Z,2023-02-22T02:21:27.775Z
8407,7643,NW217897176,WALLET,,MRU,495000,495000,500000,15000000,ACTIVE,true,2024-12-01,2024-12-26T07:01:00.490Z,2024-12-01T22:53:05.556Z,2024-12-26T07:01:00.490Z
8408,7643,NS307872295,SAVINGS,,MRU,1788000,1388000,500000,15000000,ACTIVE,false,2024-12-01,2024-12-07T09:37:22.375Z,2024-12-01T22:53:05.556Z,2024-12-07T09:37:22.375Z
8409,7643,NS017058253,SAVINGS,,MRU,38722,140000,500000,15000000,ACTIVE,false,2024-12-01,2024-12-11T10:34:58.594Z,2024-12-01T22:53:05.556Z,2024-12-11T10:34:58.594Z
8410,7644,NA786455393,AGENT,,MRU,47000,47000,500000,15000000,ACTIVE,true,2023-10-09,2024-09-29T00:08:10.822Z,2023-10-09T05:56:04.472Z,2024-09-29T00:08:10.822Z
8411,7645,NA488837480,AGENT,,MRU,10650,650,500000,15000000,ACTIVE,true,2023-07-01,2023-09-04T22:15:04.338Z,2023-07-01T18:16:28.235Z,2023-09-04T22:15:04.338Z
8412,7646,NS349983811,SAVINGS,,MRU,60000,11000,500000,15000000,ACTIVE,true,2023-01-30,2023-04-04T17:55:34.365Z,2023-01-30T09:52:43.254Z,2023-04-04T17:55:34.365Z
8413,7647,NW439098358,WALLET,,MRU,0,49000,500000,15000000,ACTIVE,true,2023-04-21,2024-02-21T06:01:11.491Z,2023-04-21T08:39:56.727Z,2024-02-21T06:01:11.491Z
8414,7648,NW924570084,WALLET,,MRU,1960,47000,500000,15000000,ACTIVE,true,2022-08-10,2023-11-09T13:37:19.605Z,2022-08-10T06:22:05.578Z,2023-11-09T13:37:19.605Z
8415,7649,NW152303695,WALLET,,MRU,4100,21000,500000,15000000,ACTIVE,true,2024-09-02,2024-09-09T18:59:26.190Z,2024-09-02T14:27:23.151Z,2024-09-09T18:59:26.190Z
8416,7650,NW746636897,WALLET,,MRU,2741650,40000,500000,15000000,ACTIVE,true,2024-09-22,2024-12-07T22:02:21.958Z,2024-09-22T09:37:48.205Z,2024-12-07T22:02:21.958Z
8417,7651,NW880289942,WALLET,,MRU,400,44000,500000,15000000,ACTIVE,true,2022-04-28,2022-06-09T06:30:19.298Z,2022-04-28T12:56:21.377Z,2022-06-09T06:30:19.298Z
8418,7652,NS177296161,SAVINGS,,MRU,3208200,8200,500000,15000000,ACTIVE,true,2023-08-06,2024-11-24T01:11:58.377Z,2023-08-06T18:28:09.150Z,2024-11-24T01:11:58.377Z
8419,7653,NW145175218,WALLET,,MRU,40000,40000,500000,15000000,FROZEN,true,2022-05-11,2023-07-01T23:55:49.088Z,2022-05-11T21:12:52.280Z,2023-07-01T23:55:49.088Z
8420,7654,NW277681410,WALLET,,MRU,336000,36000,500000,15000000,ACTIVE,true,2024-09-06,2024-09-28T08:14:38.892Z,2024-09-06T05:39:33.344Z,2024-09-28T08:14:38.892Z
8421,7655,NW241016268,WALLET,,MRU,31000,31000,500000,15000000,ACTIVE,true,2022-06-23,2023-03-26T22:59:52.516Z,2022-06-23T21:36:20.285Z,2023-03-26T22:59:52.516Z
8422,7656,NA801785707,AGENT,,MRU,2900,16000,500000,15000000,ACTIVE,true,2022-07-23,2023-05-07T05:51:01.209Z,2022-07-23T22:10:36.767Z,2023-05-07T05:51:01.209Z
8423,7657,NS679846048,SAVINGS,,MRU,335055,5700,500000,15000000,ACTIVE,true,2024-08-10,2024-12-09T22:57:11.287Z,2024-08-10T20:41:50.043Z,2024-12-09T22:57:11.287Z
8424,7658,NW159805566,WALLET,,MRU,116200,3200,500000,15000000,ACTIVE,true,2022-12-22,2024-10-20T07:45:15.562Z,2022-12-22T22:42:08.562Z,2024-10-20T07:45:15.562Z
8425,7659,NW760633856,WALLET,,MRU,64200,22000,500000,15000000,ACTIVE,true,2023-09-21,2024-10-03T04:31:33.714Z,2023-09-21T09:00:50.061Z,2024-10-03T04:31:33.714Z
8426,7660,NW819108274,WALLET,,MRU,4400,13000,500000,15000000,ACTIVE,true,2022-05-19,2023-07-19T14:20:20.285Z,2022-05-19T14:35:54.133Z,2023-07-19T14:20:20.285Z
8427,7661,NS833642244,SAVINGS,,MRU,160550,178000,500000,15000000,ACTIVE,true,2023-06-21,2023-07-07T21:20:21.621Z,2023-06-21T04:35:45.478Z,2023-07-07T21:20:21.621Z
8428,7661,NW119657993,WALLET,,MRU,83750,100000,500000,15000000,ACTIVE,false,2023-06-21,2024-05-27T09:28:12.184Z,2023-06-21T04:35:45.478Z,2024-05-27T09:28:12.184Z
8429,7662,NC723497391,CORPORATE,,MRU,15000,15000,500000,15000000,ACTIVE,true,2023-04-04,2023-12-16T06:25:23.392Z,2023-04-04T19:56:05.333Z,2023-12-16T06:25:23.392Z
8430,7663,NA690879822,AGENT,,MRU,825,8100,500000,15000000,ACTIVE,true,2022-07-14,2023-11-25T17:14:41.179Z,2022-07-14T11:45:28.386Z,2023-11-25T17:14:41.179Z
8431,7664,NW121916174,WALLET,,MRU,550,550,500000,15000000,ACTIVE,true,2023-08-31,2024-08-18T16:00:06.590Z,2023-08-31T08:44:13.790Z,2024-08-18T16:00:06.590Z
8432,7665,NW647459745,WALLET,,MRU,7700,7700,500000,15000000,ACTIVE,true,2023-07-11,2024-07-26T19:00:03.402Z,2023-07-11T01:55:46.818Z,2024-07-26T19:00:03.402Z
8433,7666,NW253846794,WALLET,,MRU,9000,11000,500000,15000000,ACTIVE,true,2023-09-16,2023-10-09T10:27:53.900Z,2023-09-16T22:50:56.030Z,2023-10-09T10:27:53.900Z
8434,7667,NW181806922,WALLET,,MRU,23000,23000,500000,15000000,ACTIVE,true,2023-02-03,2024-05-01T12:39:15.005Z,2023-02-03T16:26:13.312Z,2024-05-01T12:39:15.005Z
8435,7668,NA465954900,AGENT,,MRU,49000,49000,500000,15000000,ACTIVE,true,2022-10-27,2024-05-02T18:32:47.493Z,2022-10-27T19:04:44.660Z,2024-05-02T18:32:47.493Z
8436,7669,NA632569790,AGENT,,MRU,20000,20000,500000,15000000,ACTIVE,true,2024-05-22,2024-12-02T22:13:00.020Z,2024-05-22T12:50:05.688Z,2024-12-02T22:13:00.020Z
8437,7670,NA135507106,AGENT,,MRU,34038,45000,500000,15000000,ACTIVE,true,2022-05-21,2024-12-09T13:34:47.452Z,2022-05-21T09:05:39.452Z,2024-12-09T13:34:47.452Z
8438,7671,NW348745584,WALLET,,MRU,1000,11000,500000,15000000,ACTIVE,true,2023-05-16,2024-05-11T09:38:25.865Z,2023-05-16T16:00:35.756Z,2024-05-11T09:38:25.865Z
8439,7672,NW509150505,WALLET,,MRU,2775,48000,500000,15000000,ACTIVE,true,2024-08-08,2024-12-06T10:32:33.422Z,2024-08-08T05:59:54.739Z,2024-12-06T10:32:33.422Z
8440,7673,NM336422920,MERCHANT,,MRU,200,23000,500000,15000000,ACTIVE,true,2023-11-20,2023-12-09T09:39:27.024Z,2023-11-20T19:43:46.945Z,2023-12-09T09:39:27.024Z
8441,7674,NW603854894,WALLET,,MRU,6100,6100,500000,15000000,ACTIVE,true,2022-08-23,2023-12-13T14:01:13.869Z,2022-08-23T16:54:16.487Z,2023-12-13T14:01:13.869Z
8442,7675,NS974933863,SAVINGS,,MRU,5500,11000,500000,15000000,ACTIVE,true,2023-12-30,2024-08-15T04:29:31.877Z,2023-12-30T07:25:21.639Z,2024-08-15T04:29:31.877Z
8443,7676,NS273142457,SAVINGS,,MRU,50000,50000,500000,15000000,ACTIVE,true,2023-05-14,2024-04-29T00:25:14.450Z,2023-05-14T04:25:02.740Z,2024-04-29T00:25:14.450Z
8444,7677,NC962153435,CORPORATE,,MRU,35000,35000,500000,15000000,ACTIVE,true,2024-07-27,2024-12-22T23:21:57.304Z,2024-07-27T01:40:50.068Z,2024-12-22T23:21:57.304Z
8445,7678,NS122765541,SAVINGS,,MRU,105000,105000,500000,15000000,ACTIVE,true,2023-02-12,2024-02-18T01:40:39.379Z,2023-02-12T12:24:38.484Z,2024-02-18T01:40:39.379Z
8446,7678,NS257453799,SAVINGS,,MRU,495000,495000,500000,15000000,ACTIVE,false,2023-02-12,2023-06-30T01:58:11.058Z,2023-02-12T12:24:38.484Z,2023-06-30T01:58:11.058Z
8447,7678,NS768598467,SAVINGS,,MRU,119000,119000,500000,15000000,ACTIVE,false,2023-02-12,2024-10-15T23:24:06.143Z,2023-02-12T12:24:38.484Z,2024-10-15T23:24:06.143Z
8448,7679,NW726774692,WALLET,,MRU,54000,17000,500000,15000000,ACTIVE,true,2023-06-25,2024-01-23T00:05:54.383Z,2023-06-25T22:27:24.290Z,2024-01-23T00:05:54.383Z
8449,7680,NW364618241,WALLET,,MRU,422,49000,500000,15000000,ACTIVE,true,2024-10-01,2024-10-30T10:16:56.568Z,2024-10-01T09:29:38.023Z,2024-10-30T10:16:56.568Z
8450,7681,NW184297680,WALLET,,MRU,438000,438000,500000,15000000,ACTIVE,true,2024-06-06,2024-10-10T22:42:58.883Z,2024-06-06T09:36:38.345Z,2024-10-10T22:42:58.883Z
8451,7681,NW295565158,WALLET,,MRU,261000,261000,500000,15000000,ACTIVE,false,2024-06-06,2024-07-29T13:37:20.056Z,2024-06-06T09:36:38.345Z,2024-07-29T13:37:20.056Z
8452,7681,NS773116946,SAVINGS,,MRU,327000,327000,500000,15000000,ACTIVE,false,2024-06-06,2024-12-04T05:36:10.300Z,2024-06-06T09:36:38.345Z,2024-12-04T05:36:10.300Z
8453,7682,NA944763422,AGENT,,MRU,236000,236000,500000,15000000,ACTIVE,true,2022-10-04,2024-06-15T14:40:43.221Z,2022-10-04T07:54:27.581Z,2024-06-15T14:40:43.221Z
8454,7682,NW882217079,WALLET,,MRU,14500,95000,500000,15000000,ACTIVE,false,2022-10-04,2023-07-28T08:51:24.783Z,2022-10-04T07:54:27.581Z,2023-07-28T08:51:24.783Z
8455,7683,NS227676749,SAVINGS,,MRU,44000,44000,500000,15000000,ACTIVE,true,2024-06-14,2024-09-29T12:46:31.886Z,2024-06-14T05:44:53.694Z,2024-09-29T12:46:31.886Z
8456,7684,NS876085997,SAVINGS,,MRU,350,350,500000,15000000,ACTIVE,true,2023-09-22,2024-06-05T00:04:27.558Z,2023-09-22T08:15:45.935Z,2024-06-05T00:04:27.558Z
8457,7685,NM288157493,MERCHANT,,MRU,2175,15000,500000,15000000,ACTIVE,true,2022-01-19,2024-06-04T15:02:17.946Z,2022-01-19T18:52:31.703Z,2024-06-04T15:02:17.946Z
8458,7686,NM369030833,MERCHANT,,MRU,7600,7600,500000,15000000,ACTIVE,true,2024-08-16,2024-10-14T23:37:48.719Z,2024-08-16T01:48:23.062Z,2024-10-14T23:37:48.719Z
8459,7687,NW312092065,WALLET,,MRU,4600,4600,500000,15000000,ACTIVE,true,2022-12-09,2023-10-06T11:52:09.180Z,2022-12-09T17:36:39.081Z,2023-10-06T11:52:09.180Z
8460,7688,NW643098023,WALLET,,MRU,24000,24000,500000,15000000,ACTIVE,true,2024-09-15,2024-11-05T09:43:19.604Z,2024-09-15T17:02:41.387Z,2024-11-05T09:43:19.604Z
8461,7689,NC459253311,CORPORATE,,MRU,22000,22000,500000,15000000,ACTIVE,true,2023-11-22,2024-05-11T07:01:42.333Z,2023-11-22T22:36:43.878Z,2024-05-11T07:01:42.333Z
8462,7690,NS453112006,SAVINGS,,MRU,5700,9600,500000,15000000,ACTIVE,true,2023-05-01,2023-10-21T01:31:21.628Z,2023-05-01T00:51:42.374Z,2023-10-21T01:31:21.628Z
8463,7691,NS227400660,SAVINGS,,MRU,551600,39000,500000,15000000,ACTIVE,true,2024-05-02,2024-08-27T02:23:24.239Z,2024-05-02T12:23:53.338Z,2024-08-27T02:23:24.239Z
8464,7692,NW695843011,WALLET,,MRU,40000,40000,500000,15000000,FROZEN,true,2023-03-09,2024-01-02T05:12:51.750Z,2023-03-09T15:17:06.409Z,2024-01-02T05:12:51.750Z
8465,7693,NA220827698,AGENT,,MRU,5800,46000,500000,15000000,ACTIVE,true,2022-02-08,2022-03-01T03:33:30.489Z,2022-02-08T23:52:25.043Z,2022-03-01T03:33:30.489Z
8466,7694,NW508829832,WALLET,,MRU,15000,15000,500000,15000000,ACTIVE,true,2023-11-05,2024-04-16T01:27:38.731Z,2023-11-05T09:47:03.754Z,2024-04-16T01:27:38.731Z
8467,7695,NW578598737,WALLET,,MRU,20000,20000,500000,15000000,ACTIVE,true,2024-01-07,2024-09-24T04:31:40.758Z,2024-01-07T21:18:53.097Z,2024-09-24T04:31:40.758Z
8468,7696,NW501964356,WALLET,,MRU,450,3900,500000,15000000,ACTIVE,true,2024-03-05,2024-07-21T02:02:05.942Z,2024-03-05T03:31:12.122Z,2024-07-21T02:02:05.942Z
8469,7697,NM023598432,MERCHANT,,MRU,2600,28000,500000,15000000,ACTIVE,true,2023-08-17,2024-10-25T20:39:42.062Z,2023-08-17T00:22:50.548Z,2024-10-25T20:39:42.062Z
8470,7698,NW770077228,WALLET,,MRU,406649,6300,500000,15000000,ACTIVE,true,2023-04-24,2024-06-03T04:22:38.468Z,2023-04-24T06:57:04.898Z,2024-06-03T04:22:38.468Z
8471,7699,NW748070266,WALLET,,MRU,30000,30000,500000,15000000,DORMANT,true,2023-10-04,2024-02-22T20:00:28.905Z,2023-10-04T23:30:36.555Z,2024-02-22T20:00:28.905Z
8472,7700,NA993890285,AGENT,,MRU,243400,2600,500000,15000000,ACTIVE,true,2022-03-10,2023-04-30T19:51:33.222Z,2022-03-10T10:05:00.008Z,2023-04-30T19:51:33.222Z
8473,7701,NW965699583,WALLET,,MRU,15750,43000,500000,15000000,ACTIVE,true,2024-06-20,2024-12-29T06:02:21.853Z,2024-06-20T00:24:13.445Z,2024-12-29T06:02:21.853Z
8474,7702,NW248729016,WALLET,,MRU,3650,20000,500000,15000000,ACTIVE,true,2024-12-20,2024-12-21T12:30:25.550Z,2024-12-20T05:48:53.664Z,2024-12-21T12:30:25.550Z
8475,7703,NA235355973,AGENT,,MRU,1400,9400,500000,15000000,ACTIVE,true,2022-01-22,2024-03-01T02:41:39.772Z,2022-01-22T23:04:07.649Z,2024-03-01T02:41:39.772Z
8476,7704,NW672816306,WALLET,,MRU,46000,46000,500000,15000000,ACTIVE,true,2024-02-17,2024-04-13T10:27:46.353Z,2024-02-17T19:15:23.373Z,2024-04-13T10:27:46.353Z
8477,7705,NS244244694,SAVINGS,,MRU,22000,22000,500000,15000000,ACTIVE,true,2024-07-08,2024-12-28T06:22:16.181Z,2024-07-08T14:13:56.045Z,2024-12-28T06:22:16.181Z
8478,7705,NS431075573,SAVINGS,,MRU,99500,159000,500000,15000000,ACTIVE,false,2024-07-08,2024-08-24T00:28:01.779Z,2024-07-08T14:13:56.045Z,2024-08-24T00:28:01.779Z
8479,7705,NS777953625,SAVINGS,,MRU,1268400,35000,500000,15000000,ACTIVE,false,2024-07-08,2024-10-21T05:16:41.524Z,2024-07-08T14:13:56.045Z,2024-10-21T05:16:41.524Z
8480,7706,NW773963332,WALLET,,MRU,2100,2100,500000,15000000,ACTIVE,true,2024-06-07,2024-07-27T11:18:53.195Z,2024-06-07T23:44:21.920Z,2024-07-27T11:18:53.195Z
8481,7707,NS707074404,SAVINGS,,MRU,24000,24000,500000,15000000,FROZEN,true,2023-06-07,2024-11-11T18:44:26.886Z,2023-06-07T05:10:47.264Z,2024-11-11T18:44:26.886Z
8482,7708,NA619597703,AGENT,,MRU,3500,14000,500000,15000000,ACTIVE,true,2024-03-20,2024-08-25T15:57:27.526Z,2024-03-20T16:29:30.009Z,2024-08-25T15:57:27.526Z
8483,7709,NA403848290,AGENT,,MRU,27000,27000,500000,15000000,ACTIVE,true,2023-07-26,2024-11-24T18:22:04.194Z,2023-07-26T15:07:36.731Z,2024-11-24T18:22:04.194Z
8484,7710,NW074626445,WALLET,,MRU,723454,30000,500000,15000000,ACTIVE,true,2023-06-03,2024-08-05T09:24:24.190Z,2023-06-03T06:30:18.677Z,2024-08-05T09:24:24.190Z
8485,7711,NW481352210,WALLET,,MRU,5700,5700,500000,15000000,CLOSED,true,2023-09-02,2024-10-13T17:44:44.154Z,2023-09-02T01:48:50.105Z,2024-10-13T17:44:44.154Z
8486,7712,NW205812007,WALLET,,MRU,6000,6000,500000,15000000,ACTIVE,true,2022-06-12,2024-12-01T13:28:36.175Z,2022-06-12T06:28:28.177Z,2024-12-01T13:28:36.175Z
8487,7713,NM422133684,MERCHANT,,MRU,15000,15000,500000,15000000,ACTIVE,true,2023-01-28,2023-09-22T19:25:15.688Z,2023-01-28T10:58:26.755Z,2023-09-22T19:25:15.688Z
8488,7714,NM899978876,MERCHANT,,MRU,3300,3300,500000,15000000,DORMANT,true,2022-02-03,2023-03-06T23:19:55.190Z,2022-02-03T02:54:44.573Z,2023-03-06T23:19:55.190Z
8489,7715,NA183880925,AGENT,,MRU,39000,39000,500000,15000000,ACTIVE,true,2024-12-03,2024-12-08T19:53:35.368Z,2024-12-03T16:10:09.049Z,2024-12-08T19:53:35.368Z
8490,7716,NW960567117,WALLET,,MRU,685000,685000,500000,15000000,ACTIVE,true,2023-01-12,2023-03-14T16:52:51.527Z,2023-01-12T05:08:18.574Z,2023-03-14T16:52:51.527Z
8491,7716,NS488198161,SAVINGS,,MRU,458000,458000,500000,15000000,ACTIVE,false,2023-01-12,2023-02-11T09:17:00.097Z,2023-01-12T05:08:18.574Z,2023-02-11T09:17:00.097Z
8492,7716,NW714651823,WALLET,,MRU,340975,402000,500000,15000000,ACTIVE,false,2023-01-12,2023-05-29T01:09:29.348Z,2023-01-12T05:08:18.574Z,2023-05-29T01:09:29.348Z
8493,7717,NM111572742,MERCHANT,,MRU,4500,34000,500000,15000000,ACTIVE,true,2022-01-17,2023-04-15T12:37:47.480Z,2022-01-17T21:25:05.711Z,2023-04-15T12:37:47.480Z
8494,7718,NW608118653,WALLET,,MRU,5400,5400,500000,15000000,ACTIVE,true,2023-01-07,2024-11-26T22:50:00.232Z,2023-01-07T23:12:32.605Z,2024-11-26T22:50:00.232Z
8495,7719,NC780950665,CORPORATE,,MRU,29000,29000,500000,15000000,DORMANT,true,2022-07-21,2022-11-22T01:26:44.994Z,2022-07-21T10:49:52.258Z,2022-11-22T01:26:44.994Z
8496,7720,NW569418907,WALLET,,MRU,30550,40000,500000,15000000,ACTIVE,true,2022-06-07,2022-08-27T21:13:16.649Z,2022-06-07T18:08:52.221Z,2022-08-27T21:13:16.649Z
8497,7721,NS517300009,SAVINGS,,MRU,1200,1200,500000,15000000,DORMANT,true,2022-12-06,2023-06-26T06:05:47.255Z,2022-12-06T14:51:31.085Z,2023-06-26T06:05:47.255Z
8498,7722,NW588609606,WALLET,,MRU,1793,46000,500000,15000000,ACTIVE,true,2022-10-22,2022-12-07T03:34:20.963Z,2022-10-22T01:48:29.854Z,2022-12-07T03:34:20.963Z
8499,7723,NM642346501,MERCHANT,,MRU,657903,29000,500000,15000000,ACTIVE,true,2023-10-22,2024-12-29T19:26:29.770Z,2023-10-22T02:10:44.450Z,2024-12-29T19:26:29.770Z
8500,7724,NW363526344,WALLET,,MRU,5380,6500,500000,15000000,ACTIVE,true,2022-12-02,2024-06-22T07:39:07.164Z,2022-12-02T03:24:44.290Z,2024-06-22T07:39:07.164Z
8501,7725,NW683817889,WALLET,,MRU,4600,4600,500000,15000000,FROZEN,true,2022-01-23,2024-08-17T22:47:39.006Z,2022-01-23T05:01:49.974Z,2024-08-17T22:47:39.006Z
8502,7726,NS172991156,SAVINGS,,MRU,24000,24000,500000,15000000,ACTIVE,true,2022-01-30,2023-02-13T10:24:16.539Z,2022-01-30T05:08:43.522Z,2023-02-13T10:24:16.539Z
8503,7727,NW719636679,WALLET,,MRU,19947,30000,500000,15000000,ACTIVE,true,2024-04-17,2024-12-15T20:27:13.203Z,2024-04-17T02:54:48.035Z,2024-12-15T20:27:13.203Z
8504,7728,NW779106885,WALLET,,MRU,35000,35000,500000,15000000,ACTIVE,true,2024-05-22,2024-09-11T02:18:17.764Z,2024-05-22T12:21:14.492Z,2024-09-11T02:18:17.764Z
8505,7729,NW990112305,WALLET,,MRU,26000,26000,500000,15000000,ACTIVE,true,2024-03-14,2024-09-27T13:16:28.773Z,2024-03-14T03:15:42.092Z,2024-09-27T13:16:28.773Z
8506,7730,NM728664428,MERCHANT,,MRU,76420,34000,500000,15000000,ACTIVE,true,2024-06-01,2024-06-16T01:13:47.986Z,2024-06-01T17:26:12.818Z,2024-06-16T01:13:47.986Z
8507,7731,NW558981657,WALLET,,MRU,500,35000,500000,15000000,ACTIVE,true,2022-09-19,2024-07-23T16:35:04.584Z,2022-09-19T15:21:20.693Z,2024-07-23T16:35:04.584Z
8508,7732,NW026287198,WALLET,,MRU,350,350,500000,15000000,ACTIVE,true,2024-04-23,2024-10-12T12:26:27.779Z,2024-04-23T23:51:45.319Z,2024-10-12T12:26:27.779Z
8509,7733,NC062648415,CORPORATE,,MRU,1645,20000,500000,15000000,ACTIVE,true,2023-10-14,2023-11-16T17:27:17.493Z,2023-10-14T23:01:36.424Z,2023-11-16T17:27:17.493Z
8510,7734,NS116769194,SAVINGS,,MRU,47000,47000,500000,15000000,ACTIVE,true,2023-04-09,2023-04-20T00:48:29.562Z,2023-04-09T13:59:51.586Z,2023-04-20T00:48:29.562Z
8511,7735,NW220796346,WALLET,,MRU,2660,42000,500000,15000000,ACTIVE,true,2024-03-25,2024-12-01T05:54:56.035Z,2024-03-25T11:58:36.543Z,2024-12-01T05:54:56.035Z
8512,7736,NW491954446,WALLET,,MRU,27000,27000,500000,15000000,ACTIVE,true,2023-08-25,2024-12-25T10:22:09.298Z,2023-08-25T19:14:48.893Z,2024-12-25T10:22:09.298Z
8513,7737,NS069493770,SAVINGS,,MRU,135,19000,500000,15000000,ACTIVE,true,2022-07-19,2024-10-15T13:36:29.966Z,2022-07-19T10:08:18.753Z,2024-10-15T13:36:29.966Z
8514,7738,NW187790304,WALLET,,MRU,25,11000,500000,15000000,ACTIVE,true,2022-10-08,2022-10-24T15:26:24.690Z,2022-10-08T15:01:05.414Z,2022-10-24T15:26:24.690Z
8515,7739,NA620553016,AGENT,,MRU,17000,17000,500000,15000000,ACTIVE,true,2022-07-03,2024-08-03T23:13:44.980Z,2022-07-03T01:57:11.958Z,2024-08-03T23:13:44.980Z
8516,7740,NW306065917,WALLET,,MRU,14000,14000,500000,15000000,ACTIVE,true,2023-03-19,2023-05-05T05:13:11.246Z,2023-03-19T11:10:31.464Z,2023-05-05T05:13:11.246Z
8517,7741,NW978890657,WALLET,,MRU,12000,12000,500000,15000000,ACTIVE,true,2024-02-16,2024-11-08T14:03:43.593Z,2024-02-16T10:25:25.516Z,2024-11-08T14:03:43.593Z
8518,7742,NW631685495,WALLET,,MRU,2600,2600,500000,15000000,ACTIVE,true,2022-09-19,2024-10-09T12:51:38.886Z,2022-09-19T02:00:01.929Z,2024-10-09T12:51:38.886Z
8519,7743,NS666922569,SAVINGS,,MRU,550,550,500000,15000000,ACTIVE,true,2024-05-25,2024-08-19T07:20:16.085Z,2024-05-25T11:29:35.958Z,2024-08-19T07:20:16.085Z
8520,7744,NW348323226,WALLET,,MRU,283400,8200,500000,15000000,ACTIVE,true,2023-11-02,2024-02-13T03:22:01.868Z,2023-11-02T05:07:38.333Z,2024-02-13T03:22:01.868Z
8521,7745,NM746301293,MERCHANT,,MRU,18000,18000,500000,15000000,ACTIVE,true,2024-12-22,2024-12-27T19:58:24.833Z,2024-12-22T23:15:02.946Z,2024-12-27T19:58:24.833Z
8522,7746,NW661319971,WALLET,,MRU,362000,362000,500000,15000000,FROZEN,true,2022-02-02,2022-10-26T23:06:53.261Z,2022-02-02T15:37:51.946Z,2022-10-26T23:06:53.261Z
8523,7746,NW321336388,WALLET,,MRU,405750,464000,500000,15000000,ACTIVE,false,2022-02-02,2023-06-23T07:27:49.628Z,2022-02-02T15:37:51.946Z,2023-06-23T07:27:49.628Z
8524,7746,NS754029393,SAVINGS,,MRU,250560,396000,500000,15000000,ACTIVE,false,2022-02-02,2023-08-26T04:02:26.568Z,2022-02-02T15:37:51.946Z,2023-08-26T04:02:26.568Z
8525,7747,NS514513612,SAVINGS,,MRU,8000,8000,500000,15000000,ACTIVE,true,2024-11-01,2024-11-30T05:18:03.005Z,2024-11-01T00:09:23.987Z,2024-11-30T05:18:03.005Z
8526,7748,NC673185348,CORPORATE,,MRU,2775,23000,500000,15000000,ACTIVE,true,2024-03-10,2024-09-11T15:11:17.288Z,2024-03-10T01:11:44.905Z,2024-09-11T15:11:17.288Z
8527,7749,NM716684367,MERCHANT,,MRU,250500,2800,500000,15000000,ACTIVE,true,2022-11-04,2024-08-01T23:42:43.029Z,2022-11-04T06:14:11.185Z,2024-08-01T23:42:43.029Z
8528,7750,NW098484873,WALLET,,MRU,2000,31000,500000,15000000,ACTIVE,true,2023-07-10,2024-05-09T08:30:02.830Z,2023-07-10T16:59:58.092Z,2024-05-09T08:30:02.830Z
8529,7751,NM031198740,MERCHANT,,MRU,15000,15000,500000,15000000,ACTIVE,true,2022-05-01,2024-06-23T00:19:57.391Z,2022-05-01T10:12:18.509Z,2024-06-23T00:19:57.391Z
8530,7752,NW706431538,WALLET,,MRU,136560,484000,500000,15000000,ACTIVE,true,2023-08-21,2023-11-20T03:18:46.033Z,2023-08-21T02:13:49.543Z,2023-11-20T03:18:46.033Z
8531,7752,NS601457000,SAVINGS,,MRU,150600,155000,500000,15000000,ACTIVE,false,2023-08-21,2024-10-27T00:07:21.038Z,2023-08-21T02:13:49.543Z,2024-10-27T00:07:21.038Z
8532,7752,NS508867144,SAVINGS,,MRU,192000,192000,500000,15000000,ACTIVE,false,2023-08-21,2024-10-18T12:12:17.333Z,2023-08-21T02:13:49.543Z,2024-10-18T12:12:17.333Z
8533,7753,NW275925070,WALLET,,MRU,16700,32000,500000,15000000,ACTIVE,true,2022-05-29,2024-08-21T22:03:57.050Z,2022-05-29T09:17:22.828Z,2024-08-21T22:03:57.050Z
8534,7754,NC186155557,CORPORATE,,MRU,6,1600,500000,15000000,ACTIVE,true,2024-02-05,2024-03-05T14:54:57.821Z,2024-02-05T12:42:08.922Z,2024-03-05T14:54:57.821Z
8535,7755,NW865994304,WALLET,,MRU,150,9600,500000,15000000,ACTIVE,true,2024-08-30,2024-09-11T07:02:37.084Z,2024-08-30T13:49:55.840Z,2024-09-11T07:02:37.084Z
8536,7756,NW024772644,WALLET,,MRU,64000,19000,500000,15000000,ACTIVE,true,2024-02-21,2024-05-22T16:02:55.344Z,2024-02-21T18:30:58.155Z,2024-05-22T16:02:55.344Z
8537,7757,NW838728905,WALLET,,MRU,58000,18000,500000,15000000,ACTIVE,true,2024-03-05,2024-09-26T16:52:42.627Z,2024-03-05T03:48:52.269Z,2024-09-26T16:52:42.627Z
8538,7758,NW479767829,WALLET,,MRU,48800,33000,500000,15000000,ACTIVE,true,2024-11-16,2024-11-24T15:23:38.895Z,2024-11-16T10:22:50.934Z,2024-11-24T15:23:38.895Z
8539,7759,NW026679810,WALLET,,MRU,350,15000,500000,15000000,ACTIVE,true,2024-04-04,2024-11-14T01:10:23.161Z,2024-04-04T10:42:36.874Z,2024-11-14T01:10:23.161Z
8540,7760,NM006097912,MERCHANT,,MRU,626050,35000,500000,15000000,ACTIVE,true,2024-03-21,2024-10-16T10:29:53.071Z,2024-03-21T18:05:46.349Z,2024-10-16T10:29:53.071Z
8541,7761,NS869736314,SAVINGS,,MRU,312400,10000,500000,15000000,ACTIVE,true,2022-05-11,2023-03-11T18:55:39.236Z,2022-05-11T12:35:51.722Z,2023-03-11T18:55:39.236Z
8542,7762,NW251346707,WALLET,,MRU,21550,31000,500000,15000000,ACTIVE,true,2022-07-11,2024-09-09T16:22:11.849Z,2022-07-11T05:45:02.390Z,2024-09-09T16:22:11.849Z
8543,7763,NW591104179,WALLET,,MRU,700,700,500000,15000000,ACTIVE,true,2022-06-23,2022-10-06T21:38:37.389Z,2022-06-23T02:37:14.681Z,2022-10-06T21:38:37.389Z
8544,7764,NS022671937,SAVINGS,,MRU,2350,25000,500000,15000000,ACTIVE,true,2023-11-29,2024-10-21T15:14:31.741Z,2023-11-29T21:18:23.093Z,2024-10-21T15:14:31.741Z
8545,7765,NC662723779,CORPORATE,,MRU,38,11000,500000,15000000,ACTIVE,true,2022-12-18,2024-11-27T05:13:21.112Z,2022-12-18T01:57:05.654Z,2024-11-27T05:13:21.112Z
8546,7766,NW829946875,WALLET,,MRU,250,18000,500000,15000000,ACTIVE,true,2024-11-28,2024-11-30T01:40:16.901Z,2024-11-28T11:06:59.037Z,2024-11-30T01:40:16.901Z
8547,7767,NW171957314,WALLET,,MRU,874,9400,500000,15000000,ACTIVE,true,2022-10-13,2024-11-19T02:27:22.354Z,2022-10-13T03:48:30.536Z,2024-11-19T02:27:22.354Z
8548,7768,NW713040616,WALLET,,MRU,3305000,1000,500000,15000000,ACTIVE,true,2024-02-20,2024-04-14T23:52:43.406Z,2024-02-20T14:58:54.473Z,2024-04-14T23:52:43.406Z
8549,7769,NW122301340,WALLET,,MRU,9700,9700,500000,15000000,ACTIVE,true,2024-10-28,2024-12-05T19:40:59.166Z,2024-10-28T06:27:02.550Z,2024-12-05T19:40:59.166Z
8550,7770,NS497747093,SAVINGS,,MRU,8400,10000,500000,15000000,ACTIVE,true,2022-06-29,2024-09-09T16:53:55.468Z,2022-06-29T22:39:07.466Z,2024-09-09T16:53:55.468Z
8551,7771,NW599226355,WALLET,,MRU,24350,15000,500000,15000000,ACTIVE,true,2022-07-24,2024-03-13T15:14:56.361Z,2022-07-24T06:20:02.609Z,2024-03-13T15:14:56.361Z
8552,7772,NW070063501,WALLET,,MRU,11000,11000,500000,15000000,ACTIVE,true,2024-02-05,2024-07-02T09:46:32.180Z,2024-02-05T13:53:34.620Z,2024-07-02T09:46:32.180Z
8553,7773,NW432961255,WALLET,,MRU,10900,46000,500000,15000000,ACTIVE,true,2022-11-17,2024-01-19T02:43:26.690Z,2022-11-17T04:50:00.703Z,2024-01-19T02:43:26.690Z
8554,7774,NW529767155,WALLET,,MRU,21000,21000,500000,15000000,ACTIVE,true,2024-07-09,2024-09-17T09:57:09.505Z,2024-07-09T04:59:27.421Z,2024-09-17T09:57:09.505Z
8555,7775,NW982954651,WALLET,,MRU,975,4800,500000,15000000,ACTIVE,true,2023-04-02,2023-05-24T11:51:18.852Z,2023-04-02T07:47:27.362Z,2023-05-24T11:51:18.852Z
8556,7776,NW879724711,WALLET,,MRU,18000,18000,500000,15000000,ACTIVE,true,2022-12-25,2022-12-26T11:14:04.114Z,2022-12-25T16:59:45.546Z,2022-12-26T11:14:04.114Z
8557,7777,NW234839439,WALLET,,MRU,5200,5200,500000,15000000,ACTIVE,true,2024-12-12,2024-12-18T12:37:35.886Z,2024-12-12T17:28:26.817Z,2024-12-18T12:37:35.886Z
8558,7778,NW449260499,WALLET,,MRU,43000,43000,500000,15000000,CLOSED,true,2023-08-23,2024-04-27T16:19:57.763Z,2023-08-23T20:12:16.156Z,2024-04-27T16:19:57.763Z
8559,7779,NW807998448,WALLET,,MRU,32000,32000,500000,15000000,DORMANT,true,2024-02-22,2024-06-14T11:44:01.098Z,2024-02-22T03:27:26.003Z,2024-06-14T11:44:01.098Z
8560,7780,NW547761440,WALLET,,MRU,1200,1200,500000,15000000,DORMANT,true,2023-03-12,2024-10-04T11:49:45.078Z,2023-03-12T20:24:51.703Z,2024-10-04T11:49:45.078Z
8561,7781,NC482157230,CORPORATE,,MRU,1190,44000,500000,15000000,ACTIVE,true,2022-12-04,2024-07-27T10:57:09.734Z,2022-12-04T17:08:06.450Z,2024-07-27T10:57:09.734Z
8562,7782,NC046540141,CORPORATE,,MRU,1832,40000,500000,15000000,ACTIVE,true,2024-06-04,2024-10-26T22:59:07.436Z,2024-06-04T11:07:41.578Z,2024-10-26T22:59:07.436Z
8563,7783,NW907750156,WALLET,,MRU,207700,8000,500000,15000000,ACTIVE,true,2023-08-07,2024-12-01T20:18:12.173Z,2023-08-07T20:39:11.949Z,2024-12-01T20:18:12.173Z
8564,7784,NS165607333,SAVINGS,,MRU,28275,39000,500000,15000000,ACTIVE,true,2024-10-18,2024-11-14T20:52:30.288Z,2024-10-18T20:13:35.882Z,2024-11-14T20:52:30.288Z
8565,7785,NW775951028,WALLET,,MRU,976640,1291000,500000,15000000,ACTIVE,true,2024-09-18,2024-11-17T15:42:12.944Z,2024-09-18T21:30:30.074Z,2024-11-17T15:42:12.944Z
8566,7785,NS567553639,SAVINGS,,MRU,1620375,1675000,500000,15000000,ACTIVE,false,2024-09-18,2024-11-30T11:18:36.192Z,2024-09-18T21:30:30.074Z,2024-11-30T11:18:36.192Z
8567,7785,NS253713756,SAVINGS,,MRU,1746000,1728000,500000,15000000,ACTIVE,false,2024-09-18,2024-12-08T00:21:42.086Z,2024-09-18T21:30:30.074Z,2024-12-08T00:21:42.086Z
8568,7786,NS630400657,SAVINGS,,MRU,18000,18000,500000,15000000,ACTIVE,true,2022-10-24,2023-10-11T22:45:02.067Z,2022-10-24T16:19:02.830Z,2023-10-11T22:45:02.067Z
8569,7787,NM793490767,MERCHANT,,MRU,22000,22000,500000,15000000,ACTIVE,true,2024-07-21,2024-10-03T05:23:34.309Z,2024-07-21T11:35:31.045Z,2024-10-03T05:23:34.309Z
8570,7788,NW908591986,WALLET,,MRU,2610,29000,500000,15000000,ACTIVE,true,2023-10-26,2023-11-20T03:50:22.934Z,2023-10-26T00:35:56.687Z,2023-11-20T03:50:22.934Z
8571,7789,NC351596117,CORPORATE,,MRU,13693,26000,500000,15000000,ACTIVE,true,2022-04-12,2024-08-29T16:43:06.881Z,2022-04-12T22:53:43.543Z,2024-08-29T16:43:06.881Z
8572,7790,NW047526836,WALLET,,MRU,14050,19000,500000,15000000,ACTIVE,true,2022-08-19,2024-01-10T20:42:52.775Z,2022-08-19T20:32:02.981Z,2024-01-10T20:42:52.775Z
8573,7791,NS328276038,SAVINGS,,MRU,17000,17000,500000,15000000,ACTIVE,true,2023-08-04,2024-01-22T16:56:16.902Z,2023-08-04T09:37:49.630Z,2024-01-22T16:56:16.902Z
8574,7792,NW932508230,WALLET,,MRU,215000,35000,500000,15000000,ACTIVE,true,2023-11-25,2024-02-10T05:31:12.671Z,2023-11-25T20:54:56.897Z,2024-02-10T05:31:12.671Z
8575,7793,NS978022098,SAVINGS,,MRU,46000,46000,500000,15000000,ACTIVE,true,2024-12-14,2024-12-24T21:59:51.098Z,2024-12-14T00:18:20.755Z,2024-12-24T21:59:51.098Z
8576,7794,NW820131808,WALLET,,MRU,35200,5300,500000,15000000,ACTIVE,true,2022-10-26,2024-01-04T16:55:33.039Z,2022-10-26T11:06:44.860Z,2024-01-04T16:55:33.039Z
8577,7795,NW014449864,WALLET,,MRU,6200,6200,500000,15000000,FROZEN,true,2022-01-26,2023-07-26T16:04:48.858Z,2022-01-26T08:37:31.793Z,2023-07-26T16:04:48.858Z
8578,7796,NW923084170,WALLET,,MRU,30050,31000,500000,15000000,ACTIVE,true,2023-03-03,2024-08-28T18:18:56.878Z,2023-03-03T06:36:17.189Z,2024-08-28T18:18:56.878Z
8579,7797,NS318134069,SAVINGS,,MRU,390,17000,500000,15000000,ACTIVE,true,2022-08-02,2023-06-30T06:43:07.957Z,2022-08-02T00:50:49.342Z,2023-06-30T06:43:07.957Z
8580,7798,NW916353941,WALLET,,MRU,15000,15000,500000,15000000,ACTIVE,true,2022-03-25,2024-11-28T15:01:48.743Z,2022-03-25T20:34:48.154Z,2024-11-28T15:01:48.743Z
8581,7799,NS733937979,SAVINGS,,MRU,731,21000,500000,15000000,ACTIVE,true,2022-07-03,2022-09-07T19:05:48.835Z,2022-07-03T11:15:13.973Z,2022-09-07T19:05:48.835Z
8582,7800,NA390365719,AGENT,,MRU,20000,20000,500000,15000000,FROZEN,true,2024-01-27,2024-07-12T20:58:36.052Z,2024-01-27T00:09:13.864Z,2024-07-12T20:58:36.052Z
8583,7801,NS219701409,SAVINGS,,MRU,39000,39000,500000,15000000,ACTIVE,true,2022-01-05,2022-10-29T07:19:17.913Z,2022-01-05T16:53:05.667Z,2022-10-29T07:19:17.913Z
8584,7802,NW235466033,WALLET,,MRU,1250,16000,500000,15000000,ACTIVE,true,2023-01-30,2024-02-06T16:51:54.321Z,2023-01-30T09:52:43.254Z,2024-02-06T16:51:54.321Z
8585,7803,NW353222966,WALLET,,MRU,34200,16000,500000,15000000,ACTIVE,true,2024-07-22,2024-10-29T18:38:31.401Z,2024-07-22T01:48:20.023Z,2024-10-29T18:38:31.401Z
8586,7804,NM079255104,MERCHANT,,MRU,13000,13000,500000,15000000,ACTIVE,true,2022-06-23,2023-04-13T02:55:47.802Z,2022-06-23T11:04:23.136Z,2023-04-13T02:55:47.802Z
8587,7805,NA422880053,AGENT,,MRU,3900,18000,500000,15000000,ACTIVE,true,2024-11-11,2024-12-13T16:13:52.061Z,2024-11-11T05:12:12.615Z,2024-12-13T16:13:52.061Z
8588,7806,NW866649985,WALLET,,MRU,1264,24000,500000,15000000,ACTIVE,true,2022-08-25,2022-09-07T04:35:26.728Z,2022-08-25T09:30:46.719Z,2022-09-07T04:35:26.728Z
8589,7807,NW097479254,WALLET,,MRU,2450,7500,500000,15000000,ACTIVE,true,2022-09-21,2022-11-09T03:41:05.430Z,2022-09-21T20:01:40.271Z,2022-11-09T03:41:05.430Z
8590,7808,NC545562744,CORPORATE,,MRU,905750,459000,500000,15000000,ACTIVE,true,2022-05-09,2024-10-25T23:32:28.479Z,2022-05-09T16:02:33.837Z,2024-10-25T23:32:28.479Z
8591,7808,NW977304697,WALLET,,MRU,30200,31000,500000,15000000,ACTIVE,false,2022-05-09,2024-10-13T20:21:22.983Z,2022-05-09T16:02:33.837Z,2024-10-13T20:21:22.983Z
8592,7809,NW937448859,WALLET,,MRU,116430,41000,500000,15000000,ACTIVE,true,2022-03-05,2023-11-27T08:55:56.780Z,2022-03-05T03:59:36.927Z,2023-11-27T08:55:56.780Z
8593,7810,NS568823695,SAVINGS,,MRU,800,800,500000,15000000,ACTIVE,true,2023-06-16,2024-01-03T08:29:43.437Z,2023-06-16T23:17:43.598Z,2024-01-03T08:29:43.437Z
8594,7811,NW072374731,WALLET,,MRU,40,26000,500000,15000000,ACTIVE,true,2023-12-15,2024-10-18T19:21:02.460Z,2023-12-15T00:36:02.766Z,2024-10-18T19:21:02.460Z
8595,7812,NW127992510,WALLET,,MRU,33000,33000,500000,15000000,FROZEN,true,2023-07-25,2024-06-09T08:16:53.402Z,2023-07-25T06:24:27.707Z,2024-06-09T08:16:53.402Z
8596,7813,NW528430223,WALLET,,MRU,310,30000,500000,15000000,ACTIVE,true,2023-09-28,2024-07-31T03:53:31.854Z,2023-09-28T12:35:43.193Z,2024-07-31T03:53:31.854Z
8597,7814,NW891880300,WALLET,,MRU,3350,12000,500000,15000000,ACTIVE,true,2022-04-22,2023-06-15T23:16:13.579Z,2022-04-22T03:13:52.924Z,2023-06-15T23:16:13.579Z
8598,7815,NW137487560,WALLET,,MRU,33800,17000,500000,15000000,ACTIVE,true,2023-12-05,2024-05-17T02:48:45.825Z,2023-12-05T21:39:49.080Z,2024-05-17T02:48:45.825Z
8599,7816,NW984416097,WALLET,,MRU,28000,28000,500000,15000000,FROZEN,true,2022-09-12,2023-10-25T20:32:45.224Z,2022-09-12T12:45:40.179Z,2023-10-25T20:32:45.224Z
8600,7817,NC879069567,CORPORATE,,MRU,1100,1100,500000,15000000,ACTIVE,true,2023-11-28,2024-02-17T10:55:10.377Z,2023-11-28T09:00:48.516Z,2024-02-17T10:55:10.377Z
8601,7818,NS472714662,SAVINGS,,MRU,40900,23000,500000,15000000,ACTIVE,true,2024-04-05,2024-06-05T22:46:32.026Z,2024-04-05T00:54:43.206Z,2024-06-05T22:46:32.026Z
8602,7819,NW348978102,WALLET,,MRU,150,150,500000,15000000,DORMANT,true,2022-10-08,2024-11-30T17:52:50.570Z,2022-10-08T08:48:32.116Z,2024-11-30T17:52:50.570Z
8603,7820,NM560257196,MERCHANT,,MRU,4222040,6100,500000,15000000,ACTIVE,true,2022-12-15,2024-07-04T05:54:55.624Z,2022-12-15T19:43:03.917Z,2024-07-04T05:54:55.624Z
8604,7821,NW280591279,WALLET,,MRU,22000,22000,500000,15000000,ACTIVE,true,2024-07-21,2024-12-09T11:05:31.821Z,2024-07-21T14:45:55.813Z,2024-12-09T11:05:31.821Z
8605,7822,NW033050179,WALLET,,MRU,45000,45000,500000,15000000,FROZEN,true,2022-07-09,2023-09-01T10:42:22.627Z,2022-07-09T07:42:38.661Z,2023-09-01T10:42:22.627Z
8606,7823,NW818599611,WALLET,,MRU,200,23000,500000,15000000,ACTIVE,true,2024-12-12,2024-12-26T16:26:31.993Z,2024-12-12T06:20:01.707Z,2024-12-26T16:26:31.993Z
8607,7824,NA585201025,AGENT,,MRU,37000,37000,500000,15000000,ACTIVE,true,2024-11-03,2024-12-08T16:08:26.749Z,2024-11-03T02:48:20.698Z,2024-12-08T16:08:26.749Z
8608,7825,NA285563230,AGENT,,MRU,4800,4800,500000,15000000,ACTIVE,true,2023-05-03,2024-05-01T20:55:28.408Z,2023-05-03T20:37:59.826Z,2024-05-01T20:55:28.408Z
8609,7826,NW596007824,WALLET,,MRU,2097000,1797000,500000,15000000,ACTIVE,true,2023-03-26,2024-12-16T00:16:16.793Z,2023-03-26T04:31:47.420Z,2024-12-16T00:16:16.793Z
8610,7826,NS870070934,SAVINGS,,MRU,706000,706000,500000,15000000,ACTIVE,false,2023-03-26,2024-04-03T01:15:54.673Z,2023-03-26T04:31:47.420Z,2024-04-03T01:15:54.673Z
8611,7827,NW770771026,WALLET,,MRU,13000,13000,500000,15000000,ACTIVE,true,2023-10-05,2024-09-17T05:34:37.233Z,2023-10-05T05:56:08.046Z,2024-09-17T05:34:37.233Z
8612,7828,NW047227859,WALLET,,MRU,7500,7500,500000,15000000,DORMANT,true,2024-06-24,2024-12-17T04:35:02.557Z,2024-06-24T19:42:14.568Z,2024-12-17T04:35:02.557Z
8613,7829,NW205546259,WALLET,,MRU,20000,20000,500000,15000000,ACTIVE,true,2022-04-07,2023-07-17T10:18:13.081Z,2022-04-07T15:41:02.884Z,2023-07-17T10:18:13.081Z
8614,7830,NW651769876,WALLET,,MRU,240000,240000,500000,15000000,FROZEN,true,2024-10-02,2024-11-18T00:36:43.262Z,2024-10-02T10:33:00.686Z,2024-11-18T00:36:43.262Z
8615,7830,NW806626558,WALLET,,MRU,150,98000,500000,15000000,ACTIVE,false,2024-10-02,2024-10-30T18:40:54.127Z,2024-10-02T10:33:00.686Z,2024-10-30T18:40:54.127Z
8616,7830,NS014865159,SAVINGS,,MRU,333000,333000,500000,15000000,ACTIVE,false,2024-10-02,2024-11-21T14:36:44.914Z,2024-10-02T10:33:00.686Z,2024-11-21T14:36:44.914Z
8617,7831,NW346277475,WALLET,,MRU,21600,7800,500000,15000000,ACTIVE,true,2022-04-17,2023-12-26T05:02:50.354Z,2022-04-17T00:49:49.868Z,2023-12-26T05:02:50.354Z
8618,7832,NS755410224,SAVINGS,,MRU,4350,27000,500000,15000000,ACTIVE,true,2023-02-01,2024-05-30T10:38:06.880Z,2023-02-01T21:51:46.039Z,2024-05-30T10:38:06.880Z
8619,7833,NW144785642,WALLET,,MRU,211100,177000,500000,15000000,ACTIVE,true,2024-11-13,2024-11-22T22:11:07.212Z,2024-11-13T02:04:35.232Z,2024-11-22T22:11:07.212Z
8620,7833,NW946625531,WALLET,,MRU,1181300,489000,500000,15000000,ACTIVE,false,2024-11-13,2024-12-11T04:18:20.055Z,2024-11-13T02:04:35.232Z,2024-12-11T04:18:20.055Z
8621,7834,NW792211469,WALLET,,MRU,16000,16000,500000,15000000,ACTIVE,true,2022-12-24,2023-04-12T00:38:56.591Z,2022-12-24T14:11:32.493Z,2023-04-12T00:38:56.591Z
8622,7835,NW632078796,WALLET,,MRU,153639,171000,500000,15000000,ACTIVE,true,2024-03-13,2024-08-08T16:09:54.133Z,2024-03-13T01:01:50.122Z,2024-08-08T16:09:54.133Z
8623,7835,NW318887472,WALLET,,MRU,206000,206000,500000,15000000,DORMANT,false,2024-03-13,2024-09-18T19:58:56.489Z,2024-03-13T01:01:50.122Z,2024-09-18T19:58:56.489Z
8624,7835,NW224030286,WALLET,,MRU,103120,431000,500000,15000000,ACTIVE,false,2024-03-13,2024-05-15T19:26:07.672Z,2024-03-13T01:01:50.122Z,2024-05-15T19:26:07.672Z
8625,7836,NW585250854,WALLET,,MRU,37000,37000,500000,15000000,ACTIVE,true,2024-10-23,2024-10-31T07:51:26.659Z,2024-10-23T16:20:46.242Z,2024-10-31T07:51:26.659Z
8626,7837,NW041319608,WALLET,,MRU,700500,18000,500000,15000000,ACTIVE,true,2022-05-17,2024-09-15T20:46:40.527Z,2022-05-17T00:20:20.589Z,2024-09-15T20:46:40.527Z
8627,7838,NW367468357,WALLET,,MRU,5850,42000,500000,15000000,ACTIVE,true,2022-05-10,2022-06-16T08:20:51.119Z,2022-05-10T03:49:45.066Z,2022-06-16T08:20:51.119Z
8628,7839,NS742523432,SAVINGS,,MRU,5700,5700,500000,15000000,ACTIVE,true,2023-02-01,2024-09-23T07:29:23.264Z,2023-02-01T17:53:47.898Z,2024-09-23T07:29:23.264Z
8629,7840,NW360348846,WALLET,,MRU,10000,10000,500000,15000000,FROZEN,true,2023-01-05,2023-01-12T06:50:31.327Z,2023-01-05T06:05:47.484Z,2023-01-12T06:50:31.327Z
8630,7841,NW494731784,WALLET,,MRU,3600,43000,500000,15000000,ACTIVE,true,2024-11-08,2024-11-14T11:51:39.593Z,2024-11-08T14:43:15.503Z,2024-11-14T11:51:39.593Z
8631,7842,NW383016407,WALLET,,MRU,36000,24000,500000,15000000,ACTIVE,true,2024-06-01,2024-06-26T08:04:05.326Z,2024-06-01T15:45:16.450Z,2024-06-26T08:04:05.326Z
8632,7843,NA247721672,AGENT,,MRU,1797000,1863000,500000,15000000,ACTIVE,true,2022-02-05,2023-06-13T05:31:25.129Z,2022-02-05T22:54:48.151Z,2023-06-13T05:31:25.129Z
8633,7843,NS733014107,SAVINGS,,MRU,268450,644000,500000,15000000,ACTIVE,false,2022-02-05,2022-05-03T20:33:47.639Z,2022-02-05T22:54:48.151Z,2022-05-03T20:33:47.639Z
8634,7844,NW800415873,WALLET,,MRU,4750,43000,500000,15000000,ACTIVE,true,2022-10-12,2023-10-26T08:43:04.105Z,2022-10-12T11:55:52.860Z,2023-10-26T08:43:04.105Z
8635,7845,NW824069381,WALLET,,MRU,11512,3600,500000,15000000,ACTIVE,true,2022-04-14,2024-02-13T15:46:06.606Z,2022-04-14T06:31:50.327Z,2024-02-13T15:46:06.606Z
8636,7846,NM834895849,MERCHANT,,MRU,29000,47000,500000,15000000,ACTIVE,true,2024-01-04,2024-02-17T17:45:09.049Z,2024-01-04T20:22:57.708Z,2024-02-17T17:45:09.049Z
8637,7847,NW779264629,WALLET,,MRU,17000,17000,500000,15000000,ACTIVE,true,2023-07-11,2023-12-26T07:28:44.941Z,2023-07-11T22:58:02.431Z,2023-12-26T07:28:44.941Z
8638,7848,NW656509903,WALLET,,MRU,10750,16000,500000,15000000,ACTIVE,true,2022-08-31,2024-06-16T12:43:47.458Z,2022-08-31T04:12:33.085Z,2024-06-16T12:43:47.458Z
8639,7849,NW343454003,WALLET,,MRU,7950,11000,500000,15000000,ACTIVE,true,2023-03-04,2024-01-02T22:23:09.956Z,2023-03-04T19:13:33.153Z,2024-01-02T22:23:09.956Z
8640,7850,NW705346137,WALLET,,MRU,5650,28000,500000,15000000,ACTIVE,true,2022-05-19,2022-10-06T16:36:26.870Z,2022-05-19T09:04:27.931Z,2022-10-06T16:36:26.870Z
8641,7851,NW060742497,WALLET,,MRU,132000,132000,500000,15000000,DORMANT,true,2024-04-11,2024-10-18T00:36:27.139Z,2024-04-11T01:48:37.847Z,2024-10-18T00:36:27.139Z
8642,7851,NW400288820,WALLET,,MRU,278000,278000,500000,15000000,ACTIVE,false,2024-04-11,2024-12-07T01:35:53.926Z,2024-04-11T01:48:37.847Z,2024-12-07T01:35:53.926Z
8643,7851,NW297910928,WALLET,,MRU,468000,388000,500000,15000000,ACTIVE,false,2024-04-11,2024-08-07T09:08:29.421Z,2024-04-11T01:48:37.847Z,2024-08-07T09:08:29.421Z
8644,7852,NW598976373,WALLET,,MRU,2100,42000,500000,15000000,ACTIVE,true,2022-05-25,2024-05-01T09:26:59.172Z,2022-05-25T00:38:49.979Z,2024-05-01T09:26:59.172Z
8645,7853,NS814336061,SAVINGS,,MRU,8300,8300,500000,15000000,ACTIVE,true,2022-04-01,2022-07-28T06:50:54.889Z,2022-04-01T05:34:28.008Z,2022-07-28T06:50:54.889Z
8646,7854,NC160859823,CORPORATE,,MRU,565,12000,500000,15000000,ACTIVE,true,2023-09-19,2023-12-19T13:30:10.794Z,2023-09-19T02:29:58.929Z,2023-12-19T13:30:10.794Z
8647,7855,NW810235858,WALLET,,MRU,50,8500,500000,15000000,ACTIVE,true,2023-04-20,2023-08-06T11:37:46.013Z,2023-04-20T20:11:18.666Z,2023-08-06T11:37:46.013Z
8648,7856,NW075622409,WALLET,,MRU,73400,47000,500000,15000000,ACTIVE,true,2022-07-12,2024-03-18T00:27:39.724Z,2022-07-12T09:49:48.470Z,2024-03-18T00:27:39.724Z
8649,7857,NS354275703,SAVINGS,,MRU,4410,8100,500000,15000000,ACTIVE,true,2023-11-17,2024-07-23T13:59:05.299Z,2023-11-17T05:12:35.389Z,2024-07-23T13:59:05.299Z
8650,7858,NW791983485,WALLET,,MRU,1175,5900,500000,15000000,ACTIVE,true,2023-11-09,2024-12-23T13:27:47.470Z,2023-11-09T02:21:50.696Z,2024-12-23T13:27:47.470Z
8651,7859,NW808180809,WALLET,,MRU,41000,41000,500000,15000000,ACTIVE,true,2024-04-30,2024-12-15T03:36:58.559Z,2024-04-30T02:53:54.127Z,2024-12-15T03:36:58.559Z
8652,7860,NW553833961,WALLET,,MRU,150,50000,500000,15000000,ACTIVE,true,2024-03-23,2024-06-21T04:38:59.816Z,2024-03-23T02:51:13.178Z,2024-06-21T04:38:59.816Z
8653,7861,NW042582511,WALLET,,MRU,362800,44000,500000,15000000,ACTIVE,true,2024-08-14,2024-11-06T00:33:50.778Z,2024-08-14T20:28:36.999Z,2024-11-06T00:33:50.778Z
8654,7862,NW866371393,WALLET,,MRU,35000,35000,500000,15000000,ACTIVE,true,2024-07-17,2024-08-22T20:40:29.038Z,2024-07-17T18:18:46.256Z,2024-08-22T20:40:29.038Z
8655,7863,NW948508024,WALLET,,MRU,10280,14000,500000,15000000,ACTIVE,true,2022-03-02,2023-09-22T02:44:52.082Z,2022-03-02T15:20:43.174Z,2023-09-22T02:44:52.082Z
8656,7864,NW609399587,WALLET,,MRU,24000,24000,500000,15000000,ACTIVE,true,2022-02-15,2024-10-12T08:36:05.206Z,2022-02-15T00:24:16.969Z,2024-10-12T08:36:05.206Z
8657,7865,NW466333538,WALLET,,MRU,900,900,500000,15000000,ACTIVE,true,2023-12-29,2024-06-21T10:55:12.160Z,2023-12-29T11:33:29.693Z,2024-06-21T10:55:12.160Z
8658,7866,NW966189802,WALLET,,MRU,71,23000,500000,15000000,ACTIVE,true,2022-11-30,2023-12-12T06:00:08.390Z,2022-11-30T08:35:57.058Z,2023-12-12T06:00:08.390Z
8659,7867,NW291855573,WALLET,,MRU,806000,36000,500000,15000000,ACTIVE,true,2024-10-19,2024-11-21T03:24:04.851Z,2024-10-19T08:25:44.286Z,2024-11-21T03:24:04.851Z
8660,7868,NW760631323,WALLET,,MRU,11320,17000,500000,15000000,ACTIVE,true,2023-09-13,2024-04-26T12:51:23.440Z,2023-09-13T08:32:25.749Z,2024-04-26T12:51:23.440Z
8661,7869,NW518061399,WALLET,,MRU,600,33000,500000,15000000,ACTIVE,true,2024-08-26,2024-09-25T16:59:02.782Z,2024-08-26T03:32:02.487Z,2024-09-25T16:59:02.782Z
8662,7870,NW736926555,WALLET,,MRU,1510800,1556000,500000,15000000,ACTIVE,true,2022-01-19,2024-08-12T20:28:27.830Z,2022-01-19T14:27:06.952Z,2024-08-12T20:28:27.830Z
8663,7870,NW130176067,WALLET,,MRU,1688000,868000,500000,15000000,ACTIVE,false,2022-01-19,2024-05-19T17:47:08.436Z,2022-01-19T14:27:06.952Z,2024-05-19T17:47:08.436Z
8664,7870,NW260504156,WALLET,,MRU,1629000,1629000,500000,15000000,FROZEN,false,2022-01-19,2024-04-24T20:27:48.931Z,2022-01-19T14:27:06.952Z,2024-04-24T20:27:48.931Z
8665,7871,NW382198572,WALLET,,MRU,6500,6500,500000,15000000,CLOSED,true,2024-04-29,2024-10-12T02:48:57.160Z,2024-04-29T04:34:59.847Z,2024-10-12T02:48:57.160Z
8666,7872,NS192452669,SAVINGS,,MRU,16450,19000,500000,15000000,ACTIVE,true,2024-11-26,2024-12-04T17:18:58.178Z,2024-11-26T17:46:09.980Z,2024-12-04T17:18:58.178Z
8667,7873,NW830729723,WALLET,,MRU,2300,9700,500000,15000000,ACTIVE,true,2022-03-07,2024-11-13T13:05:54.501Z,2022-03-07T22:19:01.054Z,2024-11-13T13:05:54.501Z
8668,7874,NW246791958,WALLET,,MRU,70000,29000,500000,15000000,ACTIVE,true,2023-05-03,2023-11-26T10:15:24.091Z,2023-05-03T17:27:01.223Z,2023-11-26T10:15:24.091Z
8669,7875,NA129904866,AGENT,,MRU,20000,20000,500000,15000000,ACTIVE,true,2023-01-04,2023-01-11T08:21:36.905Z,2023-01-04T09:11:39.651Z,2023-01-11T08:21:36.905Z
8670,7876,NM498146534,MERCHANT,,MRU,3600,33000,500000,15000000,ACTIVE,true,2023-04-02,2024-06-27T17:50:20.457Z,2023-04-02T14:59:07.639Z,2024-06-27T17:50:20.457Z
8671,7877,NA683735370,AGENT,,MRU,117150,15000,500000,15000000,ACTIVE,true,2023-05-26,2024-12-05T15:59:10.117Z,2023-05-26T10:42:41.105Z,2024-12-05T15:59:10.117Z
8672,7878,NM456087947,MERCHANT,,MRU,9100,9100,500000,15000000,ACTIVE,true,2024-09-10,2024-12-25T22:07:37.546Z,2024-09-10T01:19:51.822Z,2024-12-25T22:07:37.546Z
8673,7879,NW722989321,WALLET,,MRU,11000,11000,500000,15000000,ACTIVE,true,2023-03-19,2024-07-19T08:44:35.567Z,2023-03-19T05:07:59.080Z,2024-07-19T08:44:35.567Z
8674,7880,NW498266458,WALLET,,MRU,12000,12000,500000,15000000,ACTIVE,true,2023-07-04,2024-09-18T18:16:12.677Z,2023-07-04T04:00:10.750Z,2024-09-18T18:16:12.677Z
8675,7881,NW188871026,WALLET,,MRU,1900,1900,500000,15000000,ACTIVE,true,2023-12-20,2024-05-14T10:33:06.496Z,2023-12-20T20:25:17.989Z,2024-05-14T10:33:06.496Z
8676,7882,NW223494649,WALLET,,MRU,50,458000,500000,15000000,ACTIVE,true,2023-05-28,2024-07-31T13:17:50.513Z,2023-05-28T06:11:08.027Z,2024-07-31T13:17:50.513Z
8677,7882,NW390822410,WALLET,,MRU,730000,48000,500000,15000000,ACTIVE,false,2023-05-28,2024-06-13T09:01:10.558Z,2023-05-28T06:11:08.027Z,2024-06-13T09:01:10.558Z
8678,7883,NW682770490,WALLET,,MRU,10000,10000,500000,15000000,ACTIVE,true,2022-01-05,2022-06-29T04:02:30.289Z,2022-01-05T14:50:21.034Z,2022-06-29T04:02:30.289Z
8679,7884,NW224683642,WALLET,,MRU,640,5200,500000,15000000,ACTIVE,true,2022-07-28,2023-07-28T09:20:06.433Z,2022-07-28T02:51:54.120Z,2023-07-28T09:20:06.433Z
8680,7885,NW093326807,WALLET,,MRU,20000,20000,500000,15000000,ACTIVE,true,2022-10-05,2023-11-17T17:50:48.224Z,2022-10-05T19:35:51.114Z,2023-11-17T17:50:48.224Z
8681,7886,NM354007840,MERCHANT,,MRU,600,14000,500000,15000000,ACTIVE,true,2024-09-15,2024-10-21T00:30:28.260Z,2024-09-15T16:23:06.984Z,2024-10-21T00:30:28.260Z
8682,7887,NW318323135,WALLET,,MRU,31000,31000,500000,15000000,ACTIVE,true,2022-01-17,2023-01-17T08:47:27.506Z,2022-01-17T07:37:28.005Z,2023-01-17T08:47:27.506Z
8683,7888,NC303375244,CORPORATE,,MRU,2825,25000,500000,15000000,ACTIVE,true,2023-09-06,2023-10-22T15:54:47.560Z,2023-09-06T13:39:51.782Z,2023-10-22T15:54:47.560Z
8684,7889,NC134339809,CORPORATE,,MRU,2000,15000,500000,15000000,ACTIVE,true,2024-08-01,2024-09-17T17:12:10.344Z,2024-08-01T10:30:27.435Z,2024-09-17T17:12:10.344Z
8685,7890,NW303614527,WALLET,,MRU,29750,251000,500000,15000000,ACTIVE,true,2022-04-07,2023-06-10T19:00:03.649Z,2022-04-07T06:25:47.222Z,2023-06-10T19:00:03.649Z
8686,7890,NW831528813,WALLET,,MRU,330550,350000,500000,15000000,ACTIVE,false,2022-04-07,2023-04-23T21:16:25.207Z,2022-04-07T06:25:47.222Z,2023-04-23T21:16:25.207Z
8687,7890,NW513042450,WALLET,,MRU,439450,462000,500000,15000000,ACTIVE,false,2022-04-07,2024-01-25T05:18:40.819Z,2022-04-07T06:25:47.222Z,2024-01-25T05:18:40.819Z
8688,7891,NM372659683,MERCHANT,,MRU,1833,9600,500000,15000000,ACTIVE,true,2024-05-26,2024-07-27T05:46:06.742Z,2024-05-26T10:55:44.997Z,2024-07-27T05:46:06.742Z
8689,7892,NW159848928,WALLET,,MRU,113550,7400,500000,15000000,ACTIVE,true,2022-09-26,2023-06-30T10:22:18.376Z,2022-09-26T10:57:56.567Z,2023-06-30T10:22:18.376Z
8690,7893,NW571616679,WALLET,,MRU,43667,8800,500000,15000000,ACTIVE,true,2023-12-26,2024-12-23T04:06:20.806Z,2023-12-26T14:13:18.803Z,2024-12-23T04:06:20.806Z
8691,7894,NW651471138,WALLET,,MRU,50000,50000,500000,15000000,ACTIVE,true,2022-12-30,2024-08-23T10:41:25.303Z,2022-12-30T23:07:12.687Z,2024-08-23T10:41:25.303Z
8692,7895,NW396887809,WALLET,,MRU,139,13000,500000,15000000,ACTIVE,true,2022-01-10,2022-08-24T05:17:09.616Z,2022-01-10T00:17:23.646Z,2022-08-24T05:17:09.616Z
8693,7896,NW701467275,WALLET,,MRU,44000,44000,500000,15000000,ACTIVE,true,2022-11-21,2023-10-30T15:05:46.047Z,2022-11-21T04:11:45.197Z,2023-10-30T15:05:46.047Z
8694,7897,NS022335767,SAVINGS,,MRU,3000,3000,500000,15000000,ACTIVE,true,2024-09-07,2024-11-24T01:09:08.455Z,2024-09-07T18:28:45.470Z,2024-11-24T01:09:08.455Z
8695,7898,NM000717759,MERCHANT,,MRU,134800,7200,500000,15000000,ACTIVE,true,2023-09-27,2024-11-10T04:46:46.970Z,2023-09-27T22:12:00.083Z,2024-11-10T04:46:46.970Z
8696,7899,NW661050230,WALLET,,MRU,198000,198000,500000,15000000,ACTIVE,true,2024-09-29,2024-10-16T17:36:57.981Z,2024-09-29T14:30:44.590Z,2024-10-16T17:36:57.981Z
8697,7899,NW755560577,WALLET,,MRU,54690,214000,500000,15000000,ACTIVE,false,2024-09-29,2024-11-13T11:14:37.445Z,2024-09-29T14:30:44.590Z,2024-11-13T11:14:37.445Z
8698,7900,NW756722808,WALLET,,MRU,100,39000,500000,15000000,ACTIVE,true,2023-08-26,2023-10-17T16:47:43.141Z,2023-08-26T19:57:08.404Z,2023-10-17T16:47:43.141Z
8699,7901,NW226773500,WALLET,,MRU,11000,11000,500000,15000000,FROZEN,true,2022-07-05,2023-09-22T09:05:01.114Z,2022-07-05T14:01:50.269Z,2023-09-22T09:05:01.114Z
8700,7902,NW452587127,WALLET,,MRU,1988,9500,500000,15000000,ACTIVE,true,2023-09-23,2023-09-28T13:04:29.076Z,2023-09-23T22:20:19.895Z,2023-09-28T13:04:29.076Z
8701,7903,NW089881181,WALLET,,MRU,29000,29000,500000,15000000,ACTIVE,true,2023-04-17,2024-02-11T21:33:53.113Z,2023-04-17T06:48:21.079Z,2024-02-11T21:33:53.113Z
8702,7904,NM113360047,MERCHANT,,MRU,423000,423000,500000,15000000,ACTIVE,true,2022-04-15,2023-11-20T11:11:44.537Z,2022-04-15T05:26:10.539Z,2023-11-20T11:11:44.537Z
8703,7904,NS287142753,SAVINGS,,MRU,8500,119000,500000,15000000,ACTIVE,false,2022-04-15,2022-12-14T03:20:29.297Z,2022-04-15T05:26:10.539Z,2022-12-14T03:20:29.297Z
8704,7904,NW659672975,WALLET,,MRU,15645,372000,500000,15000000,ACTIVE,false,2022-04-15,2023-05-02T11:00:07.768Z,2022-04-15T05:26:10.539Z,2023-05-02T11:00:07.768Z
8705,7905,NW017090439,WALLET,,MRU,400,2400,500000,15000000,ACTIVE,true,2023-03-23,2024-03-16T11:57:08.281Z,2023-03-23T18:16:27.355Z,2024-03-16T11:57:08.281Z
8706,7906,NC296050071,CORPORATE,,MRU,1391125,1616000,500000,15000000,ACTIVE,true,2022-12-08,2023-10-14T09:35:44.601Z,2022-12-08T05:36:21.786Z,2023-10-14T09:35:44.601Z
8707,7906,NW003115653,WALLET,,MRU,418000,418000,500000,15000000,ACTIVE,false,2022-12-08,2023-12-27T07:20:23.817Z,2022-12-08T05:36:21.786Z,2023-12-27T07:20:23.817Z
8708,7906,NW260840892,WALLET,,MRU,12040,210000,500000,15000000,ACTIVE,false,2022-12-08,2024-10-14T17:59:09.657Z,2022-12-08T05:36:21.786Z,2024-10-14T17:59:09.657Z
8709,7907,NW558280378,WALLET,,MRU,25,37000,500000,15000000,ACTIVE,true,2022-09-19,2024-08-29T07:09:11.727Z,2022-09-19T06:42:10.436Z,2024-08-29T07:09:11.727Z
8710,7908,NW220376253,WALLET,,MRU,8500,8500,500000,15000000,DORMANT,true,2022-10-22,2023-03-26T08:12:01.906Z,2022-10-22T13:15:11.764Z,2023-03-26T08:12:01.906Z
8711,7909,NW396816075,WALLET,,MRU,614000,36000,500000,15000000,ACTIVE,true,2022-02-28,2023-01-06T17:27:06.859Z,2022-02-28T09:19:45.269Z,2023-01-06T17:27:06.859Z
8712,7910,NW674750835,WALLET,,MRU,14900,48000,500000,15000000,ACTIVE,true,2024-05-06,2024-08-09T15:03:13.917Z,2024-05-06T06:18:13.757Z,2024-08-09T15:03:13.917Z
8713,7911,NW366333872,WALLET,,MRU,5850,24000,500000,15000000,ACTIVE,true,2024-01-07,2024-05-03T15:24:01.031Z,2024-01-07T14:03:21.618Z,2024-05-03T15:24:01.031Z
8714,7912,NW147381573,WALLET,,MRU,2450,26000,500000,15000000,ACTIVE,true,2023-08-15,2023-10-26T06:40:32.762Z,2023-08-15T02:04:14.079Z,2023-10-26T06:40:32.762Z
8715,7913,NW958573222,WALLET,,MRU,762000,33000,500000,15000000,ACTIVE,true,2022-02-18,2024-05-12T16:39:03.177Z,2022-02-18T00:28:13.949Z,2024-05-12T16:39:03.177Z
8716,7914,NS555913687,SAVINGS,,MRU,15000,15000,500000,15000000,ACTIVE,true,2024-03-11,2024-10-28T14:41:22.280Z,2024-03-11T18:36:33.270Z,2024-10-28T14:41:22.280Z
8717,7915,NW227812886,WALLET,,MRU,31000,31000,500000,15000000,DORMANT,true,2023-09-29,2024-03-07T01:54:35.913Z,2023-09-29T10:41:05.446Z,2024-03-07T01:54:35.913Z
8718,7916,NS834758282,SAVINGS,,MRU,42500,48000,500000,15000000,ACTIVE,true,2023-03-28,2024-02-27T21:06:56.279Z,2023-03-28T14:34:48.766Z,2024-02-27T21:06:56.279Z
8719,7917,NS832286358,SAVINGS,,MRU,13000,13000,500000,15000000,ACTIVE,true,2024-05-24,2024-12-29T15:10:44.052Z,2024-05-24T06:58:39.395Z,2024-12-29T15:10:44.052Z
8720,7918,NS596263408,SAVINGS,,MRU,577,10000,500000,15000000,ACTIVE,true,2024-02-19,2024-03-14T03:14:32.610Z,2024-02-19T20:49:51.678Z,2024-03-14T03:14:32.610Z
8721,7919,NS233916163,SAVINGS,,MRU,2100,17000,500000,15000000,ACTIVE,true,2022-12-17,2023-06-13T02:01:09.883Z,2022-12-17T19:15:35.520Z,2023-06-13T02:01:09.883Z
8722,7920,NW074355781,WALLET,,MRU,15000,15000,500000,15000000,DORMANT,true,2024-01-01,2024-08-10T08:38:38.180Z,2024-01-01T10:40:49.130Z,2024-08-10T08:38:38.180Z
8723,7921,NW121508121,WALLET,,MRU,33000,33000,500000,15000000,ACTIVE,true,2024-02-05,2024-04-24T06:16:41.150Z,2024-02-05T18:14:39.973Z,2024-04-24T06:16:41.150Z
8724,7922,NA501437902,AGENT,,MRU,140,34000,500000,15000000,ACTIVE,true,2022-11-03,2024-02-20T21:48:17.533Z,2022-11-03T15:50:59.090Z,2024-02-20T21:48:17.533Z
8725,7923,NM742268681,MERCHANT,,MRU,209000,209000,500000,15000000,DORMANT,true,2024-08-08,2024-11-08T18:25:54.744Z,2024-08-08T18:19:31.449Z,2024-11-08T18:25:54.744Z
8726,7923,NS273672700,SAVINGS,,MRU,259800,237000,500000,15000000,ACTIVE,false,2024-08-08,2024-12-24T06:30:13.041Z,2024-08-08T18:19:31.449Z,2024-12-24T06:30:13.041Z
8727,7924,NW621935010,WALLET,,MRU,24475,18000,500000,15000000,ACTIVE,true,2023-12-16,2023-12-16T16:33:37.908Z,2023-12-16T07:07:37.084Z,2023-12-16T16:33:37.908Z
8728,7925,NW045851171,WALLET,,MRU,450,18000,500000,15000000,ACTIVE,true,2023-05-07,2023-12-12T20:40:05.859Z,2023-05-07T19:12:24.693Z,2023-12-12T20:40:05.859Z
8729,7926,NC389950633,CORPORATE,,MRU,4600,4600,500000,15000000,ACTIVE,true,2022-03-30,2022-05-22T06:06:45.549Z,2022-03-30T18:53:38.860Z,2022-05-22T06:06:45.549Z
8730,7927,NA045278549,AGENT,,MRU,72500,41000,500000,15000000,ACTIVE,true,2023-08-24,2023-08-27T23:57:54.616Z,2023-08-24T03:38:07.933Z,2023-08-27T23:57:54.616Z
8731,7928,NW137432485,WALLET,,MRU,895000,897000,500000,15000000,ACTIVE,true,2023-03-11,2024-08-26T12:42:57.895Z,2023-03-11T18:35:59.727Z,2024-08-26T12:42:57.895Z
8732,7928,NS043537616,SAVINGS,,MRU,1639428,1636000,500000,15000000,ACTIVE,false,2023-03-11,2023-07-12T18:52:48.112Z,2023-03-11T18:35:59.727Z,2023-07-12T18:52:48.112Z
8733,7928,NW005453824,WALLET,,MRU,76550,185000,500000,15000000,ACTIVE,false,2023-03-11,2024-01-18T10:29:53.933Z,2023-03-11T18:35:59.727Z,2024-01-18T10:29:53.933Z
8734,7929,NW047266602,WALLET,,MRU,12000,12000,500000,15000000,ACTIVE,true,2024-07-24,2024-08-22T01:26:02.264Z,2024-07-24T00:47:29.753Z,2024-08-22T01:26:02.264Z
8735,7930,NM915984869,MERCHANT,,MRU,940000,40000,500000,15000000,ACTIVE,true,2022-04-09,2023-11-16T15:13:44.466Z,2022-04-09T05:38:17.701Z,2023-11-16T15:13:44.466Z
8736,7931,NA649186253,AGENT,,MRU,122000,22000,500000,15000000,ACTIVE,true,2024-09-05,2024-11-22T13:25:22.609Z,2024-09-05T21:56:38.074Z,2024-11-22T13:25:22.609Z
8737,7932,NW650332093,WALLET,,MRU,402000,18000,500000,15000000,ACTIVE,true,2024-08-23,2024-11-13T02:58:36.406Z,2024-08-23T20:25:51.063Z,2024-11-13T02:58:36.406Z
8738,7933,NM043922901,MERCHANT,,MRU,1084000,1109000,500000,15000000,ACTIVE,true,2022-05-01,2024-03-26T02:11:27.925Z,2022-05-01T13:58:37.404Z,2024-03-26T02:11:27.925Z
8739,7933,NS459570646,SAVINGS,,MRU,200000,200000,500000,15000000,ACTIVE,false,2022-05-01,2023-08-06T06:17:06.969Z,2022-05-01T13:58:37.404Z,2023-08-06T06:17:06.969Z
8740,7933,NW307062208,WALLET,,MRU,148800,264000,500000,15000000,ACTIVE,false,2022-05-01,2024-07-11T03:09:26.325Z,2022-05-01T13:58:37.404Z,2024-07-11T03:09:26.325Z
8741,7934,NW888864994,WALLET,,MRU,31000,31000,500000,15000000,ACTIVE,true,2023-08-23,2024-05-22T19:59:47.528Z,2023-08-23T20:12:16.156Z,2024-05-22T19:59:47.528Z
8742,7935,NW867285252,WALLET,,MRU,5300,5300,500000,15000000,FROZEN,true,2022-06-17,2024-07-03T14:55:56.701Z,2022-06-17T09:30:01.225Z,2024-07-03T14:55:56.701Z
8743,7936,NW843598246,WALLET,,MRU,368750,413000,500000,15000000,ACTIVE,true,2022-06-27,2023-11-27T14:29:30.020Z,2022-06-27T11:16:10.086Z,2023-11-27T14:29:30.020Z
8744,7936,NW000705957,WALLET,,MRU,265850,304000,500000,15000000,ACTIVE,false,2022-06-27,2024-08-29T06:04:24.347Z,2022-06-27T11:16:10.086Z,2024-08-29T06:04:24.347Z
8745,7936,NW480437278,WALLET,,MRU,234000,234000,500000,15000000,ACTIVE,false,2022-06-27,2024-12-06T07:02:52.526Z,2022-06-27T11:16:10.086Z,2024-12-06T07:02:52.526Z
8746,7937,NW592728615,WALLET,,MRU,158200,9200,500000,15000000,ACTIVE,true,2023-11-02,2024-02-29T11:09:09.566Z,2023-11-02T12:16:55.122Z,2024-02-29T11:09:09.566Z
8747,7938,NS321406364,SAVINGS,,MRU,31000,31000,500000,15000000,ACTIVE,true,2022-11-01,2023-09-05T03:26:39.337Z,2022-11-01T20:32:52.466Z,2023-09-05T03:26:39.337Z
8748,7939,NM682229757,MERCHANT,,MRU,2140,47000,500000,15000000,ACTIVE,true,2022-01-14,2023-01-28T07:52:48.732Z,2022-01-14T11:25:36.724Z,2023-01-28T07:52:48.732Z
8749,7940,NW512909651,WALLET,,MRU,38000,38000,500000,15000000,DORMANT,true,2023-03-02,2023-10-24T19:52:45.381Z,2023-03-02T17:31:36.542Z,2023-10-24T19:52:45.381Z
8750,7941,NW713680059,WALLET,,MRU,4600,16000,500000,15000000,ACTIVE,true,2024-01-16,2024-04-07T04:47:44.107Z,2024-01-16T04:19:51.831Z,2024-04-07T04:47:44.107Z
8751,7942,NC937415600,CORPORATE,,MRU,42000,20000,500000,15000000,ACTIVE,true,2023-01-28,2024-02-15T05:29:16.795Z,2023-01-28T03:36:43.097Z,2024-02-15T05:29:16.795Z
8752,7943,NW024070262,WALLET,,MRU,485600,28000,500000,15000000,ACTIVE,true,2022-11-08,2024-10-10T18:02:36.436Z,2022-11-08T17:05:20.771Z,2024-10-10T18:02:36.436Z
8753,7944,NW917511225,WALLET,,MRU,10000,10000,500000,15000000,DORMANT,true,2024-04-12,2024-07-11T15:21:30.813Z,2024-04-12T06:34:25.385Z,2024-07-11T15:21:30.813Z
8754,7945,NW929876327,WALLET,,MRU,10000,10000,500000,15000000,ACTIVE,true,2024-06-03,2024-10-10T04:28:02.473Z,2024-06-03T08:49:18.931Z,2024-10-10T04:28:02.473Z
8755,7946,NW582218528,WALLET,,MRU,487950,9300,500000,15000000,ACTIVE,true,2024-06-11,2024-12-13T21:37:29.338Z,2024-06-11T08:32:28.028Z,2024-12-13T21:37:29.338Z
8756,7947,NW895442724,WALLET,,MRU,159000,159000,500000,15000000,ACTIVE,true,2022-12-27,2024-12-07T08:39:03.832Z,2022-12-27T03:36:37.853Z,2024-12-07T08:39:03.832Z
8757,7947,NW513302952,WALLET,,MRU,32500,38000,500000,15000000,ACTIVE,false,2022-12-27,2024-11-30T20:58:09.780Z,2022-12-27T03:36:37.853Z,2024-11-30T20:58:09.780Z
8758,7948,NW742469668,WALLET,,MRU,358700,9500,500000,15000000,ACTIVE,true,2023-10-18,2024-07-11T15:30:11.976Z,2023-10-18T04:22:11.452Z,2024-07-11T15:30:11.976Z
8759,7949,NA700770736,AGENT,,MRU,77000,16000,500000,15000000,ACTIVE,true,2023-10-09,2024-07-17T18:13:01.804Z,2023-10-09T20:22:36.755Z,2024-07-17T18:13:01.804Z
8760,7950,NW670782327,WALLET,,MRU,0,550,500000,15000000,ACTIVE,true,2023-05-30,2024-12-26T17:50:01.038Z,2023-05-30T14:19:49.436Z,2024-12-26T17:50:01.038Z
8761,7951,NW110353469,WALLET,,MRU,11700,33000,500000,15000000,ACTIVE,true,2024-03-16,2024-07-28T04:36:51.155Z,2024-03-16T07:58:05.729Z,2024-07-28T04:36:51.155Z
8762,7952,NM982261062,MERCHANT,,MRU,7700,7700,500000,15000000,ACTIVE,true,2022-02-08,2022-08-02T04:44:42.271Z,2022-02-08T06:15:50.548Z,2022-08-02T04:44:42.271Z
8763,7953,NS774462461,SAVINGS,,MRU,19000,19000,500000,15000000,FROZEN,true,2022-11-20,2023-08-03T18:07:09.049Z,2022-11-20T02:19:47.132Z,2023-08-03T18:07:09.049Z
8764,7954,NS667447805,SAVINGS,,MRU,111100,81000,500000,15000000,ACTIVE,true,2023-04-06,2024-02-17T04:04:46.989Z,2023-04-06T15:12:30.453Z,2024-02-17T04:04:46.989Z
8765,7954,NS830540299,SAVINGS,,MRU,318000,318000,500000,15000000,CLOSED,false,2023-04-06,2024-02-15T05:49:51.785Z,2023-04-06T15:12:30.453Z,2024-02-15T05:49:51.785Z
8766,7955,NS667130947,SAVINGS,,MRU,63720,29000,500000,15000000,ACTIVE,true,2022-01-29,2023-07-04T12:29:23.197Z,2022-01-29T01:13:49.853Z,2023-07-04T12:29:23.197Z
8767,7956,NW274987727,WALLET,,MRU,450,49000,500000,15000000,ACTIVE,true,2024-06-06,2024-12-03T18:12:36.220Z,2024-06-06T20:04:58.390Z,2024-12-03T18:12:36.220Z
8768,7957,NA672190547,AGENT,,MRU,200,25000,500000,15000000,ACTIVE,true,2022-11-25,2022-12-28T02:53:21.161Z,2022-11-25T13:48:56.830Z,2022-12-28T02:53:21.161Z
8769,7958,NS993418813,SAVINGS,,MRU,516000,16000,500000,15000000,ACTIVE,true,2022-11-01,2022-12-14T14:21:47.932Z,2022-11-01T17:56:17.765Z,2022-12-14T14:21:47.932Z
8770,7959,NS002870440,SAVINGS,,MRU,4681000,2200,500000,15000000,ACTIVE,true,2022-03-31,2024-08-26T18:36:25.961Z,2022-03-31T13:56:55.050Z,2024-08-26T18:36:25.961Z
8771,7960,NM382320434,MERCHANT,,MRU,850,850,500000,15000000,ACTIVE,true,2023-03-23,2023-12-22T21:42:51.355Z,2023-03-23T21:28:02.260Z,2023-12-22T21:42:51.355Z
8772,7961,NW020893156,WALLET,,MRU,3300,3300,500000,15000000,ACTIVE,true,2024-07-11,2024-09-07T23:47:47.753Z,2024-07-11T08:15:03.371Z,2024-09-07T23:47:47.753Z
8773,7962,NA413379073,AGENT,,MRU,531050,20000,500000,15000000,ACTIVE,true,2022-02-26,2023-08-26T00:18:18.858Z,2022-02-26T15:28:06.595Z,2023-08-26T00:18:18.858Z
8774,7963,NC436765909,CORPORATE,,MRU,75800,29000,500000,15000000,ACTIVE,true,2024-10-15,2024-11-14T14:25:58.007Z,2024-10-15T11:55:34.278Z,2024-11-14T14:25:58.007Z
8775,7964,NW751991510,WALLET,,MRU,19000,19000,500000,15000000,ACTIVE,true,2024-11-21,2024-12-21T06:18:11.270Z,2024-11-21T17:23:26.972Z,2024-12-21T06:18:11.270Z
8776,7965,NW523259431,WALLET,,MRU,44000,44000,500000,15000000,ACTIVE,true,2023-06-16,2024-02-10T04:42:09.709Z,2023-06-16T23:17:43.598Z,2024-02-10T04:42:09.709Z
8777,7966,NW037282139,WALLET,,MRU,92000,109000,500000,15000000,ACTIVE,true,2023-11-13,2024-02-16T13:29:36.761Z,2023-11-13T09:35:37.098Z,2024-02-16T13:29:36.761Z
8778,7966,NS498425007,SAVINGS,,MRU,101000,101000,500000,15000000,ACTIVE,false,2023-11-13,2024-05-01T09:09:19.387Z,2023-11-13T09:35:37.098Z,2024-05-01T09:09:19.387Z
8779,7967,NW513801932,WALLET,,MRU,134900,12000,500000,15000000,ACTIVE,true,2023-02-04,2024-11-02T06:42:28.188Z,2023-02-04T00:43:40.942Z,2024-11-02T06:42:28.188Z
8780,7968,NW729735374,WALLET,,MRU,48000,48000,500000,15000000,ACTIVE,true,2023-03-02,2023-09-29T04:04:20.996Z,2023-03-02T09:23:38.458Z,2023-09-29T04:04:20.996Z
8781,7969,NS862412453,SAVINGS,,MRU,490000,40000,500000,15000000,ACTIVE,true,2022-09-15,2023-03-12T19:42:17.354Z,2022-09-15T06:02:34.320Z,2023-03-12T19:42:17.354Z
8782,7970,NC510310650,CORPORATE,,MRU,20655,44000,500000,15000000,ACTIVE,true,2024-05-04,2024-11-08T12:18:50.104Z,2024-05-04T05:23:39.241Z,2024-11-08T12:18:50.104Z
8783,7971,NS822230816,SAVINGS,,MRU,5475,15000,500000,15000000,ACTIVE,true,2023-05-01,2023-09-12T21:38:22.694Z,2023-05-01T09:51:07.852Z,2023-09-12T21:38:22.694Z
8784,7972,NW192030191,WALLET,,MRU,56520,15000,500000,15000000,ACTIVE,true,2024-11-16,2024-12-25T20:55:06.802Z,2024-11-16T00:29:37.085Z,2024-12-25T20:55:06.802Z
8785,7973,NW574454427,WALLET,,MRU,3606,6200,500000,15000000,ACTIVE,true,2023-11-04,2024-03-20T17:37:00.169Z,2023-11-04T23:37:39.984Z,2024-03-20T17:37:00.169Z
8786,7974,NW594341755,WALLET,,MRU,1923600,33000,500000,15000000,ACTIVE,true,2023-04-13,2023-05-16T10:51:47.393Z,2023-04-13T01:41:38.708Z,2023-05-16T10:51:47.393Z
8787,7975,NW759273410,WALLET,,MRU,5150,18000,500000,15000000,ACTIVE,true,2022-06-22,2024-08-17T23:30:36.606Z,2022-06-22T07:16:43.367Z,2024-08-17T23:30:36.606Z
8788,7976,NW663988471,WALLET,,MRU,11000,11000,500000,15000000,ACTIVE,true,2023-03-25,2024-02-21T11:39:23.518Z,2023-03-25T20:00:39.304Z,2024-02-21T11:39:23.518Z
8789,7977,NW849854112,WALLET,,MRU,29000,29000,500000,15000000,ACTIVE,true,2023-05-26,2024-09-20T08:13:49.876Z,2023-05-26T04:50:51.223Z,2024-09-20T08:13:49.876Z
8790,7978,NS569782376,SAVINGS,,MRU,3400,3400,500000,15000000,ACTIVE,true,2023-03-16,2023-07-15T17:02:06.680Z,2023-03-16T20:51:35.266Z,2023-07-15T17:02:06.680Z
8791,7979,NW760261535,WALLET,,MRU,37000,37000,500000,15000000,ACTIVE,true,2024-01-03,2024-04-27T03:01:23.080Z,2024-01-03T19:45:20.151Z,2024-04-27T03:01:23.080Z
8792,7980,NW146811842,WALLET,,MRU,77,13000,500000,15000000,ACTIVE,true,2022-03-12,2024-03-21T00:22:00.919Z,2022-03-12T10:25:33.179Z,2024-03-21T00:22:00.919Z
8793,7981,NM898089170,MERCHANT,,MRU,39000,39000,500000,15000000,DORMANT,true,2024-03-24,2024-09-13T11:58:05.371Z,2024-03-24T01:02:14.128Z,2024-09-13T11:58:05.371Z
8794,7982,NW963536978,WALLET,,MRU,12000,12000,500000,15000000,ACTIVE,true,2024-10-03,2024-11-30T19:37:27.367Z,2024-10-03T17:10:02.070Z,2024-11-30T19:37:27.367Z
8795,7983,NS815136433,SAVINGS,,MRU,7250,23000,500000,15000000,ACTIVE,true,2022-03-06,2023-01-20T06:37:47.909Z,2022-03-06T02:53:06.387Z,2023-01-20T06:37:47.909Z
8796,7984,NW955927759,WALLET,,MRU,179000,39000,500000,15000000,ACTIVE,true,2022-08-17,2022-12-19T12:41:38.684Z,2022-08-17T22:41:26.956Z,2022-12-19T12:41:38.684Z
8797,7985,NS019456982,SAVINGS,,MRU,15000,15000,500000,15000000,FROZEN,true,2024-09-21,2024-11-20T16:22:59.402Z,2024-09-21T20:10:05.984Z,2024-11-20T16:22:59.402Z
8798,7986,NW920072198,WALLET,,MRU,620150,43000,500000,15000000,ACTIVE,true,2023-10-08,2024-06-13T19:20:07.608Z,2023-10-08T22:29:05.025Z,2024-06-13T19:20:07.608Z
8799,7987,NS925351262,SAVINGS,,MRU,39600,24000,500000,15000000,ACTIVE,true,2022-04-02,2024-02-08T04:05:44.748Z,2022-04-02T15:57:59.566Z,2024-02-08T04:05:44.748Z
8800,7988,NW519835144,WALLET,,MRU,26400,8800,500000,15000000,ACTIVE,true,2023-06-13,2023-10-28T12:52:53.336Z,2023-06-13T20:28:24.663Z,2023-10-28T12:52:53.336Z
8801,7989,NW093100428,WALLET,,MRU,200,650,500000,15000000,ACTIVE,true,2023-04-14,2023-05-28T16:10:24.376Z,2023-04-14T05:56:47.906Z,2023-05-28T16:10:24.376Z
8802,7990,NW598592400,WALLET,,MRU,485300,4300,500000,15000000,ACTIVE,true,2023-04-08,2024-06-15T18:34:36.132Z,2023-04-08T08:49:40.708Z,2024-06-15T18:34:36.132Z
8803,7991,NW729725867,WALLET,,MRU,36750,15000,500000,15000000,ACTIVE,true,2023-04-10,2024-05-28T16:39:39.418Z,2023-04-10T06:04:59.260Z,2024-05-28T16:39:39.418Z
8804,7992,NW863365531,WALLET,,MRU,2055250,7300,500000,15000000,ACTIVE,true,2024-01-11,2024-02-14T17:18:24.835Z,2024-01-11T15:10:01.788Z,2024-02-14T17:18:24.835Z
8805,7993,NS209353923,SAVINGS,,MRU,520000,520000,500000,15000000,ACTIVE,true,2024-02-19,2024-10-26T22:16:31.730Z,2024-02-19T10:18:50.920Z,2024-10-26T22:16:31.730Z
8806,7993,NS926870584,SAVINGS,,MRU,1831000,1831000,500000,15000000,ACTIVE,false,2024-02-19,2024-05-07T13:25:22.898Z,2024-02-19T10:18:50.920Z,2024-05-07T13:25:22.898Z
8807,7993,NW364972710,WALLET,,MRU,682000,682000,500000,15000000,ACTIVE,false,2024-02-19,2024-04-03T17:30:39.825Z,2024-02-19T10:18:50.920Z,2024-04-03T17:30:39.825Z
8808,7994,NW275625407,WALLET,,MRU,4200,4300,500000,15000000,ACTIVE,true,2023-05-26,2024-10-15T05:39:55.701Z,2023-05-26T04:25:59.687Z,2024-10-15T05:39:55.701Z
8809,7995,NW535917401,WALLET,,MRU,7500,33000,500000,15000000,ACTIVE,true,2024-06-03,2024-08-11T08:28:04.495Z,2024-06-03T17:21:51.634Z,2024-08-11T08:28:04.495Z
8810,7996,NS781947732,SAVINGS,,MRU,8625,34000,500000,15000000,ACTIVE,true,2024-03-23,2024-04-06T08:57:49.565Z,2024-03-23T00:07:16.162Z,2024-04-06T08:57:49.565Z
8811,7997,NW390292644,WALLET,,MRU,34000,34000,500000,15000000,ACTIVE,true,2022-10-12,2023-04-08T17:49:04.654Z,2022-10-12T22:16:38.958Z,2023-04-08T17:49:04.654Z
8812,7998,NW644570648,WALLET,,MRU,2475,6100,500000,15000000,ACTIVE,true,2024-09-15,2024-09-18T04:25:35.915Z,2024-09-15T17:02:41.387Z,2024-09-18T04:25:35.915Z
8813,7999,NS749280214,SAVINGS,,MRU,810,16000,500000,15000000,ACTIVE,true,2023-12-19,2024-10-29T14:51:25.553Z,2023-12-19T21:52:40.404Z,2024-10-29T14:51:25.553Z
8814,8000,NM695760965,MERCHANT,,MRU,450,7700,500000,15000000,ACTIVE,true,2023-05-25,2024-04-24T23:50:25.095Z,2023-05-25T12:23:58.103Z,2024-04-24T23:50:25.095Z
8815,8001,NS454785943,SAVINGS,,MRU,3325,28000,500000,15000000,ACTIVE,true,2022-03-04,2022-04-15T02:08:17.795Z,2022-03-04T06:06:05.198Z,2022-04-15T02:08:17.795Z
8816,8002,NW273956775,WALLET,,MRU,31000,13000,500000,15000000,ACTIVE,true,2024-03-06,2024-11-08T16:54:04.530Z,2024-03-06T19:49:02.998Z,2024-11-08T16:54:04.530Z
8817,8003,NW242535144,WALLET,,MRU,6100,6100,500000,15000000,DORMANT,true,2022-11-14,2024-12-02T23:12:28.577Z,2022-11-14T04:36:09.153Z,2024-12-02T23:12:28.577Z
8818,8004,NW188498765,WALLET,,MRU,2900,2900,500000,15000000,ACTIVE,true,2022-05-31,2024-01-04T23:06:46.292Z,2022-05-31T21:20:11.176Z,2024-01-04T23:06:46.292Z
8819,8005,NW179729104,WALLET,,MRU,24000,24000,500000,15000000,ACTIVE,true,2022-02-23,2022-07-03T08:22:03.583Z,2022-02-23T04:23:43.826Z,2022-07-03T08:22:03.583Z
8820,8006,NW289941251,WALLET,,MRU,850,850,500000,15000000,FROZEN,true,2022-10-13,2024-02-25T20:41:55.674Z,2022-10-13T13:25:34.465Z,2024-02-25T20:41:55.674Z
8821,8007,NA975656509,AGENT,,MRU,250,17000,500000,15000000,ACTIVE,true,2023-01-10,2023-06-27T02:18:36.886Z,2023-01-10T07:59:17.841Z,2023-06-27T02:18:36.886Z
8822,8008,NW295151174,WALLET,,MRU,63375,41000,500000,15000000,ACTIVE,true,2023-01-30,2023-04-13T17:36:21.711Z,2023-01-30T14:11:33.270Z,2023-04-13T17:36:21.711Z
8823,8009,NM012120246,MERCHANT,,MRU,233000,43000,500000,15000000,ACTIVE,true,2022-09-15,2024-02-23T10:41:50.223Z,2022-09-15T09:32:43.294Z,2024-02-23T10:41:50.223Z
8824,8010,NS670448303,SAVINGS,,MRU,26000,26000,500000,15000000,ACTIVE,true,2022-06-08,2023-10-16T08:08:26.804Z,2022-06-08T23:19:25.655Z,2023-10-16T08:08:26.804Z
8825,8011,NW029104232,WALLET,,MRU,0,18000,500000,15000000,ACTIVE,true,2023-06-17,2024-11-15T22:36:39.829Z,2023-06-17T08:57:05.683Z,2024-11-15T22:36:39.829Z
8826,8012,NW817799568,WALLET,,MRU,1200,40000,500000,15000000,ACTIVE,true,2024-04-09,2024-08-15T20:52:37.314Z,2024-04-09T19:15:44.582Z,2024-08-15T20:52:37.314Z
8827,8013,NW808547020,WALLET,,MRU,5154,15000,500000,15000000,ACTIVE,true,2024-01-23,2024-08-25T04:10:01.994Z,2024-01-23T16:54:44.276Z,2024-08-25T04:10:01.994Z
8828,8014,NW326172828,WALLET,,MRU,39000,39000,500000,15000000,DORMANT,true,2022-03-13,2022-11-11T00:48:41.673Z,2022-03-13T18:46:53.937Z,2022-11-11T00:48:41.673Z
8829,8015,NA792570472,AGENT,,MRU,22000,22000,500000,15000000,ACTIVE,true,2023-05-18,2024-11-21T03:02:56.667Z,2023-05-18T16:38:15.239Z,2024-11-21T03:02:56.667Z
8830,8016,NW582804560,WALLET,,MRU,8200,8200,500000,15000000,ACTIVE,true,2022-09-28,2022-10-05T03:26:35.977Z,2022-09-28T22:28:08.156Z,2022-10-05T03:26:35.977Z
8831,8017,NW257047295,WALLET,,MRU,50,7500,500000,15000000,ACTIVE,true,2022-12-29,2023-12-19T03:11:27.780Z,2022-12-29T10:22:31.236Z,2023-12-19T03:11:27.780Z
8832,8018,NC036099433,CORPORATE,,MRU,1250,17000,500000,15000000,ACTIVE,true,2022-10-21,2023-05-18T21:49:44.189Z,2022-10-21T08:50:18.921Z,2023-05-18T21:49:44.189Z
8833,8019,NW095071673,WALLET,,MRU,17000,17000,500000,15000000,DORMANT,true,2022-04-20,2024-04-15T22:26:55.299Z,2022-04-20T00:44:51.136Z,2024-04-15T22:26:55.299Z
8834,8020,NS102173119,SAVINGS,,MRU,45000,45000,500000,15000000,ACTIVE,true,2024-04-28,2024-10-27T05:41:14.628Z,2024-04-28T14:17:51.472Z,2024-10-27T05:41:14.628Z
8835,8021,NW589024186,WALLET,,MRU,88700,37000,500000,15000000,ACTIVE,true,2024-04-27,2024-09-05T16:48:56.265Z,2024-04-27T05:34:22.711Z,2024-09-05T16:48:56.265Z
8836,8022,NW219965484,WALLET,,MRU,8000,8000,500000,15000000,DORMANT,true,2023-01-11,2024-06-14T01:03:27.910Z,2023-01-11T17:24:10.615Z,2024-06-14T01:03:27.910Z
8837,8023,NA157367229,AGENT,,MRU,630,144000,500000,15000000,ACTIVE,true,2024-05-26,2024-08-14T21:18:03.880Z,2024-05-26T06:24:41.902Z,2024-08-14T21:18:03.880Z
8838,8023,NS160465955,SAVINGS,,MRU,173806,214000,500000,15000000,ACTIVE,false,2024-05-26,2024-11-23T22:34:17.548Z,2024-05-26T06:24:41.902Z,2024-11-23T22:34:17.548Z
8839,8023,NS989534855,SAVINGS,,MRU,20000,20000,500000,15000000,ACTIVE,false,2024-05-26,2024-08-02T10:20:05.272Z,2024-05-26T06:24:41.902Z,2024-08-02T10:20:05.272Z
8840,8024,NW351273328,WALLET,,MRU,44000,44000,500000,15000000,ACTIVE,true,2023-08-24,2024-09-18T04:30:53.413Z,2023-08-24T03:51:39.960Z,2024-09-18T04:30:53.413Z
8841,8025,NW374928623,WALLET,,MRU,12000,12000,500000,15000000,ACTIVE,true,2022-05-12,2024-04-18T03:51:54.246Z,2022-05-12T00:36:43.436Z,2024-04-18T03:51:54.246Z
8842,8026,NW575725317,WALLET,,MRU,9400,9400,500000,15000000,ACTIVE,true,2024-06-28,2024-12-03T13:20:12.246Z,2024-06-28T04:53:39.168Z,2024-12-03T13:20:12.246Z
8843,8027,NW481562257,WALLET,,MRU,453000,12000,500000,15000000,ACTIVE,true,2022-08-22,2022-12-20T23:38:53.645Z,2022-08-22T09:42:08.908Z,2022-12-20T23:38:53.645Z
8844,8028,NW260827601,WALLET,,MRU,22000,22000,500000,15000000,DORMANT,true,2022-07-15,2023-12-31T22:20:15.913Z,2022-07-15T17:07:29.788Z,2023-12-31T22:20:15.913Z
8845,8029,NA144952774,AGENT,,MRU,17000,17000,500000,15000000,DORMANT,true,2024-11-23,2024-12-09T05:05:29.802Z,2024-11-23T10:35:06.218Z,2024-12-09T05:05:29.802Z
8846,8030,NW932391047,WALLET,,MRU,48000,48000,500000,15000000,ACTIVE,true,2022-12-09,2024-02-10T10:32:57.685Z,2022-12-09T22:25:56.158Z,2024-02-10T10:32:57.685Z
8847,8031,NS493957281,SAVINGS,,MRU,275,9500,500000,15000000,ACTIVE,true,2023-07-18,2024-10-16T05:24:25.941Z,2023-07-18T00:37:48.589Z,2024-10-16T05:24:25.941Z
8848,8032,NM150986343,MERCHANT,,MRU,12000,12000,500000,15000000,DORMANT,true,2023-10-08,2023-10-13T13:57:15.986Z,2023-10-08T23:28:51.478Z,2023-10-13T13:57:15.986Z
8849,8033,NS658732921,SAVINGS,,MRU,1125,15000,500000,15000000,ACTIVE,true,2022-04-18,2024-07-26T02:37:13.676Z,2022-04-18T20:10:56.942Z,2024-07-26T02:37:13.676Z
8850,8034,NW855991363,WALLET,,MRU,2750,7000,500000,15000000,ACTIVE,true,2022-07-21,2023-12-08T13:30:14.443Z,2022-07-21T16:31:02.104Z,2023-12-08T13:30:14.443Z
8851,8035,NC954914451,CORPORATE,,MRU,24000,24000,500000,15000000,DORMANT,true,2022-07-30,2023-09-30T12:25:43.667Z,2022-07-30T04:39:17.798Z,2023-09-30T12:25:43.667Z
8852,8036,NW194043547,WALLET,,MRU,6800,6800,500000,15000000,ACTIVE,true,2023-04-29,2023-11-18T07:29:39.119Z,2023-04-29T04:21:22.120Z,2023-11-18T07:29:39.119Z
8853,8037,NW352189328,WALLET,,MRU,21000,21000,500000,15000000,ACTIVE,true,2024-08-06,2024-12-23T00:39:38.121Z,2024-08-06T23:33:41.848Z,2024-12-23T00:39:38.121Z
8854,8038,NA600874454,AGENT,,MRU,1167000,1167000,500000,15000000,ACTIVE,true,2024-11-27,2024-11-30T05:59:23.089Z,2024-11-27T13:39:12.414Z,2024-11-30T05:59:23.089Z
8855,8038,NS423234582,SAVINGS,,MRU,1736400,1723000,500000,15000000,ACTIVE,false,2024-11-27,2024-11-30T02:28:33.445Z,2024-11-27T13:39:12.414Z,2024-11-30T02:28:33.445Z
8856,8039,NW241012454,WALLET,,MRU,984600,48000,500000,15000000,ACTIVE,true,2022-09-06,2024-09-08T00:52:09.261Z,2022-09-06T04:27:21.518Z,2024-09-08T00:52:09.261Z
8857,8040,NW334493875,WALLET,,MRU,17000,17000,500000,15000000,DORMANT,true,2024-11-02,2024-11-16T05:18:31.806Z,2024-11-02T13:19:08.252Z,2024-11-16T05:18:31.806Z
8858,8041,NW667773843,WALLET,,MRU,10000,10000,500000,15000000,ACTIVE,true,2022-09-29,2023-01-29T03:15:14.123Z,2022-09-29T06:07:31.960Z,2023-01-29T03:15:14.123Z
8859,8042,NM434187412,MERCHANT,,MRU,9000,9000,500000,15000000,ACTIVE,true,2024-01-25,2024-10-17T16:47:32.208Z,2024-01-25T03:17:08.165Z,2024-10-17T16:47:32.208Z
8860,8043,NS621747404,SAVINGS,,MRU,114400,149000,500000,15000000,ACTIVE,true,2022-02-15,2023-12-21T16:24:31.548Z,2022-02-15T04:34:33.829Z,2023-12-21T16:24:31.548Z
8861,8043,NS219079613,SAVINGS,,MRU,904600,358000,500000,15000000,ACTIVE,false,2022-02-15,2023-07-07T23:53:09.208Z,2022-02-15T04:34:33.829Z,2023-07-07T23:53:09.208Z
8862,8044,NW447496414,WALLET,,MRU,180450,14000,500000,15000000,ACTIVE,true,2024-10-20,2024-12-27T23:41:06.889Z,2024-10-20T19:53:21.694Z,2024-12-27T23:41:06.889Z
8863,8045,NW106923461,WALLET,,MRU,13000,13000,500000,15000000,ACTIVE,true,2022-12-13,2024-10-19T20:00:12.002Z,2022-12-13T02:03:56.135Z,2024-10-19T20:00:12.002Z
8864,8046,NW833768159,WALLET,,MRU,6475,49000,500000,15000000,ACTIVE,true,2024-09-06,2024-10-10T05:28:49.757Z,2024-09-06T22:46:56.906Z,2024-10-10T05:28:49.757Z
8865,8047,NA933089852,AGENT,,MRU,14000,14000,500000,15000000,ACTIVE,true,2024-08-26,2024-12-08T20:52:52.684Z,2024-08-26T04:56:40.475Z,2024-12-08T20:52:52.684Z
8866,8048,NW824207425,WALLET,,MRU,104600,4600,500000,15000000,ACTIVE,true,2024-11-14,2024-11-23T17:16:22.277Z,2024-11-14T03:46:41.195Z,2024-11-23T17:16:22.277Z
8867,8049,NW709259271,WALLET,,MRU,1611000,11000,500000,15000000,ACTIVE,true,2022-07-08,2024-10-01T16:24:06.857Z,2022-07-08T15:29:42.944Z,2024-10-01T16:24:06.857Z
8868,8050,NC206235051,CORPORATE,,MRU,308000,21000,500000,15000000,ACTIVE,true,2024-10-04,2024-11-17T02:57:19.725Z,2024-10-04T18:09:53.268Z,2024-11-17T02:57:19.725Z
8869,8051,NW306852340,WALLET,,MRU,34000,34000,500000,15000000,FROZEN,true,2022-12-18,2023-11-15T04:43:15.883Z,2022-12-18T22:33:33.341Z,2023-11-15T04:43:15.883Z
8870,8052,NW423969268,WALLET,,MRU,92000,47000,500000,15000000,ACTIVE,true,2022-05-13,2022-09-08T08:24:24.147Z,2022-05-13T10:59:07.325Z,2022-09-08T08:24:24.147Z
8871,8053,NW487955332,WALLET,,MRU,56000,11000,500000,15000000,ACTIVE,true,2022-07-14,2022-08-31T03:52:30.291Z,2022-07-14T02:58:35.725Z,2022-08-31T03:52:30.291Z
8872,8054,NW793879509,WALLET,,MRU,650,650,500000,15000000,ACTIVE,true,2022-02-28,2024-06-10T13:18:07.219Z,2022-02-28T05:05:59.763Z,2024-06-10T13:18:07.219Z
8873,8055,NW046726968,WALLET,,MRU,34000,34000,500000,15000000,ACTIVE,true,2022-11-14,2024-08-05T14:44:52.860Z,2022-11-14T12:16:29.348Z,2024-08-05T14:44:52.860Z
8874,8056,NS192620754,SAVINGS,,MRU,100,11000,500000,15000000,ACTIVE,true,2023-03-26,2023-10-10T03:02:12.666Z,2023-03-26T13:10:21.023Z,2023-10-10T03:02:12.666Z
8875,8057,NW848772883,WALLET,,MRU,340900,316000,500000,15000000,ACTIVE,true,2024-12-04,2024-12-08T21:48:03.729Z,2024-12-04T08:15:11.084Z,2024-12-08T21:48:03.729Z
8876,8057,NW102570295,WALLET,,MRU,338,187000,500000,15000000,ACTIVE,false,2024-12-04,2024-12-22T23:30:31.610Z,2024-12-04T08:15:11.084Z,2024-12-22T23:30:31.610Z
8877,8057,NW075087219,WALLET,,MRU,198000,389000,500000,15000000,ACTIVE,false,2024-12-04,2024-12-18T23:32:10.439Z,2024-12-04T08:15:11.084Z,2024-12-18T23:32:10.439Z
8878,8058,NC872617721,CORPORATE,,MRU,14600,16000,500000,15000000,ACTIVE,true,2024-02-17,2024-02-19T07:35:15.326Z,2024-02-17T13:02:16.241Z,2024-02-19T07:35:15.326Z
8879,8059,NW840617180,WALLET,,MRU,10000,10000,500000,15000000,ACTIVE,true,2023-04-27,2024-03-24T09:38:48.138Z,2023-04-27T04:25:37.665Z,2024-03-24T09:38:48.138Z
8880,8060,NW802373648,WALLET,,MRU,5500,12000,500000,15000000,ACTIVE,true,2024-01-02,2024-02-19T01:10:07.726Z,2024-01-02T05:05:47.750Z,2024-02-19T01:10:07.726Z
8881,8061,NW933771610,WALLET,,MRU,15000,15000,500000,15000000,ACTIVE,true,2023-02-25,2024-11-23T22:28:17.915Z,2023-02-25T13:47:45.910Z,2024-11-23T22:28:17.915Z
8882,8062,NW142202258,WALLET,,MRU,140580,43000,500000,15000000,ACTIVE,true,2023-06-14,2023-12-12T00:59:12.856Z,2023-06-14T23:49:22.934Z,2023-12-12T00:59:12.856Z
8883,8063,NW559287309,WALLET,,MRU,42000,42000,500000,15000000,ACTIVE,true,2022-08-28,2024-01-17T09:21:54.631Z,2022-08-28T20:24:12.536Z,2024-01-17T09:21:54.631Z
8884,8064,NW806451082,WALLET,,MRU,4600,4600,500000,15000000,ACTIVE,true,2022-12-08,2023-11-13T21:52:28.956Z,2022-12-08T03:31:30.582Z,2023-11-13T21:52:28.956Z
8885,8065,NA136888623,AGENT,,MRU,42000,42000,500000,15000000,ACTIVE,true,2023-01-07,2023-08-31T04:47:05.957Z,2023-01-07T21:35:55.635Z,2023-08-31T04:47:05.957Z
8886,8066,NW090641260,WALLET,,MRU,4542150,4900,500000,15000000,ACTIVE,true,2022-07-10,2024-05-30T15:40:08.755Z,2022-07-10T04:33:15.029Z,2024-05-30T15:40:08.755Z
8887,8067,NW909082442,WALLET,,MRU,2712,8600,500000,15000000,ACTIVE,true,2022-10-08,2023-05-05T06:35:23.465Z,2022-10-08T11:22:31.742Z,2023-05-05T06:35:23.465Z
8888,8068,NW447274446,WALLET,,MRU,17000,17000,500000,15000000,ACTIVE,true,2024-07-03,2024-12-28T19:49:31.941Z,2024-07-03T19:47:05.398Z,2024-12-28T19:49:31.941Z
8889,8069,NW453096628,WALLET,,MRU,30000,30000,500000,15000000,ACTIVE,true,2022-02-03,2023-09-25T14:36:29.034Z,2022-02-03T22:59:26.252Z,2023-09-25T14:36:29.034Z
8890,8070,NW423431039,WALLET,,MRU,19000,19000,500000,15000000,ACTIVE,true,2024-01-11,2024-12-10T05:28:53.332Z,2024-01-11T06:40:04.161Z,2024-12-10T05:28:53.332Z
8891,8071,NW665396839,WALLET,,MRU,21000,21000,500000,15000000,ACTIVE,true,2023-11-28,2024-06-04T13:40:00.221Z,2023-11-28T03:25:36.750Z,2024-06-04T13:40:00.221Z
8892,8072,NW537456900,WALLET,,MRU,904600,4600,500000,15000000,ACTIVE,true,2022-06-14,2024-11-16T23:03:06.641Z,2022-06-14T01:06:32.554Z,2024-11-16T23:03:06.641Z
8893,8073,NS874551892,SAVINGS,,MRU,950,950,500000,15000000,ACTIVE,true,2022-04-28,2022-10-11T18:50:03.682Z,2022-04-28T15:09:14.679Z,2022-10-11T18:50:03.682Z
8894,8074,NW104490578,WALLET,,MRU,29000,29000,500000,15000000,DORMANT,true,2023-11-18,2024-02-07T11:35:52.332Z,2023-11-18T18:23:16.044Z,2024-02-07T11:35:52.332Z
8895,8075,NW438011765,WALLET,,MRU,18725,43000,500000,15000000,ACTIVE,true,2023-10-24,2024-07-25T09:13:29.556Z,2023-10-24T07:26:13.042Z,2024-07-25T09:13:29.556Z
8896,8076,NM672680974,MERCHANT,,MRU,1146080,1340000,500000,15000000,ACTIVE,true,2024-06-05,2024-09-02T02:59:11.429Z,2024-06-05T09:48:04.387Z,2024-09-02T02:59:11.429Z
8897,8076,NW213733196,WALLET,,MRU,754000,731000,500000,15000000,ACTIVE,false,2024-06-05,2024-08-17T20:19:47.687Z,2024-06-05T09:48:04.387Z,2024-08-17T20:19:47.687Z
8898,8076,NW219041228,WALLET,,MRU,1343000,1327000,500000,15000000,ACTIVE,false,2024-06-05,2024-07-12T04:01:31.782Z,2024-06-05T09:48:04.387Z,2024-07-12T04:01:31.782Z
8899,8077,NW266926407,WALLET,,MRU,837000,273000,500000,15000000,ACTIVE,true,2023-03-29,2023-12-25T16:50:48.648Z,2023-03-29T22:12:10.437Z,2023-12-25T16:50:48.648Z
8900,8077,NW737754971,WALLET,,MRU,468650,392000,500000,15000000,ACTIVE,false,2023-03-29,2024-11-28T07:16:53.596Z,2023-03-29T22:12:10.437Z,2024-11-28T07:16:53.596Z
8901,8078,NS790884971,SAVINGS,,MRU,0,2700,500000,15000000,ACTIVE,true,2023-08-30,2024-09-13T10:59:44.137Z,2023-08-30T02:32:12.400Z,2024-09-13T10:59:44.137Z
8902,8079,NW539711740,WALLET,,MRU,5900,19000,500000,15000000,ACTIVE,true,2023-07-07,2024-07-06T02:34:43.833Z,2023-07-07T15:19:58.328Z,2024-07-06T02:34:43.833Z
8903,8080,NW335289716,WALLET,,MRU,3592,31000,500000,15000000,ACTIVE,true,2023-02-13,2023-07-08T12:12:01.559Z,2023-02-13T08:57:31.886Z,2023-07-08T12:12:01.559Z
8904,8081,NW375556111,WALLET,,MRU,786100,17000,500000,15000000,ACTIVE,true,2022-05-15,2024-01-13T07:25:26.889Z,2022-05-15T22:36:33.123Z,2024-01-13T07:25:26.889Z
8905,8082,NW711108237,WALLET,,MRU,29000,29000,500000,15000000,FROZEN,true,2023-03-11,2024-05-02T17:03:14.222Z,2023-03-11T20:29:57.106Z,2024-05-02T17:03:14.222Z
8906,8083,NW442533876,WALLET,,MRU,5450,11000,500000,15000000,ACTIVE,true,2023-08-28,2023-09-22T23:53:25.773Z,2023-08-28T12:38:43.146Z,2023-09-22T23:53:25.773Z
8907,8084,NS865533143,SAVINGS,,MRU,11400,264000,500000,15000000,ACTIVE,true,2022-10-06,2024-01-18T05:30:29.794Z,2022-10-06T21:04:58.884Z,2024-01-18T05:30:29.794Z
8908,8084,NS543208599,SAVINGS,,MRU,1347000,625000,500000,15000000,ACTIVE,false,2022-10-06,2022-11-15T21:34:32.207Z,2022-10-06T21:04:58.884Z,2022-11-15T21:34:32.207Z
8909,8085,NM091322779,MERCHANT,,MRU,64075,38000,500000,15000000,ACTIVE,true,2024-06-06,2024-10-28T16:25:01.613Z,2024-06-06T18:52:27.842Z,2024-10-28T16:25:01.613Z
8910,8086,NS207592249,SAVINGS,,MRU,8166,10000,500000,15000000,ACTIVE,true,2023-12-06,2023-12-25T13:52:51.211Z,2023-12-06T16:18:18.317Z,2023-12-25T13:52:51.211Z
8911,8087,NS622834950,SAVINGS,,MRU,544196,28000,500000,15000000,ACTIVE,true,2024-06-03,2024-08-18T08:44:45.475Z,2024-06-03T11:34:23.969Z,2024-08-18T08:44:45.475Z
8912,8088,NW421871692,WALLET,,MRU,26000,26000,500000,15000000,ACTIVE,true,2023-09-04,2023-11-02T21:40:40.768Z,2023-09-04T04:14:59.549Z,2023-11-02T21:40:40.768Z
8913,8089,NW072163876,WALLET,,MRU,4400,11000,500000,15000000,ACTIVE,true,2022-02-07,2024-09-21T15:57:54.193Z,2022-02-07T18:32:41.800Z,2024-09-21T15:57:54.193Z
8914,8090,NC197483301,CORPORATE,,MRU,30000,30000,500000,15000000,ACTIVE,true,2024-04-03,2024-05-26T06:12:51.689Z,2024-04-03T04:24:12.027Z,2024-05-26T06:12:51.689Z
8915,8091,NA407371044,AGENT,,MRU,1975,5500,500000,15000000,ACTIVE,true,2024-05-19,2024-10-06T21:19:57.144Z,2024-05-19T11:34:48.649Z,2024-10-06T21:19:57.144Z
8916,8092,NS910102367,SAVINGS,,MRU,37000,37000,500000,15000000,FROZEN,true,2023-05-29,2023-07-09T06:14:33.783Z,2023-05-29T12:03:36.489Z,2023-07-09T06:14:33.783Z
8917,8093,NW807780202,WALLET,,MRU,2700,18000,500000,15000000,ACTIVE,true,2022-04-28,2022-11-16T09:29:58.562Z,2022-04-28T04:24:39.427Z,2022-11-16T09:29:58.562Z
8918,8094,NW725259304,WALLET,,MRU,67000,17000,500000,15000000,ACTIVE,true,2023-05-22,2023-07-27T09:59:29.038Z,2023-05-22T19:22:42.868Z,2023-07-27T09:59:29.038Z
8919,8095,NW693223715,WALLET,,MRU,20519,26000,500000,15000000,ACTIVE,true,2022-01-23,2024-11-15T07:33:31.995Z,2022-01-23T20:48:26.749Z,2024-11-15T07:33:31.995Z
8920,8096,NW324166085,WALLET,,MRU,4495,31000,500000,15000000,ACTIVE,true,2022-12-31,2024-10-02T04:02:56.292Z,2022-12-31T17:21:22.812Z,2024-10-02T04:02:56.292Z
8921,8097,NM589217901,MERCHANT,,MRU,20150,650,500000,15000000,ACTIVE,true,2024-02-04,2024-12-03T02:58:39.810Z,2024-02-04T22:52:15.879Z,2024-12-03T02:58:39.810Z
8922,8098,NM786677122,MERCHANT,,MRU,1525000,39000,500000,15000000,ACTIVE,true,2023-10-12,2024-10-01T20:20:02.469Z,2023-10-12T00:17:15.741Z,2024-10-01T20:20:02.469Z
8923,8099,NM586201191,MERCHANT,,MRU,17000,17000,500000,15000000,ACTIVE,true,2022-09-18,2023-05-18T17:18:47.393Z,2022-09-18T00:45:22.577Z,2023-05-18T17:18:47.393Z
8924,8100,NS828506946,SAVINGS,,MRU,3410,24000,500000,15000000,ACTIVE,true,2022-09-26,2023-10-25T14:54:57.332Z,2022-09-26T17:03:26.934Z,2023-10-25T14:54:57.332Z
8925,8101,NS466841578,SAVINGS,,MRU,4850,38000,500000,15000000,ACTIVE,true,2022-12-07,2023-05-08T23:42:51.279Z,2022-12-07T18:18:55.633Z,2023-05-08T23:42:51.279Z
8926,8102,NC110156774,CORPORATE,,MRU,129800,12000,500000,15000000,ACTIVE,true,2023-10-02,2024-02-14T06:25:18.574Z,2023-10-02T16:49:50.149Z,2024-02-14T06:25:18.574Z
8927,8103,NW010849952,WALLET,,MRU,31250,8100,500000,15000000,ACTIVE,true,2023-08-13,2023-08-19T12:01:52.250Z,2023-08-13T17:48:45.762Z,2023-08-19T12:01:52.250Z
8928,8104,NS022884607,SAVINGS,,MRU,275,39000,500000,15000000,ACTIVE,true,2022-09-08,2024-05-15T02:00:24.265Z,2022-09-08T07:17:09.542Z,2024-05-15T02:00:24.265Z
8929,8105,NW788057327,WALLET,,MRU,46000,37000,500000,15000000,ACTIVE,true,2023-08-03,2023-11-28T16:33:00.963Z,2023-08-03T09:21:15.227Z,2023-11-28T16:33:00.963Z
8930,8106,NC178785204,CORPORATE,,MRU,47000,47000,500000,15000000,ACTIVE,true,2023-12-13,2024-11-14T12:44:22.789Z,2023-12-13T08:25:43.017Z,2024-11-14T12:44:22.789Z
8931,8107,NW443714171,WALLET,,MRU,44000,44000,500000,15000000,ACTIVE,true,2024-05-14,2024-12-09T05:27:58.581Z,2024-05-14T11:42:21.423Z,2024-12-09T05:27:58.581Z
8932,8108,NW586573958,WALLET,,MRU,90300,11000,500000,15000000,ACTIVE,true,2023-01-28,2023-02-04T17:19:56.022Z,2023-01-28T23:17:09.894Z,2023-02-04T17:19:56.022Z
8933,8109,NW995769620,WALLET,,MRU,451297,18000,500000,15000000,ACTIVE,true,2022-03-25,2023-02-11T07:13:17.783Z,2022-03-25T10:01:54.614Z,2023-02-11T07:13:17.783Z
8934,8110,NA581270098,AGENT,,MRU,7600,7600,500000,15000000,ACTIVE,true,2024-05-22,2024-09-25T18:19:52.248Z,2024-05-22T21:28:30.833Z,2024-09-25T18:19:52.248Z
8935,8111,NW223755240,WALLET,,MRU,17000,17000,500000,15000000,DORMANT,true,2023-07-21,2023-09-08T20:53:56.937Z,2023-07-21T18:40:47.804Z,2023-09-08T20:53:56.937Z
8936,8112,NW429148435,WALLET,,MRU,19300,1300,500000,15000000,ACTIVE,true,2022-03-16,2024-11-04T09:32:43.028Z,2022-03-16T09:10:32.442Z,2024-11-04T09:32:43.028Z
8937,8113,NW807345390,WALLET,,MRU,60000,15000,500000,15000000,ACTIVE,true,2024-08-02,2024-11-17T21:04:27.514Z,2024-08-02T00:55:09.756Z,2024-11-17T21:04:27.514Z
8938,8114,NW282431990,WALLET,,MRU,834400,36000,500000,15000000,ACTIVE,true,2022-08-26,2024-09-29T04:43:54.126Z,2022-08-26T03:47:09.363Z,2024-09-29T04:43:54.126Z
8939,8115,NW956124544,WALLET,,MRU,44550,34000,500000,15000000,ACTIVE,true,2023-10-22,2023-11-03T02:01:37.623Z,2023-10-22T04:27:37.764Z,2023-11-03T02:01:37.623Z
8940,8116,NS185268640,SAVINGS,,MRU,588000,38000,500000,15000000,ACTIVE,true,2024-04-12,2024-07-24T06:50:14.763Z,2024-04-12T08:57:25.239Z,2024-07-24T06:50:14.763Z
8941,8117,NW260664012,WALLET,,MRU,5050,12000,500000,15000000,ACTIVE,true,2023-05-04,2023-08-15T19:07:21.862Z,2023-05-04T00:45:21.875Z,2023-08-15T19:07:21.862Z
8942,8118,NW851426840,WALLET,,MRU,2800,2800,500000,15000000,ACTIVE,true,2022-12-08,2024-02-27T15:02:59.813Z,2022-12-08T08:23:59.387Z,2024-02-27T15:02:59.813Z
8943,8119,NW407193660,WALLET,,MRU,1000,1000,500000,15000000,ACTIVE,true,2022-11-11,2024-11-05T01:39:53.363Z,2022-11-11T01:24:08.381Z,2024-11-05T01:39:53.363Z
8944,8120,NA481256962,AGENT,,MRU,15000,15000,500000,15000000,ACTIVE,true,2024-02-10,2024-05-18T10:01:51.736Z,2024-02-10T06:52:18.632Z,2024-05-18T10:01:51.736Z
8945,8121,NS939595580,SAVINGS,,MRU,178800,3500,500000,15000000,ACTIVE,true,2023-08-25,2023-12-29T23:29:05.263Z,2023-08-25T14:21:34.975Z,2023-12-29T23:29:05.263Z
8946,8122,NW834975958,WALLET,,MRU,1238000,1217000,500000,15000000,ACTIVE,true,2024-01-23,2024-04-14T22:07:50.410Z,2024-01-23T02:47:47.388Z,2024-04-14T22:07:50.410Z
8947,8122,NW882220387,WALLET,,MRU,396570,626000,500000,15000000,ACTIVE,false,2024-01-23,2024-09-24T16:51:14.929Z,2024-01-23T02:47:47.388Z,2024-09-24T16:51:14.929Z
8948,8122,NW313943535,WALLET,,MRU,286000,286000,500000,15000000,ACTIVE,false,2024-01-23,2024-09-01T11:24:24.228Z,2024-01-23T02:47:47.388Z,2024-09-01T11:24:24.228Z
8949,8123,NW677553415,WALLET,,MRU,8200,8200,500000,15000000,ACTIVE,true,2024-01-03,2024-09-25T19:55:09.996Z,2024-01-03T20:06:45.861Z,2024-09-25T19:55:09.996Z
8950,8124,NS902365684,SAVINGS,,MRU,43000,43000,500000,15000000,ACTIVE,true,2023-10-03,2024-04-07T19:42:43.227Z,2023-10-03T06:49:27.189Z,2024-04-07T19:42:43.227Z
8951,8125,NW724348426,WALLET,,MRU,4512725,34000,500000,15000000,ACTIVE,true,2024-09-20,2024-10-09T22:56:45.244Z,2024-09-20T05:24:32.681Z,2024-10-09T22:56:45.244Z
8952,8126,NW839826882,WALLET,,MRU,161000,1500,500000,15000000,ACTIVE,true,2023-02-02,2024-06-18T01:05:03.133Z,2023-02-02T06:47:09.037Z,2024-06-18T01:05:03.133Z
8953,8127,NA548773765,AGENT,,MRU,63250,36000,500000,15000000,ACTIVE,true,2022-05-16,2024-04-25T20:53:12.121Z,2022-05-16T06:40:45.644Z,2024-04-25T20:53:12.121Z
8954,8128,NW480741858,WALLET,,MRU,1950,8300,500000,15000000,ACTIVE,true,2024-04-10,2024-11-09T04:29:47.548Z,2024-04-10T09:01:06.950Z,2024-11-09T04:29:47.548Z
8955,8129,NM781091452,MERCHANT,,MRU,2000,42000,500000,15000000,ACTIVE,true,2023-12-01,2024-03-13T00:09:22.366Z,2023-12-01T02:57:56.182Z,2024-03-13T00:09:22.366Z
8956,8130,NW762223005,WALLET,,MRU,44000,44000,500000,15000000,ACTIVE,true,2024-05-23,2024-08-27T08:00:00.591Z,2024-05-23T21:46:04.446Z,2024-08-27T08:00:00.591Z
8957,8131,NW265544682,WALLET,,MRU,24000,24000,500000,15000000,ACTIVE,true,2024-01-23,2024-04-22T18:48:32.818Z,2024-01-23T23:21:00.879Z,2024-04-22T18:48:32.818Z
8958,8132,NW682590604,WALLET,,MRU,19125,13000,500000,15000000,ACTIVE,true,2024-11-13,2024-12-23T07:57:47.311Z,2024-11-13T22:07:46.686Z,2024-12-23T07:57:47.311Z
8959,8133,NW584481861,WALLET,,MRU,649000,26000,500000,15000000,ACTIVE,true,2023-02-15,2023-09-14T01:24:14.701Z,2023-02-15T08:47:52.094Z,2023-09-14T01:24:14.701Z
8960,8134,NW482323110,WALLET,,MRU,27000,27000,500000,15000000,ACTIVE,true,2022-11-11,2024-02-09T07:08:48.902Z,2022-11-11T17:48:26.426Z,2024-02-09T07:08:48.902Z
8961,8135,NW835456043,WALLET,,MRU,6690,34000,500000,15000000,ACTIVE,true,2023-08-22,2024-12-19T21:59:30.767Z,2023-08-22T00:47:23.519Z,2024-12-19T21:59:30.767Z
8962,8136,NW514322281,WALLET,,MRU,142,13000,500000,15000000,ACTIVE,true,2022-01-14,2024-08-02T19:00:08.471Z,2022-01-14T06:23:29.913Z,2024-08-02T19:00:08.471Z
8963,8137,NS915573120,SAVINGS,,MRU,3200,3200,500000,15000000,DORMANT,true,2023-09-23,2024-09-11T19:39:34.803Z,2023-09-23T05:33:48.208Z,2024-09-11T19:39:34.803Z
8964,8138,NW052610307,WALLET,,MRU,82100,34000,500000,15000000,ACTIVE,true,2024-09-01,2024-09-11T00:39:29.215Z,2024-09-01T15:26:33.843Z,2024-09-11T00:39:29.215Z
8965,8139,NS177028060,SAVINGS,,MRU,8700,8700,500000,15000000,DORMANT,true,2022-11-03,2024-04-28T05:03:14.231Z,2022-11-03T08:10:27.616Z,2024-04-28T05:03:14.231Z
8966,8140,NW366858154,WALLET,,MRU,86080,21000,500000,15000000,ACTIVE,true,2024-01-06,2024-07-31T14:38:57.505Z,2024-01-06T13:33:26.466Z,2024-07-31T14:38:57.505Z
8967,8141,NW702311992,WALLET,,MRU,9900,9900,500000,15000000,ACTIVE,true,2022-07-16,2022-12-20T15:54:44.013Z,2022-07-16T13:03:21.394Z,2022-12-20T15:54:44.013Z
8968,8142,NW733104110,WALLET,,MRU,21000,21000,500000,15000000,ACTIVE,true,2023-10-17,2024-09-05T00:21:37.748Z,2023-10-17T01:06:40.247Z,2024-09-05T00:21:37.748Z
8969,8143,NA683872104,AGENT,,MRU,7700,7700,500000,15000000,ACTIVE,true,2024-01-05,2024-09-06T07:11:02.248Z,2024-01-05T05:46:29.609Z,2024-09-06T07:11:02.248Z
8970,8144,NW695629865,WALLET,,MRU,98548,22000,500000,15000000,ACTIVE,true,2023-02-13,2023-03-26T07:57:56.464Z,2023-02-13T00:13:17.119Z,2023-03-26T07:57:56.464Z
8971,8145,NW197681963,WALLET,,MRU,6250,31000,500000,15000000,ACTIVE,true,2022-11-26,2022-12-02T13:17:40.527Z,2022-11-26T01:26:07.497Z,2022-12-02T13:17:40.527Z
8972,8146,NW606009960,WALLET,,MRU,14000,14000,500000,15000000,ACTIVE,true,2023-12-23,2024-08-29T15:17:15.553Z,2023-12-23T04:24:52.408Z,2024-08-29T15:17:15.553Z
8973,8147,NW339576274,WALLET,,MRU,1042000,42000,500000,15000000,ACTIVE,true,2023-12-26,2024-06-10T19:55:36.710Z,2023-12-26T12:24:28.753Z,2024-06-10T19:55:36.710Z
8974,8148,NW133721113,WALLET,,MRU,22,14000,500000,15000000,ACTIVE,true,2024-04-03,2024-06-08T02:24:53.659Z,2024-04-03T12:33:29.058Z,2024-06-08T02:24:53.659Z
8975,8149,NS968062669,SAVINGS,,MRU,51400,38000,500000,15000000,ACTIVE,true,2022-08-12,2023-12-02T17:32:23.195Z,2022-08-12T05:40:14.402Z,2023-12-02T17:32:23.195Z
8976,8150,NW838320255,WALLET,,MRU,1032000,32000,500000,15000000,ACTIVE,true,2022-06-28,2023-03-16T21:51:54.808Z,2022-06-28T02:29:41.907Z,2023-03-16T21:51:54.808Z
8977,8151,NW141363650,WALLET,,MRU,10400,18000,500000,15000000,ACTIVE,true,2023-03-08,2024-09-02T23:58:23.207Z,2023-03-08T12:13:34.186Z,2024-09-02T23:58:23.207Z
8978,8152,NS815085202,SAVINGS,,MRU,32000,32000,500000,15000000,ACTIVE,true,2023-01-05,2024-11-26T22:30:05.960Z,2023-01-05T11:37:22.145Z,2024-11-26T22:30:05.960Z
8979,8153,NS870478298,SAVINGS,,MRU,3440,39000,500000,15000000,ACTIVE,true,2024-08-24,2024-10-04T14:14:12.600Z,2024-08-24T01:23:38.476Z,2024-10-04T14:14:12.600Z
8980,8154,NW505774975,WALLET,,MRU,17500,4500,500000,15000000,ACTIVE,true,2023-03-04,2023-12-08T07:01:04.075Z,2023-03-04T00:32:30.251Z,2023-12-08T07:01:04.075Z
8981,8155,NW124259352,WALLET,,MRU,14750,39000,500000,15000000,ACTIVE,true,2024-11-23,2024-12-27T04:14:50.680Z,2024-11-23T18:26:51.561Z,2024-12-27T04:14:50.680Z
8982,8156,NW801256299,WALLET,,MRU,37000,37000,500000,15000000,ACTIVE,true,2023-01-25,2024-06-16T19:01:44.281Z,2023-01-25T10:07:13.319Z,2024-06-16T19:01:44.281Z
8983,8157,NA979818344,AGENT,,MRU,190000,190000,500000,15000000,ACTIVE,true,2022-07-06,2022-11-17T10:44:41.873Z,2022-07-06T03:20:08.582Z,2022-11-17T10:44:41.873Z
8984,8157,NS595753431,SAVINGS,,MRU,470375,498000,500000,15000000,ACTIVE,false,2022-07-06,2024-04-05T00:49:25.418Z,2022-07-06T03:20:08.582Z,2024-04-05T00:49:25.418Z
8985,8157,NS684977293,SAVINGS,,MRU,345000,345000,500000,15000000,ACTIVE,false,2022-07-06,2024-09-25T04:53:26.922Z,2022-07-06T03:20:08.582Z,2024-09-25T04:53:26.922Z
8986,8158,NW900367379,WALLET,,MRU,9900,9900,500000,15000000,ACTIVE,true,2024-02-06,2024-09-05T18:05:51.480Z,2024-02-06T05:27:01.925Z,2024-09-05T18:05:51.480Z
8987,8159,NS937669039,SAVINGS,,MRU,231500,7500,500000,15000000,ACTIVE,true,2024-06-20,2024-12-01T12:57:04.152Z,2024-06-20T16:15:43.452Z,2024-12-01T12:57:04.152Z
8988,8160,NS158090591,SAVINGS,,MRU,27100,33000,500000,15000000,ACTIVE,true,2022-02-14,2022-05-25T06:53:59.572Z,2022-02-14T19:27:34.405Z,2022-05-25T06:53:59.572Z
8989,8161,NS500243425,SAVINGS,,MRU,4750,45000,500000,15000000,ACTIVE,true,2024-07-04,2024-10-25T10:18:28.256Z,2024-07-04T17:35:07.242Z,2024-10-25T10:18:28.256Z
8990,8162,NW460044384,WALLET,,MRU,20000,20000,500000,15000000,ACTIVE,true,2022-09-05,2022-12-04T08:28:44.641Z,2022-09-05T05:56:25.436Z,2022-12-04T08:28:44.641Z
8991,8163,NW391397714,WALLET,,MRU,35000,35000,500000,15000000,FROZEN,true,2024-04-09,2024-08-07T05:26:45.776Z,2024-04-09T06:49:33.137Z,2024-08-07T05:26:45.776Z
8992,8164,NW187194138,WALLET,,MRU,11000,11000,500000,15000000,FROZEN,true,2022-08-31,2024-12-13T16:42:14.586Z,2022-08-31T06:17:24.598Z,2024-12-13T16:42:14.586Z
8993,8165,NW481267929,WALLET,,MRU,8200,8200,500000,15000000,ACTIVE,true,2024-08-08,2024-11-30T12:02:47.610Z,2024-08-08T19:53:05.149Z,2024-11-30T12:02:47.610Z
8994,8166,NM821712375,MERCHANT,,MRU,4550,1400,500000,15000000,ACTIVE,true,2024-11-27,2024-12-04T19:14:44.144Z,2024-11-27T12:21:23.259Z,2024-12-04T19:14:44.144Z
8995,8167,NW038255453,WALLET,,MRU,1900,3500,500000,15000000,ACTIVE,true,2023-09-10,2024-05-18T17:35:02.043Z,2023-09-10T17:49:48.151Z,2024-05-18T17:35:02.043Z
8996,8168,NW193477153,WALLET,,MRU,13000,13000,500000,15000000,ACTIVE,true,2024-09-07,2024-10-12T07:12:26.497Z,2024-09-07T16:01:11.768Z,2024-10-12T07:12:26.497Z
8997,8169,NW387495398,WALLET,,MRU,535800,11000,500000,15000000,ACTIVE,true,2022-11-30,2023-04-01T23:00:37.468Z,2022-11-30T08:35:57.058Z,2023-04-01T23:00:37.468Z
8998,8170,NS734376430,SAVINGS,,MRU,33480,36000,500000,15000000,ACTIVE,true,2022-12-28,2023-02-03T21:59:20.328Z,2022-12-28T15:48:03.070Z,2023-02-03T21:59:20.328Z
8999,8171,NW356309294,WALLET,,MRU,42000,42000,500000,15000000,ACTIVE,true,2023-08-03,2023-08-18T00:45:17.161Z,2023-08-03T01:55:57.283Z,2023-08-18T00:45:17.161Z
9000,8172,NW464785933,WALLET,,MRU,3500,3500,500000,15000000,ACTIVE,true,2022-09-14,2022-10-27T16:21:36.864Z,2022-09-14T03:00:01.308Z,2022-10-27T16:21:36.864Z
9001,8173,NS048239231,SAVINGS,,MRU,46000,46000,500000,15000000,FROZEN,true,2024-03-01,2024-12-13T05:30:07.494Z,2024-03-01T16:05:34.922Z,2024-12-13T05:30:07.494Z
9002,8174,NW190091520,WALLET,,MRU,28400,6400,500000,15000000,ACTIVE,true,2023-01-02,2024-07-02T22:20:02.714Z,2023-01-02T00:04:25.097Z,2024-07-02T22:20:02.714Z
9003,8175,NW014146208,WALLET,,MRU,5000,5000,500000,15000000,ACTIVE,true,2024-04-21,2024-08-01T04:28:14.848Z,2024-04-21T05:41:39.461Z,2024-08-01T04:28:14.848Z
9004,8176,NW198201298,WALLET,,MRU,0,42000,500000,15000000,ACTIVE,true,2023-03-11,2024-06-27T03:26:18.457Z,2023-03-11T20:40:08.594Z,2024-06-27T03:26:18.457Z
9005,8177,NS502435207,SAVINGS,,MRU,16000,16000,500000,15000000,DORMANT,true,2022-02-20,2024-02-23T21:14:26.579Z,2022-02-20T02:09:36.725Z,2024-02-23T21:14:26.579Z
9006,8178,NM056672573,MERCHANT,,MRU,816,13000,500000,15000000,ACTIVE,true,2023-12-22,2024-04-07T11:23:23.379Z,2023-12-22T14:47:23.723Z,2024-04-07T11:23:23.379Z
9007,8179,NW159785151,WALLET,,MRU,11076,26000,500000,15000000,ACTIVE,true,2024-11-02,2024-12-18T20:47:49.394Z,2024-11-02T08:07:23.436Z,2024-12-18T20:47:49.394Z
9008,8180,NW295834511,WALLET,,MRU,12000,12000,500000,15000000,ACTIVE,true,2022-03-23,2023-06-19T01:56:41.124Z,2022-03-23T17:10:58.784Z,2023-06-19T01:56:41.124Z
9009,8181,NM806989312,MERCHANT,,MRU,940000,40000,500000,15000000,ACTIVE,true,2022-03-15,2023-12-22T07:45:45.155Z,2022-03-15T21:26:10.385Z,2023-12-22T07:45:45.155Z
9010,8182,NW683545261,WALLET,,MRU,86500,27000,500000,15000000,ACTIVE,true,2024-12-06,2024-12-11T03:13:16.472Z,2024-12-06T07:55:19.452Z,2024-12-11T03:13:16.472Z
9011,8183,NW490550458,WALLET,,MRU,43,46000,500000,15000000,ACTIVE,true,2023-06-10,2023-12-17T12:01:04.317Z,2023-06-10T08:17:54.804Z,2023-12-17T12:01:04.317Z
9012,8184,NW793480635,WALLET,,MRU,23000,23000,500000,15000000,CLOSED,true,2023-01-04,2024-11-29T08:21:17.233Z,2023-01-04T12:52:08.924Z,2024-11-29T08:21:17.233Z
9013,8185,NA812885046,AGENT,,MRU,43000,43000,500000,15000000,ACTIVE,true,2022-07-16,2023-04-13T04:21:54.796Z,2022-07-16T00:22:04.876Z,2023-04-13T04:21:54.796Z
9014,8186,NW346163541,WALLET,,MRU,825,7200,500000,15000000,ACTIVE,true,2024-12-13,2024-12-23T12:08:41.934Z,2024-12-13T17:05:55.365Z,2024-12-23T12:08:41.934Z
9015,8187,NW213738441,WALLET,,MRU,13000,13000,500000,15000000,ACTIVE,true,2022-11-23,2024-02-07T21:47:20.967Z,2022-11-23T19:11:03.731Z,2024-02-07T21:47:20.967Z
9016,8188,NW923238635,WALLET,,MRU,28000,28000,500000,15000000,ACTIVE,true,2022-10-26,2024-12-10T21:02:55.720Z,2022-10-26T14:16:22.048Z,2024-12-10T21:02:55.720Z
9017,8189,NS047166824,SAVINGS,,MRU,19000,19000,500000,15000000,ACTIVE,true,2023-05-12,2024-12-18T02:20:13.010Z,2023-05-12T00:57:27.807Z,2024-12-18T02:20:13.010Z
9018,8190,NW626091480,WALLET,,MRU,661500,10000,500000,15000000,ACTIVE,true,2023-05-24,2024-03-05T22:32:08.104Z,2023-05-24T23:43:04.142Z,2024-03-05T22:32:08.104Z
9019,8191,NW986767739,WALLET,,MRU,19000,19000,500000,15000000,ACTIVE,true,2024-03-10,2024-07-27T10:50:14.790Z,2024-03-10T23:12:33.663Z,2024-07-27T10:50:14.790Z
9020,8192,NW184413462,WALLET,,MRU,4450,34000,500000,15000000,ACTIVE,true,2024-09-26,2024-10-30T01:13:47.564Z,2024-09-26T12:34:03.538Z,2024-10-30T01:13:47.564Z
9021,8193,NW323853731,WALLET,,MRU,1175,32000,500000,15000000,ACTIVE,true,2023-06-10,2023-09-07T07:26:15.229Z,2023-06-10T01:24:20.049Z,2023-09-07T07:26:15.229Z
9022,8194,NW537097096,WALLET,,MRU,46000,46000,500000,15000000,DORMANT,true,2022-04-26,2023-05-02T10:35:28.688Z,2022-04-26T09:35:07.082Z,2023-05-02T10:35:28.688Z
9023,8195,NA910549760,AGENT,,MRU,6400,6400,500000,15000000,ACTIVE,true,2024-07-21,2024-11-15T20:55:38.551Z,2024-07-21T12:44:52.683Z,2024-11-15T20:55:38.551Z
9024,8196,NW764404416,WALLET,,MRU,15000,15000,500000,15000000,ACTIVE,true,2023-03-08,2024-11-14T22:44:19.412Z,2023-03-08T16:12:51.274Z,2024-11-14T22:44:19.412Z
9025,8197,NM280055165,MERCHANT,,MRU,5100,16000,500000,15000000,ACTIVE,true,2023-03-10,2023-12-26T12:24:08.860Z,2023-03-10T06:50:33.714Z,2023-12-26T12:24:08.860Z
9026,8198,NW934116960,WALLET,,MRU,46803,45000,500000,15000000,ACTIVE,true,2022-07-23,2024-05-04T05:43:54.453Z,2022-07-23T00:09:08.888Z,2024-05-04T05:43:54.453Z
9027,8199,NW092628628,WALLET,,MRU,18000,18000,500000,15000000,ACTIVE,true,2022-02-16,2022-04-23T15:00:38.689Z,2022-02-16T11:55:45.579Z,2022-04-23T15:00:38.689Z
9028,8200,NW945286214,WALLET,,MRU,17000,15000,500000,15000000,ACTIVE,true,2023-07-18,2024-03-27T13:48:19.816Z,2023-07-18T17:10:08.775Z,2024-03-27T13:48:19.816Z
9029,8201,NM784314871,MERCHANT,,MRU,80,38000,500000,15000000,ACTIVE,true,2023-05-25,2023-10-07T09:44:01.030Z,2023-05-25T18:41:35.911Z,2023-10-07T09:44:01.030Z
9030,8202,NS510231137,SAVINGS,,MRU,3550,28000,500000,15000000,ACTIVE,true,2023-08-12,2024-05-28T21:30:10.978Z,2023-08-12T03:12:02.533Z,2024-05-28T21:30:10.978Z
9031,8203,NM390866875,MERCHANT,,MRU,423000,18000,500000,15000000,ACTIVE,true,2024-07-02,2024-07-13T10:22:52.614Z,2024-07-02T05:39:52.839Z,2024-07-13T10:22:52.614Z
9032,8204,NW882466555,WALLET,,MRU,324000,27000,500000,15000000,ACTIVE,true,2024-09-13,2024-10-30T15:46:01.606Z,2024-09-13T17:14:11.141Z,2024-10-30T15:46:01.606Z
9033,8205,NW695528984,WALLET,,MRU,375,16000,500000,15000000,ACTIVE,true,2024-11-24,2024-11-27T21:43:14.506Z,2024-11-24T16:49:34.224Z,2024-11-27T21:43:14.506Z
9034,8206,NW981311232,WALLET,,MRU,11000,11000,500000,15000000,ACTIVE,true,2022-02-18,2024-06-03T20:26:51.516Z,2022-02-18T21:02:26.298Z,2024-06-03T20:26:51.516Z
9035,8207,NW510213017,WALLET,,MRU,24000,24000,500000,15000000,DORMANT,true,2024-11-01,2024-11-17T09:11:20.431Z,2024-11-01T23:51:54.226Z,2024-11-17T09:11:20.431Z
9036,8208,NW868277222,WALLET,,MRU,7050,150,500000,15000000,ACTIVE,true,2024-07-19,2024-10-31T00:59:54.645Z,2024-07-19T08:32:33.550Z,2024-10-31T00:59:54.645Z
9037,8209,NW661959916,WALLET,,MRU,23150,16000,500000,15000000,ACTIVE,true,2024-11-05,2024-11-20T20:15:14.284Z,2024-11-05T05:44:03.984Z,2024-11-20T20:15:14.284Z
9038,8210,NW058255791,WALLET,,MRU,68,50000,500000,15000000,ACTIVE,true,2022-08-29,2023-04-17T12:28:23.167Z,2022-08-29T12:49:21.333Z,2023-04-17T12:28:23.167Z
9039,8211,NW977650404,WALLET,,MRU,27189,550,500000,15000000,ACTIVE,true,2023-10-04,2024-07-25T22:11:11.505Z,2023-10-04T21:22:02.299Z,2024-07-25T22:11:11.505Z
9040,8212,NA538794875,AGENT,,MRU,1300,1300,500000,15000000,ACTIVE,true,2022-11-06,2024-02-20T14:45:16.261Z,2022-11-06T06:18:45.713Z,2024-02-20T14:45:16.261Z
9041,8213,NS503463506,SAVINGS,,MRU,13000,13000,500000,15000000,DORMANT,true,2022-07-07,2023-01-10T13:29:36.049Z,2022-07-07T01:58:58.346Z,2023-01-10T13:29:36.049Z
9042,8214,NW168538510,WALLET,,MRU,24000,24000,500000,15000000,ACTIVE,true,2022-03-27,2024-11-13T21:55:23.204Z,2022-03-27T09:00:07.954Z,2024-11-13T21:55:23.204Z
9043,8215,NW684425235,WALLET,,MRU,30585,37000,500000,15000000,ACTIVE,true,2024-07-06,2024-11-19T01:45:42.075Z,2024-07-06T23:03:22.748Z,2024-11-19T01:45:42.075Z
9044,8216,NW246687322,WALLET,,MRU,13000,13000,500000,15000000,ACTIVE,true,2023-02-27,2024-08-11T20:22:15.552Z,2023-02-27T05:14:20.669Z,2024-08-11T20:22:15.552Z
9045,8217,NW367496758,WALLET,,MRU,5850,12000,500000,15000000,ACTIVE,true,2024-04-04,2024-11-26T08:05:04.059Z,2024-04-04T21:18:22.405Z,2024-11-26T08:05:04.059Z
9046,8218,NW613581329,WALLET,,MRU,427050,32000,500000,15000000,ACTIVE,true,2022-11-09,2024-07-08T15:29:53.580Z,2022-11-09T12:57:29.633Z,2024-07-08T15:29:53.580Z
9047,8219,NW603988170,WALLET,,MRU,18000,18000,500000,15000000,ACTIVE,true,2023-05-19,2024-01-03T10:12:51.779Z,2023-05-19T20:05:48.245Z,2024-01-03T10:12:51.779Z
9048,8220,NM378618121,MERCHANT,,MRU,97700,37000,500000,15000000,ACTIVE,true,2024-05-08,2024-10-09T21:18:44.507Z,2024-05-08T19:47:41.334Z,2024-10-09T21:18:44.507Z
9049,8221,NW049406886,WALLET,,MRU,436000,436000,500000,15000000,ACTIVE,true,2022-07-04,2023-08-12T02:45:24.323Z,2022-07-04T13:11:31.437Z,2023-08-12T02:45:24.323Z
9050,8221,NW023341774,WALLET,,MRU,270000,270000,500000,15000000,ACTIVE,false,2022-07-04,2023-09-20T14:55:17.032Z,2022-07-04T13:11:31.437Z,2023-09-20T14:55:17.032Z
9051,8222,NW854229122,WALLET,,MRU,7700,7700,500000,15000000,ACTIVE,true,2022-03-18,2024-11-08T22:39:28.454Z,2022-03-18T22:53:17.948Z,2024-11-08T22:39:28.454Z
9052,8223,NW997370746,WALLET,,MRU,15339,26000,500000,15000000,ACTIVE,true,2022-08-10,2023-01-20T11:50:15.608Z,2022-08-10T17:48:55.947Z,2023-01-20T11:50:15.608Z
9053,8224,NM279227972,MERCHANT,,MRU,22000,22000,500000,15000000,DORMANT,true,2023-06-23,2023-08-24T12:59:50.049Z,2023-06-23T03:30:30.172Z,2023-08-24T12:59:50.049Z
9054,8225,NW563211560,WALLET,,MRU,2834000,4000,500000,15000000,ACTIVE,true,2023-01-28,2024-04-14T21:31:39.480Z,2023-01-28T04:59:02.928Z,2024-04-14T21:31:39.480Z
9055,8226,NA713096142,AGENT,,MRU,7050,14000,500000,15000000,ACTIVE,true,2022-02-25,2024-09-14T06:15:33.902Z,2022-02-25T15:48:56.544Z,2024-09-14T06:15:33.902Z
9056,8227,NS684333324,SAVINGS,,MRU,6000,16000,500000,15000000,ACTIVE,true,2024-04-03,2024-06-18T10:42:33.738Z,2024-04-03T03:05:49.037Z,2024-06-18T10:42:33.738Z
9057,8228,NW701547503,WALLET,,MRU,41000,41000,500000,15000000,ACTIVE,true,2022-01-07,2023-04-26T08:18:22.417Z,2022-01-07T18:46:33.065Z,2023-04-26T08:18:22.417Z
9058,8229,NW941797972,WALLET,,MRU,231000,11000,500000,15000000,ACTIVE,true,2023-03-04,2024-05-07T05:46:53.450Z,2023-03-04T18:21:43.202Z,2024-05-07T05:46:53.450Z
9059,8230,NW770398855,WALLET,,MRU,5201,34000,500000,15000000,ACTIVE,true,2023-02-23,2024-12-04T18:46:31.842Z,2023-02-23T11:55:06.444Z,2024-12-04T18:46:31.842Z
9060,8231,NC624568701,CORPORATE,,MRU,70000,46000,500000,15000000,ACTIVE,true,2023-08-11,2024-03-15T05:26:54.738Z,2023-08-11T06:19:05.188Z,2024-03-15T05:26:54.738Z
9061,8232,NW883661032,WALLET,,MRU,16000,16000,500000,15000000,FROZEN,true,2024-06-04,2024-08-05T09:11:48.497Z,2024-06-04T23:46:48.044Z,2024-08-05T09:11:48.497Z
9062,8233,NM402045965,MERCHANT,,MRU,12700,16000,500000,15000000,ACTIVE,true,2024-07-09,2024-09-04T13:06:08.968Z,2024-07-09T14:40:08.453Z,2024-09-04T13:06:08.968Z
9063,8234,NW949042082,WALLET,,MRU,150,20000,500000,15000000,ACTIVE,true,2022-09-20,2023-07-08T08:41:58.905Z,2022-09-20T12:07:34.844Z,2023-07-08T08:41:58.905Z
9064,8235,NW588745832,WALLET,,MRU,256000,256000,500000,15000000,ACTIVE,true,2022-08-11,2024-10-24T17:04:14.668Z,2022-08-11T14:39:06.939Z,2024-10-24T17:04:14.668Z
9065,8235,NW152187138,WALLET,,MRU,400,185000,500000,15000000,ACTIVE,false,2022-08-11,2023-10-06T19:07:25.880Z,2022-08-11T14:39:06.939Z,2023-10-06T19:07:25.880Z
9066,8236,NW878067493,WALLET,,MRU,28000,28000,500000,15000000,ACTIVE,true,2022-11-27,2024-05-13T09:58:57.668Z,2022-11-27T05:42:32.823Z,2024-05-13T09:58:57.668Z
9067,8237,NM990034938,MERCHANT,,MRU,5000,12000,500000,15000000,ACTIVE,true,2023-12-25,2024-03-07T16:39:24.092Z,2023-12-25T17:05:27.665Z,2024-03-07T16:39:24.092Z
9068,8238,NS300868868,SAVINGS,,MRU,54000,32000,500000,15000000,ACTIVE,true,2024-06-04,2024-11-16T19:45:55.766Z,2024-06-04T22:25:41.874Z,2024-11-16T19:45:55.766Z
9069,8239,NA558495402,AGENT,,MRU,3325,49000,500000,15000000,ACTIVE,true,2024-05-18,2024-05-25T17:01:29.397Z,2024-05-18T14:23:34.504Z,2024-05-25T17:01:29.397Z
9070,8240,NS463866621,SAVINGS,,MRU,316369,332000,500000,15000000,ACTIVE,true,2022-10-03,2023-03-20T11:31:33.923Z,2022-10-03T17:52:55.293Z,2023-03-20T11:31:33.923Z
9071,8240,NS542075157,SAVINGS,,MRU,659400,466000,500000,15000000,ACTIVE,false,2022-10-03,2023-01-24T06:18:24.442Z,2022-10-03T17:52:55.293Z,2023-01-24T06:18:24.442Z
9072,8240,NW849331260,WALLET,,MRU,3918400,441000,500000,15000000,ACTIVE,false,2022-10-03,2023-04-28T02:51:44.890Z,2022-10-03T17:52:55.293Z,2023-04-28T02:51:44.890Z
9073,8241,NW063052415,WALLET,,MRU,1750,28000,500000,15000000,ACTIVE,true,2022-04-29,2024-10-29T06:18:37.722Z,2022-04-29T10:21:27.286Z,2024-10-29T06:18:37.722Z
9074,8242,NW553521186,WALLET,,MRU,43400,3400,500000,15000000,ACTIVE,true,2024-01-22,2024-08-27T19:04:09.300Z,2024-01-22T20:49:28.762Z,2024-08-27T19:04:09.300Z
9075,8243,NW990459707,WALLET,,MRU,188050,49000,500000,15000000,ACTIVE,true,2024-10-05,2024-10-23T01:22:41.492Z,2024-10-05T21:34:56.839Z,2024-10-23T01:22:41.492Z
9076,8244,NW223218590,WALLET,,MRU,1744900,6900,500000,15000000,ACTIVE,true,2024-05-02,2024-10-19T17:40:06.145Z,2024-05-02T06:21:00.864Z,2024-10-19T17:40:06.145Z
9077,8245,NW027656912,WALLET,,MRU,110000,110000,500000,15000000,FROZEN,true,2022-09-22,2023-12-28T03:17:57.218Z,2022-09-22T04:30:52.786Z,2023-12-28T03:17:57.218Z
9078,8245,NW093688607,WALLET,,MRU,889000,439000,500000,15000000,ACTIVE,false,2022-09-22,2024-08-23T20:59:56.933Z,2022-09-22T04:30:52.786Z,2024-08-23T20:59:56.933Z
9079,8246,NA016639709,AGENT,,MRU,18000,18000,500000,15000000,ACTIVE,true,2022-04-23,2024-07-26T16:50:37.836Z,2022-04-23T09:30:56.004Z,2024-07-26T16:50:37.836Z
9080,8247,NM535536527,MERCHANT,,MRU,124000,47000,500000,15000000,ACTIVE,true,2022-03-30,2024-06-22T06:45:16.140Z,2022-03-30T06:33:36.774Z,2024-06-22T06:45:16.140Z
9081,8248,NW027513265,WALLET,,MRU,200,22000,500000,15000000,ACTIVE,true,2022-02-15,2022-12-29T14:46:54.347Z,2022-02-15T02:44:47.388Z,2022-12-29T14:46:54.347Z
9082,8249,NW952818125,WALLET,,MRU,5607400,3400,500000,15000000,ACTIVE,true,2024-06-26,2024-08-25T19:45:24.113Z,2024-06-26T18:13:35.132Z,2024-08-25T19:45:24.113Z
9083,8250,NW546252012,WALLET,,MRU,1306300,700,500000,15000000,ACTIVE,true,2022-01-02,2023-10-22T02:55:36.660Z,2022-01-02T22:54:39.055Z,2023-10-22T02:55:36.660Z
9084,8251,NS504693031,SAVINGS,,MRU,879000,10000,500000,15000000,ACTIVE,true,2024-10-10,2024-12-11T02:02:36.747Z,2024-10-10T04:48:43.241Z,2024-12-11T02:02:36.747Z
9085,8252,NW707356810,WALLET,,MRU,4800,18000,500000,15000000,ACTIVE,true,2022-04-12,2024-10-13T06:58:58.653Z,2022-04-12T22:43:11.967Z,2024-10-13T06:58:58.653Z
9086,8253,NW092064142,WALLET,,MRU,849752,49000,500000,15000000,ACTIVE,true,2024-12-13,2024-12-26T16:18:35.753Z,2024-12-13T15:23:06.215Z,2024-12-26T16:18:35.753Z
9087,8254,NS983210564,SAVINGS,,MRU,1369500,1500,500000,15000000,ACTIVE,true,2022-06-08,2022-08-26T23:57:00.285Z,2022-06-08T08:59:16.830Z,2022-08-26T23:57:00.285Z
9088,8255,NS007724642,SAVINGS,,MRU,37600,14000,500000,15000000,ACTIVE,true,2022-09-23,2024-11-07T10:12:18.548Z,2022-09-23T17:11:26.117Z,2024-11-07T10:12:18.548Z
9089,8256,NW683379706,WALLET,,MRU,152000,41000,500000,15000000,ACTIVE,true,2024-06-22,2024-07-31T18:09:56.428Z,2024-06-22T05:05:06.857Z,2024-07-31T18:09:56.428Z
9090,8257,NA924067974,AGENT,,MRU,581,15000,500000,15000000,ACTIVE,true,2024-03-06,2024-12-26T09:09:08.685Z,2024-03-06T09:25:13.629Z,2024-12-26T09:09:08.685Z
9091,8258,NM436427593,MERCHANT,,MRU,25000,7000,500000,15000000,ACTIVE,true,2023-06-19,2024-05-01T10:55:23.101Z,2023-06-19T13:53:18.265Z,2024-05-01T10:55:23.101Z
9092,8259,NW059230327,WALLET,,MRU,1975,750,500000,15000000,ACTIVE,true,2022-07-04,2024-12-06T09:50:57.798Z,2022-07-04T16:38:11.765Z,2024-12-06T09:50:57.798Z
9093,8260,NW468398481,WALLET,,MRU,40000,40000,500000,15000000,ACTIVE,true,2024-05-21,2024-06-20T09:06:45.264Z,2024-05-21T07:42:21.426Z,2024-06-20T09:06:45.264Z
9094,8261,NC349768638,CORPORATE,,MRU,13000,13000,500000,15000000,FROZEN,true,2022-10-10,2022-10-12T05:28:43.934Z,2022-10-10T19:37:39.428Z,2022-10-12T05:28:43.934Z
9095,8262,NS015795469,SAVINGS,,MRU,296,19000,500000,15000000,ACTIVE,true,2024-08-17,2024-11-06T08:09:29.466Z,2024-08-17T14:59:03.364Z,2024-11-06T08:09:29.466Z
9096,8263,NW995711088,WALLET,,MRU,200,3500,500000,15000000,ACTIVE,true,2022-06-12,2023-06-04T06:20:22.519Z,2022-06-12T18:33:28.012Z,2023-06-04T06:20:22.519Z
9097,8264,NW699158788,WALLET,,MRU,1616000,1616000,500000,15000000,FROZEN,true,2023-03-05,2024-08-14T11:16:36.735Z,2023-03-05T22:46:10.669Z,2024-08-14T11:16:36.735Z
9098,8264,NS792406678,SAVINGS,,MRU,2015300,1974000,500000,15000000,ACTIVE,false,2023-03-05,2023-08-01T13:07:51.050Z,2023-03-05T22:46:10.669Z,2023-08-01T13:07:51.050Z
9099,8265,NW936375081,WALLET,,MRU,3275,2500,500000,15000000,ACTIVE,true,2024-10-10,2024-12-30T00:42:42.539Z,2024-10-10T23:11:32.162Z,2024-12-30T00:42:42.539Z
9100,8266,NA970271349,AGENT,,MRU,46900,6800,500000,15000000,ACTIVE,true,2023-04-01,2023-05-16T06:20:24.938Z,2023-04-01T07:05:55.783Z,2023-05-16T06:20:24.938Z
9101,8267,NW915799141,WALLET,,MRU,950,12000,500000,15000000,ACTIVE,true,2023-08-04,2023-12-07T21:19:59.865Z,2023-08-04T02:48:03.258Z,2023-12-07T21:19:59.865Z
9102,8268,NW614645958,WALLET,,MRU,84000,29000,500000,15000000,ACTIVE,true,2022-11-26,2024-11-30T12:11:28.783Z,2022-11-26T16:56:56.908Z,2024-11-30T12:11:28.783Z
9103,8269,NA013833045,AGENT,,MRU,4100,4100,500000,15000000,ACTIVE,true,2022-05-30,2022-07-31T12:47:40.089Z,2022-05-30T19:16:16.948Z,2022-07-31T12:47:40.089Z
9104,8270,NW922933102,WALLET,,MRU,34000,34000,500000,15000000,ACTIVE,true,2023-03-13,2023-09-16T20:17:48.681Z,2023-03-13T00:19:38.115Z,2023-09-16T20:17:48.681Z
9105,8271,NS074231624,SAVINGS,,MRU,300,12000,500000,15000000,ACTIVE,true,2022-08-27,2023-05-07T15:26:55.392Z,2022-08-27T09:25:31.963Z,2023-05-07T15:26:55.392Z
9106,8272,NW422497391,WALLET,,MRU,1900,1900,500000,15000000,ACTIVE,true,2022-01-09,2023-03-20T17:27:32.377Z,2022-01-09T20:29:37.345Z,2023-03-20T17:27:32.377Z
9107,8273,NW994955063,WALLET,,MRU,14000,14000,500000,15000000,DORMANT,true,2022-05-27,2023-09-13T18:52:38.714Z,2022-05-27T04:22:23.554Z,2023-09-13T18:52:38.714Z
9108,8274,NS292421367,SAVINGS,,MRU,23000,23000,500000,15000000,ACTIVE,true,2024-02-02,2024-08-15T17:59:47.872Z,2024-02-02T16:04:40.992Z,2024-08-15T17:59:47.872Z
9109,8275,NS853911400,SAVINGS,,MRU,271,10000,500000,15000000,ACTIVE,true,2024-12-11,2024-12-14T05:06:55.635Z,2024-12-11T14:33:58.765Z,2024-12-14T05:06:55.635Z
9110,8276,NW141846895,WALLET,,MRU,1000,49000,500000,15000000,ACTIVE,true,2022-11-20,2022-12-04T22:32:54.686Z,2022-11-20T13:40:45.058Z,2022-12-04T22:32:54.686Z
9111,8277,NW954564094,WALLET,,MRU,417544,48000,500000,15000000,ACTIVE,true,2024-12-24,2024-12-27T04:55:59.435Z,2024-12-24T05:15:33.857Z,2024-12-27T04:55:59.435Z
9112,8278,NW994933128,WALLET,,MRU,3467500,19000,500000,15000000,ACTIVE,true,2024-09-15,2024-12-04T14:58:39.117Z,2024-09-15T04:24:39.418Z,2024-12-04T14:58:39.117Z
9113,8279,NW164475441,WALLET,,MRU,46000,46000,500000,15000000,ACTIVE,true,2024-06-23,2024-08-06T07:08:52.034Z,2024-06-23T23:47:10.894Z,2024-08-06T07:08:52.034Z
9114,8280,NW289887722,WALLET,,MRU,2700,2700,500000,15000000,ACTIVE,true,2023-11-26,2024-01-23T02:01:07.337Z,2023-11-26T13:10:30.509Z,2024-01-23T02:01:07.337Z
9115,8281,NC123234748,CORPORATE,,MRU,2650,12000,500000,15000000,ACTIVE,true,2022-03-11,2024-11-15T19:58:05.455Z,2022-03-11T10:53:09.141Z,2024-11-15T19:58:05.455Z
9116,8282,NW920086265,WALLET,,MRU,796,38000,500000,15000000,ACTIVE,true,2022-12-31,2023-12-08T06:50:59.745Z,2022-12-31T04:05:42.393Z,2023-12-08T06:50:59.745Z
9117,8283,NS828465819,SAVINGS,,MRU,4300,4300,500000,15000000,ACTIVE,true,2022-03-31,2024-02-21T18:59:33.514Z,2022-03-31T10:06:50.944Z,2024-02-21T18:59:33.514Z
9118,8284,NW263234853,WALLET,,MRU,50000,50000,500000,15000000,ACTIVE,true,2023-10-29,2024-09-20T06:48:57.816Z,2023-10-29T03:38:56.108Z,2024-09-20T06:48:57.816Z
9119,8285,NW988491297,WALLET,,MRU,84000,24000,500000,15000000,ACTIVE,true,2023-04-22,2023-06-05T03:43:32.004Z,2023-04-22T17:14:04.400Z,2023-06-05T03:43:32.004Z
9120,8286,NS251125931,SAVINGS,,MRU,19000,19000,500000,15000000,ACTIVE,true,2024-01-17,2024-07-11T05:21:46.921Z,2024-01-17T18:32:28.637Z,2024-07-11T05:21:46.921Z
9121,8287,NW967546940,WALLET,,MRU,71400,42000,500000,15000000,ACTIVE,true,2024-06-20,2024-07-09T12:37:38.159Z,2024-06-20T16:33:14.788Z,2024-07-09T12:37:38.159Z
9122,8288,NM522675395,MERCHANT,,MRU,399350,49000,500000,15000000,ACTIVE,true,2023-06-06,2023-08-04T00:50:28.187Z,2023-06-06T02:45:13.228Z,2023-08-04T00:50:28.187Z
9123,8288,NS774301529,SAVINGS,,MRU,542400,490000,500000,15000000,ACTIVE,false,2023-06-06,2023-09-28T02:36:13.878Z,2023-06-06T02:45:13.228Z,2023-09-28T02:36:13.878Z
9124,8288,NW804669261,WALLET,,MRU,258000,258000,500000,15000000,ACTIVE,false,2023-06-06,2024-07-08T14:04:15.762Z,2023-06-06T02:45:13.228Z,2024-07-08T14:04:15.762Z
9125,8289,NW231963515,WALLET,,MRU,27985,11000,500000,15000000,ACTIVE,true,2023-03-29,2024-09-02T09:59:06.002Z,2023-03-29T02:46:03.598Z,2024-09-02T09:59:06.002Z
9126,8290,NS596340298,SAVINGS,,MRU,17000,17000,500000,15000000,ACTIVE,true,2023-05-04,2024-06-14T11:52:14.994Z,2023-05-04T08:55:26.838Z,2024-06-14T11:52:14.994Z
9127,8291,NW110063552,WALLET,,MRU,649700,11000,500000,15000000,ACTIVE,true,2023-07-07,2024-03-11T00:03:50.133Z,2023-07-07T05:03:03.432Z,2024-03-11T00:03:50.133Z
9128,8292,NW381036520,WALLET,,MRU,200,4300,500000,15000000,ACTIVE,true,2023-12-18,2023-12-20T23:27:56.195Z,2023-12-18T15:13:12.404Z,2023-12-20T23:27:56.195Z
9129,8293,NS237828254,SAVINGS,,MRU,450300,495000,500000,15000000,ACTIVE,true,2022-05-23,2022-08-07T03:25:46.653Z,2022-05-23T22:21:46.280Z,2022-08-07T03:25:46.653Z
9130,8293,NW277240038,WALLET,,MRU,238000,160000,500000,15000000,ACTIVE,false,2022-05-23,2024-10-16T11:48:46.780Z,2022-05-23T22:21:46.280Z,2024-10-16T11:48:46.780Z
9131,8293,NW631778985,WALLET,,MRU,400000,220000,500000,15000000,ACTIVE,false,2022-05-23,2022-08-09T18:25:10.413Z,2022-05-23T22:21:46.280Z,2022-08-09T18:25:10.413Z
9132,8294,NC686428070,CORPORATE,,MRU,34000,34000,500000,15000000,FROZEN,true,2023-09-01,2024-08-28T21:21:20.423Z,2023-09-01T20:16:07.775Z,2024-08-28T21:21:20.423Z
9133,8295,NM444089889,MERCHANT,,MRU,1050,27000,500000,15000000,ACTIVE,true,2022-05-05,2022-09-19T18:04:23.657Z,2022-05-05T00:04:55.224Z,2022-09-19T18:04:23.657Z
9134,8296,NC173272848,CORPORATE,,MRU,14000,14000,500000,15000000,ACTIVE,true,2023-02-16,2024-03-19T16:25:49.553Z,2023-02-16T06:48:40.852Z,2024-03-19T16:25:49.553Z
9135,8297,NW139896035,WALLET,,MRU,31192,45000,500000,15000000,ACTIVE,true,2023-06-15,2023-12-18T12:26:29.396Z,2023-06-15T18:15:26.050Z,2023-12-18T12:26:29.396Z
9136,8298,NW269681930,WALLET,,MRU,7500,7500,500000,15000000,ACTIVE,true,2023-06-16,2024-08-29T06:15:14.920Z,2023-06-16T09:05:03.079Z,2024-08-29T06:15:14.920Z
9137,8299,NW031574279,WALLET,,MRU,3400,3400,500000,15000000,ACTIVE,true,2023-02-10,2024-01-03T15:22:16.141Z,2023-02-10T06:08:15.770Z,2024-01-03T15:22:16.141Z
9138,8300,NW688962996,WALLET,,MRU,50000,50000,500000,15000000,ACTIVE,true,2023-03-13,2024-06-04T22:52:40.083Z,2023-03-13T11:01:10.450Z,2024-06-04T22:52:40.083Z
9139,8301,NW399847746,WALLET,,MRU,250,15000,500000,15000000,ACTIVE,true,2022-01-28,2023-01-05T03:17:45.927Z,2022-01-28T05:34:30.724Z,2023-01-05T03:17:45.927Z
9140,8302,NW682207465,WALLET,,MRU,127600,208000,500000,15000000,ACTIVE,true,2022-11-26,2024-01-16T15:33:45.483Z,2022-11-26T16:40:13.153Z,2024-01-16T15:33:45.483Z
9141,8302,NW817719698,WALLET,,MRU,77150,338000,500000,15000000,ACTIVE,false,2022-11-26,2023-08-04T09:34:31.710Z,2022-11-26T16:40:13.153Z,2023-08-04T09:34:31.710Z
9142,8302,NS597131967,SAVINGS,,MRU,8441,104000,500000,15000000,ACTIVE,false,2022-11-26,2023-06-19T08:26:44.299Z,2022-11-26T16:40:13.153Z,2023-06-19T08:26:44.299Z
9143,8303,NW261000752,WALLET,,MRU,14775,30000,500000,15000000,ACTIVE,true,2023-04-08,2023-08-06T19:15:37.974Z,2023-04-08T06:39:24.949Z,2023-08-06T19:15:37.974Z
9144,8304,NW698177337,WALLET,,MRU,1073300,6300,500000,15000000,ACTIVE,true,2024-02-04,2024-05-27T02:22:29.157Z,2024-02-04T19:23:03.295Z,2024-05-27T02:22:29.157Z
9145,8305,NA502405047,AGENT,,MRU,18000,18000,500000,15000000,CLOSED,true,2024-04-24,2024-10-22T19:22:42.545Z,2024-04-24T02:33:13.252Z,2024-10-22T19:22:42.545Z
9146,8306,NW792843222,WALLET,,MRU,190,48000,500000,15000000,ACTIVE,true,2023-01-28,2023-10-16T08:46:45.873Z,2023-01-28T12:30:55.606Z,2023-10-16T08:46:45.873Z
9147,8307,NC429782152,CORPORATE,,MRU,6900,6900,500000,15000000,DORMANT,true,2024-07-20,2024-08-02T05:52:06.160Z,2024-07-20T13:06:16.466Z,2024-08-02T05:52:06.160Z
9148,8308,NC558598518,CORPORATE,,MRU,200,42000,500000,15000000,ACTIVE,true,2022-12-19,2024-06-20T14:46:31.194Z,2022-12-19T22:22:18.578Z,2024-06-20T14:46:31.194Z
9149,8309,NW202587157,WALLET,,MRU,7200,7200,500000,15000000,ACTIVE,true,2024-08-02,2024-09-02T19:46:23.718Z,2024-08-02T01:30:52.604Z,2024-09-02T19:46:23.718Z
9150,8310,NS646139622,SAVINGS,,MRU,8700,8700,500000,15000000,CLOSED,true,2024-12-18,2024-12-24T14:58:26.935Z,2024-12-18T16:58:33.869Z,2024-12-24T14:58:26.935Z
9151,8311,NW394907504,WALLET,,MRU,250,21000,500000,15000000,ACTIVE,true,2023-09-26,2024-11-08T04:11:40.625Z,2023-09-26T14:50:03.220Z,2024-11-08T04:11:40.625Z
9152,8312,NW411125093,WALLET,,MRU,18000,18000,500000,15000000,ACTIVE,true,2024-11-01,2024-12-21T02:36:55.147Z,2024-11-01T16:39:57.031Z,2024-12-21T02:36:55.147Z
9153,8313,NS908942938,SAVINGS,,MRU,94550,8800,500000,15000000,ACTIVE,true,2024-04-04,2024-04-07T12:52:53.611Z,2024-04-04T04:43:18.685Z,2024-04-07T12:52:53.611Z
9154,8314,NW771159887,WALLET,,MRU,26000,26000,500000,15000000,CLOSED,true,2023-09-29,2023-11-14T13:01:30.455Z,2023-09-29T05:34:30.780Z,2023-11-14T13:01:30.455Z
9155,8315,NC110120892,CORPORATE,,MRU,12000,12000,500000,15000000,ACTIVE,true,2022-10-15,2024-11-23T03:06:12.546Z,2022-10-15T12:14:57.731Z,2024-11-23T03:06:12.546Z
9156,8316,NS724485755,SAVINGS,,MRU,5900,5900,500000,15000000,ACTIVE,true,2024-09-21,2024-12-13T15:32:15.813Z,2024-09-21T01:19:27.896Z,2024-12-13T15:32:15.813Z
9157,8317,NW922404051,WALLET,,MRU,46000,46000,500000,15000000,ACTIVE,true,2024-07-15,2024-10-29T16:26:15.487Z,2024-07-15T13:18:42.472Z,2024-10-29T16:26:15.487Z
9158,8318,NM046615719,MERCHANT,,MRU,9900,9900,500000,15000000,ACTIVE,true,2022-01-11,2024-02-16T22:57:42.401Z,2022-01-11T14:19:00.328Z,2024-02-16T22:57:42.401Z
9159,8319,NW058734297,WALLET,,MRU,83000,83000,500000,15000000,DORMANT,true,2023-03-23,2024-03-03T10:42:13.956Z,2023-03-23T03:12:53.276Z,2024-03-03T10:42:13.956Z
9160,8319,NW260313660,WALLET,,MRU,449000,409000,500000,15000000,ACTIVE,false,2023-03-23,2024-10-30T14:08:01.709Z,2023-03-23T03:12:53.276Z,2024-10-30T14:08:01.709Z
9161,8319,NS802968860,SAVINGS,,MRU,215000,215000,500000,15000000,FROZEN,false,2023-03-23,2024-10-02T13:20:40.861Z,2023-03-23T03:12:53.276Z,2024-10-02T13:20:40.861Z
9162,8320,NW852389216,WALLET,,MRU,29000,29000,500000,15000000,CLOSED,true,2024-05-11,2024-08-17T19:55:57.443Z,2024-05-11T04:02:51.840Z,2024-08-17T19:55:57.443Z
9163,8321,NW536313474,WALLET,,MRU,300,6900,500000,15000000,ACTIVE,true,2024-01-27,2024-09-28T16:35:23.938Z,2024-01-27T12:19:18.209Z,2024-09-28T16:35:23.938Z
9164,8322,NS448127418,SAVINGS,,MRU,150,1800,500000,15000000,ACTIVE,true,2023-09-02,2024-03-27T03:34:28.782Z,2023-09-02T16:34:55.316Z,2024-03-27T03:34:28.782Z
9165,8323,NW384774714,WALLET,,MRU,3250,37000,500000,15000000,ACTIVE,true,2022-08-18,2023-12-23T06:31:25.947Z,2022-08-18T17:48:26.243Z,2023-12-23T06:31:25.947Z
9166,8324,NC547800779,CORPORATE,,MRU,1227218,490000,500000,15000000,ACTIVE,true,2024-12-16,2024-12-29T20:35:45.585Z,2024-12-16T14:47:40.423Z,2024-12-29T20:35:45.585Z
9167,8324,NW024056315,WALLET,,MRU,1800000,1849000,500000,15000000,ACTIVE,false,2024-12-16,2024-12-24T02:39:03.480Z,2024-12-16T14:47:40.423Z,2024-12-24T02:39:03.480Z
9168,8325,NW684038997,WALLET,,MRU,417000,43000,500000,15000000,ACTIVE,true,2022-11-07,2024-08-10T09:40:34.930Z,2022-11-07T04:25:12.816Z,2024-08-10T09:40:34.930Z
9169,8326,NW829859137,WALLET,,MRU,46000,46000,500000,15000000,ACTIVE,true,2023-09-15,2023-10-14T02:04:58.830Z,2023-09-15T07:56:55.210Z,2023-10-14T02:04:58.830Z
9170,8327,NA799417734,AGENT,,MRU,17000,17000,500000,15000000,ACTIVE,true,2024-05-20,2024-09-07T09:59:52.864Z,2024-05-20T02:21:30.513Z,2024-09-07T09:59:52.864Z
9171,8328,NW701415300,WALLET,,MRU,450,450,500000,15000000,ACTIVE,true,2022-11-04,2022-12-06T06:26:36.964Z,2022-11-04T03:42:38.175Z,2022-12-06T06:26:36.964Z
9172,8329,NS051605820,SAVINGS,,MRU,28280,26000,500000,15000000,ACTIVE,true,2024-02-20,2024-09-21T08:51:14.554Z,2024-02-20T18:42:26.664Z,2024-09-21T08:51:14.554Z
9173,8330,NW331244468,WALLET,,MRU,600,600,500000,15000000,ACTIVE,true,2022-01-16,2024-09-07T14:41:39.722Z,2022-01-16T17:22:46.246Z,2024-09-07T14:41:39.722Z
9174,8331,NS612724423,SAVINGS,,MRU,1200,1200,500000,15000000,ACTIVE,true,2023-03-06,2024-08-25T21:43:10.061Z,2023-03-06T03:33:57.521Z,2024-08-25T21:43:10.061Z
9175,8332,NA864930034,AGENT,,MRU,2700,2700,500000,15000000,ACTIVE,true,2022-08-29,2024-09-01T00:32:42.966Z,2022-08-29T13:45:10.944Z,2024-09-01T00:32:42.966Z
9176,8333,NW912573934,WALLET,,MRU,32000,32000,500000,15000000,FROZEN,true,2022-03-21,2023-09-20T00:55:59.688Z,2022-03-21T06:00:28.582Z,2023-09-20T00:55:59.688Z
9177,8334,NW455759167,WALLET,,MRU,29000,29000,500000,15000000,ACTIVE,true,2024-09-07,2024-11-28T04:38:24.062Z,2024-09-07T23:34:09.648Z,2024-11-28T04:38:24.062Z
9178,8335,NS165732979,SAVINGS,,MRU,36000,36000,500000,15000000,ACTIVE,true,2023-12-11,2024-09-20T06:21:26.731Z,2023-12-11T09:16:01.709Z,2024-09-20T06:21:26.731Z
9179,8336,NW322298050,WALLET,,MRU,37000,37000,500000,15000000,ACTIVE,true,2024-06-21,2024-12-04T12:35:19.142Z,2024-06-21T08:32:36.011Z,2024-12-04T12:35:19.142Z
9180,8337,NW311470031,WALLET,,MRU,23000,23000,500000,15000000,ACTIVE,true,2023-08-30,2024-07-11T11:04:50.116Z,2023-08-30T10:45:23.452Z,2024-07-11T11:04:50.116Z
9181,8338,NW443929672,WALLET,,MRU,157750,4300,500000,15000000,ACTIVE,true,2024-01-18,2024-10-19T09:43:01.166Z,2024-01-18T15:12:30.609Z,2024-10-19T09:43:01.166Z
9182,8339,NW826506019,WALLET,,MRU,153,17000,500000,15000000,ACTIVE,true,2022-06-02,2023-04-04T19:27:47.962Z,2022-06-02T11:24:45.841Z,2023-04-04T19:27:47.962Z
9183,8340,NW807746321,WALLET,,MRU,17000,17000,500000,15000000,ACTIVE,true,2022-04-25,2023-02-15T08:33:30.757Z,2022-04-25T08:44:31.333Z,2023-02-15T08:33:30.757Z
9184,8341,NW594048768,WALLET,,MRU,30000,30000,500000,15000000,ACTIVE,true,2024-01-09,2024-05-03T17:12:04.252Z,2024-01-09T20:27:06.999Z,2024-05-03T17:12:04.252Z
9185,8342,NC480390548,CORPORATE,,MRU,24000,24000,500000,15000000,ACTIVE,true,2024-03-23,2024-11-01T20:23:57.098Z,2024-03-23T18:49:15.454Z,2024-11-01T20:23:57.098Z
9186,8343,NM552105784,MERCHANT,,MRU,46000,46000,500000,15000000,DORMANT,true,2023-02-03,2024-03-31T06:24:25.955Z,2023-02-03T20:31:11.564Z,2024-03-31T06:24:25.955Z
9187,8344,NM415071368,MERCHANT,,MRU,14000,14000,500000,15000000,ACTIVE,true,2023-07-17,2024-07-09T07:48:08.959Z,2023-07-17T01:36:05.710Z,2024-07-09T07:48:08.959Z
9188,8345,NW710632711,WALLET,,MRU,3900,3900,500000,15000000,FROZEN,true,2024-12-23,2024-12-24T21:30:20.507Z,2024-12-23T19:02:47.080Z,2024-12-24T21:30:20.507Z
9189,8346,NW964290559,WALLET,,MRU,9000,9000,500000,15000000,ACTIVE,true,2024-08-12,2024-09-03T00:11:42.133Z,2024-08-12T21:53:42.149Z,2024-09-03T00:11:42.133Z
9190,8347,NM587732911,MERCHANT,,MRU,129,22000,500000,15000000,ACTIVE,true,2024-04-29,2024-06-02T01:51:18.730Z,2024-04-29T02:59:19.268Z,2024-06-02T01:51:18.730Z
9191,8348,NM674737453,MERCHANT,,MRU,2725,13000,500000,15000000,ACTIVE,true,2022-09-29,2023-10-06T01:29:04.034Z,2022-09-29T02:27:25.244Z,2023-10-06T01:29:04.034Z
9192,8349,NW442109585,WALLET,,MRU,1091,35000,500000,15000000,ACTIVE,true,2023-05-27,2024-11-21T04:14:44.477Z,2023-05-27T10:56:26.336Z,2024-11-21T04:14:44.477Z
9193,8350,NW954934597,WALLET,,MRU,24400,8500,500000,15000000,ACTIVE,true,2022-10-09,2023-11-16T09:16:23.903Z,2022-10-09T11:12:10.550Z,2023-11-16T09:16:23.903Z
9194,8351,NW206624388,WALLET,,MRU,178000,178000,500000,15000000,FROZEN,true,2024-03-31,2024-09-07T00:00:06.749Z,2024-03-31T10:58:16.534Z,2024-09-07T00:00:06.749Z
9195,8351,NS505874395,SAVINGS,,MRU,280000,280000,500000,15000000,ACTIVE,false,2024-03-31,2024-10-02T12:44:02.372Z,2024-03-31T10:58:16.534Z,2024-10-02T12:44:02.372Z
9196,8352,NW769208670,WALLET,,MRU,324000,324000,500000,15000000,ACTIVE,true,2023-07-04,2024-03-13T22:00:14.567Z,2023-07-04T11:41:04.780Z,2024-03-13T22:00:14.567Z
9197,8352,NW263935834,WALLET,,MRU,24000,24000,500000,15000000,ACTIVE,false,2023-07-04,2024-10-11T22:17:12.143Z,2023-07-04T11:41:04.780Z,2024-10-11T22:17:12.143Z
9198,8352,NW051039218,WALLET,,MRU,305000,305000,500000,15000000,ACTIVE,false,2023-07-04,2024-03-22T19:08:34.723Z,2023-07-04T11:41:04.780Z,2024-03-22T19:08:34.723Z
9199,8353,NW576825380,WALLET,,MRU,200,429000,500000,15000000,ACTIVE,true,2022-02-26,2024-03-08T23:49:52.161Z,2022-02-26T12:34:59.417Z,2024-03-08T23:49:52.161Z
9200,8353,NW488516118,WALLET,,MRU,555000,455000,500000,15000000,ACTIVE,false,2022-02-26,2024-06-25T19:40:37.674Z,2022-02-26T12:34:59.417Z,2024-06-25T19:40:37.674Z
9201,8353,NW346407532,WALLET,,MRU,5005,61000,500000,15000000,ACTIVE,false,2022-02-26,2023-06-09T05:40:29.194Z,2022-02-26T12:34:59.417Z,2023-06-09T05:40:29.194Z
9202,8354,NA700029373,AGENT,,MRU,67570,56000,500000,15000000,ACTIVE,true,2022-04-05,2023-10-30T08:34:28.165Z,2022-04-05T22:45:02.544Z,2023-10-30T08:34:28.165Z
9203,8354,NS164400845,SAVINGS,,MRU,0,26000,500000,15000000,ACTIVE,false,2022-04-05,2022-10-25T05:23:35.575Z,2022-04-05T22:45:02.544Z,2022-10-25T05:23:35.575Z
9204,8354,NS891109943,SAVINGS,,MRU,314000,314000,500000,15000000,ACTIVE,false,2022-04-05,2023-12-24T13:26:09.012Z,2022-04-05T22:45:02.544Z,2023-12-24T13:26:09.012Z
9205,8355,NW298180341,WALLET,,MRU,74200,37000,500000,15000000,ACTIVE,true,2022-04-25,2023-08-23T09:23:07.351Z,2022-04-25T10:00:44.624Z,2023-08-23T09:23:07.351Z
9206,8356,NW458503216,WALLET,,MRU,100500,2800,500000,15000000,ACTIVE,true,2022-02-23,2024-07-17T13:14:14.809Z,2022-02-23T16:42:15.687Z,2024-07-17T13:14:14.809Z
9207,8357,NW125867873,WALLET,,MRU,38000,38000,500000,15000000,ACTIVE,true,2022-12-21,2024-06-03T23:41:36.658Z,2022-12-21T23:05:05.037Z,2024-06-03T23:41:36.658Z
9208,8358,NW868522048,WALLET,,MRU,17000,17000,500000,15000000,ACTIVE,true,2022-07-25,2023-07-07T13:45:43.527Z,2022-07-25T22:53:18.293Z,2023-07-07T13:45:43.527Z
9209,8359,NW800743461,WALLET,,MRU,29600,38000,500000,15000000,ACTIVE,true,2022-08-22,2024-06-19T04:32:10.283Z,2022-08-22T07:29:15.254Z,2024-06-19T04:32:10.283Z
9210,8360,NW876285791,WALLET,,MRU,455300,5300,500000,15000000,ACTIVE,true,2024-04-15,2024-04-24T08:48:37.603Z,2024-04-15T09:53:57.283Z,2024-04-24T08:48:37.603Z
9211,8361,NS052299499,SAVINGS,,MRU,2360,12000,500000,15000000,ACTIVE,true,2023-03-14,2024-01-18T15:28:53.972Z,2023-03-14T15:36:34.869Z,2024-01-18T15:28:53.972Z
9212,8362,NM336754083,MERCHANT,,MRU,23000,23000,500000,15000000,ACTIVE,true,2022-06-14,2024-10-31T02:00:11.910Z,2022-06-14T09:00:58.611Z,2024-10-31T02:00:11.910Z
9213,8363,NW652775883,WALLET,,MRU,17000,17000,500000,15000000,ACTIVE,true,2022-08-27,2023-03-01T12:21:11.485Z,2022-08-27T00:29:37.951Z,2023-03-01T12:21:11.485Z
9214,8364,NC098675251,CORPORATE,,MRU,893400,18000,500000,15000000,ACTIVE,true,2023-08-21,2024-02-01T12:24:00.605Z,2023-08-21T01:07:05.799Z,2024-02-01T12:24:00.605Z
9215,8365,NA278407454,AGENT,,MRU,14000,14000,500000,15000000,ACTIVE,true,2023-10-19,2024-10-01T14:22:34.814Z,2023-10-19T04:50:39.199Z,2024-10-01T14:22:34.814Z
9216,8366,NW978626162,WALLET,,MRU,50,2900,500000,15000000,ACTIVE,true,2024-11-26,2024-12-30T17:40:05.322Z,2024-11-26T15:39:28.506Z,2024-12-30T17:40:05.322Z
9217,8367,NW435731172,WALLET,,MRU,2400,2400,500000,15000000,ACTIVE,true,2023-02-23,2024-09-16T11:23:17.302Z,2023-02-23T22:13:20.288Z,2024-09-16T11:23:17.302Z
9218,8368,NS913599133,SAVINGS,,MRU,3750,27000,500000,15000000,ACTIVE,true,2024-10-07,2024-11-19T00:55:49.593Z,2024-10-07T12:59:02.163Z,2024-11-19T00:55:49.593Z
9219,8369,NM000220894,MERCHANT,,MRU,41503,30000,500000,15000000,ACTIVE,true,2024-08-13,2024-12-02T22:48:26.188Z,2024-08-13T03:37:18.612Z,2024-12-02T22:48:26.188Z
9220,8370,NM846406340,MERCHANT,,MRU,250,44000,500000,15000000,ACTIVE,true,2023-02-13,2023-05-11T16:35:24.409Z,2023-02-13T08:57:31.886Z,2023-05-11T16:35:24.409Z
9221,8371,NM244343996,MERCHANT,,MRU,51000,10000,500000,15000000,ACTIVE,true,2023-03-15,2023-11-13T21:09:31.333Z,2023-03-15T10:02:38.338Z,2023-11-13T21:09:31.333Z
9222,8372,NS840543866,SAVINGS,,MRU,1038,12000,500000,15000000,ACTIVE,true,2023-10-28,2024-06-10T07:45:59.476Z,2023-10-28T01:27:53.309Z,2024-06-10T07:45:59.476Z
9223,8373,NS673274517,SAVINGS,,MRU,689610,13000,500000,15000000,ACTIVE,true,2023-02-22,2023-11-22T16:36:19.779Z,2023-02-22T05:38:23.101Z,2023-11-22T16:36:19.779Z
9224,8374,NM513026714,MERCHANT,,MRU,8600,12000,500000,15000000,ACTIVE,true,2022-07-14,2024-12-24T02:57:19.895Z,2022-07-14T03:21:59.855Z,2024-12-24T02:57:19.895Z
9225,8375,NA029946327,AGENT,,MRU,32330,1200,500000,15000000,ACTIVE,true,2022-08-14,2022-09-16T11:39:06.145Z,2022-08-14T07:15:36.277Z,2022-09-16T11:39:06.145Z
9226,8376,NM729269743,MERCHANT,,MRU,1100,1100,500000,15000000,ACTIVE,true,2023-08-11,2023-12-18T14:58:27.868Z,2023-08-11T06:19:05.188Z,2023-12-18T14:58:27.868Z
9227,8377,NW301587104,WALLET,,MRU,22000,22000,500000,15000000,ACTIVE,true,2024-06-04,2024-08-01T11:20:20.603Z,2024-06-04T23:46:48.044Z,2024-08-01T11:20:20.603Z
9228,8378,NS991461754,SAVINGS,,MRU,37000,37000,500000,15000000,ACTIVE,true,2024-09-27,2024-11-08T07:36:17.785Z,2024-09-27T15:02:35.204Z,2024-11-08T07:36:17.785Z
9229,8379,NW011940240,WALLET,,MRU,1334000,1334000,500000,15000000,ACTIVE,true,2023-11-25,2024-04-02T22:37:25.636Z,2023-11-25T06:55:39.947Z,2024-04-02T22:37:25.636Z
9230,8379,NW044721867,WALLET,,MRU,2235000,1234000,500000,15000000,ACTIVE,false,2023-11-25,2024-01-14T03:15:33.348Z,2023-11-25T06:55:39.947Z,2024-01-14T03:15:33.348Z
9231,8379,NS864405632,SAVINGS,,MRU,1994970,1669000,500000,15000000,ACTIVE,false,2023-11-25,2024-10-31T20:15:39.544Z,2023-11-25T06:55:39.947Z,2024-10-31T20:15:39.544Z
9232,8380,NM069485664,MERCHANT,,MRU,29000,29000,500000,15000000,FROZEN,true,2022-05-30,2022-09-18T04:59:28.298Z,2022-05-30T19:24:16.269Z,2022-09-18T04:59:28.298Z
9233,8381,NW393948793,WALLET,,MRU,46000,46000,500000,15000000,ACTIVE,true,2023-04-23,2023-07-11T19:21:34.304Z,2023-04-23T03:00:54.792Z,2023-07-11T19:21:34.304Z
9234,8382,NW439111411,WALLET,,MRU,4700,4700,500000,15000000,FROZEN,true,2022-02-01,2024-07-05T20:05:42.578Z,2022-02-01T10:42:54.599Z,2024-07-05T20:05:42.578Z
9235,8383,NW817863583,WALLET,,MRU,48000,48000,500000,15000000,ACTIVE,true,2022-11-24,2024-12-22T22:33:56.479Z,2022-11-24T18:35:34.086Z,2024-12-22T22:33:56.479Z
9236,8384,NM888427734,MERCHANT,,MRU,1700,1700,500000,15000000,DORMANT,true,2024-10-01,2024-11-06T10:39:02.416Z,2024-10-01T14:25:43.932Z,2024-11-06T10:39:02.416Z
9237,8385,NA330183983,AGENT,,MRU,1275,4600,500000,15000000,ACTIVE,true,2022-08-07,2023-07-12T13:16:39.217Z,2022-08-07T19:42:33.451Z,2023-07-12T13:16:39.217Z
9238,8386,NW660924315,WALLET,,MRU,5450,23000,500000,15000000,ACTIVE,true,2023-03-14,2024-11-12T07:51:32.476Z,2023-03-14T02:45:00.873Z,2024-11-12T07:51:32.476Z
9239,8387,NS487935900,SAVINGS,,MRU,24000,24000,500000,15000000,CLOSED,true,2022-01-21,2023-06-25T13:26:41.700Z,2022-01-21T01:47:35.790Z,2023-06-25T13:26:41.700Z
9240,8388,NW426753074,WALLET,,MRU,15000,15000,500000,15000000,FROZEN,true,2023-01-21,2023-06-26T12:48:46.843Z,2023-01-21T23:49:27.532Z,2023-06-26T12:48:46.843Z
9241,8389,NW495218515,WALLET,,MRU,938800,1296000,500000,15000000,ACTIVE,true,2024-03-18,2024-12-11T00:02:43.676Z,2024-03-18T10:13:29.851Z,2024-12-11T00:02:43.676Z
9242,8389,NW807765037,WALLET,,MRU,639680,661000,500000,15000000,ACTIVE,false,2024-03-18,2024-08-16T18:35:18.702Z,2024-03-18T10:13:29.851Z,2024-08-16T18:35:18.702Z
9243,8390,NW416723638,WALLET,,MRU,1141950,950,500000,15000000,ACTIVE,true,2023-03-09,2024-03-24T02:45:11.036Z,2023-03-09T09:21:47.881Z,2024-03-24T02:45:11.036Z
9244,8391,NW056546475,WALLET,,MRU,38120,45000,500000,15000000,ACTIVE,true,2023-11-21,2023-12-04T13:40:54.744Z,2023-11-21T07:15:30.546Z,2023-12-04T13:40:54.744Z
9245,8392,NW214552164,WALLET,,MRU,29000,29000,500000,15000000,FROZEN,true,2024-10-03,2024-12-22T04:04:13.374Z,2024-10-03T17:32:15.712Z,2024-12-22T04:04:13.374Z
9246,8393,NA799535870,AGENT,,MRU,750,4800,500000,15000000,ACTIVE,true,2024-08-16,2024-12-11T17:01:51.497Z,2024-08-16T20:11:45.817Z,2024-12-11T17:01:51.497Z
9247,8394,NW166829854,WALLET,,MRU,21000,21000,500000,15000000,ACTIVE,true,2022-03-20,2022-10-17T20:48:50.434Z,2022-03-20T06:52:05.328Z,2022-10-17T20:48:50.434Z
9248,8395,NS596691251,SAVINGS,,MRU,37000,37000,500000,15000000,ACTIVE,true,2023-01-06,2024-04-03T13:41:47.983Z,2023-01-06T15:56:28.185Z,2024-04-03T13:41:47.983Z
9249,8396,NM547746300,MERCHANT,,MRU,14000,14000,500000,15000000,ACTIVE,true,2022-11-06,2024-12-30T19:10:17.881Z,2022-11-06T07:41:36.559Z,2024-12-30T19:10:17.881Z
9250,8397,NW680530101,WALLET,,MRU,310,18000,500000,15000000,ACTIVE,true,2024-08-29,2024-09-26T17:00:00.810Z,2024-08-29T16:03:32.680Z,2024-09-26T17:00:00.810Z
9251,8398,NC807619691,CORPORATE,,MRU,2825,17000,500000,15000000,ACTIVE,true,2022-12-26,2023-01-22T05:29:54.006Z,2022-12-26T20:58:42.004Z,2023-01-22T05:29:54.006Z
9252,8399,NW106882810,WALLET,,MRU,52000,52000,500000,15000000,FROZEN,true,2023-04-21,2023-07-28T00:22:13.787Z,2023-04-21T11:56:33.675Z,2023-07-28T00:22:13.787Z
9253,8399,NW582525730,WALLET,,MRU,422000,422000,500000,15000000,ACTIVE,false,2023-04-21,2023-11-29T04:02:44.313Z,2023-04-21T11:56:33.675Z,2023-11-29T04:02:44.313Z
9254,8399,NS983210087,SAVINGS,,MRU,463925,495000,500000,15000000,ACTIVE,false,2023-04-21,2023-10-04T18:39:09.556Z,2023-04-21T11:56:33.675Z,2023-10-04T18:39:09.556Z
9255,8400,NW658815890,WALLET,,MRU,411900,8900,500000,15000000,ACTIVE,true,2022-08-12,2023-11-22T10:17:36.907Z,2022-08-12T13:45:59.967Z,2023-11-22T10:17:36.907Z
9256,8401,NM368911624,MERCHANT,,MRU,3250,40000,500000,15000000,ACTIVE,true,2024-02-15,2024-02-16T13:24:59.710Z,2024-02-15T10:48:11.066Z,2024-02-16T13:24:59.710Z
9257,8402,NW171744883,WALLET,,MRU,189750,15000,500000,15000000,ACTIVE,true,2022-10-15,2023-10-15T04:20:01.194Z,2022-10-15T13:55:20.265Z,2023-10-15T04:20:01.194Z
9258,8403,NW362679958,WALLET,,MRU,3658,46000,500000,15000000,ACTIVE,true,2022-07-21,2022-12-05T19:46:27.115Z,2022-07-21T23:13:51.185Z,2022-12-05T19:46:27.115Z
9259,8404,NW378165543,WALLET,,MRU,46000,46000,500000,15000000,FROZEN,true,2023-10-05,2024-05-16T02:16:44.525Z,2023-10-05T02:40:16.211Z,2024-05-16T02:16:44.525Z
9260,8405,NA597144842,AGENT,,MRU,7500,7500,500000,15000000,ACTIVE,true,2024-03-16,2024-06-27T23:46:52.786Z,2024-03-16T04:59:54.041Z,2024-06-27T23:46:52.786Z
9261,8406,NA912573576,AGENT,,MRU,17000,17000,500000,15000000,ACTIVE,true,2022-06-15,2023-12-17T21:59:55.915Z,2022-06-15T02:53:20.471Z,2023-12-17T21:59:55.915Z
9262,8407,NW073648244,WALLET,,MRU,306000,27000,500000,15000000,ACTIVE,true,2022-06-18,2024-07-31T04:09:10.582Z,2022-06-18T16:17:22.908Z,2024-07-31T04:09:10.582Z
9263,8408,NW405292630,WALLET,,MRU,65000,47000,500000,15000000,ACTIVE,true,2023-08-11,2024-08-19T06:30:32.103Z,2023-08-11T05:57:22.562Z,2024-08-19T06:30:32.103Z
9264,8409,NW441051513,WALLET,,MRU,12000,12000,500000,15000000,ACTIVE,true,2024-05-11,2024-11-08T11:24:04.109Z,2024-05-11T09:06:31.695Z,2024-11-08T11:24:04.109Z
9265,8410,NS846026778,SAVINGS,,MRU,6900,6900,500000,15000000,ACTIVE,true,2022-06-09,2023-07-03T15:25:44.661Z,2022-06-09T15:10:21.829Z,2023-07-03T15:25:44.661Z
9266,8411,NA022496846,AGENT,,MRU,930400,301000,500000,15000000,ACTIVE,true,2023-02-05,2024-08-09T11:22:42.313Z,2023-02-05T19:51:35.726Z,2024-08-09T11:22:42.313Z
9267,8411,NW384381532,WALLET,,MRU,375000,375000,500000,15000000,ACTIVE,false,2023-02-05,2024-09-05T00:23:45.251Z,2023-02-05T19:51:35.726Z,2024-09-05T00:23:45.251Z
9268,8412,NW552437424,WALLET,,MRU,18475,50000,500000,15000000,ACTIVE,true,2024-03-27,2024-05-22T11:45:37.085Z,2024-03-27T22:03:44.768Z,2024-05-22T11:45:37.085Z
9269,8413,NW598342359,WALLET,,MRU,16000,16000,500000,15000000,DORMANT,true,2022-11-04,2024-10-15T08:46:48.709Z,2022-11-04T02:32:20.146Z,2024-10-15T08:46:48.709Z
9270,8414,NW439099073,WALLET,,MRU,15950,30000,500000,15000000,ACTIVE,true,2022-09-23,2023-08-11T00:49:36.119Z,2022-09-23T13:14:13.088Z,2023-08-11T00:49:36.119Z
9271,8415,NS484672308,SAVINGS,,MRU,1985,23000,500000,15000000,ACTIVE,true,2022-06-05,2024-10-19T04:06:04.002Z,2022-06-05T13:50:54.744Z,2024-10-19T04:06:04.002Z
9272,8416,NW276998281,WALLET,,MRU,2600,2900,500000,15000000,ACTIVE,true,2024-03-01,2024-10-22T19:37:14.390Z,2024-03-01T07:50:28.268Z,2024-10-22T19:37:14.390Z
9273,8417,NW454646229,WALLET,,MRU,36000,36000,500000,15000000,ACTIVE,true,2023-03-26,2024-07-28T21:04:07.550Z,2023-03-26T01:31:40.130Z,2024-07-28T21:04:07.550Z
9274,8418,NM646671891,MERCHANT,,MRU,2350,9800,500000,15000000,ACTIVE,true,2022-03-03,2023-09-18T21:22:33.767Z,2022-03-03T02:00:56.561Z,2023-09-18T21:22:33.767Z
9275,8419,NM370979428,MERCHANT,,MRU,200,4300,500000,15000000,ACTIVE,true,2024-12-12,2024-12-21T01:09:14.109Z,2024-12-12T11:21:20.585Z,2024-12-21T01:09:14.109Z
9276,8420,NW639279868,WALLET,,MRU,17519,43000,500000,15000000,ACTIVE,true,2022-04-19,2024-07-04T12:53:19.989Z,2022-04-19T09:14:13.003Z,2024-07-04T12:53:19.989Z
9277,8421,NC445566654,CORPORATE,,MRU,24000,24000,500000,15000000,ACTIVE,true,2022-12-19,2023-06-24T04:18:00.588Z,2022-12-19T02:25:10.844Z,2023-06-24T04:18:00.588Z
9278,8422,NW542421847,WALLET,,MRU,244425,260000,500000,15000000,ACTIVE,true,2022-05-22,2023-07-08T21:47:38.004Z,2022-05-22T20:10:09.647Z,2023-07-08T21:47:38.004Z
9279,8422,NW932247996,WALLET,,MRU,35950,287000,500000,15000000,ACTIVE,false,2022-05-22,2024-06-06T22:59:12.750Z,2022-05-22T20:10:09.647Z,2024-06-06T22:59:12.750Z
9280,8423,NM473512411,MERCHANT,,MRU,28000,28000,500000,15000000,ACTIVE,true,2024-05-20,2024-12-13T23:04:52.215Z,2024-05-20T18:14:16.649Z,2024-12-13T23:04:52.215Z
9281,8424,NW203026563,WALLET,,MRU,612000,12000,500000,15000000,ACTIVE,true,2022-06-01,2023-02-13T12:50:06.903Z,2022-06-01T12:45:33.521Z,2023-02-13T12:50:06.903Z
9282,8425,NW008045941,WALLET,,MRU,72000,12000,500000,15000000,ACTIVE,true,2024-02-06,2024-03-08T11:25:36.208Z,2024-02-06T19:25:45.041Z,2024-03-08T11:25:36.208Z
9283,8426,NW926442891,WALLET,,MRU,170,19000,500000,15000000,ACTIVE,true,2022-07-17,2024-01-12T15:49:44.072Z,2022-07-17T03:30:27.511Z,2024-01-12T15:49:44.072Z
9284,8427,NW226158648,WALLET,,MRU,9200,9200,500000,15000000,ACTIVE,true,2023-12-22,2024-07-27T06:37:01.794Z,2023-12-22T04:49:16.642Z,2024-07-27T06:37:01.794Z
9285,8428,NW130075693,WALLET,,MRU,15900,16000,500000,15000000,ACTIVE,true,2024-02-20,2024-09-20T01:02:21.879Z,2024-02-20T04:43:21.344Z,2024-09-20T01:02:21.879Z
9286,8429,NW326158642,WALLET,,MRU,12000,12000,500000,15000000,ACTIVE,true,2022-08-05,2023-05-31T08:37:36.181Z,2022-08-05T01:51:40.783Z,2023-05-31T08:37:36.181Z
9287,8430,NA963225961,AGENT,,MRU,46000,46000,500000,15000000,ACTIVE,true,2023-08-03,2024-09-09T10:02:54.816Z,2023-08-03T10:07:52.208Z,2024-09-09T10:02:54.816Z
9288,8431,NW020883083,WALLET,,MRU,7850,41000,500000,15000000,ACTIVE,true,2024-05-30,2024-06-22T18:46:48.589Z,2024-05-30T14:13:51.063Z,2024-06-22T18:46:48.589Z
9289,8432,NW890149951,WALLET,,MRU,12000,12000,500000,15000000,ACTIVE,true,2024-12-13,2024-12-30T21:12:36.224Z,2024-12-13T03:12:42.134Z,2024-12-30T21:12:36.224Z
9290,8433,NW638132095,WALLET,,MRU,357000,17000,500000,15000000,ACTIVE,true,2024-08-31,2024-12-29T17:22:33.529Z,2024-08-31T20:23:34.217Z,2024-12-29T17:22:33.529Z
9291,8434,NW169686675,WALLET,,MRU,624800,36000,500000,15000000,ACTIVE,true,2024-08-14,2024-10-09T20:22:20.780Z,2024-08-14T10:31:15.030Z,2024-10-09T20:22:20.780Z
9292,8435,NS047360181,SAVINGS,,MRU,23000,23000,500000,15000000,ACTIVE,true,2023-12-23,2024-04-14T17:26:11.958Z,2023-12-23T04:24:52.408Z,2024-04-14T17:26:11.958Z
9293,8436,NM824457765,MERCHANT,,MRU,47000,47000,500000,15000000,ACTIVE,true,2024-07-19,2024-12-25T11:25:52.889Z,2024-07-19T19:47:58.772Z,2024-12-25T11:25:52.889Z
9294,8437,NS468132496,SAVINGS,,MRU,4800,4800,500000,15000000,ACTIVE,true,2022-12-01,2024-07-01T13:21:54.537Z,2022-12-01T14:33:21.572Z,2024-07-01T13:21:54.537Z
9295,8438,NW064396262,WALLET,,MRU,3900,3900,500000,15000000,ACTIVE,true,2023-02-16,2024-02-16T05:39:55.514Z,2023-02-16T06:48:40.852Z,2024-02-16T05:39:55.514Z
9296,8439,NW720097303,WALLET,,MRU,3800,3800,500000,15000000,ACTIVE,true,2024-01-23,2024-07-18T23:38:58.316Z,2024-01-23T08:45:21.606Z,2024-07-18T23:38:58.316Z
9297,8440,NW926757336,WALLET,,MRU,503,5100,500000,15000000,ACTIVE,true,2024-05-22,2024-06-25T17:19:09.473Z,2024-05-22T04:44:56.776Z,2024-06-25T17:19:09.473Z
9298,8441,NS649158716,SAVINGS,,MRU,287360,496000,500000,15000000,ACTIVE,true,2023-10-31,2024-09-16T12:32:52.532Z,2023-10-31T14:57:00.256Z,2024-09-16T12:32:52.532Z
9299,8441,NS586396456,SAVINGS,,MRU,350000,350000,500000,15000000,ACTIVE,false,2023-10-31,2024-03-21T15:22:47.165Z,2023-10-31T14:57:00.256Z,2024-03-21T15:22:47.165Z
9300,8441,NS736414194,SAVINGS,,MRU,433000,434000,500000,15000000,ACTIVE,false,2023-10-31,2024-10-29T02:38:48.144Z,2023-10-31T14:57:00.256Z,2024-10-29T02:38:48.144Z
9301,8442,NW032632470,WALLET,,MRU,32000,32000,500000,15000000,ACTIVE,true,2023-04-03,2023-12-19T23:17:10.834Z,2023-04-03T10:07:31.511Z,2023-12-19T23:17:10.834Z
9302,8443,NW935626030,WALLET,,MRU,952100,69000,500000,15000000,ACTIVE,true,2023-01-14,2024-11-15T11:29:55.913Z,2023-01-14T15:14:11.912Z,2024-11-15T11:29:55.913Z
9303,8443,NW078572154,WALLET,,MRU,271000,255000,500000,15000000,ACTIVE,false,2023-01-14,2024-03-19T01:45:22.268Z,2023-01-14T15:14:11.912Z,2024-03-19T01:45:22.268Z
9304,8443,NW653814912,WALLET,,MRU,64000,64000,500000,15000000,ACTIVE,false,2023-01-14,2023-07-08T01:02:00.350Z,2023-01-14T15:14:11.912Z,2023-07-08T01:02:00.350Z
9305,8444,NM996826198,MERCHANT,,MRU,31000,31000,500000,15000000,ACTIVE,true,2022-05-26,2024-11-06T05:31:27.373Z,2022-05-26T18:20:08.354Z,2024-11-06T05:31:27.373Z
9306,8445,NC634084105,CORPORATE,,MRU,10000,10000,500000,15000000,ACTIVE,true,2024-11-06,2024-11-10T16:57:40.156Z,2024-11-06T09:49:46.455Z,2024-11-10T16:57:40.156Z
9307,8446,NW057623147,WALLET,,MRU,7600,16000,500000,15000000,ACTIVE,true,2022-03-12,2023-01-30T00:36:50.651Z,2022-03-12T00:02:48.660Z,2023-01-30T00:36:50.651Z
9308,8447,NW211240917,WALLET,,MRU,575,15000,500000,15000000,ACTIVE,true,2023-11-28,2024-04-03T00:38:27.003Z,2023-11-28T16:11:35.222Z,2024-04-03T00:38:27.003Z
9309,8448,NM875712156,MERCHANT,,MRU,4800,4800,500000,15000000,ACTIVE,true,2022-01-13,2022-05-06T06:52:41.874Z,2022-01-13T17:18:57.724Z,2022-05-06T06:52:41.874Z
9310,8449,NM191052198,MERCHANT,,MRU,191825,235000,500000,15000000,ACTIVE,true,2022-02-15,2024-10-09T10:45:20.335Z,2022-02-15T03:12:13.998Z,2024-10-09T10:45:20.335Z
9311,8449,NS120920777,SAVINGS,,MRU,811449,360000,500000,15000000,ACTIVE,false,2022-02-15,2022-06-16T12:26:34.322Z,2022-02-15T03:12:13.998Z,2022-06-16T12:26:34.322Z
9312,8450,NS526825547,SAVINGS,,MRU,2750,29000,500000,15000000,ACTIVE,true,2024-12-16,2024-12-25T16:42:38.732Z,2024-12-16T07:09:24.287Z,2024-12-25T16:42:38.732Z
9313,8451,NM731984258,MERCHANT,,MRU,150,43000,500000,15000000,ACTIVE,true,2023-12-01,2024-10-15T23:18:38.197Z,2023-12-01T18:06:54.507Z,2024-10-15T23:18:38.197Z
9314,8452,NW081209421,WALLET,,MRU,97000,97000,500000,15000000,ACTIVE,true,2023-03-14,2024-02-03T11:07:35.319Z,2023-03-14T23:32:42.429Z,2024-02-03T11:07:35.319Z
9315,8452,NS572458267,SAVINGS,,MRU,173000,173000,500000,15000000,CLOSED,false,2023-03-14,2023-11-01T14:00:00.200Z,2023-03-14T23:32:42.429Z,2023-11-01T14:00:00.200Z
9316,8453,NS242086436,SAVINGS,,MRU,1000,13000,500000,15000000,ACTIVE,true,2022-10-21,2023-04-05T01:47:48.528Z,2022-10-21T05:24:40.622Z,2023-04-05T01:47:48.528Z
9317,8454,NM565998435,MERCHANT,,MRU,1093200,1200,500000,15000000,ACTIVE,true,2024-04-22,2024-07-17T07:23:11.267Z,2024-04-22T18:10:44.824Z,2024-07-17T07:23:11.267Z
9318,8455,NW668588519,WALLET,,MRU,20000,20000,500000,15000000,ACTIVE,true,2023-12-01,2024-04-10T22:02:54.618Z,2023-12-01T12:03:39.478Z,2024-04-10T22:02:54.618Z
9319,8456,NW773641109,WALLET,,MRU,6300,6300,500000,15000000,ACTIVE,true,2024-08-03,2024-08-24T03:10:06.233Z,2024-08-03T11:16:25.976Z,2024-08-24T03:10:06.233Z
9320,8457,NW104737162,WALLET,,MRU,1820,14000,500000,15000000,ACTIVE,true,2024-08-18,2024-10-04T22:13:45.942Z,2024-08-18T00:43:02.117Z,2024-10-04T22:13:45.942Z
9321,8458,NS404775858,SAVINGS,,MRU,700,700,500000,15000000,ACTIVE,true,2023-06-14,2023-11-09T15:42:02.515Z,2023-06-14T02:10:19.622Z,2023-11-09T15:42:02.515Z
9322,8459,NA592705011,AGENT,,MRU,4250,47000,500000,15000000,ACTIVE,true,2024-08-26,2024-12-03T04:01:23.995Z,2024-08-26T03:32:02.487Z,2024-12-03T04:01:23.995Z
9323,8460,NS838032961,SAVINGS,,MRU,6700,6700,500000,15000000,ACTIVE,true,2024-12-30,2024-12-30T18:59:19.304Z,2024-12-30T01:23:36.895Z,2024-12-30T18:59:19.304Z
9324,8461,NW838102370,WALLET,,MRU,528000,18000,500000,15000000,ACTIVE,true,2024-09-08,2024-11-07T17:45:36.746Z,2024-09-08T16:04:11.677Z,2024-11-07T17:45:36.746Z
9325,8462,NW632535368,WALLET,,MRU,14000,14000,500000,15000000,ACTIVE,true,2022-02-20,2024-09-28T23:30:52.188Z,2022-02-20T18:18:46.880Z,2024-09-28T23:30:52.188Z
9326,8463,NW792899396,WALLET,,MRU,60000,20000,500000,15000000,ACTIVE,true,2023-11-09,2024-01-30T04:12:28.526Z,2023-11-09T10:32:26.674Z,2024-01-30T04:12:28.526Z
9327,8464,NS328186631,SAVINGS,,MRU,12000,12000,500000,15000000,ACTIVE,true,2022-02-22,2023-11-01T09:52:49.471Z,2022-02-22T06:23:37.362Z,2023-11-01T09:52:49.471Z
9328,8465,NW373066067,WALLET,,MRU,500,3400,500000,15000000,ACTIVE,true,2022-11-03,2024-10-15T23:04:08.482Z,2022-11-03T01:39:40.337Z,2024-10-15T23:04:08.482Z
9329,8466,NS335765600,SAVINGS,,MRU,14680,16000,500000,15000000,ACTIVE,true,2024-05-06,2024-10-05T18:43:07.585Z,2024-05-06T14:32:57.855Z,2024-10-05T18:43:07.585Z
9330,8467,NW476252343,WALLET,,MRU,14000,14000,500000,15000000,ACTIVE,true,2023-05-26,2024-06-01T23:51:35.801Z,2023-05-26T22:08:01.249Z,2024-06-01T23:51:35.801Z
9331,8468,NM905672789,MERCHANT,,MRU,28000,28000,500000,15000000,ACTIVE,true,2024-09-12,2024-12-15T14:43:05.593Z,2024-09-12T11:26:41.551Z,2024-12-15T14:43:05.593Z
9332,8469,NW135383725,WALLET,,MRU,2100,2100,500000,15000000,ACTIVE,true,2022-07-09,2023-10-05T11:14:59.981Z,2022-07-09T10:12:27.349Z,2023-10-05T11:14:59.981Z
9333,8470,NW535049796,WALLET,,MRU,15700,7700,500000,15000000,ACTIVE,true,2024-09-28,2024-12-30T04:37:30.297Z,2024-09-28T13:08:08.736Z,2024-12-30T04:37:30.297Z
9334,8471,NW808216840,WALLET,,MRU,645000,45000,500000,15000000,ACTIVE,true,2024-03-17,2024-07-14T05:53:20.015Z,2024-03-17T11:23:34.676Z,2024-07-14T05:53:20.015Z
9335,8472,NC809291363,CORPORATE,,MRU,5600,14000,500000,15000000,ACTIVE,true,2024-03-13,2024-05-23T09:27:29.784Z,2024-03-13T22:13:35.282Z,2024-05-23T09:27:29.784Z
9336,8473,NW759871363,WALLET,,MRU,47000,47000,500000,15000000,ACTIVE,true,2024-08-18,2024-12-24T20:01:59.273Z,2024-08-18T14:54:46.245Z,2024-12-24T20:01:59.273Z
9337,8474,NS947821021,SAVINGS,,MRU,11350,17000,500000,15000000,ACTIVE,true,2023-07-17,2024-03-03T01:47:47.979Z,2023-07-17T04:18:15.936Z,2024-03-03T01:47:47.979Z
9338,8475,NW082982301,WALLET,,MRU,529950,31000,500000,15000000,ACTIVE,true,2023-11-13,2024-02-21T22:53:49.899Z,2023-11-13T15:06:15.368Z,2024-02-21T22:53:49.899Z
9339,8476,NM730648398,MERCHANT,,MRU,150,9300,500000,15000000,ACTIVE,true,2022-07-28,2024-10-15T22:47:43.473Z,2022-07-28T05:21:20.252Z,2024-10-15T22:47:43.473Z
9340,8477,NW332901835,WALLET,,MRU,8100,25000,500000,15000000,ACTIVE,true,2023-03-11,2023-10-16T10:11:26.157Z,2023-03-11T04:14:34.773Z,2023-10-16T10:11:26.157Z
9341,8478,NM722936541,MERCHANT,,MRU,12000,12000,500000,15000000,CLOSED,true,2023-03-18,2024-02-13T02:44:08.613Z,2023-03-18T12:45:05.620Z,2024-02-13T02:44:08.613Z
9342,8479,NM543302178,MERCHANT,,MRU,21025,10000,500000,15000000,ACTIVE,true,2024-03-27,2024-05-14T10:36:45.391Z,2024-03-27T18:37:58.011Z,2024-05-14T10:36:45.391Z
9343,8480,NS891827136,SAVINGS,,MRU,788475,20000,500000,15000000,ACTIVE,true,2022-09-05,2023-02-22T16:19:48.400Z,2022-09-05T06:48:32.304Z,2023-02-22T16:19:48.400Z
9344,8481,NW442971229,WALLET,,MRU,14000,14000,500000,15000000,FROZEN,true,2024-06-06,2024-07-07T12:33:06.678Z,2024-06-06T04:59:54.085Z,2024-07-07T12:33:06.678Z
9345,8482,NW744778514,WALLET,,MRU,4200,4200,500000,15000000,ACTIVE,true,2024-08-05,2024-10-08T10:46:20.124Z,2024-08-05T20:10:39.517Z,2024-10-08T10:46:20.124Z
9346,8483,NW102645188,WALLET,,MRU,30000,22000,500000,15000000,ACTIVE,true,2024-02-15,2024-10-05T16:30:09.616Z,2024-02-15T12:22:21.420Z,2024-10-05T16:30:09.616Z
9347,8484,NW201005458,WALLET,,MRU,49000,49000,500000,15000000,ACTIVE,true,2023-09-06,2024-07-09T11:29:12.845Z,2023-09-06T15:30:57.170Z,2024-07-09T11:29:12.845Z
9348,8485,NA109770059,AGENT,,MRU,4090061,32000,500000,15000000,ACTIVE,true,2022-08-26,2024-06-04T13:50:49.070Z,2022-08-26T00:41:40.293Z,2024-06-04T13:50:49.070Z
9349,8486,NA797315627,AGENT,,MRU,13000,13000,500000,15000000,ACTIVE,true,2022-03-31,2022-09-11T22:43:52.608Z,2022-03-31T19:58:09.192Z,2022-09-11T22:43:52.608Z
9350,8487,NW363497495,WALLET,,MRU,453000,453000,500000,15000000,DORMANT,true,2022-10-27,2022-11-17T07:45:44.042Z,2022-10-27T16:07:06.806Z,2022-11-17T07:45:44.042Z
9351,8487,NS256509542,SAVINGS,,MRU,332000,332000,500000,15000000,ACTIVE,false,2022-10-27,2023-04-30T12:49:41.726Z,2022-10-27T16:07:06.806Z,2023-04-30T12:49:41.726Z
9352,8488,NW528257847,WALLET,,MRU,34000,34000,500000,15000000,ACTIVE,true,2024-01-18,2024-04-07T07:07:41.979Z,2024-01-18T00:59:52.909Z,2024-04-07T07:07:41.979Z
9353,8489,NS794561267,SAVINGS,,MRU,3500,3500,500000,15000000,ACTIVE,true,2024-11-01,2024-12-06T11:04:04.015Z,2024-11-01T13:46:04.740Z,2024-12-06T11:04:04.015Z
9354,8490,NW655859500,WALLET,,MRU,4300,4300,500000,15000000,ACTIVE,true,2023-01-02,2024-06-26T01:28:40.882Z,2023-01-02T21:43:17.131Z,2024-06-26T01:28:40.882Z
9355,8491,NW974525094,WALLET,,MRU,1500,1500,500000,15000000,ACTIVE,true,2022-06-10,2024-12-06T12:55:41.254Z,2022-06-10T18:12:54.841Z,2024-12-06T12:55:41.254Z
9356,8492,NW311199218,WALLET,,MRU,1150,14000,500000,15000000,ACTIVE,true,2023-12-21,2024-09-24T14:40:59.004Z,2023-12-21T11:38:15.975Z,2024-09-24T14:40:59.004Z
9357,8493,NM487536788,MERCHANT,,MRU,55000,19000,500000,15000000,ACTIVE,true,2022-11-20,2022-11-28T02:47:50.657Z,2022-11-20T04:34:22.289Z,2022-11-28T02:47:50.657Z
9358,8494,NW611788988,WALLET,,MRU,602900,34000,500000,15000000,ACTIVE,true,2022-09-18,2023-12-07T14:56:55.104Z,2022-09-18T18:46:23.231Z,2023-12-07T14:56:55.104Z
9359,8495,NW373510983,WALLET,,MRU,33000,33000,500000,15000000,ACTIVE,true,2022-08-24,2022-10-30T04:03:52.093Z,2022-08-24T00:45:47.733Z,2022-10-30T04:03:52.093Z
9360,8496,NW289194643,WALLET,,MRU,2250,18000,500000,15000000,ACTIVE,true,2022-08-27,2024-07-04T04:08:08.520Z,2022-08-27T15:53:44.168Z,2024-07-04T04:08:08.520Z
9361,8497,NW799170524,WALLET,,MRU,9000,4500,500000,15000000,ACTIVE,true,2023-08-21,2023-10-02T02:39:05.745Z,2023-08-21T07:42:23.753Z,2023-10-02T02:39:05.745Z
9362,8498,NC433297157,CORPORATE,,MRU,650,5900,500000,15000000,ACTIVE,true,2022-03-15,2024-06-15T19:57:04.974Z,2022-03-15T19:11:01.393Z,2024-06-15T19:57:04.974Z
9363,8499,NW455462455,WALLET,,MRU,45600,36000,500000,15000000,ACTIVE,true,2023-06-13,2024-07-22T03:05:22.214Z,2023-06-13T07:48:38.371Z,2024-07-22T03:05:22.214Z
9364,8500,NW983326912,WALLET,,MRU,273,18000,500000,15000000,ACTIVE,true,2022-12-08,2024-08-25T08:34:10.043Z,2022-12-08T03:31:30.582Z,2024-08-25T08:34:10.043Z
9365,8501,NW833711028,WALLET,,MRU,3000,3000,500000,15000000,ACTIVE,true,2024-11-14,2024-12-23T00:51:56.586Z,2024-11-14T08:10:24.443Z,2024-12-23T00:51:56.586Z
9366,8502,NS012880086,SAVINGS,,MRU,49010,50000,500000,15000000,ACTIVE,true,2022-04-12,2024-11-05T21:38:44.095Z,2022-04-12T18:26:26.011Z,2024-11-05T21:38:44.095Z
9367,8503,NW019044667,WALLET,,MRU,20000,20000,500000,15000000,FROZEN,true,2024-05-05,2024-05-30T17:18:52.808Z,2024-05-05T07:05:00.091Z,2024-05-30T17:18:52.808Z
9368,8504,NW476823210,WALLET,,MRU,32000,32000,500000,15000000,ACTIVE,true,2024-09-14,2024-12-11T22:58:28.737Z,2024-09-14T08:59:12.053Z,2024-12-11T22:58:28.737Z
9369,8505,NW584202077,WALLET,,MRU,179200,1800,500000,15000000,ACTIVE,true,2024-08-08,2024-12-01T23:22:07.791Z,2024-08-08T06:11:42.443Z,2024-12-01T23:22:07.791Z
9370,8506,NS521308183,SAVINGS,,MRU,9760,11000,500000,15000000,ACTIVE,true,2024-06-09,2024-10-17T11:40:06.874Z,2024-06-09T18:29:46.145Z,2024-10-17T11:40:06.874Z
9371,8507,NW472371340,WALLET,,MRU,30350,44000,500000,15000000,ACTIVE,true,2024-08-10,2024-08-30T22:23:16.851Z,2024-08-10T10:32:31.912Z,2024-08-30T22:23:16.851Z
9372,8508,NW207261741,WALLET,,MRU,3800,3800,500000,15000000,ACTIVE,true,2022-05-30,2023-04-14T00:26:56.383Z,2022-05-30T07:03:34.709Z,2023-04-14T00:26:56.383Z
9373,8509,NW489016533,WALLET,,MRU,1561,4200,500000,15000000,ACTIVE,true,2024-03-10,2024-08-24T14:30:30.268Z,2024-03-10T10:40:18.497Z,2024-08-24T14:30:30.268Z
9374,8510,NW581542134,WALLET,,MRU,5800,5800,500000,15000000,ACTIVE,true,2022-11-03,2023-04-29T03:47:36.582Z,2022-11-03T10:34:26.681Z,2023-04-29T03:47:36.582Z
9375,8511,NW469951689,WALLET,,MRU,1850,11000,500000,15000000,ACTIVE,true,2024-02-20,2024-09-28T00:39:37.728Z,2024-02-20T20:09:59.816Z,2024-09-28T00:39:37.728Z
9376,8512,NW063234686,WALLET,,MRU,45000,45000,500000,15000000,DORMANT,true,2023-09-03,2023-11-05T13:05:39.789Z,2023-09-03T06:46:28.166Z,2023-11-05T13:05:39.789Z
9377,8513,NW880559087,WALLET,,MRU,132650,18000,500000,15000000,ACTIVE,true,2024-03-31,2024-06-24T08:36:45.715Z,2024-03-31T12:45:13.803Z,2024-06-24T08:36:45.715Z
9378,8514,NW678137451,WALLET,,MRU,48000,48000,500000,15000000,ACTIVE,true,2022-04-04,2022-09-18T23:46:24.656Z,2022-04-04T02:05:15.563Z,2022-09-18T23:46:24.656Z
9379,8515,NA077666163,AGENT,,MRU,24076,46000,500000,15000000,ACTIVE,true,2024-05-29,2024-12-21T17:28:55.178Z,2024-05-29T12:56:42.628Z,2024-12-21T17:28:55.178Z
9380,8516,NW655788660,WALLET,,MRU,349,3800,500000,15000000,ACTIVE,true,2023-05-03,2024-03-25T20:25:36.750Z,2023-05-03T20:36:07.045Z,2024-03-25T20:25:36.750Z
9381,8517,NW124215275,WALLET,,MRU,0,3700,500000,15000000,ACTIVE,true,2022-04-17,2022-08-27T02:13:09.528Z,2022-04-17T16:45:16.717Z,2022-08-27T02:13:09.528Z
9382,8518,NW389292419,WALLET,,MRU,62500,46000,500000,15000000,ACTIVE,true,2024-06-07,2024-06-17T23:53:42.984Z,2024-06-07T06:06:51.034Z,2024-06-17T23:53:42.984Z
9383,8519,NW371022343,WALLET,,MRU,245678,211000,500000,15000000,ACTIVE,true,2024-05-23,2024-06-14T14:30:19.023Z,2024-05-23T19:25:25.569Z,2024-06-14T14:30:19.023Z
9384,8519,NW102668762,WALLET,,MRU,330000,330000,500000,15000000,ACTIVE,false,2024-05-23,2024-06-14T04:05:51.848Z,2024-05-23T19:25:25.569Z,2024-06-14T04:05:51.848Z
9385,8519,NW619861603,WALLET,,MRU,59480,200000,500000,15000000,ACTIVE,false,2024-05-23,2024-09-08T03:22:20.626Z,2024-05-23T19:25:25.569Z,2024-09-08T03:22:20.626Z
9386,8520,NW279253006,WALLET,,MRU,1260500,11000,500000,15000000,ACTIVE,true,2024-12-02,2024-12-13T23:43:02.772Z,2024-12-02T16:03:01.373Z,2024-12-13T23:43:02.772Z
9387,8521,NC709739566,CORPORATE,,MRU,8000,8000,500000,15000000,ACTIVE,true,2022-02-06,2024-01-20T05:25:40.259Z,2022-02-06T22:43:10.831Z,2024-01-20T05:25:40.259Z
9388,8522,NW384611487,WALLET,,MRU,875,4500,500000,15000000,ACTIVE,true,2023-10-13,2024-10-21T19:31:17.487Z,2023-10-13T11:36:05.895Z,2024-10-21T19:31:17.487Z
9389,8523,NM627573728,MERCHANT,,MRU,407910,29000,500000,15000000,ACTIVE,true,2024-09-27,2024-12-10T14:28:54.638Z,2024-09-27T06:19:19.648Z,2024-12-10T14:28:54.638Z
9390,8524,NM809891462,MERCHANT,,MRU,2125,8300,500000,15000000,ACTIVE,true,2024-07-29,2024-09-05T14:15:01.133Z,2024-07-29T09:20:08.914Z,2024-09-05T14:15:01.133Z
9391,8525,NS215569645,SAVINGS,,MRU,11000,11000,500000,15000000,ACTIVE,true,2024-04-07,2024-07-15T17:14:09.512Z,2024-04-07T08:52:11.099Z,2024-07-15T17:14:09.512Z
9392,8526,NS044641137,SAVINGS,,MRU,30600,17000,500000,15000000,ACTIVE,true,2024-12-22,2024-12-27T00:51:41.397Z,2024-12-22T11:14:53.833Z,2024-12-27T00:51:41.397Z
9393,8527,NW999472380,WALLET,,MRU,429000,429000,500000,15000000,FROZEN,true,2022-04-28,2023-11-22T17:57:30.147Z,2022-04-28T00:52:48.949Z,2023-11-22T17:57:30.147Z
9394,8527,NS093225240,SAVINGS,,MRU,63000,54000,500000,15000000,ACTIVE,false,2022-04-28,2023-10-29T00:51:09.429Z,2022-04-28T00:52:48.949Z,2023-10-29T00:51:09.429Z
9395,8528,NW249759197,WALLET,,MRU,27000,27000,500000,15000000,ACTIVE,true,2024-10-29,2024-11-17T08:15:15.048Z,2024-10-29T11:10:57.306Z,2024-11-17T08:15:15.048Z
9396,8529,NW944217235,WALLET,,MRU,21700,10000,500000,15000000,ACTIVE,true,2023-12-10,2024-10-15T07:25:24.795Z,2023-12-10T02:32:14.312Z,2024-10-15T07:25:24.795Z
9397,8530,NA788738966,AGENT,,MRU,150,10000,500000,15000000,ACTIVE,true,2023-09-30,2023-12-03T18:03:58.224Z,2023-09-30T02:52:30.938Z,2023-12-03T18:03:58.224Z
9398,8531,NW262522876,WALLET,,MRU,73800,18000,500000,15000000,ACTIVE,true,2024-06-19,2024-12-01T13:36:49.509Z,2024-06-19T21:33:32.882Z,2024-12-01T13:36:49.509Z
9399,8532,NA323292136,AGENT,,MRU,10980,57000,500000,15000000,ACTIVE,true,2023-06-29,2024-02-27T02:22:58.031Z,2023-06-29T14:50:14.717Z,2024-02-27T02:22:58.031Z
9400,8532,NW744501856,WALLET,,MRU,290650,422000,500000,15000000,ACTIVE,false,2023-06-29,2024-08-22T06:59:29.167Z,2023-06-29T14:50:14.717Z,2024-08-22T06:59:29.167Z
9401,8533,NW791267902,WALLET,,MRU,2900,44000,500000,15000000,ACTIVE,true,2023-01-07,2023-02-01T15:55:22.762Z,2023-01-07T09:05:46.996Z,2023-02-01T15:55:22.762Z
9402,8534,NW066270113,WALLET,,MRU,25000,25000,500000,15000000,DORMANT,true,2024-01-30,2024-07-26T04:46:06.239Z,2024-01-30T21:04:01.310Z,2024-07-26T04:46:06.239Z
9403,8535,NM789386511,MERCHANT,,MRU,20000,20000,500000,15000000,FROZEN,true,2023-07-10,2023-09-08T10:36:16.074Z,2023-07-10T14:58:52.495Z,2023-09-08T10:36:16.074Z
9404,8536,NM175828576,MERCHANT,,MRU,46375,2100,500000,15000000,ACTIVE,true,2022-02-15,2023-02-11T14:51:42.180Z,2022-02-15T16:29:02.086Z,2023-02-11T14:51:42.180Z
9405,8537,NW739755511,WALLET,,MRU,7700,7700,500000,15000000,ACTIVE,true,2023-03-09,2023-10-19T14:06:50.172Z,2023-03-09T05:45:04.171Z,2023-10-19T14:06:50.172Z
9406,8538,NW024757623,WALLET,,MRU,300,16000,500000,15000000,ACTIVE,true,2022-05-15,2023-09-24T18:46:44.536Z,2022-05-15T13:33:07.984Z,2023-09-24T18:46:44.536Z
9407,8539,NC076582193,CORPORATE,,MRU,15000,15000,500000,15000000,ACTIVE,true,2024-01-25,2024-09-22T17:17:19.518Z,2024-01-25T05:56:20.760Z,2024-09-22T17:17:19.518Z
9408,8540,NA320867657,AGENT,,MRU,2600,48000,500000,15000000,ACTIVE,true,2024-11-23,2024-12-30T13:21:34.919Z,2024-11-23T01:45:32.843Z,2024-12-30T13:21:34.919Z
9409,8541,NW618381500,WALLET,,MRU,6520,43000,500000,15000000,ACTIVE,true,2024-03-17,2024-12-26T02:11:29.936Z,2024-03-17T18:35:43.149Z,2024-12-26T02:11:29.936Z
9410,8542,NW979217529,WALLET,,MRU,239200,17000,500000,15000000,ACTIVE,true,2023-09-28,2024-03-12T08:48:16.472Z,2023-09-28T16:45:20.580Z,2024-03-12T08:48:16.472Z
9411,8543,NW598402023,WALLET,,MRU,18000,18000,500000,15000000,ACTIVE,true,2023-09-02,2024-11-21T21:32:37.530Z,2023-09-02T17:58:22.816Z,2024-11-21T21:32:37.530Z
9412,8544,NW052249938,WALLET,,MRU,3106,23000,500000,15000000,ACTIVE,true,2022-01-24,2022-12-06T23:34:55.192Z,2022-01-24T22:52:46.354Z,2022-12-06T23:34:55.192Z
9413,8545,NA263882160,AGENT,,MRU,63500,46000,500000,15000000,ACTIVE,true,2023-04-21,2024-10-18T00:22:09.932Z,2023-04-21T08:39:56.727Z,2024-10-18T00:22:09.932Z
9414,8546,NW682671096,WALLET,,MRU,187000,47000,500000,15000000,ACTIVE,true,2023-11-14,2024-02-05T14:30:23.233Z,2023-11-14T02:16:36.079Z,2024-02-05T14:30:23.233Z
9415,8547,NW138531208,WALLET,,MRU,41000,41000,500000,15000000,DORMANT,true,2023-11-18,2024-03-12T01:28:10.402Z,2023-11-18T04:34:05.293Z,2024-03-12T01:28:10.402Z
9416,8548,NS998855591,SAVINGS,,MRU,28200,2600,500000,15000000,ACTIVE,true,2023-07-01,2024-09-29T22:42:53.291Z,2023-07-01T08:46:01.862Z,2024-09-29T22:42:53.291Z
9417,8549,NC925801277,CORPORATE,,MRU,19900,49000,500000,15000000,ACTIVE,true,2022-02-28,2024-07-02T07:48:18.526Z,2022-02-28T02:31:51.678Z,2024-07-02T07:48:18.526Z
9418,8550,NS282484531,SAVINGS,,MRU,3220,26000,500000,15000000,ACTIVE,true,2023-01-31,2023-05-28T08:10:33.099Z,2023-01-31T01:34:26.798Z,2023-05-28T08:10:33.099Z
9419,8551,NM708639026,MERCHANT,,MRU,2542890,13000,500000,15000000,ACTIVE,true,2023-12-26,2024-10-06T15:11:20.192Z,2023-12-26T14:39:26.467Z,2024-10-06T15:11:20.192Z
9420,8552,NW217305898,WALLET,,MRU,12300,18000,500000,15000000,ACTIVE,true,2024-09-10,2024-10-01T06:16:03.324Z,2024-09-10T07:24:08.882Z,2024-10-01T06:16:03.324Z
9421,8553,NW046785712,WALLET,,MRU,14000,14000,500000,15000000,ACTIVE,true,2023-01-30,2024-01-13T09:39:10.878Z,2023-01-30T00:12:05.041Z,2024-01-13T09:39:10.878Z
9422,8554,NW802354604,WALLET,,MRU,39000,39000,500000,15000000,ACTIVE,true,2023-04-16,2024-10-22T02:40:20.868Z,2023-04-16T14:27:54.235Z,2024-10-22T02:40:20.868Z
9423,8555,NS283464551,SAVINGS,,MRU,375,48000,500000,15000000,ACTIVE,true,2023-11-22,2024-10-23T23:01:05.309Z,2023-11-22T21:15:54.272Z,2024-10-23T23:01:05.309Z
9424,8556,NW421386391,WALLET,,MRU,20000,20000,500000,15000000,ACTIVE,true,2022-10-07,2022-12-22T20:01:22.638Z,2022-10-07T22:50:25.034Z,2022-12-22T20:01:22.638Z
9425,8557,NW122248530,WALLET,,MRU,36000,36000,500000,15000000,DORMANT,true,2024-05-02,2024-08-16T11:43:04.523Z,2024-05-02T17:29:31.614Z,2024-08-16T11:43:04.523Z
9426,8558,NM755392194,MERCHANT,,MRU,340550,593000,500000,15000000,ACTIVE,true,2022-02-16,2023-05-17T17:15:07.531Z,2022-02-16T13:34:40.706Z,2023-05-17T17:15:07.531Z
9427,8558,NS029285073,SAVINGS,,MRU,935000,935000,500000,15000000,ACTIVE,false,2022-02-16,2022-06-02T22:19:54.628Z,2022-02-16T13:34:40.706Z,2022-06-02T22:19:54.628Z
9428,8559,NW150962352,WALLET,,MRU,12000,12000,500000,15000000,ACTIVE,true,2022-02-22,2022-09-24T15:51:47.050Z,2022-02-22T13:15:16.515Z,2022-09-24T15:51:47.050Z
9429,8560,NA590180158,AGENT,,MRU,8286,9900,500000,15000000,ACTIVE,true,2022-03-15,2022-10-19T16:27:57.193Z,2022-03-15T07:42:18.243Z,2022-10-19T16:27:57.193Z
9430,8561,NS882082462,SAVINGS,,MRU,26000,26000,500000,15000000,ACTIVE,true,2023-02-01,2023-11-03T20:35:05.246Z,2023-02-01T18:00:22.634Z,2023-11-03T20:35:05.246Z
9431,8562,NS435858249,SAVINGS,,MRU,11000,11000,500000,15000000,ACTIVE,true,2023-08-01,2024-11-01T22:40:20.660Z,2023-08-01T18:27:03.129Z,2024-11-01T22:40:20.660Z
9432,8563,NW999292642,WALLET,,MRU,7600,8600,500000,15000000,ACTIVE,true,2022-05-09,2023-07-12T20:53:14.880Z,2022-05-09T08:48:57.607Z,2023-07-12T20:53:14.880Z
9433,8564,NC270868897,CORPORATE,,MRU,550,6400,500000,15000000,ACTIVE,true,2023-04-26,2024-08-02T00:40:25.541Z,2023-04-26T03:52:02.589Z,2024-08-02T00:40:25.541Z
9434,8565,NW669635773,WALLET,,MRU,1970,45000,500000,15000000,ACTIVE,true,2022-06-21,2022-07-14T18:23:09.350Z,2022-06-21T02:21:00.907Z,2022-07-14T18:23:09.350Z
9435,8566,NW529379844,WALLET,,MRU,5200,5200,500000,15000000,CLOSED,true,2022-11-06,2024-08-26T21:25:35.108Z,2022-11-06T08:01:20.765Z,2024-08-26T21:25:35.108Z
9436,8567,NW617867380,WALLET,,MRU,6700,6700,500000,15000000,ACTIVE,true,2022-04-12,2022-09-17T07:46:31.658Z,2022-04-12T12:16:53.163Z,2022-09-17T07:46:31.658Z
9437,8568,NW095828175,WALLET,,MRU,44000,44000,500000,15000000,ACTIVE,true,2022-05-25,2023-10-28T23:16:17.115Z,2022-05-25T06:28:04.786Z,2023-10-28T23:16:17.115Z
9438,8569,NM326858043,MERCHANT,,MRU,34000,34000,500000,15000000,ACTIVE,true,2024-05-11,2024-09-06T19:33:07.573Z,2024-05-11T04:21:28.377Z,2024-09-06T19:33:07.573Z
9439,8570,NW358876943,WALLET,,MRU,32000,32000,500000,15000000,ACTIVE,true,2024-07-05,2024-08-19T02:46:10.270Z,2024-07-05T16:09:43.247Z,2024-08-19T02:46:10.270Z
9440,8571,NW499325514,WALLET,,MRU,4680,15000,500000,15000000,ACTIVE,true,2023-01-26,2024-09-28T01:33:31.569Z,2023-01-26T07:50:02.194Z,2024-09-28T01:33:31.569Z
9441,8572,NM252235174,MERCHANT,,MRU,4550,22000,500000,15000000,ACTIVE,true,2022-06-04,2022-06-08T05:17:56.102Z,2022-06-04T04:18:30.844Z,2022-06-08T05:17:56.102Z
9442,8573,NM202482342,MERCHANT,,MRU,64500,10000,500000,15000000,ACTIVE,true,2022-09-01,2024-02-08T20:09:18.705Z,2022-09-01T08:02:05.635Z,2024-02-08T20:09:18.705Z
9443,8574,NM030579090,MERCHANT,,MRU,600,4200,500000,15000000,ACTIVE,true,2022-08-20,2024-04-13T19:58:29.532Z,2022-08-20T15:56:39.594Z,2024-04-13T19:58:29.532Z
9444,8575,NM922166228,MERCHANT,,MRU,1746400,30000,500000,15000000,ACTIVE,true,2024-05-28,2024-05-30T20:04:06.146Z,2024-05-28T07:49:43.479Z,2024-05-30T20:04:06.146Z
9445,8576,NW567040205,WALLET,,MRU,870800,256000,500000,15000000,ACTIVE,true,2022-10-06,2024-08-27T02:11:38.849Z,2022-10-06T22:27:27.174Z,2024-08-27T02:11:38.849Z
9446,8576,NW250018861,WALLET,,MRU,37000,37000,500000,15000000,ACTIVE,false,2022-10-06,2024-08-19T08:23:01.278Z,2022-10-06T22:27:27.174Z,2024-08-19T08:23:01.278Z
9447,8577,NA162650704,AGENT,,MRU,3750,44000,500000,15000000,ACTIVE,true,2022-01-11,2024-07-04T14:52:33.981Z,2022-01-11T22:10:12.189Z,2024-07-04T14:52:33.981Z
9448,8578,NW321779281,WALLET,,MRU,33000,33000,500000,15000000,CLOSED,true,2022-06-10,2023-02-24T14:00:39.110Z,2022-06-10T13:58:12.944Z,2023-02-24T14:00:39.110Z
9449,8579,NW501960754,WALLET,,MRU,2000,19000,500000,15000000,ACTIVE,true,2024-12-16,2024-12-17T09:48:10.727Z,2024-12-16T11:48:43.622Z,2024-12-17T09:48:10.727Z
9450,8580,NM076180815,MERCHANT,,MRU,27000,27000,500000,15000000,ACTIVE,true,2022-04-07,2022-11-25T18:39:52.639Z,2022-04-07T14:15:42.603Z,2022-11-25T18:39:52.639Z