id,nni,first_name,last_name,full_name,gender,birth_date,phone,email,wilaya_id,wilaya_name,profile_type,kyc_level,status,registration_date,last_login,created_at,updated_at
7146,8008989495,Mohamed Mahmoud,Bah,Mohamed Mahmoud Bah,M,1980-12-03,+22224082545,mohamedmahmoud.bah560@yahoo.fr,8,Guidimaka,STANDARD,,ACTIVE,2024-02-23,2024-07-24T07:12:01.460Z,2024-02-23T03:00:01.318Z,2024-07-24T07:12:01.460Z
7147,7001404668,Lala,Kane,Lala Kane,F,1970-11-03,+22224870859,,1,Nouakchott-Nord,STANDARD,,ACTIVE,2024-06-02,2024-06-03T05:31:00.202Z,2024-06-02T11:54:06.249Z,2024-06-03T05:31:00.202Z
7148,9802893043,Siaka,Ndiaye,Siaka Ndiaye,M,1998-06-04,+22222568292,,2,Nouakchott-Ouest,ACTIVE,,ACTIVE,2022-08-04,2024-05-15T05:15:20.304Z,2022-08-04T11:33:55.754Z,2024-05-15T05:15:20.304Z
7149,8104445567,Aicha,Mint Dah,Aicha Mint Dah,F,1981-01-18,+22234251821,aicha.mintdah449@yahoo.fr,4,Dakhlet Nouadhibou,STANDARD,,ACTIVE,2022-01-31,2023-07-17T07:29:45.696Z,2022-01-31T06:51:40.545Z,2023-07-17T07:29:45.696Z
7150,8715559415,Mariam,Koné,Mariam Koné,F,1987-05-26,+22234673974,mariam.koné631@yahoo.fr,15,Tiris Zemmour,OCCASIONAL,,ACTIVE,2024-10-19,2024-12-28T13:38:04.010Z,2024-10-19T17:15:40.217Z,2024-12-28T13:38:04.010Z
7151,7904019572,Mouna,Mint Ahmed,Mouna Mint Ahmed,F,1979-01-08,+22234360816,,4,Dakhlet Nouadhibou,PREMIUM,,ACTIVE,2023-06-14,2023-07-29T07:41:36.444Z,2023-06-14T22:06:22.506Z,2023-07-29T07:41:36.444Z
7152,0305541042,Harouna,Wade,Harouna Wade,M,2003-02-06,+22236469822,,5,Trarza,ACTIVE,,ACTIVE,2022-03-30,2023-01-11T23:05:23.108Z,2022-03-30T22:11:00.920Z,2023-01-11T23:05:23.108Z
7153,9101838101,Kiné,Guèye,Kiné Guèye,F,1991-11-05,+22237530046,kiné.guèye632@hotmail.fr,1,Nouakchott-Nord,STANDARD,,ACTIVE,2023-08-10,2024-12-29T21:10:32.160Z,2023-08-10T17:10:50.256Z,2024-12-29T21:10:32.160Z
7154,8002954121,Maty,Niang,Maty Niang,F,1980-04-07,+22237293270,maty.niang432@outlook.com,2,Nouakchott-Ouest,OCCASIONAL,,ACTIVE,2023-11-06,2024-02-16T10:52:18.326Z,2023-11-06T08:46:02.748Z,2024-02-16T10:52:18.326Z
7155,7802984480,Abdel Kader,Sy,Abdel Kader Sy,M,1978-06-21,+22237109770,abdelkader.sy634@hotmail.fr,2,Nouakchott-Ouest,ACTIVE,,ACTIVE,2023-11-25,2024-01-30T02:57:16.409Z,2023-11-25T13:59:54.737Z,2024-01-30T02:57:16.409Z
7156,6102678044,Hawa,Doucouré,Hawa Doucouré,F,1961-05-01,+22232373510,,2,Nouakchott-Ouest,STANDARD,,ACTIVE,2024-08-12,2024-12-14T21:26:25.754Z,2024-08-12T14:55:22.621Z,2024-12-14T21:26:25.754Z
7157,8607023152,Djimé,Bâ,Djimé Bâ,M,1986-05-01,+22246793310,djimé.bâ224@gmail.com,7,Gorgol,STANDARD,,ACTIVE,2022-12-24,2023-02-09T05:45:21.462Z,2022-12-24T14:40:15.231Z,2023-02-09T05:45:21.462Z
7158,9204619865,Ely,Ould Nenni,Ely Ould Nenni,M,1992-02-08,+22234485242,,4,Dakhlet Nouadhibou,OCCASIONAL,,ACTIVE,2024-11-07,2024-12-15T09:04:24.680Z,2024-11-07T04:18:36.276Z,2024-12-15T09:04:24.680Z
7159,8203944213,Moulaye,Ould El Mamy,Moulaye Ould El Mamy,M,1982-03-21,+22222801778,,3,Nouakchott-Sud,ACTIVE,,ACTIVE,2022-06-29,2023-02-24T13:19:51.650Z,2022-06-29T02:45:00.183Z,2023-02-24T13:19:51.650Z
7160,9402316645,Mohamed Vall,Ould Jiddou,Mohamed Vall Ould Jiddou,M,1994-04-05,+22237076582,,2,Nouakchott-Ouest,ACTIVE,,SUSPENDED,2024-07-27,2024-12-24T10:33:40.650Z,2024-07-27T05:50:58.470Z,2024-12-24T10:33:40.650Z
7161,6115988570,Bilal,Thiaw,Bilal Thiaw,M,1961-02-24,+22225888070,,15,Tiris Zemmour,OCCASIONAL,,PENDING_KYC,2022-04-28,2023-06-14T16:32:09.772Z,2022-04-28T23:46:18.409Z,2023-06-14T16:32:09.772Z
7162,0003444320,Houda,Bah,Houda Bah,F,2000-03-28,+22224884780,,3,Nouakchott-Sud,ACTIVE,,ACTIVE,2024-01-09,2024-07-08T03:27:58.927Z,2024-01-09T00:36:08.625Z,2024-07-08T03:27:58.927Z
7163,7109162657,Adja,Bâ,Adja Bâ,F,1971-10-01,+22237371547,adja.bâ774@gmail.com,9,Assaba,STANDARD,,ACTIVE,2024-03-11,2024-11-25T16:12:01.942Z,2024-03-11T05:56:46.977Z,2024-11-25T16:12:01.942Z
7164,6702162329,Tamba,Diakité,Tamba Diakité,M,1967-05-07,+22237443051,,2,Nouakchott-Ouest,OCCASIONAL,,ACTIVE,2022-08-21,2022-10-05T06:35:09.697Z,2022-08-21T16:55:54.138Z,2022-10-05T06:35:09.697Z
7165,9107520262,Dialika,Sène,Dialika Sène,F,1991-12-08,+22234874867,,7,Gorgol,OCCASIONAL,,SUSPENDED,2023-04-05,2024-05-20T05:14:42.103Z,2023-04-05T19:23:16.402Z,2024-05-20T05:14:42.103Z
7166,8704960149,Mohamed Yahya,Ould Mohamed,Mohamed Yahya Ould Mohamed,M,1987-05-18,+22224866352,mohamedyahya.ouldmohamed437@gmail.com,4,Dakhlet Nouadhibou,STANDARD,,ACTIVE,2024-07-15,2024-09-25T20:37:28.764Z,2024-07-15T16:17:27.995Z,2024-09-25T20:37:28.764Z
7167,6802544234,Koumba,Thiaw,Koumba Thiaw,F,1968-07-12,+22236097098,,2,Nouakchott-Ouest,ACTIVE,,ACTIVE,2022-08-09,2024-11-21T05:29:48.852Z,2022-08-09T05:20:38.515Z,2024-11-21T05:29:48.852Z
7168,9407597539,Zakaria,Diop,Zakaria Diop,M,1994-03-27,+22224531367,,7,Gorgol,STANDARD,,ACTIVE,2024-03-14,2024-12-22T04:09:16.409Z,2024-03-14T21:42:39.132Z,2024-12-22T04:09:16.409Z
7169,7902148191,Zein,Ould Hamadi,Zein Ould Hamadi,M,1979-06-26,+22224614517,,2,Nouakchott-Ouest,STANDARD,,ACTIVE,2022-06-21,2024-07-20T14:36:47.121Z,2022-06-21T08:19:59.359Z,2024-07-20T14:36:47.121Z
7170,8002043984,Zeinab,Mint El Ghassem,Zeinab Mint El Ghassem,F,1980-09-24,+22242202032,,2,Nouakchott-Ouest,STANDARD,,ACTIVE,2023-08-05,2024-05-04T13:32:36.798Z,2023-08-05T00:26:21.457Z,2024-05-04T13:32:36.798Z
7171,7302266062,Assa,Niang,Assa Niang,F,1973-07-12,+22235279596,assa.niang778@yahoo.fr,2,Nouakchott-Ouest,STANDARD,,ACTIVE,2023-08-01,2023-12-14T08:43:14.949Z,2023-08-01T13:11:41.209Z,2023-12-14T08:43:14.949Z
7172,6703546933,Hamady,Soumaré,Hamady Soumaré,M,1967-01-27,+22244592211,,3,Nouakchott-Sud,ACTIVE,,ACTIVE,2023-04-02,2023-12-25T13:50:39.064Z,2023-04-02T09:33:39.518Z,2023-12-25T13:50:39.064Z
7173,7108876366,Wedadi,Barry,Wedadi Barry,M,1971-08-20,+22247900435,,8,Guidimaka,STANDARD,,ACTIVE,2022-10-03,2023-07-14T21:35:12.339Z,2022-10-03T20:06:45.337Z,2023-07-14T21:35:12.339Z
7174,9601148650,Nouh,Ould Dah,Nouh Ould Dah,M,1996-03-04,+22232349059,,1,Nouakchott-Nord,OCCASIONAL,,ACTIVE,2024-01-30,2024-06-06T05:19:04.759Z,2024-01-30T16:35:58.665Z,2024-06-06T05:19:04.759Z
7175,7902584544,Saleck,Ould Nenni,Saleck Ould Nenni,M,1979-04-17,+22225322700,,2,Nouakchott-Ouest,PREMIUM,,ACTIVE,2024-06-17,2024-10-23T20:47:08.959Z,2024-06-17T12:16:54.420Z,2024-10-23T20:47:08.959Z
7176,6510498889,Zahra,Mint Abdallah,Zahra Mint Abdallah,F,1965-11-20,+22232488439,,10,Hodh Ech Chargui,OCCASIONAL,,ACTIVE,2023-04-25,2023-06-08T13:48:34.770Z,2023-04-25T17:11:54.841Z,2023-06-08T13:48:34.770Z
7177,9202182622,Cheikhna,Gaye,Cheikhna Gaye,M,1992-11-27,+22241294693,cheikhna.gaye67@yahoo.fr,2,Nouakchott-Ouest,ACTIVE,,PENDING_KYC,2023-04-12,2023-05-27T12:36:45.884Z,2023-04-12T10:24:21.324Z,2023-05-27T12:36:45.884Z
7178,6201862601,Zeinab,Kane,Zeinab Kane,F,1962-11-18,+22237411038,,1,Nouakchott-Nord,DORMANT,,ACTIVE,2024-07-26,2024-10-23T00:35:02.934Z,2024-07-26T00:55:27.288Z,2024-10-23T00:35:02.934Z
7179,7801902502,Fatima,Mint Horma,Fatima Mint Horma,F,1978-11-11,+22224010747,,1,Nouakchott-Nord,STANDARD,,ACTIVE,2024-04-04,2024-08-03T10:02:18.488Z,2024-04-04T21:50:59.165Z,2024-08-03T10:02:18.488Z
7180,7208925799,Oumar,Diallo,Oumar Diallo,M,1972-05-06,+22225803657,oumar.diallo684@outlook.com,8,Guidimaka,OCCASIONAL,,ACTIVE,2024-04-19,2024-05-09T11:32:45.124Z,2024-04-19T17:55:14.238Z,2024-05-09T11:32:45.124Z
7181,7701623017,Houda,Diop,Houda Diop,F,1977-11-02,+22224699808,,1,Nouakchott-Nord,OCCASIONAL,,ACTIVE,2022-10-19,2024-09-16T09:42:41.276Z,2022-10-19T11:07:02.745Z,2024-09-16T09:42:41.276Z
7182,7701670929,Malick,Camara,Malick Camara,M,1977-07-11,+22223404613,malick.camara913@yahoo.fr,1,Nouakchott-Nord,OCCASIONAL,,ACTIVE,2022-07-29,2022-11-20T14:32:32.530Z,2022-07-29T16:01:01.731Z,2022-11-20T14:32:32.530Z
7183,6403598173,Maimouna,Sène,Maimouna Sène,F,1964-08-15,+22236968437,,3,Nouakchott-Sud,OCCASIONAL,,INACTIVE,2023-05-16,2023-12-29T14:56:11.149Z,2023-05-16T00:48:36.980Z,2023-12-29T14:56:11.149Z
7184,6201730728,Mamadou,Fofana,Mamadou Fofana,M,1962-09-10,+22232935273,,1,Nouakchott-Nord,STANDARD,,ACTIVE,2024-08-19,2024-12-28T06:47:10.886Z,2024-08-19T06:46:13.434Z,2024-12-28T06:47:10.886Z
7185,8002142096,Nouhoum,Diop,Nouhoum Diop,M,1980-01-22,+22223742717,,2,Nouakchott-Ouest,DORMANT,,ACTIVE,2024-09-23,2024-11-14T08:11:58.089Z,2024-09-23T22:06:42.290Z,2024-11-14T08:11:58.089Z
7186,7505410103,Koumba,Thiaw,Koumba Thiaw,F,1975-03-14,+22223134349,,5,Trarza,STANDARD,,ACTIVE,2024-05-16,2024-10-16T19:19:49.534Z,2024-05-16T15:14:15.753Z,2024-10-16T19:19:49.534Z
7187,6003214376,N'Dèye,Dia,N'Dèye Dia,F,1960-11-08,+22225055784,n'dèye.dia637@hotmail.fr,3,Nouakchott-Sud,STANDARD,,ACTIVE,2022-06-20,2023-01-25T19:27:29.379Z,2022-06-20T02:40:20.631Z,2023-01-25T19:27:29.379Z
7188,6702409266,Houda,Mint Eleya,Houda Mint Eleya,F,1967-11-07,+22246113459,houda.minteleya112@outlook.com,2,Nouakchott-Ouest,ACTIVE,,ACTIVE,2024-03-06,2024-07-22T17:21:38.646Z,2024-03-06T10:59:43.720Z,2024-07-22T17:21:38.646Z
7189,7003056641,Mohamed Lemine,Thiam,Mohamed Lemine Thiam,M,1970-12-08,+22234949185,,3,Nouakchott-Sud,ACTIVE,,ACTIVE,2023-11-28,2024-11-20T15:53:55.437Z,2023-11-28T18:55:18.493Z,2024-11-20T15:53:55.437Z
7190,7104451394,Mariem,Touré,Mariem Touré,F,1971-08-03,+22224585952,mariem.touré491@gmail.com,4,Dakhlet Nouadhibou,STANDARD,,ACTIVE,2023-08-09,2023-12-21T06:19:27.713Z,2023-08-09T12:32:08.469Z,2023-12-21T06:19:27.713Z
7191,8202129532,Mokhtar,Wane,Mokhtar Wane,M,1982-12-04,+22246765874,mokhtar.wane112@hotmail.fr,2,Nouakchott-Ouest,DORMANT,,PENDING_KYC,2024-04-25,2024-09-30T20:18:10.573Z,2024-04-25T17:55:28.614Z,2024-09-30T20:18:10.573Z
7192,9105117846,Tekber,Thiam,Tekber Thiam,F,1991-10-25,+22241032735,,5,Trarza,VIP,,PENDING_KYC,2022-10-19,2023-10-31T08:07:47.056Z,2022-10-19T00:24:34.019Z,2023-10-31T08:07:47.056Z
7193,6909160090,Soumaïla,Sakho,Soumaïla Sakho,M,1969-02-12,+22241693199,,9,Assaba,STANDARD,,ACTIVE,2022-08-20,2023-07-22T20:22:00.593Z,2022-08-20T22:52:50.129Z,2023-07-22T20:22:00.593Z
7194,6701253206,Soueidatt,Ould Nagi,Soueidatt Ould Nagi,M,1967-09-05,+22222553733,soueidatt.ouldnagi447@gmail.com,1,Nouakchott-Nord,OCCASIONAL,,ACTIVE,2022-12-25,2024-11-28T05:15:56.296Z,2022-12-25T14:15:17.163Z,2024-11-28T05:15:56.296Z
7195,9601762708,Khady,Diarra,Khady Diarra,F,1996-11-16,+22235429603,,1,Nouakchott-Nord,STANDARD,,ACTIVE,2022-05-12,2024-05-04T04:35:37.843Z,2022-05-12T18:51:27.396Z,2024-05-04T04:35:37.843Z
7196,8108279768,Aminata,Tall,Aminata Tall,F,1981-07-03,+22224860736,,8,Guidimaka,OCCASIONAL,,ACTIVE,2024-06-25,2024-07-03T22:50:16.886Z,2024-06-25T07:13:13.057Z,2024-07-03T22:50:16.886Z
7197,7611787197,Noura,Touré,Noura Touré,F,1976-12-07,+22222807475,,11,Hodh El Gharbi,OCCASIONAL,,ACTIVE,2022-02-10,2022-05-17T15:34:32.264Z,2022-02-10T03:28:25.567Z,2022-05-17T15:34:32.264Z
7198,8901231868,Hacen,Yatabaré,Hacen Yatabaré,M,1989-12-28,+22235333945,,1,Nouakchott-Nord,DORMANT,,PENDING_KYC,2022-04-09,2024-04-24T10:35:10.197Z,2022-04-09T23:50:35.045Z,2024-04-24T10:35:10.197Z
7199,6202129125,Zein,Ould Sidi,Zein Ould Sidi,M,1962-03-04,+22249246502,zein.ouldsidi110@gmail.com,2,Nouakchott-Ouest,STANDARD,,ACTIVE,2024-07-14,2024-08-26T23:23:07.390Z,2024-07-14T21:33:13.365Z,2024-08-26T23:23:07.390Z
7200,8101344102,Aziza,Mint Lemrabott,Aziza Mint Lemrabott,F,1981-03-23,+22222282859,,1,Nouakchott-Nord,PREMIUM,,ACTIVE,2024-06-06,2024-11-02T14:57:30.220Z,2024-06-06T09:36:38.345Z,2024-11-02T14:57:30.220Z
7201,8605118481,Abdallah,Ndiaye,Abdallah Ndiaye,M,1986-02-15,+22233868732,,5,Trarza,STANDARD,,INACTIVE,2022-05-12,2023-03-27T00:13:29.654Z,2022-05-12T20:20:24.430Z,2023-03-27T00:13:29.654Z
7202,6209399042,Aïssata,Cissé,Aïssata Cissé,F,1962-05-20,+22235660877,,9,Assaba,STANDARD,,ACTIVE,2022-01-28,2024-09-28T03:19:14.933Z,2022-01-28T22:04:21.475Z,2024-09-28T03:19:14.933Z
7203,0404478894,Haby,Anne,Haby Anne,F,2004-05-23,+22223488194,,4,Dakhlet Nouadhibou,ACTIVE,,ACTIVE,2023-09-06,2024-01-26T02:47:07.474Z,2023-09-06T06:33:44.210Z,2024-01-26T02:47:07.474Z
7204,9801248776,Bilal,Sène,Bilal Sène,M,1998-05-27,+22222331146,,1,Nouakchott-Nord,OCCASIONAL,,ACTIVE,2022-06-18,2024-09-19T11:57:05.932Z,2022-06-18T13:11:51.371Z,2024-09-19T11:57:05.932Z
7205,0302753965,Khalil,Sall,Khalil Sall,M,2003-04-27,+22225054006,,2,Nouakchott-Ouest,DORMANT,,ACTIVE,2024-04-07,2024-06-26T13:06:04.970Z,2024-04-07T00:18:16.630Z,2024-06-26T13:06:04.970Z
7206,0002465557,Halima,Soumaré,Halima Soumaré,F,2000-11-25,+22222574967,,2,Nouakchott-Ouest,ACTIVE,,ACTIVE,2022-04-24,2022-12-17T12:38:31.319Z,2022-04-24T14:46:42.407Z,2022-12-17T12:38:31.319Z
7207,8703908690,Abdel Rahman,Ould El Hacen,Abdel Rahman Ould El Hacen,M,1987-01-13,+22224137432,,3,Nouakchott-Sud,ACTIVE,,ACTIVE,2024-04-15,2024-09-13T07:02:16.902Z,2024-04-15T09:38:18.376Z,2024-09-13T07:02:16.902Z
7208,9104358640,Kelthoum,Mint Ahmedou,Kelthoum Mint Ahmedou,F,1991-05-26,+22225450732,,4,Dakhlet Nouadhibou,ACTIVE,,ACTIVE,2022-02-03,2023-01-04T15:02:42.516Z,2022-02-03T04:09:33.278Z,2023-01-04T15:02:42.516Z
7209,8802251006,Aminetou,Diallo,Aminetou Diallo,F,1988-02-26,+22233037643,aminetou.diallo989@gmail.com,2,Nouakchott-Ouest,ACTIVE,,ACTIVE,2022-04-10,2022-11-28T06:07:15.025Z,2022-04-10T15:19:31.675Z,2022-11-28T06:07:15.025Z
7210,9404282548,Mountaga,Faye,Mountaga Faye,M,1994-09-16,+22222214269,,4,Dakhlet Nouadhibou,STANDARD,,ACTIVE,2022-06-25,2023-10-14T23:25:41.427Z,2022-06-25T03:30:18.972Z,2023-10-14T23:25:41.427Z
7211,6004854692,Vatma,Sarr,Vatma Sarr,F,1960-02-09,+22248640066,,4,Dakhlet Nouadhibou,OCCASIONAL,,ACTIVE,2024-01-13,2024-09-04T00:49:42.358Z,2024-01-13T02:24:32.545Z,2024-09-04T00:49:42.358Z
7212,8303394077,Hawa,Gaye,Hawa Gaye,F,1983-01-07,+22224778553,,3,Nouakchott-Sud,STANDARD,,PENDING_KYC,2024-12-01,2024-12-04T12:01:18.624Z,2024-12-01T16:52:14.322Z,2024-12-04T12:01:18.624Z
7213,7601191476,Yacoub,Ould Hamadi,Yacoub Ould Hamadi,M,1976-10-10,+22235796527,,1,Nouakchott-Nord,STANDARD,,ACTIVE,2023-06-29,2023-11-23T03:42:38.791Z,2023-06-29T02:47:05.197Z,2023-11-23T03:42:38.791Z
7214,6907366333,Cheikhna,Ould Vall,Cheikhna Ould Vall,M,1969-08-19,+22222631806,cheikhna.ouldvall304@gmail.com,7,Gorgol,STANDARD,,ACTIVE,2023-02-07,2024-10-25T12:38:17.322Z,2023-02-07T23:23:41.334Z,2024-10-25T12:38:17.322Z
7215,8009936588,Youssouf,Ould Abdel Aziz,Youssouf Ould Abdel Aziz,M,1980-04-14,+22224033571,,9,Assaba,STANDARD,,ACTIVE,2022-04-04,2024-08-15T12:46:34.010Z,2022-04-04T21:19:06.502Z,2024-08-15T12:46:34.010Z
7216,8013464826,Zeinab,Mint Ethmane,Zeinab Mint Ethmane,F,1980-01-22,+22225672957,,13,Tagant,DORMANT,,ACTIVE,2024-06-15,2024-06-20T03:15:11.944Z,2024-06-15T09:52:51.504Z,2024-06-20T03:15:11.944Z
7217,9902054852,Hapsatou,Fofana,Hapsatou Fofana,F,1999-03-26,+22223784373,hapsatou.fofana853@yahoo.fr,2,Nouakchott-Ouest,ACTIVE,,INACTIVE,2023-09-05,2023-09-16T10:49:42.228Z,2023-09-05T01:57:45.957Z,2023-09-16T10:49:42.228Z
7218,8402027665,Noura,Mint Vall,Noura Mint Vall,F,1984-03-26,+22244366999,noura.mintvall786@outlook.com,2,Nouakchott-Ouest,PREMIUM,,ACTIVE,2023-07-26,2023-09-02T07:14:23.871Z,2023-07-26T21:02:07.327Z,2023-09-02T07:14:23.871Z
7219,8714237293,Mariama,Koné,Mariama Koné,F,1987-05-20,+22237811847,mariama.koné581@gmail.com,14,Inchiri,STANDARD,,ACTIVE,2023-03-18,2024-04-23T10:52:10.942Z,2023-03-18T23:32:30.397Z,2024-04-23T10:52:10.942Z
7220,0102143270,Kadiatou,Sy,Kadiatou Sy,F,2001-06-13,+22233582350,,2,Nouakchott-Ouest,STANDARD,,ACTIVE,2024-06-19,2024-12-24T12:30:23.992Z,2024-06-19T00:53:16.813Z,2024-12-24T12:30:23.992Z
7221,9912058891,Isselmou,Fall,Isselmou Fall,M,1999-06-21,+22223353825,,12,Adrar,STANDARD,,ACTIVE,2024-10-30,2024-11-12T15:04:25.404Z,2024-10-30T16:40:38.292Z,2024-11-12T15:04:25.404Z
7222,9007465258,Mbarka,Mint Wedadi,Mbarka Mint Wedadi,F,1990-06-07,+22232238457,,7,Gorgol,STANDARD,,ACTIVE,2022-09-15,2024-11-24T12:09:08.961Z,2022-09-15T23:26:55.735Z,2024-11-24T12:09:08.961Z
7223,7907561803,Seynabou,Camara,Seynabou Camara,F,1979-07-22,+22223718306,,7,Gorgol,VIP,,ACTIVE,2022-08-27,2022-12-11T05:41:30.169Z,2022-08-27T16:04:12.925Z,2022-12-11T05:41:30.169Z
7224,8602094436,Hamoud,Gaye,Hamoud Gaye,M,1986-02-21,+22235541436,,2,Nouakchott-Ouest,DORMANT,,ACTIVE,2022-01-31,2023-03-24T09:17:35.709Z,2022-01-31T14:23:21.945Z,2023-03-24T09:17:35.709Z
7225,8010590564,Coumba,Sall,Coumba Sall,F,1980-04-07,+22248272190,,10,Hodh Ech Chargui,STANDARD,,ACTIVE,2022-11-12,2024-08-05T12:41:46.877Z,2022-11-12T16:25:29.048Z,2024-08-05T12:41:46.877Z
7226,9902022295,Salem,Ould Vadel,Salem Ould Vadel,M,1999-12-09,+22233616528,,2,Nouakchott-Ouest,OCCASIONAL,,ACTIVE,2023-02-10,2023-09-19T07:44:30.610Z,2023-02-10T16:31:05.929Z,2023-09-19T07:44:30.610Z
7227,9902046235,Malouma,Mint El Mokhtar,Malouma Mint El Mokhtar,F,1999-10-28,+22222553466,malouma.mintelmokhtar55@outlook.com,2,Nouakchott-Ouest,ACTIVE,,ACTIVE,2023-06-07,2024-10-16T13:22:06.748Z,2023-06-07T00:01:54.440Z,2024-10-16T13:22:06.748Z
7228,6904267789,Youssouf,Ould Jiddou,Youssouf Ould Jiddou,M,1969-07-28,+22233122221,youssouf.ouldjiddou134@outlook.com,4,Dakhlet Nouadhibou,DORMANT,,ACTIVE,2023-06-02,2023-06-22T20:47:51.599Z,2023-06-02T18:54:26.956Z,2023-06-22T20:47:51.599Z
7229,9502004437,Khadijetou,Wade,Khadijetou Wade,F,1995-12-07,+22233828214,khadijetou.wade42@hotmail.fr,2,Nouakchott-Ouest,STANDARD,,INACTIVE,2024-09-21,2024-09-26T21:37:13.228Z,2024-09-21T02:44:36.900Z,2024-09-26T21:37:13.228Z
7230,9004751455,Ténin,Dia,Ténin Dia,F,1990-01-12,+22241570373,,4,Dakhlet Nouadhibou,ACTIVE,,INACTIVE,2022-07-23,2023-08-23T11:56:55.817Z,2022-07-23T09:39:15.524Z,2023-08-23T11:56:55.817Z
7231,8003641350,Jemila,Mint Ghali,Jemila Mint Ghali,F,1980-01-10,+22234762732,,3,Nouakchott-Sud,OCCASIONAL,,ACTIVE,2022-08-08,2024-03-26T06:29:35.923Z,2022-08-08T12:22:21.944Z,2024-03-26T06:29:35.923Z
7232,0103507590,Mohamed Mahmoud,Ould Saad,Mohamed Mahmoud Ould Saad,M,2001-05-15,+22243518615,,3,Nouakchott-Sud,STANDARD,,ACTIVE,2024-12-06,2024-12-06T15:38:40.553Z,2024-12-06T01:42:46.154Z,2024-12-06T15:38:40.553Z
7233,0115879348,El Hacen,Ba,El Hacen Ba,M,2001-11-17,+22233365370,elhacen.ba980@gmail.com,15,Tiris Zemmour,OCCASIONAL,,ACTIVE,2024-02-29,2024-06-01T14:10:25.162Z,2024-02-29T16:49:37.723Z,2024-06-01T14:10:25.162Z
7234,0102067040,Kadiatou,Baldé,Kadiatou Baldé,F,2001-11-28,+22222132448,,2,Nouakchott-Ouest,ACTIVE,,ACTIVE,2024-05-03,2024-05-08T15:22:06.656Z,2024-05-03T18:27:30.030Z,2024-05-08T15:22:06.656Z
7235,6703689717,Coumba,Bah,Coumba Bah,F,1967-06-14,+22223703978,coumba.bah726@hotmail.fr,3,Nouakchott-Sud,DORMANT,,BLOCKED,2023-11-01,2024-11-22T16:54:44.353Z,2023-11-01T13:39:46.861Z,2024-11-22T16:54:44.353Z
7236,7409490575,Rokaya,Mint Salem,Rokaya Mint Salem,F,1974-03-06,+22222707111,,9,Assaba,OCCASIONAL,,ACTIVE,2022-04-01,2022-08-29T05:06:43.025Z,2022-04-01T02:35:53.763Z,2022-08-29T05:06:43.025Z
7237,9108548094,Boubacar,Fall,Boubacar Fall,M,1991-05-25,+22237826754,,8,Guidimaka,DORMANT,,ACTIVE,2022-10-09,2024-07-18T00:15:31.421Z,2022-10-09T17:57:20.608Z,2024-07-18T00:15:31.421Z
7238,7602439090,Vall,Ould Habiboullah,Vall Ould Habiboullah,M,1976-03-03,+22225618665,vall.ouldhabiboullah891@hotmail.fr,2,Nouakchott-Ouest,STANDARD,,ACTIVE,2024-01-15,2024-08-17T06:48:47.039Z,2024-01-15T10:21:14.972Z,2024-08-17T06:48:47.039Z
7239,7301724521,Mouna,Mint Ahmed,Mouna Mint Ahmed,F,1973-06-08,+22223358045,mouna.mintahmed29@yahoo.fr,1,Nouakchott-Nord,STANDARD,,ACTIVE,2024-12-16,2024-12-26T13:53:57.989Z,2024-12-16T11:41:01.217Z,2024-12-26T13:53:57.989Z
7240,7615279513,Noura,Mint Mahmoud,Noura Mint Mahmoud,F,1976-12-17,+22242709529,,15,Tiris Zemmour,OCCASIONAL,,ACTIVE,2024-08-31,2024-09-11T15:22:35.955Z,2024-08-31T21:50:24.723Z,2024-09-11T15:22:35.955Z
7241,8910876087,Hawa,Fall,Hawa Fall,F,1989-03-20,+22242288157,hawa.fall746@hotmail.fr,10,Hodh Ech Chargui,ACTIVE,,ACTIVE,2022-06-07,2023-07-22T19:59:20.918Z,2022-06-07T18:08:52.221Z,2023-07-22T19:59:20.918Z
7242,0002501963,Binta,Ndiaye,Binta Ndiaye,F,2000-07-23,+22222458489,,2,Nouakchott-Ouest,DORMANT,,ACTIVE,2023-04-22,2024-08-10T19:53:34.173Z,2023-04-22T15:46:06.225Z,2024-08-10T19:53:34.173Z
7243,8306787425,Sadio,Diakité,Sadio Diakité,M,1983-04-08,+22224245776,sadio.diakité756@hotmail.fr,6,Brakna,OCCASIONAL,,ACTIVE,2023-06-25,2024-07-21T16:24:52.613Z,2023-06-25T21:06:34.684Z,2024-07-21T16:24:52.613Z
7244,9015325566,Abeih,Ould El Mokhtar,Abeih Ould El Mokhtar,M,1990-01-24,+22234367538,abeih.ouldelmokhtar333@outlook.com,15,Tiris Zemmour,STANDARD,,PENDING_KYC,2024-05-05,2024-12-17T10:07:34.482Z,2024-05-05T03:23:00.593Z,2024-12-17T10:07:34.482Z
7245,0302501528,Maimouna,Kouyaté,Maimouna Kouyaté,F,2003-03-22,+22225990112,,2,Nouakchott-Ouest,STANDARD,,INACTIVE,2024-03-08,2024-10-27T08:40:58.949Z,2024-03-08T21:18:04.235Z,2024-10-27T08:40:58.949Z
7246,0002266848,Oumar,Bâ,Oumar Bâ,M,2000-08-07,+22224193446,oumar.bâ901@outlook.com,2,Nouakchott-Ouest,STANDARD,,ACTIVE,2022-08-27,2023-10-06T12:58:33.304Z,2022-08-27T21:12:40.373Z,2023-10-06T12:58:33.304Z
7247,6601563041,Aichetou,Mint Nenni,Aichetou Mint Nenni,F,1966-10-13,+22225763228,aichetou.mintnenni437@gmail.com,1,Nouakchott-Nord,STANDARD,,PENDING_KYC,2024-10-28,2024-12-05T16:37:08.782Z,2024-10-28T11:59:47.699Z,2024-12-05T16:37:08.782Z
7248,9308701301,Fatima,Mint Mohamed,Fatima Mint Mohamed,F,1993-10-24,+22235004217,fatima.mintmohamed672@gmail.com,8,Guidimaka,OCCASIONAL,,ACTIVE,2024-06-15,2024-10-24T23:13:03.324Z,2024-06-15T06:04:28.548Z,2024-10-24T23:13:03.324Z
7249,9302557067,Mohamed Mahmoud,Diakité,Mohamed Mahmoud Diakité,M,1993-11-16,+22223210181,,2,Nouakchott-Ouest,STANDARD,,ACTIVE,2024-08-21,2024-09-15T07:55:27.310Z,2024-08-21T07:09:55.514Z,2024-09-15T07:55:27.310Z
7250,0204628169,Sidiki,Fall,Sidiki Fall,M,2002-04-04,+22235762860,,4,Dakhlet Nouadhibou,STANDARD,,ACTIVE,2022-06-07,2023-01-30T23:59:38.759Z,2022-06-07T00:31:21.336Z,2023-01-30T23:59:38.759Z
7251,9215912920,Maguette,Dia,Maguette Dia,M,1992-03-18,+22242510742,maguette.dia923@outlook.com,15,Tiris Zemmour,STANDARD,,ACTIVE,2023-10-02,2024-10-26T01:36:03.352Z,2023-10-02T10:40:37.390Z,2024-10-26T01:36:03.352Z
7252,8910014902,Anta,Sow,Anta Sow,F,1989-07-25,+22244058134,,10,Hodh Ech Chargui,VIP,,ACTIVE,2024-10-17,2024-10-24T21:30:20.636Z,2024-10-17T04:34:05.750Z,2024-10-24T21:30:20.636Z
7253,7002984415,Aminetou,Diagana,Aminetou Diagana,F,1970-02-01,+22246485829,,2,Nouakchott-Ouest,ACTIVE,,ACTIVE,2024-03-23,2024-08-03T19:10:52.593Z,2024-03-23T00:57:16.150Z,2024-08-03T19:10:52.593Z
7254,8702978900,Khadijetou,Mint Vall,Khadijetou Mint Vall,F,1987-06-13,+22237895659,,2,Nouakchott-Ouest,ACTIVE,,ACTIVE,2023-09-26,2024-01-30T15:19:22.850Z,2023-09-26T21:38:53.202Z,2024-01-30T15:19:22.850Z
7255,8704692657,Taleb,Ould Ethmane,Taleb Ould Ethmane,M,1987-02-22,+22222867792,taleb.ouldethmane892@yahoo.fr,4,Dakhlet Nouadhibou,OCCASIONAL,,ACTIVE,2023-05-14,2024-12-17T12:52:03.737Z,2023-05-14T17:50:29.623Z,2024-12-17T12:52:03.737Z
7256,9301018271,Cheikhna,Ould Mohamed,Cheikhna Ould Mohamed,M,1993-09-21,+22223494731,,1,Nouakchott-Nord,ACTIVE,,ACTIVE,2024-04-01,2024-08-08T12:39:23.289Z,2024-04-01T08:47:45.784Z,2024-08-08T12:39:23.289Z
7257,6905546432,Rokaya,Sissoko,Rokaya Sissoko,F,1969-06-06,+22224537913,,5,Trarza,STANDARD,,ACTIVE,2023-05-06,2024-04-21T18:23:40.221Z,2023-05-06T20:08:12.378Z,2024-04-21T18:23:40.221Z
7258,0305318415,Aliou,Niang,Aliou Niang,M,2003-06-16,+22233226793,,5,Trarza,ACTIVE,,ACTIVE,2022-11-16,2024-09-17T18:57:34.862Z,2022-11-16T13:57:52.125Z,2024-09-17T18:57:34.862Z
7259,9502569859,Soueidatt,Ould Hamadi,Soueidatt Ould Hamadi,M,1995-03-27,+22225498146,,2,Nouakchott-Ouest,STANDARD,,INACTIVE,2022-02-16,2022-12-31T02:23:34.483Z,2022-02-16T14:00:11.716Z,2022-12-31T02:23:34.483Z
7260,7102398808,Hamoud,Touré,Hamoud Touré,M,1971-05-11,+22236332386,,2,Nouakchott-Ouest,OCCASIONAL,,ACTIVE,2023-10-31,2024-03-23T13:10:39.623Z,2023-10-31T01:34:22.545Z,2024-03-23T13:10:39.623Z
7261,6711461040,Khalil,Ould Cheikh,Khalil Ould Cheikh,M,1967-12-12,+22248072148,khalil.ouldcheikh828@gmail.com,11,Hodh El Gharbi,OCCASIONAL,,ACTIVE,2024-08-25,2024-10-21T07:37:56.039Z,2024-08-25T12:21:22.658Z,2024-10-21T07:37:56.039Z
7262,9203821555,Mohamed,Ould Nenni,Mohamed Ould Nenni,M,1992-02-08,+22223839640,,3,Nouakchott-Sud,ACTIVE,,ACTIVE,2022-08-14,2023-03-15T13:29:49.939Z,2022-08-14T08:16:33.218Z,2023-03-15T13:29:49.939Z
7263,9204957220,Sidi Ahmed,Ould Cheikh,Sidi Ahmed Ould Cheikh,M,1992-04-05,+22222366333,,4,Dakhlet Nouadhibou,STANDARD,,ACTIVE,2023-12-11,2024-06-24T12:05:36.940Z,2023-12-11T09:04:39.381Z,2024-06-24T12:05:36.940Z
7264,8011775021,Sidina,Dia,Sidina Dia,M,1980-08-07,+22244001032,sidina.dia46@gmail.com,11,Hodh El Gharbi,ACTIVE,,PENDING_KYC,2023-02-06,2023-04-05T06:31:37.274Z,2023-02-06T20:30:32.230Z,2023-04-05T06:31:37.274Z
7265,8501543062,Mariam,Mint Ethmane,Mariam Mint Ethmane,F,1985-11-12,+22235459570,mariam.mintethmane77@yahoo.fr,1,Nouakchott-Nord,OCCASIONAL,,ACTIVE,2023-03-27,2023-06-06T05:19:45.924Z,2023-03-27T11:45:30.863Z,2023-06-06T05:19:45.924Z
7266,9914512900,Mahmoud,Ould Lemrabott,Mahmoud Ould Lemrabott,M,1999-09-22,+22224847513,,14,Inchiri,OCCASIONAL,,PENDING_KYC,2023-03-18,2024-03-08T21:33:31.085Z,2023-03-18T23:27:56.902Z,2024-03-08T21:33:31.085Z
7267,6603640544,Massamba,Yatabaré,Massamba Yatabaré,M,1966-04-18,+22225004853,,3,Nouakchott-Sud,OCCASIONAL,,ACTIVE,2024-07-29,2024-10-28T02:05:59.126Z,2024-07-29T01:49:41.174Z,2024-10-28T02:05:59.126Z
7268,6008874452,Zeinab,Mint Horma,Zeinab Mint Horma,F,1960-05-01,+22232382320,zeinab.minthorma39@yahoo.fr,8,Guidimaka,STANDARD,,ACTIVE,2022-06-24,2023-05-03T09:50:55.482Z,2022-06-24T20:33:46.586Z,2023-05-03T09:50:55.482Z
7269,9902819424,Mahjouba,Bathily,Mahjouba Bathily,F,1999-01-23,+22243300695,,2,Nouakchott-Ouest,STANDARD,,ACTIVE,2023-06-10,2024-02-15T22:26:36.723Z,2023-06-10T07:35:00.565Z,2024-02-15T22:26:36.723Z
7270,8801748006,N'Dèye,Guèye,N'Dèye Guèye,F,1988-06-27,+22237699169,,1,Nouakchott-Nord,STANDARD,,ACTIVE,2023-04-22,2023-09-19T02:55:47.982Z,2023-04-22T21:27:27.350Z,2023-09-19T02:55:47.982Z
7271,8304646528,Salem,Ould Jiddou,Salem Ould Jiddou,M,1983-07-12,+22232679909,salem.ouldjiddou537@yahoo.fr,4,Dakhlet Nouadhibou,OCCASIONAL,,ACTIVE,2023-12-07,2024-03-28T13:05:15.681Z,2023-12-07T19:18:59.957Z,2024-03-28T13:05:15.681Z
7272,8801232789,Nouh,Ould Ahmed,Nouh Ould Ahmed,M,1988-12-28,+22235670448,,1,Nouakchott-Nord,STANDARD,,ACTIVE,2023-09-23,2024-03-05T03:51:17.092Z,2023-09-23T09:03:56.830Z,2024-03-05T03:51:17.092Z
7273,7011207592,Defa,Mint Vadel,Defa Mint Vadel,F,1970-02-09,+22232730065,,11,Hodh El Gharbi,DORMANT,,PENDING_KYC,2024-03-01,2024-12-23T16:26:53.868Z,2024-03-01T14:15:03.368Z,2024-12-23T16:26:53.868Z
7274,6903966852,Hamady,Wane,Hamady Wane,M,1969-04-28,+22223339283,,3,Nouakchott-Sud,OCCASIONAL,,ACTIVE,2023-06-25,2023-08-12T20:43:20.417Z,2023-06-25T21:11:50.473Z,2023-08-12T20:43:20.417Z
7275,8602075806,Naha,Mint Dah,Naha Mint Dah,F,1986-01-28,+22232849487,naha.mintdah260@hotmail.fr,2,Nouakchott-Ouest,ACTIVE,,ACTIVE,2024-12-06,2024-12-27T09:12:14.484Z,2024-12-06T03:17:30.342Z,2024-12-27T09:12:14.484Z
7276,7301539143,Ibrahima,Ndour,Ibrahima Ndour,M,1973-11-27,+22224709259,,1,Nouakchott-Nord,OCCASIONAL,,PENDING_KYC,2022-01-04,2023-03-25T21:19:05.852Z,2022-01-04T06:54:48.202Z,2023-03-25T21:19:05.852Z
7277,6405075085,El Hacen,Thiam,El Hacen Thiam,M,1964-08-10,+22241124364,,5,Trarza,ACTIVE,,ACTIVE,2023-06-14,2023-07-28T20:34:57.360Z,2023-06-14T23:49:22.934Z,2023-07-28T20:34:57.360Z
7278,6501438726,Abdellahi,Ould Lemrabott,Abdellahi Ould Lemrabott,M,1965-11-08,+22223332732,,1,Nouakchott-Nord,STANDARD,,ACTIVE,2023-09-10,2023-11-05T09:18:26.827Z,2023-09-10T19:26:36.400Z,2023-11-05T09:18:26.827Z
7279,8205148435,Ahmed Salem,Ould Salem,Ahmed Salem Ould Salem,M,1982-10-07,+22234775841,,5,Trarza,ACTIVE,,ACTIVE,2024-05-01,2024-05-06T16:03:29.070Z,2024-05-01T21:26:48.355Z,2024-05-06T16:03:29.070Z
7280,6901555494,Assa,Sissoko,Assa Sissoko,F,1969-06-06,+22224354511,assa.sissoko422@yahoo.fr,1,Nouakchott-Nord,STANDARD,,ACTIVE,2023-05-25,2024-04-13T15:58:37.606Z,2023-05-25T17:12:11.740Z,2024-04-13T15:58:37.606Z
7281,0207797855,Mountaga,Bâ,Mountaga Bâ,M,2002-11-15,+22223476722,,7,Gorgol,STANDARD,,ACTIVE,2024-11-17,2024-12-22T04:19:21.513Z,2024-11-17T13:31:13.569Z,2024-12-22T04:19:21.513Z
7282,8603974591,Mohamed Yahya,Ould Hadrami,Mohamed Yahya Ould Hadrami,M,1986-05-11,+22225429148,mohamedyahya.ouldhadrami18@hotmail.fr,3,Nouakchott-Sud,STANDARD,,ACTIVE,2022-11-20,2024-05-24T17:51:00.807Z,2022-11-20T22:10:53.964Z,2024-05-24T17:51:00.807Z
7283,0302875757,Saleck,Ould Nenni,Saleck Ould Nenni,M,2003-10-02,+22223510713,,2,Nouakchott-Ouest,ACTIVE,,ACTIVE,2022-05-11,2023-03-10T00:40:48.298Z,2022-05-11T02:32:51.409Z,2023-03-10T00:40:48.298Z
7284,7901633560,Khadijetou,Mint Messoud,Khadijetou Mint Messoud,F,1979-11-13,+22241584481,,1,Nouakchott-Nord,STANDARD,,ACTIVE,2023-06-13,2023-06-21T17:33:25.746Z,2023-06-13T03:27:04.821Z,2023-06-21T17:33:25.746Z
7285,7804679281,Yahya,Ould Isselmou,Yahya Ould Isselmou,M,1978-09-26,+22233669990,yahya.ouldisselmou340@yahoo.fr,4,Dakhlet Nouadhibou,ACTIVE,,ACTIVE,2022-05-27,2022-05-27T11:13:41.675Z,2022-05-27T10:11:27.083Z,2022-05-27T11:13:41.675Z
7286,7605488413,Abeih,Ould Limam,Abeih Ould Limam,M,1976-10-04,+22224899583,,5,Trarza,STANDARD,,ACTIVE,2024-12-24,2024-12-28T19:57:08.538Z,2024-12-24T02:46:52.839Z,2024-12-28T19:57:08.538Z
7287,8603794287,Moctar,Ould Limam,Moctar Ould Limam,M,1986-12-10,+22245067721,moctar.ouldlimam315@outlook.com,3,Nouakchott-Sud,DORMANT,,ACTIVE,2023-02-16,2023-06-28T15:38:54.425Z,2023-02-16T09:19:59.764Z,2023-06-28T15:38:54.425Z
7288,6905632416,Abdel Aziz,Ould Nenni,Abdel Aziz Ould Nenni,M,1969-09-06,+22233485126,,5,Trarza,OCCASIONAL,,ACTIVE,2022-06-14,2022-07-14T01:19:12.253Z,2022-06-14T01:06:32.554Z,2022-07-14T01:19:12.253Z
7289,0215047166,Mouna,Mint Abdel Kader,Mouna Mint Abdel Kader,F,2002-07-16,+22223014662,mouna.mintabdelkader161@hotmail.fr,15,Tiris Zemmour,OCCASIONAL,,ACTIVE,2022-07-21,2024-03-09T18:52:14.695Z,2022-07-21T22:23:08.904Z,2024-03-09T18:52:14.695Z
7290,8109510239,Abdoulaye,Ly,Abdoulaye Ly,M,1981-11-22,+22235573647,,9,Assaba,STANDARD,,INACTIVE,2023-08-16,2023-10-28T20:30:18.695Z,2023-08-16T02:39:39.117Z,2023-10-28T20:30:18.695Z
7291,6003599888,Souleymane,Ould Dah,Souleymane Ould Dah,M,1960-08-25,+22235943079,souleymane.oulddah207@yahoo.fr,3,Nouakchott-Sud,OCCASIONAL,,ACTIVE,2023-06-14,2024-07-05T16:12:02.375Z,2023-06-14T22:04:52.281Z,2024-07-05T16:12:02.375Z
7292,7715514538,Ethmane,Ould Isselmou,Ethmane Ould Isselmou,M,1977-12-01,+22244112049,,15,Tiris Zemmour,STANDARD,,ACTIVE,2024-08-27,2024-11-25T00:57:30.170Z,2024-08-27T15:52:43.153Z,2024-11-25T00:57:30.170Z
7293,8002389055,Hamadi,Ould Saad,Hamadi Ould Saad,M,1980-05-10,+22234588745,,2,Nouakchott-Ouest,STANDARD,,ACTIVE,2024-04-05,2024-07-07T01:51:10.522Z,2024-04-05T19:19:39.358Z,2024-07-07T01:51:10.522Z
7294,6501306573,Houda,Mint Cheikh,Houda Mint Cheikh,F,1965-07-27,+22234192903,houda.mintcheikh56@gmail.com,1,Nouakchott-Nord,STANDARD,,ACTIVE,2022-01-31,2024-09-24T13:05:41.864Z,2022-01-31T06:49:25.207Z,2024-09-24T13:05:41.864Z
7295,6503751119,Boubacar,Yatabaré,Boubacar Yatabaré,M,1965-11-26,+22222678827,,3,Nouakchott-Sud,DORMANT,,ACTIVE,2022-09-30,2023-02-10T01:47:34.250Z,2022-09-30T07:03:12.220Z,2023-02-10T01:47:34.250Z
7296,7703699157,Abdoulaye,Tall,Abdoulaye Tall,M,1977-05-14,+22248633258,,3,Nouakchott-Sud,OCCASIONAL,,PENDING_KYC,2022-02-13,2024-12-18T09:50:09.394Z,2022-02-13T14:07:48.342Z,2024-12-18T09:50:09.394Z
7297,8302587003,N'Dèye,Bathily,N'Dèye Bathily,F,1983-08-01,+22233853911,,2,Nouakchott-Ouest,STANDARD,,ACTIVE,2022-08-14,2022-12-15T20:05:33.464Z,2022-08-14T12:02:12.640Z,2022-12-15T20:05:33.464Z
7298,6502533521,Tidiane,Dieng,Tidiane Dieng,M,1965-12-22,+22232719642,tidiane.dieng90@hotmail.fr,2,Nouakchott-Ouest,STANDARD,,PENDING_KYC,2024-07-09,2024-07-26T05:45:27.544Z,2024-07-09T04:59:27.421Z,2024-07-26T05:45:27.544Z
7299,6304237825,Saad,Ndiaye,Saad Ndiaye,M,1963-01-22,+22237078997,saad.ndiaye324@yahoo.fr,4,Dakhlet Nouadhibou,ACTIVE,,ACTIVE,2024-10-05,2024-10-09T17:03:33.333Z,2024-10-05T03:45:12.873Z,2024-10-09T17:03:33.333Z
7300,9102671073,Cheikhna,Thiaw,Cheikhna Thiaw,M,1991-07-12,+22225682207,cheikhna.thiaw391@outlook.com,2,Nouakchott-Ouest,STANDARD,,ACTIVE,2022-12-25,2024-02-14T22:30:10.147Z,2022-12-25T16:59:45.546Z,2024-02-14T22:30:10.147Z
7301,9302394909,Mohamed Vall,Barry,Mohamed Vall Barry,M,1993-08-28,+22223885506,mohamedvall.barry411@yahoo.fr,2,Nouakchott-Ouest,ACTIVE,,ACTIVE,2024-04-05,2024-08-01T15:45:46.540Z,2024-04-05T05:06:22.185Z,2024-08-01T15:45:46.540Z
7302,9909209783,Fatou,Cissé,Fatou Cissé,F,1999-06-10,+22224651042,,9,Assaba,DORMANT,,ACTIVE,2023-04-11,2023-05-01T11:21:31.383Z,2023-04-11T19:55:13.614Z,2023-05-01T11:21:31.383Z
7303,7511612722,Aïssata,Diop,Aïssata Diop,F,1975-01-01,+22248028416,aïssata.diop858@yahoo.fr,11,Hodh El Gharbi,ACTIVE,,ACTIVE,2022-11-05,2024-09-06T22:54:50.238Z,2022-11-05T15:19:05.656Z,2024-09-06T22:54:50.238Z
7304,8207552100,Boubacar,Ndour,Boubacar Ndour,M,1982-01-14,+22222867826,,7,Gorgol,STANDARD,,ACTIVE,2024-01-09,2024-04-13T16:54:32.560Z,2024-01-09T20:06:01.026Z,2024-04-13T16:54:32.560Z
7305,8203851591,Mounina,Mint Horma,Mounina Mint Horma,F,1982-07-17,+22232488516,mounina.minthorma906@hotmail.fr,3,Nouakchott-Sud,STANDARD,,ACTIVE,2023-05-09,2024-06-06T06:17:36.093Z,2023-05-09T04:04:26.610Z,2024-06-06T06:17:36.093Z
7306,7801447427,Adja,Camara,Adja Camara,F,1978-09-23,+22232978626,,1,Nouakchott-Nord,OCCASIONAL,,ACTIVE,2023-12-06,2023-12-21T17:32:14.815Z,2023-12-06T15:22:13.198Z,2023-12-21T17:32:14.815Z
7307,6005254776,Khadija,Sakho,Khadija Sakho,F,1960-01-23,+22233839308,,5,Trarza,OCCASIONAL,,BLOCKED,2024-03-12,2024-07-19T21:44:52.677Z,2024-03-12T01:15:56.877Z,2024-07-19T21:44:52.677Z
7308,7805559593,N'Dèye,Bâ,N'Dèye Bâ,F,1978-12-10,+22224893112,,5,Trarza,ACTIVE,,ACTIVE,2023-05-27,2024-03-05T05:40:04.161Z,2023-05-27T21:23:30.253Z,2024-03-05T05:40:04.161Z
7309,6702596690,Ethmane,Ould Sidi,Ethmane Ould Sidi,M,1967-06-12,+22247625271,,2,Nouakchott-Ouest,STANDARD,,ACTIVE,2022-07-07,2024-03-16T04:40:27.926Z,2022-07-07T20:32:30.121Z,2024-03-16T04:40:27.926Z
7310,8001153244,Vall,Ould Wedadi,Vall Ould Wedadi,M,1980-07-11,+22223921801,,1,Nouakchott-Nord,STANDARD,,ACTIVE,2024-05-07,2024-08-03T23:24:06.076Z,2024-05-07T15:51:00.214Z,2024-08-03T23:24:06.076Z
7311,6915439096,Sidi,Thiaw,Sidi Thiaw,M,1969-02-17,+22235387586,,15,Tiris Zemmour,STANDARD,,ACTIVE,2022-11-30,2024-11-29T00:02:50.582Z,2022-11-30T03:51:10.657Z,2024-11-29T00:02:50.582Z
7312,6309555733,Ethmane,Faye,Ethmane Faye,M,1963-07-22,+22241203026,ethmane.faye599@yahoo.fr,9,Assaba,DORMANT,,ACTIVE,2022-04-13,2022-09-22T02:02:00.163Z,2022-04-13T07:38:20.867Z,2022-09-22T02:02:00.163Z
7313,6107407117,Naima,Thiaw,Naima Thiaw,F,1961-07-05,+22223781100,,7,Gorgol,OCCASIONAL,,PENDING_KYC,2023-05-28,2024-10-24T05:22:41.140Z,2023-05-28T14:31:19.190Z,2024-10-24T05:22:41.140Z
7314,7803360816,Abdel Kader,Ould Ghali,Abdel Kader Ould Ghali,M,1978-07-01,+22237688809,abdelkader.ouldghali936@yahoo.fr,3,Nouakchott-Sud,DORMANT,,ACTIVE,2022-05-14,2024-06-07T14:39:48.673Z,2022-05-14T19:56:56.046Z,2024-06-07T14:39:48.673Z
7315,9207835105,Vall,Ould Brahim,Vall Ould Brahim,M,1992-07-15,+22246731984,,7,Gorgol,ACTIVE,,ACTIVE,2024-05-07,2024-05-26T16:00:07.848Z,2024-05-07T08:51:10.460Z,2024-05-26T16:00:07.848Z
7316,9501778322,Adama,Faye,Adama Faye,F,1995-09-24,+22245140648,,1,Nouakchott-Nord,ACTIVE,,SUSPENDED,2024-05-18,2024-09-16T17:37:01.730Z,2024-05-18T05:23:46.117Z,2024-09-16T17:37:01.730Z
7317,0302759871,Mahjouba,Mint Nenni,Mahjouba Mint Nenni,F,2003-10-13,+22224242699,,2,Nouakchott-Ouest,PREMIUM,,ACTIVE,2024-09-28,2024-11-04T04:11:10.081Z,2024-09-28T02:13:15.652Z,2024-11-04T04:11:10.081Z
7318,8902755905,Taleb,Ould Eleya,Taleb Ould Eleya,M,1989-11-04,+22246163271,taleb.ouldeleya251@hotmail.fr,2,Nouakchott-Ouest,STANDARD,,SUSPENDED,2024-03-14,2024-08-17T18:29:34.594Z,2024-03-14T11:54:20.982Z,2024-08-17T18:29:34.594Z
7319,7701885264,Oumar,Bâ,Oumar Bâ,M,1977-09-19,+22232799170,,1,Nouakchott-Nord,OCCASIONAL,,BLOCKED,2024-01-17,2024-04-28T21:59:49.042Z,2024-01-17T19:48:58.845Z,2024-04-28T21:59:49.042Z
7320,8101076799,Mountaga,Kanouté,Mountaga Kanouté,M,1981-10-25,+22223592972,,1,Nouakchott-Nord,OCCASIONAL,,ACTIVE,2024-07-05,2024-10-17T03:53:50.655Z,2024-07-05T03:48:19.394Z,2024-10-17T03:53:50.655Z
7321,6202437475,Moulaye,Ould Nagi,Moulaye Ould Nagi,M,1962-12-03,+22222400191,,2,Nouakchott-Ouest,OCCASIONAL,,ACTIVE,2022-05-26,2024-04-24T17:21:24.566Z,2022-05-26T06:21:46.075Z,2024-04-24T17:21:24.566Z
7322,6413093220,Moustapha,Ould El Hacen,Moustapha Ould El Hacen,M,1964-10-28,+22222561369,,13,Tagant,OCCASIONAL,,ACTIVE,2022-09-01,2024-11-13T11:22:03.884Z,2022-09-01T00:14:45.329Z,2024-11-13T11:22:03.884Z
7323,6501343978,Khady,Thiaw,Khady Thiaw,F,1965-11-19,+22223866736,,1,Nouakchott-Nord,OCCASIONAL,,ACTIVE,2022-01-28,2022-07-10T00:48:23.098Z,2022-01-28T02:37:49.261Z,2022-07-10T00:48:23.098Z
7324,0304814820,Aminetou,Mint Abeih,Aminetou Mint Abeih,F,2003-03-01,+22224316942,,4,Dakhlet Nouadhibou,DORMANT,,ACTIVE,2024-05-29,2024-12-15T00:43:57.065Z,2024-05-29T18:34:52.024Z,2024-12-15T00:43:57.065Z
7325,6502867509,Hamadi,Ould Hamadi,Hamadi Ould Hamadi,M,1965-12-21,+22225454076,hamadi.ouldhamadi504@gmail.com,2,Nouakchott-Ouest,STANDARD,,ACTIVE,2024-05-24,2024-10-01T14:52:39.238Z,2024-05-24T11:07:54.225Z,2024-10-01T14:52:39.238Z
7326,6403291500,Taleb,Ould Soufi,Taleb Ould Soufi,M,1964-08-25,+22222673995,,3,Nouakchott-Sud,OCCASIONAL,,ACTIVE,2023-11-22,2024-03-02T02:23:58.187Z,2023-11-22T05:20:38.701Z,2024-03-02T02:23:58.187Z
7327,0101277176,Malick,Tall,Malick Tall,M,2001-11-24,+22224866071,malick.tall64@hotmail.fr,1,Nouakchott-Nord,DORMANT,,ACTIVE,2022-01-24,2024-03-17T16:41:33.102Z,2022-01-24T22:52:46.354Z,2024-03-17T16:41:33.102Z
7328,7902366159,Lala,Mbaye,Lala Mbaye,F,1979-03-11,+22224856878,,2,Nouakchott-Ouest,STANDARD,,ACTIVE,2022-10-12,2023-04-02T17:06:02.353Z,2022-10-12T11:01:25.015Z,2023-04-02T17:06:02.353Z
7329,9902520265,Tidiane,Diop,Tidiane Diop,M,1999-09-28,+22232339340,,2,Nouakchott-Ouest,OCCASIONAL,,ACTIVE,2022-07-13,2023-01-07T03:06:04.143Z,2022-07-13T07:26:39.264Z,2023-01-07T03:06:04.143Z
7330,9115349271,Horma,Sakho,Horma Sakho,M,1991-02-03,+22222660858,horma.sakho398@outlook.com,15,Tiris Zemmour,ACTIVE,,SUSPENDED,2024-06-22,2024-07-22T18:07:52.809Z,2024-06-22T05:05:06.857Z,2024-07-22T18:07:52.809Z
7331,7203924591,Minetou,Mint Zein,Minetou Mint Zein,F,1972-09-07,+22234173303,minetou.mintzein480@hotmail.fr,3,Nouakchott-Sud,OCCASIONAL,,ACTIVE,2023-05-15,2023-08-07T03:02:53.364Z,2023-05-15T13:51:28.559Z,2023-08-07T03:02:53.364Z
7332,7302549864,Saad,Diakité,Saad Diakité,M,1973-05-22,+22234645162,,2,Nouakchott-Ouest,PREMIUM,,ACTIVE,2023-01-07,2024-06-21T13:56:04.333Z,2023-01-07T04:26:13.916Z,2024-06-21T13:56:04.333Z
7333,9812442662,Aichetou,Ndiaye,Aichetou Ndiaye,F,1998-06-12,+22225335759,aichetou.ndiaye943@outlook.com,12,Adrar,OCCASIONAL,,PENDING_KYC,2022-02-26,2024-03-06T06:36:18.929Z,2022-02-26T15:28:06.595Z,2024-03-06T06:36:18.929Z
7334,8409532203,Vatma,Mint El Ghassem,Vatma Mint El Ghassem,F,1984-06-21,+22234184445,vatma.mintelghassem359@yahoo.fr,9,Assaba,ACTIVE,,ACTIVE,2024-01-17,2024-12-06T15:42:49.006Z,2024-01-17T13:01:16.532Z,2024-12-06T15:42:49.006Z
7335,9004205493,Sidi Mohamed,Ould Bouha,Sidi Mohamed Ould Bouha,M,1990-07-19,+22234661744,sidimohamed.ouldbouha466@gmail.com,4,Dakhlet Nouadhibou,STANDARD,,ACTIVE,2023-01-18,2024-03-21T05:39:18.190Z,2023-01-18T10:04:36.040Z,2024-03-21T05:39:18.190Z
7336,6714592217,Nouh,Ould Khatri,Nouh Ould Khatri,M,1967-05-16,+22247970073,,14,Inchiri,STANDARD,,ACTIVE,2024-12-27,2024-12-30T17:28:34.803Z,2024-12-27T00:48:22.103Z,2024-12-30T17:28:34.803Z
7337,7201585154,Dramane,Sarr,Dramane Sarr,M,1972-01-25,+22225803893,,1,Nouakchott-Nord,STANDARD,,ACTIVE,2024-09-22,2024-12-27T05:36:05.864Z,2024-09-22T02:29:14.017Z,2024-12-27T05:36:05.864Z
7338,0511103157,Djimé,Wade,Djimé Wade,M,2005-03-25,+22243046797,,11,Hodh El Gharbi,OCCASIONAL,,ACTIVE,2022-05-07,2024-08-08T02:06:15.695Z,2022-05-07T08:15:23.776Z,2024-08-08T02:06:15.695Z
7339,9102322706,Khalil,Ould Isselmou,Khalil Ould Isselmou,M,1991-03-17,+22249144194,,2,Nouakchott-Ouest,STANDARD,,ACTIVE,2022-12-07,2023-06-08T13:25:39.924Z,2022-12-07T20:41:10.375Z,2023-06-08T13:25:39.924Z
7340,6301261504,Demba,Sy,Demba Sy,M,1963-06-16,+22225925996,,1,Nouakchott-Nord,DORMANT,,ACTIVE,2023-06-21,2023-10-23T21:16:31.929Z,2023-06-21T00:08:33.584Z,2023-10-23T21:16:31.929Z
7341,8501184883,Rokaya,Camara,Rokaya Camara,F,1985-03-25,+22223786647,rokaya.camara945@yahoo.fr,1,Nouakchott-Nord,STANDARD,,ACTIVE,2022-05-25,2023-06-24T22:55:42.684Z,2022-05-25T21:56:27.581Z,2023-06-24T22:55:42.684Z
7342,9902686864,Mounina,Barry,Mounina Barry,F,1999-07-28,+22225855742,,2,Nouakchott-Ouest,PREMIUM,,ACTIVE,2024-02-29,2024-06-22T17:31:08.495Z,2024-02-29T12:05:11.059Z,2024-06-22T17:31:08.495Z
7343,6902010749,Sidi Mohamed,Ould Limam,Sidi Mohamed Ould Limam,M,1969-05-05,+22225942068,sidimohamed.ouldlimam206@outlook.com,2,Nouakchott-Ouest,STANDARD,,ACTIVE,2023-03-20,2024-11-02T04:54:00.613Z,2023-03-20T11:02:59.797Z,2024-11-02T04:54:00.613Z
7344,7611684137,Rokaya,Guèye,Rokaya Guèye,F,1976-11-11,+22236136806,,11,Hodh El Gharbi,OCCASIONAL,,ACTIVE,2023-03-11,2023-08-16T23:57:55.079Z,2023-03-11T05:45:24.940Z,2023-08-16T23:57:55.079Z
7345,0402682888,Khady,Mbaye,Khady Mbaye,F,2004-11-16,+22224259322,khady.mbaye526@hotmail.fr,2,Nouakchott-Ouest,OCCASIONAL,,ACTIVE,2023-04-09,2024-07-29T13:17:22.462Z,2023-04-09T10:41:58.511Z,2024-07-29T13:17:22.462Z
7346,6502394942,Abdel Rahman,Ould Nenni,Abdel Rahman Ould Nenni,M,1965-11-11,+22222930171,,2,Nouakchott-Ouest,OCCASIONAL,,ACTIVE,2022-03-15,2023-02-04T12:43:12.833Z,2022-03-15T01:35:12.011Z,2023-02-04T12:43:12.833Z
7347,0401145027,Maimouna,Bathily,Maimouna Bathily,F,2004-05-08,+22246190470,maimouna.bathily662@hotmail.fr,1,Nouakchott-Nord,OCCASIONAL,,ACTIVE,2024-09-29,2024-12-05T11:31:22.475Z,2024-09-29T09:46:51.760Z,2024-12-05T11:31:22.475Z
7348,0001334674,Mohamed Vall,Ould Wedadi,Mohamed Vall Ould Wedadi,M,2000-12-18,+22222691613,,1,Nouakchott-Nord,STANDARD,,ACTIVE,2023-04-04,2024-02-10T13:44:17.541Z,2023-04-04T20:59:14.792Z,2024-02-10T13:44:17.541Z
7349,9103487349,Zeinab,Bâ,Zeinab Bâ,F,1991-12-26,+22225825347,zeinab.bâ461@gmail.com,3,Nouakchott-Sud,DORMANT,,ACTIVE,2024-01-29,2024-10-26T21:18:27.581Z,2024-01-29T01:31:14.991Z,2024-10-26T21:18:27.581Z
7350,9002908862,Zahra,Mint Maloum,Zahra Mint Maloum,F,1990-07-14,+22225902362,zahra.mintmaloum824@hotmail.fr,2,Nouakchott-Ouest,OCCASIONAL,,ACTIVE,2023-08-04,2024-01-18T15:50:25.807Z,2023-08-04T09:28:59.557Z,2024-01-18T15:50:25.807Z
7351,6401401703,Sidi Mohamed,Ndiaye,Sidi Mohamed Ndiaye,M,1964-11-18,+22222095633,sidimohamed.ndiaye296@gmail.com,1,Nouakchott-Nord,STANDARD,,ACTIVE,2023-10-29,2024-11-15T16:25:04.800Z,2023-10-29T00:31:09.233Z,2024-11-15T16:25:04.800Z
7352,6503716536,Kiné,Koita,Kiné Koita,F,1965-02-04,+22236461588,,3,Nouakchott-Sud,OCCASIONAL,,ACTIVE,2024-02-07,2024-08-04T18:41:47.328Z,2024-02-07T09:56:02.887Z,2024-08-04T18:41:47.328Z
7353,6203357343,Yahya,Touré,Yahya Touré,M,1962-01-03,+22224893837,yahya.touré199@gmail.com,3,Nouakchott-Sud,OCCASIONAL,,ACTIVE,2022-10-08,2023-03-30T19:08:52.034Z,2022-10-08T12:01:00.944Z,2023-03-30T19:08:52.034Z
7354,8601657395,Mounina,Mint Soufi,Mounina Mint Soufi,F,1986-03-14,+22222534723,mounina.mintsoufi93@gmail.com,1,Nouakchott-Nord,ACTIVE,,ACTIVE,2023-08-07,2024-05-21T14:19:26.437Z,2023-08-07T01:58:31.604Z,2024-05-21T14:19:26.437Z
7355,6510486279,Yahya,Ould Nagi,Yahya Ould Nagi,M,1965-02-25,+22242579340,,10,Hodh Ech Chargui,PREMIUM,,ACTIVE,2022-05-03,2024-05-21T04:07:46.779Z,2022-05-03T15:16:10.675Z,2024-05-21T04:07:46.779Z
7356,9205786467,Abdel Rahman,Dramé,Abdel Rahman Dramé,M,1992-07-20,+22242961156,abdelrahman.dramé33@outlook.com,5,Trarza,VIP,,PENDING_KYC,2022-10-19,2023-10-31T08:07:47.056Z,2022-10-19T00:24:34.019Z,2023-10-31T08:07:47.056Z
7357,6909457976,Soumaïla,Sakho,Soumaïla Sakho,M,1969-02-12,+22245330640,,9,Assaba,ACTIVE,,ACTIVE,2022-02-03,2022-12-11T20:26:41.965Z,2022-02-03T05:06:41.836Z,2022-12-11T20:26:41.965Z
7358,8101345305,Toumani,Diakité,Toumani Diakité,M,1981-12-09,+22222104740,,1,Nouakchott-Nord,PREMIUM,,ACTIVE,2022-04-23,2023-09-12T09:16:59.378Z,2022-04-23T00:56:16.423Z,2023-09-12T09:16:59.378Z
7359,9601848062,Houda,Kane,Houda Kane,F,1996-12-03,+22234542580,houda.kane348@gmail.com,1,Nouakchott-Nord,ACTIVE,,ACTIVE,2024-04-30,2024-05-10T02:11:56.018Z,2024-04-30T06:04:18.896Z,2024-05-10T02:11:56.018Z
7360,8906659328,Fodié,Gaye,Fodié Gaye,M,1989-12-22,+22222312689,,6,Brakna,STANDARD,,ACTIVE,2024-01-07,2024-11-11T02:08:46.700Z,2024-01-07T14:39:12.926Z,2024-11-11T02:08:46.700Z
7361,7104663030,Mariam,Mint Wedadi,Mariam Mint Wedadi,F,1971-05-15,+22225217643,,4,Dakhlet Nouadhibou,OCCASIONAL,,ACTIVE,2022-04-06,2024-06-21T13:40:48.569Z,2022-04-06T11:49:29.094Z,2024-06-21T13:40:48.569Z
7362,9601079417,Kani,Mbaye,Kani Mbaye,F,1996-08-03,+22232932858,kani.mbaye930@yahoo.fr,1,Nouakchott-Nord,OCCASIONAL,,ACTIVE,2023-11-18,2023-11-21T18:59:02.471Z,2023-11-18T11:23:06.553Z,2023-11-21T18:59:02.471Z
7363,6101283292,Cheibany,Ould Limam,Cheibany Ould Limam,M,1961-11-14,+22246245801,cheibany.ouldlimam338@gmail.com,1,Nouakchott-Nord,PREMIUM,,ACTIVE,2024-11-29,2024-12-19T21:29:04.653Z,2024-11-29T19:55:04.113Z,2024-12-19T21:29:04.653Z
7364,6901871462,Fatoumata,Anne,Fatoumata Anne,F,1969-04-17,+22233936361,fatoumata.anne242@outlook.com,1,Nouakchott-Nord,OCCASIONAL,,ACTIVE,2022-05-10,2024-02-19T03:10:44.546Z,2022-05-10T17:43:54.688Z,2024-02-19T03:10:44.546Z
7365,9702872487,Cheikh Sidiya,Ndour,Cheikh Sidiya Ndour,M,1997-11-25,+22234063135,,2,Nouakchott-Ouest,STANDARD,,BLOCKED,2023-06-01,2024-06-13T06:32:56.753Z,2023-06-01T20:33:51.173Z,2024-06-13T06:32:56.753Z
7366,9202434767,Houda,Kane,Houda Kane,F,1992-06-18,+22246930535,,2,Nouakchott-Ouest,PREMIUM,,ACTIVE,2023-01-21,2024-01-03T02:47:13.571Z,2023-01-21T23:20:22.238Z,2024-01-03T02:47:13.571Z
7367,6603317747,Moustapha,Ould Maloum,Moustapha Ould Maloum,M,1966-07-09,+22248337218,,3,Nouakchott-Sud,OCCASIONAL,,ACTIVE,2024-02-23,2024-11-24T23:10:26.099Z,2024-02-23T14:02:31.167Z,2024-11-24T23:10:26.099Z
7368,8311403448,Messoud,Ould El Mamy,Messoud Ould El Mamy,M,1983-05-08,+22234435439,messoud.ouldelmamy335@hotmail.fr,11,Hodh El Gharbi,OCCASIONAL,,ACTIVE,2023-05-14,2024-08-06T06:43:01.104Z,2023-05-14T16:00:54.460Z,2024-08-06T06:43:01.104Z
7369,0404560313,Ndèye,Wade,Ndèye Wade,F,2004-07-21,+22234379436,ndèye.wade529@yahoo.fr,4,Dakhlet Nouadhibou,STANDARD,,ACTIVE,2023-12-06,2024-11-18T12:41:00.387Z,2023-12-06T11:17:29.044Z,2024-11-18T12:41:00.387Z
7370,8515872309,Ndèye,Sow,Ndèye Sow,F,1985-11-05,+22222249915,ndèye.sow161@outlook.com,15,Tiris Zemmour,DORMANT,,ACTIVE,2023-01-24,2023-12-14T03:36:59.555Z,2023-01-24T15:57:56.426Z,2023-12-14T03:36:59.555Z
7371,6302168095,Moulaye,Ould Taleb,Moulaye Ould Taleb,M,1963-02-16,+22234198755,,2,Nouakchott-Ouest,STANDARD,,ACTIVE,2023-06-17,2024-01-25T10:14:24.477Z,2023-06-17T10:34:24.947Z,2024-01-25T10:14:24.477Z
7372,8804234559,Dah,Ould Ghali,Dah Ould Ghali,M,1988-03-13,+22225080240,,4,Dakhlet Nouadhibou,OCCASIONAL,,ACTIVE,2022-09-12,2023-09-17T11:56:07.164Z,2022-09-12T19:14:48.774Z,2023-09-17T11:56:07.164Z
7373,8502214260,Fatoumata,Touré,Fatoumata Touré,F,1985-08-05,+22245729298,,2,Nouakchott-Ouest,STANDARD,,ACTIVE,2022-09-18,2023-09-05T06:37:57.586Z,2022-09-18T03:05:38.545Z,2023-09-05T06:37:57.586Z
7374,8705854692,Khadija,Mint Isselmou,Khadija Mint Isselmou,F,1987-05-12,+22232677717,,5,Trarza,DORMANT,,ACTIVE,2024-10-18,2024-12-23T15:24:08.098Z,2024-10-18T00:29:23.521Z,2024-12-23T15:24:08.098Z
7375,7806949351,Hamadi,Ould Nagi,Hamadi Ould Nagi,M,1978-06-15,+22225095503,,6,Brakna,OCCASIONAL,,ACTIVE,2023-01-14,2024-02-27T21:08:29.368Z,2023-01-14T01:30:22.589Z,2024-02-27T21:08:29.368Z
7376,7902865906,Moctar,Ould El Ghassem,Moctar Ould El Ghassem,M,1979-10-04,+22222795349,,2,Nouakchott-Ouest,ACTIVE,,ACTIVE,2022-08-04,2024-12-27T05:06:15.676Z,2022-08-04T06:20:37.894Z,2024-12-27T05:06:15.676Z
7377,9804783391,Taleb,Ould Lemrabott,Taleb Ould Lemrabott,M,1998-03-06,+22234303494,taleb.ouldlemrabott363@yahoo.fr,4,Dakhlet Nouadhibou,OCCASIONAL,,ACTIVE,2022-04-05,2023-02-06T10:34:46.296Z,2022-04-05T09:19:58.217Z,2023-02-06T10:34:46.296Z
7378,7401936583,Kalidou,Diakité,Kalidou Diakité,M,1974-06-24,+22224085742,,1,Nouakchott-Nord,STANDARD,,PENDING_KYC,2022-08-25,2024-07-06T16:09:00.985Z,2022-08-25T16:27:16.285Z,2024-07-06T16:09:00.985Z
7379,7903463956,Zeinab,Diarra,Zeinab Diarra,F,1979-11-19,+22234898116,,3,Nouakchott-Sud,OCCASIONAL,,ACTIVE,2023-08-31,2024-07-22T03:12:26.847Z,2023-08-31T14:30:36.605Z,2024-07-22T03:12:26.847Z
7380,9603858773,Aminetou,Ly,Aminetou Ly,F,1996-04-24,+22224023543,aminetou.ly121@outlook.com,3,Nouakchott-Sud,ACTIVE,,ACTIVE,2023-06-19,2024-12-17T23:49:39.582Z,2023-06-19T15:09:25.916Z,2024-12-17T23:49:39.582Z
7381,6015341853,Soueidatt,Ould Ahmed,Soueidatt Ould Ahmed,M,1960-02-14,+22242584600,soueidatt.ouldahmed757@outlook.com,15,Tiris Zemmour,DORMANT,,ACTIVE,2023-06-14,2024-05-25T11:06:42.897Z,2023-06-14T07:49:59.244Z,2024-05-25T11:06:42.897Z
7382,0002811844,Ghali,Ould Abdel Aziz,Ghali Ould Abdel Aziz,M,2000-07-15,+22224194009,,2,Nouakchott-Ouest,ACTIVE,,ACTIVE,2023-11-05,2024-04-28T10:02:25.266Z,2023-11-05T04:46:38.447Z,2024-04-28T10:02:25.266Z
7383,8102578517,Mbarka,Sy,Mbarka Sy,F,1981-06-10,+22224917215,,2,Nouakchott-Ouest,OCCASIONAL,,ACTIVE,2024-11-24,2024-12-02T01:03:58.159Z,2024-11-24T14:40:45.870Z,2024-12-02T01:03:58.159Z
7384,8008232766,Defa,Mint Jiddou,Defa Mint Jiddou,F,1980-09-26,+22223659249,,8,Guidimaka,STANDARD,,ACTIVE,2022-08-20,2022-09-13T11:06:32.670Z,2022-08-20T00:08:21.315Z,2022-09-13T11:06:32.670Z
7385,8202521910,Yahya,Ould Ahmedou,Yahya Ould Ahmedou,M,1982-03-23,+22246199520,yahya.ouldahmedou934@outlook.com,2,Nouakchott-Ouest,STANDARD,,ACTIVE,2023-01-22,2023-10-10T13:10:24.457Z,2023-01-22T03:19:47.785Z,2023-10-10T13:10:24.457Z
7386,9301217968,Hawa,Thiam,Hawa Thiam,F,1993-09-28,+22224836285,,1,Nouakchott-Nord,STANDARD,,SUSPENDED,2024-07-24,2024-11-15T22:53:02.015Z,2024-07-24T21:43:07.812Z,2024-11-15T22:53:02.015Z
7387,6402020059,Ténin,Ndiaye,Ténin Ndiaye,F,1964-09-20,+22237780089,ténin.ndiaye744@outlook.com,2,Nouakchott-Ouest,OCCASIONAL,,ACTIVE,2023-06-21,2024-08-06T14:47:02.010Z,2023-06-21T13:46:58.660Z,2024-08-06T14:47:02.010Z
7388,7802521083,Saleck,Ould Soufi,Saleck Ould Soufi,M,1978-10-27,+22233440437,saleck.ouldsoufi223@hotmail.fr,2,Nouakchott-Ouest,STANDARD,,ACTIVE,2024-04-09,2024-05-07T05:35:40.889Z,2024-04-09T06:49:33.137Z,2024-05-07T05:35:40.889Z
7389,0404205746,Rokaya,Mint Hadrami,Rokaya Mint Hadrami,F,2004-05-15,+22223310849,,4,Dakhlet Nouadhibou,STANDARD,,BLOCKED,2024-05-19,2024-09-26T23:30:56.135Z,2024-05-19T11:42:53.609Z,2024-09-26T23:30:56.135Z
7390,8504799967,Mohamed Yahya,Ould El Mokhtar,Mohamed Yahya Ould El Mokhtar,M,1985-05-02,+22234868336,,4,Dakhlet Nouadhibou,OCCASIONAL,,ACTIVE,2022-07-13,2024-04-14T02:33:59.640Z,2022-07-13T01:52:23.889Z,2024-04-14T02:33:59.640Z
7391,6208719744,Mariama,Thiam,Mariama Thiam,F,1962-04-25,+22223550592,mariama.thiam123@gmail.com,8,Guidimaka,OCCASIONAL,,ACTIVE,2024-05-06,2024-09-27T01:00:20.907Z,2024-05-06T13:36:11.853Z,2024-09-27T01:00:20.907Z
7392,6415273503,Tidiane,Diakité,Tidiane Diakité,M,1964-12-22,+22223466860,,15,Tiris Zemmour,DORMANT,,INACTIVE,2022-06-11,2024-10-24T21:43:01.885Z,2022-06-11T20:37:09.929Z,2024-10-24T21:43:01.885Z
7393,9403570378,Karounga,Fall,Karounga Fall,M,1994-08-27,+22236461858,,3,Nouakchott-Sud,STANDARD,,ACTIVE,2023-04-03,2024-10-23T05:16:26.302Z,2023-04-03T10:17:40.532Z,2024-10-23T05:16:26.302Z
7394,9102599049,Mohamed Vall,Ould Abdel Kader,Mohamed Vall Ould Abdel Kader,M,1991-08-27,+22225808451,mohamedvall.ouldabdelkader943@outlook.com,2,Nouakchott-Ouest,PREMIUM,,ACTIVE,2022-06-15,2024-08-26T02:37:37.258Z,2022-06-15T18:56:18.446Z,2024-08-26T02:37:37.258Z
7395,8613501521,Minetou,Mint Khalil,Minetou Mint Khalil,F,1986-10-15,+22222289578,minetou.mintkhalil977@gmail.com,13,Tagant,VIP,,ACTIVE,2023-04-12,2024-02-17T08:13:00.709Z,2023-04-12T18:26:41.063Z,2024-02-17T08:13:00.709Z
7396,0003173565,Mariam,Sakho,Mariam Sakho,F,2000-09-10,+22232141243,,3,Nouakchott-Sud,OCCASIONAL,,BLOCKED,2023-09-02,2024-03-01T08:58:03.718Z,2023-09-02T01:48:50.105Z,2024-03-01T08:58:03.718Z
7397,6502989739,Oumou,Cissé,Oumou Cissé,F,1965-01-12,+22232182105,,2,Nouakchott-Ouest,ACTIVE,,ACTIVE,2023-11-09,2024-08-14T18:46:41.058Z,2023-11-09T02:06:25.887Z,2024-08-14T18:46:41.058Z
7398,9702963163,Nagi,Thiaw,Nagi Thiaw,M,1997-06-11,+22223471027,,2,Nouakchott-Ouest,PREMIUM,,ACTIVE,2023-10-24,2023-11-01T07:21:24.143Z,2023-10-24T22:47:38.545Z,2023-11-01T07:21:24.143Z
7399,6301732642,Jemila,Mint Ahmed,Jemila Mint Ahmed,F,1963-09-28,+22225250413,jemila.mintahmed226@gmail.com,1,Nouakchott-Nord,ACTIVE,,ACTIVE,2022-11-26,2022-12-19T21:05:21.809Z,2022-11-26T17:32:39.757Z,2022-12-19T21:05:21.809Z
7400,0202469777,Mokhtar,Ould Nagi,Mokhtar Ould Nagi,M,2002-07-17,+22223679064,,2,Nouakchott-Ouest,ACTIVE,,ACTIVE,2023-08-24,2024-07-05T13:18:10.744Z,2023-08-24T03:51:39.960Z,2024-07-05T13:18:10.744Z
7401,0303699640,Souleymane,Dramé,Souleymane Dramé,M,2003-10-27,+22234924570,souleymane.dramé945@outlook.com,3,Nouakchott-Sud,STANDARD,,ACTIVE,2023-03-31,2023-05-08T23:37:45.311Z,2023-03-31T09:57:33.630Z,2023-05-08T23:37:45.311Z
7402,8803396827,Zakaria,Ould Bouha,Zakaria Ould Bouha,M,1988-04-24,+22225046125,,3,Nouakchott-Sud,DORMANT,,ACTIVE,2024-06-15,2024-09-19T06:53:29.557Z,2024-06-15T22:09:55.606Z,2024-09-19T06:53:29.557Z
7403,8502028207,Mbarka,Mint Abeih,Mbarka Mint Abeih,F,1985-01-08,+22224946212,,2,Nouakchott-Ouest,STANDARD,,ACTIVE,2023-11-24,2024-08-18T16:35:08.683Z,2023-11-24T15:56:02.709Z,2024-08-18T16:35:08.683Z
7404,9605719603,Adama,Ndour,Adama Ndour,M,1996-12-08,+22222138773,adama.ndour539@hotmail.fr,5,Trarza,OCCASIONAL,,BLOCKED,2024-02-16,2024-06-30T00:37:22.915Z,2024-02-16T22:26:00.313Z,2024-06-30T00:37:22.915Z
7405,9403644707,Malouma,Diallo,Malouma Diallo,F,1994-03-25,+22224883299,,3,Nouakchott-Sud,STANDARD,,INACTIVE,2022-01-14,2023-09-02T10:27:12.999Z,2022-01-14T03:18:23.753Z,2023-09-02T10:27:12.999Z
7406,8001019087,Issa,Niang,Issa Niang,M,1980-12-07,+22235807794,,1,Nouakchott-Nord,STANDARD,,INACTIVE,2024-06-03,2024-08-24T10:31:05.737Z,2024-06-03T21:12:21.468Z,2024-08-24T10:31:05.737Z
7407,9001467546,Kalilou,Diallo,Kalilou Diallo,M,1990-02-26,+22225773963,kalilou.diallo34@gmail.com,1,Nouakchott-Nord,STANDARD,,ACTIVE,2023-05-25,2024-11-10T16:23:47.828Z,2023-05-25T10:36:04.443Z,2024-11-10T16:23:47.828Z
7408,6001085549,Habiboullah,Touré,Habiboullah Touré,M,1960-10-27,+22234382611,habiboullah.touré42@yahoo.fr,1,Nouakchott-Nord,STANDARD,,ACTIVE,2022-07-28,2024-07-24T14:46:59.654Z,2022-07-28T10:52:57.732Z,2024-07-24T14:46:59.654Z
7409,9110361203,Defa,Mint Ahmed,Defa Mint Ahmed,F,1991-11-03,+22224466507,defa.mintahmed540@outlook.com,10,Hodh Ech Chargui,ACTIVE,,PENDING_KYC,2024-05-03,2024-07-13T22:30:13.959Z,2024-05-03T02:55:44.228Z,2024-07-13T22:30:13.959Z
7410,8401914658,Leila,Mint Hamadi,Leila Mint Hamadi,F,1984-12-18,+22232886068,,1,Nouakchott-Nord,OCCASIONAL,,ACTIVE,2022-12-02,2023-10-02T21:08:03.885Z,2022-12-02T03:24:44.290Z,2023-10-02T21:08:03.885Z
7411,9403514512,Kesso,Sène,Kesso Sène,F,1994-07-22,+22222486958,,3,Nouakchott-Sud,STANDARD,,ACTIVE,2024-05-13,2024-05-18T07:43:01.718Z,2024-05-13T15:05:19.901Z,2024-05-18T07:43:01.718Z
7412,9901878237,Khadija,Mint Sidi,Khadija Mint Sidi,F,1999-01-06,+22223379136,khadija.mintsidi360@hotmail.fr,1,Nouakchott-Nord,ACTIVE,,ACTIVE,2023-06-10,2024-04-24T14:20:32.247Z,2023-06-10T08:17:54.804Z,2024-04-24T14:20:32.247Z
7413,0001948260,Ibrahima,Diop,Ibrahima Diop,M,2000-01-07,+22232287761,,1,Nouakchott-Nord,STANDARD,,ACTIVE,2024-04-17,2024-06-05T14:57:27.843Z,2024-04-17T02:54:48.035Z,2024-06-05T14:57:27.843Z
7414,0402014359,Meymouna,Niang,Meymouna Niang,F,2004-08-11,+22249482157,meymouna.niang870@hotmail.fr,2,Nouakchott-Ouest,PREMIUM,,ACTIVE,2024-01-26,2024-07-18T14:33:54.117Z,2024-01-26T02:24:43.486Z,2024-07-18T14:33:54.117Z
7415,0101351595,Hamadi,Wade,Hamadi Wade,M,2001-09-16,+22234589030,,1,Nouakchott-Nord,OCCASIONAL,,ACTIVE,2023-02-14,2023-11-06T06:20:10.958Z,2023-02-14T22:28:05.205Z,2023-11-06T06:20:10.958Z
7416,0202219703,Djenaba,Kane,Djenaba Kane,F,2002-05-26,+22236272037,djenaba.kane236@yahoo.fr,2,Nouakchott-Ouest,OCCASIONAL,,ACTIVE,2023-10-27,2024-03-27T18:48:59.392Z,2023-10-27T20:13:13.682Z,2024-03-27T18:48:59.392Z
7417,9803355902,Malick,Kanouté,Malick Kanouté,M,1998-08-19,+22222344829,,3,Nouakchott-Sud,ACTIVE,,ACTIVE,2022-01-27,2024-01-21T17:49:49.641Z,2022-01-27T18:07:09.340Z,2024-01-21T17:49:49.641Z
7418,7701867365,Ibrahima,Koita,Ibrahima Koita,M,1977-04-22,+22232907834,,1,Nouakchott-Nord,STANDARD,,ACTIVE,2022-08-23,2024-07-27T22:14:36.470Z,2022-08-23T14:53:24.635Z,2024-07-27T22:14:36.470Z
7419,7802457586,Mouna,Sall,Mouna Sall,F,1978-06-20,+22233999583,,2,Nouakchott-Ouest,ACTIVE,,ACTIVE,2024-10-06,2024-10-07T06:49:34.242Z,2024-10-06T00:08:48.007Z,2024-10-07T06:49:34.242Z
7420,6215239334,Malouma,Mint Abdel Aziz,Malouma Mint Abdel Aziz,F,1962-11-09,+22222855538,malouma.mintabdelaziz445@outlook.com,15,Tiris Zemmour,OCCASIONAL,,ACTIVE,2024-05-12,2024-05-22T10:47:42.196Z,2024-05-12T20:35:11.133Z,2024-05-22T10:47:42.196Z
7421,9603824068,Limam,Ould Salem,Limam Ould Salem,M,1996-10-25,+22234635405,limam.ouldsalem456@gmail.com,3,Nouakchott-Sud,STANDARD,,ACTIVE,2024-07-06,2024-08-01T16:43:58.989Z,2024-07-06T18:16:46.385Z,2024-08-01T16:43:58.989Z
7422,6814600847,Lemrabott,Ould Salem,Lemrabott Ould Salem,M,1968-01-24,+22233982199,,14,Inchiri,ACTIVE,,ACTIVE,2023-04-17,2024-03-28T00:46:10.909Z,2023-04-17T23:39:03.704Z,2024-03-28T00:46:10.909Z
7423,8502518065,Karamoko,Diallo,Karamoko Diallo,M,1985-10-17,+22244790728,karamoko.diallo261@hotmail.fr,2,Nouakchott-Ouest,ACTIVE,,ACTIVE,2024-12-24,2024-12-26T22:01:18.347Z,2024-12-24T23:10:11.055Z,2024-12-26T22:01:18.347Z
7424,8604088116,Sira,Diop,Sira Diop,F,1986-06-02,+22222019454,,4,Dakhlet Nouadhibou,OCCASIONAL,,SUSPENDED,2022-06-14,2024-12-10T03:25:18.708Z,2022-06-14T00:54:53.309Z,2024-12-10T03:25:18.708Z
7425,7402043976,Aicha,Mint Soufi,Aicha Mint Soufi,F,1974-12-04,+22249658788,,2,Nouakchott-Ouest,STANDARD,,ACTIVE,2023-06-20,2023-09-12T05:26:35.698Z,2023-06-20T19:45:01.614Z,2023-09-12T05:26:35.698Z
7426,7707185397,Hamoud,Dramé,Hamoud Dramé,M,1977-03-19,+22223226773,,7,Gorgol,STANDARD,,ACTIVE,2023-05-11,2023-07-05T14:10:08.119Z,2023-05-11T13:59:22.996Z,2023-07-05T14:10:08.119Z
7427,6605558285,Habiboullah,Dramé,Habiboullah Dramé,M,1966-11-08,+22236851626,habiboullah.dramé221@hotmail.fr,5,Trarza,OCCASIONAL,,ACTIVE,2022-03-03,2024-03-05T06:47:22.954Z,2022-03-03T08:24:52.187Z,2024-03-05T06:47:22.954Z
7428,8701233914,Tourad,Ould Bouha,Tourad Ould Bouha,M,1987-06-14,+22223238218,tourad.ouldbouha75@hotmail.fr,1,Nouakchott-Nord,OCCASIONAL,,ACTIVE,2023-05-15,2024-06-11T00:54:46.364Z,2023-05-15T09:16:51.178Z,2024-06-11T00:54:46.364Z
7429,7901186316,Mounina,Mint Salem,Mounina Mint Salem,F,1979-10-27,+22222027700,mounina.mintsalem474@yahoo.fr,1,Nouakchott-Nord,DORMANT,,ACTIVE,2024-06-25,2024-12-15T03:08:16.779Z,2024-06-25T02:44:42.216Z,2024-12-15T03:08:16.779Z
7430,6403819359,Adama,Wade,Adama Wade,M,1964-10-21,+22233395694,adama.wade361@gmail.com,3,Nouakchott-Sud,ACTIVE,,INACTIVE,2023-06-11,2024-01-04T07:24:58.199Z,2023-06-11T01:53:30.088Z,2024-01-04T07:24:58.199Z
7431,6912196239,Minetou,Diop,Minetou Diop,F,1969-05-27,+22237036993,,12,Adrar,OCCASIONAL,,ACTIVE,2023-10-28,2024-12-09T02:01:57.579Z,2023-10-28T21:30:08.372Z,2024-12-09T02:01:57.579Z
7432,8202868509,Rougui,Koné,Rougui Koné,F,1982-02-08,+22223234074,rougui.koné423@yahoo.fr,2,Nouakchott-Ouest,OCCASIONAL,,ACTIVE,2023-01-07,2024-11-17T13:54:11.765Z,2023-01-07T22:46:16.484Z,2024-11-17T13:54:11.765Z
7433,9902872063,Mahjouba,Bathily,Mahjouba Bathily,F,1999-01-23,+22236822230,mahjouba.bathily764@gmail.com,2,Nouakchott-Ouest,STANDARD,,ACTIVE,2022-11-19,2024-10-03T23:14:44.527Z,2022-11-19T21:44:07.721Z,2024-10-03T23:14:44.527Z
7434,6605898080,Mariem,Mint Saad,Mariem Mint Saad,F,1966-10-07,+22247615184,,5,Trarza,PREMIUM,,ACTIVE,2024-03-30,2024-11-09T23:44:15.329Z,2024-03-30T01:28:53.085Z,2024-11-09T23:44:15.329Z
7435,8102430390,Abdel Rahman,Ndiaye,Abdel Rahman Ndiaye,M,1981-10-19,+22224287106,abdelrahman.ndiaye24@outlook.com,2,Nouakchott-Ouest,ACTIVE,,ACTIVE,2024-05-23,2024-10-24T11:39:52.356Z,2024-05-23T02:08:12.723Z,2024-10-24T11:39:52.356Z
7436,6402665380,Isselmou,Ould Hamoud,Isselmou Ould Hamoud,M,1964-11-01,+22235515865,,2,Nouakchott-Ouest,STANDARD,,ACTIVE,2024-10-04,2024-11-18T05:54:46.421Z,2024-10-04T07:22:17.213Z,2024-11-18T05:54:46.421Z
7437,7402341270,Oumou,Sy,Oumou Sy,F,1974-11-21,+22223750572,oumou.sy733@gmail.com,2,Nouakchott-Ouest,OCCASIONAL,,ACTIVE,2024-07-22,2024-10-20T00:11:43.550Z,2024-07-22T06:07:46.692Z,2024-10-20T00:11:43.550Z
7438,7515475082,Tiémoko,Ndiaye,Tiémoko Ndiaye,M,1975-07-28,+22235185006,tiémoko.ndiaye215@yahoo.fr,15,Tiris Zemmour,STANDARD,,ACTIVE,2023-04-05,2024-11-26T07:06:27.580Z,2023-04-05T09:19:42.254Z,2024-11-26T07:06:27.580Z
7439,7202483714,Oumou,Mint Vall,Oumou Mint Vall,F,1972-08-15,+22225289255,,2,Nouakchott-Ouest,PREMIUM,,ACTIVE,2023-08-14,2024-10-03T06:54:42.001Z,2023-08-14T08:37:59.882Z,2024-10-03T06:54:42.001Z
7440,8903743510,Bakary,Niang,Bakary Niang,M,1989-03-23,+22233075087,bakary.niang769@outlook.com,3,Nouakchott-Sud,PREMIUM,,ACTIVE,2022-01-07,2022-05-22T12:49:22.073Z,2022-01-07T02:45:58.886Z,2022-05-22T12:49:22.073Z
7441,0202909080,Hamoud,Ould El Mokhtar,Hamoud Ould El Mokhtar,M,2002-02-12,+22223397817,hamoud.ouldelmokhtar987@yahoo.fr,2,Nouakchott-Ouest,STANDARD,,ACTIVE,2022-05-08,2024-03-01T10:39:40.825Z,2022-05-08T12:47:47.745Z,2024-03-01T10:39:40.825Z
7442,8205350429,Ahmed Salem,Ould Salem,Ahmed Salem Ould Salem,M,1982-10-07,+22224051926,ahmedsalem.ouldsalem714@gmail.com,5,Trarza,ACTIVE,,ACTIVE,2023-08-17,2024-05-16T01:50:00.944Z,2023-08-17T20:15:50.162Z,2024-05-16T01:50:00.944Z
7443,0101353407,Oumou,Mint Bouha,Oumou Mint Bouha,F,2001-12-21,+22223725259,,1,Nouakchott-Nord,OCCASIONAL,,ACTIVE,2024-01-30,2024-07-18T23:43:52.514Z,2024-01-30T01:55:09.243Z,2024-07-18T23:43:52.514Z
7444,8402731308,Zakaria,Dieng,Zakaria Dieng,M,1984-09-01,+22222778182,,2,Nouakchott-Ouest,STANDARD,,ACTIVE,2022-09-07,2024-11-26T13:42:57.883Z,2022-09-07T02:37:25.725Z,2024-11-26T13:42:57.883Z
7445,6805956122,Malouma,Mint Vadel,Malouma Mint Vadel,F,1968-04-16,+22225391855,malouma.mintvadel261@yahoo.fr,5,Trarza,STANDARD,,ACTIVE,2024-07-21,2024-11-20T19:16:17.124Z,2024-07-21T07:29:50.500Z,2024-11-20T19:16:17.124Z
7446,9302170855,Salem,Anne,Salem Anne,M,1993-09-26,+22233213070,,2,Nouakchott-Ouest,OCCASIONAL,,ACTIVE,2023-08-24,2024-02-16T18:04:50.985Z,2023-08-24T21:46:28.436Z,2024-02-16T18:04:50.985Z
7447,8303260327,Salka,Sarr,Salka Sarr,F,1983-09-28,+22246915573,,3,Nouakchott-Sud,DORMANT,,ACTIVE,2024-07-16,2024-11-08T08:51:33.794Z,2024-07-16T11:12:31.119Z,2024-11-08T08:51:33.794Z
7448,9002451607,Youssouf,Gaye,Youssouf Gaye,M,1990-03-10,+22224838320,,2,Nouakchott-Ouest,STANDARD,,ACTIVE,2023-06-13,2023-12-25T13:32:33.623Z,2023-06-13T01:10:59.439Z,2023-12-25T13:32:33.623Z
7449,8402150112,Seynabou,Yatabaré,Seynabou Yatabaré,F,1984-12-20,+22223900367,seynabou.yatabaré190@outlook.com,2,Nouakchott-Ouest,STANDARD,,ACTIVE,2024-07-17,2024-10-25T15:20:42.973Z,2024-07-17T03:11:43.531Z,2024-10-25T15:20:42.973Z
7450,8406387499,Aichetou,Mint El Hacen,Aichetou Mint El Hacen,F,1984-05-06,+22233160968,,6,Brakna,ACTIVE,,ACTIVE,2023-10-04,2024-08-31T22:44:13.914Z,2023-10-04T13:40:25.976Z,2024-08-31T22:44:13.914Z
7451,7703584611,Sékou,Sow,Sékou Sow,M,1977-08-08,+22222295834,,3,Nouakchott-Sud,STANDARD,,ACTIVE,2023-08-08,2024-09-19T03:41:12.684Z,2023-08-08T12:17:43.764Z,2024-09-19T03:41:12.684Z
7452,8102107425,Modou,Ndour,Modou Ndour,M,1981-08-07,+22235156597,,2,Nouakchott-Ouest,STANDARD,,PENDING_KYC,2023-02-19,2024-10-21T03:15:04.134Z,2023-02-19T18:02:16.250Z,2024-10-21T03:15:04.134Z
7453,6203663488,Aïda,Camara,Aïda Camara,F,1962-11-02,+22243541575,,3,Nouakchott-Sud,OCCASIONAL,,ACTIVE,2022-10-13,2023-06-17T05:45:43.259Z,2022-10-13T03:48:30.536Z,2023-06-17T05:45:43.259Z
7454,8003483949,Mahfoudh,Barry,Mahfoudh Barry,M,1980-03-02,+22237154452,,3,Nouakchott-Sud,OCCASIONAL,,ACTIVE,2023-10-24,2023-11-29T08:40:56.342Z,2023-10-24T08:48:32.872Z,2023-11-29T08:40:56.342Z
7455,8802413972,Ghalia,Thiam,Ghalia Thiam,F,1988-09-05,+22233820526,,2,Nouakchott-Ouest,OCCASIONAL,,ACTIVE,2023-12-06,2024-03-21T03:40:16.831Z,2023-12-06T19:31:05.472Z,2024-03-21T03:40:16.831Z
7456,7303990034,Ethmane,Doucouré,Ethmane Doucouré,M,1973-11-05,+22224196564,,3,Nouakchott-Sud,OCCASIONAL,,ACTIVE,2024-09-22,2024-10-31T03:18:32.506Z,2024-09-22T10:04:52.259Z,2024-10-31T03:18:32.506Z
7457,6201027659,Saadbouh,Bah,Saadbouh Bah,M,1962-02-20,+22223713405,saadbouh.bah346@hotmail.fr,1,Nouakchott-Nord,ACTIVE,,ACTIVE,2022-03-24,2024-09-13T00:47:35.253Z,2022-03-24T14:54:01.404Z,2024-09-13T00:47:35.253Z
7458,9101248678,Zeinab,Mint Dah,Zeinab Mint Dah,F,1991-07-01,+22224059230,,1,Nouakchott-Nord,DORMANT,,ACTIVE,2022-07-26,2024-06-26T22:16:04.939Z,2022-07-26T14:06:27.557Z,2024-06-26T22:16:04.939Z
7459,8502397756,Aissata,Mint Dah,Aissata Mint Dah,F,1985-07-26,+22237579958,,2,Nouakchott-Ouest,PREMIUM,,ACTIVE,2022-03-13,2023-05-24T16:19:18.234Z,2022-03-13T12:19:39.534Z,2023-05-24T16:19:18.234Z
7460,0315753071,Mbaye,Soumaré,Mbaye Soumaré,M,2003-06-11,+22222548434,,15,Tiris Zemmour,OCCASIONAL,,ACTIVE,2022-05-21,2022-10-05T18:15:48.851Z,2022-05-21T15:25:46.696Z,2022-10-05T18:15:48.851Z
7461,6402496933,Abdourahmane,Sow,Abdourahmane Sow,M,1964-10-22,+22234321707,,2,Nouakchott-Ouest,STANDARD,,ACTIVE,2022-09-12,2023-08-11T23:36:48.019Z,2022-09-12T00:00:04.263Z,2023-08-11T23:36:48.019Z
7462,9105242711,Tourad,Ould Hadrami,Tourad Ould Hadrami,M,1991-11-20,+22234139896,,5,Trarza,ACTIVE,,ACTIVE,2023-12-18,2024-05-07T03:00:26.494Z,2023-12-18T06:24:38.239Z,2024-05-07T03:00:26.494Z
7463,7101890433,Mahfoudh,Ould El Mokhtar,Mahfoudh Ould El Mokhtar,M,1971-09-23,+22237918381,,1,Nouakchott-Nord,OCCASIONAL,,ACTIVE,2024-11-18,2024-12-04T12:03:54.530Z,2024-11-18T20:27:36.602Z,2024-12-04T12:03:54.530Z
7464,6404953102,Pape,Dramé,Pape Dramé,M,1964-12-04,+22242918362,,4,Dakhlet Nouadhibou,ACTIVE,,ACTIVE,2024-02-13,2024-10-01T06:06:53.162Z,2024-02-13T20:22:24.789Z,2024-10-01T06:06:53.162Z
7465,8512806774,Hawa,Mbow,Hawa Mbow,F,1985-03-07,+22224029067,,12,Adrar,ACTIVE,,ACTIVE,2024-09-27,2024-10-03T03:47:12.073Z,2024-09-27T09:40:01.895Z,2024-10-03T03:47:12.073Z
7466,6705322296,Bintou,Bathily,Bintou Bathily,F,1967-10-21,+22236862567,bintou.bathily312@yahoo.fr,5,Trarza,STANDARD,,ACTIVE,2022-01-29,2022-09-11T10:23:36.229Z,2022-01-29T12:12:28.499Z,2022-09-11T10:23:36.229Z
7467,7815448221,El Khalil,Ould Khalil,El Khalil Ould Khalil,M,1978-04-12,+22247266358,elkhalil.ouldkhalil452@outlook.com,15,Tiris Zemmour,STANDARD,,ACTIVE,2023-04-25,2024-12-03T06:02:21.251Z,2023-04-25T06:20:58.599Z,2024-12-03T06:02:21.251Z
7468,8208086372,Bintou,Ba,Bintou Ba,F,1982-01-26,+22247239730,bintou.ba572@outlook.com,8,Guidimaka,DORMANT,,ACTIVE,2022-08-10,2024-12-20T06:49:00.571Z,2022-08-10T11:33:24.665Z,2024-12-20T06:49:00.571Z
7469,6203105490,Mariem,Mint Bouha,Mariem Mint Bouha,F,1962-01-17,+22225290104,,3,Nouakchott-Sud,STANDARD,,ACTIVE,2024-12-21,2024-12-22T11:24:27.202Z,2024-12-21T13:00:33.048Z,2024-12-22T11:24:27.202Z
7470,7004673276,Madou,Cissé,Madou Cissé,M,1970-07-21,+22236403468,,4,Dakhlet Nouadhibou,STANDARD,,ACTIVE,2024-10-24,2024-10-26T11:16:44.912Z,2024-10-24T10:43:40.802Z,2024-10-26T11:16:44.912Z
7471,7801439114,Noura,Kouyaté,Noura Kouyaté,F,1978-04-26,+22241832483,,1,Nouakchott-Nord,ACTIVE,,PENDING_KYC,2024-06-21,2024-12-09T11:36:35.045Z,2024-06-21T03:41:48.709Z,2024-12-09T11:36:35.045Z
7472,7501032705,El Mokhtar,Diagana,El Mokhtar Diagana,M,1975-01-17,+22236596691,,1,Nouakchott-Nord,ACTIVE,,ACTIVE,2022-08-20,2024-03-31T03:47:55.202Z,2022-08-20T23:40:34.074Z,2024-03-31T03:47:55.202Z
7473,6703362670,Mohamed,Barry,Mohamed Barry,M,1967-09-21,+22245946470,,3,Nouakchott-Sud,STANDARD,,ACTIVE,2024-10-08,2024-12-23T15:49:25.789Z,2024-10-08T00:51:48.917Z,2024-12-23T15:49:25.789Z
7474,8711439092,Vadel,Dia,Vadel Dia,M,1987-12-09,+22234672182,,11,Hodh El Gharbi,ACTIVE,,PENDING_KYC,2023-05-09,2023-06-07T20:49:05.596Z,2023-05-09T13:47:17.342Z,2023-06-07T20:49:05.596Z
7475,9803033972,Mouna,Mint Maloum,Mouna Mint Maloum,F,1998-06-11,+22222008045,mouna.mintmaloum599@gmail.com,3,Nouakchott-Sud,OCCASIONAL,,ACTIVE,2024-10-11,2024-10-30T12:52:27.409Z,2024-10-11T10:55:09.106Z,2024-10-30T12:52:27.409Z
7476,7804303735,Halima,Mint Wedadi,Halima Mint Wedadi,F,1978-09-02,+22236122921,,4,Dakhlet Nouadhibou,PREMIUM,,ACTIVE,2022-09-17,2024-06-13T11:48:18.422Z,2022-09-17T07:32:51.685Z,2024-06-13T11:48:18.422Z
7477,6002688808,Amadou,Fofana,Amadou Fofana,M,1960-06-10,+22225483946,amadou.fofana821@yahoo.fr,2,Nouakchott-Ouest,STANDARD,,ACTIVE,2023-11-17,2023-12-25T18:45:19.082Z,2023-11-17T20:53:33.820Z,2023-12-25T18:45:19.082Z
7478,8607469820,Penda,Niang,Penda Niang,F,1986-08-24,+22248130293,penda.niang783@gmail.com,7,Gorgol,OCCASIONAL,,ACTIVE,2023-09-19,2024-12-28T11:44:13.955Z,2023-09-19T20:12:11.769Z,2024-12-28T11:44:13.955Z
7479,9505530041,Hawa,Wane,Hawa Wane,F,1995-01-24,+22235591853,hawa.wane373@gmail.com,5,Trarza,DORMANT,,ACTIVE,2023-09-19,2024-10-03T22:59:06.635Z,2023-09-19T13:42:20.881Z,2024-10-03T22:59:06.635Z
7480,6601242696,El Mokhtar,Ould El Mamy,El Mokhtar Ould El Mamy,M,1966-12-03,+22249730648,elmokhtar.ouldelmamy462@hotmail.fr,1,Nouakchott-Nord,STANDARD,,ACTIVE,2022-12-30,2024-07-26T06:25:10.306Z,2022-12-30T07:10:26.891Z,2024-07-26T06:25:10.306Z
7481,9407163279,Vatma,Mint Ghali,Vatma Mint Ghali,F,1994-11-06,+22223799644,vatma.mintghali970@hotmail.fr,7,Gorgol,DORMANT,,ACTIVE,2023-10-18,2024-07-29T18:34:36.946Z,2023-10-18T04:22:11.452Z,2024-07-29T18:34:36.946Z
7482,6310030823,Zakaria,Ould Ahmedou,Zakaria Ould Ahmedou,M,1963-03-09,+22234080614,zakaria.ouldahmedou988@yahoo.fr,10,Hodh Ech Chargui,STANDARD,,ACTIVE,2023-05-14,2024-02-03T21:50:07.788Z,2023-05-14T17:33:12.033Z,2024-02-03T21:50:07.788Z
7483,7001489010,Bassirou,Anne,Bassirou Anne,M,1970-03-03,+22225581542,,1,Nouakchott-Nord,OCCASIONAL,,ACTIVE,2023-06-25,2023-10-24T07:25:22.621Z,2023-06-25T09:23:40.033Z,2023-10-24T07:25:22.621Z
7484,7805280741,Maloum,Diakité,Maloum Diakité,M,1978-02-12,+22232132662,,5,Trarza,STANDARD,,ACTIVE,2023-05-31,2023-11-09T04:04:52.357Z,2023-05-31T06:46:11.541Z,2023-11-09T04:04:52.357Z
7485,6403533699,Ténin,Sow,Ténin Sow,F,1964-05-03,+22222944217,ténin.sow195@hotmail.fr,3,Nouakchott-Sud,ACTIVE,,ACTIVE,2022-06-04,2022-11-05T09:33:19.489Z,2022-06-04T13:36:13.122Z,2022-11-05T09:33:19.489Z
7486,9402517705,Mohamed Vall,Ould Jiddou,Mohamed Vall Ould Jiddou,M,1994-04-05,+22241884452,,2,Nouakchott-Ouest,STANDARD,,ACTIVE,2024-11-15,2024-12-30T11:08:39.209Z,2024-11-15T04:13:58.453Z,2024-12-30T11:08:39.209Z
7487,6507988575,Zahra,Mint Mohamed,Zahra Mint Mohamed,F,1965-10-28,+22243434126,,7,Gorgol,DORMANT,,ACTIVE,2023-07-07,2023-09-27T05:45:20.672Z,2023-07-07T07:33:17.495Z,2023-09-27T05:45:20.672Z
7488,8902751552,Yacoub,Sakho,Yacoub Sakho,M,1989-04-05,+22223630340,yacoub.sakho557@yahoo.fr,2,Nouakchott-Ouest,ACTIVE,,INACTIVE,2022-10-04,2022-10-30T06:35:17.173Z,2022-10-04T04:44:25.369Z,2022-10-30T06:35:17.173Z
7489,8002773883,Sekou,Gaye,Sekou Gaye,M,1980-07-25,+22223525542,sekou.gaye22@outlook.com,2,Nouakchott-Ouest,ACTIVE,,ACTIVE,2023-07-14,2024-01-23T06:08:13.400Z,2023-07-14T07:12:25.005Z,2024-01-23T06:08:13.400Z
7490,6703288341,Mohamed Salem,Ould Habiboullah,Mohamed Salem Ould Habiboullah,M,1967-09-24,+22223212516,mohamedsalem.ouldhabiboullah18@outlook.com,3,Nouakchott-Sud,STANDARD,,ACTIVE,2023-06-17,2024-02-16T15:59:08.284Z,2023-06-17T10:53:09.942Z,2024-02-16T15:59:08.284Z
7491,0002419916,Tamba,Camara,Tamba Camara,M,2000-09-05,+22232176538,tamba.camara290@gmail.com,2,Nouakchott-Ouest,STANDARD,,ACTIVE,2022-04-03,2024-11-28T05:04:40.578Z,2022-04-03T12:26:05.375Z,2024-11-28T05:04:40.578Z
7492,6702921276,Rokaya,Diakité,Rokaya Diakité,F,1967-08-01,+22236159256,,2,Nouakchott-Ouest,STANDARD,,ACTIVE,2022-01-20,2022-04-18T03:29:31.364Z,2022-01-20T03:06:08.132Z,2022-04-18T03:29:31.364Z
7493,8003097096,Kiné,Diallo,Kiné Diallo,F,1980-03-02,+22248218413,,3,Nouakchott-Sud,OCCASIONAL,,PENDING_KYC,2022-11-18,2024-06-25T18:45:33.901Z,2022-11-18T18:40:15.762Z,2024-06-25T18:45:33.901Z
7494,9703531367,Yacoub,Mbow,Yacoub Mbow,M,1997-07-17,+22244083884,,3,Nouakchott-Sud,STANDARD,,PENDING_KYC,2022-09-05,2023-03-07T08:20:06.986Z,2022-09-05T08:25:06.455Z,2023-03-07T08:20:06.986Z
7495,8005662063,Ibou,Diakité,Ibou Diakité,M,1980-02-12,+22232122886,ibou.diakité157@hotmail.fr,5,Trarza,STANDARD,,PENDING_KYC,2022-09-06,2023-02-01T13:24:15.184Z,2022-09-06T01:56:02.605Z,2023-02-01T13:24:15.184Z
7496,6503530619,Ely,Ndour,Ely Ndour,M,1965-03-15,+22222359350,,3,Nouakchott-Sud,ACTIVE,,ACTIVE,2024-01-17,2024-12-06T15:42:49.006Z,2024-01-17T13:01:16.532Z,2024-12-06T15:42:49.006Z
7497,9004778162,Sidi Mohamed,Ould Bouha,Sidi Mohamed Ould Bouha,M,1990-07-19,+22224056536,,4,Dakhlet Nouadhibou,OCCASIONAL,,ACTIVE,2022-02-19,2023-02-19T12:16:12.104Z,2022-02-19T07:31:56.831Z,2023-02-19T12:16:12.104Z
7498,8603333354,Fatima,Mint Saad,Fatima Mint Saad,F,1986-02-12,+22237736424,,3,Nouakchott-Sud,STANDARD,,ACTIVE,2024-03-12,2024-12-29T22:26:36.532Z,2024-03-12T00:39:26.095Z,2024-12-29T22:26:36.532Z
7499,9201047845,Abdel Aziz,Ould Ahmedou,Abdel Aziz Ould Ahmedou,M,1992-10-08,+22224808181,,1,Nouakchott-Nord,ACTIVE,,ACTIVE,2023-10-03,2024-07-29T01:58:29.203Z,2023-10-03T18:46:33.340Z,2024-07-29T01:58:29.203Z
7500,7107687376,Oumou,Ba,Oumou Ba,F,1971-12-03,+22224823121,,7,Gorgol,VIP,,INACTIVE,2024-03-04,2024-04-04T03:50:15.158Z,2024-03-04T00:09:17.461Z,2024-04-04T03:50:15.158Z
7501,9306286813,Mariem,Mint Wedadi,Mariem Mint Wedadi,F,1993-04-04,+22224391734,,6,Brakna,OCCASIONAL,,ACTIVE,2022-07-19,2023-12-24T23:06:56.211Z,2022-07-19T12:20:58.309Z,2023-12-24T23:06:56.211Z
7502,8904703450,Ramatoulaye,Wade,Ramatoulaye Wade,F,1989-08-12,+22225135313,ramatoulaye.wade872@outlook.com,4,Dakhlet Nouadhibou,ACTIVE,,ACTIVE,2022-06-18,2023-09-14T02:45:15.104Z,2022-06-18T15:33:23.820Z,2023-09-14T02:45:15.104Z
7503,6204715230,Ghali,Tall,Ghali Tall,M,1962-03-28,+22224182620,,4,Dakhlet Nouadhibou,DORMANT,,ACTIVE,2023-03-06,2024-08-10T21:53:36.161Z,2023-03-06T00:31:32.074Z,2024-08-10T21:53:36.161Z
7504,0201846630,Safi,Diallo,Safi Diallo,F,2002-09-01,+22234450927,,1,Nouakchott-Nord,ACTIVE,,ACTIVE,2022-06-09,2023-10-11T08:07:37.930Z,2022-06-09T15:10:21.829Z,2023-10-11T08:07:37.930Z
7505,6903684253,Sory,Bah,Sory Bah,M,1969-03-22,+22224366052,,3,Nouakchott-Sud,DORMANT,,ACTIVE,2023-11-13,2024-12-09T00:34:10.529Z,2023-11-13T12:49:24.873Z,2024-12-09T00:34:10.529Z
7506,7601584731,Maloum,Sène,Maloum Sène,M,1976-11-23,+22225678017,,1,Nouakchott-Nord,ACTIVE,,INACTIVE,2023-01-06,2023-01-21T23:22:32.174Z,2023-01-06T21:25:44.689Z,2023-01-21T23:22:32.174Z
7507,6304572940,Ethmane,Ould Cheikh,Ethmane Ould Cheikh,M,1963-03-13,+22236970572,,4,Dakhlet Nouadhibou,STANDARD,,PENDING_KYC,2023-02-04,2024-04-21T16:59:26.578Z,2023-02-04T14:58:19.882Z,2024-04-21T16:59:26.578Z
7508,0315341467,Amady,Tall,Amady Tall,M,2003-05-19,+22248654411,amady.tall320@outlook.com,15,Tiris Zemmour,OCCASIONAL,,ACTIVE,2022-04-30,2024-02-05T05:26:37.847Z,2022-04-30T04:36:28.163Z,2024-02-05T05:26:37.847Z
7509,8102975620,Horma,Ould Abdallah,Horma Ould Abdallah,M,1981-05-09,+22225724384,,2,Nouakchott-Ouest,STANDARD,,ACTIVE,2024-08-16,2024-11-21T15:19:42.805Z,2024-08-16T19:19:53.047Z,2024-11-21T15:19:42.805Z
7510,7504409896,Mahjouba,Mint Tourad,Mahjouba Mint Tourad,F,1975-02-01,+22234489994,,4,Dakhlet Nouadhibou,STANDARD,,ACTIVE,2023-11-07,2024-10-13T02:57:00.396Z,2023-11-07T16:05:50.264Z,2024-10-13T02:57:00.396Z
7511,8208460693,Djenaba,Yatabaré,Djenaba Yatabaré,F,1982-05-22,+22222059538,,8,Guidimaka,OCCASIONAL,,ACTIVE,2022-06-16,2023-05-20T07:13:11.591Z,2022-06-16T02:06:28.498Z,2023-05-20T07:13:11.591Z
7512,9802890770,Ghalia,Thiaw,Ghalia Thiaw,F,1998-08-15,+22225298652,,2,Nouakchott-Ouest,STANDARD,,ACTIVE,2023-12-07,2024-03-23T03:55:09.618Z,2023-12-07T12:47:24.746Z,2024-03-23T03:55:09.618Z
7513,0101065395,Souleymane,Wane,Souleymane Wane,M,2001-08-26,+22223387957,,1,Nouakchott-Nord,STANDARD,,ACTIVE,2024-01-23,2024-12-27T00:10:25.686Z,2024-01-23T23:21:00.879Z,2024-12-27T00:10:25.686Z
7514,7403265995,Sidi Ahmed,Sakho,Sidi Ahmed Sakho,M,1974-06-20,+22224039308,,3,Nouakchott-Sud,ACTIVE,,ACTIVE,2023-08-11,2023-12-20T06:09:48.775Z,2023-08-11T16:38:12.603Z,2023-12-20T06:09:48.775Z
7515,9702035051,Nagi,Ould Bouha,Nagi Ould Bouha,M,1997-04-06,+22235656449,,2,Nouakchott-Ouest,STANDARD,,ACTIVE,2024-04-29,2024-07-08T13:08:27.833Z,2024-04-29T16:36:25.396Z,2024-07-08T13:08:27.833Z
7516,7903574386,Ahmedou,Ould Abdel Aziz,Ahmedou Ould Abdel Aziz,M,1979-09-15,+22249338495,,3,Nouakchott-Sud,VIP,,ACTIVE,2022-02-22,2023-12-14T19:42:04.017Z,2022-02-22T23:48:32.611Z,2023-12-14T19:42:04.017Z
7517,9502838285,Sidina,Ould El Mokhtar,Sidina Ould El Mokhtar,M,1995-08-19,+22223963758,,2,Nouakchott-Ouest,STANDARD,,ACTIVE,2023-06-18,2023-11-16T04:29:15.149Z,2023-06-18T05:47:33.593Z,2023-11-16T04:29:15.149Z
7518,8102911125,Coumba,Dieng,Coumba Dieng,F,1981-10-02,+22222140044,,2,Nouakchott-Ouest,OCCASIONAL,,ACTIVE,2024-01-09,2024-02-18T00:01:03.488Z,2024-01-09T02:20:59.014Z,2024-02-18T00:01:03.488Z
7519,0303693194,Mouna,Camara,Mouna Camara,F,2003-01-09,+22223281243,,3,Nouakchott-Sud,OCCASIONAL,,ACTIVE,2023-03-29,2024-01-31T05:51:04.334Z,2023-03-29T00:23:31.939Z,2024-01-31T05:51:04.334Z
7520,8601447189,Zahra,Mint Abdallah,Zahra Mint Abdallah,F,1986-05-12,+22223497784,,1,Nouakchott-Nord,STANDARD,,PENDING_KYC,2024-10-16,2024-12-04T21:44:15.509Z,2024-10-16T12:14:15.560Z,2024-12-04T21:44:15.509Z
7521,8406328203,Koumba,Sy,Koumba Sy,F,1984-01-17,+22234650316,,6,Brakna,ACTIVE,,ACTIVE,2022-10-30,2024-07-16T08:20:41.409Z,2022-10-30T05:59:21.507Z,2024-07-16T08:20:41.409Z
7522,9601700889,Pape,Fall,Pape Fall,M,1996-02-28,+22223915042,,1,Nouakchott-Nord,OCCASIONAL,,ACTIVE,2023-01-13,2023-08-02T20:51:41.744Z,2023-01-13T05:36:32.223Z,2023-08-02T20:51:41.744Z
7523,7309628308,Boubacar,Ould Khatri,Boubacar Ould Khatri,M,1973-06-15,+22247559182,,9,Assaba,STANDARD,,ACTIVE,2023-12-16,2024-06-21T14:15:02.775Z,2023-12-16T17:55:10.319Z,2024-06-21T14:15:02.775Z
7524,9615748437,Saidou,Sall,Saidou Sall,M,1996-01-17,+22224757971,saidou.sall484@hotmail.fr,15,Tiris Zemmour,OCCASIONAL,,ACTIVE,2023-08-18,2023-09-01T20:50:48.109Z,2023-08-18T05:06:05.830Z,2023-09-01T20:50:48.109Z
7525,7101293643,Meymouna,Mint Hamadi,Meymouna Mint Hamadi,F,1971-01-09,+22222283299,,1,Nouakchott-Nord,STANDARD,,ACTIVE,2022-01-10,2024-10-24T10:50:39.179Z,2022-01-10T05:12:52.902Z,2024-10-24T10:50:39.179Z
7526,8406144412,Abdoulaye,Ba,Abdoulaye Ba,M,1984-04-18,+22223589212,abdoulaye.ba912@outlook.com,6,Brakna,STANDARD,,ACTIVE,2024-04-08,2024-10-10T05:03:06.128Z,2024-04-08T15:21:46.643Z,2024-10-10T05:03:06.128Z
7527,0002667775,Mor,Baldé,Mor Baldé,M,2000-04-08,+22232968842,,2,Nouakchott-Ouest,ACTIVE,,ACTIVE,2024-09-20,2024-12-18T00:37:15.632Z,2024-09-20T06:01:06.282Z,2024-12-18T00:37:15.632Z
7528,6206984038,Defa,Thiam,Defa Thiam,F,1962-05-04,+22234634884,defa.thiam812@outlook.com,6,Brakna,STANDARD,,PENDING_KYC,2024-06-14,2024-10-10T20:54:42.804Z,2024-06-14T05:44:53.694Z,2024-10-10T20:54:42.804Z
7529,7401180461,Maloum,Ould Bouha,Maloum Ould Bouha,M,1974-05-28,+22236136873,,1,Nouakchott-Nord,OCCASIONAL,,ACTIVE,2024-07-10,2024-12-01T05:41:18.388Z,2024-07-10T05:15:50.546Z,2024-12-01T05:41:18.388Z
7530,6403349605,Ghalia,Mint Hamadi,Ghalia Mint Hamadi,F,1964-03-18,+22235504301,ghalia.minthamadi254@hotmail.fr,3,Nouakchott-Sud,STANDARD,,ACTIVE,2024-12-21,2024-12-28T23:45:37.761Z,2024-12-21T20:25:14.337Z,2024-12-28T23:45:37.761Z
7531,9801863162,Taleb,Ould Abdel Kader,Taleb Ould Abdel Kader,M,1998-03-02,+22237968730,,1,Nouakchott-Nord,ACTIVE,,ACTIVE,2022-12-09,2024-02-04T04:40:43.381Z,2022-12-09T15:12:51.295Z,2024-02-04T04:40:43.381Z
7532,9802729096,Bocar,Ndiaye,Bocar Ndiaye,M,1998-12-21,+22237381811,,2,Nouakchott-Ouest,STANDARD,,ACTIVE,2022-04-29,2022-12-29T17:29:28.585Z,2022-04-29T17:57:41.829Z,2022-12-29T17:29:28.585Z
7533,9402260205,Sadio,Thiam,Sadio Thiam,M,1994-07-26,+22223078741,sadio.thiam558@yahoo.fr,2,Nouakchott-Ouest,STANDARD,,ACTIVE,2024-07-12,2024-11-02T22:46:09.418Z,2024-07-12T10:09:56.248Z,2024-11-02T22:46:09.418Z
7534,7101902932,Mohamed Mahmoud,Ould Sidi,Mohamed Mahmoud Ould Sidi,M,1971-06-01,+22223474346,mohamedmahmoud.ouldsidi376@gmail.com,1,Nouakchott-Nord,STANDARD,,ACTIVE,2023-11-05,2023-12-23T09:49:22.493Z,2023-11-05T16:46:33.771Z,2023-12-23T09:49:22.493Z
7535,8201630998,Mohamed,Ould Mahmoud,Mohamed Ould Mahmoud,M,1982-01-12,+22246054780,,1,Nouakchott-Nord,STANDARD,,ACTIVE,2024-08-19,2024-11-12T09:23:49.824Z,2024-08-19T15:31:24.592Z,2024-11-12T09:23:49.824Z
7536,0304442951,Maloum,Ould Horma,Maloum Ould Horma,M,2003-02-18,+22222923496,,4,Dakhlet Nouadhibou,PREMIUM,,ACTIVE,2022-01-12,2022-05-04T11:24:13.503Z,2022-01-12T18:48:32.658Z,2022-05-04T11:24:13.503Z
7537,7501076602,Moussa,Ndiaye,Moussa Ndiaye,M,1975-09-05,+22222061370,moussa.ndiaye687@outlook.com,1,Nouakchott-Nord,OCCASIONAL,,ACTIVE,2022-09-14,2023-12-22T15:44:27.770Z,2022-09-14T21:04:27.789Z,2023-12-22T15:44:27.770Z
7538,6304201309,Mohamed Lemine,Ould Horma,Mohamed Lemine Ould Horma,M,1963-04-23,+22223507148,,4,Dakhlet Nouadhibou,STANDARD,,ACTIVE,2022-01-23,2022-08-16T20:35:04.646Z,2022-01-23T11:56:09.841Z,2022-08-16T20:35:04.646Z
7539,6602289676,Aïssata,Anne,Aïssata Anne,F,1966-09-09,+22224562007,aïssata.anne205@gmail.com,2,Nouakchott-Ouest,STANDARD,,ACTIVE,2023-10-03,2024-07-28T21:13:06.271Z,2023-10-03T10:44:53.075Z,2024-07-28T21:13:06.271Z
7540,8402052719,Penda,Sow,Penda Sow,F,1984-08-25,+22232956930,,2,Nouakchott-Ouest,OCCASIONAL,,ACTIVE,2024-08-02,2024-10-23T12:41:24.870Z,2024-08-02T15:21:42.038Z,2024-10-23T12:41:24.870Z
7541,6201899791,Mahmoud,Ould Khalil,Mahmoud Ould Khalil,M,1962-10-27,+22232457739,,1,Nouakchott-Nord,STANDARD,,ACTIVE,2023-08-08,2023-10-14T09:17:21.255Z,2023-08-08T04:49:16.912Z,2023-10-14T09:17:21.255Z
7542,8703627463,Thierno,Mbaye,Thierno Mbaye,M,1987-11-08,+22222250241,thierno.mbaye224@gmail.com,3,Nouakchott-Sud,STANDARD,,ACTIVE,2024-11-10,2024-12-27T23:33:00.261Z,2024-11-10T23:32:52.730Z,2024-12-27T23:33:00.261Z
7543,8802522265,Lemrabott,Ould Maloum,Lemrabott Ould Maloum,M,1988-12-12,+22223483403,,2,Nouakchott-Ouest,OCCASIONAL,,ACTIVE,2024-11-06,2024-12-07T20:02:08.548Z,2024-11-06T09:49:46.455Z,2024-12-07T20:02:08.548Z
7544,9701785175,Saleck,Ould Nagi,Saleck Ould Nagi,M,1997-04-17,+22225699750,,1,Nouakchott-Nord,OCCASIONAL,,INACTIVE,2023-08-24,2024-09-15T15:21:38.344Z,2023-08-24T11:22:24.970Z,2024-09-15T15:21:38.344Z
7545,7912187230,Adama,Barry,Adama Barry,F,1979-04-05,+22242672516,,12,Adrar,STANDARD,,ACTIVE,2023-04-04,2024-11-23T21:15:13.709Z,2023-04-04T19:16:03.086Z,2024-11-23T21:15:13.709Z
7546,7804597426,Néné,Guèye,Néné Guèye,F,1978-10-11,+22225381187,néné.guèye323@outlook.com,4,Dakhlet Nouadhibou,STANDARD,,INACTIVE,2023-05-17,2024-05-22T21:22:31.919Z,2023-05-17T11:47:26.011Z,2024-05-22T21:22:31.919Z
7547,6003352638,Abdoul,Barry,Abdoul Barry,M,1960-12-20,+22224453923,,3,Nouakchott-Sud,ACTIVE,,BLOCKED,2023-07-17,2024-02-13T13:38:22.897Z,2023-07-17T01:50:53.864Z,2024-02-13T13:38:22.897Z
7548,8414716854,Kéba,Ndour,Kéba Ndour,M,1984-01-26,+22222029855,kéba.ndour876@gmail.com,14,Inchiri,STANDARD,,ACTIVE,2022-09-12,2023-11-26T01:59:30.580Z,2022-09-12T06:31:36.655Z,2023-11-26T01:59:30.580Z
7549,9402850671,Sidiki,Bah,Sidiki Bah,M,1994-08-10,+22224397895,,2,Nouakchott-Ouest,ACTIVE,,ACTIVE,2023-04-07,2023-04-18T11:38:39.827Z,2023-04-07T01:19:16.329Z,2023-04-18T11:38:39.827Z
7550,7207171926,Ghali,Fall,Ghali Fall,M,1972-10-09,+22241348113,,7,Gorgol,ACTIVE,,PENDING_KYC,2024-11-14,2024-11-30T15:57:44.369Z,2024-11-14T14:42:41.947Z,2024-11-30T15:57:44.369Z
7551,8902993505,Sidi Mohamed,Fall,Sidi Mohamed Fall,M,1989-10-27,+22233564780,,2,Nouakchott-Ouest,STANDARD,,ACTIVE,2024-07-17,2024-10-24T23:23:35.576Z,2024-07-17T18:18:46.256Z,2024-10-24T23:23:35.576Z
7552,8703093314,Hamoud,Ould Nagi,Hamoud Ould Nagi,M,1987-04-13,+22224033858,,3,Nouakchott-Sud,ACTIVE,,ACTIVE,2024-02-13,2024-10-06T20:14:39.050Z,2024-02-13T00:35:57.091Z,2024-10-06T20:14:39.050Z
7553,0302277832,Maloum,Ould Messoud,Maloum Ould Messoud,M,2003-03-08,+22225567224,,2,Nouakchott-Ouest,OCCASIONAL,,ACTIVE,2023-08-11,2024-03-07T16:16:49.947Z,2023-08-11T18:29:51.473Z,2024-03-07T16:16:49.947Z
7554,6802423689,Codou,Camara,Codou Camara,F,1968-06-24,+22223689829,,2,Nouakchott-Ouest,PREMIUM,,INACTIVE,2023-04-18,2024-08-05T05:29:47.847Z,2023-04-18T04:45:04.537Z,2024-08-05T05:29:47.847Z
7555,8503908867,Naha,Mint Eleya,Naha Mint Eleya,F,1985-08-18,+22224450399,,3,Nouakchott-Sud,ACTIVE,,PENDING_KYC,2023-07-22,2024-04-12T05:55:44.297Z,2023-07-22T21:12:19.921Z,2024-04-12T05:55:44.297Z
7556,6201169577,Mbareck,Ndiaye,Mbareck Ndiaye,M,1962-02-16,+22224798037,mbareck.ndiaye366@gmail.com,1,Nouakchott-Nord,VIP,,ACTIVE,2022-05-21,2022-10-03T10:47:03.642Z,2022-05-21T15:42:27.632Z,2022-10-03T10:47:03.642Z
7557,9112974395,Serigne,Kanouté,Serigne Kanouté,M,1991-10-06,+22224544254,,12,Adrar,OCCASIONAL,,ACTIVE,2024-02-15,2024-11-14T11:48:42.537Z,2024-02-15T02:58:38.946Z,2024-11-14T11:48:42.537Z
7558,9215978449,Mounina,Mint Habiboullah,Mounina Mint Habiboullah,F,1992-03-21,+22245611478,,15,Tiris Zemmour,OCCASIONAL,,ACTIVE,2022-01-26,2022-07-30T03:51:57.532Z,2022-01-26T21:00:00.495Z,2022-07-30T03:51:57.532Z
7559,8205328929,Cheikh Sidiya,Niang,Cheikh Sidiya Niang,M,1982-04-01,+22222119285,,5,Trarza,ACTIVE,,ACTIVE,2022-05-19,2023-05-12T01:52:55.502Z,2022-05-19T04:54:16.710Z,2023-05-12T01:52:55.502Z
7560,0201105739,Rougui,Sissoko,Rougui Sissoko,F,2002-10-28,+22223795894,rougui.sissoko104@hotmail.fr,1,Nouakchott-Nord,PREMIUM,,ACTIVE,2022-03-24,2023-09-06T13:48:02.117Z,2022-03-24T19:44:03.946Z,2023-09-06T13:48:02.117Z
7561,7914628186,Souleymane,Ould Abdel Kader,Souleymane Ould Abdel Kader,M,1979-12-10,+22222414990,souleymane.ouldabdelkader592@gmail.com,14,Inchiri,PREMIUM,,ACTIVE,2024-01-13,2024-10-18T11:52:40.338Z,2024-01-13T15:24:45.336Z,2024-10-18T11:52:40.338Z
7562,6202015422,Sidi,Ould Limam,Sidi Ould Limam,M,1962-10-01,+22245258522,,2,Nouakchott-Ouest,DORMANT,,ACTIVE,2022-03-13,2022-04-13T04:58:20.486Z,2022-03-13T15:04:20.605Z,2022-04-13T04:58:20.486Z
7563,0315666175,El Khalil,Ould Ghali,El Khalil Ould Ghali,M,2003-06-12,+22225917695,elkhalil.ouldghali139@hotmail.fr,15,Tiris Zemmour,PREMIUM,,ACTIVE,2022-08-19,2024-01-26T03:32:14.949Z,2022-08-19T07:54:20.748Z,2024-01-26T03:32:14.949Z
7564,8402709527,Mokhtar,Ould El Mokhtar,Mokhtar Ould El Mokhtar,M,1984-10-08,+22233889415,mokhtar.ouldelmokhtar469@outlook.com,2,Nouakchott-Ouest,ACTIVE,,ACTIVE,2022-03-28,2023-03-31T09:50:06.116Z,2022-03-28T19:15:48.649Z,2023-03-31T09:50:06.116Z
7565,6908288157,Daba,Sy,Daba Sy,F,1969-01-16,+22224805453,,8,Guidimaka,OCCASIONAL,,ACTIVE,2023-04-25,2024-01-03T19:11:57.190Z,2023-04-25T02:24:44.781Z,2024-01-03T19:11:57.190Z
7566,8605501960,Mbarka,Mint Hadrami,Mbarka Mint Hadrami,F,1986-10-11,+22232066985,,5,Trarza,ACTIVE,,ACTIVE,2022-12-06,2024-04-16T18:41:41.635Z,2022-12-06T14:51:31.085Z,2024-04-16T18:41:41.635Z
7567,9501245770,Wedadi,Dieng,Wedadi Dieng,M,1995-10-23,+22234707074,,1,Nouakchott-Nord,STANDARD,,INACTIVE,2023-11-10,2024-03-01T07:50:02.871Z,2023-11-10T11:01:39.533Z,2024-03-01T07:50:02.871Z
7568,6302041972,Houda,Sall,Houda Sall,F,1963-07-14,+22237799868,houda.sall745@outlook.com,2,Nouakchott-Ouest,PREMIUM,,ACTIVE,2023-10-07,2024-07-06T00:32:39.007Z,2023-10-07T12:39:37.632Z,2024-07-06T00:32:39.007Z
7569,9503694556,Vatma,Ndiaye,Vatma Ndiaye,F,1995-09-02,+22241683347,,3,Nouakchott-Sud,DORMANT,,ACTIVE,2024-01-04,2024-02-16T00:28:38.922Z,2024-01-04T20:21:52.858Z,2024-02-16T00:28:38.922Z
7570,0102390971,Saadbouh,Diallo,Saadbouh Diallo,M,2001-08-19,+22237754029,,2,Nouakchott-Ouest,ACTIVE,,ACTIVE,2023-02-14,2023-05-29T13:57:33.254Z,2023-02-14T17:02:54.002Z,2023-05-29T13:57:33.254Z
7571,7215076491,Mohamed Vall,Gaye,Mohamed Vall Gaye,M,1972-08-25,+22222095709,mohamedvall.gaye440@hotmail.fr,15,Tiris Zemmour,DORMANT,,ACTIVE,2023-01-30,2024-09-09T00:26:42.147Z,2023-01-30T10:21:17.533Z,2024-09-09T00:26:42.147Z
7572,6906049374,Seynabou,Sy,Seynabou Sy,F,1969-12-01,+22222504186,,6,Brakna,PREMIUM,,ACTIVE,2022-01-12,2022-07-18T12:23:06.551Z,2022-01-12T01:10:05.381Z,2022-07-18T12:23:06.551Z
7573,7002858347,Mohamed,Ould Khatri,Mohamed Ould Khatri,M,1970-06-03,+22233807998,,2,Nouakchott-Ouest,STANDARD,,ACTIVE,2024-11-26,2024-11-27T11:31:14.549Z,2024-11-26T23:48:00.424Z,2024-11-27T11:31:14.549Z
7574,8803679764,Fanta,Ly,Fanta Ly,F,1988-03-10,+22223213997,,3,Nouakchott-Sud,ACTIVE,,ACTIVE,2023-07-12,2024-01-31T11:01:39.080Z,2023-07-12T03:15:56.056Z,2024-01-31T11:01:39.080Z
7575,9004072765,Leila,Mint Nagi,Leila Mint Nagi,F,1990-10-28,+22241020460,,4,Dakhlet Nouadhibou,PREMIUM,,ACTIVE,2022-07-11,2023-08-04T13:50:57.683Z,2022-07-11T07:49:28.527Z,2023-08-04T13:50:57.683Z
7576,8202472713,Fallou,Koita,Fallou Koita,M,1982-12-25,+22234229332,fallou.koita57@gmail.com,2,Nouakchott-Ouest,STANDARD,,ACTIVE,2024-06-27,2024-10-10T00:11:59.263Z,2024-06-27T13:06:39.835Z,2024-10-10T00:11:59.263Z
7577,7002169061,Adja,Sow,Adja Sow,F,1970-05-17,+22236269906,,2,Nouakchott-Ouest,ACTIVE,,ACTIVE,2023-02-12,2024-11-10T19:48:58.290Z,2023-02-12T15:03:17.245Z,2024-11-10T19:48:58.290Z
7578,6914977418,Mahjouba,Mint Mokhtar,Mahjouba Mint Mokhtar,F,1969-03-08,+22232024977,,14,Inchiri,STANDARD,,ACTIVE,2023-09-19,2024-04-18T18:04:05.427Z,2023-09-19T12:53:17.283Z,2024-04-18T18:04:05.427Z
7579,7709383018,Saadbouh,Ba,Saadbouh Ba,M,1977-06-20,+22225423363,saadbouh.ba633@hotmail.fr,9,Assaba,STANDARD,,ACTIVE,2022-11-30,2023-01-31T22:23:22.439Z,2022-11-30T10:36:03.798Z,2023-01-31T22:23:22.439Z
7580,9303567407,Rokaya,Mint Vall,Rokaya Mint Vall,F,1993-02-15,+22237456284,rokaya.mintvall501@hotmail.fr,3,Nouakchott-Sud,STANDARD,,ACTIVE,2024-03-23,2024-11-13T22:56:06.461Z,2024-03-23T22:32:00.065Z,2024-11-13T22:56:06.461Z
7581,0501602048,Safi,Yatabaré,Safi Yatabaré,F,2005-04-15,+22225866371,safi.yatabaré691@gmail.com,1,Nouakchott-Nord,OCCASIONAL,,ACTIVE,2024-03-06,2024-05-30T08:24:51.099Z,2024-03-06T21:49:32.293Z,2024-05-30T08:24:51.099Z
7582,7902809645,Aissata,Mint Jiddou,Aissata Mint Jiddou,F,1979-10-07,+22235382198,,2,Nouakchott-Ouest,OCCASIONAL,,ACTIVE,2023-01-09,2023-10-03T09:27:30.941Z,2023-01-09T09:19:34.505Z,2023-10-03T09:27:30.941Z
7583,9703387052,Aissata,Sakho,Aissata Sakho,F,1997-05-06,+22232977595,aissata.sakho167@gmail.com,3,Nouakchott-Sud,STANDARD,,ACTIVE,2022-07-31,2022-12-20T03:02:08.619Z,2022-07-31T17:33:11.877Z,2022-12-20T03:02:08.619Z
7584,7803919894,Ely,Sarr,Ely Sarr,M,1978-09-11,+22234282711,,3,Nouakchott-Sud,OCCASIONAL,,ACTIVE,2022-06-25,2023-08-06T18:08:50.866Z,2022-06-25T00:49:47.429Z,2023-08-06T18:08:50.866Z
7585,6801485563,Yacouba,Fall,Yacouba Fall,M,1968-01-22,+22236739444,,1,Nouakchott-Nord,OCCASIONAL,,ACTIVE,2023-08-13,2024-04-16T01:40:30.437Z,2023-08-13T06:40:06.554Z,2024-04-16T01:40:30.437Z
7586,9301152124,Ousmane,Sall,Ousmane Sall,M,1993-01-19,+22243220376,,1,Nouakchott-Nord,OCCASIONAL,,ACTIVE,2022-03-03,2024-03-05T06:47:22.954Z,2022-03-03T08:24:52.187Z,2024-03-05T06:47:22.954Z
7587,8701412946,Tourad,Ould Bouha,Tourad Ould Bouha,M,1987-06-14,+22222057502,tourad.ouldbouha973@yahoo.fr,1,Nouakchott-Nord,STANDARD,,ACTIVE,2023-12-23,2024-03-21T20:00:12.428Z,2023-12-23T20:47:34.589Z,2024-03-21T20:00:12.428Z
7588,0207343133,El Mokhtar,Ould Hamoud,El Mokhtar Ould Hamoud,M,2002-01-23,+22222543064,,7,Gorgol,STANDARD,,ACTIVE,2023-06-03,2023-11-14T19:21:21.538Z,2023-06-03T19:28:33.047Z,2023-11-14T19:21:21.538Z
7589,9304682226,Kadiatou,Gaye,Kadiatou Gaye,F,1993-04-01,+22234211781,,4,Dakhlet Nouadhibou,ACTIVE,,ACTIVE,2024-10-23,2024-11-13T09:44:55.938Z,2024-10-23T11:16:55.109Z,2024-11-13T09:44:55.938Z
7590,0302670783,Tekber,Mint Horma,Tekber Mint Horma,F,2003-09-04,+22237774462,,2,Nouakchott-Ouest,PREMIUM,,ACTIVE,2024-01-01,2024-07-04T01:20:41.669Z,2024-01-01T20:31:42.003Z,2024-07-04T01:20:41.669Z
7591,9413177282,Zakaria,Bâ,Zakaria Bâ,M,1994-02-10,+22222037282,,13,Tagant,OCCASIONAL,,ACTIVE,2023-09-13,2023-12-02T15:34:26.083Z,2023-09-13T04:09:58.628Z,2023-12-02T15:34:26.083Z
7592,7303917875,Samba,Kouyaté,Samba Kouyaté,M,1973-08-02,+22244663988,samba.kouyaté212@outlook.com,3,Nouakchott-Sud,OCCASIONAL,,ACTIVE,2022-10-07,2024-01-20T10:40:59.207Z,2022-10-07T15:24:21.979Z,2024-01-20T10:40:59.207Z
7593,8702851922,Naima,Mint Messoud,Naima Mint Messoud,F,1987-03-12,+22235925351,,2,Nouakchott-Ouest,STANDARD,,ACTIVE,2023-10-21,2024-04-28T13:20:13.568Z,2023-10-21T09:55:55.951Z,2024-04-28T13:20:13.568Z
7594,6903646521,Abdel Kader,Ould Isselmou,Abdel Kader Ould Isselmou,M,1969-11-15,+22222619474,,3,Nouakchott-Sud,OCCASIONAL,,ACTIVE,2024-02-01,2024-03-18T09:13:32.886Z,2024-02-01T20:35:53.440Z,2024-03-18T09:13:32.886Z
7595,6402670443,Isselmou,Ould Hamoud,Isselmou Ould Hamoud,M,1964-11-01,+22235528154,,2,Nouakchott-Ouest,DORMANT,,ACTIVE,2023-07-16,2024-09-24T17:33:20.174Z,2023-07-16T03:29:32.968Z,2024-09-24T17:33:20.174Z
7596,0102341270,Khadija,Mint Taleb,Khadija Mint Taleb,F,2001-09-06,+22236617461,khadija.minttaleb216@yahoo.fr,2,Nouakchott-Ouest,PREMIUM,,ACTIVE,2022-06-08,2024-11-29T23:06:18.850Z,2022-06-08T17:21:32.053Z,2024-11-29T23:06:18.850Z
7597,7501945405,Salem,Ould Mokhtar,Salem Ould Mokhtar,M,1975-01-10,+22225230097,,1,Nouakchott-Nord,OCCASIONAL,,ACTIVE,2023-04-09,2023-12-11T19:14:20.766Z,2023-04-09T10:36:17.347Z,2023-12-11T19:14:20.766Z
7598,6602743301,Saliou,Diallo,Saliou Diallo,M,1966-09-27,+22236539141,,2,Nouakchott-Ouest,STANDARD,,ACTIVE,2024-02-16,2024-11-26T15:58:11.866Z,2024-02-16T15:20:01.200Z,2024-11-26T15:58:11.866Z
7599,7904303747,Kelthoum,Diop,Kelthoum Diop,F,1979-11-11,+22248196125,,4,Dakhlet Nouadhibou,STANDARD,,ACTIVE,2024-05-28,2024-08-25T18:02:57.428Z,2024-05-28T14:22:46.095Z,2024-08-25T18:02:57.428Z
7600,6703332734,Lehbib,Ould Isselmou,Lehbib Ould Isselmou,M,1967-04-13,+22235564210,lehbib.ouldisselmou685@yahoo.fr,3,Nouakchott-Sud,STANDARD,,PENDING_KYC,2023-12-30,2024-03-24T05:24:08.700Z,2023-12-30T14:37:44.209Z,2024-03-24T05:24:08.700Z
7601,6503266929,Salif,Tall,Salif Tall,M,1965-02-10,+22224421721,salif.tall738@yahoo.fr,3,Nouakchott-Sud,ACTIVE,,ACTIVE,2022-09-01,2022-12-23T00:50:22.861Z,2022-09-01T17:25:34.717Z,2022-12-23T00:50:22.861Z
7602,9102669823,Mouna,Mint Soufi,Mouna Mint Soufi,F,1991-08-06,+22224200279,,2,Nouakchott-Ouest,STANDARD,,ACTIVE,2023-04-07,2024-02-13T12:38:14.284Z,2023-04-07T22:47:17.049Z,2024-02-13T12:38:14.284Z
7603,0004028059,Mohamed Vall,Ould Ethmane,Mohamed Vall Ould Ethmane,M,2000-11-07,+22248527114,,4,Dakhlet Nouadhibou,OCCASIONAL,,ACTIVE,2022-02-23,2024-04-08T19:54:35.120Z,2022-02-23T03:11:10.459Z,2024-04-08T19:54:35.120Z
7604,0009905542,Lemrabott,Ould Saad,Lemrabott Ould Saad,M,2000-03-13,+22222309735,,9,Assaba,OCCASIONAL,,ACTIVE,2023-09-29,2024-03-13T21:13:58.079Z,2023-09-29T11:46:41.522Z,2024-03-13T21:13:58.079Z
7605,9904271125,Tekber,Mint Ethmane,Tekber Mint Ethmane,F,1999-10-04,+22223010602,,4,Dakhlet Nouadhibou,PREMIUM,,ACTIVE,2022-11-07,2023-07-02T18:56:49.439Z,2022-11-07T19:04:57.389Z,2023-07-02T18:56:49.439Z
7606,9805718064,Minetou,Barry,Minetou Barry,F,1998-04-01,+22235847629,minetou.barry273@hotmail.fr,5,Trarza,STANDARD,,ACTIVE,2022-10-18,2024-03-11T07:21:12.364Z,2022-10-18T18:30:51.356Z,2024-03-11T07:21:12.364Z
7607,6702408096,Leila,Mbow,Leila Mbow,F,1967-09-04,+22233702311,,2,Nouakchott-Ouest,STANDARD,,ACTIVE,2024-03-13,2024-06-08T12:02:10.031Z,2024-03-13T17:58:33.648Z,2024-06-08T12:02:10.031Z
7608,0101344856,Mouna,Mint Hamadi,Mouna Mint Hamadi,F,2001-08-08,+22246174648,,1,Nouakchott-Nord,ACTIVE,,PENDING_KYC,2022-01-26,2024-08-14T10:11:28.354Z,2022-01-26T02:22:54.435Z,2024-08-14T10:11:28.354Z
7609,6104847617,Saadbouh,Ould Limam,Saadbouh Ould Limam,M,1961-03-19,+22232699345,,4,Dakhlet Nouadhibou,STANDARD,,INACTIVE,2022-03-07,2023-01-22T04:03:53.053Z,2022-03-07T14:12:27.557Z,2023-01-22T04:03:53.053Z
7610,9301356300,Tekber,Mint Horma,Tekber Mint Horma,F,1993-08-21,+22233709355,,1,Nouakchott-Nord,STANDARD,,ACTIVE,2023-07-05,2024-12-06T00:38:55.364Z,2023-07-05T03:59:50.120Z,2024-12-06T00:38:55.364Z
7611,9202136340,El Hadji,Niang,El Hadji Niang,M,1992-11-09,+22224244057,,2,Nouakchott-Ouest,STANDARD,,ACTIVE,2024-12-03,2024-12-23T09:31:00.269Z,2024-12-03T07:58:36.680Z,2024-12-23T09:31:00.269Z
7612,9902440110,Kani,Faye,Kani Faye,F,1999-04-08,+22237500578,,2,Nouakchott-Ouest,ACTIVE,,ACTIVE,2023-01-20,2023-03-06T10:40:51.906Z,2023-01-20T15:26:22.450Z,2023-03-06T10:40:51.906Z
7613,0401002401,Cheick,Dramé,Cheick Dramé,M,2004-06-08,+22237538794,,1,Nouakchott-Nord,DORMANT,,ACTIVE,2024-10-29,2024-11-13T19:01:19.226Z,2024-10-29T16:08:05.245Z,2024-11-13T19:01:19.226Z
7614,7303174847,Ghali,Ould Khalil,Ghali Ould Khalil,M,1973-01-14,+22224186372,,3,Nouakchott-Sud,OCCASIONAL,,ACTIVE,2023-03-20,2024-03-21T15:18:29.778Z,2023-03-20T23:17:31.997Z,2024-03-21T15:18:29.778Z
7615,7802949043,Abdellahi,Ould Khatri,Abdellahi Ould Khatri,M,1978-10-09,+22225148571,,2,Nouakchott-Ouest,STANDARD,,BLOCKED,2023-11-04,2024-01-26T22:19:27.646Z,2023-11-04T23:24:18.883Z,2024-01-26T22:19:27.646Z
7616,0501416614,Zahra,Mint Hamadi,Zahra Mint Hamadi,F,2005-03-02,+22224027656,,1,Nouakchott-Nord,OCCASIONAL,,ACTIVE,2024-02-21,2024-03-21T13:56:12.457Z,2024-02-21T04:18:09.178Z,2024-03-21T13:56:12.457Z
7617,8105043494,Rougui,Sy,Rougui Sy,F,1981-12-22,+22232972987,rougui.sy468@gmail.com,5,Trarza,ACTIVE,,BLOCKED,2024-10-15,2024-11-03T01:16:15.837Z,2024-10-15T07:25:50.129Z,2024-11-03T01:16:15.837Z
7618,7803013833,Oumou,Mint Salem,Oumou Mint Salem,F,1978-08-25,+22223241593,oumou.mintsalem51@outlook.com,3,Nouakchott-Sud,STANDARD,,ACTIVE,2023-08-06,2024-06-30T14:17:56.931Z,2023-08-06T08:56:21.010Z,2024-06-30T14:17:56.931Z
7619,6601955956,Hacen,Ould Brahim,Hacen Ould Brahim,M,1966-12-04,+22236920086,,1,Nouakchott-Nord,ACTIVE,,ACTIVE,2024-06-26,2024-10-21T08:30:31.626Z,2024-06-26T04:04:54.274Z,2024-10-21T08:30:31.626Z
7620,7007596341,Assa,Cissé,Assa Cissé,F,1970-05-06,+22233656290,assa.cissé726@gmail.com,7,Gorgol,DORMANT,,ACTIVE,2022-09-18,2024-06-07T18:07:28.903Z,2022-09-18T10:07:35.531Z,2024-06-07T18:07:28.903Z
7621,9502216847,Nagi,Ould Lemrabott,Nagi Ould Lemrabott,M,1995-03-01,+22224333513,,2,Nouakchott-Ouest,STANDARD,,ACTIVE,2022-11-14,2023-07-21T15:08:59.172Z,2022-11-14T18:03:17.540Z,2023-07-21T15:08:59.172Z
7622,7901797998,Maloum,Mbow,Maloum Mbow,M,1979-12-04,+22237830719,,1,Nouakchott-Nord,DORMANT,,ACTIVE,2024-03-09,2024-04-18T19:11:24.835Z,2024-03-09T08:21:50.211Z,2024-04-18T19:11:24.835Z
7623,6205448324,Malick,Sarr,Malick Sarr,M,1962-06-06,+22222810763,,5,Trarza,ACTIVE,,SUSPENDED,2024-08-02,2024-10-11T22:47:29.977Z,2024-08-02T01:23:29.937Z,2024-10-11T22:47:29.977Z
7624,9801753609,Boubacar,Camara,Boubacar Camara,M,1998-06-26,+22223020203,boubacar.camara894@outlook.com,1,Nouakchott-Nord,STANDARD,,ACTIVE,2024-11-02,2024-12-23T00:47:05.659Z,2024-11-02T00:19:32.114Z,2024-12-23T00:47:05.659Z
7625,9702072591,Malouma,Mint El Hacen,Malouma Mint El Hacen,F,1997-04-25,+22234402847,malouma.mintelhacen421@hotmail.fr,2,Nouakchott-Ouest,ACTIVE,,ACTIVE,2023-10-06,2024-04-03T06:06:19.749Z,2023-10-06T13:37:15.280Z,2024-04-03T06:06:19.749Z
7626,6901522555,Kelthoum,Mint Lemrabott,Kelthoum Mint Lemrabott,F,1969-12-02,+22235576825,,1,Nouakchott-Nord,ACTIVE,,ACTIVE,2022-03-05,2024-09-25T05:30:22.585Z,2022-03-05T05:29:39.162Z,2024-09-25T05:30:22.585Z
7627,9410844796,Aissata,Mint El Mokhtar,Aissata Mint El Mokhtar,F,1994-09-16,+22248097185,aissata.mintelmokhtar674@gmail.com,10,Hodh Ech Chargui,DORMANT,,ACTIVE,2023-01-04,2023-03-22T08:38:53.470Z,2023-01-04T17:53:50.359Z,2023-03-22T08:38:53.470Z
7628,0002194950,Adja,Thiam,Adja Thiam,F,2000-02-22,+22224840543,adja.thiam239@outlook.com,2,Nouakchott-Ouest,STANDARD,,ACTIVE,2023-12-08,2024-08-25T00:22:07.760Z,2023-12-08T06:11:54.620Z,2024-08-25T00:22:07.760Z
7629,9913594673,Lala,Sarr,Lala Sarr,F,1999-11-02,+22223922991,lala.sarr222@yahoo.fr,13,Tagant,ACTIVE,,ACTIVE,2024-06-14,2024-11-19T22:12:04.506Z,2024-06-14T13:27:17.949Z,2024-11-19T22:12:04.506Z
7630,8402028914,Idrissa,Thiam,Idrissa Thiam,M,1984-03-12,+22248078553,idrissa.thiam858@gmail.com,2,Nouakchott-Ouest,OCCASIONAL,,ACTIVE,2024-02-22,2024-09-24T02:17:05.388Z,2024-02-22T05:51:44.804Z,2024-09-24T02:17:05.388Z
7631,8002806846,Nagi,Ould Hadrami,Nagi Ould Hadrami,M,1980-07-23,+22236451562,,2,Nouakchott-Ouest,STANDARD,,SUSPENDED,2022-04-22,2023-04-29T07:02:58.294Z,2022-04-22T06:54:08.099Z,2023-04-29T07:02:58.294Z
7632,7708552431,Aichetou,Yatabaré,Aichetou Yatabaré,F,1977-03-21,+22234555736,,8,Guidimaka,DORMANT,,ACTIVE,2022-10-26,2022-12-10T11:51:10.269Z,2022-10-26T06:44:18.092Z,2022-12-10T11:51:10.269Z
7633,8915530472,Serigne,Camara,Serigne Camara,M,1989-07-10,+22249693768,,15,Tiris Zemmour,ACTIVE,,ACTIVE,2022-03-12,2022-04-06T11:56:10.976Z,2022-03-12T12:20:01.574Z,2022-04-06T11:56:10.976Z
7634,7613936454,Sidi,Diarra,Sidi Diarra,M,1976-05-21,+22235122220,,13,Tagant,STANDARD,,ACTIVE,2024-06-05,2024-06-09T23:24:00.184Z,2024-06-05T08:36:02.035Z,2024-06-09T23:24:00.184Z
7635,9805861232,Tacko,Sissoko,Tacko Sissoko,F,1998-10-18,+22232285304,tacko.sissoko495@hotmail.fr,5,Trarza,STANDARD,,ACTIVE,2024-03-18,2024-03-25T12:56:57.557Z,2024-03-18T12:49:41.996Z,2024-03-25T12:56:57.557Z
7636,8407910920,Karamoko,Sy,Karamoko Sy,M,1984-02-18,+22242724453,karamoko.sy737@outlook.com,7,Gorgol,STANDARD,,ACTIVE,2022-03-06,2024-09-22T16:46:48.492Z,2022-03-06T17:12:21.642Z,2024-09-22T16:46:48.492Z
7637,7303082980,Khady,Mbow,Khady Mbow,F,1973-04-13,+22223498280,,3,Nouakchott-Sud,STANDARD,,ACTIVE,2024-12-16,2024-12-19T22:52:20.036Z,2024-12-16T12:34:35.491Z,2024-12-19T22:52:20.036Z
7638,8902970476,Halima,Mint Hamadi,Halima Mint Hamadi,F,1989-02-11,+22241733786,,2,Nouakchott-Ouest,OCCASIONAL,,ACTIVE,2022-06-11,2023-11-12T21:10:09.482Z,2022-06-11T16:25:51.040Z,2023-11-12T21:10:09.482Z
7639,0001083967,Vatma,Mint Isselmou,Vatma Mint Isselmou,F,2000-11-23,+22242019044,,1,Nouakchott-Nord,VIP,,ACTIVE,2022-08-02,2024-02-10T05:36:37.331Z,2022-08-02T18:42:14.811Z,2024-02-10T05:36:37.331Z
7640,7210678135,El Hadji,Wane,El Hadji Wane,M,1972-11-12,+22237066080,,10,Hodh Ech Chargui,OCCASIONAL,,ACTIVE,2022-05-26,2022-06-16T22:42:59.448Z,2022-05-26T13:54:57.700Z,2022-06-16T22:42:59.448Z
7641,9810809892,Tamba,Sissoko,Tamba Sissoko,M,1998-07-22,+22233215569,,10,Hodh Ech Chargui,OCCASIONAL,,ACTIVE,2023-02-09,2023-09-21T20:43:23.125Z,2023-02-09T14:13:03.019Z,2023-09-21T20:43:23.125Z
7642,7604154658,Souleymane,Bâ,Souleymane Bâ,M,1976-01-21,+22233219702,souleymane.bâ344@gmail.com,4,Dakhlet Nouadhibou,STANDARD,,ACTIVE,2022-06-08,2023-04-21T14:19:52.093Z,2022-06-08T15:07:30.730Z,2023-04-21T14:19:52.093Z
7643,6014601738,Lamine,Sy,Lamine Sy,M,1960-09-14,+22225814826,lamine.sy660@yahoo.fr,14,Inchiri,VIP,,ACTIVE,2024-12-01,2024-12-25T06:58:47.175Z,2024-12-01T22:53:05.556Z,2024-12-25T06:58:47.175Z
7644,9805867508,Habiba,Mint El Ghassem,Habiba Mint El Ghassem,F,1998-02-27,+22224150962,,5,Trarza,STANDARD,,INACTIVE,2023-10-09,2024-03-04T13:44:58.616Z,2023-10-09T05:56:04.472Z,2024-03-04T13:44:58.616Z
7645,8807326857,Abdellahi,Ould Sidi,Abdellahi Ould Sidi,M,1988-11-16,+22224507372,abdellahi.ouldsidi411@yahoo.fr,7,Gorgol,OCCASIONAL,,ACTIVE,2023-07-01,2024-08-10T05:41:23.619Z,2023-07-01T18:16:28.235Z,2024-08-10T05:41:23.619Z
7646,6604437202,Alassane,Sarr,Alassane Sarr,M,1966-04-28,+22235232554,alassane.sarr731@hotmail.fr,4,Dakhlet Nouadhibou,STANDARD,,ACTIVE,2023-01-30,2023-10-02T13:46:09.253Z,2023-01-30T09:52:43.254Z,2023-10-02T13:46:09.253Z
7647,9901221048,Isselmou,Ould Wedadi,Isselmou Ould Wedadi,M,1999-06-14,+22222051686,isselmou.ouldwedadi572@outlook.com,1,Nouakchott-Nord,ACTIVE,,ACTIVE,2023-04-21,2024-05-18T01:22:49.303Z,2023-04-21T08:39:56.727Z,2024-05-18T01:22:49.303Z
7648,9112419917,Binta,Sow,Binta Sow,F,1991-02-10,+22235051912,binta.sow85@hotmail.fr,12,Adrar,STANDARD,,INACTIVE,2022-08-10,2024-02-05T12:43:21.518Z,2022-08-10T06:22:05.578Z,2024-02-05T12:43:21.518Z
7649,0201264331,Makan,Diakité,Makan Diakité,M,2002-07-24,+22247134458,,1,Nouakchott-Nord,DORMANT,,ACTIVE,2024-09-02,2024-10-28T04:48:02.829Z,2024-09-02T14:27:23.151Z,2024-10-28T04:48:02.829Z
7650,6602756574,Naha,Diallo,Naha Diallo,F,1966-03-27,+22225825849,,2,Nouakchott-Ouest,DORMANT,,ACTIVE,2024-09-22,2024-10-21T16:47:52.178Z,2024-09-22T09:37:48.205Z,2024-10-21T16:47:52.178Z
7651,6503523105,Salka,Mint Abdel Aziz,Salka Mint Abdel Aziz,F,1965-11-04,+22236078394,,3,Nouakchott-Sud,STANDARD,,ACTIVE,2022-04-28,2024-11-01T01:54:14.880Z,2022-04-28T12:56:21.377Z,2024-11-01T01:54:14.880Z
7652,6801275739,Daouda,Bah,Daouda Bah,M,1968-12-08,+22222532651,,1,Nouakchott-Nord,STANDARD,,ACTIVE,2023-08-06,2024-04-27T09:13:25.830Z,2023-08-06T18:28:09.150Z,2024-04-27T09:13:25.830Z
7653,8615343022,Boubacar,Ly,Boubacar Ly,M,1986-05-06,+22232527442,boubacar.ly546@gmail.com,15,Tiris Zemmour,STANDARD,,ACTIVE,2022-05-11,2024-01-08T18:59:00.540Z,2022-05-11T21:12:52.280Z,2024-01-08T18:59:00.540Z
7654,7505416806,Saidou,Mbow,Saidou Mbow,M,1975-08-25,+22224996377,,5,Trarza,ACTIVE,,ACTIVE,2024-09-06,2024-10-03T18:38:31.713Z,2024-09-06T05:39:33.344Z,2024-10-03T18:38:31.713Z
7655,8611634043,Brahim,Diallo,Brahim Diallo,M,1986-10-19,+22235658935,brahim.diallo347@hotmail.fr,11,Hodh El Gharbi,ACTIVE,,ACTIVE,2022-06-23,2023-03-28T05:52:06.019Z,2022-06-23T21:36:20.285Z,2023-03-28T05:52:06.019Z
7656,9702103158,Ahmed Baba,Koita,Ahmed Baba Koita,M,1997-12-28,+22233693782,ahmedbaba.koita324@gmail.com,2,Nouakchott-Ouest,ACTIVE,,ACTIVE,2022-07-23,2024-02-19T20:03:46.513Z,2022-07-23T22:10:36.767Z,2024-02-19T20:03:46.513Z
7657,0313718586,Naha,Mint Lemrabott,Naha Mint Lemrabott,F,2003-04-27,+22233242260,,13,Tagant,OCCASIONAL,,ACTIVE,2024-08-10,2024-08-21T00:58:03.083Z,2024-08-10T20:41:50.043Z,2024-08-21T00:58:03.083Z
7658,7003682343,Cheikh,Dieng,Cheikh Dieng,M,1970-10-26,+22233590964,,3,Nouakchott-Sud,STANDARD,,ACTIVE,2022-12-22,2023-12-25T13:51:31.635Z,2022-12-22T22:42:08.562Z,2023-12-25T13:51:31.635Z
7659,9602786862,Cheikh,Ould Nenni,Cheikh Ould Nenni,M,1996-05-27,+22236474350,,2,Nouakchott-Ouest,STANDARD,,SUSPENDED,2023-09-21,2024-11-13T08:51:15.730Z,2023-09-21T09:00:50.061Z,2024-11-13T08:51:15.730Z
7660,8002145785,Aichetou,Mint Lemrabott,Aichetou Mint Lemrabott,F,1980-07-21,+22236323682,,2,Nouakchott-Ouest,STANDARD,,ACTIVE,2022-05-19,2024-03-16T20:32:44.106Z,2022-05-19T14:35:54.133Z,2024-03-16T20:32:44.106Z
7661,8302978445,Demba,Gaye,Demba Gaye,M,1983-04-19,+22232958922,,2,Nouakchott-Ouest,VIP,,ACTIVE,2023-06-21,2024-03-31T06:43:34.552Z,2023-06-21T04:35:45.478Z,2024-03-31T06:43:34.552Z
7662,7002564712,Naima,Bâ,Naima Bâ,F,1970-01-12,+22233523650,naima.bâ148@yahoo.fr,2,Nouakchott-Ouest,OCCASIONAL,,ACTIVE,2023-04-04,2024-11-20T04:09:12.866Z,2023-04-04T19:56:05.333Z,2024-11-20T04:09:12.866Z
7663,7601975072,Rokaya,Mint Bouha,Rokaya Mint Bouha,F,1976-08-08,+22223680918,rokaya.mintbouha423@hotmail.fr,1,Nouakchott-Nord,STANDARD,,ACTIVE,2022-07-14,2024-01-03T10:17:33.228Z,2022-07-14T11:45:28.386Z,2024-01-03T10:17:33.228Z
7664,6804807991,Ahmed Baba,Ould Nenni,Ahmed Baba Ould Nenni,M,1968-02-27,+22223108851,,4,Dakhlet Nouadhibou,OCCASIONAL,,ACTIVE,2023-08-31,2024-01-02T00:52:07.659Z,2023-08-31T08:44:13.790Z,2024-01-02T00:52:07.659Z
7665,0515661970,Saadbouh,Ould Tourad,Saadbouh Ould Tourad,M,2005-12-04,+22236403878,,15,Tiris Zemmour,ACTIVE,,INACTIVE,2023-07-11,2024-05-06T11:50:51.025Z,2023-07-11T01:55:46.818Z,2024-05-06T11:50:51.025Z
7666,8502758331,Mohamed,Ould Bouha,Mohamed Ould Bouha,M,1985-05-22,+22223822026,,2,Nouakchott-Ouest,OCCASIONAL,,PENDING_KYC,2023-09-16,2024-02-01T07:08:23.051Z,2023-09-16T22:50:56.030Z,2024-02-01T07:08:23.051Z
7667,9801741741,Nouh,Ould Lemrabott,Nouh Ould Lemrabott,M,1998-09-23,+22243140935,nouh.ouldlemrabott564@gmail.com,1,Nouakchott-Nord,STANDARD,,ACTIVE,2023-02-03,2024-09-25T06:28:06.145Z,2023-02-03T16:26:13.312Z,2024-09-25T06:28:06.145Z
7668,8406342715,Makan,Sissoko,Makan Sissoko,M,1984-04-26,+22222798088,makan.sissoko500@outlook.com,6,Brakna,STANDARD,,ACTIVE,2022-10-27,2024-01-23T21:19:25.858Z,2022-10-27T19:04:44.660Z,2024-01-23T21:19:25.858Z
7669,8701321495,Mohamed Yahya,Thiam,Mohamed Yahya Thiam,M,1987-11-01,+22224503776,,1,Nouakchott-Nord,STANDARD,,ACTIVE,2024-05-22,2024-09-11T06:36:35.395Z,2024-05-22T12:50:05.688Z,2024-09-11T06:36:35.395Z
7670,9202691313,Abeih,Doucouré,Abeih Doucouré,M,1992-07-06,+22232540106,,2,Nouakchott-Ouest,ACTIVE,,ACTIVE,2022-05-21,2024-01-18T06:07:41.776Z,2022-05-21T09:05:39.452Z,2024-01-18T06:07:41.776Z
7671,0101682301,Khadijetou,Mint El Mamy,Khadijetou Mint El Mamy,F,2001-04-06,+22243212765,khadijetou.mintelmamy211@hotmail.fr,1,Nouakchott-Nord,DORMANT,,ACTIVE,2023-05-16,2024-04-04T18:20:56.980Z,2023-05-16T16:00:35.756Z,2024-04-04T18:20:56.980Z
7672,6403563591,Moustapha,Ould Mahmoud,Moustapha Ould Mahmoud,M,1964-03-22,+22225574387,,3,Nouakchott-Sud,STANDARD,,ACTIVE,2024-08-08,2024-11-30T11:37:42.769Z,2024-08-08T05:59:54.739Z,2024-11-30T11:37:42.769Z
7673,6613765879,Vadel,Ould Limam,Vadel Ould Limam,M,1966-07-13,+22241377370,,13,Tagant,ACTIVE,,INACTIVE,2023-11-20,2024-06-05T14:55:36.814Z,2023-11-20T19:43:46.945Z,2024-06-05T14:55:36.814Z
7674,0403317457,Pape,Fofana,Pape Fofana,M,2004-09-08,+22223429789,,3,Nouakchott-Sud,STANDARD,,ACTIVE,2022-08-23,2024-12-29T09:58:23.321Z,2022-08-23T16:54:16.487Z,2024-12-29T09:58:23.321Z
7675,7502953438,Lamine,Diallo,Lamine Diallo,M,1975-12-21,+22222847595,lamine.diallo96@hotmail.fr,2,Nouakchott-Ouest,OCCASIONAL,,ACTIVE,2023-12-30,2024-01-08T23:38:47.218Z,2023-12-30T07:25:21.639Z,2024-01-08T23:38:47.218Z
7676,0304963612,Lassana,Sall,Lassana Sall,M,2003-01-27,+22237024786,lassana.sall819@gmail.com,4,Dakhlet Nouadhibou,STANDARD,,ACTIVE,2023-05-14,2023-12-16T12:22:07.702Z,2023-05-14T04:25:02.740Z,2023-12-16T12:22:07.702Z
7677,6506650312,Demba,Kanouté,Demba Kanouté,M,1965-05-04,+22236040199,,6,Brakna,DORMANT,,ACTIVE,2024-07-27,2024-11-24T19:01:01.598Z,2024-07-27T01:40:50.068Z,2024-11-24T19:01:01.598Z
7678,6805207367,Houda,Ndour,Houda Ndour,F,1968-08-11,+22222297766,,5,Trarza,PREMIUM,,ACTIVE,2023-02-12,2023-10-07T08:36:45.807Z,2023-02-12T12:24:38.484Z,2023-10-07T08:36:45.807Z
7679,7309660663,Boubacar,Ould Khatri,Boubacar Ould Khatri,M,1973-06-15,+22235624642,,9,Assaba,OCCASIONAL,,ACTIVE,2023-06-25,2024-11-01T10:07:57.524Z,2023-06-25T22:27:24.290Z,2024-11-01T10:07:57.524Z
7680,8601433443,Halima,Mint Mohamed,Halima Mint Mohamed,F,1986-12-20,+22225271272,halima.mintmohamed752@hotmail.fr,1,Nouakchott-Nord,ACTIVE,,ACTIVE,2024-10-01,2024-10-08T18:53:43.371Z,2024-10-01T09:29:38.023Z,2024-10-08T18:53:43.371Z
7681,8202615048,Zeinab,Sène,Zeinab Sène,F,1982-01-06,+22223345554,zeinab.sène283@hotmail.fr,2,Nouakchott-Ouest,PREMIUM,,ACTIVE,2024-06-06,2024-11-02T14:57:30.220Z,2024-06-06T09:36:38.345Z,2024-11-02T14:57:30.220Z
7682,8605672767,Abdallah,Ndiaye,Abdallah Ndiaye,M,1986-02-15,+22232853941,abdallah.ndiaye141@yahoo.fr,5,Trarza,PREMIUM,,INACTIVE,2022-10-04,2023-07-11T10:47:24.075Z,2022-10-04T07:54:27.581Z,2023-07-11T10:47:24.075Z
7683,9012713384,Aïssata,Thiam,Aïssata Thiam,F,1990-10-01,+22234811827,,12,Adrar,STANDARD,,PENDING_KYC,2024-06-14,2024-10-10T20:54:42.804Z,2024-06-14T05:44:53.694Z,2024-10-10T20:54:42.804Z
7684,7401533733,Maloum,Ould Bouha,Maloum Ould Bouha,M,1974-05-28,+22225153926,,1,Nouakchott-Nord,OCCASIONAL,,ACTIVE,2023-09-22,2024-01-12T05:40:28.244Z,2023-09-22T08:15:45.935Z,2024-01-12T05:40:28.244Z
7685,9411922659,Habiba,Mint Khalil,Habiba Mint Khalil,F,1994-12-12,+22222892598,,11,Hodh El Gharbi,OCCASIONAL,,ACTIVE,2022-01-19,2024-02-15T10:53:43.817Z,2022-01-19T18:52:31.703Z,2024-02-15T10:53:43.817Z
7686,8202864842,Moustapha,Ould Habiboullah,Moustapha Ould Habiboullah,M,1982-07-23,+22233220347,,2,Nouakchott-Ouest,ACTIVE,,ACTIVE,2024-08-16,2024-08-30T06:46:39.207Z,2024-08-16T01:48:23.062Z,2024-08-30T06:46:39.207Z
7687,8703290054,Abdel Rahman,Ould El Hacen,Abdel Rahman Ould El Hacen,M,1987-01-13,+22225311879,abdelrahman.ouldelhacen154@hotmail.fr,3,Nouakchott-Sud,STANDARD,,PENDING_KYC,2022-12-09,2024-06-26T09:28:02.791Z,2022-12-09T17:36:39.081Z,2024-06-26T09:28:02.791Z
7688,7703019210,Naha,Mint Brahim,Naha Mint Brahim,F,1977-04-27,+22222253097,,3,Nouakchott-Sud,DORMANT,,ACTIVE,2024-09-15,2024-10-22T14:21:15.503Z,2024-09-15T17:02:41.387Z,2024-10-22T14:21:15.503Z
7689,7304332361,Mbarka,Diakité,Mbarka Diakité,F,1973-08-03,+22233284489,mbarka.diakité281@yahoo.fr,4,Dakhlet Nouadhibou,DORMANT,,ACTIVE,2023-11-22,2024-10-17T19:59:16.166Z,2023-11-22T22:36:43.878Z,2024-10-17T19:59:16.166Z
7690,8103022185,Bassirou,Sarr,Bassirou Sarr,M,1981-10-19,+22225597999,,3,Nouakchott-Sud,OCCASIONAL,,ACTIVE,2023-05-01,2024-05-28T03:20:10.945Z,2023-05-01T00:51:42.374Z,2024-05-28T03:20:10.945Z
7691,9703988521,Idrissa,Ba,Idrissa Ba,M,1997-05-07,+22223519569,idrissa.ba235@outlook.com,3,Nouakchott-Sud,ACTIVE,,ACTIVE,2024-05-02,2024-12-07T11:00:14.263Z,2024-05-02T12:23:53.338Z,2024-12-07T11:00:14.263Z
7692,9302828237,Bakary,Thiam,Bakary Thiam,M,1993-03-08,+22225330939,bakary.thiam21@gmail.com,2,Nouakchott-Ouest,STANDARD,,ACTIVE,2023-03-09,2023-10-19T03:17:27.184Z,2023-03-09T15:17:06.409Z,2023-10-19T03:17:27.184Z
7693,9502383426,Messoud,Ly,Messoud Ly,M,1995-11-05,+22243209339,,2,Nouakchott-Ouest,STANDARD,,ACTIVE,2022-02-08,2022-03-20T06:26:44.185Z,2022-02-08T23:52:25.043Z,2022-03-20T06:26:44.185Z
7694,9701137794,Kani,Diallo,Kani Diallo,F,1997-12-28,+22235437545,kani.diallo490@hotmail.fr,1,Nouakchott-Nord,OCCASIONAL,,PENDING_KYC,2023-11-05,2023-11-19T13:28:13.005Z,2023-11-05T09:47:03.754Z,2023-11-19T13:28:13.005Z
7695,7302613653,Bilal,Ould Mokhtar,Bilal Ould Mokhtar,M,1973-11-28,+22222762114,,2,Nouakchott-Ouest,DORMANT,,ACTIVE,2024-01-07,2024-07-02T07:02:01.885Z,2024-01-07T21:18:53.097Z,2024-07-02T07:02:01.885Z
7696,6406524186,Hamady,Gaye,Hamady Gaye,M,1964-10-28,+22242920108,,6,Brakna,OCCASIONAL,,PENDING_KYC,2024-03-05,2024-12-19T15:58:52.194Z,2024-03-05T03:31:12.122Z,2024-12-19T15:58:52.194Z
7697,6602556921,Maguette,Kanouté,Maguette Kanouté,F,1966-02-15,+22223487556,,2,Nouakchott-Ouest,STANDARD,,ACTIVE,2023-08-17,2023-12-07T13:37:14.893Z,2023-08-17T00:22:50.548Z,2023-12-07T13:37:14.893Z
7698,6614680731,Fodé,Tall,Fodé Tall,M,1966-10-22,+22222456556,fodé.tall424@hotmail.fr,14,Inchiri,OCCASIONAL,,ACTIVE,2023-04-24,2023-11-30T08:28:16.740Z,2023-04-24T06:57:04.898Z,2023-11-30T08:28:16.740Z
7699,6206793856,Taleb,Niang,Taleb Niang,M,1962-05-08,+22242754812,,6,Brakna,STANDARD,,BLOCKED,2023-10-04,2024-06-09T09:44:39.453Z,2023-10-04T23:30:36.555Z,2024-06-09T09:44:39.453Z
7700,6901187237,Amadou,Sarr,Amadou Sarr,M,1969-06-10,+22222619807,,1,Nouakchott-Nord,ACTIVE,,ACTIVE,2022-03-10,2024-04-28T10:17:53.239Z,2022-03-10T10:05:00.008Z,2024-04-28T10:17:53.239Z
7701,7901641648,Alioune,Faye,Alioune Faye,M,1979-07-12,+22225436200,,1,Nouakchott-Nord,STANDARD,,ACTIVE,2024-06-20,2024-10-26T12:25:22.092Z,2024-06-20T00:24:13.445Z,2024-10-26T12:25:22.092Z
7702,9304311674,Limam,Ould El Mokhtar,Limam Ould El Mokhtar,M,1993-02-24,+22235994922,,4,Dakhlet Nouadhibou,OCCASIONAL,,ACTIVE,2024-12-20,2024-12-21T19:34:27.016Z,2024-12-20T05:48:53.664Z,2024-12-21T19:34:27.016Z
7703,6802135184,Hawa,Mint Khatri,Hawa Mint Khatri,F,1968-12-07,+22246239589,hawa.mintkhatri682@outlook.com,2,Nouakchott-Ouest,OCCASIONAL,,ACTIVE,2022-01-22,2023-05-30T11:18:08.688Z,2022-01-22T23:04:07.649Z,2023-05-30T11:18:08.688Z
7704,0402447269,Mariama,Tall,Mariama Tall,F,2004-11-28,+22224749184,,2,Nouakchott-Ouest,ACTIVE,,ACTIVE,2024-02-17,2024-08-01T02:10:10.000Z,2024-02-17T19:15:23.373Z,2024-08-01T02:10:10.000Z
7705,6015073765,Aichetou,Ndour,Aichetou Ndour,F,1960-04-19,+22225853326,aichetou.ndour958@hotmail.fr,15,Tiris Zemmour,PREMIUM,,ACTIVE,2024-07-08,2024-10-03T06:35:25.901Z,2024-07-08T14:13:56.045Z,2024-10-03T06:35:25.901Z
7706,9907564785,Ghalia,Diallo,Ghalia Diallo,F,1999-12-18,+22225848185,,7,Gorgol,STANDARD,,ACTIVE,2024-06-07,2024-12-26T05:03:47.219Z,2024-06-07T23:44:21.920Z,2024-12-26T05:03:47.219Z
7707,7215802993,Habiboullah,Sy,Habiboullah Sy,M,1972-02-02,+22232705958,,15,Tiris Zemmour,DORMANT,,ACTIVE,2023-06-07,2023-10-01T19:43:06.328Z,2023-06-07T05:10:47.264Z,2023-10-01T19:43:06.328Z
7708,6008752693,Amady,Gaye,Amady Gaye,M,1960-08-06,+22235869933,,8,Guidimaka,ACTIVE,,ACTIVE,2024-03-20,2024-03-23T05:56:27.270Z,2024-03-20T16:29:30.009Z,2024-03-23T05:56:27.270Z
7709,8905751454,Mohamed,Diagana,Mohamed Diagana,M,1989-01-15,+22236211760,,5,Trarza,STANDARD,,ACTIVE,2023-07-26,2023-10-13T20:54:47.026Z,2023-07-26T15:07:36.731Z,2023-10-13T20:54:47.026Z
7710,8613374103,Minetou,Mint Khalil,Minetou Mint Khalil,F,1986-10-15,+22223276423,,13,Tagant,DORMANT,,ACTIVE,2023-06-03,2024-02-04T02:45:20.149Z,2023-06-03T06:30:18.677Z,2024-02-04T02:45:20.149Z
7711,0003980280,Mariam,Sakho,Mariam Sakho,F,2000-09-10,+22222753070,mariam.sakho142@outlook.com,3,Nouakchott-Sud,OCCASIONAL,,BLOCKED,2023-09-02,2024-03-01T08:58:03.718Z,2023-09-02T01:48:50.105Z,2024-03-01T08:58:03.718Z
7712,6502543050,Oumou,Cissé,Oumou Cissé,F,1965-01-12,+22247706577,oumou.cissé618@outlook.com,2,Nouakchott-Ouest,OCCASIONAL,,ACTIVE,2022-06-12,2022-07-18T16:46:25.156Z,2022-06-12T06:28:28.177Z,2022-07-18T16:46:25.156Z
7713,9115229942,Sidi Mohamed,Ould Abdallah,Sidi Mohamed Ould Abdallah,M,1991-12-21,+22225996694,,15,Tiris Zemmour,STANDARD,,ACTIVE,2023-01-28,2024-06-06T00:45:59.169Z,2023-01-28T10:58:26.755Z,2024-06-06T00:45:59.169Z
7714,0506732643,Zeinab,Mint Vadel,Zeinab Mint Vadel,F,2005-02-09,+22222210910,,6,Brakna,OCCASIONAL,,ACTIVE,2022-02-03,2024-02-23T23:43:23.432Z,2022-02-03T02:54:44.573Z,2024-02-23T23:43:23.432Z
7715,8503323644,Maloum,Ould Nagi,Maloum Ould Nagi,M,1985-08-12,+22248610258,,3,Nouakchott-Sud,STANDARD,,SUSPENDED,2024-12-03,2024-12-05T08:48:14.879Z,2024-12-03T16:10:09.049Z,2024-12-05T08:48:14.879Z
7716,6505359362,Mariama,Doucouré,Mariama Doucouré,F,1965-01-04,+22222237592,mariama.doucouré439@yahoo.fr,5,Trarza,VIP,,ACTIVE,2023-01-12,2024-11-21T23:40:03.905Z,2023-01-12T05:08:18.574Z,2024-11-21T23:40:03.905Z
7717,9602612860,Jemila,Sy,Jemila Sy,F,1996-06-09,+22222396824,jemila.sy903@gmail.com,2,Nouakchott-Ouest,ACTIVE,,ACTIVE,2022-01-17,2024-06-18T23:30:08.113Z,2022-01-17T21:25:05.711Z,2024-06-18T23:30:08.113Z
7718,8102181809,Mohamed Mahmoud,Dieng,Mohamed Mahmoud Dieng,M,1981-07-02,+22225977546,mohamedmahmoud.dieng349@gmail.com,2,Nouakchott-Ouest,OCCASIONAL,,ACTIVE,2023-01-07,2024-11-24T23:51:55.871Z,2023-01-07T23:12:32.605Z,2024-11-24T23:51:55.871Z
7719,6902741278,Aziza,Mint Eleya,Aziza Mint Eleya,F,1969-09-12,+22225088617,,2,Nouakchott-Ouest,STANDARD,,INACTIVE,2022-07-21,2022-09-30T06:49:43.729Z,2022-07-21T10:49:52.258Z,2022-09-30T06:49:43.729Z
7720,0003124561,Seynabou,Thiam,Seynabou Thiam,F,2000-03-01,+22223746512,,3,Nouakchott-Sud,ACTIVE,,ACTIVE,2022-06-07,2023-07-22T19:59:20.918Z,2022-06-07T18:08:52.221Z,2023-07-22T19:59:20.918Z
7721,0002120522,Binta,Ndiaye,Binta Ndiaye,F,2000-07-23,+22223790954,binta.ndiaye67@outlook.com,2,Nouakchott-Ouest,ACTIVE,,ACTIVE,2022-12-06,2024-04-16T18:41:41.635Z,2022-12-06T14:51:31.085Z,2024-04-16T18:41:41.635Z
7722,9501024034,Wedadi,Dieng,Wedadi Dieng,M,1995-10-23,+22236901560,,1,Nouakchott-Nord,ACTIVE,,ACTIVE,2022-10-22,2023-06-01T14:26:34.124Z,2022-10-22T01:48:29.854Z,2023-06-01T14:26:34.124Z
7723,8201714654,Dah,Ould Khatri,Dah Ould Khatri,M,1982-05-06,+22222534081,,1,Nouakchott-Nord,STANDARD,,ACTIVE,2023-10-22,2024-12-05T09:28:25.247Z,2023-10-22T02:10:44.450Z,2024-12-05T09:28:25.247Z
7724,8215288936,Codou,Fall,Codou Fall,F,1982-10-15,+22225528429,codou.fall886@outlook.com,15,Tiris Zemmour,OCCASIONAL,,ACTIVE,2022-12-02,2023-10-02T21:08:03.885Z,2022-12-02T03:24:44.290Z,2023-10-02T21:08:03.885Z
7725,9403374167,Kesso,Sène,Kesso Sène,F,1994-07-22,+22223977470,,3,Nouakchott-Sud,ACTIVE,,ACTIVE,2022-01-23,2024-03-02T01:28:51.865Z,2022-01-23T05:01:49.974Z,2024-03-02T01:28:51.865Z
7726,9901024779,Khadija,Mint Sidi,Khadija Mint Sidi,F,1999-01-06,+22224130042,,1,Nouakchott-Nord,STANDARD,,ACTIVE,2022-01-30,2024-03-21T17:14:45.231Z,2022-01-30T05:08:43.522Z,2024-03-21T17:14:45.231Z
7727,8105010094,Lemrabott,Ould Abdel Aziz,Lemrabott Ould Abdel Aziz,M,1981-12-01,+22222694912,lemrabott.ouldabdelaziz288@yahoo.fr,5,Trarza,STANDARD,,ACTIVE,2024-04-17,2024-06-05T14:57:27.843Z,2024-04-17T02:54:48.035Z,2024-06-05T14:57:27.843Z
7728,0402867243,Meymouna,Niang,Meymouna Niang,F,2004-08-11,+22245208220,,2,Nouakchott-Ouest,ACTIVE,,ACTIVE,2024-05-22,2024-10-22T22:31:04.178Z,2024-05-22T12:21:14.492Z,2024-10-22T22:31:04.178Z
7729,0203987458,Hawa,Bah,Hawa Bah,F,2002-11-20,+22237211608,,3,Nouakchott-Sud,DORMANT,,ACTIVE,2024-03-14,2024-06-17T22:44:57.960Z,2024-03-14T03:15:42.092Z,2024-06-17T22:44:57.960Z
7730,8702917262,Kadiatou,Ndour,Kadiatou Ndour,F,1987-09-13,+22222338273,kadiatou.ndour531@gmail.com,2,Nouakchott-Ouest,STANDARD,,ACTIVE,2024-06-01,2024-10-10T10:17:56.818Z,2024-06-01T17:26:12.818Z,2024-10-10T10:17:56.818Z
7731,8602072375,Fanta,Soumaré,Fanta Soumaré,F,1986-05-01,+22235512352,,2,Nouakchott-Ouest,STANDARD,,INACTIVE,2022-09-19,2023-09-10T06:01:45.631Z,2022-09-19T15:21:20.693Z,2023-09-10T06:01:45.631Z
7732,6508769708,Kadiatou,Fall,Kadiatou Fall,F,1965-05-06,+22248870070,kadiatou.fall337@outlook.com,8,Guidimaka,OCCASIONAL,,ACTIVE,2024-04-23,2024-06-30T17:49:09.954Z,2024-04-23T23:51:45.319Z,2024-06-30T17:49:09.954Z
7733,7701183917,Penda,Bathily,Penda Bathily,F,1977-02-25,+22225455473,,1,Nouakchott-Nord,STANDARD,,ACTIVE,2023-10-14,2024-03-01T03:58:02.039Z,2023-10-14T23:01:36.424Z,2024-03-01T03:58:02.039Z
7734,7601851941,Kelthoum,Mint Ahmed,Kelthoum Mint Ahmed,F,1976-12-06,+22222383016,,1,Nouakchott-Nord,STANDARD,,ACTIVE,2023-04-09,2023-09-12T23:58:20.862Z,2023-04-09T13:59:51.586Z,2023-09-12T23:58:20.862Z
7735,8501949006,Vall,Ould Abdel Kader,Vall Ould Abdel Kader,M,1985-02-24,+22236448254,,1,Nouakchott-Nord,STANDARD,,ACTIVE,2024-03-25,2024-10-04T16:23:06.441Z,2024-03-25T11:58:36.543Z,2024-10-04T16:23:06.441Z
7736,8410987962,Seynabou,Thiam,Seynabou Thiam,F,1984-01-02,+22243690939,seynabou.thiam212@outlook.com,10,Hodh Ech Chargui,STANDARD,,ACTIVE,2023-08-25,2023-09-15T03:44:59.724Z,2023-08-25T19:14:48.893Z,2023-09-15T03:44:59.724Z
7737,7007382197,Ibrahima,Mbaye,Ibrahima Mbaye,M,1970-04-26,+22243675021,,7,Gorgol,OCCASIONAL,,ACTIVE,2022-07-19,2024-03-26T22:21:57.938Z,2022-07-19T10:08:18.753Z,2024-03-26T22:21:57.938Z
7738,8602935205,Aminata,Baldé,Aminata Baldé,F,1986-02-11,+22222160081,,2,Nouakchott-Ouest,OCCASIONAL,,ACTIVE,2022-10-08,2023-09-09T00:47:27.165Z,2022-10-08T15:01:05.414Z,2023-09-09T00:47:27.165Z
7739,9004149153,Namory,Wade,Namory Wade,M,1990-10-11,+22233283960,namory.wade443@gmail.com,4,Dakhlet Nouadhibou,STANDARD,,ACTIVE,2022-07-03,2024-12-11T17:25:00.613Z,2022-07-03T01:57:11.958Z,2024-12-11T17:25:00.613Z
7740,9403900320,Souleymane,Fall,Souleymane Fall,M,1994-10-03,+22234104442,,3,Nouakchott-Sud,STANDARD,,ACTIVE,2023-03-19,2024-06-26T00:55:59.339Z,2023-03-19T11:10:31.464Z,2024-06-26T00:55:59.339Z
7741,9201747516,Jiddou,Ould Salem,Jiddou Ould Salem,M,1992-01-26,+22237326698,jiddou.ouldsalem962@gmail.com,1,Nouakchott-Nord,OCCASIONAL,,ACTIVE,2024-02-16,2024-05-22T10:05:27.373Z,2024-02-16T10:25:25.516Z,2024-05-22T10:05:27.373Z
7742,8204412944,Bakary,Kouyaté,Bakary Kouyaté,M,1982-06-03,+22225297811,,4,Dakhlet Nouadhibou,STANDARD,,ACTIVE,2022-09-19,2024-10-05T00:08:46.866Z,2022-09-19T02:00:01.929Z,2024-10-05T00:08:46.866Z
7743,9602027703,Maguette,Diallo,Maguette Diallo,M,1996-10-06,+22223464480,maguette.diallo456@gmail.com,2,Nouakchott-Ouest,OCCASIONAL,,SUSPENDED,2024-05-25,2024-10-01T14:58:12.694Z,2024-05-25T11:29:35.958Z,2024-10-01T14:58:12.694Z
7744,8108227985,Halima,Mint Soufi,Halima Mint Soufi,F,1981-11-22,+22224587405,,8,Guidimaka,OCCASIONAL,,ACTIVE,2023-11-02,2024-04-15T09:55:06.920Z,2023-11-02T05:07:38.333Z,2024-04-15T09:55:06.920Z
7745,0202967837,Naima,Tall,Naima Tall,F,2002-01-10,+22237700770,naima.tall303@outlook.com,2,Nouakchott-Ouest,STANDARD,,ACTIVE,2024-12-22,2024-12-23T00:11:10.600Z,2024-12-22T23:15:02.946Z,2024-12-23T00:11:10.600Z
7746,6103602615,Habiba,Doucouré,Habiba Doucouré,F,1961-09-28,+22243729735,,3,Nouakchott-Sud,PREMIUM,,ACTIVE,2022-02-02,2024-05-23T17:52:12.226Z,2022-02-02T15:37:51.946Z,2024-05-23T17:52:12.226Z
7747,8603569782,Sidi Mohamed,Cissé,Sidi Mohamed Cissé,M,1986-11-08,+22232184452,sidimohamed.cissé627@hotmail.fr,3,Nouakchott-Sud,ACTIVE,,ACTIVE,2024-11-01,2024-11-09T19:32:33.781Z,2024-11-01T00:09:23.987Z,2024-11-09T19:32:33.781Z
7748,8703028424,Cheikh Sidiya,Fofana,Cheikh Sidiya Fofana,M,1987-06-07,+22222732771,,3,Nouakchott-Sud,STANDARD,,ACTIVE,2024-03-10,2024-07-26T13:04:11.214Z,2024-03-10T01:11:44.905Z,2024-07-26T13:04:11.214Z
7749,7002749289,Salka,Mint Bouha,Salka Mint Bouha,F,1970-01-19,+22225498170,salka.mintbouha189@gmail.com,2,Nouakchott-Ouest,OCCASIONAL,,ACTIVE,2022-11-04,2023-11-07T04:47:48.393Z,2022-11-04T06:14:11.185Z,2023-11-07T04:47:48.393Z
7750,7502792574,Oumou,Mint Mokhtar,Oumou Mint Mokhtar,F,1975-12-22,+22223932681,,2,Nouakchott-Ouest,STANDARD,,ACTIVE,2023-07-10,2023-11-26T07:57:45.915Z,2023-07-10T16:59:58.092Z,2023-11-26T07:57:45.915Z
7751,6708989535,Abdel Kader,Cissé,Abdel Kader Cissé,M,1967-06-12,+22241311628,abdelkader.cissé544@gmail.com,8,Guidimaka,STANDARD,,INACTIVE,2022-05-01,2023-05-01T19:42:31.443Z,2022-05-01T10:12:18.509Z,2023-05-01T19:42:31.443Z
7752,9009397052,Kéba,Anne,Kéba Anne,M,1990-07-08,+22248238611,kéba.anne565@hotmail.fr,9,Assaba,PREMIUM,,ACTIVE,2023-08-21,2023-11-21T05:00:35.162Z,2023-08-21T02:13:49.543Z,2023-11-21T05:00:35.162Z
7753,7906692964,Habiba,Sow,Habiba Sow,F,1979-08-05,+22224525846,habiba.sow571@outlook.com,6,Brakna,STANDARD,,BLOCKED,2022-05-29,2024-03-22T15:00:28.701Z,2022-05-29T09:17:22.828Z,2024-03-22T15:00:28.701Z
7754,6501522955,Oumar,Faye,Oumar Faye,M,1965-04-15,+22234848772,oumar.faye617@gmail.com,1,Nouakchott-Nord,OCCASIONAL,,ACTIVE,2024-02-05,2024-04-15T00:13:08.963Z,2024-02-05T12:42:08.922Z,2024-04-15T00:13:08.963Z
7755,8711609765,Ghalia,Mint Hamoud,Ghalia Mint Hamoud,F,1987-03-13,+22248466170,,11,Hodh El Gharbi,ACTIVE,,ACTIVE,2024-08-30,2024-09-25T17:48:58.240Z,2024-08-30T13:49:55.840Z,2024-09-25T17:48:58.240Z
7756,6901931807,Habiba,Mint Lemrabott,Habiba Mint Lemrabott,F,1969-11-18,+22235023496,,1,Nouakchott-Nord,STANDARD,,ACTIVE,2024-02-21,2024-03-31T16:38:24.375Z,2024-02-21T18:30:58.155Z,2024-03-31T16:38:24.375Z
7757,0302677690,Cellou,Baldé,Cellou Baldé,M,2003-05-17,+22249738868,cellou.baldé25@hotmail.fr,2,Nouakchott-Ouest,DORMANT,,ACTIVE,2024-03-05,2024-08-30T17:22:39.908Z,2024-03-05T03:48:52.269Z,2024-08-30T17:22:39.908Z
7758,0401295551,Nouhoum,Barry,Nouhoum Barry,M,2004-10-04,+22225727811,,1,Nouakchott-Nord,ACTIVE,,ACTIVE,2024-11-16,2024-12-08T01:15:22.689Z,2024-11-16T10:22:50.934Z,2024-12-08T01:15:22.689Z
7759,6805581227,Malouma,Mint Vadel,Malouma Mint Vadel,F,1968-04-16,+22234027656,malouma.mintvadel377@outlook.com,5,Trarza,OCCASIONAL,,ACTIVE,2024-04-04,2024-05-11T00:31:49.476Z,2024-04-04T10:42:36.874Z,2024-05-11T00:31:49.476Z
7760,9302814737,Salem,Anne,Salem Anne,M,1993-09-26,+22222839826,salem.anne22@outlook.com,2,Nouakchott-Ouest,ACTIVE,,ACTIVE,2024-03-21,2024-05-11T17:24:08.224Z,2024-03-21T18:05:46.349Z,2024-05-11T17:24:08.224Z
7761,9604057843,Maimouna,Dramé,Maimouna Dramé,F,1996-04-25,+22225685847,maimouna.dramé678@outlook.com,4,Dakhlet Nouadhibou,OCCASIONAL,,ACTIVE,2022-05-11,2023-04-30T08:24:39.579Z,2022-05-11T12:35:51.722Z,2023-04-30T08:24:39.579Z
7762,9201749473,Mohamed Vall,Ba,Mohamed Vall Ba,M,1992-03-20,+22249638758,mohamedvall.ba150@gmail.com,1,Nouakchott-Nord,STANDARD,,ACTIVE,2022-07-11,2024-07-16T21:09:06.996Z,2022-07-11T05:45:02.390Z,2024-07-16T21:09:06.996Z
7763,9102035257,Aïssata,Thiam,Aïssata Thiam,F,1991-11-05,+22224607254,,2,Nouakchott-Ouest,DORMANT,,ACTIVE,2022-06-23,2024-04-30T12:34:06.914Z,2022-06-23T02:37:14.681Z,2024-04-30T12:34:06.914Z
7764,6802387497,Meymouna,Mint Lemrabott,Meymouna Mint Lemrabott,F,1968-10-19,+22236638101,,2,Nouakchott-Ouest,DORMANT,,ACTIVE,2023-11-29,2024-10-27T05:16:53.003Z,2023-11-29T21:18:23.093Z,2024-10-27T05:16:53.003Z
7765,8204793160,Messoud,Ould Isselmou,Messoud Ould Isselmou,M,1982-11-05,+22236633068,messoud.ouldisselmou683@hotmail.fr,4,Dakhlet Nouadhibou,STANDARD,,ACTIVE,2022-12-18,2024-10-27T11:42:04.921Z,2022-12-18T01:57:05.654Z,2024-10-27T11:42:04.921Z
7766,0301351160,Tourad,Ould Taleb,Tourad Ould Taleb,M,2003-06-06,+22233480116,,1,Nouakchott-Nord,OCCASIONAL,,ACTIVE,2024-11-28,2024-12-28T06:54:13.040Z,2024-11-28T11:06:59.037Z,2024-12-28T06:54:13.040Z
7767,9911540740,Tidiane,Koné,Tidiane Koné,M,1999-05-02,+22224882466,tidiane.koné542@yahoo.fr,11,Hodh El Gharbi,OCCASIONAL,,ACTIVE,2022-10-13,2023-06-17T05:45:43.259Z,2022-10-13T03:48:30.536Z,2023-06-17T05:45:43.259Z
7768,8003684425,Mahfoudh,Barry,Mahfoudh Barry,M,1980-03-02,+22236763179,mahfoudh.barry247@outlook.com,3,Nouakchott-Sud,STANDARD,,ACTIVE,2024-02-20,2024-08-28T16:42:27.155Z,2024-02-20T14:58:54.473Z,2024-08-28T16:42:27.155Z
7769,8504643741,Malouma,Cissé,Malouma Cissé,F,1985-11-02,+22233314368,malouma.cissé414@outlook.com,4,Dakhlet Nouadhibou,OCCASIONAL,,ACTIVE,2024-10-28,2024-11-29T17:11:46.826Z,2024-10-28T06:27:02.550Z,2024-11-29T17:11:46.826Z
7770,9402557338,Salem,Anne,Salem Anne,M,1994-05-14,+22224542075,,2,Nouakchott-Ouest,ACTIVE,,ACTIVE,2022-06-29,2024-09-09T13:33:57.713Z,2022-06-29T22:39:07.466Z,2024-09-09T13:33:57.713Z
7771,6307809564,Néné,Ba,Néné Ba,F,1963-11-24,+22232040089,,7,Gorgol,OCCASIONAL,,ACTIVE,2022-07-24,2022-12-17T23:53:12.452Z,2022-07-24T06:20:02.609Z,2022-12-17T23:53:12.452Z
7772,7302565424,Lamine,Sarr,Lamine Sarr,M,1973-12-23,+22223397054,,2,Nouakchott-Ouest,STANDARD,,ACTIVE,2024-02-05,2024-12-08T21:11:57.079Z,2024-02-05T13:53:34.620Z,2024-12-08T21:11:57.079Z
7773,7302400387,Habiba,Mint Salem,Habiba Mint Salem,F,1973-01-21,+22235994955,,2,Nouakchott-Ouest,STANDARD,,ACTIVE,2022-11-17,2023-11-16T02:25:51.125Z,2022-11-17T04:50:00.703Z,2023-11-16T02:25:51.125Z
7774,9204623882,Aïssata,Wade,Aïssata Wade,F,1992-10-14,+22233089712,,4,Dakhlet Nouadhibou,STANDARD,,PENDING_KYC,2024-07-09,2024-07-26T05:45:27.544Z,2024-07-09T04:59:27.421Z,2024-07-26T05:45:27.544Z
7775,6304752872,Saad,Ndiaye,Saad Ndiaye,M,1963-01-22,+22223893985,saad.ndiaye367@yahoo.fr,4,Dakhlet Nouadhibou,ACTIVE,,ACTIVE,2023-04-02,2023-05-24T12:56:18.052Z,2023-04-02T07:47:27.362Z,2023-05-24T12:56:18.052Z
7776,7401882055,Khadijetou,Mint Isselmou,Khadijetou Mint Isselmou,F,1974-09-07,+22232390653,,1,Nouakchott-Nord,STANDARD,,ACTIVE,2022-12-25,2024-02-14T22:30:10.147Z,2022-12-25T16:59:45.546Z,2024-02-14T22:30:10.147Z
7777,9302382186,Mohamed Vall,Barry,Mohamed Vall Barry,M,1993-08-28,+22247908942,,2,Nouakchott-Ouest,STANDARD,,ACTIVE,2024-12-12,2024-12-22T02:21:36.780Z,2024-12-12T17:28:26.817Z,2024-12-22T02:21:36.780Z
7778,8601854686,Ethmane,Ould Eleya,Ethmane Ould Eleya,M,1986-06-06,+22222425415,ethmane.ouldeleya385@outlook.com,1,Nouakchott-Nord,ACTIVE,,ACTIVE,2023-08-23,2023-12-14T11:47:55.252Z,2023-08-23T20:12:16.156Z,2023-12-14T11:47:55.252Z
7779,9701858413,Naha,Ba,Naha Ba,F,1997-12-25,+22245573690,,1,Nouakchott-Nord,STANDARD,,ACTIVE,2024-02-22,2024-10-09T11:02:54.297Z,2024-02-22T03:27:26.003Z,2024-10-09T11:02:54.297Z
7780,8702705379,Maty,Wade,Maty Wade,F,1987-10-17,+22223964290,,2,Nouakchott-Ouest,STANDARD,,INACTIVE,2023-03-12,2023-12-26T01:36:54.794Z,2023-03-12T20:24:51.703Z,2023-12-26T01:36:54.794Z
7781,0404522557,Sidina,Barry,Sidina Barry,M,2004-01-05,+22248713997,sidina.barry489@gmail.com,4,Dakhlet Nouadhibou,ACTIVE,,ACTIVE,2022-12-04,2023-02-08T02:56:05.565Z,2022-12-04T17:08:06.450Z,2023-02-08T02:56:05.565Z
7782,7707773918,Ténin,Sène,Ténin Sène,F,1977-05-21,+22232034495,,7,Gorgol,DORMANT,,ACTIVE,2024-06-04,2024-08-14T00:37:16.774Z,2024-06-04T11:07:41.578Z,2024-08-14T00:37:16.774Z
7783,7406194955,Kesso,Sène,Kesso Sène,F,1974-11-04,+22241607417,kesso.sène39@hotmail.fr,6,Brakna,STANDARD,,ACTIVE,2023-08-07,2024-01-09T00:19:36.803Z,2023-08-07T20:39:11.949Z,2024-01-09T00:19:36.803Z
7784,9715963628,Jemila,Mint Abdel Aziz,Jemila Mint Abdel Aziz,F,1997-10-27,+22247487935,,15,Tiris Zemmour,STANDARD,,ACTIVE,2024-10-18,2024-11-09T03:34:14.530Z,2024-10-18T20:13:35.882Z,2024-11-09T03:34:14.530Z
7785,9208625271,Mamadou,Barry,Mamadou Barry,M,1992-09-17,+22245211859,,8,Guidimaka,VIP,,ACTIVE,2024-09-18,2024-10-12T08:04:58.229Z,2024-09-18T21:30:30.074Z,2024-10-12T08:04:58.229Z
7786,0202494562,Lehbib,Kane,Lehbib Kane,M,2002-02-03,+22244597144,,2,Nouakchott-Ouest,STANDARD,,SUSPENDED,2022-10-24,2024-08-16T21:41:37.046Z,2022-10-24T16:19:02.830Z,2024-08-16T21:41:37.046Z
7787,0103387585,Modou,Thiam,Modou Thiam,M,2001-04-13,+22225013165,,3,Nouakchott-Sud,STANDARD,,ACTIVE,2024-07-21,2024-11-03T13:52:34.333Z,2024-07-21T11:35:31.045Z,2024-11-03T13:52:34.333Z
7788,7202162954,Mohamed Mahmoud,Ould Horma,Mohamed Mahmoud Ould Horma,M,1972-01-01,+22222373446,,2,Nouakchott-Ouest,STANDARD,,ACTIVE,2023-10-26,2024-03-21T02:48:10.367Z,2023-10-26T00:35:56.687Z,2024-03-21T02:48:10.367Z
7789,6203985654,Defa,Mint Khalil,Defa Mint Khalil,F,1962-01-02,+22233184942,,3,Nouakchott-Sud,STANDARD,,SUSPENDED,2022-04-12,2022-09-13T19:53:45.234Z,2022-04-12T22:53:43.543Z,2022-09-13T19:53:45.234Z
7790,8807942301,Ghalia,Mint Ahmedou,Ghalia Mint Ahmedou,F,1988-02-07,+22247191052,,7,Gorgol,STANDARD,,PENDING_KYC,2022-08-19,2024-04-22T10:36:08.340Z,2022-08-19T20:32:02.981Z,2024-04-22T10:36:08.340Z
7791,7102326652,Rokhaya,Sall,Rokhaya Sall,F,1971-10-13,+22242126048,,2,Nouakchott-Ouest,DORMANT,,ACTIVE,2023-08-04,2023-10-15T18:41:38.956Z,2023-08-04T09:37:49.630Z,2023-10-15T18:41:38.956Z
7792,6607411645,Moustapha,Ould Hamadi,Moustapha Ould Hamadi,M,1966-12-05,+22248455195,moustapha.ouldhamadi242@gmail.com,7,Gorgol,ACTIVE,,SUSPENDED,2023-11-25,2024-12-10T01:40:06.891Z,2023-11-25T20:54:56.897Z,2024-12-10T01:40:06.891Z
7793,9202246353,Samba,Thiam,Samba Thiam,M,1992-02-08,+22223108221,samba.thiam413@yahoo.fr,2,Nouakchott-Ouest,STANDARD,,ACTIVE,2024-12-14,2024-12-24T20:11:05.313Z,2024-12-14T00:18:20.755Z,2024-12-24T20:11:05.313Z
7794,0103311199,Abdellahi,Ndour,Abdellahi Ndour,M,2001-01-28,+22224740654,,3,Nouakchott-Sud,STANDARD,,ACTIVE,2022-10-26,2024-02-25T18:36:49.499Z,2022-10-26T11:06:44.860Z,2024-02-25T18:36:49.499Z
7795,6715476826,Tourad,Ould Saad,Tourad Ould Saad,M,1967-01-26,+22224823065,tourad.ouldsaad584@yahoo.fr,15,Tiris Zemmour,DORMANT,,ACTIVE,2022-01-26,2023-09-19T20:23:53.342Z,2022-01-26T08:37:31.793Z,2023-09-19T20:23:53.342Z
7796,0012401255,N'Dèye,Tall,N'Dèye Tall,F,2000-01-11,+22232124215,,12,Adrar,DORMANT,,ACTIVE,2023-03-03,2023-04-26T22:03:32.066Z,2023-03-03T06:36:17.189Z,2023-04-26T22:03:32.066Z
7797,0003247107,Sira,Guèye,Sira Guèye,F,2000-10-23,+22224487918,sira.guèye728@outlook.com,3,Nouakchott-Sud,OCCASIONAL,,PENDING_KYC,2022-08-02,2024-07-09T04:13:10.250Z,2022-08-02T00:50:49.342Z,2024-07-09T04:13:10.250Z
7798,6802866736,Kelthoum,Mint Bouha,Kelthoum Mint Bouha,F,1968-03-01,+22233144867,kelthoum.mintbouha590@gmail.com,2,Nouakchott-Ouest,OCCASIONAL,,ACTIVE,2022-03-25,2024-09-05T03:57:05.146Z,2022-03-25T20:34:48.154Z,2024-09-05T03:57:05.146Z
7799,0504998858,Mahfoudh,Ould Abdallah,Mahfoudh Ould Abdallah,M,2005-10-08,+22248925801,mahfoudh.ouldabdallah988@hotmail.fr,4,Dakhlet Nouadhibou,ACTIVE,,INACTIVE,2022-07-03,2024-09-02T21:11:52.057Z,2022-07-03T11:15:13.973Z,2024-09-02T21:11:52.057Z
7800,7201454070,Hawa,Niang,Hawa Niang,F,1972-06-27,+22222213731,,1,Nouakchott-Nord,ACTIVE,,ACTIVE,2024-01-27,2024-06-22T18:13:46.253Z,2024-01-27T00:09:13.864Z,2024-06-22T18:13:46.253Z
7801,6402556840,Saleck,Ould Abdel Aziz,Saleck Ould Abdel Aziz,M,1964-05-11,+22236296873,,2,Nouakchott-Ouest,ACTIVE,,ACTIVE,2022-01-05,2024-05-12T18:21:47.081Z,2022-01-05T16:53:05.667Z,2024-05-12T18:21:47.081Z
7802,7701525546,Hamidou,Sow,Hamidou Sow,M,1977-01-22,+22222730819,,1,Nouakchott-Nord,STANDARD,,ACTIVE,2023-01-30,2023-10-02T13:46:09.253Z,2023-01-30T09:52:43.254Z,2023-10-02T13:46:09.253Z
7803,9901259780,Isselmou,Ould Wedadi,Isselmou Ould Wedadi,M,1999-06-14,+22234065889,isselmou.ouldwedadi313@gmail.com,1,Nouakchott-Nord,OCCASIONAL,,ACTIVE,2024-07-22,2024-11-08T17:42:19.346Z,2024-07-22T01:48:20.023Z,2024-11-08T17:42:19.346Z
7804,6002278915,Houda,Mint Lemrabott,Houda Mint Lemrabott,F,1960-02-24,+22236101977,houda.mintlemrabott960@yahoo.fr,2,Nouakchott-Ouest,STANDARD,,ACTIVE,2022-06-23,2024-02-22T11:13:49.895Z,2022-06-23T11:04:23.136Z,2024-02-22T11:13:49.895Z
7805,6112985912,Maguette,Dia,Maguette Dia,F,1961-08-22,+22223830144,maguette.dia970@hotmail.fr,12,Adrar,OCCASIONAL,,ACTIVE,2024-11-11,2024-11-23T23:30:21.137Z,2024-11-11T05:12:12.615Z,2024-11-23T23:30:21.137Z
7806,6903645160,Mohamed Vall,Ould Soufi,Mohamed Vall Ould Soufi,M,1969-12-23,+22237428302,mohamedvall.ouldsoufi515@yahoo.fr,3,Nouakchott-Sud,ACTIVE,,ACTIVE,2022-08-25,2023-10-30T10:24:26.710Z,2022-08-25T09:30:46.719Z,2023-10-30T10:24:26.710Z
7807,8005615757,Ibou,Diakité,Ibou Diakité,M,1980-02-12,+22225610653,ibou.diakité176@hotmail.fr,5,Trarza,OCCASIONAL,,ACTIVE,2022-09-21,2023-05-09T00:27:49.727Z,2022-09-21T20:01:40.271Z,2023-05-09T00:27:49.727Z
7808,8402445030,Dialika,Sène,Dialika Sène,F,1984-07-15,+22224930134,,2,Nouakchott-Ouest,PREMIUM,,ACTIVE,2022-05-09,2024-02-18T05:02:15.498Z,2022-05-09T16:02:33.837Z,2024-02-18T05:02:15.498Z
7809,7703527449,Vatma,Mint Messoud,Vatma Mint Messoud,F,1977-08-02,+22224045035,vatma.mintmessoud600@gmail.com,3,Nouakchott-Sud,DORMANT,,ACTIVE,2022-03-05,2024-06-14T12:11:17.447Z,2022-03-05T03:59:36.927Z,2024-06-14T12:11:17.447Z
7810,9302996378,Naha,Mint Jiddou,Naha Mint Jiddou,F,1993-12-16,+22222894279,naha.mintjiddou228@yahoo.fr,2,Nouakchott-Ouest,STANDARD,,ACTIVE,2023-06-16,2023-07-03T00:13:35.693Z,2023-06-16T23:17:43.598Z,2023-07-03T00:13:35.693Z
7811,9012583637,Awa,Koné,Awa Koné,F,1990-04-10,+22225962294,awa.koné593@hotmail.fr,12,Adrar,ACTIVE,,ACTIVE,2023-12-15,2024-02-26T22:51:48.159Z,2023-12-15T00:36:02.766Z,2024-02-26T22:51:48.159Z
7812,9905380330,Salem,Diop,Salem Diop,M,1999-03-02,+22235015912,salem.diop646@gmail.com,5,Trarza,STANDARD,,ACTIVE,2023-07-25,2024-05-31T05:24:06.747Z,2023-07-25T06:24:27.707Z,2024-05-31T05:24:06.747Z
7813,9702902874,Aichetou,Mint El Ghassem,Aichetou Mint El Ghassem,F,1997-08-21,+22248071606,aichetou.mintelghassem335@outlook.com,2,Nouakchott-Ouest,STANDARD,,ACTIVE,2023-09-28,2024-09-19T12:54:28.564Z,2023-09-28T12:35:43.193Z,2024-09-19T12:54:28.564Z
7814,8202391601,Ibrahima,Bathily,Ibrahima Bathily,M,1982-03-17,+22223991134,,2,Nouakchott-Ouest,STANDARD,,ACTIVE,2022-04-22,2023-09-18T15:44:25.429Z,2022-04-22T03:13:52.924Z,2023-09-18T15:44:25.429Z
7815,9604255663,Lemrabott,Ndiaye,Lemrabott Ndiaye,M,1996-02-12,+22224799039,,4,Dakhlet Nouadhibou,ACTIVE,,ACTIVE,2023-12-05,2024-07-17T08:05:49.254Z,2023-12-05T21:39:49.080Z,2024-07-17T08:05:49.254Z
7816,9303635133,Kadiatou,Anne,Kadiatou Anne,F,1993-05-13,+22224431022,,3,Nouakchott-Sud,STANDARD,,ACTIVE,2022-09-12,2024-01-02T05:25:49.665Z,2022-09-12T12:45:40.179Z,2024-01-02T05:25:49.665Z
7817,7514513208,Abdellahi,Touré,Abdellahi Touré,M,1975-04-28,+22223038864,abdellahi.touré405@hotmail.fr,14,Inchiri,STANDARD,,SUSPENDED,2023-11-28,2024-05-25T19:53:57.745Z,2023-11-28T09:00:48.516Z,2024-05-25T19:53:57.745Z
7818,9112766899,Toumani,Wane,Toumani Wane,M,1991-08-06,+22234935823,,12,Adrar,STANDARD,,ACTIVE,2024-04-05,2024-10-23T04:24:42.729Z,2024-04-05T00:54:43.206Z,2024-10-23T04:24:42.729Z
7819,6601755459,Youssouf,Ould Tourad,Youssouf Ould Tourad,M,1966-05-20,+22233597371,youssouf.ouldtourad443@outlook.com,1,Nouakchott-Nord,OCCASIONAL,,BLOCKED,2022-10-08,2024-06-20T02:01:32.658Z,2022-10-08T08:48:32.116Z,2024-06-20T02:01:32.658Z
7820,6302662050,Yacouba,Soumaré,Yacouba Soumaré,M,1963-04-20,+22224769357,yacouba.soumaré555@yahoo.fr,2,Nouakchott-Ouest,OCCASIONAL,,ACTIVE,2022-12-15,2024-06-30T10:13:31.495Z,2022-12-15T19:43:03.917Z,2024-06-30T10:13:31.495Z
7821,6002223252,Fodé,Baldé,Fodé Baldé,M,1960-08-25,+22235557436,,2,Nouakchott-Ouest,ACTIVE,,ACTIVE,2024-07-21,2024-07-30T15:09:41.611Z,2024-07-21T14:45:55.813Z,2024-07-30T15:09:41.611Z
7822,7904418632,Amadou,Fall,Amadou Fall,M,1979-06-22,+22224957970,,4,Dakhlet Nouadhibou,STANDARD,,ACTIVE,2022-07-09,2024-06-03T03:40:23.421Z,2022-07-09T07:42:38.661Z,2024-06-03T03:40:23.421Z
7823,8902563889,Hafsata,Sissoko,Hafsata Sissoko,F,1989-09-27,+22224129314,hafsata.sissoko152@yahoo.fr,2,Nouakchott-Ouest,ACTIVE,,ACTIVE,2024-12-12,2024-12-18T03:45:41.710Z,2024-12-12T06:20:01.707Z,2024-12-18T03:45:41.710Z
7824,9501499962,Sakouba,Sy,Sakouba Sy,M,1995-05-12,+22237117598,sakouba.sy868@yahoo.fr,1,Nouakchott-Nord,STANDARD,,ACTIVE,2024-11-03,2024-11-06T08:18:04.341Z,2024-11-03T02:48:20.698Z,2024-11-06T08:18:04.341Z
7825,8301202310,Rokhaya,Mbaye,Rokhaya Mbaye,F,1983-04-13,+22243469329,,1,Nouakchott-Nord,OCCASIONAL,,ACTIVE,2023-05-03,2023-06-21T05:49:43.230Z,2023-05-03T20:37:59.826Z,2023-06-21T05:49:43.230Z
7826,6509388346,Vatma,Sakho,Vatma Sakho,F,1965-08-02,+22224292633,vatma.sakho857@gmail.com,9,Assaba,VIP,,BLOCKED,2023-03-26,2023-06-08T16:39:29.035Z,2023-03-26T04:31:47.420Z,2023-06-08T16:39:29.035Z
7827,8515284766,Ndèye,Diallo,Ndèye Diallo,F,1985-07-16,+22232710401,,15,Tiris Zemmour,OCCASIONAL,,ACTIVE,2023-10-05,2023-11-18T12:34:33.483Z,2023-10-05T05:56:08.046Z,2023-11-18T12:34:33.483Z
7828,7304987761,Oumou,Tall,Oumou Tall,F,1973-11-23,+22248154634,oumou.tall49@outlook.com,4,Dakhlet Nouadhibou,OCCASIONAL,,ACTIVE,2024-06-24,2024-12-18T18:24:01.160Z,2024-06-24T19:42:14.568Z,2024-12-18T18:24:01.160Z
7829,6108629068,Mouna,Mint Hamadi,Mouna Mint Hamadi,F,1961-05-27,+22233118897,,8,Guidimaka,DORMANT,,ACTIVE,2022-04-07,2023-10-22T10:45:54.725Z,2022-04-07T15:41:02.884Z,2023-10-22T10:45:54.725Z
7830,7901214341,Brahim,Ould Abeih,Brahim Ould Abeih,M,1979-11-10,+22222314455,,1,Nouakchott-Nord,PREMIUM,,ACTIVE,2024-10-02,2024-10-14T01:54:11.961Z,2024-10-02T10:33:00.686Z,2024-10-14T01:54:11.961Z
7831,7003467591,Moustapha,Gaye,Moustapha Gaye,M,1970-06-12,+22222962315,moustapha.gaye333@hotmail.fr,3,Nouakchott-Sud,STANDARD,,ACTIVE,2022-04-17,2024-07-19T03:32:04.475Z,2022-04-17T00:49:49.868Z,2024-07-19T03:32:04.475Z
7832,9015024786,Mokhtar,Faye,Mokhtar Faye,M,1990-03-04,+22225168760,,15,Tiris Zemmour,ACTIVE,,ACTIVE,2023-02-01,2023-06-15T11:16:09.657Z,2023-02-01T21:51:46.039Z,2023-06-15T11:16:09.657Z
7833,6506796920,Demba,Kanouté,Demba Kanouté,M,1965-05-04,+22237551333,demba.kanouté399@gmail.com,6,Brakna,PREMIUM,,ACTIVE,2024-11-13,2024-11-22T18:07:03.281Z,2024-11-13T02:04:35.232Z,2024-11-22T18:07:03.281Z
7834,6212193576,Haby,Sarr,Haby Sarr,F,1962-01-09,+22236372161,haby.sarr281@gmail.com,12,Adrar,STANDARD,,ACTIVE,2022-12-24,2024-10-27T11:17:55.674Z,2022-12-24T14:11:32.493Z,2024-10-27T11:17:55.674Z
7835,7301946112,Dah,Sy,Dah Sy,M,1973-08-19,+22232328628,,1,Nouakchott-Nord,PREMIUM,,ACTIVE,2024-03-13,2024-06-10T04:14:59.941Z,2024-03-13T01:01:50.122Z,2024-06-10T04:14:59.941Z
7836,7201306740,Khadija,Mint Saad,Khadija Mint Saad,F,1972-08-22,+22246158175,khadija.mintsaad227@gmail.com,1,Nouakchott-Nord,DORMANT,,ACTIVE,2024-10-23,2024-12-10T08:31:17.419Z,2024-10-23T16:20:46.242Z,2024-12-10T08:31:17.419Z
7837,0312962575,Aminetou,Ndiaye,Aminetou Ndiaye,F,2003-12-22,+22245596209,,12,Adrar,OCCASIONAL,,ACTIVE,2022-05-17,2022-11-24T22:40:29.650Z,2022-05-17T00:20:20.589Z,2022-11-24T22:40:29.650Z
7838,7504930806,Abeih,Dieng,Abeih Dieng,M,1975-09-07,+22225165954,,4,Dakhlet Nouadhibou,ACTIVE,,INACTIVE,2022-05-10,2024-10-02T06:03:35.021Z,2022-05-10T03:49:45.066Z,2024-10-02T06:03:35.021Z
7839,6206628381,Defa,Thiam,Defa Thiam,F,1962-05-04,+22235359287,,6,Brakna,STANDARD,,ACTIVE,2023-02-01,2024-08-25T14:49:28.987Z,2023-02-01T17:53:47.898Z,2024-08-25T14:49:28.987Z
7840,9115139245,Tekber,Mint Nagi,Tekber Mint Nagi,F,1991-04-11,+22224316401,,15,Tiris Zemmour,ACTIVE,,ACTIVE,2023-01-05,2024-11-29T10:25:18.490Z,2023-01-05T06:05:47.484Z,2024-11-29T10:25:18.490Z
7841,8902557017,Mbarka,Baldé,Mbarka Baldé,F,1989-07-14,+22224755262,mbarka.baldé692@outlook.com,2,Nouakchott-Ouest,ACTIVE,,ACTIVE,2024-11-08,2024-12-24T08:54:12.712Z,2024-11-08T14:43:15.503Z,2024-12-24T08:54:12.712Z
7842,7006617265,Habiboullah,Ould El Mokhtar,Habiboullah Ould El Mokhtar,M,1970-07-25,+22241241404,habiboullah.ouldelmokhtar236@hotmail.fr,6,Brakna,STANDARD,,ACTIVE,2024-06-01,2024-10-19T12:13:14.340Z,2024-06-01T15:45:16.450Z,2024-10-19T12:13:14.340Z
7843,7308762924,Houda,Mint Limam,Houda Mint Limam,F,1973-09-04,+22233499014,houda.mintlimam336@hotmail.fr,8,Guidimaka,VIP,,ACTIVE,2022-02-05,2022-06-19T15:34:57.653Z,2022-02-05T22:54:48.151Z,2022-06-19T15:34:57.653Z
7844,6901292830,Kesso,Diop,Kesso Diop,F,1969-06-12,+22235691147,kesso.diop601@gmail.com,1,Nouakchott-Nord,STANDARD,,PENDING_KYC,2022-10-12,2024-02-21T08:32:21.859Z,2022-10-12T11:55:52.860Z,2024-02-21T08:32:21.859Z
7845,9302232696,Tourad,Ould Dah,Tourad Ould Dah,M,1993-04-07,+22248762114,tourad.oulddah676@yahoo.fr,2,Nouakchott-Ouest,OCCASIONAL,,ACTIVE,2022-04-14,2024-02-04T15:45:48.267Z,2022-04-14T06:31:50.327Z,2024-02-04T15:45:48.267Z
7846,0101898153,Abdel Aziz,Ould Zein,Abdel Aziz Ould Zein,M,2001-05-01,+22222385656,,1,Nouakchott-Nord,ACTIVE,,ACTIVE,2024-01-04,2024-07-12T11:25:19.097Z,2024-01-04T20:22:57.708Z,2024-07-12T11:25:19.097Z
7847,9103932434,Vall,Ould Dah,Vall Ould Dah,M,1991-08-01,+22241609676,,3,Nouakchott-Sud,DORMANT,,ACTIVE,2023-07-11,2024-09-04T14:40:47.784Z,2023-07-11T22:58:02.431Z,2024-09-04T14:40:47.784Z
7848,0402175346,Massamba,Diallo,Massamba Diallo,M,2004-02-25,+22224468277,massamba.diallo156@gmail.com,2,Nouakchott-Ouest,OCCASIONAL,,ACTIVE,2022-08-31,2024-04-28T14:17:24.108Z,2022-08-31T04:12:33.085Z,2024-04-28T14:17:24.108Z
7849,9601995694,Bilal,Ould Ghali,Bilal Ould Ghali,M,1996-11-16,+22223634272,,1,Nouakchott-Nord,STANDARD,,ACTIVE,2023-03-04,2023-08-21T10:43:00.910Z,2023-03-04T19:13:33.153Z,2023-08-21T10:43:00.910Z
7850,7002903944,Nouh,Ly,Nouh Ly,M,1970-05-08,+22223287871,,2,Nouakchott-Ouest,STANDARD,,ACTIVE,2022-05-19,2023-07-24T01:49:02.973Z,2022-05-19T09:04:27.931Z,2023-07-24T01:49:02.973Z
7851,6101085742,Aziza,Sakho,Aziza Sakho,F,1961-12-18,+22245212891,,1,Nouakchott-Nord,PREMIUM,,ACTIVE,2024-04-11,2024-10-20T12:04:18.391Z,2024-04-11T01:48:37.847Z,2024-10-20T12:04:18.391Z
7852,8203818640,Doudou,Touré,Doudou Touré,M,1982-01-13,+22223554890,,3,Nouakchott-Sud,ACTIVE,,ACTIVE,2022-05-25,2022-06-30T20:20:38.030Z,2022-05-25T00:38:49.979Z,2022-06-30T20:20:38.030Z
7853,9901121003,Maimouna,Kouyaté,Maimouna Kouyaté,F,1999-04-16,+22242103046,maimouna.kouyaté392@gmail.com,1,Nouakchott-Nord,OCCASIONAL,,ACTIVE,2022-04-01,2024-11-15T02:28:11.664Z,2022-04-01T05:34:28.008Z,2024-11-15T02:28:11.664Z
7854,9602725146,Aïssata,Baldé,Aïssata Baldé,F,1996-08-28,+22232719447,aïssata.baldé196@hotmail.fr,2,Nouakchott-Ouest,OCCASIONAL,,ACTIVE,2023-09-19,2023-10-26T04:43:26.984Z,2023-09-19T02:29:58.929Z,2023-10-26T04:43:26.984Z
7855,6009525131,Ndèye,Ndiaye,Ndèye Ndiaye,F,1960-06-01,+22233667947,,9,Assaba,ACTIVE,,ACTIVE,2023-04-20,2024-08-19T18:30:43.019Z,2023-04-20T20:11:18.666Z,2024-08-19T18:30:43.019Z
7856,9701430116,Safiya,Ly,Safiya Ly,F,1997-08-22,+22242808637,,1,Nouakchott-Nord,ACTIVE,,ACTIVE,2022-07-12,2024-10-08T10:56:47.342Z,2022-07-12T09:49:48.470Z,2024-10-08T10:56:47.342Z
7857,9002210969,El Mokhtar,Ould Habiboullah,El Mokhtar Ould Habiboullah,M,1990-08-21,+22223512380,,2,Nouakchott-Ouest,STANDARD,,ACTIVE,2023-11-17,2024-05-21T18:16:44.624Z,2023-11-17T05:12:35.389Z,2024-05-21T18:16:44.624Z
7858,6003368770,Abdoul,Barry,Abdoul Barry,M,1960-12-20,+22225540291,abdoul.barry332@outlook.com,3,Nouakchott-Sud,OCCASIONAL,,ACTIVE,2023-11-09,2024-08-31T12:06:28.332Z,2023-11-09T02:21:50.696Z,2024-08-31T12:06:28.332Z
7859,7015174184,Fatoumata,Mbow,Fatoumata Mbow,F,1970-07-10,+22224831581,,15,Tiris Zemmour,STANDARD,,ACTIVE,2024-04-30,2024-10-01T17:22:48.359Z,2024-04-30T02:53:54.127Z,2024-10-01T17:22:48.359Z
7860,8401778443,Jemila,Mint Wedadi,Jemila Mint Wedadi,F,1984-01-11,+22224788478,,1,Nouakchott-Nord,STANDARD,,ACTIVE,2024-03-23,2024-04-22T00:46:50.007Z,2024-03-23T02:51:13.178Z,2024-04-22T00:46:50.007Z
7861,7207890991,Ghali,Fall,Ghali Fall,M,1972-10-09,+22223662852,,7,Gorgol,STANDARD,,ACTIVE,2024-08-14,2024-12-10T17:42:01.551Z,2024-08-14T20:28:36.999Z,2024-12-10T17:42:01.551Z
7862,8101824644,Oumou,Mint Isselmou,Oumou Mint Isselmou,F,1981-04-21,+22234738578,oumou.mintisselmou565@hotmail.fr,1,Nouakchott-Nord,STANDARD,,ACTIVE,2024-07-17,2024-10-24T23:23:35.576Z,2024-07-17T18:18:46.256Z,2024-10-24T23:23:35.576Z
7863,8703261906,Hamoud,Ould Nagi,Hamoud Ould Nagi,M,1987-04-13,+22224655910,,3,Nouakchott-Sud,STANDARD,,ACTIVE,2022-03-02,2023-08-22T21:45:15.322Z,2022-03-02T15:20:43.174Z,2023-08-22T21:45:15.322Z
7864,0501715076,Moctar,Ould Taleb,Moctar Ould Taleb,M,2005-07-01,+22223319072,moctar.ouldtaleb761@gmail.com,1,Nouakchott-Nord,STANDARD,,ACTIVE,2022-02-15,2024-04-21T12:06:17.694Z,2022-02-15T00:24:16.969Z,2024-04-21T12:06:17.694Z
7865,7101411869,Yero,Koita,Yero Koita,M,1971-06-18,+22232196128,yero.koita617@gmail.com,1,Nouakchott-Nord,ACTIVE,,ACTIVE,2023-12-29,2023-12-30T14:02:30.621Z,2023-12-29T11:33:29.693Z,2023-12-30T14:02:30.621Z
7866,8102128372,Moustapha,Bathily,Moustapha Bathily,M,1981-08-12,+22224522036,moustapha.bathily863@outlook.com,2,Nouakchott-Ouest,STANDARD,,ACTIVE,2022-11-30,2023-02-14T04:42:44.877Z,2022-11-30T08:35:57.058Z,2023-02-14T04:42:44.877Z
7867,8302023288,Bilal,Fofana,Bilal Fofana,M,1983-05-07,+22243742566,,2,Nouakchott-Ouest,STANDARD,,ACTIVE,2024-10-19,2024-12-08T14:08:17.440Z,2024-10-19T08:25:44.286Z,2024-12-08T14:08:17.440Z
7868,8302980280,Bintou,Sall,Bintou Sall,F,1983-10-10,+22224373099,bintou.sall483@gmail.com,2,Nouakchott-Ouest,STANDARD,,ACTIVE,2023-09-13,2024-10-13T21:24:00.542Z,2023-09-13T08:32:25.749Z,2024-10-13T21:24:00.542Z
7869,8905618344,Mounina,Baldé,Mounina Baldé,F,1989-11-20,+22232392626,,5,Trarza,ACTIVE,,ACTIVE,2024-08-26,2024-11-30T23:54:58.383Z,2024-08-26T03:32:02.487Z,2024-11-30T23:54:58.383Z
7870,0405157855,Mor,Ndiaye,Mor Ndiaye,M,2004-12-17,+22234443427,,5,Trarza,VIP,,ACTIVE,2022-01-19,2022-06-15T03:44:11.162Z,2022-01-19T14:27:06.952Z,2022-06-15T03:44:11.162Z
7871,9202732645,Mohamed,Kane,Mohamed Kane,M,1992-12-05,+22236328928,mohamed.kane162@outlook.com,2,Nouakchott-Ouest,OCCASIONAL,,ACTIVE,2024-04-29,2024-06-15T13:53:10.722Z,2024-04-29T04:34:59.847Z,2024-06-15T13:53:10.722Z
7872,8804826758,Astou,Sarr,Astou Sarr,F,1988-07-16,+22241429739,astou.sarr239@yahoo.fr,4,Dakhlet Nouadhibou,ACTIVE,,ACTIVE,2024-11-26,2024-12-19T18:55:52.395Z,2024-11-26T17:46:09.980Z,2024-12-19T18:55:52.395Z
7873,8003924578,Abdel Aziz,Ould El Hacen,Abdel Aziz Ould El Hacen,M,1980-04-28,+22225522243,,3,Nouakchott-Sud,STANDARD,,ACTIVE,2022-03-07,2023-11-07T17:42:44.790Z,2022-03-07T22:19:01.054Z,2023-11-07T17:42:44.790Z
7874,7202396829,Bakary,Sakho,Bakary Sakho,M,1972-11-16,+22232436547,,2,Nouakchott-Ouest,DORMANT,,ACTIVE,2023-05-03,2023-05-17T17:07:25.281Z,2023-05-03T17:27:01.223Z,2023-05-17T17:07:25.281Z
7875,6804398402,Mbarka,Mint Habiboullah,Mbarka Mint Habiboullah,F,1968-01-13,+22224386269,,4,Dakhlet Nouadhibou,STANDARD,,ACTIVE,2023-01-04,2023-06-26T07:11:46.416Z,2023-01-04T09:11:39.651Z,2023-06-26T07:11:46.416Z
7876,7002088612,Aicha,Mint Zein,Aicha Mint Zein,F,1970-10-21,+22236893007,,2,Nouakchott-Ouest,STANDARD,,ACTIVE,2023-04-02,2024-12-16T00:47:19.030Z,2023-04-02T14:59:07.639Z,2024-12-16T00:47:19.030Z
7877,8502746518,Naha,Ba,Naha Ba,F,1985-10-04,+22248314413,naha.ba360@gmail.com,2,Nouakchott-Ouest,STANDARD,,ACTIVE,2023-05-26,2023-07-14T04:50:52.429Z,2023-05-26T10:42:41.105Z,2023-07-14T04:50:52.429Z
7878,6001790957,Binta,Ndiaye,Binta Ndiaye,F,1960-07-04,+22233658157,binta.ndiaye748@hotmail.fr,1,Nouakchott-Nord,STANDARD,,PENDING_KYC,2024-09-10,2024-09-14T16:46:50.404Z,2024-09-10T01:19:51.822Z,2024-09-14T16:46:50.404Z
7879,6103465241,Siaka,Wane,Siaka Wane,M,1961-03-21,+22248183706,,3,Nouakchott-Sud,OCCASIONAL,,ACTIVE,2023-03-19,2023-07-09T04:07:31.367Z,2023-03-19T05:07:59.080Z,2023-07-09T04:07:31.367Z
7880,6105190361,Binta,Barry,Binta Barry,F,1961-04-20,+22236601909,,5,Trarza,OCCASIONAL,,ACTIVE,2023-07-04,2023-08-31T23:37:19.652Z,2023-07-04T04:00:10.750Z,2023-08-31T23:37:19.652Z
7881,7301793291,Khady,Sow,Khady Sow,F,1973-12-26,+22243306065,,1,Nouakchott-Nord,OCCASIONAL,,ACTIVE,2023-12-20,2024-07-29T18:06:08.524Z,2023-12-20T20:25:17.989Z,2024-07-29T18:06:08.524Z
7882,8303792248,Ramatoulaye,Diop,Ramatoulaye Diop,F,1983-05-05,+22232436635,ramatoulaye.diop706@outlook.com,3,Nouakchott-Sud,PREMIUM,,PENDING_KYC,2023-05-28,2023-11-07T17:17:50.300Z,2023-05-28T06:11:08.027Z,2023-11-07T17:17:50.300Z
7883,6005430356,Oumou,Niang,Oumou Niang,F,1960-09-20,+22233379427,oumou.niang335@outlook.com,5,Trarza,ACTIVE,,ACTIVE,2022-01-05,2022-05-10T17:54:39.197Z,2022-01-05T14:50:21.034Z,2022-05-10T17:54:39.197Z
7884,9301448751,Awa,Koita,Awa Koita,F,1993-09-04,+22222982954,,1,Nouakchott-Nord,OCCASIONAL,,ACTIVE,2022-07-28,2023-06-08T02:24:55.811Z,2022-07-28T02:51:54.120Z,2023-06-08T02:24:55.811Z
7885,0204636191,Sidiki,Fall,Sidiki Fall,M,2002-04-04,+22236567553,,4,Dakhlet Nouadhibou,ACTIVE,,ACTIVE,2022-10-05,2023-11-14T01:44:57.419Z,2022-10-05T19:35:51.114Z,2023-11-14T01:44:57.419Z
7886,9215641884,Maguette,Dia,Maguette Dia,M,1992-03-18,+22232820131,,15,Tiris Zemmour,OCCASIONAL,,ACTIVE,2024-09-15,2024-09-27T22:11:24.940Z,2024-09-15T16:23:06.984Z,2024-09-27T22:11:24.940Z
7887,8803884773,Khadija,Mint Hamoud,Khadija Mint Hamoud,F,1988-11-03,+22225874897,,3,Nouakchott-Sud,STANDARD,,INACTIVE,2022-01-17,2023-03-14T12:58:21.893Z,2022-01-17T07:37:28.005Z,2023-03-14T12:58:21.893Z
7888,9003667360,Mohamed Mahmoud,Thiam,Mohamed Mahmoud Thiam,M,1990-08-17,+22223236584,mohamedmahmoud.thiam22@yahoo.fr,3,Nouakchott-Sud,STANDARD,,BLOCKED,2023-09-06,2024-04-27T11:06:09.150Z,2023-09-06T13:39:51.782Z,2024-04-27T11:06:09.150Z
7889,8211284231,Malick,Koné,Malick Koné,M,1982-09-18,+22224497392,,11,Hodh El Gharbi,OCCASIONAL,,PENDING_KYC,2024-08-01,2024-12-15T04:27:49.566Z,2024-08-01T10:30:27.435Z,2024-12-15T04:27:49.566Z
7890,7301625071,Salif,Koita,Salif Koita,M,1973-10-10,+22225327621,salif.koita184@yahoo.fr,1,Nouakchott-Nord,PREMIUM,,PENDING_KYC,2022-04-07,2022-05-02T05:07:24.311Z,2022-04-07T06:25:47.222Z,2022-05-02T05:07:24.311Z
7891,9912378076,Dialika,Sy,Dialika Sy,F,1999-01-11,+22236733014,,12,Adrar,OCCASIONAL,,ACTIVE,2024-05-26,2024-11-12T09:37:10.872Z,2024-05-26T10:55:44.997Z,2024-11-12T09:37:10.872Z
7892,9603297916,Meymouna,Mint Abeih,Meymouna Mint Abeih,F,1996-05-16,+22222099472,,3,Nouakchott-Sud,ACTIVE,,ACTIVE,2022-09-26,2023-03-04T12:27:47.460Z,2022-09-26T10:57:56.567Z,2023-03-04T12:27:47.460Z
7893,6103466332,Ghalia,Kanouté,Ghalia Kanouté,F,1961-08-13,+22242271879,,3,Nouakchott-Sud,DORMANT,,ACTIVE,2023-12-26,2024-09-13T22:15:33.415Z,2023-12-26T14:13:18.803Z,2024-09-13T22:15:33.415Z
7894,8302411852,Vatma,Mint El Hacen,Vatma Mint El Hacen,F,1983-02-21,+22223093326,vatma.mintelhacen399@yahoo.fr,2,Nouakchott-Ouest,ACTIVE,,ACTIVE,2022-12-30,2024-02-13T15:24:25.017Z,2022-12-30T23:07:12.687Z,2024-02-13T15:24:25.017Z
7895,8001978867,Khadijetou,Mint El Hacen,Khadijetou Mint El Hacen,F,1980-02-10,+22222676512,,1,Nouakchott-Nord,DORMANT,,ACTIVE,2022-01-10,2023-06-23T21:15:58.115Z,2022-01-10T00:17:23.646Z,2023-06-23T21:15:58.115Z
7896,8102659674,Bakary,Thiam,Bakary Thiam,M,1981-04-03,+22224385791,bakary.thiam18@hotmail.fr,2,Nouakchott-Ouest,DORMANT,,ACTIVE,2022-11-21,2023-10-12T16:34:52.395Z,2022-11-21T04:11:45.197Z,2023-10-12T16:34:52.395Z
7897,8315778111,Taleb,Ould Ghali,Taleb Ould Ghali,M,1983-02-10,+22222973834,taleb.ouldghali609@yahoo.fr,15,Tiris Zemmour,OCCASIONAL,,ACTIVE,2024-09-07,2024-12-06T21:32:04.745Z,2024-09-07T18:28:45.470Z,2024-12-06T21:32:04.745Z
7898,9602069282,Maguette,Diallo,Maguette Diallo,M,1996-10-06,+22222473800,maguette.diallo121@gmail.com,2,Nouakchott-Ouest,OCCASIONAL,,ACTIVE,2023-09-27,2024-11-09T20:52:10.194Z,2023-09-27T22:12:00.083Z,2024-11-09T20:52:10.194Z
7899,7615352762,Koumba,Faye,Koumba Faye,F,1976-05-15,+22222611579,,15,Tiris Zemmour,PREMIUM,,ACTIVE,2024-09-29,2024-09-30T05:53:10.211Z,2024-09-29T14:30:44.590Z,2024-09-30T05:53:10.211Z
7900,0305127930,Kani,Wade,Kani Wade,F,2003-04-01,+22237830540,,5,Trarza,STANDARD,,ACTIVE,2023-08-26,2024-06-03T03:40:03.442Z,2023-08-26T19:57:08.404Z,2024-06-03T03:40:03.442Z
7901,7806118090,Halima,Koita,Halima Koita,F,1978-05-13,+22223195182,halima.koita822@gmail.com,6,Brakna,OCCASIONAL,,ACTIVE,2022-07-05,2023-07-14T08:05:00.550Z,2022-07-05T14:01:50.269Z,2023-07-14T08:05:00.550Z
7902,6211853668,Wedadi,Touré,Wedadi Touré,M,1962-07-22,+22224287163,wedadi.touré515@gmail.com,11,Hodh El Gharbi,STANDARD,,ACTIVE,2023-09-23,2024-10-11T07:54:34.094Z,2023-09-23T22:20:19.895Z,2024-10-11T07:54:34.094Z
7903,7911554192,Awa,Ndiaye,Awa Ndiaye,F,1979-04-26,+22232686664,awa.ndiaye729@yahoo.fr,11,Hodh El Gharbi,ACTIVE,,ACTIVE,2023-04-17,2023-07-12T06:05:51.390Z,2023-04-17T06:48:21.079Z,2023-07-12T06:05:51.390Z
7904,6102797349,Wedadi,Dia,Wedadi Dia,M,1961-08-21,+22236219955,wedadi.dia952@yahoo.fr,2,Nouakchott-Ouest,PREMIUM,,ACTIVE,2022-04-15,2022-09-03T11:06:13.070Z,2022-04-15T05:26:10.539Z,2022-09-03T11:06:13.070Z
7905,9704326179,Maimouna,Koita,Maimouna Koita,F,1997-10-09,+22247236754,,4,Dakhlet Nouadhibou,ACTIVE,,ACTIVE,2023-03-23,2024-04-04T13:23:16.012Z,2023-03-23T18:16:27.355Z,2024-04-04T13:23:16.012Z
7906,9505404142,Aïda,Anne,Aïda Anne,F,1995-04-11,+22223404718,,5,Trarza,VIP,,ACTIVE,2022-12-08,2023-07-22T00:47:49.208Z,2022-12-08T05:36:21.786Z,2023-07-22T00:47:49.208Z
7907,9515010258,Habiboullah,Ould Jiddou,Habiboullah Ould Jiddou,M,1995-02-05,+22235285106,,15,Tiris Zemmour,STANDARD,,PENDING_KYC,2022-09-19,2023-07-05T23:51:17.490Z,2022-09-19T06:42:10.436Z,2023-07-05T23:51:17.490Z
7908,8704500240,Namory,Ndiaye,Namory Ndiaye,M,1987-07-26,+22233782022,,4,Dakhlet Nouadhibou,STANDARD,,ACTIVE,2022-10-22,2024-03-19T19:59:05.373Z,2022-10-22T13:15:11.764Z,2024-03-19T19:59:05.373Z
7909,8212423967,Fatima,Mint Nenni,Fatima Mint Nenni,F,1982-05-09,+22237122480,fatima.mintnenni530@gmail.com,12,Adrar,ACTIVE,,ACTIVE,2022-02-28,2022-04-05T22:01:01.676Z,2022-02-28T09:19:45.269Z,2022-04-05T22:01:01.676Z
7910,6302061132,Sadio,Doucouré,Sadio Doucouré,M,1963-12-23,+22243320875,,2,Nouakchott-Ouest,STANDARD,,ACTIVE,2024-05-06,2024-11-14T19:01:24.627Z,2024-05-06T06:18:13.757Z,2024-11-14T19:01:24.627Z
7911,8103722070,Khalil,Cissé,Khalil Cissé,M,1981-01-16,+22223696596,,3,Nouakchott-Sud,STANDARD,,INACTIVE,2024-01-07,2024-11-02T20:43:44.473Z,2024-01-07T14:03:21.618Z,2024-11-02T20:43:44.473Z
7912,0102632633,Rokaya,Sall,Rokaya Sall,F,2001-08-06,+22224931808,,2,Nouakchott-Ouest,STANDARD,,ACTIVE,2023-08-15,2023-09-10T06:03:57.337Z,2023-08-15T02:04:14.079Z,2023-09-10T06:03:57.337Z
7913,8702272390,Minetou,Diarra,Minetou Diarra,F,1987-03-27,+22236910102,,2,Nouakchott-Ouest,ACTIVE,,ACTIVE,2022-02-18,2023-02-23T00:38:09.087Z,2022-02-18T00:28:13.949Z,2023-02-23T00:38:09.087Z
7914,8102796946,Alpha,Sakho,Alpha Sakho,M,1981-11-22,+22223525715,,2,Nouakchott-Ouest,DORMANT,,ACTIVE,2024-03-11,2024-03-18T12:12:23.026Z,2024-03-11T18:36:33.270Z,2024-03-18T12:12:23.026Z
7915,7914807343,Abdel Rahman,Ould Messoud,Abdel Rahman Ould Messoud,M,1979-01-01,+22223714352,abdelrahman.ouldmessoud283@outlook.com,14,Inchiri,STANDARD,,ACTIVE,2023-09-29,2024-07-31T20:54:22.624Z,2023-09-29T10:41:05.446Z,2024-07-31T20:54:22.624Z
7916,8703010593,Kéba,Ndiaye,Kéba Ndiaye,M,1987-03-10,+22234677553,kéba.ndiaye155@outlook.com,3,Nouakchott-Sud,STANDARD,,ACTIVE,2023-03-28,2023-07-16T12:46:23.340Z,2023-03-28T14:34:48.766Z,2023-07-16T12:46:23.340Z
7917,6103073831,Aicha,Sarr,Aicha Sarr,F,1961-08-15,+22232835456,,3,Nouakchott-Sud,STANDARD,,ACTIVE,2024-05-24,2024-07-20T17:56:32.663Z,2024-05-24T06:58:39.395Z,2024-07-20T17:56:32.663Z
7918,6202606002,Ibrahima,Diakité,Ibrahima Diakité,M,1962-03-06,+22245147760,,2,Nouakchott-Ouest,OCCASIONAL,,ACTIVE,2024-02-19,2024-02-29T15:22:43.159Z,2024-02-19T20:49:51.678Z,2024-02-29T15:22:43.159Z
7919,9303062902,Mohamed Salem,Diop,Mohamed Salem Diop,M,1993-10-25,+22246722896,,3,Nouakchott-Sud,STANDARD,,BLOCKED,2022-12-17,2024-05-03T22:03:48.261Z,2022-12-17T19:15:35.520Z,2024-05-03T22:03:48.261Z
7920,9007472470,Naima,Diarra,Naima Diarra,F,1990-02-23,+22241393172,,7,Gorgol,STANDARD,,ACTIVE,2024-01-01,2024-05-19T05:53:36.854Z,2024-01-01T10:40:49.130Z,2024-05-19T05:53:36.854Z
7921,7303806984,Mariem,Mint Abdallah,Mariem Mint Abdallah,F,1973-06-17,+22223793480,,3,Nouakchott-Sud,STANDARD,,SUSPENDED,2024-02-05,2024-11-17T02:04:12.007Z,2024-02-05T18:14:39.973Z,2024-11-17T02:04:12.007Z
7922,8902895821,Boubacar,Diarra,Boubacar Diarra,M,1989-02-17,+22235764404,,2,Nouakchott-Ouest,ACTIVE,,INACTIVE,2022-11-03,2023-07-29T05:59:49.436Z,2022-11-03T15:50:59.090Z,2023-07-29T05:59:49.436Z
7923,9101420951,Salem,Ould Abdel Aziz,Salem Ould Abdel Aziz,M,1991-04-09,+22225484641,,1,Nouakchott-Nord,PREMIUM,,ACTIVE,2024-08-08,2024-09-17T02:57:38.304Z,2024-08-08T18:19:31.449Z,2024-09-17T02:57:38.304Z
7924,6604154455,Ndongo,Mbaye,Ndongo Mbaye,M,1966-05-20,+22234603988,ndongo.mbaye351@yahoo.fr,4,Dakhlet Nouadhibou,ACTIVE,,ACTIVE,2023-12-16,2024-03-25T23:43:16.198Z,2023-12-16T07:07:37.084Z,2024-03-25T23:43:16.198Z
7925,8003770397,El Mokhtar,Niang,El Mokhtar Niang,M,1980-04-27,+22235402045,,3,Nouakchott-Sud,OCCASIONAL,,ACTIVE,2023-05-07,2023-12-30T21:53:22.624Z,2023-05-07T19:12:24.693Z,2023-12-30T21:53:22.624Z
7926,8903928773,Houda,Mint Moulaye,Houda Mint Moulaye,F,1989-03-17,+22225251904,,3,Nouakchott-Sud,DORMANT,,ACTIVE,2022-03-30,2023-10-08T17:56:09.095Z,2022-03-30T18:53:38.860Z,2023-10-08T17:56:09.095Z
7927,8202381273,Kiné,Niang,Kiné Niang,F,1982-01-02,+22224756540,,2,Nouakchott-Ouest,STANDARD,,INACTIVE,2023-08-24,2023-10-08T17:01:22.240Z,2023-08-24T03:38:07.933Z,2023-10-08T17:01:22.240Z
7928,9602741548,Houda,Mint El Mokhtar,Houda Mint El Mokhtar,F,1996-02-28,+22241156892,houda.mintelmokhtar596@yahoo.fr,2,Nouakchott-Ouest,VIP,,ACTIVE,2023-03-11,2024-01-13T09:25:34.211Z,2023-03-11T18:35:59.727Z,2024-01-13T09:25:34.211Z
7929,7302295648,Soumaïla,Touré,Soumaïla Touré,M,1973-08-03,+22232292421,,2,Nouakchott-Ouest,STANDARD,,ACTIVE,2024-07-24,2024-10-28T16:21:56.957Z,2024-07-24T00:47:29.753Z,2024-10-28T16:21:56.957Z
7930,9804263237,Fatou,Sakho,Fatou Sakho,F,1998-08-06,+22225762815,fatou.sakho988@outlook.com,4,Dakhlet Nouadhibou,STANDARD,,ACTIVE,2022-04-09,2024-11-11T03:06:59.944Z,2022-04-09T05:38:17.701Z,2024-11-11T03:06:59.944Z
7931,6904006195,Ely,Ould Abdel Kader,Ely Ould Abdel Kader,M,1969-06-09,+22235861140,ely.ouldabdelkader753@hotmail.fr,4,Dakhlet Nouadhibou,DORMANT,,ACTIVE,2024-09-05,2024-10-08T02:21:00.741Z,2024-09-05T21:56:38.074Z,2024-10-08T02:21:00.741Z
7932,6515399840,Saadbouh,Ould Moulaye,Saadbouh Ould Moulaye,M,1965-09-10,+22223320205,,15,Tiris Zemmour,OCCASIONAL,,ACTIVE,2024-08-23,2024-11-19T22:58:48.231Z,2024-08-23T20:25:51.063Z,2024-11-19T22:58:48.231Z
7933,9901202586,Tamba,Koita,Tamba Koita,M,1999-10-21,+22222403575,,1,Nouakchott-Nord,VIP,,ACTIVE,2022-05-01,2024-03-07T20:48:42.268Z,2022-05-01T13:58:37.404Z,2024-03-07T20:48:42.268Z
7934,8405048830,Naha,Kane,Naha Kane,F,1984-11-04,+22222384774,,5,Trarza,ACTIVE,,ACTIVE,2023-08-23,2023-12-14T11:47:55.252Z,2023-08-23T20:12:16.156Z,2023-12-14T11:47:55.252Z
7935,9701280805,Naha,Ba,Naha Ba,F,1997-12-25,+22222791012,naha.ba933@hotmail.fr,1,Nouakchott-Nord,STANDARD,,ACTIVE,2022-06-17,2024-07-05T15:57:09.159Z,2022-06-17T09:30:01.225Z,2024-07-05T15:57:09.159Z
7936,8004451462,Adama,Cissé,Adama Cissé,M,1980-02-24,+22234796639,,4,Dakhlet Nouadhibou,PREMIUM,,PENDING_KYC,2022-06-27,2023-09-24T21:30:14.021Z,2022-06-27T11:16:10.086Z,2023-09-24T21:30:14.021Z
7937,9702450388,Taleb,Thiam,Taleb Thiam,M,1997-06-10,+22236034629,taleb.thiam594@gmail.com,2,Nouakchott-Ouest,OCCASIONAL,,INACTIVE,2023-11-02,2024-07-25T21:52:55.312Z,2023-11-02T12:16:55.122Z,2024-07-25T21:52:55.312Z
7938,7513465528,Aliou,Niang,Aliou Niang,M,1975-02-13,+22233833418,aliou.niang991@gmail.com,13,Tagant,ACTIVE,,ACTIVE,2022-11-01,2023-08-07T01:28:32.455Z,2022-11-01T20:32:52.466Z,2023-08-07T01:28:32.455Z
7939,8906349841,Hapsatou,Touré,Hapsatou Touré,F,1989-09-12,+22225938307,hapsatou.touré607@gmail.com,6,Brakna,DORMANT,,ACTIVE,2022-01-14,2022-10-17T00:37:03.286Z,2022-01-14T11:25:36.724Z,2022-10-17T00:37:03.286Z
7940,9807823883,Lamine,Kane,Lamine Kane,M,1998-07-23,+22249024799,lamine.kane934@yahoo.fr,7,Gorgol,STANDARD,,ACTIVE,2023-03-02,2024-05-18T01:36:21.293Z,2023-03-02T17:31:36.542Z,2024-05-18T01:36:21.293Z
7941,0101858328,Mariam,Mint Khatri,Mariam Mint Khatri,F,2001-12-23,+22235809072,,1,Nouakchott-Nord,OCCASIONAL,,BLOCKED,2024-01-16,2024-03-26T20:47:19.759Z,2024-01-16T04:19:51.831Z,2024-03-26T20:47:19.759Z
7942,7601378169,Hawa,Koné,Hawa Koné,F,1976-02-26,+22249494566,,1,Nouakchott-Nord,STANDARD,,ACTIVE,2023-01-28,2024-11-07T02:32:27.544Z,2023-01-28T03:36:43.097Z,2024-11-07T02:32:27.544Z
7943,6502251326,Zahra,Mint Moulaye,Zahra Mint Moulaye,F,1965-08-27,+22224272402,zahra.mintmoulaye9@gmail.com,2,Nouakchott-Ouest,STANDARD,,ACTIVE,2022-11-08,2023-02-24T16:18:49.200Z,2022-11-08T17:05:20.771Z,2023-02-24T16:18:49.200Z
7944,9704631628,Minetou,Mint El Hacen,Minetou Mint El Hacen,F,1997-09-12,+22242933990,,4,Dakhlet Nouadhibou,STANDARD,,INACTIVE,2024-04-12,2024-08-08T07:26:58.126Z,2024-04-12T06:34:25.385Z,2024-08-08T07:26:58.126Z
7945,6002101224,Amadou,Fofana,Amadou Fofana,M,1960-06-10,+22235835100,,2,Nouakchott-Ouest,STANDARD,,ACTIVE,2024-06-03,2024-06-30T19:28:52.040Z,2024-06-03T08:49:18.931Z,2024-06-30T19:28:52.040Z
7946,0313687569,Abdallah,Ould Mahmoud,Abdallah Ould Mahmoud,M,2003-08-24,+22232838102,,13,Tagant,ACTIVE,,ACTIVE,2024-06-11,2024-11-01T12:11:28.580Z,2024-06-11T08:32:28.028Z,2024-11-01T12:11:28.580Z
7947,7015241268,Sidi Mohamed,Niang,Sidi Mohamed Niang,M,1970-11-12,+22225015498,,15,Tiris Zemmour,PREMIUM,,PENDING_KYC,2022-12-27,2023-11-09T05:09:47.192Z,2022-12-27T03:36:37.853Z,2023-11-09T05:09:47.192Z
7948,7101729838,Habiba,Gaye,Habiba Gaye,F,1971-09-07,+22234970475,,1,Nouakchott-Nord,DORMANT,,ACTIVE,2023-10-18,2024-07-29T18:34:36.946Z,2023-10-18T04:22:11.452Z,2024-07-29T18:34:36.946Z
7949,6310799173,Zakaria,Ould Ahmedou,Zakaria Ould Ahmedou,M,1963-03-09,+22232083968,,10,Hodh Ech Chargui,STANDARD,,ACTIVE,2023-10-09,2024-04-30T23:09:33.838Z,2023-10-09T20:22:36.755Z,2024-04-30T23:09:33.838Z
7950,6601592975,Kadiatou,Sy,Kadiatou Sy,F,1966-03-06,+22232836674,,1,Nouakchott-Nord,ACTIVE,,ACTIVE,2023-05-30,2024-03-12T00:44:09.664Z,2023-05-30T14:19:49.436Z,2024-03-12T00:44:09.664Z
7951,7701280746,Malouma,Mint Vadel,Malouma Mint Vadel,F,1977-06-12,+22225709739,,1,Nouakchott-Nord,STANDARD,,ACTIVE,2024-03-16,2024-05-18T20:10:54.858Z,2024-03-16T07:58:05.729Z,2024-05-18T20:10:54.858Z
7952,7111293475,Salka,Mint Saad,Salka Mint Saad,F,1971-03-23,+22236838276,,11,Hodh El Gharbi,OCCASIONAL,,ACTIVE,2022-02-08,2023-11-03T23:59:47.446Z,2022-02-08T06:15:50.548Z,2023-11-03T23:59:47.446Z
7953,0515854604,Fatoumata,Sow,Fatoumata Sow,F,2005-04-26,+22223598402,fatoumata.sow349@hotmail.fr,15,Tiris Zemmour,OCCASIONAL,,ACTIVE,2022-11-20,2024-10-05T13:52:45.595Z,2022-11-20T02:19:47.132Z,2024-10-05T13:52:45.595Z
7954,6805203554,Fatima,Mint Habiboullah,Fatima Mint Habiboullah,F,1968-06-02,+22247283464,,5,Trarza,PREMIUM,,ACTIVE,2023-04-06,2024-12-18T03:40:16.753Z,2023-04-06T15:12:30.453Z,2024-12-18T03:40:16.753Z
7955,0503270861,Horma,Ould El Hacen,Horma Ould El Hacen,M,2005-07-05,+22232754452,,3,Nouakchott-Sud,STANDARD,,ACTIVE,2022-01-29,2023-10-04T01:37:00.102Z,2022-01-29T01:13:49.853Z,2023-10-04T01:37:00.102Z
7956,8801346998,Mariem,Mint El Mokhtar,Mariem Mint El Mokhtar,F,1988-10-01,+22237567040,,1,Nouakchott-Nord,STANDARD,,ACTIVE,2024-06-06,2024-06-14T05:13:21.895Z,2024-06-06T20:04:58.390Z,2024-06-14T05:13:21.895Z
7957,6303759003,Rokhaya,Thiam,Rokhaya Thiam,F,1963-08-27,+22241558555,,3,Nouakchott-Sud,ACTIVE,,ACTIVE,2022-11-25,2023-11-10T00:38:40.136Z,2022-11-25T13:48:56.830Z,2023-11-10T00:38:40.136Z
7958,9303329672,Oumar,Ndiaye,Oumar Ndiaye,M,1993-01-28,+22223202317,oumar.ndiaye951@outlook.com,3,Nouakchott-Sud,ACTIVE,,ACTIVE,2022-11-01,2024-08-04T01:46:49.829Z,2022-11-01T17:56:17.765Z,2024-08-04T01:46:49.829Z
7959,9803027201,Mohamed,Ould Abdallah,Mohamed Ould Abdallah,M,1998-03-05,+22242776492,,3,Nouakchott-Sud,OCCASIONAL,,ACTIVE,2022-03-31,2024-12-11T00:16:14.075Z,2022-03-31T13:56:55.050Z,2024-12-11T00:16:14.075Z
7960,6708787227,Kadiatou,Diallo,Kadiatou Diallo,F,1967-01-14,+22223140319,kadiatou.diallo954@yahoo.fr,8,Guidimaka,OCCASIONAL,,INACTIVE,2023-03-23,2023-05-04T03:50:16.732Z,2023-03-23T21:28:02.260Z,2023-05-04T03:50:16.732Z
7961,8902515213,Awa,Diakité,Awa Diakité,F,1989-07-27,+22224969676,,2,Nouakchott-Ouest,OCCASIONAL,,ACTIVE,2024-07-11,2024-07-30T23:34:51.861Z,2024-07-11T08:15:03.371Z,2024-07-30T23:34:51.861Z
7962,9204122886,Ahmed Baba,Diagana,Ahmed Baba Diagana,M,1992-08-19,+22223943500,,4,Dakhlet Nouadhibou,OCCASIONAL,,PENDING_KYC,2022-02-26,2024-03-06T06:36:18.929Z,2022-02-26T15:28:06.595Z,2024-03-06T06:36:18.929Z
7963,8409516597,Vatma,Mint El Ghassem,Vatma Mint El Ghassem,F,1984-06-21,+22222083460,vatma.mintelghassem445@hotmail.fr,9,Assaba,STANDARD,,ACTIVE,2024-10-15,2024-11-18T12:04:22.728Z,2024-10-15T11:55:34.278Z,2024-11-18T12:04:22.728Z
7964,9006056534,Rougui,Soumaré,Rougui Soumaré,F,1990-04-06,+22224054477,rougui.soumaré120@outlook.com,6,Brakna,STANDARD,,ACTIVE,2024-11-21,2024-11-23T03:10:12.541Z,2024-11-21T17:23:26.972Z,2024-11-23T03:10:12.541Z
7965,7605897990,N'Dèye,Koita,N'Dèye Koita,F,1976-06-12,+22243228044,,5,Trarza,STANDARD,,ACTIVE,2023-06-16,2023-07-03T00:13:35.693Z,2023-06-16T23:17:43.598Z,2023-07-03T00:13:35.693Z
7966,9012411165,Awa,Koné,Awa Koné,F,1990-04-10,+22249261064,,12,Adrar,PREMIUM,,ACTIVE,2023-11-13,2024-08-08T17:18:58.349Z,2023-11-13T09:35:37.098Z,2024-08-08T17:18:58.349Z
7967,7601265894,Meymouna,Mint Dah,Meymouna Mint Dah,F,1976-11-07,+22225651320,,1,Nouakchott-Nord,DORMANT,,ACTIVE,2023-02-04,2024-12-30T20:49:33.810Z,2023-02-04T00:43:40.942Z,2024-12-30T20:49:33.810Z
7968,6608242266,Rokaya,Mint Nagi,Rokaya Mint Nagi,F,1966-09-16,+22234689692,,8,Guidimaka,STANDARD,,ACTIVE,2023-03-02,2024-07-23T11:03:23.221Z,2023-03-02T09:23:38.458Z,2024-07-23T11:03:23.221Z
7969,7803991131,Oumou,Kouyaté,Oumou Kouyaté,F,1978-06-23,+22222101492,,3,Nouakchott-Sud,STANDARD,,ACTIVE,2022-09-15,2023-03-19T16:48:10.653Z,2022-09-15T06:02:34.320Z,2023-03-19T16:48:10.653Z
7970,0501799034,Ismaila,Dieng,Ismaila Dieng,M,2005-05-20,+22236567095,,1,Nouakchott-Nord,ACTIVE,,ACTIVE,2024-05-04,2024-10-02T14:37:27.193Z,2024-05-04T05:23:39.241Z,2024-10-02T14:37:27.193Z
7971,8403145780,Nouh,Diallo,Nouh Diallo,M,1984-09-09,+22232126582,,3,Nouakchott-Sud,OCCASIONAL,,ACTIVE,2023-05-01,2023-08-05T08:02:40.732Z,2023-05-01T09:51:07.852Z,2023-08-05T08:02:40.732Z
7972,0303038861,Khadijetou,Mint Eleya,Khadijetou Mint Eleya,F,2003-05-06,+22237911218,khadijetou.minteleya636@yahoo.fr,3,Nouakchott-Sud,STANDARD,,ACTIVE,2024-11-16,2024-12-30T17:40:39.819Z,2024-11-16T00:29:37.085Z,2024-12-30T17:40:39.819Z
7973,9512028030,Bakary,Diop,Bakary Diop,M,1995-01-26,+22223762301,,12,Adrar,STANDARD,,ACTIVE,2023-11-04,2024-03-12T22:10:35.852Z,2023-11-04T23:37:39.984Z,2024-03-12T22:10:35.852Z
7974,7204539796,Hamadi,Ould Habiboullah,Hamadi Ould Habiboullah,M,1972-11-24,+22223696749,hamadi.ouldhabiboullah747@hotmail.fr,4,Dakhlet Nouadhibou,STANDARD,,ACTIVE,2023-04-13,2024-02-21T21:19:12.696Z,2023-04-13T01:41:38.708Z,2024-02-21T21:19:12.696Z
7975,7002662058,Noura,Mint Vadel,Noura Mint Vadel,F,1970-02-10,+22224253615,noura.mintvadel214@yahoo.fr,2,Nouakchott-Ouest,OCCASIONAL,,ACTIVE,2022-06-22,2023-11-13T13:30:12.359Z,2022-06-22T07:16:43.367Z,2023-11-13T13:30:12.359Z
7976,7302710099,Nagi,Ould Limam,Nagi Ould Limam,M,1973-09-07,+22225963016,nagi.ouldlimam134@gmail.com,2,Nouakchott-Ouest,STANDARD,,ACTIVE,2023-03-25,2024-08-02T16:18:41.678Z,2023-03-25T20:00:39.304Z,2024-08-02T16:18:41.678Z
7977,6114524272,Zakaria,Ould Horma,Zakaria Ould Horma,M,1961-01-20,+22225823891,,14,Inchiri,STANDARD,,ACTIVE,2023-05-26,2024-08-01T03:41:50.986Z,2023-05-26T04:50:51.223Z,2024-08-01T03:41:50.986Z
7978,8104569788,Leila,Mint El Ghassem,Leila Mint El Ghassem,F,1981-04-05,+22222100506,,4,Dakhlet Nouadhibou,STANDARD,,ACTIVE,2023-03-16,2023-12-29T03:30:32.608Z,2023-03-16T20:51:35.266Z,2023-12-29T03:30:32.608Z
7979,0502985368,Hacen,Cissé,Hacen Cissé,M,2005-10-17,+22237560854,hacen.cissé152@gmail.com,2,Nouakchott-Ouest,STANDARD,,ACTIVE,2024-01-03,2024-09-22T22:11:59.956Z,2024-01-03T19:45:20.151Z,2024-09-22T22:11:59.956Z
7980,0102289956,Habiba,Mint Brahim,Habiba Mint Brahim,F,2001-03-27,+22232018712,habiba.mintbrahim563@outlook.com,2,Nouakchott-Ouest,STANDARD,,ACTIVE,2022-03-12,2023-08-27T03:49:34.711Z,2022-03-12T10:25:33.179Z,2023-08-27T03:49:34.711Z
7981,0404078092,Mbarka,Mint Hamadi,Mbarka Mint Hamadi,F,2004-11-01,+22235543764,,4,Dakhlet Nouadhibou,STANDARD,,ACTIVE,2024-03-24,2024-09-05T06:09:27.889Z,2024-03-24T01:02:14.128Z,2024-09-05T06:09:27.889Z
7982,7902137100,Mariam,Mint Cheikh,Mariam Mint Cheikh,F,1979-10-27,+22237109654,,2,Nouakchott-Ouest,STANDARD,,ACTIVE,2024-10-03,2024-10-15T03:58:10.673Z,2024-10-03T17:10:02.070Z,2024-10-15T03:58:10.673Z
7983,8501892395,Messoud,Kane,Messoud Kane,M,1985-05-20,+22225100325,,1,Nouakchott-Nord,STANDARD,,ACTIVE,2022-03-06,2023-01-20T07:35:42.563Z,2022-03-06T02:53:06.387Z,2023-01-20T07:35:42.563Z
7984,7904918200,Isselmou,Ould Soufi,Isselmou Ould Soufi,M,1979-02-09,+22234488063,isselmou.ouldsoufi458@hotmail.fr,4,Dakhlet Nouadhibou,STANDARD,,PENDING_KYC,2022-08-17,2023-07-09T23:00:54.437Z,2022-08-17T22:41:26.956Z,2023-07-09T23:00:54.437Z
7985,9615345306,Minetou,Kanouté,Minetou Kanouté,F,1996-06-14,+22237161017,,15,Tiris Zemmour,OCCASIONAL,,ACTIVE,2024-09-21,2024-09-30T15:42:45.128Z,2024-09-21T20:10:05.984Z,2024-09-30T15:42:45.128Z
7986,6702990889,Lamine,Kane,Lamine Kane,M,1967-09-13,+22245783142,,2,Nouakchott-Ouest,STANDARD,,ACTIVE,2023-10-08,2023-12-23T10:29:31.571Z,2023-10-08T22:29:05.025Z,2023-12-23T10:29:31.571Z
7987,9715194455,Taleb,Ould Saad,Taleb Ould Saad,M,1997-09-12,+22224418103,taleb.ouldsaad732@hotmail.fr,15,Tiris Zemmour,STANDARD,,ACTIVE,2022-04-02,2024-07-05T20:07:26.007Z,2022-04-02T15:57:59.566Z,2024-07-05T20:07:26.007Z
7988,0302022111,Mokhtar,Ould Abdel Kader,Mokhtar Ould Abdel Kader,M,2003-07-03,+22223034514,,2,Nouakchott-Ouest,OCCASIONAL,,ACTIVE,2023-06-13,2024-12-11T01:51:41.815Z,2023-06-13T20:28:24.663Z,2024-12-11T01:51:41.815Z
7989,8209122127,Bakary,Soumaré,Bakary Soumaré,M,1982-11-05,+22224949186,bakary.soumaré501@hotmail.fr,9,Assaba,OCCASIONAL,,ACTIVE,2023-04-14,2024-06-20T04:51:04.075Z,2023-04-14T05:56:47.906Z,2024-06-20T04:51:04.075Z
7990,7002960273,Sidi Ahmed,Sakho,Sidi Ahmed Sakho,M,1970-05-10,+22223157271,,2,Nouakchott-Ouest,STANDARD,,ACTIVE,2023-04-08,2023-04-14T16:17:44.681Z,2023-04-08T08:49:40.708Z,2023-04-14T16:17:44.681Z
7991,6510449324,Kalilou,Camara,Kalilou Camara,M,1965-09-09,+22225015157,kalilou.camara331@outlook.com,10,Hodh Ech Chargui,OCCASIONAL,,ACTIVE,2023-04-10,2024-12-09T15:26:58.456Z,2023-04-10T06:04:59.260Z,2024-12-09T15:26:58.456Z
7992,9004025493,Coumba,Diarra,Coumba Diarra,F,1990-08-27,+22241804194,,4,Dakhlet Nouadhibou,STANDARD,,ACTIVE,2024-01-11,2024-02-01T09:18:20.138Z,2024-01-11T15:10:01.788Z,2024-02-01T09:18:20.138Z
7993,6803048289,Tamba,Dramé,Tamba Dramé,M,1968-05-14,+22235294446,tamba.dramé956@gmail.com,3,Nouakchott-Sud,VIP,,ACTIVE,2024-02-19,2024-04-02T16:44:54.577Z,2024-02-19T10:18:50.920Z,2024-04-02T16:44:54.577Z
7994,7301331143,Bassirou,Sow,Bassirou Sow,M,1973-03-05,+22234909510,bassirou.sow785@hotmail.fr,1,Nouakchott-Nord,OCCASIONAL,,ACTIVE,2023-05-26,2023-12-16T15:18:55.118Z,2023-05-26T04:25:59.687Z,2023-12-16T15:18:55.118Z
7995,8902873456,Jemila,Bathily,Jemila Bathily,F,1989-10-19,+22222141502,,2,Nouakchott-Ouest,ACTIVE,,ACTIVE,2024-06-03,2024-06-24T06:57:56.522Z,2024-06-03T17:21:51.634Z,2024-06-24T06:57:56.522Z
7996,9607658618,Mohamed Vall,Ould Vall,Mohamed Vall Ould Vall,M,1996-07-21,+22235325498,,7,Gorgol,STANDARD,,ACTIVE,2024-03-23,2024-07-04T22:58:45.404Z,2024-03-23T00:07:16.162Z,2024-07-04T22:58:45.404Z
7997,6802983534,Kadiatou,Koné,Kadiatou Koné,F,1968-06-11,+22233750612,,2,Nouakchott-Ouest,ACTIVE,,ACTIVE,2022-10-12,2022-12-10T02:11:55.799Z,2022-10-12T22:16:38.958Z,2022-12-10T02:11:55.799Z
7998,6302708208,Mahmoud,Ould Ahmed,Mahmoud Ould Ahmed,M,1963-02-02,+22223331835,mahmoud.ouldahmed253@yahoo.fr,2,Nouakchott-Ouest,DORMANT,,ACTIVE,2024-09-15,2024-10-22T14:21:15.503Z,2024-09-15T17:02:41.387Z,2024-10-22T14:21:15.503Z
7999,7304465762,Mbarka,Diakité,Mbarka Diakité,F,1973-08-03,+22223056048,,4,Dakhlet Nouadhibou,OCCASIONAL,,ACTIVE,2023-12-19,2024-01-09T13:39:00.398Z,2023-12-19T21:52:40.404Z,2024-01-09T13:39:00.398Z
8000,9001597999,Kesso,Mbaye,Kesso Mbaye,F,1990-07-17,+22242637791,,1,Nouakchott-Nord,OCCASIONAL,,ACTIVE,2023-05-25,2023-09-16T03:58:52.619Z,2023-05-25T12:23:58.103Z,2023-09-16T03:58:52.619Z
8001,9504745420,Salka,Mint Abdel Aziz,Salka Mint Abdel Aziz,F,1995-09-28,+22223695909,salka.mintabdelaziz33@yahoo.fr,4,Dakhlet Nouadhibou,ACTIVE,,ACTIVE,2022-03-04,2023-08-22T14:07:30.313Z,2022-03-04T06:06:05.198Z,2023-08-22T14:07:30.313Z
8002,9201429434,Mohamed Vall,Bah,Mohamed Vall Bah,M,1992-06-05,+22223353800,mohamedvall.bah590@gmail.com,1,Nouakchott-Nord,OCCASIONAL,,ACTIVE,2024-03-06,2024-05-06T01:13:15.393Z,2024-03-06T19:49:02.998Z,2024-05-06T01:13:15.393Z
8003,6301338419,Youssouf,Ould Ahmed,Youssouf Ould Ahmed,M,1963-05-14,+22237677998,youssouf.ouldahmed135@outlook.com,1,Nouakchott-Nord,OCCASIONAL,,ACTIVE,2022-11-14,2024-06-28T18:17:41.125Z,2022-11-14T04:36:09.153Z,2024-06-28T18:17:41.125Z
8004,7904815677,Cheibany,Ould Tourad,Cheibany Ould Tourad,M,1979-08-25,+22225968392,,4,Dakhlet Nouadhibou,OCCASIONAL,,ACTIVE,2022-05-31,2023-10-11T19:22:24.607Z,2022-05-31T21:20:11.176Z,2023-10-11T19:22:24.607Z
8005,6201168970,Safiya,Mint Zein,Safiya Mint Zein,F,1962-06-23,+22225333969,safiya.mintzein911@hotmail.fr,1,Nouakchott-Nord,STANDARD,,ACTIVE,2022-02-23,2024-04-27T04:00:12.376Z,2022-02-23T04:23:43.826Z,2024-04-27T04:00:12.376Z
8006,0401825156,Mor,Bâ,Mor Bâ,M,2004-06-10,+22225283026,,1,Nouakchott-Nord,STANDARD,,ACTIVE,2022-10-13,2024-01-09T00:28:08.601Z,2022-10-13T13:25:34.465Z,2024-01-09T00:28:08.601Z
8007,7012118651,Houda,Thiam,Houda Thiam,F,1970-07-07,+22222681157,houda.thiam18@gmail.com,12,Adrar,STANDARD,,ACTIVE,2023-01-10,2024-10-12T18:15:40.132Z,2023-01-10T07:59:17.841Z,2024-10-12T18:15:40.132Z
8008,8602131663,Saadbouh,Koné,Saadbouh Koné,M,1986-03-13,+22222297854,,2,Nouakchott-Ouest,ACTIVE,,ACTIVE,2023-01-30,2024-05-29T14:34:45.686Z,2023-01-30T14:11:33.270Z,2024-05-29T14:34:45.686Z
8009,0503433424,Awa,Ly,Awa Ly,F,2005-11-17,+22237290902,awa.ly290@hotmail.fr,3,Nouakchott-Sud,STANDARD,,ACTIVE,2022-09-15,2023-05-27T12:34:26.339Z,2022-09-15T09:32:43.294Z,2023-05-27T12:34:26.339Z
8010,7602760480,Mansour,Diop,Mansour Diop,M,1976-10-12,+22235648528,mansour.diop448@gmail.com,2,Nouakchott-Ouest,STANDARD,,ACTIVE,2022-06-08,2024-06-02T06:52:27.193Z,2022-06-08T23:19:25.655Z,2024-06-02T06:52:27.193Z
8011,8003009785,Kadiatou,Sissoko,Kadiatou Sissoko,F,1980-12-12,+22234641641,,3,Nouakchott-Sud,ACTIVE,,ACTIVE,2023-06-17,2024-08-18T11:28:48.572Z,2023-06-17T08:57:05.683Z,2024-08-18T11:28:48.572Z
8012,9913396853,Alioune,Diop,Alioune Diop,M,1999-12-28,+22246709272,alioune.diop943@hotmail.fr,13,Tagant,STANDARD,,ACTIVE,2024-04-09,2024-11-11T11:32:25.610Z,2024-04-09T19:15:44.582Z,2024-11-11T11:32:25.610Z
8013,9804776360,Taleb,Ould Bouha,Taleb Ould Bouha,M,1998-12-16,+22232747275,taleb.ouldbouha529@hotmail.fr,4,Dakhlet Nouadhibou,STANDARD,,ACTIVE,2024-01-23,2024-04-15T11:37:07.648Z,2024-01-23T16:54:44.276Z,2024-04-15T11:37:07.648Z
8014,8203837674,Vatma,Mint Ahmedou,Vatma Mint Ahmedou,F,1982-10-17,+22249299545,vatma.mintahmedou172@hotmail.fr,3,Nouakchott-Sud,ACTIVE,,ACTIVE,2022-03-13,2023-03-20T20:23:46.575Z,2022-03-13T18:46:53.937Z,2023-03-20T20:23:46.575Z
8015,6902794186,Mouna,Niang,Mouna Niang,F,1969-02-11,+22236980793,mouna.niang794@outlook.com,2,Nouakchott-Ouest,STANDARD,,ACTIVE,2023-05-18,2023-11-05T19:04:22.969Z,2023-05-18T16:38:15.239Z,2023-11-05T19:04:22.969Z
8016,9610327840,Issa,Bathily,Issa Bathily,M,1996-09-14,+22233710736,issa.bathily655@hotmail.fr,10,Hodh Ech Chargui,ACTIVE,,ACTIVE,2022-09-28,2023-03-30T03:54:36.038Z,2022-09-28T22:28:08.156Z,2023-03-30T03:54:36.038Z
8017,7001947345,Hafsata,Mint El Mamy,Hafsata Mint El Mamy,F,1970-02-02,+22223594636,hafsata.mintelmamy477@gmail.com,1,Nouakchott-Nord,STANDARD,,ACTIVE,2022-12-29,2023-05-18T21:45:12.051Z,2022-12-29T10:22:31.236Z,2023-05-18T21:45:12.051Z
8018,9203375245,Mariem,Mint Soufi,Mariem Mint Soufi,F,1992-07-25,+22236008973,mariem.mintsoufi857@gmail.com,3,Nouakchott-Sud,OCCASIONAL,,PENDING_KYC,2022-10-21,2024-07-06T09:00:40.683Z,2022-10-21T08:50:18.921Z,2024-07-06T09:00:40.683Z
8019,9705461855,Maguette,Koné,Maguette Koné,F,1997-02-16,+22225694345,,5,Trarza,STANDARD,,ACTIVE,2022-04-20,2024-07-24T04:00:48.968Z,2022-04-20T00:44:51.136Z,2024-07-24T04:00:48.968Z
8020,7702023281,Meymouna,Mint Abdel Aziz,Meymouna Mint Abdel Aziz,F,1977-03-09,+22248848254,meymouna.mintabdelaziz732@gmail.com,2,Nouakchott-Ouest,ACTIVE,,ACTIVE,2024-04-28,2024-09-05T22:52:21.863Z,2024-04-28T14:17:51.472Z,2024-09-05T22:52:21.863Z
8021,0502483181,Abdellahi,Diallo,Abdellahi Diallo,M,2005-04-16,+22225528840,,2,Nouakchott-Ouest,STANDARD,,ACTIVE,2024-04-27,2024-11-01T07:00:13.019Z,2024-04-27T05:34:22.711Z,2024-11-01T07:00:13.019Z
8022,9502020198,Mokhtar,Ould Hadrami,Mokhtar Ould Hadrami,M,1995-01-13,+22224854606,,2,Nouakchott-Ouest,OCCASIONAL,,INACTIVE,2023-01-11,2023-10-16T16:08:51.382Z,2023-01-11T17:24:10.615Z,2023-10-16T16:08:51.382Z
8023,8202536567,Zahra,Mint Eleya,Zahra Mint Eleya,F,1982-08-26,+22233839141,zahra.minteleya74@outlook.com,2,Nouakchott-Ouest,PREMIUM,,ACTIVE,2024-05-26,2024-11-02T12:28:37.518Z,2024-05-26T06:24:41.902Z,2024-11-02T12:28:37.518Z
8024,7012783581,Doudou,Diallo,Doudou Diallo,M,1970-01-17,+22234323642,doudou.diallo679@yahoo.fr,12,Adrar,ACTIVE,,ACTIVE,2023-08-24,2024-07-05T13:18:10.744Z,2023-08-24T03:51:39.960Z,2024-07-05T13:18:10.744Z
8025,0303349989,Souleymane,Dramé,Souleymane Dramé,M,2003-10-27,+22224833642,,3,Nouakchott-Sud,DORMANT,,ACTIVE,2022-05-12,2024-07-01T20:16:51.208Z,2022-05-12T00:36:43.436Z,2024-07-01T20:16:51.208Z
8026,0102917695,Tourad,Ould Bouha,Tourad Ould Bouha,M,2001-08-19,+22243348745,tourad.ouldbouha211@outlook.com,2,Nouakchott-Ouest,STANDARD,,ACTIVE,2024-06-28,2024-11-19T01:29:19.805Z,2024-06-28T04:53:39.168Z,2024-11-19T01:29:19.805Z
8027,9206088610,Tourad,Ould Moulaye,Tourad Ould Moulaye,M,1992-06-07,+22223417008,,6,Brakna,OCCASIONAL,,ACTIVE,2022-08-22,2023-01-18T01:58:03.002Z,2022-08-22T09:42:08.908Z,2023-01-18T01:58:03.002Z
8028,9702312093,Ahmed Salem,Ould Soufi,Ahmed Salem Ould Soufi,M,1997-11-09,+22232399806,ahmedsalem.ouldsoufi643@gmail.com,2,Nouakchott-Ouest,STANDARD,,PENDING_KYC,2022-07-15,2023-08-14T12:31:30.413Z,2022-07-15T17:07:29.788Z,2023-08-14T12:31:30.413Z
8029,8002970118,Hamoud,Ould Jiddou,Hamoud Ould Jiddou,M,1980-10-15,+22233946427,,2,Nouakchott-Ouest,ACTIVE,,ACTIVE,2024-11-23,2024-12-02T22:32:15.904Z,2024-11-23T10:35:06.218Z,2024-12-02T22:32:15.904Z
8030,8203619593,Abdel Aziz,Ould Vadel,Abdel Aziz Ould Vadel,M,1982-09-26,+22223553700,,3,Nouakchott-Sud,STANDARD,,ACTIVE,2022-12-09,2023-02-04T01:24:26.475Z,2022-12-09T22:25:56.158Z,2023-02-04T01:24:26.475Z
8031,9201233459,Mohamed Yahya,Ould Bouha,Mohamed Yahya Ould Bouha,M,1992-08-06,+22242779106,mohamedyahya.ouldbouha704@outlook.com,1,Nouakchott-Nord,OCCASIONAL,,BLOCKED,2023-07-18,2024-07-11T20:29:37.169Z,2023-07-18T00:37:48.589Z,2024-07-11T20:29:37.169Z
8032,6801217926,Ibou,Diallo,Ibou Diallo,M,1968-10-15,+22225266846,ibou.diallo401@yahoo.fr,1,Nouakchott-Nord,DORMANT,,PENDING_KYC,2023-10-08,2024-10-18T02:55:24.575Z,2023-10-08T23:28:51.478Z,2024-10-18T02:55:24.575Z
8033,6604458520,Oumou,Fall,Oumou Fall,F,1966-06-28,+22236020282,,4,Dakhlet Nouadhibou,STANDARD,,ACTIVE,2022-04-18,2023-12-10T23:06:45.259Z,2022-04-18T20:10:56.942Z,2023-12-10T23:06:45.259Z
8034,0002360214,Moctar,Ould Khalil,Moctar Ould Khalil,M,2000-01-11,+22248354762,,2,Nouakchott-Ouest,OCCASIONAL,,ACTIVE,2022-07-21,2022-07-22T21:32:56.607Z,2022-07-21T16:31:02.104Z,2022-07-22T21:32:56.607Z
8035,8301010092,Salka,Mint El Hacen,Salka Mint El Hacen,F,1983-06-27,+22223483127,,1,Nouakchott-Nord,STANDARD,,ACTIVE,2022-07-30,2024-09-13T09:59:38.280Z,2022-07-30T04:39:17.798Z,2024-09-13T09:59:38.280Z
8036,0402963295,Meymouna,Niang,Meymouna Niang,F,2004-08-11,+22237777070,,2,Nouakchott-Ouest,OCCASIONAL,,ACTIVE,2023-04-29,2024-09-30T16:37:04.797Z,2023-04-29T04:21:22.120Z,2024-09-30T16:37:04.797Z
8037,9703014442,Néné,Anne,Néné Anne,F,1997-08-03,+22223884776,,3,Nouakchott-Sud,ACTIVE,,ACTIVE,2024-08-06,2024-12-12T08:47:02.796Z,2024-08-06T23:33:41.848Z,2024-12-12T08:47:02.796Z
8038,9104589444,Sidi Ahmed,Bâ,Sidi Ahmed Bâ,M,1991-02-26,+22222021351,sidiahmed.bâ417@gmail.com,4,Dakhlet Nouadhibou,VIP,,ACTIVE,2024-11-27,2024-12-26T22:58:18.783Z,2024-11-27T13:39:12.414Z,2024-12-26T22:58:18.783Z
8039,8802599551,Mariama,Diop,Mariama Diop,F,1988-11-08,+22237596007,,2,Nouakchott-Ouest,ACTIVE,,ACTIVE,2022-09-06,2023-06-18T00:15:37.826Z,2022-09-06T04:27:21.518Z,2023-06-18T00:15:37.826Z
8040,6601632790,Ghali,Sow,Ghali Sow,M,1966-08-17,+22225144785,,1,Nouakchott-Nord,OCCASIONAL,,ACTIVE,2024-11-02,2024-11-29T04:12:10.419Z,2024-11-02T13:19:08.252Z,2024-11-29T04:12:10.419Z
8041,6105018270,Ely,Ould Hamadi,Ely Ould Hamadi,M,1961-09-21,+22223750106,,5,Trarza,OCCASIONAL,,PENDING_KYC,2022-09-29,2024-03-03T16:45:54.488Z,2022-09-29T06:07:31.960Z,2024-03-03T16:45:54.488Z
8042,6607233018,El Hadj,Kanouté,El Hadj Kanouté,M,1966-11-05,+22234580850,,7,Gorgol,STANDARD,,ACTIVE,2024-01-25,2024-10-28T17:08:10.852Z,2024-01-25T03:17:08.165Z,2024-10-28T17:08:10.852Z
8043,6201866379,Minetou,Mint Mohamed,Minetou Mint Mohamed,F,1962-11-17,+22224217150,minetou.mintmohamed566@yahoo.fr,1,Nouakchott-Nord,PREMIUM,,ACTIVE,2022-02-15,2023-11-16T22:39:25.235Z,2022-02-15T04:34:33.829Z,2023-11-16T22:39:25.235Z
8044,7106382197,Lala,Bah,Lala Bah,F,1971-12-23,+22236779403,lala.bah953@yahoo.fr,6,Brakna,OCCASIONAL,,ACTIVE,2024-10-20,2024-12-21T01:06:09.986Z,2024-10-20T19:53:21.694Z,2024-12-21T01:06:09.986Z
8045,0401682775,Mahamadou,Anne,Mahamadou Anne,M,2004-05-05,+22232733969,mahamadou.anne676@yahoo.fr,1,Nouakchott-Nord,STANDARD,,ACTIVE,2022-12-13,2023-10-07T18:14:01.527Z,2022-12-13T02:03:56.135Z,2023-10-07T18:14:01.527Z
8046,8201186882,Aminata,Sissoko,Aminata Sissoko,F,1982-04-14,+22223189857,,1,Nouakchott-Nord,DORMANT,,PENDING_KYC,2024-09-06,2024-11-20T21:38:09.595Z,2024-09-06T22:46:56.906Z,2024-11-20T21:38:09.595Z
8047,6411746201,Dialika,Guèye,Dialika Guèye,F,1964-06-07,+22232181457,dialika.guèye404@outlook.com,11,Hodh El Gharbi,OCCASIONAL,,ACTIVE,2024-08-26,2024-12-08T08:59:39.717Z,2024-08-26T04:56:40.475Z,2024-12-08T08:59:39.717Z
8048,9302193377,Mouna,Mint Soufi,Mouna Mint Soufi,F,1993-11-10,+22223056027,,2,Nouakchott-Ouest,OCCASIONAL,,ACTIVE,2024-11-14,2024-12-02T20:51:10.937Z,2024-11-14T03:46:41.195Z,2024-12-02T20:51:10.937Z
8049,7501387348,Limam,Diagana,Limam Diagana,M,1975-03-02,+22223659238,limam.diagana895@hotmail.fr,1,Nouakchott-Nord,STANDARD,,ACTIVE,2022-07-08,2024-05-22T03:52:51.580Z,2022-07-08T15:29:42.944Z,2024-05-22T03:52:51.580Z
8050,6301915982,Mohamed,Ould Mohamed,Mohamed Ould Mohamed,M,1963-06-14,+22246634293,,1,Nouakchott-Nord,STANDARD,,ACTIVE,2024-10-04,2024-11-28T15:48:23.583Z,2024-10-04T18:09:53.268Z,2024-11-28T15:48:23.583Z
8051,9502364256,Ahmed Salem,Ould Ahmed,Ahmed Salem Ould Ahmed,M,1995-08-25,+22225261740,,2,Nouakchott-Ouest,STANDARD,,ACTIVE,2022-12-18,2022-12-19T08:59:05.038Z,2022-12-18T22:33:33.341Z,2022-12-19T08:59:05.038Z
8052,0202185390,Naima,Tall,Naima Tall,F,2002-01-10,+22241813677,naima.tall317@outlook.com,2,Nouakchott-Ouest,STANDARD,,ACTIVE,2022-05-13,2023-05-17T15:05:11.998Z,2022-05-13T10:59:07.325Z,2023-05-17T15:05:11.998Z
8053,9806234079,Noura,Mint Ahmed,Noura Mint Ahmed,F,1998-02-25,+22223464932,noura.mintahmed21@outlook.com,6,Brakna,OCCASIONAL,,PENDING_KYC,2022-07-14,2024-12-29T07:52:58.820Z,2022-07-14T02:58:35.725Z,2024-12-29T07:52:58.820Z
8054,6908700123,Khadija,Mbaye,Khadija Mbaye,F,1969-12-15,+22246493406,khadija.mbaye324@yahoo.fr,8,Guidimaka,STANDARD,,ACTIVE,2022-02-28,2023-08-24T09:30:38.792Z,2022-02-28T05:05:59.763Z,2023-08-24T09:30:38.792Z
8055,9403771753,Salka,Mint Ahmedou,Salka Mint Ahmedou,F,1994-10-06,+22224019456,,3,Nouakchott-Sud,ACTIVE,,ACTIVE,2022-11-14,2024-10-29T20:34:09.072Z,2022-11-14T12:16:29.348Z,2024-10-29T20:34:09.072Z
8056,6503166490,Diakaridia,Wade,Diakaridia Wade,M,1965-11-07,+22222229445,diakaridia.wade276@yahoo.fr,3,Nouakchott-Sud,OCCASIONAL,,ACTIVE,2023-03-26,2024-05-25T04:53:22.074Z,2023-03-26T13:10:21.023Z,2024-05-25T04:53:22.074Z
8057,7001349789,Rokaya,Mint Abdel Kader,Rokaya Mint Abdel Kader,F,1970-03-03,+22223467082,rokaya.mintabdelkader188@yahoo.fr,1,Nouakchott-Nord,PREMIUM,,ACTIVE,2024-12-04,2024-12-04T11:55:42.178Z,2024-12-04T08:15:11.084Z,2024-12-04T11:55:42.178Z
8058,7801507491,Hawa,Mint Nagi,Hawa Mint Nagi,F,1978-07-16,+22237261393,,1,Nouakchott-Nord,OCCASIONAL,,ACTIVE,2024-02-17,2024-04-28T10:59:35.408Z,2024-02-17T13:02:16.241Z,2024-04-28T10:59:35.408Z
8059,9606733565,Soueidatt,Ould Hadrami,Soueidatt Ould Hadrami,M,1996-02-11,+22234809810,,6,Brakna,OCCASIONAL,,ACTIVE,2023-04-27,2024-04-25T19:39:13.511Z,2023-04-27T04:25:37.665Z,2024-04-25T19:39:13.511Z
8060,6802352185,Saidou,Baldé,Saidou Baldé,M,1968-03-10,+22243481240,saidou.baldé977@hotmail.fr,2,Nouakchott-Ouest,OCCASIONAL,,ACTIVE,2024-01-02,2024-10-02T19:22:55.170Z,2024-01-02T05:05:47.750Z,2024-10-02T19:22:55.170Z
8061,8402709257,Aminetou,Mint Hamoud,Aminetou Mint Hamoud,F,1984-10-19,+22242900351,,2,Nouakchott-Ouest,OCCASIONAL,,ACTIVE,2023-02-25,2023-09-20T12:34:14.327Z,2023-02-25T13:47:45.910Z,2023-09-20T12:34:14.327Z
8062,9202971707,Limam,Ould Mokhtar,Limam Ould Mokhtar,M,1992-03-03,+22248820802,limam.ouldmokhtar125@hotmail.fr,2,Nouakchott-Ouest,ACTIVE,,ACTIVE,2023-06-14,2023-07-28T20:34:57.360Z,2023-06-14T23:49:22.934Z,2023-07-28T20:34:57.360Z
8063,6501447276,Abdellahi,Ould Lemrabott,Abdellahi Ould Lemrabott,M,1965-11-08,+22222888197,abdellahi.ouldlemrabott434@yahoo.fr,1,Nouakchott-Nord,STANDARD,,ACTIVE,2022-08-28,2024-04-23T21:40:52.889Z,2022-08-28T20:24:12.536Z,2024-04-23T21:40:52.889Z
8064,6103356341,Sira,Sissoko,Sira Sissoko,F,1961-06-12,+22232865533,,3,Nouakchott-Sud,OCCASIONAL,,ACTIVE,2022-12-08,2023-07-18T14:37:37.032Z,2022-12-08T03:31:30.582Z,2023-07-18T14:37:37.032Z
8065,9307353404,Fatou,Faye,Fatou Faye,F,1993-01-01,+22224693223,,7,Gorgol,STANDARD,,ACTIVE,2023-01-07,2024-04-04T18:00:29.535Z,2023-01-07T21:35:55.635Z,2024-04-04T18:00:29.535Z
8066,6001727812,Vatma,Mint El Hacen,Vatma Mint El Hacen,F,1960-09-01,+22236576965,,1,Nouakchott-Nord,OCCASIONAL,,ACTIVE,2022-07-10,2024-11-03T22:41:48.446Z,2022-07-10T04:33:15.029Z,2024-11-03T22:41:48.446Z
8067,0103027306,Moustapha,Ould Wedadi,Moustapha Ould Wedadi,M,2001-04-27,+22223302209,,3,Nouakchott-Sud,STANDARD,,ACTIVE,2022-10-08,2023-11-19T19:00:24.264Z,2022-10-08T11:22:31.742Z,2023-11-19T19:00:24.264Z
8068,9309156687,Rougui,Diop,Rougui Diop,F,1993-09-06,+22235307744,rougui.diop74@yahoo.fr,9,Assaba,DORMANT,,ACTIVE,2024-07-03,2024-10-03T15:20:15.149Z,2024-07-03T19:47:05.398Z,2024-10-03T15:20:15.149Z
8069,7704060150,Aïssata,Diallo,Aïssata Diallo,F,1977-09-02,+22225451608,aïssata.diallo983@gmail.com,4,Dakhlet Nouadhibou,DORMANT,,ACTIVE,2022-02-03,2024-11-27T02:42:56.084Z,2022-02-03T22:59:26.252Z,2024-11-27T02:42:56.084Z
8070,9615354216,Defa,Mint Wedadi,Defa Mint Wedadi,F,1996-11-14,+22236996023,,15,Tiris Zemmour,STANDARD,,ACTIVE,2024-01-11,2024-11-23T05:18:23.518Z,2024-01-11T06:40:04.161Z,2024-11-23T05:18:23.518Z
8071,9007067728,Naima,Diarra,Naima Diarra,F,1990-02-23,+22234193477,,7,Gorgol,STANDARD,,ACTIVE,2023-11-28,2024-02-22T20:13:15.016Z,2023-11-28T03:25:36.750Z,2024-02-22T20:13:15.016Z
8072,8715769867,Coumba,Sissoko,Coumba Sissoko,F,1987-05-15,+22223649845,coumba.sissoko485@hotmail.fr,15,Tiris Zemmour,OCCASIONAL,,ACTIVE,2022-06-14,2022-07-14T01:19:12.253Z,2022-06-14T01:06:32.554Z,2022-07-14T01:19:12.253Z
8073,0215718330,Mouna,Mint Abdel Kader,Mouna Mint Abdel Kader,F,2002-07-16,+22249460125,,15,Tiris Zemmour,OCCASIONAL,,ACTIVE,2022-04-28,2022-10-02T12:22:35.160Z,2022-04-28T15:09:14.679Z,2022-10-02T12:22:35.160Z
8074,6401945289,Lassana,Dia,Lassana Dia,M,1964-02-10,+22223475940,,1,Nouakchott-Nord,ACTIVE,,ACTIVE,2023-11-18,2024-06-14T01:26:04.606Z,2023-11-18T18:23:16.044Z,2024-06-14T01:26:04.606Z
8075,7401270326,Aminetou,Mint Mahmoud,Aminetou Mint Mahmoud,F,1974-04-11,+22225068416,aminetou.mintmahmoud651@hotmail.fr,1,Nouakchott-Nord,STANDARD,,ACTIVE,2023-10-24,2024-05-29T15:46:06.989Z,2023-10-24T07:26:13.042Z,2024-05-29T15:46:06.989Z
8076,9901486658,Brahim,Bâ,Brahim Bâ,M,1999-06-09,+22225291689,brahim.bâ948@gmail.com,1,Nouakchott-Nord,VIP,,ACTIVE,2024-06-05,2024-08-02T15:40:19.029Z,2024-06-05T09:48:04.387Z,2024-08-02T15:40:19.029Z
8077,0206402048,Ahmedou,Sy,Ahmedou Sy,M,2002-04-09,+22233326481,,6,Brakna,PREMIUM,,ACTIVE,2023-03-29,2024-02-04T19:09:30.689Z,2023-03-29T22:12:10.437Z,2024-02-04T19:09:30.689Z
8078,8612280287,Messoud,Ould Moulaye,Messoud Ould Moulaye,M,1986-07-25,+22242877128,messoud.ouldmoulaye460@gmail.com,12,Adrar,OCCASIONAL,,PENDING_KYC,2023-08-30,2024-01-26T23:45:32.176Z,2023-08-30T02:32:12.400Z,2024-01-26T23:45:32.176Z
8079,6102094417,Yacouba,Doucouré,Yacouba Doucouré,M,1961-01-13,+22242164730,yacouba.doucouré496@outlook.com,2,Nouakchott-Ouest,OCCASIONAL,,ACTIVE,2023-07-07,2023-08-29T05:53:20.766Z,2023-07-07T15:19:58.328Z,2023-08-29T05:53:20.766Z
8080,8401468393,Meymouna,Mint Taleb,Meymouna Mint Taleb,F,1984-01-14,+22222741545,,1,Nouakchott-Nord,DORMANT,,ACTIVE,2023-02-13,2024-12-28T01:19:22.271Z,2023-02-13T08:57:31.886Z,2024-12-28T01:19:22.271Z
8081,6312674964,Mariem,Sy,Mariem Sy,F,1963-01-12,+22224926910,mariem.sy18@yahoo.fr,12,Adrar,OCCASIONAL,,ACTIVE,2022-05-15,2022-07-11T15:23:33.755Z,2022-05-15T22:36:33.123Z,2022-07-11T15:23:33.755Z
8082,9502599122,Khadija,Mint Hamoud,Khadija Mint Hamoud,F,1995-05-28,+22223804669,,2,Nouakchott-Ouest,STANDARD,,ACTIVE,2023-03-11,2023-07-28T09:39:06.637Z,2023-03-11T20:29:57.106Z,2023-07-28T09:39:06.637Z
8083,9105544132,Tourad,Ould Hadrami,Tourad Ould Hadrami,M,1991-11-20,+22225173272,,5,Trarza,OCCASIONAL,,ACTIVE,2023-08-28,2024-11-14T18:00:51.154Z,2023-08-28T12:38:43.146Z,2024-11-14T18:00:51.154Z
8084,7504257853,Leila,Dieng,Leila Dieng,F,1975-04-08,+22236116867,leila.dieng890@outlook.com,4,Dakhlet Nouadhibou,VIP,,ACTIVE,2022-10-06,2024-07-14T22:26:14.666Z,2022-10-06T21:04:58.884Z,2024-07-14T22:26:14.666Z
8085,9501953103,Mariem,Cissé,Mariem Cissé,F,1995-12-15,+22234691138,mariem.cissé974@gmail.com,1,Nouakchott-Nord,STANDARD,,ACTIVE,2024-06-06,2024-12-11T09:19:29.765Z,2024-06-06T18:52:27.842Z,2024-12-11T09:19:29.765Z
8086,7809829856,Oumou,Camara,Oumou Camara,F,1978-09-01,+22248753604,oumou.camara491@outlook.com,9,Assaba,STANDARD,,ACTIVE,2023-12-06,2023-12-26T19:43:57.618Z,2023-12-06T16:18:18.317Z,2023-12-26T19:43:57.618Z
8087,8103791010,Malouma,Mint Lemrabott,Malouma Mint Lemrabott,F,1981-08-09,+22225826506,,3,Nouakchott-Sud,ACTIVE,,ACTIVE,2024-06-03,2024-07-31T10:10:48.272Z,2024-06-03T11:34:23.969Z,2024-07-31T10:10:48.272Z
8088,6602451464,Coumba,Diakité,Coumba Diakité,F,1966-11-19,+22237437684,,2,Nouakchott-Ouest,ACTIVE,,ACTIVE,2023-09-04,2024-10-05T08:26:00.283Z,2023-09-04T04:14:59.549Z,2024-10-05T08:26:00.283Z
8089,7404700024,Nana,Diop,Nana Diop,F,1974-02-13,+22225773919,,4,Dakhlet Nouadhibou,OCCASIONAL,,ACTIVE,2022-02-07,2024-01-21T10:10:35.467Z,2022-02-07T18:32:41.800Z,2024-01-21T10:10:35.467Z
8090,9609846406,Hawa,Ba,Hawa Ba,F,1996-08-23,+22236669429,,9,Assaba,STANDARD,,ACTIVE,2024-04-03,2024-08-20T15:10:57.727Z,2024-04-03T04:24:12.027Z,2024-08-20T15:10:57.727Z
8091,6301922991,Aïda,Sow,Aïda Sow,F,1963-12-17,+22222439111,,1,Nouakchott-Nord,OCCASIONAL,,ACTIVE,2024-05-19,2024-12-22T00:04:55.812Z,2024-05-19T11:34:48.649Z,2024-12-22T00:04:55.812Z
8092,6701056544,Kelthoum,Fofana,Kelthoum Fofana,F,1967-06-10,+22233905841,kelthoum.fofana965@hotmail.fr,1,Nouakchott-Nord,DORMANT,,ACTIVE,2023-05-29,2023-07-28T18:22:23.999Z,2023-05-29T12:03:36.489Z,2023-07-28T18:22:23.999Z
8093,8002912574,Mariama,Mbow,Mariama Mbow,F,1980-08-22,+22225592330,mariama.mbow74@gmail.com,2,Nouakchott-Ouest,STANDARD,,ACTIVE,2022-04-28,2024-11-05T03:47:44.886Z,2022-04-28T04:24:39.427Z,2024-11-05T03:47:44.886Z
8094,8015450755,Cheick,Touré,Cheick Touré,M,1980-12-09,+22234486199,,15,Tiris Zemmour,ACTIVE,,ACTIVE,2023-05-22,2023-06-01T12:31:05.436Z,2023-05-22T19:22:42.868Z,2023-06-01T12:31:05.436Z
8095,6602226150,Moctar,Ould Isselmou,Moctar Ould Isselmou,M,1966-12-07,+22224605502,moctar.ouldisselmou903@hotmail.fr,2,Nouakchott-Ouest,DORMANT,,ACTIVE,2022-01-23,2024-07-04T01:32:05.565Z,2022-01-23T20:48:26.749Z,2024-07-04T01:32:05.565Z
8096,8312154958,Leila,Baldé,Leila Baldé,F,1983-07-24,+22236991029,,12,Adrar,STANDARD,,ACTIVE,2022-12-31,2024-09-13T14:20:34.341Z,2022-12-31T17:21:22.812Z,2024-09-13T14:20:34.341Z
8097,6302187625,Zeinab,Doucouré,Zeinab Doucouré,F,1963-05-02,+22225875712,,2,Nouakchott-Ouest,OCCASIONAL,,ACTIVE,2024-02-04,2024-04-08T00:13:12.621Z,2024-02-04T22:52:15.879Z,2024-04-08T00:13:12.621Z
8098,6004984832,Yaya,Bathily,Yaya Bathily,M,1960-05-08,+22223743783,,4,Dakhlet Nouadhibou,DORMANT,,ACTIVE,2023-10-12,2024-10-17T04:39:18.495Z,2023-10-12T00:17:15.741Z,2024-10-17T04:39:18.495Z
8099,9703135389,Diakaridia,Sissoko,Diakaridia Sissoko,M,1997-11-07,+22232500282,diakaridia.sissoko535@hotmail.fr,3,Nouakchott-Sud,OCCASIONAL,,ACTIVE,2022-09-18,2024-10-01T03:38:54.932Z,2022-09-18T00:45:22.577Z,2024-10-01T03:38:54.932Z
8100,8204891822,Nouhoum,Kanouté,Nouhoum Kanouté,M,1982-07-05,+22234201006,nouhoum.kanouté958@yahoo.fr,4,Dakhlet Nouadhibou,ACTIVE,,ACTIVE,2022-09-26,2024-06-03T02:43:02.592Z,2022-09-26T17:03:26.934Z,2024-06-03T02:43:02.592Z
8101,7001183976,Defa,Bathily,Defa Bathily,F,1970-08-23,+22233974525,,1,Nouakchott-Nord,DORMANT,,ACTIVE,2022-12-07,2023-08-16T05:52:05.819Z,2022-12-07T18:18:55.633Z,2023-08-16T05:52:05.819Z
8102,8001012888,Mariam,Mint Hamadi,Mariam Mint Hamadi,F,1980-11-13,+22241385246,,1,Nouakchott-Nord,OCCASIONAL,,ACTIVE,2023-10-02,2024-03-30T10:12:53.197Z,2023-10-02T16:49:50.149Z,2024-03-30T10:12:53.197Z
8103,7409876179,Amadou,Sy,Amadou Sy,M,1974-02-19,+22223927354,,9,Assaba,STANDARD,,INACTIVE,2023-08-13,2023-10-14T20:00:04.536Z,2023-08-13T17:48:45.762Z,2023-10-14T20:00:04.536Z
8104,9307570551,Yaya,Camara,Yaya Camara,M,1993-03-24,+22237821470,,7,Gorgol,STANDARD,,ACTIVE,2022-09-08,2023-03-09T09:28:03.910Z,2022-09-08T07:17:09.542Z,2023-03-09T09:28:03.910Z
8105,0002001788,Siaka,Sall,Siaka Sall,M,2000-01-13,+22232791267,siaka.sall885@gmail.com,2,Nouakchott-Ouest,STANDARD,,PENDING_KYC,2023-08-03,2024-10-19T20:39:06.221Z,2023-08-03T09:21:15.227Z,2024-10-19T20:39:06.221Z
8106,9904348467,Pape,Fall,Pape Fall,M,1999-05-13,+22242052249,,4,Dakhlet Nouadhibou,STANDARD,,INACTIVE,2023-12-13,2024-12-02T08:10:09.103Z,2023-12-13T08:25:43.017Z,2024-12-02T08:10:09.103Z
8107,9202787869,El Khalil,Ould Cheikh,El Khalil Ould Cheikh,M,1992-09-14,+22237122248,,2,Nouakchott-Ouest,STANDARD,,ACTIVE,2024-05-14,2024-11-04T14:45:27.688Z,2024-05-14T11:42:21.423Z,2024-11-04T14:45:27.688Z
8108,9503984143,Hawa,Touré,Hawa Touré,F,1995-11-01,+22245787093,hawa.touré327@gmail.com,3,Nouakchott-Sud,STANDARD,,ACTIVE,2023-01-28,2023-09-16T16:39:07.302Z,2023-01-28T23:17:09.894Z,2023-09-16T16:39:07.302Z
8109,0310144632,Dah,Sarr,Dah Sarr,M,2003-02-26,+22225657171,dah.sarr437@outlook.com,10,Hodh Ech Chargui,ACTIVE,,ACTIVE,2022-03-25,2023-08-11T01:14:34.913Z,2022-03-25T10:01:54.614Z,2023-08-11T01:14:34.913Z
8110,0207392799,Tourad,Cissé,Tourad Cissé,M,2002-06-23,+22237677243,,7,Gorgol,OCCASIONAL,,ACTIVE,2024-05-22,2024-08-16T06:42:36.395Z,2024-05-22T21:28:30.833Z,2024-08-16T06:42:36.395Z
8111,8201311084,Hamoud,Ould Mahmoud,Hamoud Ould Mahmoud,M,1982-12-17,+22237349278,,1,Nouakchott-Nord,OCCASIONAL,,ACTIVE,2023-07-21,2024-10-10T19:16:04.037Z,2023-07-21T18:40:47.804Z,2024-10-10T19:16:04.037Z
8112,8903263269,Sakouba,Wade,Sakouba Wade,M,1989-12-06,+22233544237,,3,Nouakchott-Sud,ACTIVE,,ACTIVE,2022-03-16,2023-07-18T23:16:45.762Z,2022-03-16T09:10:32.442Z,2023-07-18T23:16:45.762Z
8113,7302378640,Dialika,Touré,Dialika Touré,F,1973-05-01,+22242452333,,2,Nouakchott-Ouest,STANDARD,,ACTIVE,2024-08-02,2024-10-04T01:23:40.222Z,2024-08-02T00:55:09.756Z,2024-10-04T01:23:40.222Z
8114,9714175318,Moulaye,Ould El Hacen,Moulaye Ould El Hacen,M,1997-05-11,+22225559577,moulaye.ouldelhacen300@outlook.com,14,Inchiri,STANDARD,,ACTIVE,2022-08-26,2023-10-26T13:42:23.868Z,2022-08-26T03:47:09.363Z,2023-10-26T13:42:23.868Z
8115,8003546264,Soueidatt,Ould Nagi,Soueidatt Ould Nagi,M,1980-12-11,+22247309616,,3,Nouakchott-Sud,ACTIVE,,ACTIVE,2023-10-22,2024-08-20T11:44:37.237Z,2023-10-22T04:27:37.764Z,2024-08-20T11:44:37.237Z
8116,6204057688,Aziza,Mint Horma,Aziza Mint Horma,F,1962-01-04,+22243964132,aziza.minthorma760@yahoo.fr,4,Dakhlet Nouadhibou,STANDARD,,ACTIVE,2024-04-12,2024-09-05T04:18:31.244Z,2024-04-12T08:57:25.239Z,2024-09-05T04:18:31.244Z
8117,7402380206,Daba,Fofana,Daba Fofana,F,1974-01-26,+22235562417,,2,Nouakchott-Ouest,OCCASIONAL,,ACTIVE,2023-05-04,2024-11-10T12:51:23.558Z,2023-05-04T00:45:21.875Z,2024-11-10T12:51:23.558Z
8118,0415359827,Malouma,Mint Limam,Malouma Mint Limam,F,2004-04-17,+22223197181,,15,Tiris Zemmour,OCCASIONAL,,ACTIVE,2022-12-08,2024-11-28T08:22:53.606Z,2022-12-08T08:23:59.387Z,2024-11-28T08:22:53.606Z
8119,9901182796,Noura,Mint Brahim,Noura Mint Brahim,F,1999-08-18,+22222726413,,1,Nouakchott-Nord,STANDARD,,ACTIVE,2022-11-11,2023-02-15T21:46:18.437Z,2022-11-11T01:24:08.381Z,2023-02-15T21:46:18.437Z
8120,7603803681,Defa,Mint Sidi,Defa Mint Sidi,F,1976-01-04,+22235914193,,3,Nouakchott-Sud,STANDARD,,ACTIVE,2024-02-10,2024-04-14T13:10:30.298Z,2024-02-10T06:52:18.632Z,2024-04-14T13:10:30.298Z
8121,7003347947,Mariam,Mint Vall,Mariam Mint Vall,F,1970-07-06,+22244281973,,3,Nouakchott-Sud,ACTIVE,,ACTIVE,2023-08-25,2023-11-23T16:53:20.794Z,2023-08-25T14:21:34.975Z,2023-11-23T16:53:20.794Z
8122,6904558344,Aminetou,Mint Hadrami,Aminetou Mint Hadrami,F,1969-01-07,+22246048341,aminetou.minthadrami862@outlook.com,4,Dakhlet Nouadhibou,VIP,,ACTIVE,2024-01-23,2024-01-28T06:07:24.883Z,2024-01-23T02:47:47.388Z,2024-01-28T06:07:24.883Z
8123,6009377675,Ghalia,Mint Ahmed,Ghalia Mint Ahmed,F,1960-08-12,+22234481055,,9,Assaba,STANDARD,,ACTIVE,2024-01-03,2024-05-07T01:46:20.907Z,2024-01-03T20:06:45.861Z,2024-05-07T01:46:20.907Z
8124,8002762803,Maloum,Ould Vadel,Maloum Ould Vadel,M,1980-09-03,+22244776343,maloum.ouldvadel856@yahoo.fr,2,Nouakchott-Ouest,ACTIVE,,ACTIVE,2023-10-03,2024-01-02T06:48:04.241Z,2023-10-03T06:49:27.189Z,2024-01-02T06:48:04.241Z
8125,6101851046,Habiboullah,Ould Vall,Habiboullah Ould Vall,M,1961-08-26,+22223543445,habiboullah.ouldvall266@hotmail.fr,1,Nouakchott-Nord,ACTIVE,,ACTIVE,2024-09-20,2024-11-14T03:54:03.054Z,2024-09-20T05:24:32.681Z,2024-11-14T03:54:03.054Z
8126,8104943818,Abdallah,Ould Ahmedou,Abdallah Ould Ahmedou,M,1981-08-11,+22223332249,abdallah.ouldahmedou405@gmail.com,4,Dakhlet Nouadhibou,ACTIVE,,ACTIVE,2023-02-02,2023-11-04T20:09:03.668Z,2023-02-02T06:47:09.037Z,2023-11-04T20:09:03.668Z
8127,8301526386,Habiboullah,Ould El Ghassem,Habiboullah Ould El Ghassem,M,1983-06-24,+22242456651,habiboullah.ouldelghassem300@yahoo.fr,1,Nouakchott-Nord,STANDARD,,BLOCKED,2022-05-16,2024-12-06T09:34:07.991Z,2022-05-16T06:40:45.644Z,2024-12-06T09:34:07.991Z
8128,0512149192,Hamidou,Sissoko,Hamidou Sissoko,M,2005-10-11,+22235405691,,12,Adrar,STANDARD,,ACTIVE,2024-04-10,2024-09-29T13:22:40.536Z,2024-04-10T09:01:06.950Z,2024-09-29T13:22:40.536Z
8129,0102487349,Soueidatt,Ould Saad,Soueidatt Ould Saad,M,2001-07-20,+22223143508,soueidatt.ouldsaad934@yahoo.fr,2,Nouakchott-Ouest,ACTIVE,,ACTIVE,2023-12-01,2024-08-13T13:44:11.489Z,2023-12-01T02:57:56.182Z,2024-08-13T13:44:11.489Z
8130,8212911295,Yacine,Koné,Yacine Koné,F,1982-04-27,+22225758514,,12,Adrar,ACTIVE,,ACTIVE,2024-05-23,2024-07-28T22:29:15.150Z,2024-05-23T21:46:04.446Z,2024-07-28T22:29:15.150Z
8131,6402490746,Mamadou,Diakité,Mamadou Diakité,M,1964-02-04,+22222343042,mamadou.diakité388@outlook.com,2,Nouakchott-Ouest,STANDARD,,ACTIVE,2024-01-23,2024-12-27T00:10:25.686Z,2024-01-23T23:21:00.879Z,2024-12-27T00:10:25.686Z
8132,7403220187,Sidi Ahmed,Sakho,Sidi Ahmed Sakho,M,1974-06-20,+22234691311,,3,Nouakchott-Sud,DORMANT,,ACTIVE,2024-11-13,2024-11-17T03:37:47.222Z,2024-11-13T22:07:46.686Z,2024-11-17T03:37:47.222Z
8133,0103311290,Demba,Sissoko,Demba Sissoko,M,2001-03-08,+22222256544,,3,Nouakchott-Sud,STANDARD,,ACTIVE,2023-02-15,2023-07-09T19:07:43.105Z,2023-02-15T08:47:52.094Z,2023-07-09T19:07:43.105Z
8134,8204534725,Adama,Tall,Adama Tall,M,1982-01-11,+22235563595,adama.tall826@outlook.com,4,Dakhlet Nouadhibou,ACTIVE,,ACTIVE,2022-11-11,2024-09-18T20:33:00.730Z,2022-11-11T17:48:26.426Z,2024-09-18T20:33:00.730Z
8135,0103170350,Ghalia,Doucouré,Ghalia Doucouré,F,2001-02-17,+22223649772,ghalia.doucouré89@outlook.com,3,Nouakchott-Sud,STANDARD,,ACTIVE,2023-08-22,2024-04-09T20:51:13.770Z,2023-08-22T00:47:23.519Z,2024-04-09T20:51:13.770Z
8136,6904518474,Taleb,Ould Tourad,Taleb Ould Tourad,M,1969-12-20,+22233376435,,4,Dakhlet Nouadhibou,DORMANT,,ACTIVE,2022-01-14,2024-02-03T02:57:59.971Z,2022-01-14T06:23:29.913Z,2024-02-03T02:57:59.971Z
8137,9301930814,Abdellahi,Anne,Abdellahi Anne,M,1993-05-06,+22224173705,abdellahi.anne516@yahoo.fr,1,Nouakchott-Nord,ACTIVE,,BLOCKED,2023-09-23,2024-03-18T11:45:22.888Z,2023-09-23T05:33:48.208Z,2024-03-18T11:45:22.888Z
8138,9902413963,Thierno,Sall,Thierno Sall,M,1999-12-13,+22225493384,,2,Nouakchott-Ouest,STANDARD,,ACTIVE,2024-09-01,2024-11-05T15:57:53.908Z,2024-09-01T15:26:33.843Z,2024-11-05T15:57:53.908Z
8139,7114393143,Adama,Kanouté,Adama Kanouté,M,1971-05-05,+22224903895,adama.kanouté172@yahoo.fr,14,Inchiri,STANDARD,,ACTIVE,2022-11-03,2024-03-15T17:25:44.909Z,2022-11-03T08:10:27.616Z,2024-03-15T17:25:44.909Z
8140,6101697987,Noura,Mint Limam,Noura Mint Limam,F,1961-08-14,+22237036661,noura.mintlimam303@outlook.com,1,Nouakchott-Nord,STANDARD,,ACTIVE,2024-01-06,2024-07-25T13:18:40.594Z,2024-01-06T13:33:26.466Z,2024-07-25T13:18:40.594Z
8141,6302546354,Sidi Ahmed,Ould Horma,Sidi Ahmed Ould Horma,M,1963-05-18,+22224111569,,2,Nouakchott-Ouest,OCCASIONAL,,ACTIVE,2022-07-16,2024-09-18T02:29:39.350Z,2022-07-16T13:03:21.394Z,2024-09-18T02:29:39.350Z
8142,0204025496,Salif,Touré,Salif Touré,M,2002-09-26,+22237676376,salif.touré575@yahoo.fr,4,Dakhlet Nouadhibou,STANDARD,,ACTIVE,2023-10-17,2024-05-09T05:18:40.703Z,2023-10-17T01:06:40.247Z,2024-05-09T05:18:40.703Z
8143,8515983683,Mounina,Diallo,Mounina Diallo,F,1985-04-04,+22233211911,,15,Tiris Zemmour,OCCASIONAL,,ACTIVE,2024-01-05,2024-03-28T19:11:44.487Z,2024-01-05T05:46:29.609Z,2024-03-28T19:11:44.487Z
8144,6502348547,Taleb,Ould Dah,Taleb Ould Dah,M,1965-04-12,+22242889360,taleb.oulddah573@gmail.com,2,Nouakchott-Ouest,DORMANT,,ACTIVE,2023-02-13,2023-04-13T06:08:59.799Z,2023-02-13T00:13:17.119Z,2023-04-13T06:08:59.799Z
8145,0002892595,Pape,Cissé,Pape Cissé,M,2000-01-26,+22233788004,pape.cissé892@gmail.com,2,Nouakchott-Ouest,STANDARD,,ACTIVE,2022-11-26,2024-05-09T07:58:08.630Z,2022-11-26T01:26:07.497Z,2024-05-09T07:58:08.630Z
8146,0002180113,Halima,Soumaré,Halima Soumaré,F,2000-11-25,+22222800306,,2,Nouakchott-Ouest,STANDARD,,ACTIVE,2023-12-23,2024-08-27T04:20:55.610Z,2023-12-23T04:24:52.408Z,2024-08-27T04:20:55.610Z
8147,9309550731,Fallou,Ly,Fallou Ly,M,1993-02-24,+22224323500,,9,Assaba,STANDARD,,ACTIVE,2023-12-26,2024-09-04T03:08:26.437Z,2023-12-26T12:24:28.753Z,2024-09-04T03:08:26.437Z
8148,7901902930,Dah,Ould Salem,Dah Ould Salem,M,1979-01-04,+22235113245,,1,Nouakchott-Nord,OCCASIONAL,,INACTIVE,2024-04-03,2024-06-12T17:19:29.029Z,2024-04-03T12:33:29.058Z,2024-06-12T17:19:29.029Z
8149,6209878213,Mariama,Soumaré,Mariama Soumaré,F,1962-06-12,+22237746948,,9,Assaba,STANDARD,,ACTIVE,2022-08-12,2022-09-03T20:48:06.595Z,2022-08-12T05:40:14.402Z,2022-09-03T20:48:06.595Z
8150,6815844534,Mountaga,Diarra,Mountaga Diarra,M,1968-01-26,+22223590270,mountaga.diarra426@outlook.com,15,Tiris Zemmour,STANDARD,,ACTIVE,2022-06-28,2024-11-05T13:12:36.214Z,2022-06-28T02:29:41.907Z,2024-11-05T13:12:36.214Z
8151,6901687096,Cheikh,Ould Abdel Aziz,Cheikh Ould Abdel Aziz,M,1969-07-08,+22232272227,,1,Nouakchott-Nord,DORMANT,,ACTIVE,2023-03-08,2023-12-11T16:10:11.351Z,2023-03-08T12:13:34.186Z,2023-12-11T16:10:11.351Z
8152,9705260582,Moctar,Ly,Moctar Ly,M,1997-08-26,+22233090262,moctar.ly192@outlook.com,5,Trarza,STANDARD,,ACTIVE,2023-01-05,2024-09-24T17:01:32.974Z,2023-01-05T11:37:22.145Z,2024-09-24T17:01:32.974Z
8153,9502204989,Messoud,Ly,Messoud Ly,M,1995-11-05,+22223398592,messoud.ly450@yahoo.fr,2,Nouakchott-Ouest,ACTIVE,,ACTIVE,2024-08-24,2024-11-10T19:00:19.521Z,2024-08-24T01:23:38.476Z,2024-11-10T19:00:19.521Z
8154,8515793402,Salem,Sow,Salem Sow,M,1985-03-27,+22247729100,,15,Tiris Zemmour,STANDARD,,ACTIVE,2023-03-04,2023-12-08T01:28:23.604Z,2023-03-04T00:32:30.251Z,2023-12-08T01:28:23.604Z
8155,8302355174,Zeinab,Koita,Zeinab Koita,F,1983-06-23,+22222153707,,2,Nouakchott-Ouest,ACTIVE,,ACTIVE,2024-11-23,2024-11-24T20:30:19.704Z,2024-11-23T18:26:51.561Z,2024-11-24T20:30:19.704Z
8156,8003103049,Mbareck,Ould Maloum,Mbareck Ould Maloum,M,1980-11-10,+22223223608,mbareck.ouldmaloum531@gmail.com,3,Nouakchott-Sud,STANDARD,,PENDING_KYC,2023-01-25,2023-12-21T17:45:10.041Z,2023-01-25T10:07:13.319Z,2023-12-21T17:45:10.041Z
8157,7903719444,Hamady,Ndour,Hamady Ndour,M,1979-04-21,+22235164874,hamady.ndour827@hotmail.fr,3,Nouakchott-Sud,PREMIUM,,ACTIVE,2022-07-06,2022-11-22T20:31:12.002Z,2022-07-06T03:20:08.582Z,2022-11-22T20:31:12.002Z
8158,9602056345,Saadbouh,Diakité,Saadbouh Diakité,M,1996-04-05,+22241388945,saadbouh.diakité759@gmail.com,2,Nouakchott-Ouest,ACTIVE,,ACTIVE,2024-02-06,2024-08-21T08:19:28.348Z,2024-02-06T05:27:01.925Z,2024-08-21T08:19:28.348Z
8159,0402207207,Zein,Ould Hamoud,Zein Ould Hamoud,M,2004-03-23,+22225062484,,2,Nouakchott-Ouest,ACTIVE,,ACTIVE,2024-06-20,2024-07-02T01:31:23.770Z,2024-06-20T16:15:43.452Z,2024-07-02T01:31:23.770Z
8160,8903486187,Mahmoud,Ould Zein,Mahmoud Ould Zein,M,1989-06-23,+22235296229,,3,Nouakchott-Sud,STANDARD,,ACTIVE,2022-02-14,2022-10-23T05:40:35.558Z,2022-02-14T19:27:34.405Z,2022-10-23T05:40:35.558Z
8161,8814377840,Mohamed Salem,Sarr,Mohamed Salem Sarr,M,1988-09-09,+22237146248,,14,Inchiri,STANDARD,,ACTIVE,2024-07-04,2024-12-27T13:28:27.495Z,2024-07-04T17:35:07.242Z,2024-12-27T13:28:27.495Z
8162,6904687404,Mohamed Vall,Diop,Mohamed Vall Diop,M,1969-07-26,+22223268429,,4,Dakhlet Nouadhibou,DORMANT,,PENDING_KYC,2022-09-05,2024-05-28T11:49:45.035Z,2022-09-05T05:56:25.436Z,2024-05-28T11:49:45.035Z
8163,7503749184,Kéba,Thiaw,Kéba Thiaw,M,1975-12-14,+22223222598,,3,Nouakchott-Sud,STANDARD,,ACTIVE,2024-04-09,2024-05-07T05:35:40.889Z,2024-04-09T06:49:33.137Z,2024-05-07T05:35:40.889Z
8164,0404214410,Rokaya,Mint Hadrami,Rokaya Mint Hadrami,F,2004-05-15,+22236204725,,4,Dakhlet Nouadhibou,OCCASIONAL,,ACTIVE,2022-08-31,2023-05-24T19:32:20.375Z,2022-08-31T06:17:24.598Z,2023-05-24T19:32:20.375Z
8165,0406046235,Ethmane,Ould Hamoud,Ethmane Ould Hamoud,M,2004-05-28,+22222678881,,6,Brakna,STANDARD,,ACTIVE,2024-08-08,2024-12-19T15:23:10.892Z,2024-08-08T19:53:05.149Z,2024-12-19T15:23:10.892Z
8166,6904878833,Youssouf,Ould Jiddou,Youssouf Ould Jiddou,M,1969-07-28,+22232278577,,4,Dakhlet Nouadhibou,OCCASIONAL,,ACTIVE,2024-11-27,2024-12-13T15:41:08.596Z,2024-11-27T12:21:23.259Z,2024-12-13T15:41:08.596Z
8167,9806869938,Mahfoudh,Ould Moulaye,Mahfoudh Ould Moulaye,M,1998-03-02,+22222928097,,6,Brakna,OCCASIONAL,,ACTIVE,2023-09-10,2024-01-04T20:10:47.702Z,2023-09-10T17:49:48.151Z,2024-01-04T20:10:47.702Z
8168,9311444253,Malouma,Koita,Malouma Koita,F,1993-10-13,+22244892121,malouma.koita424@outlook.com,11,Hodh El Gharbi,OCCASIONAL,,BLOCKED,2024-09-07,2024-11-04T02:38:35.025Z,2024-09-07T16:01:11.768Z,2024-11-04T02:38:35.025Z
8169,9705680487,Haby,Fall,Haby Fall,F,1997-03-27,+22232863442,,5,Trarza,STANDARD,,ACTIVE,2022-11-30,2023-02-14T04:42:44.877Z,2022-11-30T08:35:57.058Z,2023-02-14T04:42:44.877Z
8170,8302983867,Bilal,Fofana,Bilal Fofana,M,1983-05-07,+22232732259,,2,Nouakchott-Ouest,DORMANT,,ACTIVE,2022-12-28,2024-02-26T17:13:57.174Z,2022-12-28T15:48:03.070Z,2024-02-26T17:13:57.174Z
8171,7701659667,Soueidatt,Koita,Soueidatt Koita,M,1977-05-14,+22224835438,soueidatt.koita695@outlook.com,1,Nouakchott-Nord,STANDARD,,ACTIVE,2023-08-03,2024-06-29T23:43:12.782Z,2023-08-03T01:55:57.283Z,2024-06-29T23:43:12.782Z
8172,9101763478,Habiba,Camara,Habiba Camara,F,1991-10-05,+22232765410,,1,Nouakchott-Nord,STANDARD,,ACTIVE,2022-09-14,2024-11-08T00:23:13.583Z,2022-09-14T03:00:01.308Z,2024-11-08T00:23:13.583Z
8173,8702726181,Assa,Fall,Assa Fall,F,1987-01-04,+22243645690,,2,Nouakchott-Ouest,ACTIVE,,ACTIVE,2024-03-01,2024-12-14T11:54:14.719Z,2024-03-01T16:05:34.922Z,2024-12-14T11:54:14.719Z
8174,9202560138,Jemila,Bâ,Jemila Bâ,F,1992-09-10,+22247192782,jemila.bâ852@gmail.com,2,Nouakchott-Ouest,STANDARD,,ACTIVE,2023-01-02,2023-11-09T22:11:30.618Z,2023-01-02T00:04:25.097Z,2023-11-09T22:11:30.618Z
8175,6407103292,Tekber,Diakité,Tekber Diakité,F,1964-03-08,+22232973574,,7,Gorgol,OCCASIONAL,,ACTIVE,2024-04-21,2024-06-04T01:55:38.799Z,2024-04-21T05:41:39.461Z,2024-06-04T01:55:38.799Z
8176,9407481441,Lehbib,Ould Cheikh,Lehbib Ould Cheikh,M,1994-01-13,+22223023031,,7,Gorgol,ACTIVE,,ACTIVE,2023-03-11,2024-05-11T19:38:42.405Z,2023-03-11T20:40:08.594Z,2024-05-11T19:38:42.405Z
8177,0504403613,Kadiatou,Cissé,Kadiatou Cissé,F,2005-09-26,+22234950201,,4,Dakhlet Nouadhibou,ACTIVE,,ACTIVE,2022-02-20,2022-12-29T10:55:11.969Z,2022-02-20T02:09:36.725Z,2022-12-29T10:55:11.969Z
8178,6903854207,Abeih,Ould Soufi,Abeih Ould Soufi,M,1969-11-03,+22225518402,abeih.ouldsoufi363@outlook.com,3,Nouakchott-Sud,OCCASIONAL,,INACTIVE,2023-12-22,2024-11-21T19:15:45.753Z,2023-12-22T14:47:23.723Z,2024-11-21T19:15:45.753Z
8179,6507220822,Sidiki,Diarra,Sidiki Diarra,M,1965-09-26,+22225528023,sidiki.diarra658@gmail.com,7,Gorgol,ACTIVE,,ACTIVE,2024-11-02,2024-12-30T15:23:53.790Z,2024-11-02T08:07:23.436Z,2024-12-30T15:23:53.790Z
8180,9401716255,Mahmoud,Bâ,Mahmoud Bâ,M,1994-10-04,+22224871076,,1,Nouakchott-Nord,OCCASIONAL,,PENDING_KYC,2022-03-23,2023-11-09T04:19:03.916Z,2022-03-23T17:10:58.784Z,2023-11-09T04:19:03.916Z
8181,8708233450,Soueidatt,Ould Vadel,Soueidatt Ould Vadel,M,1987-03-06,+22235676401,,8,Guidimaka,DORMANT,,ACTIVE,2022-03-15,2023-07-22T22:07:43.195Z,2022-03-15T21:26:10.385Z,2023-07-22T22:07:43.195Z
8182,9802071647,Naha,Sall,Naha Sall,F,1998-04-09,+22236536092,,2,Nouakchott-Ouest,STANDARD,,ACTIVE,2024-12-06,2024-12-22T22:30:00.928Z,2024-12-06T07:55:19.452Z,2024-12-22T22:30:00.928Z
8183,0401105696,Mbareck,Ould Jiddou,Mbareck Ould Jiddou,M,2004-03-23,+22223360211,,1,Nouakchott-Nord,ACTIVE,,ACTIVE,2023-06-10,2024-04-24T14:20:32.247Z,2023-06-10T08:17:54.804Z,2024-04-24T14:20:32.247Z
8184,0001022320,Ibrahima,Diop,Ibrahima Diop,M,2000-01-07,+22222129771,ibrahima.diop449@gmail.com,1,Nouakchott-Nord,STANDARD,,SUSPENDED,2023-01-04,2024-01-24T09:25:43.791Z,2023-01-04T12:52:08.924Z,2024-01-24T09:25:43.791Z
8185,9112152225,Salka,Mint Maloum,Salka Mint Maloum,F,1991-07-01,+22235143398,salka.mintmaloum495@hotmail.fr,12,Adrar,ACTIVE,,ACTIVE,2022-07-16,2023-05-24T09:32:51.698Z,2022-07-16T00:22:04.876Z,2023-05-24T09:32:51.698Z
8186,6601014446,Koumba,Dramé,Koumba Dramé,F,1966-10-18,+22245014901,koumba.dramé187@gmail.com,1,Nouakchott-Nord,ACTIVE,,ACTIVE,2024-12-13,2024-12-23T03:27:12.231Z,2024-12-13T17:05:55.365Z,2024-12-23T03:27:12.231Z
8187,0102137486,Tamba,Bâ,Tamba Bâ,M,2001-08-07,+22223417324,tamba.bâ984@hotmail.fr,2,Nouakchott-Ouest,STANDARD,,PENDING_KYC,2022-11-23,2022-12-03T01:10:14.068Z,2022-11-23T19:11:03.731Z,2022-12-03T01:10:14.068Z
8188,7304319467,Fodé,Thiam,Fodé Thiam,M,1973-04-07,+22249976790,,4,Dakhlet Nouadhibou,ACTIVE,,ACTIVE,2022-10-26,2022-12-03T03:48:15.576Z,2022-10-26T14:16:22.048Z,2022-12-03T03:48:15.576Z
8189,6503372826,Mbareck,Ould Horma,Mbareck Ould Horma,M,1965-10-18,+22222792211,,3,Nouakchott-Sud,OCCASIONAL,,ACTIVE,2023-05-12,2023-06-29T03:28:19.273Z,2023-05-12T00:57:27.807Z,2023-06-29T03:28:19.273Z
8190,9101750104,Sidi Mohamed,Ould Abdel Kader,Sidi Mohamed Ould Abdel Kader,M,1991-11-04,+22232177738,,1,Nouakchott-Nord,STANDARD,,ACTIVE,2023-05-24,2024-08-09T21:05:23.918Z,2023-05-24T23:43:04.142Z,2024-08-09T21:05:23.918Z
8191,9702507325,Jemila,Mint Abdallah,Jemila Mint Abdallah,F,1997-01-27,+22235354275,,2,Nouakchott-Ouest,OCCASIONAL,,ACTIVE,2024-03-10,2024-06-04T08:44:28.242Z,2024-03-10T23:12:33.663Z,2024-06-04T08:44:28.242Z
8192,9303865600,Zein,Ould Tourad,Zein Ould Tourad,M,1993-06-14,+22222572970,zein.ouldtourad387@gmail.com,3,Nouakchott-Sud,DORMANT,,ACTIVE,2024-09-26,2024-12-06T00:33:32.660Z,2024-09-26T12:34:03.538Z,2024-12-06T00:33:32.660Z
8193,6602135586,Khadijetou,Thiaw,Khadijetou Thiaw,F,1966-09-22,+22235853273,,2,Nouakchott-Ouest,STANDARD,,ACTIVE,2023-06-10,2023-11-18T04:29:42.282Z,2023-06-10T01:24:20.049Z,2023-11-18T04:29:42.282Z
8194,7707077207,Hamoud,Dramé,Hamoud Dramé,M,1977-03-19,+22232404503,,7,Gorgol,STANDARD,,ACTIVE,2022-04-26,2023-07-05T16:16:24.670Z,2022-04-26T09:35:07.082Z,2023-07-05T16:16:24.670Z
8195,7902188847,Seynabou,Ly,Seynabou Ly,F,1979-10-12,+22224082038,,2,Nouakchott-Ouest,OCCASIONAL,,ACTIVE,2024-07-21,2024-09-12T14:37:40.514Z,2024-07-21T12:44:52.683Z,2024-09-12T14:37:40.514Z
8196,8401678206,Hawa,Mbow,Hawa Mbow,F,1984-08-24,+22236672483,,1,Nouakchott-Nord,OCCASIONAL,,ACTIVE,2023-03-08,2024-05-04T19:00:18.769Z,2023-03-08T16:12:51.274Z,2024-05-04T19:00:18.769Z
8197,6201134478,Saadbouh,Ould Abeih,Saadbouh Ould Abeih,M,1962-06-07,+22247471308,,1,Nouakchott-Nord,ACTIVE,,ACTIVE,2023-03-10,2023-03-13T00:24:40.124Z,2023-03-10T06:50:33.714Z,2023-03-13T00:24:40.124Z
8198,6302966619,El Hadj,Bâ,El Hadj Bâ,M,1963-07-26,+22222915620,elhadj.bâ350@yahoo.fr,2,Nouakchott-Ouest,ACTIVE,,ACTIVE,2022-07-23,2023-10-23T20:51:49.711Z,2022-07-23T00:09:08.888Z,2023-10-23T20:51:49.711Z
8199,9803571597,Vadel,Ould Saad,Vadel Ould Saad,M,1998-12-18,+22232274987,vadel.ouldsaad971@hotmail.fr,3,Nouakchott-Sud,ACTIVE,,ACTIVE,2022-02-16,2024-02-07T00:34:01.943Z,2022-02-16T11:55:45.579Z,2024-02-07T00:34:01.943Z
8200,0002184915,Meymouna,Mint Mokhtar,Meymouna Mint Mokhtar,F,2000-06-10,+22237917879,,2,Nouakchott-Ouest,STANDARD,,ACTIVE,2023-07-18,2023-10-07T03:51:20.891Z,2023-07-18T17:10:08.775Z,2023-10-07T03:51:20.891Z
8201,6613419011,Ismaila,Guèye,Ismaila Guèye,M,1966-09-01,+22225898898,,13,Tagant,STANDARD,,SUSPENDED,2023-05-25,2024-06-23T08:50:18.796Z,2023-05-25T18:41:35.911Z,2024-06-23T08:50:18.796Z
8202,7302535915,Taleb,Ould Vall,Taleb Ould Vall,M,1973-04-09,+22224326376,,2,Nouakchott-Ouest,ACTIVE,,ACTIVE,2023-08-12,2024-02-25T23:01:56.614Z,2023-08-12T03:12:02.533Z,2024-02-25T23:01:56.614Z
8203,6513618088,Mohamed Lemine,Ould Abeih,Mohamed Lemine Ould Abeih,M,1965-03-09,+22249005744,mohamedlemine.ouldabeih233@gmail.com,13,Tagant,OCCASIONAL,,ACTIVE,2024-07-02,2024-07-04T10:32:14.131Z,2024-07-02T05:39:52.839Z,2024-07-04T10:32:14.131Z
8204,0509573986,Taleb,Ould Abdel Kader,Taleb Ould Abdel Kader,M,2005-01-19,+22225324756,,9,Assaba,STANDARD,,ACTIVE,2024-09-13,2024-12-02T12:57:38.613Z,2024-09-13T17:14:11.141Z,2024-12-02T12:57:38.613Z
8205,9401243441,Malouma,Fall,Malouma Fall,F,1994-03-21,+22222260827,,1,Nouakchott-Nord,STANDARD,,SUSPENDED,2024-11-24,2024-12-07T01:22:55.700Z,2024-11-24T16:49:34.224Z,2024-12-07T01:22:55.700Z
8206,6002942586,Mohamed Vall,Ould Mokhtar,Mohamed Vall Ould Mokhtar,M,1960-05-05,+22232971513,,2,Nouakchott-Ouest,STANDARD,,ACTIVE,2022-02-18,2024-07-26T13:05:47.779Z,2022-02-18T21:02:26.298Z,2024-07-26T13:05:47.779Z
8207,9402833762,Ghalia,Fofana,Ghalia Fofana,F,1994-02-07,+22223384086,ghalia.fofana924@outlook.com,2,Nouakchott-Ouest,STANDARD,,ACTIVE,2024-11-01,2024-11-09T05:18:49.772Z,2024-11-01T23:51:54.226Z,2024-11-09T05:18:49.772Z
8208,9711541233,Astou,Mbaye,Astou Mbaye,F,1997-01-04,+22243735369,,11,Hodh El Gharbi,OCCASIONAL,,ACTIVE,2024-07-19,2024-09-09T19:44:12.279Z,2024-07-19T08:32:33.550Z,2024-09-09T19:44:12.279Z
8209,8601406263,Aicha,Mint Zein,Aicha Mint Zein,F,1986-05-27,+22223266926,aicha.mintzein527@yahoo.fr,1,Nouakchott-Nord,DORMANT,,ACTIVE,2024-11-05,2024-12-16T07:58:50.250Z,2024-11-05T05:44:03.984Z,2024-12-16T07:58:50.250Z
8210,6404423339,Sidi,Ould Hamadi,Sidi Ould Hamadi,M,1964-07-22,+22222669828,sidi.ouldhamadi623@gmail.com,4,Dakhlet Nouadhibou,STANDARD,,ACTIVE,2022-08-29,2023-08-25T00:13:12.815Z,2022-08-29T12:49:21.333Z,2023-08-25T00:13:12.815Z
8211,8802634056,Noura,Mint Mokhtar,Noura Mint Mokhtar,F,1988-11-25,+22236147836,,2,Nouakchott-Ouest,ACTIVE,,ACTIVE,2023-10-04,2024-10-23T11:56:01.782Z,2023-10-04T21:22:02.299Z,2024-10-23T11:56:01.782Z
8212,0004309736,Hawa,Mint Hamadi,Hawa Mint Hamadi,F,2000-11-10,+22222944541,hawa.minthamadi408@hotmail.fr,4,Dakhlet Nouadhibou,OCCASIONAL,,ACTIVE,2022-11-06,2024-01-04T02:21:12.433Z,2022-11-06T06:18:45.713Z,2024-01-04T02:21:12.433Z
8213,7110598270,Siaka,Sow,Siaka Sow,M,1971-07-11,+22222734455,,10,Hodh Ech Chargui,ACTIVE,,INACTIVE,2022-07-07,2024-07-15T19:06:10.461Z,2022-07-07T01:58:58.346Z,2024-07-15T19:06:10.461Z
8214,8602073837,Cheikhna,Ould Mohamed,Cheikhna Ould Mohamed,M,1986-07-15,+22249054752,,2,Nouakchott-Ouest,DORMANT,,ACTIVE,2022-03-27,2024-02-10T08:49:35.065Z,2022-03-27T09:00:07.954Z,2024-02-10T08:49:35.065Z
8215,7701000049,Yacoub,Diop,Yacoub Diop,M,1977-11-13,+22233712208,yacoub.diop968@yahoo.fr,1,Nouakchott-Nord,ACTIVE,,ACTIVE,2024-07-06,2024-12-12T02:30:51.701Z,2024-07-06T23:03:22.748Z,2024-12-12T02:30:51.701Z
8216,6604996022,Isselmou,Diop,Isselmou Diop,M,1966-09-26,+22235993713,,4,Dakhlet Nouadhibou,OCCASIONAL,,INACTIVE,2023-02-27,2024-01-18T02:14:40.846Z,2023-02-27T05:14:20.669Z,2024-01-18T02:14:40.846Z
8217,9603217626,Sory,Anne,Sory Anne,M,1996-10-24,+22224038255,,3,Nouakchott-Sud,OCCASIONAL,,ACTIVE,2024-04-04,2024-09-26T22:50:37.452Z,2024-04-04T21:18:22.405Z,2024-09-26T22:50:37.452Z
8218,9204371961,Wedadi,Ould Moulaye,Wedadi Ould Moulaye,M,1992-11-21,+22237313699,,4,Dakhlet Nouadhibou,ACTIVE,,ACTIVE,2022-11-09,2023-11-24T03:10:00.179Z,2022-11-09T12:57:29.633Z,2023-11-24T03:10:00.179Z
8219,8002923239,Mouna,Mint El Ghassem,Mouna Mint El Ghassem,F,1980-03-17,+22235974732,,2,Nouakchott-Ouest,DORMANT,,PENDING_KYC,2023-05-19,2024-05-23T23:01:19.545Z,2023-05-19T20:05:48.245Z,2024-05-23T23:01:19.545Z
8220,8611117454,Mohamed Yahya,Ould Khalil,Mohamed Yahya Ould Khalil,M,1986-12-15,+22222351272,mohamedyahya.ouldkhalil119@hotmail.fr,11,Hodh El Gharbi,STANDARD,,ACTIVE,2024-05-08,2024-11-24T14:37:42.847Z,2024-05-08T19:47:41.334Z,2024-11-24T14:37:42.847Z
8221,8802371504,Soueidatt,Ba,Soueidatt Ba,M,1988-03-19,+22224603935,,2,Nouakchott-Ouest,PREMIUM,,ACTIVE,2022-07-04,2022-08-07T00:11:59.625Z,2022-07-04T13:11:31.437Z,2022-08-07T00:11:59.625Z
8222,8202997377,Vadel,Ould Abdel Aziz,Vadel Ould Abdel Aziz,M,1982-03-24,+22243966250,,2,Nouakchott-Ouest,OCCASIONAL,,ACTIVE,2022-03-18,2023-12-20T05:19:12.516Z,2022-03-18T22:53:17.948Z,2023-12-20T05:19:12.516Z
8223,7503349382,Koumba,Thiam,Koumba Thiam,F,1975-07-27,+22237031403,,3,Nouakchott-Sud,STANDARD,,ACTIVE,2022-08-10,2024-02-28T22:38:21.951Z,2022-08-10T17:48:55.947Z,2024-02-28T22:38:21.951Z
8224,6901844574,Habiboullah,Koita,Habiboullah Koita,M,1969-05-20,+22225839916,,1,Nouakchott-Nord,STANDARD,,PENDING_KYC,2023-06-23,2023-07-08T11:12:33.080Z,2023-06-23T03:30:30.172Z,2023-07-08T11:12:33.080Z
8225,9102924063,Tekber,Mint Ahmed,Tekber Mint Ahmed,F,1991-03-23,+22243984584,,2,Nouakchott-Ouest,STANDARD,,ACTIVE,2023-01-28,2024-01-16T14:48:19.067Z,2023-01-28T04:59:02.928Z,2024-01-16T14:48:19.067Z
8226,6501970277,Rokhaya,Bah,Rokhaya Bah,F,1965-12-15,+22236285031,,1,Nouakchott-Nord,DORMANT,,ACTIVE,2022-02-25,2024-03-30T18:34:14.921Z,2022-02-25T15:48:56.544Z,2024-03-30T18:34:14.921Z
8227,0202128443,Tekber,Mint El Mamy,Tekber Mint El Mamy,F,2002-03-01,+22225123234,tekber.mintelmamy224@hotmail.fr,2,Nouakchott-Ouest,STANDARD,,SUSPENDED,2024-04-03,2024-08-08T09:31:30.353Z,2024-04-03T03:05:49.037Z,2024-08-08T09:31:30.353Z
8228,8202538233,Bilal,Ould Ahmedou,Bilal Ould Ahmedou,M,1982-09-12,+22222495956,bilal.ouldahmedou457@yahoo.fr,2,Nouakchott-Ouest,STANDARD,,ACTIVE,2022-01-07,2024-04-28T00:05:09.342Z,2022-01-07T18:46:33.065Z,2024-04-28T00:05:09.342Z
8229,8102031577,Fallou,Sall,Fallou Sall,M,1981-04-19,+22223671076,fallou.sall193@gmail.com,2,Nouakchott-Ouest,OCCASIONAL,,ACTIVE,2023-03-04,2024-03-01T09:59:27.690Z,2023-03-04T18:21:43.202Z,2024-03-01T09:59:27.690Z
8230,6002136356,Adama,Diop,Adama Diop,F,1960-05-04,+22224646139,,2,Nouakchott-Ouest,STANDARD,,ACTIVE,2023-02-23,2023-11-24T15:01:00.627Z,2023-02-23T11:55:06.444Z,2023-11-24T15:01:00.627Z
8231,8401905355,Zahra,Mint Abdallah,Zahra Mint Abdallah,F,1984-02-08,+22225469661,zahra.mintabdallah852@hotmail.fr,1,Nouakchott-Nord,STANDARD,,ACTIVE,2023-08-11,2024-10-18T05:17:26.758Z,2023-08-11T06:19:05.188Z,2024-10-18T05:17:26.758Z
8232,9201824444,Leila,Mint Horma,Leila Mint Horma,F,1992-01-01,+22222002490,,1,Nouakchott-Nord,STANDARD,,ACTIVE,2024-06-04,2024-12-19T17:46:54.481Z,2024-06-04T23:46:48.044Z,2024-12-19T17:46:54.481Z
8233,6710072597,Mariam,Ly,Mariam Ly,F,1967-10-08,+22234150590,,10,Hodh Ech Chargui,STANDARD,,ACTIVE,2024-07-09,2024-11-04T06:40:06.912Z,2024-07-09T14:40:08.453Z,2024-11-04T06:40:06.912Z
8234,8704576827,Mokhtar,Anne,Mokhtar Anne,M,1987-06-15,+22223086372,,4,Dakhlet Nouadhibou,STANDARD,,INACTIVE,2022-09-20,2022-11-22T18:10:56.687Z,2022-09-20T12:07:34.844Z,2022-11-22T18:10:56.687Z
8235,8006052292,Defa,Mint Messoud,Defa Mint Messoud,F,1980-04-25,+22244105492,,6,Brakna,PREMIUM,,ACTIVE,2022-08-11,2024-08-07T16:12:56.015Z,2022-08-11T14:39:06.939Z,2024-08-07T16:12:56.015Z
8236,9803673275,Hafsata,Mint Ethmane,Hafsata Mint Ethmane,F,1998-05-07,+22224014657,hafsata.mintethmane806@outlook.com,3,Nouakchott-Sud,DORMANT,,ACTIVE,2022-11-27,2024-08-30T02:37:33.078Z,2022-11-27T05:42:32.823Z,2024-08-30T02:37:33.078Z
8237,9608024795,Hamidou,Niang,Hamidou Niang,M,1996-12-28,+22225330183,,8,Guidimaka,OCCASIONAL,,ACTIVE,2023-12-25,2024-11-21T07:31:52.786Z,2023-12-25T17:05:27.665Z,2024-11-21T07:31:52.786Z
8238,0101096603,Mariam,Mint Khatri,Mariam Mint Khatri,F,2001-12-23,+22223404669,mariam.mintkhatri714@outlook.com,1,Nouakchott-Nord,STANDARD,,ACTIVE,2024-06-04,2024-09-27T10:47:04.695Z,2024-06-04T22:25:41.874Z,2024-09-27T10:47:04.695Z
8239,6905088028,Boubacar,Ould Ahmed,Boubacar Ould Ahmed,M,1969-03-20,+22223050511,,5,Trarza,DORMANT,,ACTIVE,2024-05-18,2024-07-16T01:06:22.819Z,2024-05-18T14:23:34.504Z,2024-07-16T01:06:22.819Z
8240,9701016510,Mariama,Kanouté,Mariama Kanouté,F,1997-05-20,+22235852735,,1,Nouakchott-Nord,PREMIUM,,ACTIVE,2022-10-03,2023-05-11T01:19:54.185Z,2022-10-03T17:52:55.293Z,2023-05-11T01:19:54.185Z
8241,7307496466,Boubacar,Koné,Boubacar Koné,M,1973-02-11,+22225963225,boubacar.koné927@hotmail.fr,7,Gorgol,STANDARD,,ACTIVE,2022-04-29,2023-05-24T06:27:47.136Z,2022-04-29T10:21:27.286Z,2023-05-24T06:27:47.136Z
8242,9701625695,Youssouf,Ould El Ghassem,Youssouf Ould El Ghassem,M,1997-12-09,+22224753300,,1,Nouakchott-Nord,ACTIVE,,ACTIVE,2024-01-22,2024-05-16T03:48:04.417Z,2024-01-22T20:49:28.762Z,2024-05-16T03:48:04.417Z
8243,6102316122,N'Dèye,Sissoko,N'Dèye Sissoko,F,1961-06-03,+22247234463,n'dèye.sissoko452@hotmail.fr,2,Nouakchott-Ouest,STANDARD,,ACTIVE,2024-10-05,2024-12-25T17:20:45.650Z,2024-10-05T21:34:56.839Z,2024-12-25T17:20:45.650Z
8244,8002311803,Abdel Kader,Ould Ahmedou,Abdel Kader Ould Ahmedou,M,1980-12-10,+22236932531,,2,Nouakchott-Ouest,STANDARD,,ACTIVE,2024-05-02,2024-05-12T01:20:13.905Z,2024-05-02T06:21:00.864Z,2024-05-12T01:20:13.905Z
8245,6403145159,Hafsata,Soumaré,Hafsata Soumaré,F,1964-07-08,+22242808216,hafsata.soumaré891@yahoo.fr,3,Nouakchott-Sud,PREMIUM,,ACTIVE,2022-09-22,2023-04-12T16:33:27.137Z,2022-09-22T04:30:52.786Z,2023-04-12T16:33:27.137Z
8246,7815699623,Mahjouba,Mint Maloum,Mahjouba Mint Maloum,F,1978-03-06,+22223245397,,15,Tiris Zemmour,OCCASIONAL,,ACTIVE,2022-04-23,2023-06-03T03:19:22.462Z,2022-04-23T09:30:56.004Z,2023-06-03T03:19:22.462Z
8247,6801974522,Zeinab,Mint Horma,Zeinab Mint Horma,F,1968-08-01,+22223871800,,1,Nouakchott-Nord,ACTIVE,,ACTIVE,2022-03-30,2022-06-22T19:21:40.607Z,2022-03-30T06:33:36.774Z,2022-06-22T19:21:40.607Z
8248,6103143750,Sekou,Fofana,Sekou Fofana,M,1961-07-18,+22222076795,sekou.fofana337@outlook.com,3,Nouakchott-Sud,STANDARD,,ACTIVE,2022-02-15,2024-07-12T12:38:43.871Z,2022-02-15T02:44:47.388Z,2024-07-12T12:38:43.871Z
8249,6315371028,Cheikh Sidiya,Ould Lemrabott,Cheikh Sidiya Ould Lemrabott,M,1963-11-02,+22235384611,,15,Tiris Zemmour,OCCASIONAL,,ACTIVE,2024-06-26,2024-10-11T14:09:53.470Z,2024-06-26T18:13:35.132Z,2024-10-11T14:09:53.470Z
8250,8302848362,Koumba,Ly,Koumba Ly,F,1983-02-05,+22237773540,koumba.ly876@gmail.com,2,Nouakchott-Ouest,STANDARD,,ACTIVE,2022-01-02,2024-03-26T17:29:39.881Z,2022-01-02T22:54:39.055Z,2024-03-26T17:29:39.881Z
8251,7415817777,Bintou,Thiam,Bintou Thiam,F,1974-11-27,+22222408734,,15,Tiris Zemmour,OCCASIONAL,,ACTIVE,2024-10-10,2024-12-21T05:35:46.475Z,2024-10-10T04:48:43.241Z,2024-12-21T05:35:46.475Z
8252,8202707804,Vall,Ould Bouha,Vall Ould Bouha,M,1982-03-23,+22223950747,,2,Nouakchott-Ouest,OCCASIONAL,,ACTIVE,2022-04-12,2023-05-11T02:53:25.572Z,2022-04-12T22:43:11.967Z,2023-05-11T02:53:25.572Z
8253,8005754458,Oumar,Tall,Oumar Tall,M,1980-12-08,+22234669635,,5,Trarza,ACTIVE,,ACTIVE,2024-12-13,2024-12-15T07:16:58.913Z,2024-12-13T15:23:06.215Z,2024-12-15T07:16:58.913Z
8254,6509346991,Souleymane,Bâ,Souleymane Bâ,M,1965-01-20,+22223810809,souleymane.bâ836@hotmail.fr,9,Assaba,OCCASIONAL,,INACTIVE,2022-06-08,2023-04-05T18:16:05.972Z,2022-06-08T08:59:16.830Z,2023-04-05T18:16:05.972Z
8255,8501446963,Issa,Sy,Issa Sy,M,1985-10-25,+22223919254,issa.sy420@outlook.com,1,Nouakchott-Nord,OCCASIONAL,,ACTIVE,2022-09-23,2023-12-05T23:34:42.354Z,2022-09-23T17:11:26.117Z,2023-12-05T23:34:42.354Z
8256,0410158414,Khadijetou,Kane,Khadijetou Kane,F,2004-05-19,+22232397810,,10,Hodh Ech Chargui,ACTIVE,,SUSPENDED,2024-06-22,2024-07-22T18:07:52.809Z,2024-06-22T05:05:06.857Z,2024-07-22T18:07:52.809Z
8257,7203463599,Minetou,Mint Zein,Minetou Mint Zein,F,1972-09-07,+22243293861,,3,Nouakchott-Sud,ACTIVE,,ACTIVE,2024-03-06,2024-03-26T10:36:11.501Z,2024-03-06T09:25:13.629Z,2024-03-26T10:36:11.501Z
8258,0303969673,Koumba,Fofana,Koumba Fofana,F,2003-06-03,+22233215887,,3,Nouakchott-Sud,OCCASIONAL,,ACTIVE,2023-06-19,2024-04-07T17:38:48.636Z,2023-06-19T13:53:18.265Z,2024-04-07T17:38:48.636Z
8259,8801823101,Fodé,Touré,Fodé Touré,M,1988-01-04,+22233497076,,1,Nouakchott-Nord,ACTIVE,,ACTIVE,2022-07-04,2023-08-24T23:48:09.429Z,2022-07-04T16:38:11.765Z,2023-08-24T23:48:09.429Z
8260,9006801284,Lamine,Dia,Lamine Dia,M,1990-07-24,+22242368243,,6,Brakna,STANDARD,,ACTIVE,2024-05-21,2024-08-19T22:00:29.655Z,2024-05-21T07:42:21.426Z,2024-08-19T22:00:29.655Z
8261,7504037354,Defa,Mint Nenni,Defa Mint Nenni,F,1975-05-13,+22235618221,,4,Dakhlet Nouadhibou,STANDARD,,ACTIVE,2022-10-10,2023-05-22T13:59:03.018Z,2022-10-10T19:37:39.428Z,2023-05-22T13:59:03.018Z
8262,8301479596,Boubacar,Ould Wedadi,Boubacar Ould Wedadi,M,1983-07-19,+22224286546,boubacar.ouldwedadi250@outlook.com,1,Nouakchott-Nord,STANDARD,,ACTIVE,2024-08-17,2024-08-24T02:26:29.682Z,2024-08-17T14:59:03.364Z,2024-08-24T02:26:29.682Z
8263,9315579740,Mariam,Tall,Mariam Tall,F,1993-05-05,+22225072115,,15,Tiris Zemmour,OCCASIONAL,,ACTIVE,2022-06-12,2023-11-23T11:25:45.949Z,2022-06-12T18:33:28.012Z,2023-11-23T11:25:45.949Z
8264,7901124992,Pathé,Soumaré,Pathé Soumaré,M,1979-02-01,+22224736691,pathé.soumaré127@hotmail.fr,1,Nouakchott-Nord,VIP,,ACTIVE,2023-03-05,2023-12-11T20:12:43.101Z,2023-03-05T22:46:10.669Z,2023-12-11T20:12:43.101Z
8265,8204631048,Taleb,Ould Abeih,Taleb Ould Abeih,M,1982-12-23,+22235154016,,4,Dakhlet Nouadhibou,ACTIVE,,ACTIVE,2024-10-10,2024-11-15T11:12:26.628Z,2024-10-10T23:11:32.162Z,2024-11-15T11:12:26.628Z
8266,7213388293,Mariam,Mint Mokhtar,Mariam Mint Mokhtar,F,1972-09-24,+22225368132,,13,Tagant,DORMANT,,ACTIVE,2023-04-01,2024-05-12T00:46:05.242Z,2023-04-01T07:05:55.783Z,2024-05-12T00:46:05.242Z
8267,8503686860,Vatma,Mint Jiddou,Vatma Mint Jiddou,F,1985-12-12,+22237520095,,3,Nouakchott-Sud,OCCASIONAL,,ACTIVE,2023-08-04,2024-08-16T20:55:12.039Z,2023-08-04T02:48:03.258Z,2024-08-16T20:55:12.039Z
8268,8404196619,Taleb,Ould Mokhtar,Taleb Ould Mokhtar,M,1984-01-24,+22225446177,,4,Dakhlet Nouadhibou,STANDARD,,ACTIVE,2022-11-26,2024-04-21T21:15:12.961Z,2022-11-26T16:56:56.908Z,2024-04-21T21:15:12.961Z
8269,9201503819,Khadija,Mint Nagi,Khadija Mint Nagi,F,1992-06-20,+22222028033,khadija.mintnagi373@hotmail.fr,1,Nouakchott-Nord,STANDARD,,ACTIVE,2022-05-30,2024-01-01T17:15:12.961Z,2022-05-30T19:16:16.948Z,2024-01-01T17:15:12.961Z
8270,7204378742,Hamadi,Ould Habiboullah,Hamadi Ould Habiboullah,M,1972-11-24,+22237140025,,4,Dakhlet Nouadhibou,STANDARD,,ACTIVE,2023-03-13,2024-01-19T00:09:03.871Z,2023-03-13T00:19:38.115Z,2024-01-19T00:09:03.871Z
8271,7702191478,Mohamed Salem,Wade,Mohamed Salem Wade,M,1977-04-05,+22225689407,mohamedsalem.wade948@hotmail.fr,2,Nouakchott-Ouest,STANDARD,,ACTIVE,2022-08-27,2022-12-12T12:49:52.195Z,2022-08-27T09:25:31.963Z,2022-12-12T12:49:52.195Z
8272,6103262763,Djenaba,Dieng,Djenaba Dieng,F,1961-11-05,+22237998896,,3,Nouakchott-Sud,OCCASIONAL,,ACTIVE,2022-01-09,2023-12-29T20:36:06.105Z,2022-01-09T20:29:37.345Z,2023-12-29T20:36:06.105Z
8273,9313338583,Aïssata,Wade,Aïssata Wade,F,1993-02-27,+22237979679,,13,Tagant,OCCASIONAL,,PENDING_KYC,2022-05-27,2022-06-04T10:18:09.895Z,2022-05-27T04:22:23.554Z,2022-06-04T10:18:09.895Z
8274,7302593391,Fatima,Mint Brahim,Fatima Mint Brahim,F,1973-02-13,+22222685114,,2,Nouakchott-Ouest,ACTIVE,,ACTIVE,2024-02-02,2024-07-13T15:08:36.644Z,2024-02-02T16:04:40.992Z,2024-07-13T15:08:36.644Z
8275,9402466359,Habiboullah,Ould Soufi,Habiboullah Ould Soufi,M,1994-02-28,+22244911297,,2,Nouakchott-Ouest,OCCASIONAL,,ACTIVE,2024-12-11,2024-12-28T00:42:45.289Z,2024-12-11T14:33:58.765Z,2024-12-28T00:42:45.289Z
8276,9901633966,Tekber,Mint Moulaye,Tekber Mint Moulaye,F,1999-02-07,+22222408605,,1,Nouakchott-Nord,STANDARD,,ACTIVE,2022-11-20,2022-11-20T13:51:28.642Z,2022-11-20T13:40:45.058Z,2022-11-20T13:51:28.642Z
8277,7304151674,Naha,Dia,Naha Dia,F,1973-05-28,+22224896396,,4,Dakhlet Nouadhibou,STANDARD,,ACTIVE,2024-12-24,2024-12-25T06:41:17.676Z,2024-12-24T05:15:33.857Z,2024-12-25T06:41:17.676Z
8278,0302091836,Jiddou,Ould Vall,Jiddou Ould Vall,M,2003-04-16,+22224682304,,2,Nouakchott-Ouest,OCCASIONAL,,ACTIVE,2024-09-15,2024-09-18T22:16:07.705Z,2024-09-15T04:24:39.418Z,2024-09-18T22:16:07.705Z
8279,9003092700,Sidi,Camara,Sidi Camara,M,1990-02-04,+22225520851,,3,Nouakchott-Sud,STANDARD,,ACTIVE,2024-06-23,2024-10-11T03:07:00.646Z,2024-06-23T23:47:10.894Z,2024-10-11T03:07:00.646Z
8280,0002131759,Aissata,Mint Hadrami,Aissata Mint Hadrami,F,2000-11-14,+22236170355,aissata.minthadrami770@gmail.com,2,Nouakchott-Ouest,OCCASIONAL,,ACTIVE,2023-11-26,2024-08-13T02:18:47.049Z,2023-11-26T13:10:30.509Z,2024-08-13T02:18:47.049Z
8281,9601117847,Malouma,Mint Bouha,Malouma Mint Bouha,F,1996-11-20,+22237527947,,1,Nouakchott-Nord,STANDARD,,ACTIVE,2022-03-11,2023-01-31T00:31:13.276Z,2022-03-11T10:53:09.141Z,2023-01-31T00:31:13.276Z
8282,6606488064,Fatou,Barry,Fatou Barry,F,1966-05-24,+22232126053,,6,Brakna,STANDARD,,PENDING_KYC,2022-12-31,2024-08-05T18:57:30.674Z,2022-12-31T04:05:42.393Z,2024-08-05T18:57:30.674Z
8283,8515654330,Mohamed Yahya,Ould Abdel Kader,Mohamed Yahya Ould Abdel Kader,M,1985-09-10,+22237787658,mohamedyahya.ouldabdelkader455@yahoo.fr,15,Tiris Zemmour,OCCASIONAL,,ACTIVE,2022-03-31,2024-05-30T08:44:33.199Z,2022-03-31T10:06:50.944Z,2024-05-30T08:44:33.199Z
8284,8901019198,Zakaria,Ould Abeih,Zakaria Ould Abeih,M,1989-10-22,+22225048464,,1,Nouakchott-Nord,ACTIVE,,ACTIVE,2023-10-29,2024-07-18T05:35:29.735Z,2023-10-29T03:38:56.108Z,2024-07-18T05:35:29.735Z
8285,6904078048,Aicha,Mint Abeih,Aicha Mint Abeih,F,1969-03-09,+22222672703,,4,Dakhlet Nouadhibou,ACTIVE,,BLOCKED,2023-04-22,2024-09-15T10:51:55.094Z,2023-04-22T17:14:04.400Z,2024-09-15T10:51:55.094Z
8286,7611211560,Noura,Touré,Noura Touré,F,1976-12-07,+22225932174,noura.touré838@outlook.com,11,Hodh El Gharbi,OCCASIONAL,,ACTIVE,2024-01-17,2024-10-01T19:21:39.175Z,2024-01-17T18:32:28.637Z,2024-10-01T19:21:39.175Z
8287,0002029261,Aziza,Doucouré,Aziza Doucouré,F,2000-04-26,+22242930030,aziza.doucouré92@hotmail.fr,2,Nouakchott-Ouest,ACTIVE,,ACTIVE,2024-06-20,2024-12-15T00:06:53.230Z,2024-06-20T16:33:14.788Z,2024-12-15T00:06:53.230Z
8288,9802875054,Cheikh,Bâ,Cheikh Bâ,M,1998-06-01,+22242990642,,2,Nouakchott-Ouest,PREMIUM,,ACTIVE,2023-06-06,2023-10-20T11:18:22.064Z,2023-06-06T02:45:13.228Z,2023-10-20T11:18:22.064Z
8289,9113202918,Yacoub,Ould Messoud,Yacoub Ould Messoud,M,1991-05-01,+22248858854,yacoub.ouldmessoud118@hotmail.fr,13,Tagant,ACTIVE,,ACTIVE,2023-03-29,2024-06-28T22:03:04.952Z,2023-03-29T02:46:03.598Z,2024-06-28T22:03:04.952Z
8290,7601704915,Ahmedou,Ould Bouha,Ahmedou Ould Bouha,M,1976-12-18,+22242983683,,1,Nouakchott-Nord,OCCASIONAL,,ACTIVE,2023-05-04,2024-07-30T09:40:58.288Z,2023-05-04T08:55:26.838Z,2024-07-30T09:40:58.288Z
8291,6801684799,Vatma,Ly,Vatma Ly,F,1968-02-03,+22222635271,,1,Nouakchott-Nord,STANDARD,,ACTIVE,2023-07-07,2024-02-08T08:39:54.565Z,2023-07-07T05:03:03.432Z,2024-02-08T08:39:54.565Z
8292,7510478417,Oumou,Soumaré,Oumou Soumaré,F,1975-04-27,+22242059324,oumou.soumaré808@gmail.com,10,Hodh Ech Chargui,ACTIVE,,PENDING_KYC,2023-12-18,2024-11-28T16:09:14.572Z,2023-12-18T15:13:12.404Z,2024-11-28T16:09:14.572Z
8293,9002477953,Mbarka,Niang,Mbarka Niang,F,1990-08-17,+22224865835,mbarka.niang984@outlook.com,2,Nouakchott-Ouest,PREMIUM,,INACTIVE,2022-05-23,2024-02-27T14:42:24.683Z,2022-05-23T22:21:46.280Z,2024-02-27T14:42:24.683Z
8294,0406162436,Karounga,Kane,Karounga Kane,M,2004-07-09,+22223071800,karounga.kane79@gmail.com,6,Brakna,STANDARD,,ACTIVE,2023-09-01,2023-11-22T13:32:16.552Z,2023-09-01T20:16:07.775Z,2023-11-22T13:32:16.552Z
8295,7502147208,Mohamed Salem,Fall,Mohamed Salem Fall,M,1975-02-08,+22223144951,mohamedsalem.fall97@outlook.com,2,Nouakchott-Ouest,STANDARD,,ACTIVE,2022-05-05,2024-10-13T16:28:45.317Z,2022-05-05T00:04:55.224Z,2024-10-13T16:28:45.317Z
8296,6708845097,Taleb,Cissé,Taleb Cissé,M,1967-11-18,+22236805756,taleb.cissé160@outlook.com,8,Guidimaka,DORMANT,,ACTIVE,2023-02-16,2023-03-10T11:10:52.636Z,2023-02-16T06:48:40.852Z,2023-03-10T11:10:52.636Z
8297,8912939528,Hawa,Mint Vadel,Hawa Mint Vadel,F,1989-11-23,+22246702914,hawa.mintvadel48@outlook.com,12,Adrar,DORMANT,,ACTIVE,2023-06-15,2024-08-11T10:20:44.395Z,2023-06-15T18:15:26.050Z,2024-08-11T10:20:44.395Z
8298,7002778551,Youssouf,Ould Mohamed,Youssouf Ould Mohamed,M,1970-07-26,+22234175343,youssouf.ouldmohamed572@yahoo.fr,2,Nouakchott-Ouest,OCCASIONAL,,ACTIVE,2023-06-16,2024-06-22T07:02:25.894Z,2023-06-16T09:05:03.079Z,2024-06-22T07:02:25.894Z
8299,6007073261,Ghali,Ould Ahmed,Ghali Ould Ahmed,M,1960-10-19,+22225496909,ghali.ouldahmed643@gmail.com,7,Gorgol,OCCASIONAL,,INACTIVE,2023-02-10,2024-08-28T09:34:42.244Z,2023-02-10T06:08:15.770Z,2024-08-28T09:34:42.244Z
8300,7702270342,Abdallah,Ould Ghali,Abdallah Ould Ghali,M,1977-04-07,+22234903943,abdallah.ouldghali307@yahoo.fr,2,Nouakchott-Ouest,STANDARD,,ACTIVE,2023-03-13,2023-06-04T16:20:15.148Z,2023-03-13T11:01:10.450Z,2023-06-04T16:20:15.148Z
8301,8804412489,Malick,Wane,Malick Wane,M,1988-01-27,+22225984394,malick.wane60@outlook.com,4,Dakhlet Nouadhibou,STANDARD,,ACTIVE,2022-01-28,2023-06-08T13:29:11.683Z,2022-01-28T05:34:30.724Z,2023-06-08T13:29:11.683Z
8302,6502991147,Thierno,Diop,Thierno Diop,M,1965-12-18,+22225440214,,2,Nouakchott-Ouest,PREMIUM,,ACTIVE,2022-11-26,2024-07-18T23:31:34.148Z,2022-11-26T16:40:13.153Z,2024-07-18T23:31:34.148Z
8303,8503524771,Abeih,Dramé,Abeih Dramé,M,1985-05-10,+22222480294,,3,Nouakchott-Sud,STANDARD,,ACTIVE,2023-04-08,2023-11-26T11:39:53.717Z,2023-04-08T06:39:24.949Z,2023-11-26T11:39:53.717Z
8304,8001297850,Abdoul,Ndiaye,Abdoul Ndiaye,M,1980-05-02,+22237810241,,1,Nouakchott-Nord,STANDARD,,ACTIVE,2024-02-04,2024-11-13T05:47:59.594Z,2024-02-04T19:23:03.295Z,2024-11-13T05:47:59.594Z
8305,8502358179,Bassirou,Koné,Bassirou Koné,M,1985-10-06,+22237845060,,2,Nouakchott-Ouest,OCCASIONAL,,ACTIVE,2024-04-24,2024-05-17T01:06:33.422Z,2024-04-24T02:33:13.252Z,2024-05-17T01:06:33.422Z
8306,9404447787,Rokaya,Bâ,Rokaya Bâ,F,1994-09-17,+22248058895,rokaya.bâ439@yahoo.fr,4,Dakhlet Nouadhibou,STANDARD,,ACTIVE,2023-01-28,2024-11-21T16:05:53.112Z,2023-01-28T12:30:55.606Z,2024-11-21T16:05:53.112Z
8307,7203436207,Sakouba,Barry,Sakouba Barry,M,1972-09-19,+22224352638,sakouba.barry532@yahoo.fr,3,Nouakchott-Sud,STANDARD,,ACTIVE,2024-07-20,2024-12-30T17:31:18.147Z,2024-07-20T13:06:16.466Z,2024-12-30T17:31:18.147Z
8308,9303854709,Naha,Dia,Naha Dia,F,1993-11-28,+22222875952,naha.dia573@yahoo.fr,3,Nouakchott-Sud,ACTIVE,,ACTIVE,2022-12-19,2024-12-23T03:41:07.963Z,2022-12-19T22:22:18.578Z,2024-12-23T03:41:07.963Z
8309,7509737862,Defa,Mint Ahmedou,Defa Mint Ahmedou,F,1975-04-12,+22235986573,defa.mintahmedou824@outlook.com,9,Assaba,STANDARD,,ACTIVE,2024-08-02,2024-11-27T13:25:11.420Z,2024-08-02T01:30:52.604Z,2024-11-27T13:25:11.420Z
8310,0004757339,Abeih,Bah,Abeih Bah,M,2000-07-19,+22223348461,,4,Dakhlet Nouadhibou,OCCASIONAL,,ACTIVE,2024-12-18,2024-12-22T09:20:57.271Z,2024-12-18T16:58:33.869Z,2024-12-22T09:20:57.271Z
8311,7301312298,Tiémoko,Wade,Tiémoko Wade,M,1973-05-18,+22223794188,,1,Nouakchott-Nord,STANDARD,,ACTIVE,2023-09-26,2024-07-05T21:42:31.544Z,2023-09-26T14:50:03.220Z,2024-07-05T21:42:31.544Z
8312,7712799967,Hacen,Ould El Mamy,Hacen Ould El Mamy,M,1977-01-20,+22232520386,,12,Adrar,OCCASIONAL,,PENDING_KYC,2024-11-01,2024-12-25T07:02:37.357Z,2024-11-01T16:39:57.031Z,2024-12-25T07:02:37.357Z
8313,6901590134,Djenaba,Cissé,Djenaba Cissé,F,1969-06-09,+22223816065,djenaba.cissé5@outlook.com,1,Nouakchott-Nord,OCCASIONAL,,ACTIVE,2024-04-04,2024-10-13T02:49:13.195Z,2024-04-04T04:43:18.685Z,2024-10-13T02:49:13.195Z
8314,8815120724,Hacen,Ould Brahim,Hacen Ould Brahim,M,1988-01-25,+22232510242,,15,Tiris Zemmour,ACTIVE,,ACTIVE,2023-09-29,2024-10-05T12:58:12.658Z,2023-09-29T05:34:30.780Z,2024-10-05T12:58:12.658Z
8315,9810835396,Ghali,Fall,Ghali Fall,M,1998-08-23,+22233099571,,10,Hodh Ech Chargui,STANDARD,,ACTIVE,2022-10-15,2024-10-30T14:22:37.414Z,2022-10-15T12:14:57.731Z,2024-10-30T14:22:37.414Z
8316,0503401957,Souleymane,Ould Mohamed,Souleymane Ould Mohamed,M,2005-04-21,+22232303589,,3,Nouakchott-Sud,STANDARD,,ACTIVE,2024-09-21,2024-10-15T03:49:49.059Z,2024-09-21T01:19:27.896Z,2024-10-15T03:49:49.059Z
8317,8215566531,Nouh,Diop,Nouh Diop,M,1982-02-19,+22225873913,nouh.diop387@hotmail.fr,15,Tiris Zemmour,ACTIVE,,ACTIVE,2024-07-15,2024-07-28T02:56:31.362Z,2024-07-15T13:18:42.472Z,2024-07-28T02:56:31.362Z
8318,6105554949,Pathé,Sy,Pathé Sy,M,1961-03-14,+22232572615,,5,Trarza,STANDARD,,ACTIVE,2022-01-11,2022-11-15T06:42:09.859Z,2022-01-11T14:19:00.328Z,2022-11-15T06:42:09.859Z
8319,7503301267,Jiddou,Diagana,Jiddou Diagana,M,1975-06-12,+22249459252,jiddou.diagana6@outlook.com,3,Nouakchott-Sud,PREMIUM,,BLOCKED,2023-03-23,2023-09-01T04:53:55.511Z,2023-03-23T03:12:53.276Z,2023-09-01T04:53:55.511Z
8320,6002941327,Mamadou,Dia,Mamadou Dia,M,1960-12-07,+22223686351,mamadou.dia583@gmail.com,2,Nouakchott-Ouest,STANDARD,,ACTIVE,2024-05-11,2024-09-07T02:43:22.166Z,2024-05-11T04:02:51.840Z,2024-09-07T02:43:22.166Z
8321,6102927861,Brahim,Sy,Brahim Sy,M,1961-09-05,+22242992075,,2,Nouakchott-Ouest,STANDARD,,ACTIVE,2024-01-27,2024-10-22T08:02:45.023Z,2024-01-27T12:19:18.209Z,2024-10-22T08:02:45.023Z
8322,7604509157,Oumar,Ly,Oumar Ly,M,1976-02-06,+22225603854,oumar.ly114@outlook.com,4,Dakhlet Nouadhibou,STANDARD,,PENDING_KYC,2023-09-02,2024-07-01T14:34:05.975Z,2023-09-02T16:34:55.316Z,2024-07-01T14:34:05.975Z
8323,0403172568,Ahmed Baba,Ould Zein,Ahmed Baba Ould Zein,M,2004-04-19,+22223644706,ahmedbaba.ouldzein707@hotmail.fr,3,Nouakchott-Sud,STANDARD,,INACTIVE,2022-08-18,2022-08-29T02:57:33.856Z,2022-08-18T17:48:26.243Z,2022-08-29T02:57:33.856Z
8324,9602019085,Vall,Ould Nagi,Vall Ould Nagi,M,1996-06-27,+22225252883,,2,Nouakchott-Ouest,VIP,,ACTIVE,2024-12-16,2024-12-18T07:49:53.197Z,2024-12-16T14:47:40.423Z,2024-12-18T07:49:53.197Z
8325,7210930765,Meymouna,Sakho,Meymouna Sakho,F,1972-04-16,+22222587657,,10,Hodh Ech Chargui,ACTIVE,,ACTIVE,2022-11-07,2024-08-26T14:26:02.575Z,2022-11-07T04:25:12.816Z,2024-08-26T14:26:02.575Z
8326,7604952902,Saleck,Ould Zein,Saleck Ould Zein,M,1976-03-10,+22236067482,,4,Dakhlet Nouadhibou,STANDARD,,ACTIVE,2023-09-15,2023-09-27T18:09:07.177Z,2023-09-15T07:56:55.210Z,2023-09-27T18:09:07.177Z
8327,6304835469,Sidi Ahmed,Ould Mahmoud,Sidi Ahmed Ould Mahmoud,M,1963-07-28,+22234022128,sidiahmed.ouldmahmoud218@yahoo.fr,4,Dakhlet Nouadhibou,STANDARD,,ACTIVE,2024-05-20,2024-11-03T22:37:31.182Z,2024-05-20T02:21:30.513Z,2024-11-03T22:37:31.182Z
8328,9902436632,Hamady,Koita,Hamady Koita,M,1999-01-07,+22224584585,,2,Nouakchott-Ouest,OCCASIONAL,,ACTIVE,2022-11-04,2024-09-19T03:47:01.635Z,2022-11-04T03:42:38.175Z,2024-09-19T03:47:01.635Z
8329,6005499766,Oumou,Niang,Oumou Niang,F,1960-09-20,+22247881806,oumou.niang225@gmail.com,5,Trarza,STANDARD,,PENDING_KYC,2024-02-20,2024-07-14T15:55:02.204Z,2024-02-20T18:42:26.664Z,2024-07-14T15:55:02.204Z
8330,7602095403,Horma,Ould El Mokhtar,Horma Ould El Mokhtar,M,1976-01-16,+22225977827,,2,Nouakchott-Ouest,STANDARD,,ACTIVE,2022-01-16,2024-08-09T17:13:45.500Z,2022-01-16T17:22:46.246Z,2024-08-09T17:13:45.500Z
8331,8803433302,Fanta,Ly,Fanta Ly,F,1988-03-10,+22233914333,,3,Nouakchott-Sud,STANDARD,,ACTIVE,2023-03-06,2023-10-26T06:13:28.311Z,2023-03-06T03:33:57.521Z,2023-10-26T06:13:28.311Z
8332,9209669326,Fatou,Niang,Fatou Niang,F,1992-04-17,+22234417999,fatou.niang917@yahoo.fr,9,Assaba,ACTIVE,,ACTIVE,2022-08-29,2023-12-16T10:01:36.756Z,2022-08-29T13:45:10.944Z,2023-12-16T10:01:36.756Z
8333,0201430741,Khadijetou,Bâ,Khadijetou Bâ,F,2002-12-06,+22246657066,,1,Nouakchott-Nord,STANDARD,,ACTIVE,2022-03-21,2023-03-06T12:16:02.885Z,2022-03-21T06:00:28.582Z,2023-03-06T12:16:02.885Z
8334,6215962865,Safiya,Cissé,Safiya Cissé,F,1962-01-10,+22225192592,safiya.cissé287@yahoo.fr,15,Tiris Zemmour,ACTIVE,,ACTIVE,2024-09-07,2024-10-30T17:55:08.629Z,2024-09-07T23:34:09.648Z,2024-10-30T17:55:08.629Z
8335,0303399681,Dado,Diallo,Dado Diallo,F,2003-05-26,+22224117099,dado.diallo507@gmail.com,3,Nouakchott-Sud,ACTIVE,,PENDING_KYC,2023-12-11,2024-03-12T16:13:13.810Z,2023-12-11T09:16:01.709Z,2024-03-12T16:13:13.810Z
8336,7912755770,Lemrabott,Ould Saad,Lemrabott Ould Saad,M,1979-03-18,+22224258325,,12,Adrar,ACTIVE,,ACTIVE,2024-06-21,2024-10-16T05:04:40.074Z,2024-06-21T08:32:36.011Z,2024-10-16T05:04:40.074Z
8337,8006580850,Pathé,Thiam,Pathé Thiam,M,1980-04-15,+22225501416,,6,Brakna,STANDARD,,PENDING_KYC,2023-08-30,2024-08-06T03:59:01.871Z,2023-08-30T10:45:23.452Z,2024-08-06T03:59:01.871Z
8338,9403518066,Hawa,Kanouté,Hawa Kanouté,F,1994-08-10,+22225738399,hawa.kanouté977@yahoo.fr,3,Nouakchott-Sud,OCCASIONAL,,ACTIVE,2024-01-18,2024-04-19T11:25:35.059Z,2024-01-18T15:12:30.609Z,2024-04-19T11:25:35.059Z
8339,7902382102,Mokhtar,Ould Abdel Kader,Mokhtar Ould Abdel Kader,M,1979-01-24,+22223149154,,2,Nouakchott-Ouest,OCCASIONAL,,ACTIVE,2022-06-02,2023-04-14T07:35:22.639Z,2022-06-02T11:24:45.841Z,2023-04-14T07:35:22.639Z
8340,9403756723,Vatma,Mint Dah,Vatma Mint Dah,F,1994-02-12,+22236105387,,3,Nouakchott-Sud,OCCASIONAL,,ACTIVE,2022-04-25,2024-04-26T02:58:12.952Z,2022-04-25T08:44:31.333Z,2024-04-26T02:58:12.952Z
8341,9101260841,Wedadi,Ould Ahmed,Wedadi Ould Ahmed,M,1991-03-15,+22225161364,wedadi.ouldahmed396@yahoo.fr,1,Nouakchott-Nord,DORMANT,,ACTIVE,2024-01-09,2024-09-05T02:07:12.694Z,2024-01-09T20:27:06.999Z,2024-09-05T02:07:12.694Z
8342,9002057508,Nana,Kane,Nana Kane,F,1990-03-12,+22248501437,,2,Nouakchott-Ouest,STANDARD,,ACTIVE,2024-03-23,2024-12-16T22:41:37.724Z,2024-03-23T18:49:15.454Z,2024-12-16T22:41:37.724Z
8343,8103181451,Ahmed,Ould Dah,Ahmed Ould Dah,M,1981-06-02,+22223000705,,3,Nouakchott-Sud,STANDARD,,ACTIVE,2023-02-03,2023-12-10T16:39:57.303Z,2023-02-03T20:31:11.564Z,2023-12-10T16:39:57.303Z
8344,7802576870,Aziza,Mint Moulaye,Aziza Mint Moulaye,F,1978-12-27,+22225006932,aziza.mintmoulaye414@hotmail.fr,2,Nouakchott-Ouest,OCCASIONAL,,PENDING_KYC,2023-07-17,2024-11-03T10:13:29.229Z,2023-07-17T01:36:05.710Z,2024-11-03T10:13:29.229Z
8345,9803488741,Vadel,Ould Saad,Vadel Ould Saad,M,1998-12-18,+22248896923,,3,Nouakchott-Sud,OCCASIONAL,,ACTIVE,2024-12-23,2024-12-27T16:40:50.717Z,2024-12-23T19:02:47.080Z,2024-12-27T16:40:50.717Z
8346,6102566365,Naima,Baldé,Naima Baldé,F,1961-10-06,+22237029818,,2,Nouakchott-Ouest,OCCASIONAL,,ACTIVE,2024-08-12,2024-11-30T11:05:24.703Z,2024-08-12T21:53:42.149Z,2024-11-30T11:05:24.703Z
8347,8601626830,Djimé,Sissoko,Djimé Sissoko,M,1986-07-02,+22222945211,djimé.sissoko807@gmail.com,1,Nouakchott-Nord,STANDARD,,INACTIVE,2024-04-29,2024-09-27T09:11:58.742Z,2024-04-29T02:59:19.268Z,2024-09-27T09:11:58.742Z
8348,7003686662,Abdallah,Ould Dah,Abdallah Ould Dah,M,1970-09-17,+22224240958,,3,Nouakchott-Sud,STANDARD,,ACTIVE,2022-09-29,2023-09-26T10:04:36.311Z,2022-09-29T02:27:25.244Z,2023-09-26T10:04:36.311Z
8349,7502417691,Youssouf,Diallo,Youssouf Diallo,M,1975-07-02,+22245230604,youssouf.diallo96@gmail.com,2,Nouakchott-Ouest,STANDARD,,ACTIVE,2023-05-27,2023-08-08T08:44:41.928Z,2023-05-27T10:56:26.336Z,2023-08-08T08:44:41.928Z
8350,0314327998,Ethmane,Sall,Ethmane Sall,M,2003-10-07,+22225408001,,14,Inchiri,STANDARD,,ACTIVE,2022-10-09,2023-07-19T12:32:29.396Z,2022-10-09T11:12:10.550Z,2023-07-19T12:32:29.396Z
8351,6708828784,Abdel Kader,Cissé,Abdel Kader Cissé,M,1967-06-12,+22242966850,abdelkader.cissé420@yahoo.fr,8,Guidimaka,PREMIUM,,PENDING_KYC,2024-03-31,2024-08-14T01:40:11.938Z,2024-03-31T10:58:16.534Z,2024-08-14T01:40:11.938Z
8352,6315390085,Khalil,Kouyaté,Khalil Kouyaté,M,1963-07-03,+22225865420,khalil.kouyaté481@yahoo.fr,15,Tiris Zemmour,PREMIUM,,ACTIVE,2023-07-04,2024-11-13T23:17:05.298Z,2023-07-04T11:41:04.780Z,2024-11-13T23:17:05.298Z
8353,9108225816,Maguette,Ba,Maguette Ba,M,1991-10-16,+22223423969,,8,Guidimaka,PREMIUM,,ACTIVE,2022-02-26,2024-07-12T20:11:12.065Z,2022-02-26T12:34:59.417Z,2024-07-12T20:11:12.065Z
8354,0103077637,Fatima,Dia,Fatima Dia,F,2001-11-06,+22232061136,,3,Nouakchott-Sud,PREMIUM,,ACTIVE,2022-04-05,2024-07-07T06:17:25.901Z,2022-04-05T22:45:02.544Z,2024-07-07T06:17:25.901Z
8355,8704373541,Houda,Mint Ahmedou,Houda Mint Ahmedou,F,1987-07-04,+22225722077,,4,Dakhlet Nouadhibou,STANDARD,,ACTIVE,2022-04-25,2024-12-06T00:37:08.660Z,2022-04-25T10:00:44.624Z,2024-12-06T00:37:08.660Z
8356,9301019643,Ghalia,Mint Saad,Ghalia Mint Saad,F,1993-10-07,+22246109847,,1,Nouakchott-Nord,STANDARD,,ACTIVE,2022-02-23,2024-07-14T19:25:05.162Z,2022-02-23T16:42:15.687Z,2024-07-14T19:25:05.162Z
8357,6102337978,Dialika,Sow,Dialika Sow,F,1961-10-02,+22222630009,,2,Nouakchott-Ouest,STANDARD,,PENDING_KYC,2022-12-21,2023-08-30T07:18:25.554Z,2022-12-21T23:05:05.037Z,2023-08-30T07:18:25.554Z
8358,6701727819,Mariem,Barry,Mariem Barry,F,1967-01-21,+22233959299,,1,Nouakchott-Nord,OCCASIONAL,,PENDING_KYC,2022-07-25,2023-08-24T10:28:01.961Z,2022-07-25T22:53:18.293Z,2023-08-24T10:28:01.961Z
8359,8605185261,Aicha,Mbow,Aicha Mbow,F,1986-09-01,+22244170851,,5,Trarza,STANDARD,,ACTIVE,2022-08-22,2024-08-14T23:32:16.253Z,2022-08-22T07:29:15.254Z,2024-08-14T23:32:16.253Z
8360,8204509581,Mohamed,Ould Dah,Mohamed Ould Dah,M,1982-01-16,+22236260328,,4,Dakhlet Nouadhibou,STANDARD,,PENDING_KYC,2024-04-15,2024-04-30T10:15:30.982Z,2024-04-15T09:53:57.283Z,2024-04-30T10:15:30.982Z
8361,9102372082,Tekber,Mint Horma,Tekber Mint Horma,F,1991-04-19,+22242000045,,2,Nouakchott-Ouest,OCCASIONAL,,ACTIVE,2023-03-14,2024-07-19T07:33:14.522Z,2023-03-14T15:36:34.869Z,2024-07-19T07:33:14.522Z
8362,0001683682,Karamoko,Mbaye,Karamoko Mbaye,M,2000-06-28,+22247537117,,1,Nouakchott-Nord,STANDARD,,ACTIVE,2022-06-14,2023-06-08T05:06:23.235Z,2022-06-14T09:00:58.611Z,2023-06-08T05:06:23.235Z
8363,6708217629,Leila,Mint Ahmedou,Leila Mint Ahmedou,F,1967-10-23,+22222753322,,8,Guidimaka,OCCASIONAL,,ACTIVE,2022-08-27,2023-01-11T23:13:06.301Z,2022-08-27T00:29:37.951Z,2023-01-11T23:13:06.301Z
8364,8305377755,Bintou,Fall,Bintou Fall,F,1983-12-09,+22248533801,,5,Trarza,STANDARD,,ACTIVE,2023-08-21,2023-11-26T00:23:27.335Z,2023-08-21T01:07:05.799Z,2023-11-26T00:23:27.335Z
8365,6402184410,Vadel,Ould Ahmed,Vadel Ould Ahmed,M,1964-02-28,+22236351161,,2,Nouakchott-Ouest,OCCASIONAL,,ACTIVE,2023-10-19,2024-04-20T23:46:39.984Z,2023-10-19T04:50:39.199Z,2024-04-20T23:46:39.984Z
8366,8109043645,Oumou,Mint Abdel Aziz,Oumou Mint Abdel Aziz,F,1981-07-17,+22223420952,oumou.mintabdelaziz981@yahoo.fr,9,Assaba,OCCASIONAL,,ACTIVE,2024-11-26,2024-12-12T15:42:07.359Z,2024-11-26T15:39:28.506Z,2024-12-12T15:42:07.359Z
8367,7107712892,Kadiatou,Dia,Kadiatou Dia,F,1971-07-19,+22244292945,kadiatou.dia492@outlook.com,7,Gorgol,STANDARD,,INACTIVE,2023-02-23,2024-11-26T10:19:29.236Z,2023-02-23T22:13:20.288Z,2024-11-26T10:19:29.236Z
8368,8802883669,Maty,Gaye,Maty Gaye,F,1988-11-26,+22235389056,,2,Nouakchott-Ouest,STANDARD,,ACTIVE,2024-10-07,2024-10-14T21:12:00.890Z,2024-10-07T12:59:02.163Z,2024-10-14T21:12:00.890Z
8369,7101935758,Cheikh Sidiya,Sy,Cheikh Sidiya Sy,M,1971-06-02,+22232908469,cheikhsidiya.sy556@gmail.com,1,Nouakchott-Nord,STANDARD,,ACTIVE,2024-08-13,2024-12-09T06:21:02.480Z,2024-08-13T03:37:18.612Z,2024-12-09T06:21:02.480Z
8370,9301678824,Saliou,Fall,Saliou Fall,M,1993-12-02,+22225244402,saliou.fall741@hotmail.fr,1,Nouakchott-Nord,DORMANT,,ACTIVE,2023-02-13,2024-12-28T01:19:22.271Z,2023-02-13T08:57:31.886Z,2024-12-28T01:19:22.271Z
8371,6312285030,Mariem,Sy,Mariem Sy,F,1963-01-12,+22232410832,mariem.sy296@gmail.com,12,Adrar,ACTIVE,,ACTIVE,2023-03-15,2024-02-27T14:51:56.240Z,2023-03-15T10:02:38.338Z,2024-02-27T14:51:56.240Z
8372,6501223593,Mohamed Lemine,Ould Moulaye,Mohamed Lemine Ould Moulaye,M,1965-02-28,+22245684512,,1,Nouakchott-Nord,STANDARD,,ACTIVE,2023-10-28,2024-10-18T06:01:06.687Z,2023-10-28T01:27:53.309Z,2024-10-18T06:01:06.687Z
8373,7802614626,Nana,Bathily,Nana Bathily,F,1978-03-12,+22223110063,,2,Nouakchott-Ouest,OCCASIONAL,,ACTIVE,2023-02-22,2024-06-28T14:37:38.921Z,2023-02-22T05:38:23.101Z,2024-06-28T14:37:38.921Z
8374,0102226014,Hafsata,Kanouté,Hafsata Kanouté,F,2001-04-13,+22235399847,hafsata.kanouté290@yahoo.fr,2,Nouakchott-Ouest,STANDARD,,ACTIVE,2022-07-14,2024-09-15T17:58:31.207Z,2022-07-14T03:21:59.855Z,2024-09-15T17:58:31.207Z
8375,8505403533,Souleymane,Ould Maloum,Souleymane Ould Maloum,M,1985-11-24,+22222729085,souleymane.ouldmaloum211@outlook.com,5,Trarza,STANDARD,,ACTIVE,2022-08-14,2023-07-23T18:03:42.163Z,2022-08-14T07:15:36.277Z,2023-07-23T18:03:42.163Z
8376,6602802969,Taleb,Ndour,Taleb Ndour,M,1966-07-04,+22234852389,,2,Nouakchott-Ouest,STANDARD,,ACTIVE,2023-08-11,2024-10-18T05:17:26.758Z,2023-08-11T06:19:05.188Z,2024-10-18T05:17:26.758Z
8377,9201506812,Leila,Mint Horma,Leila Mint Horma,F,1992-01-01,+22234331244,leila.minthorma3@hotmail.fr,1,Nouakchott-Nord,STANDARD,,ACTIVE,2024-06-04,2024-12-19T17:46:54.481Z,2024-06-04T23:46:48.044Z,2024-12-19T17:46:54.481Z
8378,6710603980,Mariam,Ly,Mariam Ly,F,1967-10-08,+22225480390,mariam.ly473@hotmail.fr,10,Hodh Ech Chargui,ACTIVE,,ACTIVE,2024-09-27,2024-11-23T18:08:12.100Z,2024-09-27T15:02:35.204Z,2024-11-23T18:08:12.100Z
8379,9702886493,Ahmed,Koita,Ahmed Koita,M,1997-03-26,+22234542611,,2,Nouakchott-Ouest,VIP,,ACTIVE,2023-11-25,2024-05-29T21:53:50.002Z,2023-11-25T06:55:39.947Z,2024-05-29T21:53:50.002Z
8380,0504006061,Abdallah,Barry,Abdallah Barry,M,2005-11-15,+22243847976,,4,Dakhlet Nouadhibou,STANDARD,,ACTIVE,2022-05-30,2023-08-07T04:21:52.261Z,2022-05-30T19:24:16.269Z,2023-08-07T04:21:52.261Z
8381,6402352091,Hamadi,Thiaw,Hamadi Thiaw,M,1964-10-10,+22236074212,,2,Nouakchott-Ouest,STANDARD,,BLOCKED,2023-04-23,2024-05-24T17:34:27.569Z,2023-04-23T03:00:54.792Z,2024-05-24T17:34:27.569Z
8382,8707079884,Malick,Bâ,Malick Bâ,M,1987-01-02,+22244136716,,7,Gorgol,DORMANT,,ACTIVE,2022-02-01,2022-03-21T00:15:12.899Z,2022-02-01T10:42:54.599Z,2022-03-21T00:15:12.899Z
8383,0215032878,Cheikh,Diallo,Cheikh Diallo,M,2002-09-14,+22222249810,,15,Tiris Zemmour,STANDARD,,ACTIVE,2022-11-24,2023-03-16T05:22:43.586Z,2022-11-24T18:35:34.086Z,2023-03-16T05:22:43.586Z
8384,0502807619,Naha,Bathily,Naha Bathily,F,2005-03-20,+22223035851,,2,Nouakchott-Ouest,STANDARD,,ACTIVE,2024-10-01,2024-10-07T14:51:58.920Z,2024-10-01T14:25:43.932Z,2024-10-07T14:51:58.920Z
8385,7712592339,Awa,Guèye,Awa Guèye,F,1977-05-26,+22224384381,awa.guèye739@hotmail.fr,12,Adrar,STANDARD,,ACTIVE,2022-08-07,2022-11-22T18:16:44.268Z,2022-08-07T19:42:33.451Z,2022-11-22T18:16:44.268Z
8386,8602447663,Oumou,Diakité,Oumou Diakité,F,1986-06-08,+22225781640,,2,Nouakchott-Ouest,DORMANT,,ACTIVE,2023-03-14,2024-10-19T17:33:00.528Z,2023-03-14T02:45:00.873Z,2024-10-19T17:33:00.528Z
8387,0201625691,Modibo,Sarr,Modibo Sarr,M,2002-04-03,+22225736414,,1,Nouakchott-Nord,ACTIVE,,ACTIVE,2022-01-21,2023-05-01T01:29:12.233Z,2022-01-21T01:47:35.790Z,2023-05-01T01:29:12.233Z
8388,6902704211,Mohamed Yahya,Ould El Mokhtar,Mohamed Yahya Ould El Mokhtar,M,1969-10-21,+22223160663,,2,Nouakchott-Ouest,ACTIVE,,BLOCKED,2023-01-21,2024-06-27T20:49:08.331Z,2023-01-21T23:49:27.532Z,2024-06-27T20:49:08.331Z
8389,9301706422,Ely,Sarr,Ely Sarr,M,1993-11-15,+22241792899,,1,Nouakchott-Nord,VIP,,ACTIVE,2024-03-18,2024-09-01T21:31:20.302Z,2024-03-18T10:13:29.851Z,2024-09-01T21:31:20.302Z
8390,9415328901,Abdel Aziz,Ould Salem,Abdel Aziz Ould Salem,M,1994-01-27,+22233858265,,15,Tiris Zemmour,ACTIVE,,ACTIVE,2023-03-09,2023-10-15T23:22:48.894Z,2023-03-09T09:21:47.881Z,2023-10-15T23:22:48.894Z
8391,0104190409,Souleymane,Ould Ghali,Souleymane Ould Ghali,M,2001-02-06,+22233147657,,4,Dakhlet Nouadhibou,STANDARD,,ACTIVE,2023-11-21,2024-10-08T15:41:46.184Z,2023-11-21T07:15:30.546Z,2024-10-08T15:41:46.184Z
8392,6302805947,Halima,Mint Abeih,Halima Mint Abeih,F,1963-02-28,+22234444729,,2,Nouakchott-Ouest,STANDARD,,BLOCKED,2024-10-03,2024-12-16T01:18:01.711Z,2024-10-03T17:32:15.712Z,2024-12-16T01:18:01.711Z
8393,6501581545,Limam,Ould Abdel Kader,Limam Ould Abdel Kader,M,1965-01-16,+22224326585,limam.ouldabdelkader953@hotmail.fr,1,Nouakchott-Nord,OCCASIONAL,,INACTIVE,2024-08-16,2024-09-27T22:08:44.916Z,2024-08-16T20:11:45.817Z,2024-09-27T22:08:44.916Z
8394,8103312604,Zakaria,Ould Ethmane,Zakaria Ould Ethmane,M,1981-05-14,+22249938222,,3,Nouakchott-Sud,STANDARD,,ACTIVE,2022-03-20,2023-10-12T00:55:15.610Z,2022-03-20T06:52:05.328Z,2023-10-12T00:55:15.610Z
8395,0409993026,Naha,Mint Dah,Naha Mint Dah,F,2004-06-15,+22222033113,naha.mintdah81@yahoo.fr,9,Assaba,ACTIVE,,ACTIVE,2023-01-06,2024-03-08T23:59:44.090Z,2023-01-06T15:56:28.185Z,2024-03-08T23:59:44.090Z
8396,9102601739,Awa,Ba,Awa Ba,F,1991-06-27,+22249803446,,2,Nouakchott-Ouest,OCCASIONAL,,ACTIVE,2022-11-06,2024-09-27T06:44:04.027Z,2022-11-06T07:41:36.559Z,2024-09-27T06:44:04.027Z
8397,9402029286,Ghali,Ould Maloum,Ghali Ould Maloum,M,1994-10-08,+22245101451,,2,Nouakchott-Ouest,OCCASIONAL,,ACTIVE,2024-08-29,2024-12-06T03:51:33.508Z,2024-08-29T16:03:32.680Z,2024-12-06T03:51:33.508Z
8398,9411787096,Hacen,Ould Abdallah,Hacen Ould Abdallah,M,1994-02-18,+22223141448,,11,Hodh El Gharbi,STANDARD,,ACTIVE,2022-12-26,2024-04-03T06:05:11.671Z,2022-12-26T20:58:42.004Z,2024-04-03T06:05:11.671Z
8399,0101437208,Malick,Tall,Malick Tall,M,2001-11-24,+22237394546,,1,Nouakchott-Nord,PREMIUM,,ACTIVE,2023-04-21,2023-08-03T20:37:03.239Z,2023-04-21T11:56:33.675Z,2023-08-03T20:37:03.239Z
8400,8002416315,Dah,Ould Nenni,Dah Ould Nenni,M,1980-08-01,+22222860259,,2,Nouakchott-Ouest,OCCASIONAL,,ACTIVE,2022-08-12,2023-02-22T16:01:24.137Z,2022-08-12T13:45:59.967Z,2023-02-22T16:01:24.137Z
8401,9704784054,Khady,Koita,Khady Koita,F,1997-02-22,+22232774150,khady.koita704@gmail.com,4,Dakhlet Nouadhibou,ACTIVE,,ACTIVE,2024-02-15,2024-09-27T18:45:33.456Z,2024-02-15T10:48:11.066Z,2024-09-27T18:45:33.456Z
8402,7110408124,Hacen,Ould Saad,Hacen Ould Saad,M,1971-04-22,+22224879385,hacen.ouldsaad136@yahoo.fr,10,Hodh Ech Chargui,OCCASIONAL,,ACTIVE,2022-10-15,2023-04-21T22:11:56.127Z,2022-10-15T13:55:20.265Z,2023-04-21T22:11:56.127Z
8403,6907149691,Noura,Mint Ghali,Noura Mint Ghali,F,1969-06-20,+22234740779,,7,Gorgol,STANDARD,,ACTIVE,2022-07-21,2022-10-04T12:00:44.705Z,2022-07-21T23:13:51.185Z,2022-10-04T12:00:44.705Z
8404,6902343029,Mouna,Mint Zein,Mouna Mint Zein,F,1969-12-14,+22225035835,,2,Nouakchott-Ouest,STANDARD,,ACTIVE,2023-10-05,2024-09-13T09:04:49.468Z,2023-10-05T02:40:16.211Z,2024-09-13T09:04:49.468Z
8405,8411228040,Kiné,Thiam,Kiné Thiam,F,1984-04-02,+22223184502,,11,Hodh El Gharbi,OCCASIONAL,,ACTIVE,2024-03-16,2024-08-11T19:46:57.189Z,2024-03-16T04:59:54.041Z,2024-08-11T19:46:57.189Z
8406,0202158817,Aicha,Diop,Aicha Diop,F,2002-10-17,+22233956676,,2,Nouakchott-Ouest,OCCASIONAL,,ACTIVE,2022-06-15,2024-11-25T07:13:47.714Z,2022-06-15T02:53:20.471Z,2024-11-25T07:13:47.714Z
8407,6803461479,Vatma,Mint Ghali,Vatma Mint Ghali,F,1968-05-28,+22225040192,vatma.mintghali610@gmail.com,3,Nouakchott-Sud,STANDARD,,ACTIVE,2022-06-18,2022-07-04T15:29:21.276Z,2022-06-18T16:17:22.908Z,2022-07-04T15:29:21.276Z
8408,7504580380,Vatma,Sall,Vatma Sall,F,1975-08-11,+22232357721,vatma.sall142@yahoo.fr,4,Dakhlet Nouadhibou,STANDARD,,ACTIVE,2023-08-11,2024-11-17T10:21:14.470Z,2023-08-11T05:57:22.562Z,2024-11-17T10:21:14.470Z
8409,6802902254,Kani,Baldé,Kani Baldé,F,1968-02-15,+22223549404,kani.baldé883@gmail.com,2,Nouakchott-Ouest,OCCASIONAL,,ACTIVE,2024-05-11,2024-08-01T13:10:18.448Z,2024-05-11T09:06:31.695Z,2024-08-01T13:10:18.448Z
8410,0201622452,Safi,Diallo,Safi Diallo,F,2002-09-01,+22232721007,safi.diallo451@outlook.com,1,Nouakchott-Nord,ACTIVE,,ACTIVE,2022-06-09,2023-10-11T08:07:37.930Z,2022-06-09T15:10:21.829Z,2023-10-11T08:07:37.930Z
8411,6903274078,Sory,Bah,Sory Bah,M,1969-03-22,+22233669258,sory.bah280@hotmail.fr,3,Nouakchott-Sud,PREMIUM,,ACTIVE,2023-02-05,2023-12-07T19:20:30.047Z,2023-02-05T19:51:35.726Z,2023-12-07T19:20:30.047Z
8412,9702130800,Penda,Niang,Penda Niang,F,1997-05-22,+22244020827,penda.niang29@yahoo.fr,2,Nouakchott-Ouest,STANDARD,,ACTIVE,2024-03-27,2024-10-01T04:42:50.240Z,2024-03-27T22:03:44.768Z,2024-10-01T04:42:50.240Z
8413,7702835518,Koumba,Bah,Koumba Bah,F,1977-07-10,+22225398185,,2,Nouakchott-Ouest,ACTIVE,,ACTIVE,2022-11-04,2023-10-19T05:13:57.932Z,2022-11-04T02:32:20.146Z,2023-10-19T05:13:57.932Z
8414,6502807996,Sidi Ahmed,Ould El Mokhtar,Sidi Ahmed Ould El Mokhtar,M,1965-12-20,+22223318558,,2,Nouakchott-Ouest,ACTIVE,,ACTIVE,2022-09-23,2023-07-12T08:39:24.468Z,2022-09-23T13:14:13.088Z,2023-07-12T08:39:24.468Z
8415,0202875622,Hamoud,Gaye,Hamoud Gaye,M,2002-09-20,+22247123606,hamoud.gaye864@hotmail.fr,2,Nouakchott-Ouest,DORMANT,,ACTIVE,2022-06-05,2024-11-15T09:24:22.719Z,2022-06-05T13:50:54.744Z,2024-11-15T09:24:22.719Z
8416,6707822024,Salif,Soumaré,Salif Soumaré,M,1967-06-18,+22233705175,,7,Gorgol,STANDARD,,ACTIVE,2024-03-01,2024-04-23T00:05:06.971Z,2024-03-01T07:50:28.268Z,2024-04-23T00:05:06.971Z
8417,8915059535,Maimouna,Wane,Maimouna Wane,F,1989-08-21,+22235999439,maimouna.wane240@yahoo.fr,15,Tiris Zemmour,ACTIVE,,ACTIVE,2023-03-26,2023-04-13T18:25:25.699Z,2023-03-26T01:31:40.130Z,2023-04-13T18:25:25.699Z
8418,8602529192,Messoud,Ould Mahmoud,Messoud Ould Mahmoud,M,1986-12-07,+22225257022,,2,Nouakchott-Ouest,OCCASIONAL,,ACTIVE,2022-03-03,2023-02-05T15:50:57.277Z,2022-03-03T02:00:56.561Z,2023-02-05T15:50:57.277Z
8419,7302917706,Lala,Dramé,Lala Dramé,F,1973-06-06,+22223988740,lala.dramé833@gmail.com,2,Nouakchott-Ouest,STANDARD,,ACTIVE,2024-12-12,2024-12-27T03:22:59.887Z,2024-12-12T11:21:20.585Z,2024-12-27T03:22:59.887Z
8420,6102233681,Mohamed Mahmoud,Sissoko,Mohamed Mahmoud Sissoko,M,1961-11-23,+22233640810,mohamedmahmoud.sissoko194@hotmail.fr,2,Nouakchott-Ouest,DORMANT,,ACTIVE,2022-04-19,2023-05-29T02:41:32.956Z,2022-04-19T09:14:13.003Z,2023-05-29T02:41:32.956Z
8421,8103775977,Adama,Soumaré,Adama Soumaré,M,1981-07-16,+22224114582,,3,Nouakchott-Sud,STANDARD,,ACTIVE,2022-12-19,2024-02-27T19:57:14.444Z,2022-12-19T02:25:10.844Z,2024-02-27T19:57:14.444Z
8422,7010655699,Daba,Ndiaye,Daba Ndiaye,F,1970-03-09,+22222556886,daba.ndiaye137@yahoo.fr,10,Hodh Ech Chargui,PREMIUM,,ACTIVE,2022-05-22,2023-01-10T17:36:49.449Z,2022-05-22T20:10:09.647Z,2023-01-10T17:36:49.449Z
8423,7901097878,Maloum,Ould Ahmed,Maloum Ould Ahmed,M,1979-08-08,+22224466501,,1,Nouakchott-Nord,DORMANT,,ACTIVE,2024-05-20,2024-06-12T06:10:05.897Z,2024-05-20T18:14:16.649Z,2024-06-12T06:10:05.897Z
8424,8312192455,Malouma,Fofana,Malouma Fofana,F,1983-06-04,+22233102318,,12,Adrar,OCCASIONAL,,ACTIVE,2022-06-01,2023-11-26T13:10:14.674Z,2022-06-01T12:45:33.521Z,2023-11-26T13:10:14.674Z
8425,7503413968,Yahya,Ould Abeih,Yahya Ould Abeih,M,1975-11-28,+22235168128,yahya.ouldabeih141@yahoo.fr,3,Nouakchott-Sud,OCCASIONAL,,ACTIVE,2024-02-06,2024-06-28T13:47:12.485Z,2024-02-06T19:25:45.041Z,2024-06-28T13:47:12.485Z
8426,7002571338,Hamadi,Ould Zein,Hamadi Ould Zein,M,1970-09-26,+22225701692,hamadi.ouldzein632@hotmail.fr,2,Nouakchott-Ouest,ACTIVE,,ACTIVE,2022-07-17,2024-02-29T03:03:01.057Z,2022-07-17T03:30:27.511Z,2024-02-29T03:03:01.057Z
8427,7302249669,Vatma,Ba,Vatma Ba,F,1973-01-20,+22237922100,vatma.ba910@outlook.com,2,Nouakchott-Ouest,OCCASIONAL,,ACTIVE,2023-12-22,2024-02-06T10:30:23.584Z,2023-12-22T04:49:16.642Z,2024-02-06T10:30:23.584Z
8428,9302740993,Aïssata,Sarr,Aïssata Sarr,F,1993-04-05,+22236799089,,2,Nouakchott-Ouest,OCCASIONAL,,ACTIVE,2024-02-20,2024-09-08T01:09:48.583Z,2024-02-20T04:43:21.344Z,2024-09-08T01:09:48.583Z
8429,7206626919,Yacoub,Faye,Yacoub Faye,M,1972-02-22,+22237589572,yacoub.faye11@gmail.com,6,Brakna,OCCASIONAL,,ACTIVE,2022-08-05,2024-11-06T03:54:03.139Z,2022-08-05T01:51:40.783Z,2024-11-06T03:54:03.139Z
8430,0312140742,Aminetou,Ndiaye,Aminetou Ndiaye,F,2003-12-22,+22225960277,,12,Adrar,STANDARD,,ACTIVE,2023-08-03,2023-09-12T23:15:22.572Z,2023-08-03T10:07:52.208Z,2023-09-12T23:15:22.572Z
8431,9204942910,Cheikh Sidiya,Fofana,Cheikh Sidiya Fofana,M,1992-05-04,+22247909070,,4,Dakhlet Nouadhibou,ACTIVE,,SUSPENDED,2024-05-30,2024-10-30T13:09:47.137Z,2024-05-30T14:13:51.063Z,2024-10-30T13:09:47.137Z
8432,8715504572,Lehbib,Niang,Lehbib Niang,M,1987-12-14,+22237519299,lehbib.niang461@outlook.com,15,Tiris Zemmour,OCCASIONAL,,PENDING_KYC,2024-12-13,2024-12-22T12:50:52.436Z,2024-12-13T03:12:42.134Z,2024-12-22T12:50:52.436Z
8433,7711191513,Ahmed Salem,Barry,Ahmed Salem Barry,M,1977-03-21,+22222120642,ahmedsalem.barry423@gmail.com,11,Hodh El Gharbi,STANDARD,,ACTIVE,2024-08-31,2024-10-10T10:06:46.345Z,2024-08-31T20:23:34.217Z,2024-10-10T10:06:46.345Z
8434,7102753960,Mohamed Vall,Ould Saad,Mohamed Vall Ould Saad,M,1971-12-08,+22224633106,,2,Nouakchott-Ouest,STANDARD,,ACTIVE,2024-08-14,2024-09-22T00:32:34.699Z,2024-08-14T10:31:15.030Z,2024-09-22T00:32:34.699Z
8435,8601874958,El Khalil,Bah,El Khalil Bah,M,1986-11-22,+22222338944,elkhalil.bah800@outlook.com,1,Nouakchott-Nord,STANDARD,,ACTIVE,2023-12-23,2024-08-27T04:20:55.610Z,2023-12-23T04:24:52.408Z,2024-08-27T04:20:55.610Z
8436,9309497573,Fallou,Ly,Fallou Ly,M,1993-02-24,+22224032835,fallou.ly748@gmail.com,9,Assaba,ACTIVE,,ACTIVE,2024-07-19,2024-11-16T05:11:02.140Z,2024-07-19T19:47:58.772Z,2024-11-16T05:11:02.140Z
8437,8904380507,Mohamed Salem,Ould Khatri,Mohamed Salem Ould Khatri,M,1989-09-01,+22222217934,,4,Dakhlet Nouadhibou,OCCASIONAL,,ACTIVE,2022-12-01,2023-02-08T19:08:53.104Z,2022-12-01T14:33:21.572Z,2023-02-08T19:08:53.104Z
8438,0303282547,Horma,Ould Ghali,Horma Ould Ghali,M,2003-09-19,+22244159950,,3,Nouakchott-Sud,DORMANT,,ACTIVE,2023-02-16,2023-03-10T11:10:52.636Z,2023-02-16T06:48:40.852Z,2023-03-10T11:10:52.636Z
8439,8912848730,Hawa,Mint Vadel,Hawa Mint Vadel,F,1989-11-23,+22224210740,,12,Adrar,OCCASIONAL,,ACTIVE,2024-01-23,2024-09-26T15:02:43.323Z,2024-01-23T08:45:21.606Z,2024-09-26T15:02:43.323Z
8440,9102589992,Oumar,Diallo,Oumar Diallo,M,1991-02-09,+22225132002,oumar.diallo338@hotmail.fr,2,Nouakchott-Ouest,DORMANT,,ACTIVE,2024-05-22,2024-11-25T11:49:43.243Z,2024-05-22T04:44:56.776Z,2024-11-25T11:49:43.243Z
8441,6909584887,Yaya,Camara,Yaya Camara,M,1969-02-11,+22223310338,,9,Assaba,PREMIUM,,ACTIVE,2023-10-31,2024-08-31T04:49:00.877Z,2023-10-31T14:57:00.256Z,2024-08-31T04:49:00.877Z
8442,8515869473,Salem,Sow,Salem Sow,M,1985-03-27,+22236668075,,15,Tiris Zemmour,STANDARD,,ACTIVE,2023-04-03,2023-08-29T02:29:40.155Z,2023-04-03T10:07:31.511Z,2023-08-29T02:29:40.155Z
8443,8302898110,Zeinab,Koita,Zeinab Koita,F,1983-06-23,+22244333200,,2,Nouakchott-Ouest,PREMIUM,,PENDING_KYC,2023-01-14,2023-04-16T00:10:10.603Z,2023-01-14T15:14:11.912Z,2023-04-16T00:10:10.603Z
8444,0402247672,Horma,Doucouré,Horma Doucouré,M,2004-03-03,+22225939647,horma.doucouré468@outlook.com,2,Nouakchott-Ouest,ACTIVE,,PENDING_KYC,2022-05-26,2022-10-18T20:31:50.700Z,2022-05-26T18:20:08.354Z,2022-10-18T20:31:50.700Z
8445,6904571787,Aichetou,Mint Habiboullah,Aichetou Mint Habiboullah,F,1969-12-05,+22224141694,aichetou.minthabiboullah483@outlook.com,4,Dakhlet Nouadhibou,OCCASIONAL,,ACTIVE,2024-11-06,2024-12-07T20:02:08.548Z,2024-11-06T09:49:46.455Z,2024-12-07T20:02:08.548Z
8446,9701297162,Saleck,Ould Nagi,Saleck Ould Nagi,M,1997-04-17,+22224056348,,1,Nouakchott-Nord,DORMANT,,ACTIVE,2022-03-12,2024-06-02T16:56:41.477Z,2022-03-12T00:02:48.660Z,2024-06-02T16:56:41.477Z
8447,9102966766,Naha,Mint Nagi,Naha Mint Nagi,F,1991-03-07,+22222907439,,2,Nouakchott-Ouest,OCCASIONAL,,ACTIVE,2023-11-28,2024-06-09T05:51:06.713Z,2023-11-28T16:11:35.222Z,2024-06-09T05:51:06.713Z
8448,0306383744,Youssouf,Bâ,Youssouf Bâ,M,2003-08-15,+22235550801,,6,Brakna,OCCASIONAL,,ACTIVE,2022-01-13,2024-10-20T23:03:39.865Z,2022-01-13T17:18:57.724Z,2024-10-20T23:03:39.865Z
8449,9703561809,Abdourahmane,Fall,Abdourahmane Fall,M,1997-08-23,+22245024195,,3,Nouakchott-Sud,PREMIUM,,ACTIVE,2022-02-15,2022-03-18T11:28:24.004Z,2022-02-15T03:12:13.998Z,2022-03-18T11:28:24.004Z
8450,7104458986,Soueidatt,Ould Bouha,Soueidatt Ould Bouha,M,1971-04-08,+22235328919,soueidatt.ouldbouha427@hotmail.fr,4,Dakhlet Nouadhibou,STANDARD,,ACTIVE,2024-12-16,2024-12-16T08:04:30.779Z,2024-12-16T07:09:24.287Z,2024-12-16T08:04:30.779Z
8451,0305874388,Modou,Ndiaye,Modou Ndiaye,M,2003-09-15,+22233214412,,5,Trarza,ACTIVE,,ACTIVE,2023-12-01,2023-12-10T13:36:34.960Z,2023-12-01T18:06:54.507Z,2023-12-10T13:36:34.960Z
8452,0201848182,Mahmoud,Koita,Mahmoud Koita,M,2002-07-26,+22234291468,mahmoud.koita851@hotmail.fr,1,Nouakchott-Nord,PREMIUM,,BLOCKED,2023-03-14,2023-04-14T08:39:53.550Z,2023-03-14T23:32:42.429Z,2023-04-14T08:39:53.550Z
8453,7504307905,Boubacar,Mbaye,Boubacar Mbaye,M,1975-05-19,+22242513174,,4,Dakhlet Nouadhibou,STANDARD,,SUSPENDED,2022-10-21,2024-09-24T20:22:37.133Z,2022-10-21T05:24:40.622Z,2024-09-24T20:22:37.133Z
8454,8206165064,Coumba,Barry,Coumba Barry,F,1982-04-03,+22222758571,coumba.barry283@hotmail.fr,6,Brakna,STANDARD,,ACTIVE,2024-04-22,2024-12-18T22:19:18.153Z,2024-04-22T18:10:44.824Z,2024-12-18T22:19:18.153Z
8455,0101521774,Ablaye,Ndour,Ablaye Ndour,M,2001-12-17,+22225977558,,1,Nouakchott-Nord,OCCASIONAL,,ACTIVE,2023-12-01,2023-12-25T16:47:00.282Z,2023-12-01T12:03:39.478Z,2023-12-25T16:47:00.282Z
8456,7901374630,Thierno,Soumaré,Thierno Soumaré,M,1979-05-05,+22225727487,,1,Nouakchott-Nord,OCCASIONAL,,ACTIVE,2024-08-03,2024-11-15T07:05:18.017Z,2024-08-03T11:16:25.976Z,2024-11-15T07:05:18.017Z
8457,8613236414,Minetou,Mint Khalil,Minetou Mint Khalil,F,1986-10-15,+22234536215,,13,Tagant,STANDARD,,ACTIVE,2024-08-18,2024-12-10T12:27:15.813Z,2024-08-18T00:43:02.117Z,2024-12-10T12:27:15.813Z
8458,0506141243,Aziza,Mint El Hacen,Aziza Mint El Hacen,F,2005-02-07,+22233450682,,6,Brakna,OCCASIONAL,,ACTIVE,2023-06-14,2023-07-31T14:35:14.437Z,2023-06-14T02:10:19.622Z,2023-07-31T14:35:14.437Z
8459,7003635701,Cheikh,Ould Zein,Cheikh Ould Zein,M,1970-06-28,+22224669266,cheikh.ouldzein393@outlook.com,3,Nouakchott-Sud,ACTIVE,,ACTIVE,2024-08-26,2024-11-30T23:54:58.383Z,2024-08-26T03:32:02.487Z,2024-11-30T23:54:58.383Z
8460,0405479548,Mor,Ndiaye,Mor Ndiaye,M,2004-12-17,+22232136151,mor.ndiaye704@gmail.com,5,Trarza,STANDARD,,ACTIVE,2024-12-30,2024-12-30T12:13:58.837Z,2024-12-30T01:23:36.895Z,2024-12-30T12:13:58.837Z
8461,7102818579,Khadija,Mbow,Khadija Mbow,F,1971-04-07,+22223427877,khadija.mbow493@yahoo.fr,2,Nouakchott-Ouest,OCCASIONAL,,ACTIVE,2024-09-08,2024-10-30T17:12:14.013Z,2024-09-08T16:04:11.677Z,2024-10-30T17:12:14.013Z
8462,8103857787,Moussa,Touré,Moussa Touré,M,1981-03-03,+22225941325,moussa.touré465@outlook.com,3,Nouakchott-Sud,OCCASIONAL,,ACTIVE,2022-02-20,2023-01-27T20:11:18.949Z,2022-02-20T18:18:46.880Z,2023-01-27T20:11:18.949Z
8463,0001262540,Kadiatou,Tall,Kadiatou Tall,F,2000-01-25,+22222124182,kadiatou.tall533@outlook.com,1,Nouakchott-Nord,OCCASIONAL,,ACTIVE,2023-11-09,2024-03-13T14:01:12.315Z,2023-11-09T10:32:26.674Z,2024-03-13T14:01:12.315Z
8464,9404554382,Karounga,Cissé,Karounga Cissé,M,1994-05-25,+22235144913,,4,Dakhlet Nouadhibou,OCCASIONAL,,ACTIVE,2022-02-22,2022-11-10T08:29:51.628Z,2022-02-22T06:23:37.362Z,2022-11-10T08:29:51.628Z
8465,0103146184,Hamadi,Ould Bouha,Hamadi Ould Bouha,M,2001-12-10,+22223365490,,3,Nouakchott-Sud,STANDARD,,ACTIVE,2022-11-03,2024-05-10T16:40:59.721Z,2022-11-03T01:39:40.337Z,2024-05-10T16:40:59.721Z
8466,7302639022,Daouda,Ndiaye,Daouda Ndiaye,M,1973-11-15,+22234520378,,2,Nouakchott-Ouest,OCCASIONAL,,ACTIVE,2024-05-06,2024-08-29T05:21:05.123Z,2024-05-06T14:32:57.855Z,2024-08-29T05:21:05.123Z
8467,0102252888,Naima,Mint Eleya,Naima Mint Eleya,F,2001-01-12,+22249016008,naima.minteleya727@hotmail.fr,2,Nouakchott-Ouest,OCCASIONAL,,ACTIVE,2023-05-26,2024-07-18T01:02:07.630Z,2023-05-26T22:08:01.249Z,2024-07-18T01:02:07.630Z
8468,6702598478,Adama,Cissé,Adama Cissé,M,1967-07-27,+22225806249,,2,Nouakchott-Ouest,ACTIVE,,ACTIVE,2024-09-12,2024-12-27T16:13:37.893Z,2024-09-12T11:26:41.551Z,2024-12-27T16:13:37.893Z
8469,7507745139,Tacko,Wane,Tacko Wane,F,1975-07-24,+22232683817,,7,Gorgol,OCCASIONAL,,ACTIVE,2022-07-09,2023-11-05T01:49:16.379Z,2022-07-09T10:12:27.349Z,2023-11-05T01:49:16.379Z
8470,0302361106,Mohamed Salem,Camara,Mohamed Salem Camara,M,2003-01-09,+22236535301,,2,Nouakchott-Ouest,STANDARD,,ACTIVE,2024-09-28,2024-10-02T19:59:38.034Z,2024-09-28T13:08:08.736Z,2024-10-02T19:59:38.034Z
8471,6912250689,Pathé,Wane,Pathé Wane,M,1969-12-19,+22237475982,,12,Adrar,ACTIVE,,ACTIVE,2024-03-17,2024-08-12T22:11:51.153Z,2024-03-17T11:23:34.676Z,2024-08-12T22:11:51.153Z
8472,6604965860,Jiddou,Sène,Jiddou Sène,M,1966-04-08,+22234683232,jiddou.sène480@outlook.com,4,Dakhlet Nouadhibou,STANDARD,,ACTIVE,2024-03-13,2024-10-23T20:35:44.915Z,2024-03-13T22:13:35.282Z,2024-10-23T20:35:44.915Z
8473,0303172949,Yacoub,Ould Abeih,Yacoub Ould Abeih,M,2003-01-20,+22223604905,,3,Nouakchott-Sud,DORMANT,,ACTIVE,2024-08-18,2024-10-20T20:25:24.932Z,2024-08-18T14:54:46.245Z,2024-10-20T20:25:24.932Z
8474,8903014353,Boubacar,Ould Tourad,Boubacar Ould Tourad,M,1989-05-08,+22225793283,,3,Nouakchott-Sud,DORMANT,,ACTIVE,2023-07-17,2023-07-29T13:36:48.845Z,2023-07-17T04:18:15.936Z,2023-07-29T13:36:48.845Z
8475,8602213990,Fallou,Yatabaré,Fallou Yatabaré,M,1986-01-28,+22224151055,fallou.yatabaré903@gmail.com,2,Nouakchott-Ouest,STANDARD,,SUSPENDED,2023-11-13,2024-10-15T04:52:44.247Z,2023-11-13T15:06:15.368Z,2024-10-15T04:52:44.247Z
8476,7904866640,Noura,Mint Hadrami,Noura Mint Hadrami,F,1979-11-25,+22225545562,noura.minthadrami914@hotmail.fr,4,Dakhlet Nouadhibou,OCCASIONAL,,SUSPENDED,2022-07-28,2022-08-18T01:38:04.829Z,2022-07-28T05:21:20.252Z,2022-08-18T01:38:04.829Z
8477,6403879063,Mohamed Mahmoud,Ould Zein,Mohamed Mahmoud Ould Zein,M,1964-12-26,+22222203398,,3,Nouakchott-Sud,STANDARD,,ACTIVE,2023-03-11,2023-04-17T09:36:47.182Z,2023-03-11T04:14:34.773Z,2023-04-17T09:36:47.182Z
8478,0511870079,Bilal,Doucouré,Bilal Doucouré,M,2005-08-25,+22222169069,,11,Hodh El Gharbi,ACTIVE,,ACTIVE,2023-03-18,2023-04-18T09:26:16.134Z,2023-03-18T12:45:05.620Z,2023-04-18T09:26:16.134Z
8479,6602946621,Khadija,Mint Jiddou,Khadija Mint Jiddou,F,1966-11-10,+22224239331,khadija.mintjiddou25@hotmail.fr,2,Nouakchott-Ouest,OCCASIONAL,,ACTIVE,2024-03-27,2024-04-27T21:58:06.565Z,2024-03-27T18:37:58.011Z,2024-04-27T21:58:06.565Z
8480,6307467441,Awa,Thiam,Awa Thiam,F,1963-08-08,+22236606588,awa.thiam676@hotmail.fr,7,Gorgol,ACTIVE,,PENDING_KYC,2022-09-05,2024-06-26T21:05:48.176Z,2022-09-05T06:48:32.304Z,2024-06-26T21:05:48.176Z
8481,9807117496,Awa,Diop,Awa Diop,F,1998-09-20,+22242238926,,7,Gorgol,OCCASIONAL,,ACTIVE,2024-06-06,2024-08-09T07:14:39.419Z,2024-06-06T04:59:54.085Z,2024-08-09T07:14:39.419Z
8482,9301924143,Maloum,Mbow,Maloum Mbow,M,1993-04-16,+22223195583,maloum.mbow966@outlook.com,1,Nouakchott-Nord,STANDARD,,ACTIVE,2024-08-05,2024-11-19T10:38:32.553Z,2024-08-05T20:10:39.517Z,2024-11-19T10:38:32.553Z
8483,6802340373,Ibrahima,Guèye,Ibrahima Guèye,M,1968-12-12,+22248129904,ibrahima.guèye402@gmail.com,2,Nouakchott-Ouest,ACTIVE,,ACTIVE,2024-02-15,2024-11-25T09:51:16.507Z,2024-02-15T12:22:21.420Z,2024-11-25T09:51:16.507Z
8484,6704411856,Isselmou,Ould Abdel Aziz,Isselmou Ould Abdel Aziz,M,1967-09-07,+22223499186,,4,Dakhlet Nouadhibou,STANDARD,,ACTIVE,2023-09-06,2023-10-26T10:25:36.750Z,2023-09-06T15:30:57.170Z,2023-10-26T10:25:36.750Z
8485,8001395006,Khadijetou,Mint El Hacen,Khadijetou Mint El Hacen,F,1980-02-10,+22222701467,,1,Nouakchott-Nord,ACTIVE,,ACTIVE,2022-08-26,2022-12-28T22:50:57.025Z,2022-08-26T00:41:40.293Z,2022-12-28T22:50:57.025Z
8486,0002090067,Khalil,Ould Abdel Kader,Khalil Ould Abdel Kader,M,2000-10-04,+22224188840,,2,Nouakchott-Ouest,OCCASIONAL,,ACTIVE,2022-03-31,2024-09-18T23:37:19.517Z,2022-03-31T19:58:09.192Z,2024-09-18T23:37:19.517Z
8487,8708522653,Salka,Mint Tourad,Salka Mint Tourad,F,1987-05-18,+22233754137,,8,Guidimaka,PREMIUM,,ACTIVE,2022-10-27,2023-12-08T05:24:28.842Z,2022-10-27T16:07:06.806Z,2023-12-08T05:24:28.842Z
8488,9807438920,Khalil,Baldé,Khalil Baldé,M,1998-11-04,+22235459301,khalil.baldé736@yahoo.fr,7,Gorgol,DORMANT,,ACTIVE,2024-01-18,2024-10-16T12:36:39.622Z,2024-01-18T00:59:52.909Z,2024-10-16T12:36:39.622Z
8489,7902185394,Ahmed,Diop,Ahmed Diop,M,1979-11-06,+22237935276,ahmed.diop14@outlook.com,2,Nouakchott-Ouest,STANDARD,,ACTIVE,2024-11-01,2024-12-20T22:18:40.140Z,2024-11-01T13:46:04.740Z,2024-12-20T22:18:40.140Z
8490,0315436765,Sidi Ahmed,Diop,Sidi Ahmed Diop,M,2003-05-05,+22223751991,,15,Tiris Zemmour,STANDARD,,ACTIVE,2023-01-02,2024-09-29T00:10:21.639Z,2023-01-02T21:43:17.131Z,2024-09-29T00:10:21.639Z
8491,0009493409,Aichetou,Mint Isselmou,Aichetou Mint Isselmou,F,2000-04-09,+22224760261,,9,Assaba,ACTIVE,,ACTIVE,2022-06-10,2024-07-03T16:37:06.669Z,2022-06-10T18:12:54.841Z,2024-07-03T16:37:06.669Z
8492,8001028425,Meymouna,Mint Horma,Meymouna Mint Horma,F,1980-03-13,+22235077013,,1,Nouakchott-Nord,OCCASIONAL,,ACTIVE,2023-12-21,2024-05-14T13:51:38.749Z,2023-12-21T11:38:15.975Z,2024-05-14T13:51:38.749Z
8493,8901267610,Hamadi,Sow,Hamadi Sow,M,1989-04-04,+22224942096,,1,Nouakchott-Nord,DORMANT,,ACTIVE,2022-11-20,2023-03-26T21:56:03.325Z,2022-11-20T04:34:22.289Z,2023-03-26T21:56:03.325Z
8494,8301980661,Hawa,Ba,Hawa Ba,F,1983-04-10,+22224032285,hawa.ba682@hotmail.fr,1,Nouakchott-Nord,ACTIVE,,ACTIVE,2022-09-18,2024-05-22T17:35:39.680Z,2022-09-18T18:46:23.231Z,2024-05-22T17:35:39.680Z
8495,9815565177,Abdourahmane,Gaye,Abdourahmane Gaye,M,1998-06-12,+22249958056,,15,Tiris Zemmour,STANDARD,,ACTIVE,2022-08-24,2023-06-10T13:45:45.727Z,2022-08-24T00:45:47.733Z,2023-06-10T13:45:45.727Z
8496,9501224980,Fanta,Tall,Fanta Tall,F,1995-06-20,+22222700643,,1,Nouakchott-Nord,OCCASIONAL,,ACTIVE,2022-08-27,2023-03-31T02:08:25.628Z,2022-08-27T15:53:44.168Z,2023-03-31T02:08:25.628Z
8497,8405803772,Cheick,Fofana,Cheick Fofana,M,1984-01-01,+22222694473,,5,Trarza,ACTIVE,,ACTIVE,2023-08-21,2024-01-20T15:56:56.095Z,2023-08-21T07:42:23.753Z,2024-01-20T15:56:56.095Z
8498,6602530079,Mbarka,Sarr,Mbarka Sarr,F,1966-09-24,+22236587133,mbarka.sarr452@hotmail.fr,2,Nouakchott-Ouest,OCCASIONAL,,ACTIVE,2022-03-15,2023-10-08T12:45:15.831Z,2022-03-15T19:11:01.393Z,2023-10-08T12:45:15.831Z
8499,6715197725,Yacine,Diallo,Yacine Diallo,F,1967-06-03,+22246425309,yacine.diallo888@gmail.com,15,Tiris Zemmour,STANDARD,,ACTIVE,2023-06-13,2024-09-21T04:14:52.987Z,2023-06-13T07:48:38.371Z,2024-09-21T04:14:52.987Z
8500,8603539802,Aichetou,Mint Nagi,Aichetou Mint Nagi,F,1986-08-01,+22223713946,aichetou.mintnagi865@outlook.com,3,Nouakchott-Sud,OCCASIONAL,,ACTIVE,2022-12-08,2023-07-18T14:37:37.032Z,2022-12-08T03:31:30.582Z,2023-07-18T14:37:37.032Z
8501,9307206793,Fatou,Faye,Fatou Faye,F,1993-01-01,+22224593553,fatou.faye112@gmail.com,7,Gorgol,STANDARD,,ACTIVE,2024-11-14,2024-11-15T09:53:44.983Z,2024-11-14T08:10:24.443Z,2024-11-15T09:53:44.983Z
8502,6905727815,Tamba,Ba,Tamba Ba,M,1969-02-01,+22234374993,,5,Trarza,STANDARD,,PENDING_KYC,2022-04-12,2022-07-16T11:03:27.633Z,2022-04-12T18:26:26.011Z,2022-07-16T11:03:27.633Z
8503,7812481258,Habiba,Mint Mahmoud,Habiba Mint Mahmoud,F,1978-04-01,+22225480741,,12,Adrar,OCCASIONAL,,ACTIVE,2024-05-05,2024-10-03T03:34:07.219Z,2024-05-05T07:05:00.091Z,2024-10-03T03:34:07.219Z
8504,9509077962,Maty,Sow,Maty Sow,F,1995-01-02,+22235493144,maty.sow312@yahoo.fr,9,Assaba,ACTIVE,,ACTIVE,2024-09-14,2024-11-26T23:26:14.763Z,2024-09-14T08:59:12.053Z,2024-11-26T23:26:14.763Z
8505,8204883586,Mounina,Mint Abdallah,Mounina Mint Abdallah,F,1982-05-23,+22237696439,mounina.mintabdallah870@hotmail.fr,4,Dakhlet Nouadhibou,ACTIVE,,ACTIVE,2024-08-08,2024-10-20T11:09:31.312Z,2024-08-08T06:11:42.443Z,2024-10-20T11:09:31.312Z
8506,9805699343,Mounina,Wane,Mounina Wane,F,1998-08-05,+22246059901,mounina.wane733@yahoo.fr,5,Trarza,OCCASIONAL,,ACTIVE,2024-06-09,2024-08-28T16:56:00.804Z,2024-06-09T18:29:46.145Z,2024-08-28T16:56:00.804Z
8507,8902272819,Lassana,Diop,Lassana Diop,M,1989-11-01,+22222667073,lassana.diop49@hotmail.fr,2,Nouakchott-Ouest,ACTIVE,,ACTIVE,2024-08-10,2024-08-27T06:57:46.104Z,2024-08-10T10:32:31.912Z,2024-08-27T06:57:46.104Z
8508,8909224329,Ramatoulaye,Mbaye,Ramatoulaye Mbaye,F,1989-02-20,+22248699324,,9,Assaba,OCCASIONAL,,ACTIVE,2022-05-30,2023-11-17T01:07:58.469Z,2022-05-30T07:03:34.709Z,2023-11-17T01:07:58.469Z
8509,0212314463,Ramatoulaye,Ndour,Ramatoulaye Ndour,F,2002-05-26,+22243280055,ramatoulaye.ndour306@yahoo.fr,12,Adrar,STANDARD,,ACTIVE,2024-03-10,2024-04-14T03:48:21.688Z,2024-03-10T10:40:18.497Z,2024-04-14T03:48:21.688Z
8510,8003465871,Abdel Aziz,Ndour,Abdel Aziz Ndour,M,1980-03-23,+22222868277,abdelaziz.ndour3@outlook.com,3,Nouakchott-Sud,OCCASIONAL,,ACTIVE,2022-11-03,2023-08-23T09:31:00.284Z,2022-11-03T10:34:26.681Z,2023-08-23T09:31:00.284Z
8511,8804386670,Oumou,Mint Salem,Oumou Mint Salem,F,1988-10-13,+22225436143,oumou.mintsalem406@outlook.com,4,Dakhlet Nouadhibou,ACTIVE,,ACTIVE,2024-02-20,2024-09-10T01:53:46.496Z,2024-02-20T20:09:59.816Z,2024-09-10T01:53:46.496Z
8512,8002502052,Hamadi,Ould Saad,Hamadi Ould Saad,M,1980-05-10,+22237086933,hamadi.ouldsaad754@yahoo.fr,2,Nouakchott-Ouest,STANDARD,,INACTIVE,2023-09-03,2024-08-06T05:14:42.230Z,2023-09-03T06:46:28.166Z,2024-08-06T05:14:42.230Z
8513,8908038781,Abeih,Sow,Abeih Sow,M,1989-01-28,+22224416618,abeih.sow223@gmail.com,8,Guidimaka,OCCASIONAL,,ACTIVE,2024-03-31,2024-04-08T02:56:12.217Z,2024-03-31T12:45:13.803Z,2024-04-08T02:56:12.217Z
8514,8111548086,Yacoub,Ould Soufi,Yacoub Ould Soufi,M,1981-09-04,+22223986932,,11,Hodh El Gharbi,STANDARD,,ACTIVE,2022-04-04,2024-02-13T05:06:09.447Z,2022-04-04T02:05:15.563Z,2024-02-13T05:06:09.447Z
8515,6004995711,Zakaria,Ould Nagi,Zakaria Ould Nagi,M,1960-02-11,+22223559363,,4,Dakhlet Nouadhibou,STANDARD,,ACTIVE,2024-05-29,2024-11-16T04:29:12.635Z,2024-05-29T12:56:42.628Z,2024-11-16T04:29:12.635Z
8516,9301642229,Mohamed Salem,Ould Cheikh,Mohamed Salem Ould Cheikh,M,1993-06-21,+22249693567,,1,Nouakchott-Nord,STANDARD,,ACTIVE,2023-05-03,2024-04-24T06:06:29.989Z,2023-05-03T20:36:07.045Z,2024-04-24T06:06:29.989Z
8517,9404212136,Khady,Yatabaré,Khady Yatabaré,F,1994-06-18,+22222949968,,4,Dakhlet Nouadhibou,STANDARD,,ACTIVE,2022-04-17,2024-05-12T03:54:17.924Z,2022-04-17T16:45:16.717Z,2024-05-12T03:54:17.924Z
8518,6009990283,Aichetou,Mint Dah,Aichetou Mint Dah,F,1960-10-18,+22222991000,,9,Assaba,STANDARD,,ACTIVE,2024-06-07,2024-11-18T04:33:17.137Z,2024-06-07T06:06:51.034Z,2024-11-18T04:33:17.137Z
8519,6302327586,Horma,Ould Bouha,Horma Ould Bouha,M,1963-05-16,+22244960581,,2,Nouakchott-Ouest,PREMIUM,,ACTIVE,2024-05-23,2024-09-24T08:47:11.715Z,2024-05-23T19:25:25.569Z,2024-09-24T08:47:11.715Z
8520,6512835381,Diahara,Camara,Diahara Camara,F,1965-10-16,+22223190617,,12,Adrar,STANDARD,,ACTIVE,2024-12-02,2024-12-06T09:53:44.261Z,2024-12-02T16:03:01.373Z,2024-12-06T09:53:44.261Z
8521,0212386888,Maloum,Ould Abdallah,Maloum Ould Abdallah,M,2002-01-23,+22225799417,,12,Adrar,OCCASIONAL,,ACTIVE,2022-02-06,2022-02-24T10:51:56.947Z,2022-02-06T22:43:10.831Z,2022-02-24T10:51:56.947Z
8522,7404443927,Anta,Gaye,Anta Gaye,F,1974-05-13,+22237325015,anta.gaye153@hotmail.fr,4,Dakhlet Nouadhibou,OCCASIONAL,,ACTIVE,2023-10-13,2023-11-14T18:04:35.628Z,2023-10-13T11:36:05.895Z,2023-11-14T18:04:35.628Z
8523,8007437683,Aichetou,Ndiaye,Aichetou Ndiaye,F,1980-08-13,+22248162072,,7,Gorgol,DORMANT,,ACTIVE,2024-09-27,2024-10-28T11:35:23.871Z,2024-09-27T06:19:19.648Z,2024-10-28T11:35:23.871Z
8524,9005075972,Dah,Ould Khalil,Dah Ould Khalil,M,1990-11-25,+22225891109,,5,Trarza,STANDARD,,ACTIVE,2024-07-29,2024-09-13T11:46:58.534Z,2024-07-29T09:20:08.914Z,2024-09-13T11:46:58.534Z
8525,0204790529,Aissata,Mint Khalil,Aissata Mint Khalil,F,2002-04-14,+22223643507,aissata.mintkhalil844@outlook.com,4,Dakhlet Nouadhibou,ACTIVE,,ACTIVE,2024-04-07,2024-04-07T10:17:18.909Z,2024-04-07T08:52:11.099Z,2024-04-07T10:17:18.909Z
8526,7302202635,Abdel Rahman,Ould El Ghassem,Abdel Rahman Ould El Ghassem,M,1973-11-12,+22223559595,abdelrahman.ouldelghassem661@hotmail.fr,2,Nouakchott-Ouest,STANDARD,,ACTIVE,2024-12-22,2024-12-26T10:57:56.710Z,2024-12-22T11:14:53.833Z,2024-12-26T10:57:56.710Z
8527,6402596697,Salka,Mint Jiddou,Salka Mint Jiddou,F,1964-03-14,+22225807619,salka.mintjiddou342@gmail.com,2,Nouakchott-Ouest,PREMIUM,,ACTIVE,2022-04-28,2024-10-11T06:19:07.429Z,2022-04-28T00:52:48.949Z,2024-10-11T06:19:07.429Z
8528,9612270940,Demba,Kouyaté,Demba Kouyaté,M,1996-05-11,+22246129603,demba.kouyaté179@outlook.com,12,Adrar,ACTIVE,,ACTIVE,2024-10-29,2024-12-14T12:43:23.597Z,2024-10-29T11:10:57.306Z,2024-12-14T12:43:23.597Z
8529,0202048703,Yacine,Diakité,Yacine Diakité,F,2002-04-27,+22232747494,,2,Nouakchott-Ouest,STANDARD,,ACTIVE,2023-12-10,2024-06-07T09:00:40.748Z,2023-12-10T02:32:14.312Z,2024-06-07T09:00:40.748Z
8530,6204192880,Mahfoudh,Ould Mahmoud,Mahfoudh Ould Mahmoud,M,1962-01-06,+22222926442,mahfoudh.ouldmahmoud374@outlook.com,4,Dakhlet Nouadhibou,OCCASIONAL,,ACTIVE,2023-09-30,2024-02-08T14:25:48.791Z,2023-09-30T02:52:30.938Z,2024-02-08T14:25:48.791Z
8531,0203449271,Djimé,Dia,Djimé Dia,M,2002-12-20,+22233985658,,3,Nouakchott-Sud,OCCASIONAL,,ACTIVE,2024-06-19,2024-12-16T18:48:12.172Z,2024-06-19T21:33:32.882Z,2024-12-16T18:48:12.172Z
8532,6504809451,Djibril,Kouyaté,Djibril Kouyaté,M,1965-10-19,+22225055460,,4,Dakhlet Nouadhibou,PREMIUM,,ACTIVE,2023-06-29,2023-08-11T22:36:43.062Z,2023-06-29T14:50:14.717Z,2023-08-11T22:36:43.062Z
8533,9601572459,Aziza,Kane,Aziza Kane,F,1996-01-08,+22232242086,aziza.kane256@gmail.com,1,Nouakchott-Nord,ACTIVE,,ACTIVE,2023-01-07,2023-07-23T15:40:16.882Z,2023-01-07T09:05:46.996Z,2023-07-23T15:40:16.882Z
8534,0502591855,Halima,Mint El Ghassem,Halima Mint El Ghassem,F,2005-03-21,+22225710392,halima.mintelghassem572@hotmail.fr,2,Nouakchott-Ouest,STANDARD,,ACTIVE,2024-01-30,2024-08-31T08:36:48.674Z,2024-01-30T21:04:01.310Z,2024-08-31T08:36:48.674Z
8535,0403332904,Mahfoudh,Sow,Mahfoudh Sow,M,2004-09-11,+22235331779,,3,Nouakchott-Sud,OCCASIONAL,,BLOCKED,2023-07-10,2024-08-19T03:16:37.424Z,2023-07-10T14:58:52.495Z,2024-08-19T03:16:37.424Z
8536,6707970477,Madou,Sissoko,Madou Sissoko,M,1967-05-08,+22225472740,madou.sissoko311@yahoo.fr,7,Gorgol,STANDARD,,ACTIVE,2022-02-15,2023-03-19T19:18:04.748Z,2022-02-15T16:29:02.086Z,2023-03-19T19:18:04.748Z
8537,6014019045,Cheibany,Ould Bouha,Cheibany Ould Bouha,M,1960-03-28,+22249106073,cheibany.ouldbouha477@gmail.com,14,Inchiri,STANDARD,,ACTIVE,2023-03-09,2023-03-26T18:54:08.912Z,2023-03-09T05:45:04.171Z,2023-03-26T18:54:08.912Z
8538,9101077667,Abeih,Dia,Abeih Dia,M,1991-11-28,+22225956968,,1,Nouakchott-Nord,STANDARD,,ACTIVE,2022-05-15,2022-09-11T20:46:11.749Z,2022-05-15T13:33:07.984Z,2022-09-11T20:46:11.749Z
8539,7004570553,Binta,Diop,Binta Diop,F,1970-11-23,+22245158251,binta.diop620@gmail.com,4,Dakhlet Nouadhibou,OCCASIONAL,,ACTIVE,2024-01-25,2024-02-09T11:01:01.337Z,2024-01-25T05:56:20.760Z,2024-02-09T11:01:01.337Z
8540,7701684744,Moctar,Diakité,Moctar Diakité,M,1977-01-10,+22222338506,,1,Nouakchott-Nord,DORMANT,,ACTIVE,2024-11-23,2024-11-25T23:28:02.517Z,2024-11-23T01:45:32.843Z,2024-11-25T23:28:02.517Z
8541,6602023706,Fatima,Mint Horma,Fatima Mint Horma,F,1966-12-23,+22225973473,,2,Nouakchott-Ouest,ACTIVE,,BLOCKED,2024-03-17,2024-06-07T04:39:18.503Z,2024-03-17T18:35:43.149Z,2024-06-07T04:39:18.503Z
8542,9907434129,Haby,Dia,Haby Dia,F,1999-10-22,+22241815796,,7,Gorgol,OCCASIONAL,,ACTIVE,2023-09-28,2024-01-01T00:49:24.759Z,2023-09-28T16:45:20.580Z,2024-01-01T00:49:24.759Z
8543,6604787097,Tekber,Mint El Mokhtar,Tekber Mint El Mokhtar,F,1966-10-03,+22235100570,,4,Dakhlet Nouadhibou,STANDARD,,ACTIVE,2023-09-02,2024-05-02T01:07:53.115Z,2023-09-02T17:58:22.816Z,2024-05-02T01:07:53.115Z
8544,6604501967,Alassane,Sarr,Alassane Sarr,M,1966-04-28,+22244063158,,4,Dakhlet Nouadhibou,DORMANT,,ACTIVE,2022-01-24,2024-03-17T16:41:33.102Z,2022-01-24T22:52:46.354Z,2024-03-17T16:41:33.102Z
8545,7902162322,Lala,Mbaye,Lala Mbaye,F,1979-03-11,+22222572361,,2,Nouakchott-Ouest,ACTIVE,,ACTIVE,2023-04-21,2024-05-18T01:22:49.303Z,2023-04-21T08:39:56.727Z,2024-05-18T01:22:49.303Z
8546,9112646122,Binta,Sow,Binta Sow,F,1991-02-10,+22232091944,binta.sow967@yahoo.fr,12,Adrar,DORMANT,,ACTIVE,2023-11-14,2024-04-24T04:05:12.730Z,2023-11-14T02:16:36.079Z,2024-04-24T04:05:12.730Z
8547,0201784057,Makan,Diakité,Makan Diakité,M,2002-07-24,+22247705152,makan.diakité899@hotmail.fr,1,Nouakchott-Nord,ACTIVE,,ACTIVE,2023-11-18,2024-10-10T07:14:55.918Z,2023-11-18T04:34:05.293Z,2024-10-10T07:14:55.918Z
8548,8004486268,Yahya,Ould Dah,Yahya Ould Dah,M,1980-11-24,+22237294166,,4,Dakhlet Nouadhibou,OCCASIONAL,,ACTIVE,2023-07-01,2024-05-24T03:13:22.861Z,2023-07-01T08:46:01.862Z,2024-05-24T03:13:22.861Z
8549,9702099871,Modibo,Ndiaye,Modibo Ndiaye,M,1997-01-25,+22223148194,,2,Nouakchott-Ouest,STANDARD,,ACTIVE,2022-02-28,2022-07-05T12:37:25.943Z,2022-02-28T02:31:51.678Z,2022-07-05T12:37:25.943Z
8550,6205043987,Assa,Sow,Assa Sow,F,1962-07-13,+22235451357,,5,Trarza,ACTIVE,,ACTIVE,2023-01-31,2023-06-09T03:58:12.659Z,2023-01-31T01:34:26.798Z,2023-06-09T03:58:12.659Z
8551,7903174865,Halima,Koné,Halima Koné,F,1979-03-27,+22235655447,,3,Nouakchott-Sud,OCCASIONAL,,ACTIVE,2023-12-26,2024-01-16T13:13:33.331Z,2023-12-26T14:39:26.467Z,2024-01-16T13:13:33.331Z
8552,6904942598,Yacoub,Ould Mahmoud,Yacoub Ould Mahmoud,M,1969-06-18,+22246367498,,4,Dakhlet Nouadhibou,STANDARD,,BLOCKED,2024-09-10,2024-11-07T18:53:33.602Z,2024-09-10T07:24:08.882Z,2024-11-07T18:53:33.602Z
8553,0004900430,Defa,Bâ,Defa Bâ,F,2000-01-02,+22223908770,,4,Dakhlet Nouadhibou,OCCASIONAL,,PENDING_KYC,2023-01-30,2024-05-06T15:12:21.514Z,2023-01-30T00:12:05.041Z,2024-05-06T15:12:21.514Z
8554,6402046798,Bassirou,Ndiaye,Bassirou Ndiaye,M,1964-07-03,+22241223380,,2,Nouakchott-Ouest,DORMANT,,ACTIVE,2023-04-16,2023-07-21T18:54:15.971Z,2023-04-16T14:27:54.235Z,2023-07-21T18:54:15.971Z
8555,7504777007,Vatma,Sall,Vatma Sall,F,1975-08-11,+22223480859,,4,Dakhlet Nouadhibou,ACTIVE,,ACTIVE,2023-11-22,2024-08-03T21:37:30.250Z,2023-11-22T21:15:54.272Z,2024-08-03T21:37:30.250Z
8556,6406902254,Leila,Baldé,Leila Baldé,F,1964-07-12,+22244425966,leila.baldé716@hotmail.fr,6,Brakna,OCCASIONAL,,ACTIVE,2022-10-07,2024-12-22T20:49:37.165Z,2022-10-07T22:50:25.034Z,2024-12-22T20:49:37.165Z
8557,6008964722,Djenaba,Doucouré,Djenaba Doucouré,F,1960-09-01,+22222686998,djenaba.doucouré293@gmail.com,8,Guidimaka,DORMANT,,ACTIVE,2024-05-02,2024-05-05T22:41:14.965Z,2024-05-02T17:29:31.614Z,2024-05-05T22:41:14.965Z
8558,0304602500,Fallou,Sakho,Fallou Sakho,M,2003-11-06,+22225149581,,4,Dakhlet Nouadhibou,VIP,,ACTIVE,2022-02-16,2023-07-14T22:55:35.854Z,2022-02-16T13:34:40.706Z,2023-07-14T22:55:35.854Z
8559,6002762306,Issa,Sall,Issa Sall,M,1960-03-01,+22235746044,,2,Nouakchott-Ouest,OCCASIONAL,,ACTIVE,2022-02-22,2022-07-26T22:42:07.178Z,2022-02-22T13:15:16.515Z,2022-07-26T22:42:07.178Z
8560,8912378749,Ghali,Ould Hamadi,Ghali Ould Hamadi,M,1989-10-28,+22224962292,,12,Adrar,STANDARD,,ACTIVE,2022-03-15,2022-04-25T18:34:56.505Z,2022-03-15T07:42:18.243Z,2022-04-25T18:34:56.505Z
8561,9502213226,Mahfoudh,Fofana,Mahfoudh Fofana,M,1995-02-16,+22237157354,,2,Nouakchott-Ouest,STANDARD,,ACTIVE,2023-02-01,2023-03-03T01:13:25.178Z,2023-02-01T18:00:22.634Z,2023-03-03T01:13:25.178Z
8562,9205875624,Lehbib,Ould Wedadi,Lehbib Ould Wedadi,M,1992-05-22,+22225851703,lehbib.ouldwedadi318@yahoo.fr,5,Trarza,STANDARD,,PENDING_KYC,2023-08-01,2023-08-25T07:41:06.571Z,2023-08-01T18:27:03.129Z,2023-08-25T07:41:06.571Z
8563,9708705174,Habiba,Mint Ethmane,Habiba Mint Ethmane,F,1997-05-09,+22247345218,,8,Guidimaka,DORMANT,,ACTIVE,2022-05-09,2023-02-10T06:23:11.163Z,2022-05-09T08:48:57.607Z,2023-02-10T06:23:11.163Z
8564,7315823896,Ahmed Baba,Ould Jiddou,Ahmed Baba Ould Jiddou,M,1973-05-20,+22242237541,ahmedbaba.ouldjiddou876@outlook.com,15,Tiris Zemmour,DORMANT,,ACTIVE,2023-04-26,2023-06-29T12:49:08.637Z,2023-04-26T03:52:02.589Z,2023-06-29T12:49:08.637Z
8565,9601985367,Cheikh Sidiya,Ould Eleya,Cheikh Sidiya Ould Eleya,M,1996-07-07,+22237807480,,1,Nouakchott-Nord,STANDARD,,ACTIVE,2022-06-21,2024-01-03T16:27:27.184Z,2022-06-21T02:21:00.907Z,2024-01-03T16:27:27.184Z
8566,8501563266,Rokaya,Mint Salem,Rokaya Mint Salem,F,1985-04-19,+22237064323,,1,Nouakchott-Nord,STANDARD,,INACTIVE,2022-11-06,2024-01-14T12:13:54.296Z,2022-11-06T08:01:20.765Z,2024-01-14T12:13:54.296Z
8567,6303336903,Mbareck,Sakho,Mbareck Sakho,M,1963-08-18,+22232380058,,3,Nouakchott-Sud,OCCASIONAL,,ACTIVE,2022-04-12,2022-11-30T17:19:39.016Z,2022-04-12T12:16:53.163Z,2022-11-30T17:19:39.016Z
8568,7802129694,Pape,Dia,Pape Dia,M,1978-05-04,+22225880909,,2,Nouakchott-Ouest,STANDARD,,ACTIVE,2022-05-25,2023-11-27T01:35:56.407Z,2022-05-25T06:28:04.786Z,2023-11-27T01:35:56.407Z
8569,6102100325,Thierno,Sy,Thierno Sy,M,1961-08-02,+22236534462,,2,Nouakchott-Ouest,ACTIVE,,ACTIVE,2024-05-11,2024-12-04T09:39:08.657Z,2024-05-11T04:21:28.377Z,2024-12-04T09:39:08.657Z
8570,8701129963,Hafsata,Thiam,Hafsata Thiam,F,1987-12-24,+22224874196,hafsata.thiam626@hotmail.fr,1,Nouakchott-Nord,STANDARD,,ACTIVE,2024-07-05,2024-11-22T08:31:04.671Z,2024-07-05T16:09:43.247Z,2024-11-22T08:31:04.671Z
8571,7504096832,Sidina,Ould Mahmoud,Sidina Ould Mahmoud,M,1975-10-12,+22225138385,,4,Dakhlet Nouadhibou,STANDARD,,ACTIVE,2023-01-26,2023-12-07T10:46:27.019Z,2023-01-26T07:50:02.194Z,2023-12-07T10:46:27.019Z
8572,7903500644,Defa,Koné,Defa Koné,F,1979-03-25,+22245063899,,3,Nouakchott-Sud,ACTIVE,,ACTIVE,2022-06-04,2023-09-02T20:28:20.920Z,2022-06-04T04:18:30.844Z,2023-09-02T20:28:20.920Z
8573,0302418109,Yacine,Cissé,Yacine Cissé,F,2003-03-06,+22225180042,,2,Nouakchott-Ouest,STANDARD,,ACTIVE,2022-09-01,2023-05-25T15:23:49.290Z,2022-09-01T08:02:05.635Z,2023-05-25T15:23:49.290Z
8574,7112239342,Safiya,Mint Mahmoud,Safiya Mint Mahmoud,F,1971-06-28,+22232663039,safiya.mintmahmoud947@gmail.com,12,Adrar,ACTIVE,,ACTIVE,2022-08-20,2022-11-03T22:53:51.973Z,2022-08-20T15:56:39.594Z,2022-11-03T22:53:51.973Z
891,7003020899,Aissata,Camara,Aissata Camara,F,1970-01-12,+22232339679,,3,Nouakchott-Sud,STANDARD,,ACTIVE,2024-12-26,2024-12-28T16:40:57.302Z,2024-12-26T21:47:09.964Z,2024-01-20T00:00:00.000Z
2766,6602659868,Khalil,Ould Abeih,Khalil Ould Abeih,M,1966-02-06,+22222711072,,2,Nouakchott-Ouest,OCCASIONAL,,ACTIVE,2023-04-16,2024-12-17T02:16:41.197Z,2023-04-16T05:38:20.860Z,2024-01-20T00:00:00.000Z
2202,9715766810,Soueidatt,Ould Ahmed,Soueidatt Ould Ahmed,M,1997-11-16,+22224373904,,15,Tiris Zemmour,STANDARD,,ACTIVE,2023-11-27,2024-01-24T17:18:22.356Z,2023-11-27T11:27:43.285Z,2024-01-20T00:00:00.000Z
7131,8712754161,Meymouna,Mint Habiboullah,Meymouna Mint Habiboullah,F,1987-07-14,+22236990034,meymouna.minthabiboullah614@gmail.com,12,Adrar,STANDARD,,ACTIVE,2024-05-13,2024-12-09T22:59:59.501Z,2024-05-13T14:55:22.159Z,2024-01-20T00:00:00.000Z
278,9901967719,Tekber,Mint Isselmou,Tekber Mint Isselmou,F,1999-10-19,+22224993803,,1,Nouakchott-Nord,OCCASIONAL,,ACTIVE,2022-06-28,2024-10-06T03:36:50.392Z,2022-06-28T03:03:54.530Z,2024-01-20T00:00:00.000Z
6957,0008478478,Adama,Sène,Adama Sène,M,2000-04-21,+22235466841,,8,Guidimaka,ACTIVE,,ACTIVE,2022-05-01,2022-05-24T19:54:04.922Z,2022-05-01T14:55:12.128Z,2024-01-20T00:00:00.000Z
6359,9206143500,Bintou,Diagana,Bintou Diagana,F,1992-06-10,+22224647800,,6,Brakna,PREMIUM,,ACTIVE,2023-09-10,2023-12-11T01:59:30.477Z,2023-09-10T10:49:27.383Z,2024-01-20T00:00:00.000Z
1412,8001047291,Khadijetou,Mint El Hacen,Khadijetou Mint El Hacen,F,1980-02-10,+22225395005,,1,Nouakchott-Nord,STANDARD,,ACTIVE,2022-03-21,2023-04-28T05:44:50.203Z,2022-03-21T00:03:28.551Z,2024-01-20T00:00:00.000Z
295,6404325497,Coumba,Niang,Coumba Niang,F,1964-10-19,+22234244698,,4,Dakhlet Nouadhibou,VIP,,ACTIVE,2022-06-26,2024-04-26T06:47:47.671Z,2022-06-26T21:25:20.652Z,2024-01-20T00:00:00.000Z
2109,8502148468,Aminetou,Mint Ahmedou,Aminetou Mint Ahmedou,F,1985-04-24,+22235116408,,2,Nouakchott-Ouest,STANDARD,,ACTIVE,2022-04-14,2024-08-21T20:47:50.318Z,2022-04-14T02:53:13.836Z,2024-01-20T00:00:00.000Z
7149,8104445567,Aicha,Mint Dah,Aicha Mint Dah,F,1981-01-18,+22234251821,aicha.mintdah449@yahoo.fr,4,Dakhlet Nouadhibou,STANDARD,,ACTIVE,2022-01-31,2023-07-17T07:29:45.696Z,2022-01-31T06:51:40.545Z,2023-07-17T07:29:45.696Z
7147,7001404668,Lala,Kane,Lala Kane,F,1970-11-03,+22224870859,,1,Nouakchott-Nord,STANDARD,,ACTIVE,2024-06-02,2024-06-03T05:31:00.202Z,2024-06-02T11:54:06.249Z,2024-06-03T05:31:00.202Z
7148,9802893043,Siaka,Ndiaye,Siaka Ndiaye,M,1998-06-04,+22222568292,,2,Nouakchott-Ouest,ACTIVE,,ACTIVE,2022-08-04,2024-05-15T05:15:20.304Z,2022-08-04T11:33:55.754Z,2024-05-15T05:15:20.304Z